season,team,ydstogo_bin,yardline_bin,go_attempts,go_conv_rate,side,go_faced,go_stop_rate
2024,NYG,6-10,61-80,1.0,0.0,offense,,
2017,LV,1,21-40,2.0,0.5,offense,,
2018,ATL,2,41-60,2.0,0.5,offense,,
2020,CHI,3-5,0-20,1.0,0.0,offense,,
2020,WAS,11+,21-40,2.0,0.0,offense,,
2021,DET,2,21-40,1.0,0.0,offense,,
2023,NYG,3-5,61-80,2.0,0.5,offense,,
2024,CLE,1,41-60,5.0,0.4,offense,,
2024,CAR,3-5,61-80,4.0,0.0,offense,,
2024,BAL,1,41-60,2.0,0.0,offense,,
2024,TEN,2,61-80,1.0,0.0,offense,,
2024,BUF,1,0-20,4.0,1.0,offense,,
2024,JAX,1,21-40,2.0,1.0,offense,,
2024,LAC,3-5,61-80,3.0,0.0,offense,,
2024,SEA,11+,61-80,2.0,0.0,offense,,
2024,NYG,1,41-60,7.0,0.8571428571428571,offense,,
2024,CLE,3-5,41-60,4.0,0.25,offense,,
2024,CAR,3-5,21-40,4.0,0.25,offense,,
2024,NYJ,6-10,41-60,1.0,0.0,offense,,
2024,NE,3-5,41-60,2.0,0.0,offense,,
2024,SEA,1,61-80,3.0,0.3333333333333333,offense,,
2024,MIA,1,61-80,2.0,0.0,offense,,
2024,SF,11+,21-40,1.0,0.0,offense,,
2024,BAL,1,61-80,3.0,1.0,offense,,
2024,CAR,2,0-20,2.0,0.5,offense,,
2024,CLE,6-10,0-20,4.0,0.25,offense,,
2024,BUF,6-10,0-20,1.0,0.0,offense,,
2024,JAX,2,41-60,1.0,0.0,offense,,
2024,LV,3-5,41-60,3.0,0.3333333333333333,offense,,
2024,TB,1,41-60,2.0,0.5,offense,,
2024,NO,1,41-60,5.0,0.8,offense,,
2024,ATL,3-5,61-80,1.0,1.0,offense,,
2024,TEN,2,41-60,1.0,0.0,offense,,
2024,ARI,11+,0-20,1.0,0.0,offense,,
2024,NYJ,1,41-60,2.0,0.5,offense,,
2024,JAX,11+,41-60,1.0,1.0,offense,,
2024,IND,2,0-20,1.0,0.0,offense,,
2024,IND,6-10,21-40,2.0,0.5,offense,,
2024,NE,1,61-80,2.0,0.5,offense,,
2024,CAR,3-5,41-60,4.0,0.25,offense,,
2024,KC,1,61-80,1.0,0.0,offense,,
2024,MIA,1,0-20,2.0,0.5,offense,,
2024,LA,3-5,41-60,1.0,1.0,offense,,
2024,HOU,2,21-40,1.0,1.0,offense,,
2024,NO,3-5,21-40,2.0,0.0,offense,,
2024,LV,6-10,41-60,1.0,0.0,offense,,
2024,GB,11+,41-60,1.0,,offense,,
2024,SEA,6-10,61-80,1.0,0.0,offense,,
2024,NYJ,11+,21-40,1.0,0.0,offense,,
2024,LA,2,21-40,1.0,0.0,offense,,
2024,CAR,3-5,0-20,2.0,1.0,offense,,
2024,CAR,2,21-40,1.0,0.0,offense,,
2024,CLE,6-10,41-60,3.0,0.6666666666666666,offense,,
2024,NYG,2,0-20,1.0,0.0,offense,,
2024,NYG,3-5,81-100,1.0,0.0,offense,,
2024,DET,3-5,41-60,2.0,1.0,offense,,
2024,LAC,11+,61-80,2.0,0.0,offense,,
2024,NO,6-10,21-40,2.0,0.0,offense,,
2024,NO,2,41-60,1.0,0.0,offense,,
2024,NO,6-10,61-80,1.0,0.0,offense,,
2024,PIT,6-10,41-60,1.0,0.0,offense,,
2024,NO,11+,81-100,1.0,0.0,offense,,
2024,MIA,6-10,41-60,2.0,0.5,offense,,
2024,MIN,3-5,0-20,1.0,0.0,offense,,
2024,LA,6-10,61-80,1.0,1.0,offense,,
2016,JAX,11+,41-60,2.0,0.0,offense,,
2016,KC,3-5,21-40,1.0,1.0,offense,,
2016,MIN,11+,41-60,4.0,0.0,offense,,
2016,LAC,1,0-20,5.0,0.4,offense,,
2016,SF,6-10,61-80,1.0,0.0,offense,,
2016,IND,1,41-60,2.0,0.0,offense,,
2016,JAX,6-10,41-60,2.0,0.0,offense,,
2016,NYG,3-5,41-60,2.0,0.0,offense,,
2016,ATL,1,0-20,2.0,0.5,offense,,
2016,CIN,3-5,41-60,2.0,1.0,offense,,
2016,DET,1,41-60,4.0,0.75,offense,,
2016,BAL,2,0-20,2.0,0.0,offense,,
2016,NYG,1,61-80,1.0,1.0,offense,,
2016,DAL,1,41-60,2.0,1.0,offense,,
2016,IND,2,0-20,1.0,0.0,offense,,
2016,CLE,1,0-20,1.0,0.0,offense,,
2016,PHI,2,41-60,1.0,1.0,offense,,
2016,LA,3-5,41-60,4.0,0.25,offense,,
2016,MIA,2,0-20,1.0,0.0,offense,,
2016,PHI,1,41-60,1.0,0.0,offense,,
2016,MIN,3-5,21-40,1.0,0.0,offense,,
2016,DAL,11+,41-60,1.0,0.0,offense,,
2016,GB,2,21-40,1.0,1.0,offense,,
2016,HOU,1,0-20,5.0,0.6,offense,,
2016,LV,1,21-40,1.0,1.0,offense,,
2016,NO,3-5,21-40,1.0,1.0,offense,,
2016,TEN,2,41-60,1.0,0.0,offense,,
2016,BAL,3-5,61-80,2.0,0.0,offense,,
2016,KC,11+,81-100,1.0,0.0,offense,,
2016,KC,6-10,0-20,1.0,1.0,offense,,
2016,CLE,11+,21-40,1.0,0.0,offense,,
2016,CHI,3-5,61-80,1.0,0.0,offense,,
2016,SEA,3-5,21-40,1.0,0.0,offense,,
2016,NO,1,41-60,2.0,0.0,offense,,
2016,NE,1,41-60,1.0,1.0,offense,,
2016,CHI,6-10,81-100,1.0,0.0,offense,,
2016,DAL,6-10,81-100,2.0,0.0,offense,,
2016,LV,6-10,61-80,1.0,0.0,offense,,
2016,WAS,2,0-20,1.0,1.0,offense,,
2016,MIN,6-10,61-80,1.0,0.0,offense,,
2016,NYJ,2,0-20,1.0,0.0,offense,,
2016,ARI,2,41-60,1.0,1.0,offense,,
2016,CHI,1,41-60,2.0,0.5,offense,,
2016,TB,6-10,61-80,1.0,0.0,offense,,
2017,DET,11+,81-100,1.0,0.0,offense,,
2017,NE,1,21-40,5.0,0.6,offense,,
2017,CLE,2,0-20,3.0,0.3333333333333333,offense,,
2017,CLE,6-10,21-40,5.0,0.2,offense,,
2017,GB,6-10,81-100,1.0,1.0,offense,,
2017,MIN,3-5,61-80,1.0,0.0,offense,,
2017,MIN,6-10,61-80,2.0,0.0,offense,,
2017,NO,6-10,0-20,1.0,0.0,offense,,
2017,NO,1,41-60,3.0,1.0,offense,,
2017,NE,11+,21-40,1.0,0.0,offense,,
2017,DET,1,0-20,2.0,0.0,offense,,
2017,ARI,2,0-20,1.0,0.0,offense,,
2017,DEN,2,61-80,1.0,0.0,offense,,
2017,KC,11+,21-40,1.0,0.0,offense,,
2017,MIA,6-10,21-40,6.0,0.1666666666666666,offense,,
2017,WAS,1,21-40,5.0,0.2,offense,,
2017,ATL,1,0-20,4.0,0.0,offense,,
2017,GB,1,21-40,4.0,0.75,offense,,
2017,CHI,1,41-60,1.0,1.0,offense,,
2017,HOU,1,21-40,2.0,0.5,offense,,
2017,HOU,1,0-20,2.0,0.5,offense,,
2017,SEA,2,0-20,2.0,0.0,offense,,
2017,TEN,1,41-60,3.0,0.6666666666666666,offense,,
2017,DET,3-5,0-20,1.0,0.0,offense,,
2017,GB,3-5,61-80,1.0,1.0,offense,,
2017,IND,1,0-20,1.0,0.0,offense,,
2017,JAX,6-10,41-60,3.0,1.0,offense,,
2017,NE,6-10,61-80,3.0,0.3333333333333333,offense,,
2017,DEN,11+,41-60,2.0,0.0,offense,,
2017,CAR,11+,21-40,1.0,0.0,offense,,
2017,TB,3-5,0-20,1.0,0.0,offense,,
2017,ATL,6-10,41-60,3.0,0.3333333333333333,offense,,
2017,CIN,2,61-80,1.0,0.0,offense,,
2017,CHI,1,61-80,2.0,0.0,offense,,
2017,LV,1,41-60,3.0,0.3333333333333333,offense,,
2017,ATL,11+,81-100,1.0,0.0,offense,,
2017,BAL,3-5,81-100,1.0,0.0,offense,,
2017,PHI,6-10,21-40,4.0,0.0,offense,,
2017,GB,2,41-60,2.0,0.5,offense,,
2017,KC,6-10,41-60,1.0,0.0,offense,,
2017,HOU,3-5,0-20,1.0,0.0,offense,,
2017,WAS,2,21-40,2.0,1.0,offense,,
2017,LV,6-10,21-40,2.0,1.0,offense,,
2017,WAS,11+,61-80,1.0,0.0,offense,,
2017,LAC,11+,0-20,1.0,0.0,offense,,
2017,LAC,1,21-40,1.0,0.0,offense,,
2017,MIN,1,0-20,1.0,0.0,offense,,
2017,NYG,1,21-40,2.0,0.5,offense,,
2017,CAR,3-5,61-80,1.0,0.0,offense,,
2017,HOU,6-10,41-60,1.0,0.0,offense,,
2017,GB,1,0-20,1.0,0.0,offense,,
2017,BUF,3-5,21-40,1.0,0.0,offense,,
2017,DEN,1,41-60,2.0,0.5,offense,,
2017,CIN,6-10,0-20,1.0,1.0,offense,,
2017,DAL,1,61-80,1.0,1.0,offense,,
2017,GB,11+,21-40,1.0,0.0,offense,,
2018,PHI,1,61-80,2.0,0.0,offense,,
2018,LAC,2,21-40,1.0,1.0,offense,,
2018,DET,3-5,0-20,3.0,0.3333333333333333,offense,,
2018,NYJ,3-5,0-20,2.0,0.5,offense,,
2018,CLE,3-5,0-20,1.0,0.0,offense,,
2018,DEN,3-5,21-40,4.0,0.0,offense,,
2018,MIN,11+,41-60,2.0,0.0,offense,,
2018,ARI,3-5,61-80,1.0,1.0,offense,,
2018,WAS,3-5,21-40,3.0,0.0,offense,,
2018,JAX,1,41-60,2.0,0.5,offense,,
2018,PHI,1,0-20,8.0,0.75,offense,,
2018,PHI,6-10,21-40,2.0,0.0,offense,,
2018,GB,2,41-60,2.0,0.0,offense,,
2018,LAC,6-10,0-20,1.0,0.0,offense,,
2018,HOU,6-10,61-80,1.0,1.0,offense,,
2018,PIT,6-10,21-40,1.0,0.0,offense,,
2018,KC,1,0-20,4.0,0.5,offense,,
2018,GB,3-5,21-40,5.0,0.4,offense,,
2018,ATL,3-5,41-60,1.0,0.0,offense,,
2018,CIN,6-10,21-40,2.0,0.5,offense,,
2018,LV,6-10,0-20,2.0,0.5,offense,,
2018,DEN,1,21-40,3.0,1.0,offense,,
2018,KC,1,41-60,3.0,1.0,offense,,
2018,MIA,2,41-60,1.0,1.0,offense,,
2018,NO,2,61-80,1.0,1.0,offense,,
2018,NO,6-10,0-20,1.0,0.0,offense,,
2018,JAX,1,0-20,4.0,0.5,offense,,
2018,IND,6-10,0-20,3.0,0.0,offense,,
2018,JAX,2,21-40,1.0,1.0,offense,,
2018,BUF,3-5,21-40,2.0,0.0,offense,,
2018,WAS,1,61-80,3.0,0.3333333333333333,offense,,
2018,MIN,2,41-60,1.0,0.0,offense,,
2018,ARI,1,0-20,2.0,0.0,offense,,
2018,ARI,11+,41-60,3.0,0.0,offense,,
2018,DET,1,0-20,2.0,1.0,offense,,
2018,LA,6-10,41-60,2.0,0.0,offense,,
2018,LV,2,41-60,1.0,0.0,offense,,
2018,CIN,3-5,21-40,1.0,1.0,offense,,
2018,WAS,3-5,41-60,1.0,,offense,,
2018,WAS,3-5,0-20,1.0,1.0,offense,,
2018,BUF,6-10,21-40,1.0,0.0,offense,,
2018,DEN,6-10,41-60,2.0,0.5,offense,,
2018,SF,3-5,0-20,1.0,0.0,offense,,
2018,PIT,1,41-60,5.0,0.6,offense,,
2018,DAL,6-10,0-20,1.0,0.0,offense,,
2018,DET,2,21-40,1.0,1.0,offense,,
2018,LAC,1,0-20,2.0,1.0,offense,,
2018,LV,3-5,0-20,1.0,0.0,offense,,
2018,CIN,1,21-40,3.0,0.3333333333333333,offense,,
2018,ATL,2,0-20,2.0,1.0,offense,,
2018,DET,1,41-60,1.0,0.0,offense,,
2018,CAR,2,0-20,1.0,0.0,offense,,
2018,TB,11+,61-80,2.0,0.0,offense,,
2018,LA,6-10,61-80,1.0,1.0,offense,,
2018,PHI,3-5,0-20,1.0,1.0,offense,,
2018,ARI,2,61-80,1.0,1.0,offense,,
2018,NO,3-5,21-40,1.0,0.0,offense,,
2018,MIN,6-10,61-80,1.0,0.0,offense,,
2019,PIT,1,41-60,2.0,0.0,offense,,
2019,SF,2,21-40,3.0,0.3333333333333333,offense,,
2019,CLE,2,61-80,1.0,0.0,offense,,
2019,PHI,2,21-40,3.0,0.3333333333333333,offense,,
2019,BUF,3-5,0-20,2.0,0.0,offense,,
2019,DEN,3-5,0-20,1.0,1.0,offense,,
2019,CLE,2,21-40,2.0,0.0,offense,,
2019,NYJ,3-5,41-60,2.0,0.0,offense,,
2019,WAS,6-10,21-40,2.0,0.5,offense,,
2019,TEN,2,41-60,1.0,0.0,offense,,
2019,GB,1,21-40,5.0,0.6,offense,,
2019,SEA,1,21-40,4.0,0.25,offense,,
2019,CIN,1,0-20,2.0,0.5,offense,,
2019,BAL,3-5,21-40,5.0,0.6,offense,,
2019,DEN,1,0-20,3.0,1.0,offense,,
2019,LAC,11+,41-60,1.0,1.0,offense,,
2019,SEA,3-5,0-20,4.0,0.25,offense,,
2019,NYG,3-5,0-20,2.0,0.5,offense,,
2019,NE,3-5,21-40,4.0,0.25,offense,,
2019,KC,6-10,61-80,1.0,1.0,offense,,
2019,LAC,3-5,21-40,1.0,0.0,offense,,
2019,CHI,1,41-60,3.0,0.6666666666666666,offense,,
2019,BUF,1,0-20,2.0,1.0,offense,,
2019,LA,6-10,21-40,3.0,0.0,offense,,
2019,BUF,2,21-40,1.0,0.0,offense,,
2019,BUF,6-10,41-60,1.0,0.0,offense,,
2019,JAX,3-5,61-80,2.0,0.5,offense,,
2019,NYJ,1,41-60,5.0,0.6,offense,,
2019,ARI,2,21-40,2.0,0.5,offense,,
2019,PHI,2,41-60,1.0,0.0,offense,,
2019,LAC,6-10,41-60,1.0,0.0,offense,,
2019,LA,11+,81-100,1.0,0.0,offense,,
2019,SF,6-10,41-60,1.0,0.0,offense,,
2019,HOU,1,41-60,3.0,0.3333333333333333,offense,,
2019,DEN,3-5,41-60,2.0,0.0,offense,,
2019,LA,3-5,41-60,1.0,1.0,offense,,
2019,LA,3-5,0-20,2.0,0.0,offense,,
2019,LA,1,21-40,1.0,0.0,offense,,
2019,NYJ,3-5,21-40,2.0,0.0,offense,,
2019,PHI,2,61-80,1.0,1.0,offense,,
2019,WAS,1,21-40,1.0,0.0,offense,,
2019,ARI,11+,61-80,1.0,0.0,offense,,
2019,MIA,1,41-60,1.0,0.0,offense,,
2019,BUF,3-5,61-80,1.0,0.0,offense,,
2019,ATL,1,61-80,1.0,1.0,offense,,
2019,GB,6-10,41-60,2.0,0.0,offense,,
2019,MIN,1,0-20,2.0,0.5,offense,,
2019,SF,1,0-20,1.0,1.0,offense,,
2019,TB,3-5,21-40,4.0,0.25,offense,,
2019,TEN,3-5,41-60,1.0,1.0,offense,,
2019,ATL,11+,61-80,2.0,0.5,offense,,
2019,BUF,3-5,21-40,3.0,0.0,offense,,
2019,CLE,2,41-60,1.0,1.0,offense,,
2019,CHI,1,61-80,2.0,0.5,offense,,
2019,MIA,1,61-80,1.0,0.0,offense,,
2019,CAR,2,21-40,2.0,0.5,offense,,
2019,CAR,3-5,41-60,1.0,1.0,offense,,
2019,ATL,1,41-60,1.0,1.0,offense,,
2019,DEN,6-10,21-40,3.0,0.3333333333333333,offense,,
2019,PIT,1,21-40,1.0,0.0,offense,,
2019,DAL,1,81-100,1.0,1.0,offense,,
2019,DAL,6-10,0-20,1.0,0.0,offense,,
2019,DAL,3-5,21-40,1.0,0.0,offense,,
2019,NYG,1,41-60,1.0,1.0,offense,,
2019,ARI,2,61-80,1.0,1.0,offense,,
2019,PHI,2,0-20,1.0,0.0,offense,,
2019,BAL,2,21-40,1.0,1.0,offense,,
2019,CIN,3-5,0-20,2.0,0.5,offense,,
2019,NE,3-5,0-20,1.0,0.0,offense,,
2019,CLE,6-10,0-20,2.0,0.5,offense,,
2019,LV,11+,21-40,1.0,0.0,offense,,
2019,LA,3-5,21-40,1.0,0.0,offense,,
2019,SEA,3-5,81-100,1.0,0.0,offense,,
2019,CAR,6-10,61-80,1.0,,offense,,
2019,MIN,11+,61-80,1.0,0.0,offense,,
2019,LA,6-10,81-100,1.0,0.0,offense,,
2019,MIA,11+,21-40,1.0,0.0,offense,,
2019,PIT,6-10,81-100,1.0,0.0,offense,,
2020,LA,1,41-60,2.0,1.0,offense,,
2020,LA,3-5,61-80,1.0,0.0,offense,,
2020,IND,1,61-80,1.0,1.0,offense,,
2020,CAR,1,41-60,5.0,0.4,offense,,
2020,DEN,1,0-20,3.0,0.0,offense,,
2020,JAX,3-5,21-40,3.0,0.6666666666666666,offense,,
2020,LA,1,61-80,2.0,0.5,offense,,
2020,LV,1,0-20,8.0,0.875,offense,,
2020,CHI,11+,61-80,2.0,0.0,offense,,
2020,PIT,1,41-60,3.0,0.6666666666666666,offense,,
2020,MIA,1,41-60,2.0,1.0,offense,,
2020,JAX,6-10,21-40,2.0,0.0,offense,,
2020,LV,1,61-80,4.0,0.5,offense,,
2020,BUF,6-10,41-60,2.0,0.0,offense,,
2020,NE,6-10,21-40,2.0,0.0,offense,,
2020,LAC,11+,61-80,2.0,0.0,offense,,
2020,TB,1,81-100,1.0,1.0,offense,,
2020,NE,1,41-60,1.0,1.0,offense,,
2020,DET,1,21-40,3.0,0.3333333333333333,offense,,
2020,HOU,1,0-20,3.0,0.6666666666666666,offense,,
2020,LA,2,0-20,1.0,0.0,offense,,
2020,ARI,3-5,0-20,2.0,0.0,offense,,
2020,ARI,1,41-60,6.0,1.0,offense,,
2020,CAR,3-5,61-80,2.0,0.0,offense,,
2020,PHI,1,41-60,4.0,0.5,offense,,
2020,DEN,3-5,0-20,1.0,0.0,offense,,
2020,NO,6-10,21-40,2.0,0.5,offense,,
2020,NYJ,1,41-60,2.0,1.0,offense,,
2020,BAL,3-5,0-20,2.0,0.0,offense,,
2020,BAL,3-5,41-60,2.0,1.0,offense,,
2020,CIN,2,0-20,1.0,1.0,offense,,
2020,GB,3-5,21-40,2.0,0.0,offense,,
2020,JAX,11+,41-60,2.0,0.0,offense,,
2020,CIN,11+,81-100,2.0,0.0,offense,,
2020,MIA,2,0-20,1.0,0.0,offense,,
2020,SEA,6-10,21-40,1.0,0.0,offense,,
2020,MIN,1,61-80,2.0,0.0,offense,,
2020,NYG,2,0-20,1.0,0.0,offense,,
2020,PIT,6-10,61-80,1.0,0.0,offense,,
2020,ATL,1,0-20,1.0,1.0,offense,,
2020,CLE,11+,61-80,1.0,0.0,offense,,
2021,CHI,6-10,61-80,2.0,0.0,offense,,
2021,DAL,3-5,81-100,1.0,0.0,offense,,
2021,DEN,6-10,21-40,2.0,1.0,offense,,
2021,DEN,2,41-60,2.0,1.0,offense,,
2021,WAS,6-10,21-40,4.0,0.0,offense,,
2021,IND,2,0-20,3.0,0.3333333333333333,offense,,
2021,ATL,3-5,0-20,1.0,1.0,offense,,
2021,TB,11+,81-100,1.0,0.0,offense,,
2021,ATL,6-10,41-60,4.0,0.0,offense,,
2021,DEN,6-10,41-60,5.0,0.2,offense,,
2021,JAX,3-5,21-40,2.0,0.5,offense,,
2021,MIN,6-10,61-80,2.0,0.0,offense,,
2021,ARI,3-5,41-60,3.0,0.6666666666666666,offense,,
2021,NYJ,2,41-60,1.0,0.0,offense,,
2021,JAX,3-5,41-60,2.0,0.5,offense,,
2021,HOU,11+,41-60,3.0,0.0,offense,,
2021,WAS,3-5,21-40,4.0,0.75,offense,,
2021,DEN,2,0-20,3.0,0.3333333333333333,offense,,
2021,IND,11+,21-40,2.0,0.5,offense,,
2021,NO,2,41-60,2.0,0.0,offense,,
2021,DAL,1,21-40,2.0,0.5,offense,,
2021,SF,2,21-40,1.0,0.0,offense,,
2021,ARI,11+,21-40,2.0,0.0,offense,,
2021,GB,1,41-60,3.0,1.0,offense,,
2021,NYG,6-10,41-60,5.0,0.2,offense,,
2021,TB,1,0-20,2.0,0.5,offense,,
2021,BAL,6-10,61-80,3.0,0.0,offense,,
2021,KC,11+,21-40,1.0,0.0,offense,,
2021,SEA,11+,81-100,1.0,0.0,offense,,
2021,PHI,6-10,21-40,4.0,0.25,offense,,
2021,WAS,11+,61-80,1.0,1.0,offense,,
2021,CIN,3-5,0-20,2.0,0.5,offense,,
2021,CLE,1,21-40,1.0,0.0,offense,,
2021,BAL,6-10,21-40,2.0,0.5,offense,,
2021,CLE,11+,0-20,1.0,0.0,offense,,
2021,DEN,6-10,0-20,2.0,0.5,offense,,
2021,CHI,6-10,41-60,1.0,0.0,offense,,
2021,MIA,3-5,61-80,1.0,0.0,offense,,
2021,PIT,3-5,0-20,2.0,0.5,offense,,
2021,LV,6-10,21-40,1.0,0.0,offense,,
2021,CHI,6-10,21-40,1.0,1.0,offense,,
2021,SF,3-5,0-20,1.0,0.0,offense,,
2021,LA,6-10,41-60,1.0,0.0,offense,,
2021,NO,6-10,21-40,1.0,0.0,offense,,
2021,CLE,11+,81-100,1.0,0.0,offense,,
2021,CLE,2,21-40,1.0,1.0,offense,,
2021,PHI,1,41-60,1.0,1.0,offense,,
2021,LAC,6-10,0-20,1.0,1.0,offense,,
2022,ARI,2,21-40,4.0,0.25,offense,,
2022,NE,3-5,41-60,2.0,0.0,offense,,
2022,DAL,2,41-60,3.0,0.3333333333333333,offense,,
2022,DAL,11+,41-60,2.0,0.0,offense,,
2022,ARI,1,41-60,3.0,0.3333333333333333,offense,,
2022,CAR,1,41-60,2.0,0.5,offense,,
2022,DEN,2,21-40,2.0,0.5,offense,,
2022,JAX,3-5,21-40,6.0,0.1666666666666666,offense,,
2022,LAC,1,0-20,4.0,1.0,offense,,
2022,BAL,1,21-40,4.0,0.25,offense,,
2022,TEN,11+,41-60,3.0,0.0,offense,,
2022,DET,3-5,21-40,5.0,0.4,offense,,
2022,BUF,2,0-20,3.0,0.3333333333333333,offense,,
2022,DET,2,41-60,1.0,1.0,offense,,
2022,CAR,3-5,21-40,4.0,0.25,offense,,
2022,WAS,11+,21-40,2.0,0.0,offense,,
2022,PIT,3-5,21-40,1.0,0.0,offense,,
2022,CAR,1,61-80,3.0,0.3333333333333333,offense,,
2022,CAR,6-10,21-40,1.0,1.0,offense,,
2022,DEN,3-5,61-80,2.0,0.5,offense,,
2022,LAC,2,41-60,1.0,1.0,offense,,
2022,HOU,11+,81-100,1.0,0.0,offense,,
2022,LA,6-10,21-40,1.0,1.0,offense,,
2022,NYJ,6-10,21-40,4.0,0.25,offense,,
2022,DET,3-5,61-80,1.0,1.0,offense,,
2022,PIT,6-10,0-20,1.0,0.0,offense,,
2022,SEA,6-10,61-80,2.0,0.0,offense,,
2022,CAR,1,21-40,3.0,1.0,offense,,
2022,NO,11+,41-60,1.0,0.0,offense,,
2022,TEN,2,0-20,1.0,0.0,offense,,
2022,NO,3-5,0-20,2.0,0.5,offense,,
2022,PIT,1,41-60,2.0,1.0,offense,,
2022,TB,6-10,61-80,2.0,0.5,offense,,
2022,PHI,2,41-60,1.0,1.0,offense,,
2022,WAS,6-10,41-60,1.0,1.0,offense,,
2022,BUF,11+,81-100,1.0,0.0,offense,,
2022,KC,2,41-60,1.0,1.0,offense,,
2022,NYG,1,41-60,4.0,0.75,offense,,
2022,NYJ,11+,61-80,3.0,0.0,offense,,
2022,PHI,6-10,21-40,2.0,0.0,offense,,
2022,TEN,1,41-60,2.0,1.0,offense,,
2022,GB,1,41-60,1.0,0.0,offense,,
2022,DET,1,61-80,1.0,1.0,offense,,
2022,CHI,1,61-80,1.0,1.0,offense,,
2022,IND,3-5,21-40,2.0,0.5,offense,,
2022,HOU,3-5,41-60,3.0,0.3333333333333333,offense,,
2022,MIA,2,21-40,1.0,0.0,offense,,
2022,LA,11+,81-100,1.0,0.0,offense,,
2022,CIN,11+,81-100,1.0,0.0,offense,,
2022,MIN,1,61-80,3.0,0.0,offense,,
2022,CIN,3-5,21-40,1.0,0.0,offense,,
2022,IND,6-10,41-60,2.0,0.0,offense,,
2022,MIN,11+,41-60,1.0,0.0,offense,,
2022,LV,6-10,81-100,1.0,1.0,offense,,
2022,NE,6-10,61-80,1.0,0.0,offense,,
2022,SF,6-10,0-20,1.0,0.0,offense,,
2022,NE,1,41-60,1.0,1.0,offense,,
2023,CIN,3-5,61-80,2.0,0.5,offense,,
2023,CHI,3-5,0-20,1.0,1.0,offense,,
2023,IND,3-5,41-60,4.0,0.5,offense,,
2023,JAX,2,0-20,1.0,1.0,offense,,
2023,TB,1,21-40,1.0,1.0,offense,,
2023,ATL,1,21-40,4.0,0.75,offense,,
2023,ATL,3-5,0-20,3.0,0.6666666666666666,offense,,
2023,JAX,11+,0-20,2.0,0.0,offense,,
2023,NE,1,21-40,2.0,1.0,offense,,
2023,PHI,1,21-40,4.0,1.0,offense,,
2023,NYG,1,0-20,3.0,1.0,offense,,
2023,LA,1,61-80,1.0,0.0,offense,,
2023,DEN,1,21-40,4.0,0.75,offense,,
2023,NO,1,21-40,2.0,1.0,offense,,
2023,LV,3-5,21-40,4.0,0.0,offense,,
2023,CLE,2,21-40,1.0,0.0,offense,,
2023,ARI,2,61-80,3.0,0.3333333333333333,offense,,
2023,IND,6-10,21-40,2.0,0.0,offense,,
2023,LV,2,21-40,1.0,1.0,offense,,
2023,NE,1,41-60,2.0,0.0,offense,,
2023,NYG,1,21-40,7.0,0.2857142857142857,offense,,
2023,SEA,3-5,21-40,3.0,0.0,offense,,
2023,TB,11+,61-80,1.0,,offense,,
2023,WAS,1,0-20,5.0,0.8,offense,,
2023,PHI,1,41-60,4.0,0.5,offense,,
2023,SF,6-10,21-40,1.0,0.0,offense,,
2023,KC,1,41-60,2.0,0.0,offense,,
2023,NE,3-5,81-100,2.0,0.0,offense,,
2023,LA,1,21-40,3.0,1.0,offense,,
2023,CAR,2,21-40,2.0,0.0,offense,,
2023,NYG,3-5,21-40,2.0,1.0,offense,,
2023,GB,6-10,41-60,3.0,0.0,offense,,
2023,GB,1,21-40,2.0,0.5,offense,,
2023,NO,2,41-60,2.0,0.5,offense,,
2023,NO,3-5,21-40,2.0,0.5,offense,,
2023,LAC,11+,81-100,1.0,1.0,offense,,
2023,LV,3-5,0-20,1.0,1.0,offense,,
2023,CHI,1,61-80,1.0,0.0,offense,,
2023,CHI,2,21-40,1.0,0.0,offense,,
2023,DEN,2,21-40,1.0,0.0,offense,,
2023,LA,2,61-80,1.0,1.0,offense,,
2023,NYG,6-10,21-40,4.0,0.0,offense,,
2023,IND,1,61-80,1.0,0.0,offense,,
2023,MIA,6-10,21-40,1.0,0.0,offense,,
2023,ATL,1,41-60,1.0,1.0,offense,,
2023,SF,3-5,0-20,1.0,0.0,offense,,
2023,NYJ,2,41-60,2.0,0.5,offense,,
2023,TB,3-5,21-40,2.0,0.5,offense,,
2023,TEN,11+,21-40,1.0,,offense,,
2023,HOU,3-5,41-60,2.0,0.0,offense,,
2023,PIT,1,0-20,3.0,0.6666666666666666,offense,,
2023,HOU,2,41-60,2.0,0.0,offense,,
2023,TEN,11+,61-80,1.0,0.0,offense,,
2023,PIT,2,0-20,1.0,0.0,offense,,
2023,TB,1,41-60,1.0,1.0,offense,,
2023,DAL,3-5,41-60,1.0,0.0,offense,,
2023,DET,2,0-20,1.0,1.0,offense,,
2023,MIA,3-5,0-20,2.0,0.0,offense,,
2023,MIA,2,21-40,1.0,1.0,offense,,
2023,WAS,3-5,41-60,1.0,1.0,offense,,
2023,KC,2,61-80,1.0,1.0,offense,,
2023,NO,3-5,41-60,1.0,0.0,offense,,
2023,NYJ,1,21-40,4.0,0.25,offense,,
2023,IND,2,21-40,1.0,1.0,offense,,
2023,TEN,3-5,0-20,1.0,0.0,offense,,
2023,NO,3-5,61-80,1.0,0.0,offense,,
2023,LAC,6-10,21-40,1.0,1.0,offense,,
2023,LA,1,41-60,1.0,1.0,offense,,
2024,GB,2,0-20,1.0,1.0,offense,,
2016,PIT,3-5,61-80,1.0,0.0,offense,,
2020,SF,3-5,0-20,1.0,0.0,offense,,
2021,GB,1,0-20,3.0,0.3333333333333333,offense,,
2022,GB,3-5,0-20,4.0,0.5,offense,,
2024,MIA,3-5,0-20,3.0,1.0,offense,,
2024,CAR,2,41-60,3.0,0.3333333333333333,offense,,
2024,DEN,6-10,41-60,3.0,0.3333333333333333,offense,,
2024,SEA,1,21-40,6.0,0.3333333333333333,offense,,
2024,SF,3-5,41-60,3.0,0.6666666666666666,offense,,
2024,TB,3-5,21-40,3.0,0.3333333333333333,offense,,
2024,BUF,3-5,41-60,4.0,0.5,offense,,
2024,JAX,1,61-80,6.0,0.6666666666666666,offense,,
2024,PHI,1,41-60,5.0,0.8,offense,,
2024,WAS,2,21-40,4.0,0.75,offense,,
2024,CAR,1,0-20,4.0,0.75,offense,,
2024,ATL,1,21-40,2.0,0.5,offense,,
2024,ARI,3-5,41-60,3.0,1.0,offense,,
2024,BUF,6-10,41-60,2.0,0.0,offense,,
2024,HOU,1,0-20,5.0,0.6,offense,,
2024,LA,3-5,21-40,6.0,0.5,offense,,
2024,NE,6-10,0-20,1.0,0.0,offense,,
2024,NYG,1,0-20,2.0,0.0,offense,,
2024,MIN,2,21-40,1.0,0.0,offense,,
2024,GB,1,21-40,1.0,1.0,offense,,
2024,SF,2,61-80,1.0,0.0,offense,,
2024,NO,3-5,41-60,4.0,0.25,offense,,
2024,BAL,3-5,0-20,1.0,1.0,offense,,
2024,NYG,11+,61-80,1.0,0.0,offense,,
2024,DEN,2,41-60,2.0,1.0,offense,,
2024,WAS,11+,21-40,1.0,,offense,,
2024,CHI,6-10,41-60,3.0,0.0,offense,,
2024,NO,11+,41-60,1.0,1.0,offense,,
2024,TEN,1,0-20,1.0,0.0,offense,,
2024,BAL,3-5,61-80,1.0,,offense,,
2024,DEN,6-10,0-20,1.0,0.0,offense,,
2024,IND,11+,61-80,1.0,1.0,offense,,
2024,NE,2,0-20,2.0,0.5,offense,,
2024,IND,1,21-40,6.0,0.6666666666666666,offense,,
2024,CIN,1,21-40,3.0,0.3333333333333333,offense,,
2024,CHI,3-5,61-80,4.0,0.5,offense,,
2024,DAL,2,0-20,2.0,0.0,offense,,
2024,NYJ,1,61-80,2.0,0.0,offense,,
2024,NE,11+,21-40,2.0,0.5,offense,,
2024,TEN,6-10,41-60,4.0,0.0,offense,,
2024,MIN,3-5,21-40,3.0,0.6666666666666666,offense,,
2024,IND,2,41-60,1.0,1.0,offense,,
2024,IND,3-5,0-20,3.0,1.0,offense,,
2024,GB,6-10,41-60,2.0,0.0,offense,,
2024,PHI,11+,61-80,1.0,0.0,offense,,
2024,PIT,6-10,0-20,1.0,0.0,offense,,
2024,CLE,11+,41-60,2.0,0.0,offense,,
2024,NE,1,41-60,2.0,1.0,offense,,
2024,CHI,6-10,61-80,2.0,0.5,offense,,
2024,BUF,1,21-40,1.0,1.0,offense,,
2024,DEN,1,21-40,2.0,1.0,offense,,
2024,MIA,1,21-40,1.0,0.0,offense,,
2024,JAX,11+,81-100,1.0,0.0,offense,,
2024,MIA,2,61-80,1.0,1.0,offense,,
2024,MIN,11+,41-60,1.0,0.0,offense,,
2024,TB,6-10,21-40,1.0,0.0,offense,,
2024,SF,6-10,41-60,1.0,0.0,offense,,
2016,BUF,6-10,41-60,1.0,0.0,offense,,
2016,BUF,1,0-20,5.0,0.6,offense,,
2016,JAX,3-5,21-40,8.0,0.5,offense,,
2016,LA,6-10,21-40,2.0,0.0,offense,,
2016,MIA,1,0-20,1.0,0.0,offense,,
2016,CLE,2,21-40,1.0,0.0,offense,,
2016,DAL,1,21-40,5.0,1.0,offense,,
2016,NO,6-10,41-60,1.0,0.0,offense,,
2016,PHI,2,21-40,4.0,0.5,offense,,
2016,ATL,1,21-40,4.0,0.75,offense,,
2016,HOU,6-10,41-60,1.0,0.0,offense,,
2016,TEN,3-5,41-60,1.0,0.0,offense,,
2016,HOU,1,21-40,1.0,0.0,offense,,
2016,HOU,6-10,21-40,4.0,0.0,offense,,
2016,LA,3-5,61-80,3.0,0.0,offense,,
2016,LV,3-5,21-40,3.0,0.6666666666666666,offense,,
2016,TEN,6-10,41-60,1.0,0.0,offense,,
2016,BAL,2,81-100,1.0,0.0,offense,,
2016,BAL,3-5,21-40,1.0,0.0,offense,,
2016,CIN,1,0-20,3.0,0.3333333333333333,offense,,
2016,NYJ,11+,41-60,1.0,0.0,offense,,
2016,MIN,3-5,41-60,2.0,0.5,offense,,
2016,LA,6-10,61-80,3.0,0.6666666666666666,offense,,
2016,CAR,1,21-40,1.0,1.0,offense,,
2016,MIN,6-10,21-40,2.0,0.5,offense,,
2016,CHI,3-5,21-40,1.0,,offense,,
2016,BUF,6-10,0-20,2.0,0.5,offense,,
2016,MIN,3-5,0-20,1.0,1.0,offense,,
2016,TEN,3-5,21-40,1.0,0.0,offense,,
2016,GB,1,61-80,1.0,1.0,offense,,
2016,GB,3-5,41-60,1.0,1.0,offense,,
2016,GB,2,61-80,1.0,0.0,offense,,
2016,DEN,11+,41-60,1.0,0.0,offense,,
2016,KC,2,0-20,1.0,0.0,offense,,
2016,PIT,2,41-60,1.0,0.0,offense,,
2016,IND,3-5,0-20,2.0,0.5,offense,,
2016,HOU,11+,61-80,2.0,0.0,offense,,
2016,SF,11+,41-60,1.0,1.0,offense,,
2016,LV,1,61-80,1.0,0.0,offense,,
2016,NE,2,61-80,1.0,0.0,offense,,
2016,NYG,11+,21-40,1.0,0.0,offense,,
2016,NYG,6-10,21-40,2.0,0.0,offense,,
2016,DEN,2,61-80,1.0,1.0,offense,,
2016,DEN,3-5,0-20,1.0,0.0,offense,,
2016,LV,11+,0-20,1.0,0.0,offense,,
2016,SEA,3-5,61-80,1.0,0.0,offense,,
2016,JAX,6-10,81-100,1.0,0.0,offense,,
2016,KC,11+,21-40,1.0,0.0,offense,,
2016,DET,1,0-20,1.0,1.0,offense,,
2016,MIN,2,0-20,1.0,1.0,offense,,
2016,LA,2,21-40,1.0,1.0,offense,,
2017,CHI,3-5,41-60,2.0,0.5,offense,,
2017,KC,11+,81-100,2.0,0.0,offense,,
2017,LAC,1,41-60,4.0,0.25,offense,,
2017,CHI,6-10,0-20,4.0,0.25,offense,,
2017,CLE,6-10,81-100,1.0,0.0,offense,,
2017,CLE,11+,21-40,1.0,1.0,offense,,
2017,DEN,11+,21-40,2.0,0.0,offense,,
2017,CIN,3-5,41-60,2.0,0.0,offense,,
2017,PIT,1,61-80,2.0,0.5,offense,,
2017,WAS,3-5,41-60,2.0,0.5,offense,,
2017,BUF,2,21-40,1.0,0.0,offense,,
2017,SF,2,41-60,1.0,0.0,offense,,
2017,TB,6-10,61-80,1.0,0.0,offense,,
2017,NO,1,0-20,2.0,1.0,offense,,
2017,BAL,3-5,0-20,2.0,0.5,offense,,
2017,CAR,11+,81-100,1.0,,offense,,
2017,LA,6-10,0-20,2.0,0.0,offense,,
2017,TEN,2,41-60,1.0,0.0,offense,,
2017,BAL,1,21-40,2.0,1.0,offense,,
2017,JAX,6-10,21-40,2.0,0.0,offense,,
2017,TEN,1,0-20,1.0,0.0,offense,,
2017,DAL,1,41-60,4.0,0.5,offense,,
2017,SF,11+,81-100,1.0,0.0,offense,,
2017,CLE,1,41-60,1.0,1.0,offense,,
2017,DAL,6-10,21-40,1.0,0.0,offense,,
2017,DAL,11+,41-60,1.0,0.0,offense,,
2017,NYJ,6-10,21-40,1.0,0.0,offense,,
2017,BUF,3-5,41-60,1.0,0.0,offense,,
2017,KC,3-5,21-40,2.0,1.0,offense,,
2017,KC,3-5,41-60,1.0,0.0,offense,,
2017,IND,3-5,61-80,1.0,0.0,offense,,
2017,NYJ,3-5,0-20,1.0,0.0,offense,,
2017,PIT,11+,21-40,1.0,0.0,offense,,
2017,IND,1,41-60,1.0,0.0,offense,,
2017,LAC,1,61-80,1.0,1.0,offense,,
2017,NYJ,6-10,61-80,2.0,0.5,offense,,
2017,BUF,6-10,41-60,1.0,0.0,offense,,
2017,CHI,2,0-20,2.0,0.0,offense,,
2017,CLE,11+,81-100,1.0,0.0,offense,,
2017,JAX,11+,21-40,1.0,0.0,offense,,
2018,NYG,1,61-80,3.0,0.6666666666666666,offense,,
2018,NYJ,2,21-40,1.0,1.0,offense,,
2018,BAL,6-10,21-40,3.0,0.6666666666666666,offense,,
2018,TEN,1,61-80,1.0,1.0,offense,,
2018,KC,6-10,41-60,2.0,0.5,offense,,
2018,DEN,1,0-20,6.0,0.5,offense,,
2018,ARI,3-5,41-60,2.0,0.5,offense,,
2018,DEN,6-10,0-20,1.0,0.0,offense,,
2018,IND,3-5,61-80,2.0,0.0,offense,,
2018,SF,1,0-20,4.0,0.75,offense,,
2018,SF,6-10,0-20,2.0,0.0,offense,,
2018,BAL,6-10,61-80,1.0,0.0,offense,,
2018,PIT,6-10,81-100,1.0,0.0,offense,,
2018,DET,6-10,21-40,3.0,0.3333333333333333,offense,,
2018,DEN,6-10,21-40,3.0,0.3333333333333333,offense,,
2018,CLE,6-10,81-100,1.0,0.0,offense,,
2018,HOU,1,0-20,6.0,0.5,offense,,
2018,DEN,3-5,0-20,2.0,0.5,offense,,
2018,NYG,1,0-20,3.0,0.6666666666666666,offense,,
2018,BUF,6-10,0-20,1.0,0.0,offense,,
2018,WAS,3-5,61-80,1.0,0.0,offense,,
2018,ARI,2,21-40,1.0,0.0,offense,,
2018,DAL,3-5,0-20,1.0,0.0,offense,,
2018,PIT,3-5,21-40,2.0,0.5,offense,,
2018,IND,1,41-60,1.0,1.0,offense,,
2018,PHI,1,41-60,4.0,0.75,offense,,
2018,PHI,3-5,21-40,1.0,1.0,offense,,
2018,WAS,6-10,41-60,2.0,0.5,offense,,
2018,TEN,1,0-20,3.0,0.6666666666666666,offense,,
2018,BAL,11+,81-100,1.0,0.0,offense,,
2018,LA,3-5,41-60,3.0,0.3333333333333333,offense,,
2018,MIA,1,21-40,3.0,0.3333333333333333,offense,,
2018,MIN,1,0-20,5.0,0.6,offense,,
2018,JAX,2,41-60,1.0,0.0,offense,,
2018,NYG,11+,61-80,1.0,1.0,offense,,
2018,BUF,11+,21-40,2.0,0.0,offense,,
2018,DEN,1,41-60,3.0,0.6666666666666666,offense,,
2018,SEA,2,0-20,1.0,0.0,offense,,
2018,BAL,11+,61-80,2.0,0.0,offense,,
2018,ATL,3-5,21-40,2.0,0.5,offense,,
2018,DET,6-10,41-60,2.0,1.0,offense,,
2018,MIA,2,21-40,1.0,1.0,offense,,
2018,NE,6-10,41-60,1.0,0.0,offense,,
2018,PIT,3-5,41-60,2.0,0.0,offense,,
2018,IND,1,21-40,3.0,0.6666666666666666,offense,,
2018,LV,6-10,61-80,1.0,0.0,offense,,
2018,BAL,1,21-40,2.0,0.5,offense,,
2018,CHI,2,41-60,1.0,0.0,offense,,
2018,LAC,3-5,0-20,1.0,0.0,offense,,
2018,NE,11+,21-40,1.0,0.0,offense,,
2018,CAR,3-5,61-80,1.0,0.0,offense,,
2018,BAL,1,0-20,1.0,1.0,offense,,
2018,TEN,6-10,21-40,2.0,0.0,offense,,
2018,NYG,3-5,61-80,1.0,0.0,offense,,
2018,CAR,1,0-20,1.0,0.0,offense,,
2018,HOU,1,61-80,1.0,0.0,offense,,
2018,DET,3-5,81-100,1.0,0.0,offense,,
2018,NO,11+,41-60,1.0,0.0,offense,,
2018,DAL,6-10,21-40,1.0,0.0,offense,,
2019,DET,1,0-20,4.0,0.5,offense,,
2019,HOU,1,21-40,4.0,0.75,offense,,
2019,NYG,1,0-20,1.0,0.0,offense,,
2019,PIT,2,21-40,2.0,0.5,offense,,
2019,PHI,1,61-80,2.0,1.0,offense,,
2019,BAL,3-5,41-60,5.0,0.2,offense,,
2019,ARI,3-5,0-20,1.0,0.0,offense,,
2019,LAC,6-10,61-80,6.0,0.0,offense,,
2019,DET,1,21-40,3.0,0.3333333333333333,offense,,
2019,ATL,6-10,61-80,2.0,0.0,offense,,
2019,WAS,1,41-60,1.0,1.0,offense,,
2019,PHI,11+,41-60,1.0,0.0,offense,,
2019,CAR,6-10,41-60,3.0,1.0,offense,,
2019,CHI,3-5,21-40,1.0,1.0,offense,,
2019,NE,6-10,21-40,7.0,0.4285714285714285,offense,,
2019,IND,2,81-100,1.0,1.0,offense,,
2019,ATL,3-5,81-100,2.0,0.5,offense,,
2019,BAL,1,41-60,3.0,1.0,offense,,
2019,NO,1,21-40,1.0,1.0,offense,,
2019,TB,1,21-40,2.0,0.5,offense,,
2019,TB,11+,81-100,2.0,0.0,offense,,
2019,NE,1,0-20,1.0,0.0,offense,,
2019,NYG,11+,41-60,1.0,0.0,offense,,
2019,NE,2,21-40,2.0,,offense,,
2019,CIN,2,21-40,1.0,1.0,offense,,
2019,CLE,11+,81-100,1.0,0.0,offense,,
2019,PIT,6-10,21-40,2.0,0.0,offense,,
2019,ARI,3-5,41-60,1.0,1.0,offense,,
2019,PIT,11+,41-60,1.0,0.0,offense,,
2019,PIT,1,61-80,1.0,1.0,offense,,
2019,CIN,3-5,21-40,3.0,0.6666666666666666,offense,,
2019,DAL,11+,41-60,1.0,0.0,offense,,
2019,NYG,3-5,81-100,1.0,1.0,offense,,
2019,MIN,3-5,41-60,2.0,0.0,offense,,
2019,KC,1,21-40,1.0,1.0,offense,,
2019,ARI,6-10,81-100,1.0,0.0,offense,,
2019,ARI,11+,81-100,2.0,0.0,offense,,
2019,GB,11+,41-60,1.0,0.0,offense,,
2019,BUF,11+,61-80,1.0,0.0,offense,,
2019,DAL,6-10,21-40,1.0,0.0,offense,,
2019,NO,11+,81-100,1.0,0.0,offense,,
2019,NO,6-10,21-40,1.0,0.0,offense,,
2019,NYJ,1,21-40,1.0,1.0,offense,,
2019,NYJ,3-5,81-100,1.0,0.0,offense,,
2019,NYG,1,21-40,1.0,1.0,offense,,
2019,TEN,6-10,61-80,1.0,0.0,offense,,
2020,SF,1,0-20,4.0,0.25,offense,,
2020,KC,1,61-80,1.0,1.0,offense,,
2020,KC,1,0-20,3.0,0.3333333333333333,offense,,
2020,IND,3-5,21-40,3.0,0.6666666666666666,offense,,
2020,LAC,2,21-40,1.0,0.0,offense,,
2020,CIN,2,41-60,3.0,0.3333333333333333,offense,,
2020,CAR,1,21-40,5.0,0.6,offense,,
2020,NE,11+,21-40,1.0,,offense,,
2020,BUF,1,41-60,3.0,1.0,offense,,
2020,ATL,2,61-80,1.0,0.0,offense,,
2020,DAL,3-5,61-80,2.0,0.5,offense,,
2020,ATL,1,41-60,2.0,1.0,offense,,
2020,DAL,3-5,41-60,2.0,0.0,offense,,
2020,DEN,3-5,61-80,1.0,0.0,offense,,
2020,BAL,1,21-40,3.0,0.6666666666666666,offense,,
2020,CAR,2,0-20,1.0,1.0,offense,,
2020,PIT,6-10,41-60,1.0,0.0,offense,,
2020,PIT,2,21-40,3.0,0.3333333333333333,offense,,
2020,KC,1,21-40,6.0,0.3333333333333333,offense,,
2020,CHI,6-10,41-60,2.0,1.0,offense,,
2020,PHI,11+,41-60,1.0,0.0,offense,,
2020,SEA,3-5,41-60,2.0,0.5,offense,,
2020,DET,6-10,21-40,2.0,0.0,offense,,
2020,BAL,2,0-20,1.0,0.0,offense,,
2020,MIA,1,21-40,3.0,0.6666666666666666,offense,,
2020,NYG,1,61-80,3.0,0.3333333333333333,offense,,
2020,ATL,6-10,41-60,3.0,0.3333333333333333,offense,,
2020,ATL,11+,21-40,2.0,0.0,offense,,
2020,WAS,2,21-40,2.0,0.5,offense,,
2020,DAL,2,0-20,2.0,1.0,offense,,
2020,HOU,3-5,0-20,2.0,0.0,offense,,
2020,PHI,1,21-40,3.0,0.6666666666666666,offense,,
2020,HOU,3-5,21-40,1.0,1.0,offense,,
2020,LA,6-10,21-40,2.0,0.0,offense,,
2020,SF,1,41-60,2.0,0.0,offense,,
2020,MIN,1,0-20,5.0,0.2,offense,,
2020,PHI,11+,81-100,1.0,0.0,offense,,
2020,CLE,1,61-80,1.0,0.0,offense,,
2020,MIA,11+,21-40,1.0,0.0,offense,,
2020,NYJ,1,61-80,1.0,1.0,offense,,
2020,NYJ,3-5,0-20,2.0,0.0,offense,,
2020,WAS,3-5,21-40,2.0,1.0,offense,,
2020,CHI,3-5,81-100,1.0,1.0,offense,,
2020,DEN,3-5,41-60,1.0,0.0,offense,,
2020,TB,3-5,41-60,1.0,1.0,offense,,
2020,CAR,6-10,61-80,4.0,0.25,offense,,
2020,DAL,2,21-40,2.0,0.5,offense,,
2020,MIA,6-10,21-40,1.0,,offense,,
2020,CHI,11+,81-100,1.0,0.0,offense,,
2020,CHI,6-10,61-80,3.0,0.6666666666666666,offense,,
2020,KC,6-10,21-40,1.0,0.0,offense,,
2020,BAL,2,41-60,1.0,1.0,offense,,
2020,IND,3-5,61-80,3.0,0.3333333333333333,offense,,
2020,CAR,6-10,41-60,1.0,1.0,offense,,
2020,NO,1,0-20,2.0,1.0,offense,,
2020,TB,6-10,21-40,2.0,0.0,offense,,
2020,PIT,2,61-80,1.0,0.0,offense,,
2020,IND,2,21-40,1.0,1.0,offense,,
2020,SEA,1,41-60,2.0,0.0,offense,,
2020,TB,3-5,21-40,3.0,1.0,offense,,
2020,WAS,3-5,61-80,1.0,0.0,offense,,
2020,MIN,6-10,61-80,3.0,0.3333333333333333,offense,,
2020,KC,2,41-60,2.0,0.5,offense,,
2020,PHI,6-10,61-80,2.0,1.0,offense,,
2020,TEN,6-10,41-60,1.0,1.0,offense,,
2020,NE,2,0-20,3.0,0.6666666666666666,offense,,
2020,HOU,3-5,61-80,1.0,0.0,offense,,
2020,LAC,2,61-80,1.0,1.0,offense,,
2020,LV,3-5,21-40,1.0,1.0,offense,,
2020,SEA,2,21-40,1.0,0.0,offense,,
2020,PHI,2,41-60,1.0,0.0,offense,,
2020,BAL,2,21-40,1.0,1.0,offense,,
2020,ARI,2,0-20,1.0,1.0,offense,,
2020,LAC,3-5,81-100,1.0,0.0,offense,,
2020,CAR,1,0-20,2.0,1.0,offense,,
2020,NO,2,61-80,1.0,1.0,offense,,
2020,BUF,2,41-60,1.0,1.0,offense,,
2020,DET,1,41-60,2.0,0.5,offense,,
2021,ARI,6-10,41-60,4.0,0.0,offense,,
2021,CLE,11+,41-60,3.0,0.3333333333333333,offense,,
2021,CLE,11+,61-80,2.0,0.0,offense,,
2021,NYG,11+,21-40,2.0,0.0,offense,,
2021,NYG,3-5,41-60,2.0,1.0,offense,,
2021,GB,3-5,21-40,3.0,0.0,offense,,
2021,NO,6-10,81-100,1.0,0.0,offense,,
2021,JAX,6-10,41-60,5.0,0.8,offense,,
2021,NYJ,11+,81-100,1.0,0.0,offense,,
2021,NYJ,1,41-60,2.0,0.0,offense,,
2021,ATL,1,21-40,3.0,1.0,offense,,
2021,MIA,3-5,0-20,1.0,0.0,offense,,
2021,CHI,1,21-40,4.0,0.5,offense,,
2021,DAL,3-5,41-60,2.0,0.0,offense,,
2021,DEN,1,41-60,3.0,1.0,offense,,
2021,DET,3-5,21-40,5.0,0.5,offense,,
2021,LA,6-10,81-100,1.0,0.0,offense,,
2021,NO,3-5,21-40,5.0,0.2,offense,,
2021,NO,6-10,61-80,1.0,0.0,offense,,
2021,PHI,3-5,0-20,3.0,0.3333333333333333,offense,,
2021,SEA,3-5,41-60,1.0,0.0,offense,,
2021,SEA,1,61-80,2.0,0.0,offense,,
2021,TEN,3-5,41-60,1.0,1.0,offense,,
2021,MIA,1,41-60,5.0,0.0,offense,,
2021,NO,1,41-60,5.0,0.2,offense,,
2021,NE,3-5,21-40,1.0,1.0,offense,,
2021,TB,2,41-60,2.0,0.5,offense,,
2021,WAS,2,0-20,2.0,0.5,offense,,
2021,LA,1,0-20,5.0,0.6,offense,,
2021,CLE,1,41-60,3.0,0.3333333333333333,offense,,
2021,MIA,11+,21-40,2.0,0.0,offense,,
2021,SF,1,21-40,5.0,0.4,offense,,
2021,NE,2,41-60,1.0,0.0,offense,,
2021,BUF,11+,41-60,2.0,0.0,offense,,
2021,CIN,2,21-40,1.0,0.0,offense,,
2021,HOU,1,41-60,3.0,1.0,offense,,
2021,NYG,3-5,0-20,3.0,0.3333333333333333,offense,,
2021,JAX,3-5,61-80,2.0,0.0,offense,,
2021,CLE,2,61-80,1.0,0.0,offense,,
2021,HOU,6-10,21-40,4.0,0.0,offense,,
2021,LAC,1,21-40,4.0,1.0,offense,,
2021,IND,3-5,21-40,5.0,0.4,offense,,
2021,PHI,1,61-80,2.0,1.0,offense,,
2021,MIN,3-5,61-80,1.0,0.0,offense,,
2021,MIA,6-10,41-60,1.0,1.0,offense,,
2021,NE,6-10,0-20,1.0,0.0,offense,,
2021,WAS,1,41-60,3.0,0.6666666666666666,offense,,
2021,CIN,11+,61-80,2.0,0.0,offense,,
2021,MIN,6-10,0-20,1.0,1.0,offense,,
2021,CAR,3-5,61-80,2.0,0.0,offense,,
2021,TEN,1,0-20,3.0,1.0,offense,,
2021,ATL,6-10,21-40,2.0,0.0,offense,,
2021,LV,1,41-60,3.0,0.3333333333333333,offense,,
2021,TEN,1,21-40,3.0,0.3333333333333333,offense,,
2021,TB,1,61-80,1.0,1.0,offense,,
2021,ARI,6-10,21-40,2.0,0.0,offense,,
2021,ATL,1,0-20,5.0,0.2,offense,,
2021,HOU,2,61-80,2.0,0.0,offense,,
2021,TEN,11+,61-80,1.0,0.0,offense,,
2021,ARI,2,0-20,3.0,0.6666666666666666,offense,,
2021,CHI,11+,81-100,2.0,0.0,offense,,
2021,SEA,11+,21-40,1.0,0.0,offense,,
2021,DET,2,41-60,3.0,0.3333333333333333,offense,,
2021,ARI,6-10,81-100,1.0,1.0,offense,,
2021,NO,2,0-20,3.0,0.0,offense,,
2021,HOU,6-10,41-60,2.0,0.0,offense,,
2021,CAR,2,21-40,1.0,1.0,offense,,
2021,NYG,1,61-80,3.0,0.3333333333333333,offense,,
2021,NE,3-5,0-20,1.0,1.0,offense,,
2021,CLE,1,61-80,1.0,1.0,offense,,
2021,WAS,2,21-40,1.0,1.0,offense,,
2021,ARI,11+,81-100,2.0,0.0,offense,,
2021,CLE,3-5,61-80,1.0,0.0,offense,,
2021,GB,3-5,41-60,1.0,0.0,offense,,
2021,ATL,2,61-80,1.0,1.0,offense,,
2022,NYJ,6-10,0-20,4.0,0.0,offense,,
2022,LA,11+,0-20,1.0,0.0,offense,,
2022,CLE,3-5,21-40,6.0,0.4,offense,,
2022,GB,1,0-20,5.0,0.2,offense,,
2022,IND,3-5,0-20,3.0,0.0,offense,,
2022,KC,2,0-20,3.0,0.6666666666666666,offense,,
2022,ARI,3-5,41-60,6.0,0.5,offense,,
2022,PHI,1,0-20,7.0,0.8571428571428571,offense,,
2022,DAL,6-10,41-60,3.0,0.0,offense,,
2022,ARI,3-5,21-40,4.0,0.25,offense,,
2022,HOU,11+,21-40,2.0,0.5,offense,,
2022,IND,11+,0-20,1.0,0.0,offense,,
2022,ARI,6-10,61-80,1.0,0.0,offense,,
2022,NYJ,2,41-60,2.0,0.5,offense,,
2022,TB,3-5,21-40,3.0,0.3333333333333333,offense,,
2022,WAS,3-5,61-80,2.0,0.5,offense,,
2022,NE,3-5,21-40,3.0,0.0,offense,,
2022,TB,1,41-60,4.0,0.5,offense,,
2022,IND,1,41-60,2.0,0.0,offense,,
2022,PHI,11+,21-40,1.0,0.0,offense,,
2022,HOU,1,21-40,1.0,0.0,offense,,
2022,MIN,2,41-60,4.0,0.5,offense,,
2022,GB,6-10,21-40,3.0,0.3333333333333333,offense,,
2022,ARI,3-5,61-80,1.0,1.0,offense,,
2022,CAR,3-5,61-80,2.0,0.5,offense,,
2022,BUF,3-5,41-60,1.0,0.0,offense,,
2022,DAL,1,61-80,3.0,0.6666666666666666,offense,,
2022,CLE,6-10,61-80,5.0,0.6,offense,,
2022,CHI,3-5,0-20,2.0,0.0,offense,,
2022,NYG,2,0-20,1.0,0.0,offense,,
2022,TB,2,0-20,3.0,0.6666666666666666,offense,,
2022,DEN,1,61-80,1.0,0.0,offense,,
2022,TB,3-5,61-80,1.0,0.0,offense,,
2022,LA,1,41-60,2.0,1.0,offense,,
2022,ATL,6-10,41-60,1.0,0.0,offense,,
2022,CLE,11+,21-40,1.0,0.0,offense,,
2022,SF,1,21-40,2.0,1.0,offense,,
2022,SEA,6-10,21-40,4.0,0.25,offense,,
2022,NO,1,21-40,2.0,0.0,offense,,
2022,ATL,1,21-40,1.0,1.0,offense,,
2022,CAR,2,0-20,1.0,0.0,offense,,
2022,IND,3-5,41-60,3.0,0.6666666666666666,offense,,
2022,TEN,6-10,41-60,1.0,0.0,offense,,
2022,SEA,1,21-40,3.0,0.6666666666666666,offense,,
2022,CLE,11+,41-60,1.0,0.0,offense,,
2023,NYG,11+,61-80,1.0,0.0,offense,,
2023,HOU,6-10,41-60,3.0,0.3333333333333333,offense,,
2023,HOU,11+,41-60,1.0,0.0,offense,,
2023,HOU,3-5,61-80,2.0,0.5,offense,,
2023,NE,11+,0-20,1.0,0.0,offense,,
2023,SF,1,41-60,3.0,0.6666666666666666,offense,,
2023,ATL,1,0-20,2.0,0.5,offense,,
2023,LAC,2,21-40,2.0,0.5,offense,,
2023,DET,3-5,0-20,5.0,0.2,offense,,
2023,WAS,2,0-20,1.0,0.0,offense,,
2023,SEA,1,21-40,6.0,0.6666666666666666,offense,,
2023,CHI,3-5,41-60,4.0,0.0,offense,,
2023,MIN,2,0-20,1.0,0.0,offense,,
2023,LA,3-5,21-40,4.0,0.5,offense,,
2023,NYJ,1,41-60,3.0,1.0,offense,,
2023,CIN,11+,21-40,2.0,0.0,offense,,
2023,NE,2,21-40,1.0,0.0,offense,,
2023,HOU,1,21-40,2.0,0.5,offense,,
2023,DET,11+,21-40,3.0,0.0,offense,,
2023,CIN,1,0-20,5.0,0.4,offense,,
2023,CIN,3-5,21-40,5.0,0.2,offense,,
2023,LV,6-10,41-60,2.0,0.0,offense,,
2023,IND,11+,81-100,3.0,0.0,offense,,
2023,NYG,6-10,61-80,2.0,0.5,offense,,
2023,PHI,11+,41-60,1.0,0.0,offense,,
2023,CIN,2,41-60,1.0,0.0,offense,,
2023,CLE,2,41-60,2.0,0.0,offense,,
2023,NO,2,21-40,2.0,1.0,offense,,
2023,WAS,6-10,61-80,2.0,0.0,offense,,
2023,KC,2,21-40,1.0,0.0,offense,,
2023,DET,1,41-60,3.0,0.6666666666666666,offense,,
2023,NE,11+,61-80,2.0,0.0,offense,,
2023,BUF,3-5,41-60,1.0,0.0,offense,,
2023,DAL,1,41-60,2.0,1.0,offense,,
2023,DAL,6-10,21-40,1.0,0.0,offense,,
2023,CAR,3-5,41-60,2.0,0.5,offense,,
2023,NYG,1,61-80,2.0,0.0,offense,,
2023,CHI,6-10,21-40,3.0,0.3333333333333333,offense,,
2023,CLE,11+,0-20,2.0,0.0,offense,,
2023,SEA,3-5,41-60,3.0,0.0,offense,,
2023,PIT,1,61-80,2.0,1.0,offense,,
2023,TB,11+,41-60,1.0,0.0,offense,,
2023,DEN,2,41-60,1.0,0.0,offense,,
2023,DET,3-5,61-80,1.0,0.0,offense,,
2023,MIA,2,0-20,2.0,0.5,offense,,
2023,KC,11+,41-60,1.0,0.0,offense,,
2023,LA,3-5,61-80,1.0,0.0,offense,,
2023,MIN,2,21-40,2.0,0.5,offense,,
2023,DAL,2,41-60,2.0,1.0,offense,,
2023,LA,3-5,41-60,1.0,0.0,offense,,
2023,SF,11+,0-20,2.0,0.0,offense,,
2023,DET,11+,41-60,1.0,0.0,offense,,
2023,MIA,3-5,61-80,1.0,0.0,offense,,
2023,ATL,2,0-20,1.0,0.0,offense,,
2024,HOU,2,0-20,1.0,1.0,offense,,
2024,PIT,11+,61-80,1.0,0.0,offense,,
2018,JAX,6-10,0-20,2.0,0.5,offense,,
2021,BAL,6-10,0-20,1.0,1.0,offense,,
2023,NYG,1,41-60,6.0,0.3333333333333333,offense,,
2023,WAS,6-10,0-20,1.0,0.0,offense,,
2024,CIN,3-5,0-20,4.0,0.75,offense,,
2024,IND,3-5,41-60,4.0,0.5,offense,,
2024,BAL,6-10,41-60,3.0,0.3333333333333333,offense,,
2024,DAL,3-5,0-20,3.0,0.3333333333333333,offense,,
2024,SF,2,41-60,1.0,0.0,offense,,
2024,BAL,11+,61-80,1.0,0.0,offense,,
2024,DAL,11+,21-40,2.0,0.0,offense,,
2024,LV,1,61-80,3.0,0.6666666666666666,offense,,
2024,TB,2,41-60,1.0,0.0,offense,,
2024,ARI,1,21-40,5.0,0.0,offense,,
2024,GB,3-5,61-80,2.0,0.5,offense,,
2024,MIN,1,21-40,2.0,0.5,offense,,
2024,JAX,2,61-80,1.0,0.0,offense,,
2024,MIA,11+,21-40,3.0,0.3333333333333333,offense,,
2024,NE,6-10,21-40,3.0,0.6666666666666666,offense,,
2024,WAS,3-5,21-40,6.0,0.6666666666666666,offense,,
2024,BUF,1,61-80,3.0,1.0,offense,,
2024,NO,1,21-40,6.0,0.8333333333333334,offense,,
2024,SEA,3-5,0-20,1.0,0.0,offense,,
2024,MIA,1,41-60,2.0,0.5,offense,,
2024,LA,1,41-60,5.0,0.8,offense,,
2024,JAX,2,21-40,3.0,0.6666666666666666,offense,,
2024,SEA,3-5,61-80,1.0,0.0,offense,,
2024,NYJ,2,21-40,1.0,0.0,offense,,
2024,PHI,1,21-40,7.0,0.7142857142857143,offense,,
2024,DAL,3-5,61-80,3.0,0.6666666666666666,offense,,
2024,NE,3-5,21-40,2.0,1.0,offense,,
2024,CHI,3-5,21-40,6.0,0.6666666666666666,offense,,
2024,DEN,2,21-40,2.0,1.0,offense,,
2024,PIT,1,0-20,3.0,0.6666666666666666,offense,,
2024,LV,2,0-20,1.0,1.0,offense,,
2024,CIN,2,41-60,3.0,0.3333333333333333,offense,,
2024,DET,6-10,61-80,2.0,0.0,offense,,
2024,LV,3-5,0-20,2.0,0.0,offense,,
2024,NYJ,1,21-40,3.0,0.3333333333333333,offense,,
2024,PIT,2,0-20,1.0,1.0,offense,,
2024,CAR,6-10,61-80,4.0,0.0,offense,,
2024,PHI,1,61-80,2.0,0.5,offense,,
2024,CHI,3-5,41-60,7.0,0.5714285714285714,offense,,
2024,DEN,2,0-20,3.0,0.3333333333333333,offense,,
2024,IND,2,21-40,1.0,0.0,offense,,
2024,LV,11+,21-40,1.0,0.0,offense,,
2024,KC,1,41-60,2.0,0.5,offense,,
2024,CIN,2,21-40,3.0,0.3333333333333333,offense,,
2024,ATL,2,41-60,2.0,0.5,offense,,
2024,GB,3-5,41-60,4.0,0.0,offense,,
2024,CHI,2,21-40,1.0,1.0,offense,,
2024,DET,1,41-60,3.0,0.6666666666666666,offense,,
2024,BUF,2,21-40,3.0,1.0,offense,,
2024,PHI,11+,21-40,1.0,0.0,offense,,
2024,ATL,6-10,41-60,2.0,0.0,offense,,
2024,CAR,1,21-40,1.0,1.0,offense,,
2024,CHI,11+,21-40,1.0,0.0,offense,,
2024,TB,3-5,41-60,1.0,0.0,offense,,
2024,IND,1,41-60,3.0,0.3333333333333333,offense,,
2024,ARI,6-10,21-40,2.0,0.0,offense,,
2024,HOU,6-10,0-20,1.0,0.0,offense,,
2024,LAC,3-5,41-60,2.0,1.0,offense,,
2024,BUF,2,0-20,1.0,1.0,offense,,
2024,IND,3-5,81-100,1.0,0.0,offense,,
2016,BAL,1,41-60,4.0,0.5,offense,,
2016,JAX,3-5,41-60,4.0,0.6666666666666666,offense,,
2016,NO,3-5,41-60,2.0,0.5,offense,,
2016,WAS,6-10,21-40,1.0,0.0,offense,,
2016,WAS,6-10,61-80,2.0,0.0,offense,,
2016,PIT,6-10,41-60,2.0,0.0,offense,,
2016,CAR,1,0-20,2.0,0.5,offense,,
2016,TB,11+,41-60,2.0,0.0,offense,,
2016,ARI,1,0-20,2.0,0.0,offense,,
2016,BAL,11+,61-80,3.0,0.0,offense,,
2016,HOU,2,41-60,1.0,0.0,offense,,
2016,IND,3-5,21-40,2.0,0.0,offense,,
2016,NE,11+,41-60,1.0,0.0,offense,,
2016,NE,6-10,21-40,1.0,0.0,offense,,
2016,CLE,6-10,21-40,3.0,0.6666666666666666,offense,,
2016,CIN,11+,81-100,1.0,0.0,offense,,
2016,BAL,1,0-20,2.0,0.5,offense,,
2016,HOU,11+,21-40,2.0,0.0,offense,,
2016,ARI,3-5,0-20,1.0,0.0,offense,,
2016,SF,3-5,61-80,1.0,1.0,offense,,
2016,DEN,1,21-40,2.0,1.0,offense,,
2016,PIT,2,21-40,2.0,0.5,offense,,
2016,NYJ,6-10,41-60,2.0,0.0,offense,,
2016,CLE,3-5,21-40,3.0,0.6666666666666666,offense,,
2016,IND,11+,61-80,2.0,0.0,offense,,
2016,LA,1,0-20,2.0,0.0,offense,,
2016,MIN,3-5,61-80,1.0,0.0,offense,,
2016,MIN,2,41-60,2.0,0.5,offense,,
2016,BUF,3-5,21-40,1.0,1.0,offense,,
2016,DAL,6-10,61-80,1.0,1.0,offense,,
2016,NO,11+,0-20,1.0,0.0,offense,,
2016,LA,6-10,0-20,1.0,1.0,offense,,
2016,PHI,6-10,0-20,1.0,0.0,offense,,
2016,CHI,11+,61-80,1.0,0.0,offense,,
2016,MIN,11+,21-40,2.0,0.5,offense,,
2016,SF,2,21-40,2.0,0.5,offense,,
2016,MIA,11+,21-40,2.0,0.0,offense,,
2016,IND,6-10,21-40,1.0,0.0,offense,,
2016,ARI,6-10,21-40,2.0,0.0,offense,,
2016,BAL,6-10,61-80,1.0,0.0,offense,,
2016,SF,11+,61-80,1.0,1.0,offense,,
2016,KC,1,0-20,2.0,0.5,offense,,
2016,TB,2,0-20,1.0,0.0,offense,,
2016,ARI,1,61-80,1.0,1.0,offense,,
2016,SEA,1,0-20,2.0,0.0,offense,,
2016,HOU,1,61-80,1.0,1.0,offense,,
2016,HOU,3-5,0-20,1.0,1.0,offense,,
2017,CHI,3-5,0-20,2.0,0.0,offense,,
2017,SF,1,0-20,5.0,0.6,offense,,
2017,NYG,3-5,41-60,3.0,0.6666666666666666,offense,,
2017,DAL,1,21-40,3.0,1.0,offense,,
2017,GB,3-5,41-60,2.0,1.0,offense,,
2017,MIA,6-10,41-60,4.0,0.0,offense,,
2017,LA,6-10,41-60,2.0,1.0,offense,,
2017,JAX,1,21-40,2.0,0.5,offense,,
2017,KC,3-5,61-80,1.0,0.0,offense,,
2017,MIA,6-10,61-80,1.0,0.0,offense,,
2017,NYJ,1,21-40,2.0,0.0,offense,,
2017,PHI,1,41-60,7.0,0.8571428571428571,offense,,
2017,ATL,3-5,61-80,2.0,1.0,offense,,
2017,CLE,6-10,41-60,3.0,0.6666666666666666,offense,,
2017,NYJ,11+,41-60,2.0,0.5,offense,,
2017,NO,1,21-40,3.0,0.6666666666666666,offense,,
2017,LV,11+,81-100,1.0,0.0,offense,,
2017,SF,3-5,0-20,2.0,1.0,offense,,
2017,LV,2,41-60,2.0,0.0,offense,,
2017,ATL,11+,41-60,1.0,0.0,offense,,
2017,PIT,1,21-40,1.0,0.0,offense,,
2017,DAL,11+,0-20,1.0,0.0,offense,,
2017,IND,2,0-20,1.0,0.0,offense,,
2017,NYJ,3-5,61-80,1.0,1.0,offense,,
2017,DET,6-10,0-20,1.0,0.0,offense,,
2017,CAR,1,21-40,1.0,1.0,offense,,
2017,PHI,3-5,41-60,1.0,0.0,offense,,
2017,DEN,6-10,0-20,2.0,0.5,offense,,
2017,DAL,11+,61-80,1.0,1.0,offense,,
2017,NO,6-10,41-60,1.0,0.0,offense,,
2017,JAX,6-10,0-20,1.0,0.0,offense,,
2017,LV,6-10,61-80,3.0,0.0,offense,,
2017,LV,3-5,21-40,1.0,0.0,offense,,
2017,PHI,3-5,0-20,1.0,1.0,offense,,
2017,TEN,6-10,41-60,1.0,0.0,offense,,
2017,WAS,1,81-100,1.0,1.0,offense,,
2017,NO,2,0-20,2.0,1.0,offense,,
2017,DAL,2,41-60,1.0,0.0,offense,,
2017,NYJ,3-5,41-60,1.0,0.0,offense,,
2017,PHI,2,0-20,1.0,1.0,offense,,
2017,ARI,1,41-60,1.0,1.0,offense,,
2017,DEN,11+,0-20,2.0,0.0,offense,,
2017,IND,6-10,61-80,1.0,0.0,offense,,
2017,SEA,3-5,41-60,1.0,0.0,offense,,
2017,IND,1,61-80,1.0,1.0,offense,,
2017,NYG,2,41-60,1.0,0.0,offense,,
2017,DAL,11+,21-40,1.0,0.0,offense,,
2017,CAR,1,0-20,2.0,1.0,offense,,
2017,KC,1,21-40,1.0,1.0,offense,,
2017,DEN,3-5,0-20,1.0,1.0,offense,,
2017,TB,6-10,81-100,1.0,1.0,offense,,
2018,PHI,11+,61-80,1.0,,offense,,
2018,GB,6-10,21-40,1.0,0.0,offense,,
2018,MIN,3-5,0-20,1.0,0.0,offense,,
2018,CLE,1,21-40,2.0,0.5,offense,,
2018,TEN,6-10,61-80,2.0,0.5,offense,,
2018,WAS,2,41-60,1.0,1.0,offense,,
2018,LV,1,21-40,2.0,0.5,offense,,
2018,PHI,2,0-20,2.0,0.5,offense,,
2018,IND,1,61-80,1.0,0.0,offense,,
2018,IND,3-5,0-20,1.0,0.0,offense,,
2018,LV,1,0-20,4.0,0.5,offense,,
2018,TEN,11+,21-40,1.0,0.0,offense,,
2018,DAL,1,0-20,3.0,0.6666666666666666,offense,,
2018,HOU,6-10,21-40,2.0,0.5,offense,,
2018,TEN,2,21-40,1.0,1.0,offense,,
2018,SEA,1,41-60,3.0,0.6666666666666666,offense,,
2018,CLE,3-5,21-40,2.0,0.0,offense,,
2018,WAS,6-10,21-40,3.0,0.3333333333333333,offense,,
2018,CLE,1,41-60,4.0,0.5,offense,,
2018,NYG,3-5,0-20,2.0,0.0,offense,,
2018,CLE,1,0-20,3.0,0.3333333333333333,offense,,
2018,CAR,2,41-60,2.0,0.5,offense,,
2018,SEA,6-10,41-60,1.0,0.0,offense,,
2018,SEA,1,0-20,3.0,0.6666666666666666,offense,,
2018,NE,1,0-20,3.0,0.3333333333333333,offense,,
2018,NE,11+,61-80,1.0,0.0,offense,,
2018,SEA,3-5,21-40,2.0,1.0,offense,,
2018,NYJ,6-10,41-60,2.0,0.5,offense,,
2018,CAR,11+,41-60,1.0,,offense,,
2018,SEA,6-10,21-40,1.0,0.0,offense,,
2018,NYG,6-10,41-60,4.0,0.25,offense,,
2018,ARI,6-10,61-80,1.0,0.0,offense,,
2018,ATL,6-10,21-40,1.0,0.0,offense,,
2018,DEN,11+,81-100,3.0,0.0,offense,,
2018,HOU,1,41-60,1.0,1.0,offense,,
2018,ATL,1,21-40,1.0,1.0,offense,,
2018,KC,3-5,41-60,1.0,0.0,offense,,
2018,NYG,3-5,41-60,1.0,0.0,offense,,
2018,NYJ,1,61-80,1.0,1.0,offense,,
2018,GB,1,0-20,1.0,1.0,offense,,
2018,DET,6-10,61-80,1.0,0.0,offense,,
2018,ARI,1,61-80,1.0,1.0,offense,,
2018,NO,2,0-20,1.0,0.0,offense,,
2018,MIN,3-5,21-40,1.0,0.0,offense,,
2019,MIN,2,41-60,2.0,0.0,offense,,
2019,CIN,3-5,41-60,2.0,0.5,offense,,
2019,PIT,6-10,41-60,3.0,0.0,offense,,
2019,TB,2,0-20,3.0,0.6666666666666666,offense,,
2019,TEN,3-5,81-100,1.0,0.0,offense,,
2019,DEN,2,41-60,2.0,0.5,offense,,
2019,CHI,11+,41-60,2.0,0.5,offense,,
2019,PHI,3-5,0-20,2.0,0.5,offense,,
2019,CAR,1,41-60,3.0,0.0,offense,,
2019,CAR,2,0-20,3.0,0.6666666666666666,offense,,
2019,WAS,2,0-20,1.0,1.0,offense,,
2019,PHI,3-5,41-60,1.0,0.0,offense,,
2019,LAC,11+,21-40,1.0,0.0,offense,,
2019,CLE,6-10,21-40,3.0,0.3333333333333333,offense,,
2019,LV,3-5,41-60,1.0,1.0,offense,,
2019,JAX,3-5,81-100,1.0,,offense,,
2019,DAL,1,41-60,3.0,0.3333333333333333,offense,,
2019,JAX,11+,41-60,1.0,0.0,offense,,
2019,JAX,1,0-20,2.0,0.5,offense,,
2019,NYG,2,21-40,1.0,1.0,offense,,
2019,ARI,2,0-20,2.0,0.5,offense,,
2019,NE,1,21-40,2.0,0.5,offense,,
2019,JAX,2,21-40,1.0,0.0,offense,,
2019,HOU,6-10,81-100,1.0,0.0,offense,,
2019,MIA,1,0-20,4.0,0.5,offense,,
2019,DET,6-10,21-40,3.0,0.0,offense,,
2019,SEA,3-5,61-80,2.0,0.5,offense,,
2019,MIN,1,21-40,1.0,1.0,offense,,
2019,MIN,1,61-80,2.0,0.5,offense,,
2019,IND,2,0-20,1.0,1.0,offense,,
2019,NO,2,81-100,1.0,0.0,offense,,
2019,KC,6-10,21-40,1.0,0.0,offense,,
2019,MIA,6-10,61-80,2.0,0.0,offense,,
2019,HOU,3-5,61-80,1.0,0.0,offense,,
2019,LAC,3-5,81-100,1.0,1.0,offense,,
2019,NE,11+,0-20,1.0,0.0,offense,,
2019,ATL,6-10,21-40,2.0,0.5,offense,,
2019,LAC,11+,61-80,2.0,0.5,offense,,
2019,NYJ,6-10,21-40,1.0,0.0,offense,,
2019,DAL,1,0-20,2.0,1.0,offense,,
2019,DET,3-5,0-20,1.0,1.0,offense,,
2019,PHI,1,41-60,1.0,0.0,offense,,
2019,SEA,11+,81-100,1.0,1.0,offense,,
2019,DEN,1,41-60,2.0,1.0,offense,,
2019,JAX,1,21-40,1.0,0.0,offense,,
2019,DET,6-10,61-80,1.0,0.0,offense,,
2019,TB,2,21-40,1.0,0.0,offense,,
2020,CLE,3-5,61-80,3.0,0.0,offense,,
2020,CLE,6-10,21-40,4.0,0.25,offense,,
2020,DAL,1,61-80,3.0,0.6666666666666666,offense,,
2020,GB,1,21-40,4.0,0.75,offense,,
2020,MIN,3-5,21-40,2.0,0.0,offense,,
2020,PHI,3-5,41-60,5.0,0.0,offense,,
2020,CIN,3-5,0-20,2.0,0.5,offense,,
2020,WAS,1,41-60,6.0,0.6666666666666666,offense,,
2020,ARI,3-5,21-40,1.0,1.0,offense,,
2020,DAL,1,41-60,5.0,0.8,offense,,
2020,DAL,6-10,41-60,4.0,0.25,offense,,
2020,LA,3-5,41-60,1.0,0.0,offense,,
2020,TB,2,61-80,2.0,0.0,offense,,
2020,MIN,11+,21-40,2.0,0.0,offense,,
2020,MIN,6-10,41-60,2.0,0.0,offense,,
2020,WAS,2,0-20,1.0,1.0,offense,,
2020,CLE,3-5,0-20,1.0,0.0,offense,,
2020,CAR,2,41-60,1.0,1.0,offense,,
2020,NYJ,3-5,41-60,2.0,0.5,offense,,
2020,CHI,2,61-80,1.0,0.0,offense,,
2020,LAC,1,21-40,3.0,0.3333333333333333,offense,,
2020,DET,2,21-40,1.0,1.0,offense,,
2020,IND,2,0-20,1.0,1.0,offense,,
2020,NYG,11+,41-60,3.0,0.3333333333333333,offense,,
2020,ARI,6-10,61-80,1.0,0.0,offense,,
2020,ATL,3-5,41-60,1.0,0.0,offense,,
2020,PHI,1,0-20,1.0,0.0,offense,,
2020,CHI,1,81-100,1.0,0.0,offense,,
2020,ATL,3-5,0-20,3.0,0.6666666666666666,offense,,
2020,DEN,6-10,41-60,2.0,0.5,offense,,
2020,DET,6-10,0-20,1.0,0.0,offense,,
2020,NO,1,41-60,2.0,0.5,offense,,
2020,TB,2,21-40,2.0,0.5,offense,,
2020,LAC,1,61-80,1.0,0.0,offense,,
2020,TB,1,0-20,1.0,0.0,offense,,
2020,CIN,6-10,61-80,2.0,0.5,offense,,
2020,CIN,11+,61-80,3.0,1.0,offense,,
2020,DEN,6-10,0-20,1.0,1.0,offense,,
2020,HOU,2,0-20,1.0,0.0,offense,,
2020,TEN,3-5,0-20,3.0,0.3333333333333333,offense,,
2020,JAX,6-10,41-60,1.0,0.0,offense,,
2020,LAC,6-10,81-100,2.0,0.0,offense,,
2020,ATL,11+,61-80,1.0,1.0,offense,,
2020,ATL,1,61-80,1.0,1.0,offense,,
2020,WAS,1,61-80,2.0,0.0,offense,,
2020,DET,11+,61-80,1.0,0.0,offense,,
2020,CHI,11+,21-40,2.0,0.5,offense,,
2020,CLE,1,21-40,2.0,0.0,offense,,
2020,LAC,11+,41-60,2.0,0.5,offense,,
2020,NO,1,61-80,1.0,0.0,offense,,
2020,CIN,1,81-100,1.0,1.0,offense,,
2020,NYG,3-5,41-60,1.0,0.0,offense,,
2020,CIN,2,61-80,1.0,1.0,offense,,
2020,SF,11+,41-60,1.0,0.0,offense,,
2020,LA,3-5,81-100,1.0,0.0,offense,,
2020,ARI,6-10,41-60,1.0,0.0,offense,,
2020,GB,6-10,0-20,1.0,0.0,offense,,
2020,LV,6-10,0-20,1.0,0.0,offense,,
2020,DEN,1,21-40,1.0,0.0,offense,,
2020,BUF,6-10,81-100,1.0,0.0,offense,,
2021,CHI,11+,21-40,2.0,0.0,offense,,
2021,TB,3-5,21-40,2.0,0.5,offense,,
2021,TB,6-10,61-80,2.0,0.0,offense,,
2021,NO,6-10,41-60,3.0,0.6666666666666666,offense,,
2021,NO,3-5,0-20,1.0,0.0,offense,,
2021,HOU,2,21-40,2.0,0.5,offense,,
2021,MIN,3-5,41-60,5.0,0.4,offense,,
2021,CAR,2,0-20,1.0,0.0,offense,,
2021,CAR,6-10,21-40,5.0,0.2,offense,,
2021,IND,1,61-80,2.0,0.5,offense,,
2021,IND,1,21-40,5.0,0.8,offense,,
2021,DET,1,61-80,6.0,0.6666666666666666,offense,,
2021,LAC,11+,41-60,2.0,0.0,offense,,
2021,IND,1,0-20,6.0,0.6666666666666666,offense,,
2021,PIT,3-5,21-40,6.0,0.1666666666666666,offense,,
2021,NO,1,61-80,5.0,0.6,offense,,
2021,TEN,2,21-40,3.0,0.3333333333333333,offense,,
2021,PIT,2,61-80,2.0,0.0,offense,,
2021,IND,1,41-60,5.0,1.0,offense,,
2021,LAC,3-5,21-40,6.0,0.3333333333333333,offense,,
2021,LAC,6-10,21-40,3.0,0.6666666666666666,offense,,
2021,MIA,3-5,41-60,4.0,0.0,offense,,
2021,PHI,6-10,41-60,2.0,0.0,offense,,
2021,CAR,1,61-80,4.0,1.0,offense,,
2021,DET,3-5,0-20,4.0,0.25,offense,,
2021,JAX,2,61-80,3.0,0.3333333333333333,offense,,
2021,LAC,2,41-60,3.0,1.0,offense,,
2021,SEA,6-10,61-80,2.0,0.5,offense,,
2021,SF,2,41-60,1.0,0.0,offense,,
2021,TEN,2,41-60,3.0,1.0,offense,,
2021,ATL,2,41-60,2.0,0.5,offense,,
2021,CLE,6-10,41-60,2.0,0.5,offense,,
2021,PIT,11+,21-40,2.0,0.0,offense,,
2021,WAS,11+,41-60,3.0,0.3333333333333333,offense,,
2021,SF,1,0-20,2.0,0.5,offense,,
2021,DAL,3-5,61-80,1.0,1.0,offense,,
2021,BAL,6-10,41-60,3.0,0.0,offense,,
2021,NYJ,3-5,41-60,3.0,0.6666666666666666,offense,,
2021,HOU,11+,81-100,1.0,,offense,,
2021,NE,1,0-20,1.0,0.0,offense,,
2021,NYG,11+,61-80,1.0,0.0,offense,,
2021,WAS,11+,21-40,2.0,0.0,offense,,
2021,ARI,3-5,21-40,2.0,0.0,offense,,
2021,DAL,6-10,61-80,2.0,0.0,offense,,
2021,NYJ,6-10,81-100,1.0,1.0,offense,,
2021,LA,11+,0-20,1.0,0.0,offense,,
2021,DEN,1,21-40,1.0,0.0,offense,,
2021,GB,2,21-40,2.0,0.5,offense,,
2021,TB,6-10,41-60,1.0,1.0,offense,,
2021,CLE,2,41-60,1.0,0.0,offense,,
2021,TB,11+,41-60,1.0,0.0,offense,,
2021,NYG,2,41-60,1.0,1.0,offense,,
2021,TB,6-10,21-40,1.0,1.0,offense,,
2021,PHI,1,21-40,4.0,0.25,offense,,
2021,SEA,3-5,61-80,3.0,0.0,offense,,
2021,CAR,3-5,0-20,3.0,0.3333333333333333,offense,,
2021,DEN,11+,81-100,1.0,0.0,offense,,
2021,TB,3-5,81-100,1.0,0.0,offense,,
2021,NO,11+,21-40,2.0,0.0,offense,,
2021,NYJ,3-5,0-20,1.0,0.0,offense,,
2021,PIT,1,61-80,1.0,0.0,offense,,
2021,PIT,2,21-40,1.0,1.0,offense,,
2021,LAC,6-10,41-60,1.0,1.0,offense,,
2022,NYJ,3-5,0-20,2.0,0.5,offense,,
2022,MIN,2,0-20,1.0,0.0,offense,,
2022,ATL,2,41-60,4.0,0.25,offense,,
2022,ATL,1,41-60,3.0,0.3333333333333333,offense,,
2022,CIN,1,21-40,3.0,0.3333333333333333,offense,,
2022,CHI,11+,61-80,2.0,0.0,offense,,
2022,SF,6-10,41-60,2.0,0.0,offense,,
2022,ARI,1,0-20,4.0,0.5,offense,,
2022,ATL,1,0-20,3.0,0.6666666666666666,offense,,
2022,LAC,3-5,61-80,2.0,0.5,offense,,
2022,BAL,1,0-20,4.0,0.25,offense,,
2022,NO,3-5,21-40,3.0,0.0,offense,,
2022,NYG,2,41-60,1.0,0.0,offense,,
2022,DAL,3-5,41-60,1.0,1.0,offense,,
2022,MIN,6-10,41-60,4.0,0.5,offense,,
2022,GB,3-5,41-60,4.0,0.0,offense,,
2022,KC,11+,21-40,1.0,0.0,offense,,
2022,ARI,2,41-60,3.0,1.0,offense,,
2022,LV,1,21-40,4.0,1.0,offense,,
2022,CAR,11+,61-80,3.0,0.0,offense,,
2022,CLE,1,21-40,6.0,0.6666666666666666,offense,,
2022,CLE,3-5,0-20,4.0,0.5,offense,,
2022,CLE,1,61-80,3.0,0.6666666666666666,offense,,
2022,LA,1,21-40,2.0,1.0,offense,,
2022,DET,6-10,21-40,1.0,0.0,offense,,
2022,DEN,1,21-40,3.0,1.0,offense,,
2022,LV,1,41-60,3.0,0.3333333333333333,offense,,
2022,SEA,3-5,61-80,3.0,0.3333333333333333,offense,,
2022,CAR,11+,21-40,3.0,0.0,offense,,
2022,NYG,11+,61-80,1.0,0.0,offense,,
2022,BUF,3-5,0-20,2.0,0.5,offense,,
2022,TB,6-10,0-20,3.0,0.3333333333333333,offense,,
2022,HOU,6-10,61-80,2.0,1.0,offense,,
2022,HOU,6-10,0-20,1.0,0.0,offense,,
2022,DEN,6-10,41-60,2.0,0.0,offense,,
2022,PIT,6-10,61-80,2.0,0.5,offense,,
2022,LV,2,41-60,3.0,0.3333333333333333,offense,,
2022,DET,2,61-80,1.0,1.0,offense,,
2022,NYJ,3-5,21-40,3.0,0.3333333333333333,offense,,
2022,GB,2,41-60,1.0,1.0,offense,,
2022,MIA,1,0-20,3.0,0.3333333333333333,offense,,
2022,CLE,3-5,41-60,2.0,0.0,offense,,
2022,DAL,3-5,21-40,1.0,0.0,offense,,
2022,DEN,6-10,21-40,4.0,0.0,offense,,
2022,NYG,3-5,21-40,2.0,0.0,offense,,
2022,NYJ,6-10,61-80,3.0,0.0,offense,,
2022,HOU,2,61-80,1.0,1.0,offense,,
2022,DEN,11+,0-20,2.0,0.0,offense,,
2022,LA,2,0-20,1.0,1.0,offense,,
2022,LV,6-10,41-60,1.0,0.0,offense,,
2022,CLE,6-10,41-60,2.0,0.0,offense,,
2022,NYG,3-5,41-60,1.0,0.0,offense,,
2022,DAL,1,0-20,2.0,0.5,offense,,
2022,HOU,6-10,41-60,1.0,0.0,offense,,
2022,GB,2,0-20,1.0,1.0,offense,,
2022,WAS,6-10,0-20,1.0,0.0,offense,,
2022,NYG,2,21-40,2.0,0.5,offense,,
2022,PHI,6-10,0-20,1.0,0.0,offense,,
2022,SEA,3-5,41-60,1.0,0.0,offense,,
2022,MIA,11+,61-80,1.0,0.0,offense,,
2022,NO,1,41-60,1.0,0.0,offense,,
2022,LV,11+,41-60,1.0,0.0,offense,,
2022,MIN,6-10,0-20,1.0,0.0,offense,,
2023,NYG,3-5,41-60,5.0,0.4,offense,,
2023,NYG,6-10,41-60,5.0,0.4,offense,,
2023,DEN,11+,41-60,1.0,0.0,offense,,
2023,PHI,11+,61-80,1.0,0.0,offense,,
2023,PIT,6-10,61-80,3.0,0.3333333333333333,offense,,
2023,SF,11+,41-60,3.0,0.0,offense,,
2023,CLE,6-10,41-60,5.0,0.0,offense,,
2023,TEN,3-5,41-60,5.0,0.2,offense,,
2023,LAC,3-5,0-20,2.0,0.5,offense,,
2023,MIN,3-5,41-60,3.0,0.6666666666666666,offense,,
2023,CAR,1,21-40,5.0,0.4,offense,,
2023,NYJ,3-5,41-60,5.0,0.4,offense,,
2023,DET,3-5,21-40,6.0,0.5,offense,,
2023,SEA,1,41-60,2.0,0.5,offense,,
2023,LA,2,41-60,4.0,0.25,offense,,
2023,DEN,3-5,61-80,3.0,0.6666666666666666,offense,,
2023,CAR,6-10,61-80,4.0,0.0,offense,,
2023,ARI,3-5,21-40,4.0,0.0,offense,,
2023,DAL,3-5,0-20,3.0,0.0,offense,,
2023,MIA,1,61-80,2.0,0.0,offense,,
2023,MIA,1,0-20,4.0,0.75,offense,,
2023,MIN,6-10,21-40,2.0,1.0,offense,,
2023,NYJ,6-10,41-60,4.0,0.25,offense,,
2023,PHI,2,0-20,2.0,0.5,offense,,
2023,CLE,1,21-40,2.0,1.0,offense,,
2023,GB,6-10,0-20,1.0,1.0,offense,,
2023,CAR,1,41-60,3.0,0.6666666666666666,offense,,
2023,MIN,3-5,61-80,2.0,0.5,offense,,
2023,SEA,1,0-20,2.0,0.0,offense,,
2023,NO,1,41-60,3.0,0.6666666666666666,offense,,
2023,WAS,11+,81-100,2.0,0.0,offense,,
2023,MIN,6-10,0-20,2.0,0.5,offense,,
2023,CAR,3-5,61-80,1.0,0.0,offense,,
2023,KC,2,0-20,1.0,0.0,offense,,
2023,NYJ,11+,21-40,2.0,0.0,offense,,
2023,ATL,3-5,61-80,2.0,0.0,offense,,
2023,BAL,1,0-20,3.0,0.6666666666666666,offense,,
2023,DET,6-10,0-20,4.0,0.0,offense,,
2023,NO,1,0-20,3.0,0.3333333333333333,offense,,
2023,LV,3-5,61-80,2.0,0.5,offense,,
2023,ATL,1,61-80,2.0,0.5,offense,,
2023,CHI,2,0-20,1.0,1.0,offense,,
2023,KC,11+,81-100,1.0,0.0,offense,,
2023,WAS,3-5,61-80,1.0,0.0,offense,,
2023,LA,2,21-40,2.0,0.5,offense,,
2023,TEN,6-10,61-80,2.0,0.0,offense,,
2023,CAR,1,81-100,1.0,1.0,offense,,
2023,DAL,2,0-20,1.0,0.0,offense,,
2023,NYG,2,61-80,1.0,1.0,offense,,
2023,LAC,6-10,61-80,1.0,0.0,offense,,
2023,MIN,11+,61-80,1.0,0.0,offense,,
2023,BAL,11+,41-60,1.0,0.0,offense,,
2023,SEA,11+,41-60,3.0,0.0,offense,,
2023,WAS,1,61-80,2.0,0.5,offense,,
2023,IND,2,41-60,1.0,1.0,offense,,
2023,NE,6-10,41-60,2.0,0.0,offense,,
2023,DAL,2,21-40,4.0,0.75,offense,,
2023,PHI,6-10,21-40,2.0,0.0,offense,,
2023,BAL,3-5,21-40,1.0,1.0,offense,,
2023,CHI,3-5,61-80,1.0,0.0,offense,,
2023,BUF,11+,81-100,1.0,0.0,offense,,
2023,CLE,3-5,0-20,2.0,0.5,offense,,
2023,KC,6-10,0-20,1.0,0.0,offense,,
2023,TEN,1,21-40,1.0,1.0,offense,,
2023,ATL,11+,81-100,1.0,0.0,offense,,
2023,BAL,2,41-60,1.0,0.0,offense,,
2023,PIT,1,41-60,1.0,1.0,offense,,
2024,GB,11+,61-80,1.0,,offense,,
2018,GB,11+,81-100,1.0,0.0,offense,,
2024,MIA,2,0-20,4.0,0.5,offense,,
2024,CHI,11+,41-60,4.0,0.0,offense,,
2024,IND,11+,0-20,1.0,1.0,offense,,
2024,CAR,11+,41-60,2.0,0.0,offense,,
2024,SF,2,0-20,1.0,0.0,offense,,
2024,DET,6-10,21-40,3.0,0.3333333333333333,offense,,
2024,LV,3-5,21-40,2.0,0.5,offense,,
2024,GB,6-10,21-40,5.0,0.0,offense,,
2024,HOU,11+,41-60,2.0,0.0,offense,,
2024,HOU,2,41-60,3.0,1.0,offense,,
2024,NE,2,41-60,2.0,0.5,offense,,
2024,PHI,1,0-20,4.0,0.5,offense,,
2024,BUF,2,41-60,2.0,0.5,offense,,
2024,NYG,3-5,41-60,3.0,0.3333333333333333,offense,,
2024,NYJ,1,0-20,2.0,0.5,offense,,
2024,SEA,11+,41-60,1.0,0.0,offense,,
2024,WAS,6-10,41-60,2.0,0.0,offense,,
2024,IND,1,0-20,1.0,1.0,offense,,
2024,DEN,1,61-80,2.0,1.0,offense,,
2024,NO,6-10,41-60,3.0,0.0,offense,,
2024,NYJ,11+,61-80,1.0,0.0,offense,,
2024,NYG,2,61-80,1.0,0.0,offense,,
2024,DAL,2,61-80,2.0,0.0,offense,,
2024,SEA,6-10,41-60,2.0,1.0,offense,,
2024,WAS,6-10,0-20,1.0,1.0,offense,,
2024,LV,1,41-60,3.0,0.6666666666666666,offense,,
2024,MIA,2,21-40,1.0,0.0,offense,,
2024,CAR,6-10,41-60,5.0,0.6,offense,,
2024,LV,1,21-40,2.0,0.5,offense,,
2024,CIN,1,61-80,3.0,0.3333333333333333,offense,,
2024,SEA,11+,81-100,1.0,0.0,offense,,
2024,NO,2,0-20,1.0,0.0,offense,,
2024,PIT,11+,81-100,1.0,0.0,offense,,
2024,IND,3-5,61-80,1.0,0.0,offense,,
2024,LAC,6-10,21-40,2.0,0.0,offense,,
2024,PIT,2,21-40,1.0,0.0,offense,,
2024,PIT,1,21-40,1.0,1.0,offense,,
2024,SF,2,21-40,1.0,0.0,offense,,
2024,GB,2,21-40,5.0,0.4,offense,,
2024,MIN,11+,21-40,1.0,0.0,offense,,
2024,CAR,6-10,21-40,1.0,0.0,offense,,
2024,CIN,11+,41-60,1.0,0.0,offense,,
2024,DET,3-5,61-80,1.0,1.0,offense,,
2024,WAS,1,41-60,3.0,0.6666666666666666,offense,,
2024,ARI,11+,81-100,1.0,0.0,offense,,
2024,BUF,1,41-60,1.0,0.0,offense,,
2024,TEN,3-5,21-40,2.0,0.5,offense,,
2024,MIN,2,0-20,2.0,0.5,offense,,
2016,CHI,6-10,41-60,2.0,0.0,offense,,
2016,CLE,3-5,41-60,3.0,0.3333333333333333,offense,,
2016,PHI,3-5,21-40,4.0,0.25,offense,,
2016,PIT,1,21-40,4.0,1.0,offense,,
2016,ATL,3-5,41-60,4.0,0.5,offense,,
2016,GB,2,0-20,1.0,0.0,offense,,
2016,IND,6-10,61-80,4.0,0.75,offense,,
2016,LA,3-5,21-40,2.0,0.0,offense,,
2016,LA,11+,41-60,1.0,0.0,offense,,
2016,CAR,3-5,0-20,2.0,0.0,offense,,
2016,BAL,6-10,41-60,4.0,0.0,offense,,
2016,CHI,3-5,0-20,1.0,0.0,offense,,
2016,CIN,6-10,0-20,1.0,0.0,offense,,
2016,NYJ,1,0-20,4.0,0.5,offense,,
2016,PIT,11+,21-40,2.0,0.0,offense,,
2016,SF,3-5,0-20,2.0,0.5,offense,,
2016,WAS,11+,41-60,2.0,0.5,offense,,
2016,NE,2,21-40,1.0,1.0,offense,,
2016,NE,1,21-40,3.0,1.0,offense,,
2016,TB,11+,61-80,2.0,0.0,offense,,
2016,IND,11+,81-100,1.0,0.0,offense,,
2016,KC,6-10,61-80,2.0,0.5,offense,,
2016,LV,1,0-20,2.0,0.0,offense,,
2016,SF,6-10,0-20,2.0,0.0,offense,,
2016,DEN,1,61-80,3.0,0.6666666666666666,offense,,
2016,DEN,3-5,41-60,1.0,1.0,offense,,
2016,BAL,11+,0-20,1.0,0.0,offense,,
2016,BAL,2,61-80,2.0,0.5,offense,,
2016,PIT,3-5,41-60,1.0,1.0,offense,,
2016,SF,3-5,41-60,1.0,1.0,offense,,
2016,JAX,6-10,61-80,3.0,0.0,offense,,
2016,BUF,6-10,21-40,3.0,0.0,offense,,
2016,LV,3-5,41-60,2.0,0.5,offense,,
2016,LAC,6-10,41-60,4.0,0.25,offense,,
2016,DEN,6-10,41-60,1.0,0.0,offense,,
2016,TB,11+,21-40,2.0,0.5,offense,,
2016,BUF,11+,0-20,1.0,0.0,offense,,
2016,NYJ,6-10,81-100,1.0,,offense,,
2016,CAR,1,41-60,4.0,1.0,offense,,
2016,MIN,1,61-80,1.0,0.0,offense,,
2016,CAR,6-10,61-80,1.0,0.0,offense,,
2016,TEN,1,21-40,1.0,1.0,offense,,
2016,PHI,11+,81-100,1.0,0.0,offense,,
2016,CHI,6-10,0-20,1.0,0.0,offense,,
2016,DET,1,21-40,1.0,0.0,offense,,
2016,LA,11+,61-80,1.0,1.0,offense,,
2016,MIA,1,21-40,1.0,0.0,offense,,
2016,CHI,11+,41-60,1.0,0.0,offense,,
2016,NYJ,2,21-40,1.0,1.0,offense,,
2016,LV,6-10,0-20,1.0,0.0,offense,,
2016,PHI,11+,21-40,1.0,0.0,offense,,
2016,JAX,6-10,21-40,1.0,0.0,offense,,
2016,NYG,1,21-40,1.0,0.0,offense,,
2017,HOU,3-5,81-100,1.0,0.0,offense,,
2017,NE,1,0-20,3.0,0.6666666666666666,offense,,
2017,KC,6-10,81-100,1.0,0.0,offense,,
2017,LV,1,0-20,1.0,1.0,offense,,
2017,IND,1,81-100,1.0,,offense,,
2017,BUF,11+,21-40,1.0,0.0,offense,,
2017,NYG,2,0-20,2.0,0.0,offense,,
2017,GB,6-10,21-40,3.0,0.5,offense,,
2017,CIN,2,0-20,1.0,1.0,offense,,
2017,ARI,11+,81-100,1.0,0.0,offense,,
2017,DEN,3-5,41-60,3.0,0.0,offense,,
2017,LAC,3-5,21-40,3.0,0.3333333333333333,offense,,
2017,LAC,6-10,21-40,1.0,0.0,offense,,
2017,CHI,11+,41-60,2.0,0.0,offense,,
2017,ARI,2,41-60,1.0,1.0,offense,,
2017,DEN,1,0-20,1.0,0.0,offense,,
2017,CAR,1,41-60,1.0,0.0,offense,,
2017,KC,2,0-20,1.0,0.0,offense,,
2017,DEN,6-10,61-80,3.0,0.0,offense,,
2017,IND,11+,21-40,1.0,0.0,offense,,
2017,LV,11+,41-60,1.0,1.0,offense,,
2017,NYG,3-5,61-80,5.0,0.2,offense,,
2017,WAS,6-10,61-80,4.0,0.25,offense,,
2017,IND,3-5,41-60,3.0,0.6666666666666666,offense,,
2017,LV,3-5,41-60,1.0,0.0,offense,,
2017,ATL,6-10,21-40,1.0,0.0,offense,,
2017,LA,1,41-60,1.0,0.0,offense,,
2017,CIN,11+,61-80,1.0,1.0,offense,,
2017,NYG,2,81-100,1.0,1.0,offense,,
2017,ARI,3-5,41-60,1.0,1.0,offense,,
2017,NYJ,6-10,41-60,1.0,0.0,offense,,
2017,GB,6-10,0-20,1.0,1.0,offense,,
2017,MIN,1,61-80,1.0,0.0,offense,,
2017,IND,2,41-60,1.0,1.0,offense,,
2017,CIN,11+,21-40,1.0,0.0,offense,,
2017,NYG,11+,0-20,2.0,0.0,offense,,
2017,PHI,11+,21-40,1.0,0.0,offense,,
2017,ARI,3-5,21-40,1.0,0.0,offense,,
2017,CIN,1,61-80,1.0,0.0,offense,,
2017,DET,6-10,41-60,1.0,0.0,offense,,
2017,NYG,3-5,81-100,1.0,0.0,offense,,
2017,TEN,2,21-40,1.0,0.0,offense,,
2017,LAC,11+,21-40,1.0,0.0,offense,,
2018,ATL,6-10,0-20,2.0,0.0,offense,,
2018,HOU,3-5,0-20,2.0,0.5,offense,,
2018,CLE,6-10,21-40,5.0,0.4,offense,,
2018,DEN,11+,61-80,2.0,0.5,offense,,
2018,LA,6-10,21-40,2.0,0.0,offense,,
2018,CIN,11+,61-80,1.0,0.0,offense,,
2018,BAL,3-5,41-60,2.0,0.5,offense,,
2018,CLE,3-5,41-60,3.0,0.6666666666666666,offense,,
2018,PHI,3-5,41-60,4.0,0.25,offense,,
2018,BUF,1,0-20,2.0,1.0,offense,,
2018,IND,2,21-40,1.0,1.0,offense,,
2018,TB,6-10,41-60,2.0,0.5,offense,,
2018,SF,1,21-40,1.0,1.0,offense,,
2018,CIN,6-10,0-20,1.0,1.0,offense,,
2018,IND,6-10,41-60,1.0,0.0,offense,,
2018,NYJ,1,41-60,4.0,0.75,offense,,
2018,TEN,1,21-40,1.0,1.0,offense,,
2018,TEN,11+,61-80,1.0,1.0,offense,,
2018,TEN,3-5,41-60,1.0,0.0,offense,,
2018,TB,1,61-80,1.0,1.0,offense,,
2018,SF,11+,61-80,3.0,0.0,offense,,
2018,ATL,2,61-80,1.0,1.0,offense,,
2018,GB,11+,21-40,1.0,1.0,offense,,
2018,CIN,3-5,61-80,2.0,0.0,offense,,
2018,NYG,3-5,21-40,4.0,0.5,offense,,
2018,LV,3-5,21-40,1.0,1.0,offense,,
2018,WAS,2,21-40,2.0,0.0,offense,,
2018,WAS,2,61-80,2.0,1.0,offense,,
2018,CLE,2,21-40,1.0,0.0,offense,,
2018,BUF,3-5,0-20,1.0,0.0,offense,,
2018,JAX,3-5,61-80,3.0,0.0,offense,,
2018,NE,1,41-60,2.0,1.0,offense,,
2018,PIT,1,0-20,1.0,1.0,offense,,
2018,BUF,11+,41-60,2.0,0.0,offense,,
2018,SEA,6-10,81-100,1.0,1.0,offense,,
2018,NYJ,3-5,61-80,1.0,0.0,offense,,
2018,MIA,11+,41-60,2.0,0.0,offense,,
2018,PIT,6-10,41-60,1.0,0.0,offense,,
2018,GB,1,41-60,3.0,0.3333333333333333,offense,,
2018,BAL,2,0-20,2.0,0.5,offense,,
2018,KC,11+,81-100,1.0,,offense,,
2018,CIN,1,61-80,1.0,0.0,offense,,
2018,DEN,11+,41-60,1.0,0.0,offense,,
2018,DEN,2,21-40,1.0,1.0,offense,,
2018,ARI,6-10,21-40,1.0,1.0,offense,,
2018,DAL,11+,21-40,2.0,0.5,offense,,
2018,NYJ,1,21-40,2.0,1.0,offense,,
2018,NYJ,11+,61-80,1.0,0.0,offense,,
2018,PIT,11+,61-80,1.0,1.0,offense,,
2018,TB,2,41-60,1.0,1.0,offense,,
2018,CIN,3-5,41-60,1.0,0.0,offense,,
2018,DEN,11+,21-40,1.0,0.0,offense,,
2018,SF,3-5,21-40,1.0,1.0,offense,,
2019,BUF,1,21-40,7.0,0.5714285714285714,offense,,
2019,NYG,6-10,21-40,4.0,0.75,offense,,
2019,TB,6-10,21-40,4.0,0.0,offense,,
2019,CHI,6-10,41-60,5.0,0.25,offense,,
2019,TEN,1,61-80,2.0,0.0,offense,,
2019,HOU,1,0-20,3.0,1.0,offense,,
2019,JAX,1,41-60,3.0,1.0,offense,,
2019,LAC,2,21-40,3.0,0.6666666666666666,offense,,
2019,NO,3-5,21-40,2.0,0.0,offense,,
2019,LV,1,21-40,4.0,0.5,offense,,
2019,CIN,6-10,0-20,4.0,0.0,offense,,
2019,BAL,3-5,61-80,2.0,0.5,offense,,
2019,LAC,6-10,21-40,2.0,0.0,offense,,
2019,LA,1,41-60,2.0,0.0,offense,,
2019,CIN,1,41-60,4.0,0.75,offense,,
2019,BAL,6-10,41-60,3.0,0.0,offense,,
2019,BUF,1,41-60,1.0,1.0,offense,,
2019,TB,1,0-20,1.0,1.0,offense,,
2019,GB,3-5,0-20,1.0,0.0,offense,,
2019,HOU,3-5,21-40,4.0,0.25,offense,,
2019,BAL,2,0-20,1.0,1.0,offense,,
2019,TEN,1,41-60,1.0,0.0,offense,,
2019,NO,2,41-60,1.0,0.0,offense,,
2019,ARI,1,61-80,1.0,0.0,offense,,
2019,DEN,11+,21-40,1.0,0.0,offense,,
2019,NYG,11+,0-20,1.0,0.0,offense,,
2019,LV,3-5,61-80,2.0,0.5,offense,,
2019,GB,11+,21-40,2.0,0.0,offense,,
2019,CAR,6-10,21-40,2.0,1.0,offense,,
2019,KC,2,41-60,1.0,1.0,offense,,
2019,NYG,3-5,21-40,3.0,0.6666666666666666,offense,,
2019,CAR,3-5,21-40,3.0,0.3333333333333333,offense,,
2019,CAR,1,61-80,1.0,0.0,offense,,
2019,MIN,1,41-60,1.0,1.0,offense,,
2019,IND,1,0-20,5.0,0.8,offense,,
2019,WAS,11+,61-80,1.0,0.0,offense,,
2019,BAL,1,21-40,1.0,1.0,offense,,
2019,BAL,6-10,21-40,1.0,0.0,offense,,
2019,LAC,1,61-80,3.0,0.6666666666666666,offense,,
2019,ARI,1,41-60,1.0,1.0,offense,,
2019,NE,6-10,0-20,1.0,1.0,offense,,
2019,JAX,6-10,61-80,1.0,0.0,offense,,
2019,DAL,3-5,41-60,2.0,0.5,offense,,
2019,HOU,6-10,21-40,3.0,0.0,offense,,
2019,LAC,11+,0-20,1.0,0.0,offense,,
2019,DAL,1,61-80,1.0,0.0,offense,,
2019,DAL,6-10,41-60,1.0,1.0,offense,,
2019,JAX,6-10,41-60,1.0,1.0,offense,,
2019,ATL,3-5,61-80,1.0,1.0,offense,,
2019,HOU,2,41-60,1.0,1.0,offense,,
2020,CLE,1,41-60,5.0,0.4,offense,,
2020,LAC,1,41-60,6.0,0.6666666666666666,offense,,
2020,NE,1,0-20,1.0,1.0,offense,,
2020,WAS,1,0-20,3.0,0.3333333333333333,offense,,
2020,SEA,3-5,21-40,1.0,1.0,offense,,
2020,TEN,1,0-20,3.0,0.6666666666666666,offense,,
2020,HOU,1,61-80,2.0,0.0,offense,,
2020,CAR,3-5,21-40,3.0,0.5,offense,,
2020,MIA,1,0-20,2.0,0.0,offense,,
2020,CLE,2,41-60,3.0,0.3333333333333333,offense,,
2020,CIN,3-5,61-80,1.0,1.0,offense,,
2020,LAC,3-5,21-40,2.0,0.0,offense,,
2020,PHI,2,21-40,2.0,0.0,offense,,
2020,NYJ,1,0-20,5.0,0.2,offense,,
2020,NYJ,6-10,41-60,1.0,0.0,offense,,
2020,CAR,3-5,0-20,3.0,0.3333333333333333,offense,,
2020,ARI,1,21-40,2.0,0.0,offense,,
2020,GB,1,41-60,1.0,0.0,offense,,
2020,NE,2,61-80,1.0,0.0,offense,,
2020,JAX,11+,21-40,1.0,0.0,offense,,
2020,WAS,11+,0-20,2.0,0.5,offense,,
2020,NYJ,6-10,21-40,2.0,0.0,offense,,
2020,SF,6-10,21-40,1.0,0.0,offense,,
2020,CIN,1,41-60,2.0,0.5,offense,,
2020,JAX,1,0-20,1.0,0.0,offense,,
2020,TB,6-10,41-60,2.0,0.0,offense,,
2020,MIN,3-5,0-20,1.0,1.0,offense,,
2020,CIN,6-10,41-60,1.0,1.0,offense,,
2020,JAX,6-10,61-80,2.0,0.0,offense,,
2020,BUF,1,61-80,1.0,0.0,offense,,
2020,NYJ,2,21-40,1.0,1.0,offense,,
2020,CHI,1,61-80,1.0,0.0,offense,,
2020,NE,11+,41-60,1.0,0.0,offense,,
2020,CHI,2,81-100,1.0,0.0,offense,,
2020,KC,3-5,21-40,2.0,0.0,offense,,
2020,IND,6-10,0-20,1.0,1.0,offense,,
2020,DEN,6-10,21-40,2.0,0.0,offense,,
2020,LAC,1,0-20,5.0,0.8,offense,,
2020,ATL,11+,81-100,3.0,0.0,offense,,
2020,MIA,2,21-40,2.0,0.5,offense,,
2020,BUF,2,21-40,1.0,1.0,offense,,
2020,MIA,3-5,41-60,1.0,0.0,offense,,
2020,NYG,11+,61-80,3.0,0.3333333333333333,offense,,
2020,CIN,6-10,0-20,1.0,0.0,offense,,
2020,DAL,1,0-20,1.0,1.0,offense,,
2020,PHI,2,0-20,1.0,1.0,offense,,
2020,LAC,2,0-20,2.0,0.0,offense,,
2020,NYG,6-10,41-60,1.0,0.0,offense,,
2020,CHI,1,41-60,2.0,1.0,offense,,
2020,HOU,2,41-60,2.0,0.5,offense,,
2021,BAL,1,21-40,4.0,0.75,offense,,
2021,CHI,3-5,41-60,5.0,0.2,offense,,
2021,CLE,1,0-20,4.0,0.75,offense,,
2021,NO,1,0-20,2.0,1.0,offense,,
2021,MIN,3-5,21-40,2.0,0.5,offense,,
2021,DET,6-10,41-60,5.0,0.4,offense,,
2021,DET,3-5,41-60,2.0,0.0,offense,,
2021,CIN,2,41-60,2.0,0.5,offense,,
2021,LAC,1,61-80,2.0,0.5,offense,,
2021,DAL,11+,41-60,1.0,0.0,offense,,
2021,DET,1,21-40,7.0,0.2857142857142857,offense,,
2021,NYJ,2,61-80,1.0,0.0,offense,,
2021,CAR,11+,41-60,2.0,0.0,offense,,
2021,WAS,1,61-80,2.0,0.5,offense,,
2021,ARI,1,81-100,1.0,0.0,offense,,
2021,PIT,6-10,0-20,4.0,0.0,offense,,
2021,LAC,3-5,41-60,2.0,0.0,offense,,
2021,MIA,1,0-20,3.0,0.6666666666666666,offense,,
2021,NE,3-5,41-60,1.0,0.0,offense,,
2021,DAL,1,0-20,3.0,0.3333333333333333,offense,,
2021,TB,2,21-40,2.0,0.5,offense,,
2021,HOU,3-5,0-20,2.0,0.0,offense,,
2021,PHI,6-10,0-20,1.0,0.0,offense,,
2021,LV,3-5,21-40,2.0,0.0,offense,,
2021,LV,6-10,81-100,1.0,0.0,offense,,
2021,SF,1,61-80,2.0,0.5,offense,,
2021,TEN,3-5,0-20,1.0,0.0,offense,,
2021,KC,3-5,21-40,1.0,0.0,offense,,
2021,LV,1,21-40,4.0,0.75,offense,,
2021,CIN,11+,21-40,1.0,,offense,,
2021,WAS,6-10,41-60,1.0,0.0,offense,,
2021,DAL,2,41-60,1.0,0.0,offense,,
2021,DAL,1,61-80,2.0,0.5,offense,,
2021,HOU,1,61-80,1.0,1.0,offense,,
2021,LAC,1,81-100,2.0,0.0,offense,,
2021,LA,1,61-80,2.0,0.0,offense,,
2021,MIN,11+,21-40,1.0,0.0,offense,,
2021,ATL,6-10,0-20,2.0,0.5,offense,,
2021,BAL,1,61-80,4.0,0.75,offense,,
2021,HOU,3-5,41-60,4.0,0.0,offense,,
2021,PHI,6-10,61-80,1.0,0.0,offense,,
2021,WAS,1,0-20,4.0,0.5,offense,,
2021,GB,11+,41-60,1.0,0.0,offense,,
2021,LAC,1,0-20,4.0,0.5,offense,,
2021,DET,3-5,61-80,2.0,0.0,offense,,
2021,PIT,2,0-20,2.0,0.5,offense,,
2021,TEN,1,41-60,2.0,1.0,offense,,
2021,WAS,11+,0-20,1.0,0.0,offense,,
2021,ARI,11+,41-60,2.0,0.0,offense,,
2021,JAX,2,41-60,2.0,1.0,offense,,
2021,KC,1,61-80,1.0,0.0,offense,,
2021,KC,1,0-20,5.0,0.6,offense,,
2021,MIA,6-10,21-40,2.0,0.0,offense,,
2021,BAL,2,41-60,2.0,0.0,offense,,
2021,BAL,2,61-80,2.0,0.5,offense,,
2021,MIN,2,61-80,1.0,1.0,offense,,
2021,ARI,1,41-60,2.0,0.5,offense,,
2021,LA,6-10,0-20,1.0,0.0,offense,,
2021,MIN,2,21-40,1.0,1.0,offense,,
2021,BAL,3-5,21-40,1.0,0.0,offense,,
2021,IND,6-10,21-40,1.0,0.0,offense,,
2021,NYJ,6-10,21-40,4.0,0.25,offense,,
2021,CAR,3-5,41-60,1.0,0.0,offense,,
2021,NYJ,1,0-20,3.0,1.0,offense,,
2021,PHI,2,21-40,1.0,0.0,offense,,
2021,TEN,2,0-20,1.0,0.0,offense,,
2021,BAL,3-5,0-20,2.0,0.0,offense,,
2021,NE,11+,61-80,1.0,0.0,offense,,
2021,HOU,3-5,61-80,2.0,0.0,offense,,
2021,NE,6-10,41-60,3.0,0.0,offense,,
2021,TEN,6-10,0-20,1.0,0.0,offense,,
2021,NE,6-10,61-80,1.0,1.0,offense,,
2021,DEN,1,61-80,1.0,1.0,offense,,
2021,KC,1,21-40,1.0,1.0,offense,,
2021,PHI,1,0-20,1.0,1.0,offense,,
2022,SEA,1,0-20,4.0,0.5,offense,,
2022,MIA,6-10,41-60,3.0,0.6666666666666666,offense,,
2022,NE,1,21-40,4.0,0.5,offense,,
2022,MIA,11+,41-60,1.0,0.0,offense,,
2022,PHI,3-5,21-40,6.0,0.5,offense,,
2022,CIN,6-10,21-40,2.0,0.5,offense,,
2022,CIN,2,0-20,3.0,0.0,offense,,
2022,CHI,6-10,21-40,2.0,0.0,offense,,
2022,TB,11+,61-80,2.0,0.0,offense,,
2022,DAL,1,41-60,3.0,0.6666666666666666,offense,,
2022,ARI,3-5,0-20,3.0,0.3333333333333333,offense,,
2022,LAC,6-10,0-20,1.0,1.0,offense,,
2022,SF,1,0-20,6.0,0.5,offense,,
2022,NO,3-5,61-80,3.0,0.3333333333333333,offense,,
2022,BUF,1,21-40,4.0,0.5,offense,,
2022,BUF,1,0-20,1.0,1.0,offense,,
2022,NE,1,0-20,3.0,0.6666666666666666,offense,,
2022,CIN,1,0-20,3.0,0.0,offense,,
2022,DET,6-10,41-60,2.0,0.5,offense,,
2022,ARI,1,61-80,4.0,0.5,offense,,
2022,LV,11+,61-80,2.0,0.5,offense,,
2022,CLE,2,21-40,1.0,0.0,offense,,
2022,BAL,2,0-20,3.0,0.3333333333333333,offense,,
2022,SF,3-5,61-80,1.0,0.0,offense,,
2022,KC,11+,0-20,1.0,0.0,offense,,
2022,PIT,6-10,21-40,3.0,0.0,offense,,
2022,SEA,11+,41-60,2.0,0.0,offense,,
2022,BUF,1,61-80,2.0,0.5,offense,,
2022,GB,2,61-80,2.0,0.0,offense,,
2022,PIT,1,0-20,3.0,1.0,offense,,
2022,TB,1,21-40,5.0,0.8,offense,,
2022,HOU,1,61-80,1.0,0.0,offense,,
2022,MIN,2,21-40,2.0,0.0,offense,,
2022,TB,3-5,0-20,1.0,0.0,offense,,
2022,DEN,11+,41-60,1.0,0.0,offense,,
2022,PIT,2,0-20,1.0,0.0,offense,,
2022,PIT,2,61-80,1.0,1.0,offense,,
2022,TEN,11+,21-40,2.0,0.0,offense,,
2022,GB,6-10,0-20,1.0,0.0,offense,,
2022,TB,2,41-60,1.0,0.0,offense,,
2022,MIA,6-10,21-40,1.0,0.0,offense,,
2022,DAL,1,21-40,2.0,1.0,offense,,
2022,DEN,11+,21-40,1.0,0.0,offense,,
2022,MIN,1,41-60,2.0,0.5,offense,,
2022,MIN,11+,61-80,1.0,1.0,offense,,
2022,WAS,3-5,81-100,1.0,0.0,offense,,
2022,PHI,11+,81-100,1.0,0.0,offense,,
2022,BAL,2,41-60,1.0,,offense,,
2022,JAX,1,61-80,2.0,0.0,offense,,
2022,TB,1,61-80,2.0,0.5,offense,,
2022,NE,2,81-100,1.0,0.0,offense,,
2022,BAL,1,81-100,1.0,1.0,offense,,
2022,MIA,1,81-100,1.0,1.0,offense,,
2022,CAR,3-5,0-20,1.0,0.0,offense,,
2022,DEN,3-5,41-60,2.0,0.5,offense,,
2022,DEN,6-10,0-20,1.0,1.0,offense,,
2022,LA,11+,61-80,1.0,,offense,,
2022,PHI,6-10,41-60,1.0,1.0,offense,,
2022,ATL,3-5,41-60,4.0,0.5,offense,,
2022,MIN,6-10,21-40,1.0,0.0,offense,,
2022,PIT,1,21-40,1.0,1.0,offense,,
2022,KC,2,21-40,1.0,0.0,offense,,
2022,WAS,6-10,61-80,2.0,0.0,offense,,
2022,CHI,2,21-40,1.0,0.0,offense,,
2022,LAC,6-10,21-40,1.0,,offense,,
2022,DAL,2,61-80,1.0,0.0,offense,,
2022,LV,2,0-20,1.0,0.0,offense,,
2023,NYJ,1,0-20,2.0,1.0,offense,,
2023,CIN,1,61-80,2.0,0.0,offense,,
2023,CLE,1,41-60,8.0,0.375,offense,,
2023,DAL,3-5,21-40,3.0,0.3333333333333333,offense,,
2023,IND,1,41-60,6.0,0.6666666666666666,offense,,
2023,IND,3-5,0-20,3.0,0.3333333333333333,offense,,
2023,MIA,6-10,41-60,1.0,1.0,offense,,
2023,PHI,2,41-60,1.0,0.0,offense,,
2023,SF,11+,21-40,1.0,0.0,offense,,
2023,TB,1,61-80,2.0,0.5,offense,,
2023,ATL,3-5,41-60,4.0,0.0,offense,,
2023,LAC,1,21-40,4.0,0.5,offense,,
2023,BUF,2,0-20,2.0,1.0,offense,,
2023,DET,1,0-20,5.0,0.8,offense,,
2023,MIA,6-10,0-20,1.0,0.0,offense,,
2023,MIA,11+,21-40,1.0,0.0,offense,,
2023,PIT,1,21-40,3.0,0.6666666666666666,offense,,
2023,DET,1,21-40,4.0,0.5,offense,,
2023,TEN,1,0-20,1.0,0.0,offense,,
2023,DAL,1,0-20,4.0,0.5,offense,,
2023,TB,6-10,21-40,4.0,0.5,offense,,
2023,IND,6-10,41-60,1.0,0.0,offense,,
2023,MIN,1,21-40,3.0,1.0,offense,,
2023,MIN,6-10,81-100,1.0,0.0,offense,,
2023,PHI,3-5,0-20,3.0,0.6666666666666666,offense,,
2023,CLE,3-5,21-40,4.0,0.75,offense,,
2023,WAS,1,41-60,4.0,1.0,offense,,
2023,NO,6-10,0-20,1.0,0.0,offense,,
2023,CHI,11+,41-60,1.0,0.0,offense,,
2023,MIA,6-10,61-80,1.0,0.0,offense,,
2023,DAL,1,21-40,3.0,1.0,offense,,
2023,DET,2,21-40,2.0,1.0,offense,,
2023,MIN,1,0-20,1.0,1.0,offense,,
2023,GB,11+,41-60,1.0,0.0,offense,,
2023,NYG,3-5,81-100,1.0,0.0,offense,,
2023,CAR,11+,81-100,1.0,0.0,offense,,
2023,GB,1,41-60,5.0,0.6,offense,,
2023,LA,11+,21-40,2.0,0.0,offense,,
2023,TB,1,0-20,1.0,1.0,offense,,
2023,NO,1,61-80,1.0,0.0,offense,,
2023,KC,2,81-100,1.0,1.0,offense,,
2023,JAX,6-10,21-40,3.0,0.0,offense,,
2023,CLE,2,0-20,2.0,1.0,offense,,
2023,ARI,11+,61-80,1.0,0.0,offense,,
2023,SF,1,21-40,3.0,0.6666666666666666,offense,,
2023,DEN,1,61-80,4.0,0.75,offense,,
2023,DET,11+,61-80,2.0,0.0,offense,,
2023,SEA,11+,0-20,1.0,0.0,offense,,
2023,BAL,6-10,21-40,2.0,0.5,offense,,
2023,SEA,6-10,41-60,1.0,0.0,offense,,
2023,MIA,11+,61-80,1.0,0.0,offense,,
2020,CLE,6-10,41-60,2.0,0.0,offense,,
2021,TEN,6-10,21-40,1.0,0.0,offense,,
2024,MIA,6-10,0-20,3.0,0.0,offense,,
2024,LA,2,41-60,1.0,0.0,offense,,
2024,LA,3-5,0-20,3.0,0.0,offense,,
2024,LV,2,21-40,1.0,0.0,offense,,
2024,TEN,11+,61-80,2.0,0.0,offense,,
2024,TEN,11+,0-20,1.0,0.0,offense,,
2024,DET,11+,61-80,1.0,1.0,offense,,
2024,DET,2,41-60,1.0,1.0,offense,,
2024,DET,6-10,0-20,1.0,0.0,offense,,
2024,CHI,1,41-60,4.0,0.75,offense,,
2024,DEN,1,41-60,2.0,0.5,offense,,
2024,HOU,3-5,21-40,3.0,0.3333333333333333,offense,,
2024,HOU,3-5,0-20,3.0,0.0,offense,,
2024,JAX,1,41-60,4.0,0.75,offense,,
2024,JAX,11+,0-20,2.0,0.0,offense,,
2024,JAX,6-10,61-80,3.0,0.0,offense,,
2024,ATL,1,0-20,5.0,0.8,offense,,
2024,MIA,11+,61-80,1.0,0.0,offense,,
2024,LA,6-10,41-60,1.0,1.0,offense,,
2024,LV,11+,81-100,2.0,0.0,offense,,
2024,DAL,1,61-80,1.0,1.0,offense,,
2024,JAX,1,0-20,2.0,0.0,offense,,
2024,NO,6-10,0-20,1.0,0.0,offense,,
2024,PHI,11+,41-60,1.0,0.0,offense,,
2024,ARI,1,0-20,2.0,0.5,offense,,
2024,NE,6-10,41-60,1.0,,offense,,
2024,ARI,3-5,61-80,1.0,,offense,,
2024,DAL,6-10,61-80,4.0,0.0,offense,,
2024,LAC,11+,21-40,1.0,0.0,offense,,
2024,DET,1,61-80,2.0,0.0,offense,,
2024,KC,2,41-60,1.0,0.0,offense,,
2024,ARI,2,41-60,1.0,0.0,offense,,
2024,LAC,1,21-40,3.0,1.0,offense,,
2024,SEA,1,41-60,3.0,1.0,offense,,
2024,TEN,1,41-60,3.0,1.0,offense,,
2024,ATL,3-5,21-40,5.0,0.4,offense,,
2024,BAL,6-10,21-40,1.0,0.0,offense,,
2024,LAC,6-10,61-80,2.0,0.5,offense,,
2024,DET,3-5,0-20,6.0,0.5,offense,,
2024,HOU,11+,61-80,2.0,0.0,offense,,
2024,MIN,1,41-60,1.0,1.0,offense,,
2024,TEN,6-10,21-40,2.0,0.0,offense,,
2024,CIN,6-10,61-80,2.0,0.5,offense,,
2024,NYG,6-10,21-40,2.0,0.0,offense,,
2024,GB,6-10,0-20,1.0,0.0,offense,,
2024,TEN,3-5,41-60,2.0,0.5,offense,,
2024,NE,6-10,61-80,2.0,0.0,offense,,
2024,HOU,1,61-80,2.0,0.0,offense,,
2024,MIA,3-5,61-80,1.0,1.0,offense,,
2024,NYJ,2,41-60,2.0,0.5,offense,,
2024,CLE,3-5,61-80,2.0,0.5,offense,,
2024,TEN,2,0-20,1.0,0.0,offense,,
2024,ARI,1,61-80,1.0,0.0,offense,,
2024,MIN,11+,81-100,1.0,0.0,offense,,
2024,NO,2,61-80,1.0,1.0,offense,,
2024,BAL,3-5,21-40,2.0,0.0,offense,,
2024,TEN,1,61-80,2.0,1.0,offense,,
2024,TB,6-10,41-60,1.0,1.0,offense,,
2016,BAL,1,61-80,2.0,0.5,offense,,
2016,SEA,1,21-40,1.0,0.0,offense,,
2016,NO,1,0-20,6.0,1.0,offense,,
2016,ATL,6-10,61-80,3.0,0.0,offense,,
2016,LV,3-5,61-80,1.0,0.0,offense,,
2016,WAS,1,41-60,2.0,0.5,offense,,
2016,MIN,1,0-20,5.0,0.2,offense,,
2016,HOU,1,41-60,6.0,0.5,offense,,
2016,MIA,3-5,21-40,1.0,0.0,offense,,
2016,BUF,1,41-60,1.0,0.0,offense,,
2016,PHI,1,0-20,3.0,0.3333333333333333,offense,,
2016,CHI,1,0-20,1.0,0.0,offense,,
2016,DET,2,0-20,2.0,1.0,offense,,
2016,CLE,6-10,41-60,3.0,0.3333333333333333,offense,,
2016,KC,3-5,0-20,2.0,0.5,offense,,
2016,MIA,3-5,61-80,1.0,0.0,offense,,
2016,NYG,3-5,21-40,8.0,0.625,offense,,
2016,TEN,6-10,21-40,1.0,0.0,offense,,
2016,CAR,2,41-60,2.0,0.5,offense,,
2016,WAS,1,21-40,3.0,1.0,offense,,
2016,GB,3-5,21-40,4.0,0.5,offense,,
2016,BUF,2,41-60,1.0,0.0,offense,,
2016,HOU,6-10,61-80,1.0,0.0,offense,,
2016,KC,11+,41-60,1.0,0.0,offense,,
2016,LAC,2,0-20,1.0,0.0,offense,,
2016,NE,2,0-20,1.0,0.0,offense,,
2016,LV,1,41-60,1.0,0.0,offense,,
2016,DET,2,41-60,1.0,0.0,offense,,
2016,CAR,11+,0-20,3.0,0.3333333333333333,offense,,
2016,PHI,3-5,0-20,4.0,0.75,offense,,
2016,CLE,1,21-40,2.0,1.0,offense,,
2016,BAL,1,21-40,1.0,1.0,offense,,
2016,PIT,11+,81-100,2.0,0.0,offense,,
2016,IND,11+,0-20,1.0,0.0,offense,,
2016,LAC,6-10,61-80,2.0,0.5,offense,,
2016,GB,1,21-40,1.0,0.0,offense,,
2016,DEN,2,21-40,1.0,0.0,offense,,
2016,JAX,1,41-60,1.0,0.0,offense,,
2016,IND,1,21-40,1.0,1.0,offense,,
2017,SF,3-5,41-60,3.0,0.3333333333333333,offense,,
2017,NYJ,1,0-20,3.0,0.6666666666666666,offense,,
2017,WAS,2,41-60,1.0,0.0,offense,,
2017,DAL,3-5,41-60,2.0,0.5,offense,,
2017,DAL,3-5,0-20,1.0,0.0,offense,,
2017,DET,6-10,21-40,1.0,0.0,offense,,
2017,CIN,6-10,41-60,2.0,0.0,offense,,
2017,PIT,6-10,21-40,1.0,0.0,offense,,
2017,MIN,11+,61-80,1.0,0.0,offense,,
2017,JAX,1,61-80,2.0,1.0,offense,,
2017,BAL,6-10,21-40,1.0,0.0,offense,,
2017,KC,11+,61-80,1.0,0.0,offense,,
2017,SEA,11+,21-40,1.0,0.0,offense,,
2017,SEA,6-10,41-60,2.0,0.5,offense,,
2017,TEN,3-5,21-40,1.0,0.0,offense,,
2017,NE,3-5,21-40,2.0,0.5,offense,,
2017,DEN,1,21-40,2.0,0.5,offense,,
2017,NYG,6-10,41-60,1.0,0.0,offense,,
2017,NE,3-5,61-80,2.0,0.0,offense,,
2017,BAL,3-5,41-60,2.0,0.0,offense,,
2017,MIA,3-5,21-40,1.0,0.0,offense,,
2017,MIA,2,41-60,1.0,1.0,offense,,
2017,NYJ,11+,61-80,2.0,1.0,offense,,
2017,PIT,1,41-60,1.0,0.0,offense,,
2017,TB,1,0-20,2.0,0.5,offense,,
2017,CIN,1,0-20,1.0,1.0,offense,,
2017,PIT,6-10,41-60,2.0,1.0,offense,,
2017,SF,1,61-80,1.0,0.0,offense,,
2017,SEA,1,0-20,3.0,0.3333333333333333,offense,,
2017,HOU,1,41-60,1.0,1.0,offense,,
2017,ATL,1,21-40,1.0,0.0,offense,,
2017,BAL,3-5,21-40,1.0,1.0,offense,,
2017,PHI,1,21-40,5.0,1.0,offense,,
2017,LA,2,41-60,1.0,0.0,offense,,
2017,NE,3-5,41-60,1.0,0.0,offense,,
2017,NE,6-10,21-40,2.0,0.0,offense,,
2017,DEN,3-5,61-80,2.0,0.5,offense,,
2017,JAX,6-10,61-80,1.0,0.0,offense,,
2017,MIN,1,41-60,1.0,1.0,offense,,
2017,MIA,1,21-40,2.0,0.5,offense,,
2017,MIA,2,61-80,1.0,1.0,offense,,
2017,WAS,1,41-60,2.0,0.5,offense,,
2017,TB,6-10,21-40,1.0,1.0,offense,,
2017,CAR,6-10,0-20,1.0,0.0,offense,,
2017,PHI,3-5,21-40,2.0,0.5,offense,,
2017,BUF,6-10,21-40,2.0,0.0,offense,,
2017,TEN,1,61-80,1.0,0.0,offense,,
2017,TEN,6-10,61-80,1.0,0.0,offense,,
2017,CLE,3-5,61-80,1.0,0.0,offense,,
2017,BUF,2,0-20,1.0,0.0,offense,,
2017,GB,3-5,0-20,2.0,0.5,offense,,
2017,NYG,11+,41-60,1.0,0.0,offense,,
2017,SEA,3-5,61-80,1.0,0.0,offense,,
2017,SEA,6-10,21-40,1.0,1.0,offense,,
2017,BAL,11+,61-80,1.0,0.0,offense,,
2017,CLE,2,21-40,1.0,0.0,offense,,
2017,PIT,11+,41-60,1.0,0.0,offense,,
2017,PHI,2,41-60,1.0,0.0,offense,,
2017,NE,2,21-40,1.0,1.0,offense,,
2018,ATL,1,0-20,2.0,0.0,offense,,
2018,BUF,6-10,61-80,2.0,0.0,offense,,
2018,CHI,1,61-80,2.0,0.5,offense,,
2018,CHI,6-10,41-60,3.0,0.0,offense,,
2018,NE,1,21-40,4.0,0.5,offense,,
2018,NYG,2,21-40,2.0,0.5,offense,,
2018,SEA,11+,21-40,2.0,0.0,offense,,
2018,LA,1,0-20,3.0,0.6666666666666666,offense,,
2018,LAC,3-5,21-40,1.0,0.0,offense,,
2018,NYG,1,41-60,2.0,1.0,offense,,
2018,DAL,2,81-100,1.0,0.0,offense,,
2018,TEN,1,41-60,1.0,0.0,offense,,
2018,ATL,11+,61-80,1.0,0.0,offense,,
2018,CAR,6-10,41-60,3.0,0.3333333333333333,offense,,
2018,CAR,1,41-60,3.0,0.6666666666666666,offense,,
2018,BUF,1,21-40,4.0,0.75,offense,,
2018,CAR,6-10,21-40,3.0,0.3333333333333333,offense,,
2018,KC,3-5,0-20,2.0,0.5,offense,,
2018,CLE,2,0-20,1.0,0.0,offense,,
2018,NYJ,11+,21-40,1.0,0.0,offense,,
2018,NO,1,61-80,1.0,1.0,offense,,
2018,NO,1,41-60,2.0,1.0,offense,,
2018,BAL,1,61-80,1.0,1.0,offense,,
2018,CHI,1,21-40,1.0,1.0,offense,,
2018,ARI,3-5,0-20,1.0,0.0,offense,,
2018,CIN,1,0-20,3.0,0.3333333333333333,offense,,
2018,SEA,6-10,0-20,1.0,1.0,offense,,
2018,MIA,3-5,21-40,1.0,1.0,offense,,
2018,NYJ,11+,41-60,1.0,0.0,offense,,
2018,TB,6-10,61-80,1.0,0.0,offense,,
2018,JAX,3-5,21-40,1.0,1.0,offense,,
2018,CIN,11+,21-40,2.0,0.0,offense,,
2018,KC,2,41-60,1.0,1.0,offense,,
2018,CIN,11+,41-60,2.0,0.0,offense,,
2018,MIN,2,0-20,1.0,0.0,offense,,
2018,CHI,6-10,61-80,2.0,0.5,offense,,
2018,HOU,1,21-40,1.0,0.0,offense,,
2018,LAC,6-10,81-100,1.0,0.0,offense,,
2018,DEN,2,61-80,1.0,1.0,offense,,
2018,DAL,2,41-60,2.0,0.5,offense,,
2018,NYJ,3-5,41-60,1.0,0.0,offense,,
2018,NO,3-5,61-80,1.0,0.0,offense,,
2018,NE,6-10,21-40,1.0,0.0,offense,,
2018,SF,3-5,41-60,1.0,0.0,offense,,
2018,MIN,3-5,61-80,1.0,0.0,offense,,
2019,ATL,3-5,0-20,1.0,1.0,offense,,
2019,NYJ,6-10,41-60,3.0,0.0,offense,,
2019,GB,3-5,41-60,4.0,0.25,offense,,
2019,HOU,11+,41-60,2.0,0.5,offense,,
2019,IND,3-5,41-60,3.0,0.6666666666666666,offense,,
2019,TB,3-5,0-20,1.0,0.0,offense,,
2019,WAS,1,61-80,1.0,0.0,offense,,
2019,ARI,2,41-60,3.0,0.6666666666666666,offense,,
2019,BAL,1,0-20,1.0,0.0,offense,,
2019,DEN,6-10,41-60,3.0,0.6666666666666666,offense,,
2019,MIA,6-10,41-60,4.0,0.5,offense,,
2019,CIN,3-5,61-80,1.0,1.0,offense,,
2019,BAL,2,41-60,1.0,0.0,offense,,
2019,PHI,6-10,61-80,1.0,0.0,offense,,
2019,MIA,3-5,21-40,3.0,0.3333333333333333,offense,,
2019,NO,1,0-20,2.0,1.0,offense,,
2019,SEA,1,61-80,2.0,0.0,offense,,
2019,TB,1,41-60,5.0,0.8,offense,,
2019,NE,6-10,41-60,1.0,0.0,offense,,
2019,CIN,11+,0-20,1.0,0.0,offense,,
2019,CIN,1,61-80,1.0,1.0,offense,,
2019,CIN,6-10,41-60,2.0,0.5,offense,,
2019,CLE,1,0-20,5.0,0.2,offense,,
2019,DET,11+,21-40,2.0,0.0,offense,,
2019,LV,1,41-60,1.0,1.0,offense,,
2019,GB,1,0-20,1.0,0.0,offense,,
2019,ATL,1,21-40,3.0,0.0,offense,,
2019,TEN,1,0-20,3.0,0.6666666666666666,offense,,
2019,ARI,6-10,21-40,2.0,0.0,offense,,
2019,IND,1,21-40,3.0,0.6666666666666666,offense,,
2019,NYG,6-10,0-20,2.0,0.5,offense,,
2019,NO,6-10,61-80,2.0,0.0,offense,,
2019,DAL,2,0-20,1.0,0.0,offense,,
2019,NYG,6-10,61-80,1.0,0.0,offense,,
2019,SF,1,41-60,1.0,1.0,offense,,
2019,SF,2,0-20,2.0,0.0,offense,,
2019,ARI,3-5,21-40,2.0,0.5,offense,,
2019,NYG,11+,81-100,1.0,0.0,offense,,
2019,IND,1,41-60,1.0,0.0,offense,,
2019,TEN,6-10,41-60,2.0,0.5,offense,,
2019,DET,2,41-60,2.0,0.0,offense,,
2019,CHI,3-5,41-60,1.0,0.0,offense,,
2019,CHI,6-10,0-20,1.0,1.0,offense,,
2019,NE,3-5,61-80,1.0,0.0,offense,,
2019,TEN,2,21-40,1.0,0.0,offense,,
2019,IND,3-5,21-40,3.0,0.3333333333333333,offense,,
2019,TEN,11+,61-80,2.0,0.0,offense,,
2019,MIA,3-5,0-20,1.0,0.0,offense,,
2019,MIN,2,0-20,1.0,1.0,offense,,
2019,CHI,11+,61-80,1.0,0.0,offense,,
2019,TB,6-10,61-80,1.0,0.0,offense,,
2019,WAS,11+,81-100,1.0,0.0,offense,,
2019,HOU,6-10,41-60,1.0,,offense,,
2019,ATL,6-10,41-60,1.0,0.0,offense,,
2019,MIA,1,21-40,2.0,1.0,offense,,
2019,CAR,3-5,0-20,2.0,0.0,offense,,
2019,SF,6-10,61-80,1.0,0.0,offense,,
2019,PIT,3-5,61-80,1.0,0.0,offense,,
2019,LA,3-5,61-80,1.0,1.0,offense,,
2019,BUF,11+,0-20,1.0,0.0,offense,,
2019,CLE,11+,0-20,1.0,1.0,offense,,
2019,SEA,6-10,0-20,1.0,1.0,offense,,
2019,WAS,2,41-60,1.0,0.0,offense,,
2020,BAL,11+,41-60,1.0,0.0,offense,,
2020,LV,2,41-60,3.0,0.5,offense,,
2020,WAS,11+,61-80,2.0,0.0,offense,,
2020,NO,2,41-60,3.0,0.0,offense,,
2020,ATL,6-10,0-20,2.0,0.0,offense,,
2020,CAR,2,21-40,3.0,0.3333333333333333,offense,,
2020,CIN,3-5,41-60,3.0,0.6666666666666666,offense,,
2020,CIN,1,21-40,4.0,0.75,offense,,
2020,IND,1,41-60,5.0,0.8,offense,,
2020,LV,1,41-60,5.0,0.6,offense,,
2020,CHI,2,21-40,1.0,1.0,offense,,
2020,NYG,3-5,21-40,2.0,0.5,offense,,
2020,PHI,6-10,41-60,3.0,0.6666666666666666,offense,,
2020,NO,3-5,0-20,2.0,0.0,offense,,
2020,BUF,1,0-20,4.0,0.5,offense,,
2020,NYG,2,41-60,1.0,1.0,offense,,
2020,MIN,2,21-40,3.0,1.0,offense,,
2020,NE,3-5,41-60,3.0,0.3333333333333333,offense,,
2020,NO,3-5,41-60,1.0,1.0,offense,,
2020,NYG,1,41-60,2.0,0.5,offense,,
2020,SEA,3-5,0-20,2.0,0.5,offense,,
2020,TEN,6-10,21-40,1.0,0.0,offense,,
2020,MIA,1,61-80,2.0,1.0,offense,,
2020,MIN,1,41-60,2.0,0.5,offense,,
2020,PHI,3-5,61-80,1.0,0.0,offense,,
2020,PHI,6-10,0-20,1.0,1.0,offense,,
2020,PIT,1,0-20,4.0,0.25,offense,,
2020,SF,2,41-60,1.0,1.0,offense,,
2020,WAS,6-10,41-60,1.0,0.0,offense,,
2020,CLE,3-5,41-60,2.0,0.5,offense,,
2020,HOU,1,41-60,3.0,0.6666666666666666,offense,,
2020,JAX,2,61-80,1.0,1.0,offense,,
2020,PHI,3-5,0-20,4.0,0.25,offense,,
2020,PHI,6-10,21-40,4.0,0.0,offense,,
2020,GB,6-10,21-40,3.0,0.0,offense,,
2020,CHI,1,21-40,6.0,0.5,offense,,
2020,PIT,6-10,21-40,3.0,0.6666666666666666,offense,,
2020,SEA,1,0-20,2.0,0.5,offense,,
2020,BAL,6-10,61-80,1.0,0.0,offense,,
2020,ARI,3-5,41-60,3.0,1.0,offense,,
2020,IND,11+,0-20,2.0,0.0,offense,,
2020,WAS,3-5,41-60,2.0,0.5,offense,,
2020,DET,2,61-80,1.0,1.0,offense,,
2020,PIT,1,61-80,1.0,1.0,offense,,
2020,TEN,11+,21-40,2.0,0.0,offense,,
2020,LAC,6-10,21-40,3.0,0.3333333333333333,offense,,
2020,MIN,3-5,41-60,1.0,1.0,offense,,
2020,NO,11+,81-100,1.0,,offense,,
2020,ARI,2,61-80,2.0,0.5,offense,,
2020,ARI,2,21-40,1.0,0.0,offense,,
2020,NYJ,11+,41-60,1.0,0.0,offense,,
2020,ATL,6-10,61-80,1.0,0.0,offense,,
2020,NE,6-10,41-60,1.0,,offense,,
2021,NYG,6-10,0-20,2.0,0.5,offense,,
2021,GB,1,61-80,3.0,0.6666666666666666,offense,,
2021,BUF,6-10,21-40,2.0,0.0,offense,,
2021,DET,1,0-20,4.0,0.5,offense,,
2021,TB,1,41-60,2.0,0.5,offense,,
2021,TB,1,21-40,2.0,0.0,offense,,
2021,MIA,2,41-60,4.0,0.25,offense,,
2021,DET,11+,61-80,2.0,0.0,offense,,
2021,BAL,1,41-60,4.0,1.0,offense,,
2021,NE,6-10,21-40,1.0,0.0,offense,,
2021,DAL,2,0-20,4.0,0.75,offense,,
2021,BUF,3-5,21-40,3.0,0.0,offense,,
2021,GB,6-10,21-40,1.0,,offense,,
2021,SF,6-10,21-40,5.0,0.6,offense,,
2021,TEN,11+,21-40,1.0,0.0,offense,,
2021,KC,3-5,61-80,1.0,0.0,offense,,
2021,LV,3-5,61-80,1.0,0.0,offense,,
2021,LAC,2,61-80,1.0,1.0,offense,,
2021,NYG,1,0-20,3.0,0.6666666666666666,offense,,
2021,CHI,11+,41-60,3.0,0.3333333333333333,offense,,
2021,NYG,6-10,21-40,1.0,0.0,offense,,
2021,MIA,2,21-40,1.0,1.0,offense,,
2021,JAX,6-10,21-40,3.0,0.3333333333333333,offense,,
2021,CAR,6-10,81-100,1.0,1.0,offense,,
2021,KC,6-10,41-60,2.0,1.0,offense,,
2021,LA,3-5,0-20,2.0,0.5,offense,,
2021,LAC,6-10,61-80,4.0,0.3333333333333333,offense,,
2021,PIT,1,41-60,3.0,1.0,offense,,
2021,CLE,11+,21-40,1.0,0.0,offense,,
2021,BUF,2,41-60,2.0,0.0,offense,,
2021,LAC,2,21-40,2.0,0.0,offense,,
2021,MIA,6-10,81-100,1.0,0.0,offense,,
2021,NYJ,11+,41-60,1.0,0.0,offense,,
2021,LV,11+,0-20,1.0,0.0,offense,,
2021,HOU,1,21-40,1.0,1.0,offense,,
2021,LAC,3-5,0-20,4.0,0.25,offense,,
2021,JAX,1,41-60,2.0,0.5,offense,,
2021,JAX,11+,41-60,1.0,0.0,offense,,
2021,WAS,3-5,41-60,3.0,0.6666666666666666,offense,,
2021,ATL,3-5,41-60,1.0,0.0,offense,,
2021,CAR,2,41-60,1.0,1.0,offense,,
2021,GB,3-5,61-80,1.0,0.0,offense,,
2021,CHI,1,0-20,5.0,0.6,offense,,
2021,CHI,3-5,61-80,1.0,1.0,offense,,
2021,WAS,2,41-60,1.0,0.0,offense,,
2021,ARI,3-5,0-20,1.0,0.0,offense,,
2021,GB,11+,81-100,1.0,0.0,offense,,
2021,NO,11+,41-60,1.0,0.0,offense,,
2021,CIN,1,0-20,4.0,0.6666666666666666,offense,,
2021,DEN,6-10,61-80,1.0,0.0,offense,,
2021,PIT,1,0-20,1.0,0.0,offense,,
2021,PIT,6-10,41-60,1.0,1.0,offense,,
2022,CLE,1,41-60,4.0,1.0,offense,,
2022,MIN,1,0-20,3.0,0.3333333333333333,offense,,
2022,PHI,1,21-40,2.0,1.0,offense,,
2022,SF,11+,21-40,2.0,0.0,offense,,
2022,NO,6-10,61-80,1.0,0.0,offense,,
2022,TEN,1,0-20,3.0,0.6666666666666666,offense,,
2022,SEA,11+,21-40,2.0,0.0,offense,,
2022,NYJ,3-5,41-60,2.0,0.0,offense,,
2022,TB,6-10,81-100,1.0,0.0,offense,,
2022,HOU,1,41-60,4.0,0.5,offense,,
2022,KC,1,0-20,2.0,1.0,offense,,
2022,CAR,6-10,41-60,2.0,0.0,offense,,
2022,NYG,3-5,61-80,3.0,0.3333333333333333,offense,,
2022,CLE,2,61-80,2.0,0.0,offense,,
2022,NO,3-5,41-60,2.0,0.5,offense,,
2022,GB,1,21-40,7.0,0.4285714285714285,offense,,
2022,WAS,11+,0-20,1.0,0.0,offense,,
2022,CHI,3-5,21-40,6.0,0.5,offense,,
2022,DET,11+,21-40,2.0,0.0,offense,,
2022,DET,2,21-40,3.0,0.3333333333333333,offense,,
2022,LAC,2,21-40,3.0,0.3333333333333333,offense,,
2022,MIA,6-10,0-20,1.0,0.0,offense,,
2022,GB,3-5,21-40,5.0,0.2,offense,,
2022,PIT,11+,21-40,1.0,0.0,offense,,
2022,SF,1,41-60,1.0,0.0,offense,,
2022,TEN,2,41-60,1.0,1.0,offense,,
2022,SEA,11+,81-100,1.0,0.0,offense,,
2022,SF,2,0-20,1.0,0.0,offense,,
2022,TB,11+,0-20,1.0,0.0,offense,,
2022,CHI,1,21-40,1.0,1.0,offense,,
2022,CHI,1,41-60,2.0,0.5,offense,,
2022,WAS,6-10,81-100,1.0,0.0,offense,,
2022,LV,1,0-20,2.0,0.0,offense,,
2022,DEN,3-5,21-40,1.0,0.0,offense,,
2022,LV,3-5,41-60,2.0,1.0,offense,,
2022,HOU,1,81-100,1.0,1.0,offense,,
2022,CAR,6-10,0-20,1.0,1.0,offense,,
2022,NE,3-5,0-20,1.0,0.0,offense,,
2022,MIN,3-5,0-20,1.0,0.0,offense,,
2022,SEA,2,21-40,1.0,0.0,offense,,
2022,IND,11+,61-80,2.0,0.0,offense,,
2022,NE,11+,21-40,1.0,0.0,offense,,
2022,TEN,6-10,21-40,2.0,0.5,offense,,
2022,DET,6-10,61-80,1.0,1.0,offense,,
2022,MIN,3-5,21-40,1.0,1.0,offense,,
2022,NYG,6-10,41-60,1.0,0.0,offense,,
2022,CHI,11+,21-40,2.0,,offense,,
2022,NE,11+,61-80,1.0,0.0,offense,,
2022,NYJ,1,61-80,1.0,0.0,offense,,
2022,NYJ,2,61-80,1.0,0.0,offense,,
2022,SF,3-5,0-20,1.0,1.0,offense,,
2023,CAR,11+,21-40,2.0,0.0,offense,,
2023,DET,6-10,41-60,2.0,0.0,offense,,
2023,CHI,1,41-60,3.0,0.6666666666666666,offense,,
2023,JAX,1,41-60,6.0,0.3333333333333333,offense,,
2023,LV,1,21-40,5.0,0.6,offense,,
2023,PIT,3-5,0-20,2.0,0.5,offense,,
2023,PIT,3-5,21-40,1.0,0.0,offense,,
2023,HOU,11+,21-40,1.0,0.0,offense,,
2023,NE,3-5,21-40,4.0,0.25,offense,,
2023,WAS,3-5,0-20,4.0,0.75,offense,,
2023,CAR,11+,41-60,3.0,0.3333333333333333,offense,,
2023,MIN,3-5,0-20,3.0,0.3333333333333333,offense,,
2023,NYJ,11+,61-80,2.0,0.0,offense,,
2023,NO,6-10,21-40,6.0,0.0,offense,,
2023,PHI,1,0-20,4.0,0.5,offense,,
2023,CLE,1,61-80,2.0,1.0,offense,,
2023,BAL,6-10,61-80,2.0,0.0,offense,,
2023,TEN,2,41-60,2.0,1.0,offense,,
2023,IND,6-10,61-80,2.0,0.5,offense,,
2023,MIA,1,41-60,3.0,0.3333333333333333,offense,,
2023,PHI,1,61-80,4.0,1.0,offense,,
2023,ARI,1,0-20,3.0,0.3333333333333333,offense,,
2023,MIN,1,61-80,2.0,1.0,offense,,
2023,ARI,1,61-80,2.0,1.0,offense,,
2023,DAL,3-5,81-100,1.0,0.0,offense,,
2023,NO,3-5,0-20,1.0,0.0,offense,,
2023,NYJ,3-5,21-40,2.0,0.5,offense,,
2023,BUF,2,21-40,2.0,0.0,offense,,
2023,CLE,1,0-20,2.0,1.0,offense,,
2023,CAR,2,0-20,2.0,0.5,offense,,
2023,NE,11+,81-100,1.0,0.0,offense,,
2023,MIA,3-5,41-60,4.0,0.75,offense,,
2023,LV,3-5,41-60,2.0,0.0,offense,,
2023,CAR,6-10,21-40,5.0,0.4,offense,,
2023,HOU,2,0-20,2.0,0.0,offense,,
2023,CHI,2,41-60,1.0,1.0,offense,,
2023,NYG,2,21-40,1.0,0.0,offense,,
2023,CLE,11+,21-40,2.0,0.0,offense,,
2023,DET,1,61-80,2.0,0.5,offense,,
2023,NYJ,11+,41-60,1.0,0.0,offense,,
2023,ATL,2,21-40,1.0,0.0,offense,,
2023,WAS,3-5,21-40,1.0,0.0,offense,,
2023,HOU,6-10,61-80,2.0,0.0,offense,,
2023,SEA,2,41-60,2.0,0.0,offense,,
2023,JAX,3-5,61-80,1.0,0.0,offense,,
2023,ATL,11+,61-80,1.0,0.0,offense,,
2023,DEN,1,0-20,2.0,0.5,offense,,
2023,NYJ,6-10,61-80,2.0,0.0,offense,,
2023,IND,1,21-40,1.0,1.0,offense,,
2023,CLE,6-10,21-40,2.0,1.0,offense,,
2023,JAX,11+,21-40,1.0,0.0,offense,,
2023,KC,3-5,41-60,3.0,0.6666666666666666,offense,,
2023,ARI,3-5,0-20,2.0,1.0,offense,,
2023,NYJ,6-10,21-40,1.0,0.0,offense,,
2023,PIT,3-5,41-60,2.0,0.0,offense,,
2023,MIN,3-5,21-40,1.0,0.0,offense,,
2024,CAR,6-10,0-20,1.0,0.0,offense,,
2018,GB,11+,41-60,2.0,0.0,offense,,
2019,ARI,6-10,61-80,1.0,1.0,offense,,
2024,CLE,1,61-80,6.0,0.6666666666666666,offense,,
2024,IND,6-10,0-20,2.0,0.0,offense,,
2024,GB,3-5,21-40,4.0,0.0,offense,,
2024,DAL,1,41-60,6.0,0.3333333333333333,offense,,
2024,WAS,1,21-40,5.0,1.0,offense,,
2024,WAS,1,0-20,3.0,0.6666666666666666,offense,,
2024,DEN,6-10,21-40,1.0,0.0,offense,,
2024,SEA,1,0-20,4.0,0.0,offense,,
2024,LV,3-5,61-80,5.0,0.4,offense,,
2024,CHI,11+,81-100,1.0,0.0,offense,,
2024,NYG,11+,41-60,2.0,0.0,offense,,
2024,PHI,3-5,21-40,3.0,0.3333333333333333,offense,,
2024,NO,1,0-20,1.0,0.0,offense,,
2024,DAL,11+,41-60,4.0,0.0,offense,,
2024,NE,3-5,61-80,3.0,0.0,offense,,
2024,TB,1,0-20,2.0,1.0,offense,,
2024,PIT,1,61-80,3.0,0.0,offense,,
2024,TEN,3-5,0-20,2.0,0.5,offense,,
2024,ARI,11+,41-60,1.0,1.0,offense,,
2024,CAR,1,41-60,2.0,0.5,offense,,
2024,PIT,3-5,41-60,1.0,0.0,offense,,
2024,GB,2,81-100,1.0,0.0,offense,,
2024,LA,1,21-40,4.0,1.0,offense,,
2024,IND,1,61-80,2.0,0.0,offense,,
2024,DEN,3-5,21-40,6.0,0.3333333333333333,offense,,
2024,MIA,6-10,21-40,2.0,0.0,offense,,
2024,NYJ,6-10,81-100,1.0,0.0,offense,,
2024,ATL,11+,61-80,1.0,0.0,offense,,
2024,NYG,1,21-40,3.0,0.6666666666666666,offense,,
2024,DET,2,21-40,3.0,1.0,offense,,
2024,DAL,3-5,41-60,2.0,1.0,offense,,
2024,DET,3-5,21-40,2.0,0.5,offense,,
2024,CLE,1,0-20,3.0,1.0,offense,,
2024,NE,11+,81-100,1.0,0.0,offense,,
2024,PHI,3-5,41-60,4.0,0.75,offense,,
2024,CHI,3-5,0-20,3.0,0.3333333333333333,offense,,
2024,NO,3-5,0-20,3.0,0.3333333333333333,offense,,
2024,DEN,3-5,0-20,1.0,0.0,offense,,
2024,GB,1,0-20,2.0,0.5,offense,,
2024,HOU,11+,21-40,1.0,0.0,offense,,
2024,LAC,6-10,41-60,4.0,0.0,offense,,
2024,MIA,3-5,21-40,5.0,0.6,offense,,
2024,TEN,11+,41-60,1.0,0.0,offense,,
2024,BUF,3-5,21-40,2.0,0.0,offense,,
2024,LA,11+,21-40,1.0,0.0,offense,,
2024,TB,6-10,61-80,1.0,1.0,offense,,
2024,CLE,6-10,21-40,2.0,0.5,offense,,
2024,KC,3-5,41-60,2.0,0.0,offense,,
2024,PHI,1,81-100,1.0,0.0,offense,,
2024,ATL,1,41-60,3.0,1.0,offense,,
2024,BAL,3-5,41-60,3.0,0.0,offense,,
2024,SF,1,21-40,3.0,0.6666666666666666,offense,,
2024,NYJ,2,0-20,2.0,1.0,offense,,
2024,CHI,6-10,0-20,1.0,1.0,offense,,
2024,KC,3-5,21-40,2.0,0.5,offense,,
2024,ARI,2,81-100,1.0,1.0,offense,,
2024,CLE,11+,61-80,1.0,0.0,offense,,
2024,NYG,11+,0-20,1.0,0.0,offense,,
2024,ATL,11+,41-60,1.0,1.0,offense,,
2024,ATL,11+,0-20,1.0,1.0,offense,,
2024,NE,11+,41-60,1.0,0.0,offense,,
2024,CHI,6-10,21-40,1.0,0.0,offense,,
2016,BUF,1,21-40,3.0,0.6666666666666666,offense,,
2016,DEN,1,0-20,2.0,1.0,offense,,
2016,GB,1,0-20,2.0,0.5,offense,,
2016,JAX,1,0-20,1.0,0.0,offense,,
2016,LV,3-5,0-20,2.0,0.0,offense,,
2016,LAC,1,41-60,3.0,0.0,offense,,
2016,KC,2,41-60,1.0,1.0,offense,,
2016,BAL,2,21-40,1.0,0.0,offense,,
2016,PIT,3-5,21-40,5.0,0.6,offense,,
2016,CIN,3-5,21-40,2.0,1.0,offense,,
2016,NYG,2,0-20,3.0,0.3333333333333333,offense,,
2016,PHI,6-10,21-40,2.0,0.5,offense,,
2016,DET,6-10,41-60,2.0,0.0,offense,,
2016,TEN,3-5,0-20,3.0,0.6666666666666666,offense,,
2016,ARI,6-10,0-20,2.0,0.0,offense,,
2016,BAL,2,41-60,2.0,1.0,offense,,
2016,CAR,3-5,41-60,2.0,0.0,offense,,
2016,NYJ,6-10,21-40,2.0,0.0,offense,,
2016,PIT,6-10,21-40,1.0,0.0,offense,,
2016,LAC,11+,81-100,3.0,0.0,offense,,
2016,IND,1,0-20,5.0,0.4,offense,,
2016,LV,11+,61-80,3.0,0.3333333333333333,offense,,
2016,BUF,11+,21-40,1.0,0.0,offense,,
2016,TB,1,41-60,2.0,0.5,offense,,
2016,IND,11+,21-40,1.0,0.0,offense,,
2016,SEA,2,0-20,1.0,0.0,offense,,
2016,PHI,6-10,41-60,2.0,0.5,offense,,
2016,TEN,1,0-20,2.0,0.5,offense,,
2016,NYG,3-5,0-20,2.0,0.5,offense,,
2016,GB,6-10,41-60,1.0,0.0,offense,,
2016,TEN,11+,61-80,1.0,,offense,,
2016,GB,6-10,21-40,2.0,0.0,offense,,
2016,IND,6-10,41-60,2.0,0.5,offense,,
2016,HOU,3-5,61-80,1.0,1.0,offense,,
2016,SEA,11+,81-100,1.0,1.0,offense,,
2016,CIN,6-10,41-60,1.0,0.0,offense,,
2016,JAX,1,61-80,1.0,1.0,offense,,
2016,IND,6-10,0-20,1.0,0.0,offense,,
2016,LA,11+,0-20,1.0,0.0,offense,,
2016,NYJ,6-10,0-20,1.0,0.0,offense,,
2016,DEN,6-10,21-40,1.0,0.0,offense,,
2016,DEN,3-5,21-40,2.0,0.5,offense,,
2016,NYJ,1,61-80,1.0,1.0,offense,,
2016,NYJ,3-5,21-40,1.0,1.0,offense,,
2016,TEN,6-10,0-20,1.0,0.0,offense,,
2016,LA,1,61-80,1.0,1.0,offense,,
2016,LA,1,41-60,1.0,0.0,offense,,
2016,LAC,3-5,41-60,1.0,0.0,offense,,
2016,SF,1,0-20,1.0,1.0,offense,,
2016,SEA,6-10,81-100,1.0,0.0,offense,,
2017,ARI,2,21-40,2.0,0.5,offense,,
2017,SF,1,41-60,2.0,0.0,offense,,
2017,KC,1,41-60,1.0,0.0,offense,,
2017,GB,6-10,41-60,4.0,0.0,offense,,
2017,IND,6-10,0-20,3.0,0.0,offense,,
2017,BAL,6-10,41-60,3.0,0.6666666666666666,offense,,
2017,DAL,6-10,0-20,3.0,0.0,offense,,
2017,NYG,6-10,21-40,3.0,0.0,offense,,
2017,NO,3-5,0-20,2.0,0.0,offense,,
2017,NO,3-5,21-40,5.0,0.4,offense,,
2017,LV,3-5,0-20,2.0,0.0,offense,,
2017,SEA,1,41-60,1.0,1.0,offense,,
2017,CLE,6-10,61-80,2.0,0.5,offense,,
2017,DEN,3-5,81-100,1.0,0.0,offense,,
2017,NYG,1,0-20,1.0,0.0,offense,,
2017,LV,11+,61-80,3.0,0.0,offense,,
2017,BUF,1,0-20,5.0,0.2,offense,,
2017,DAL,6-10,41-60,1.0,0.0,offense,,
2017,MIA,3-5,41-60,1.0,0.0,offense,,
2017,TB,2,21-40,1.0,0.0,offense,,
2017,LAC,6-10,41-60,2.0,0.0,offense,,
2017,BAL,11+,81-100,1.0,0.0,offense,,
2017,ARI,6-10,61-80,1.0,0.0,offense,,
2017,DET,1,41-60,4.0,0.25,offense,,
2017,DAL,1,0-20,2.0,1.0,offense,,
2017,DET,11+,41-60,2.0,0.0,offense,,
2017,MIN,11+,41-60,2.0,0.0,offense,,
2017,JAX,3-5,0-20,2.0,0.5,offense,,
2017,MIA,1,0-20,1.0,1.0,offense,,
2017,PHI,11+,61-80,1.0,0.0,offense,,
2017,PHI,1,0-20,2.0,1.0,offense,,
2017,TB,3-5,21-40,1.0,1.0,offense,,
2017,BAL,11+,0-20,1.0,1.0,offense,,
2017,CAR,2,21-40,2.0,0.0,offense,,
2017,GB,11+,61-80,1.0,0.0,offense,,
2017,CLE,3-5,21-40,2.0,0.0,offense,,
2017,BAL,2,41-60,1.0,0.0,offense,,
2017,BAL,6-10,61-80,1.0,0.0,offense,,
2017,CAR,3-5,0-20,2.0,0.0,offense,,
2017,BAL,2,21-40,1.0,1.0,offense,,
2017,KC,1,0-20,1.0,0.0,offense,,
2017,DEN,11+,61-80,1.0,0.0,offense,,
2017,LA,6-10,61-80,1.0,0.0,offense,,
2017,HOU,11+,41-60,3.0,0.3333333333333333,offense,,
2017,WAS,1,0-20,1.0,1.0,offense,,
2017,BAL,1,41-60,1.0,1.0,offense,,
2017,NYG,1,41-60,1.0,1.0,offense,,
2017,DET,6-10,61-80,1.0,0.0,offense,,
2017,HOU,3-5,21-40,1.0,0.0,offense,,
2017,ATL,2,21-40,1.0,1.0,offense,,
2017,BUF,6-10,81-100,1.0,0.0,offense,,
2017,GB,3-5,21-40,1.0,1.0,offense,,
2017,LA,3-5,21-40,1.0,0.0,offense,,
2017,NYG,6-10,0-20,1.0,0.0,offense,,
2017,CHI,1,0-20,1.0,1.0,offense,,
2017,NYJ,6-10,0-20,1.0,0.0,offense,,
2017,LV,1,81-100,1.0,0.0,offense,,
2017,SF,3-5,61-80,1.0,0.0,offense,,
2018,ATL,3-5,61-80,1.0,0.0,offense,,
2018,BAL,3-5,61-80,1.0,0.0,offense,,
2018,CHI,3-5,21-40,4.0,0.5,offense,,
2018,CHI,6-10,81-100,1.0,0.0,offense,,
2018,NYG,6-10,21-40,1.0,0.0,offense,,
2018,LA,3-5,0-20,2.0,0.0,offense,,
2018,MIN,1,41-60,2.0,0.0,offense,,
2018,TEN,3-5,0-20,2.0,0.0,offense,,
2018,LA,1,41-60,2.0,0.5,offense,,
2018,DET,2,61-80,2.0,0.5,offense,,
2018,NE,11+,81-100,1.0,0.0,offense,,
2018,ATL,11+,0-20,1.0,0.0,offense,,
2018,BAL,1,41-60,5.0,0.6,offense,,
2018,IND,3-5,21-40,1.0,1.0,offense,,
2018,CAR,6-10,81-100,1.0,0.0,offense,,
2018,CAR,3-5,0-20,2.0,0.0,offense,,
2018,LA,1,21-40,2.0,0.5,offense,,
2018,CAR,6-10,61-80,1.0,1.0,offense,,
2018,LA,11+,21-40,2.0,,offense,,
2018,MIN,6-10,21-40,1.0,1.0,offense,,
2018,BAL,1,81-100,1.0,0.0,offense,,
2018,BUF,2,21-40,1.0,0.0,offense,,
2018,TB,3-5,0-20,2.0,1.0,offense,,
2018,DET,3-5,61-80,1.0,1.0,offense,,
2018,GB,3-5,41-60,3.0,0.5,offense,,
2018,CLE,2,41-60,2.0,0.5,offense,,
2018,NO,1,21-40,2.0,0.5,offense,,
2018,MIA,11+,61-80,4.0,0.0,offense,,
2018,DEN,3-5,41-60,2.0,0.5,offense,,
2018,PHI,11+,41-60,1.0,0.0,offense,,
2018,BUF,2,41-60,1.0,0.0,offense,,
2018,BAL,11+,41-60,1.0,0.0,offense,,
2018,CAR,11+,21-40,1.0,0.0,offense,,
2018,BUF,2,0-20,1.0,0.0,offense,,
2018,NYJ,11+,81-100,1.0,0.0,offense,,
2018,LAC,6-10,21-40,1.0,1.0,offense,,
2018,ARI,1,41-60,1.0,0.0,offense,,
2018,IND,2,41-60,1.0,1.0,offense,,
2018,LV,3-5,41-60,1.0,1.0,offense,,
2018,KC,6-10,21-40,1.0,0.0,offense,,
2019,BAL,1,61-80,3.0,1.0,offense,,
2019,NYJ,1,61-80,1.0,1.0,offense,,
2019,SEA,11+,41-60,2.0,0.0,offense,,
2019,CIN,1,21-40,2.0,0.0,offense,,
2019,DET,11+,81-100,2.0,0.0,offense,,
2019,NYG,3-5,41-60,2.0,0.0,offense,,
2019,NYG,2,0-20,2.0,0.5,offense,,
2019,NYG,6-10,41-60,1.0,0.0,offense,,
2019,CLE,3-5,41-60,2.0,,offense,,
2019,WAS,3-5,41-60,2.0,0.0,offense,,
2019,IND,1,61-80,3.0,0.3333333333333333,offense,,
2019,LV,2,41-60,3.0,1.0,offense,,
2019,DET,6-10,41-60,1.0,0.0,offense,,
2019,MIA,11+,41-60,4.0,0.0,offense,,
2019,NO,1,41-60,4.0,0.5,offense,,
2019,ATL,3-5,41-60,4.0,1.0,offense,,
2019,PHI,11+,61-80,2.0,1.0,offense,,
2019,SEA,3-5,21-40,2.0,0.5,offense,,
2019,WAS,1,0-20,1.0,0.0,offense,,
2019,CLE,3-5,0-20,2.0,0.0,offense,,
2019,TEN,6-10,0-20,1.0,0.0,offense,,
2019,CIN,11+,61-80,1.0,0.0,offense,,
2019,ATL,3-5,21-40,2.0,0.0,offense,,
2019,DAL,3-5,0-20,2.0,0.0,offense,,
2019,NYG,11+,21-40,2.0,0.5,offense,,
2019,NYG,2,61-80,2.0,0.0,offense,,
2019,MIN,3-5,21-40,2.0,1.0,offense,,
2019,NE,1,41-60,3.0,0.0,offense,,
2019,ARI,3-5,61-80,2.0,0.0,offense,,
2019,SF,3-5,21-40,3.0,0.0,offense,,
2019,CLE,11+,61-80,1.0,0.0,offense,,
2019,CLE,1,21-40,3.0,0.3333333333333333,offense,,
2019,DET,3-5,41-60,2.0,0.0,offense,,
2019,LV,3-5,21-40,1.0,0.0,offense,,
2019,JAX,11+,21-40,1.0,0.0,offense,,
2019,JAX,6-10,0-20,2.0,0.0,offense,,
2019,IND,2,41-60,3.0,0.3333333333333333,offense,,
2019,CAR,3-5,61-80,1.0,1.0,offense,,
2019,NO,3-5,41-60,2.0,0.0,offense,,
2019,NO,11+,0-20,1.0,0.0,offense,,
2019,CIN,2,61-80,1.0,0.0,offense,,
2019,GB,3-5,21-40,4.0,0.5,offense,,
2019,LV,11+,41-60,1.0,0.0,offense,,
2019,NYG,1,61-80,1.0,0.0,offense,,
2019,JAX,3-5,41-60,3.0,0.3333333333333333,offense,,
2019,PIT,2,41-60,1.0,0.0,offense,,
2019,LA,6-10,61-80,1.0,1.0,offense,,
2019,JAX,2,0-20,1.0,1.0,offense,,
2019,CLE,6-10,61-80,1.0,0.0,offense,,
2019,NYG,2,41-60,1.0,1.0,offense,,
2019,ATL,1,0-20,3.0,0.0,offense,,
2019,BUF,6-10,0-20,1.0,0.0,offense,,
2019,NYJ,1,0-20,2.0,0.0,offense,,
2019,NO,11+,41-60,1.0,0.0,offense,,
2019,SF,2,61-80,1.0,1.0,offense,,
2019,DAL,3-5,61-80,1.0,,offense,,
2019,CHI,3-5,0-20,1.0,0.0,offense,,
2019,LA,2,41-60,1.0,0.0,offense,,
2019,LAC,2,41-60,1.0,1.0,offense,,
2019,CAR,2,41-60,1.0,1.0,offense,,
2019,DAL,1,21-40,1.0,1.0,offense,,
2020,CHI,6-10,21-40,2.0,0.0,offense,,
2020,GB,1,0-20,7.0,0.7142857142857143,offense,,
2020,IND,1,0-20,6.0,0.3333333333333333,offense,,
2020,WAS,3-5,0-20,1.0,0.0,offense,,
2020,NYG,1,21-40,5.0,0.6,offense,,
2020,ATL,2,0-20,2.0,0.5,offense,,
2020,TEN,1,61-80,1.0,0.0,offense,,
2020,NE,3-5,21-40,3.0,0.3333333333333333,offense,,
2020,CHI,11+,0-20,1.0,0.0,offense,,
2020,BAL,11+,21-40,2.0,0.0,offense,,
2020,JAX,3-5,61-80,4.0,0.25,offense,,
2020,NYJ,3-5,61-80,3.0,0.3333333333333333,offense,,
2020,TEN,1,41-60,3.0,0.6666666666666666,offense,,
2020,GB,2,21-40,3.0,1.0,offense,,
2020,ATL,6-10,21-40,2.0,0.0,offense,,
2020,DAL,3-5,21-40,2.0,0.0,offense,,
2020,DEN,6-10,61-80,4.0,0.25,offense,,
2020,DEN,11+,21-40,3.0,0.0,offense,,
2020,CIN,1,61-80,1.0,1.0,offense,,
2020,HOU,2,61-80,1.0,0.0,offense,,
2020,LA,1,21-40,4.0,0.75,offense,,
2020,NYJ,11+,21-40,1.0,0.0,offense,,
2020,WAS,2,41-60,1.0,0.0,offense,,
2020,KC,6-10,61-80,1.0,0.0,offense,,
2020,KC,3-5,41-60,2.0,1.0,offense,,
2020,CIN,1,0-20,3.0,0.6666666666666666,offense,,
2020,JAX,1,21-40,2.0,0.5,offense,,
2020,TEN,3-5,61-80,1.0,0.0,offense,,
2020,SEA,2,0-20,2.0,0.5,offense,,
2020,ARI,11+,21-40,2.0,0.5,offense,,
2020,DAL,11+,81-100,2.0,0.0,offense,,
2020,LA,6-10,41-60,1.0,0.0,offense,,
2020,LV,1,21-40,2.0,0.5,offense,,
2020,MIN,1,21-40,4.0,1.0,offense,,
2020,SF,1,21-40,2.0,1.0,offense,,
2020,JAX,1,41-60,2.0,0.0,offense,,
2020,CIN,11+,41-60,1.0,0.0,offense,,
2020,DET,3-5,41-60,1.0,0.0,offense,,
2020,ARI,6-10,21-40,1.0,0.0,offense,,
2020,IND,6-10,61-80,1.0,0.0,offense,,
2020,TEN,11+,41-60,1.0,1.0,offense,,
2020,LV,3-5,0-20,2.0,0.0,offense,,
2020,SEA,11+,41-60,1.0,0.0,offense,,
2020,DAL,2,41-60,2.0,0.0,offense,,
2020,TEN,2,0-20,1.0,0.0,offense,,
2020,LV,2,0-20,1.0,1.0,offense,,
2020,BAL,3-5,21-40,2.0,0.5,offense,,
2020,MIA,3-5,0-20,1.0,0.0,offense,,
2020,CAR,6-10,0-20,1.0,0.0,offense,,
2020,SF,3-5,21-40,1.0,1.0,offense,,
2021,TEN,3-5,61-80,2.0,0.5,offense,,
2021,TEN,6-10,41-60,1.0,0.0,offense,,
2021,CHI,3-5,21-40,2.0,0.0,offense,,
2021,LA,1,21-40,6.0,0.8333333333333334,offense,,
2021,WAS,1,21-40,5.0,0.4,offense,,
2021,CIN,1,21-40,4.0,1.0,offense,,
2021,CIN,1,61-80,1.0,0.0,offense,,
2021,CAR,1,0-20,3.0,0.0,offense,,
2021,CAR,6-10,61-80,4.0,0.5,offense,,
2021,ATL,6-10,61-80,1.0,0.0,offense,,
2021,BUF,6-10,61-80,1.0,1.0,offense,,
2021,DET,6-10,21-40,1.0,0.0,offense,,
2021,ATL,1,41-60,6.0,0.3333333333333333,offense,,
2021,BUF,1,0-20,4.0,0.5,offense,,
2021,DEN,3-5,41-60,3.0,0.3333333333333333,offense,,
2021,CLE,3-5,21-40,1.0,0.0,offense,,
2021,LV,1,61-80,4.0,0.75,offense,,
2021,NE,1,21-40,6.0,0.8333333333333334,offense,,
2021,NE,1,41-60,4.0,0.5,offense,,
2021,NYJ,11+,21-40,1.0,0.0,offense,,
2021,NYJ,1,21-40,2.0,0.0,offense,,
2021,NYJ,6-10,41-60,2.0,0.0,offense,,
2021,BUF,2,21-40,3.0,0.6666666666666666,offense,,
2021,MIN,6-10,21-40,4.0,0.0,offense,,
2021,NE,11+,81-100,1.0,0.0,offense,,
2021,TEN,1,61-80,2.0,1.0,offense,,
2021,SEA,2,21-40,1.0,0.0,offense,,
2021,SF,3-5,21-40,1.0,1.0,offense,,
2021,KC,1,41-60,3.0,1.0,offense,,
2021,DEN,2,61-80,1.0,0.0,offense,,
2021,SEA,3-5,21-40,1.0,0.0,offense,,
2021,GB,3-5,0-20,4.0,0.75,offense,,
2021,MIN,1,41-60,3.0,1.0,offense,,
2021,ARI,1,21-40,5.0,0.4,offense,,
2021,SEA,6-10,41-60,2.0,0.0,offense,,
2021,BUF,3-5,41-60,2.0,0.5,offense,,
2021,ATL,11+,21-40,3.0,0.0,offense,,
2021,NYJ,3-5,21-40,3.0,1.0,offense,,
2021,NYJ,6-10,0-20,2.0,0.0,offense,,
2021,HOU,6-10,0-20,1.0,0.0,offense,,
2021,NYG,11+,41-60,1.0,0.0,offense,,
2021,PIT,11+,81-100,2.0,0.0,offense,,
2021,JAX,6-10,61-80,3.0,0.3333333333333333,offense,,
2021,CAR,2,61-80,2.0,1.0,offense,,
2021,MIN,3-5,0-20,1.0,0.0,offense,,
2021,JAX,1,21-40,3.0,0.3333333333333333,offense,,
2021,DET,2,0-20,2.0,1.0,offense,,
2021,BUF,11+,0-20,1.0,0.0,offense,,
2021,NE,6-10,81-100,1.0,0.0,offense,,
2021,NYG,2,21-40,2.0,1.0,offense,,
2021,CLE,3-5,41-60,1.0,0.0,offense,,
2021,GB,2,0-20,2.0,1.0,offense,,
2021,CHI,1,61-80,1.0,0.0,offense,,
2021,NYG,6-10,61-80,1.0,0.0,offense,,
2021,NYJ,2,21-40,1.0,1.0,offense,,
2021,BUF,3-5,0-20,1.0,0.0,offense,,
2021,CLE,6-10,21-40,1.0,0.0,offense,,
2021,GB,2,41-60,1.0,0.0,offense,,
2021,IND,11+,61-80,1.0,0.0,offense,,
2021,ATL,2,0-20,1.0,0.0,offense,,
2022,NYJ,11+,21-40,1.0,1.0,offense,,
2022,CLE,2,41-60,2.0,0.5,offense,,
2022,ARI,6-10,0-20,2.0,0.5,offense,,
2022,LV,3-5,21-40,1.0,1.0,offense,,
2022,MIA,1,41-60,2.0,0.5,offense,,
2022,DET,1,0-20,7.0,0.5714285714285714,offense,,
2022,TB,3-5,41-60,2.0,0.0,offense,,
2022,DAL,3-5,61-80,1.0,1.0,offense,,
2022,CIN,3-5,61-80,2.0,0.0,offense,,
2022,DEN,2,41-60,3.0,0.3333333333333333,offense,,
2022,MIA,1,61-80,7.0,0.5714285714285714,offense,,
2022,TB,1,81-100,1.0,0.0,offense,,
2022,BUF,1,41-60,1.0,0.0,offense,,
2022,SEA,1,41-60,2.0,1.0,offense,,
2022,DET,1,41-60,5.0,0.6,offense,,
2022,DET,1,21-40,5.0,0.4,offense,,
2022,LAC,11+,21-40,4.0,0.25,offense,,
2022,IND,1,21-40,4.0,0.5,offense,,
2022,TEN,3-5,41-60,2.0,0.5,offense,,
2022,PHI,2,0-20,3.0,1.0,offense,,
2022,PHI,3-5,0-20,4.0,0.5,offense,,
2022,KC,1,21-40,1.0,0.0,offense,,
2022,PIT,1,61-80,1.0,1.0,offense,,
2022,MIN,3-5,41-60,1.0,0.0,offense,,
2022,BAL,3-5,41-60,2.0,0.0,offense,,
2022,LA,3-5,61-80,2.0,0.5,offense,,
2022,CAR,1,0-20,3.0,1.0,offense,,
2022,ARI,11+,41-60,2.0,0.0,offense,,
2022,CHI,11+,41-60,3.0,0.0,offense,,
2022,DET,3-5,41-60,2.0,0.0,offense,,
2022,IND,2,21-40,1.0,1.0,offense,,
2022,JAX,11+,41-60,1.0,1.0,offense,,
2022,LAC,6-10,41-60,2.0,0.0,offense,,
2022,LV,2,21-40,1.0,1.0,offense,,
2022,SEA,2,0-20,1.0,1.0,offense,,
2022,IND,2,41-60,2.0,0.0,offense,,
2022,LV,2,61-80,1.0,0.0,offense,,
2022,WAS,1,21-40,6.0,0.5,offense,,
2022,ATL,11+,61-80,1.0,0.0,offense,,
2022,TEN,1,61-80,1.0,0.0,offense,,
2022,NYG,11+,41-60,2.0,0.5,offense,,
2022,JAX,2,21-40,1.0,1.0,offense,,
2022,PIT,2,21-40,1.0,1.0,offense,,
2022,SEA,3-5,21-40,2.0,0.5,offense,,
2022,CLE,3-5,61-80,1.0,1.0,offense,,
2022,NE,2,61-80,1.0,0.0,offense,,
2022,PHI,2,61-80,1.0,0.0,offense,,
2022,JAX,3-5,61-80,2.0,0.5,offense,,
2022,PHI,2,21-40,1.0,1.0,offense,,
2022,MIN,3-5,61-80,2.0,0.5,offense,,
2022,TB,2,21-40,1.0,0.0,offense,,
2022,NO,6-10,21-40,1.0,0.0,offense,,
2022,ATL,2,61-80,1.0,0.0,offense,,
2022,MIA,1,21-40,1.0,1.0,offense,,
2022,TB,6-10,41-60,1.0,0.0,offense,,
2022,TEN,3-5,21-40,2.0,0.5,offense,,
2022,HOU,11+,41-60,2.0,0.5,offense,,
2022,MIA,6-10,61-80,1.0,0.0,offense,,
2022,BAL,6-10,41-60,1.0,0.0,offense,,
2022,GB,6-10,41-60,1.0,0.0,offense,,
2022,ATL,11+,41-60,1.0,1.0,offense,,
2023,CAR,1,0-20,4.0,0.75,offense,,
2023,DET,2,81-100,1.0,1.0,offense,,
2023,GB,3-5,41-60,3.0,0.0,offense,,
2023,HOU,1,41-60,5.0,0.0,offense,,
2023,TB,3-5,61-80,2.0,0.5,offense,,
2023,GB,6-10,61-80,2.0,0.0,offense,,
2023,KC,2,41-60,1.0,1.0,offense,,
2023,KC,1,21-40,2.0,1.0,offense,,
2023,BUF,1,0-20,5.0,0.6,offense,,
2023,PHI,3-5,41-60,3.0,0.3333333333333333,offense,,
2023,CAR,2,41-60,7.0,0.7142857142857143,offense,,
2023,BUF,1,21-40,3.0,0.3333333333333333,offense,,
2023,DEN,11+,21-40,2.0,0.0,offense,,
2023,IND,6-10,0-20,2.0,0.0,offense,,
2023,BAL,3-5,41-60,2.0,0.0,offense,,
2023,LAC,1,0-20,7.0,0.7142857142857143,offense,,
2023,CIN,1,21-40,2.0,1.0,offense,,
2023,GB,1,0-20,3.0,0.6666666666666666,offense,,
2023,SF,3-5,21-40,3.0,0.6666666666666666,offense,,
2023,JAX,1,0-20,5.0,0.6,offense,,
2023,BAL,1,21-40,2.0,0.5,offense,,
2023,CLE,11+,81-100,3.0,0.0,offense,,
2023,CLE,6-10,61-80,1.0,0.0,offense,,
2023,IND,3-5,21-40,4.0,0.25,offense,,
2023,CHI,1,21-40,5.0,0.6,offense,,
2023,MIN,11+,21-40,1.0,0.0,offense,,
2023,NE,1,61-80,3.0,0.3333333333333333,offense,,
2023,LA,11+,41-60,1.0,0.0,offense,,
2023,ARI,1,21-40,4.0,0.5,offense,,
2023,ARI,11+,41-60,5.0,0.0,offense,,
2023,DEN,3-5,21-40,2.0,0.0,offense,,
2023,MIN,6-10,41-60,4.0,0.25,offense,,
2023,ATL,6-10,41-60,1.0,0.0,offense,,
2023,TB,3-5,41-60,2.0,0.0,offense,,
2023,DET,3-5,41-60,2.0,1.0,offense,,
2023,CHI,3-5,21-40,3.0,0.3333333333333333,offense,,
2023,SEA,2,21-40,1.0,1.0,offense,,
2023,KC,1,61-80,2.0,1.0,offense,,
2023,DEN,11+,0-20,1.0,0.0,offense,,
2023,LV,6-10,61-80,2.0,0.5,offense,,
2023,LV,11+,61-80,2.0,0.0,offense,,
2023,WAS,1,21-40,4.0,0.0,offense,,
2023,TB,6-10,41-60,2.0,0.5,offense,,
2023,NYJ,6-10,0-20,2.0,0.0,offense,,
2023,SEA,6-10,21-40,1.0,0.0,offense,,
2023,HOU,6-10,0-20,1.0,1.0,offense,,
2023,ARI,6-10,21-40,2.0,0.5,offense,,
2023,WAS,6-10,41-60,1.0,1.0,offense,,
2023,KC,1,0-20,1.0,1.0,offense,,
2023,DET,6-10,21-40,2.0,0.0,offense,,
2023,LV,1,81-100,1.0,0.0,offense,,
2023,CLE,11+,41-60,1.0,0.0,offense,,
2023,LAC,11+,21-40,1.0,0.0,offense,,
2023,SEA,3-5,0-20,1.0,0.0,offense,,
2023,CAR,2,61-80,1.0,0.0,offense,,
2023,CAR,1,61-80,1.0,1.0,offense,,
2023,NYJ,1,61-80,2.0,1.0,offense,,
2023,HOU,2,61-80,2.0,0.0,offense,,
2023,CLE,3-5,41-60,1.0,1.0,offense,,
2023,PIT,3-5,61-80,1.0,0.0,offense,,
2023,PHI,2,61-80,1.0,1.0,offense,,
2023,MIA,2,41-60,1.0,0.0,offense,,
2023,JAX,6-10,0-20,1.0,0.0,offense,,
2023,MIN,1,41-60,1.0,0.0,offense,,
2023,TB,2,21-40,1.0,0.0,offense,,
2023,JAX,2,61-80,1.0,0.0,offense,,
2023,LAC,2,61-80,1.0,0.0,offense,,
2020,ATL,2,21-40,2.0,0.5,offense,,
2024,MIA,2,41-60,3.0,0.3333333333333333,offense,,
2024,HOU,1,41-60,2.0,1.0,offense,,
2024,KC,1,21-40,7.0,0.8571428571428571,offense,,
2024,KC,6-10,41-60,2.0,0.0,offense,,
2024,KC,11+,61-80,2.0,0.0,offense,,
2024,NYG,3-5,21-40,4.0,0.5,offense,,
2024,CHI,2,41-60,2.0,1.0,offense,,
2024,IND,3-5,21-40,3.0,0.3333333333333333,offense,,
2024,DEN,1,0-20,2.0,0.5,offense,,
2024,ATL,2,0-20,2.0,1.0,offense,,
2024,SF,1,0-20,4.0,0.75,offense,,
2024,CIN,2,0-20,3.0,0.3333333333333333,offense,,
2024,CLE,3-5,0-20,3.0,0.0,offense,,
2024,NYG,1,61-80,3.0,0.6666666666666666,offense,,
2024,MIN,1,0-20,4.0,0.25,offense,,
2024,PHI,3-5,61-80,1.0,0.0,offense,,
2024,ATL,3-5,41-60,6.0,0.5,offense,,
2024,NYG,2,21-40,6.0,0.5,offense,,
2024,CLE,3-5,21-40,2.0,1.0,offense,,
2024,TB,1,21-40,4.0,0.75,offense,,
2024,CIN,3-5,21-40,1.0,0.0,offense,,
2024,NO,1,61-80,2.0,1.0,offense,,
2024,NYJ,3-5,21-40,7.0,0.1428571428571428,offense,,
2024,PHI,2,0-20,1.0,1.0,offense,,
2024,TB,3-5,61-80,1.0,0.0,offense,,
2024,BAL,1,0-20,2.0,0.0,offense,,
2024,IND,6-10,41-60,5.0,0.0,offense,,
2024,DAL,6-10,41-60,3.0,0.0,offense,,
2024,DEN,11+,0-20,1.0,0.0,offense,,
2024,GB,1,41-60,2.0,1.0,offense,,
2024,NYJ,3-5,41-60,3.0,0.3333333333333333,offense,,
2024,SEA,3-5,41-60,2.0,0.5,offense,,
2024,LV,6-10,61-80,2.0,0.5,offense,,
2024,KC,2,0-20,1.0,1.0,offense,,
2024,DEN,6-10,81-100,1.0,0.0,offense,,
2024,NYJ,3-5,0-20,3.0,0.0,offense,,
2024,JAX,6-10,21-40,2.0,0.5,offense,,
2024,BAL,1,21-40,2.0,1.0,offense,,
2024,PIT,6-10,21-40,1.0,0.0,offense,,
2024,CLE,2,0-20,1.0,1.0,offense,,
2024,SF,3-5,61-80,1.0,0.0,offense,,
2024,BUF,11+,41-60,1.0,0.0,offense,,
2024,LAC,2,21-40,1.0,1.0,offense,,
2024,ATL,6-10,21-40,1.0,0.0,offense,,
2024,NYJ,3-5,61-80,2.0,0.5,offense,,
2024,PHI,2,21-40,3.0,0.3333333333333333,offense,,
2024,SF,11+,61-80,1.0,0.0,offense,,
2024,BUF,6-10,61-80,1.0,0.0,offense,,
2024,MIN,6-10,41-60,1.0,0.0,offense,,
2024,NYG,3-5,61-80,2.0,0.5,offense,,
2024,DAL,1,21-40,1.0,1.0,offense,,
2016,CAR,11+,61-80,2.0,0.0,offense,,
2016,CHI,1,21-40,3.0,0.0,offense,,
2016,SEA,1,61-80,3.0,0.6666666666666666,offense,,
2016,SEA,3-5,41-60,1.0,1.0,offense,,
2016,ARI,1,41-60,1.0,0.0,offense,,
2016,NO,2,0-20,3.0,0.3333333333333333,offense,,
2016,LV,2,0-20,1.0,1.0,offense,,
2016,MIN,1,21-40,1.0,0.0,offense,,
2016,JAX,3-5,0-20,2.0,0.0,offense,,
2016,PHI,2,0-20,2.0,0.0,offense,,
2016,NO,11+,21-40,1.0,0.0,offense,,
2016,BAL,6-10,21-40,2.0,0.0,offense,,
2016,CHI,2,0-20,2.0,1.0,offense,,
2016,TB,1,0-20,1.0,1.0,offense,,
2016,TB,1,21-40,2.0,0.5,offense,,
2016,PHI,3-5,41-60,3.0,0.0,offense,,
2016,CAR,2,0-20,3.0,0.6666666666666666,offense,,
2016,JAX,3-5,61-80,1.0,0.0,offense,,
2016,NYJ,1,41-60,3.0,0.6666666666666666,offense,,
2016,BUF,6-10,61-80,1.0,0.0,offense,,
2016,LA,11+,81-100,3.0,0.0,offense,,
2016,CIN,1,41-60,2.0,0.5,offense,,
2016,CLE,1,61-80,3.0,1.0,offense,,
2016,CHI,6-10,61-80,1.0,0.0,offense,,
2016,NYJ,3-5,61-80,1.0,0.0,offense,,
2016,MIA,6-10,61-80,2.0,0.0,offense,,
2016,HOU,3-5,41-60,1.0,0.0,offense,,
2016,PIT,11+,41-60,1.0,0.0,offense,,
2016,ARI,3-5,21-40,2.0,1.0,offense,,
2016,CLE,1,41-60,1.0,1.0,offense,,
2016,DEN,6-10,61-80,1.0,0.0,offense,,
2016,JAX,1,21-40,1.0,0.0,offense,,
2016,NYG,2,21-40,2.0,0.5,offense,,
2016,ARI,11+,81-100,1.0,0.0,offense,,
2016,PIT,11+,61-80,1.0,0.0,offense,,
2016,WAS,2,41-60,1.0,1.0,offense,,
2016,PHI,1,21-40,3.0,1.0,offense,,
2016,JAX,2,0-20,1.0,0.0,offense,,
2016,KC,6-10,41-60,1.0,0.0,offense,,
2017,CIN,3-5,0-20,1.0,0.0,offense,,
2017,SF,1,21-40,4.0,0.5,offense,,
2017,LV,11+,21-40,1.0,0.0,offense,,
2017,CLE,2,41-60,1.0,1.0,offense,,
2017,ARI,1,0-20,1.0,0.0,offense,,
2017,IND,11+,81-100,1.0,0.0,offense,,
2017,BUF,1,41-60,3.0,0.0,offense,,
2017,CIN,11+,41-60,3.0,0.3333333333333333,offense,,
2017,IND,2,21-40,3.0,0.3333333333333333,offense,,
2017,SF,11+,41-60,2.0,0.0,offense,,
2017,PHI,6-10,41-60,1.0,0.0,offense,,
2017,SEA,3-5,21-40,1.0,1.0,offense,,
2017,NYG,3-5,21-40,3.0,0.3333333333333333,offense,,
2017,DEN,2,41-60,2.0,0.0,offense,,
2017,LV,3-5,81-100,1.0,0.0,offense,,
2017,ARI,6-10,21-40,3.0,0.0,offense,,
2017,GB,6-10,61-80,3.0,0.0,offense,,
2017,CHI,2,21-40,1.0,0.0,offense,,
2017,CHI,6-10,21-40,2.0,0.5,offense,,
2017,TB,2,61-80,2.0,0.0,offense,,
2017,MIA,1,41-60,3.0,0.3333333333333333,offense,,
2017,SF,3-5,21-40,1.0,0.0,offense,,
2017,LV,6-10,41-60,2.0,0.5,offense,,
2017,NO,2,21-40,1.0,1.0,offense,,
2017,MIA,11+,61-80,3.0,0.0,offense,,
2017,NYG,1,81-100,1.0,0.0,offense,,
2017,WAS,6-10,41-60,1.0,0.0,offense,,
2017,TB,11+,21-40,1.0,0.0,offense,,
2017,WAS,6-10,21-40,4.0,0.25,offense,,
2017,LAC,2,21-40,2.0,0.5,offense,,
2017,PIT,11+,61-80,2.0,0.0,offense,,
2017,BUF,11+,0-20,1.0,1.0,offense,,
2017,CHI,2,41-60,1.0,0.0,offense,,
2017,LA,1,21-40,4.0,0.5,offense,,
2017,SF,11+,21-40,1.0,,offense,,
2017,PHI,6-10,61-80,1.0,1.0,offense,,
2017,CHI,3-5,21-40,1.0,1.0,offense,,
2017,MIN,11+,81-100,1.0,0.0,offense,,
2017,NYG,2,21-40,2.0,0.5,offense,,
2017,MIA,3-5,0-20,1.0,0.0,offense,,
2017,JAX,11+,41-60,1.0,0.0,offense,,
2018,PHI,3-5,61-80,1.0,0.0,offense,,
2018,MIA,1,0-20,1.0,0.0,offense,,
2018,TEN,6-10,41-60,2.0,0.0,offense,,
2018,BAL,2,41-60,2.0,0.5,offense,,
2018,DAL,1,41-60,7.0,0.5714285714285714,offense,,
2018,CHI,1,41-60,4.0,0.5,offense,,
2018,MIN,1,21-40,5.0,0.6,offense,,
2018,CHI,1,0-20,2.0,1.0,offense,,
2018,CAR,3-5,41-60,3.0,0.3333333333333333,offense,,
2018,NYJ,6-10,61-80,1.0,1.0,offense,,
2018,IND,3-5,41-60,2.0,0.5,offense,,
2018,SEA,1,21-40,2.0,1.0,offense,,
2018,TB,3-5,21-40,3.0,0.6666666666666666,offense,,
2018,DET,11+,41-60,3.0,0.3333333333333333,offense,,
2018,JAX,6-10,41-60,2.0,0.5,offense,,
2018,KC,1,81-100,1.0,0.0,offense,,
2018,DAL,1,21-40,3.0,0.3333333333333333,offense,,
2018,NE,3-5,21-40,2.0,0.5,offense,,
2018,LV,6-10,41-60,1.0,0.0,offense,,
2018,SF,11+,0-20,2.0,0.0,offense,,
2018,NO,2,21-40,2.0,0.5,offense,,
2018,BAL,6-10,41-60,2.0,0.5,offense,,
2018,HOU,2,0-20,2.0,0.5,offense,,
2018,MIN,2,21-40,1.0,1.0,offense,,
2018,SEA,3-5,0-20,1.0,1.0,offense,,
2018,MIA,1,41-60,1.0,1.0,offense,,
2018,LV,1,61-80,1.0,0.0,offense,,
2018,DAL,2,61-80,1.0,1.0,offense,,
2018,NE,2,0-20,1.0,1.0,offense,,
2018,NO,6-10,21-40,1.0,1.0,offense,,
2018,NYJ,2,0-20,1.0,0.0,offense,,
2018,PIT,2,0-20,1.0,1.0,offense,,
2018,GB,11+,61-80,1.0,0.0,offense,,
2018,GB,3-5,61-80,1.0,1.0,offense,,
2018,IND,1,0-20,1.0,0.0,offense,,
2018,LA,3-5,61-80,2.0,0.0,offense,,
2018,NYJ,1,0-20,2.0,0.5,offense,,
2018,BUF,1,41-60,1.0,1.0,offense,,
2018,PHI,2,21-40,1.0,1.0,offense,,
2018,TB,6-10,0-20,1.0,0.0,offense,,
2018,PHI,1,21-40,1.0,0.0,offense,,
2019,BAL,3-5,0-20,3.0,0.6666666666666666,offense,,
2019,CHI,6-10,21-40,6.0,0.0,offense,,
2019,LAC,3-5,0-20,1.0,0.0,offense,,
2019,LA,6-10,41-60,5.0,0.0,offense,,
2019,CLE,11+,41-60,2.0,0.0,offense,,
2019,WAS,11+,41-60,1.0,1.0,offense,,
2019,NYJ,2,0-20,1.0,0.0,offense,,
2019,JAX,6-10,21-40,2.0,0.5,offense,,
2019,MIA,3-5,41-60,4.0,0.75,offense,,
2019,MIA,6-10,21-40,2.0,0.5,offense,,
2019,PHI,6-10,0-20,1.0,0.0,offense,,
2019,CIN,11+,21-40,2.0,0.5,offense,,
2019,KC,1,41-60,2.0,0.5,offense,,
2019,DEN,11+,41-60,2.0,0.0,offense,,
2019,SEA,11+,61-80,2.0,0.0,offense,,
2019,NYJ,11+,61-80,1.0,0.0,offense,,
2019,LV,1,61-80,3.0,0.6666666666666666,offense,,
2019,PIT,11+,61-80,3.0,0.0,offense,,
2019,JAX,3-5,0-20,3.0,0.3333333333333333,offense,,
2019,CIN,6-10,61-80,1.0,0.0,offense,,
2019,IND,6-10,41-60,6.0,0.1666666666666666,offense,,
2019,LA,2,21-40,2.0,0.0,offense,,
2019,ATL,2,0-20,1.0,1.0,offense,,
2019,LV,6-10,61-80,1.0,0.0,offense,,
2019,KC,1,61-80,1.0,0.0,offense,,
2019,PHI,1,21-40,5.0,0.2,offense,,
2019,TB,11+,61-80,3.0,0.0,offense,,
2019,TB,6-10,41-60,1.0,0.0,offense,,
2019,PIT,6-10,61-80,1.0,0.0,offense,,
2019,LA,1,0-20,2.0,0.0,offense,,
2019,SF,11+,41-60,1.0,0.0,offense,,
2019,TEN,11+,0-20,1.0,0.0,offense,,
2019,NYG,11+,61-80,1.0,0.0,offense,,
2019,KC,1,0-20,3.0,0.6666666666666666,offense,,
2019,DEN,1,61-80,1.0,1.0,offense,,
2019,LV,1,0-20,4.0,0.25,offense,,
2019,BUF,6-10,21-40,2.0,0.5,offense,,
2019,MIN,3-5,0-20,1.0,0.0,offense,,
2019,DET,2,0-20,1.0,1.0,offense,,
2019,HOU,2,21-40,3.0,0.3333333333333333,offense,,
2019,NYJ,1,81-100,1.0,1.0,offense,,
2019,ATL,11+,41-60,1.0,0.0,offense,,
2019,PIT,2,0-20,1.0,0.0,offense,,
2019,IND,6-10,0-20,1.0,0.0,offense,,
2019,MIA,2,41-60,1.0,1.0,offense,,
2019,DEN,3-5,61-80,2.0,0.0,offense,,
2019,PHI,6-10,21-40,2.0,0.0,offense,,
2019,NO,1,61-80,1.0,0.0,offense,,
2019,DAL,11+,61-80,2.0,0.0,offense,,
2019,JAX,3-5,21-40,4.0,0.25,offense,,
2019,JAX,11+,81-100,1.0,0.0,offense,,
2019,BUF,11+,41-60,1.0,0.0,offense,,
2019,JAX,1,61-80,2.0,0.5,offense,,
2019,ARI,6-10,41-60,1.0,1.0,offense,,
2019,DEN,6-10,0-20,1.0,0.0,offense,,
2019,TEN,6-10,21-40,1.0,0.0,offense,,
2019,HOU,6-10,0-20,1.0,0.0,offense,,
2019,SEA,1,0-20,1.0,1.0,offense,,
2019,KC,3-5,41-60,1.0,0.0,offense,,
2019,WAS,3-5,21-40,1.0,0.0,offense,,
2020,HOU,6-10,21-40,3.0,0.6666666666666666,offense,,
2020,MIA,2,41-60,2.0,0.0,offense,,
2020,WAS,6-10,0-20,3.0,0.0,offense,,
2020,ATL,3-5,21-40,4.0,0.5,offense,,
2020,NO,2,0-20,2.0,0.5,offense,,
2020,BAL,1,61-80,2.0,1.0,offense,,
2020,CIN,3-5,21-40,2.0,0.5,offense,,
2020,CLE,2,0-20,1.0,0.0,offense,,
2020,DEN,11+,81-100,2.0,0.5,offense,,
2020,DEN,2,0-20,1.0,0.0,offense,,
2020,GB,6-10,41-60,2.0,0.5,offense,,
2020,NYG,1,0-20,4.0,1.0,offense,,
2020,ARI,1,61-80,4.0,1.0,offense,,
2020,CHI,2,41-60,2.0,0.5,offense,,
2020,NO,1,21-40,4.0,1.0,offense,,
2020,HOU,11+,81-100,1.0,0.0,offense,,
2020,MIN,11+,61-80,1.0,0.0,offense,,
2020,BAL,6-10,41-60,2.0,0.5,offense,,
2020,JAX,3-5,0-20,2.0,0.5,offense,,
2020,SF,6-10,41-60,1.0,0.0,offense,,
2020,SEA,6-10,61-80,1.0,1.0,offense,,
2020,SEA,6-10,0-20,2.0,1.0,offense,,
2020,ARI,1,0-20,3.0,0.3333333333333333,offense,,
2020,DEN,1,61-80,1.0,0.0,offense,,
2020,DET,2,0-20,1.0,0.0,offense,,
2020,CAR,11+,41-60,1.0,1.0,offense,,
2020,TEN,3-5,21-40,3.0,0.6666666666666666,offense,,
2020,NE,3-5,0-20,2.0,0.0,offense,,
2020,CAR,3-5,41-60,2.0,0.0,offense,,
2020,DAL,6-10,21-40,1.0,1.0,offense,,
2020,PHI,11+,21-40,4.0,0.5,offense,,
2020,DET,3-5,61-80,2.0,0.5,offense,,
2020,TEN,1,21-40,2.0,0.0,offense,,
2020,TEN,6-10,0-20,1.0,0.0,offense,,
2020,LV,6-10,21-40,1.0,0.0,offense,,
2020,KC,6-10,41-60,1.0,0.0,offense,,
2020,TEN,2,61-80,1.0,1.0,offense,,
2020,MIA,6-10,41-60,3.0,0.3333333333333333,offense,,
2020,BUF,3-5,61-80,1.0,1.0,offense,,
2020,SEA,6-10,81-100,1.0,0.0,offense,,
2020,LA,11+,81-100,1.0,0.0,offense,,
2020,LA,2,21-40,1.0,1.0,offense,,
2020,PHI,3-5,81-100,1.0,1.0,offense,,
2021,LV,1,0-20,3.0,0.6666666666666666,offense,,
2021,CLE,3-5,0-20,7.0,0.4285714285714285,offense,,
2021,DEN,1,0-20,4.0,0.75,offense,,
2021,CIN,1,41-60,3.0,1.0,offense,,
2021,PHI,2,0-20,4.0,0.5,offense,,
2021,BUF,1,41-60,2.0,0.5,offense,,
2021,MIA,2,0-20,2.0,0.5,offense,,
2021,BAL,11+,61-80,3.0,0.3333333333333333,offense,,
2021,NYJ,11+,61-80,1.0,1.0,offense,,
2021,ARI,2,21-40,3.0,1.0,offense,,
2021,DET,11+,41-60,3.0,0.0,offense,,
2021,MIA,6-10,61-80,1.0,1.0,offense,,
2021,PHI,3-5,41-60,4.0,0.5,offense,,
2021,SEA,11+,41-60,4.0,0.0,offense,,
2021,MIN,1,0-20,2.0,1.0,offense,,
2021,HOU,11+,61-80,2.0,0.5,offense,,
2021,JAX,2,21-40,2.0,1.0,offense,,
2021,DEN,2,21-40,2.0,0.5,offense,,
2021,CIN,3-5,41-60,3.0,0.3333333333333333,offense,,
2021,HOU,2,41-60,1.0,1.0,offense,,
2021,SF,3-5,41-60,1.0,0.0,offense,,
2021,TB,3-5,41-60,1.0,0.0,offense,,
2021,DET,6-10,61-80,1.0,1.0,offense,,
2021,SEA,1,0-20,3.0,1.0,offense,,
2021,JAX,3-5,0-20,1.0,1.0,offense,,
2021,JAX,11+,21-40,1.0,0.0,offense,,
2021,PIT,1,21-40,2.0,1.0,offense,,
2021,CIN,3-5,21-40,2.0,0.5,offense,,
2021,LAC,2,0-20,2.0,0.5,offense,,
2021,BAL,1,0-20,5.0,0.6,offense,,
2021,NE,2,21-40,1.0,1.0,offense,,
2021,NE,11+,41-60,1.0,0.0,offense,,
2021,LV,11+,21-40,1.0,0.0,offense,,
2021,CAR,1,41-60,2.0,0.5,offense,,
2021,CAR,6-10,41-60,5.0,0.0,offense,,
2021,ATL,2,81-100,1.0,0.0,offense,,
2021,CAR,11+,21-40,2.0,0.0,offense,,
2021,CLE,6-10,61-80,1.0,0.0,offense,,
2021,LV,11+,61-80,1.0,0.0,offense,,
2021,WAS,3-5,0-20,1.0,0.0,offense,,
2021,CHI,3-5,0-20,4.0,0.25,offense,,
2021,MIA,3-5,21-40,1.0,0.0,offense,,
2021,PIT,3-5,61-80,1.0,0.0,offense,,
2021,BUF,2,0-20,2.0,1.0,offense,,
2021,CIN,6-10,61-80,1.0,0.0,offense,,
2021,CHI,6-10,0-20,1.0,0.0,offense,,
2021,LA,2,21-40,1.0,0.0,offense,,
2021,ARI,2,61-80,1.0,1.0,offense,,
2021,ATL,11+,0-20,1.0,0.0,offense,,
2021,CHI,2,0-20,1.0,1.0,offense,,
2021,TB,3-5,0-20,1.0,1.0,offense,,
2021,IND,2,41-60,1.0,0.0,offense,,
2021,LAC,6-10,81-100,1.0,1.0,offense,,
2021,MIA,1,61-80,1.0,0.0,offense,,
2022,NYJ,1,21-40,2.0,1.0,offense,,
2022,LA,2,21-40,3.0,0.6666666666666666,offense,,
2022,DEN,1,0-20,3.0,0.0,offense,,
2022,IND,2,0-20,1.0,0.0,offense,,
2022,LV,6-10,61-80,3.0,0.0,offense,,
2022,ARI,1,21-40,2.0,0.0,offense,,
2022,LA,6-10,61-80,1.0,0.0,offense,,
2022,NYG,1,21-40,3.0,0.6666666666666666,offense,,
2022,CHI,1,0-20,2.0,0.0,offense,,
2022,JAX,3-5,41-60,2.0,0.5,offense,,
2022,SF,6-10,21-40,2.0,0.5,offense,,
2022,TB,1,0-20,6.0,0.5,offense,,
2022,DET,3-5,0-20,4.0,0.0,offense,,
2022,SEA,2,41-60,1.0,1.0,offense,,
2022,NYJ,1,0-20,4.0,0.25,offense,,
2022,DAL,6-10,21-40,2.0,0.0,offense,,
2022,JAX,1,41-60,4.0,0.75,offense,,
2022,LAC,3-5,0-20,2.0,0.0,offense,,
2022,IND,1,61-80,3.0,0.6666666666666666,offense,,
2022,BAL,1,61-80,2.0,1.0,offense,,
2022,PHI,1,61-80,3.0,0.6666666666666666,offense,,
2022,ATL,1,61-80,1.0,1.0,offense,,
2022,JAX,1,21-40,4.0,0.5,offense,,
2022,NYG,11+,81-100,1.0,0.0,offense,,
2022,CAR,6-10,81-100,1.0,0.0,offense,,
2022,CAR,3-5,41-60,3.0,0.0,offense,,
2022,GB,11+,21-40,1.0,0.0,offense,,
2022,WAS,1,41-60,3.0,0.0,offense,,
2022,MIA,3-5,0-20,1.0,0.0,offense,,
2022,TB,6-10,21-40,2.0,0.0,offense,,
2022,CAR,11+,81-100,1.0,0.0,offense,,
2022,ATL,3-5,0-20,1.0,0.0,offense,,
2022,CHI,11+,0-20,1.0,0.0,offense,,
2022,NYG,6-10,21-40,5.0,0.2,offense,,
2022,ATL,6-10,61-80,1.0,0.0,offense,,
2022,LAC,3-5,21-40,1.0,1.0,offense,,
2022,KC,1,41-60,2.0,1.0,offense,,
2022,TEN,11+,81-100,1.0,0.0,offense,,
2022,DET,2,0-20,2.0,1.0,offense,,
2022,MIN,1,21-40,1.0,0.0,offense,,
2022,CIN,11+,0-20,1.0,0.0,offense,,
2022,LA,3-5,41-60,1.0,1.0,offense,,
2022,IND,1,0-20,4.0,0.5,offense,,
2022,CLE,6-10,0-20,4.0,0.25,offense,,
2022,IND,3-5,61-80,1.0,1.0,offense,,
2022,KC,3-5,0-20,1.0,1.0,offense,,
2022,NYJ,6-10,41-60,1.0,1.0,offense,,
2022,LA,2,41-60,1.0,1.0,offense,,
2022,PHI,1,41-60,2.0,0.5,offense,,
2022,TEN,11+,0-20,1.0,0.0,offense,,
2022,SEA,6-10,41-60,1.0,1.0,offense,,
2022,LA,1,0-20,1.0,1.0,offense,,
2022,SF,2,21-40,1.0,0.0,offense,,
2022,BAL,11+,61-80,1.0,0.0,offense,,
2022,DAL,3-5,0-20,1.0,0.0,offense,,
2022,ATL,2,0-20,1.0,0.0,offense,,
2022,WAS,3-5,41-60,2.0,0.5,offense,,
2022,NO,2,0-20,1.0,1.0,offense,,
2022,PHI,11+,41-60,2.0,0.0,offense,,
2022,KC,11+,81-100,1.0,0.0,offense,,
2023,GB,6-10,21-40,4.0,0.25,offense,,
2023,IND,1,0-20,9.0,0.3333333333333333,offense,,
2023,DEN,1,41-60,1.0,0.0,offense,,
2023,GB,11+,21-40,2.0,0.0,offense,,
2023,JAX,3-5,41-60,1.0,0.0,offense,,
2023,NYJ,1,81-100,1.0,1.0,offense,,
2023,ATL,3-5,21-40,4.0,0.0,offense,,
2023,GB,2,41-60,2.0,0.0,offense,,
2023,GB,2,0-20,3.0,0.3333333333333333,offense,,
2023,ARI,6-10,0-20,1.0,0.0,offense,,
2023,CHI,6-10,41-60,1.0,0.0,offense,,
2023,NE,1,0-20,1.0,0.0,offense,,
2023,NO,6-10,61-80,1.0,0.0,offense,,
2023,BAL,2,21-40,3.0,0.3333333333333333,offense,,
2023,GB,2,21-40,2.0,1.0,offense,,
2023,NO,11+,41-60,1.0,0.0,offense,,
2023,NYG,2,41-60,3.0,0.6666666666666666,offense,,
2023,NYG,3-5,0-20,1.0,0.0,offense,,
2023,IND,2,0-20,2.0,0.5,offense,,
2023,TEN,2,61-80,1.0,1.0,offense,,
2023,CAR,6-10,41-60,4.0,0.0,offense,,
2023,SEA,6-10,0-20,2.0,0.0,offense,,
2023,DEN,6-10,61-80,3.0,0.3333333333333333,offense,,
2023,JAX,2,41-60,2.0,1.0,offense,,
2023,TEN,1,61-80,3.0,1.0,offense,,
2023,ARI,1,41-60,2.0,0.5,offense,,
2023,PIT,11+,41-60,1.0,0.0,offense,,
2023,LV,2,41-60,2.0,0.0,offense,,
2023,GB,3-5,0-20,1.0,0.0,offense,,
2023,BUF,2,41-60,1.0,0.0,offense,,
2023,ARI,3-5,41-60,4.0,0.25,offense,,
2023,BAL,1,41-60,3.0,0.6666666666666666,offense,,
2023,TEN,1,41-60,4.0,0.75,offense,,
2023,CLE,3-5,61-80,2.0,0.0,offense,,
2023,LV,1,41-60,4.0,0.75,offense,,
2023,NYJ,2,61-80,1.0,1.0,offense,,
2023,LAC,11+,41-60,1.0,0.0,offense,,
2023,BUF,6-10,61-80,1.0,0.0,offense,,
2023,SF,3-5,61-80,1.0,0.0,offense,,
2023,BAL,11+,21-40,1.0,,offense,,
2023,SF,6-10,61-80,1.0,1.0,offense,,
2023,CAR,6-10,81-100,1.0,0.0,offense,,
2023,CAR,3-5,81-100,1.0,0.0,offense,,
2024,NYG,6-10,0-20,2.0,0.0,offense,,
2024,PHI,3-5,0-20,2.0,0.0,offense,,
2024,SF,1,41-60,1.0,1.0,offense,,
2018,LV,3-5,61-80,1.0,1.0,offense,,
2020,MIN,2,41-60,2.0,0.0,offense,,
2021,DET,2,61-80,1.0,0.0,offense,,
2024,ATL,1,61-80,2.0,0.5,offense,,
2024,BUF,3-5,0-20,1.0,1.0,offense,,
2024,MIA,3-5,41-60,4.0,0.0,offense,,
2024,MIA,6-10,61-80,1.0,0.0,offense,,
2024,CHI,1,61-80,3.0,0.3333333333333333,offense,,
2024,CIN,3-5,41-60,5.0,0.2,offense,,
2024,KC,1,0-20,3.0,1.0,offense,,
2024,CLE,1,21-40,6.0,0.6666666666666666,offense,,
2024,LA,1,0-20,2.0,1.0,offense,,
2024,DAL,6-10,81-100,1.0,0.0,offense,,
2024,DET,1,21-40,6.0,0.5,offense,,
2024,CHI,1,0-20,3.0,0.6666666666666666,offense,,
2024,IND,2,61-80,1.0,0.0,offense,,
2024,ARI,6-10,41-60,1.0,0.0,offense,,
2024,JAX,6-10,0-20,1.0,0.0,offense,,
2024,ATL,3-5,0-20,3.0,0.3333333333333333,offense,,
2024,MIA,11+,41-60,1.0,0.0,offense,,
2024,NYG,6-10,41-60,7.0,0.2857142857142857,offense,,
2024,LAC,1,0-20,3.0,0.6666666666666666,offense,,
2024,NE,1,0-20,7.0,0.5714285714285714,offense,,
2024,PIT,11+,41-60,3.0,0.0,offense,,
2024,SEA,3-5,21-40,1.0,0.0,offense,,
2024,CHI,1,21-40,3.0,0.3333333333333333,offense,,
2024,WAS,2,0-20,2.0,1.0,offense,,
2024,PIT,1,41-60,7.0,0.4285714285714285,offense,,
2024,NE,11+,0-20,1.0,0.0,offense,,
2024,ATL,11+,21-40,2.0,0.0,offense,,
2024,NYG,2,41-60,1.0,1.0,offense,,
2024,TEN,1,21-40,1.0,1.0,offense,,
2024,JAX,3-5,0-20,1.0,1.0,offense,,
2024,SEA,6-10,0-20,1.0,1.0,offense,,
2024,SEA,6-10,21-40,1.0,0.0,offense,,
2024,WAS,11+,41-60,2.0,0.5,offense,,
2024,CLE,2,21-40,3.0,0.3333333333333333,offense,,
2024,ARI,1,41-60,3.0,0.6666666666666666,offense,,
2024,PHI,3-5,81-100,1.0,0.0,offense,,
2024,SEA,2,41-60,1.0,,offense,,
2024,IND,6-10,61-80,1.0,1.0,offense,,
2024,DET,1,0-20,2.0,0.5,offense,,
2024,HOU,6-10,61-80,1.0,0.0,offense,,
2024,LAC,11+,41-60,2.0,0.5,offense,,
2024,NYJ,2,61-80,1.0,1.0,offense,,
2024,DET,2,0-20,4.0,0.75,offense,,
2024,BAL,1,81-100,1.0,1.0,offense,,
2024,LV,1,0-20,2.0,1.0,offense,,
2024,PHI,6-10,41-60,3.0,0.3333333333333333,offense,,
2024,TEN,6-10,61-80,2.0,0.0,offense,,
2024,ARI,6-10,61-80,1.0,0.0,offense,,
2024,CLE,6-10,61-80,1.0,1.0,offense,,
2024,PHI,6-10,21-40,1.0,0.0,offense,,
2024,DAL,1,0-20,1.0,1.0,offense,,
2024,CHI,2,61-80,1.0,0.0,offense,,
2024,MIN,11+,61-80,1.0,0.0,offense,,
2024,CAR,11+,21-40,2.0,0.0,offense,,
2024,DEN,3-5,41-60,1.0,1.0,offense,,
2024,JAX,11+,61-80,2.0,0.0,offense,,
2024,NYG,11+,21-40,1.0,0.0,offense,,
2024,PIT,11+,21-40,2.0,0.0,offense,,
2024,NE,2,61-80,1.0,0.0,offense,,
2024,CLE,3-5,81-100,1.0,0.0,offense,,
2024,LV,6-10,0-20,1.0,0.0,offense,,
2024,LV,6-10,21-40,1.0,1.0,offense,,
2016,BAL,11+,21-40,3.0,0.0,offense,,
2016,CLE,3-5,81-100,1.0,0.0,offense,,
2016,SF,1,21-40,4.0,0.25,offense,,
2016,LA,1,21-40,3.0,0.3333333333333333,offense,,
2016,SF,6-10,21-40,3.0,0.6666666666666666,offense,,
2016,DAL,11+,21-40,1.0,0.0,offense,,
2016,LV,2,41-60,1.0,0.0,offense,,
2016,NE,3-5,41-60,2.0,0.5,offense,,
2016,NO,6-10,61-80,1.0,0.0,offense,,
2016,NO,1,21-40,4.0,1.0,offense,,
2016,HOU,3-5,21-40,2.0,0.0,offense,,
2016,NE,3-5,21-40,3.0,0.3333333333333333,offense,,
2016,CAR,6-10,21-40,1.0,0.0,offense,,
2016,KC,1,21-40,3.0,0.3333333333333333,offense,,
2016,KC,3-5,61-80,1.0,0.0,offense,,
2016,LA,6-10,41-60,2.0,0.0,offense,,
2016,CIN,1,21-40,1.0,1.0,offense,,
2016,CHI,6-10,21-40,3.0,0.3333333333333333,offense,,
2016,NE,1,0-20,4.0,0.25,offense,,
2016,WAS,1,0-20,3.0,0.0,offense,,
2016,ATL,1,41-60,3.0,0.6666666666666666,offense,,
2016,CAR,3-5,21-40,1.0,1.0,offense,,
2016,CLE,6-10,61-80,2.0,0.5,offense,,
2016,DEN,1,41-60,1.0,0.0,offense,,
2016,GB,3-5,61-80,2.0,0.0,offense,,
2016,CLE,11+,61-80,2.0,0.0,offense,,
2016,HOU,6-10,0-20,1.0,0.0,offense,,
2016,MIN,11+,0-20,1.0,1.0,offense,,
2016,LAC,2,41-60,1.0,1.0,offense,,
2016,DET,3-5,21-40,1.0,0.0,offense,,
2016,BUF,11+,61-80,1.0,1.0,offense,,
2016,KC,1,41-60,5.0,0.6,offense,,
2016,GB,2,41-60,3.0,0.3333333333333333,offense,,
2016,ARI,6-10,61-80,2.0,0.5,offense,,
2016,CAR,6-10,41-60,1.0,0.0,offense,,
2016,NYJ,2,41-60,1.0,1.0,offense,,
2016,NYG,1,0-20,1.0,0.0,offense,,
2016,PIT,3-5,0-20,1.0,0.0,offense,,
2016,DET,3-5,0-20,1.0,1.0,offense,,
2016,LAC,1,21-40,1.0,1.0,offense,,
2017,ARI,6-10,0-20,2.0,0.0,offense,,
2017,IND,6-10,21-40,3.0,0.6666666666666666,offense,,
2017,JAX,1,0-20,3.0,0.6666666666666666,offense,,
2017,GB,11+,41-60,3.0,0.0,offense,,
2017,PIT,2,21-40,2.0,0.0,offense,,
2017,ARI,1,21-40,2.0,0.5,offense,,
2017,LV,3-5,61-80,2.0,0.5,offense,,
2017,MIN,11+,0-20,1.0,0.0,offense,,
2017,BAL,11+,41-60,1.0,0.0,offense,,
2017,ARI,1,61-80,3.0,0.6666666666666666,offense,,
2017,GB,1,41-60,5.0,0.6,offense,,
2017,LAC,6-10,0-20,1.0,0.0,offense,,
2017,CLE,1,21-40,4.0,0.5,offense,,
2017,LAC,1,0-20,3.0,0.3333333333333333,offense,,
2017,LA,3-5,41-60,1.0,0.0,offense,,
2017,DEN,6-10,21-40,3.0,0.3333333333333333,offense,,
2017,CAR,2,41-60,1.0,1.0,offense,,
2017,KC,1,61-80,1.0,0.0,offense,,
2017,KC,11+,41-60,1.0,0.0,offense,,
2017,WAS,3-5,21-40,2.0,0.0,offense,,
2017,ARI,11+,41-60,1.0,0.0,offense,,
2017,IND,3-5,21-40,1.0,0.0,offense,,
2017,TEN,1,21-40,4.0,0.75,offense,,
2017,BAL,1,0-20,3.0,0.3333333333333333,offense,,
2017,BUF,3-5,61-80,1.0,0.0,offense,,
2017,JAX,3-5,41-60,2.0,0.0,offense,,
2017,HOU,6-10,0-20,1.0,0.0,offense,,
2017,KC,3-5,81-100,1.0,0.0,offense,,
2017,MIA,11+,41-60,2.0,0.5,offense,,
2017,CIN,3-5,61-80,1.0,0.0,offense,,
2017,CLE,3-5,41-60,3.0,0.3333333333333333,offense,,
2017,ATL,11+,21-40,1.0,0.0,offense,,
2017,CHI,6-10,61-80,1.0,0.0,offense,,
2017,LAC,1,81-100,1.0,,offense,,
2017,JAX,1,41-60,2.0,0.5,offense,,
2017,CHI,11+,61-80,1.0,1.0,offense,,
2017,CAR,3-5,21-40,1.0,1.0,offense,,
2017,CLE,3-5,0-20,1.0,1.0,offense,,
2017,PIT,1,0-20,2.0,0.5,offense,,
2017,IND,2,61-80,1.0,1.0,offense,,
2017,KC,6-10,0-20,1.0,0.0,offense,,
2017,LA,1,0-20,2.0,1.0,offense,,
2017,BUF,11+,61-80,1.0,0.0,offense,,
2017,HOU,11+,61-80,2.0,0.5,offense,,
2017,DEN,2,21-40,1.0,1.0,offense,,
2017,ATL,1,41-60,1.0,0.0,offense,,
2017,CHI,2,61-80,1.0,0.0,offense,,
2017,DET,11+,61-80,1.0,0.0,offense,,
2017,LA,6-10,21-40,2.0,0.0,offense,,
2017,TEN,3-5,41-60,1.0,0.0,offense,,
2017,CAR,6-10,41-60,1.0,0.0,offense,,
2017,BUF,6-10,61-80,1.0,0.0,offense,,
2017,PIT,3-5,0-20,1.0,0.0,offense,,
2017,NO,11+,41-60,1.0,0.0,offense,,
2017,LV,2,0-20,1.0,0.0,offense,,
2018,DAL,6-10,41-60,1.0,0.0,offense,,
2018,LV,6-10,21-40,1.0,0.0,offense,,
2018,DET,1,21-40,2.0,0.5,offense,,
2018,NO,3-5,0-20,1.0,1.0,offense,,
2018,MIA,6-10,41-60,2.0,1.0,offense,,
2018,WAS,11+,41-60,2.0,0.0,offense,,
2018,WAS,1,41-60,3.0,1.0,offense,,
2018,ARI,6-10,0-20,2.0,0.5,offense,,
2018,BAL,3-5,21-40,2.0,0.5,offense,,
2018,CAR,3-5,21-40,4.0,0.25,offense,,
2018,PIT,3-5,0-20,2.0,1.0,offense,,
2018,BUF,6-10,41-60,2.0,0.5,offense,,
2018,DAL,3-5,61-80,1.0,1.0,offense,,
2018,DAL,11+,41-60,3.0,0.3333333333333333,offense,,
2018,LAC,2,0-20,1.0,1.0,offense,,
2018,NO,1,0-20,7.0,0.7142857142857143,offense,,
2018,JAX,3-5,41-60,2.0,0.0,offense,,
2018,KC,1,61-80,1.0,1.0,offense,,
2018,NE,2,41-60,1.0,0.0,offense,,
2018,LAC,1,41-60,2.0,0.5,offense,,
2018,ATL,6-10,41-60,2.0,0.5,offense,,
2018,LA,2,0-20,1.0,0.0,offense,,
2018,PHI,11+,21-40,1.0,0.0,offense,,
2018,BUF,11+,81-100,1.0,0.0,offense,,
2018,LV,1,41-60,2.0,0.0,offense,,
2018,GB,3-5,0-20,2.0,0.5,offense,,
2018,CIN,6-10,41-60,4.0,0.25,offense,,
2018,TB,1,41-60,1.0,1.0,offense,,
2018,NO,3-5,41-60,3.0,0.0,offense,,
2018,KC,1,21-40,3.0,1.0,offense,,
2018,JAX,1,61-80,2.0,0.5,offense,,
2018,CIN,1,41-60,3.0,0.6666666666666666,offense,,
2018,NYG,6-10,0-20,1.0,1.0,offense,,
2018,LA,2,41-60,1.0,0.0,offense,,
2018,CAR,1,21-40,2.0,0.5,offense,,
2018,ATL,1,41-60,2.0,0.5,offense,,
2018,ATL,3-5,0-20,1.0,1.0,offense,,
2018,PIT,6-10,61-80,1.0,0.0,offense,,
2018,MIA,1,61-80,2.0,1.0,offense,,
2018,TB,1,0-20,4.0,0.25,offense,,
2018,ATL,11+,41-60,2.0,1.0,offense,,
2018,CIN,3-5,0-20,1.0,0.0,offense,,
2018,MIN,1,61-80,2.0,0.5,offense,,
2018,NE,6-10,0-20,1.0,0.0,offense,,
2018,ARI,6-10,81-100,1.0,0.0,offense,,
2018,NYG,11+,21-40,1.0,,offense,,
2018,LAC,1,21-40,1.0,1.0,offense,,
2018,HOU,11+,21-40,1.0,,offense,,
2018,GB,6-10,41-60,2.0,1.0,offense,,
2018,CIN,2,21-40,1.0,1.0,offense,,
2018,IND,11+,61-80,1.0,0.0,offense,,
2018,TEN,11+,81-100,1.0,0.0,offense,,
2018,LAC,6-10,61-80,1.0,,offense,,
2018,BUF,1,61-80,1.0,0.0,offense,,
2019,ATL,2,21-40,2.0,0.5,offense,,
2019,CHI,6-10,81-100,1.0,0.0,offense,,
2019,CAR,11+,41-60,2.0,0.0,offense,,
2019,WAS,6-10,41-60,1.0,1.0,offense,,
2019,WAS,3-5,0-20,3.0,0.3333333333333333,offense,,
2019,LV,2,61-80,1.0,0.0,offense,,
2019,CAR,1,0-20,5.0,0.2,offense,,
2019,ARI,1,21-40,4.0,0.75,offense,,
2019,MIA,11+,61-80,1.0,0.0,offense,,
2019,MIA,2,21-40,2.0,0.5,offense,,
2019,SEA,1,41-60,1.0,0.0,offense,,
2019,CIN,6-10,81-100,1.0,0.0,offense,,
2019,DEN,6-10,61-80,2.0,0.0,offense,,
2019,MIN,3-5,61-80,3.0,0.3333333333333333,offense,,
2019,CHI,11+,21-40,1.0,0.0,offense,,
2019,SEA,6-10,41-60,1.0,0.0,offense,,
2019,SF,1,21-40,6.0,0.5,offense,,
2019,LAC,1,0-20,4.0,0.25,offense,,
2019,PHI,3-5,21-40,2.0,0.0,offense,,
2019,CLE,3-5,21-40,2.0,0.5,offense,,
2019,TEN,3-5,0-20,1.0,0.0,offense,,
2019,HOU,1,61-80,3.0,0.6666666666666666,offense,,
2019,NYJ,6-10,61-80,1.0,0.0,offense,,
2019,NYJ,2,21-40,1.0,1.0,offense,,
2019,NO,6-10,0-20,1.0,0.0,offense,,
2019,CIN,6-10,21-40,2.0,0.0,offense,,
2019,DET,11+,41-60,2.0,0.0,offense,,
2019,LAC,1,41-60,1.0,1.0,offense,,
2019,PIT,3-5,41-60,1.0,0.0,offense,,
2019,LA,1,61-80,1.0,0.0,offense,,
2019,NYJ,11+,0-20,1.0,0.0,offense,,
2019,LA,2,61-80,1.0,0.0,offense,,
2019,GB,6-10,21-40,4.0,0.25,offense,,
2019,NYG,3-5,61-80,3.0,0.0,offense,,
2019,CIN,2,41-60,1.0,0.0,offense,,
2019,LAC,6-10,0-20,1.0,0.0,offense,,
2019,HOU,11+,21-40,1.0,0.0,offense,,
2019,IND,6-10,61-80,1.0,0.0,offense,,
2019,BAL,1,81-100,1.0,1.0,offense,,
2019,BAL,2,61-80,1.0,0.0,offense,,
2020,CHI,1,0-20,2.0,0.5,offense,,
2020,DET,11+,41-60,4.0,0.0,offense,,
2020,CLE,3-5,21-40,5.0,0.2,offense,,
2020,DAL,3-5,0-20,2.0,0.0,offense,,
2020,DAL,11+,61-80,2.0,0.5,offense,,
2020,IND,1,21-40,5.0,0.6,offense,,
2020,PIT,1,21-40,6.0,0.5,offense,,
2020,TB,6-10,0-20,1.0,1.0,offense,,
2020,ATL,2,41-60,2.0,0.5,offense,,
2020,KC,1,41-60,3.0,0.6666666666666666,offense,,
2020,MIN,11+,41-60,2.0,0.0,offense,,
2020,DET,1,0-20,4.0,1.0,offense,,
2020,BUF,6-10,0-20,1.0,0.0,offense,,
2020,TB,1,41-60,2.0,0.5,offense,,
2020,NE,1,21-40,4.0,0.75,offense,,
2020,DET,11+,21-40,1.0,1.0,offense,,
2020,NYG,11+,21-40,1.0,0.0,offense,,
2020,PHI,3-5,21-40,1.0,1.0,offense,,
2020,CLE,1,0-20,4.0,0.5,offense,,
2020,LAC,6-10,41-60,1.0,0.0,offense,,
2020,SF,2,61-80,1.0,0.0,offense,,
2020,DAL,11+,41-60,1.0,1.0,offense,,
2020,ATL,1,21-40,2.0,1.0,offense,,
2020,CAR,1,61-80,1.0,0.0,offense,,
2020,HOU,1,21-40,1.0,1.0,offense,,
2020,NYG,2,21-40,1.0,0.0,offense,,
2020,GB,2,41-60,1.0,0.0,offense,,
2020,JAX,2,41-60,1.0,0.0,offense,,
2020,GB,3-5,41-60,1.0,1.0,offense,,
2020,CHI,3-5,21-40,5.0,0.6,offense,,
2020,NYG,3-5,61-80,2.0,0.5,offense,,
2020,IND,6-10,41-60,1.0,,offense,,
2020,TEN,11+,61-80,1.0,0.0,offense,,
2020,DET,1,61-80,2.0,0.0,offense,,
2020,BAL,1,41-60,2.0,0.5,offense,,
2020,TEN,2,41-60,1.0,0.0,offense,,
2020,PHI,11+,61-80,2.0,0.0,offense,,
2020,NO,11+,41-60,1.0,,offense,,
2020,DAL,1,21-40,3.0,0.6666666666666666,offense,,
2020,CAR,11+,21-40,1.0,0.0,offense,,
2020,GB,1,61-80,1.0,0.0,offense,,
2020,JAX,1,61-80,1.0,0.0,offense,,
2020,BAL,2,61-80,1.0,1.0,offense,,
2020,SF,2,21-40,1.0,0.0,offense,,
2020,DAL,6-10,61-80,1.0,0.0,offense,,
2020,LA,1,0-20,4.0,0.25,offense,,
2020,HOU,6-10,41-60,1.0,0.0,offense,,
2020,MIN,6-10,21-40,1.0,1.0,offense,,
2020,JAX,3-5,41-60,3.0,0.3333333333333333,offense,,
2020,JAX,6-10,0-20,2.0,0.0,offense,,
2020,NYG,3-5,0-20,1.0,0.0,offense,,
2020,LA,3-5,21-40,1.0,0.0,offense,,
2020,PIT,3-5,0-20,1.0,0.0,offense,,
2020,SF,2,0-20,1.0,1.0,offense,,
2020,PIT,2,0-20,1.0,0.0,offense,,
2020,IND,6-10,21-40,1.0,0.0,offense,,
2020,GB,3-5,0-20,1.0,0.0,offense,,
2021,TEN,3-5,21-40,3.0,0.3333333333333333,offense,,
2021,GB,1,21-40,1.0,1.0,offense,,
2021,NYJ,6-10,61-80,5.0,0.2,offense,,
2021,PHI,3-5,21-40,2.0,0.0,offense,,
2021,ATL,11+,41-60,1.0,0.0,offense,,
2021,DAL,1,41-60,4.0,0.5,offense,,
2021,WAS,6-10,61-80,1.0,0.0,offense,,
2021,SF,1,41-60,5.0,0.4,offense,,
2021,ARI,1,0-20,3.0,1.0,offense,,
2021,BAL,11+,81-100,1.0,1.0,offense,,
2021,HOU,3-5,21-40,2.0,0.0,offense,,
2021,MIA,11+,81-100,1.0,1.0,offense,,
2021,MIN,6-10,41-60,3.0,0.0,offense,,
2021,BAL,3-5,41-60,2.0,0.0,offense,,
2021,DEN,6-10,81-100,1.0,0.0,offense,,
2021,CLE,2,0-20,4.0,0.25,offense,,
2021,CHI,1,41-60,7.0,0.5714285714285714,offense,,
2021,DET,1,41-60,6.0,0.6666666666666666,offense,,
2021,IND,3-5,41-60,1.0,0.0,offense,,
2021,JAX,1,0-20,6.0,0.3333333333333333,offense,,
2021,PHI,11+,21-40,1.0,0.0,offense,,
2021,GB,6-10,0-20,1.0,0.0,offense,,
2021,PIT,3-5,41-60,1.0,0.0,offense,,
2021,TEN,6-10,61-80,1.0,0.0,offense,,
2021,DEN,3-5,0-20,1.0,0.0,offense,,
2021,NYG,2,0-20,1.0,0.0,offense,,
2021,KC,6-10,0-20,1.0,0.0,offense,,
2021,LAC,3-5,61-80,2.0,0.0,offense,,
2021,LAC,11+,21-40,3.0,0.3333333333333333,offense,,
2021,NYG,1,41-60,2.0,0.0,offense,,
2021,LA,11+,41-60,1.0,,offense,,
2021,CAR,11+,81-100,1.0,0.0,offense,,
2021,LA,1,41-60,2.0,0.5,offense,,
2021,KC,6-10,61-80,1.0,1.0,offense,,
2021,NO,1,21-40,2.0,1.0,offense,,
2021,HOU,6-10,81-100,1.0,1.0,offense,,
2021,MIN,2,0-20,2.0,0.5,offense,,
2021,DAL,3-5,21-40,4.0,0.75,offense,,
2021,LV,2,41-60,1.0,1.0,offense,,
2021,SEA,11+,61-80,1.0,0.0,offense,,
2021,NYJ,2,0-20,3.0,0.3333333333333333,offense,,
2021,NYG,1,21-40,3.0,0.3333333333333333,offense,,
2021,MIA,1,21-40,4.0,1.0,offense,,
2021,LV,2,0-20,4.0,0.5,offense,,
2021,TEN,11+,81-100,1.0,0.0,offense,,
2021,CHI,2,41-60,1.0,0.0,offense,,
2021,DAL,2,21-40,3.0,0.6666666666666666,offense,,
2021,BUF,1,21-40,2.0,1.0,offense,,
2021,ARI,1,61-80,2.0,1.0,offense,,
2021,NYG,3-5,21-40,1.0,1.0,offense,,
2021,CAR,11+,61-80,1.0,0.0,offense,,
2021,IND,11+,41-60,1.0,0.0,offense,,
2021,BUF,3-5,61-80,1.0,,offense,,
2022,LA,1,61-80,3.0,1.0,offense,,
2022,GB,11+,41-60,2.0,0.0,offense,,
2022,HOU,3-5,81-100,1.0,0.0,offense,,
2022,HOU,3-5,21-40,2.0,0.5,offense,,
2022,JAX,3-5,0-20,1.0,0.0,offense,,
2022,LAC,1,21-40,2.0,0.0,offense,,
2022,NYG,1,0-20,1.0,1.0,offense,,
2022,CHI,6-10,41-60,3.0,0.0,offense,,
2022,SF,6-10,61-80,1.0,0.0,offense,,
2022,CIN,3-5,41-60,1.0,0.0,offense,,
2022,HOU,1,0-20,2.0,0.5,offense,,
2022,HOU,11+,61-80,1.0,0.0,offense,,
2022,JAX,6-10,41-60,3.0,0.3333333333333333,offense,,
2022,JAX,1,0-20,4.0,0.75,offense,,
2022,IND,6-10,0-20,3.0,0.3333333333333333,offense,,
2022,LAC,1,41-60,4.0,0.5,offense,,
2022,WAS,1,61-80,4.0,0.75,offense,,
2022,BUF,2,21-40,2.0,0.5,offense,,
2022,ARI,6-10,41-60,2.0,0.5,offense,,
2022,LV,6-10,0-20,3.0,0.3333333333333333,offense,,
2022,WAS,1,0-20,5.0,0.6,offense,,
2022,PIT,3-5,41-60,2.0,0.5,offense,,
2022,CLE,1,0-20,4.0,0.75,offense,,
2022,BAL,6-10,21-40,1.0,0.0,offense,,
2022,DEN,1,41-60,4.0,1.0,offense,,
2022,MIA,3-5,41-60,5.0,0.6,offense,,
2022,WAS,2,41-60,1.0,0.0,offense,,
2022,NYJ,1,41-60,2.0,0.5,offense,,
2022,NO,2,41-60,1.0,0.0,offense,,
2022,SF,3-5,41-60,1.0,0.0,offense,,
2022,WAS,3-5,21-40,2.0,0.0,offense,,
2022,ARI,3-5,81-100,1.0,1.0,offense,,
2022,GB,1,61-80,3.0,0.6666666666666666,offense,,
2022,NE,2,41-60,1.0,0.0,offense,,
2022,BAL,1,41-60,3.0,0.6666666666666666,offense,,
2022,NYJ,6-10,81-100,1.0,0.0,offense,,
2022,CHI,2,41-60,2.0,1.0,offense,,
2022,LV,11+,81-100,1.0,0.0,offense,,
2022,ARI,11+,61-80,2.0,0.0,offense,,
2022,CHI,6-10,61-80,2.0,0.0,offense,,
2022,LAC,3-5,81-100,1.0,0.0,offense,,
2022,NO,1,61-80,1.0,0.0,offense,,
2022,HOU,3-5,0-20,4.0,0.5,offense,,
2022,WAS,2,61-80,1.0,0.0,offense,,
2022,KC,3-5,21-40,1.0,1.0,offense,,
2022,LAC,2,0-20,3.0,0.3333333333333333,offense,,
2022,LAC,1,61-80,2.0,1.0,offense,,
2022,SF,3-5,21-40,1.0,0.0,offense,,
2022,NYJ,11+,41-60,1.0,1.0,offense,,
2022,CIN,1,41-60,3.0,0.3333333333333333,offense,,
2022,NYJ,2,0-20,1.0,0.0,offense,,
2022,TEN,2,21-40,1.0,1.0,offense,,
2022,NO,1,0-20,1.0,0.0,offense,,
2023,ARI,6-10,61-80,6.0,0.5,offense,,
2023,WAS,6-10,21-40,2.0,0.0,offense,,
2023,DET,2,41-60,3.0,0.3333333333333333,offense,,
2023,KC,11+,61-80,3.0,0.0,offense,,
2023,GB,3-5,21-40,1.0,1.0,offense,,
2023,BAL,6-10,41-60,3.0,0.0,offense,,
2023,LA,1,0-20,1.0,1.0,offense,,
2023,LAC,11+,61-80,3.0,0.0,offense,,
2023,NE,6-10,21-40,3.0,0.5,offense,,
2023,NE,3-5,0-20,2.0,0.5,offense,,
2023,NE,11+,41-60,2.0,0.0,offense,,
2023,TB,2,0-20,2.0,0.5,offense,,
2023,CIN,3-5,41-60,5.0,0.2,offense,,
2023,GB,1,61-80,2.0,0.0,offense,,
2023,HOU,1,0-20,4.0,0.75,offense,,
2023,HOU,3-5,81-100,2.0,0.5,offense,,
2023,NYJ,3-5,61-80,4.0,0.5,offense,,
2023,CHI,1,0-20,3.0,0.6666666666666666,offense,,
2023,JAX,11+,41-60,2.0,0.0,offense,,
2023,LAC,1,61-80,3.0,0.0,offense,,
2023,ARI,6-10,41-60,3.0,0.3333333333333333,offense,,
2023,JAX,1,21-40,4.0,0.75,offense,,
2023,GB,11+,81-100,1.0,0.0,offense,,
2023,LV,1,0-20,3.0,1.0,offense,,
2023,LV,6-10,21-40,2.0,0.5,offense,,
2023,MIA,11+,41-60,2.0,0.0,offense,,
2023,MIN,2,41-60,2.0,1.0,offense,,
2023,CAR,11+,0-20,2.0,0.0,offense,,
2023,SEA,3-5,81-100,1.0,0.0,offense,,
2023,WAS,2,41-60,2.0,1.0,offense,,
2023,CAR,3-5,21-40,6.0,0.8,offense,,
2023,CIN,11+,61-80,3.0,0.3333333333333333,offense,,
2023,DEN,11+,61-80,1.0,,offense,,
2023,LA,3-5,81-100,1.0,1.0,offense,,
2023,LV,11+,21-40,1.0,0.0,offense,,
2023,PHI,6-10,61-80,1.0,0.0,offense,,
2023,BUF,1,41-60,3.0,0.6666666666666666,offense,,
2023,PHI,3-5,21-40,4.0,0.75,offense,,
2023,MIA,3-5,21-40,2.0,0.5,offense,,
2023,PIT,2,41-60,2.0,0.0,offense,,
2023,TB,2,41-60,3.0,0.6666666666666666,offense,,
2023,WAS,2,61-80,1.0,0.0,offense,,
2023,NE,3-5,41-60,3.0,0.6666666666666666,offense,,
2023,DEN,2,0-20,5.0,0.6,offense,,
2023,NYG,2,0-20,1.0,0.0,offense,,
2023,TEN,11+,41-60,2.0,0.0,offense,,
2023,LAC,3-5,41-60,3.0,0.6666666666666666,offense,,
2023,BUF,6-10,21-40,1.0,0.0,offense,,
2023,LA,2,0-20,3.0,0.6666666666666666,offense,,
2023,TB,3-5,0-20,1.0,0.0,offense,,
2023,JAX,3-5,21-40,2.0,1.0,offense,,
2023,LAC,1,41-60,4.0,0.5,offense,,
2023,LAC,6-10,41-60,2.0,0.0,offense,,
2023,ARI,2,41-60,2.0,0.0,offense,,
2023,CIN,3-5,0-20,1.0,1.0,offense,,
2023,KC,6-10,21-40,1.0,0.0,offense,,
2023,PHI,11+,21-40,1.0,0.0,offense,,
2023,CHI,11+,21-40,1.0,1.0,offense,,
2023,CIN,6-10,0-20,1.0,0.0,offense,,
2023,IND,11+,41-60,1.0,0.0,offense,,
2023,NE,2,0-20,1.0,1.0,offense,,
2023,WAS,11+,61-80,1.0,0.0,offense,,
2023,DET,2,61-80,1.0,1.0,offense,,
2023,NYG,11+,21-40,1.0,0.0,offense,,
2023,SF,1,0-20,1.0,0.0,offense,,
2023,BUF,1,61-80,1.0,1.0,offense,,
2024,JAX,3-5,41-60,1.0,0.0,offense,,
2017,ARI,11+,81-100,,,defense,3.0,1.0
2018,TEN,2,0-20,,,defense,1.0,0.0
2019,ATL,1,61-80,,,defense,1.0,1.0
2021,MIA,6-10,81-100,,,defense,1.0,0.0
2023,IND,1,0-20,,,defense,6.0,0.1666666666666666
2024,BUF,3-5,0-20,,,defense,1.0,0.0
2024,KC,3-5,41-60,,,defense,3.0,0.3333333333333333
2024,CIN,1,21-40,,,defense,4.0,0.0
2024,KC,3-5,0-20,,,defense,3.0,0.6666666666666667
2024,CIN,11+,61-80,,,defense,2.0,1.0
2024,JAX,1,61-80,,,defense,3.0,0.6666666666666667
2024,ARI,3-5,0-20,,,defense,3.0,1.0
2024,ARI,1,0-20,,,defense,4.0,0.25
2024,NO,6-10,81-100,,,defense,1.0,1.0
2024,NYG,1,21-40,,,defense,5.0,0.4
2024,NYG,1,0-20,,,defense,3.0,0.3333333333333333
2024,MIN,3-5,41-60,,,defense,2.0,0.5
2024,TB,2,41-60,,,defense,1.0,0.0
2024,MIN,3-5,21-40,,,defense,5.0,0.4
2024,KC,1,0-20,,,defense,4.0,0.5
2024,SEA,11+,41-60,,,defense,1.0,1.0
2024,NYG,1,61-80,,,defense,5.0,0.6
2024,NO,3-5,21-40,,,defense,3.0,1.0
2024,PHI,1,0-20,,,defense,2.0,0.5
2024,DAL,1,61-80,,,defense,1.0,0.0
2024,DEN,6-10,41-60,,,defense,4.0,0.75
2024,SF,3-5,41-60,,,defense,6.0,0.3333333333333333
2024,DET,11+,41-60,,,defense,3.0,1.0
2024,TEN,1,41-60,,,defense,2.0,0.5
2024,BUF,1,0-20,,,defense,3.0,0.6666666666666667
2024,GB,3-5,0-20,,,defense,4.0,0.5
2024,GB,3-5,21-40,,,defense,5.0,0.6
2024,LV,1,61-80,,,defense,2.0,0.0
2024,MIA,11+,0-20,,,defense,1.0,1.0
2024,TB,11+,21-40,,,defense,2.0,1.0
2024,TB,3-5,0-20,,,defense,2.0,0.0
2024,CIN,2,61-80,,,defense,1.0,1.0
2024,HOU,3-5,21-40,,,defense,4.0,0.25
2024,CHI,2,41-60,,,defense,1.0,1.0
2024,LAC,2,21-40,,,defense,2.0,0.0
2024,PIT,3-5,41-60,,,defense,1.0,1.0
2024,PIT,2,0-20,,,defense,2.0,0.0
2024,CLE,2,41-60,,,defense,1.0,1.0
2024,PIT,1,21-40,,,defense,7.0,0.2857142857142857
2024,PIT,3-5,21-40,,,defense,2.0,0.5
2024,ATL,1,41-60,,,defense,5.0,0.4
2024,TB,3-5,21-40,,,defense,3.0,0.3333333333333333
2024,BUF,11+,61-80,,,defense,2.0,1.0
2024,DEN,6-10,61-80,,,defense,2.0,0.5
2024,DEN,3-5,61-80,,,defense,2.0,0.0
2024,BAL,3-5,0-20,,,defense,2.0,1.0
2024,CIN,6-10,61-80,,,defense,1.0,1.0
2024,NE,11+,41-60,,,defense,2.0,1.0
2024,BAL,3-5,41-60,,,defense,2.0,1.0
2024,SEA,1,21-40,,,defense,1.0,1.0
2024,BAL,6-10,21-40,,,defense,1.0,1.0
2024,NE,3-5,0-20,,,defense,1.0,0.0
2024,MIA,11+,41-60,,,defense,1.0,
2024,PHI,6-10,41-60,,,defense,3.0,0.6666666666666667
2024,MIN,1,0-20,,,defense,1.0,0.0
2024,MIA,2,0-20,,,defense,1.0,0.0
2024,MIN,2,61-80,,,defense,1.0,1.0
2024,ARI,1,41-60,,,defense,2.0,0.0
2024,CAR,11+,81-100,,,defense,1.0,1.0
2024,WAS,3-5,41-60,,,defense,1.0,0.0
2024,MIA,1,21-40,,,defense,2.0,1.0
2024,LA,6-10,21-40,,,defense,1.0,1.0
2024,LAC,6-10,0-20,,,defense,1.0,1.0
2024,MIA,3-5,21-40,,,defense,1.0,1.0
2024,ARI,6-10,41-60,,,defense,1.0,1.0
2016,HOU,1,21-40,,,defense,2.0,0.5
2016,SEA,1,0-20,,,defense,5.0,0.8
2016,NYG,11+,21-40,,,defense,2.0,1.0
2016,TB,3-5,41-60,,,defense,3.0,0.0
2016,CIN,3-5,21-40,,,defense,4.0,1.0
2016,GB,1,21-40,,,defense,1.0,1.0
2016,DEN,6-10,61-80,,,defense,2.0,0.5
2016,NO,2,0-20,,,defense,2.0,1.0
2016,JAX,6-10,41-60,,,defense,2.0,1.0
2016,KC,1,0-20,,,defense,4.0,0.5
2016,DAL,6-10,21-40,,,defense,2.0,1.0
2016,IND,3-5,21-40,,,defense,1.0,0.0
2016,NO,11+,81-100,,,defense,2.0,1.0
2016,SEA,1,41-60,,,defense,2.0,0.0
2016,ATL,3-5,41-60,,,defense,3.0,0.3333333333333333
2016,NYG,3-5,21-40,,,defense,2.0,0.5
2016,TEN,3-5,21-40,,,defense,1.0,0.0
2016,HOU,1,0-20,,,defense,1.0,1.0
2016,LA,2,0-20,,,defense,1.0,0.0
2016,BAL,3-5,61-80,,,defense,1.0,1.0
2016,CHI,3-5,21-40,,,defense,2.0,0.5
2016,KC,11+,21-40,,,defense,1.0,1.0
2016,NYG,2,21-40,,,defense,1.0,1.0
2016,TEN,3-5,41-60,,,defense,1.0,0.0
2016,PIT,1,21-40,,,defense,1.0,0.0
2016,IND,2,41-60,,,defense,3.0,0.6666666666666667
2016,IND,1,0-20,,,defense,1.0,1.0
2016,ATL,6-10,21-40,,,defense,1.0,1.0
2016,BUF,3-5,21-40,,,defense,1.0,1.0
2016,NYJ,3-5,21-40,,,defense,1.0,0.0
2016,DAL,1,21-40,,,defense,1.0,0.0
2016,NE,2,61-80,,,defense,1.0,1.0
2016,CIN,1,61-80,,,defense,1.0,0.0
2016,TB,1,41-60,,,defense,1.0,1.0
2016,KC,6-10,0-20,,,defense,1.0,1.0
2016,MIN,6-10,0-20,,,defense,1.0,1.0
2016,HOU,3-5,41-60,,,defense,2.0,0.0
2016,NO,2,41-60,,,defense,1.0,0.0
2016,LV,11+,81-100,,,defense,1.0,1.0
2016,DEN,11+,21-40,,,defense,1.0,1.0
2016,DAL,1,0-20,,,defense,1.0,0.0
2016,MIA,1,0-20,,,defense,1.0,1.0
2016,IND,1,41-60,,,defense,1.0,1.0
2017,KC,1,21-40,,,defense,2.0,0.5
2017,DAL,3-5,41-60,,,defense,2.0,0.0
2017,PIT,2,0-20,,,defense,2.0,0.5
2017,ARI,6-10,0-20,,,defense,1.0,1.0
2017,CAR,11+,21-40,,,defense,3.0,1.0
2017,DEN,1,21-40,,,defense,5.0,0.1999999999999999
2017,LAC,6-10,41-60,,,defense,3.0,0.6666666666666667
2017,MIN,6-10,21-40,,,defense,4.0,0.75
2017,PIT,6-10,61-80,,,defense,3.0,1.0
2017,DAL,2,0-20,,,defense,1.0,1.0
2017,LAC,3-5,61-80,,,defense,1.0,1.0
2017,NYG,6-10,41-60,,,defense,1.0,1.0
2017,GB,1,41-60,,,defense,2.0,0.0
2017,PIT,3-5,0-20,,,defense,1.0,1.0
2017,PHI,6-10,61-80,,,defense,3.0,1.0
2017,PHI,1,61-80,,,defense,1.0,0.0
2017,GB,1,21-40,,,defense,1.0,0.0
2017,DAL,6-10,61-80,,,defense,4.0,1.0
2017,NYG,11+,41-60,,,defense,1.0,1.0
2017,ARI,3-5,21-40,,,defense,1.0,0.0
2017,MIN,11+,0-20,,,defense,1.0,0.0
2017,SEA,1,81-100,,,defense,1.0,1.0
2017,NO,1,61-80,,,defense,1.0,1.0
2017,BAL,6-10,41-60,,,defense,2.0,1.0
2017,DAL,3-5,81-100,,,defense,1.0,1.0
2017,DAL,6-10,41-60,,,defense,1.0,1.0
2017,TEN,11+,61-80,,,defense,1.0,0.0
2017,GB,6-10,61-80,,,defense,1.0,1.0
2017,HOU,6-10,61-80,,,defense,1.0,1.0
2017,NO,1,41-60,,,defense,2.0,1.0
2017,SF,2,81-100,,,defense,1.0,0.0
2017,LAC,3-5,41-60,,,defense,1.0,1.0
2017,NO,6-10,21-40,,,defense,2.0,0.5
2017,WAS,3-5,21-40,,,defense,2.0,1.0
2017,NO,3-5,61-80,,,defense,2.0,0.5
2017,TEN,11+,41-60,,,defense,3.0,0.6666666666666667
2017,NYJ,6-10,0-20,,,defense,1.0,1.0
2017,CIN,1,61-80,,,defense,1.0,0.0
2017,CLE,2,41-60,,,defense,1.0,0.0
2017,ARI,1,61-80,,,defense,1.0,1.0
2017,LV,11+,61-80,,,defense,1.0,0.0
2017,SF,3-5,0-20,,,defense,1.0,0.0
2017,ARI,11+,41-60,,,defense,1.0,1.0
2018,BUF,3-5,61-80,,,defense,3.0,1.0
2018,GB,6-10,81-100,,,defense,2.0,1.0
2018,CAR,6-10,41-60,,,defense,2.0,1.0
2018,NYJ,1,21-40,,,defense,4.0,0.75
2018,DET,3-5,0-20,,,defense,1.0,0.0
2018,SF,3-5,0-20,,,defense,3.0,1.0
2018,ATL,3-5,21-40,,,defense,1.0,0.0
2018,IND,2,41-60,,,defense,3.0,0.6666666666666667
2018,NYG,1,41-60,,,defense,4.0,0.0
2018,TB,3-5,41-60,,,defense,1.0,1.0
2018,WAS,2,41-60,,,defense,1.0,1.0
2018,LA,2,0-20,,,defense,1.0,0.0
2018,DET,11+,81-100,,,defense,1.0,1.0
2018,TEN,3-5,41-60,,,defense,1.0,1.0
2018,JAX,11+,21-40,,,defense,1.0,1.0
2018,KC,6-10,21-40,,,defense,2.0,0.5
2018,PHI,6-10,61-80,,,defense,2.0,0.5
2018,DAL,1,0-20,,,defense,5.0,1.0
2018,GB,11+,41-60,,,defense,2.0,1.0
2018,KC,6-10,41-60,,,defense,2.0,0.5
2018,JAX,1,81-100,,,defense,1.0,1.0
2018,JAX,1,21-40,,,defense,2.0,0.5
2018,PHI,3-5,21-40,,,defense,1.0,1.0
2018,CAR,2,0-20,,,defense,2.0,1.0
2018,DEN,11+,41-60,,,defense,1.0,1.0
2018,SF,11+,21-40,,,defense,2.0,
2018,BAL,1,61-80,,,defense,1.0,0.0
2018,BAL,1,41-60,,,defense,3.0,0.3333333333333333
2018,LAC,1,0-20,,,defense,4.0,0.75
2018,IND,1,0-20,,,defense,4.0,0.25
2018,MIA,2,0-20,,,defense,1.0,0.0
2018,NE,11+,41-60,,,defense,3.0,1.0
2018,NE,2,21-40,,,defense,1.0,1.0
2018,PHI,2,41-60,,,defense,1.0,1.0
2018,NYG,1,61-80,,,defense,1.0,1.0
2018,GB,11+,61-80,,,defense,1.0,1.0
2018,KC,2,41-60,,,defense,2.0,0.5
2018,LAC,3-5,0-20,,,defense,2.0,0.5
2018,MIA,11+,41-60,,,defense,1.0,1.0
2018,CAR,3-5,0-20,,,defense,1.0,0.0
2018,MIA,3-5,41-60,,,defense,1.0,0.0
2018,CAR,6-10,21-40,,,defense,1.0,1.0
2018,LA,2,41-60,,,defense,1.0,0.0
2018,NE,2,0-20,,,defense,1.0,1.0
2018,MIA,11+,21-40,,,defense,1.0,1.0
2018,SEA,6-10,0-20,,,defense,1.0,1.0
2018,KC,2,0-20,,,defense,1.0,0.0
2018,BAL,11+,81-100,,,defense,1.0,
2018,DET,11+,41-60,,,defense,1.0,1.0
2018,KC,11+,21-40,,,defense,1.0,1.0
2018,LA,1,0-20,,,defense,1.0,1.0
2018,DAL,2,41-60,,,defense,1.0,0.0
2018,NE,1,0-20,,,defense,1.0,1.0
2019,SF,6-10,21-40,,,defense,3.0,1.0
2019,TEN,2,61-80,,,defense,1.0,1.0
2019,PHI,11+,41-60,,,defense,1.0,0.0
2019,IND,2,41-60,,,defense,1.0,1.0
2019,KC,2,41-60,,,defense,2.0,0.5
2019,SF,1,0-20,,,defense,3.0,0.6666666666666667
2019,GB,11+,41-60,,,defense,1.0,1.0
2019,DAL,6-10,41-60,,,defense,2.0,0.5
2019,NO,1,41-60,,,defense,3.0,1.0
2019,SF,11+,61-80,,,defense,1.0,1.0
2019,HOU,6-10,41-60,,,defense,3.0,1.0
2019,ARI,6-10,41-60,,,defense,2.0,1.0
2019,ATL,1,0-20,,,defense,1.0,1.0
2019,CIN,2,0-20,,,defense,1.0,0.0
2019,TEN,1,41-60,,,defense,2.0,0.0
2019,NYG,3-5,21-40,,,defense,3.0,0.3333333333333333
2019,PHI,1,41-60,,,defense,2.0,0.5
2019,ATL,2,21-40,,,defense,2.0,0.0
2019,NYG,6-10,21-40,,,defense,5.0,0.75
2019,SF,1,41-60,,,defense,4.0,0.5
2019,MIN,6-10,21-40,,,defense,2.0,0.5
2019,LV,2,0-20,,,defense,1.0,0.0
2019,DET,3-5,61-80,,,defense,2.0,0.5
2019,TB,3-5,41-60,,,defense,3.0,0.3333333333333333
2019,CAR,11+,21-40,,,defense,1.0,1.0
2019,LV,1,41-60,,,defense,2.0,0.0
2019,MIA,2,41-60,,,defense,1.0,1.0
2019,MIA,6-10,0-20,,,defense,1.0,1.0
2019,BUF,11+,41-60,,,defense,1.0,1.0
2019,NO,6-10,61-80,,,defense,2.0,1.0
2019,LA,1,21-40,,,defense,2.0,0.5
2019,CAR,6-10,61-80,,,defense,1.0,1.0
2019,GB,3-5,21-40,,,defense,1.0,0.0
2019,DET,2,41-60,,,defense,1.0,1.0
2019,NYG,1,61-80,,,defense,1.0,0.0
2019,ARI,6-10,0-20,,,defense,1.0,0.0
2019,TEN,6-10,0-20,,,defense,1.0,1.0
2019,DET,1,41-60,,,defense,2.0,0.0
2019,ARI,3-5,81-100,,,defense,1.0,1.0
2019,SEA,2,41-60,,,defense,1.0,0.0
2019,NE,11+,0-20,,,defense,1.0,1.0
2019,ARI,6-10,81-100,,,defense,1.0,1.0
2019,ATL,2,0-20,,,defense,1.0,0.0
2019,DET,1,21-40,,,defense,2.0,0.0
2019,NE,11+,21-40,,,defense,1.0,1.0
2019,BAL,11+,61-80,,,defense,1.0,1.0
2019,HOU,6-10,61-80,,,defense,1.0,1.0
2020,LA,1,61-80,,,defense,2.0,0.5
2020,JAX,1,0-20,,,defense,3.0,0.3333333333333333
2020,LV,1,21-40,,,defense,3.0,0.3333333333333333
2020,LV,1,41-60,,,defense,5.0,0.1999999999999999
2020,NE,2,41-60,,,defense,2.0,0.5
2020,SEA,3-5,21-40,,,defense,4.0,0.5
2020,TB,2,41-60,,,defense,2.0,0.5
2020,NO,6-10,0-20,,,defense,3.0,0.6666666666666667
2020,DEN,1,61-80,,,defense,3.0,0.6666666666666667
2020,DAL,2,21-40,,,defense,2.0,0.0
2020,CLE,3-5,41-60,,,defense,2.0,0.0
2020,SF,6-10,41-60,,,defense,2.0,1.0
2020,ATL,11+,61-80,,,defense,1.0,1.0
2020,ARI,6-10,21-40,,,defense,2.0,1.0
2020,JAX,1,41-60,,,defense,3.0,0.3333333333333333
2020,SF,1,61-80,,,defense,3.0,0.3333333333333333
2020,DEN,1,41-60,,,defense,2.0,0.0
2020,TB,1,0-20,,,defense,3.0,0.3333333333333333
2020,CLE,2,0-20,,,defense,5.0,0.4
2020,LV,6-10,41-60,,,defense,1.0,1.0
2020,CIN,3-5,61-80,,,defense,1.0,0.0
2020,NYJ,1,61-80,,,defense,2.0,0.5
2020,NO,11+,61-80,,,defense,2.0,0.5
2020,MIA,1,41-60,,,defense,6.0,0.6
2020,MIN,6-10,61-80,,,defense,2.0,0.5
2020,ARI,6-10,41-60,,,defense,3.0,0.3333333333333333
2020,ATL,3-5,0-20,,,defense,2.0,0.5
2020,BAL,6-10,0-20,,,defense,2.0,0.0
2020,CHI,3-5,0-20,,,defense,1.0,1.0
2020,DET,3-5,0-20,,,defense,2.0,1.0
2020,TEN,1,21-40,,,defense,7.0,0.5714285714285714
2020,SF,2,0-20,,,defense,1.0,1.0
2020,MIA,1,61-80,,,defense,1.0,0.0
2020,WAS,2,21-40,,,defense,2.0,0.5
2020,ATL,2,0-20,,,defense,2.0,0.5
2020,TB,1,61-80,,,defense,2.0,0.5
2020,NO,11+,81-100,,,defense,2.0,1.0
2020,NO,2,81-100,,,defense,1.0,1.0
2020,KC,3-5,0-20,,,defense,1.0,0.0
2020,CHI,11+,61-80,,,defense,1.0,1.0
2020,MIA,1,21-40,,,defense,2.0,0.5
2020,SEA,6-10,21-40,,,defense,1.0,1.0
2020,MIA,6-10,61-80,,,defense,1.0,1.0
2020,PIT,2,61-80,,,defense,1.0,0.0
2020,NYG,6-10,61-80,,,defense,1.0,0.0
2020,CLE,1,41-60,,,defense,1.0,1.0
2020,KC,3-5,61-80,,,defense,1.0,1.0
2020,NE,6-10,21-40,,,defense,2.0,1.0
2020,LAC,3-5,41-60,,,defense,1.0,1.0
2020,NE,3-5,21-40,,,defense,1.0,1.0
2020,SEA,3-5,61-80,,,defense,1.0,1.0
2020,NYG,2,41-60,,,defense,1.0,1.0
2020,CAR,6-10,0-20,,,defense,1.0,1.0
2020,CAR,11+,21-40,,,defense,1.0,1.0
2020,SF,1,41-60,,,defense,1.0,0.0
2020,ARI,2,21-40,,,defense,1.0,0.0
2020,TB,3-5,0-20,,,defense,1.0,0.0
2020,DEN,6-10,0-20,,,defense,1.0,1.0
2021,DEN,3-5,41-60,,,defense,2.0,0.5
2021,NO,1,61-80,,,defense,2.0,0.5
2021,MIN,1,41-60,,,defense,7.0,0.4285714285714286
2021,ATL,2,0-20,,,defense,2.0,0.5
2021,PHI,11+,41-60,,,defense,2.0,1.0
2021,PIT,6-10,61-80,,,defense,1.0,0.0
2021,SEA,2,0-20,,,defense,1.0,1.0
2021,SF,2,21-40,,,defense,1.0,1.0
2021,SF,6-10,41-60,,,defense,2.0,1.0
2021,BUF,2,0-20,,,defense,2.0,0.5
2021,MIA,1,0-20,,,defense,3.0,0.3333333333333333
2021,DAL,11+,41-60,,,defense,1.0,1.0
2021,DAL,1,61-80,,,defense,7.0,0.2857142857142857
2021,JAX,1,41-60,,,defense,3.0,0.6666666666666667
2021,DET,11+,81-100,,,defense,1.0,0.0
2021,HOU,1,0-20,,,defense,3.0,0.6666666666666667
2021,LV,6-10,61-80,,,defense,5.0,0.6
2021,MIN,2,0-20,,,defense,2.0,0.5
2021,HOU,1,41-60,,,defense,2.0,0.5
2021,MIA,3-5,41-60,,,defense,3.0,1.0
2021,IND,2,0-20,,,defense,2.0,0.0
2021,LV,2,41-60,,,defense,2.0,0.0
2021,NYJ,3-5,0-20,,,defense,3.0,0.6666666666666667
2021,PIT,3-5,0-20,,,defense,3.0,1.0
2021,GB,2,41-60,,,defense,1.0,0.0
2021,NE,2,21-40,,,defense,2.0,0.0
2021,ARI,3-5,0-20,,,defense,5.0,0.6
2021,WAS,6-10,0-20,,,defense,1.0,1.0
2021,BAL,1,81-100,,,defense,1.0,1.0
2021,MIN,6-10,81-100,,,defense,1.0,0.0
2021,DAL,3-5,61-80,,,defense,1.0,1.0
2021,IND,2,41-60,,,defense,2.0,0.0
2021,IND,1,41-60,,,defense,2.0,0.5
2021,BUF,6-10,21-40,,,defense,3.0,1.0
2021,JAX,11+,41-60,,,defense,2.0,1.0
2021,MIN,1,0-20,,,defense,3.0,0.6666666666666667
2021,BAL,6-10,0-20,,,defense,1.0,0.0
2021,PIT,3-5,61-80,,,defense,3.0,1.0
2021,LAC,11+,81-100,,,defense,2.0,1.0
2021,WAS,3-5,61-80,,,defense,1.0,1.0
2021,NYJ,1,41-60,,,defense,2.0,0.5
2021,IND,11+,61-80,,,defense,1.0,1.0
2021,JAX,1,21-40,,,defense,2.0,0.0
2021,WAS,3-5,21-40,,,defense,1.0,1.0
2021,DET,2,0-20,,,defense,2.0,0.0
2021,LV,3-5,0-20,,,defense,1.0,0.0
2021,CHI,11+,41-60,,,defense,1.0,
2021,IND,3-5,21-40,,,defense,1.0,1.0
2021,PIT,11+,81-100,,,defense,1.0,1.0
2021,SF,2,61-80,,,defense,1.0,1.0
2021,TB,1,61-80,,,defense,1.0,0.0
2021,LV,2,0-20,,,defense,1.0,0.0
2021,LV,6-10,0-20,,,defense,1.0,0.0
2021,SEA,11+,81-100,,,defense,1.0,1.0
2022,BAL,3-5,0-20,,,defense,3.0,0.6666666666666667
2022,CAR,3-5,21-40,,,defense,2.0,1.0
2022,GB,2,0-20,,,defense,1.0,1.0
2022,LAC,3-5,21-40,,,defense,2.0,0.5
2022,NE,11+,41-60,,,defense,2.0,1.0
2022,PIT,1,21-40,,,defense,6.0,0.1666666666666666
2022,CHI,6-10,41-60,,,defense,1.0,1.0
2022,DAL,6-10,21-40,,,defense,3.0,0.3333333333333333
2022,JAX,11+,0-20,,,defense,1.0,1.0
2022,KC,3-5,61-80,,,defense,2.0,0.5
2022,TEN,1,21-40,,,defense,4.0,0.5
2022,TEN,1,41-60,,,defense,6.0,0.5
2022,CIN,6-10,0-20,,,defense,3.0,0.6666666666666667
2022,MIN,1,21-40,,,defense,5.0,0.8
2022,MIN,2,41-60,,,defense,3.0,0.6666666666666667
2022,HOU,6-10,41-60,,,defense,2.0,1.0
2022,LAC,1,41-60,,,defense,1.0,0.0
2022,IND,2,0-20,,,defense,3.0,0.6666666666666667
2022,TEN,6-10,0-20,,,defense,2.0,0.5
2022,PIT,1,0-20,,,defense,3.0,0.3333333333333333
2022,CHI,3-5,61-80,,,defense,1.0,1.0
2022,ATL,3-5,0-20,,,defense,1.0,1.0
2022,ATL,1,21-40,,,defense,4.0,0.5
2022,NE,3-5,0-20,,,defense,3.0,0.6666666666666667
2022,HOU,3-5,21-40,,,defense,1.0,1.0
2022,LV,11+,0-20,,,defense,1.0,1.0
2022,BUF,6-10,0-20,,,defense,1.0,1.0
2022,SEA,2,41-60,,,defense,3.0,0.3333333333333333
2022,DAL,3-5,21-40,,,defense,3.0,0.3333333333333333
2022,DEN,1,41-60,,,defense,3.0,0.3333333333333333
2022,LV,6-10,61-80,,,defense,1.0,0.0
2022,NYJ,3-5,21-40,,,defense,4.0,0.75
2022,ARI,2,21-40,,,defense,2.0,1.0
2022,CIN,3-5,21-40,,,defense,3.0,0.0
2022,PHI,1,41-60,,,defense,2.0,0.0
2022,TEN,1,81-100,,,defense,1.0,0.0
2022,CHI,6-10,21-40,,,defense,3.0,1.0
2022,MIA,6-10,41-60,,,defense,1.0,1.0
2022,MIN,2,21-40,,,defense,2.0,0.5
2022,TB,6-10,21-40,,,defense,3.0,0.6666666666666667
2022,PHI,1,21-40,,,defense,2.0,0.5
2022,DET,1,41-60,,,defense,4.0,0.25
2022,TEN,11+,0-20,,,defense,1.0,1.0
2022,GB,1,61-80,,,defense,2.0,0.5
2022,SEA,1,41-60,,,defense,1.0,1.0
2022,TB,6-10,0-20,,,defense,1.0,0.0
2022,BUF,2,81-100,,,defense,1.0,1.0
2022,LV,6-10,41-60,,,defense,1.0,1.0
2022,SEA,11+,81-100,,,defense,1.0,1.0
2022,CIN,1,21-40,,,defense,3.0,0.6666666666666667
2022,LA,2,0-20,,,defense,1.0,0.0
2022,WAS,6-10,21-40,,,defense,1.0,0.0
2022,LA,6-10,21-40,,,defense,3.0,1.0
2022,JAX,6-10,21-40,,,defense,1.0,1.0
2022,LAC,3-5,41-60,,,defense,2.0,0.5
2022,DAL,6-10,0-20,,,defense,1.0,1.0
2022,DAL,2,21-40,,,defense,1.0,0.0
2022,IND,2,21-40,,,defense,1.0,1.0
2022,NE,1,61-80,,,defense,2.0,0.5
2022,PIT,6-10,61-80,,,defense,1.0,0.0
2022,LAC,2,21-40,,,defense,1.0,0.0
2022,SEA,1,61-80,,,defense,1.0,0.0
2023,CLE,3-5,61-80,,,defense,2.0,1.0
2023,CHI,3-5,21-40,,,defense,2.0,0.0
2023,CHI,6-10,21-40,,,defense,3.0,0.6666666666666667
2023,HOU,6-10,41-60,,,defense,3.0,1.0
2023,IND,2,0-20,,,defense,1.0,0.0
2023,DEN,1,21-40,,,defense,4.0,0.25
2023,PIT,11+,21-40,,,defense,1.0,1.0
2023,CHI,1,21-40,,,defense,3.0,0.3333333333333333
2023,GB,1,21-40,,,defense,5.0,0.0
2023,IND,11+,21-40,,,defense,1.0,1.0
2023,PHI,3-5,41-60,,,defense,3.0,0.6666666666666667
2023,SEA,3-5,21-40,,,defense,2.0,1.0
2023,DET,3-5,21-40,,,defense,4.0,1.0
2023,DAL,3-5,21-40,,,defense,4.0,0.5
2023,MIN,1,0-20,,,defense,5.0,0.0
2023,CIN,3-5,21-40,,,defense,2.0,0.0
2023,TB,2,0-20,,,defense,2.0,0.5
2023,PIT,3-5,21-40,,,defense,3.0,1.0
2023,ATL,1,21-40,,,defense,2.0,0.5
2023,DET,11+,81-100,,,defense,1.0,1.0
2023,DET,6-10,0-20,,,defense,1.0,0.0
2023,LV,1,61-80,,,defense,3.0,0.6666666666666667
2023,CAR,3-5,61-80,,,defense,2.0,1.0
2023,NYG,1,0-20,,,defense,3.0,0.3333333333333333
2023,CHI,11+,81-100,,,defense,2.0,1.0
2023,LV,3-5,41-60,,,defense,4.0,0.75
2023,KC,6-10,0-20,,,defense,2.0,0.5
2023,PHI,3-5,81-100,,,defense,1.0,0.0
2023,LA,11+,41-60,,,defense,2.0,1.0
2023,DET,3-5,61-80,,,defense,1.0,0.0
2023,WAS,3-5,41-60,,,defense,5.0,0.6
2023,ATL,1,41-60,,,defense,3.0,0.0
2023,CHI,3-5,61-80,,,defense,1.0,0.0
2023,PHI,6-10,61-80,,,defense,1.0,1.0
2023,BUF,1,21-40,,,defense,1.0,0.0
2023,CAR,1,61-80,,,defense,2.0,0.5
2023,IND,11+,81-100,,,defense,1.0,1.0
2023,MIN,3-5,21-40,,,defense,1.0,1.0
2023,NE,2,61-80,,,defense,1.0,1.0
2023,CHI,2,41-60,,,defense,2.0,0.5
2023,SF,11+,41-60,,,defense,4.0,1.0
2023,TB,11+,41-60,,,defense,2.0,1.0
2023,ARI,2,0-20,,,defense,1.0,1.0
2023,BUF,2,61-80,,,defense,1.0,0.0
2023,LA,11+,61-80,,,defense,2.0,1.0
2023,ATL,11+,61-80,,,defense,1.0,1.0
2023,DEN,2,41-60,,,defense,1.0,1.0
2023,CAR,1,41-60,,,defense,1.0,1.0
2023,NO,6-10,61-80,,,defense,2.0,0.5
2023,CHI,11+,21-40,,,defense,1.0,1.0
2023,CIN,11+,41-60,,,defense,1.0,1.0
2023,CAR,11+,61-80,,,defense,1.0,1.0
2023,DAL,6-10,61-80,,,defense,1.0,1.0
2023,PIT,1,0-20,,,defense,2.0,1.0
2023,ARI,3-5,61-80,,,defense,1.0,1.0
2023,SF,1,0-20,,,defense,2.0,0.5
2023,ATL,11+,81-100,,,defense,1.0,1.0
2024,HOU,3-5,0-20,,,defense,1.0,0.0
2023,JAX,1,0-20,,,defense,4.0,0.5
2024,HOU,11+,41-60,,,defense,3.0,1.0
2024,CIN,1,0-20,,,defense,5.0,0.1999999999999999
2024,PIT,6-10,21-40,,,defense,1.0,1.0
2024,CAR,3-5,61-80,,,defense,1.0,0.0
2024,DEN,3-5,21-40,,,defense,3.0,0.6666666666666667
2024,TEN,3-5,21-40,,,defense,3.0,0.6666666666666667
2024,MIN,11+,41-60,,,defense,1.0,1.0
2024,PIT,3-5,61-80,,,defense,3.0,0.6666666666666667
2024,CLE,1,41-60,,,defense,3.0,0.3333333333333333
2024,DAL,6-10,41-60,,,defense,4.0,0.75
2024,GB,1,0-20,,,defense,3.0,0.6666666666666667
2024,SF,3-5,61-80,,,defense,1.0,1.0
2024,ATL,6-10,0-20,,,defense,1.0,1.0
2024,TEN,1,61-80,,,defense,2.0,1.0
2024,TEN,11+,21-40,,,defense,1.0,0.0
2024,WAS,1,0-20,,,defense,2.0,0.5
2024,WAS,1,21-40,,,defense,2.0,0.5
2024,HOU,3-5,41-60,,,defense,3.0,0.3333333333333333
2024,CAR,1,21-40,,,defense,3.0,0.6666666666666667
2024,LA,2,81-100,,,defense,1.0,1.0
2024,GB,1,21-40,,,defense,3.0,0.3333333333333333
2024,IND,2,21-40,,,defense,2.0,1.0
2024,DEN,11+,81-100,,,defense,1.0,1.0
2024,NYJ,6-10,0-20,,,defense,1.0,1.0
2024,CIN,1,41-60,,,defense,1.0,0.0
2024,PHI,6-10,0-20,,,defense,1.0,1.0
2024,DET,6-10,61-80,,,defense,3.0,0.6666666666666667
2024,SF,2,41-60,,,defense,1.0,1.0
2024,SEA,1,61-80,,,defense,3.0,0.6666666666666667
2024,CHI,11+,21-40,,,defense,1.0,
2024,NO,6-10,61-80,,,defense,2.0,1.0
2024,LAC,3-5,0-20,,,defense,2.0,0.5
2024,DET,6-10,21-40,,,defense,3.0,1.0
2024,LA,3-5,41-60,,,defense,2.0,0.5
2024,TEN,2,0-20,,,defense,1.0,0.0
2024,NO,6-10,41-60,,,defense,5.0,0.4
2024,DAL,1,21-40,,,defense,3.0,0.0
2024,CHI,6-10,0-20,,,defense,1.0,1.0
2024,DAL,1,0-20,,,defense,2.0,0.5
2024,LA,11+,21-40,,,defense,1.0,1.0
2024,PHI,2,21-40,,,defense,4.0,0.75
2024,BAL,3-5,61-80,,,defense,1.0,1.0
2024,MIA,6-10,61-80,,,defense,1.0,1.0
2024,PHI,2,0-20,,,defense,2.0,0.0
2024,CHI,11+,61-80,,,defense,1.0,1.0
2024,LA,1,61-80,,,defense,1.0,1.0
2024,ATL,11+,0-20,,,defense,1.0,1.0
2024,JAX,6-10,21-40,,,defense,1.0,1.0
2024,LV,11+,41-60,,,defense,1.0,1.0
2024,SEA,3-5,0-20,,,defense,1.0,1.0
2016,BAL,1,0-20,,,defense,3.0,0.6666666666666667
2016,PHI,3-5,41-60,,,defense,3.0,1.0
2016,LA,6-10,21-40,,,defense,3.0,0.3333333333333333
2016,MIA,1,61-80,,,defense,1.0,0.0
2016,LAC,2,41-60,,,defense,1.0,0.0
2016,ATL,3-5,61-80,,,defense,2.0,1.0
2016,ATL,2,41-60,,,defense,3.0,0.3333333333333333
2016,BAL,3-5,41-60,,,defense,1.0,0.0
2016,DAL,1,41-60,,,defense,2.0,0.5
2016,LAC,3-5,0-20,,,defense,1.0,1.0
2016,CHI,1,0-20,,,defense,4.0,0.5
2016,PHI,1,0-20,,,defense,2.0,1.0
2016,ATL,6-10,61-80,,,defense,2.0,0.5
2016,ATL,1,21-40,,,defense,5.0,0.1999999999999999
2016,JAX,6-10,21-40,,,defense,2.0,1.0
2016,DAL,2,0-20,,,defense,1.0,0.0
2016,PHI,6-10,21-40,,,defense,3.0,1.0
2016,PIT,3-5,41-60,,,defense,1.0,1.0
2016,WAS,6-10,21-40,,,defense,3.0,1.0
2016,JAX,1,41-60,,,defense,2.0,0.5
2016,JAX,11+,81-100,,,defense,1.0,1.0
2016,ARI,3-5,61-80,,,defense,1.0,0.0
2016,DEN,1,0-20,,,defense,2.0,0.0
2016,IND,6-10,21-40,,,defense,2.0,1.0
2016,NE,3-5,41-60,,,defense,2.0,0.5
2016,PHI,1,41-60,,,defense,2.0,0.0
2016,TB,2,41-60,,,defense,1.0,1.0
2016,NO,3-5,21-40,,,defense,1.0,0.0
2016,CIN,1,0-20,,,defense,4.0,0.5
2016,DAL,3-5,21-40,,,defense,4.0,0.5
2016,LA,1,41-60,,,defense,2.0,0.0
2016,DET,1,0-20,,,defense,2.0,1.0
2016,MIA,11+,21-40,,,defense,1.0,1.0
2016,PHI,3-5,61-80,,,defense,1.0,1.0
2016,NE,3-5,61-80,,,defense,1.0,1.0
2016,TEN,3-5,0-20,,,defense,3.0,0.6666666666666667
2016,NE,11+,61-80,,,defense,2.0,0.0
2016,PHI,6-10,61-80,,,defense,1.0,0.0
2016,CAR,1,21-40,,,defense,1.0,1.0
2016,ATL,1,41-60,,,defense,4.0,0.25
2016,TB,11+,61-80,,,defense,1.0,1.0
2016,CAR,1,41-60,,,defense,1.0,0.0
2016,MIN,11+,81-100,,,defense,1.0,1.0
2016,HOU,1,41-60,,,defense,3.0,1.0
2016,ARI,3-5,41-60,,,defense,2.0,0.5
2016,ATL,1,0-20,,,defense,1.0,0.0
2016,TEN,2,61-80,,,defense,1.0,0.0
2016,JAX,11+,41-60,,,defense,1.0,1.0
2016,LV,1,21-40,,,defense,2.0,0.5
2016,LA,1,61-80,,,defense,1.0,0.0
2016,SEA,3-5,61-80,,,defense,1.0,1.0
2016,WAS,1,41-60,,,defense,1.0,0.0
2017,CAR,1,21-40,,,defense,3.0,0.6666666666666667
2017,KC,1,0-20,,,defense,3.0,0.3333333333333333
2017,SEA,11+,41-60,,,defense,1.0,1.0
2017,IND,1,0-20,,,defense,2.0,0.5
2017,BAL,11+,21-40,,,defense,1.0,0.0
2017,HOU,3-5,41-60,,,defense,1.0,1.0
2017,MIA,1,41-60,,,defense,2.0,1.0
2017,LAC,11+,21-40,,,defense,2.0,1.0
2017,LA,2,41-60,,,defense,1.0,1.0
2017,LA,11+,41-60,,,defense,3.0,1.0
2017,NYG,1,41-60,,,defense,7.0,0.5714285714285714
2017,PHI,2,0-20,,,defense,1.0,1.0
2017,CIN,6-10,41-60,,,defense,3.0,0.3333333333333333
2017,IND,3-5,21-40,,,defense,2.0,0.5
2017,NO,3-5,41-60,,,defense,1.0,1.0
2017,TB,3-5,61-80,,,defense,1.0,1.0
2017,LA,2,0-20,,,defense,2.0,0.5
2017,SEA,6-10,0-20,,,defense,2.0,1.0
2017,MIA,2,41-60,,,defense,2.0,1.0
2017,DAL,3-5,21-40,,,defense,1.0,1.0
2017,LAC,6-10,61-80,,,defense,1.0,1.0
2017,SEA,3-5,61-80,,,defense,1.0,1.0
2017,NYJ,3-5,61-80,,,defense,2.0,1.0
2017,CIN,1,0-20,,,defense,1.0,1.0
2017,DEN,3-5,21-40,,,defense,1.0,1.0
2017,BUF,1,21-40,,,defense,2.0,0.0
2017,CLE,6-10,61-80,,,defense,1.0,1.0
2017,PIT,6-10,41-60,,,defense,1.0,1.0
2017,WAS,1,21-40,,,defense,2.0,0.0
2017,SEA,6-10,61-80,,,defense,1.0,0.0
2017,BUF,2,21-40,,,defense,1.0,1.0
2017,BUF,6-10,21-40,,,defense,4.0,0.5
2017,ARI,6-10,61-80,,,defense,1.0,1.0
2017,BAL,3-5,61-80,,,defense,1.0,1.0
2017,NE,2,0-20,,,defense,1.0,1.0
2017,CIN,11+,61-80,,,defense,2.0,1.0
2017,ARI,3-5,81-100,,,defense,1.0,1.0
2017,BUF,3-5,0-20,,,defense,1.0,1.0
2017,NO,6-10,81-100,,,defense,1.0,0.0
2017,LAC,2,0-20,,,defense,1.0,1.0
2018,PHI,1,0-20,,,defense,2.0,0.5
2018,GB,1,61-80,,,defense,5.0,0.4
2018,SF,1,41-60,,,defense,2.0,0.5
2018,NE,1,41-60,,,defense,2.0,0.5
2018,DAL,1,61-80,,,defense,2.0,0.0
2018,BAL,1,0-20,,,defense,3.0,0.6666666666666667
2018,WAS,11+,81-100,,,defense,1.0,1.0
2018,PIT,2,41-60,,,defense,1.0,0.0
2018,HOU,6-10,41-60,,,defense,2.0,0.5
2018,PHI,11+,61-80,,,defense,1.0,0.0
2018,PIT,2,61-80,,,defense,1.0,0.0
2018,PIT,11+,61-80,,,defense,2.0,1.0
2018,DET,3-5,21-40,,,defense,3.0,0.6666666666666667
2018,NE,6-10,0-20,,,defense,1.0,1.0
2018,SEA,2,0-20,,,defense,2.0,1.0
2018,MIA,3-5,61-80,,,defense,1.0,1.0
2018,CIN,6-10,41-60,,,defense,1.0,0.0
2018,LAC,3-5,21-40,,,defense,3.0,0.3333333333333333
2018,NO,2,21-40,,,defense,1.0,1.0
2018,NO,1,61-80,,,defense,2.0,0.5
2018,CAR,1,41-60,,,defense,2.0,0.0
2018,PHI,6-10,21-40,,,defense,4.0,0.75
2018,DAL,6-10,41-60,,,defense,2.0,1.0
2018,CAR,1,61-80,,,defense,1.0,0.0
2018,CAR,3-5,41-60,,,defense,1.0,1.0
2018,NO,1,41-60,,,defense,2.0,1.0
2018,TB,1,41-60,,,defense,1.0,1.0
2018,NYG,3-5,41-60,,,defense,1.0,
2018,NYJ,6-10,41-60,,,defense,1.0,0.0
2018,PHI,1,41-60,,,defense,1.0,1.0
2018,CHI,6-10,41-60,,,defense,3.0,0.3333333333333333
2018,JAX,6-10,41-60,,,defense,1.0,1.0
2018,ATL,3-5,41-60,,,defense,1.0,1.0
2018,CLE,11+,21-40,,,defense,2.0,1.0
2018,ARI,3-5,61-80,,,defense,1.0,0.0
2018,ATL,1,41-60,,,defense,1.0,0.0
2018,DEN,6-10,41-60,,,defense,1.0,1.0
2018,CLE,3-5,41-60,,,defense,1.0,0.0
2018,SF,2,21-40,,,defense,1.0,0.0
2018,DEN,3-5,41-60,,,defense,1.0,0.0
2018,GB,2,41-60,,,defense,1.0,1.0
2018,JAX,11+,61-80,,,defense,1.0,1.0
2018,SEA,1,61-80,,,defense,1.0,0.0
2018,LV,1,21-40,,,defense,1.0,0.0
2018,PHI,11+,41-60,,,defense,1.0,1.0
2019,MIN,2,21-40,,,defense,2.0,0.0
2019,ARI,1,0-20,,,defense,4.0,0.75
2019,GB,6-10,81-100,,,defense,1.0,1.0
2019,LAC,3-5,41-60,,,defense,3.0,0.3333333333333333
2019,CAR,6-10,41-60,,,defense,2.0,1.0
2019,DAL,6-10,21-40,,,defense,5.0,0.4
2019,NE,1,41-60,,,defense,1.0,1.0
2019,NE,6-10,41-60,,,defense,2.0,1.0
2019,CHI,6-10,41-60,,,defense,2.0,0.5
2019,CHI,3-5,0-20,,,defense,1.0,0.0
2019,LAC,6-10,41-60,,,defense,3.0,0.5
2019,NE,3-5,41-60,,,defense,3.0,0.3333333333333333
2019,TB,1,41-60,,,defense,4.0,0.75
2019,TB,2,0-20,,,defense,1.0,1.0
2019,CHI,2,0-20,,,defense,1.0,0.0
2019,DAL,3-5,21-40,,,defense,3.0,1.0
2019,SEA,1,0-20,,,defense,3.0,0.6666666666666667
2019,NYG,1,41-60,,,defense,3.0,0.3333333333333333
2019,TEN,3-5,0-20,,,defense,1.0,1.0
2019,PIT,11+,61-80,,,defense,1.0,1.0
2019,PIT,6-10,0-20,,,defense,1.0,1.0
2019,PIT,11+,0-20,,,defense,1.0,1.0
2019,PHI,1,0-20,,,defense,2.0,0.5
2019,TEN,6-10,41-60,,,defense,2.0,1.0
2019,LAC,2,41-60,,,defense,2.0,0.5
2019,GB,3-5,0-20,,,defense,2.0,1.0
2019,CAR,3-5,61-80,,,defense,1.0,1.0
2019,MIN,2,0-20,,,defense,1.0,1.0
2019,MIN,2,61-80,,,defense,1.0,1.0
2019,CAR,1,0-20,,,defense,4.0,0.25
2019,PHI,3-5,21-40,,,defense,2.0,0.5
2019,CIN,1,0-20,,,defense,2.0,0.5
2019,KC,6-10,41-60,,,defense,1.0,1.0
2019,BUF,1,0-20,,,defense,3.0,0.6666666666666667
2019,DET,6-10,21-40,,,defense,2.0,1.0
2019,SEA,1,61-80,,,defense,1.0,0.0
2019,LV,1,0-20,,,defense,2.0,1.0
2019,HOU,6-10,0-20,,,defense,2.0,0.5
2019,IND,2,21-40,,,defense,1.0,1.0
2019,PIT,2,41-60,,,defense,1.0,0.0
2019,KC,1,0-20,,,defense,2.0,0.5
2019,BUF,3-5,41-60,,,defense,1.0,1.0
2019,BAL,6-10,21-40,,,defense,1.0,1.0
2019,BUF,2,41-60,,,defense,2.0,0.0
2019,BUF,3-5,0-20,,,defense,1.0,1.0
2019,LA,1,61-80,,,defense,2.0,0.5
2019,CAR,1,41-60,,,defense,2.0,0.5
2019,LA,11+,61-80,,,defense,1.0,1.0
2019,LA,3-5,21-40,,,defense,3.0,0.5
2019,CHI,3-5,81-100,,,defense,1.0,0.0
2019,BUF,1,81-100,,,defense,1.0,0.0
2019,BUF,6-10,0-20,,,defense,1.0,1.0
2019,NO,1,0-20,,,defense,1.0,1.0
2019,NO,6-10,41-60,,,defense,4.0,1.0
2019,MIA,2,0-20,,,defense,1.0,1.0
2019,TB,11+,81-100,,,defense,1.0,1.0
2019,DET,1,0-20,,,defense,1.0,1.0
2019,TB,2,41-60,,,defense,1.0,1.0
2019,KC,6-10,21-40,,,defense,4.0,0.75
2019,PIT,11+,81-100,,,defense,2.0,1.0
2019,SF,6-10,61-80,,,defense,1.0,1.0
2019,BUF,3-5,61-80,,,defense,1.0,1.0
2019,KC,6-10,0-20,,,defense,1.0,1.0
2019,JAX,11+,21-40,,,defense,1.0,1.0
2019,LA,1,0-20,,,defense,1.0,0.0
2019,DET,11+,61-80,,,defense,1.0,1.0
2019,BUF,1,41-60,,,defense,1.0,1.0
2019,GB,11+,61-80,,,defense,1.0,1.0
2019,TB,11+,21-40,,,defense,1.0,1.0
2019,WAS,3-5,61-80,,,defense,1.0,1.0
2019,DEN,3-5,61-80,,,defense,1.0,1.0
2020,DET,1,0-20,,,defense,4.0,0.75
2020,CLE,11+,41-60,,,defense,3.0,0.6666666666666667
2020,HOU,1,61-80,,,defense,3.0,0.3333333333333333
2020,CIN,1,41-60,,,defense,3.0,0.3333333333333333
2020,MIA,11+,21-40,,,defense,2.0,1.0
2020,NYJ,1,41-60,,,defense,1.0,0.0
2020,TB,2,0-20,,,defense,2.0,0.5
2020,ATL,3-5,41-60,,,defense,1.0,1.0
2020,BAL,1,61-80,,,defense,2.0,0.5
2020,BUF,1,0-20,,,defense,9.0,0.4444444444444444
2020,PIT,11+,81-100,,,defense,3.0,1.0
2020,DET,6-10,41-60,,,defense,2.0,0.5
2020,KC,1,41-60,,,defense,3.0,0.0
2020,LAC,3-5,0-20,,,defense,2.0,1.0
2020,ATL,6-10,41-60,,,defense,1.0,0.0
2020,GB,3-5,0-20,,,defense,2.0,1.0
2020,NYJ,1,0-20,,,defense,3.0,0.6666666666666667
2020,SF,2,41-60,,,defense,2.0,0.5
2020,TEN,11+,21-40,,,defense,2.0,1.0
2020,WAS,6-10,21-40,,,defense,3.0,0.6666666666666667
2020,ARI,2,41-60,,,defense,1.0,0.0
2020,ATL,1,0-20,,,defense,4.0,0.75
2020,GB,6-10,21-40,,,defense,2.0,1.0
2020,WAS,1,21-40,,,defense,4.0,0.75
2020,BUF,1,61-80,,,defense,2.0,0.5
2020,DEN,3-5,61-80,,,defense,1.0,1.0
2020,MIN,2,61-80,,,defense,1.0,1.0
2020,LA,11+,21-40,,,defense,2.0,0.5
2020,BUF,6-10,21-40,,,defense,1.0,1.0
2020,IND,1,0-20,,,defense,2.0,0.0
2020,LA,2,41-60,,,defense,2.0,0.5
2020,KC,1,0-20,,,defense,1.0,0.0
2020,LV,3-5,41-60,,,defense,2.0,0.0
2020,CHI,6-10,41-60,,,defense,2.0,1.0
2020,ARI,1,61-80,,,defense,1.0,0.0
2020,PIT,1,61-80,,,defense,3.0,1.0
2020,PIT,2,41-60,,,defense,2.0,0.5
2020,NYG,3-5,0-20,,,defense,1.0,1.0
2020,ATL,6-10,61-80,,,defense,2.0,0.5
2020,PHI,11+,81-100,,,defense,2.0,1.0
2020,TB,3-5,61-80,,,defense,1.0,0.0
2020,KC,11+,41-60,,,defense,1.0,0.0
2020,DET,2,41-60,,,defense,2.0,1.0
2020,PIT,6-10,61-80,,,defense,1.0,1.0
2020,LV,6-10,0-20,,,defense,1.0,0.0
2020,DET,11+,0-20,,,defense,1.0,0.0
2020,DET,3-5,61-80,,,defense,2.0,1.0
2020,ATL,11+,41-60,,,defense,1.0,
2020,DET,11+,21-40,,,defense,1.0,1.0
2020,IND,1,61-80,,,defense,1.0,1.0
2020,NYJ,11+,61-80,,,defense,1.0,1.0
2020,CLE,6-10,61-80,,,defense,1.0,0.0
2020,CAR,1,21-40,,,defense,2.0,0.0
2020,LA,1,21-40,,,defense,1.0,0.0
2020,DEN,3-5,21-40,,,defense,1.0,1.0
2020,DAL,11+,81-100,,,defense,1.0,1.0
2020,NE,1,21-40,,,defense,1.0,0.0
2020,JAX,11+,21-40,,,defense,1.0,1.0
2020,PIT,6-10,21-40,,,defense,2.0,1.0
2020,SF,2,61-80,,,defense,1.0,1.0
2020,TEN,2,41-60,,,defense,2.0,0.5
2021,LA,3-5,41-60,,,defense,2.0,0.5
2021,DAL,6-10,61-80,,,defense,2.0,0.5
2021,DEN,11+,21-40,,,defense,5.0,1.0
2021,DEN,6-10,0-20,,,defense,1.0,1.0
2021,MIN,1,21-40,,,defense,3.0,0.3333333333333333
2021,CIN,3-5,41-60,,,defense,2.0,0.5
2021,CAR,1,41-60,,,defense,4.0,0.5
2021,NYJ,6-10,61-80,,,defense,2.0,1.0
2021,PIT,6-10,21-40,,,defense,3.0,1.0
2021,SEA,1,61-80,,,defense,4.0,0.5
2021,SF,1,0-20,,,defense,7.0,0.5714285714285714
2021,LAC,11+,41-60,,,defense,1.0,1.0
2021,DEN,3-5,21-40,,,defense,4.0,0.25
2021,GB,1,21-40,,,defense,2.0,0.5
2021,ARI,6-10,61-80,,,defense,1.0,1.0
2021,SEA,2,21-40,,,defense,3.0,1.0
2021,CHI,3-5,21-40,,,defense,2.0,1.0
2021,GB,1,41-60,,,defense,5.0,0.1999999999999999
2021,KC,3-5,21-40,,,defense,4.0,0.75
2021,LV,1,41-60,,,defense,2.0,0.5
2021,DAL,6-10,41-60,,,defense,3.0,0.6666666666666667
2021,ARI,1,0-20,,,defense,6.0,0.5
2021,BUF,11+,61-80,,,defense,2.0,0.5
2021,LV,11+,41-60,,,defense,1.0,1.0
2021,LAC,3-5,21-40,,,defense,1.0,1.0
2021,SEA,6-10,21-40,,,defense,5.0,0.5
2021,NYJ,11+,21-40,,,defense,1.0,1.0
2021,NYJ,1,61-80,,,defense,1.0,0.0
2021,LAC,1,0-20,,,defense,5.0,0.6
2021,LAC,6-10,41-60,,,defense,3.0,1.0
2021,BAL,11+,21-40,,,defense,2.0,0.5
2021,DAL,2,0-20,,,defense,3.0,1.0
2021,CAR,2,0-20,,,defense,2.0,0.5
2021,CIN,6-10,41-60,,,defense,2.0,1.0
2021,IND,6-10,21-40,,,defense,2.0,1.0
2021,BAL,3-5,61-80,,,defense,1.0,1.0
2021,MIN,6-10,21-40,,,defense,2.0,0.5
2021,MIA,6-10,0-20,,,defense,1.0,1.0
2021,PHI,3-5,21-40,,,defense,3.0,0.3333333333333333
2021,DAL,1,41-60,,,defense,1.0,0.0
2021,PHI,1,61-80,,,defense,1.0,0.0
2021,CLE,6-10,0-20,,,defense,2.0,1.0
2021,TEN,2,0-20,,,defense,1.0,0.0
2021,DEN,1,41-60,,,defense,5.0,0.1999999999999999
2021,BUF,1,0-20,,,defense,1.0,0.0
2021,BUF,2,61-80,,,defense,1.0,1.0
2021,DEN,2,0-20,,,defense,1.0,1.0
2021,DEN,6-10,61-80,,,defense,2.0,1.0
2021,SF,6-10,0-20,,,defense,1.0,1.0
2021,TEN,6-10,0-20,,,defense,1.0,1.0
2021,TEN,11+,41-60,,,defense,1.0,1.0
2021,NYJ,3-5,61-80,,,defense,2.0,1.0
2021,CAR,6-10,21-40,,,defense,1.0,1.0
2021,JAX,2,81-100,,,defense,1.0,1.0
2021,LA,3-5,61-80,,,defense,1.0,1.0
2021,HOU,6-10,0-20,,,defense,1.0,1.0
2021,ARI,11+,81-100,,,defense,1.0,1.0
2021,BUF,6-10,81-100,,,defense,1.0,1.0
2021,CIN,11+,81-100,,,defense,1.0,1.0
2021,KC,1,21-40,,,defense,1.0,0.0
2021,CHI,6-10,21-40,,,defense,1.0,1.0
2021,DAL,2,61-80,,,defense,1.0,0.0
2021,GB,6-10,21-40,,,defense,1.0,1.0
2021,TB,6-10,21-40,,,defense,1.0,1.0
2022,BAL,11+,21-40,,,defense,1.0,0.0
2022,GB,1,0-20,,,defense,6.0,0.6666666666666667
2022,SF,6-10,41-60,,,defense,1.0,
2022,TB,11+,41-60,,,defense,3.0,0.6666666666666667
2022,LV,1,41-60,,,defense,2.0,0.0
2022,DAL,3-5,61-80,,,defense,3.0,0.3333333333333333
2022,IND,3-5,41-60,,,defense,1.0,0.0
2022,BUF,11+,41-60,,,defense,1.0,1.0
2022,NYJ,1,0-20,,,defense,3.0,0.6666666666666667
2022,CHI,1,41-60,,,defense,2.0,0.5
2022,JAX,3-5,0-20,,,defense,3.0,0.6666666666666667
2022,KC,1,21-40,,,defense,1.0,1.0
2022,JAX,1,61-80,,,defense,3.0,0.6666666666666667
2022,LAC,11+,81-100,,,defense,1.0,1.0
2022,HOU,11+,21-40,,,defense,2.0,1.0
2022,ATL,1,0-20,,,defense,3.0,0.6666666666666667
2022,TB,1,61-80,,,defense,1.0,0.0
2022,BAL,2,0-20,,,defense,1.0,1.0
2022,NE,11+,21-40,,,defense,1.0,1.0
2022,NYG,3-5,21-40,,,defense,1.0,1.0
2022,ARI,11+,41-60,,,defense,1.0,1.0
2022,BAL,11+,61-80,,,defense,2.0,1.0
2022,DAL,3-5,0-20,,,defense,3.0,0.6666666666666667
2022,NE,2,41-60,,,defense,2.0,0.5
2022,NYJ,3-5,41-60,,,defense,3.0,0.6666666666666667
2022,TB,1,0-20,,,defense,3.0,0.3333333333333333
2022,HOU,11+,61-80,,,defense,1.0,1.0
2022,LV,6-10,0-20,,,defense,1.0,1.0
2022,NYJ,1,41-60,,,defense,2.0,0.0
2022,SEA,11+,21-40,,,defense,1.0,1.0
2022,CAR,2,0-20,,,defense,3.0,0.0
2022,CAR,6-10,21-40,,,defense,1.0,1.0
2022,TB,2,0-20,,,defense,1.0,1.0
2022,ATL,11+,81-100,,,defense,1.0,1.0
2022,BAL,3-5,61-80,,,defense,2.0,0.0
2022,NYJ,11+,81-100,,,defense,1.0,1.0
2022,DET,2,41-60,,,defense,1.0,0.0
2022,DET,6-10,0-20,,,defense,1.0,1.0
2022,KC,11+,81-100,,,defense,1.0,1.0
2022,CLE,1,61-80,,,defense,2.0,0.0
2022,DEN,1,61-80,,,defense,2.0,0.5
2022,BAL,6-10,41-60,,,defense,2.0,0.5
2022,IND,2,61-80,,,defense,1.0,1.0
2022,PHI,11+,61-80,,,defense,2.0,1.0
2022,WAS,1,41-60,,,defense,3.0,0.6666666666666667
2022,JAX,1,41-60,,,defense,2.0,1.0
2022,NYJ,2,41-60,,,defense,2.0,0.0
2022,PHI,3-5,0-20,,,defense,2.0,1.0
2022,KC,2,0-20,,,defense,2.0,0.5
2022,MIA,3-5,21-40,,,defense,2.0,1.0
2022,SF,1,81-100,,,defense,1.0,0.0
2022,PHI,6-10,21-40,,,defense,3.0,0.6666666666666667
2022,WAS,3-5,41-60,,,defense,1.0,1.0
2022,CLE,11+,81-100,,,defense,1.0,1.0
2022,MIN,6-10,61-80,,,defense,2.0,0.5
2022,TB,11+,61-80,,,defense,1.0,1.0
2022,GB,3-5,61-80,,,defense,1.0,0.0
2022,KC,11+,41-60,,,defense,1.0,1.0
2022,MIN,6-10,21-40,,,defense,1.0,1.0
2023,GB,1,41-60,,,defense,3.0,0.6666666666666667
2023,BAL,1,41-60,,,defense,7.0,0.7142857142857143
2023,JAX,3-5,41-60,,,defense,5.0,0.8
2023,LV,11+,41-60,,,defense,2.0,1.0
2023,PHI,11+,41-60,,,defense,4.0,1.0
2023,ATL,1,61-80,,,defense,3.0,0.3333333333333333
2023,TEN,2,21-40,,,defense,2.0,0.5
2023,MIA,3-5,21-40,,,defense,3.0,0.6666666666666667
2023,DEN,3-5,0-20,,,defense,2.0,0.5
2023,BAL,6-10,0-20,,,defense,4.0,1.0
2023,LAC,2,0-20,,,defense,3.0,0.6666666666666667
2023,NO,2,0-20,,,defense,3.0,0.6666666666666667
2023,ARI,3-5,21-40,,,defense,3.0,0.6666666666666667
2023,SF,6-10,0-20,,,defense,1.0,1.0
2023,BAL,1,61-80,,,defense,2.0,0.5
2023,CLE,6-10,61-80,,,defense,3.0,1.0
2023,BUF,11+,21-40,,,defense,3.0,1.0
2023,DAL,2,21-40,,,defense,1.0,1.0
2023,NE,6-10,21-40,,,defense,2.0,1.0
2023,MIA,2,21-40,,,defense,3.0,0.6666666666666667
2023,DET,6-10,21-40,,,defense,2.0,1.0
2023,JAX,2,0-20,,,defense,2.0,0.0
2023,CHI,6-10,41-60,,,defense,3.0,1.0
2023,BUF,3-5,21-40,,,defense,2.0,0.5
2023,PHI,11+,21-40,,,defense,1.0,1.0
2023,NE,2,0-20,,,defense,3.0,0.6666666666666667
2023,SEA,11+,81-100,,,defense,1.0,1.0
2023,DAL,2,61-80,,,defense,4.0,0.0
2023,DET,2,41-60,,,defense,2.0,0.5
2023,MIN,11+,41-60,,,defense,2.0,1.0
2023,ARI,1,21-40,,,defense,4.0,0.25
2023,CLE,11+,41-60,,,defense,1.0,1.0
2023,LAC,6-10,0-20,,,defense,1.0,1.0
2023,BAL,11+,0-20,,,defense,3.0,1.0
2023,DET,1,21-40,,,defense,4.0,0.25
2023,LAC,11+,41-60,,,defense,1.0,1.0
2023,MIA,11+,41-60,,,defense,1.0,1.0
2023,IND,6-10,41-60,,,defense,2.0,0.5
2023,ATL,3-5,21-40,,,defense,2.0,0.5
2023,CHI,11+,61-80,,,defense,2.0,1.0
2023,BAL,2,41-60,,,defense,1.0,0.0
2023,CLE,3-5,21-40,,,defense,2.0,1.0
2023,BUF,2,21-40,,,defense,1.0,0.0
2023,DET,1,61-80,,,defense,1.0,0.0
2023,PHI,6-10,41-60,,,defense,2.0,0.5
2023,LA,1,0-20,,,defense,1.0,1.0
2023,LAC,11+,81-100,,,defense,1.0,1.0
2023,LV,2,61-80,,,defense,1.0,0.0
2023,CLE,6-10,21-40,,,defense,1.0,1.0
2023,LV,6-10,61-80,,,defense,1.0,0.0
2023,SF,2,21-40,,,defense,1.0,0.0
2024,MIN,3-5,61-80,,,defense,1.0,1.0
2024,ATL,3-5,41-60,,,defense,1.0,0.0
2024,KC,11+,21-40,,,defense,2.0,1.0
2018,LA,6-10,0-20,,,defense,1.0,1.0
2019,LAC,1,41-60,,,defense,2.0,0.5
2019,HOU,1,61-80,,,defense,1.0,1.0
2024,PHI,1,61-80,,,defense,4.0,0.75
2024,MIA,3-5,0-20,,,defense,4.0,0.5
2024,BUF,6-10,0-20,,,defense,2.0,1.0
2024,GB,11+,0-20,,,defense,1.0,0.0
2024,LAC,11+,41-60,,,defense,4.0,0.6666666666666667
2024,NO,1,41-60,,,defense,7.0,0.2857142857142857
2024,PIT,6-10,41-60,,,defense,3.0,0.3333333333333333
2024,TB,11+,61-80,,,defense,2.0,0.5
2024,IND,1,0-20,,,defense,5.0,0.4
2024,IND,2,41-60,,,defense,2.0,0.5
2024,GB,2,61-80,,,defense,1.0,1.0
2024,MIN,3-5,0-20,,,defense,3.0,0.6666666666666667
2024,SEA,3-5,41-60,,,defense,3.0,0.6666666666666667
2024,SEA,11+,21-40,,,defense,2.0,1.0
2024,HOU,1,0-20,,,defense,1.0,1.0
2024,TB,11+,41-60,,,defense,1.0,1.0
2024,DET,1,61-80,,,defense,2.0,0.0
2024,TEN,6-10,0-20,,,defense,1.0,1.0
2024,WAS,1,41-60,,,defense,9.0,0.5555555555555556
2024,CLE,3-5,21-40,,,defense,5.0,0.8
2024,WAS,6-10,0-20,,,defense,2.0,0.5
2024,SEA,1,0-20,,,defense,2.0,0.5
2024,DET,2,61-80,,,defense,1.0,1.0
2024,CHI,3-5,0-20,,,defense,2.0,0.5
2024,LAC,3-5,21-40,,,defense,3.0,0.3333333333333333
2024,DEN,1,41-60,,,defense,1.0,0.0
2024,NYG,2,0-20,,,defense,2.0,0.0
2024,HOU,6-10,61-80,,,defense,4.0,0.75
2024,NE,3-5,21-40,,,defense,2.0,0.5
2024,CHI,11+,0-20,,,defense,1.0,1.0
2024,ARI,3-5,21-40,,,defense,2.0,0.5
2024,BAL,11+,0-20,,,defense,1.0,1.0
2024,LV,2,41-60,,,defense,2.0,0.5
2024,CAR,3-5,41-60,,,defense,2.0,1.0
2024,MIA,11+,21-40,,,defense,2.0,0.5
2024,NE,3-5,41-60,,,defense,5.0,0.4
2024,TEN,1,0-20,,,defense,5.0,0.6
2024,ATL,3-5,21-40,,,defense,2.0,0.0
2024,NYJ,1,21-40,,,defense,3.0,0.6666666666666667
2024,LAC,1,81-100,,,defense,1.0,0.0
2024,CLE,2,21-40,,,defense,1.0,1.0
2024,SF,2,21-40,,,defense,2.0,0.5
2024,LAC,11+,21-40,,,defense,1.0,1.0
2024,PIT,1,61-80,,,defense,1.0,1.0
2024,SEA,2,41-60,,,defense,3.0,0.3333333333333333
2024,NYJ,6-10,41-60,,,defense,2.0,0.0
2024,NYJ,1,61-80,,,defense,1.0,1.0
2024,BUF,2,21-40,,,defense,1.0,1.0
2024,PHI,3-5,0-20,,,defense,1.0,0.0
2024,GB,1,61-80,,,defense,1.0,1.0
2024,JAX,3-5,0-20,,,defense,1.0,1.0
2024,JAX,6-10,41-60,,,defense,2.0,1.0
2024,BAL,3-5,81-100,,,defense,1.0,1.0
2024,TEN,3-5,41-60,,,defense,2.0,0.5
2024,SEA,2,21-40,,,defense,1.0,1.0
2024,KC,11+,41-60,,,defense,2.0,1.0
2024,MIN,1,41-60,,,defense,2.0,0.5
2024,GB,6-10,61-80,,,defense,2.0,1.0
2024,SF,3-5,0-20,,,defense,2.0,0.5
2024,LAC,6-10,21-40,,,defense,2.0,0.5
2016,BUF,1,61-80,,,defense,3.0,0.6666666666666667
2016,PHI,3-5,81-100,,,defense,1.0,1.0
2016,GB,3-5,21-40,,,defense,2.0,0.5
2016,LV,3-5,41-60,,,defense,2.0,1.0
2016,NYG,6-10,41-60,,,defense,2.0,0.5
2016,NYJ,1,21-40,,,defense,2.0,0.5
2016,CHI,6-10,21-40,,,defense,3.0,0.3333333333333333
2016,ATL,11+,21-40,,,defense,2.0,0.5
2016,JAX,11+,61-80,,,defense,3.0,0.6666666666666667
2016,CHI,1,21-40,,,defense,1.0,0.0
2016,MIN,6-10,21-40,,,defense,2.0,0.5
2016,LAC,6-10,61-80,,,defense,2.0,0.5
2016,BUF,2,21-40,,,defense,1.0,0.0
2016,ARI,3-5,21-40,,,defense,2.0,1.0
2016,MIA,11+,81-100,,,defense,1.0,1.0
2016,TEN,1,41-60,,,defense,2.0,1.0
2016,MIN,1,41-60,,,defense,3.0,1.0
2016,NYG,1,0-20,,,defense,3.0,1.0
2016,TEN,6-10,61-80,,,defense,3.0,1.0
2016,NYJ,6-10,41-60,,,defense,1.0,1.0
2016,CHI,3-5,61-80,,,defense,1.0,1.0
2016,NYG,3-5,41-60,,,defense,3.0,1.0
2016,ARI,1,21-40,,,defense,3.0,0.3333333333333333
2016,NE,6-10,21-40,,,defense,2.0,1.0
2016,TB,3-5,0-20,,,defense,1.0,1.0
2016,CAR,6-10,0-20,,,defense,1.0,0.0
2016,GB,11+,61-80,,,defense,2.0,
2016,WAS,11+,21-40,,,defense,2.0,1.0
2016,ARI,2,21-40,,,defense,1.0,0.0
2016,BAL,11+,41-60,,,defense,1.0,1.0
2016,NYG,1,21-40,,,defense,1.0,0.0
2016,IND,11+,61-80,,,defense,1.0,1.0
2016,LAC,11+,61-80,,,defense,1.0,1.0
2016,DEN,3-5,21-40,,,defense,3.0,0.6666666666666667
2016,NYJ,11+,0-20,,,defense,1.0,1.0
2016,CLE,6-10,41-60,,,defense,2.0,0.5
2016,MIN,1,61-80,,,defense,1.0,0.0
2016,MIN,3-5,0-20,,,defense,1.0,1.0
2016,NE,1,61-80,,,defense,1.0,0.0
2016,JAX,6-10,0-20,,,defense,1.0,1.0
2016,CIN,2,0-20,,,defense,1.0,1.0
2016,TB,11+,0-20,,,defense,1.0,0.0
2016,TEN,11+,61-80,,,defense,1.0,1.0
2017,CAR,1,0-20,,,defense,3.0,0.3333333333333333
2017,NE,6-10,81-100,,,defense,2.0,1.0
2017,CLE,6-10,41-60,,,defense,2.0,1.0
2017,DEN,6-10,0-20,,,defense,1.0,1.0
2017,HOU,11+,41-60,,,defense,1.0,1.0
2017,NE,3-5,0-20,,,defense,1.0,1.0
2017,ATL,1,0-20,,,defense,8.0,0.5
2017,CLE,2,21-40,,,defense,1.0,1.0
2017,DAL,1,21-40,,,defense,2.0,1.0
2017,DAL,11+,81-100,,,defense,1.0,1.0
2017,BUF,3-5,41-60,,,defense,5.0,0.6
2017,PHI,1,0-20,,,defense,1.0,1.0
2017,LV,1,21-40,,,defense,4.0,0.75
2017,WAS,3-5,61-80,,,defense,4.0,0.5
2017,BUF,3-5,61-80,,,defense,1.0,0.0
2017,LA,1,21-40,,,defense,2.0,0.0
2017,NYG,2,21-40,,,defense,1.0,1.0
2017,IND,1,21-40,,,defense,2.0,0.5
2017,ATL,2,41-60,,,defense,1.0,0.0
2017,CAR,11+,61-80,,,defense,1.0,1.0
2017,PHI,11+,21-40,,,defense,1.0,1.0
2017,KC,1,41-60,,,defense,3.0,0.6666666666666667
2017,NYJ,11+,61-80,,,defense,1.0,1.0
2017,CLE,1,21-40,,,defense,2.0,0.5
2017,KC,6-10,61-80,,,defense,1.0,1.0
2017,KC,3-5,41-60,,,defense,1.0,1.0
2017,SEA,1,41-60,,,defense,2.0,0.0
2017,NE,2,21-40,,,defense,1.0,0.0
2017,ATL,1,21-40,,,defense,2.0,0.0
2017,TEN,2,21-40,,,defense,1.0,0.0
2017,IND,6-10,0-20,,,defense,2.0,1.0
2017,NYG,2,41-60,,,defense,1.0,1.0
2017,CHI,1,41-60,,,defense,3.0,0.0
2017,MIN,1,21-40,,,defense,1.0,1.0
2017,SF,3-5,61-80,,,defense,1.0,0.0
2017,SF,3-5,41-60,,,defense,1.0,0.0
2017,NYG,3-5,21-40,,,defense,1.0,0.0
2017,NE,6-10,61-80,,,defense,2.0,0.5
2017,PIT,1,21-40,,,defense,1.0,0.0
2017,NO,1,81-100,,,defense,1.0,0.0
2017,NYJ,2,21-40,,,defense,2.0,0.5
2017,JAX,2,41-60,,,defense,1.0,0.0
2017,LA,11+,21-40,,,defense,1.0,1.0
2017,PHI,3-5,61-80,,,defense,1.0,1.0
2017,CIN,1,41-60,,,defense,2.0,0.5
2017,JAX,1,41-60,,,defense,1.0,1.0
2017,TEN,6-10,21-40,,,defense,2.0,1.0
2017,MIN,3-5,0-20,,,defense,1.0,1.0
2017,MIN,2,0-20,,,defense,2.0,1.0
2017,DAL,2,41-60,,,defense,1.0,1.0
2017,LAC,1,81-100,,,defense,1.0,1.0
2018,CHI,11+,41-60,,,defense,2.0,1.0
2018,JAX,6-10,21-40,,,defense,1.0,1.0
2018,DEN,11+,21-40,,,defense,1.0,1.0
2018,MIA,6-10,41-60,,,defense,2.0,1.0
2018,CIN,3-5,41-60,,,defense,3.0,0.6666666666666667
2018,KC,3-5,0-20,,,defense,4.0,0.25
2018,BUF,3-5,21-40,,,defense,3.0,0.6666666666666667
2018,DEN,1,21-40,,,defense,3.0,0.6666666666666667
2018,TB,1,0-20,,,defense,7.0,0.4285714285714286
2018,CHI,3-5,41-60,,,defense,2.0,1.0
2018,SEA,11+,41-60,,,defense,1.0,1.0
2018,IND,3-5,41-60,,,defense,1.0,1.0
2018,MIA,1,0-20,,,defense,3.0,0.3333333333333333
2018,SF,1,0-20,,,defense,4.0,0.0
2018,KC,1,0-20,,,defense,2.0,0.5
2018,JAX,1,41-60,,,defense,4.0,0.75
2018,PIT,6-10,61-80,,,defense,1.0,1.0
2018,ATL,6-10,21-40,,,defense,4.0,0.25
2018,ATL,6-10,0-20,,,defense,2.0,0.0
2018,DEN,1,41-60,,,defense,1.0,0.0
2018,MIN,6-10,21-40,,,defense,1.0,1.0
2018,NYG,2,61-80,,,defense,1.0,0.0
2018,KC,1,41-60,,,defense,4.0,0.5
2018,MIN,11+,21-40,,,defense,2.0,1.0
2018,NYG,3-5,21-40,,,defense,2.0,0.5
2018,TEN,6-10,0-20,,,defense,3.0,0.6666666666666667
2018,NO,2,61-80,,,defense,1.0,0.0
2018,DAL,3-5,21-40,,,defense,2.0,0.5
2018,TEN,1,41-60,,,defense,3.0,0.3333333333333333
2018,CAR,11+,81-100,,,defense,1.0,1.0
2018,TB,3-5,21-40,,,defense,2.0,0.5
2018,WAS,3-5,21-40,,,defense,2.0,0.5
2018,MIN,3-5,61-80,,,defense,1.0,0.0
2018,LAC,6-10,0-20,,,defense,1.0,0.0
2018,NO,3-5,0-20,,,defense,1.0,1.0
2018,SF,1,61-80,,,defense,2.0,0.5
2018,CHI,2,21-40,,,defense,1.0,0.0
2018,CHI,2,61-80,,,defense,1.0,0.0
2018,GB,2,21-40,,,defense,1.0,0.0
2018,BAL,3-5,61-80,,,defense,1.0,1.0
2018,CHI,1,0-20,,,defense,3.0,0.0
2018,LAC,1,61-80,,,defense,1.0,1.0
2018,SF,3-5,41-60,,,defense,2.0,1.0
2018,NO,11+,61-80,,,defense,2.0,0.5
2018,BUF,1,0-20,,,defense,1.0,0.0
2018,IND,1,21-40,,,defense,1.0,1.0
2018,LV,2,21-40,,,defense,1.0,0.0
2018,TEN,3-5,0-20,,,defense,1.0,1.0
2018,BUF,6-10,21-40,,,defense,1.0,1.0
2018,LA,2,61-80,,,defense,1.0,0.0
2018,DAL,6-10,0-20,,,defense,1.0,1.0
2018,GB,3-5,0-20,,,defense,1.0,0.0
2018,PHI,6-10,41-60,,,defense,1.0,0.0
2019,CHI,3-5,41-60,,,defense,5.0,0.8
2019,IND,3-5,0-20,,,defense,3.0,1.0
2019,NE,2,21-40,,,defense,1.0,0.0
2019,SF,2,0-20,,,defense,1.0,1.0
2019,PHI,3-5,41-60,,,defense,3.0,0.3333333333333333
2019,PIT,1,21-40,,,defense,3.0,0.0
2019,SF,3-5,61-80,,,defense,1.0,0.0
2019,CHI,1,41-60,,,defense,1.0,0.0
2019,GB,1,0-20,,,defense,7.0,0.4285714285714286
2019,DAL,2,21-40,,,defense,1.0,1.0
2019,NO,11+,61-80,,,defense,4.0,0.75
2019,NYJ,6-10,41-60,,,defense,3.0,1.0
2019,BAL,1,0-20,,,defense,2.0,0.5
2019,DEN,1,0-20,,,defense,6.0,0.5
2019,CHI,3-5,61-80,,,defense,3.0,0.6666666666666667
2019,MIN,11+,21-40,,,defense,2.0,1.0
2019,TEN,3-5,21-40,,,defense,2.0,1.0
2019,HOU,2,0-20,,,defense,1.0,0.0
2019,WAS,1,21-40,,,defense,6.0,0.3333333333333333
2019,TB,3-5,21-40,,,defense,2.0,1.0
2019,DET,3-5,0-20,,,defense,1.0,1.0
2019,NO,2,21-40,,,defense,3.0,1.0
2019,MIN,2,41-60,,,defense,2.0,1.0
2019,LA,2,0-20,,,defense,2.0,1.0
2019,ATL,3-5,41-60,,,defense,4.0,0.5
2019,ATL,6-10,41-60,,,defense,2.0,0.5
2019,ATL,1,21-40,,,defense,2.0,0.5
2019,DAL,2,61-80,,,defense,1.0,0.0
2019,NE,1,21-40,,,defense,4.0,0.5
2019,IND,11+,21-40,,,defense,1.0,1.0
2019,PIT,6-10,21-40,,,defense,4.0,0.75
2019,JAX,2,21-40,,,defense,1.0,0.0
2019,MIA,2,21-40,,,defense,1.0,0.0
2019,ATL,2,81-100,,,defense,1.0,1.0
2019,CIN,3-5,41-60,,,defense,1.0,0.0
2019,BAL,2,61-80,,,defense,2.0,1.0
2019,TEN,2,41-60,,,defense,2.0,0.0
2019,DAL,2,0-20,,,defense,1.0,0.0
2019,NYG,6-10,41-60,,,defense,1.0,1.0
2019,ARI,3-5,21-40,,,defense,1.0,1.0
2019,ARI,1,21-40,,,defense,2.0,1.0
2019,ATL,6-10,21-40,,,defense,1.0,0.0
2019,DAL,11+,41-60,,,defense,1.0,1.0
2019,MIN,3-5,61-80,,,defense,2.0,0.5
2019,BAL,3-5,61-80,,,defense,1.0,1.0
2019,NO,6-10,21-40,,,defense,1.0,1.0
2019,SF,3-5,41-60,,,defense,1.0,0.0
2019,TEN,3-5,41-60,,,defense,1.0,1.0
2019,GB,2,41-60,,,defense,1.0,0.0
2019,DEN,11+,61-80,,,defense,1.0,0.0
2019,LA,2,41-60,,,defense,1.0,1.0
2019,NYJ,2,41-60,,,defense,1.0,1.0
2019,WAS,6-10,41-60,,,defense,1.0,0.0
2019,CHI,3-5,21-40,,,defense,1.0,0.0
2019,KC,1,41-60,,,defense,1.0,0.0
2019,LV,1,21-40,,,defense,1.0,1.0
2019,NYG,11+,41-60,,,defense,1.0,1.0
2019,ATL,11+,81-100,,,defense,1.0,1.0
2019,PHI,6-10,0-20,,,defense,1.0,0.0
2020,BAL,6-10,21-40,,,defense,1.0,1.0
2020,DAL,1,41-60,,,defense,6.0,0.5
2020,PHI,11+,61-80,,,defense,1.0,1.0
2020,PHI,1,0-20,,,defense,4.0,0.25
2020,ATL,3-5,21-40,,,defense,3.0,0.0
2020,PHI,1,61-80,,,defense,2.0,0.5
2020,ARI,1,41-60,,,defense,2.0,0.0
2020,WAS,1,61-80,,,defense,2.0,0.5
2020,ATL,2,41-60,,,defense,1.0,1.0
2020,DET,1,61-80,,,defense,2.0,0.5
2020,LV,2,61-80,,,defense,1.0,1.0
2020,MIA,3-5,61-80,,,defense,1.0,1.0
2020,TEN,11+,61-80,,,defense,1.0,1.0
2020,WAS,3-5,0-20,,,defense,3.0,1.0
2020,DAL,6-10,41-60,,,defense,3.0,0.6666666666666667
2020,NYJ,6-10,61-80,,,defense,1.0,1.0
2020,DEN,3-5,41-60,,,defense,1.0,1.0
2020,KC,1,21-40,,,defense,1.0,0.0
2020,ARI,11+,21-40,,,defense,2.0,1.0
2020,DAL,3-5,21-40,,,defense,1.0,1.0
2020,CHI,1,81-100,,,defense,1.0,0.0
2020,IND,6-10,41-60,,,defense,1.0,0.0
2020,KC,1,61-80,,,defense,1.0,1.0
2020,MIA,2,21-40,,,defense,1.0,0.0
2020,KC,6-10,41-60,,,defense,2.0,0.5
2020,ARI,2,0-20,,,defense,2.0,0.0
2020,ATL,1,41-60,,,defense,3.0,0.6666666666666667
2020,DEN,1,21-40,,,defense,2.0,1.0
2020,BUF,11+,41-60,,,defense,3.0,0.6666666666666667
2020,SEA,1,21-40,,,defense,2.0,0.0
2020,TB,11+,41-60,,,defense,2.0,0.5
2020,TEN,1,41-60,,,defense,3.0,0.3333333333333333
2020,LV,1,61-80,,,defense,1.0,1.0
2020,PHI,11+,41-60,,,defense,1.0,1.0
2020,CAR,2,61-80,,,defense,1.0,0.0
2020,LAC,3-5,61-80,,,defense,1.0,0.0
2020,NE,1,0-20,,,defense,3.0,0.6666666666666667
2020,CLE,6-10,21-40,,,defense,3.0,0.3333333333333333
2020,HOU,11+,41-60,,,defense,1.0,1.0
2020,NYJ,2,21-40,,,defense,1.0,1.0
2020,WAS,6-10,61-80,,,defense,1.0,1.0
2020,NO,1,21-40,,,defense,3.0,0.6666666666666667
2020,NE,3-5,61-80,,,defense,1.0,0.0
2020,HOU,3-5,41-60,,,defense,1.0,1.0
2020,LA,6-10,81-100,,,defense,1.0,1.0
2020,NYJ,6-10,41-60,,,defense,1.0,
2021,LV,1,21-40,,,defense,2.0,0.5
2021,BAL,1,0-20,,,defense,3.0,0.6666666666666667
2021,LA,6-10,61-80,,,defense,2.0,0.5
2021,NYG,6-10,21-40,,,defense,4.0,0.5
2021,NYG,2,41-60,,,defense,2.0,0.5
2021,GB,1,0-20,,,defense,5.0,0.6
2021,CAR,11+,81-100,,,defense,1.0,1.0
2021,ATL,3-5,21-40,,,defense,6.0,0.3333333333333333
2021,LAC,3-5,41-60,,,defense,3.0,1.0
2021,GB,11+,61-80,,,defense,3.0,0.6666666666666667
2021,KC,1,41-60,,,defense,5.0,0.1999999999999999
2021,NE,2,61-80,,,defense,1.0,1.0
2021,PHI,1,41-60,,,defense,1.0,0.0
2021,BAL,1,21-40,,,defense,2.0,0.5
2021,BAL,11+,41-60,,,defense,2.0,0.5
2021,CIN,6-10,0-20,,,defense,1.0,1.0
2021,DAL,3-5,41-60,,,defense,3.0,0.3333333333333333
2021,MIN,3-5,0-20,,,defense,3.0,1.0
2021,DET,1,41-60,,,defense,2.0,0.5
2021,KC,6-10,0-20,,,defense,3.0,0.6666666666666667
2021,SEA,2,41-60,,,defense,1.0,1.0
2021,NYJ,2,41-60,,,defense,1.0,0.0
2021,PIT,2,21-40,,,defense,2.0,0.0
2021,PIT,2,0-20,,,defense,1.0,0.0
2021,DAL,1,0-20,,,defense,3.0,0.0
2021,ARI,1,41-60,,,defense,2.0,0.5
2021,BUF,2,21-40,,,defense,3.0,0.3333333333333333
2021,GB,11+,41-60,,,defense,3.0,1.0
2021,LA,1,41-60,,,defense,2.0,0.5
2021,LV,2,61-80,,,defense,1.0,1.0
2021,MIA,6-10,41-60,,,defense,1.0,0.0
2021,CAR,1,0-20,,,defense,1.0,1.0
2021,HOU,2,21-40,,,defense,2.0,0.5
2021,NE,1,21-40,,,defense,3.0,0.3333333333333333
2021,LV,1,61-80,,,defense,2.0,0.0
2021,BUF,6-10,41-60,,,defense,4.0,0.75
2021,LAC,6-10,0-20,,,defense,1.0,1.0
2021,DET,6-10,21-40,,,defense,2.0,1.0
2021,CLE,1,41-60,,,defense,5.0,0.1999999999999999
2021,NO,6-10,61-80,,,defense,3.0,1.0
2021,DEN,11+,0-20,,,defense,1.0,1.0
2021,BUF,3-5,41-60,,,defense,1.0,1.0
2021,MIA,3-5,0-20,,,defense,1.0,1.0
2021,MIN,2,41-60,,,defense,1.0,1.0
2021,BAL,2,0-20,,,defense,1.0,1.0
2021,DAL,6-10,21-40,,,defense,2.0,1.0
2021,BUF,1,41-60,,,defense,3.0,0.6666666666666667
2021,BUF,11+,41-60,,,defense,1.0,1.0
2021,CAR,1,21-40,,,defense,5.0,0.4
2021,PIT,1,61-80,,,defense,2.0,0.5
2021,MIN,3-5,21-40,,,defense,3.0,0.6666666666666667
2021,LAC,2,21-40,,,defense,1.0,0.0
2021,JAX,6-10,21-40,,,defense,2.0,1.0
2021,DAL,11+,61-80,,,defense,1.0,1.0
2021,CIN,3-5,0-20,,,defense,1.0,0.0
2021,BUF,1,21-40,,,defense,3.0,0.0
2021,MIA,2,21-40,,,defense,1.0,0.0
2021,NYJ,3-5,41-60,,,defense,1.0,1.0
2021,MIN,3-5,61-80,,,defense,1.0,1.0
2021,TB,11+,21-40,,,defense,3.0,1.0
2021,BAL,3-5,21-40,,,defense,1.0,0.0
2021,DET,1,0-20,,,defense,2.0,0.0
2021,JAX,3-5,0-20,,,defense,1.0,1.0
2021,TEN,6-10,21-40,,,defense,1.0,1.0
2021,DAL,11+,81-100,,,defense,1.0,1.0
2021,BUF,11+,0-20,,,defense,1.0,1.0
2021,MIN,11+,81-100,,,defense,1.0,1.0
2021,JAX,11+,61-80,,,defense,1.0,1.0
2021,LV,11+,21-40,,,defense,1.0,0.0
2021,NYG,1,41-60,,,defense,1.0,0.0
2022,BUF,2,21-40,,,defense,1.0,0.0
2022,DEN,1,0-20,,,defense,2.0,0.5
2022,ARI,2,0-20,,,defense,2.0,0.5
2022,KC,2,21-40,,,defense,4.0,0.25
2022,NO,2,41-60,,,defense,3.0,0.6666666666666667
2022,PIT,6-10,21-40,,,defense,2.0,0.5
2022,DAL,3-5,41-60,,,defense,6.0,1.0
2022,TB,1,41-60,,,defense,2.0,0.0
2022,TB,3-5,61-80,,,defense,3.0,0.6666666666666667
2022,LV,3-5,21-40,,,defense,2.0,0.5
2022,IND,6-10,41-60,,,defense,2.0,0.5
2023,KC,6-10,41-60,,,defense,1.0,1.0
2022,ATL,1,41-60,,,defense,2.0,0.5
2022,NYG,3-5,41-60,,,defense,2.0,0.5
2022,MIN,3-5,21-40,,,defense,3.0,0.3333333333333333
2022,MIN,1,41-60,,,defense,2.0,0.5
2022,GB,6-10,81-100,,,defense,2.0,1.0
2022,LA,6-10,41-60,,,defense,1.0,0.0
2022,LV,3-5,41-60,,,defense,1.0,1.0
2022,TEN,6-10,61-80,,,defense,2.0,0.5
2022,CAR,6-10,0-20,,,defense,1.0,1.0
2022,BUF,6-10,21-40,,,defense,3.0,1.0
2022,BUF,2,0-20,,,defense,2.0,0.5
2022,LV,3-5,61-80,,,defense,3.0,0.6666666666666667
2022,NE,1,21-40,,,defense,3.0,0.6666666666666667
2022,NYJ,1,61-80,,,defense,5.0,0.4
2022,DAL,11+,0-20,,,defense,2.0,1.0
2022,BUF,11+,21-40,,,defense,1.0,1.0
2022,SEA,2,21-40,,,defense,3.0,1.0
2022,PIT,11+,0-20,,,defense,1.0,1.0
2022,DET,6-10,21-40,,,defense,1.0,1.0
2022,BAL,6-10,61-80,,,defense,1.0,1.0
2022,JAX,11+,41-60,,,defense,3.0,1.0
2022,BUF,1,41-60,,,defense,4.0,0.0
2022,ATL,3-5,21-40,,,defense,1.0,0.0
2022,JAX,3-5,41-60,,,defense,4.0,0.5
2022,HOU,1,61-80,,,defense,2.0,0.0
2022,SEA,3-5,21-40,,,defense,2.0,1.0
2022,CAR,6-10,41-60,,,defense,4.0,0.75
2022,TEN,3-5,61-80,,,defense,1.0,0.0
2022,TEN,11+,21-40,,,defense,1.0,1.0
2022,IND,6-10,21-40,,,defense,2.0,1.0
2022,CAR,11+,0-20,,,defense,2.0,1.0
2022,NYG,2,41-60,,,defense,2.0,1.0
2022,DAL,1,41-60,,,defense,1.0,1.0
2022,DAL,1,61-80,,,defense,1.0,0.0
2022,LV,11+,61-80,,,defense,1.0,
2022,LA,1,21-40,,,defense,2.0,0.0
2022,NYG,6-10,41-60,,,defense,1.0,0.0
2022,DET,11+,41-60,,,defense,1.0,0.0
2022,LAC,6-10,41-60,,,defense,1.0,1.0
2022,CLE,1,21-40,,,defense,1.0,1.0
2022,MIN,3-5,0-20,,,defense,1.0,1.0
2022,ATL,3-5,41-60,,,defense,1.0,1.0
2023,BUF,1,0-20,,,defense,1.0,0.0
2023,CLE,1,61-80,,,defense,2.0,0.5
2023,DAL,3-5,41-60,,,defense,3.0,0.6666666666666667
2023,DAL,1,41-60,,,defense,5.0,0.4
2023,DAL,6-10,41-60,,,defense,2.0,1.0
2023,DET,11+,61-80,,,defense,3.0,1.0
2023,JAX,1,41-60,,,defense,6.0,0.3333333333333333
2023,LV,1,41-60,,,defense,3.0,1.0
2023,PIT,1,41-60,,,defense,4.0,0.25
2023,PIT,11+,41-60,,,defense,1.0,1.0
2023,KC,3-5,41-60,,,defense,3.0,0.6666666666666667
2023,JAX,2,41-60,,,defense,4.0,0.5
2023,LAC,3-5,41-60,,,defense,3.0,0.3333333333333333
2023,LV,2,0-20,,,defense,2.0,0.0
2023,NO,1,21-40,,,defense,3.0,0.6666666666666667
2023,DAL,1,81-100,,,defense,1.0,0.0
2023,SF,2,41-60,,,defense,3.0,0.6666666666666667
2023,SEA,6-10,61-80,,,defense,1.0,1.0
2023,ARI,3-5,0-20,,,defense,1.0,1.0
2023,DEN,1,61-80,,,defense,3.0,0.3333333333333333
2023,LAC,3-5,0-20,,,defense,1.0,0.0
2023,CLE,1,21-40,,,defense,4.0,0.5
2023,DEN,1,41-60,,,defense,5.0,0.6
2023,LA,3-5,21-40,,,defense,5.0,0.8
2023,SEA,1,21-40,,,defense,3.0,0.3333333333333333
2023,SEA,3-5,41-60,,,defense,3.0,0.6666666666666667
2023,PHI,2,41-60,,,defense,2.0,0.0
2023,HOU,3-5,41-60,,,defense,2.0,1.0
2023,MIA,6-10,41-60,,,defense,4.0,0.5
2023,MIA,2,41-60,,,defense,4.0,0.75
2023,NYJ,11+,61-80,,,defense,1.0,
2023,TEN,3-5,41-60,,,defense,1.0,1.0
2023,IND,2,61-80,,,defense,2.0,0.5
2023,LAC,3-5,81-100,,,defense,1.0,1.0
2023,JAX,6-10,41-60,,,defense,2.0,1.0
2023,NYJ,6-10,61-80,,,defense,2.0,1.0
2023,BAL,1,0-20,,,defense,1.0,1.0
2023,CLE,2,21-40,,,defense,2.0,0.5
2023,CAR,1,0-20,,,defense,1.0,0.0
2023,DAL,2,41-60,,,defense,4.0,0.5
2023,MIN,11+,21-40,,,defense,1.0,1.0
2023,NO,6-10,0-20,,,defense,1.0,1.0
2023,NYJ,6-10,21-40,,,defense,2.0,1.0
2023,PHI,3-5,61-80,,,defense,1.0,1.0
2023,CHI,1,0-20,,,defense,1.0,1.0
2023,DAL,1,61-80,,,defense,2.0,0.5
2023,GB,11+,21-40,,,defense,1.0,
2023,LV,3-5,21-40,,,defense,3.0,0.6666666666666667
2023,LV,6-10,21-40,,,defense,1.0,1.0
2023,SEA,1,41-60,,,defense,4.0,0.25
2023,BAL,6-10,21-40,,,defense,1.0,1.0
2023,CAR,6-10,21-40,,,defense,1.0,1.0
2023,PIT,6-10,21-40,,,defense,1.0,0.0
2023,HOU,1,61-80,,,defense,3.0,0.3333333333333333
2023,MIN,2,41-60,,,defense,1.0,0.0
2023,NYG,1,21-40,,,defense,4.0,0.25
2023,WAS,1,0-20,,,defense,3.0,0.6666666666666667
2023,BUF,2,41-60,,,defense,1.0,0.0
2023,BUF,3-5,61-80,,,defense,1.0,0.0
2023,PIT,1,61-80,,,defense,1.0,0.0
2023,TEN,6-10,21-40,,,defense,2.0,1.0
2023,NYJ,2,0-20,,,defense,1.0,1.0
2023,MIA,3-5,41-60,,,defense,2.0,0.5
2023,NYG,6-10,21-40,,,defense,2.0,1.0
2023,NO,6-10,41-60,,,defense,2.0,1.0
2023,NO,11+,21-40,,,defense,1.0,1.0
2023,HOU,11+,21-40,,,defense,2.0,1.0
2023,NYJ,3-5,61-80,,,defense,1.0,1.0
2023,SF,11+,0-20,,,defense,1.0,1.0
2023,KC,2,0-20,,,defense,1.0,0.0
2023,DET,2,21-40,,,defense,1.0,1.0
2023,NYJ,11+,81-100,,,defense,1.0,1.0
2024,DAL,6-10,21-40,,,defense,1.0,0.0
2024,TEN,1,21-40,,,defense,1.0,0.0
2024,CHI,6-10,41-60,,,defense,1.0,1.0
2016,CLE,11+,81-100,,,defense,1.0,1.0
2022,NE,3-5,61-80,,,defense,1.0,1.0
2022,CHI,3-5,0-20,,,defense,2.0,0.0
2024,BAL,11+,61-80,,,defense,2.0,1.0
2024,BUF,2,0-20,,,defense,2.0,1.0
2024,CHI,1,41-60,,,defense,2.0,0.0
2024,HOU,1,61-80,,,defense,3.0,0.0
2024,CIN,6-10,41-60,,,defense,3.0,0.6666666666666667
2024,NE,1,0-20,,,defense,2.0,1.0
2024,TB,6-10,21-40,,,defense,2.0,1.0
2024,IND,1,41-60,,,defense,5.0,0.1999999999999999
2024,CHI,3-5,21-40,,,defense,5.0,0.8
2024,TB,1,0-20,,,defense,3.0,0.0
2024,DET,1,21-40,,,defense,1.0,1.0
2024,BUF,1,61-80,,,defense,5.0,0.4
2024,BUF,2,61-80,,,defense,1.0,1.0
2024,BAL,2,41-60,,,defense,1.0,1.0
2024,CLE,11+,81-100,,,defense,1.0,1.0
2024,TB,3-5,61-80,,,defense,1.0,1.0
2024,CIN,1,61-80,,,defense,3.0,0.3333333333333333
2024,CHI,2,0-20,,,defense,1.0,1.0
2024,PIT,3-5,0-20,,,defense,1.0,0.0
2024,NYG,3-5,61-80,,,defense,1.0,1.0
2024,NYJ,2,21-40,,,defense,1.0,1.0
2024,CIN,2,41-60,,,defense,2.0,0.5
2024,DET,3-5,61-80,,,defense,4.0,0.75
2024,DAL,3-5,21-40,,,defense,3.0,0.6666666666666667
2024,CHI,1,21-40,,,defense,8.0,0.5
2024,LV,1,0-20,,,defense,2.0,0.0
2024,SEA,2,61-80,,,defense,1.0,1.0
2024,SF,6-10,0-20,,,defense,1.0,0.0
2024,MIN,6-10,61-80,,,defense,2.0,1.0
2024,NYJ,2,0-20,,,defense,2.0,0.0
2024,PHI,11+,61-80,,,defense,2.0,1.0
2024,CAR,2,41-60,,,defense,1.0,0.0
2024,MIN,1,21-40,,,defense,3.0,0.3333333333333333
2024,DET,1,41-60,,,defense,3.0,0.0
2024,DET,1,0-20,,,defense,3.0,0.6666666666666667
2024,ARI,11+,41-60,,,defense,1.0,1.0
2024,BAL,2,0-20,,,defense,3.0,0.6666666666666667
2024,HOU,1,41-60,,,defense,4.0,0.5
2024,NO,2,41-60,,,defense,1.0,1.0
2024,CHI,1,0-20,,,defense,1.0,0.0
2024,NO,6-10,21-40,,,defense,3.0,1.0
2024,PHI,3-5,41-60,,,defense,3.0,0.3333333333333333
2024,TB,1,61-80,,,defense,1.0,1.0
2024,DAL,11+,41-60,,,defense,2.0,1.0
2024,PHI,6-10,21-40,,,defense,2.0,1.0
2024,LV,6-10,21-40,,,defense,2.0,1.0
2024,HOU,6-10,0-20,,,defense,1.0,1.0
2024,DEN,2,21-40,,,defense,1.0,0.0
2024,MIA,3-5,81-100,,,defense,1.0,1.0
2024,NYJ,3-5,41-60,,,defense,1.0,1.0
2024,SEA,6-10,21-40,,,defense,1.0,1.0
2024,NE,6-10,61-80,,,defense,1.0,1.0
2024,JAX,3-5,81-100,,,defense,1.0,1.0
2024,SEA,6-10,61-80,,,defense,1.0,0.0
2016,NYJ,2,21-40,,,defense,2.0,1.0
2016,GB,11+,41-60,,,defense,4.0,1.0
2016,MIA,1,21-40,,,defense,3.0,0.6666666666666667
2016,PIT,3-5,21-40,,,defense,2.0,0.0
2016,GB,2,0-20,,,defense,2.0,0.0
2016,NE,6-10,41-60,,,defense,2.0,1.0
2016,PHI,11+,21-40,,,defense,1.0,1.0
2016,BUF,11+,81-100,,,defense,1.0,1.0
2016,WAS,11+,0-20,,,defense,1.0,1.0
2016,BAL,3-5,21-40,,,defense,5.0,0.1999999999999999
2016,KC,3-5,21-40,,,defense,4.0,0.5
2016,DET,3-5,61-80,,,defense,1.0,1.0
2016,ARI,1,41-60,,,defense,2.0,0.5
2016,CIN,11+,61-80,,,defense,1.0,1.0
2016,MIN,2,41-60,,,defense,1.0,0.0
2016,NE,6-10,0-20,,,defense,1.0,1.0
2016,PHI,1,21-40,,,defense,3.0,0.3333333333333333
2016,KC,1,21-40,,,defense,2.0,0.5
2016,NYJ,2,0-20,,,defense,1.0,1.0
2016,TEN,1,0-20,,,defense,5.0,0.4
2016,MIN,6-10,61-80,,,defense,2.0,1.0
2016,CIN,1,21-40,,,defense,2.0,0.0
2016,BUF,6-10,41-60,,,defense,1.0,1.0
2016,NYJ,1,0-20,,,defense,1.0,1.0
2016,TEN,2,0-20,,,defense,2.0,0.5
2016,HOU,2,41-60,,,defense,2.0,0.5
2016,LA,2,61-80,,,defense,1.0,1.0
2016,DET,11+,41-60,,,defense,1.0,1.0
2016,NYG,1,41-60,,,defense,1.0,0.0
2016,BUF,3-5,0-20,,,defense,1.0,1.0
2016,MIA,6-10,0-20,,,defense,2.0,0.5
2016,DET,6-10,81-100,,,defense,1.0,1.0
2016,JAX,1,21-40,,,defense,1.0,0.0
2017,BAL,3-5,0-20,,,defense,1.0,1.0
2017,BAL,6-10,21-40,,,defense,2.0,1.0
2017,DET,6-10,21-40,,,defense,2.0,0.5
2017,NYG,6-10,21-40,,,defense,2.0,1.0
2017,ATL,6-10,81-100,,,defense,1.0,0.0
2017,PIT,3-5,61-80,,,defense,1.0,1.0
2017,BAL,1,61-80,,,defense,2.0,0.0
2017,BUF,2,61-80,,,defense,1.0,1.0
2017,LAC,11+,61-80,,,defense,1.0,1.0
2017,SEA,3-5,21-40,,,defense,4.0,1.0
2017,CIN,2,0-20,,,defense,1.0,1.0
2017,DET,11+,0-20,,,defense,1.0,1.0
2017,TEN,1,21-40,,,defense,1.0,0.0
2017,GB,1,0-20,,,defense,3.0,0.0
2017,NYG,6-10,0-20,,,defense,1.0,1.0
2017,IND,3-5,0-20,,,defense,1.0,0.0
2017,MIN,3-5,41-60,,,defense,2.0,0.5
2017,MIN,3-5,61-80,,,defense,1.0,0.0
2017,LAC,2,41-60,,,defense,1.0,1.0
2017,MIA,11+,41-60,,,defense,2.0,1.0
2017,NE,11+,61-80,,,defense,3.0,0.6666666666666667
2017,SF,3-5,21-40,,,defense,1.0,1.0
2017,LA,1,61-80,,,defense,1.0,0.0
2017,SF,11+,0-20,,,defense,1.0,1.0
2017,JAX,2,0-20,,,defense,1.0,1.0
2017,CLE,1,0-20,,,defense,5.0,0.8
2017,TEN,3-5,21-40,,,defense,3.0,0.6666666666666667
2017,CHI,3-5,0-20,,,defense,1.0,1.0
2017,DAL,6-10,21-40,,,defense,2.0,1.0
2017,LAC,1,21-40,,,defense,2.0,0.5
2017,ARI,3-5,41-60,,,defense,1.0,1.0
2017,DET,2,41-60,,,defense,1.0,1.0
2017,TB,6-10,41-60,,,defense,2.0,1.0
2017,LAC,6-10,0-20,,,defense,2.0,1.0
2017,MIN,1,0-20,,,defense,1.0,0.0
2017,BAL,1,41-60,,,defense,1.0,0.0
2017,SEA,3-5,0-20,,,defense,1.0,0.0
2017,NO,6-10,0-20,,,defense,1.0,1.0
2017,JAX,2,61-80,,,defense,1.0,0.0
2017,CIN,11+,21-40,,,defense,1.0,1.0
2017,CIN,3-5,21-40,,,defense,1.0,0.0
2017,CHI,11+,21-40,,,defense,1.0,1.0
2017,SF,1,21-40,,,defense,2.0,0.5
2017,KC,1,61-80,,,defense,1.0,0.0
2017,KC,11+,61-80,,,defense,1.0,1.0
2017,CLE,11+,41-60,,,defense,1.0,1.0
2017,DET,6-10,41-60,,,defense,1.0,1.0
2017,HOU,6-10,0-20,,,defense,1.0,1.0
2017,LV,2,21-40,,,defense,1.0,1.0
2018,PHI,3-5,61-80,,,defense,3.0,1.0
2018,PHI,6-10,0-20,,,defense,1.0,1.0
2018,BAL,6-10,61-80,,,defense,2.0,1.0
2018,LV,3-5,0-20,,,defense,2.0,1.0
2018,PIT,6-10,21-40,,,defense,2.0,0.5
2018,SEA,11+,61-80,,,defense,2.0,1.0
2018,TEN,1,0-20,,,defense,3.0,0.6666666666666667
2018,ARI,11+,41-60,,,defense,2.0,1.0
2018,ARI,6-10,21-40,,,defense,1.0,1.0
2018,NO,3-5,41-60,,,defense,3.0,0.6666666666666667
2018,HOU,6-10,61-80,,,defense,1.0,0.0
2018,SEA,1,41-60,,,defense,5.0,0.4
2018,PHI,1,61-80,,,defense,3.0,0.6666666666666667
2018,NYG,3-5,0-20,,,defense,1.0,0.0
2018,CIN,11+,0-20,,,defense,1.0,1.0
2018,LV,6-10,21-40,,,defense,2.0,0.5
2018,MIA,2,41-60,,,defense,3.0,1.0
2018,CHI,1,61-80,,,defense,1.0,0.0
2018,MIN,2,21-40,,,defense,1.0,1.0
2018,LAC,3-5,41-60,,,defense,2.0,0.5
2018,DEN,1,0-20,,,defense,4.0,0.75
2018,WAS,11+,41-60,,,defense,1.0,0.0
2018,HOU,3-5,61-80,,,defense,1.0,1.0
2018,NYJ,6-10,21-40,,,defense,1.0,0.0
2018,BAL,3-5,41-60,,,defense,3.0,1.0
2018,GB,3-5,41-60,,,defense,1.0,0.0
2018,CHI,11+,21-40,,,defense,2.0,1.0
2018,MIN,11+,41-60,,,defense,2.0,0.5
2018,NYJ,3-5,21-40,,,defense,1.0,0.0
2018,NYJ,11+,61-80,,,defense,1.0,1.0
2018,PIT,11+,41-60,,,defense,3.0,1.0
2018,PHI,2,61-80,,,defense,2.0,0.0
2018,CIN,1,0-20,,,defense,2.0,0.0
2018,GB,1,41-60,,,defense,1.0,0.0
2018,CLE,1,21-40,,,defense,2.0,1.0
2018,CLE,11+,41-60,,,defense,1.0,1.0
2018,WAS,1,21-40,,,defense,2.0,1.0
2018,HOU,3-5,21-40,,,defense,1.0,1.0
2018,NE,1,61-80,,,defense,1.0,0.0
2018,WAS,1,0-20,,,defense,2.0,0.5
2018,CIN,6-10,81-100,,,defense,1.0,1.0
2018,SEA,1,21-40,,,defense,1.0,1.0
2018,WAS,3-5,41-60,,,defense,1.0,1.0
2018,IND,1,41-60,,,defense,1.0,0.0
2018,CAR,3-5,61-80,,,defense,1.0,1.0
2018,MIN,3-5,0-20,,,defense,1.0,1.0
2018,MIN,6-10,61-80,,,defense,1.0,1.0
2018,NYG,2,41-60,,,defense,1.0,0.0
2019,CIN,11+,41-60,,,defense,1.0,1.0
2019,ARI,11+,81-100,,,defense,3.0,1.0
2019,DAL,3-5,41-60,,,defense,2.0,1.0
2019,WAS,1,61-80,,,defense,2.0,0.5
2019,DEN,11+,41-60,,,defense,3.0,0.3333333333333333
2019,CLE,2,0-20,,,defense,1.0,1.0
2019,IND,1,61-80,,,defense,4.0,0.75
2019,MIN,3-5,41-60,,,defense,2.0,0.5
2019,ATL,3-5,0-20,,,defense,2.0,0.5
2019,DAL,11+,61-80,,,defense,1.0,1.0
2019,SEA,3-5,21-40,,,defense,3.0,0.3333333333333333
2019,NO,3-5,21-40,,,defense,2.0,0.0
2019,TB,3-5,0-20,,,defense,3.0,0.3333333333333333
2019,CIN,1,41-60,,,defense,2.0,0.5
2019,PIT,6-10,41-60,,,defense,6.0,0.8333333333333334
2019,CLE,3-5,61-80,,,defense,3.0,0.6666666666666667
2019,JAX,6-10,61-80,,,defense,3.0,1.0
2019,KC,1,21-40,,,defense,7.0,0.4285714285714286
2019,KC,11+,21-40,,,defense,1.0,1.0
2019,MIA,6-10,21-40,,,defense,3.0,1.0
2019,MIN,3-5,21-40,,,defense,2.0,0.5
2019,LV,3-5,41-60,,,defense,1.0,0.0
2019,CAR,11+,81-100,,,defense,1.0,1.0
2019,SF,11+,81-100,,,defense,1.0,1.0
2019,SF,2,21-40,,,defense,2.0,0.5
2019,SF,6-10,41-60,,,defense,1.0,1.0
2019,MIN,1,0-20,,,defense,3.0,0.0
2019,MIA,1,81-100,,,defense,1.0,0.0
2019,CAR,3-5,41-60,,,defense,1.0,0.0
2019,WAS,1,0-20,,,defense,1.0,0.0
2019,CHI,11+,41-60,,,defense,2.0,1.0
2019,MIA,1,21-40,,,defense,1.0,0.0
2019,BUF,3-5,21-40,,,defense,2.0,1.0
2019,LV,3-5,21-40,,,defense,3.0,0.6666666666666667
2019,BAL,2,21-40,,,defense,4.0,0.75
2019,KC,6-10,61-80,,,defense,2.0,1.0
2019,DET,11+,81-100,,,defense,1.0,1.0
2019,DAL,1,21-40,,,defense,3.0,0.3333333333333333
2019,JAX,6-10,21-40,,,defense,1.0,1.0
2019,IND,1,0-20,,,defense,2.0,0.5
2019,LA,11+,81-100,,,defense,1.0,0.0
2019,TEN,1,0-20,,,defense,2.0,0.5
2019,MIN,11+,0-20,,,defense,1.0,1.0
2019,ARI,1,61-80,,,defense,1.0,1.0
2019,GB,3-5,41-60,,,defense,1.0,1.0
2019,SF,2,41-60,,,defense,1.0,1.0
2019,LV,6-10,21-40,,,defense,1.0,1.0
2020,ARI,3-5,0-20,,,defense,2.0,0.5
2020,CHI,11+,41-60,,,defense,1.0,1.0
2020,HOU,1,0-20,,,defense,3.0,1.0
2020,JAX,1,21-40,,,defense,5.0,0.8
2020,PHI,3-5,0-20,,,defense,1.0,1.0
2020,DAL,6-10,0-20,,,defense,2.0,1.0
2020,CLE,3-5,61-80,,,defense,1.0,0.0
2020,CLE,1,21-40,,,defense,5.0,0.1999999999999999
2020,LAC,1,21-40,,,defense,3.0,1.0
2020,MIN,1,41-60,,,defense,4.0,0.0
2020,NO,1,0-20,,,defense,5.0,0.1999999999999999
2020,NO,1,41-60,,,defense,5.0,0.4
2020,SF,1,0-20,,,defense,4.0,0.5
2020,GB,1,21-40,,,defense,4.0,0.25
2020,BUF,3-5,41-60,,,defense,2.0,0.5
2020,DEN,2,61-80,,,defense,1.0,1.0
2020,WAS,6-10,41-60,,,defense,1.0,0.0
2020,BAL,2,21-40,,,defense,2.0,0.5
2020,IND,2,61-80,,,defense,1.0,1.0
2020,HOU,2,21-40,,,defense,1.0,0.0
2020,MIN,6-10,21-40,,,defense,5.0,0.6
2020,MIN,3-5,0-20,,,defense,1.0,1.0
2020,PHI,6-10,21-40,,,defense,1.0,1.0
2020,CLE,1,0-20,,,defense,4.0,0.25
2020,LA,3-5,81-100,,,defense,1.0,0.0
2020,PHI,3-5,61-80,,,defense,2.0,0.5
2020,NO,2,41-60,,,defense,2.0,0.5
2020,IND,3-5,41-60,,,defense,1.0,0.0
2020,TEN,6-10,61-80,,,defense,2.0,0.5
2020,MIN,1,61-80,,,defense,1.0,1.0
2020,GB,1,0-20,,,defense,2.0,0.5
2020,JAX,6-10,21-40,,,defense,1.0,1.0
2020,BUF,6-10,0-20,,,defense,1.0,0.0
2020,TB,3-5,21-40,,,defense,1.0,0.0
2020,TB,6-10,61-80,,,defense,3.0,0.6666666666666667
2020,MIA,11+,81-100,,,defense,1.0,0.0
2020,NE,3-5,0-20,,,defense,1.0,1.0
2020,CAR,1,41-60,,,defense,1.0,1.0
2020,LV,3-5,0-20,,,defense,1.0,0.0
2020,SEA,11+,61-80,,,defense,2.0,1.0
2020,MIA,1,81-100,,,defense,1.0,0.0
2020,DAL,3-5,0-20,,,defense,1.0,1.0
2020,BAL,2,0-20,,,defense,1.0,0.0
2020,LA,2,0-20,,,defense,2.0,0.5
2020,NE,6-10,81-100,,,defense,1.0,1.0
2020,NYG,11+,41-60,,,defense,1.0,1.0
2020,ARI,11+,61-80,,,defense,1.0,0.0
2020,TB,6-10,21-40,,,defense,2.0,0.5
2020,NO,2,0-20,,,defense,1.0,0.0
2020,TEN,6-10,0-20,,,defense,3.0,1.0
2020,LAC,6-10,41-60,,,defense,1.0,0.0
2020,IND,2,0-20,,,defense,1.0,1.0
2020,SEA,11+,81-100,,,defense,1.0,1.0
2020,DET,2,21-40,,,defense,2.0,0.5
2021,ARI,3-5,61-80,,,defense,2.0,0.0
2021,ARI,3-5,21-40,,,defense,4.0,0.75
2021,LA,11+,21-40,,,defense,1.0,1.0
2021,KC,1,0-20,,,defense,6.0,0.4
2021,TB,3-5,81-100,,,defense,1.0,1.0
2021,GB,6-10,41-60,,,defense,1.0,0.0
2021,CIN,3-5,21-40,,,defense,2.0,0.5
2021,SF,1,61-80,,,defense,1.0,0.0
2021,SF,6-10,21-40,,,defense,2.0,1.0
2021,BUF,2,41-60,,,defense,4.0,0.75
2021,JAX,3-5,41-60,,,defense,3.0,0.6666666666666667
2021,GB,3-5,21-40,,,defense,4.0,1.0
2021,CAR,1,61-80,,,defense,1.0,1.0
2021,NYG,1,21-40,,,defense,5.0,0.1999999999999999
2021,BAL,6-10,41-60,,,defense,3.0,0.6666666666666667
2021,IND,3-5,41-60,,,defense,2.0,0.5
2021,TEN,1,0-20,,,defense,5.0,0.4
2021,KC,3-5,41-60,,,defense,1.0,1.0
2021,NO,1,41-60,,,defense,3.0,0.6666666666666667
2021,DEN,1,21-40,,,defense,2.0,1.0
2021,PHI,2,0-20,,,defense,3.0,0.3333333333333333
2021,LA,2,21-40,,,defense,4.0,0.25
2021,BAL,6-10,81-100,,,defense,2.0,1.0
2021,IND,1,0-20,,,defense,1.0,0.0
2021,CIN,1,0-20,,,defense,1.0,1.0
2021,KC,2,0-20,,,defense,2.0,0.5
2021,KC,11+,21-40,,,defense,2.0,1.0
2021,NYG,3-5,21-40,,,defense,3.0,1.0
2021,SF,6-10,61-80,,,defense,2.0,0.5
2021,CLE,2,61-80,,,defense,3.0,0.6666666666666667
2021,PIT,3-5,41-60,,,defense,1.0,0.0
2021,GB,2,21-40,,,defense,1.0,1.0
2021,WAS,1,61-80,,,defense,2.0,0.0
2021,NYJ,1,21-40,,,defense,7.0,0.0
2021,ARI,2,21-40,,,defense,2.0,0.5
2021,TEN,3-5,61-80,,,defense,1.0,1.0
2021,CLE,11+,21-40,,,defense,2.0,1.0
2021,NE,3-5,61-80,,,defense,2.0,0.5
2021,NYG,11+,41-60,,,defense,3.0,1.0
2021,LA,6-10,0-20,,,defense,1.0,0.0
2021,LA,6-10,21-40,,,defense,3.0,0.6666666666666667
2021,NE,3-5,41-60,,,defense,3.0,1.0
2021,WAS,3-5,0-20,,,defense,2.0,0.5
2021,SEA,3-5,61-80,,,defense,1.0,1.0
2021,SEA,3-5,0-20,,,defense,4.0,0.75
2021,PHI,3-5,0-20,,,defense,1.0,0.0
2021,TB,3-5,21-40,,,defense,2.0,0.0
2021,TEN,3-5,21-40,,,defense,2.0,0.5
2021,DEN,1,0-20,,,defense,1.0,1.0
2021,DEN,11+,41-60,,,defense,1.0,1.0
2021,BUF,11+,21-40,,,defense,2.0,1.0
2021,GB,1,61-80,,,defense,4.0,0.75
2021,HOU,6-10,21-40,,,defense,3.0,1.0
2021,BAL,2,61-80,,,defense,1.0,0.0
2021,NE,11+,41-60,,,defense,2.0,1.0
2021,DET,2,41-60,,,defense,3.0,0.6666666666666667
2021,TB,1,21-40,,,defense,2.0,0.5
2021,NO,2,21-40,,,defense,2.0,0.5
2021,NE,11+,81-100,,,defense,1.0,1.0
2021,PIT,6-10,41-60,,,defense,1.0,1.0
2021,PHI,6-10,21-40,,,defense,2.0,1.0
2021,ARI,1,21-40,,,defense,1.0,0.0
2021,GB,6-10,0-20,,,defense,1.0,0.0
2021,CLE,1,61-80,,,defense,2.0,0.0
2021,NE,6-10,21-40,,,defense,1.0,1.0
2021,ATL,2,41-60,,,defense,1.0,1.0
2021,DAL,1,21-40,,,defense,1.0,1.0
2021,PIT,11+,61-80,,,defense,1.0,1.0
2021,BAL,3-5,0-20,,,defense,1.0,0.0
2021,TB,11+,61-80,,,defense,1.0,1.0
2021,MIA,1,41-60,,,defense,1.0,1.0
2022,IND,3-5,81-100,,,defense,1.0,1.0
2022,IND,3-5,21-40,,,defense,3.0,1.0
2022,MIA,3-5,41-60,,,defense,2.0,1.0
2022,DET,1,0-20,,,defense,3.0,0.3333333333333333
2022,SF,6-10,21-40,,,defense,3.0,0.6666666666666667
2022,NYG,1,41-60,,,defense,2.0,0.5
2022,BAL,1,41-60,,,defense,4.0,0.5
2022,SEA,6-10,21-40,,,defense,2.0,1.0
2022,NO,3-5,21-40,,,defense,3.0,0.6666666666666667
2022,ATL,11+,21-40,,,defense,2.0,1.0
2022,DAL,2,41-60,,,defense,3.0,0.6666666666666667
2022,TB,3-5,41-60,,,defense,4.0,0.5
2022,JAX,11+,21-40,,,defense,3.0,1.0
2022,ARI,6-10,41-60,,,defense,1.0,1.0
2022,ATL,2,61-80,,,defense,2.0,1.0
2022,TB,1,21-40,,,defense,1.0,1.0
2022,LA,3-5,61-80,,,defense,3.0,1.0
2022,MIN,3-5,41-60,,,defense,3.0,0.3333333333333333
2022,NE,2,21-40,,,defense,1.0,1.0
2022,IND,1,21-40,,,defense,4.0,0.25
2022,LAC,1,61-80,,,defense,2.0,1.0
2022,MIA,1,41-60,,,defense,4.0,0.25
2022,NO,3-5,61-80,,,defense,1.0,1.0
2022,NO,6-10,61-80,,,defense,1.0,1.0
2022,SF,6-10,81-100,,,defense,1.0,1.0
2022,SEA,3-5,81-100,,,defense,1.0,0.0
2022,KC,3-5,0-20,,,defense,1.0,1.0
2022,LA,3-5,41-60,,,defense,4.0,0.5
2022,NYJ,11+,21-40,,,defense,2.0,1.0
2022,ATL,2,0-20,,,defense,2.0,1.0
2022,WAS,11+,41-60,,,defense,3.0,1.0
2022,KC,11+,21-40,,,defense,1.0,1.0
2022,ARI,3-5,0-20,,,defense,1.0,0.0
2022,NYJ,6-10,41-60,,,defense,1.0,1.0
2022,TB,11+,21-40,,,defense,1.0,1.0
2022,CLE,3-5,61-80,,,defense,1.0,1.0
2022,BUF,3-5,21-40,,,defense,3.0,0.6666666666666667
2022,NO,3-5,41-60,,,defense,2.0,0.5
2022,NYJ,1,21-40,,,defense,3.0,0.6666666666666667
2022,PHI,2,61-80,,,defense,1.0,0.0
2022,SEA,6-10,61-80,,,defense,1.0,1.0
2022,CHI,2,0-20,,,defense,1.0,0.0
2022,IND,6-10,0-20,,,defense,1.0,1.0
2022,DEN,1,21-40,,,defense,2.0,0.0
2022,LV,2,0-20,,,defense,1.0,1.0
2022,MIN,6-10,0-20,,,defense,1.0,1.0
2022,SF,6-10,61-80,,,defense,2.0,0.5
2022,TB,2,21-40,,,defense,1.0,1.0
2022,JAX,6-10,41-60,,,defense,1.0,1.0
2022,HOU,6-10,21-40,,,defense,1.0,1.0
2022,WAS,6-10,0-20,,,defense,1.0,1.0
2022,NYJ,6-10,21-40,,,defense,1.0,1.0
2022,PIT,11+,41-60,,,defense,1.0,1.0
2023,ARI,6-10,21-40,,,defense,1.0,1.0
2023,KC,2,41-60,,,defense,2.0,0.5
2023,BAL,6-10,41-60,,,defense,4.0,1.0
2023,IND,1,41-60,,,defense,6.0,0.8333333333333334
2023,JAX,3-5,0-20,,,defense,5.0,0.6
2023,MIN,3-5,61-80,,,defense,2.0,0.5
2023,BAL,3-5,41-60,,,defense,6.0,0.3333333333333333
2023,IND,3-5,81-100,,,defense,1.0,0.0
2023,LV,1,0-20,,,defense,5.0,0.4
2023,MIN,3-5,41-60,,,defense,2.0,1.0
2023,DET,1,41-60,,,defense,1.0,0.0
2023,HOU,11+,41-60,,,defense,1.0,1.0
2023,TB,1,0-20,,,defense,5.0,0.6
2023,BAL,6-10,61-80,,,defense,2.0,0.5
2023,GB,3-5,21-40,,,defense,2.0,0.5
2023,DAL,1,0-20,,,defense,6.0,0.3333333333333333
2023,PIT,6-10,61-80,,,defense,2.0,1.0
2023,CIN,2,61-80,,,defense,1.0,1.0
2023,KC,11+,21-40,,,defense,1.0,1.0
2023,NO,3-5,81-100,,,defense,1.0,1.0
2023,TEN,2,0-20,,,defense,2.0,0.5
2023,DEN,2,0-20,,,defense,5.0,0.4
2023,JAX,11+,81-100,,,defense,1.0,1.0
2023,CHI,6-10,81-100,,,defense,1.0,1.0
2023,HOU,3-5,0-20,,,defense,4.0,0.75
2023,NYJ,11+,41-60,,,defense,1.0,1.0
2023,NO,1,41-60,,,defense,1.0,1.0
2023,CHI,3-5,0-20,,,defense,1.0,0.0
2023,LAC,1,61-80,,,defense,3.0,0.6666666666666667
2023,LAC,3-5,21-40,,,defense,4.0,0.5
2023,JAX,11+,41-60,,,defense,3.0,0.6666666666666667
2023,CHI,6-10,61-80,,,defense,2.0,1.0
2023,CHI,1,81-100,,,defense,1.0,0.0
2023,HOU,3-5,21-40,,,defense,3.0,0.3333333333333333
2023,NYG,2,0-20,,,defense,1.0,1.0
2023,LAC,2,41-60,,,defense,1.0,1.0
2023,CLE,2,41-60,,,defense,2.0,1.0
2023,NO,2,21-40,,,defense,1.0,1.0
2023,LA,11+,81-100,,,defense,1.0,1.0
2023,DEN,6-10,61-80,,,defense,1.0,1.0
2023,NO,3-5,0-20,,,defense,1.0,1.0
2023,IND,11+,61-80,,,defense,1.0,1.0
2023,NO,2,61-80,,,defense,1.0,1.0
2023,DEN,11+,41-60,,,defense,1.0,1.0
2023,NE,1,61-80,,,defense,2.0,0.0
2023,NE,3-5,61-80,,,defense,1.0,1.0
2023,TB,11+,21-40,,,defense,1.0,1.0
2023,ATL,3-5,61-80,,,defense,1.0,1.0
2023,TEN,2,61-80,,,defense,1.0,1.0
2024,ARI,2,21-40,,,defense,1.0,0.0
2024,DAL,3-5,61-80,,,defense,1.0,1.0
2024,LA,2,21-40,,,defense,1.0,0.0
2018,NO,11+,41-60,,,defense,2.0,0.5
2018,BAL,3-5,0-20,,,defense,1.0,0.0
2019,HOU,3-5,41-60,,,defense,2.0,1.0
2024,BUF,3-5,41-60,,,defense,4.0,0.5
2024,GB,3-5,41-60,,,defense,3.0,0.6666666666666667
2024,LV,6-10,41-60,,,defense,2.0,0.5
2024,WAS,3-5,21-40,,,defense,3.0,0.6666666666666667
2024,NYJ,11+,61-80,,,defense,2.0,1.0
2024,DAL,1,41-60,,,defense,6.0,0.1666666666666666
2024,CAR,1,61-80,,,defense,2.0,0.5
2024,DEN,2,41-60,,,defense,3.0,0.6666666666666667
2024,DET,6-10,41-60,,,defense,3.0,1.0
2024,TEN,6-10,21-40,,,defense,1.0,1.0
2024,BUF,11+,0-20,,,defense,2.0,1.0
2024,ATL,1,21-40,,,defense,2.0,0.0
2024,NO,1,0-20,,,defense,3.0,0.6666666666666667
2024,NYG,11+,41-60,,,defense,1.0,1.0
2024,NE,6-10,21-40,,,defense,2.0,1.0
2024,MIN,11+,61-80,,,defense,2.0,0.5
2024,GB,3-5,61-80,,,defense,4.0,0.3333333333333333
2024,ATL,3-5,61-80,,,defense,5.0,0.8
2024,DAL,2,21-40,,,defense,2.0,0.5
2024,JAX,3-5,21-40,,,defense,4.0,0.75
2024,BAL,6-10,0-20,,,defense,3.0,0.6666666666666667
2024,BAL,1,21-40,,,defense,4.0,0.25
2024,LAC,1,41-60,,,defense,3.0,0.6666666666666667
2024,LA,3-5,0-20,,,defense,3.0,1.0
2024,MIA,3-5,41-60,,,defense,5.0,0.6
2024,JAX,11+,81-100,,,defense,1.0,1.0
2024,SF,6-10,61-80,,,defense,2.0,0.5
2024,ATL,6-10,41-60,,,defense,1.0,1.0
2024,NYJ,6-10,61-80,,,defense,2.0,1.0
2024,LAC,1,61-80,,,defense,2.0,0.0
2024,LA,1,21-40,,,defense,2.0,0.0
2024,WAS,2,21-40,,,defense,1.0,0.0
2024,PHI,3-5,61-80,,,defense,2.0,0.0
2024,HOU,2,0-20,,,defense,2.0,0.5
2024,JAX,2,0-20,,,defense,2.0,0.5
2024,SF,1,41-60,,,defense,3.0,0.3333333333333333
2024,KC,6-10,61-80,,,defense,1.0,1.0
2024,LA,3-5,21-40,,,defense,3.0,0.6666666666666667
2024,GB,6-10,21-40,,,defense,2.0,1.0
2024,BAL,6-10,41-60,,,defense,2.0,1.0
2024,WAS,6-10,61-80,,,defense,1.0,1.0
2024,PHI,6-10,61-80,,,defense,1.0,1.0
2024,PIT,1,41-60,,,defense,2.0,0.5
2024,NYJ,3-5,0-20,,,defense,2.0,0.0
2024,DAL,11+,21-40,,,defense,1.0,1.0
2024,MIA,2,41-60,,,defense,1.0,0.0
2024,ARI,6-10,61-80,,,defense,1.0,1.0
2024,CAR,2,81-100,,,defense,1.0,0.0
2024,CLE,3-5,41-60,,,defense,2.0,1.0
2024,GB,11+,81-100,,,defense,1.0,1.0
2024,NYG,3-5,0-20,,,defense,1.0,0.0
2024,NE,1,41-60,,,defense,1.0,1.0
2024,NE,2,0-20,,,defense,1.0,0.0
2024,KC,1,61-80,,,defense,1.0,0.0
2024,DET,2,0-20,,,defense,1.0,1.0
2024,NYG,2,21-40,,,defense,2.0,0.5
2016,CLE,3-5,21-40,,,defense,2.0,0.0
2016,GB,3-5,41-60,,,defense,4.0,0.25
2016,GB,1,0-20,,,defense,3.0,0.3333333333333333
2016,LA,1,21-40,,,defense,3.0,0.3333333333333333
2016,SF,1,21-40,,,defense,1.0,0.0
2016,MIA,3-5,41-60,,,defense,3.0,0.3333333333333333
2016,NE,1,41-60,,,defense,2.0,0.5
2016,LV,1,0-20,,,defense,4.0,0.5
2016,PIT,6-10,21-40,,,defense,3.0,0.6666666666666667
2016,TB,6-10,61-80,,,defense,1.0,1.0
2016,ARI,11+,41-60,,,defense,2.0,1.0
2016,TEN,6-10,41-60,,,defense,2.0,1.0
2016,DET,3-5,0-20,,,defense,2.0,0.0
2016,BUF,1,0-20,,,defense,3.0,1.0
2016,NO,1,21-40,,,defense,5.0,0.6
2016,DEN,6-10,0-20,,,defense,3.0,0.6666666666666667
2016,IND,3-5,61-80,,,defense,1.0,1.0
2016,LV,6-10,41-60,,,defense,2.0,1.0
2016,TEN,1,21-40,,,defense,3.0,0.6666666666666667
2016,HOU,6-10,21-40,,,defense,2.0,1.0
2016,LA,6-10,61-80,,,defense,1.0,1.0
2016,DAL,3-5,41-60,,,defense,2.0,0.5
2016,CLE,1,0-20,,,defense,5.0,0.6
2016,LV,1,41-60,,,defense,3.0,0.6666666666666667
2016,JAX,6-10,61-80,,,defense,1.0,1.0
2016,KC,11+,61-80,,,defense,1.0,1.0
2016,BUF,6-10,61-80,,,defense,2.0,1.0
2016,PHI,11+,0-20,,,defense,1.0,0.0
2016,SF,1,41-60,,,defense,1.0,1.0
2016,IND,11+,41-60,,,defense,1.0,1.0
2016,DEN,6-10,41-60,,,defense,2.0,1.0
2016,NYJ,6-10,61-80,,,defense,1.0,1.0
2016,PIT,11+,21-40,,,defense,3.0,1.0
2016,CIN,2,21-40,,,defense,1.0,1.0
2016,LA,11+,21-40,,,defense,1.0,1.0
2016,NO,11+,0-20,,,defense,1.0,1.0
2016,NO,6-10,61-80,,,defense,2.0,1.0
2016,IND,1,21-40,,,defense,1.0,0.0
2016,KC,1,61-80,,,defense,1.0,1.0
2016,PIT,1,0-20,,,defense,4.0,0.75
2016,LAC,3-5,61-80,,,defense,1.0,0.0
2016,SF,11+,21-40,,,defense,1.0,1.0
2016,TEN,6-10,0-20,,,defense,1.0,1.0
2016,MIA,1,41-60,,,defense,2.0,0.5
2016,SF,2,21-40,,,defense,2.0,0.0
2016,GB,3-5,61-80,,,defense,1.0,1.0
2016,IND,6-10,61-80,,,defense,1.0,1.0
2016,HOU,11+,41-60,,,defense,1.0,1.0
2016,KC,3-5,0-20,,,defense,1.0,0.0
2016,ARI,11+,81-100,,,defense,2.0,1.0
2016,KC,3-5,41-60,,,defense,1.0,1.0
2017,DET,6-10,0-20,,,defense,2.0,1.0
2017,ATL,3-5,41-60,,,defense,2.0,0.0
2017,ATL,3-5,0-20,,,defense,2.0,1.0
2017,CAR,1,41-60,,,defense,4.0,1.0
2017,NE,1,41-60,,,defense,4.0,0.5
2017,DEN,1,41-60,,,defense,3.0,0.6666666666666667
2017,TEN,1,0-20,,,defense,4.0,0.5
2017,PIT,2,41-60,,,defense,1.0,0.0
2017,TB,3-5,0-20,,,defense,2.0,1.0
2017,DEN,3-5,41-60,,,defense,5.0,0.8
2017,HOU,2,0-20,,,defense,1.0,0.0
2017,IND,6-10,21-40,,,defense,2.0,1.0
2017,DEN,2,21-40,,,defense,1.0,1.0
2017,BUF,3-5,81-100,,,defense,1.0,1.0
2017,LA,1,0-20,,,defense,2.0,0.0
2017,NYJ,6-10,41-60,,,defense,2.0,1.0
2017,MIN,6-10,61-80,,,defense,4.0,0.75
2017,TB,3-5,21-40,,,defense,2.0,1.0
2017,LV,2,41-60,,,defense,1.0,1.0
2017,DET,11+,81-100,,,defense,1.0,
2017,NO,11+,41-60,,,defense,2.0,1.0
2017,GB,11+,41-60,,,defense,2.0,1.0
2017,MIN,6-10,41-60,,,defense,3.0,1.0
2017,IND,1,41-60,,,defense,3.0,0.6666666666666667
2017,JAX,3-5,41-60,,,defense,1.0,1.0
2017,NE,1,21-40,,,defense,2.0,0.5
2017,ARI,1,0-20,,,defense,3.0,0.0
2017,TB,2,21-40,,,defense,1.0,1.0
2017,NE,1,0-20,,,defense,2.0,1.0
2017,CIN,1,21-40,,,defense,3.0,0.3333333333333333
2017,PIT,2,61-80,,,defense,1.0,1.0
2017,GB,2,21-40,,,defense,1.0,0.0
2017,NO,11+,61-80,,,defense,2.0,1.0
2017,ATL,3-5,61-80,,,defense,1.0,0.0
2017,IND,6-10,41-60,,,defense,2.0,0.5
2017,CIN,3-5,41-60,,,defense,4.0,1.0
2017,BUF,1,41-60,,,defense,1.0,0.0
2017,PIT,6-10,0-20,,,defense,2.0,0.5
2017,PHI,11+,61-80,,,defense,1.0,1.0
2017,LV,11+,41-60,,,defense,1.0,1.0
2017,NYG,1,21-40,,,defense,3.0,0.6666666666666667
2017,TB,11+,61-80,,,defense,1.0,0.0
2017,IND,11+,61-80,,,defense,2.0,1.0
2017,HOU,1,61-80,,,defense,1.0,1.0
2017,SEA,1,0-20,,,defense,2.0,1.0
2017,LAC,11+,0-20,,,defense,1.0,0.0
2017,CIN,3-5,61-80,,,defense,1.0,1.0
2017,CLE,1,41-60,,,defense,1.0,0.0
2017,LA,1,41-60,,,defense,1.0,0.0
2017,NYJ,3-5,21-40,,,defense,1.0,0.0
2017,CHI,6-10,21-40,,,defense,2.0,1.0
2017,HOU,1,21-40,,,defense,2.0,0.0
2017,LA,3-5,21-40,,,defense,1.0,0.0
2017,KC,3-5,0-20,,,defense,2.0,0.5
2017,NYG,3-5,61-80,,,defense,1.0,1.0
2017,WAS,2,41-60,,,defense,2.0,1.0
2017,SF,11+,61-80,,,defense,1.0,0.0
2017,LV,1,61-80,,,defense,1.0,0.0
2017,IND,2,21-40,,,defense,1.0,0.0
2017,NO,6-10,61-80,,,defense,1.0,1.0
2017,NO,1,0-20,,,defense,1.0,1.0
2017,BAL,6-10,0-20,,,defense,1.0,1.0
2017,ARI,2,21-40,,,defense,2.0,0.5
2017,TB,1,0-20,,,defense,1.0,0.0
2018,GB,3-5,21-40,,,defense,2.0,0.5
2018,LA,6-10,21-40,,,defense,2.0,1.0
2018,DET,2,21-40,,,defense,2.0,0.0
2018,SF,11+,41-60,,,defense,3.0,1.0
2018,WAS,6-10,0-20,,,defense,2.0,0.5
2018,LA,3-5,61-80,,,defense,1.0,0.0
2018,CIN,6-10,21-40,,,defense,2.0,0.5
2018,IND,3-5,21-40,,,defense,2.0,0.5
2018,PIT,6-10,41-60,,,defense,3.0,0.6666666666666667
2018,DAL,1,41-60,,,defense,1.0,0.0
2018,TB,2,0-20,,,defense,2.0,0.5
2018,SEA,2,81-100,,,defense,1.0,1.0
2018,BAL,6-10,0-20,,,defense,1.0,1.0
2018,KC,1,21-40,,,defense,4.0,0.25
2018,BAL,6-10,81-100,,,defense,2.0,1.0
2018,HOU,3-5,41-60,,,defense,2.0,1.0
2018,KC,11+,61-80,,,defense,1.0,0.0
2018,PHI,1,21-40,,,defense,1.0,0.0
2018,ARI,11+,61-80,,,defense,2.0,1.0
2018,HOU,11+,81-100,,,defense,2.0,1.0
2018,MIA,1,41-60,,,defense,1.0,1.0
2018,WAS,1,41-60,,,defense,1.0,1.0
2018,MIN,1,41-60,,,defense,4.0,0.5
2018,CAR,1,81-100,,,defense,1.0,1.0
2018,BAL,6-10,41-60,,,defense,2.0,0.0
2018,CLE,1,0-20,,,defense,3.0,0.6666666666666667
2018,CHI,1,21-40,,,defense,2.0,0.0
2018,GB,1,0-20,,,defense,1.0,1.0
2018,CAR,6-10,61-80,,,defense,2.0,1.0
2018,CLE,3-5,21-40,,,defense,1.0,1.0
2018,LAC,3-5,61-80,,,defense,1.0,0.0
2018,TB,6-10,41-60,,,defense,2.0,1.0
2018,LAC,6-10,61-80,,,defense,1.0,1.0
2018,HOU,1,0-20,,,defense,2.0,0.5
2018,ATL,6-10,41-60,,,defense,1.0,0.0
2018,SEA,1,0-20,,,defense,2.0,0.5
2018,SEA,11+,0-20,,,defense,1.0,1.0
2018,IND,11+,21-40,,,defense,2.0,1.0
2018,LV,1,41-60,,,defense,3.0,0.6666666666666667
2018,PIT,11+,21-40,,,defense,1.0,1.0
2018,TEN,2,21-40,,,defense,1.0,0.0
2018,HOU,2,21-40,,,defense,1.0,0.0
2018,JAX,2,0-20,,,defense,1.0,1.0
2019,ATL,2,41-60,,,defense,1.0,1.0
2019,MIA,3-5,0-20,,,defense,2.0,0.0
2019,GB,6-10,21-40,,,defense,3.0,0.6666666666666667
2019,NO,1,21-40,,,defense,2.0,0.0
2019,DAL,1,0-20,,,defense,1.0,1.0
2019,NYJ,11+,41-60,,,defense,1.0,
2019,DAL,3-5,0-20,,,defense,3.0,0.6666666666666667
2019,KC,2,61-80,,,defense,1.0,1.0
2019,LAC,1,21-40,,,defense,2.0,0.0
2019,PHI,6-10,61-80,,,defense,2.0,1.0
2019,BAL,1,41-60,,,defense,4.0,0.5
2019,KC,3-5,21-40,,,defense,2.0,0.0
2019,CHI,1,0-20,,,defense,2.0,0.5
2019,DET,3-5,41-60,,,defense,1.0,1.0
2019,LA,6-10,21-40,,,defense,3.0,1.0
2019,NE,11+,61-80,,,defense,5.0,1.0
2019,PIT,6-10,81-100,,,defense,2.0,1.0
2019,NE,3-5,0-20,,,defense,2.0,1.0
2019,CIN,6-10,21-40,,,defense,2.0,1.0
2019,ARI,1,41-60,,,defense,1.0,1.0
2019,CHI,6-10,61-80,,,defense,1.0,1.0
2019,CHI,1,61-80,,,defense,1.0,0.0
2019,CAR,11+,61-80,,,defense,2.0,1.0
2019,NYJ,2,0-20,,,defense,1.0,1.0
2019,LAC,6-10,61-80,,,defense,1.0,1.0
2019,KC,3-5,41-60,,,defense,1.0,1.0
2019,NYJ,6-10,21-40,,,defense,2.0,0.5
2019,NE,3-5,21-40,,,defense,2.0,0.5
2019,SF,1,21-40,,,defense,4.0,0.75
2019,WAS,3-5,21-40,,,defense,3.0,0.6666666666666667
2019,DET,11+,0-20,,,defense,1.0,1.0
2019,JAX,1,41-60,,,defense,2.0,0.0
2019,LV,1,61-80,,,defense,1.0,0.0
2019,PHI,3-5,61-80,,,defense,3.0,1.0
2019,TEN,3-5,61-80,,,defense,1.0,0.0
2019,TB,3-5,61-80,,,defense,2.0,0.5
2019,CHI,6-10,21-40,,,defense,3.0,1.0
2019,KC,11+,61-80,,,defense,2.0,1.0
2019,LA,3-5,41-60,,,defense,1.0,1.0
2019,DEN,1,41-60,,,defense,1.0,0.0
2019,HOU,3-5,21-40,,,defense,2.0,1.0
2019,BAL,6-10,61-80,,,defense,1.0,0.0
2019,NO,2,0-20,,,defense,1.0,0.0
2019,TB,3-5,81-100,,,defense,1.0,1.0
2019,ARI,3-5,0-20,,,defense,1.0,1.0
2019,CAR,6-10,21-40,,,defense,1.0,1.0
2019,LAC,1,61-80,,,defense,2.0,0.5
2019,KC,11+,41-60,,,defense,2.0,1.0
2019,NYG,1,21-40,,,defense,2.0,0.0
2019,PIT,3-5,81-100,,,defense,1.0,1.0
2019,PHI,2,61-80,,,defense,1.0,1.0
2020,DAL,3-5,61-80,,,defense,1.0,1.0
2020,LA,3-5,0-20,,,defense,3.0,1.0
2020,MIN,1,21-40,,,defense,7.0,0.1428571428571429
2020,JAX,3-5,21-40,,,defense,4.0,0.5
2020,WAS,3-5,41-60,,,defense,4.0,1.0
2020,DAL,2,41-60,,,defense,1.0,1.0
2020,CLE,3-5,21-40,,,defense,3.0,0.3333333333333333
2020,DEN,2,21-40,,,defense,2.0,0.5
2020,KC,3-5,21-40,,,defense,2.0,0.5
2020,LAC,1,41-60,,,defense,2.0,0.0
2020,NYG,2,21-40,,,defense,3.0,0.0
2020,ATL,11+,0-20,,,defense,1.0,1.0
2020,DAL,3-5,41-60,,,defense,4.0,0.75
2020,HOU,1,41-60,,,defense,2.0,0.5
2020,MIA,6-10,21-40,,,defense,1.0,1.0
2020,BAL,11+,0-20,,,defense,1.0,1.0
2020,SF,1,21-40,,,defense,2.0,0.0
2020,SF,3-5,21-40,,,defense,1.0,0.0
2020,MIA,3-5,0-20,,,defense,2.0,1.0
2020,HOU,3-5,0-20,,,defense,1.0,0.0
2020,LV,6-10,61-80,,,defense,1.0,1.0
2020,PIT,3-5,21-40,,,defense,1.0,1.0
2020,WAS,1,41-60,,,defense,2.0,0.5
2020,DET,1,41-60,,,defense,2.0,0.5
2020,PHI,1,41-60,,,defense,3.0,0.6666666666666667
2020,CHI,6-10,21-40,,,defense,1.0,0.0
2020,NO,3-5,21-40,,,defense,1.0,1.0
2020,CHI,2,41-60,,,defense,1.0,1.0
2020,TEN,3-5,41-60,,,defense,2.0,0.0
2020,ATL,6-10,21-40,,,defense,2.0,1.0
2020,NYJ,1,21-40,,,defense,2.0,0.5
2020,NYJ,3-5,0-20,,,defense,3.0,1.0
2020,DAL,1,21-40,,,defense,1.0,1.0
2020,PIT,6-10,41-60,,,defense,1.0,1.0
2020,PIT,11+,41-60,,,defense,1.0,1.0
2020,LAC,1,0-20,,,defense,2.0,0.5
2020,MIA,6-10,81-100,,,defense,2.0,1.0
2020,NYG,3-5,41-60,,,defense,1.0,1.0
2020,NYG,6-10,21-40,,,defense,3.0,1.0
2020,CIN,1,61-80,,,defense,1.0,1.0
2020,WAS,11+,81-100,,,defense,1.0,1.0
2020,HOU,3-5,61-80,,,defense,1.0,0.0
2020,LV,11+,21-40,,,defense,1.0,1.0
2020,PHI,2,0-20,,,defense,1.0,1.0
2020,IND,3-5,21-40,,,defense,1.0,0.0
2020,MIA,11+,61-80,,,defense,2.0,
2020,SEA,3-5,41-60,,,defense,1.0,1.0
2020,NYG,1,0-20,,,defense,1.0,1.0
2020,HOU,11+,21-40,,,defense,2.0,1.0
2020,JAX,2,61-80,,,defense,1.0,0.0
2020,JAX,2,0-20,,,defense,1.0,1.0
2020,MIA,3-5,21-40,,,defense,1.0,1.0
2020,ARI,6-10,61-80,,,defense,1.0,0.0
2020,CIN,6-10,61-80,,,defense,1.0,1.0
2020,CAR,2,21-40,,,defense,1.0,1.0
2020,DEN,2,0-20,,,defense,1.0,1.0
2020,TEN,3-5,0-20,,,defense,1.0,1.0
2020,CIN,3-5,21-40,,,defense,1.0,0.0
2020,BUF,6-10,41-60,,,defense,1.0,1.0
2021,LA,3-5,21-40,,,defense,1.0,1.0
2021,KC,11+,41-60,,,defense,2.0,0.5
2021,GB,3-5,0-20,,,defense,2.0,1.0
2021,NO,1,21-40,,,defense,4.0,0.75
2021,HOU,6-10,41-60,,,defense,2.0,0.0
2021,LAC,6-10,21-40,,,defense,1.0,1.0
2021,NYJ,6-10,21-40,,,defense,1.0,1.0
2021,PIT,1,41-60,,,defense,5.0,0.6
2021,TB,3-5,0-20,,,defense,4.0,0.25
2021,LAC,1,41-60,,,defense,2.0,0.5
2021,IND,6-10,81-100,,,defense,2.0,0.5
2021,LV,3-5,21-40,,,defense,1.0,1.0
2021,NE,2,41-60,,,defense,2.0,0.5
2021,CAR,3-5,21-40,,,defense,3.0,1.0
2021,SF,3-5,0-20,,,defense,3.0,0.6666666666666667
2021,JAX,1,81-100,,,defense,1.0,1.0
2021,CLE,6-10,61-80,,,defense,2.0,1.0
2021,MIA,1,61-80,,,defense,4.0,0.5
2021,LV,1,0-20,,,defense,3.0,0.0
2021,LV,11+,81-100,,,defense,1.0,0.0
2021,DEN,6-10,41-60,,,defense,1.0,1.0
2021,SEA,6-10,41-60,,,defense,5.0,1.0
2021,CAR,3-5,41-60,,,defense,3.0,0.3333333333333333
2021,CLE,6-10,21-40,,,defense,4.0,0.25
2021,CHI,3-5,0-20,,,defense,1.0,1.0
2021,CHI,1,41-60,,,defense,3.0,0.0
2021,LAC,1,61-80,,,defense,1.0,0.0
2021,LAC,6-10,81-100,,,defense,1.0,1.0
2021,TB,11+,81-100,,,defense,1.0,1.0
2021,LAC,2,0-20,,,defense,4.0,0.75
2021,JAX,2,41-60,,,defense,3.0,0.6666666666666667
2021,NE,1,0-20,,,defense,4.0,0.75
2021,IND,1,61-80,,,defense,2.0,0.0
2021,MIA,6-10,21-40,,,defense,3.0,0.6666666666666667
2021,PHI,3-5,41-60,,,defense,3.0,0.6666666666666667
2021,NYG,11+,81-100,,,defense,1.0,1.0
2021,BAL,3-5,41-60,,,defense,2.0,1.0
2021,SF,1,41-60,,,defense,2.0,0.0
2021,SF,3-5,21-40,,,defense,2.0,1.0
2021,TEN,6-10,61-80,,,defense,2.0,0.5
2021,GB,2,0-20,,,defense,2.0,0.5
2021,PIT,1,21-40,,,defense,3.0,0.3333333333333333
2021,CLE,2,0-20,,,defense,1.0,0.0
2021,PHI,2,21-40,,,defense,1.0,1.0
2021,DAL,11+,21-40,,,defense,1.0,1.0
2021,WAS,6-10,41-60,,,defense,2.0,0.5
2021,MIA,2,0-20,,,defense,2.0,0.5
2021,MIA,2,41-60,,,defense,1.0,0.0
2021,MIA,11+,21-40,,,defense,1.0,1.0
2021,NYG,2,21-40,,,defense,1.0,1.0
2021,CHI,2,0-20,,,defense,2.0,0.0
2021,CHI,11+,21-40,,,defense,1.0,1.0
2021,KC,2,21-40,,,defense,3.0,0.6666666666666667
2021,DET,6-10,41-60,,,defense,1.0,1.0
2021,LA,6-10,81-100,,,defense,1.0,0.0
2021,BAL,11+,81-100,,,defense,1.0,1.0
2021,TB,2,0-20,,,defense,2.0,1.0
2021,MIA,6-10,61-80,,,defense,1.0,1.0
2021,PHI,6-10,41-60,,,defense,1.0,1.0
2021,LA,1,61-80,,,defense,1.0,0.0
2021,MIA,3-5,21-40,,,defense,1.0,1.0
2021,WAS,2,0-20,,,defense,1.0,0.0
2021,KC,6-10,61-80,,,defense,1.0,1.0
2022,BAL,6-10,0-20,,,defense,2.0,0.5
2022,KC,6-10,0-20,,,defense,3.0,0.0
2022,KC,3-5,41-60,,,defense,5.0,0.6
2022,DET,3-5,21-40,,,defense,5.0,0.8
2022,DET,1,21-40,,,defense,4.0,0.0
2022,SF,11+,61-80,,,defense,1.0,1.0
2022,TB,6-10,41-60,,,defense,3.0,1.0
2022,LV,3-5,0-20,,,defense,2.0,0.5
2022,CIN,2,41-60,,,defense,1.0,0.0
2022,DEN,11+,21-40,,,defense,1.0,1.0
2022,IND,1,0-20,,,defense,4.0,0.25
2022,TB,3-5,21-40,,,defense,5.0,0.6
2022,BUF,1,0-20,,,defense,5.0,0.6
2022,DET,1,61-80,,,defense,3.0,0.6666666666666667
2022,BAL,3-5,21-40,,,defense,2.0,1.0
2022,MIA,2,0-20,,,defense,3.0,0.6666666666666667
2022,GB,1,41-60,,,defense,3.0,0.0
2022,TEN,11+,61-80,,,defense,1.0,0.0
2022,NO,11+,61-80,,,defense,1.0,1.0
2022,WAS,1,0-20,,,defense,4.0,0.75
2022,PIT,2,21-40,,,defense,1.0,1.0
2022,CHI,3-5,41-60,,,defense,1.0,1.0
2022,NYJ,6-10,0-20,,,defense,1.0,1.0
2022,SF,1,0-20,,,defense,3.0,0.6666666666666667
2022,SF,3-5,61-80,,,defense,1.0,0.0
2022,CIN,11+,41-60,,,defense,1.0,1.0
2022,DEN,2,21-40,,,defense,2.0,0.5
2022,IND,1,41-60,,,defense,2.0,0.5
2022,NE,6-10,61-80,,,defense,4.0,0.75
2022,NE,3-5,21-40,,,defense,2.0,1.0
2022,WAS,1,21-40,,,defense,2.0,0.5
2022,TEN,2,21-40,,,defense,1.0,0.0
2022,NYG,1,21-40,,,defense,3.0,0.0
2022,MIA,6-10,61-80,,,defense,3.0,0.3333333333333333
2022,DET,3-5,41-60,,,defense,1.0,0.0
2022,MIA,2,61-80,,,defense,2.0,0.5
2022,NYG,2,0-20,,,defense,1.0,0.0
2022,GB,1,21-40,,,defense,2.0,0.0
2022,TEN,6-10,21-40,,,defense,1.0,1.0
2022,HOU,11+,41-60,,,defense,1.0,1.0
2022,KC,3-5,21-40,,,defense,2.0,0.5
2022,JAX,2,41-60,,,defense,1.0,0.0
2022,PHI,3-5,81-100,,,defense,1.0,1.0
2022,BUF,3-5,61-80,,,defense,1.0,0.0
2022,NYG,11+,21-40,,,defense,1.0,1.0
2022,NE,11+,61-80,,,defense,4.0,1.0
2022,CHI,6-10,0-20,,,defense,2.0,1.0
2022,PIT,3-5,21-40,,,defense,2.0,0.5
2022,DEN,1,81-100,,,defense,1.0,0.0
2022,DAL,1,0-20,,,defense,2.0,0.0
2022,LV,11+,21-40,,,defense,1.0,0.0
2022,ATL,6-10,21-40,,,defense,1.0,1.0
2022,NYG,3-5,61-80,,,defense,1.0,0.0
2022,KC,2,41-60,,,defense,2.0,1.0
2022,PHI,11+,41-60,,,defense,1.0,0.0
2022,SF,2,0-20,,,defense,1.0,1.0
2022,SF,1,41-60,,,defense,1.0,1.0
2022,NYG,6-10,0-20,,,defense,2.0,0.5
2022,NO,6-10,0-20,,,defense,1.0,1.0
2022,CLE,6-10,61-80,,,defense,1.0,1.0
2022,ARI,6-10,0-20,,,defense,1.0,1.0
2022,HOU,3-5,41-60,,,defense,1.0,0.0
2022,LV,11+,81-100,,,defense,1.0,1.0
2023,KC,2,81-100,,,defense,1.0,0.0
2023,GB,3-5,0-20,,,defense,5.0,0.6
2023,LAC,6-10,41-60,,,defense,2.0,0.5
2023,PHI,11+,0-20,,,defense,1.0,1.0
2023,KC,11+,0-20,,,defense,2.0,1.0
2023,ARI,1,0-20,,,defense,5.0,0.6
2023,SEA,2,41-60,,,defense,4.0,1.0
2023,SEA,11+,41-60,,,defense,5.0,1.0
2023,LAC,6-10,21-40,,,defense,2.0,0.0
2023,NE,1,41-60,,,defense,3.0,0.0
2023,NE,6-10,41-60,,,defense,1.0,1.0
2023,NO,1,0-20,,,defense,3.0,0.3333333333333333
2023,IND,3-5,21-40,,,defense,2.0,0.5
2023,LA,6-10,21-40,,,defense,4.0,0.75
2023,LAC,2,21-40,,,defense,3.0,0.3333333333333333
2023,MIN,1,41-60,,,defense,8.0,0.25
2023,CAR,2,41-60,,,defense,1.0,0.0
2023,NYG,3-5,81-100,,,defense,1.0,1.0
2023,NO,11+,61-80,,,defense,1.0,
2023,WAS,1,41-60,,,defense,2.0,0.5
2023,CIN,6-10,61-80,,,defense,1.0,1.0
2023,MIA,3-5,61-80,,,defense,2.0,1.0
2023,JAX,6-10,61-80,,,defense,1.0,0.0
2023,NE,11+,21-40,,,defense,2.0,1.0
2023,HOU,6-10,21-40,,,defense,5.0,0.6
2023,ATL,3-5,41-60,,,defense,2.0,1.0
2023,NE,2,21-40,,,defense,1.0,1.0
2023,BAL,1,21-40,,,defense,3.0,1.0
2023,GB,3-5,61-80,,,defense,2.0,1.0
2023,MIA,1,61-80,,,defense,3.0,0.0
2023,ARI,3-5,41-60,,,defense,1.0,1.0
2023,HOU,2,41-60,,,defense,3.0,0.0
2023,HOU,11+,0-20,,,defense,2.0,1.0
2023,BUF,3-5,41-60,,,defense,3.0,1.0
2023,BUF,6-10,21-40,,,defense,3.0,0.6666666666666667
2023,PHI,1,41-60,,,defense,4.0,0.25
2023,LA,1,41-60,,,defense,4.0,0.75
2023,NYG,3-5,41-60,,,defense,3.0,0.6666666666666667
2023,LV,6-10,41-60,,,defense,1.0,1.0
2023,TB,6-10,0-20,,,defense,1.0,0.0
2023,PIT,3-5,41-60,,,defense,2.0,1.0
2023,ARI,1,41-60,,,defense,1.0,0.0
2023,WAS,2,21-40,,,defense,2.0,0.5
2023,DET,6-10,41-60,,,defense,2.0,0.5
2023,GB,6-10,0-20,,,defense,1.0,1.0
2023,DAL,1,21-40,,,defense,2.0,1.0
2023,SF,3-5,41-60,,,defense,3.0,0.6666666666666667
2023,KC,3-5,81-100,,,defense,1.0,1.0
2023,LA,3-5,41-60,,,defense,2.0,0.5
2023,NYJ,1,61-80,,,defense,1.0,0.0
2024,NE,2,21-40,,,defense,1.0,1.0
2024,ATL,1,0-20,,,defense,3.0,0.3333333333333333
2016,GB,11+,81-100,,,defense,1.0,1.0
2018,MIN,11+,61-80,,,defense,1.0,1.0
2020,LA,11+,61-80,,,defense,2.0,1.0
2020,CLE,11+,21-40,,,defense,2.0,0.5
2021,JAX,3-5,61-80,,,defense,2.0,1.0
2024,BUF,2,41-60,,,defense,2.0,1.0
2024,JAX,1,41-60,,,defense,4.0,0.5
2024,JAX,1,21-40,,,defense,3.0,0.6666666666666667
2024,LAC,2,41-60,,,defense,3.0,0.3333333333333333
2024,ARI,2,41-60,,,defense,1.0,1.0
2024,NO,3-5,0-20,,,defense,2.0,0.5
2024,NYJ,11+,0-20,,,defense,1.0,1.0
2024,NE,1,21-40,,,defense,4.0,0.25
2024,MIN,2,0-20,,,defense,3.0,0.6666666666666667
2024,TB,1,21-40,,,defense,4.0,0.0
2024,BAL,11+,21-40,,,defense,2.0,1.0
2024,SEA,11+,61-80,,,defense,1.0,1.0
2024,NYJ,2,41-60,,,defense,2.0,0.0
2024,SF,1,0-20,,,defense,5.0,0.1999999999999999
2024,CIN,2,21-40,,,defense,3.0,0.6666666666666667
2024,WAS,2,0-20,,,defense,2.0,0.5
2024,BAL,1,61-80,,,defense,5.0,0.4
2024,LV,3-5,0-20,,,defense,3.0,0.6666666666666667
2024,IND,1,61-80,,,defense,3.0,0.6666666666666667
2024,DET,3-5,21-40,,,defense,4.0,0.5
2024,WAS,11+,41-60,,,defense,3.0,0.0
2024,CLE,2,0-20,,,defense,2.0,0.5
2024,LV,3-5,21-40,,,defense,2.0,1.0
2024,NE,11+,21-40,,,defense,1.0,1.0
2024,KC,6-10,41-60,,,defense,5.0,1.0
2024,MIN,2,21-40,,,defense,3.0,1.0
2024,MIN,6-10,81-100,,,defense,1.0,1.0
2024,WAS,3-5,61-80,,,defense,1.0,1.0
2024,DEN,1,61-80,,,defense,3.0,0.0
2024,MIN,1,61-80,,,defense,2.0,1.0
2024,ATL,2,41-60,,,defense,1.0,
2024,CLE,1,0-20,,,defense,2.0,1.0
2024,BAL,3-5,21-40,,,defense,4.0,0.75
2024,LAC,1,0-20,,,defense,1.0,0.0
2024,LAC,3-5,41-60,,,defense,3.0,0.6666666666666667
2024,MIA,1,0-20,,,defense,3.0,0.3333333333333333
2024,BAL,6-10,61-80,,,defense,2.0,0.0
2024,KC,6-10,81-100,,,defense,1.0,1.0
2024,ARI,2,61-80,,,defense,1.0,0.0
2024,NO,6-10,0-20,,,defense,2.0,1.0
2024,NO,2,21-40,,,defense,4.0,0.25
2024,GB,2,21-40,,,defense,2.0,0.5
2024,DAL,3-5,0-20,,,defense,1.0,1.0
2024,JAX,2,21-40,,,defense,2.0,0.0
2024,KC,3-5,21-40,,,defense,1.0,1.0
2024,SF,1,21-40,,,defense,2.0,0.5
2024,LA,6-10,41-60,,,defense,1.0,1.0
2024,LA,1,81-100,,,defense,1.0,1.0
2024,PIT,1,0-20,,,defense,1.0,0.0
2024,LAC,2,0-20,,,defense,1.0,0.0
2024,NYG,1,41-60,,,defense,2.0,1.0
2024,TEN,2,21-40,,,defense,2.0,0.0
2024,GB,2,0-20,,,defense,1.0,0.0
2024,ATL,1,61-80,,,defense,1.0,0.0
2024,ATL,6-10,61-80,,,defense,1.0,0.0
2024,DET,2,41-60,,,defense,1.0,0.0
2024,MIN,6-10,0-20,,,defense,3.0,0.6666666666666667
2024,JAX,3-5,61-80,,,defense,1.0,0.0
2024,CIN,11+,41-60,,,defense,2.0,1.0
2024,GB,2,41-60,,,defense,1.0,1.0
2024,SEA,1,41-60,,,defense,1.0,0.0
2016,BAL,1,21-40,,,defense,4.0,0.0
2016,DEN,11+,61-80,,,defense,2.0,1.0
2016,HOU,6-10,41-60,,,defense,3.0,1.0
2016,NYJ,1,41-60,,,defense,1.0,1.0
2016,CHI,2,21-40,,,defense,2.0,0.0
2016,SEA,11+,41-60,,,defense,1.0,1.0
2016,SF,1,0-20,,,defense,1.0,1.0
2016,MIN,3-5,41-60,,,defense,3.0,1.0
2016,MIN,11+,61-80,,,defense,1.0,1.0
2016,KC,6-10,21-40,,,defense,2.0,1.0
2016,LV,3-5,0-20,,,defense,1.0,1.0
2016,SEA,3-5,0-20,,,defense,2.0,0.0
2016,BUF,6-10,21-40,,,defense,1.0,1.0
2016,PIT,3-5,61-80,,,defense,1.0,1.0
2016,PIT,3-5,0-20,,,defense,3.0,0.3333333333333333
2016,MIN,3-5,21-40,,,defense,3.0,1.0
2016,DEN,1,21-40,,,defense,2.0,0.5
2016,ATL,1,61-80,,,defense,2.0,0.0
2016,PIT,6-10,41-60,,,defense,4.0,0.5
2016,WAS,2,61-80,,,defense,2.0,0.5
2016,SEA,6-10,61-80,,,defense,2.0,1.0
2016,NYG,1,61-80,,,defense,1.0,0.0
2016,HOU,11+,61-80,,,defense,1.0,1.0
2016,CAR,3-5,21-40,,,defense,3.0,0.3333333333333333
2016,DET,1,41-60,,,defense,2.0,0.5
2016,KC,6-10,61-80,,,defense,3.0,0.3333333333333333
2016,LAC,6-10,41-60,,,defense,2.0,1.0
2016,ATL,11+,41-60,,,defense,1.0,1.0
2016,CLE,1,21-40,,,defense,3.0,0.0
2016,MIA,6-10,81-100,,,defense,1.0,
2016,PIT,11+,61-80,,,defense,3.0,1.0
2016,NYJ,6-10,21-40,,,defense,3.0,1.0
2016,WAS,1,61-80,,,defense,2.0,0.5
2016,SEA,2,0-20,,,defense,1.0,1.0
2016,SF,3-5,41-60,,,defense,1.0,0.0
2016,DEN,11+,81-100,,,defense,1.0,1.0
2016,DET,2,41-60,,,defense,1.0,1.0
2016,LAC,6-10,21-40,,,defense,2.0,0.5
2016,MIA,2,41-60,,,defense,1.0,0.0
2016,CLE,1,41-60,,,defense,1.0,1.0
2016,NYG,6-10,81-100,,,defense,1.0,1.0
2016,KC,11+,0-20,,,defense,1.0,1.0
2016,SEA,1,21-40,,,defense,2.0,0.5
2016,HOU,6-10,81-100,,,defense,1.0,1.0
2016,MIA,2,0-20,,,defense,1.0,1.0
2016,GB,11+,21-40,,,defense,1.0,0.0
2016,LA,6-10,0-20,,,defense,1.0,1.0
2016,TB,2,0-20,,,defense,1.0,0.0
2017,DET,2,21-40,,,defense,1.0,0.0
2017,HOU,1,0-20,,,defense,1.0,0.0
2017,NE,11+,81-100,,,defense,1.0,1.0
2017,PHI,2,41-60,,,defense,5.0,0.6
2017,ARI,1,81-100,,,defense,1.0,
2017,TB,6-10,0-20,,,defense,1.0,1.0
2017,BAL,6-10,81-100,,,defense,1.0,1.0
2017,DAL,11+,21-40,,,defense,2.0,1.0
2017,NE,6-10,0-20,,,defense,1.0,1.0
2017,NE,3-5,21-40,,,defense,2.0,1.0
2017,BAL,1,21-40,,,defense,3.0,0.6666666666666667
2017,MIA,1,21-40,,,defense,3.0,1.0
2017,NYJ,6-10,21-40,,,defense,1.0,1.0
2017,WAS,11+,61-80,,,defense,2.0,1.0
2017,PIT,11+,41-60,,,defense,3.0,1.0
2017,CAR,3-5,21-40,,,defense,2.0,0.0
2017,CHI,1,21-40,,,defense,3.0,0.0
2017,GB,6-10,0-20,,,defense,1.0,0.0
2017,MIA,1,0-20,,,defense,3.0,0.6666666666666667
2017,DEN,3-5,81-100,,,defense,1.0,1.0
2017,NE,2,61-80,,,defense,2.0,0.5
2017,NYJ,1,21-40,,,defense,1.0,0.0
2017,NO,3-5,0-20,,,defense,1.0,1.0
2017,LV,3-5,21-40,,,defense,2.0,0.5
2017,NE,11+,41-60,,,defense,1.0,1.0
2017,PHI,1,41-60,,,defense,3.0,1.0
2017,KC,2,21-40,,,defense,1.0,1.0
2017,ATL,6-10,61-80,,,defense,1.0,1.0
2017,NE,6-10,41-60,,,defense,4.0,0.5
2017,TEN,3-5,81-100,,,defense,1.0,1.0
2017,TEN,3-5,61-80,,,defense,2.0,1.0
2017,DET,6-10,61-80,,,defense,1.0,0.0
2017,ATL,11+,41-60,,,defense,1.0,1.0
2017,ATL,6-10,0-20,,,defense,1.0,1.0
2017,TB,1,21-40,,,defense,1.0,1.0
2017,DET,1,61-80,,,defense,1.0,1.0
2017,NO,1,21-40,,,defense,1.0,1.0
2017,SEA,11+,21-40,,,defense,2.0,1.0
2017,SF,2,0-20,,,defense,1.0,1.0
2017,JAX,2,21-40,,,defense,2.0,0.5
2017,NYJ,1,41-60,,,defense,1.0,0.0
2017,JAX,6-10,41-60,,,defense,1.0,1.0
2017,LAC,3-5,21-40,,,defense,2.0,0.5
2017,IND,11+,0-20,,,defense,1.0,1.0
2017,DEN,6-10,61-80,,,defense,1.0,1.0
2017,SF,1,61-80,,,defense,1.0,0.0
2017,DAL,3-5,61-80,,,defense,1.0,1.0
2017,PIT,2,21-40,,,defense,1.0,1.0
2017,DET,3-5,0-20,,,defense,1.0,0.0
2017,LV,11+,21-40,,,defense,1.0,1.0
2017,LA,3-5,61-80,,,defense,1.0,1.0
2018,ATL,3-5,61-80,,,defense,1.0,1.0
2018,CHI,6-10,21-40,,,defense,3.0,0.6666666666666667
2018,HOU,1,21-40,,,defense,4.0,0.5
2018,JAX,2,21-40,,,defense,1.0,1.0
2018,PIT,3-5,0-20,,,defense,1.0,1.0
2018,MIA,3-5,0-20,,,defense,1.0,1.0
2018,ARI,1,41-60,,,defense,3.0,0.6666666666666667
2018,ARI,1,0-20,,,defense,5.0,0.1999999999999999
2018,BAL,11+,61-80,,,defense,1.0,1.0
2018,LV,1,0-20,,,defense,5.0,0.1999999999999999
2018,MIN,6-10,41-60,,,defense,2.0,0.5
2018,NO,6-10,0-20,,,defense,1.0,1.0
2018,DAL,6-10,21-40,,,defense,2.0,1.0
2018,IND,6-10,21-40,,,defense,1.0,0.0
2018,DEN,1,61-80,,,defense,1.0,0.0
2018,LA,1,21-40,,,defense,3.0,0.0
2018,PHI,3-5,41-60,,,defense,1.0,1.0
2018,CHI,3-5,21-40,,,defense,2.0,0.5
2018,NE,3-5,21-40,,,defense,3.0,0.3333333333333333
2018,CAR,3-5,21-40,,,defense,5.0,0.6
2018,TEN,3-5,21-40,,,defense,2.0,0.5
2018,NO,6-10,21-40,,,defense,5.0,0.6
2018,ARI,2,41-60,,,defense,1.0,1.0
2018,WAS,6-10,81-100,,,defense,1.0,1.0
2018,WAS,3-5,0-20,,,defense,1.0,1.0
2018,DAL,3-5,41-60,,,defense,3.0,0.6666666666666667
2018,KC,3-5,21-40,,,defense,1.0,1.0
2018,CHI,1,41-60,,,defense,4.0,0.25
2018,BAL,2,41-60,,,defense,1.0,1.0
2018,DET,6-10,81-100,,,defense,1.0,0.0
2018,CLE,3-5,0-20,,,defense,3.0,0.6666666666666667
2018,PIT,1,21-40,,,defense,2.0,0.5
2018,GB,1,21-40,,,defense,3.0,0.0
2018,NYG,1,0-20,,,defense,4.0,0.25
2018,MIN,3-5,41-60,,,defense,1.0,
2018,BUF,1,61-80,,,defense,1.0,1.0
2018,PIT,11+,81-100,,,defense,1.0,
2018,ARI,3-5,0-20,,,defense,1.0,0.0
2018,SF,6-10,21-40,,,defense,1.0,0.0
2018,TEN,3-5,61-80,,,defense,2.0,1.0
2018,CHI,6-10,61-80,,,defense,2.0,0.5
2018,LA,6-10,41-60,,,defense,1.0,1.0
2018,CHI,3-5,61-80,,,defense,2.0,1.0
2018,PIT,6-10,0-20,,,defense,1.0,0.0
2018,LV,11+,81-100,,,defense,2.0,1.0
2018,HOU,3-5,0-20,,,defense,1.0,0.0
2018,ARI,3-5,41-60,,,defense,1.0,1.0
2018,MIN,3-5,21-40,,,defense,1.0,1.0
2018,PIT,3-5,41-60,,,defense,1.0,1.0
2018,TEN,2,41-60,,,defense,1.0,0.0
2018,TEN,11+,61-80,,,defense,1.0,1.0
2018,DEN,6-10,61-80,,,defense,1.0,
2018,MIA,1,61-80,,,defense,1.0,1.0
2019,MIN,3-5,0-20,,,defense,3.0,0.3333333333333333
2019,MIA,1,61-80,,,defense,1.0,0.0
2019,BUF,6-10,41-60,,,defense,3.0,0.6666666666666667
2019,SEA,3-5,41-60,,,defense,2.0,1.0
2019,CLE,3-5,81-100,,,defense,1.0,1.0
2019,TEN,11+,41-60,,,defense,1.0,1.0
2019,WAS,2,21-40,,,defense,3.0,0.3333333333333333
2019,BAL,2,41-60,,,defense,1.0,0.0
2019,TEN,1,61-80,,,defense,1.0,0.0
2019,JAX,1,0-20,,,defense,4.0,0.5
2019,HOU,1,41-60,,,defense,3.0,0.6666666666666667
2019,NE,6-10,21-40,,,defense,2.0,0.5
2019,PIT,3-5,21-40,,,defense,2.0,1.0
2019,SF,11+,21-40,,,defense,1.0,1.0
2019,TB,1,0-20,,,defense,5.0,0.4
2019,CAR,1,21-40,,,defense,1.0,0.0
2019,DET,11+,41-60,,,defense,1.0,1.0
2019,HOU,2,21-40,,,defense,2.0,0.5
2019,HOU,11+,21-40,,,defense,2.0,1.0
2019,LV,6-10,41-60,,,defense,2.0,0.0
2019,TEN,2,21-40,,,defense,2.0,1.0
2019,WAS,1,41-60,,,defense,2.0,0.5
2019,TB,1,21-40,,,defense,4.0,0.5
2019,ATL,3-5,61-80,,,defense,3.0,0.6666666666666667
2019,NE,6-10,61-80,,,defense,1.0,1.0
2019,IND,6-10,81-100,,,defense,1.0,1.0
2019,NO,3-5,41-60,,,defense,3.0,0.3333333333333333
2019,ARI,2,41-60,,,defense,1.0,1.0
2019,SF,11+,41-60,,,defense,3.0,1.0
2019,LA,6-10,0-20,,,defense,2.0,1.0
2019,CLE,6-10,21-40,,,defense,1.0,0.0
2019,NE,11+,81-100,,,defense,1.0,1.0
2019,NYG,3-5,41-60,,,defense,1.0,1.0
2019,BUF,1,21-40,,,defense,2.0,0.5
2019,CHI,2,21-40,,,defense,1.0,0.0
2019,DET,3-5,21-40,,,defense,1.0,1.0
2019,JAX,3-5,21-40,,,defense,2.0,1.0
2019,KC,3-5,81-100,,,defense,1.0,0.0
2019,CLE,2,41-60,,,defense,1.0,1.0
2019,CLE,11+,61-80,,,defense,1.0,1.0
2019,DAL,11+,0-20,,,defense,1.0,1.0
2019,SF,3-5,21-40,,,defense,2.0,1.0
2019,IND,6-10,41-60,,,defense,2.0,0.0
2019,CIN,6-10,41-60,,,defense,1.0,1.0
2019,PHI,1,21-40,,,defense,2.0,0.0
2019,DAL,3-5,61-80,,,defense,1.0,0.0
2020,ARI,1,0-20,,,defense,4.0,0.75
2020,BAL,3-5,21-40,,,defense,5.0,0.6
2020,GB,3-5,21-40,,,defense,4.0,0.25
2020,JAX,1,61-80,,,defense,4.0,0.0
2020,CIN,2,21-40,,,defense,1.0,1.0
2020,LAC,2,41-60,,,defense,4.0,0.6666666666666667
2020,MIA,1,0-20,,,defense,6.0,0.3333333333333333
2020,SEA,2,61-80,,,defense,1.0,1.0
2020,TEN,1,0-20,,,defense,5.0,0.4
2020,HOU,1,21-40,,,defense,6.0,0.3333333333333333
2020,TB,2,21-40,,,defense,2.0,1.0
2020,PIT,2,0-20,,,defense,2.0,0.5
2020,TEN,3-5,21-40,,,defense,3.0,0.3333333333333333
2020,CIN,6-10,41-60,,,defense,2.0,1.0
2020,CIN,11+,41-60,,,defense,1.0,1.0
2020,SEA,1,41-60,,,defense,4.0,0.0
2020,KC,2,0-20,,,defense,2.0,1.0
2020,BAL,1,21-40,,,defense,4.0,0.25
2020,LA,6-10,0-20,,,defense,1.0,1.0
2020,GB,2,0-20,,,defense,1.0,0.0
2020,DET,3-5,41-60,,,defense,3.0,0.3333333333333333
2020,NO,2,21-40,,,defense,2.0,0.5
2020,LA,1,41-60,,,defense,3.0,0.6666666666666667
2020,NO,6-10,41-60,,,defense,3.0,1.0
2020,SEA,1,0-20,,,defense,3.0,0.6666666666666667
2020,DAL,11+,41-60,,,defense,1.0,1.0
2020,MIN,3-5,21-40,,,defense,1.0,0.0
2020,PIT,1,41-60,,,defense,2.0,1.0
2020,GB,1,41-60,,,defense,4.0,0.25
2020,LAC,2,61-80,,,defense,1.0,0.0
2020,PIT,3-5,61-80,,,defense,3.0,1.0
2020,SEA,3-5,0-20,,,defense,2.0,1.0
2020,DAL,6-10,21-40,,,defense,2.0,1.0
2020,IND,6-10,0-20,,,defense,1.0,1.0
2020,LA,6-10,21-40,,,defense,1.0,
2020,LV,1,0-20,,,defense,2.0,0.0
2020,NO,6-10,61-80,,,defense,2.0,0.5
2020,NYJ,3-5,41-60,,,defense,1.0,0.0
2020,NE,6-10,61-80,,,defense,1.0,1.0
2020,CIN,2,61-80,,,defense,1.0,1.0
2020,TB,3-5,41-60,,,defense,2.0,0.5
2020,CAR,3-5,21-40,,,defense,2.0,0.0
2020,CAR,11+,61-80,,,defense,1.0,1.0
2020,IND,1,21-40,,,defense,2.0,1.0
2020,LAC,6-10,21-40,,,defense,2.0,1.0
2020,BUF,1,21-40,,,defense,1.0,1.0
2020,BUF,2,61-80,,,defense,1.0,0.0
2020,BAL,3-5,0-20,,,defense,1.0,1.0
2020,WAS,1,0-20,,,defense,2.0,0.5
2020,LA,3-5,41-60,,,defense,1.0,1.0
2020,GB,6-10,61-80,,,defense,1.0,1.0
2020,IND,1,41-60,,,defense,2.0,0.5
2020,NE,6-10,41-60,,,defense,2.0,0.5
2020,PHI,2,61-80,,,defense,1.0,0.0
2020,CIN,3-5,0-20,,,defense,1.0,1.0
2020,TB,11+,81-100,,,defense,2.0,1.0
2020,PIT,11+,0-20,,,defense,1.0,1.0
2020,LV,2,21-40,,,defense,1.0,0.0
2020,SF,3-5,41-60,,,defense,2.0,0.0
2020,BUF,3-5,0-20,,,defense,1.0,1.0
2020,SF,3-5,0-20,,,defense,1.0,0.0
2021,TEN,6-10,41-60,,,defense,3.0,0.0
2021,KC,3-5,0-20,,,defense,5.0,0.4
2021,JAX,2,21-40,,,defense,4.0,0.25
2021,MIN,1,61-80,,,defense,3.0,0.6666666666666667
2021,NYJ,1,0-20,,,defense,4.0,0.75
2021,SF,3-5,41-60,,,defense,1.0,1.0
2021,BUF,3-5,0-20,,,defense,4.0,0.75
2021,NO,11+,41-60,,,defense,3.0,0.6666666666666667
2021,NYG,1,61-80,,,defense,3.0,0.3333333333333333
2021,ARI,3-5,41-60,,,defense,3.0,0.6666666666666667
2021,CHI,1,0-20,,,defense,5.0,0.6
2021,IND,3-5,61-80,,,defense,1.0,1.0
2021,NE,1,41-60,,,defense,7.0,0.1428571428571429
2021,PHI,1,0-20,,,defense,3.0,0.3333333333333333
2021,MIN,11+,41-60,,,defense,2.0,1.0
2021,LA,2,41-60,,,defense,1.0,1.0
2021,IND,11+,21-40,,,defense,1.0,1.0
2021,CIN,2,21-40,,,defense,1.0,0.0
2021,PIT,6-10,0-20,,,defense,2.0,1.0
2021,GB,3-5,41-60,,,defense,5.0,0.6
2021,PIT,3-5,21-40,,,defense,3.0,1.0
2021,CHI,3-5,61-80,,,defense,3.0,1.0
2021,GB,11+,21-40,,,defense,2.0,1.0
2021,TB,3-5,41-60,,,defense,3.0,0.6666666666666667
2021,ARI,2,61-80,,,defense,1.0,1.0
2021,CIN,1,61-80,,,defense,3.0,0.3333333333333333
2021,NE,1,61-80,,,defense,2.0,1.0
2021,DEN,3-5,0-20,,,defense,2.0,0.5
2021,TEN,11+,21-40,,,defense,2.0,1.0
2021,SEA,1,41-60,,,defense,4.0,0.25
2021,SEA,3-5,21-40,,,defense,4.0,0.5
2021,NO,11+,81-100,,,defense,1.0,1.0
2021,HOU,3-5,0-20,,,defense,1.0,1.0
2021,NE,6-10,61-80,,,defense,1.0,
2021,PHI,3-5,61-80,,,defense,1.0,1.0
2021,PIT,11+,21-40,,,defense,2.0,1.0
2021,CLE,11+,61-80,,,defense,3.0,0.6666666666666667
2021,CAR,2,21-40,,,defense,1.0,0.0
2021,TEN,1,21-40,,,defense,5.0,0.4
2021,BUF,6-10,0-20,,,defense,1.0,1.0
2021,KC,11+,0-20,,,defense,1.0,1.0
2021,PHI,6-10,0-20,,,defense,1.0,1.0
2021,HOU,1,61-80,,,defense,1.0,0.0
2021,ATL,6-10,61-80,,,defense,1.0,1.0
2021,MIA,2,61-80,,,defense,1.0,0.0
2021,BAL,6-10,61-80,,,defense,1.0,1.0
2021,SF,2,0-20,,,defense,1.0,0.0
2021,NYJ,2,61-80,,,defense,2.0,0.5
2021,ARI,2,41-60,,,defense,2.0,1.0
2021,ATL,6-10,41-60,,,defense,3.0,0.6666666666666667
2021,CLE,6-10,41-60,,,defense,1.0,1.0
2021,DEN,2,61-80,,,defense,1.0,1.0
2021,KC,1,61-80,,,defense,2.0,0.5
2021,NYG,3-5,0-20,,,defense,2.0,1.0
2021,LAC,6-10,61-80,,,defense,1.0,1.0
2021,SEA,3-5,41-60,,,defense,3.0,1.0
2021,IND,6-10,41-60,,,defense,2.0,1.0
2021,ATL,1,0-20,,,defense,2.0,0.0
2021,NYG,2,0-20,,,defense,1.0,0.0
2021,CIN,2,0-20,,,defense,1.0,1.0
2021,LV,1,81-100,,,defense,1.0,1.0
2021,LV,6-10,81-100,,,defense,1.0,0.0
2021,NYJ,3-5,21-40,,,defense,1.0,1.0
2022,BUF,1,61-80,,,defense,3.0,0.0
2022,CAR,2,41-60,,,defense,2.0,1.0
2022,MIN,1,0-20,,,defense,4.0,0.75
2022,HOU,3-5,0-20,,,defense,2.0,1.0
2022,LV,1,21-40,,,defense,3.0,0.6666666666666667
2022,TB,2,41-60,,,defense,2.0,0.5
2022,LV,1,0-20,,,defense,5.0,0.6
2022,LA,2,41-60,,,defense,4.0,0.5
2022,KC,1,41-60,,,defense,7.0,0.2857142857142857
2022,BAL,1,61-80,,,defense,2.0,0.5
2022,NO,1,0-20,,,defense,4.0,0.5
2022,TB,6-10,61-80,,,defense,2.0,1.0
2022,WAS,3-5,21-40,,,defense,3.0,0.3333333333333333
2022,ATL,2,41-60,,,defense,1.0,0.0
2022,MIN,6-10,41-60,,,defense,3.0,0.6666666666666667
2022,IND,11+,21-40,,,defense,2.0,0.5
2022,CLE,3-5,41-60,,,defense,6.0,0.6666666666666667
2022,CAR,1,0-20,,,defense,2.0,1.0
2022,PHI,3-5,21-40,,,defense,3.0,0.6666666666666667
2022,JAX,1,0-20,,,defense,1.0,0.0
2022,LAC,1,21-40,,,defense,2.0,0.5
2022,NE,6-10,21-40,,,defense,4.0,1.0
2022,SEA,6-10,41-60,,,defense,4.0,0.75
2022,TEN,3-5,0-20,,,defense,2.0,1.0
2022,GB,11+,81-100,,,defense,1.0,1.0
2022,ARI,1,0-20,,,defense,3.0,0.0
2022,PHI,3-5,61-80,,,defense,3.0,0.3333333333333333
2022,TEN,3-5,21-40,,,defense,3.0,1.0
2022,WAS,2,41-60,,,defense,1.0,0.0
2022,TEN,1,61-80,,,defense,3.0,0.3333333333333333
2022,ARI,11+,81-100,,,defense,1.0,1.0
2022,MIN,1,61-80,,,defense,2.0,1.0
2022,NE,1,0-20,,,defense,1.0,1.0
2022,GB,3-5,21-40,,,defense,2.0,1.0
2022,DEN,6-10,81-100,,,defense,1.0,1.0
2022,SEA,1,21-40,,,defense,1.0,1.0
2022,JAX,1,21-40,,,defense,2.0,0.0
2022,IND,3-5,0-20,,,defense,1.0,1.0
2022,JAX,6-10,61-80,,,defense,2.0,1.0
2022,CHI,1,0-20,,,defense,1.0,1.0
2022,ARI,1,41-60,,,defense,2.0,0.5
2022,CAR,11+,61-80,,,defense,1.0,1.0
2022,IND,2,41-60,,,defense,1.0,1.0
2022,SF,3-5,81-100,,,defense,1.0,1.0
2022,MIN,2,0-20,,,defense,1.0,1.0
2022,HOU,1,41-60,,,defense,2.0,0.5
2022,MIN,11+,21-40,,,defense,2.0,1.0
2022,DEN,2,0-20,,,defense,1.0,0.0
2022,CIN,3-5,0-20,,,defense,2.0,0.0
2022,SF,2,21-40,,,defense,1.0,1.0
2022,CIN,11+,61-80,,,defense,1.0,1.0
2022,MIA,1,61-80,,,defense,1.0,0.0
2022,KC,6-10,21-40,,,defense,3.0,0.6666666666666667
2022,DAL,6-10,41-60,,,defense,1.0,1.0
2022,DAL,11+,41-60,,,defense,1.0,1.0
2023,ATL,11+,21-40,,,defense,2.0,1.0
2023,DAL,11+,61-80,,,defense,1.0,1.0
2023,SF,3-5,21-40,,,defense,4.0,0.5
2023,MIN,1,61-80,,,defense,4.0,0.75
2023,TEN,1,21-40,,,defense,4.0,0.0
2023,MIA,1,21-40,,,defense,4.0,0.3333333333333333
2023,NO,2,41-60,,,defense,6.0,0.3333333333333333
2023,SF,1,61-80,,,defense,1.0,1.0
2023,KC,1,0-20,,,defense,3.0,0.3333333333333333
2023,MIA,11+,21-40,,,defense,1.0,1.0
2023,HOU,1,41-60,,,defense,3.0,0.6666666666666667
2023,IND,3-5,41-60,,,defense,3.0,0.6666666666666667
2023,TEN,1,41-60,,,defense,1.0,1.0
2023,BAL,11+,81-100,,,defense,1.0,1.0
2023,BUF,1,41-60,,,defense,3.0,0.6666666666666667
2023,BUF,6-10,0-20,,,defense,1.0,1.0
2023,BUF,11+,41-60,,,defense,2.0,1.0
2023,NO,1,61-80,,,defense,4.0,0.75
2023,CAR,3-5,21-40,,,defense,3.0,0.6666666666666667
2023,ARI,11+,61-80,,,defense,1.0,1.0
2023,KC,1,61-80,,,defense,1.0,0.0
2023,PHI,1,21-40,,,defense,7.0,0.2857142857142857
2023,BUF,6-10,61-80,,,defense,1.0,1.0
2023,PHI,3-5,21-40,,,defense,3.0,1.0
2023,SF,1,41-60,,,defense,4.0,0.25
2023,WAS,3-5,0-20,,,defense,1.0,0.0
2023,WAS,6-10,41-60,,,defense,1.0,1.0
2023,CLE,11+,81-100,,,defense,1.0,1.0
2023,JAX,6-10,0-20,,,defense,1.0,1.0
2023,TEN,1,61-80,,,defense,2.0,0.5
2023,MIN,6-10,61-80,,,defense,1.0,
2023,NE,3-5,41-60,,,defense,2.0,0.0
2023,WAS,3-5,21-40,,,defense,3.0,1.0
2023,IND,1,21-40,,,defense,3.0,0.3333333333333333
2023,LAC,3-5,61-80,,,defense,1.0,0.0
2023,GB,2,41-60,,,defense,2.0,0.5
2023,GB,2,21-40,,,defense,2.0,1.0
2023,ATL,6-10,21-40,,,defense,3.0,0.6666666666666667
2023,LV,1,21-40,,,defense,2.0,1.0
2023,LV,3-5,61-80,,,defense,1.0,1.0
2023,DAL,2,0-20,,,defense,1.0,1.0
2023,NYJ,3-5,41-60,,,defense,3.0,0.6666666666666667
2023,GB,1,61-80,,,defense,2.0,0.5
2023,DEN,3-5,61-80,,,defense,1.0,0.0
2023,PHI,11+,61-80,,,defense,1.0,1.0
2023,JAX,11+,21-40,,,defense,1.0,
2023,TEN,3-5,21-40,,,defense,2.0,0.0
2023,MIN,6-10,21-40,,,defense,1.0,0.0
2023,TB,6-10,21-40,,,defense,4.0,0.75
2023,DET,11+,21-40,,,defense,1.0,0.0
2023,CHI,1,61-80,,,defense,1.0,1.0
2023,NYJ,2,61-80,,,defense,1.0,1.0
2023,JAX,6-10,21-40,,,defense,3.0,1.0
2023,CHI,2,0-20,,,defense,1.0,0.0
2023,NO,6-10,21-40,,,defense,2.0,0.5
2023,NYJ,2,21-40,,,defense,1.0,0.0
2023,LA,6-10,0-20,,,defense,1.0,1.0
2023,TEN,11+,41-60,,,defense,1.0,1.0
2023,JAX,3-5,81-100,,,defense,1.0,1.0
2023,CIN,1,21-40,,,defense,1.0,0.0
2023,KC,2,61-80,,,defense,1.0,1.0
2023,SF,2,0-20,,,defense,1.0,0.0
2023,TB,3-5,21-40,,,defense,1.0,0.0
2016,CAR,2,0-20,,,defense,1.0,0.0
2018,NYG,11+,21-40,,,defense,1.0,0.0
2023,MIA,11+,61-80,,,defense,2.0,1.0
2024,BAL,2,21-40,,,defense,3.0,0.6666666666666667
2024,DAL,11+,61-80,,,defense,1.0,1.0
2024,CAR,3-5,21-40,,,defense,2.0,1.0
2024,JAX,1,0-20,,,defense,3.0,0.0
2024,BUF,1,21-40,,,defense,3.0,0.3333333333333333
2024,BUF,1,41-60,,,defense,3.0,0.0
2024,KC,2,0-20,,,defense,1.0,0.0
2024,SEA,2,0-20,,,defense,2.0,1.0
2024,NYJ,6-10,21-40,,,defense,2.0,0.0
2024,NYG,3-5,41-60,,,defense,5.0,0.8
2024,SF,6-10,41-60,,,defense,2.0,0.0
2024,CIN,3-5,61-80,,,defense,1.0,1.0
2024,DEN,1,0-20,,,defense,3.0,0.3333333333333333
2024,MIN,6-10,21-40,,,defense,3.0,1.0
2024,DET,3-5,0-20,,,defense,4.0,1.0
2024,ARI,11+,21-40,,,defense,1.0,1.0
2024,CLE,6-10,41-60,,,defense,3.0,1.0
2024,NE,1,61-80,,,defense,1.0,1.0
2024,MIA,3-5,61-80,,,defense,4.0,1.0
2024,DEN,11+,21-40,,,defense,1.0,1.0
2024,DEN,1,21-40,,,defense,4.0,0.25
2024,LV,1,41-60,,,defense,2.0,1.0
2024,LA,1,41-60,,,defense,2.0,0.0
2024,IND,3-5,41-60,,,defense,1.0,1.0
2024,NYJ,1,0-20,,,defense,4.0,0.25
2024,SEA,3-5,61-80,,,defense,2.0,0.0
2024,WAS,6-10,41-60,,,defense,2.0,0.5
2024,WAS,3-5,0-20,,,defense,2.0,0.5
2024,KC,1,21-40,,,defense,5.0,0.4
2024,PIT,2,21-40,,,defense,2.0,0.5
2024,ARI,3-5,41-60,,,defense,3.0,0.3333333333333333
2024,ATL,11+,21-40,,,defense,3.0,1.0
2024,BAL,1,41-60,,,defense,2.0,1.0
2024,MIN,6-10,41-60,,,defense,3.0,1.0
2024,PHI,11+,41-60,,,defense,2.0,0.0
2024,CIN,3-5,41-60,,,defense,1.0,1.0
2024,BUF,3-5,21-40,,,defense,3.0,0.3333333333333333
2024,ATL,2,0-20,,,defense,2.0,0.5
2024,NO,3-5,41-60,,,defense,5.0,1.0
2024,BUF,6-10,21-40,,,defense,3.0,0.3333333333333333
2024,CHI,1,61-80,,,defense,1.0,1.0
2024,NE,2,41-60,,,defense,2.0,0.0
2024,NE,6-10,41-60,,,defense,2.0,1.0
2024,NYJ,1,41-60,,,defense,1.0,0.0
2024,WAS,11+,81-100,,,defense,1.0,1.0
2024,LAC,1,21-40,,,defense,2.0,0.0
2024,CHI,3-5,41-60,,,defense,1.0,1.0
2024,NYJ,3-5,61-80,,,defense,1.0,1.0
2024,KC,2,21-40,,,defense,2.0,0.0
2024,LA,2,0-20,,,defense,2.0,0.5
2024,TB,6-10,41-60,,,defense,4.0,1.0
2024,HOU,6-10,21-40,,,defense,1.0,0.0
2024,CAR,1,0-20,,,defense,2.0,0.0
2024,TEN,6-10,61-80,,,defense,1.0,
2024,BUF,3-5,61-80,,,defense,1.0,0.0
2024,DEN,6-10,0-20,,,defense,1.0,1.0
2024,DEN,11+,61-80,,,defense,2.0,1.0
2024,DET,11+,21-40,,,defense,1.0,1.0
2024,SEA,3-5,21-40,,,defense,1.0,0.0
2024,WAS,11+,0-20,,,defense,1.0,0.0
2024,KC,1,41-60,,,defense,1.0,1.0
2024,LAC,2,61-80,,,defense,1.0,1.0
2024,LV,2,61-80,,,defense,1.0,0.0
2016,BUF,11+,21-40,,,defense,1.0,1.0
2016,SF,6-10,21-40,,,defense,1.0,1.0
2016,NO,3-5,0-20,,,defense,3.0,1.0
2016,PIT,6-10,61-80,,,defense,3.0,0.3333333333333333
2016,CLE,2,21-40,,,defense,2.0,0.5
2016,CIN,6-10,41-60,,,defense,1.0,1.0
2016,MIN,2,0-20,,,defense,1.0,1.0
2016,NE,3-5,21-40,,,defense,4.0,0.5
2016,SEA,3-5,21-40,,,defense,1.0,1.0
2016,BUF,6-10,0-20,,,defense,2.0,1.0
2016,JAX,2,41-60,,,defense,2.0,0.5
2016,DAL,3-5,0-20,,,defense,2.0,0.5
2016,NE,2,41-60,,,defense,1.0,1.0
2016,PHI,3-5,21-40,,,defense,4.0,0.5
2016,NYG,11+,41-60,,,defense,1.0,0.0
2016,NYG,6-10,61-80,,,defense,2.0,0.0
2016,BUF,11+,41-60,,,defense,1.0,1.0
2016,WAS,6-10,41-60,,,defense,1.0,1.0
2016,DET,1,21-40,,,defense,1.0,1.0
2016,IND,6-10,41-60,,,defense,2.0,1.0
2016,CIN,3-5,61-80,,,defense,3.0,1.0
2016,LAC,2,0-20,,,defense,2.0,0.5
2016,TEN,11+,21-40,,,defense,1.0,1.0
2016,TEN,6-10,21-40,,,defense,3.0,1.0
2016,MIN,11+,21-40,,,defense,1.0,1.0
2016,TB,1,0-20,,,defense,2.0,0.0
2016,WAS,2,0-20,,,defense,2.0,1.0
2016,TEN,1,61-80,,,defense,3.0,0.0
2016,GB,1,41-60,,,defense,4.0,0.25
2016,LAC,1,41-60,,,defense,4.0,0.5
2016,DEN,3-5,41-60,,,defense,2.0,1.0
2016,NE,11+,41-60,,,defense,1.0,1.0
2016,ARI,2,0-20,,,defense,2.0,1.0
2016,CHI,2,41-60,,,defense,1.0,0.0
2016,DEN,2,0-20,,,defense,2.0,1.0
2016,CIN,11+,41-60,,,defense,1.0,1.0
2016,PIT,1,41-60,,,defense,1.0,1.0
2016,BAL,11+,21-40,,,defense,1.0,1.0
2016,CIN,3-5,0-20,,,defense,3.0,0.0
2016,CIN,6-10,61-80,,,defense,1.0,1.0
2016,KC,11+,41-60,,,defense,1.0,1.0
2016,IND,11+,81-100,,,defense,1.0,1.0
2016,MIA,11+,41-60,,,defense,1.0,0.0
2016,DAL,11+,61-80,,,defense,1.0,1.0
2016,LV,3-5,21-40,,,defense,2.0,1.0
2016,PHI,3-5,0-20,,,defense,1.0,1.0
2016,CIN,1,41-60,,,defense,1.0,0.0
2016,CAR,11+,21-40,,,defense,1.0,1.0
2017,CAR,3-5,41-60,,,defense,2.0,0.5
2017,LA,6-10,21-40,,,defense,2.0,1.0
2017,JAX,3-5,81-100,,,defense,1.0,1.0
2017,TEN,11+,21-40,,,defense,3.0,1.0
2017,DEN,3-5,0-20,,,defense,1.0,1.0
2017,DET,2,0-20,,,defense,1.0,1.0
2017,DET,3-5,41-60,,,defense,2.0,0.5
2017,HOU,6-10,41-60,,,defense,2.0,0.5
2017,NO,11+,21-40,,,defense,1.0,1.0
2017,LV,1,0-20,,,defense,5.0,0.6
2017,SF,1,41-60,,,defense,3.0,0.0
2017,WAS,6-10,41-60,,,defense,1.0,0.0
2017,JAX,6-10,21-40,,,defense,2.0,0.5
2017,KC,3-5,21-40,,,defense,2.0,0.5
2017,KC,6-10,21-40,,,defense,3.0,0.6666666666666667
2017,TEN,6-10,41-60,,,defense,4.0,0.25
2017,LA,6-10,41-60,,,defense,2.0,0.5
2017,PHI,6-10,41-60,,,defense,2.0,1.0
2017,BAL,11+,81-100,,,defense,1.0,1.0
2017,TEN,1,41-60,,,defense,1.0,1.0
2017,DET,1,41-60,,,defense,2.0,0.0
2017,MIN,1,41-60,,,defense,3.0,1.0
2017,NYG,3-5,41-60,,,defense,1.0,1.0
2017,NYG,1,0-20,,,defense,2.0,1.0
2017,PIT,1,61-80,,,defense,1.0,1.0
2017,WAS,1,0-20,,,defense,1.0,0.0
2017,WAS,11+,41-60,,,defense,1.0,1.0
2017,CHI,2,21-40,,,defense,1.0,1.0
2017,PIT,1,0-20,,,defense,4.0,0.5
2017,JAX,11+,21-40,,,defense,1.0,1.0
2018,NYG,6-10,0-20,,,defense,1.0,1.0
2017,DEN,6-10,21-40,,,defense,2.0,1.0
2017,DET,11+,41-60,,,defense,1.0,1.0
2017,LV,6-10,21-40,,,defense,2.0,0.5
2017,JAX,1,81-100,,,defense,1.0,
2017,TB,6-10,21-40,,,defense,1.0,1.0
2017,SEA,3-5,41-60,,,defense,1.0,0.0
2017,BAL,11+,41-60,,,defense,3.0,0.6666666666666667
2017,NE,6-10,21-40,,,defense,1.0,0.0
2017,CAR,6-10,41-60,,,defense,1.0,1.0
2017,DAL,11+,0-20,,,defense,2.0,1.0
2017,MIA,6-10,21-40,,,defense,2.0,1.0
2017,DET,1,0-20,,,defense,1.0,1.0
2017,CAR,2,0-20,,,defense,1.0,0.0
2017,SEA,1,21-40,,,defense,3.0,0.3333333333333333
2017,CHI,11+,41-60,,,defense,1.0,1.0
2017,JAX,11+,61-80,,,defense,1.0,1.0
2017,ARI,2,41-60,,,defense,1.0,1.0
2017,ARI,6-10,21-40,,,defense,1.0,0.0
2017,KC,11+,0-20,,,defense,1.0,1.0
2017,TB,11+,41-60,,,defense,1.0,1.0
2018,ATL,11+,61-80,,,defense,1.0,
2018,GB,6-10,41-60,,,defense,2.0,1.0
2018,KC,2,21-40,,,defense,2.0,0.0
2018,SEA,3-5,21-40,,,defense,1.0,
2018,TEN,6-10,41-60,,,defense,5.0,0.75
2018,NO,1,21-40,,,defense,3.0,0.6666666666666667
2018,SF,2,61-80,,,defense,1.0,1.0
2018,HOU,1,61-80,,,defense,1.0,0.0
2018,MIN,1,0-20,,,defense,3.0,0.3333333333333333
2018,SEA,3-5,61-80,,,defense,1.0,0.0
2018,PHI,2,21-40,,,defense,2.0,0.0
2018,PHI,3-5,0-20,,,defense,2.0,1.0
2018,KC,6-10,0-20,,,defense,2.0,1.0
2018,CLE,6-10,0-20,,,defense,1.0,1.0
2018,DET,1,0-20,,,defense,3.0,0.6666666666666667
2018,NE,2,41-60,,,defense,1.0,0.0
2018,ARI,1,21-40,,,defense,1.0,0.0
2018,CLE,1,41-60,,,defense,7.0,0.0
2018,DET,11+,21-40,,,defense,1.0,0.0
2018,NE,3-5,41-60,,,defense,2.0,0.5
2018,NO,3-5,61-80,,,defense,2.0,1.0
2018,JAX,3-5,0-20,,,defense,2.0,1.0
2018,SF,3-5,21-40,,,defense,2.0,0.5
2018,BUF,1,41-60,,,defense,2.0,0.0
2018,IND,3-5,0-20,,,defense,1.0,1.0
2018,CIN,3-5,0-20,,,defense,2.0,0.5
2018,NO,6-10,41-60,,,defense,2.0,0.5
2018,DET,6-10,41-60,,,defense,2.0,0.5
2018,MIN,1,21-40,,,defense,2.0,0.0
2018,LAC,2,0-20,,,defense,2.0,1.0
2018,KC,11+,41-60,,,defense,2.0,1.0
2018,KC,3-5,41-60,,,defense,2.0,0.0
2018,BUF,6-10,41-60,,,defense,1.0,0.0
2018,NO,11+,21-40,,,defense,1.0,1.0
2018,CLE,6-10,41-60,,,defense,3.0,0.6666666666666667
2018,GB,2,0-20,,,defense,2.0,0.5
2018,JAX,6-10,61-80,,,defense,1.0,
2018,MIA,1,21-40,,,defense,2.0,0.0
2018,BAL,1,21-40,,,defense,2.0,0.0
2018,DEN,2,0-20,,,defense,1.0,0.0
2018,TB,11+,61-80,,,defense,2.0,1.0
2018,JAX,6-10,0-20,,,defense,2.0,1.0
2018,JAX,1,0-20,,,defense,3.0,0.6666666666666667
2018,NYG,2,21-40,,,defense,1.0,1.0
2018,PIT,1,0-20,,,defense,2.0,0.5
2018,IND,11+,41-60,,,defense,1.0,1.0
2018,DET,1,41-60,,,defense,2.0,0.5
2018,PIT,2,21-40,,,defense,1.0,1.0
2018,BAL,6-10,21-40,,,defense,1.0,1.0
2018,IND,11+,81-100,,,defense,1.0,1.0
2019,NYJ,1,21-40,,,defense,2.0,1.0
2019,BUF,1,61-80,,,defense,1.0,0.0
2019,SEA,1,21-40,,,defense,1.0,1.0
2019,LA,11+,41-60,,,defense,3.0,1.0
2019,TB,2,21-40,,,defense,3.0,1.0
2019,PHI,1,61-80,,,defense,2.0,1.0
2019,CLE,3-5,41-60,,,defense,2.0,1.0
2019,DET,6-10,61-80,,,defense,3.0,0.5
2019,MIN,1,21-40,,,defense,2.0,1.0
2019,KC,1,61-80,,,defense,4.0,0.0
2019,NO,3-5,0-20,,,defense,2.0,1.0
2019,JAX,6-10,0-20,,,defense,1.0,1.0
2019,PIT,6-10,61-80,,,defense,2.0,1.0
2019,MIA,3-5,21-40,,,defense,2.0,0.5
2019,LAC,11+,41-60,,,defense,2.0,1.0
2019,MIN,1,41-60,,,defense,3.0,0.6666666666666667
2019,TB,6-10,21-40,,,defense,3.0,0.6666666666666667
2019,PIT,1,41-60,,,defense,2.0,0.5
2019,CLE,1,21-40,,,defense,3.0,0.3333333333333333
2019,TB,6-10,61-80,,,defense,3.0,0.6666666666666667
2019,MIN,11+,61-80,,,defense,1.0,0.0
2019,LA,6-10,41-60,,,defense,2.0,0.5
2019,DEN,3-5,0-20,,,defense,1.0,1.0
2019,NO,6-10,0-20,,,defense,1.0,0.0
2019,CLE,3-5,21-40,,,defense,3.0,0.6666666666666667
2019,PHI,6-10,21-40,,,defense,2.0,1.0
2019,SEA,2,21-40,,,defense,3.0,1.0
2019,CHI,1,21-40,,,defense,2.0,1.0
2019,PIT,2,0-20,,,defense,2.0,0.5
2019,BAL,6-10,0-20,,,defense,3.0,1.0
2019,IND,3-5,21-40,,,defense,4.0,0.5
2019,DEN,1,61-80,,,defense,3.0,0.6666666666666667
2019,IND,3-5,41-60,,,defense,1.0,1.0
2019,WAS,11+,0-20,,,defense,1.0,1.0
2019,NYJ,11+,61-80,,,defense,1.0,1.0
2019,CAR,1,61-80,,,defense,1.0,1.0
2019,DEN,1,21-40,,,defense,1.0,1.0
2019,CHI,11+,21-40,,,defense,3.0,0.5
2019,GB,1,41-60,,,defense,1.0,0.0
2019,LAC,3-5,61-80,,,defense,1.0,1.0
2019,LA,2,61-80,,,defense,1.0,0.0
2019,BAL,1,21-40,,,defense,3.0,1.0
2019,CLE,3-5,0-20,,,defense,1.0,1.0
2019,HOU,1,0-20,,,defense,1.0,0.0
2019,TEN,11+,81-100,,,defense,1.0,1.0
2019,PIT,3-5,41-60,,,defense,1.0,1.0
2019,PIT,1,81-100,,,defense,1.0,0.0
2019,BAL,6-10,81-100,,,defense,1.0,1.0
2019,HOU,11+,61-80,,,defense,1.0,1.0
2020,BAL,3-5,61-80,,,defense,4.0,0.75
2020,BAL,1,41-60,,,defense,4.0,0.5
2020,KC,6-10,21-40,,,defense,2.0,0.5
2020,CAR,2,41-60,,,defense,1.0,1.0
2020,SEA,2,0-20,,,defense,1.0,1.0
2020,DEN,1,0-20,,,defense,3.0,0.3333333333333333
2020,CIN,2,41-60,,,defense,2.0,0.5
2020,CIN,2,0-20,,,defense,2.0,1.0
2020,CLE,3-5,0-20,,,defense,4.0,0.5
2020,GB,11+,41-60,,,defense,2.0,1.0
2020,LA,2,21-40,,,defense,2.0,1.0
2020,CHI,3-5,21-40,,,defense,4.0,0.75
2020,SEA,6-10,41-60,,,defense,1.0,1.0
2020,DET,1,21-40,,,defense,3.0,0.3333333333333333
2020,KC,11+,21-40,,,defense,1.0,1.0
2020,LA,1,0-20,,,defense,2.0,0.0
2020,TEN,6-10,41-60,,,defense,1.0,1.0
2020,ATL,2,21-40,,,defense,1.0,0.0
2020,GB,6-10,41-60,,,defense,3.0,0.6666666666666667
2020,GB,11+,21-40,,,defense,3.0,0.3333333333333333
2020,CHI,1,41-60,,,defense,4.0,0.5
2020,TB,1,21-40,,,defense,2.0,0.0
2020,NO,11+,21-40,,,defense,1.0,0.0
2020,CAR,6-10,41-60,,,defense,1.0,0.0
2020,HOU,3-5,21-40,,,defense,4.0,0.75
2020,MIA,6-10,41-60,,,defense,3.0,1.0
2020,SEA,2,21-40,,,defense,1.0,0.0
2020,MIN,6-10,0-20,,,defense,1.0,0.0
2020,DAL,1,0-20,,,defense,4.0,0.75
2020,MIN,3-5,41-60,,,defense,2.0,0.5
2020,CHI,1,61-80,,,defense,3.0,1.0
2020,CHI,2,21-40,,,defense,3.0,0.3333333333333333
2020,NE,1,61-80,,,defense,1.0,1.0
2020,DET,6-10,61-80,,,defense,1.0,1.0
2020,NYG,1,41-60,,,defense,4.0,0.25
2020,NYG,6-10,41-60,,,defense,1.0,1.0
2020,NYG,3-5,21-40,,,defense,2.0,0.5
2020,CIN,3-5,41-60,,,defense,2.0,1.0
2020,HOU,2,41-60,,,defense,2.0,1.0
2020,PIT,1,0-20,,,defense,2.0,1.0
2020,ATL,1,21-40,,,defense,3.0,0.6666666666666667
2020,PHI,2,21-40,,,defense,3.0,1.0
2020,NYJ,6-10,21-40,,,defense,2.0,1.0
2020,NO,6-10,21-40,,,defense,1.0,1.0
2020,PIT,11+,61-80,,,defense,2.0,0.5
2020,TEN,11+,0-20,,,defense,1.0,1.0
2020,TEN,2,21-40,,,defense,1.0,0.0
2020,NO,1,61-80,,,defense,1.0,0.0
2020,CAR,11+,41-60,,,defense,1.0,1.0
2020,BUF,1,41-60,,,defense,1.0,0.0
2020,CIN,1,0-20,,,defense,2.0,0.0
2020,CIN,1,21-40,,,defense,4.0,0.25
2020,SF,2,21-40,,,defense,1.0,0.0
2020,MIA,2,41-60,,,defense,1.0,0.0
2020,CLE,6-10,0-20,,,defense,1.0,1.0
2020,BAL,11+,61-80,,,defense,3.0,0.6666666666666667
2020,LAC,2,0-20,,,defense,2.0,0.0
2020,NE,3-5,81-100,,,defense,1.0,1.0
2020,BAL,3-5,41-60,,,defense,3.0,0.6666666666666667
2020,DAL,2,61-80,,,defense,1.0,0.0
2020,PHI,2,41-60,,,defense,1.0,1.0
2020,WAS,11+,41-60,,,defense,1.0,1.0
2020,GB,3-5,61-80,,,defense,1.0,1.0
2020,KC,11+,81-100,,,defense,1.0,
2020,DAL,2,0-20,,,defense,1.0,0.0
2020,CHI,3-5,61-80,,,defense,1.0,1.0
2020,NYJ,3-5,61-80,,,defense,1.0,1.0
2020,SEA,3-5,81-100,,,defense,1.0,1.0
2020,DAL,11+,21-40,,,defense,1.0,1.0
2021,CHI,1,21-40,,,defense,6.0,0.1666666666666666
2021,DAL,3-5,21-40,,,defense,1.0,1.0
2021,NYG,1,0-20,,,defense,4.0,0.25
2021,NO,3-5,21-40,,,defense,3.0,0.6666666666666667
2021,GB,6-10,81-100,,,defense,1.0,1.0
2021,LAC,1,21-40,,,defense,1.0,0.0
2021,CAR,6-10,61-80,,,defense,4.0,0.75
2021,ATL,11+,81-100,,,defense,1.0,1.0
2021,JAX,1,0-20,,,defense,6.0,0.1666666666666666
2021,LA,1,0-20,,,defense,5.0,0.4
2021,PIT,1,0-20,,,defense,3.0,0.0
2021,MIN,3-5,41-60,,,defense,3.0,0.3333333333333333
2021,NE,11+,61-80,,,defense,2.0,0.5
2021,TEN,3-5,41-60,,,defense,1.0,1.0
2021,CAR,11+,41-60,,,defense,3.0,1.0
2021,NO,6-10,21-40,,,defense,4.0,0.75
2021,WAS,2,21-40,,,defense,3.0,0.3333333333333333
2021,DET,3-5,41-60,,,defense,2.0,1.0
2021,HOU,3-5,21-40,,,defense,3.0,0.3333333333333333
2021,WAS,2,41-60,,,defense,2.0,1.0
2021,BUF,3-5,21-40,,,defense,3.0,0.3333333333333333
2021,BUF,3-5,61-80,,,defense,1.0,1.0
2021,CLE,3-5,41-60,,,defense,1.0,1.0
2021,DAL,3-5,0-20,,,defense,2.0,0.5
2021,HOU,1,21-40,,,defense,5.0,0.6
2021,WAS,1,41-60,,,defense,4.0,0.25
2021,LA,6-10,41-60,,,defense,3.0,0.3333333333333333
2021,LV,6-10,21-40,,,defense,2.0,0.0
2021,LV,6-10,41-60,,,defense,3.0,0.3333333333333333
2021,CAR,11+,21-40,,,defense,2.0,1.0
2021,CIN,11+,61-80,,,defense,1.0,1.0
2021,ARI,11+,41-60,,,defense,1.0,1.0
2021,SF,1,21-40,,,defense,2.0,0.0
2021,TB,1,0-20,,,defense,5.0,0.1999999999999999
2021,MIN,2,61-80,,,defense,1.0,0.0
2021,NE,2,0-20,,,defense,3.0,0.3333333333333333
2021,NE,11+,0-20,,,defense,2.0,1.0
2021,KC,2,41-60,,,defense,1.0,0.0
2021,SF,11+,0-20,,,defense,1.0,1.0
2021,TB,11+,41-60,,,defense,2.0,1.0
2021,WAS,3-5,41-60,,,defense,2.0,0.5
2021,ARI,6-10,21-40,,,defense,1.0,0.0
2021,KC,6-10,41-60,,,defense,2.0,0.5
2021,SF,3-5,61-80,,,defense,1.0,1.0
2021,LA,2,0-20,,,defense,1.0,1.0
2021,HOU,11+,41-60,,,defense,1.0,1.0
2021,GB,6-10,61-80,,,defense,1.0,1.0
2021,CHI,3-5,41-60,,,defense,1.0,1.0
2021,MIN,6-10,0-20,,,defense,1.0,1.0
2021,WAS,1,21-40,,,defense,3.0,1.0
2021,BUF,6-10,61-80,,,defense,1.0,0.0
2021,DAL,2,21-40,,,defense,1.0,0.0
2021,TEN,2,41-60,,,defense,2.0,0.5
2021,NO,6-10,0-20,,,defense,1.0,0.0
2021,PIT,2,41-60,,,defense,1.0,1.0
2022,SEA,1,0-20,,,defense,6.0,0.1666666666666666
2022,MIN,11+,41-60,,,defense,2.0,1.0
2022,HOU,2,0-20,,,defense,2.0,0.5
2022,WAS,3-5,0-20,,,defense,8.0,0.625
2022,LAC,6-10,61-80,,,defense,2.0,1.0
2022,NE,1,41-60,,,defense,6.0,0.8333333333333334
2022,MIA,1,21-40,,,defense,9.0,0.5555555555555556
2022,NO,1,41-60,,,defense,3.0,0.6666666666666667
2022,TEN,1,0-20,,,defense,5.0,0.0
2022,PIT,2,0-20,,,defense,1.0,1.0
2022,CHI,11+,21-40,,,defense,1.0,1.0
2022,DAL,11+,61-80,,,defense,1.0,1.0
2022,LA,1,0-20,,,defense,3.0,0.3333333333333333
2022,DEN,11+,61-80,,,defense,1.0,1.0
2022,CLE,2,41-60,,,defense,1.0,0.0
2022,BAL,1,0-20,,,defense,4.0,0.25
2022,MIA,2,21-40,,,defense,1.0,0.0
2022,CIN,1,0-20,,,defense,3.0,0.6666666666666667
2022,NYG,6-10,21-40,,,defense,1.0,
2022,DET,6-10,41-60,,,defense,4.0,0.75
2022,LAC,1,0-20,,,defense,2.0,0.5
2022,KC,1,61-80,,,defense,2.0,0.0
2022,ARI,6-10,21-40,,,defense,1.0,0.0
2022,ATL,1,61-80,,,defense,1.0,0.0
2022,SEA,3-5,61-80,,,defense,2.0,0.5
2022,CLE,1,41-60,,,defense,2.0,0.5
2022,NYG,1,0-20,,,defense,3.0,0.6666666666666667
2022,CAR,3-5,41-60,,,defense,1.0,1.0
2022,SEA,11+,41-60,,,defense,1.0,1.0
2022,PHI,1,61-80,,,defense,2.0,0.5
2022,CLE,1,0-20,,,defense,5.0,0.6
2022,LV,1,61-80,,,defense,2.0,0.5
2022,PIT,3-5,0-20,,,defense,1.0,1.0
2022,BUF,1,21-40,,,defense,7.0,0.4285714285714286
2022,NO,2,21-40,,,defense,3.0,0.3333333333333333
2022,IND,1,61-80,,,defense,3.0,0.6666666666666667
2022,JAX,11+,81-100,,,defense,1.0,1.0
2022,SEA,11+,61-80,,,defense,2.0,1.0
2022,DET,6-10,61-80,,,defense,1.0,1.0
2022,PIT,1,61-80,,,defense,2.0,0.5
2022,BAL,3-5,41-60,,,defense,2.0,1.0
2022,CIN,6-10,61-80,,,defense,2.0,1.0
2022,GB,2,21-40,,,defense,3.0,0.3333333333333333
2022,SF,3-5,0-20,,,defense,1.0,1.0
2022,NE,3-5,41-60,,,defense,1.0,0.0
2022,NO,2,61-80,,,defense,2.0,1.0
2022,CLE,11+,61-80,,,defense,1.0,1.0
2022,IND,11+,41-60,,,defense,2.0,0.5
2022,NE,6-10,81-100,,,defense,1.0,0.0
2022,CHI,3-5,21-40,,,defense,2.0,0.5
2022,BUF,3-5,0-20,,,defense,1.0,1.0
2022,DET,2,0-20,,,defense,1.0,1.0
2022,SF,1,61-80,,,defense,2.0,1.0
2022,DET,2,21-40,,,defense,1.0,1.0
2022,CIN,6-10,41-60,,,defense,1.0,1.0
2023,WAS,6-10,61-80,,,defense,1.0,1.0
2023,DAL,3-5,61-80,,,defense,2.0,0.5
2023,SEA,1,0-20,,,defense,3.0,0.0
2023,NE,11+,61-80,,,defense,2.0,1.0
2023,PHI,6-10,21-40,,,defense,3.0,0.6666666666666667
2023,PIT,6-10,41-60,,,defense,2.0,1.0
2023,GB,3-5,41-60,,,defense,4.0,1.0
2023,ATL,6-10,61-80,,,defense,1.0,1.0
2023,JAX,1,21-40,,,defense,1.0,0.0
2023,SEA,3-5,0-20,,,defense,4.0,0.25
2023,WAS,3-5,61-80,,,defense,2.0,0.5
2023,BUF,2,0-20,,,defense,2.0,0.5
2023,DEN,1,0-20,,,defense,3.0,0.3333333333333333
2023,GB,6-10,21-40,,,defense,3.0,1.0
2023,CLE,3-5,41-60,,,defense,3.0,0.6666666666666667
2023,SF,6-10,41-60,,,defense,1.0,0.0
2023,CIN,2,41-60,,,defense,1.0,0.0
2023,DEN,3-5,41-60,,,defense,3.0,0.3333333333333333
2023,LA,6-10,61-80,,,defense,3.0,0.3333333333333333
2023,TB,1,41-60,,,defense,7.0,0.2857142857142857
2023,TB,6-10,61-80,,,defense,2.0,1.0
2023,PHI,1,0-20,,,defense,4.0,0.25
2023,WAS,1,61-80,,,defense,2.0,0.0
2023,PIT,2,21-40,,,defense,2.0,0.5
2023,CAR,11+,21-40,,,defense,1.0,1.0
2023,DET,1,0-20,,,defense,8.0,0.375
2023,CIN,1,0-20,,,defense,5.0,0.4
2023,LV,2,21-40,,,defense,4.0,0.0
2023,MIA,1,41-60,,,defense,1.0,1.0
2023,LA,2,0-20,,,defense,1.0,1.0
2023,IND,2,41-60,,,defense,2.0,1.0
2023,HOU,2,0-20,,,defense,2.0,0.5
2023,KC,2,21-40,,,defense,1.0,1.0
2023,MIN,3-5,0-20,,,defense,1.0,1.0
2023,MIA,11+,81-100,,,defense,1.0,1.0
2023,TB,3-5,41-60,,,defense,2.0,0.5
2023,TB,2,41-60,,,defense,1.0,1.0
2023,BUF,6-10,41-60,,,defense,1.0,1.0
2023,CLE,6-10,41-60,,,defense,3.0,0.6666666666666667
2023,IND,1,61-80,,,defense,1.0,0.0
2023,NYJ,1,21-40,,,defense,2.0,0.0
2023,DEN,11+,61-80,,,defense,3.0,1.0
2023,LAC,1,21-40,,,defense,2.0,1.0
2023,DEN,11+,21-40,,,defense,1.0,1.0
2023,LA,2,41-60,,,defense,2.0,0.5
2023,NO,3-5,41-60,,,defense,1.0,1.0
2023,LA,3-5,61-80,,,defense,1.0,1.0
2023,SF,11+,21-40,,,defense,2.0,1.0
2023,NYG,1,41-60,,,defense,1.0,0.0
2023,BAL,3-5,21-40,,,defense,2.0,0.0
2023,MIA,6-10,61-80,,,defense,1.0,1.0
2023,TB,6-10,41-60,,,defense,1.0,1.0
2023,GB,6-10,81-100,,,defense,1.0,1.0
2023,TEN,3-5,81-100,,,defense,1.0,1.0
2023,NE,1,21-40,,,defense,1.0,1.0
2023,NYJ,6-10,41-60,,,defense,1.0,1.0
2024,IND,2,0-20,,,defense,1.0,0.0
2024,ATL,3-5,0-20,,,defense,2.0,1.0
2018,LA,3-5,21-40,,,defense,2.0,0.5
2024,BUF,6-10,61-80,,,defense,2.0,1.0
2024,GB,6-10,0-20,,,defense,1.0,1.0
2024,IND,3-5,21-40,,,defense,3.0,1.0
2024,LAC,3-5,61-80,,,defense,1.0,1.0
2024,MIN,2,41-60,,,defense,3.0,0.6666666666666667
2024,TB,6-10,0-20,,,defense,1.0,1.0
2024,IND,11+,81-100,,,defense,2.0,1.0
2024,CHI,2,61-80,,,defense,1.0,1.0
2024,TB,1,41-60,,,defense,4.0,0.0
2024,ARI,1,21-40,,,defense,5.0,0.1999999999999999
2024,TEN,3-5,61-80,,,defense,1.0,1.0
2024,HOU,1,21-40,,,defense,3.0,0.3333333333333333
2024,JAX,3-5,41-60,,,defense,3.0,0.3333333333333333
2024,MIA,11+,61-80,,,defense,3.0,1.0
2024,CLE,11+,41-60,,,defense,2.0,0.5
2024,LA,1,0-20,,,defense,4.0,0.75
2024,CIN,3-5,21-40,,,defense,2.0,0.0
2024,DAL,3-5,41-60,,,defense,7.0,0.5714285714285714
2024,NO,1,21-40,,,defense,2.0,0.5
2024,IND,11+,41-60,,,defense,2.0,1.0
2024,HOU,6-10,41-60,,,defense,5.0,1.0
2024,GB,1,41-60,,,defense,5.0,0.0
2024,MIA,6-10,41-60,,,defense,2.0,
2024,MIA,6-10,0-20,,,defense,1.0,1.0
2024,TB,3-5,41-60,,,defense,2.0,0.0
2024,CLE,1,21-40,,,defense,5.0,0.4
2024,PHI,3-5,21-40,,,defense,5.0,0.4
2024,DET,3-5,41-60,,,defense,3.0,0.6666666666666667
2024,IND,1,21-40,,,defense,1.0,0.0
2024,SF,6-10,21-40,,,defense,1.0,1.0
2024,BAL,11+,41-60,,,defense,1.0,1.0
2024,DEN,3-5,41-60,,,defense,2.0,1.0
2024,NYG,3-5,81-100,,,defense,1.0,1.0
2024,CLE,6-10,21-40,,,defense,2.0,1.0
2024,CAR,6-10,41-60,,,defense,2.0,1.0
2024,ATL,2,61-80,,,defense,1.0,1.0
2024,NYJ,11+,21-40,,,defense,1.0,1.0
2024,LA,11+,81-100,,,defense,1.0,1.0
2024,CIN,11+,21-40,,,defense,1.0,1.0
2024,CAR,1,41-60,,,defense,3.0,0.3333333333333333
2024,DEN,2,0-20,,,defense,2.0,0.5
2024,CAR,6-10,21-40,,,defense,2.0,1.0
2024,PHI,1,41-60,,,defense,4.0,0.25
2024,LAC,6-10,61-80,,,defense,2.0,1.0
2024,MIA,1,61-80,,,defense,2.0,0.5
2024,IND,6-10,61-80,,,defense,1.0,1.0
2024,HOU,2,21-40,,,defense,1.0,0.0
2024,CIN,6-10,0-20,,,defense,1.0,1.0
2024,LA,11+,41-60,,,defense,1.0,1.0
2024,JAX,11+,61-80,,,defense,1.0,1.0
2024,LV,1,21-40,,,defense,2.0,0.0
2024,LV,11+,61-80,,,defense,1.0,1.0
2024,GB,6-10,41-60,,,defense,1.0,1.0
2024,LV,11+,81-100,,,defense,1.0,1.0
2024,NYJ,2,61-80,,,defense,1.0,0.0
2016,BAL,6-10,41-60,,,defense,1.0,1.0
2016,BUF,1,41-60,,,defense,1.0,1.0
2016,CAR,1,0-20,,,defense,3.0,0.0
2016,JAX,1,0-20,,,defense,6.0,0.6666666666666667
2016,LV,2,0-20,,,defense,1.0,1.0
2016,WAS,1,21-40,,,defense,4.0,0.0
2016,KC,1,41-60,,,defense,3.0,0.3333333333333333
2016,LAC,3-5,21-40,,,defense,4.0,0.25
2016,ATL,2,0-20,,,defense,3.0,0.3333333333333333
2016,BAL,2,21-40,,,defense,2.0,1.0
2016,CHI,2,0-20,,,defense,2.0,0.5
2016,SF,3-5,0-20,,,defense,2.0,1.0
2016,CAR,6-10,61-80,,,defense,4.0,0.75
2016,HOU,3-5,21-40,,,defense,3.0,1.0
2016,LA,1,0-20,,,defense,4.0,0.25
2016,BUF,1,21-40,,,defense,3.0,0.3333333333333333
2016,ARI,6-10,41-60,,,defense,1.0,1.0
2016,ARI,6-10,0-20,,,defense,1.0,1.0
2016,BUF,3-5,61-80,,,defense,1.0,1.0
2016,MIA,6-10,41-60,,,defense,3.0,1.0
2016,NYG,2,81-100,,,defense,1.0,1.0
2016,BAL,1,61-80,,,defense,1.0,0.0
2016,NE,1,0-20,,,defense,1.0,1.0
2016,HOU,2,0-20,,,defense,1.0,1.0
2016,SF,2,41-60,,,defense,1.0,1.0
2016,SEA,11+,0-20,,,defense,4.0,1.0
2016,LV,6-10,61-80,,,defense,1.0,1.0
2016,NYG,6-10,0-20,,,defense,1.0,1.0
2016,LAC,1,0-20,,,defense,1.0,0.0
2016,TEN,2,41-60,,,defense,1.0,1.0
2016,WAS,2,21-40,,,defense,2.0,0.0
2016,SEA,3-5,41-60,,,defense,1.0,1.0
2016,SEA,6-10,41-60,,,defense,1.0,1.0
2016,MIN,6-10,41-60,,,defense,1.0,1.0
2016,TB,11+,81-100,,,defense,1.0,0.0
2016,MIA,11+,61-80,,,defense,1.0,0.0
2016,TEN,3-5,61-80,,,defense,1.0,1.0
2016,DAL,2,41-60,,,defense,1.0,0.0
2016,SF,6-10,81-100,,,defense,2.0,1.0
2016,WAS,3-5,0-20,,,defense,1.0,1.0
2016,NE,2,21-40,,,defense,1.0,1.0
2016,ARI,1,0-20,,,defense,1.0,1.0
2016,ARI,1,61-80,,,defense,2.0,0.5
2016,LA,3-5,21-40,,,defense,1.0,0.0
2017,BUF,1,0-20,,,defense,2.0,0.5
2017,SEA,6-10,41-60,,,defense,2.0,
2017,ATL,6-10,21-40,,,defense,3.0,0.3333333333333333
2017,MIN,1,61-80,,,defense,3.0,1.0
2017,MIN,2,21-40,,,defense,4.0,0.5
2017,PIT,11+,61-80,,,defense,1.0,1.0
2017,NYJ,3-5,0-20,,,defense,1.0,1.0
2017,LA,3-5,41-60,,,defense,3.0,1.0
2017,IND,6-10,61-80,,,defense,2.0,1.0
2017,NYJ,6-10,61-80,,,defense,2.0,1.0
2017,CIN,6-10,21-40,,,defense,1.0,1.0
2017,JAX,11+,41-60,,,defense,1.0,0.0
2017,DEN,11+,61-80,,,defense,1.0,1.0
2017,LAC,1,41-60,,,defense,2.0,0.5
2017,PIT,11+,81-100,,,defense,2.0,1.0
2017,ARI,1,21-40,,,defense,2.0,0.5
2017,PHI,6-10,21-40,,,defense,2.0,1.0
2017,DAL,1,41-60,,,defense,1.0,0.0
2017,NYJ,2,0-20,,,defense,2.0,0.5
2017,CHI,3-5,41-60,,,defense,2.0,1.0
2017,LA,3-5,0-20,,,defense,2.0,1.0
2017,ATL,3-5,21-40,,,defense,1.0,1.0
2017,ARI,3-5,0-20,,,defense,1.0,1.0
2017,DAL,1,61-80,,,defense,1.0,1.0
2017,DEN,1,0-20,,,defense,2.0,0.5
2017,LAC,6-10,21-40,,,defense,2.0,1.0
2017,JAX,3-5,21-40,,,defense,2.0,1.0
2017,KC,6-10,41-60,,,defense,2.0,1.0
2017,KC,11+,41-60,,,defense,1.0,0.0
2017,SEA,6-10,21-40,,,defense,3.0,1.0
2017,WAS,1,41-60,,,defense,3.0,0.0
2017,MIA,6-10,61-80,,,defense,3.0,0.6666666666666667
2017,CAR,6-10,21-40,,,defense,2.0,1.0
2017,CAR,11+,81-100,,,defense,2.0,1.0
2017,TEN,3-5,41-60,,,defense,2.0,1.0
2017,PHI,6-10,0-20,,,defense,3.0,0.6666666666666667
2017,NO,2,61-80,,,defense,1.0,1.0
2017,BUF,3-5,21-40,,,defense,1.0,0.0
2017,DET,11+,61-80,,,defense,1.0,0.0
2017,MIN,6-10,0-20,,,defense,3.0,0.6666666666666667
2017,DAL,3-5,0-20,,,defense,1.0,0.0
2017,CIN,3-5,0-20,,,defense,2.0,0.0
2017,CLE,3-5,21-40,,,defense,1.0,0.0
2017,LAC,2,21-40,,,defense,1.0,0.0
2017,WAS,6-10,21-40,,,defense,1.0,1.0
2017,BUF,11+,41-60,,,defense,1.0,0.0
2017,PHI,11+,0-20,,,defense,1.0,1.0
2017,CLE,2,61-80,,,defense,1.0,1.0
2017,CLE,3-5,0-20,,,defense,1.0,1.0
2017,JAX,1,21-40,,,defense,1.0,0.0
2017,DEN,11+,81-100,,,defense,1.0,1.0
2017,LAC,3-5,0-20,,,defense,1.0,1.0
2018,ATL,1,61-80,,,defense,1.0,1.0
2018,NE,3-5,0-20,,,defense,2.0,1.0
2018,JAX,1,61-80,,,defense,1.0,1.0
2018,NYJ,3-5,0-20,,,defense,2.0,1.0
2018,TB,3-5,0-20,,,defense,1.0,0.0
2018,CIN,3-5,21-40,,,defense,4.0,0.5
2018,CIN,2,41-60,,,defense,1.0,1.0
2018,TB,6-10,21-40,,,defense,2.0,1.0
2018,BUF,1,21-40,,,defense,2.0,0.5
2018,ATL,1,0-20,,,defense,3.0,0.6666666666666667
2018,NYG,6-10,61-80,,,defense,3.0,0.3333333333333333
2018,CLE,6-10,61-80,,,defense,1.0,0.0
2018,NYJ,1,0-20,,,defense,3.0,0.0
2018,BAL,3-5,21-40,,,defense,2.0,1.0
2018,HOU,1,41-60,,,defense,4.0,0.0
2018,CAR,1,0-20,,,defense,4.0,0.0
2018,NYG,6-10,41-60,,,defense,2.0,1.0
2018,TEN,1,21-40,,,defense,3.0,0.3333333333333333
2018,NYJ,3-5,61-80,,,defense,1.0,1.0
2018,LAC,1,41-60,,,defense,2.0,0.0
2018,LAC,2,21-40,,,defense,1.0,1.0
2018,SEA,6-10,41-60,,,defense,1.0,1.0
2018,LA,11+,0-20,,,defense,1.0,1.0
2018,BAL,2,21-40,,,defense,1.0,0.0
2018,NO,1,0-20,,,defense,2.0,0.0
2018,WAS,11+,61-80,,,defense,1.0,0.0
2018,ATL,3-5,0-20,,,defense,1.0,0.0
2018,NO,2,41-60,,,defense,4.0,0.5
2018,LA,1,41-60,,,defense,2.0,0.5
2018,NYJ,1,41-60,,,defense,2.0,0.0
2018,TB,1,21-40,,,defense,1.0,1.0
2018,CIN,1,41-60,,,defense,5.0,0.8
2018,JAX,3-5,41-60,,,defense,1.0,1.0
2018,NO,2,0-20,,,defense,1.0,0.0
2018,CIN,1,21-40,,,defense,2.0,0.0
2018,NYJ,6-10,0-20,,,defense,1.0,1.0
2018,SF,11+,61-80,,,defense,1.0,1.0
2018,HOU,6-10,21-40,,,defense,1.0,1.0
2018,LAC,6-10,21-40,,,defense,1.0,1.0
2018,SF,1,21-40,,,defense,1.0,0.0
2018,NE,11+,61-80,,,defense,1.0,1.0
2018,CLE,2,61-80,,,defense,1.0,0.0
2018,DET,2,0-20,,,defense,1.0,1.0
2018,HOU,11+,61-80,,,defense,1.0,1.0
2018,NYG,6-10,21-40,,,defense,3.0,1.0
2018,LAC,1,21-40,,,defense,2.0,0.0
2018,MIN,3-5,81-100,,,defense,1.0,1.0
2018,TEN,1,61-80,,,defense,1.0,1.0
2018,IND,6-10,41-60,,,defense,1.0,1.0
2018,LAC,11+,21-40,,,defense,1.0,1.0
2019,NO,11+,41-60,,,defense,2.0,1.0
2019,SF,3-5,0-20,,,defense,2.0,1.0
2019,PHI,6-10,41-60,,,defense,2.0,0.0
2019,ARI,3-5,41-60,,,defense,1.0,1.0
2019,BAL,3-5,0-20,,,defense,1.0,1.0
2019,BUF,2,0-20,,,defense,1.0,0.0
2019,NYG,3-5,0-20,,,defense,2.0,1.0
2019,CHI,2,41-60,,,defense,1.0,0.0
2019,DEN,6-10,41-60,,,defense,1.0,1.0
2019,NYJ,2,21-40,,,defense,3.0,1.0
2019,NYJ,3-5,41-60,,,defense,3.0,1.0
2019,HOU,6-10,21-40,,,defense,2.0,0.5
2019,NE,11+,41-60,,,defense,2.0,1.0
2019,LA,1,41-60,,,defense,5.0,0.1999999999999999
2019,ATL,11+,61-80,,,defense,1.0,0.0
2019,ATL,6-10,0-20,,,defense,3.0,1.0
2019,KC,3-5,0-20,,,defense,3.0,0.6666666666666667
2019,HOU,11+,41-60,,,defense,1.0,0.0
2019,LA,3-5,0-20,,,defense,2.0,0.5
2019,NO,1,61-80,,,defense,4.0,1.0
2019,NYJ,3-5,21-40,,,defense,3.0,0.6666666666666667
2019,MIN,1,61-80,,,defense,1.0,0.0
2019,TEN,3-5,81-100,,,defense,2.0,0.0
2019,PIT,1,61-80,,,defense,2.0,0.5
2019,BUF,6-10,21-40,,,defense,2.0,1.0
2019,NE,1,0-20,,,defense,1.0,0.0
2019,IND,1,41-60,,,defense,4.0,0.5
2019,LV,2,81-100,,,defense,1.0,0.0
2019,TEN,1,21-40,,,defense,4.0,1.0
2019,MIN,6-10,0-20,,,defense,2.0,1.0
2019,NYG,1,0-20,,,defense,2.0,1.0
2019,SEA,6-10,21-40,,,defense,1.0,0.0
2019,DEN,11+,0-20,,,defense,1.0,1.0
2019,WAS,3-5,41-60,,,defense,1.0,0.0
2019,ARI,11+,41-60,,,defense,1.0,1.0
2019,ARI,6-10,21-40,,,defense,2.0,0.5
2019,ARI,11+,61-80,,,defense,2.0,1.0
2019,SEA,2,0-20,,,defense,2.0,0.5
2019,TEN,6-10,21-40,,,defense,6.0,1.0
2019,LA,2,21-40,,,defense,1.0,0.0
2019,LA,11+,21-40,,,defense,1.0,0.0
2019,WAS,3-5,0-20,,,defense,2.0,1.0
2019,DEN,3-5,21-40,,,defense,3.0,1.0
2019,TEN,2,0-20,,,defense,2.0,0.0
2019,ATL,11+,0-20,,,defense,1.0,1.0
2019,CAR,3-5,21-40,,,defense,1.0,1.0
2019,DET,1,61-80,,,defense,1.0,0.0
2019,LV,6-10,61-80,,,defense,2.0,1.0
2019,IND,6-10,61-80,,,defense,2.0,
2019,NYJ,1,61-80,,,defense,3.0,0.6666666666666667
2019,ATL,3-5,21-40,,,defense,3.0,0.6666666666666667
2019,DAL,2,41-60,,,defense,2.0,1.0
2019,MIN,6-10,41-60,,,defense,2.0,0.0
2019,CLE,6-10,41-60,,,defense,1.0,1.0
2019,DEN,6-10,61-80,,,defense,3.0,1.0
2019,BAL,11+,41-60,,,defense,1.0,1.0
2019,CLE,1,0-20,,,defense,1.0,0.0
2019,IND,2,0-20,,,defense,1.0,0.0
2019,LAC,3-5,21-40,,,defense,2.0,1.0
2019,MIA,1,0-20,,,defense,1.0,1.0
2019,NO,2,61-80,,,defense,1.0,0.0
2019,GB,6-10,41-60,,,defense,2.0,1.0
2019,CIN,3-5,21-40,,,defense,1.0,1.0
2019,MIA,1,41-60,,,defense,1.0,0.0
2019,LV,2,41-60,,,defense,1.0,0.0
2019,CIN,11+,0-20,,,defense,1.0,0.0
2019,NO,2,41-60,,,defense,1.0,0.0
2019,DEN,2,41-60,,,defense,1.0,0.0
2019,PIT,2,61-80,,,defense,1.0,1.0
2019,SF,6-10,0-20,,,defense,1.0,0.0
2020,DET,6-10,21-40,,,defense,3.0,1.0
2020,BAL,6-10,41-60,,,defense,5.0,0.75
2020,MIN,1,0-20,,,defense,2.0,0.5
2020,PHI,6-10,0-20,,,defense,1.0,1.0
2020,PIT,1,21-40,,,defense,2.0,0.5
2020,NYG,1,21-40,,,defense,3.0,0.0
2020,ATL,3-5,61-80,,,defense,2.0,1.0
2020,DEN,6-10,41-60,,,defense,1.0,1.0
2020,IND,11+,41-60,,,defense,2.0,1.0
2020,CHI,1,0-20,,,defense,4.0,0.25
2020,WAS,3-5,21-40,,,defense,2.0,0.5
2020,IND,3-5,61-80,,,defense,1.0,1.0
2020,DEN,6-10,21-40,,,defense,4.0,0.75
2020,NYJ,11+,21-40,,,defense,4.0,1.0
2020,CHI,1,21-40,,,defense,4.0,0.25
2020,KC,3-5,41-60,,,defense,3.0,0.3333333333333333
2020,MIA,2,61-80,,,defense,1.0,1.0
2020,DAL,6-10,61-80,,,defense,2.0,1.0
2020,ARI,11+,41-60,,,defense,1.0,0.0
2020,ARI,3-5,21-40,,,defense,1.0,1.0
2020,BAL,1,0-20,,,defense,3.0,1.0
2020,NYJ,2,41-60,,,defense,1.0,1.0
2020,LA,1,81-100,,,defense,1.0,1.0
2020,LAC,6-10,61-80,,,defense,2.0,0.5
2020,SEA,11+,21-40,,,defense,2.0,1.0
2020,NYJ,3-5,21-40,,,defense,2.0,1.0
2020,PIT,3-5,0-20,,,defense,1.0,1.0
2020,NE,1,41-60,,,defense,5.0,0.1999999999999999
2020,IND,3-5,0-20,,,defense,2.0,1.0
2020,IND,2,41-60,,,defense,1.0,1.0
2020,NYG,11+,61-80,,,defense,1.0,1.0
2020,DET,6-10,0-20,,,defense,1.0,1.0
2020,LV,2,41-60,,,defense,1.0,0.0
2020,KC,2,61-80,,,defense,2.0,0.5
2020,SEA,2,41-60,,,defense,1.0,1.0
2020,PIT,3-5,41-60,,,defense,1.0,1.0
2020,DEN,6-10,61-80,,,defense,1.0,1.0
2020,TEN,3-5,61-80,,,defense,1.0,1.0
2020,TB,1,41-60,,,defense,1.0,1.0
2020,DET,3-5,21-40,,,defense,1.0,0.0
2020,WAS,3-5,81-100,,,defense,1.0,0.0
2021,ARI,6-10,41-60,,,defense,1.0,1.0
2021,KC,11+,61-80,,,defense,3.0,1.0
2021,NYJ,2,0-20,,,defense,3.0,1.0
2021,PHI,1,21-40,,,defense,6.0,0.3333333333333333
2021,PHI,6-10,61-80,,,defense,1.0,1.0
2021,SEA,1,21-40,,,defense,5.0,0.6
2021,TB,1,41-60,,,defense,4.0,1.0
2021,ATL,1,41-60,,,defense,4.0,0.75
2021,ATL,1,21-40,,,defense,4.0,0.75
2021,TB,6-10,41-60,,,defense,3.0,1.0
2021,CIN,1,21-40,,,defense,2.0,0.5
2021,CHI,2,41-60,,,defense,1.0,1.0
2021,JAX,6-10,41-60,,,defense,6.0,1.0
2021,NYG,6-10,61-80,,,defense,2.0,0.5
2021,TEN,1,61-80,,,defense,1.0,1.0
2021,BAL,1,61-80,,,defense,1.0,1.0
2021,CIN,2,61-80,,,defense,2.0,1.0
2021,TEN,1,41-60,,,defense,2.0,0.0
2021,KC,6-10,21-40,,,defense,1.0,1.0
2021,LV,3-5,41-60,,,defense,1.0,1.0
2021,NO,3-5,41-60,,,defense,1.0,1.0
2021,BUF,1,61-80,,,defense,2.0,0.5
2021,CLE,1,0-20,,,defense,4.0,0.25
2021,CLE,3-5,21-40,,,defense,3.0,1.0
2021,TB,2,41-60,,,defense,3.0,0.6666666666666667
2021,LAC,3-5,0-20,,,defense,2.0,1.0
2021,NO,6-10,41-60,,,defense,3.0,1.0
2021,CLE,2,21-40,,,defense,1.0,0.0
2021,DET,1,21-40,,,defense,2.0,0.0
2021,CIN,1,41-60,,,defense,1.0,1.0
2021,BAL,1,41-60,,,defense,4.0,0.5
2021,CIN,6-10,61-80,,,defense,2.0,1.0
2021,LA,11+,41-60,,,defense,1.0,1.0
2021,LA,11+,81-100,,,defense,1.0,
2021,SF,11+,41-60,,,defense,2.0,1.0
2021,NE,6-10,41-60,,,defense,1.0,0.0
2021,ARI,11+,61-80,,,defense,1.0,1.0
2021,NE,11+,21-40,,,defense,2.0,1.0
2021,LA,1,21-40,,,defense,4.0,0.5
2021,SF,11+,21-40,,,defense,1.0,1.0
2021,CAR,2,41-60,,,defense,2.0,0.0
2021,ATL,2,61-80,,,defense,1.0,0.0
2021,DAL,2,41-60,,,defense,1.0,1.0
2021,DEN,2,41-60,,,defense,2.0,0.0
2021,DET,3-5,0-20,,,defense,1.0,1.0
2021,HOU,6-10,61-80,,,defense,1.0,0.0
2021,IND,1,21-40,,,defense,3.0,0.3333333333333333
2021,NO,3-5,81-100,,,defense,1.0,1.0
2021,WAS,6-10,21-40,,,defense,1.0,1.0
2021,SEA,1,0-20,,,defense,1.0,0.0
2021,CHI,1,61-80,,,defense,1.0,1.0
2021,JAX,2,0-20,,,defense,1.0,1.0
2021,ARI,1,61-80,,,defense,1.0,0.0
2021,ATL,3-5,0-20,,,defense,1.0,1.0
2021,CHI,6-10,41-60,,,defense,2.0,1.0
2021,WAS,1,0-20,,,defense,1.0,0.0
2021,TB,6-10,61-80,,,defense,1.0,1.0
2021,JAX,3-5,21-40,,,defense,1.0,0.0
2021,NO,2,0-20,,,defense,1.0,1.0
2021,NO,2,61-80,,,defense,1.0,0.0
2022,BAL,1,21-40,,,defense,3.0,0.0
2022,BUF,11+,0-20,,,defense,1.0,1.0
2022,CAR,1,41-60,,,defense,5.0,0.6
2022,NE,6-10,41-60,,,defense,3.0,0.3333333333333333
2022,PHI,1,0-20,,,defense,4.0,0.25
2022,CHI,6-10,61-80,,,defense,1.0,1.0
2022,ATL,6-10,61-80,,,defense,1.0,1.0
2022,CAR,1,21-40,,,defense,3.0,0.3333333333333333
2022,HOU,1,0-20,,,defense,7.0,0.4285714285714286
2022,HOU,2,41-60,,,defense,2.0,0.0
2022,HOU,2,21-40,,,defense,1.0,1.0
2022,JAX,6-10,0-20,,,defense,1.0,1.0
2022,KC,1,0-20,,,defense,2.0,0.5
2022,MIA,1,0-20,,,defense,3.0,0.3333333333333333
2022,NO,1,81-100,,,defense,1.0,1.0
2022,DET,3-5,61-80,,,defense,2.0,1.0
2022,CIN,3-5,41-60,,,defense,4.0,1.0
2022,LA,1,61-80,,,defense,2.0,0.0
2022,LA,3-5,21-40,,,defense,1.0,1.0
2022,WAS,2,0-20,,,defense,1.0,0.0
2022,PHI,11+,21-40,,,defense,3.0,1.0
2022,PIT,1,41-60,,,defense,1.0,0.0
2022,CLE,3-5,21-40,,,defense,1.0,1.0
2022,ARI,1,61-80,,,defense,3.0,0.6666666666666667
2022,JAX,3-5,21-40,,,defense,4.0,0.5
2022,SF,1,21-40,,,defense,5.0,0.1999999999999999
2022,HOU,1,21-40,,,defense,4.0,0.5
2022,CLE,2,21-40,,,defense,2.0,1.0
2022,NO,11+,41-60,,,defense,3.0,1.0
2022,SF,11+,21-40,,,defense,1.0,1.0
2022,SEA,3-5,0-20,,,defense,3.0,1.0
2022,NYJ,2,61-80,,,defense,2.0,1.0
2022,PIT,6-10,0-20,,,defense,1.0,1.0
2022,CHI,2,41-60,,,defense,3.0,0.6666666666666667
2022,JAX,2,0-20,,,defense,2.0,1.0
2022,NYG,11+,41-60,,,defense,1.0,0.0
2022,CAR,3-5,0-20,,,defense,2.0,1.0
2022,PIT,2,41-60,,,defense,1.0,0.0
2022,PHI,2,0-20,,,defense,2.0,0.5
2022,PHI,3-5,41-60,,,defense,1.0,0.0
2022,GB,3-5,41-60,,,defense,1.0,1.0
2022,LA,11+,61-80,,,defense,1.0,1.0
2022,LA,6-10,0-20,,,defense,1.0,1.0
2022,JAX,2,61-80,,,defense,2.0,1.0
2022,MIA,11+,21-40,,,defense,1.0,1.0
2022,BUF,6-10,41-60,,,defense,2.0,0.5
2022,BUF,11+,61-80,,,defense,2.0,0.5
2022,WAS,11+,81-100,,,defense,1.0,1.0
2022,SF,3-5,41-60,,,defense,2.0,1.0
2022,WAS,2,61-80,,,defense,2.0,0.5
2022,SF,3-5,21-40,,,defense,3.0,0.6666666666666667
2022,PHI,11+,0-20,,,defense,1.0,1.0
2022,CIN,1,61-80,,,defense,2.0,0.5
2022,BUF,6-10,61-80,,,defense,1.0,1.0
2022,PHI,6-10,41-60,,,defense,2.0,1.0
2022,KC,6-10,41-60,,,defense,1.0,1.0
2022,LA,3-5,0-20,,,defense,1.0,0.0
2022,TEN,2,0-20,,,defense,1.0,0.0
2022,BAL,2,41-60,,,defense,1.0,1.0
2022,CHI,2,21-40,,,defense,1.0,1.0
2022,HOU,6-10,0-20,,,defense,1.0,1.0
2023,ATL,1,0-20,,,defense,4.0,0.5
2023,CIN,1,41-60,,,defense,2.0,1.0
2023,NYG,3-5,21-40,,,defense,6.0,0.6666666666666667
2023,CHI,3-5,41-60,,,defense,2.0,1.0
2023,BAL,11+,41-60,,,defense,2.0,1.0
2023,BAL,3-5,61-80,,,defense,6.0,0.6666666666666667
2023,PHI,3-5,0-20,,,defense,2.0,0.5
2023,NE,2,41-60,,,defense,2.0,1.0
2023,SF,6-10,61-80,,,defense,3.0,0.6666666666666667
2023,SF,3-5,0-20,,,defense,3.0,0.6666666666666667
2023,MIN,2,0-20,,,defense,1.0,1.0
2023,GB,1,0-20,,,defense,4.0,0.25
2023,TEN,3-5,0-20,,,defense,1.0,0.0
2023,MIN,1,21-40,,,defense,4.0,0.25
2023,WAS,1,21-40,,,defense,6.0,0.5
2023,CAR,1,21-40,,,defense,4.0,0.25
2023,LA,1,21-40,,,defense,9.0,0.2222222222222222
2023,PIT,1,21-40,,,defense,4.0,0.5
2023,SF,2,61-80,,,defense,2.0,0.5
2023,TEN,11+,21-40,,,defense,1.0,1.0
2023,DEN,6-10,41-60,,,defense,4.0,1.0
2023,LAC,1,0-20,,,defense,6.0,0.3333333333333333
2023,MIN,11+,0-20,,,defense,1.0,1.0
2023,NE,3-5,21-40,,,defense,1.0,1.0
2023,HOU,1,21-40,,,defense,4.0,0.5
2023,DAL,6-10,21-40,,,defense,2.0,1.0
2023,GB,6-10,41-60,,,defense,1.0,1.0
2023,NE,11+,41-60,,,defense,1.0,1.0
2023,MIA,3-5,0-20,,,defense,4.0,0.5
2023,TEN,1,0-20,,,defense,3.0,0.6666666666666667
2023,LA,6-10,41-60,,,defense,1.0,1.0
2023,LA,1,61-80,,,defense,1.0,0.0
2023,KC,3-5,21-40,,,defense,1.0,1.0
2023,NYJ,3-5,0-20,,,defense,3.0,0.6666666666666667
2023,CIN,6-10,0-20,,,defense,2.0,1.0
2023,SEA,6-10,41-60,,,defense,1.0,1.0
2023,TB,3-5,61-80,,,defense,1.0,1.0
2023,BUF,1,61-80,,,defense,1.0,1.0
2023,BAL,11+,21-40,,,defense,2.0,1.0
2023,GB,6-10,61-80,,,defense,2.0,1.0
2023,JAX,3-5,21-40,,,defense,5.0,0.1999999999999999
2023,JAX,2,21-40,,,defense,2.0,0.5
2023,KC,11+,81-100,,,defense,1.0,0.0
2023,NYG,6-10,61-80,,,defense,1.0,
2023,NYG,3-5,0-20,,,defense,2.0,1.0
2023,DEN,2,21-40,,,defense,2.0,1.0
2023,DEN,11+,81-100,,,defense,1.0,1.0
2023,LV,6-10,0-20,,,defense,2.0,1.0
2023,DET,6-10,61-80,,,defense,1.0,1.0
2023,NE,1,0-20,,,defense,2.0,0.0
2023,NYJ,3-5,81-100,,,defense,1.0,1.0
2023,NYG,6-10,41-60,,,defense,2.0,0.5
2023,LAC,1,41-60,,,defense,2.0,0.0
2023,KC,6-10,21-40,,,defense,2.0,0.5
2023,SEA,2,21-40,,,defense,2.0,0.5
2023,HOU,1,0-20,,,defense,3.0,0.3333333333333333
2023,NYJ,1,41-60,,,defense,2.0,0.5
2023,MIA,6-10,21-40,,,defense,2.0,0.5
2023,PHI,2,81-100,,,defense,1.0,0.0
2023,SEA,2,0-20,,,defense,1.0,1.0
2023,BAL,11+,61-80,,,defense,2.0,1.0
2023,TEN,6-10,61-80,,,defense,1.0,1.0
2023,DET,3-5,41-60,,,defense,1.0,1.0
2023,KC,1,81-100,,,defense,1.0,1.0
2023,KC,11+,61-80,,,defense,3.0,0.6666666666666667
2023,SF,1,21-40,,,defense,1.0,1.0
2023,TEN,2,41-60,,,defense,2.0,0.5
2023,KC,1,41-60,,,defense,2.0,0.0
2023,WAS,2,0-20,,,defense,1.0,0.0
2023,DAL,3-5,0-20,,,defense,4.0,1.0
2023,IND,6-10,0-20,,,defense,1.0,1.0
2023,ATL,2,41-60,,,defense,1.0,1.0
2023,IND,6-10,61-80,,,defense,3.0,0.3333333333333333
2023,LA,3-5,0-20,,,defense,1.0,0.0
2023,TB,11+,0-20,,,defense,1.0,1.0
2023,LA,11+,21-40,,,defense,1.0,1.0
2023,CLE,6-10,0-20,,,defense,1.0,1.0
2023,ATL,2,21-40,,,defense,1.0,0.0
2024,ATL,11+,61-80,,,defense,1.0,1.0
2024,TEN,6-10,41-60,,,defense,1.0,
