season,week,game_date,game_id,team,epa_per_drive_roll6,success_rate_roll6,points_per_drive_roll6
2016,1,2016-09-11,2016_01_NE_ARI,ARI,,,
2016,2,2016-09-18,2016_02_TB_ARI,ARI,,,
2016,3,2016-09-25,2016_03_ARI_BUF,ARI,,,
2016,4,2016-10-02,2016_04_LA_ARI,ARI,,,
2016,5,2016-10-06,2016_05_ARI_SF,ARI,,,
2016,6,2016-10-17,2016_06_NYJ_ARI,ARI,,,
2016,7,2016-10-23,2016_07_SEA_ARI,ARI,-0.14437425,0.3786532041591565,1.8944806
2016,8,2016-10-30,2016_08_ARI_CAR,ARI,-0.4433594,0.3707534352772448,1.6159091
2016,10,2016-11-13,2016_10_SF_ARI,ARI,-0.67824274,0.3759460821365583,1.488925
2016,11,2016-11-20,2016_11_ARI_MIN,ARI,-0.41839138,0.3960912922886366,1.5933205
2016,12,2016-11-27,2016_12_ARI_ATL,ARI,-0.38116714,0.3846359266666043,1.7460984
2016,13,2016-12-04,2016_13_WAS_ARI,ARI,-0.48523882,0.3722016402739845,1.7183205
2016,14,2016-12-11,2016_14_ARI_MIA,ARI,-0.5237985,0.3623364047469843,1.8107448
2016,15,2016-12-18,2016_15_NO_ARI,ARI,-0.3908002,0.3603801500228725,1.9948717
2016,16,2016-12-24,2016_16_ARI_SEA,ARI,-0.11292974,0.3762429628553823,2.2473972
2016,17,2017-01-01,2016_17_ARI_LA,ARI,-0.05576219,0.372615180381446,2.3572872
2017,1,2017-09-10,2017_01_ARI_DET,ARI,,,
2017,2,2017-09-17,2017_02_ARI_IND,ARI,,,
2017,3,2017-09-25,2017_03_DAL_ARI,ARI,,,
2017,4,2017-10-01,2017_04_SF_ARI,ARI,,,
2017,5,2017-10-08,2017_05_ARI_PHI,ARI,,,
2017,6,2017-10-15,2017_06_TB_ARI,ARI,,,
2017,7,2017-10-22,2017_07_ARI_LA,ARI,-0.72746044,0.3589196998729562,1.4838079
2017,9,2017-11-05,2017_09_ARI_SF,ARI,-0.7896747,0.3434170543703106,1.2658591
2017,10,2017-11-09,2017_10_SEA_ARI,ARI,-0.8296812,0.3308478219052448,1.2658591
2017,11,2017-11-19,2017_11_ARI_HOU,ARI,-0.8867782,0.3179810858955978,1.2348763
2017,12,2017-11-26,2017_12_JAX_ARI,ARI,-0.9340158,0.3203070667930073,1.2705905
2017,13,2017-12-03,2017_13_LA_ARI,ARI,-0.76493216,0.3316536060562132,1.4457799
2017,14,2017-12-10,2017_14_TEN_ARI,ARI,-1.1535245,0.2879139737749143,1.1808227
2017,15,2017-12-17,2017_15_ARI_WAS,ARI,-0.98855734,0.30738787949882,1.3474894
2017,16,2017-12-24,2017_16_NYG_ARI,ARI,-1.0674552,0.3184255020070308,1.3175749
2017,17,2017-12-31,2017_17_ARI_SEA,ARI,-1.0669822,0.3298188974502,1.3148276
2018,1,2018-09-09,2018_01_WAS_ARI,ARI,,,
2018,2,2018-09-16,2018_02_ARI_LA,ARI,,,
2018,3,2018-09-23,2018_03_CHI_ARI,ARI,,,
2018,4,2018-09-30,2018_04_SEA_ARI,ARI,,,
2018,5,2018-10-07,2018_05_ARI_SF,ARI,,,
2018,6,2018-10-14,2018_06_ARI_MIN,ARI,,,
2018,7,2018-10-18,2018_07_DEN_ARI,ARI,-1.3405708,0.3144082835154264,0.94108945
2018,8,2018-10-28,2018_08_SF_ARI,ARI,-1.6801096,0.3066393240798002,0.9522006
2018,10,2018-11-11,2018_10_ARI_KC,ARI,-1.3845868,0.3117679917084679,1.2249278
2018,11,2018-11-18,2018_11_OAK_ARI,ARI,-1.2715279,0.3259154183558946,1.2249278
2018,12,2018-11-25,2018_12_ARI_LAC,ARI,-1.2631675,0.3131305180709942,1.2388167
2018,13,2018-12-02,2018_13_ARI_GB,ARI,-1.4562131,0.2877392366732194,1.1284271
2018,14,2018-12-09,2018_14_DET_ARI,ARI,-1.1167799,0.2884577641774611,1.300505
2018,15,2018-12-16,2018_15_ARI_ATL,ARI,-0.9526748,0.3003071108184745,1.2310606
2018,16,2018-12-23,2018_16_LA_ARI,ARI,-1.0947765,0.3073572035828529,1.125
2018,17,2018-12-30,2018_17_ARI_SEA,ARI,-1.1564413,0.2967812055068549,1.0795455
2019,1,2019-09-08,2019_01_DET_ARI,ARI,,,
2019,2,2019-09-15,2019_02_ARI_BAL,ARI,,,
2019,3,2019-09-22,2019_03_CAR_ARI,ARI,,,
2019,4,2019-09-29,2019_04_SEA_ARI,ARI,,,
2019,5,2019-10-06,2019_05_ARI_CIN,ARI,,,
2019,6,2019-10-13,2019_06_ATL_ARI,ARI,,,
2019,7,2019-10-20,2019_07_ARI_NYG,ARI,0.13812856,0.3643857531357531,2.0177362
2019,8,2019-10-27,2019_08_ARI_NO,ARI,0.066199966,0.3571507427757427,2.1280303
2019,9,2019-10-31,2019_09_SF_ARI,ARI,-0.23215061,0.3489057932807933,1.994697
2019,10,2019-11-10,2019_10_ARI_TB,ARI,0.035716504,0.3774821038015483,2.1546295
2019,11,2019-11-17,2019_11_ARI_SF,ARI,0.3622388,0.379731243550688,2.3341167
2019,13,2019-12-01,2019_13_LA_ARI,ARI,0.15474726,0.3548588936783381,2.2947228
2019,14,2019-12-08,2019_14_PIT_ARI,ARI,-0.50430876,0.3143808994503438,1.8252784
2019,15,2019-12-15,2019_15_CLE_ARI,ARI,-0.66224986,0.3295265177209621,1.7650932
2019,16,2019-12-22,2019_16_ARI_SEA,ARI,-0.13596876,0.3643209825154269,2.2484267
2019,17,2019-12-29,2019_17_ARI_LA,ARI,-0.3120443,0.3588743201243201,2.1316173
2020,1,2020-09-13,2020_01_ARI_SF,ARI,,,
2020,2,2020-09-20,2020_02_WAS_ARI,ARI,,,
2020,3,2020-09-27,2020_03_DET_ARI,ARI,,,
2020,4,2020-10-04,2020_04_ARI_CAR,ARI,,,
2020,5,2020-10-11,2020_05_ARI_NYJ,ARI,,,
2020,6,2020-10-19,2020_06_ARI_DAL,ARI,,,
2020,7,2020-10-25,2020_07_SEA_ARI,ARI,0.72138387,0.432269545691302,2.5176766
2020,9,2020-11-08,2020_09_MIA_ARI,ARI,0.7893748,0.4312905417517716,2.6587024
2020,10,2020-11-15,2020_10_BUF_ARI,ARI,0.7943361,0.4442542166027015,2.8161097
2020,11,2020-11-19,2020_11_ARI_SEA,ARI,0.84492993,0.4289837300086854,2.9120693
2020,12,2020-11-29,2020_12_ARI_NE,ARI,0.88694984,0.4247422234645473,2.9120693
2020,13,2020-12-06,2020_13_LA_ARI,ARI,0.568824,0.413080068746837,2.7723389
2020,14,2020-12-13,2020_14_ARI_NYG,ARI,0.25890702,0.4028741522463572,2.58547
2020,15,2020-12-20,2020_15_PHI_ARI,ARI,0.1487256,0.3947642777903289,2.4444444
2020,16,2020-12-26,2020_16_SF_ARI,ARI,0.008651932,0.4018533307127152,2.2678063
2020,17,2021-01-03,2020_17_ARI_LA,ARI,-0.25281122,0.3796968923798063,1.9900284
2021,1,2021-09-12,2021_01_ARI_TEN,ARI,,,
2021,2,2021-09-19,2021_02_MIN_ARI,ARI,,,
2021,3,2021-09-26,2021_03_ARI_JAX,ARI,,,
2021,4,2021-10-03,2021_04_ARI_LA,ARI,,,
2021,5,2021-10-10,2021_05_SF_ARI,ARI,,,
2021,6,2021-10-17,2021_06_ARI_CLE,ARI,,,
2021,7,2021-10-24,2021_07_HOU_ARI,ARI,0.76001525,0.4323941567691567,2.8275642
2021,8,2021-10-28,2021_08_GB_ARI,ARI,0.69100755,0.4370135150343483,2.730342
2021,9,2021-11-07,2021_09_ARI_SF,ARI,0.6980348,0.4271184332642666,2.7319443
2021,10,2021-11-14,2021_10_CAR_ARI,ARI,0.8901677,0.4083804792990399,2.854419
2021,11,2021-11-21,2021_11_ARI_SEA,ARI,0.16018157,0.3728450656386262,2.3766415
2021,13,2021-12-05,2021_13_ARI_CHI,ARI,0.38281217,0.3829274832210438,2.4766414
2021,14,2021-12-13,2021_14_LA_ARI,ARI,0.27118754,0.3945493798429404,2.4099748
2021,15,2021-12-19,2021_15_ARI_DET,ARI,0.21221793,0.3932969093196366,2.327904
2021,16,2021-12-25,2021_16_IND_ARI,ARI,-0.08228939,0.3743756685233958,2.0722222
2021,17,2022-01-02,2021_17_ARI_DAL,ARI,-0.47434565,0.3669002525252525,1.869192
2021,18,2022-01-09,2021_18_SEA_ARI,ARI,0.026717039,0.3923755411255411,2.1469696
2022,1,2022-09-11,2022_01_KC_ARI,ARI,,,
2022,2,2022-09-18,2022_02_ARI_LV,ARI,,,
2022,3,2022-09-25,2022_03_LA_ARI,ARI,,,
2022,4,2022-10-02,2022_04_ARI_CAR,ARI,,,
2022,5,2022-10-09,2022_05_PHI_ARI,ARI,,,
2022,6,2022-10-16,2022_06_ARI_SEA,ARI,,,
2022,7,2022-10-20,2022_07_NO_ARI,ARI,-0.37714604,0.3323295781016369,1.6839226
2022,8,2022-10-30,2022_08_ARI_MIN,ARI,-0.27610216,0.3503667424623307,1.7824074
2022,9,2022-11-06,2022_09_SEA_ARI,ARI,-0.38674048,0.3495657687446903,1.7175926
2022,10,2022-11-13,2022_10_ARI_LA,ARI,-0.42150065,0.3560997421845648,1.722643
2022,11,2022-11-21,2022_11_SF_ARI,ARI,-0.35414776,0.3386161455343016,1.7706228
2022,12,2022-11-27,2022_12_LAC_ARI,ARI,-0.5370537,0.3359140706731358,1.6073233
2022,14,2022-12-12,2022_14_NE_ARI,ARI,-0.30774105,0.3615385755255818,1.929293
2022,15,2022-12-18,2022_15_ARI_DEN,ARI,-0.8068418,0.3670285535033049,1.6931819
2022,16,2022-12-25,2022_16_TB_ARI,ARI,-0.9606612,0.3378289722203902,1.5243784
2022,17,2023-01-01,2022_17_ARI_ATL,ARI,-0.98820734,0.3243862880027573,1.4748836
2022,18,2023-01-08,2022_18_ARI_SF,ARI,-1.0203698,0.3453912860910887,1.4176445
2023,1,2023-09-10,2023_01_ARI_WAS,ARI,,,
2023,2,2023-09-17,2023_02_NYG_ARI,ARI,,,
2023,3,2023-09-24,2023_03_DAL_ARI,ARI,,,
2023,4,2023-10-01,2023_04_ARI_SF,ARI,,,
2023,5,2023-10-08,2023_05_CIN_ARI,ARI,,,
2023,6,2023-10-15,2023_06_ARI_LA,ARI,,,
2023,7,2023-10-22,2023_07_ARI_SEA,ARI,-0.1256385,0.3607774763223481,1.8864368
2023,8,2023-10-29,2023_08_BAL_ARI,ARI,-0.047067624,0.3536571660770378,1.899063
2023,9,2023-11-05,2023_09_ARI_CLE,ARI,-0.29114357,0.3487539674238393,1.7400886
2023,10,2023-11-12,2023_10_ATL_ARI,ARI,-1.0311897,0.2957179381973338,1.2215701
2023,11,2023-11-19,2023_11_ARI_HOU,ARI,-1.1685188,0.3012973125267081,1.2572844
2023,12,2023-11-26,2023_12_LA_ARI,ARI,-0.9670872,0.3238080140758712,1.2675408
2023,13,2023-12-03,2023_13_ARI_PIT,ARI,-0.9716949,0.3146099205027776,1.354662
2023,15,2023-12-17,2023_15_SF_ARI,ARI,-0.71545285,0.3319157410438923,1.6031469
2023,16,2023-12-24,2023_16_ARI_CHI,ARI,-0.5258623,0.3343760585042097,1.778788
2023,17,2023-12-31,2023_17_ARI_PHI,ARI,-0.1220971,0.3535035579888521,2.0010102
2023,18,2024-01-07,2023_18_SEA_ARI,ARI,0.31541306,0.3716432886285827,2.3135102
2024,1,2024-09-08,2024_01_ARI_BUF,ARI,,,
2024,2,2024-09-15,2024_02_LA_ARI,ARI,,,
2024,3,2024-09-22,2024_03_DET_ARI,ARI,,,
2024,4,2024-09-29,2024_04_WAS_ARI,ARI,,,
2024,5,2024-10-06,2024_05_ARI_SF,ARI,,,
2024,6,2024-10-13,2024_06_ARI_GB,ARI,,,
2024,7,2024-10-21,2024_07_LAC_ARI,ARI,0.28562093,0.4663347569883517,2.2988214
2024,8,2024-10-27,2024_08_ARI_MIA,ARI,0.21843483,0.4863038825130328,2.1469696
2024,9,2024-11-03,2024_09_CHI_ARI,ARI,0.083736874,0.4657113668224779,1.869192
2024,10,2024-11-10,2024_10_NYJ_ARI,ARI,0.27952948,0.4720411481522593,2.0813131
2024,12,2024-11-24,2024_12_ARI_SEA,ARI,0.8942161,0.4886716223224159,2.560149
2024,13,2024-12-01,2024_13_ARI_MIN,ARI,0.6738818,0.4694291980799918,2.260149
2024,14,2024-12-08,2024_14_SEA_ARI,ARI,0.877737,0.4726979200987138,2.410149
2024,15,2024-12-15,2024_15_NE_ARI,ARI,0.6273965,0.4559003914956296,2.3453343
2024,16,2024-12-22,2024_16_ARI_CAR,ARI,0.5611381,0.4538316783158053,2.4194083
2024,17,2024-12-28,2024_17_ARI_LA,ARI,0.67704505,0.4610234764166943,2.4648628
2024,18,2025-01-05,2024_18_SF_ARI,ARI,0.04564805,0.4418809027205492,1.8767676
2016,1,2016-09-11,2016_01_TB_ATL,ATL,,,
2016,2,2016-09-18,2016_02_ATL_OAK,ATL,,,
2016,3,2016-09-26,2016_03_ATL_NO,ATL,,,
2016,4,2016-10-02,2016_04_CAR_ATL,ATL,,,
2016,5,2016-10-09,2016_05_ATL_DEN,ATL,,,
2016,6,2016-10-16,2016_06_ATL_SEA,ATL,,,
2016,7,2016-10-23,2016_07_SD_ATL,ATL,1.2035432,0.4612706966954802,2.7484848
2016,8,2016-10-30,2016_08_GB_ATL,ATL,1.1836098,0.4774623753871589,2.722844
2016,9,2016-11-03,2016_09_ATL_TB,ATL,1.083282,0.4595116224364059,2.7506216
2016,10,2016-11-13,2016_10_ATL_PHI,ATL,0.9670221,0.4429973370584841,2.752137
2016,12,2016-11-27,2016_12_ARI_ATL,ATL,0.6458751,0.412757157264733,2.46047
2016,13,2016-12-04,2016_13_KC_ATL,ATL,0.82124394,0.4337170265200568,2.7453187
2016,14,2016-12-11,2016_14_ATL_LA,ATL,0.9030864,0.4568705062707588,2.9305038
2016,15,2016-12-18,2016_15_SF_ATL,ATL,1.0166615,0.4640973380809239,2.956145
2016,16,2016-12-24,2016_16_ATL_CAR,ATL,1.1102332,0.4772802200138059,2.9662457
2016,17,2017-01-01,2016_17_NO_ATL,ATL,0.92695063,0.4620407036379259,2.8147306
2017,1,2017-09-10,2017_01_ATL_CHI,ATL,,,
2017,2,2017-09-17,2017_02_GB_ATL,ATL,,,
2017,3,2017-09-24,2017_03_ATL_DET,ATL,,,
2017,4,2017-10-01,2017_04_BUF_ATL,ATL,,,
2017,6,2017-10-15,2017_06_MIA_ATL,ATL,,,
2017,7,2017-10-22,2017_07_ATL_NE,ATL,,,
2017,8,2017-10-29,2017_08_ATL_NYJ,ATL,0.17089762,0.4089921652421652,2.010648
2017,9,2017-11-05,2017_09_ATL_CAR,ATL,-0.022500478,0.410530648126802,1.9478277
2017,10,2017-11-12,2017_10_DAL_ATL,ATL,-0.29840422,0.38167318614434,1.7172722
2017,11,2017-11-20,2017_11_ATL_SEA,ATL,-0.20599695,0.3732469673014544,1.7506055
2017,12,2017-11-26,2017_12_TB_ATL,ATL,0.009708114,0.3628865406910278,1.856161
2017,13,2017-12-03,2017_13_MIN_ATL,ATL,0.39057937,0.3847000152822802,2.1709757
2017,14,2017-12-07,2017_14_NO_ATL,ATL,0.39595962,0.3656494988052932,2.2126424
2017,15,2017-12-18,2017_15_ATL_TB,ATL,0.37200522,0.3748530327617445,2.225463
2017,16,2017-12-24,2017_16_ATL_NO,ATL,0.68031937,0.3920347413037472,2.4337962
2017,17,2017-12-31,2017_17_CAR_ATL,ATL,0.35490057,0.38364336416237,2.1504629
2018,1,2018-09-06,2018_01_ATL_PHI,ATL,,,
2018,2,2018-09-16,2018_02_CAR_ATL,ATL,,,
2018,3,2018-09-23,2018_03_NO_ATL,ATL,,,
2018,4,2018-09-30,2018_04_CIN_ATL,ATL,,,
2018,5,2018-10-07,2018_05_ATL_PIT,ATL,,,
2018,6,2018-10-14,2018_06_TB_ATL,ATL,,,
2018,7,2018-10-22,2018_07_NYG_ATL,ATL,0.6381522,0.4188865830643904,2.5819347
2018,9,2018-11-04,2018_09_ATL_WAS,ATL,0.95040274,0.4290970207748282,2.7986014
2018,10,2018-11-11,2018_10_ATL_CLE,ATL,1.2335614,0.4274325586936994,2.9856384
2018,11,2018-11-18,2018_11_DAL_ATL,ATL,1.0961415,0.4301661649567174,2.7779462
2018,12,2018-11-22,2018_12_ATL_NO,ATL,0.88254404,0.436542034457587,2.529798
2018,13,2018-12-02,2018_13_BAL_ATL,ATL,0.86055845,0.4428301024502004,2.5555556
2018,14,2018-12-09,2018_14_ATL_GB,ATL,0.33574894,0.4195624360207693,2.140404
2018,15,2018-12-16,2018_15_ARI_ATL,ATL,0.055363774,0.4274273488856822,2.090404
2018,16,2018-12-23,2018_16_ATL_CAR,ATL,-0.37985405,0.414979303104303,1.8225979
2018,17,2018-12-30,2018_17_ATL_TB,ATL,-0.34390905,0.4089326337243004,1.8892645
2019,1,2019-09-08,2019_01_ATL_MIN,ATL,,,
2019,2,2019-09-15,2019_02_PHI_ATL,ATL,,,
2019,3,2019-09-22,2019_03_ATL_IND,ATL,,,
2019,4,2019-09-29,2019_04_TEN_ATL,ATL,,,
2019,5,2019-10-06,2019_05_ATL_HOU,ATL,,,
2019,6,2019-10-13,2019_06_ATL_ARI,ATL,,,
2019,7,2019-10-20,2019_07_LA_ATL,ATL,0.36626887,0.3766321858150694,2.2507215
2019,8,2019-10-27,2019_08_SEA_ATL,ATL,0.29578298,0.3697346115879498,2.2022367
2019,10,2019-11-10,2019_10_ATL_NO,ATL,0.41340473,0.3951158044691427,2.2022367
2019,11,2019-11-17,2019_11_ATL_CAR,ATL,0.07846665,0.3730116281657428,2.1122897
2019,12,2019-11-24,2019_12_TB_ATL,ATL,0.31180492,0.3722339721797535,2.2802188
2019,13,2019-11-28,2019_13_NO_ATL,ATL,0.04052089,0.3671909827617641,2.1178257
2019,14,2019-12-08,2019_14_CAR_ATL,ATL,-0.5410264,0.3563210656418469,1.798595
2019,15,2019-12-15,2019_15_ATL_SF,ATL,-0.09231249,0.3781640665932395,2.1599004
2019,16,2019-12-22,2019_16_JAX_ATL,ATL,0.038533267,0.3693433965225694,2.2099001
2019,17,2019-12-29,2019_17_ATL_TB,ATL,-0.010798511,0.396276854836004,2.092055
2020,1,2020-09-13,2020_01_SEA_ATL,ATL,,,
2020,2,2020-09-20,2020_02_ATL_DAL,ATL,,,
2020,3,2020-09-27,2020_03_CHI_ATL,ATL,,,
2020,4,2020-10-05,2020_04_ATL_GB,ATL,,,
2020,5,2020-10-11,2020_05_CAR_ATL,ATL,,,
2020,6,2020-10-18,2020_06_ATL_MIN,ATL,,,
2020,7,2020-10-25,2020_07_DET_ATL,ATL,0.33742058,0.4064430554013887,2.3048942
2020,8,2020-10-29,2020_08_ATL_CAR,ATL,0.40368506,0.3996298711576489,2.3243387
2020,9,2020-11-08,2020_09_DEN_ATL,ATL,0.58490443,0.3995814627759071,2.2873015
2020,11,2020-11-22,2020_11_ATL_NO,ATL,0.79406947,0.4032749914694358,2.3825397
2020,12,2020-11-29,2020_12_LV_ATL,ATL,0.47816452,0.3715597416986305,2.222607
2020,13,2020-12-06,2020_13_NO_ATL,ATL,0.40595576,0.3677500388051275,2.366787
2020,14,2020-12-13,2020_14_ATL_LAC,ATL,0.04537043,0.3324666493550713,2.0334537
2020,15,2020-12-20,2020_15_TB_ATL,ATL,0.025397284,0.3471964540154316,2.0209534
2020,16,2020-12-27,2020_16_ATL_KC,ATL,-0.18667191,0.336171802460477,1.9670815
2020,17,2021-01-03,2020_17_ATL_TB,ATL,-0.2561325,0.3465854166240911,1.795653
2021,1,2021-09-12,2021_01_PHI_ATL,ATL,,,
2021,2,2021-09-19,2021_02_ATL_TB,ATL,,,
2021,3,2021-09-26,2021_03_ATL_NYG,ATL,,,
2021,4,2021-10-03,2021_04_WAS_ATL,ATL,,,
2021,5,2021-10-10,2021_05_NYJ_ATL,ATL,,,
2021,7,2021-10-24,2021_07_ATL_MIA,ATL,,,
2021,8,2021-10-31,2021_08_CAR_ATL,ATL,-0.0015794225,0.3697639548243539,2.0688312
2021,9,2021-11-07,2021_09_ATL_NO,ATL,0.13670374,0.3952153437132428,2.2021644
2021,10,2021-11-14,2021_10_ATL_DAL,ATL,0.3871199,0.3824396273660979,2.3136365
2021,11,2021-11-18,2021_11_NE_ATL,ATL,-0.09060243,0.3750287126635165,2.0719697
2021,12,2021-11-28,2021_12_ATL_JAX,ATL,-0.81172127,0.363046035754369,1.5719696
2021,13,2021-12-05,2021_13_TB_ATL,ATL,-1.0060881,0.3459301423884757,1.4719696
2021,14,2021-12-12,2021_14_ATL_CAR,ATL,-1.1766604,0.3548839663422997,1.2007576
2021,15,2021-12-19,2021_15_ATL_SF,ATL,-0.97189116,0.3474383563966897,1.3325757
2021,16,2021-12-26,2021_16_DET_ATL,ATL,-1.0815135,0.3485667734341977,1.1204544
2021,17,2022-01-02,2021_17_ATL_BUF,ATL,-0.52175236,0.3579045228761138,1.4954544
2021,18,2022-01-09,2021_18_NO_ATL,ATL,-0.115727305,0.3728939316155225,1.7732323
2022,1,2022-09-11,2022_01_NO_ATL,ATL,,,
2022,2,2022-09-18,2022_02_ATL_LA,ATL,,,
2022,3,2022-09-25,2022_03_ATL_SEA,ATL,,,
2022,4,2022-10-02,2022_04_CLE_ATL,ATL,,,
2022,5,2022-10-09,2022_05_ATL_TB,ATL,,,
2022,6,2022-10-16,2022_06_SF_ATL,ATL,,,
2022,7,2022-10-23,2022_07_ATL_CIN,ATL,0.36604548,0.4316117010561455,2.1548822
2022,8,2022-10-30,2022_08_CAR_ATL,ATL,0.34388173,0.4211052322163433,2.1363637
2022,9,2022-11-06,2022_09_LAC_ATL,ATL,0.5007413,0.4159618306443703,2.2175324
2022,10,2022-11-10,2022_10_ATL_CAR,ATL,0.061533034,0.4143478068081243,2.0008657
2022,11,2022-11-20,2022_11_CHI_ATL,ATL,-0.14999752,0.4127180708033882,1.8607143
2022,12,2022-11-27,2022_12_ATL_WAS,ATL,-0.097288035,0.4192871293168912,2.0329363
2022,13,2022-12-04,2022_13_PIT_ATL,ATL,-0.17132647,0.3991074119149516,1.8662697
2022,15,2022-12-18,2022_15_ATL_NO,ATL,-0.15050165,0.4060739022147752,1.8847884
2022,16,2022-12-24,2022_16_ATL_BAL,ATL,-0.14072342,0.3951068401762845,1.8157407
2022,17,2023-01-01,2022_17_ARI_ATL,ATL,-0.28301892,0.3824819407092799,1.6990741
2022,18,2023-01-08,2022_18_TB_ATL,ATL,-0.20447868,0.3844585520608912,1.8240741
2023,1,2023-09-10,2023_01_CAR_ATL,ATL,,,
2023,2,2023-09-17,2023_02_GB_ATL,ATL,,,
2023,3,2023-09-24,2023_03_ATL_DET,ATL,,,
2023,4,2023-10-01,2023_04_ATL_JAX,ATL,,,
2023,5,2023-10-08,2023_05_HOU_ATL,ATL,,,
2023,6,2023-10-15,2023_06_WAS_ATL,ATL,,,
2023,7,2023-10-22,2023_07_ATL_TB,ATL,-0.81289405,0.3511736859809498,1.4584498
2023,8,2023-10-29,2023_08_ATL_TEN,ATL,-0.77018905,0.3613767236839875,1.4174242
2023,9,2023-11-05,2023_09_MIN_ATL,ATL,-0.84867054,0.3486785371832799,1.2745671
2023,10,2023-11-12,2023_10_ATL_ARI,ATL,-0.6023959,0.3513398804696233,1.5245671
2023,12,2023-11-26,2023_12_NO_ATL,ATL,-0.37512743,0.3375455647635428,1.7912337
2023,13,2023-12-03,2023_13_ATL_NYJ,ATL,-0.2615149,0.3525504826851275,1.7995671
2023,14,2023-12-10,2023_14_TB_ATL,ATL,-0.23837548,0.3442307346403985,1.7119046
2023,15,2023-12-17,2023_15_ATL_CAR,ATL,-0.2988171,0.3329727877942163,1.7657509
2023,16,2023-12-24,2023_16_IND_ATL,ATL,-0.53058636,0.3263421168778311,1.6086081
2023,17,2023-12-31,2023_17_ATL_CHI,ATL,-0.28334004,0.3551953238560381,1.758608
2023,18,2024-01-07,2023_18_ATL_NO,ATL,-0.46483,0.3456002974227763,1.5932235
2024,1,2024-09-08,2024_01_PIT_ATL,ATL,,,
2024,2,2024-09-16,2024_02_ATL_PHI,ATL,,,
2024,3,2024-09-22,2024_03_KC_ATL,ATL,,,
2024,4,2024-09-29,2024_04_NO_ATL,ATL,,,
2024,5,2024-10-03,2024_05_TB_ATL,ATL,,,
2024,6,2024-10-13,2024_06_ATL_CAR,ATL,,,
2024,7,2024-10-20,2024_07_SEA_ATL,ATL,0.48561773,0.4328903155722823,2.3119528
2024,8,2024-10-27,2024_08_ATL_TB,ATL,0.56951976,0.4334224770135346,2.3574073
2024,9,2024-11-03,2024_09_DAL_ATL,ATL,0.5818433,0.4504190966490431,2.4666667
2024,10,2024-11-10,2024_10_ATL_NO,ATL,0.61006933,0.4550537131218949,2.5924242
2024,11,2024-11-17,2024_11_ATL_DEN,ATL,0.45596632,0.4694477786523241,2.5166667
2024,13,2024-12-01,2024_13_LAC_ATL,ATL,0.008882622,0.4562003968253968,2.071212
2024,14,2024-12-08,2024_14_ATL_MIN,ATL,-0.50149995,0.4611831413535959,1.7121211
2024,15,2024-12-16,2024_15_ATL_LV,ATL,-0.3052989,0.4755873398487035,1.8499999
2024,16,2024-12-22,2024_16_NYG_ATL,ATL,-0.74094456,0.4456685086798723,1.530303
2024,17,2024-12-29,2024_17_ATL_WAS,ATL,-0.6817674,0.4627906739972248,1.4545454
2024,18,2025-01-05,2024_18_CAR_ATL,ATL,-0.4815503,0.4653871796240335,1.6414142
2016,1,2016-09-11,2016_01_BUF_BAL,BAL,,,
2016,2,2016-09-18,2016_02_BAL_CLE,BAL,,,
2016,3,2016-09-25,2016_03_BAL_JAX,BAL,,,
2016,4,2016-10-02,2016_04_OAK_BAL,BAL,,,
2016,5,2016-10-09,2016_05_WAS_BAL,BAL,,,
2016,6,2016-10-16,2016_06_BAL_NYG,BAL,,,
2016,7,2016-10-23,2016_07_BAL_NYJ,BAL,-0.45363835,0.3801254675659437,1.548779
2016,9,2016-11-06,2016_09_PIT_BAL,BAL,-0.56340605,0.3756460758750136,1.4603175
2016,10,2016-11-10,2016_10_CLE_BAL,BAL,-0.7386062,0.3552744952950997,1.3075397
2016,11,2016-11-20,2016_11_BAL_DAL,BAL,-0.56418043,0.3731298211861398,1.4528389
2016,12,2016-11-27,2016_12_CIN_BAL,BAL,-0.38336328,0.3747242518877134,1.4147435
2016,13,2016-12-04,2016_13_MIA_BAL,BAL,-0.24161588,0.3863955666840282,1.5504273
2016,14,2016-12-12,2016_14_BAL_NE,BAL,-0.1523915,0.395459419497881,1.7587608
2016,15,2016-12-18,2016_15_PHI_BAL,BAL,0.1089797,0.3993033751962323,1.9043651
2016,16,2016-12-25,2016_16_BAL_PIT,BAL,0.22486687,0.3940606780785352,2.1126983
2016,17,2017-01-01,2016_17_BAL_CIN,BAL,0.3236061,0.3822100497506341,2.1329005
2017,1,2017-09-10,2017_01_BAL_CIN,BAL,,,
2017,2,2017-09-17,2017_02_CLE_BAL,BAL,,,
2017,3,2017-09-24,2017_03_BAL_JAX,BAL,,,
2017,4,2017-10-01,2017_04_PIT_BAL,BAL,,,
2017,5,2017-10-08,2017_05_BAL_OAK,BAL,,,
2017,6,2017-10-15,2017_06_CHI_BAL,BAL,,,
2017,7,2017-10-22,2017_07_BAL_MIN,BAL,-0.72104335,0.3777755423588757,1.3841629
2017,8,2017-10-26,2017_08_MIA_BAL,BAL,-0.76984686,0.3763408764355734,1.3488094
2017,9,2017-11-05,2017_09_BAL_TEN,BAL,-0.6891787,0.3744902138706251,1.3744503
2017,11,2017-11-19,2017_11_BAL_GB,BAL,-0.4312702,0.3806202720840166,1.5802585
2017,12,2017-11-27,2017_12_HOU_BAL,BAL,-0.27873826,0.384635051396415,1.7290682
2017,13,2017-12-03,2017_13_DET_BAL,BAL,-0.40185007,0.3864610417640721,1.6485125
2017,14,2017-12-10,2017_14_BAL_PIT,BAL,-0.042588178,0.40985555399787,1.9244227
2017,15,2017-12-17,2017_15_BAL_CLE,BAL,0.43312666,0.4372637448530305,2.2097764
2017,16,2017-12-23,2017_16_IND_BAL,BAL,0.3925384,0.4513121248240295,2.1681097
2017,17,2017-12-31,2017_17_CIN_BAL,BAL,0.5565453,0.4451519188831218,2.2910054
2018,1,2018-09-09,2018_01_BUF_BAL,BAL,,,
2018,2,2018-09-13,2018_02_BAL_CIN,BAL,,,
2018,3,2018-09-23,2018_03_DEN_BAL,BAL,,,
2018,4,2018-09-30,2018_04_BAL_PIT,BAL,,,
2018,5,2018-10-07,2018_05_BAL_CLE,BAL,,,
2018,6,2018-10-14,2018_06_BAL_TEN,BAL,,,
2018,7,2018-10-21,2018_07_NO_BAL,BAL,0.09770688,0.3930753568681923,2.0405066
2018,8,2018-10-28,2018_08_BAL_CAR,BAL,0.25459415,0.4057784747314992,1.9601496
2018,9,2018-11-04,2018_09_PIT_BAL,BAL,0.2941934,0.4045253243918105,2.0152776
2018,11,2018-11-18,2018_11_CIN_BAL,BAL,0.32673514,0.4023305091761619,1.936574
2018,12,2018-11-25,2018_12_OAK_BAL,BAL,0.18413298,0.4047445303401831,1.9087963
2018,13,2018-12-02,2018_13_BAL_ATL,BAL,0.43700358,0.4394091782624067,2.1421297
2018,14,2018-12-09,2018_14_BAL_KC,BAL,0.27405044,0.4528180473261801,2.0951598
2018,15,2018-12-16,2018_15_TB_BAL,BAL,0.07971725,0.445863142889658,2.0159934
2018,16,2018-12-22,2018_16_BAL_LAC,BAL,0.12077414,0.4524605289200936,2.0363636
2018,17,2018-12-30,2018_17_CLE_BAL,BAL,-0.07161638,0.4275494831757145,1.9451956
2019,1,2019-09-08,2019_01_BAL_MIA,BAL,,,
2019,2,2019-09-15,2019_02_ARI_BAL,BAL,,,
2019,3,2019-09-22,2019_03_BAL_KC,BAL,,,
2019,4,2019-09-29,2019_04_CLE_BAL,BAL,,,
2019,5,2019-10-06,2019_05_BAL_PIT,BAL,,,
2019,6,2019-10-13,2019_06_CIN_BAL,BAL,,,
2019,7,2019-10-20,2019_07_BAL_SEA,BAL,1.1545837,0.4100453169312819,2.761111
2019,9,2019-11-03,2019_09_NE_BAL,BAL,0.55793697,0.3825185998212314,2.2143939
2019,10,2019-11-10,2019_10_BAL_CIN,BAL,0.7051472,0.3827310599200551,2.3007576
2019,11,2019-11-17,2019_11_HOU_BAL,BAL,0.8232965,0.4292756495896448,2.4507575
2019,12,2019-11-25,2019_12_BAL_LA,BAL,1.0868139,0.4383194992584944,2.7247474
2019,13,2019-12-01,2019_13_SF_BAL,BAL,1.763258,0.4578657194991591,3.1969697
2019,14,2019-12-08,2019_14_BAL_BUF,BAL,1.6631428,0.4697088091866759,3.230303
2019,15,2019-12-12,2019_15_NYJ_BAL,BAL,1.5648569,0.4536241002448242,3.24329
2019,16,2019-12-22,2019_16_BAL_CLE,BAL,1.4881415,0.446463150601357,3.3120546
2019,17,2019-12-29,2019_17_PIT_BAL,BAL,1.387261,0.4301253911385976,3.2120545
2020,1,2020-09-13,2020_01_CLE_BAL,BAL,,,
2020,2,2020-09-20,2020_02_BAL_HOU,BAL,,,
2020,3,2020-09-28,2020_03_KC_BAL,BAL,,,
2020,4,2020-10-04,2020_04_BAL_WAS,BAL,,,
2020,5,2020-10-11,2020_05_CIN_BAL,BAL,,,
2020,6,2020-10-18,2020_06_BAL_PHI,BAL,,,
2020,8,2020-11-01,2020_08_PIT_BAL,BAL,0.64202195,0.4311775093593275,2.4248583
2020,9,2020-11-08,2020_09_BAL_IND,BAL,0.35336778,0.4091733771279226,2.1824343
2020,10,2020-11-15,2020_10_BAL_NE,BAL,0.097988985,0.4010279072779072,2.0051615
2020,11,2020-11-22,2020_11_TEN_BAL,BAL,0.11663804,0.4165001314622527,2.016946
2020,12,2020-12-02,2020_12_BAL_PIT,BAL,-0.009202987,0.4115656677777889,1.9108853
2020,13,2020-12-08,2020_13_DAL_BAL,BAL,-0.13211285,0.3987523622561501,1.836099
2020,14,2020-12-14,2020_14_BAL_CLE,BAL,0.07089213,0.4258647560352106,2.1085858
2020,15,2020-12-20,2020_15_JAX_BAL,BAL,0.53967243,0.4412672407558771,2.4570706
2020,16,2020-12-27,2020_16_NYG_BAL,BAL,0.9636983,0.4439004450936269,2.8176768
2020,17,2021-01-03,2020_17_BAL_CIN,BAL,1.1194111,0.434341793868309,3.002862
2021,1,2021-09-13,2021_01_BAL_LV,BAL,,,
2021,2,2021-09-19,2021_02_KC_BAL,BAL,,,
2021,3,2021-09-26,2021_03_BAL_DET,BAL,,,
2021,4,2021-10-03,2021_04_BAL_DEN,BAL,,,
2021,5,2021-10-11,2021_05_IND_BAL,BAL,,,
2021,6,2021-10-17,2021_06_LAC_BAL,BAL,,,
2021,7,2021-10-24,2021_07_CIN_BAL,BAL,0.63538665,0.4380758425076607,2.534965
2021,9,2021-11-07,2021_09_MIN_BAL,BAL,0.5203993,0.418533645286892,2.3911922
2021,10,2021-11-11,2021_10_BAL_MIA,BAL,0.5527623,0.4161824295834035,2.3179598
2021,11,2021-11-21,2021_11_BAL_CHI,BAL,0.2897738,0.4018323286261598,2.1203406
2021,12,2021-11-28,2021_12_CLE_BAL,BAL,0.19577883,0.3975997346208386,2.0678933
2021,13,2021-12-05,2021_13_BAL_PIT,BAL,-0.21357791,0.3641712649423689,1.7563548
2021,14,2021-12-12,2021_14_BAL_CLE,BAL,-0.23064542,0.3499425727591312,1.5578699
2021,15,2021-12-19,2021_15_GB_BAL,BAL,-0.20314799,0.3724406104357403,1.6375402
2021,16,2021-12-26,2021_16_BAL_CIN,BAL,-0.15230922,0.3634732275100241,1.7208735
2021,17,2022-01-02,2021_17_LA_BAL,BAL,0.15256585,0.3783649845236298,1.9907149
2021,18,2022-01-09,2021_18_PIT_BAL,BAL,0.1867928,0.3886562883376609,1.9452602
2022,1,2022-09-11,2022_01_BAL_NYJ,BAL,,,
2022,2,2022-09-18,2022_02_MIA_BAL,BAL,,,
2022,3,2022-09-25,2022_03_BAL_NE,BAL,,,
2022,4,2022-10-02,2022_04_BUF_BAL,BAL,,,
2022,5,2022-10-09,2022_05_CIN_BAL,BAL,,,
2022,6,2022-10-16,2022_06_BAL_NYG,BAL,,,
2022,7,2022-10-23,2022_07_CLE_BAL,BAL,0.5367153,0.4088006204695153,2.387406
2022,8,2022-10-27,2022_08_BAL_TB,BAL,0.5570478,0.4052461194150142,2.4281986
2022,9,2022-11-07,2022_09_BAL_NO,BAL,0.42183506,0.3953049873147912,2.227441
2022,11,2022-11-20,2022_11_CAR_BAL,BAL,0.4236392,0.4167943518597113,2.2135522
2022,12,2022-11-27,2022_12_BAL_JAX,BAL,0.31272116,0.4121330191836727,2.0910776
2022,13,2022-12-04,2022_13_DEN_BAL,BAL,0.3977003,0.4114948528837418,2.1835017
2022,14,2022-12-11,2022_14_BAL_PIT,BAL,0.26152882,0.4016093451314078,1.9520202
2022,15,2022-12-17,2022_15_BAL_CLE,BAL,0.27604327,0.4072216032436659,1.8702021
2022,16,2022-12-24,2022_16_ATL_BAL,BAL,-0.2534324,0.3899701561311077,1.5507575
2022,17,2023-01-01,2022_17_PIT_BAL,BAL,-0.4920015,0.3714589862310489,1.3655725
2022,18,2023-01-08,2022_18_BAL_CIN,BAL,-0.27935907,0.3752099534011338,1.4558501
2023,1,2023-09-10,2023_01_HOU_BAL,BAL,,,
2023,2,2023-09-17,2023_02_BAL_CIN,BAL,,,
2023,3,2023-09-24,2023_03_IND_BAL,BAL,,,
2023,4,2023-10-01,2023_04_BAL_CLE,BAL,,,
2023,5,2023-10-08,2023_05_BAL_PIT,BAL,,,
2023,6,2023-10-15,2023_06_BAL_TEN,BAL,,,
2023,7,2023-10-22,2023_07_DET_BAL,BAL,-0.11431668,0.4256972446745173,1.9169823
2023,8,2023-10-29,2023_08_BAL_ARI,BAL,0.37361968,0.4391042753542753,2.1715276
2023,9,2023-11-05,2023_09_SEA_BAL,BAL,0.26059118,0.4287773337773338,2.0689638
2023,10,2023-11-12,2023_10_CLE_BAL,BAL,0.58801323,0.4396014941848274,2.405769
2023,11,2023-11-16,2023_11_CIN_BAL,BAL,0.59618205,0.4445405015859561,2.3641026
2023,12,2023-11-26,2023_12_BAL_LAC,BAL,0.926805,0.4576201618247073,2.740365
2023,14,2023-12-10,2023_14_LA_BAL,BAL,0.7418285,0.4394510974435217,2.710062
2023,15,2023-12-17,2023_15_BAL_JAX,BAL,0.45916235,0.4178690185537505,2.4457765
2023,16,2023-12-25,2023_16_BAL_SF,BAL,0.48430517,0.4286318668165987,2.4316738
2023,17,2023-12-31,2023_17_MIA_BAL,BAL,0.39436713,0.4309967858481844,2.3761184
2023,18,2024-01-06,2023_18_PIT_BAL,BAL,0.7729201,0.4291509044568485,2.746845
2024,1,2024-09-05,2024_01_BAL_KC,BAL,,,
2024,2,2024-09-15,2024_02_LV_BAL,BAL,,,
2024,3,2024-09-22,2024_03_BAL_DAL,BAL,,,
2024,4,2024-09-29,2024_04_BUF_BAL,BAL,,,
2024,5,2024-10-06,2024_05_BAL_CIN,BAL,,,
2024,6,2024-10-13,2024_06_WAS_BAL,BAL,,,
2024,7,2024-10-21,2024_07_BAL_TB,BAL,0.9497707,0.4631484835598083,2.6531663
2024,8,2024-10-27,2024_08_BAL_CLE,BAL,1.2545904,0.4606032510145758,2.941045
2024,9,2024-11-03,2024_09_DEN_BAL,BAL,1.3683667,0.4809901172347753,2.9852371
2024,10,2024-11-07,2024_10_CIN_BAL,BAL,1.6331234,0.5061374005070586,3.2796814
2024,11,2024-11-17,2024_11_BAL_PIT,BAL,1.6376053,0.5041900423097004,3.2354896
2024,12,2024-11-25,2024_12_BAL_LAC,BAL,1.1638919,0.4711537410041683,2.9149768
2024,13,2024-12-01,2024_13_PHI_BAL,BAL,1.2143208,0.4637891677899219,2.9149768
2024,15,2024-12-15,2024_15_BAL_NYG,BAL,0.80769944,0.4491509861062857,2.5816433
2024,16,2024-12-21,2024_16_PIT_BAL,BAL,1.150344,0.4603311639531302,2.866155
2024,17,2024-12-25,2024_17_BAL_HOU,BAL,0.94027334,0.4620522669242332,2.6070642
2024,18,2025-01-04,2024_18_CLE_BAL,BAL,1.0330426,0.4712430761150424,2.6376197
2016,1,2016-09-11,2016_01_BUF_BAL,BUF,,,
2016,2,2016-09-15,2016_02_NYJ_BUF,BUF,,,
2016,3,2016-09-25,2016_03_ARI_BUF,BUF,,,
2016,4,2016-10-02,2016_04_BUF_NE,BUF,,,
2016,5,2016-10-09,2016_05_BUF_LA,BUF,,,
2016,6,2016-10-16,2016_06_SF_BUF,BUF,,,
2016,7,2016-10-23,2016_07_BUF_MIA,BUF,0.08962217,0.3994648932896796,2.01497
2016,8,2016-10-30,2016_08_NE_BUF,BUF,0.41311327,0.418565249481539,2.2641284
2016,9,2016-11-07,2016_09_BUF_SEA,BUF,0.34748435,0.3987502160301419,2.2641284
2016,11,2016-11-20,2016_11_BUF_CIN,BUF,0.5230175,0.4172417707716967,2.3807952
2016,12,2016-11-27,2016_12_JAX_BUF,BUF,0.4150746,0.4141630247339489,2.3269231
2016,13,2016-12-04,2016_13_BUF_OAK,BUF,0.4868491,0.4174195255283284,2.4178321
2016,14,2016-12-11,2016_14_PIT_BUF,BUF,0.30096504,0.4050327714348437,2.1742423
2016,15,2016-12-18,2016_15_CLE_BUF,BUF,0.1749183,0.3852282839832974,2.0984848
2016,16,2016-12-24,2016_16_MIA_BUF,BUF,0.37497285,0.4145390685971122,2.3308082
2016,17,2017-01-01,2016_17_BUF_NYJ,BUF,0.38038623,0.4083910169133464,2.258586
2017,1,2017-09-10,2017_01_NYJ_BUF,BUF,,,
2017,2,2017-09-17,2017_02_BUF_CAR,BUF,,,
2017,3,2017-09-24,2017_03_DEN_BUF,BUF,,,
2017,4,2017-10-01,2017_04_BUF_ATL,BUF,,,
2017,5,2017-10-08,2017_05_BUF_CIN,BUF,,,
2017,7,2017-10-22,2017_07_TB_BUF,BUF,,,
2017,8,2017-10-29,2017_08_OAK_BUF,BUF,-0.1739561,0.3191349114549872,1.6371212
2017,9,2017-11-02,2017_09_BUF_NYJ,BUF,0.0056657777,0.3584837570538328,1.7343434
2017,10,2017-11-12,2017_10_NO_BUF,BUF,0.09776106,0.3745703841019983,1.9535742
2017,11,2017-11-19,2017_11_BUF_LAC,BUF,-0.16383143,0.3693892573583715,1.7591296
2017,12,2017-11-26,2017_12_BUF_KC,BUF,-0.4677705,0.3666414224427045,1.8092464
2017,13,2017-12-03,2017_13_NE_BUF,BUF,-0.46106982,0.3680151436882206,1.7921523
2017,14,2017-12-10,2017_14_IND_BUF,BUF,-0.85027003,0.3552218258949028,1.3876067
2017,15,2017-12-17,2017_15_MIA_BUF,BUF,-1.1480378,0.3180837325068094,1.1653847
2017,16,2017-12-24,2017_16_BUF_NE,BUF,-1.0377718,0.309828386831592,1.2294872
2017,17,2017-12-31,2017_17_BUF_MIA,BUF,-0.9163732,0.3298346999629051,1.2294872
2018,1,2018-09-09,2018_01_BUF_BAL,BUF,,,
2018,2,2018-09-16,2018_02_LAC_BUF,BUF,,,
2018,3,2018-09-23,2018_03_BUF_MIN,BUF,,,
2018,4,2018-09-30,2018_04_BUF_GB,BUF,,,
2018,5,2018-10-07,2018_05_TEN_BUF,BUF,,,
2018,6,2018-10-14,2018_06_BUF_HOU,BUF,,,
2018,7,2018-10-21,2018_07_BUF_IND,BUF,-1.4472375,0.2941612456006395,1.1426767
2018,8,2018-10-29,2018_08_NE_BUF,BUF,-1.4023371,0.3091213780607719,1.154798
2018,9,2018-11-04,2018_09_CHI_BUF,BUF,-1.6455617,0.3121499852560458,0.93510103
2018,10,2018-11-11,2018_10_BUF_NYJ,BUF,-2.1060627,0.2987669847788896,0.63315296
2018,12,2018-11-25,2018_12_JAX_BUF,BUF,-1.4774433,0.32837456855314,1.2025974
2018,13,2018-12-02,2018_13_BUF_MIA,BUF,-1.2593809,0.342980795659367,1.2936231
2018,14,2018-12-09,2018_14_NYJ_BUF,BUF,-0.9500411,0.3653351178242953,1.3706433
2018,15,2018-12-16,2018_15_DET_BUF,BUF,-0.5870678,0.365804892157706,1.6736735
2018,16,2018-12-23,2018_16_BUF_NE,BUF,-0.28217497,0.3748126282487754,1.8024615
2018,17,2018-12-30,2018_17_MIA_BUF,BUF,-0.13206534,0.3982425515001273,1.8286519
2019,1,2019-09-08,2019_01_BUF_NYJ,BUF,,,
2019,2,2019-09-15,2019_02_BUF_NYG,BUF,,,
2019,3,2019-09-22,2019_03_CIN_BUF,BUF,,,
2019,4,2019-09-29,2019_04_NE_BUF,BUF,,,
2019,5,2019-10-06,2019_05_BUF_TEN,BUF,,,
2019,7,2019-10-20,2019_07_MIA_BUF,BUF,,,
2019,8,2019-10-27,2019_08_PHI_BUF,BUF,-0.25717866,0.3541915655150949,1.7051587
2019,9,2019-11-03,2019_09_WAS_BUF,BUF,-0.32782325,0.3455647282023601,1.6357142
2019,10,2019-11-10,2019_10_BUF_CLE,BUF,-0.3502779,0.3613830601971627,1.6468254
2019,11,2019-11-17,2019_11_BUF_MIA,BUF,-0.27101973,0.375561745268705,1.6301588
2019,12,2019-11-24,2019_12_DEN_BUF,BUF,0.23942436,0.3769388403958001,1.9515873
2019,13,2019-11-28,2019_13_BUF_DAL,BUF,0.38640118,0.3913844112473424,2.0601733
2019,14,2019-12-08,2019_14_BAL_BUF,BUF,0.31481412,0.3908589182218493,1.9768399
2019,15,2019-12-15,2019_15_BUF_PIT,BUF,0.29583564,0.3923992582237279,2.028122
2019,16,2019-12-21,2019_16_BUF_NE,BUF,0.03906671,0.3783660691905388,1.8460706
2019,17,2019-12-29,2019_17_NYJ_BUF,BUF,0.049962778,0.3643443964188661,1.8960706
2020,1,2020-09-13,2020_01_NYJ_BUF,BUF,,,
2020,2,2020-09-20,2020_02_BUF_MIA,BUF,,,
2020,3,2020-09-27,2020_03_LA_BUF,BUF,,,
2020,4,2020-10-04,2020_04_BUF_LV,BUF,,,
2020,5,2020-10-13,2020_05_BUF_TEN,BUF,,,
2020,6,2020-10-19,2020_06_KC_BUF,BUF,,,
2020,7,2020-10-25,2020_07_BUF_NYJ,BUF,0.73330474,0.4043591104087711,2.5044613
2020,8,2020-11-01,2020_08_NE_BUF,BUF,0.7163139,0.4072807216258369,2.3953702
2020,9,2020-11-08,2020_09_SEA_BUF,BUF,0.5518144,0.4088296356747509,2.3648148
2020,10,2020-11-15,2020_10_BUF_ARI,BUF,0.530278,0.4162812761125025,2.3925927
2020,12,2020-11-29,2020_12_LAC_BUF,BUF,0.36774817,0.4168985754798018,2.277208
2020,13,2020-12-07,2020_13_BUF_SF,BUF,0.57034403,0.4430297672250287,2.3855412
2020,14,2020-12-13,2020_14_PIT_BUF,BUF,0.7463468,0.4591814358481025,2.6373932
2020,15,2020-12-19,2020_15_BUF_DEN,BUF,0.6600729,0.4327444220072425,2.5938034
2020,16,2020-12-28,2020_16_BUF_NE,BUF,1.0334504,0.4624670142298346,2.830167
2020,17,2021-01-03,2020_17_MIA_BUF,BUF,1.3255721,0.4509574358452564,2.8523893
2021,1,2021-09-12,2021_01_PIT_BUF,BUF,,,
2021,2,2021-09-19,2021_02_BUF_MIA,BUF,,,
2021,3,2021-09-26,2021_03_WAS_BUF,BUF,,,
2021,4,2021-10-03,2021_04_HOU_BUF,BUF,,,
2021,5,2021-10-10,2021_05_BUF_KC,BUF,,,
2021,6,2021-10-18,2021_06_BUF_TEN,BUF,,,
2021,8,2021-10-31,2021_08_MIA_BUF,BUF,0.59481657,0.4267845707673642,2.7590911
2021,9,2021-11-07,2021_09_BUF_JAX,BUF,0.8447011,0.4246614896001655,2.9106061
2021,10,2021-11-14,2021_10_BUF_NYJ,BUF,0.4705186,0.4229745250926881,2.5729992
2021,11,2021-11-21,2021_11_IND_BUF,BUF,0.6177682,0.4352698808090965,2.5986402
2021,12,2021-11-25,2021_12_BUF_NO,BUF,0.2995103,0.4089283519675676,2.2930846
2021,13,2021-12-06,2021_13_NE_BUF,BUF,0.19956769,0.4137816468208624,2.3653069
2021,14,2021-12-12,2021_14_BUF_TB,BUF,-0.17316498,0.4057866325758483,2.0001554
2021,15,2021-12-19,2021_15_CAR_BUF,BUF,-0.14873964,0.424168223751557,1.9523698
2021,16,2021-12-26,2021_16_BUF_NE,BUF,0.16528462,0.425969239094239,2.2718143
2021,17,2022-01-02,2021_17_ATL_BUF,BUF,0.29888013,0.4131344824686327,2.3060024
2021,18,2022-01-09,2021_18_NYJ_BUF,BUF,0.6986963,0.4346609189950692,2.660169
2022,1,2022-09-08,2022_01_BUF_LA,BUF,,,
2022,2,2022-09-19,2022_02_TEN_BUF,BUF,,,
2022,3,2022-09-25,2022_03_BUF_MIA,BUF,,,
2022,4,2022-10-02,2022_04_BUF_BAL,BUF,,,
2022,5,2022-10-09,2022_05_PIT_BUF,BUF,,,
2022,6,2022-10-16,2022_06_BUF_KC,BUF,,,
2022,8,2022-10-30,2022_08_GB_BUF,BUF,0.8016532,0.4288660583975771,2.5881054
2022,9,2022-11-06,2022_09_BUF_NYJ,BUF,0.78696007,0.4362352863918051,2.5214388
2022,10,2022-11-13,2022_10_MIN_BUF,BUF,0.55627126,0.4212073616416581,2.3501425
2022,11,2022-11-20,2022_11_CLE_BUF,BUF,0.44691634,0.4404081206858985,2.419943
2022,12,2022-11-24,2022_12_BUF_DET,BUF,0.6606857,0.459929525207303,2.5063066
2022,13,2022-12-01,2022_13_BUF_NE,BUF,0.61698633,0.4607385772663551,2.4524605
2022,14,2022-12-11,2022_14_NYJ_BUF,BUF,0.68375295,0.4556588639513477,2.4524605
2022,15,2022-12-17,2022_15_MIA_BUF,BUF,0.4503939,0.4335698418623255,2.2588708
2022,16,2022-12-24,2022_16_BUF_CHI,BUF,0.6472115,0.43587282815224,2.4289043
2022,18,2023-01-08,2022_18_NE_BUF,BUF,0.7420358,0.4169554800682251,2.5304
2023,1,2023-09-11,2023_01_BUF_NYJ,BUF,,,
2023,2,2023-09-17,2023_02_LV_BUF,BUF,,,
2023,3,2023-09-24,2023_03_BUF_WAS,BUF,,,
2023,4,2023-10-01,2023_04_MIA_BUF,BUF,,,
2023,5,2023-10-08,2023_05_JAX_BUF,BUF,,,
2023,6,2023-10-15,2023_06_NYG_BUF,BUF,,,
2023,7,2023-10-22,2023_07_BUF_NE,BUF,0.87738127,0.4465694372751593,2.6195285
2023,8,2023-10-26,2023_08_TB_BUF,BUF,1.1224384,0.4608496386542912,2.793771
2023,9,2023-11-05,2023_09_BUF_CIN,BUF,0.7760797,0.4394984779314727,2.4537036
2023,10,2023-11-13,2023_10_DEN_BUF,BUF,0.61811453,0.4168044538485597,2.3173401
2023,11,2023-11-19,2023_11_NYJ_BUF,BUF,0.1306165,0.3936998963690022,1.9562289
2023,12,2023-11-26,2023_12_BUF_PHI,BUF,0.09322148,0.3879187947545673,2.1228957
2023,14,2023-12-10,2023_14_BUF_KC,BUF,0.26706466,0.3925189306099246,2.2683983
2023,15,2023-12-17,2023_15_DAL_BUF,BUF,0.12874465,0.3697637446194444,2.154762
2023,16,2023-12-23,2023_16_BUF_LAC,BUF,0.37152675,0.3679048244524435,2.3651998
2023,17,2023-12-31,2023_17_NE_BUF,BUF,0.33560145,0.3640055344420423,2.4318664
2023,18,2024-01-07,2023_18_BUF_MIA,BUF,0.34813723,0.3905243859608938,2.3955414
2024,1,2024-09-08,2024_01_ARI_BUF,BUF,,,
2024,2,2024-09-12,2024_02_BUF_MIA,BUF,,,
2024,3,2024-09-23,2024_03_JAX_BUF,BUF,,,
2024,4,2024-09-29,2024_04_BUF_BAL,BUF,,,
2024,5,2024-10-06,2024_05_BUF_HOU,BUF,,,
2024,6,2024-10-14,2024_06_BUF_NYJ,BUF,,,
2024,7,2024-10-20,2024_07_TEN_BUF,BUF,0.806228,0.4401095689290133,2.5840068
2024,8,2024-10-27,2024_08_BUF_SEA,BUF,0.7318869,0.4272563110757555,2.5324914
2024,9,2024-11-03,2024_09_MIA_BUF,BUF,0.92104244,0.4301040554366577,2.6703703
2024,10,2024-11-10,2024_10_BUF_IND,BUF,0.83522934,0.4502244946379792,2.512037
2024,11,2024-11-17,2024_11_KC_BUF,BUF,1.0255758,0.4654079291228843,2.6938553
2024,13,2024-12-01,2024_13_SF_BUF,BUF,1.2562612,0.468959770799726,2.9160774
2024,14,2024-12-08,2024_14_BUF_LA,BUF,1.2242408,0.472809460204971,3.0734847
2024,15,2024-12-15,2024_15_BUF_DET,BUF,1.500501,0.4824501281789723,3.336111
2024,16,2024-12-22,2024_16_NE_BUF,BUF,1.6640921,0.5080129007702537,3.486111
2024,17,2024-12-29,2024_17_NYJ_BUF,BUF,1.3961058,0.4982625544390249,3.161111
2024,18,2025-01-05,2024_18_BUF_NE,BUF,1.5700122,0.4975550480664116,3.4035351
2016,1,2016-09-08,2016_01_CAR_DEN,CAR,,,
2016,2,2016-09-18,2016_02_SF_CAR,CAR,,,
2016,3,2016-09-25,2016_03_MIN_CAR,CAR,,,
2016,4,2016-10-02,2016_04_CAR_ATL,CAR,,,
2016,5,2016-10-10,2016_05_TB_CAR,CAR,,,
2016,6,2016-10-16,2016_06_CAR_NO,CAR,,,
2016,8,2016-10-30,2016_08_ARI_CAR,CAR,-0.1309532,0.4091051388261209,1.8995448
2016,9,2016-11-06,2016_09_CAR_LA,CAR,-0.14963214,0.4193313323856478,1.8995448
2016,10,2016-11-13,2016_10_KC_CAR,CAR,-0.24073,0.3975196174276261,1.6798478
2016,11,2016-11-17,2016_11_NO_CAR,CAR,-0.0046798415,0.3957844208060658,1.77707
2016,12,2016-11-27,2016_12_CAR_OAK,CAR,-0.10054364,0.396419433941079,1.7794012
2016,13,2016-12-04,2016_13_CAR_SEA,CAR,-0.044237345,0.3752384059743367,1.9482323
2016,14,2016-12-11,2016_14_SD_CAR,CAR,-0.4457799,0.3418848602696005,1.5930735
2016,15,2016-12-19,2016_15_CAR_WAS,CAR,-0.5265816,0.3207700183214252,1.5930735
2016,16,2016-12-24,2016_16_ATL_CAR,CAR,-0.48152772,0.332038508729526,1.7056278
2016,17,2017-01-01,2016_17_CAR_TB,CAR,-0.524079,0.3329772795546605,1.6917387
2017,1,2017-09-10,2017_01_CAR_SF,CAR,,,
2017,2,2017-09-17,2017_02_BUF_CAR,CAR,,,
2017,3,2017-09-24,2017_03_NO_CAR,CAR,,,
2017,4,2017-10-01,2017_04_CAR_NE,CAR,,,
2017,5,2017-10-08,2017_05_CAR_DET,CAR,,,
2017,6,2017-10-12,2017_06_PHI_CAR,CAR,,,
2017,7,2017-10-22,2017_07_CAR_CHI,CAR,-0.07367218,0.3687539239102382,1.9961344
2017,8,2017-10-29,2017_08_CAR_TB,CAR,-0.538578,0.3535798229072602,1.6931041
2017,9,2017-11-05,2017_09_ATL_CAR,CAR,-0.45975015,0.3604712276172923,1.7792152
2017,10,2017-11-13,2017_10_MIA_CAR,CAR,-0.31131437,0.364049154320219,1.8403263
2017,12,2017-11-26,2017_12_CAR_NYJ,CAR,-0.19516301,0.3806635276012589,1.9792151
2017,13,2017-12-03,2017_13_CAR_NO,CAR,-0.1258968,0.3855972788147721,1.8780247
2017,14,2017-12-10,2017_14_MIN_CAR,CAR,-0.09483283,0.3724473055686449,1.9013348
2017,15,2017-12-17,2017_15_GB_CAR,CAR,0.30864778,0.3692869483975926,2.224928
2017,16,2017-12-24,2017_16_TB_CAR,CAR,0.49948373,0.3651864192970635,2.4193723
2017,17,2017-12-31,2017_17_CAR_ATL,CAR,0.53173476,0.3656299572406015,2.474928
2018,1,2018-09-09,2018_01_DAL_CAR,CAR,,,
2018,2,2018-09-16,2018_02_CAR_ATL,CAR,,,
2018,3,2018-09-23,2018_03_CIN_CAR,CAR,,,
2018,5,2018-10-07,2018_05_NYG_CAR,CAR,,,
2018,6,2018-10-14,2018_06_CAR_WAS,CAR,,,
2018,7,2018-10-21,2018_07_CAR_PHI,CAR,,,
2018,8,2018-10-28,2018_08_BAL_CAR,CAR,0.47380212,0.408537045165833,2.1671717
2018,9,2018-11-04,2018_09_TB_CAR,CAR,0.81595,0.4137953811059871,2.470202
2018,10,2018-11-08,2018_10_CAR_PIT,CAR,0.86309856,0.4189395425001485,2.6450272
2018,11,2018-11-18,2018_11_CAR_DET,CAR,0.629295,0.4017574400907733,2.5326536
2018,12,2018-11-25,2018_12_SEA_CAR,CAR,0.51346314,0.3984367176033842,2.3909867
2018,13,2018-12-02,2018_13_CAR_TB,CAR,0.71578044,0.4366555049888383,2.5576534
2018,14,2018-12-09,2018_14_CAR_CLE,CAR,0.4692792,0.4414544868711536,2.4048755
2018,15,2018-12-17,2018_15_NO_CAR,CAR,0.20100264,0.4181322703671188,2.1624515
2018,16,2018-12-23,2018_16_ATL_CAR,CAR,-0.17946869,0.3921361368709853,1.7406565
2018,17,2018-12-30,2018_17_CAR_NO,CAR,-0.26398715,0.3986966008178129,1.5613637
2019,1,2019-09-08,2019_01_LA_CAR,CAR,,,
2019,2,2019-09-12,2019_02_TB_CAR,CAR,,,
2019,3,2019-09-22,2019_03_CAR_ARI,CAR,,,
2019,4,2019-09-29,2019_04_CAR_HOU,CAR,,,
2019,5,2019-10-06,2019_05_JAX_CAR,CAR,,,
2019,6,2019-10-13,2019_06_CAR_TB,CAR,,,
2019,8,2019-10-27,2019_08_CAR_SF,CAR,-0.09063342,0.4098404563782323,1.9919215
2019,9,2019-11-03,2019_09_TEN_CAR,CAR,-0.37210044,0.3871807087184846,1.77672
2019,10,2019-11-10,2019_10_CAR_GB,CAR,-0.14039733,0.3728490467906689,2.0395405
2019,11,2019-11-17,2019_11_ATL_CAR,CAR,-0.33155915,0.3747217111633332,1.8080591
2019,12,2019-11-24,2019_12_CAR_NO,CAR,-0.6790541,0.3653858450092853,1.6110893
2019,13,2019-12-01,2019_13_WAS_CAR,CAR,-0.59901863,0.357403040776481,1.7687817
2019,14,2019-12-08,2019_14_CAR_ATL,CAR,-0.8070464,0.3535801207770905,1.6752673
2019,15,2019-12-15,2019_15_SEA_CAR,CAR,-0.52736086,0.3735644381572411,1.8220927
2019,16,2019-12-22,2019_16_CAR_IND,CAR,-0.5273204,0.3927030226367347,1.7690624
2019,17,2019-12-29,2019_17_NO_CAR,CAR,-0.9295554,0.3770725111728899,1.5636753
2020,1,2020-09-13,2020_01_LV_CAR,CAR,,,
2020,2,2020-09-20,2020_02_CAR_TB,CAR,,,
2020,3,2020-09-27,2020_03_CAR_LAC,CAR,,,
2020,4,2020-10-04,2020_04_ARI_CAR,CAR,,,
2020,5,2020-10-11,2020_05_CAR_ATL,CAR,,,
2020,6,2020-10-18,2020_06_CHI_CAR,CAR,,,
2020,7,2020-10-25,2020_07_CAR_NO,CAR,0.3619229,0.3809602649982552,2.271128
2020,8,2020-10-29,2020_08_ATL_CAR,CAR,0.4800268,0.4003740456620359,2.3425565
2020,9,2020-11-08,2020_09_CAR_KC,CAR,0.631414,0.4219999506212741,2.460612
2020,10,2020-11-15,2020_10_TB_CAR,CAR,1.0132134,0.4343601007592021,2.684686
2020,11,2020-11-22,2020_11_DET_CAR,CAR,0.68525344,0.4290229760103126,2.5165043
2020,12,2020-11-29,2020_12_CAR_MIN,CAR,0.3965353,0.4050937486719944,2.3936088
2020,14,2020-12-13,2020_14_DEN_CAR,CAR,0.5399125,0.4538367490861177,2.3784573
2020,15,2020-12-19,2020_15_CAR_GB,CAR,0.21103376,0.4391033763981997,2.2161195
2020,16,2020-12-27,2020_16_CAR_WAS,CAR,0.16720062,0.4431312813636046,2.1286194
2020,17,2021-01-03,2020_17_NO_CAR,CAR,-0.13140692,0.4237803904849359,1.8323232
2021,1,2021-09-12,2021_01_NYJ_CAR,CAR,,,
2021,2,2021-09-19,2021_02_NO_CAR,CAR,,,
2021,3,2021-09-23,2021_03_CAR_HOU,CAR,,,
2021,4,2021-10-03,2021_04_CAR_DAL,CAR,,,
2021,5,2021-10-10,2021_05_PHI_CAR,CAR,,,
2021,6,2021-10-17,2021_06_MIN_CAR,CAR,,,
2021,7,2021-10-24,2021_07_CAR_NYG,CAR,-0.32434425,0.3787308916879836,1.8688854
2021,8,2021-10-31,2021_08_CAR_ATL,CAR,-0.61104494,0.3590549657620577,1.6466631
2021,9,2021-11-07,2021_09_NE_CAR,CAR,-0.60916716,0.3525017468313878,1.5734307
2021,10,2021-11-14,2021_10_CAR_ARI,CAR,-1.2359017,0.3375997934668676,1.2643398
2021,11,2021-11-21,2021_11_WAS_CAR,CAR,-1.2118461,0.3426638161445265,1.3123196
2021,12,2021-11-28,2021_12_CAR_MIA,CAR,-0.8409507,0.3542890163411554,1.4718434
2021,14,2021-12-12,2021_14_ATL_CAR,CAR,-1.052669,0.3429262818534209,1.3815656
2021,15,2021-12-19,2021_15_CAR_BUF,CAR,-0.85720795,0.3705567532338922,1.689899
2021,16,2021-12-26,2021_16_TB_CAR,CAR,-1.0667883,0.3753296219773492,1.6141413
2021,17,2022-01-02,2021_17_CAR_NO,CAR,-0.9188991,0.3762478956228956,1.6141413
2021,18,2022-01-09,2021_18_CAR_TB,CAR,-1.3093868,0.343627553002553,1.3085858
2022,1,2022-09-11,2022_01_CLE_CAR,CAR,,,
2022,2,2022-09-18,2022_02_CAR_NYG,CAR,,,
2022,3,2022-09-25,2022_03_NO_CAR,CAR,,,
2022,4,2022-10-02,2022_04_ARI_CAR,CAR,,,
2022,5,2022-10-09,2022_05_SF_CAR,CAR,,,
2022,6,2022-10-16,2022_06_CAR_LA,CAR,,,
2022,7,2022-10-23,2022_07_TB_CAR,CAR,-0.90480083,0.3785029344553154,1.1930014
2022,8,2022-10-30,2022_08_CAR_ATL,CAR,-0.8016214,0.3868877517984661,1.209668
2022,9,2022-11-06,2022_09_CAR_CIN,CAR,-0.6814639,0.3732569381676525,1.4031414
2022,10,2022-11-10,2022_10_ATL_CAR,CAR,-0.6374799,0.3481485959326869,1.530847
2022,11,2022-11-20,2022_11_CAR_BAL,CAR,-0.32891667,0.3338128038008421,1.7707459
2022,12,2022-11-27,2022_12_DEN_CAR,CAR,-0.45484352,0.3243393647819485,1.5889277
2022,14,2022-12-11,2022_14_CAR_SEA,CAR,-0.1667222,0.3349786097961935,1.847766
2022,15,2022-12-18,2022_15_PIT_CAR,CAR,-0.12519215,0.3517362671220326,1.9523115
2022,16,2022-12-24,2022_16_DET_CAR,CAR,-0.06313133,0.3469985280092935,1.8497475
2022,17,2023-01-01,2022_17_CAR_TB,CAR,0.35430062,0.3948993225009971,2.0921717
2022,18,2023-01-08,2022_18_CAR_NO,CAR,0.3389763,0.3911810622037894,1.9990982
2023,1,2023-09-10,2023_01_CAR_ATL,CAR,,,
2023,2,2023-09-18,2023_02_NO_CAR,CAR,,,
2023,3,2023-09-24,2023_03_CAR_SEA,CAR,,,
2023,4,2023-10-01,2023_04_MIN_CAR,CAR,,,
2023,5,2023-10-08,2023_05_CAR_DET,CAR,,,
2023,6,2023-10-15,2023_06_CAR_MIA,CAR,,,
2023,8,2023-10-29,2023_08_HOU_CAR,CAR,-0.7722989,0.3570690558151859,1.4858586
2023,9,2023-11-05,2023_09_IND_CAR,CAR,-0.5311081,0.367137792309361,1.5969697
2023,10,2023-11-09,2023_10_CAR_CHI,CAR,-0.692446,0.352092305388874,1.5199496
2023,11,2023-11-19,2023_11_DAL_CAR,CAR,-0.8987012,0.3585341043306729,1.2616161
2023,12,2023-11-26,2023_12_CAR_TEN,CAR,-0.90153867,0.3363010595976282,1.3222222
2023,13,2023-12-03,2023_13_CAR_TB,CAR,-0.90179724,0.3370576041080427,1.0888889
2023,14,2023-12-10,2023_14_CAR_NO,CAR,-0.8709379,0.3354588941759994,1.1113248
2023,15,2023-12-17,2023_15_ATL_CAR,CAR,-1.3012253,0.321398162023162,0.9446581
2023,16,2023-12-24,2023_16_GB_CAR,CAR,-1.2996176,0.3314507714507714,0.91410255
2023,17,2023-12-31,2023_17_CAR_JAX,CAR,-0.8470519,0.3503029840529841,1.2974359
2023,18,2024-01-07,2023_18_TB_CAR,CAR,-1.0329183,0.351009418141771,1.1307693
2024,1,2024-09-08,2024_01_CAR_NO,CAR,,,
2024,2,2024-09-15,2024_02_LAC_CAR,CAR,,,
2024,3,2024-09-22,2024_03_CAR_LV,CAR,,,
2024,4,2024-09-29,2024_04_CIN_CAR,CAR,,,
2024,5,2024-10-06,2024_05_CAR_CHI,CAR,,,
2024,6,2024-10-13,2024_06_ATL_CAR,CAR,,,
2024,7,2024-10-20,2024_07_CAR_WAS,CAR,-0.8174122,0.3987152199652199,1.5095183
2024,8,2024-10-27,2024_08_CAR_DEN,CAR,-0.7623369,0.4104497816997817,1.4979798
2024,9,2024-11-03,2024_09_NO_CAR,CAR,-0.52979225,0.4283528382392019,1.6646465
2024,10,2024-11-10,2024_10_NYG_CAR,CAR,-0.70441884,0.4103206810024992,1.5131313
2024,12,2024-11-24,2024_12_KC_CAR,CAR,-0.77900046,0.3876572333390515,1.4059052
2024,13,2024-12-01,2024_13_TB_CAR,CAR,-0.36558127,0.4056301169369351,1.7670163
2024,14,2024-12-08,2024_14_CAR_PHI,CAR,-0.319492,0.4126659745977927,1.7074925
2024,15,2024-12-15,2024_15_DAL_CAR,CAR,-0.0016982313,0.4003549060367242,1.8871222
2024,16,2024-12-22,2024_16_ARI_CAR,CAR,0.029363418,0.4152641833622694,1.9083343
2024,17,2024-12-29,2024_17_CAR_TB,CAR,0.21513416,0.4269719997351575,2.0598495
2024,18,2025-01-05,2024_18_CAR_ATL,CAR,0.086031675,0.4483044173175752,2.0367725
2016,1,2016-09-11,2016_01_CHI_HOU,CHI,,,
2016,2,2016-09-19,2016_02_PHI_CHI,CHI,,,
2016,3,2016-09-25,2016_03_CHI_DAL,CHI,,,
2016,4,2016-10-02,2016_04_DET_CHI,CHI,,,
2016,5,2016-10-09,2016_05_CHI_IND,CHI,,,
2016,6,2016-10-16,2016_06_JAX_CHI,CHI,,,
2016,7,2016-10-20,2016_07_CHI_GB,CHI,-0.61211836,0.3756445036692362,1.4116162
2016,8,2016-10-31,2016_08_MIN_CHI,CHI,-0.5507551,0.3729403790901116,1.2838384
2016,10,2016-11-13,2016_10_CHI_TB,CHI,-0.09893486,0.376296652446385,1.5060606
2016,11,2016-11-20,2016_11_CHI_NYG,CHI,-0.32558036,0.3697216617804852,1.3766899
2016,12,2016-11-27,2016_12_TEN_CHI,CHI,-0.2183275,0.3648181898315588,1.3615384
2016,13,2016-12-04,2016_13_SF_CHI,CHI,-0.33745363,0.3716754529388219,1.3312354
2016,14,2016-12-11,2016_14_CHI_DET,CHI,-0.36316833,0.3637238729284184,1.4221445
2016,15,2016-12-18,2016_15_GB_CHI,CHI,-0.18789132,0.3778071661783782,1.5591816
2016,16,2016-12-24,2016_16_WAS_CHI,CHI,-0.21959974,0.38668060334727,1.6008482
2016,17,2017-01-01,2016_17_CHI_MIN,CHI,0.02365797,0.4159904349298288,1.7908249
2017,1,2017-09-10,2017_01_ATL_CHI,CHI,,,
2017,2,2017-09-17,2017_02_CHI_TB,CHI,,,
2017,3,2017-09-24,2017_03_PIT_CHI,CHI,,,
2017,4,2017-09-28,2017_04_CHI_GB,CHI,,,
2017,5,2017-10-09,2017_05_MIN_CHI,CHI,,,
2017,6,2017-10-15,2017_06_CHI_BAL,CHI,,,
2017,7,2017-10-22,2017_07_CAR_CHI,CHI,-0.81552905,0.3447075549598945,1.365653
2017,8,2017-10-29,2017_08_CHI_NO,CHI,-1.1067421,0.356772296681499,1.1265959
2017,10,2017-11-12,2017_10_GB_CHI,CHI,-0.91354066,0.3374794402674304,1.1787845
2017,11,2017-11-19,2017_11_DET_CHI,CHI,-0.90354794,0.3329473982353884,1.1263369
2017,12,2017-11-26,2017_12_CHI_PHI,CHI,-0.70363444,0.3528564454171629,1.277852
2017,13,2017-12-03,2017_13_SF_CHI,CHI,-0.9359483,0.3670627445192953,1.1111854
2017,14,2017-12-10,2017_14_CHI_CIN,CHI,-0.8926969,0.3396322380855209,1.0534512
2017,15,2017-12-16,2017_15_CHI_DET,CHI,-0.39566,0.3448231256293496,1.4776936
2017,16,2017-12-24,2017_16_CLE_CHI,CHI,-0.4478505,0.3587938350546045,1.462542
2017,17,2017-12-31,2017_17_CHI_MIN,CHI,-0.40610304,0.353963171890608,1.4978956
2018,1,2018-09-09,2018_01_CHI_GB,CHI,,,
2018,2,2018-09-17,2018_02_SEA_CHI,CHI,,,
2018,3,2018-09-23,2018_03_CHI_ARI,CHI,,,
2018,4,2018-09-30,2018_04_TB_CHI,CHI,,,
2018,6,2018-10-14,2018_06_CHI_MIA,CHI,,,
2018,7,2018-10-21,2018_07_NE_CHI,CHI,,,
2018,8,2018-10-28,2018_08_NYJ_CHI,CHI,0.31915852,0.4459792847644579,2.2052948
2018,9,2018-11-04,2018_09_CHI_BUF,CHI,0.45508745,0.4500371250722982,2.347719
2018,10,2018-11-11,2018_10_DET_CHI,CHI,0.5252741,0.4634690249625314,2.4429572
2018,11,2018-11-18,2018_11_MIN_CHI,CHI,0.67821616,0.4611962976898041,2.6364303
2018,12,2018-11-22,2018_12_CHI_DET,CHI,0.14769445,0.4350515985337413,2.1730464
2018,13,2018-12-02,2018_13_CHI_NYG,CHI,-0.03618145,0.4167218642949162,2.071648
2018,14,2018-12-09,2018_14_LA_CHI,CHI,-0.09732654,0.397184512317088,2.0026002
2018,15,2018-12-16,2018_15_GB_CHI,CHI,-0.50302416,0.3804237499313256,1.7831558
2018,16,2018-12-23,2018_16_CHI_SF,CHI,-0.48365346,0.3756208508102447,1.8015541
2018,17,2018-12-30,2018_17_CHI_MIN,CHI,-0.53996724,0.391512983369044,1.6249157
2019,1,2019-09-05,2019_01_GB_CHI,CHI,,,
2019,2,2019-09-15,2019_02_CHI_DEN,CHI,,,
2019,3,2019-09-23,2019_03_CHI_WAS,CHI,,,
2019,4,2019-09-29,2019_04_MIN_CHI,CHI,,,
2019,5,2019-10-06,2019_05_CHI_OAK,CHI,,,
2019,7,2019-10-20,2019_07_NO_CHI,CHI,,,
2019,8,2019-10-27,2019_08_LAC_CHI,CHI,-0.30225393,0.3737277156394803,1.6074675
2019,9,2019-11-03,2019_09_CHI_PHI,CHI,-0.20472841,0.3909613973617984,1.8082252
2019,10,2019-11-10,2019_10_DET_CHI,CHI,-0.45414445,0.3711519938023948,1.7536796
2019,11,2019-11-17,2019_11_CHI_LA,CHI,-0.57492787,0.3502054249391593,1.5934232
2019,12,2019-11-24,2019_12_NYG_CHI,CHI,-0.8735309,0.3496705349925047,1.4239788
2019,13,2019-11-28,2019_13_CHI_DET,CHI,-1.0430151,0.3331699059918757,1.3493867
2019,14,2019-12-05,2019_14_DAL_CHI,CHI,-0.8752031,0.3324990490710188,1.415404
2019,15,2019-12-15,2019_15_CHI_GB,CHI,-0.5587432,0.3522216776505992,1.6035353
2019,16,2019-12-22,2019_16_KC_CHI,CHI,-0.61537755,0.3647313901603117,1.5580808
2019,17,2019-12-29,2019_17_CHI_MIN,CHI,-0.73623276,0.3660512604905987,1.3641706
2020,1,2020-09-13,2020_01_CHI_DET,CHI,,,
2020,2,2020-09-20,2020_02_NYG_CHI,CHI,,,
2020,3,2020-09-27,2020_03_CHI_ATL,CHI,,,
2020,4,2020-10-04,2020_04_IND_CHI,CHI,,,
2020,5,2020-10-08,2020_05_TB_CHI,CHI,,,
2020,6,2020-10-18,2020_06_CHI_CAR,CHI,,,
2020,7,2020-10-26,2020_07_CHI_LA,CHI,-0.3037061,0.360223679338939,1.8512506
2020,8,2020-11-01,2020_08_NO_CHI,CHI,-0.71729285,0.3381197030682961,1.5318061
2020,9,2020-11-08,2020_09_CHI_TEN,CHI,-0.69887924,0.333678465293725,1.5118631
2020,10,2020-11-16,2020_10_MIN_CHI,CHI,-0.8244235,0.3191148912238484,1.3726691
2020,12,2020-11-29,2020_12_CHI_GB,CHI,-0.90846014,0.3346790829244037,1.4168609
2020,13,2020-12-06,2020_13_DET_CHI,CHI,-0.7908042,0.3279395669937113,1.5767936
2020,14,2020-12-13,2020_14_HOU_CHI,CHI,-0.6573194,0.3501432051064403,1.6828542
2020,15,2020-12-20,2020_15_CHI_MIN,CHI,-0.061989557,0.3799133192515545,2.14245
2020,16,2020-12-27,2020_16_CHI_JAX,CHI,0.23752217,0.4150120168502522,2.3975782
2020,17,2021-01-03,2020_17_GB_CHI,CHI,0.72060126,0.4402646373234609,2.749074
2021,1,2021-09-12,2021_01_CHI_LA,CHI,,,
2021,2,2021-09-19,2021_02_CIN_CHI,CHI,,,
2021,3,2021-09-26,2021_03_CHI_CLE,CHI,,,
2021,4,2021-10-03,2021_04_DET_CHI,CHI,,,
2021,5,2021-10-10,2021_05_CHI_LV,CHI,,,
2021,6,2021-10-17,2021_06_GB_CHI,CHI,,,
2021,7,2021-10-24,2021_07_CHI_TB,CHI,-0.5297221,0.396809279426258,1.619697
2021,8,2021-10-31,2021_08_SF_CHI,CHI,-0.7814038,0.37102771145719,1.3664918
2021,9,2021-11-08,2021_09_CHI_PIT,CHI,-0.4115334,0.3851458954617377,1.6127039
2021,11,2021-11-21,2021_11_BAL_CHI,CHI,-0.05621161,0.3926974208162934,1.8967949
2021,12,2021-11-25,2021_12_CHI_DET,CHI,-0.32692358,0.3703976989332381,1.6773504
2021,13,2021-12-05,2021_13_ARI_CHI,CHI,-0.43076733,0.3697125995755381,1.6106838
2021,14,2021-12-12,2021_14_CHI_GB,CHI,-0.5821124,0.3512123224403926,1.6856837
2021,15,2021-12-20,2021_15_MIN_CHI,CHI,-0.2605838,0.3701585827328067,1.9549146
2021,16,2021-12-26,2021_16_CHI_SEA,CHI,-0.5876635,0.3665604552710429,1.632945
2021,17,2022-01-02,2021_17_NYG_CHI,CHI,-0.56513983,0.3686246311097285,1.6367327
2021,18,2022-01-09,2021_18_CHI_MIN,CHI,-0.5663852,0.3637550408234716,1.8311772
2022,1,2022-09-11,2022_01_SF_CHI,CHI,,,
2022,2,2022-09-18,2022_02_CHI_GB,CHI,,,
2022,3,2022-09-25,2022_03_HOU_CHI,CHI,,,
2022,4,2022-10-02,2022_04_CHI_NYG,CHI,,,
2022,5,2022-10-09,2022_05_CHI_MIN,CHI,,,
2022,6,2022-10-13,2022_06_WAS_CHI,CHI,,,
2022,7,2022-10-24,2022_07_CHI_NE,CHI,-0.25974876,0.3384433377836155,1.534175
2022,8,2022-10-30,2022_08_CHI_DAL,CHI,-0.031983335,0.3756693693278289,1.7462963
2022,9,2022-11-06,2022_09_MIA_CHI,CHI,0.087938376,0.3824638880504522,2.0005052
2022,10,2022-11-13,2022_10_DET_CHI,CHI,0.24019577,0.3777205526821168,2.2143939
2022,11,2022-11-20,2022_11_CHI_ATL,CHI,0.2629982,0.3893992266769673,2.5477273
2022,12,2022-11-27,2022_12_CHI_NYJ,CHI,0.2141891,0.384394266359507,2.489394
2022,13,2022-12-04,2022_13_GB_CHI,CHI,0.26048306,0.3674376581528988,2.5393941
2022,15,2022-12-18,2022_15_PHI_CHI,CHI,0.15732425,0.3553437167407755,2.3560607
2022,16,2022-12-24,2022_16_BUF_CHI,CHI,-0.013390657,0.3732993449905215,2.1944444
2022,17,2023-01-01,2022_17_CHI_DET,CHI,-0.41341045,0.3654713396625161,1.8277779
2022,18,2023-01-08,2022_18_MIN_CHI,CHI,-0.6903548,0.3489460847794181,1.4666667
2023,1,2023-09-10,2023_01_GB_CHI,CHI,,,
2023,2,2023-09-17,2023_02_CHI_TB,CHI,,,
2023,3,2023-09-24,2023_03_CHI_KC,CHI,,,
2023,4,2023-10-01,2023_04_DEN_CHI,CHI,,,
2023,5,2023-10-05,2023_05_CHI_WAS,CHI,,,
2023,6,2023-10-15,2023_06_MIN_CHI,CHI,,,
2023,7,2023-10-22,2023_07_LV_CHI,CHI,-0.4721253,0.3732464318666413,1.9671717
2023,8,2023-10-29,2023_08_CHI_LAC,CHI,-0.13677214,0.3736836900061053,2.0893939
2023,9,2023-11-05,2023_09_CHI_NO,CHI,-0.26137865,0.3559909650740755,2.0030303
2023,10,2023-11-09,2023_10_CAR_CHI,CHI,-0.22858958,0.362370401146025,2.0939395
2023,11,2023-11-19,2023_11_CHI_DET,CHI,-0.47290376,0.3499710538603141,1.869697
2023,12,2023-11-27,2023_12_CHI_MIN,CHI,-0.72743267,0.3348336029274086,1.6575757
2023,14,2023-12-10,2023_14_DET_CHI,CHI,-0.7067991,0.3233057838873346,1.690909
2023,15,2023-12-17,2023_15_CHI_CLE,CHI,-0.815602,0.3121038852957302,1.679798
2023,16,2023-12-24,2023_16_ARI_CHI,CHI,-0.8371071,0.3105493008242005,1.5974116
2023,17,2023-12-31,2023_17_ATL_CHI,CHI,-0.43046728,0.3337795143619007,1.7489268
2023,18,2024-01-07,2023_18_CHI_GB,CHI,-0.19012924,0.3320186521989406,1.9808615
2024,1,2024-09-08,2024_01_TEN_CHI,CHI,,,
2024,2,2024-09-15,2024_02_CHI_HOU,CHI,,,
2024,3,2024-09-22,2024_03_CHI_IND,CHI,,,
2024,4,2024-09-29,2024_04_LA_CHI,CHI,,,
2024,5,2024-10-06,2024_05_CAR_CHI,CHI,,,
2024,6,2024-10-13,2024_06_JAX_CHI,CHI,,,
2024,8,2024-10-27,2024_08_CHI_WAS,CHI,0.078265965,0.4039403048141736,2.0260684
2024,9,2024-11-03,2024_09_CHI_ARI,CHI,0.17279053,0.4006985679185906,2.099495
2024,10,2024-11-10,2024_10_NE_CHI,CHI,0.09656724,0.3854440752602517,2.0578282
2024,11,2024-11-17,2024_11_GB_CHI,CHI,-0.08420164,0.3829198981928483,1.8810606
2024,12,2024-11-24,2024_12_MIN_CHI,CHI,0.11621214,0.3871295113310329,1.9334415
2024,13,2024-11-28,2024_13_CHI_DET,CHI,-0.003975893,0.4058089754761833,1.75487
2024,14,2024-12-08,2024_14_CHI_SF,CHI,-0.3424048,0.3878890019312097,1.50487
2024,15,2024-12-16,2024_15_CHI_MIN,CHI,-0.32041234,0.3893662746584824,1.4942641
2024,16,2024-12-22,2024_16_DET_CHI,CHI,-0.31505814,0.4068892188859721,1.5510823
2024,17,2024-12-26,2024_17_SEA_CHI,CHI,0.039926585,0.4366213414211249,1.8204426
2024,18,2025-01-05,2024_18_CHI_GB,CHI,-0.420527,0.4202391092353214,1.4180616
2016,1,2016-09-11,2016_01_CIN_NYJ,CIN,,,
2016,2,2016-09-18,2016_02_CIN_PIT,CIN,,,
2016,3,2016-09-25,2016_03_DEN_CIN,CIN,,,
2016,4,2016-09-29,2016_04_MIA_CIN,CIN,,,
2016,5,2016-10-09,2016_05_CIN_DAL,CIN,,,
2016,6,2016-10-16,2016_06_CIN_NE,CIN,,,
2016,7,2016-10-23,2016_07_CLE_CIN,CIN,0.034789253,0.3490535753280852,1.6643939
2016,8,2016-10-30,2016_08_WAS_CIN,CIN,0.27541384,0.3610802986048083,1.8325758
2016,10,2016-11-14,2016_10_CIN_NYG,CIN,0.4870294,0.3921241467319898,2.0009518
2016,11,2016-11-20,2016_11_BUF_CIN,CIN,0.46681675,0.3930878072544739,1.9997864
2016,12,2016-11-27,2016_12_CIN_BAL,CIN,0.2758614,0.3971804874500953,1.876049
2016,13,2016-12-04,2016_13_PHI_CIN,CIN,0.12373044,0.3717781120477199,1.7662005
2016,14,2016-12-11,2016_14_CIN_CLE,CIN,0.24928921,0.3928074530770609,1.9677156
2016,15,2016-12-18,2016_15_PIT_CIN,CIN,0.04669763,0.4006914209610288,1.8343824
2016,16,2016-12-24,2016_16_CIN_HOU,CIN,-0.018741855,0.3917417286780031,1.8585988
2016,17,2017-01-01,2016_17_BAL_CIN,CIN,-0.10903108,0.4097909248521993,1.7410774
2017,1,2017-09-10,2017_01_BAL_CIN,CIN,,,
2017,2,2017-09-14,2017_02_HOU_CIN,CIN,,,
2017,3,2017-09-24,2017_03_CIN_GB,CIN,,,
2017,4,2017-10-01,2017_04_CIN_CLE,CIN,,,
2017,5,2017-10-08,2017_05_BUF_CIN,CIN,,,
2017,7,2017-10-22,2017_07_CIN_PIT,CIN,,,
2017,8,2017-10-29,2017_08_IND_CIN,CIN,-0.73776466,0.3520267135398714,1.3036131
2017,9,2017-11-05,2017_09_CIN_JAX,CIN,-0.39672747,0.3715673580805159,1.5763403
2017,10,2017-11-12,2017_10_CIN_TEN,CIN,-0.38910735,0.3478782791282791,1.5776224
2017,11,2017-11-19,2017_11_CIN_DEN,CIN,-0.47470012,0.3458467458467458,1.5840327
2017,12,2017-11-26,2017_12_CLE_CIN,CIN,-0.76204973,0.3260575843909177,1.3921133
2017,13,2017-12-04,2017_13_PIT_CIN,CIN,-0.44235095,0.3407142240475574,1.6912588
2017,14,2017-12-10,2017_14_CHI_CIN,CIN,-0.16760667,0.3637357498468609,1.8124709
2017,15,2017-12-17,2017_15_CIN_MIN,CIN,-0.31129986,0.3472756947504423,1.6458043
2017,16,2017-12-24,2017_16_DET_CIN,CIN,-0.5269154,0.3460764310511786,1.6188811
2017,17,2017-12-31,2017_17_CIN_BAL,CIN,-0.42101178,0.335979236578984,1.7235819
2018,1,2018-09-09,2018_01_CIN_IND,CIN,,,
2018,2,2018-09-13,2018_02_BAL_CIN,CIN,,,
2018,3,2018-09-23,2018_03_CIN_CAR,CIN,,,
2018,4,2018-09-30,2018_04_CIN_ATL,CIN,,,
2018,5,2018-10-07,2018_05_MIA_CIN,CIN,,,
2018,6,2018-10-14,2018_06_PIT_CIN,CIN,,,
2018,7,2018-10-21,2018_07_CIN_KC,CIN,0.5420583,0.4306038419561811,2.4218402
2018,8,2018-10-28,2018_08_TB_CIN,CIN,0.23509978,0.3956191915303542,2.149113
2018,10,2018-11-11,2018_10_NO_CIN,CIN,0.20694448,0.415507146712427,2.0822632
2018,11,2018-11-18,2018_11_CIN_BAL,CIN,0.050061617,0.4182584694637497,1.9974146
2018,12,2018-11-25,2018_12_CLE_CIN,CIN,-0.35197866,0.3876644479340558,1.6304111
2018,13,2018-12-02,2018_13_DEN_CIN,CIN,-0.33714595,0.3816117814647226,1.7554111
2018,14,2018-12-09,2018_14_CIN_LAC,CIN,-0.6508909,0.3476171958034703,1.5443001
2018,15,2018-12-16,2018_15_OAK_CIN,CIN,-0.3858622,0.3745715431989941,1.742785
2018,16,2018-12-23,2018_16_CIN_CLE,CIN,-0.4255348,0.3533617344891855,1.7583528
2018,17,2018-12-30,2018_17_CIN_PIT,CIN,-0.21873897,0.3569155263763107,1.8583527
2019,1,2019-09-08,2019_01_CIN_SEA,CIN,,,
2019,2,2019-09-15,2019_02_SF_CIN,CIN,,,
2019,3,2019-09-22,2019_03_CIN_BUF,CIN,,,
2019,4,2019-09-30,2019_04_CIN_PIT,CIN,,,
2019,5,2019-10-06,2019_05_ARI_CIN,CIN,,,
2019,6,2019-10-13,2019_06_CIN_BAL,CIN,,,
2019,7,2019-10-20,2019_07_JAX_CIN,CIN,-0.49451742,0.358697280356637,1.4799857
2019,8,2019-10-27,2019_08_CIN_LA,CIN,-0.63577276,0.3628450505758359,1.4045888
2019,10,2019-11-10,2019_10_BAL_CIN,CIN,-0.46748006,0.3683572127056451,1.353663
2019,11,2019-11-17,2019_11_CIN_OAK,CIN,-0.6808217,0.3840509633993957,1.3523809
2019,12,2019-11-24,2019_12_PIT_CIN,CIN,-0.46087202,0.4030155810960709,1.453896
2019,13,2019-12-01,2019_13_NYJ_CIN,CIN,-0.8211222,0.3715147062191276,1.1987679
2019,14,2019-12-08,2019_14_CIN_CLE,CIN,-0.88213724,0.3581808050380042,1.1617309
2019,15,2019-12-15,2019_15_NE_CIN,CIN,-0.74162513,0.3689626177630942,1.2760166
2019,16,2019-12-22,2019_16_CIN_MIA,CIN,-1.014283,0.3639945874274168,1.271387
2019,17,2019-12-29,2019_17_CLE_CIN,CIN,-0.55550516,0.3616587750916045,1.4436092
2020,1,2020-09-13,2020_01_LAC_CIN,CIN,,,
2020,2,2020-09-17,2020_02_CIN_CLE,CIN,,,
2020,3,2020-09-27,2020_03_CIN_PHI,CIN,,,
2020,4,2020-10-04,2020_04_JAX_CIN,CIN,,,
2020,5,2020-10-11,2020_05_CIN_BAL,CIN,,,
2020,6,2020-10-18,2020_06_CIN_IND,CIN,,,
2020,7,2020-10-25,2020_07_CLE_CIN,CIN,-0.0016643684,0.3818480265292134,1.9424243
2020,8,2020-11-01,2020_08_TEN_CIN,CIN,0.5323072,0.4156114274801143,2.3914983
2020,10,2020-11-15,2020_10_CIN_PIT,CIN,0.74692136,0.4169285260194351,2.481776
2020,11,2020-11-22,2020_11_CIN_WAS,CIN,0.5195736,0.4039109549661498,2.345268
2020,12,2020-11-29,2020_12_NYG_CIN,CIN,0.06395834,0.3832629161362928,1.9702681
2020,13,2020-12-06,2020_13_CIN_MIA,CIN,0.38342765,0.4024111290345056,2.1647127
2020,14,2020-12-13,2020_14_DAL_CIN,CIN,0.042861927,0.4008968016110873,1.8722883
2020,15,2020-12-21,2020_15_PIT_CIN,CIN,-0.651212,0.3664772859415717,1.3722883
2020,16,2020-12-27,2020_16_CIN_HOU,CIN,-1.2143588,0.3416724281009995,1.0478836
2020,17,2021-01-03,2020_17_BAL_CIN,CIN,-0.6921554,0.3686621381264239,1.489442
2021,1,2021-09-12,2021_01_MIN_CIN,CIN,,,
2021,2,2021-09-19,2021_02_CIN_CHI,CIN,,,
2021,3,2021-09-26,2021_03_CIN_PIT,CIN,,,
2021,4,2021-09-30,2021_04_JAX_CIN,CIN,,,
2021,5,2021-10-10,2021_05_GB_CIN,CIN,,,
2021,6,2021-10-17,2021_06_CIN_DET,CIN,,,
2021,7,2021-10-24,2021_07_CIN_BAL,CIN,0.14901444,0.3904514394243415,2.1787102
2021,8,2021-10-31,2021_08_CIN_NYJ,CIN,0.3672959,0.4144688749802386,2.3581975
2021,9,2021-11-07,2021_09_CLE_CIN,CIN,0.6715097,0.4158056169419806,2.5311773
2021,11,2021-11-21,2021_11_CIN_LV,CIN,0.3344351,0.4119030765811069,2.420066
2021,12,2021-11-28,2021_12_PIT_CIN,CIN,0.2600386,0.4176110568724205,2.508955
2021,13,2021-12-05,2021_13_LAC_CIN,CIN,0.5491221,0.4412910034690338,2.7572067
2021,14,2021-12-12,2021_14_SF_CIN,CIN,0.035424244,0.42395993666827,2.4864995
2021,15,2021-12-19,2021_15_CIN_DEN,CIN,-0.15819709,0.4027228404311738,2.280303
2021,16,2021-12-26,2021_16_BAL_CIN,CIN,-0.16962981,0.4079341800175133,2.058081
2021,17,2022-01-02,2021_17_KC_CIN,CIN,0.6123136,0.4363993876493877,2.5951178
2021,18,2022-01-09,2021_18_CIN_CLE,CIN,0.8274253,0.423633650300317,2.691414
2022,1,2022-09-11,2022_01_PIT_CIN,CIN,,,
2022,2,2022-09-18,2022_02_CIN_DAL,CIN,,,
2022,3,2022-09-25,2022_03_CIN_NYJ,CIN,,,
2022,4,2022-09-29,2022_04_MIA_CIN,CIN,,,
2022,5,2022-10-09,2022_05_CIN_BAL,CIN,,,
2022,6,2022-10-16,2022_06_CIN_NO,CIN,,,
2022,7,2022-10-23,2022_07_ATL_CIN,CIN,0.1683606,0.3391037034687829,2.0703704
2022,8,2022-10-31,2022_08_CIN_CLE,CIN,0.74858135,0.3738601213601213,2.4962962
2022,9,2022-11-06,2022_09_CAR_CIN,CIN,0.49404252,0.3857088282088282,2.4296296
2022,11,2022-11-20,2022_11_CIN_PIT,CIN,0.81001776,0.4109982378732379,2.6909933
2022,12,2022-11-27,2022_12_CIN_TEN,CIN,0.90957165,0.4258207995707996,2.790352
2022,13,2022-12-04,2022_13_KC_CIN,CIN,1.0085585,0.4296090123867901,2.7785676
2022,14,2022-12-11,2022_14_CLE_CIN,CIN,1.0419394,0.4445158185435963,2.8410676
2022,15,2022-12-18,2022_15_CIN_TB,CIN,0.7183587,0.4292865005365006,2.5414045
2022,16,2022-12-24,2022_16_CIN_NE,CIN,0.9530923,0.4446723415473415,2.7969599
2022,18,2023-01-08,2022_18_BAL_CIN,CIN,0.5612537,0.4296793098876432,2.466152
2023,1,2023-09-10,2023_01_CIN_CLE,CIN,,,
2023,2,2023-09-17,2023_02_BAL_CIN,CIN,,,
2023,3,2023-09-25,2023_03_LA_CIN,CIN,,,
2023,4,2023-10-01,2023_04_CIN_TEN,CIN,,,
2023,5,2023-10-08,2023_05_CIN_ARI,CIN,,,
2023,6,2023-10-15,2023_06_SEA_CIN,CIN,,,
2023,8,2023-10-29,2023_08_CIN_SF,CIN,-0.64386016,0.3587701440356338,1.3240287
2023,9,2023-11-05,2023_09_BUF_CIN,CIN,-0.019667193,0.425505353270843,1.8073621
2023,10,2023-11-12,2023_10_HOU_CIN,CIN,0.06457626,0.4199468209353499,1.8768066
2023,11,2023-11-16,2023_11_CIN_BAL,CIN,0.20317478,0.430314160148843,1.9546453
2023,12,2023-11-26,2023_12_PIT_CIN,CIN,0.41440725,0.4105724820738316,2.20212
2023,13,2023-12-04,2023_13_CIN_JAX,CIN,0.30509964,0.3900274322069193,2.0098124
2023,14,2023-12-10,2023_14_IND_CIN,CIN,0.5068552,0.402300961147115,2.224459
2023,15,2023-12-16,2023_15_MIN_CIN,CIN,0.4224944,0.3790775179236718,2.2229438
2023,16,2023-12-23,2023_16_CIN_PIT,CIN,0.38128874,0.368413336426157,2.1534994
2023,17,2023-12-31,2023_17_CIN_KC,CIN,0.12746085,0.3726429322641444,1.9987373
2023,18,2024-01-07,2023_18_CLE_CIN,CIN,0.10446998,0.3667797758127526,1.9790405
2024,1,2024-09-08,2024_01_NE_CIN,CIN,,,
2024,2,2024-09-15,2024_02_CIN_KC,CIN,,,
2024,3,2024-09-23,2024_03_WAS_CIN,CIN,,,
2024,4,2024-09-29,2024_04_CIN_CAR,CIN,,,
2024,5,2024-10-06,2024_05_BAL_CIN,CIN,,,
2024,6,2024-10-13,2024_06_CIN_NYG,CIN,,,
2024,7,2024-10-20,2024_07_CIN_CLE,CIN,1.0937997,0.4702757318138812,2.696495
2024,8,2024-10-27,2024_08_PHI_CIN,CIN,1.0531588,0.4633119614572537,2.7381618
2024,9,2024-11-03,2024_09_LV_CIN,CIN,0.95714784,0.448736868746196,2.6363099
2024,10,2024-11-07,2024_10_CIN_BAL,CIN,0.5407015,0.4217273372723789,2.3762367
2024,11,2024-11-17,2024_11_CIN_LAC,CIN,0.5069298,0.4371148706144576,2.3247216
2024,13,2024-12-01,2024_13_PIT_CIN,CIN,0.29540905,0.4217696255817126,2.209337
2024,14,2024-12-09,2024_14_CIN_DAL,CIN,0.38981763,0.454939107614831,2.4366097
2024,15,2024-12-15,2024_15_CIN_TEN,CIN,0.630421,0.4684932329686762,2.5616097
2024,16,2024-12-22,2024_16_CLE_CIN,CIN,0.8103284,0.4869033576068711,2.7634614
2024,17,2024-12-28,2024_17_DEN_CIN,CIN,0.7125323,0.4947899154934289,2.6014569
2024,18,2025-01-04,2024_18_CIN_PIT,CIN,0.65848833,0.4946729449219129,2.5408509
2016,1,2016-09-11,2016_01_CLE_PHI,CLE,,,
2016,2,2016-09-18,2016_02_BAL_CLE,CLE,,,
2016,3,2016-09-25,2016_03_CLE_MIA,CLE,,,
2016,4,2016-10-02,2016_04_CLE_WAS,CLE,,,
2016,5,2016-10-09,2016_05_NE_CLE,CLE,,,
2016,6,2016-10-16,2016_06_CLE_TEN,CLE,,,
2016,7,2016-10-23,2016_07_CLE_CIN,CLE,-0.40005794,0.3483397389647389,1.5066323
2016,8,2016-10-30,2016_08_NYJ_CLE,CLE,-0.08803136,0.3677857096607096,1.6617604
2016,9,2016-11-06,2016_09_DAL_CLE,CLE,0.04791833,0.367568257359924,1.747619
2016,10,2016-11-10,2016_10_CLE_BAL,CLE,-0.02279423,0.3505561028477695,1.7416667
2016,11,2016-11-20,2016_11_PIT_CLE,CLE,-0.34491718,0.3132725530642197,1.5143939
2016,12,2016-11-27,2016_12_NYG_CLE,CLE,-0.4175608,0.3103377274731441,1.5352273
2016,14,2016-12-11,2016_14_CIN_CLE,CLE,-0.71866196,0.3157510872615039,1.3185606
2016,15,2016-12-18,2016_15_CLE_BUF,CLE,-1.0069561,0.2981278308882475,1.2018939
2016,16,2016-12-24,2016_16_SD_CLE,CLE,-1.177713,0.2994900643338143,1.0296717
2016,17,2017-01-01,2016_17_CLE_PIT,CLE,-0.9957257,0.2910549808987309,1.0991162
2017,1,2017-09-10,2017_01_PIT_CLE,CLE,,,
2017,2,2017-09-17,2017_02_CLE_BAL,CLE,,,
2017,3,2017-09-24,2017_03_CLE_IND,CLE,,,
2017,4,2017-10-01,2017_04_CIN_CLE,CLE,,,
2017,5,2017-10-08,2017_05_NYJ_CLE,CLE,,,
2017,6,2017-10-15,2017_06_CLE_HOU,CLE,,,
2017,7,2017-10-22,2017_07_TEN_CLE,CLE,-0.9930456,0.3568167520402785,1.204612
2017,8,2017-10-29,2017_08_MIN_CLE,CLE,-1.0919616,0.3376729328964594,1.0472695
2017,10,2017-11-12,2017_10_CLE_DET,CLE,-1.0218405,0.3461757548608197,1.1241925
2017,11,2017-11-19,2017_11_JAX_CLE,CLE,-1.145593,0.3438620302256666,1.1241925
2017,12,2017-11-26,2017_12_CLE_CIN,CLE,-1.2178638,0.3292891367891368,1.0959097
2017,13,2017-12-03,2017_13_CLE_LAC,CLE,-1.0988983,0.3160874465041132,1.1588726
2017,14,2017-12-10,2017_14_GB_CLE,CLE,-0.8970557,0.3164266616870783,1.2362536
2017,15,2017-12-17,2017_15_BAL_CLE,CLE,-0.60029596,0.3292574420178587,1.4390508
2017,16,2017-12-24,2017_16_CLE_CHI,CLE,-0.7732723,0.3256978842916343,1.3728114
2017,17,2017-12-31,2017_17_CLE_PIT,CLE,-0.93967986,0.3329564821752321,1.0811448
2018,1,2018-09-09,2018_01_PIT_CLE,CLE,,,
2018,2,2018-09-16,2018_02_CLE_NO,CLE,,,
2018,3,2018-09-20,2018_03_NYJ_CLE,CLE,,,
2018,4,2018-09-30,2018_04_CLE_OAK,CLE,,,
2018,5,2018-10-07,2018_05_BAL_CLE,CLE,,,
2018,6,2018-10-14,2018_06_LAC_CLE,CLE,,,
2018,7,2018-10-21,2018_07_CLE_TB,CLE,-0.9295838,0.325343785061127,1.3654522
2018,8,2018-10-28,2018_08_CLE_PIT,CLE,-0.8385598,0.3366458723500563,1.4312415
2018,9,2018-11-04,2018_09_KC_CLE,CLE,-0.8538627,0.3210108515067022,1.4120108
2018,10,2018-11-11,2018_10_ATL_CLE,CLE,-0.694331,0.3498186199736677,1.5508996
2018,12,2018-11-25,2018_12_CLE_CIN,CLE,-0.41644478,0.3754752089474311,1.6491452
2018,13,2018-12-02,2018_13_CLE_HOU,CLE,-0.03726628,0.392217120234797,2.046115
2018,14,2018-12-09,2018_14_CAR_CLE,CLE,0.105594814,0.4041637594541634,2.0635974
2018,15,2018-12-15,2018_15_CLE_DEN,CLE,0.22237389,0.3945227060631101,2.207537
2018,16,2018-12-23,2018_16_CIN_CLE,CLE,0.35137674,0.4227990593394633,2.2343433
2018,17,2018-12-30,2018_17_CLE_BAL,CLE,0.49021968,0.4291082080097232,2.326936
2019,1,2019-09-08,2019_01_TEN_CLE,CLE,,,
2019,2,2019-09-16,2019_02_CLE_NYJ,CLE,,,
2019,3,2019-09-22,2019_03_LA_CLE,CLE,,,
2019,4,2019-09-29,2019_04_CLE_BAL,CLE,,,
2019,5,2019-10-07,2019_05_CLE_SF,CLE,,,
2019,6,2019-10-13,2019_06_SEA_CLE,CLE,,,
2019,8,2019-10-27,2019_08_CLE_NE,CLE,-0.5547229,0.3445745431039548,1.6572871
2019,9,2019-11-03,2019_09_CLE_DEN,CLE,-0.47330308,0.3430950752783332,1.6691918
2019,10,2019-11-10,2019_10_BUF_CLE,CLE,-0.49949658,0.3385597649096895,1.6664141
2019,11,2019-11-14,2019_11_PIT_CLE,CLE,-0.25271484,0.334577090572737,1.7573233
2019,12,2019-11-24,2019_12_MIA_CLE,CLE,-0.72306395,0.3333976962560878,1.435101
2019,13,2019-12-01,2019_13_CLE_PIT,CLE,-0.09768972,0.3841128060621068,2.0146465
2019,14,2019-12-08,2019_14_CIN_CLE,CLE,-0.17636496,0.3679937014013354,1.8424243
2019,15,2019-12-15,2019_15_CLE_ARI,CLE,0.13146599,0.3876676136714015,2.0257576
2019,16,2019-12-22,2019_16_BAL_CLE,CLE,0.15313289,0.3864681187219066,2.109091
2019,17,2019-12-29,2019_17_CLE_CIN,CLE,0.08028718,0.3839515570007994,2.071212
2020,1,2020-09-13,2020_01_CLE_BAL,CLE,,,
2020,2,2020-09-17,2020_02_CIN_CLE,CLE,,,
2020,3,2020-09-27,2020_03_WAS_CLE,CLE,,,
2020,4,2020-10-04,2020_04_CLE_DAL,CLE,,,
2020,5,2020-10-11,2020_05_IND_CLE,CLE,,,
2020,6,2020-10-18,2020_06_CLE_PIT,CLE,,,
2020,7,2020-10-25,2020_07_CLE_CIN,CLE,0.058650393,0.424883902433779,2.3148212
2020,8,2020-11-01,2020_08_LV_CLE,CLE,0.80968684,0.4543977574526845,2.9090974
2020,10,2020-11-15,2020_10_HOU_CLE,CLE,0.37895456,0.4335682846379176,2.4924307
2020,11,2020-11-22,2020_11_PHI_CLE,CLE,0.22898681,0.4260845935604765,2.1856124
2020,12,2020-11-29,2020_12_CLE_JAX,CLE,-0.23341972,0.3944970800361498,1.724074
2020,13,2020-12-06,2020_13_CLE_TEN,CLE,-0.06424343,0.3847634670018832,1.8240741
2020,14,2020-12-14,2020_14_BAL_CLE,CLE,0.64492446,0.4103845280396109,2.2962964
2020,15,2020-12-20,2020_15_CLE_NYG,CLE,0.46297467,0.3937037112770947,2.1944444
2020,16,2020-12-27,2020_16_CLE_NYJ,CLE,0.8745205,0.4109483363998711,2.5039682
2020,17,2021-01-03,2020_17_PIT_CLE,CLE,0.78930855,0.409664406209691,2.5007632
2021,1,2021-09-12,2021_01_CLE_KC,CLE,,,
2021,2,2021-09-19,2021_02_HOU_CLE,CLE,,,
2021,3,2021-09-26,2021_03_CHI_CLE,CLE,,,
2021,4,2021-10-03,2021_04_CLE_MIN,CLE,,,
2021,5,2021-10-10,2021_05_CLE_LAC,CLE,,,
2021,6,2021-10-17,2021_06_ARI_CLE,CLE,,,
2021,7,2021-10-21,2021_07_DEN_CLE,CLE,0.33948675,0.4009923802748307,2.476431
2021,8,2021-10-31,2021_08_PIT_CLE,CLE,0.23168488,0.4096169026146308,2.2935605
2021,9,2021-11-07,2021_09_CLE_CIN,CLE,-0.071077995,0.3963700825622552,1.9435606
2021,10,2021-11-14,2021_10_CLE_NE,CLE,0.019463668,0.3944578218431763,2.0357323
2021,11,2021-11-21,2021_11_DET_CLE,CLE,-0.0401047,0.4060652696825082,1.9532408
2021,12,2021-11-28,2021_12_CLE_BAL,CLE,-0.42343843,0.3844042146881199,1.566877
2021,14,2021-12-12,2021_14_BAL_CLE,CLE,-0.33449832,0.3830994006749726,1.4724326
2021,15,2021-12-20,2021_15_LV_CLE,CLE,-0.570044,0.3506328510209229,1.3325517
2021,16,2021-12-25,2021_16_CLE_GB,CLE,-0.5662833,0.3263438966625241,1.3780063
2021,17,2022-01-03,2021_17_CLE_PIT,CLE,-0.5818244,0.3260220657156931,1.2585617
2021,18,2022-01-09,2021_18_CIN_CLE,CLE,-0.6530811,0.3026825874742541,1.3084193
2022,1,2022-09-11,2022_01_CLE_CAR,CLE,,,
2022,2,2022-09-18,2022_02_NYJ_CLE,CLE,,,
2022,3,2022-09-22,2022_03_PIT_CLE,CLE,,,
2022,4,2022-10-02,2022_04_CLE_ATL,CLE,,,
2022,5,2022-10-09,2022_05_LAC_CLE,CLE,,,
2022,6,2022-10-16,2022_06_NE_CLE,CLE,,,
2022,7,2022-10-23,2022_07_CLE_BAL,CLE,0.38636553,0.3810245178945339,2.205303
2022,8,2022-10-31,2022_08_CIN_CLE,CLE,0.2845936,0.3687956861202475,2.144697
2022,10,2022-11-13,2022_10_CLE_MIA,CLE,0.15770106,0.3900258448504063,2.175
2022,11,2022-11-20,2022_11_CLE_BUF,CLE,0.043830153,0.3922378920624534,2.14133
2022,12,2022-11-27,2022_12_TB_CLE,CLE,0.07401533,0.3973340576370879,2.1564815
2022,13,2022-12-04,2022_13_CLE_HOU,CLE,-0.09786276,0.3812118465148768,1.9846865
2022,14,2022-12-11,2022_14_CLE_CIN,CLE,0.007988445,0.4083377202553339,1.8701032
2022,15,2022-12-17,2022_15_BAL_CLE,CLE,-0.15607373,0.4115482134658271,1.688285
2022,16,2022-12-24,2022_16_NO_CLE,CLE,-0.39035717,0.4038375599218402,1.4441773
2022,17,2023-01-01,2022_17_CLE_WAS,CLE,-0.62489206,0.3900288929552785,1.2960292
2022,18,2023-01-08,2022_18_CLE_PIT,CLE,-0.52248806,0.3768973611873831,1.3475443
2023,1,2023-09-10,2023_01_CIN_CLE,CLE,,,
2023,2,2023-09-18,2023_02_CLE_PIT,CLE,,,
2023,3,2023-09-24,2023_03_TEN_CLE,CLE,,,
2023,4,2023-10-01,2023_04_BAL_CLE,CLE,,,
2023,6,2023-10-15,2023_06_SF_CLE,CLE,,,
2023,7,2023-10-22,2023_07_CLE_IND,CLE,,,
2023,8,2023-10-29,2023_08_CLE_SEA,CLE,-0.74929947,0.3523549729397068,1.6357394
2023,9,2023-11-05,2023_09_ARI_CLE,CLE,-0.67855984,0.3520649906556769,1.6278028
2023,10,2023-11-12,2023_10_CLE_BAL,CLE,-0.49192187,0.3521959862033391,1.7047871
2023,11,2023-11-19,2023_11_PIT_CLE,CLE,-0.63050586,0.3345018397213138,1.6138779
2023,12,2023-11-26,2023_12_CLE_DEN,CLE,-0.4282407,0.3405468749330158,1.7559719
2023,13,2023-12-03,2023_13_CLE_LA,CLE,-0.47961548,0.3322816447927856,1.6790489
2023,14,2023-12-10,2023_14_JAX_CLE,CLE,-0.5488172,0.316426401180189,1.6194085
2023,15,2023-12-17,2023_15_CHI_CLE,CLE,-0.6102571,0.3125358223508847,1.6455522
2023,16,2023-12-24,2023_16_CLE_HOU,CLE,-0.767459,0.3068750479401103,1.520202
2023,17,2023-12-28,2023_17_NYJ_CLE,CLE,-0.75457877,0.3074633064829143,1.5396825
2023,18,2024-01-07,2023_18_CLE_CIN,CLE,-0.6296876,0.3332998156527568,1.7565628
2024,1,2024-09-08,2024_01_DAL_CLE,CLE,,,
2024,2,2024-09-15,2024_02_CLE_JAX,CLE,,,
2024,3,2024-09-22,2024_03_NYG_CLE,CLE,,,
2024,4,2024-09-29,2024_04_CLE_LV,CLE,,,
2024,5,2024-10-06,2024_05_CLE_WAS,CLE,,,
2024,6,2024-10-13,2024_06_CLE_PHI,CLE,,,
2024,7,2024-10-20,2024_07_CIN_CLE,CLE,-0.89863616,0.3608578083010676,1.1957673
2024,8,2024-10-27,2024_08_BAL_CLE,CLE,-0.83220243,0.3713453366457389,1.1600529
2024,9,2024-11-03,2024_09_LAC_CLE,CLE,-0.77026606,0.3751301895318988,1.2665344
2024,11,2024-11-17,2024_11_CLE_NO,CLE,-0.852421,0.3676497362006052,1.216168
2024,12,2024-11-21,2024_12_PIT_CLE,CLE,-0.81476504,0.3775204336849391,1.2616227
2024,13,2024-12-02,2024_13_CLE_DEN,CLE,-0.6626911,0.3777922238605755,1.494956
2024,14,2024-12-08,2024_14_CLE_PIT,CLE,-0.5886614,0.3851903298697925,1.6653265
2024,15,2024-12-15,2024_15_KC_CLE,CLE,-0.6016633,0.3902176025309938,1.6931041
2024,16,2024-12-22,2024_16_CLE_CIN,CLE,-1.04276,0.3883571613848384,1.3736597
2024,17,2024-12-29,2024_17_MIA_CLE,CLE,-0.99517155,0.3735401700972589,1.3454546
2024,18,2025-01-04,2024_18_CLE_BAL,CLE,-1.262535,0.3650350487579128,1.1750001
2016,1,2016-09-11,2016_01_NYG_DAL,DAL,,,
2016,2,2016-09-18,2016_02_DAL_WAS,DAL,,,
2016,3,2016-09-25,2016_03_CHI_DAL,DAL,,,
2016,4,2016-10-02,2016_04_DAL_SF,DAL,,,
2016,5,2016-10-09,2016_05_CIN_DAL,DAL,,,
2016,6,2016-10-16,2016_06_DAL_GB,DAL,,,
2016,8,2016-10-30,2016_08_PHI_DAL,DAL,0.9553583,0.4165950318442148,2.6563973
2016,9,2016-11-06,2016_09_DAL_CLE,DAL,0.9604478,0.4114773988278262,2.7115257
2016,10,2016-11-13,2016_10_DAL_PIT,DAL,1.2058805,0.4325373573877847,2.9096737
2016,11,2016-11-20,2016_11_BAL_DAL,DAL,1.3259734,0.4409392332896606,2.92331
2016,12,2016-11-24,2016_12_WAS_DAL,DAL,1.4360224,0.4376451816622757,3.02331
2016,13,2016-12-01,2016_13_DAL_MIN,DAL,1.5161189,0.4365660653053815,3.0788658
2016,14,2016-12-11,2016_14_DAL_NYG,DAL,1.2682515,0.4287396324789487,2.842269
2016,15,2016-12-18,2016_15_TB_DAL,DAL,0.9114738,0.4142407695185472,2.5482519
2016,16,2016-12-26,2016_16_DET_DAL,DAL,0.43461433,0.393599258252036,2.2612147
2016,17,2017-01-01,2016_17_DAL_PHI,DAL,0.4809538,0.3918500815028592,2.3672752
2017,1,2017-09-10,2017_01_NYG_DAL,DAL,,,
2017,2,2017-09-17,2017_02_DAL_DEN,DAL,,,
2017,3,2017-09-25,2017_03_DAL_ARI,DAL,,,
2017,4,2017-10-01,2017_04_LA_DAL,DAL,,,
2017,5,2017-10-08,2017_05_GB_DAL,DAL,,,
2017,7,2017-10-22,2017_07_DAL_SF,DAL,,,
2017,8,2017-10-29,2017_08_DAL_WAS,DAL,0.67945665,0.4064095158685801,2.5309117
2017,9,2017-11-05,2017_09_KC_DAL,DAL,0.5581365,0.4021753755233287,2.5540597
2017,10,2017-11-12,2017_10_DAL_ATL,DAL,1.0871825,0.4112547221026753,2.8546295
2017,11,2017-11-19,2017_11_PHI_DAL,DAL,0.71065336,0.4083612267091799,2.5824072
2017,12,2017-11-23,2017_12_LAC_DAL,DAL,0.22683538,0.4064956751067861,2.197792
2017,13,2017-11-30,2017_13_WAS_DAL,DAL,-0.27439547,0.4266813279313279,1.8061253
2017,14,2017-12-10,2017_14_DAL_NYG,DAL,-0.50255996,0.4117613713447047,1.6950144
2017,15,2017-12-17,2017_15_DAL_OAK,DAL,-0.32731155,0.4016144966144966,1.7046295
2017,16,2017-12-24,2017_16_SEA_DAL,DAL,-0.47747827,0.3918855938300383,1.5564815
2017,17,2017-12-31,2017_17_DAL_PHI,DAL,-0.43928006,0.4009085658075557,1.621633
2018,1,2018-09-09,2018_01_DAL_CAR,DAL,,,
2018,2,2018-09-16,2018_02_NYG_DAL,DAL,,,
2018,3,2018-09-23,2018_03_DAL_SEA,DAL,,,
2018,4,2018-09-30,2018_04_DET_DAL,DAL,,,
2018,5,2018-10-07,2018_05_DAL_HOU,DAL,,,
2018,6,2018-10-14,2018_06_JAX_DAL,DAL,,,
2018,7,2018-10-21,2018_07_DAL_WAS,DAL,-0.047739316,0.3504135389734804,1.8974682
2018,9,2018-11-05,2018_09_TEN_DAL,DAL,0.04833294,0.3638889524488939,2.0338318
2018,10,2018-11-11,2018_10_DAL_PHI,DAL,-0.20051742,0.3782187584453666,1.9900608
2018,11,2018-11-18,2018_11_DAL_ATL,DAL,0.037505466,0.3638647020079768,2.2595053
2018,12,2018-11-22,2018_12_WAS_DAL,DAL,-0.103395276,0.3529972938774968,2.1854312
2018,13,2018-11-29,2018_13_NO_DAL,DAL,0.09377142,0.3654644563446592,2.377739
2018,14,2018-12-09,2018_14_PHI_DAL,DAL,-0.26718155,0.3660839635431139,2.012419
2018,15,2018-12-16,2018_15_DAL_IND,DAL,-0.1131183,0.3784870874846993,2.1266382
2018,16,2018-12-23,2018_16_TB_DAL,DAL,-0.29391518,0.3859046925738731,1.8673788
2018,17,2018-12-30,2018_17_DAL_NYG,DAL,-0.4745259,0.4035262376954182,1.7355608
2019,1,2019-09-08,2019_01_NYG_DAL,DAL,,,
2019,2,2019-09-15,2019_02_DAL_WAS,DAL,,,
2019,3,2019-09-22,2019_03_MIA_DAL,DAL,,,
2019,4,2019-09-29,2019_04_DAL_NO,DAL,,,
2019,5,2019-10-06,2019_05_GB_DAL,DAL,,,
2019,6,2019-10-13,2019_06_DAL_NYJ,DAL,,,
2019,7,2019-10-20,2019_07_PHI_DAL,DAL,0.64936835,0.4198896062784951,2.4475071
2019,9,2019-11-04,2019_09_DAL_NYG,DAL,0.45055842,0.4412622396364226,2.42478
2019,10,2019-11-10,2019_10_MIN_DAL,DAL,0.18164854,0.4415948930940761,2.2812612
2019,11,2019-11-17,2019_11_DAL_DET,DAL,0.24806254,0.4382873467309742,2.2951503
2019,12,2019-11-24,2019_12_DAL_NE,DAL,0.6982979,0.4606658847660779,2.640268
2019,13,2019-11-28,2019_13_BUF_DAL,DAL,0.47665516,0.446968625235485,2.4575758
2019,14,2019-12-05,2019_14_DAL_CHI,DAL,0.20589225,0.4484203679372278,2.340909
2019,15,2019-12-15,2019_15_LA_DAL,DAL,0.063386984,0.413442406346779,2.1136363
2019,16,2019-12-22,2019_16_DAL_PHI,DAL,0.42292115,0.4178557421939384,2.3497474
2019,17,2019-12-29,2019_17_WAS_DAL,DAL,0.07320386,0.4113153503000111,2.0416667
2020,1,2020-09-13,2020_01_DAL_LA,DAL,,,
2020,2,2020-09-20,2020_02_ATL_DAL,DAL,,,
2020,3,2020-09-27,2020_03_DAL_SEA,DAL,,,
2020,4,2020-10-04,2020_04_CLE_DAL,DAL,,,
2020,5,2020-10-11,2020_05_NYG_DAL,DAL,,,
2020,6,2020-10-19,2020_06_ARI_DAL,DAL,,,
2020,7,2020-10-25,2020_07_DAL_WAS,DAL,-0.06139226,0.4011961640422389,2.2775614
2020,8,2020-11-01,2020_08_DAL_PHI,DAL,-0.18510573,0.3978292274808579,2.0497835
2020,9,2020-11-08,2020_09_PIT_DAL,DAL,-0.5987403,0.3899184874272607,1.6985931
2020,11,2020-11-22,2020_11_DAL_MIN,DAL,-0.77030224,0.3971695209940837,1.6174244
2020,12,2020-11-26,2020_12_WAS_DAL,DAL,-0.84195024,0.3914571777817405,1.5593435
2020,13,2020-12-08,2020_13_DAL_BAL,DAL,-1.2892494,0.3628373647367938,1.3320707
2020,14,2020-12-13,2020_14_DAL_CIN,DAL,-1.1175905,0.3860989636999738,1.463889
2020,15,2020-12-20,2020_15_SF_DAL,DAL,-0.663673,0.3993233331334935,1.8527778
2020,16,2020-12-27,2020_16_PHI_DAL,DAL,-0.16362585,0.4081801839546301,2.1833334
2020,17,2021-01-03,2020_17_DAL_NYG,DAL,0.10347607,0.4139904705341474,2.3698137
2021,1,2021-09-09,2021_01_DAL_TB,DAL,,,
2021,2,2021-09-19,2021_02_DAL_LAC,DAL,,,
2021,3,2021-09-27,2021_03_PHI_DAL,DAL,,,
2021,4,2021-10-03,2021_04_CAR_DAL,DAL,,,
2021,5,2021-10-10,2021_05_NYG_DAL,DAL,,,
2021,6,2021-10-17,2021_06_DAL_NE,DAL,,,
2021,8,2021-10-31,2021_08_DAL_MIN,DAL,0.7870746,0.4692797546192313,2.729118
2021,9,2021-11-07,2021_09_DEN_DAL,DAL,0.6465251,0.4554042782437549,2.6603534
2021,10,2021-11-14,2021_10_ATL_DAL,DAL,0.32787177,0.4236645596290363,2.5103536
2021,11,2021-11-21,2021_11_DAL_KC,DAL,0.4330528,0.4102334801265282,2.6075757
2021,12,2021-11-25,2021_12_LV_DAL,DAL,0.05706681,0.3875363610278939,2.1871212
2021,13,2021-12-02,2021_13_DAL_NO,DAL,-0.13182086,0.3624253188713973,1.9780303
2021,14,2021-12-12,2021_14_DAL_WAS,DAL,-0.3261619,0.3457060840394173,1.8085858
2021,15,2021-12-19,2021_15_DAL_NYG,DAL,-0.44775963,0.3467209025542359,1.7388889
2021,16,2021-12-26,2021_16_WAS_DAL,DAL,-0.26146224,0.357056236412297,1.790404
2021,17,2022-01-02,2021_17_ARI_DAL,DAL,-0.083619334,0.3828659146258213,1.8406177
2021,18,2022-01-08,2021_18_DAL_PHI,DAL,0.12269194,0.3947746848679249,2.1230252
2022,1,2022-09-11,2022_01_TB_DAL,DAL,,,
2022,2,2022-09-18,2022_02_CIN_DAL,DAL,,,
2022,3,2022-09-26,2022_03_DAL_NYG,DAL,,,
2022,4,2022-10-02,2022_04_WAS_DAL,DAL,,,
2022,5,2022-10-09,2022_05_DAL_LA,DAL,,,
2022,6,2022-10-16,2022_06_DAL_PHI,DAL,,,
2022,7,2022-10-23,2022_07_DET_DAL,DAL,-0.50793856,0.32108538059495,1.5362471
2022,8,2022-10-30,2022_08_CHI_DAL,DAL,-0.14840347,0.3479011574107267,1.8544289
2022,10,2022-11-13,2022_10_DAL_GB,DAL,0.18892534,0.36867196068153,2.1726108
2022,11,2022-11-20,2022_11_DAL_MIN,DAL,0.15117061,0.3644453791822212,2.1831002
2022,12,2022-11-24,2022_12_NYG_DAL,DAL,0.5697865,0.3961831443410391,2.5292542
2022,13,2022-12-04,2022_13_IND_DAL,DAL,0.8080228,0.4207702799150167,2.7907925
2022,14,2022-12-11,2022_14_HOU_DAL,DAL,1.091692,0.4359024157354116,3.1228437
2022,15,2022-12-18,2022_15_DAL_JAX,DAL,1.1072458,0.4222860937857564,3.1342075
2022,16,2022-12-24,2022_16_PHI_DAL,DAL,0.8273981,0.4188680612010571,2.9549143
2022,17,2022-12-29,2022_17_DAL_TEN,DAL,0.8887348,0.4190419035623995,3.1514957
2022,18,2023-01-08,2022_18_DAL_WAS,DAL,0.6323434,0.4014411709616669,2.89392
2023,1,2023-09-10,2023_01_DAL_NYG,DAL,,,
2023,2,2023-09-17,2023_02_NYJ_DAL,DAL,,,
2023,3,2023-09-24,2023_03_DAL_ARI,DAL,,,
2023,4,2023-10-01,2023_04_NE_DAL,DAL,,,
2023,5,2023-10-08,2023_05_DAL_SF,DAL,,,
2023,6,2023-10-16,2023_06_DAL_LAC,DAL,,,
2023,8,2023-10-29,2023_08_LA_DAL,DAL,0.07759543,0.3814555394084994,1.996892
2023,9,2023-11-05,2023_09_DAL_PHI,DAL,0.17689069,0.3915172369701969,2.0587606
2023,10,2023-11-12,2023_10_NYG_DAL,DAL,0.3253523,0.4034913460582766,2.0254273
2023,11,2023-11-19,2023_11_DAL_CAR,DAL,0.5159885,0.4087888399587118,2.3202991
2023,12,2023-11-23,2023_12_WAS_DAL,DAL,0.6785473,0.3848220814086198,2.409188
2023,13,2023-11-30,2023_13_SEA_DAL,DAL,1.3316277,0.4275460881710881,2.9309828
2023,14,2023-12-10,2023_14_PHI_DAL,DAL,1.6336375,0.4399674983885509,3.2188618
2023,15,2023-12-17,2023_15_DAL_BUF,DAL,1.6324826,0.4296950154853491,3.3438618
2023,16,2023-12-24,2023_16_DAL_MIA,DAL,1.3119266,0.4196272244800581,3.1688616
2023,17,2023-12-30,2023_17_DET_DAL,DAL,1.1996776,0.403913289674276,2.911027
2023,18,2024-01-07,2023_18_DAL_WAS,DAL,0.91681594,0.4114889547499411,2.7388048
2024,1,2024-09-08,2024_01_DAL_CLE,DAL,,,
2024,2,2024-09-15,2024_02_NO_DAL,DAL,,,
2024,3,2024-09-22,2024_03_BAL_DAL,DAL,,,
2024,4,2024-09-26,2024_04_DAL_NYG,DAL,,,
2024,5,2024-10-06,2024_05_DAL_PIT,DAL,,,
2024,6,2024-10-13,2024_06_DET_DAL,DAL,,,
2024,8,2024-10-27,2024_08_DAL_SF,DAL,-0.09279651,0.4194036120096061,1.872559
2024,9,2024-11-03,2024_09_DAL_ATL,DAL,-0.029298276,0.423645404168065,1.9058923
2024,10,2024-11-10,2024_10_PHI_DAL,DAL,0.022955462,0.4220504019480627,1.9074074
2024,11,2024-11-18,2024_11_HOU_DAL,DAL,-0.53742576,0.4159051583028191,1.6055427
2024,12,2024-11-24,2024_12_DAL_WAS,DAL,-0.99101853,0.4037853658010822,1.3740611
2024,13,2024-11-28,2024_13_NYG_DAL,DAL,-1.129177,0.4038247670539337,1.3814684
2024,14,2024-12-09,2024_14_CIN_DAL,DAL,-0.8498613,0.4061583131374798,1.5367717
2024,15,2024-12-15,2024_15_DAL_CAR,DAL,-0.8421309,0.4176128154253153,1.5367717
2024,16,2024-12-22,2024_16_TB_DAL,DAL,-0.5418264,0.4435923493593948,1.6731352
2024,17,2024-12-29,2024_17_DAL_PHI,DAL,-0.013511184,0.4451410321580776,1.9573232
2024,18,2025-01-05,2024_18_WAS_DAL,DAL,-0.03682566,0.4428910020955474,1.935101
2016,1,2016-09-08,2016_01_CAR_DEN,DEN,,,
2016,2,2016-09-18,2016_02_IND_DEN,DEN,,,
2016,3,2016-09-25,2016_03_DEN_CIN,DEN,,,
2016,4,2016-10-02,2016_04_DEN_TB,DEN,,,
2016,5,2016-10-09,2016_05_ATL_DEN,DEN,,,
2016,6,2016-10-13,2016_06_DEN_SD,DEN,,,
2016,7,2016-10-24,2016_07_HOU_DEN,DEN,0.03984719,0.381348633267786,1.797633
2016,8,2016-10-30,2016_08_SD_DEN,DEN,0.015575801,0.3767343081989155,1.8256049
2016,9,2016-11-06,2016_09_DEN_OAK,DEN,-0.2417056,0.3353667091708887,1.725605
2016,10,2016-11-13,2016_10_DEN_NO,DEN,-0.47178638,0.3284330828938672,1.600605
2016,12,2016-11-27,2016_12_KC_DEN,DEN,-0.581287,0.3245889332163842,1.5738956
2016,13,2016-12-04,2016_13_DEN_JAX,DEN,-0.41961923,0.3208119562251215,1.6314713
2016,14,2016-12-11,2016_14_DEN_TEN,DEN,-0.40366888,0.3309153713285366,1.632265
2016,15,2016-12-18,2016_15_NE_DEN,DEN,-0.58146805,0.3406222889899997,1.4376262
2016,16,2016-12-25,2016_16_DEN_KC,DEN,-0.6255352,0.3468619793105723,1.2459596
2016,17,2017-01-01,2016_17_OAK_DEN,DEN,-0.7966985,0.3592670125489389,1.0963869
2017,1,2017-09-11,2017_01_LAC_DEN,DEN,,,
2017,2,2017-09-17,2017_02_DAL_DEN,DEN,,,
2017,3,2017-09-24,2017_03_DEN_BUF,DEN,,,
2017,4,2017-10-01,2017_04_OAK_DEN,DEN,,,
2017,6,2017-10-15,2017_06_NYG_DEN,DEN,,,
2017,7,2017-10-22,2017_07_DEN_LAC,DEN,,,
2017,8,2017-10-30,2017_08_DEN_KC,DEN,-0.85666317,0.3369443867245923,1.3675214
2017,9,2017-11-05,2017_09_DEN_PHI,DEN,-0.9937344,0.3399124008533207,1.2603785
2017,10,2017-11-12,2017_10_NE_DEN,DEN,-1.2026823,0.3266939261559224,1.0167888
2017,11,2017-11-19,2017_11_CIN_DEN,DEN,-1.1190846,0.3214275104728401,1.0612332
2017,12,2017-11-26,2017_12_DEN_OAK,DEN,-1.2307459,0.3265674515502812,1.0751221
2017,13,2017-12-03,2017_13_DEN_MIA,DEN,-1.098298,0.3201415679609361,1.1413614
2017,14,2017-12-10,2017_14_NYJ_DEN,DEN,-1.1060513,0.3126087957222815,1.1707731
2017,15,2017-12-14,2017_15_DEN_IND,DEN,-0.98321867,0.3029663988775037,1.2640271
2017,16,2017-12-24,2017_16_DEN_WAS,DEN,-0.6321191,0.3062819302913257,1.5090413
2017,17,2017-12-31,2017_17_KC_DEN,DEN,-0.82423043,0.3017104156236572,1.3834003
2018,1,2018-09-09,2018_01_SEA_DEN,DEN,,,
2018,2,2018-09-16,2018_02_OAK_DEN,DEN,,,
2018,3,2018-09-23,2018_03_DEN_BAL,DEN,,,
2018,4,2018-10-01,2018_04_KC_DEN,DEN,,,
2018,5,2018-10-07,2018_05_DEN_NYJ,DEN,,,
2018,6,2018-10-14,2018_06_LA_DEN,DEN,,,
2018,7,2018-10-18,2018_07_DEN_ARI,DEN,-0.1682034,0.3924503358594267,1.7369465
2018,8,2018-10-28,2018_08_DEN_KC,DEN,-0.19231433,0.3845777609035185,1.8036131
2018,9,2018-11-04,2018_09_HOU_DEN,DEN,-0.27834937,0.4152633099224008,1.7897242
2018,11,2018-11-18,2018_11_DEN_LAC,DEN,-0.17927282,0.4128949291449291,1.8351787
2018,12,2018-11-25,2018_12_PIT_DEN,DEN,-0.17022096,0.4184228271728272,1.8351787
2018,13,2018-12-02,2018_13_DEN_CIN,DEN,0.03352969,0.4204407166907166,1.9936868
2018,14,2018-12-09,2018_14_DEN_SF,DEN,0.111928456,0.429838726088726,1.9983488
2018,15,2018-12-15,2018_15_CLE_DEN,DEN,0.08649521,0.4053076514534847,1.8261266
2018,16,2018-12-24,2018_16_DEN_OAK,DEN,0.05035338,0.3687612503237503,1.7491064
2018,17,2018-12-30,2018_17_LAC_DEN,DEN,-0.08728399,0.3605159182147819,1.7036519
2019,1,2019-09-09,2019_01_DEN_OAK,DEN,,,
2019,2,2019-09-15,2019_02_CHI_DEN,DEN,,,
2019,3,2019-09-22,2019_03_DEN_GB,DEN,,,
2019,4,2019-09-29,2019_04_JAX_DEN,DEN,,,
2019,5,2019-10-06,2019_05_DEN_LAC,DEN,,,
2019,6,2019-10-13,2019_06_TEN_DEN,DEN,,,
2019,7,2019-10-17,2019_07_KC_DEN,DEN,-0.07899418,0.3773975398961473,1.5850372
2019,8,2019-10-27,2019_08_DEN_IND,DEN,-0.6497709,0.3345389228187802,1.328627
2019,9,2019-11-03,2019_09_CLE_DEN,DEN,-0.77922314,0.3126776822075396,1.2758492
2019,11,2019-11-17,2019_11_DEN_MIN,DEN,-0.632268,0.3298537881871215,1.3970613
2019,12,2019-11-24,2019_12_DEN_BUF,DEN,-0.7230611,0.3155725832809166,1.4378538
2019,13,2019-12-01,2019_13_LAC_DEN,DEN,-0.8880396,0.3080833055833056,1.210076
2019,14,2019-12-08,2019_14_DEN_HOU,DEN,-0.77025145,0.314161178327845,1.3390442
2019,15,2019-12-15,2019_15_DEN_KC,DEN,-0.1510183,0.3451677979708282,1.7469697
2019,16,2019-12-22,2019_16_DET_DEN,DEN,-0.32732388,0.3502972171627475,1.6289142
2019,17,2019-12-29,2019_17_OAK_DEN,DEN,-0.28990713,0.3511936818092121,1.7152778
2020,1,2020-09-14,2020_01_TEN_DEN,DEN,,,
2020,2,2020-09-20,2020_02_DEN_PIT,DEN,,,
2020,3,2020-09-27,2020_03_TB_DEN,DEN,,,
2020,4,2020-10-01,2020_04_DEN_NYJ,DEN,,,
2020,6,2020-10-18,2020_06_DEN_NE,DEN,,,
2020,7,2020-10-25,2020_07_KC_DEN,DEN,,,
2020,8,2020-11-01,2020_08_LAC_DEN,DEN,-0.7054517,0.3421447239629058,1.5850816
2020,9,2020-11-08,2020_09_DEN_ATL,DEN,-0.6184517,0.3238000085902183,1.7703962
2020,10,2020-11-15,2020_10_DEN_LV,DEN,-0.4680846,0.3195968043870141,1.8473192
2020,11,2020-11-22,2020_11_MIA_DEN,DEN,-0.48100063,0.3339718863757325,1.862471
2020,12,2020-11-29,2020_12_NO_DEN,DEN,-0.53478366,0.3310369425316977,1.6911422
2020,13,2020-12-06,2020_13_DEN_KC,DEN,-0.875717,0.3247513299960852,1.4600816
2020,14,2020-12-13,2020_14_DEN_CAR,DEN,-0.49156156,0.3144844877847986,1.5512496
2020,15,2020-12-19,2020_15_BUF_DEN,DEN,-0.4504589,0.32826230540877,1.5477532
2020,16,2020-12-27,2020_16_DEN_LAC,DEN,-0.5360266,0.3290265874230521,1.4654883
2020,17,2021-01-03,2020_17_LV_DEN,DEN,-0.30517378,0.3415794974759621,1.5654882
2021,1,2021-09-12,2021_01_DEN_NYG,DEN,,,
2021,2,2021-09-19,2021_02_DEN_JAX,DEN,,,
2021,3,2021-09-26,2021_03_NYJ_DEN,DEN,,,
2021,4,2021-10-03,2021_04_BAL_DEN,DEN,,,
2021,5,2021-10-10,2021_05_DEN_PIT,DEN,,,
2021,6,2021-10-17,2021_06_LV_DEN,DEN,,,
2021,7,2021-10-21,2021_07_DEN_CLE,DEN,0.35856354,0.3997348981802895,2.0616906
2021,8,2021-10-31,2021_08_WAS_DEN,DEN,0.056339946,0.3873427475068889,1.7908573
2021,9,2021-11-07,2021_09_DEN_DAL,DEN,-0.07160481,0.3855483350590674,1.7571872
2021,10,2021-11-14,2021_10_PHI_DEN,DEN,0.06658541,0.3763803775956553,1.7799145
2021,12,2021-11-28,2021_12_LAC_DEN,DEN,0.10443715,0.3775435242133474,1.879662
2021,13,2021-12-05,2021_13_DEN_KC,DEN,0.107390486,0.3669319958240413,1.8944769
2021,14,2021-12-12,2021_14_DET_DEN,DEN,-0.022962421,0.3825583139503594,1.7367845
2021,15,2021-12-19,2021_15_CIN_DEN,DEN,0.27302462,0.4096179055932844,2.1488216
2021,16,2021-12-26,2021_16_DEN_LV,DEN,0.13205941,0.4036063613715129,1.9855219
2021,17,2022-01-02,2021_17_DEN_LAC,DEN,-0.20074387,0.4033675312715717,1.809596
2021,18,2022-01-08,2021_18_KC_DEN,DEN,-0.11679179,0.4240691967964696,1.853367
2022,1,2022-09-12,2022_01_DEN_SEA,DEN,,,
2022,2,2022-09-18,2022_02_HOU_DEN,DEN,,,
2022,3,2022-09-25,2022_03_SF_DEN,DEN,,,
2022,4,2022-10-02,2022_04_DEN_LV,DEN,,,
2022,5,2022-10-06,2022_05_IND_DEN,DEN,,,
2022,6,2022-10-17,2022_06_DEN_LAC,DEN,,,
2022,7,2022-10-23,2022_07_NYJ_DEN,DEN,-0.6973548,0.3093262613859205,1.3809524
2022,8,2022-10-30,2022_08_DEN_JAX,DEN,-1.0062953,0.2790632084666176,1.172619
2022,10,2022-11-13,2022_10_DEN_TEN,DEN,-0.93791676,0.2897468920669678,1.2218615
2022,11,2022-11-20,2022_11_LV_DEN,DEN,-0.8323229,0.3022476188534089,1.2429237
2022,12,2022-11-27,2022_12_DEN_CAR,DEN,-0.63686,0.3281678602281957,1.1368631
2022,13,2022-12-04,2022_13_DEN_BAL,DEN,-0.59920746,0.3243667671413883,1.1579255
2022,14,2022-12-11,2022_14_KC_DEN,DEN,-0.5933333,0.3270991778283444,1.0518647
2022,15,2022-12-18,2022_15_ARI_DEN,DEN,-0.43949512,0.3322419791060141,1.2858392
2022,16,2022-12-25,2022_16_DEN_LA,DEN,-0.54194754,0.3446495560969245,1.3018649
2022,17,2023-01-01,2022_17_DEN_KC,DEN,-0.7103289,0.3470816379040063,1.406993
2022,18,2023-01-08,2022_18_LAC_DEN,DEN,-0.691267,0.3445700638299322,1.497902
2023,1,2023-09-10,2023_01_LV_DEN,DEN,,,
2023,2,2023-09-17,2023_02_WAS_DEN,DEN,,,
2023,3,2023-09-24,2023_03_DEN_MIA,DEN,,,
2023,4,2023-10-01,2023_04_DEN_CHI,DEN,,,
2023,5,2023-10-08,2023_05_NYJ_DEN,DEN,,,
2023,6,2023-10-12,2023_06_DEN_KC,DEN,,,
2023,7,2023-10-22,2023_07_GB_DEN,DEN,-0.0016000867,0.3694849921320509,2.0242064
2023,8,2023-10-29,2023_08_KC_DEN,DEN,-0.011193365,0.3600109784913707,1.9316138
2023,10,2023-11-13,2023_10_DEN_BUF,DEN,-0.1640483,0.3700082969779939,1.79525
2023,11,2023-11-19,2023_11_MIN_DEN,DEN,-0.0686404,0.3737590215620518,1.8904883
2023,12,2023-11-26,2023_12_CLE_DEN,DEN,-0.33687165,0.3614372650357498,1.7920033
2023,13,2023-12-03,2023_13_DEN_HOU,DEN,-0.20555806,0.3687191217048615,1.8753366
2023,14,2023-12-10,2023_14_DEN_LAC,DEN,-0.12963766,0.3616801670697529,1.959952
2023,15,2023-12-16,2023_15_DEN_DET,DEN,-0.38722435,0.3603436948999474,1.9157925
2023,16,2023-12-24,2023_16_NE_DEN,DEN,-0.46929136,0.337167208087097,1.809732
2023,17,2023-12-31,2023_17_LAC_DEN,DEN,-0.6375138,0.3380754356619913,1.7319541
2023,18,2024-01-07,2023_18_DEN_LV,DEN,-0.60658723,0.3495702539749914,1.6561966
2024,1,2024-09-08,2024_01_DEN_SEA,DEN,,,
2024,2,2024-09-15,2024_02_PIT_DEN,DEN,,,
2024,3,2024-09-22,2024_03_DEN_TB,DEN,,,
2024,4,2024-09-29,2024_04_DEN_NYJ,DEN,,,
2024,5,2024-10-06,2024_05_LV_DEN,DEN,,,
2024,6,2024-10-13,2024_06_LAC_DEN,DEN,,,
2024,7,2024-10-17,2024_07_DEN_NO,DEN,-0.4076792,0.4222284659784659,1.4558663
2024,8,2024-10-27,2024_08_CAR_DEN,DEN,-0.19685037,0.4540308534058534,1.6530886
2024,9,2024-11-03,2024_09_DEN_BAL,DEN,0.012295224,0.4592166398416398,1.9510684
2024,10,2024-11-10,2024_10_DEN_KC,DEN,-0.27806768,0.4216535547785547,1.6844016
2024,11,2024-11-17,2024_11_ATL_DEN,DEN,-0.06620134,0.4432023763273762,1.8154559
2024,12,2024-11-24,2024_12_DEN_LV,DEN,0.307197,0.4533582698166031,2.160185
2024,13,2024-12-02,2024_13_CLE_DEN,DEN,0.47507748,0.450398750379811,2.3329124
2024,15,2024-12-15,2024_15_IND_DEN,DEN,0.48078632,0.440329450466761,2.2599957
2024,16,2024-12-19,2024_16_DEN_LAC,DEN,0.24719065,0.4195250523186129,2.1315236
2024,17,2024-12-28,2024_17_DEN_CIN,DEN,0.6168526,0.4395418410854017,2.414857
2024,18,2025-01-05,2024_18_KC_DEN,DEN,0.77934027,0.4379244769680375,2.5555975
2016,1,2016-09-11,2016_01_DET_IND,DET,,,
2016,2,2016-09-18,2016_02_TEN_DET,DET,,,
2016,3,2016-09-25,2016_03_DET_GB,DET,,,
2016,4,2016-10-02,2016_04_DET_CHI,DET,,,
2016,5,2016-10-09,2016_05_PHI_DET,DET,,,
2016,6,2016-10-16,2016_06_LA_DET,DET,,,
2016,7,2016-10-23,2016_07_WAS_DET,DET,0.82867,0.4156611809670062,2.5008838
2016,8,2016-10-30,2016_08_DET_HOU,DET,0.5268052,0.3993027195383576,2.3569443
2016,9,2016-11-06,2016_09_DET_MIN,DET,0.4486109,0.4080441605592104,2.3569443
2016,11,2016-11-20,2016_11_JAX_DET,DET,0.25701758,0.3874015315832481,2.1902778
2016,12,2016-11-24,2016_12_MIN_DET,DET,0.2421727,0.3666628027195193,2.2364316
2016,13,2016-12-04,2016_13_DET_NO,DET,0.14784889,0.3766413221424831,2.0586538
2016,14,2016-12-11,2016_14_CHI_DET,DET,0.01851535,0.3842139183438203,1.9313391
2016,15,2016-12-18,2016_15_DET_NYG,DET,-0.031010387,0.3768535703584723,1.8850428
2016,16,2016-12-26,2016_16_DET_DAL,DET,-0.05082627,0.3738106492273159,1.7592851
2016,17,2017-01-01,2016_17_GB_DET,DET,-0.07305203,0.3790651169817836,1.7441336
2017,1,2017-09-10,2017_01_ARI_DET,DET,,,
2017,2,2017-09-18,2017_02_DET_NYG,DET,,,
2017,3,2017-09-24,2017_03_ATL_DET,DET,,,
2017,4,2017-10-01,2017_04_DET_MIN,DET,,,
2017,5,2017-10-08,2017_05_CAR_DET,DET,,,
2017,6,2017-10-15,2017_06_DET_NO,DET,,,
2017,8,2017-10-29,2017_08_PIT_DET,DET,-0.8674163,0.3606109406498163,1.6515912
2017,9,2017-11-06,2017_09_DET_GB,DET,-0.7702716,0.3627173779835262,1.5336257
2017,10,2017-11-12,2017_10_CLE_DET,DET,-0.37548923,0.3781283138490076,1.8858985
2017,11,2017-11-19,2017_11_DET_CHI,DET,-0.22840999,0.3879828112035049,2.052565
2017,12,2017-11-23,2017_12_MIN_DET,DET,0.00018670659,0.4118036557629859,2.1763027
2017,13,2017-12-03,2017_13_DET_BAL,DET,0.03261092,0.3979042064468698,2.191454
2017,14,2017-12-10,2017_14_DET_TB,DET,0.12888592,0.3945440432182856,2.219794
2017,15,2017-12-16,2017_15_CHI_DET,DET,0.24365926,0.4010767676487374,2.3258545
2017,16,2017-12-24,2017_16_DET_CIN,DET,-0.08237717,0.3751526917246614,2.003885
2017,17,2017-12-31,2017_17_GB_DET,DET,-0.24847342,0.3708166728053092,1.8170162
2018,1,2018-09-10,2018_01_NYJ_DET,DET,,,
2018,2,2018-09-16,2018_02_DET_SF,DET,,,
2018,3,2018-09-23,2018_03_NE_DET,DET,,,
2018,4,2018-09-30,2018_04_DET_DAL,DET,,,
2018,5,2018-10-07,2018_05_GB_DET,DET,,,
2018,7,2018-10-21,2018_07_DET_MIA,DET,,,
2018,8,2018-10-28,2018_08_SEA_DET,DET,0.49410775,0.3825294612794612,2.4537036
2018,9,2018-11-04,2018_09_DET_MIN,DET,0.894,0.3894074289907623,2.5648148
2018,10,2018-11-11,2018_10_DET_CHI,DET,0.5152547,0.3778252203497301,2.3261783
2018,11,2018-11-18,2018_11_CAR_DET,DET,0.32205915,0.3631657988888381,2.1984007
2018,12,2018-11-22,2018_12_CHI_DET,DET,0.0795128,0.3536444490265791,2.001431
2018,13,2018-12-02,2018_13_LA_DET,DET,-0.23420642,0.3368009144747113,1.8132997
2018,14,2018-12-09,2018_14_DET_ARI,DET,-0.8583328,0.3171400198138166,1.4429293
2018,15,2018-12-16,2018_15_DET_BUF,DET,-0.9031177,0.3189793841531809,1.3762627
2018,16,2018-12-23,2018_16_MIN_DET,DET,-0.6720322,0.3152370099696303,1.4565657
2018,17,2018-12-30,2018_17_DET_GB,DET,-0.8892161,0.3160816967824543,1.2760102
2019,1,2019-09-08,2019_01_DET_ARI,DET,,,
2019,2,2019-09-15,2019_02_LAC_DET,DET,,,
2019,3,2019-09-22,2019_03_DET_PHI,DET,,,
2019,4,2019-09-29,2019_04_KC_DET,DET,,,
2019,6,2019-10-14,2019_06_DET_GB,DET,,,
2019,7,2019-10-20,2019_07_MIN_DET,DET,,,
2019,8,2019-10-27,2019_08_NYG_DET,DET,0.19910388,0.3813690117979333,2.1096153
2019,9,2019-11-03,2019_09_DET_OAK,DET,0.20142616,0.3803577993852058,2.1884034
2019,10,2019-11-10,2019_10_DET_CHI,DET,0.44351086,0.4051751117025181,2.3717365
2019,11,2019-11-17,2019_11_DAL_DET,DET,0.27519777,0.4052265852834034,2.1634033
2019,12,2019-11-24,2019_12_DET_WAS,DET,0.40055606,0.3998547784410083,2.1878788
2019,13,2019-11-28,2019_13_CHI_DET,DET,0.118893124,0.3936124808525569,2.0596735
2019,14,2019-12-08,2019_14_DET_MIN,DET,-0.15383281,0.3581625138206521,1.8627039
2019,15,2019-12-15,2019_15_TB_DET,DET,-0.4247247,0.348129380918201,1.5811383
2019,16,2019-12-22,2019_16_DET_DEN,DET,-0.8282702,0.3116057193945395,1.3990871
2019,17,2019-12-29,2019_17_GB_DET,DET,-0.7508213,0.3199197202085403,1.4157537
2020,1,2020-09-13,2020_01_CHI_DET,DET,,,
2020,2,2020-09-20,2020_02_DET_GB,DET,,,
2020,3,2020-09-27,2020_03_DET_ARI,DET,,,
2020,4,2020-10-04,2020_04_NO_DET,DET,,,
2020,6,2020-10-18,2020_06_DET_JAX,DET,,,
2020,7,2020-10-25,2020_07_DET_ATL,DET,,,
2020,8,2020-11-01,2020_08_IND_DET,DET,0.44651726,0.3971415901718931,2.5064814
2020,9,2020-11-08,2020_09_DET_MIN,DET,0.27629888,0.3889460434346798,2.4787037
2020,10,2020-11-15,2020_10_WAS_DET,DET,0.11356894,0.4074877510750951,2.4382997
2020,11,2020-11-22,2020_11_DET_CAR,DET,0.2519125,0.4138417674291115,2.5049663
2020,12,2020-11-26,2020_12_HOU_DET,DET,-0.25331783,0.385232259652937,1.9679292
2020,13,2020-12-06,2020_13_DET_CHI,DET,-0.6306801,0.3902576635419773,1.8000001
2020,14,2020-12-13,2020_14_GB_DET,DET,-0.5572214,0.3859514836107973,1.8888888
2020,15,2020-12-20,2020_15_DET_TEN,DET,-0.11193857,0.3984200995059483,2.097222
2020,16,2020-12-26,2020_16_TB_DET,DET,0.25622484,0.4078441971040655,2.2453704
2020,17,2021-01-03,2020_17_MIN_DET,DET,-0.3894969,0.373342772602641,1.7581908
2021,1,2021-09-12,2021_01_SF_DET,DET,,,
2021,2,2021-09-20,2021_02_DET_GB,DET,,,
2021,3,2021-09-26,2021_03_BAL_DET,DET,,,
2021,4,2021-10-03,2021_04_DET_CHI,DET,,,
2021,5,2021-10-10,2021_05_DET_MIN,DET,,,
2021,6,2021-10-17,2021_06_CIN_DET,DET,,,
2021,7,2021-10-24,2021_07_DET_LA,DET,-0.50551945,0.3702654720050845,1.6654161
2021,8,2021-10-31,2021_08_PHI_DET,DET,-0.41029575,0.378091439092256,1.6244107
2021,10,2021-11-14,2021_10_DET_PIT,DET,-0.89030534,0.3480064212294604,1.409596
2021,11,2021-11-21,2021_11_DET_CLE,DET,-0.98957676,0.3444864612511671,1.329798
2021,12,2021-11-25,2021_12_CHI_DET,DET,-1.1600786,0.325728675826715,1.2220539
2021,13,2021-12-05,2021_13_MIN_DET,DET,-1.1571635,0.320636751290346,1.1978115
2021,14,2021-12-12,2021_14_DET_DEN,DET,-0.94072634,0.3475977301263249,1.4172559
2021,15,2021-12-19,2021_15_ARI_DET,DET,-1.1529145,0.3438985063290619,1.2505893
2021,16,2021-12-26,2021_16_DET_ATL,DET,-0.5706466,0.3701085544508746,1.6505893
2021,17,2022-01-02,2021_17_DET_SEA,DET,-0.3544873,0.3861004093106023,1.8061448
2021,18,2022-01-09,2021_18_GB_DET,DET,-0.15025224,0.3755244112346043,2.0574074
2022,1,2022-09-11,2022_01_PHI_DET,DET,,,
2022,2,2022-09-18,2022_02_WAS_DET,DET,,,
2022,3,2022-09-25,2022_03_DET_MIN,DET,,,
2022,4,2022-10-02,2022_04_SEA_DET,DET,,,
2022,5,2022-10-09,2022_05_DET_NE,DET,,,
2022,7,2022-10-23,2022_07_DET_DAL,DET,,,
2022,8,2022-10-30,2022_08_MIA_DET,DET,-0.3446957,0.3457154159431661,2.0411255
2022,9,2022-11-06,2022_09_GB_DET,DET,-0.2168262,0.3893286450343363,2.0733225
2022,10,2022-11-13,2022_10_DET_CHI,DET,-0.41429734,0.3895858943987286,1.9463383
2022,11,2022-11-20,2022_11_DET_NYG,DET,-0.2078584,0.4124559641437983,1.9917928
2022,12,2022-11-24,2022_12_BUF_DET,DET,-0.36288857,0.4254136541068359,1.7796717
2022,13,2022-12-04,2022_13_JAX_DET,DET,0.13082038,0.4353541302973121,2.1584594
2022,14,2022-12-11,2022_14_MIN_DET,DET,0.85866743,0.4622887697319515,2.8082912
2022,15,2022-12-18,2022_15_DET_NYJ,DET,0.82676744,0.4561763404945223,2.7609427
2022,16,2022-12-24,2022_16_DET_CAR,DET,0.89724255,0.4596338320770138,2.7164984
2022,17,2023-01-01,2022_17_CHI_DET,DET,0.9715852,0.438955020148202,2.7210438
2022,18,2023-01-08,2022_18_DET_GB,DET,1.0817714,0.4319034437784437,2.8207912
2023,1,2023-09-07,2023_01_DET_KC,DET,,,
2023,2,2023-09-17,2023_02_SEA_DET,DET,,,
2023,3,2023-09-24,2023_03_ATL_DET,DET,,,
2023,4,2023-09-28,2023_04_DET_GB,DET,,,
2023,5,2023-10-08,2023_05_CAR_DET,DET,,,
2023,6,2023-10-15,2023_06_DET_TB,DET,,,
2023,7,2023-10-22,2023_07_DET_BAL,DET,0.18710099,0.402759499116451,2.3282828
2023,8,2023-10-30,2023_08_LV_DET,DET,0.05722958,0.402160954142906,2.2199495
2023,10,2023-11-12,2023_10_DET_LAC,DET,-0.08780575,0.4038696621016139,2.150505
2023,11,2023-11-19,2023_11_CHI_DET,DET,0.4757156,0.4392789518859037,2.5560606
2023,12,2023-11-23,2023_12_GB_DET,DET,0.38793483,0.4349269585633221,2.5232322
2023,13,2023-12-03,2023_13_DET_NO,DET,-0.014235973,0.4036451090996545,2.2202022
2023,14,2023-12-10,2023_14_DET_CHI,DET,-0.009301375,0.4071449972586336,2.3755052
2023,15,2023-12-16,2023_15_DEN_DET,DET,-0.075852685,0.3964125857307676,2.4724748
2023,16,2023-12-24,2023_16_DET_MIN,DET,0.42667714,0.4031759149940968,2.8113635
2023,17,2023-12-30,2023_17_DET_DAL,DET,0.15289177,0.3769140885852116,2.5825758
2023,18,2024-01-07,2023_18_MIN_DET,DET,0.07164822,0.368002587628256,2.4310606
2024,1,2024-09-08,2024_01_LA_DET,DET,,,
2024,2,2024-09-15,2024_02_TB_DET,DET,,,
2024,3,2024-09-22,2024_03_DET_ARI,DET,,,
2024,4,2024-09-30,2024_04_SEA_DET,DET,,,
2024,6,2024-10-13,2024_06_DET_DAL,DET,,,
2024,7,2024-10-20,2024_07_DET_MIN,DET,,,
2024,8,2024-10-27,2024_08_TEN_DET,DET,0.7249727,0.4689761330469886,2.6982324
2024,9,2024-11-03,2024_09_DET_GB,DET,0.75345016,0.4904910521459413,2.8519118
2024,10,2024-11-10,2024_10_DET_HOU,DET,1.0207947,0.4974157360314095,2.9428213
2024,11,2024-11-17,2024_11_JAX_DET,DET,0.9545748,0.4909529902352031,2.9493144
2024,12,2024-11-24,2024_12_DET_IND,DET,1.3611921,0.5216752001240796,3.275914
2024,13,2024-11-28,2024_13_CHI_DET,DET,1.1722945,0.5175617210106005,3.0231361
2024,14,2024-12-05,2024_14_GB_DET,DET,1.2119626,0.5209653646920219,2.979365
2024,15,2024-12-15,2024_15_BUF_DET,DET,1.1935941,0.4957447123285125,2.9984128
2024,16,2024-12-22,2024_16_DET_CHI,DET,1.3242502,0.5003418399648559,3.301443
2024,17,2024-12-30,2024_17_DET_SF,DET,1.7774816,0.530667367611812,3.558586
2024,18,2025-01-05,2024_18_MIN_DET,DET,1.4982783,0.5017428970206748,3.2622898
2016,1,2016-09-11,2016_01_GB_JAX,GB,,,
2016,2,2016-09-18,2016_02_GB_MIN,GB,,,
2016,3,2016-09-25,2016_03_DET_GB,GB,,,
2016,5,2016-10-09,2016_05_NYG_GB,GB,,,
2016,6,2016-10-16,2016_06_DAL_GB,GB,,,
2016,7,2016-10-20,2016_07_CHI_GB,GB,,,
2016,8,2016-10-30,2016_08_GB_ATL,GB,0.25284195,0.3652261641645613,2.2063131
2016,9,2016-11-06,2016_09_IND_GB,GB,0.39314237,0.3830910807668516,2.3489058
2016,10,2016-11-13,2016_10_GB_TEN,GB,0.5877021,0.3895560278567987,2.5155723
2016,11,2016-11-20,2016_11_GB_WAS,GB,0.3489569,0.3736219476919493,2.2694185
2016,12,2016-11-28,2016_12_GB_PHI,GB,0.441843,0.3755303329371351,2.3136103
2016,13,2016-12-04,2016_13_HOU_GB,GB,1.0418887,0.3730694941126599,2.6336863
2016,14,2016-12-11,2016_14_SEA_GB,GB,0.9220093,0.3759240007171665,2.5503528
2016,15,2016-12-18,2016_15_GB_CHI,GB,0.74635345,0.3807672651834468,2.4101412
2016,16,2016-12-24,2016_16_MIN_GB,GB,0.8366173,0.387309418316509,2.5035756
2016,17,2017-01-01,2016_17_GB_DET,GB,0.8765678,0.4086705714084314,2.6702423
2017,1,2017-09-10,2017_01_SEA_GB,GB,,,
2017,2,2017-09-17,2017_02_GB_ATL,GB,,,
2017,3,2017-09-24,2017_03_CIN_GB,GB,,,
2017,4,2017-09-28,2017_04_CHI_GB,GB,,,
2017,5,2017-10-08,2017_05_GB_DAL,GB,,,
2017,6,2017-10-15,2017_06_GB_MIN,GB,,,
2017,7,2017-10-22,2017_07_NO_GB,GB,0.26390246,0.4081932342349009,2.2801769
2017,9,2017-11-06,2017_09_DET_GB,GB,0.31088015,0.386734600276267,2.2801769
2017,10,2017-11-12,2017_10_GB_CHI,GB,0.17245929,0.3942794474044473,2.2465067
2017,11,2017-11-19,2017_11_BAL_GB,GB,0.29019228,0.3984571369988036,2.2199914
2017,12,2017-11-26,2017_12_GB_PIT,GB,-0.39489773,0.3928398376315043,1.6896886
2017,13,2017-12-03,2017_13_TB_GB,GB,-0.6874042,0.3827418337835004,1.5097643
2017,14,2017-12-10,2017_14_GB_CLE,GB,-0.29581365,0.3944186215019548,1.6486531
2017,15,2017-12-17,2017_15_GB_CAR,GB,-0.08184667,0.4078069692653026,1.8153199
2017,16,2017-12-23,2017_16_MIN_GB,GB,0.064467095,0.3990184583934584,1.8641415
2017,17,2017-12-31,2017_17_GB_DET,GB,-0.43205163,0.3738781665864999,1.5156566
2018,1,2018-09-09,2018_01_CHI_GB,GB,,,
2018,2,2018-09-16,2018_02_MIN_GB,GB,,,
2018,3,2018-09-23,2018_03_GB_WAS,GB,,,
2018,4,2018-09-30,2018_04_BUF_GB,GB,,,
2018,5,2018-10-07,2018_05_GB_DET,GB,,,
2018,6,2018-10-15,2018_06_SF_GB,GB,,,
2018,8,2018-10-28,2018_08_GB_LA,GB,-0.05731651,0.4048629560554522,1.9556278
2018,9,2018-11-04,2018_09_GB_NE,GB,0.051304255,0.3964227851152813,1.9684482
2018,10,2018-11-11,2018_10_MIA_GB,GB,0.09497445,0.3929696143544183,1.977972
2018,11,2018-11-15,2018_11_GB_SEA,GB,0.31703407,0.416429982054982,2.315935
2018,12,2018-11-25,2018_12_GB_MIN,GB,0.41355014,0.4131551704468371,2.3740158
2018,13,2018-12-02,2018_13_ARI_GB,GB,0.2905254,0.4086642909559576,2.3088644
2018,14,2018-12-09,2018_14_ATL_GB,GB,0.12204195,0.4088157493460524,2.1081069
2018,15,2018-12-16,2018_15_GB_CHI,GB,0.23222923,0.4413067432006826,2.1861954
2018,16,2018-12-23,2018_16_GB_NYJ,GB,0.07433482,0.4240410122985881,2.1604378
2018,17,2018-12-30,2018_17_DET_GB,GB,0.27178523,0.4133815032416431,2.1504662
2019,1,2019-09-05,2019_01_GB_CHI,GB,,,
2019,2,2019-09-15,2019_02_MIN_GB,GB,,,
2019,3,2019-09-22,2019_03_DEN_GB,GB,,,
2019,4,2019-09-26,2019_04_PHI_GB,GB,,,
2019,5,2019-10-06,2019_05_GB_DAL,GB,,,
2019,6,2019-10-14,2019_06_DET_GB,GB,,,
2019,7,2019-10-20,2019_07_OAK_GB,GB,0.21075112,0.4052132066678047,2.03986
2019,8,2019-10-27,2019_08_GB_KC,GB,0.87611884,0.4278383592929572,2.611655
2019,9,2019-11-03,2019_09_GB_LAC,GB,1.2342764,0.4475487943605352,2.8949883
2019,10,2019-11-10,2019_10_CAR_GB,GB,1.0709158,0.4462846649714058,2.715064
2019,12,2019-11-24,2019_12_GB_SF,GB,1.0021857,0.4346159633027041,2.7095087
2019,13,2019-12-01,2019_13_GB_NYG,GB,0.5671256,0.4020174720503667,2.3948233
2019,14,2019-12-08,2019_14_WAS_GB,GB,0.8393626,0.4054035033896144,2.585564
2019,15,2019-12-15,2019_15_CHI_GB,GB,0.35632527,0.3793057291100221,2.1885943
2019,16,2019-12-23,2019_16_GB_MIN,GB,0.008068805,0.3507545426421689,1.9411584
2019,17,2019-12-29,2019_17_GB_DET,GB,-0.10237563,0.3430054960538366,1.9858012
2020,1,2020-09-13,2020_01_GB_MIN,GB,,,
2020,2,2020-09-20,2020_02_DET_GB,GB,,,
2020,3,2020-09-27,2020_03_GB_NO,GB,,,
2020,4,2020-10-05,2020_04_ATL_GB,GB,,,
2020,6,2020-10-18,2020_06_GB_TB,GB,,,
2020,7,2020-10-25,2020_07_GB_HOU,GB,,,
2020,8,2020-11-01,2020_08_MIN_GB,GB,1.2692677,0.4394441734845775,2.9699495
2020,9,2020-11-05,2020_09_GB_SF,GB,1.0161736,0.4204242697771738,2.6940234
2020,10,2020-11-15,2020_10_JAX_GB,GB,0.9779482,0.38390926962581,2.6637204
2020,11,2020-11-22,2020_11_GB_IND,GB,0.5689208,0.3602009913720772,2.410807
2020,12,2020-11-29,2020_12_CHI_GB,GB,0.12180966,0.3504256843745479,2.2526872
2020,13,2020-12-06,2020_13_PHI_GB,GB,0.7600544,0.4010870369109005,2.6971314
2020,14,2020-12-13,2020_14_GB_DET,GB,0.827903,0.4050764502753139,2.7110205
2020,15,2020-12-19,2020_15_CAR_GB,GB,1.0869964,0.4221952020157762,2.9494464
2020,16,2020-12-27,2020_16_TEN_GB,GB,0.848355,0.4288127080985229,2.7979314
2020,17,2021-01-03,2020_17_GB_CHI,GB,1.3852348,0.4620307863166011,3.1569054
2021,1,2021-09-12,2021_01_GB_NO,GB,,,
2021,2,2021-09-20,2021_02_DET_GB,GB,,,
2021,3,2021-09-26,2021_03_GB_SF,GB,,,
2021,4,2021-10-03,2021_04_PIT_GB,GB,,,
2021,5,2021-10-10,2021_05_GB_CIN,GB,,,
2021,6,2021-10-17,2021_06_GB_CHI,GB,,,
2021,7,2021-10-24,2021_07_WAS_GB,GB,0.577634,0.4062228367405134,2.312937
2021,8,2021-10-28,2021_08_GB_ARI,GB,1.0053073,0.4214661325393649,2.701826
2021,9,2021-11-07,2021_09_GB_KC,GB,0.8750505,0.4233345187827511,2.5184927
2021,10,2021-11-14,2021_10_SEA_GB,GB,0.4729965,0.4029535353870618,2.1351593
2021,11,2021-11-21,2021_11_GB_MIN,GB,0.4757501,0.3981488843702896,2.0094018
2021,12,2021-11-28,2021_12_LA_GB,GB,0.8022826,0.3986582515463234,2.262963
2021,14,2021-12-12,2021_14_CHI_GB,GB,0.59429264,0.3905703095794132,2.1756613
2021,15,2021-12-19,2021_15_GB_BAL,GB,0.61287457,0.3981447389487143,2.231217
2021,16,2021-12-25,2021_16_CLE_GB,GB,0.752245,0.4027084853874608,2.4052908
2021,17,2022-01-02,2021_17_MIN_GB,GB,0.9866753,0.4309888379325192,2.6886244
2021,18,2022-01-09,2021_18_GB_DET,GB,1.1949784,0.4493650604754085,2.9658968
2022,1,2022-09-11,2022_01_GB_MIN,GB,,,
2022,2,2022-09-18,2022_02_CHI_GB,GB,,,
2022,3,2022-09-25,2022_03_GB_TB,GB,,,
2022,4,2022-10-02,2022_04_NE_GB,GB,,,
2022,5,2022-10-09,2022_05_NYG_GB,GB,,,
2022,6,2022-10-16,2022_06_NYJ_GB,GB,,,
2022,7,2022-10-23,2022_07_GB_WAS,GB,-0.22766753,0.403089323228212,1.6205091
2022,8,2022-10-30,2022_08_GB_BUF,GB,-0.0973864,0.4224791926180815,1.7417213
2022,9,2022-11-06,2022_09_GB_DET,GB,-0.35961303,0.3913926865315755,1.5565361
2022,10,2022-11-13,2022_10_DAL_GB,GB,-0.45883718,0.386750338139227,1.5287584
2022,11,2022-11-17,2022_11_TEN_GB,GB,-0.32154247,0.3962610434832657,1.6378852
2022,12,2022-11-27,2022_12_GB_PHI,GB,-0.564524,0.3685357081190414,1.5508481
2022,13,2022-12-04,2022_13_GB_CHI,GB,-0.03651454,0.3704254850088184,1.9226431
2022,15,2022-12-19,2022_15_LA_GB,GB,0.19047682,0.3603540749374083,2.1620371
2022,16,2022-12-25,2022_16_GB_MIA,GB,0.3151259,0.3804440158606825,2.2916667
2022,17,2023-01-01,2022_17_MIN_GB,GB,0.49904838,0.3901060709772831,2.5189393
2022,18,2023-01-08,2022_18_DET_GB,GB,0.49028936,0.4102299286011407,2.574495
2023,1,2023-09-10,2023_01_GB_CHI,GB,,,
2023,2,2023-09-17,2023_02_GB_ATL,GB,,,
2023,3,2023-09-24,2023_03_NO_GB,GB,,,
2023,4,2023-09-28,2023_04_DET_GB,GB,,,
2023,5,2023-10-09,2023_05_GB_LV,GB,,,
2023,7,2023-10-22,2023_07_GB_DEN,GB,,,
2023,8,2023-10-29,2023_08_MIN_GB,GB,-0.1482106,0.3411070740426801,1.8840069
2023,9,2023-11-05,2023_09_LA_GB,GB,-0.51720923,0.3275296152813978,1.606229
2023,10,2023-11-12,2023_10_GB_PIT,GB,-0.7042012,0.3448060733911893,1.4840068
2023,11,2023-11-19,2023_11_LAC_GB,GB,-0.540072,0.3541330889682048,1.5218855
2023,12,2023-11-23,2023_12_GB_DET,GB,-0.3698593,0.3582539544861292,1.5925926
2023,13,2023-12-03,2023_13_KC_GB,GB,-0.1483639,0.3623491087706774,1.7150673
2023,14,2023-12-11,2023_14_GB_NYG,GB,0.13119908,0.3821447452329805,1.9627525
2023,15,2023-12-17,2023_15_TB_GB,GB,0.39477304,0.39068850663102,2.129419
2023,16,2023-12-24,2023_16_GB_CAR,GB,0.56645375,0.3834752466399822,2.2220118
2023,17,2023-12-31,2023_17_GB_MIN,GB,0.8481235,0.4009364891012247,2.484133
2023,18,2024-01-07,2023_18_CHI_GB,GB,1.1019356,0.4227547770224538,2.6856482
2024,1,2024-09-06,2024_01_GB_PHI,GB,,,
2024,2,2024-09-15,2024_02_IND_GB,GB,,,
2024,3,2024-09-22,2024_03_GB_TEN,GB,,,
2024,4,2024-09-29,2024_04_MIN_GB,GB,,,
2024,5,2024-10-06,2024_05_GB_LA,GB,,,
2024,6,2024-10-13,2024_06_ARI_GB,GB,,,
2024,7,2024-10-20,2024_07_HOU_GB,GB,0.3448217,0.4339889767920071,2.2464647
2024,8,2024-10-27,2024_08_GB_JAX,GB,0.26127747,0.4330089383119686,2.170707
2024,9,2024-11-03,2024_09_DET_GB,GB,0.4117708,0.4447257400287703,2.3128982
2024,11,2024-11-17,2024_11_GB_CHI,GB,0.25234863,0.4528786981817285,2.2085211
2024,12,2024-11-24,2024_12_SF_GB,GB,0.67777467,0.4576145355366134,2.3624895
2024,13,2024-11-28,2024_13_MIA_GB,GB,0.86063606,0.4805221834442614,2.5746105
2024,14,2024-12-05,2024_14_GB_DET,GB,0.9775229,0.482699173121251,2.559459
2024,15,2024-12-15,2024_15_GB_SEA,GB,1.0756029,0.4766389561051516,2.7124894
2024,16,2024-12-23,2024_16_NO_GB,GB,1.0221019,0.4767398582893872,2.7445405
2024,17,2024-12-29,2024_17_GB_MIN,GB,1.4926966,0.4739674763503386,3.114911
2024,18,2025-01-05,2024_18_CHI_GB,GB,1.1001326,0.4736089592061072,3.0553873
2016,1,2016-09-11,2016_01_CHI_HOU,HOU,,,
2016,2,2016-09-18,2016_02_KC_HOU,HOU,,,
2016,3,2016-09-22,2016_03_HOU_NE,HOU,,,
2016,4,2016-10-02,2016_04_TEN_HOU,HOU,,,
2016,5,2016-10-09,2016_05_HOU_MIN,HOU,,,
2016,6,2016-10-16,2016_06_IND_HOU,HOU,,,
2016,7,2016-10-24,2016_07_HOU_DEN,HOU,-0.97143847,0.3538805785964876,1.3430319
2016,8,2016-10-30,2016_08_DET_HOU,HOU,-1.1779951,0.3618372823865248,1.1731602
2016,10,2016-11-13,2016_10_HOU_JAX,HOU,-0.99297196,0.3597386865379289,1.25
2016,11,2016-11-21,2016_11_HOU_OAK,HOU,-0.68260556,0.3713950856943281,1.5227274
2016,12,2016-11-27,2016_12_SD_HOU,HOU,-0.5807937,0.3394267068509493,1.534091
2016,13,2016-12-04,2016_13_HOU_GB,HOU,-0.43334052,0.358101312267979,1.5176768
2016,14,2016-12-11,2016_14_HOU_IND,HOU,-0.5657512,0.3766441751290236,1.3813132
2016,15,2016-12-18,2016_15_JAX_HOU,HOU,-0.30402955,0.3836433487948639,1.5896465
2016,16,2016-12-24,2016_16_CIN_HOU,HOU,-0.46260867,0.3785439508383231,1.5128065
2016,17,2017-01-01,2016_17_HOU_TEN,HOU,-0.49808016,0.3718485220840708,1.406746
2017,1,2017-09-10,2017_01_JAX_HOU,HOU,,,
2017,2,2017-09-14,2017_02_HOU_CIN,HOU,,,
2017,3,2017-09-24,2017_03_HOU_NE,HOU,,,
2017,4,2017-10-01,2017_04_TEN_HOU,HOU,,,
2017,5,2017-10-08,2017_05_KC_HOU,HOU,,,
2017,6,2017-10-15,2017_06_CLE_HOU,HOU,,,
2017,8,2017-10-29,2017_08_HOU_SEA,HOU,-0.12547506,0.3840214751947208,2.0138888
2017,9,2017-11-05,2017_09_IND_HOU,HOU,0.48900986,0.4006746902266953,2.3690476
2017,10,2017-11-12,2017_10_HOU_LA,HOU,0.478783,0.4102786279556329,2.304945
2017,11,2017-11-19,2017_11_ARI_HOU,HOU,0.050592396,0.3728411366719877,2.0485346
2017,12,2017-11-27,2017_12_HOU_BAL,HOU,-0.27964523,0.3390940133499657,1.7921246
2017,13,2017-12-03,2017_13_HOU_TEN,HOU,-0.40210864,0.3383778506546364,1.5421246
2017,14,2017-12-10,2017_14_SF_HOU,HOU,-0.29108778,0.355200856080583,1.4613165
2017,15,2017-12-17,2017_15_HOU_JAX,HOU,-0.5780758,0.3470865497519909,1.2311578
2017,16,2017-12-25,2017_16_PIT_HOU,HOU,-0.69293743,0.320680036291906,1.2119269
2017,17,2017-12-31,2017_17_HOU_IND,HOU,-0.70509285,0.3289596270714968,1.2221833
2018,1,2018-09-09,2018_01_HOU_NE,HOU,,,
2018,2,2018-09-16,2018_02_HOU_TEN,HOU,,,
2018,3,2018-09-23,2018_03_NYG_HOU,HOU,,,
2018,4,2018-09-30,2018_04_HOU_IND,HOU,,,
2018,5,2018-10-07,2018_05_DAL_HOU,HOU,,,
2018,6,2018-10-14,2018_06_BUF_HOU,HOU,,,
2018,7,2018-10-21,2018_07_HOU_JAX,HOU,-0.31891367,0.4061092680061978,1.6600428
2018,8,2018-10-25,2018_08_MIA_HOU,HOU,-0.31598195,0.3862625714928346,1.7155982
2018,9,2018-11-04,2018_09_HOU_DEN,HOU,-0.11045981,0.3850676861312825,2.0155983
2018,11,2018-11-18,2018_11_HOU_WAS,HOU,-0.13797942,0.393518864582461,1.9368105
2018,12,2018-11-26,2018_12_TEN_HOU,HOU,-0.3147998,0.3712036420369753,1.828477
2018,13,2018-12-02,2018_13_CLE_HOU,HOU,0.03351721,0.3850670934004268,2.0368104
2018,14,2018-12-09,2018_14_IND_HOU,HOU,0.38507125,0.398879669713003,2.205808
2018,15,2018-12-15,2018_15_HOU_NYJ,HOU,0.44783688,0.4142795962971402,2.246212
2018,16,2018-12-23,2018_16_HOU_PHI,HOU,0.29739025,0.4083743903919342,2.0656564
2018,17,2018-12-30,2018_17_JAX_HOU,HOU,0.38558802,0.4021131852670928,2.2323232
2019,1,2019-09-09,2019_01_HOU_NO,HOU,,,
2019,2,2019-09-15,2019_02_JAX_HOU,HOU,,,
2019,3,2019-09-22,2019_03_HOU_LAC,HOU,,,
2019,4,2019-09-29,2019_04_CAR_HOU,HOU,,,
2019,5,2019-10-06,2019_05_ATL_HOU,HOU,,,
2019,6,2019-10-13,2019_06_HOU_KC,HOU,,,
2019,7,2019-10-20,2019_07_HOU_IND,HOU,0.68345064,0.3994762498290424,2.492256
2019,8,2019-10-27,2019_08_OAK_HOU,HOU,0.41855204,0.4170461285100322,2.3222222
2019,9,2019-11-03,2019_09_HOU_JAX,HOU,0.7226732,0.4326297651463004,2.5343435
2019,11,2019-11-17,2019_11_HOU_BAL,HOU,0.7239719,0.4451414895330248,2.558586
2019,12,2019-11-21,2019_12_IND_HOU,HOU,0.59594244,0.4454164923080276,2.5363636
2019,13,2019-12-01,2019_13_NE_HOU,HOU,0.14550005,0.4317958350005016,2.1946127
2019,14,2019-12-08,2019_14_DEN_HOU,HOU,0.09940577,0.4036529539164441,2.1021886
2019,15,2019-12-15,2019_15_HOU_TEN,HOU,0.05943656,0.3822484325119227,2.11734
2019,16,2019-12-21,2019_16_HOU_TB,HOU,0.052119475,0.385484990832213,2.1082492
2019,17,2019-12-29,2019_17_TEN_HOU,HOU,-0.2683252,0.363999815954181,1.8772968
2020,1,2020-09-10,2020_01_HOU_KC,HOU,,,
2020,2,2020-09-20,2020_02_BAL_HOU,HOU,,,
2020,3,2020-09-27,2020_03_HOU_PIT,HOU,,,
2020,4,2020-10-04,2020_04_MIN_HOU,HOU,,,
2020,5,2020-10-11,2020_05_JAX_HOU,HOU,,,
2020,6,2020-10-18,2020_06_HOU_TEN,HOU,,,
2020,7,2020-10-25,2020_07_GB_HOU,HOU,0.4543456,0.3914171304367382,2.415825
2020,9,2020-11-08,2020_09_HOU_JAX,HOU,0.26861873,0.3779922065951477,2.3232324
2020,10,2020-11-15,2020_10_HOU_CLE,HOU,0.5955991,0.3968229745925824,2.4315655
2020,11,2020-11-22,2020_11_NE_HOU,HOU,0.4541677,0.4016076921898,2.227399
2020,12,2020-11-26,2020_12_HOU_DET,HOU,0.633737,0.3903361705016117,2.3440657
2020,13,2020-12-06,2020_13_IND_HOU,HOU,0.553384,0.3864800266454678,2.2927835
2020,14,2020-12-13,2020_14_HOU_CHI,HOU,0.20911695,0.3917621257109893,2.0503595
2020,15,2020-12-20,2020_15_HOU_IND,HOU,0.0619107,0.3867089020871916,1.8786422
2020,16,2020-12-27,2020_16_CIN_HOU,HOU,0.08393825,0.400030611242234,1.920309
2020,17,2021-01-03,2020_17_TEN_HOU,HOU,0.3608546,0.4065731270177043,2.2441723
2021,1,2021-09-12,2021_01_JAX_HOU,HOU,,,
2021,2,2021-09-19,2021_02_HOU_CLE,HOU,,,
2021,3,2021-09-23,2021_03_CAR_HOU,HOU,,,
2021,4,2021-10-03,2021_04_HOU_BUF,HOU,,,
2021,5,2021-10-10,2021_05_NE_HOU,HOU,,,
2021,6,2021-10-17,2021_06_HOU_IND,HOU,,,
2021,7,2021-10-24,2021_07_HOU_ARI,HOU,-0.8587337,0.3072543155427449,1.3748196
2021,8,2021-10-31,2021_08_LA_HOU,HOU,-1.3406922,0.2799357787003986,0.9760101
2021,9,2021-11-07,2021_09_HOU_MIA,HOU,-1.479743,0.2958468737781603,0.8691725
2021,11,2021-11-21,2021_11_HOU_TEN,HOU,-1.4825929,0.2899086174430786,0.8096487
2021,12,2021-11-28,2021_12_NYJ_HOU,HOU,-0.9652371,0.3002020277364889,1.1152042
2021,13,2021-12-05,2021_13_IND_HOU,HOU,-1.2333318,0.2895801398777589,0.9939921
2021,14,2021-12-12,2021_14_SEA_HOU,HOU,-1.4745935,0.2686787559081931,0.9485376
2021,15,2021-12-19,2021_15_HOU_JAX,HOU,-1.2488819,0.2969215008176047,1.1038406
2021,16,2021-12-26,2021_16_LAC_HOU,HOU,-1.0484495,0.3027134427937572,1.2763348
2021,17,2022-01-02,2021_17_HOU_SF,HOU,-0.53358275,0.3379560654838588,1.7525253
2021,18,2022-01-09,2021_18_TEN_HOU,HOU,-0.75809765,0.3507171084532351,1.5441918
2022,1,2022-09-11,2022_01_IND_HOU,HOU,,,
2022,2,2022-09-18,2022_02_HOU_DEN,HOU,,,
2022,3,2022-09-25,2022_03_HOU_CHI,HOU,,,
2022,4,2022-10-02,2022_04_LAC_HOU,HOU,,,
2022,5,2022-10-09,2022_05_HOU_JAX,HOU,,,
2022,7,2022-10-23,2022_07_HOU_LV,HOU,,,
2022,8,2022-10-30,2022_08_TEN_HOU,HOU,-0.33810237,0.3552028721415339,1.5978595
2022,9,2022-11-03,2022_09_PHI_HOU,HOU,-0.48700902,0.3286207114994994,1.4986533
2022,10,2022-11-13,2022_10_HOU_NYG,HOU,-0.4688541,0.3403216742105631,1.6771044
2022,11,2022-11-20,2022_11_WAS_HOU,HOU,-0.43658337,0.3384804598693487,1.6164984
2022,12,2022-11-27,2022_12_HOU_MIA,HOU,-0.64076537,0.3159310185699075,1.4346801
2022,13,2022-12-04,2022_13_CLE_HOU,HOU,-0.95461327,0.3116648911787801,1.4103212
2022,14,2022-12-11,2022_14_HOU_DAL,HOU,-1.306682,0.2942076350310478,1.1828079
2022,15,2022-12-18,2022_15_KC_HOU,HOU,-1.1264921,0.3164436166420294,1.3387909
2022,16,2022-12-24,2022_16_HOU_TEN,HOU,-1.0330783,0.2970095724122335,1.3316684
2022,17,2023-01-01,2022_17_JAX_HOU,HOU,-1.1397029,0.2792990422017032,1.3531331
2022,18,2023-01-08,2022_18_HOU_IND,HOU,-1.2702178,0.2866139495166106,1.2400794
2023,1,2023-09-10,2023_01_HOU_BAL,HOU,,,
2023,2,2023-09-17,2023_02_IND_HOU,HOU,,,
2023,3,2023-09-24,2023_03_HOU_JAX,HOU,,,
2023,4,2023-10-01,2023_04_PIT_HOU,HOU,,,
2023,5,2023-10-08,2023_05_HOU_ATL,HOU,,,
2023,6,2023-10-15,2023_06_NO_HOU,HOU,,,
2023,8,2023-10-29,2023_08_HOU_CAR,HOU,-0.024405664,0.3651085486112224,2.054293
2023,9,2023-11-05,2023_09_TB_HOU,HOU,0.21986629,0.3779097824650878,2.1700337
2023,10,2023-11-12,2023_10_HOU_CIN,HOU,0.443078,0.3819809427862481,2.3670032
2023,11,2023-11-19,2023_11_ARI_HOU,HOU,0.32913834,0.3729021007528607,2.1910126
2023,12,2023-11-26,2023_12_JAX_HOU,HOU,0.15919723,0.3699512597538913,2.0091946
2023,13,2023-12-03,2023_13_DEN_HOU,HOU,0.1895572,0.3885274646937326,2.0713158
2023,14,2023-12-10,2023_14_HOU_NYJ,HOU,0.09392319,0.3748890198052877,2.0755892
2023,15,2023-12-17,2023_15_HOU_TEN,HOU,-0.16491361,0.364280500644137,1.9117717
2023,16,2023-12-24,2023_16_CLE_HOU,HOU,-0.41394517,0.3761067086241911,1.6553613
2023,17,2023-12-31,2023_17_TEN_HOU,HOU,-0.6697652,0.3745795320970146,1.5527972
2023,18,2024-01-06,2023_18_HOU_IND,HOU,-0.5685012,0.3873919231291026,1.6049857
2024,1,2024-09-08,2024_01_HOU_IND,HOU,,,
2024,2,2024-09-15,2024_02_CHI_HOU,HOU,,,
2024,3,2024-09-22,2024_03_HOU_MIN,HOU,,,
2024,4,2024-09-29,2024_04_JAX_HOU,HOU,,,
2024,5,2024-10-06,2024_05_BUF_HOU,HOU,,,
2024,6,2024-10-13,2024_06_HOU_NE,HOU,,,
2024,7,2024-10-20,2024_07_HOU_GB,HOU,0.03295006,0.4138091090077339,2.0159507
2024,8,2024-10-27,2024_08_IND_HOU,HOU,-0.12726253,0.4109293117897014,1.8381729
2024,9,2024-10-31,2024_09_HOU_NYJ,HOU,-0.08385155,0.4211579720183616,1.889455
2024,10,2024-11-10,2024_10_DET_HOU,HOU,0.27579755,0.4253791434988914,2.000061
2024,11,2024-11-18,2024_11_HOU_DAL,HOU,-0.0006785281,0.4185012066209545,1.8738705
2024,12,2024-11-24,2024_12_TEN_HOU,HOU,0.16323264,0.414155972730266,2.0032413
2024,13,2024-12-01,2024_13_HOU_JAX,HOU,-0.04265168,0.4130410823296613,1.7651459
2024,15,2024-12-15,2024_15_MIA_HOU,HOU,0.017972203,0.4064934632820423,1.8080753
2024,16,2024-12-21,2024_16_HOU_KC,HOU,-0.072631404,0.4068236886122676,1.8162338
2024,17,2024-12-25,2024_17_BAL_HOU,HOU,-0.011610463,0.4186113913476828,1.9514189
2024,18,2025-01-05,2024_18_HOU_TEN,HOU,-0.17385392,0.4126557308465677,1.6776094
2016,1,2016-09-11,2016_01_DET_IND,IND,,,
2016,2,2016-09-18,2016_02_IND_DEN,IND,,,
2016,3,2016-09-25,2016_03_SD_IND,IND,,,
2016,4,2016-10-02,2016_04_IND_JAX,IND,,,
2016,5,2016-10-09,2016_05_CHI_IND,IND,,,
2016,6,2016-10-16,2016_06_IND_HOU,IND,,,
2016,7,2016-10-23,2016_07_IND_TEN,IND,0.48511994,0.3965486421178207,2.3371212
2016,8,2016-10-30,2016_08_KC_IND,IND,0.4319121,0.4186864196700368,2.195707
2016,9,2016-11-06,2016_09_IND_GB,IND,0.36938632,0.4201051195536489,2.0974166
2016,11,2016-11-20,2016_11_TEN_IND,IND,0.5814648,0.43142653234565,2.1668608
2016,12,2016-11-24,2016_12_PIT_IND,IND,0.45935562,0.4114631203367834,2.1214063
2016,13,2016-12-05,2016_13_IND_NYJ,IND,0.08789045,0.3986498019679095,1.811642
2016,14,2016-12-11,2016_14_HOU_IND,IND,0.30599013,0.4004001735099476,2.061642
2016,15,2016-12-18,2016_15_IND_MIN,IND,-0.057929117,0.3668878277649816,1.930329
2016,16,2016-12-24,2016_16_IND_OAK,IND,0.40053698,0.3822172858885573,2.3175085
2016,17,2017-01-01,2016_17_JAX_IND,IND,0.29618266,0.3750126317587696,2.2657406
2017,1,2017-09-10,2017_01_IND_LA,IND,,,
2017,2,2017-09-17,2017_02_ARI_IND,IND,,,
2017,3,2017-09-24,2017_03_CLE_IND,IND,,,
2017,4,2017-10-01,2017_04_IND_SEA,IND,,,
2017,5,2017-10-08,2017_05_SF_IND,IND,,,
2017,6,2017-10-16,2017_06_IND_TEN,IND,,,
2017,7,2017-10-22,2017_07_JAX_IND,IND,-0.57191885,0.3168730400192249,1.409091
2017,8,2017-10-29,2017_08_IND_CIN,IND,-0.5563355,0.3328590910052759,1.309091
2017,9,2017-11-05,2017_09_IND_HOU,IND,-0.482515,0.3315415610693249,1.4618686
2017,10,2017-11-12,2017_10_PIT_IND,IND,-0.5257671,0.3432711729477464,1.395202
2017,12,2017-11-26,2017_12_TEN_IND,IND,-0.37396812,0.3508053440235841,1.3909286
2017,13,2017-12-03,2017_13_IND_JAX,IND,-0.6235425,0.3409214312211192,1.3242618
2017,14,2017-12-10,2017_14_IND_BUF,IND,-0.7168517,0.3558207855144129,1.2670227
2017,15,2017-12-14,2017_15_DEN_IND,IND,-0.65615076,0.345547416907711,1.3642449
2017,16,2017-12-23,2017_16_IND_BAL,IND,-0.6606576,0.3363815827418768,1.2855413
2017,17,2017-12-31,2017_17_HOU_IND,IND,-0.6217794,0.3397550996570604,1.3040599
2018,1,2018-09-09,2018_01_CIN_IND,IND,,,
2018,2,2018-09-16,2018_02_IND_WAS,IND,,,
2018,3,2018-09-23,2018_03_IND_PHI,IND,,,
2018,4,2018-09-30,2018_04_HOU_IND,IND,,,
2018,5,2018-10-04,2018_05_IND_NE,IND,,,
2018,6,2018-10-14,2018_06_IND_NYJ,IND,,,
2018,7,2018-10-21,2018_07_BUF_IND,IND,-0.37898943,0.356889457508887,1.9803323
2018,8,2018-10-28,2018_08_IND_OAK,IND,-0.1097587,0.3657655719247742,2.1457362
2018,10,2018-11-11,2018_10_JAX_IND,IND,0.3602735,0.4145045910628302,2.6318471
2018,11,2018-11-18,2018_11_TEN_IND,IND,0.643984,0.4123373559410496,2.8288171
2018,12,2018-11-25,2018_12_MIA_IND,IND,1.0177106,0.4564532994565029,3.1079836
2018,13,2018-12-02,2018_13_IND_JAX,IND,1.0794815,0.4584679514711549,3.1752913
2018,14,2018-12-09,2018_14_IND_HOU,IND,0.81680584,0.4456747261779296,2.739394
2018,15,2018-12-16,2018_15_DAL_IND,IND,0.725074,0.4440275500515868,2.5588384
2018,16,2018-12-23,2018_16_NYG_IND,IND,0.39073852,0.4237601364684697,2.2602272
2018,17,2018-12-30,2018_17_IND_TEN,IND,0.45706892,0.4362499614582947,2.2875001
2019,1,2019-09-08,2019_01_IND_LAC,IND,,,
2019,2,2019-09-15,2019_02_IND_TEN,IND,,,
2019,3,2019-09-22,2019_03_ATL_IND,IND,,,
2019,4,2019-09-29,2019_04_OAK_IND,IND,,,
2019,5,2019-10-06,2019_05_IND_KC,IND,,,
2019,7,2019-10-20,2019_07_HOU_IND,IND,,,
2019,8,2019-10-27,2019_08_DEN_IND,IND,0.6919379,0.4049870892083347,2.3900793
2019,9,2019-11-03,2019_09_IND_PIT,IND,0.337561,0.4035752506232935,2.1729076
2019,10,2019-11-10,2019_10_MIA_IND,IND,0.21446383,0.4137014601980325,2.2423522
2019,11,2019-11-17,2019_11_JAX_IND,IND,-0.58388335,0.3659989738481641,1.7533411
2019,12,2019-11-21,2019_12_IND_HOU,IND,-0.30788,0.3830624659116561,1.8897047
2019,13,2019-12-01,2019_13_TEN_IND,IND,-0.39592186,0.3711681565173467,1.8878528
2019,14,2019-12-08,2019_14_IND_TB,IND,-0.73017806,0.3783921562767716,1.7169127
2019,15,2019-12-16,2019_15_IND_NO,IND,-0.6342129,0.3562994341840495,1.8614348
2019,16,2019-12-22,2019_16_CAR_IND,IND,-0.7834962,0.3355367477963631,1.6739348
2019,17,2019-12-29,2019_17_IND_JAX,IND,-0.30219784,0.3825011243936069,1.914028
2020,1,2020-09-13,2020_01_IND_JAX,IND,,,
2020,2,2020-09-20,2020_02_MIN_IND,IND,,,
2020,3,2020-09-27,2020_03_NYJ_IND,IND,,,
2020,4,2020-10-04,2020_04_IND_CHI,IND,,,
2020,5,2020-10-11,2020_05_IND_CLE,IND,,,
2020,6,2020-10-18,2020_06_CIN_IND,IND,,,
2020,8,2020-11-01,2020_08_IND_DET,IND,0.3952076,0.4327629060520475,2.2153199
2020,9,2020-11-08,2020_09_BAL_IND,IND,0.4761661,0.4260884590998228,2.3310606
2020,10,2020-11-12,2020_10_IND_TEN,IND,0.09573505,0.3922672340285976,2.036616
2020,11,2020-11-22,2020_11_GB_IND,IND,0.34506813,0.409195945748976,2.2495792
2020,12,2020-11-29,2020_12_TEN_IND,IND,0.257596,0.4167875604834479,2.3664622
2020,13,2020-12-06,2020_13_IND_HOU,IND,0.23429966,0.3949930670980454,2.3790886
2020,14,2020-12-13,2020_14_IND_LV,IND,0.15110847,0.3950509146937718,2.242725
2020,15,2020-12-20,2020_15_HOU_IND,IND,0.39796555,0.4038384003562574,2.3899472
2020,16,2020-12-27,2020_16_IND_PIT,IND,1.0325836,0.4221538233591805,2.8135583
2020,17,2021-01-03,2020_17_JAX_IND,IND,0.7318178,0.3944852727739632,2.628373
2021,1,2021-09-12,2021_01_SEA_IND,IND,,,
2021,2,2021-09-19,2021_02_LA_IND,IND,,,
2021,3,2021-09-26,2021_03_IND_TEN,IND,,,
2021,4,2021-10-03,2021_04_IND_MIA,IND,,,
2021,5,2021-10-11,2021_05_IND_BAL,IND,,,
2021,6,2021-10-17,2021_06_HOU_IND,IND,,,
2021,7,2021-10-24,2021_07_IND_SF,IND,0.5812033,0.4239393454272508,2.1478114
2021,8,2021-10-31,2021_08_TEN_IND,IND,0.6787951,0.4153334392251906,2.2900026
2021,9,2021-11-04,2021_09_NYJ_IND,IND,0.64200133,0.4258987997905513,2.4147112
2021,10,2021-11-14,2021_10_JAX_IND,IND,1.0829121,0.449965467710223,2.8002331
2021,11,2021-11-21,2021_11_IND_BUF,IND,0.7257316,0.4387523289970842,2.5681818
2021,12,2021-11-28,2021_12_TB_IND,IND,0.8400574,0.4613408479581523,2.9107742
2021,13,2021-12-05,2021_13_IND_HOU,IND,0.67297846,0.4610660946530959,2.8716328
2021,15,2021-12-18,2021_15_NE_IND,IND,0.724222,0.4756313963978849,2.917573
2021,16,2021-12-25,2021_16_IND_ARI,IND,0.7300281,0.4680315887980772,2.838319
2021,17,2022-01-02,2021_17_LV_IND,IND,0.27292353,0.4390757971150128,2.489834
2021,18,2022-01-09,2021_18_IND_JAX,IND,0.32303652,0.4343413098641857,2.6052186
2022,1,2022-09-11,2022_01_IND_HOU,IND,,,
2022,2,2022-09-18,2022_02_IND_JAX,IND,,,
2022,3,2022-09-25,2022_03_KC_IND,IND,,,
2022,4,2022-10-02,2022_04_TEN_IND,IND,,,
2022,5,2022-10-06,2022_05_IND_DEN,IND,,,
2022,6,2022-10-16,2022_06_JAX_IND,IND,,,
2022,7,2022-10-23,2022_07_IND_TEN,IND,-0.43322587,0.3608062546679485,1.5947682
2022,8,2022-10-30,2022_08_WAS_IND,IND,-0.69282836,0.349689575762808,1.5050246
2022,9,2022-11-06,2022_09_IND_NE,IND,-0.43379495,0.3731583908982898,1.7272469
2022,10,2022-11-13,2022_10_IND_LV,IND,-0.9219735,0.338847289541734,1.4575499
2022,11,2022-11-20,2022_11_PHI_IND,IND,-0.6974575,0.350835301529746,1.521523
2022,12,2022-11-28,2022_12_PIT_IND,IND,-0.72737336,0.3470242556732455,1.6101011
2022,13,2022-12-04,2022_13_IND_DAL,IND,-1.0595689,0.347590900962113,1.3267677
2022,15,2022-12-17,2022_15_IND_MIN,IND,-1.0486094,0.3353505133540784,1.3862915
2022,16,2022-12-26,2022_16_LAC_IND,IND,-1.0949612,0.3472883440419091,1.3862915
2022,17,2023-01-01,2022_17_IND_NYG,IND,-1.0963732,0.3701454868990519,1.4029583
2022,18,2023-01-08,2022_18_HOU_IND,IND,-1.4075352,0.3588957284270713,1.2093555
2023,1,2023-09-10,2023_01_JAX_IND,IND,,,
2023,2,2023-09-17,2023_02_IND_HOU,IND,,,
2023,3,2023-09-24,2023_03_IND_BAL,IND,,,
2023,4,2023-10-01,2023_04_LA_IND,IND,,,
2023,5,2023-10-08,2023_05_TEN_IND,IND,,,
2023,6,2023-10-15,2023_06_IND_JAX,IND,,,
2023,7,2023-10-22,2023_07_CLE_IND,IND,-0.1826765,0.3432172429966547,1.9675213
2023,8,2023-10-29,2023_08_NO_IND,IND,0.067087665,0.3576113327032444,2.196688
2023,9,2023-11-05,2023_09_IND_CAR,IND,-0.05850893,0.3381944455780241,2.0550213
2023,10,2023-11-12,2023_10_IND_NE,IND,0.0123938685,0.3542083322595243,2.0531275
2023,12,2023-11-26,2023_12_TB_IND,IND,0.023040446,0.3587988806000726,1.9003496
2023,13,2023-12-03,2023_13_IND_TEN,IND,-0.23131402,0.3703443243188118,1.830274
2023,14,2023-12-10,2023_14_IND_CIN,IND,-0.029601477,0.3799441782463968,1.8714827
2023,15,2023-12-16,2023_15_PIT_IND,IND,-0.08366793,0.3898374678271865,1.5968615
2023,16,2023-12-24,2023_16_IND_ATL,IND,-0.20317076,0.4172930754911274,1.6764069
2023,17,2023-12-31,2023_17_LV_IND,IND,-0.39117518,0.3863106109859357,1.6006494
2023,18,2024-01-06,2023_18_HOU_IND,IND,-0.21165836,0.3895116691869938,1.817316
2024,1,2024-09-08,2024_01_HOU_IND,IND,,,
2024,2,2024-09-15,2024_02_IND_GB,IND,,,
2024,3,2024-09-22,2024_03_CHI_IND,IND,,,
2024,4,2024-09-29,2024_04_PIT_IND,IND,,,
2024,5,2024-10-06,2024_05_IND_JAX,IND,,,
2024,6,2024-10-13,2024_06_IND_TEN,IND,,,
2024,7,2024-10-20,2024_07_MIA_IND,IND,0.13462967,0.4261157013274851,2.136655
2024,8,2024-10-27,2024_08_IND_HOU,IND,-0.12898023,0.385768916108905,1.8417832
2024,9,2024-11-03,2024_09_IND_MIN,IND,-0.052710935,0.3542799207737559,1.9315268
2024,10,2024-11-10,2024_10_BUF_IND,IND,-0.22021891,0.3526406929981645,1.7459208
2024,11,2024-11-17,2024_11_IND_NYJ,IND,-0.45020786,0.3586619444739614,1.6398602
2024,12,2024-11-24,2024_12_DET_IND,IND,-0.6013816,0.3480297831754708,1.5928516
2024,13,2024-12-01,2024_13_IND_NE,IND,-0.83299094,0.3423607762564639,1.3595182
2024,15,2024-12-15,2024_15_IND_DEN,IND,-0.5115767,0.3638122592464084,1.617353
2024,16,2024-12-22,2024_16_TEN_IND,IND,-0.86563486,0.3690314133117163,1.5053872
2024,17,2024-12-29,2024_17_IND_NYG,IND,-0.42856383,0.4000672861089527,1.8865061
2024,18,2025-01-05,2024_18_JAX_IND,IND,-0.13084443,0.4173184184642518,2.041809
2016,1,2016-09-11,2016_01_GB_JAX,JAX,,,
2016,2,2016-09-18,2016_02_JAX_SD,JAX,,,
2016,3,2016-09-25,2016_03_BAL_JAX,JAX,,,
2016,4,2016-10-02,2016_04_IND_JAX,JAX,,,
2016,6,2016-10-16,2016_06_JAX_CHI,JAX,,,
2016,7,2016-10-23,2016_07_OAK_JAX,JAX,,,
2016,8,2016-10-27,2016_08_JAX_TEN,JAX,-0.11216676,0.3862396207457396,1.6707264
2016,9,2016-11-06,2016_09_JAX_KC,JAX,-0.1271282,0.3711380093941283,1.6540599
2016,10,2016-11-13,2016_10_HOU_JAX,JAX,-0.17050152,0.3738695756673612,1.6540599
2016,11,2016-11-20,2016_11_JAX_DET,JAX,-0.1365054,0.3794356975796369,1.786111
2016,12,2016-11-27,2016_12_JAX_BUF,JAX,-0.49875674,0.3513031038626277,1.5956349
2016,13,2016-12-04,2016_13_DEN_JAX,JAX,-0.50809073,0.3456090399299273,1.6777056
2016,14,2016-12-11,2016_14_MIN_JAX,JAX,-0.7053592,0.332277324668065,1.5596501
2016,15,2016-12-18,2016_15_JAX_HOU,JAX,-0.8531324,0.3175469624377028,1.45965
2016,16,2016-12-24,2016_16_TEN_JAX,JAX,-0.7588508,0.3058257746748484,1.5033008
2016,17,2017-01-01,2016_17_JAX_IND,JAX,-0.47611907,0.3103841792332529,1.5635573
2017,1,2017-09-10,2017_01_JAX_HOU,JAX,,,
2017,2,2017-09-17,2017_02_TEN_JAX,JAX,,,
2017,3,2017-09-24,2017_03_BAL_JAX,JAX,,,
2017,4,2017-10-01,2017_04_JAX_NYJ,JAX,,,
2017,5,2017-10-08,2017_05_JAX_PIT,JAX,,,
2017,6,2017-10-15,2017_06_LA_JAX,JAX,,,
2017,7,2017-10-22,2017_07_JAX_IND,JAX,-0.29736915,0.3614870570377563,1.7339077
2017,9,2017-11-05,2017_09_CIN_JAX,JAX,0.0047795973,0.3796432064439057,1.8235542
2017,10,2017-11-12,2017_10_LAC_JAX,JAX,0.36763418,0.4050368620774603,1.8959447
2017,11,2017-11-19,2017_11_JAX_CLE,JAX,-0.019191572,0.3812532006241156,1.5279207
2017,12,2017-11-26,2017_12_JAX_ARI,JAX,-0.030482432,0.3564785366307016,1.5077819
2017,13,2017-12-03,2017_13_IND_JAX,JAX,-0.18183689,0.3698624906396556,1.4452819
2017,14,2017-12-10,2017_14_SEA_JAX,JAX,0.31353447,0.378274988635487,1.7984563
2017,15,2017-12-17,2017_15_HOU_JAX,JAX,0.09680455,0.3602718277751832,1.7465082
2017,16,2017-12-24,2017_16_JAX_SF,JAX,0.19493139,0.3443202272005668,1.9674077
2017,17,2017-12-31,2017_17_JAX_TEN,JAX,0.2799667,0.3600943767982458,2.1687653
2018,1,2018-09-09,2018_01_JAX_NYG,JAX,,,
2018,2,2018-09-16,2018_02_NE_JAX,JAX,,,
2018,3,2018-09-23,2018_03_TEN_JAX,JAX,,,
2018,4,2018-09-30,2018_04_NYJ_JAX,JAX,,,
2018,5,2018-10-07,2018_05_JAX_KC,JAX,,,
2018,6,2018-10-14,2018_06_JAX_DAL,JAX,,,
2018,7,2018-10-21,2018_07_HOU_JAX,JAX,-0.70040673,0.3361020085768254,1.3907342
2018,8,2018-10-28,2018_08_PHI_JAX,JAX,-0.9206915,0.3444822526713553,1.3301282
2018,10,2018-11-11,2018_10_JAX_IND,JAX,-1.0001194,0.3279020735911761,1.1604313
2018,11,2018-11-18,2018_11_PIT_JAX,JAX,-0.6489906,0.3538601189571162,1.5028554
2018,12,2018-11-25,2018_12_JAX_BUF,JAX,-0.7994077,0.3400966863830825,1.3088384
2018,13,2018-12-02,2018_13_IND_JAX,JAX,-0.627545,0.3494848291045585,1.4060606
2018,14,2018-12-06,2018_14_JAX_TEN,JAX,-0.5089117,0.3549453688454013,1.3997475
2018,15,2018-12-16,2018_15_WAS_JAX,JAX,-0.4006152,0.34990850755854,1.4300505
2018,16,2018-12-23,2018_16_JAX_MIA,JAX,-0.6372987,0.3643981382981708,1.236111
2018,17,2018-12-30,2018_17_JAX_HOU,JAX,-0.97555715,0.3556528843495676,0.96944445
2019,1,2019-09-08,2019_01_KC_JAX,JAX,,,
2019,2,2019-09-15,2019_02_JAX_HOU,JAX,,,
2019,3,2019-09-19,2019_03_TEN_JAX,JAX,,,
2019,4,2019-09-29,2019_04_JAX_DEN,JAX,,,
2019,5,2019-10-06,2019_05_JAX_CAR,JAX,,,
2019,6,2019-10-13,2019_06_NO_JAX,JAX,,,
2019,7,2019-10-20,2019_07_JAX_CIN,JAX,-0.1283548,0.3618115052936481,1.6936508
2019,8,2019-10-27,2019_08_NYJ_JAX,JAX,-0.23487902,0.3706741968349111,1.5103174
2019,9,2019-11-03,2019_09_HOU_JAX,JAX,-0.07127496,0.3643908197182006,1.7130953
2019,11,2019-11-17,2019_11_JAX_IND,JAX,-0.36505744,0.348009747087128,1.4769841
2019,12,2019-11-24,2019_12_JAX_TEN,JAX,-0.6226039,0.3331350384624194,1.2964286
2019,13,2019-12-01,2019_13_TB_JAX,JAX,-0.6449252,0.3279486326063707,1.2527778
2019,14,2019-12-08,2019_14_LAC_JAX,JAX,-0.8317829,0.3211873691784406,1.3055556
2019,15,2019-12-15,2019_15_JAX_OAK,JAX,-0.9673829,0.2945919936544937,1.2222222
2019,16,2019-12-22,2019_16_JAX_ATL,JAX,-0.84113073,0.3174278255181033,1.1898148
2019,17,2019-12-29,2019_17_IND_JAX,JAX,-0.70046335,0.3182436132657092,1.3299664
2020,1,2020-09-13,2020_01_IND_JAX,JAX,,,
2020,2,2020-09-20,2020_02_JAX_TEN,JAX,,,
2020,3,2020-09-24,2020_03_MIA_JAX,JAX,,,
2020,4,2020-10-04,2020_04_JAX_CIN,JAX,,,
2020,5,2020-10-11,2020_05_JAX_HOU,JAX,,,
2020,6,2020-10-18,2020_06_DET_JAX,JAX,,,
2020,7,2020-10-25,2020_07_JAX_LAC,JAX,0.10213557,0.3914366668767292,2.1146464
2020,9,2020-11-08,2020_09_HOU_JAX,JAX,-0.26109478,0.3769048098448722,1.9595183
2020,10,2020-11-15,2020_10_JAX_GB,JAX,-0.518443,0.3690466050503929,1.7511849
2020,11,2020-11-22,2020_11_PIT_JAX,JAX,-0.48054826,0.3706367456789951,1.7140055
2020,12,2020-11-29,2020_12_CLE_JAX,JAX,-0.9245265,0.3501193695366189,1.3390055
2020,13,2020-12-06,2020_13_JAX_MIN,JAX,-0.5757388,0.3585095416073465,1.568635
2020,14,2020-12-13,2020_14_TEN_JAX,JAX,-0.5379645,0.3842162619352791,1.5262108
2020,15,2020-12-20,2020_15_JAX_BAL,JAX,-0.48149654,0.3819445857999665,1.3828541
2020,16,2020-12-27,2020_16_CHI_JAX,JAX,-0.6495363,0.3560828189659775,1.2948912
2020,17,2021-01-03,2020_17_JAX_IND,JAX,-0.65293163,0.3478815117262087,1.3729798
2021,1,2021-09-12,2021_01_JAX_HOU,JAX,,,
2021,2,2021-09-19,2021_02_DEN_JAX,JAX,,,
2021,3,2021-09-26,2021_03_ARI_JAX,JAX,,,
2021,4,2021-09-30,2021_04_JAX_CIN,JAX,,,
2021,5,2021-10-10,2021_05_TEN_JAX,JAX,,,
2021,6,2021-10-17,2021_06_MIA_JAX,JAX,,,
2021,8,2021-10-31,2021_08_JAX_SEA,JAX,-0.2073405,0.4009909084422071,1.6952921
2021,9,2021-11-07,2021_09_BUF_JAX,JAX,-0.33696505,0.4050045269396873,1.5513529
2021,10,2021-11-14,2021_10_JAX_IND,JAX,-0.43784598,0.3888033669885273,1.484686
2021,11,2021-11-21,2021_11_SF_JAX,JAX,-0.44516468,0.3831284863136466,1.5478729
2021,12,2021-11-28,2021_12_ATL_JAX,JAX,-0.7855258,0.3607867961410742,1.3484682
2021,13,2021-12-05,2021_13_JAX_LA,JAX,-0.7353434,0.3567831398646906,1.2939228
2021,14,2021-12-12,2021_14_JAX_TEN,JAX,-1.0374621,0.3414542557858066,1.0514985
2021,15,2021-12-19,2021_15_HOU_JAX,JAX,-1.201025,0.3186672314613491,0.9454379
2021,16,2021-12-26,2021_16_JAX_NYJ,JAX,-1.1444764,0.3126001041442218,1.0378622
2021,17,2022-01-02,2021_17_JAX_NE,JAX,-0.75479907,0.3313670624945135,1.2088023
2021,18,2022-01-09,2021_18_IND_JAX,JAX,-0.91791016,0.3215356248689582,1.1373738
2022,1,2022-09-11,2022_01_JAX_WAS,JAX,,,
2022,2,2022-09-18,2022_02_IND_JAX,JAX,,,
2022,3,2022-09-25,2022_03_JAX_LAC,JAX,,,
2022,4,2022-10-02,2022_04_JAX_PHI,JAX,,,
2022,5,2022-10-09,2022_05_HOU_JAX,JAX,,,
2022,6,2022-10-16,2022_06_JAX_IND,JAX,,,
2022,7,2022-10-23,2022_07_NYG_JAX,JAX,0.26318905,0.3865909514249532,2.0310607
2022,8,2022-10-30,2022_08_DEN_JAX,JAX,0.31786603,0.3763216939334735,2.012542
2022,9,2022-11-06,2022_09_LV_JAX,JAX,0.1792277,0.4027565929619554,1.9064814
2022,10,2022-11-13,2022_10_JAX_KC,JAX,0.029338589,0.407587641543004,1.7398148
2022,12,2022-11-27,2022_12_BAL_JAX,JAX,0.15302664,0.4172363160491346,1.7890573
2022,13,2022-12-04,2022_13_JAX_DET,JAX,0.3732675,0.4148505536633722,2.1132996
2022,14,2022-12-11,2022_14_JAX_TEN,JAX,0.03039498,0.386566536943683,1.9225589
2022,15,2022-12-18,2022_15_DAL_JAX,JAX,0.09771877,0.3920363409837485,2.107744
2022,16,2022-12-22,2022_16_JAX_NYJ,JAX,0.24415047,0.4015867183148744,2.2549303
2022,17,2023-01-01,2022_17_JAX_HOU,JAX,0.19867535,0.3797523027304588,2.1625059
2022,18,2023-01-07,2022_18_TEN_JAX,JAX,0.24808006,0.3852977319600986,2.2254431
2023,1,2023-09-10,2023_01_JAX_IND,JAX,,,
2023,2,2023-09-17,2023_02_KC_JAX,JAX,,,
2023,3,2023-09-24,2023_03_HOU_JAX,JAX,,,
2023,4,2023-10-01,2023_04_ATL_JAX,JAX,,,
2023,5,2023-10-08,2023_05_JAX_BUF,JAX,,,
2023,6,2023-10-15,2023_06_IND_JAX,JAX,,,
2023,7,2023-10-19,2023_07_JAX_NO,JAX,-0.12412259,0.399685305575457,1.783658
2023,8,2023-10-29,2023_08_JAX_PIT,JAX,0.054562595,0.3904743930312112,1.7597264
2023,10,2023-11-12,2023_10_SF_JAX,JAX,0.17213237,0.4091844708321981,1.926393
2023,11,2023-11-19,2023_11_TEN_JAX,JAX,-0.012283991,0.3827583044060317,1.7188172
2023,12,2023-11-26,2023_12_JAX_HOU,JAX,0.36071512,0.3942149827819019,2.090871
2023,13,2023-12-04,2023_13_CIN_JAX,JAX,0.22936535,0.3828634870554062,2.1072853
2023,14,2023-12-10,2023_14_JAX_CLE,JAX,0.25362656,0.3897524314443506,2.0973647
2023,15,2023-12-17,2023_15_BAL_JAX,JAX,0.14809999,0.378951059613567,2.0415578
2023,16,2023-12-24,2023_16_JAX_TB,JAX,-0.13538478,0.3529689987451425,1.8551941
2023,17,2023-12-31,2023_17_CAR_JAX,JAX,-0.023877835,0.3756704176965615,2.005194
2023,18,2024-01-07,2023_18_JAX_TEN,JAX,-0.44733772,0.3535321650027532,1.769504
2024,1,2024-09-08,2024_01_JAX_MIA,JAX,,,
2024,2,2024-09-15,2024_02_CLE_JAX,JAX,,,
2024,3,2024-09-23,2024_03_JAX_BUF,JAX,,,
2024,4,2024-09-29,2024_04_JAX_HOU,JAX,,,
2024,5,2024-10-06,2024_05_IND_JAX,JAX,,,
2024,6,2024-10-13,2024_06_JAX_CHI,JAX,,,
2024,7,2024-10-20,2024_07_NE_JAX,JAX,0.055256944,0.4308182132715977,1.6992425
2024,8,2024-10-27,2024_08_GB_JAX,JAX,0.41061333,0.4646899391887782,1.9231482
2024,9,2024-11-03,2024_09_JAX_PHI,JAX,0.5146877,0.4719198874358833,2.0526354
2024,10,2024-11-10,2024_10_MIN_JAX,JAX,0.69129974,0.4704922396479414,2.1220796
2024,11,2024-11-17,2024_11_JAX_DET,JAX,0.39612508,0.4641667826974844,1.9609686
2024,13,2024-12-01,2024_13_HOU_JAX,JAX,-0.091792636,0.4334831915972266,1.5581908
2024,14,2024-12-08,2024_14_JAX_TEN,JAX,-0.09741118,0.4261999619842757,1.6248575
2024,15,2024-12-15,2024_15_NYJ_JAX,JAX,-0.44082615,0.3808947270957075,1.3285613
2024,16,2024-12-22,2024_16_JAX_LV,JAX,-0.28127435,0.4002344537271007,1.3990741
2024,17,2024-12-29,2024_17_TEN_JAX,JAX,-0.47565472,0.3940911757088228,1.3574075
2024,18,2025-01-05,2024_18_JAX_IND,JAX,-0.10509776,0.3956442060118531,1.6574074
2016,1,2016-09-11,2016_01_SD_KC,KC,,,
2016,2,2016-09-18,2016_02_KC_HOU,KC,,,
2016,3,2016-09-25,2016_03_NYJ_KC,KC,,,
2016,4,2016-10-02,2016_04_KC_PIT,KC,,,
2016,6,2016-10-16,2016_06_KC_OAK,KC,,,
2016,7,2016-10-23,2016_07_NO_KC,KC,,,
2016,8,2016-10-30,2016_08_KC_IND,KC,-0.088166505,0.4254249271683482,1.7566239
2016,9,2016-11-06,2016_09_JAX_KC,KC,-0.12005218,0.4102130616359699,1.682906
2016,10,2016-11-13,2016_10_KC_CAR,KC,0.053813994,0.4091635820150616,1.7552503
2016,11,2016-11-20,2016_11_TB_KC,KC,0.14003105,0.4138128889370958,1.8007048
2016,12,2016-11-27,2016_12_KC_DEN,KC,0.3634,0.4250559851034377,1.8895937
2016,13,2016-12-04,2016_13_KC_ATL,KC,0.33182305,0.4142617330591855,1.7673715
2016,14,2016-12-08,2016_14_OAK_KC,KC,0.31053987,0.4175596953849257,1.8062605
2016,15,2016-12-18,2016_15_TEN_KC,KC,0.07838383,0.4098619088409853,1.6139526
2016,16,2016-12-25,2016_16_DEN_KC,KC,0.082212515,0.4241227141732192,1.6238734
2016,17,2017-01-01,2016_17_KC_SD,KC,0.19078244,0.4116609205925445,1.8046093
2017,1,2017-09-07,2017_01_KC_NE,KC,,,
2017,2,2017-09-17,2017_02_PHI_KC,KC,,,
2017,3,2017-09-24,2017_03_KC_LAC,KC,,,
2017,4,2017-10-02,2017_04_WAS_KC,KC,,,
2017,5,2017-10-08,2017_05_KC_HOU,KC,,,
2017,6,2017-10-15,2017_06_PIT_KC,KC,,,
2017,7,2017-10-19,2017_07_KC_OAK,KC,0.8760622,0.4443644006306344,2.4348485
2017,8,2017-10-30,2017_08_DEN_KC,KC,1.0578316,0.44804837465191,2.490404
2017,9,2017-11-05,2017_09_KC_DAL,KC,0.86120605,0.4477946468981822,2.3368685
2017,11,2017-11-19,2017_11_KC_NYG,KC,0.81219095,0.4356608085143438,2.220202
2017,12,2017-11-26,2017_12_BUF_KC,KC,0.48022366,0.4271614837650191,1.9618686
2017,13,2017-12-03,2017_13_KC_NYJ,KC,-0.077423505,0.3942210429574455,1.5446192
2017,14,2017-12-10,2017_14_OAK_KC,KC,0.28981778,0.4251796003932755,1.8643161
2017,15,2017-12-16,2017_15_LAC_KC,KC,-0.097519375,0.3975587614162275,1.642094
2017,16,2017-12-24,2017_16_MIA_KC,KC,0.14728709,0.4066087147308867,1.8865385
2017,17,2017-12-31,2017_17_KC_DEN,KC,0.18446879,0.3973896846027656,2.042599
2018,1,2018-09-09,2018_01_KC_LAC,KC,,,
2018,2,2018-09-16,2018_02_KC_PIT,KC,,,
2018,3,2018-09-23,2018_03_SF_KC,KC,,,
2018,4,2018-10-01,2018_04_KC_DEN,KC,,,
2018,5,2018-10-07,2018_05_JAX_KC,KC,,,
2018,6,2018-10-14,2018_06_KC_NE,KC,,,
2018,7,2018-10-21,2018_07_CIN_KC,KC,1.7107224,0.4510296689842143,3.0952346
2018,8,2018-10-28,2018_08_DEN_KC,KC,1.8015548,0.4662115241660696,3.30079
2018,9,2018-11-04,2018_09_KC_CLE,KC,1.5322717,0.4478394833981955,3.1341236
2018,10,2018-11-11,2018_10_ARI_KC,KC,1.5118151,0.4530004746702978,3.1156046
2018,11,2018-11-19,2018_11_KC_LA,KC,1.4063691,0.4574686958430645,3.0595443
2018,13,2018-12-02,2018_13_KC_OAK,KC,1.4281241,0.4896713311706998,3.220602
2018,14,2018-12-09,2018_14_BAL_KC,KC,1.378859,0.4760838033786265,3.1700966
2018,15,2018-12-13,2018_15_LAC_KC,KC,1.0371366,0.4473169641572419,2.8950968
2018,16,2018-12-23,2018_16_KC_SEA,KC,1.2344272,0.4527492697631586,2.9969485
2018,17,2018-12-30,2018_17_OAK_KC,KC,0.98347616,0.4464029038208331,2.7814605
2019,1,2019-09-08,2019_01_KC_JAX,KC,,,
2019,2,2019-09-15,2019_02_KC_OAK,KC,,,
2019,3,2019-09-22,2019_03_BAL_KC,KC,,,
2019,4,2019-09-29,2019_04_KC_DET,KC,,,
2019,5,2019-10-06,2019_05_IND_KC,KC,,,
2019,6,2019-10-13,2019_06_HOU_KC,KC,,,
2019,7,2019-10-17,2019_07_KC_DEN,KC,0.8008769,0.4254538653068064,2.6464646
2019,8,2019-10-27,2019_08_GB_KC,KC,0.37503114,0.3986354735845686,2.2874901
2019,9,2019-11-03,2019_09_MIN_KC,KC,0.28163365,0.3843388769350307,2.3076923
2019,10,2019-11-10,2019_10_KC_TEN,KC,0.011325165,0.3712541239973366,2.0910256
2019,11,2019-11-18,2019_11_KC_LAC,KC,0.14503896,0.3924442764374891,2.1465812
2019,13,2019-12-01,2019_13_OAK_KC,KC,0.31157148,0.4112306829322289,2.263248
2019,14,2019-12-08,2019_14_KC_NE,KC,0.5467465,0.4466204783220243,2.3965812
2019,15,2019-12-15,2019_15_DEN_KC,KC,0.5003929,0.4324456040509963,2.4083333
2019,16,2019-12-22,2019_16_KC_CHI,KC,0.60166496,0.4425668100055355,2.3898149
2019,17,2019-12-29,2019_17_LAC_KC,KC,0.92342144,0.4384986967462458,2.598148
2020,1,2020-09-10,2020_01_HOU_KC,KC,,,
2020,2,2020-09-20,2020_02_KC_LAC,KC,,,
2020,3,2020-09-28,2020_03_KC_BAL,KC,,,
2020,4,2020-10-05,2020_04_NE_KC,KC,,,
2020,5,2020-10-11,2020_05_LV_KC,KC,,,
2020,6,2020-10-19,2020_06_KC_BUF,KC,,,
2020,7,2020-10-25,2020_07_KC_DEN,KC,1.3105565,0.4398468637610052,2.8489897
2020,8,2020-11-01,2020_08_NYJ_KC,KC,1.1194018,0.4324541535905172,2.6937191
2020,9,2020-11-08,2020_09_CAR_KC,KC,1.2744852,0.4554997885111522,2.8937194
2020,11,2020-11-22,2020_11_KC_LV,KC,1.2663138,0.4564273820081901,2.8770525
2020,12,2020-11-29,2020_12_KC_TB,KC,1.6001848,0.4708474783727309,3.2221706
2020,13,2020-12-06,2020_13_DEN_KC,KC,1.7021526,0.4860684106391177,3.1464128
2020,14,2020-12-13,2020_14_KC_MIA,KC,1.5591913,0.4789175059882131,3.031598
2020,15,2020-12-20,2020_15_KC_NO,KC,1.4251356,0.4802703198410269,2.8548582
2020,16,2020-12-27,2020_16_ATL_KC,KC,1.1877316,0.4665610020932476,2.681781
2020,17,2021-01-03,2020_17_LAC_KC,KC,0.93627924,0.4455146616024626,2.4151146
2021,1,2021-09-12,2021_01_CLE_KC,KC,,,
2021,2,2021-09-19,2021_02_KC_BAL,KC,,,
2021,3,2021-09-26,2021_03_LAC_KC,KC,,,
2021,4,2021-10-03,2021_04_KC_PHI,KC,,,
2021,5,2021-10-10,2021_05_BUF_KC,KC,,,
2021,6,2021-10-17,2021_06_KC_WAS,KC,,,
2021,7,2021-10-24,2021_07_KC_TEN,KC,1.305239,0.4509525822207886,3.07298
2021,8,2021-11-01,2021_08_NYG_KC,KC,0.74301547,0.4370295287552515,2.5174243
2021,9,2021-11-07,2021_09_GB_KC,KC,0.53866976,0.4258976471688245,2.3810606
2021,10,2021-11-14,2021_10_KC_LV,KC,0.4302177,0.4135813597723232,2.1780303
2021,11,2021-11-21,2021_11_DAL_KC,KC,0.2153663,0.4012749898508216,1.9863635
2021,13,2021-12-05,2021_13_DEN_KC,KC,0.2549091,0.3938724386982705,1.9521756
2021,14,2021-12-12,2021_14_LV_KC,KC,0.19531333,0.3814577712702341,1.7249027
2021,15,2021-12-16,2021_15_KC_LAC,KC,0.85212827,0.4249035949938356,2.3693473
2021,16,2021-12-26,2021_16_PIT_KC,KC,1.0503359,0.4190556550549866,2.5814683
2021,17,2022-01-02,2021_17_KC_CIN,KC,1.254704,0.4326913868959323,2.9844987
2021,18,2022-01-08,2021_18_KC_DEN,KC,1.1712399,0.4443188720650841,2.8752394
2022,1,2022-09-11,2022_01_KC_ARI,KC,,,
2022,2,2022-09-15,2022_02_LAC_KC,KC,,,
2022,3,2022-09-25,2022_03_KC_IND,KC,,,
2022,4,2022-10-02,2022_04_KC_TB,KC,,,
2022,5,2022-10-10,2022_05_LV_KC,KC,,,
2022,6,2022-10-16,2022_06_BUF_KC,KC,,,
2022,7,2022-10-23,2022_07_KC_SF,KC,1.1212248,0.459546687179263,2.7628787
2022,9,2022-11-06,2022_09_TEN_KC,KC,1.1114107,0.4465270216595975,2.7295456
2022,10,2022-11-13,2022_10_JAX_KC,KC,1.0117296,0.4240942197311815,2.675974
2022,11,2022-11-20,2022_11_KC_LAC,KC,1.1571223,0.4438467819837437,2.8017318
2022,12,2022-11-27,2022_12_LA_KC,KC,1.0550438,0.4152053897059877,2.6350648
2022,13,2022-12-04,2022_13_KC_CIN,KC,1.050828,0.4321035378541359,2.6767318
2022,14,2022-12-11,2022_14_KC_DEN,KC,1.2487314,0.4413312314568295,2.8433983
2022,15,2022-12-18,2022_15_KC_HOU,KC,0.8371658,0.4351176302432283,2.4767315
2022,16,2022-12-24,2022_16_SEA_KC,KC,0.9475939,0.4589067533196321,2.655303
2022,17,2023-01-01,2022_17_DEN_KC,KC,0.8717887,0.4562361074671681,2.6098485
2022,18,2023-01-07,2022_18_KC_LV,KC,0.7027783,0.4614552359817511,2.530303
2023,1,2023-09-07,2023_01_DET_KC,KC,,,
2023,2,2023-09-17,2023_02_KC_JAX,KC,,,
2023,3,2023-09-24,2023_03_CHI_KC,KC,,,
2023,4,2023-10-01,2023_04_KC_NYJ,KC,,,
2023,5,2023-10-08,2023_05_KC_MIN,KC,,,
2023,6,2023-10-12,2023_06_DEN_KC,KC,,,
2023,7,2023-10-22,2023_07_LAC_KC,KC,0.4584284,0.4043529923359468,2.4064395
2023,8,2023-10-29,2023_08_KC_DEN,KC,0.8088994,0.418268937501892,2.573106
2023,9,2023-11-05,2023_09_MIA_KC,KC,0.54559594,0.4248031902861448,2.4261363
2023,11,2023-11-20,2023_11_PHI_KC,KC,0.33071867,0.4097638496340591,2.0132575
2023,12,2023-11-26,2023_12_KC_LV,KC,0.071635164,0.3985339834910913,1.9008838
2023,13,2023-12-03,2023_13_KC_GB,KC,0.013239265,0.4007403072599151,1.8550504
2023,14,2023-12-10,2023_14_BUF_KC,KC,0.24888389,0.3859128314949393,1.9630051
2023,15,2023-12-17,2023_15_KC_NE,KC,-0.13956502,0.382075650157758,1.7766414
2023,16,2023-12-25,2023_16_LV_KC,KC,-0.001364328,0.3707136503342196,1.9864316
2023,17,2023-12-31,2023_17_CIN_KC,KC,-0.29938707,0.3532803920364338,1.9902195
2023,18,2024-01-07,2023_18_KC_LAC,KC,-0.019850323,0.3619702098438986,2.1707752
2024,1,2024-09-05,2024_01_BAL_KC,KC,,,
2024,2,2024-09-15,2024_02_CIN_KC,KC,,,
2024,3,2024-09-22,2024_03_KC_ATL,KC,,,
2024,4,2024-09-29,2024_04_KC_LAC,KC,,,
2024,5,2024-10-07,2024_05_NO_KC,KC,,,
2024,7,2024-10-20,2024_07_KC_SF,KC,,,
2024,8,2024-10-27,2024_08_KC_LV,KC,0.3626856,0.4618245515937607,2.2651515
2024,9,2024-11-04,2024_09_TB_KC,KC,0.33146927,0.469619431610863,2.3151515
2024,10,2024-11-10,2024_10_DEN_KC,KC,0.55349964,0.4813675505448108,2.4363635
2024,11,2024-11-17,2024_11_KC_BUF,KC,0.4577447,0.4633543238227025,2.3659933
2024,12,2024-11-24,2024_12_KC_CAR,KC,0.62991494,0.4581385239099329,2.4973063
2024,13,2024-11-29,2024_13_LV_KC,KC,0.93078893,0.4665296525110072,2.6889732
2024,14,2024-12-08,2024_14_LAC_KC,KC,0.8217647,0.4350514085327633,2.5286195
2024,15,2024-12-15,2024_15_KC_CLE,KC,0.85227156,0.4470002621482836,2.3804715
2024,16,2024-12-21,2024_16_HOU_KC,KC,0.5571878,0.4312036399746561,2.1592593
2024,17,2024-12-25,2024_17_KC_PIT,KC,0.69668335,0.4502719553511822,2.362963
2024,18,2025-01-05,2024_18_KC_DEN,KC,0.88553435,0.4452258286383888,2.4574075
2016,1,2016-09-12,2016_01_LA_SF,LA,,,
2016,2,2016-09-18,2016_02_SEA_LA,LA,,,
2016,3,2016-09-25,2016_03_LA_TB,LA,,,
2016,4,2016-10-02,2016_04_LA_ARI,LA,,,
2016,5,2016-10-09,2016_05_BUF_LA,LA,,,
2016,6,2016-10-16,2016_06_LA_DET,LA,,,
2016,7,2016-10-23,2016_07_NYG_LA,LA,-0.27284446,0.3462551425646663,1.654759
2016,9,2016-11-06,2016_09_CAR_LA,LA,-0.09082794,0.3638292808805629,1.7829642
2016,10,2016-11-13,2016_10_LA_NYJ,LA,-0.234461,0.3755881635006895,1.7844795
2016,11,2016-11-20,2016_11_MIA_LA,LA,-0.3033658,0.35332557760174,1.5234071
2016,12,2016-11-27,2016_12_LA_NO,LA,-0.3541031,0.3530239887584844,1.4063436
2016,13,2016-12-04,2016_13_LA_NE,LA,-0.3369443,0.3608821028665985,1.3876957
2016,14,2016-12-11,2016_14_ATL_LA,LA,-0.88934916,0.3263875464970422,0.9325674
2016,15,2016-12-15,2016_15_LA_SEA,LA,-1.0586805,0.3175098109846914,0.95991784
2016,16,2016-12-24,2016_16_SF_LA,LA,-1.2339174,0.3217532593668957,0.8639583
2016,17,2017-01-01,2016_17_ARI_LA,LA,-1.277482,0.339942735835593,0.96092796
2017,1,2017-09-10,2017_01_IND_LA,LA,,,
2017,2,2017-09-17,2017_02_WAS_LA,LA,,,
2017,3,2017-09-21,2017_03_LA_SF,LA,,,
2017,4,2017-10-01,2017_04_LA_DAL,LA,,,
2017,5,2017-10-08,2017_05_SEA_LA,LA,,,
2017,6,2017-10-15,2017_06_LA_JAX,LA,,,
2017,7,2017-10-22,2017_07_ARI_LA,LA,0.35607052,0.4417261144939716,2.1410534
2017,9,2017-11-05,2017_09_LA_NYG,LA,0.45476612,0.4386581417019728,2.260101
2017,10,2017-11-12,2017_10_HOU_LA,LA,0.86031157,0.4524227721332699,2.665404
2017,11,2017-11-19,2017_11_LA_MIN,LA,0.7208455,0.4586064033169011,2.5190365
2017,12,2017-11-26,2017_12_NO_LA,LA,0.21116321,0.4189800805655784,2.1495922
2017,13,2017-12-03,2017_13_LA_ARI,LA,0.64760417,0.4314545659567304,2.359188
2017,14,2017-12-10,2017_14_PHI_LA,LA,0.6424621,0.4315803991182778,2.470299
2017,15,2017-12-17,2017_15_LA_SEA,LA,0.43286982,0.4344331440164772,2.3155372
2017,16,2017-12-24,2017_16_LA_TEN,LA,0.11264977,0.4303125732292399,2.0833943
2017,17,2017-12-31,2017_17_SF_LA,LA,0.043097675,0.4048338852505518,2.0064714
2018,1,2018-09-10,2018_01_LA_OAK,LA,,,
2018,2,2018-09-16,2018_02_ARI_LA,LA,,,
2018,3,2018-09-23,2018_03_LAC_LA,LA,,,
2018,4,2018-09-27,2018_04_MIN_LA,LA,,,
2018,5,2018-10-07,2018_05_LA_SEA,LA,,,
2018,6,2018-10-14,2018_06_LA_DEN,LA,,,
2018,7,2018-10-21,2018_07_LA_SF,LA,1.3014348,0.5160046911562063,2.8853538
2018,8,2018-10-28,2018_08_GB_LA,LA,1.2714571,0.5152569820751639,2.9506216
2018,9,2018-11-04,2018_09_LA_NO,LA,1.1053325,0.4930427148608967,2.730109
2018,10,2018-11-11,2018_10_SEA_LA,LA,1.0273987,0.4698464666646485,2.7770786
2018,11,2018-11-19,2018_11_KC_LA,LA,1.0721334,0.4655352265579538,2.7947552
2018,13,2018-12-02,2018_13_LA_DET,LA,0.86096686,0.4377601231210857,2.65652
2018,14,2018-12-09,2018_14_LA_CHI,LA,0.8291893,0.4361302084229892,2.6926506
2018,15,2018-12-16,2018_15_PHI_LA,LA,0.3593298,0.4013425423853231,2.2952147
2018,16,2018-12-23,2018_16_LA_ARI,LA,0.24301739,0.4012608339702813,2.2685053
2018,17,2018-12-30,2018_17_SF_LA,LA,0.39006397,0.4302905542500015,2.2548687
2019,1,2019-09-08,2019_01_LA_CAR,LA,,,
2019,2,2019-09-15,2019_02_NO_LA,LA,,,
2019,3,2019-09-22,2019_03_LA_CLE,LA,,,
2019,4,2019-09-29,2019_04_TB_LA,LA,,,
2019,5,2019-10-03,2019_05_LA_SEA,LA,,,
2019,6,2019-10-13,2019_06_SF_LA,LA,,,
2019,7,2019-10-20,2019_07_LA_ATL,LA,-0.2460286,0.3871508869670634,2.0414724
2019,8,2019-10-27,2019_08_CIN_LA,LA,0.011566008,0.3751961243104291,2.2174633
2019,10,2019-11-10,2019_10_LA_PIT,LA,0.24634486,0.3760586876729925,2.208372
2019,11,2019-11-17,2019_11_CHI_LA,LA,-0.073266365,0.3797529101172149,1.9470086
2019,12,2019-11-25,2019_12_BAL_LA,LA,-0.2554436,0.3802304282417919,1.7290598
2019,13,2019-12-01,2019_13_LA_ARI,LA,-0.59362024,0.3565958208900792,1.4373932
2019,14,2019-12-08,2019_14_SEA_LA,LA,-0.029109428,0.3803362008804592,1.7202214
2019,15,2019-12-15,2019_15_LA_DAL,LA,-0.17251308,0.3881636638215586,1.5838579
2019,16,2019-12-21,2019_16_LA_SF,LA,-0.47653985,0.3821403842688672,1.5020396
2019,17,2019-12-29,2019_17_ARI_LA,LA,-0.1553279,0.3840945732422869,1.857809
2020,1,2020-09-13,2020_01_DAL_LA,LA,,,
2020,2,2020-09-20,2020_02_LA_PHI,LA,,,
2020,3,2020-09-27,2020_03_LA_BUF,LA,,,
2020,4,2020-10-04,2020_04_NYG_LA,LA,,,
2020,5,2020-10-11,2020_05_LA_WAS,LA,,,
2020,6,2020-10-18,2020_06_LA_SF,LA,,,
2020,7,2020-10-26,2020_07_CHI_LA,LA,0.657227,0.3805801388154329,2.3876457
2020,8,2020-11-01,2020_08_LA_MIA,LA,0.5671801,0.3898824106177048,2.3923078
2020,10,2020-11-15,2020_10_SEA_LA,LA,-0.19003938,0.3746652884152884,1.9527245
2020,11,2020-11-23,2020_11_LA_TB,LA,-0.44633505,0.3570652033152033,1.8027244
2020,12,2020-11-29,2020_12_SF_LA,LA,-0.3623947,0.372757289007289,1.8655449
2020,13,2020-12-06,2020_13_LA_ARI,LA,-0.7493033,0.3745472525160025,1.6181844
2020,14,2020-12-10,2020_14_NE_LA,LA,-0.6030049,0.394002257387674,1.7959622
2020,15,2020-12-20,2020_15_NYJ_LA,LA,-0.56137,0.3831947007467841,1.7382698
2020,16,2020-12-27,2020_16_LA_SEA,LA,-0.44289422,0.3679620167641,1.8642168
2020,17,2021-01-03,2020_17_ARI_LA,LA,-0.6217099,0.3523909211930045,1.6308836
2021,1,2021-09-12,2021_01_CHI_LA,LA,,,
2021,2,2021-09-19,2021_02_LA_IND,LA,,,
2021,3,2021-09-26,2021_03_TB_LA,LA,,,
2021,4,2021-10-03,2021_04_ARI_LA,LA,,,
2021,5,2021-10-07,2021_05_LA_SEA,LA,,,
2021,6,2021-10-17,2021_06_LA_NYG,LA,,,
2021,7,2021-10-24,2021_07_DET_LA,LA,0.86082166,0.3934664237360315,2.8279202
2021,8,2021-10-31,2021_08_LA_HOU,LA,0.7370698,0.3816439252468664,2.6649573
2021,9,2021-11-07,2021_09_TEN_LA,LA,0.8646404,0.3933666007195418,2.742735
2021,10,2021-11-15,2021_10_LA_SF,LA,0.31894723,0.3901600632482985,2.4184926
2021,12,2021-11-28,2021_12_LA_GB,LA,0.16884129,0.3672251822251822,2.251826
2021,13,2021-12-05,2021_13_JAX_LA,LA,-0.06081127,0.3578692934050076,2.2240481
2021,14,2021-12-13,2021_14_LA_ARI,LA,0.10060489,0.380491809777524,2.3535354
2021,15,2021-12-21,2021_15_SEA_LA,LA,0.13892122,0.3878606446463589,2.3868687
2021,16,2021-12-26,2021_16_LA_MIN,LA,-0.07535639,0.3627475632832775,2.1621213
2021,17,2022-01-02,2021_17_LA_BAL,LA,0.19288981,0.3808632438989581,2.2530303
2021,18,2022-01-09,2021_18_SF_LA,LA,0.3811423,0.3985580490937634,2.419697
2022,1,2022-09-08,2022_01_BUF_LA,LA,,,
2022,2,2022-09-18,2022_02_ATL_LA,LA,,,
2022,3,2022-09-25,2022_03_LA_ARI,LA,,,
2022,4,2022-10-03,2022_04_LA_SF,LA,,,
2022,5,2022-10-09,2022_05_DAL_LA,LA,,,
2022,6,2022-10-16,2022_06_CAR_LA,LA,,,
2022,8,2022-10-30,2022_08_SF_LA,LA,-0.99548626,0.3700170232734849,1.6222223
2022,9,2022-11-06,2022_09_LA_TB,LA,-0.7592135,0.3556882399169238,1.7148148
2022,10,2022-11-13,2022_10_ARI_LA,LA,-0.78177875,0.3142166790703629,1.3998798
2022,11,2022-11-20,2022_11_LA_NO,LA,-1.0830146,0.3027225713262552,1.3241222
2022,12,2022-11-27,2022_12_LA_KC,LA,-0.90839976,0.2965810657729849,1.4771525
2022,13,2022-12-04,2022_13_SEA_LA,LA,-0.606613,0.2826039553743059,1.5049304
2022,14,2022-12-08,2022_14_LV_LA,LA,-0.5434807,0.2912701629041498,1.5246272
2022,15,2022-12-19,2022_15_LA_GB,LA,-0.49103037,0.3101347345464992,1.5487013
2022,16,2022-12-25,2022_16_DEN_LA,LA,-0.493605,0.334519204243469,1.6439394
2022,17,2023-01-01,2022_17_LA_LAC,LA,0.16100337,0.3845780343022989,2.1363637
2022,18,2023-01-08,2022_18_LA_SEA,LA,0.066714965,0.3694070941313588,2.0
2023,1,2023-09-10,2023_01_LA_SEA,LA,,,
2023,2,2023-09-17,2023_02_SF_LA,LA,,,
2023,3,2023-09-25,2023_03_LA_CIN,LA,,,
2023,4,2023-10-01,2023_04_LA_IND,LA,,,
2023,5,2023-10-08,2023_05_PHI_LA,LA,,,
2023,6,2023-10-15,2023_06_ARI_LA,LA,,,
2023,7,2023-10-22,2023_07_PIT_LA,LA,0.36585426,0.37800611058093,2.288889
2023,8,2023-10-29,2023_08_LA_DAL,LA,-0.16913418,0.3620198782698782,2.0166667
2023,9,2023-11-05,2023_09_LA_GB,LA,-0.2846903,0.3383701609837973,1.9363637
2023,11,2023-11-19,2023_11_SEA_LA,LA,-0.5891335,0.3305107749994113,1.759596
2023,12,2023-11-26,2023_12_LA_ARI,LA,-0.80446786,0.321530414030414,1.6143938
2023,13,2023-12-03,2023_13_CLE_LA,LA,-0.49987316,0.3537628575128574,1.939394
2023,14,2023-12-10,2023_14_LA_BAL,LA,-0.49068394,0.3590019702519702,1.9419581
2023,15,2023-12-17,2023_15_WAS_LA,LA,-0.2115042,0.3553172824326671,2.0304196
2023,16,2023-12-21,2023_16_NO_LA,LA,-0.11784464,0.3777348059865542,2.1162782
2023,17,2023-12-31,2023_17_LA_NYG,LA,0.39081094,0.4180814419214254,2.5708237
2023,18,2024-01-07,2023_18_LA_SF,LA,0.41914782,0.4200497177533376,2.6227715
2024,1,2024-09-08,2024_01_LA_DET,LA,,,
2024,2,2024-09-15,2024_02_LA_ARI,LA,,,
2024,3,2024-09-22,2024_03_SF_LA,LA,,,
2024,4,2024-09-29,2024_04_LA_CHI,LA,,,
2024,5,2024-10-06,2024_05_GB_LA,LA,,,
2024,7,2024-10-20,2024_07_LV_LA,LA,,,
2024,8,2024-10-24,2024_08_MIN_LA,LA,-0.21212222,0.4516260346407405,1.6961538
2024,9,2024-11-03,2024_09_LA_SEA,LA,-0.047419917,0.4569415319006822,1.8813391
2024,10,2024-11-11,2024_10_MIA_LA,LA,0.06945135,0.4313499013090516,1.9368945
2024,11,2024-11-17,2024_11_LA_NE,LA,-0.4109302,0.420934806401978,1.6641674
2024,12,2024-11-24,2024_12_PHI_LA,LA,-0.22652452,0.4466388708560425,1.830834
2024,13,2024-12-01,2024_13_LA_NO,LA,-0.13324513,0.4411339591011308,1.9475007
2024,14,2024-12-08,2024_14_BUF_LA,LA,0.3112726,0.4292431749881245,2.1569023
2024,15,2024-12-12,2024_15_LA_SF,LA,0.47861484,0.4480338493343543,2.271717
2024,16,2024-12-22,2024_16_LA_NYJ,LA,0.45590532,0.4471167613718119,2.231313
2024,17,2024-12-28,2024_17_ARI_LA,LA,0.8081222,0.4551517030715262,2.3998737
2024,18,2025-01-05,2024_18_SEA_LA,LA,0.5171052,0.4351979993678225,2.1498737
2016,1,2016-09-11,2016_01_SD_KC,LAC,,,
2016,2,2016-09-18,2016_02_JAX_SD,LAC,,,
2016,3,2016-09-25,2016_03_SD_IND,LAC,,,
2016,4,2016-10-02,2016_04_NO_SD,LAC,,,
2016,5,2016-10-09,2016_05_SD_OAK,LAC,,,
2016,6,2016-10-13,2016_06_DEN_SD,LAC,,,
2016,7,2016-10-23,2016_07_SD_ATL,LAC,0.15555505,0.3623024533563749,2.2552447
2016,8,2016-10-30,2016_08_SD_DEN,LAC,0.12045121,0.3652265354471236,2.3802447
2016,9,2016-11-06,2016_09_TEN_SD,LAC,-0.36631846,0.3252216175255391,1.9969114
2016,10,2016-11-13,2016_10_MIA_SD,LAC,-0.1631613,0.3435752424581114,2.151923
2016,12,2016-11-27,2016_12_SD_HOU,LAC,-0.10205076,0.359420258915873,2.049359
2016,13,2016-12-04,2016_13_TB_SD,LAC,-0.15027998,0.3666142223598364,1.91047
2016,14,2016-12-11,2016_14_SD_CAR,LAC,-0.15466243,0.3745801915758056,2.0168803
2016,15,2016-12-18,2016_15_OAK_SD,LAC,-0.4122727,0.3370748728204868,1.7220086
2016,16,2016-12-24,2016_16_SD_CLE,LAC,-0.26843563,0.3384154458277265,1.8199884
2016,17,2017-01-01,2016_17_KC_SD,LAC,-0.40844682,0.3173201181534515,1.6801282
2017,1,2017-09-11,2017_01_LAC_DEN,LAC,,,
2017,2,2017-09-17,2017_02_MIA_LAC,LAC,,,
2017,3,2017-09-24,2017_03_KC_LAC,LAC,,,
2017,4,2017-10-01,2017_04_PHI_LAC,LAC,,,
2017,5,2017-10-08,2017_05_LAC_NYG,LAC,,,
2017,6,2017-10-15,2017_06_LAC_OAK,LAC,,,
2017,7,2017-10-22,2017_07_DEN_LAC,LAC,-0.028541772,0.3860424664654462,1.8337182
2017,8,2017-10-29,2017_08_LAC_NE,LAC,-0.05482332,0.3708654426345762,1.7078441
2017,10,2017-11-12,2017_10_LAC_JAX,LAC,-0.06911304,0.3666049808741145,1.6096959
2017,11,2017-11-19,2017_11_BUF_LAC,LAC,0.026782742,0.3616126037226464,1.635264
2017,12,2017-11-23,2017_12_LAC_DAL,LAC,-0.037150454,0.3903171480025875,1.6908196
2017,13,2017-12-03,2017_13_CLE_LAC,LAC,0.24669997,0.3944896344667406,1.7767984
2017,14,2017-12-10,2017_14_WAS_LAC,LAC,0.4041915,0.4093314747252476,1.8453169
2017,15,2017-12-16,2017_15_LAC_KC,LAC,0.4947839,0.4346136711612902,2.0376246
2017,16,2017-12-24,2017_16_LAC_NYJ,LAC,0.376919,0.4256406071882262,2.0179276
2017,17,2017-12-31,2017_17_OAK_LAC,LAC,0.44394827,0.4251529004505195,2.0203316
2018,1,2018-09-09,2018_01_KC_LAC,LAC,,,
2018,2,2018-09-16,2018_02_LAC_BUF,LAC,,,
2018,3,2018-09-23,2018_03_LAC_LA,LAC,,,
2018,4,2018-09-30,2018_04_SF_LAC,LAC,,,
2018,5,2018-10-07,2018_05_OAK_LAC,LAC,,,
2018,6,2018-10-14,2018_06_LAC_CLE,LAC,,,
2018,7,2018-10-21,2018_07_TEN_LAC,LAC,0.45884883,0.4309442255275588,2.5730317
2018,9,2018-11-04,2018_09_LAC_SEA,LAC,0.5694568,0.437600069683403,2.5191596
2018,10,2018-11-11,2018_10_LAC_OAK,LAC,0.5302987,0.422640954724288,2.3764827
2018,11,2018-11-18,2018_11_DEN_LAC,LAC,0.60611695,0.4195545349712016,2.3209274
2018,12,2018-11-25,2018_12_ARI_LAC,LAC,0.7987144,0.4198575652742319,2.2824657
2018,13,2018-12-02,2018_13_LAC_PIT,LAC,0.87558484,0.4181110289822411,2.5309505
2018,14,2018-12-09,2018_14_CIN_LAC,LAC,0.9328372,0.4134635930848052,2.452862
2018,15,2018-12-13,2018_15_LAC_KC,LAC,0.8171236,0.4094249927962048,2.515825
2018,16,2018-12-22,2018_16_BAL_LAC,LAC,1.0656165,0.4147664106376227,2.7649832
2018,17,2018-12-30,2018_17_LAC_DEN,LAC,0.54372156,0.3980174959720414,2.5335016
2019,1,2019-09-08,2019_01_IND_LAC,LAC,,,
2019,2,2019-09-15,2019_02_LAC_DET,LAC,,,
2019,3,2019-09-22,2019_03_HOU_LAC,LAC,,,
2019,4,2019-09-29,2019_04_LAC_MIA,LAC,,,
2019,5,2019-10-06,2019_05_DEN_LAC,LAC,,,
2019,6,2019-10-13,2019_06_PIT_LAC,LAC,,,
2019,7,2019-10-20,2019_07_LAC_TEN,LAC,0.09093797,0.450275505026322,2.0611112
2019,8,2019-10-27,2019_08_LAC_CHI,LAC,-0.12058713,0.4322499092229484,1.875926
2019,9,2019-11-03,2019_09_GB_LAC,LAC,-0.16069722,0.4154840362070753,1.9925927
2019,10,2019-11-07,2019_10_LAC_OAK,LAC,0.019361654,0.4222591283988343,2.1407406
2019,11,2019-11-18,2019_11_KC_LAC,LAC,-0.38449785,0.4032485569985569,1.8793772
2019,13,2019-12-01,2019_13_LAC_DEN,LAC,-0.14482863,0.3883207945830494,2.018266
2019,14,2019-12-08,2019_14_LAC_JAX,LAC,-0.014050056,0.3935289143499927,2.0682662
2019,15,2019-12-15,2019_15_MIN_LAC,LAC,0.43927726,0.4311359369570153,2.4478958
2019,16,2019-12-22,2019_16_OAK_LAC,LAC,0.21053113,0.4231738758699543,2.3034513
2019,17,2019-12-29,2019_17_LAC_KC,LAC,0.053267688,0.4091038101332218,2.105303
2020,1,2020-09-13,2020_01_LAC_CIN,LAC,,,
2020,2,2020-09-20,2020_02_KC_LAC,LAC,,,
2020,3,2020-09-27,2020_03_CAR_LAC,LAC,,,
2020,4,2020-10-04,2020_04_LAC_TB,LAC,,,
2020,5,2020-10-12,2020_05_LAC_NO,LAC,,,
2020,7,2020-10-25,2020_07_JAX_LAC,LAC,,,
2020,8,2020-11-01,2020_08_LAC_DEN,LAC,-0.31733522,0.3564518551827321,1.8835193
2020,9,2020-11-08,2020_09_LV_LAC,LAC,-0.12001109,0.3731969216072857,2.0950577
2020,10,2020-11-15,2020_10_LAC_MIA,LAC,-0.0640322,0.3744099387529654,2.2253606
2020,11,2020-11-22,2020_11_NYJ_LAC,LAC,-0.073159635,0.3618115722072304,2.3011184
2020,12,2020-11-29,2020_12_LAC_BUF,LAC,-0.065494515,0.3826568026370842,2.3781385
2020,13,2020-12-06,2020_13_NE_LAC,LAC,-0.096035086,0.3853999727165638,2.2928212
2020,14,2020-12-13,2020_14_ATL_LAC,LAC,-0.8225898,0.3570632601266044,1.8285354
2020,15,2020-12-17,2020_15_LAC_LV,LAC,-0.838317,0.3609233464213313,1.782239
2020,16,2020-12-27,2020_16_DEN_LAC,LAC,-0.68802077,0.3603536190051986,1.9044613
2020,17,2021-01-03,2020_17_LAC_KC,LAC,-0.53810537,0.3689075650591447,1.8741583
2021,1,2021-09-12,2021_01_LAC_WAS,LAC,,,
2021,2,2021-09-19,2021_02_DAL_LAC,LAC,,,
2021,3,2021-09-26,2021_03_LAC_KC,LAC,,,
2021,4,2021-10-04,2021_04_LV_LAC,LAC,,,
2021,5,2021-10-10,2021_05_CLE_LAC,LAC,,,
2021,6,2021-10-17,2021_06_LAC_BAL,LAC,,,
2021,8,2021-10-31,2021_08_NE_LAC,LAC,0.19998534,0.3715833610645171,2.357113
2021,9,2021-11-07,2021_09_LAC_PHI,LAC,0.04576445,0.3531754957816519,2.3200758
2021,10,2021-11-14,2021_10_MIN_LAC,LAC,0.40337074,0.3550772260250313,2.5284092
2021,11,2021-11-21,2021_11_PIT_LAC,LAC,0.085457504,0.3396065393043446,2.3617425
2021,12,2021-11-28,2021_12_LAC_DEN,LAC,0.2571257,0.3556598940831895,2.5940657
2021,13,2021-12-05,2021_13_LAC_CIN,LAC,-0.2521098,0.366988103818262,2.1820285
2021,14,2021-12-12,2021_14_NYG_LAC,LAC,0.08622762,0.3987212936683349,2.507786
2021,15,2021-12-16,2021_15_KC_LAC,LAC,0.3680049,0.4154197572417986,2.6883419
2021,16,2021-12-26,2021_16_LAC_HOU,LAC,0.019523105,0.4175431965067819,2.550084
2021,17,2022-01-02,2021_17_DEN_LAC,LAC,0.23118977,0.4565570530206384,2.700084
2021,18,2022-01-09,2021_18_LAC_LV,LAC,0.38385403,0.4703610322657941,2.6455386
2022,1,2022-09-11,2022_01_LV_LAC,LAC,,,
2022,2,2022-09-15,2022_02_LAC_KC,LAC,,,
2022,3,2022-09-25,2022_03_JAX_LAC,LAC,,,
2022,4,2022-10-02,2022_04_LAC_HOU,LAC,,,
2022,5,2022-10-09,2022_05_LAC_CLE,LAC,,,
2022,6,2022-10-17,2022_06_DEN_LAC,LAC,,,
2022,7,2022-10-23,2022_07_SEA_LAC,LAC,-0.11222532,0.3478638892631762,2.054293
2022,9,2022-11-06,2022_09_LAC_ATL,LAC,-0.2745469,0.3366417430031512,1.9823232
2022,10,2022-11-13,2022_10_LAC_SF,LAC,-0.32663703,0.32590758518566,1.9823232
2022,11,2022-11-20,2022_11_KC_LAC,LAC,-0.1066327,0.3230806667337416,2.058081
2022,12,2022-11-27,2022_12_LAC_ARI,LAC,-0.079020135,0.3441301496582245,2.0358586
2022,13,2022-12-04,2022_13_LAC_LV,LAC,-0.32648662,0.3395213745949039,1.960101
2022,14,2022-12-11,2022_14_MIA_LAC,LAC,-0.43045473,0.3393719611347816,1.8756994
2022,15,2022-12-18,2022_15_TEN_LAC,LAC,-0.17154683,0.33844031743353,1.9325175
2022,16,2022-12-26,2022_16_LAC_IND,LAC,-0.27710256,0.3473264004862798,1.8352952
2022,17,2023-01-01,2022_17_LA_LAC,LAC,-0.28061387,0.3644976551575344,1.8959013
2022,18,2023-01-08,2022_18_LAC_DEN,LAC,-0.10077878,0.3659527895293354,2.0199754
2023,1,2023-09-10,2023_01_MIA_LAC,LAC,,,
2023,2,2023-09-17,2023_02_LAC_TEN,LAC,,,
2023,3,2023-09-24,2023_03_LAC_MIN,LAC,,,
2023,4,2023-10-01,2023_04_LV_LAC,LAC,,,
2023,6,2023-10-16,2023_06_DAL_LAC,LAC,,,
2023,7,2023-10-22,2023_07_LAC_KC,LAC,,,
2023,8,2023-10-29,2023_08_CHI_LAC,LAC,0.23700567,0.3729103114898569,2.228788
2023,9,2023-11-06,2023_09_LAC_NYJ,LAC,0.097096674,0.3605816910362365,2.162121
2023,10,2023-11-12,2023_10_DET_LAC,LAC,-0.03662239,0.361448245187741,2.0484848
2023,11,2023-11-19,2023_11_LAC_GB,LAC,0.2300456,0.3610607949210636,2.2575758
2023,12,2023-11-26,2023_12_BAL_LAC,LAC,0.32890052,0.3658906136713369,2.2272727
2023,13,2023-12-03,2023_13_LAC_NE,LAC,0.104985505,0.3503026641629329,2.0954545
2023,14,2023-12-10,2023_14_DEN_LAC,LAC,-0.12585102,0.3626056389659077,1.9287878
2023,15,2023-12-14,2023_15_LAC_LV,LAC,-0.6088548,0.344425393285662,1.5185314
2023,16,2023-12-23,2023_16_BUF_LAC,LAC,-0.8400888,0.3316552909427305,1.5018648
2023,17,2023-12-31,2023_17_LAC_DEN,LAC,-1.157427,0.3146236633736634,1.174087
2023,18,2024-01-07,2023_18_KC_LAC,LAC,-1.357479,0.3230801185346639,1.0210568
2024,1,2024-09-08,2024_01_LV_LAC,LAC,,,
2024,2,2024-09-15,2024_02_LAC_CAR,LAC,,,
2024,3,2024-09-22,2024_03_LAC_PIT,LAC,,,
2024,4,2024-09-29,2024_04_KC_LAC,LAC,,,
2024,6,2024-10-13,2024_06_LAC_DEN,LAC,,,
2024,7,2024-10-21,2024_07_LAC_ARI,LAC,,,
2024,8,2024-10-27,2024_08_NO_LAC,LAC,-0.1579914,0.3811647268276056,1.6374806
2024,9,2024-11-03,2024_09_LAC_CLE,LAC,0.0092474865,0.383952947378984,1.6887627
2024,10,2024-11-10,2024_10_TEN_LAC,LAC,-0.10873435,0.3553052447729481,1.6490802
2024,11,2024-11-17,2024_11_CIN_LAC,LAC,0.2674813,0.3681556042899743,1.9824134
2024,12,2024-11-25,2024_12_BAL_LAC,LAC,0.5890339,0.3984541696846935,2.2516441
2024,13,2024-12-01,2024_13_LAC_ATL,LAC,0.60254055,0.4202672842785568,2.3290854
2024,14,2024-12-08,2024_14_LAC_KC,LAC,0.29737574,0.3982020945663083,2.183252
2024,15,2024-12-15,2024_15_TB_LAC,LAC,0.36476466,0.403659306565918,2.1647334
2024,16,2024-12-19,2024_16_DEN_LAC,LAC,0.18716268,0.4238192392258506,2.1008806
2024,17,2024-12-28,2024_17_LAC_NE,LAC,0.1866275,0.4415015288778372,2.1160321
2024,18,2025-01-05,2024_18_LAC_LV,LAC,0.5315235,0.4504238814540359,2.3468013
2016,1,2016-09-11,2016_01_OAK_NO,LV,,,
2016,2,2016-09-18,2016_02_ATL_OAK,LV,,,
2016,3,2016-09-25,2016_03_OAK_TEN,LV,,,
2016,4,2016-10-02,2016_04_OAK_BAL,LV,,,
2016,5,2016-10-09,2016_05_SD_OAK,LV,,,
2016,6,2016-10-16,2016_06_KC_OAK,LV,,,
2016,7,2016-10-23,2016_07_OAK_JAX,LV,0.14577132,0.4116832058192352,2.105303
2016,8,2016-10-30,2016_08_OAK_TB,LV,0.10098368,0.4092070139199664,1.9980769
2016,9,2016-11-06,2016_09_DEN_OAK,LV,0.103432335,0.3895629096776478,1.9663309
2016,11,2016-11-21,2016_11_HOU_OAK,LV,0.1963046,0.4092027605674987,2.1468863
2016,12,2016-11-27,2016_12_CAR_OAK,LV,0.40792212,0.417519258883997,2.2448661
2016,13,2016-12-04,2016_13_BUF_OAK,LV,0.34702215,0.4139866948612369,2.0948663
2016,14,2016-12-08,2016_14_OAK_KC,LV,0.7741719,0.4132992110487532,2.4559772
2016,15,2016-12-18,2016_15_OAK_SD,LV,0.3311644,0.3987727160923939,2.199567
2016,16,2016-12-24,2016_16_IND_OAK,LV,0.16328822,0.4040702294256216,2.1303031
2016,17,2017-01-01,2016_17_OAK_DEN,LV,0.19143455,0.3892817193246115,2.1719697
2017,1,2017-09-10,2017_01_OAK_TEN,LV,,,
2017,2,2017-09-17,2017_02_NYJ_OAK,LV,,,
2017,3,2017-09-24,2017_03_OAK_WAS,LV,,,
2017,4,2017-10-01,2017_04_OAK_DEN,LV,,,
2017,5,2017-10-08,2017_05_BAL_OAK,LV,,,
2017,6,2017-10-15,2017_06_LAC_OAK,LV,,,
2017,7,2017-10-19,2017_07_KC_OAK,LV,0.21768583,0.4177358155976576,1.9670273
2017,8,2017-10-29,2017_08_OAK_BUF,LV,0.19095351,0.406407597032597,2.0503607
2017,9,2017-11-05,2017_09_OAK_MIA,LV,-0.49227178,0.3802637408887409,1.512482
2017,11,2017-11-19,2017_11_NE_OAK,LV,-0.17895508,0.3904248760498761,1.7684344
2017,12,2017-11-26,2017_12_DEN_OAK,LV,-0.034715924,0.4058825869119987,1.7776936
2017,13,2017-12-03,2017_13_NYG_OAK,LV,0.102108024,0.4055202640496758,1.786027
2017,14,2017-12-10,2017_14_OAK_KC,LV,0.15248542,0.3988023238701972,1.851295
2017,15,2017-12-17,2017_15_DAL_OAK,LV,-0.30778947,0.378664313732187,1.5429616
2017,16,2017-12-25,2017_16_OAK_PHI,LV,-0.1505766,0.3781413798759198,1.6456553
2017,17,2017-12-31,2017_17_OAK_LAC,LV,-0.65191555,0.3657363774709174,1.3817663
2018,1,2018-09-10,2018_01_LA_OAK,LV,,,
2018,2,2018-09-16,2018_02_OAK_DEN,LV,,,
2018,3,2018-09-23,2018_03_OAK_MIA,LV,,,
2018,4,2018-09-30,2018_04_CLE_OAK,LV,,,
2018,5,2018-10-07,2018_05_OAK_LAC,LV,,,
2018,6,2018-10-14,2018_06_SEA_OAK,LV,,,
2018,8,2018-10-28,2018_08_IND_OAK,LV,-0.5943726,0.3804556680074728,1.3893518
2018,9,2018-11-01,2018_09_OAK_SF,LV,-0.22134717,0.3807367421521833,1.7109007
2018,10,2018-11-11,2018_10_LAC_OAK,LV,-0.55937546,0.3531589033243445,1.444234
2018,11,2018-11-18,2018_11_OAK_ARI,LV,-0.77941465,0.3569329533483945,1.2412037
2018,12,2018-11-25,2018_12_OAK_BAL,LV,-0.8136313,0.3460215268119679,1.1900133
2018,13,2018-12-02,2018_13_KC_OAK,LV,-0.8905398,0.3313149371053783,1.2624038
2018,14,2018-12-09,2018_14_PIT_OAK,LV,-0.427525,0.3355946226138533,1.6229807
2018,15,2018-12-16,2018_15_OAK_CIN,LV,-0.5486428,0.3281175626367933,1.4680986
2018,16,2018-12-24,2018_16_DEN_OAK,LV,-0.4344375,0.3474825032517339,1.6232268
2018,17,2018-12-30,2018_17_OAK_KC,LV,-0.27898142,0.3465824311016618,1.9323177
2019,1,2019-09-09,2019_01_DEN_OAK,LV,,,
2019,2,2019-09-15,2019_02_KC_OAK,LV,,,
2019,3,2019-09-22,2019_03_OAK_MIN,LV,,,
2019,4,2019-09-29,2019_04_OAK_IND,LV,,,
2019,5,2019-10-06,2019_05_CHI_OAK,LV,,,
2019,7,2019-10-20,2019_07_OAK_GB,LV,,,
2019,8,2019-10-27,2019_08_OAK_HOU,LV,0.3379077,0.3999581187697549,2.021633
2019,9,2019-11-03,2019_09_DET_OAK,LV,0.20549314,0.3918329684571045,1.9216331
2019,10,2019-11-07,2019_10_LAC_OAK,LV,0.54454535,0.3980948042643948,2.2398148
2019,11,2019-11-17,2019_11_CIN_OAK,LV,0.61715686,0.4133180326820677,2.2583334
2019,12,2019-11-24,2019_12_OAK_NYJ,LV,0.48488608,0.4035654781378466,2.1472223
2019,13,2019-12-01,2019_13_OAK_KC,LV,0.085344374,0.3864945860669544,1.8220474
2019,14,2019-12-08,2019_14_TEN_OAK,LV,-0.50409883,0.3761118896535563,1.5887141
2019,15,2019-12-15,2019_15_JAX_OAK,LV,-0.7499742,0.3797062107612464,1.5068959
2019,16,2019-12-22,2019_16_OAK_LAC,LV,-0.9050972,0.3877983501033857,1.3038656
2019,17,2019-12-29,2019_17_OAK_DEN,LV,-0.6310991,0.3871776744827102,1.4260879
2020,1,2020-09-13,2020_01_LV_CAR,LV,,,
2020,2,2020-09-21,2020_02_NO_LV,LV,,,
2020,3,2020-09-27,2020_03_LV_NE,LV,,,
2020,4,2020-10-04,2020_04_BUF_LV,LV,,,
2020,5,2020-10-11,2020_05_LV_KC,LV,,,
2020,7,2020-10-25,2020_07_TB_LV,LV,,,
2020,8,2020-11-01,2020_08_LV_CLE,LV,0.78052133,0.4510602978025364,2.8468015
2020,9,2020-11-08,2020_09_LV_LAC,LV,0.5944343,0.4528723827286564,2.5981243
2020,10,2020-11-15,2020_10_DEN_LV,LV,0.49466646,0.4279085371840028,2.4381914
2020,11,2020-11-22,2020_11_KC_LV,LV,0.696902,0.4195520788275444,2.6095202
2020,12,2020-11-29,2020_12_LV_ATL,LV,1.0083777,0.4107267205740816,2.7576683
2020,13,2020-12-06,2020_13_LV_NYJ,LV,0.2033635,0.3599944474459751,2.2735412
2020,14,2020-12-13,2020_14_IND_LV,LV,0.38436535,0.3696420143852086,2.4010665
2020,15,2020-12-17,2020_15_LAC_LV,LV,0.22256802,0.3547722989994974,2.5201142
2020,16,2020-12-26,2020_16_MIA_LV,LV,0.12618834,0.3607628819416614,2.4595082
2020,17,2021-01-03,2020_17_LV_DEN,LV,0.040868845,0.3631569770440899,2.305662
2021,1,2021-09-13,2021_01_BAL_LV,LV,,,
2021,2,2021-09-19,2021_02_LV_PIT,LV,,,
2021,3,2021-09-26,2021_03_MIA_LV,LV,,,
2021,4,2021-10-04,2021_04_LV_LAC,LV,,,
2021,5,2021-10-10,2021_05_CHI_LV,LV,,,
2021,6,2021-10-17,2021_06_LV_DEN,LV,,,
2021,7,2021-10-24,2021_07_PHI_LV,LV,-0.13519467,0.3684355146487499,1.9783272
2021,9,2021-11-07,2021_09_LV_NYG,LV,0.09114594,0.3870165632297985,2.1354702
2021,10,2021-11-14,2021_10_KC_LV,LV,-0.26391676,0.3790653777050836,1.9688034
2021,11,2021-11-21,2021_11_CIN_LV,LV,-0.38832346,0.3650627137024196,1.8303418
2021,12,2021-11-25,2021_12_LV_DAL,LV,-0.38663277,0.3745131433233037,1.8328671
2021,13,2021-12-05,2021_13_WAS_LV,LV,0.025406381,0.3850129213230817,2.0828671
2021,14,2021-12-12,2021_14_LV_KC,LV,-0.079168476,0.3918696962354122,1.9247475
2021,15,2021-12-20,2021_15_LV_CLE,LV,-0.6078914,0.377325952941669,1.5247475
2021,16,2021-12-26,2021_16_DEN_LV,LV,-0.4909154,0.3817115455625556,1.5247475
2021,17,2022-01-02,2021_17_LV_IND,LV,-0.43003103,0.3981457050849504,1.5747474
2021,18,2022-01-09,2021_18_LAC_LV,LV,-0.13560367,0.4024353548291457,1.7611111
2022,1,2022-09-11,2022_01_LV_LAC,LV,,,
2022,2,2022-09-18,2022_02_ARI_LV,LV,,,
2022,3,2022-09-25,2022_03_LV_TEN,LV,,,
2022,4,2022-10-02,2022_04_DEN_LV,LV,,,
2022,5,2022-10-10,2022_05_LV_KC,LV,,,
2022,7,2022-10-23,2022_07_HOU_LV,LV,,,
2022,8,2022-10-30,2022_08_LV_NO,LV,0.6088429,0.4033215309563349,2.611953
2022,9,2022-11-06,2022_09_LV_JAX,LV,0.27884084,0.3795517821865861,2.324074
2022,10,2022-11-13,2022_10_IND_LV,LV,0.34972844,0.3713194589542628,2.2314816
2022,11,2022-11-20,2022_11_LV_DEN,LV,0.13485423,0.3626340172173505,2.1574075
2022,12,2022-11-27,2022_12_LV_SEA,LV,0.27597502,0.3764520823221803,2.162963
2022,13,2022-12-04,2022_13_LAC_LV,LV,0.12414602,0.3834311298766247,2.1021163
2022,14,2022-12-08,2022_14_LV_LA,LV,-0.2904203,0.3624691957202461,1.8845239
2022,15,2022-12-18,2022_15_NE_LV,LV,0.17461853,0.3924106534394816,2.1808202
2022,16,2022-12-24,2022_16_LV_PIT,LV,0.008774072,0.3922051182339464,2.155179
2022,17,2023-01-01,2022_17_SF_LV,LV,-0.11331704,0.3905300571838854,1.9885124
2022,18,2023-01-07,2022_18_KC_LV,LV,-0.13803317,0.3992901819867909,2.0940678
2023,1,2023-09-10,2023_01_LV_DEN,LV,,,
2023,2,2023-09-17,2023_02_LV_BUF,LV,,,
2023,3,2023-09-24,2023_03_PIT_LV,LV,,,
2023,4,2023-10-01,2023_04_LV_LAC,LV,,,
2023,5,2023-10-09,2023_05_GB_LV,LV,,,
2023,6,2023-10-15,2023_06_NE_LV,LV,,,
2023,7,2023-10-22,2023_07_LV_CHI,LV,-0.34053496,0.3643881220991611,1.7069505
2023,8,2023-10-30,2023_08_LV_DET,LV,-0.7638399,0.3579241953387824,1.5244107
2023,9,2023-11-05,2023_09_NYG_LV,LV,-1.0144907,0.3449236542132413,1.4503368
2023,10,2023-11-12,2023_10_NYJ_LV,LV,-0.9158604,0.3577210227397764,1.6170034
2023,11,2023-11-19,2023_11_LV_MIA,LV,-0.9364582,0.3541973998979717,1.6018519
2023,12,2023-11-26,2023_12_KC_LV,LV,-0.9595285,0.3483624940630659,1.5109428
2023,14,2023-12-10,2023_14_MIN_LV,LV,-1.0948611,0.3404875141047527,1.4424243
2023,15,2023-12-14,2023_15_LAC_LV,LV,-1.2299949,0.3288720500178833,1.2202021
2023,16,2023-12-25,2023_16_LV_KC,LV,-0.6426365,0.3616537359245693,1.6757575
2023,17,2023-12-31,2023_17_LV_IND,LV,-0.7776781,0.3374584096459097,1.3702021
2023,18,2024-01-07,2023_18_DEN_LV,LV,-0.4563774,0.3418618846634197,1.4981481
2024,1,2024-09-08,2024_01_LV_LAC,LV,,,
2024,2,2024-09-15,2024_02_LV_BAL,LV,,,
2024,3,2024-09-22,2024_03_CAR_LV,LV,,,
2024,4,2024-09-29,2024_04_CLE_LV,LV,,,
2024,5,2024-10-06,2024_05_LV_DEN,LV,,,
2024,6,2024-10-13,2024_06_PIT_LV,LV,,,
2024,7,2024-10-20,2024_07_LV_LA,LV,-0.9515133,0.3815957961791295,1.5448718
2024,8,2024-10-27,2024_08_KC_LV,LV,-0.97759503,0.371220220899708,1.6089745
2024,9,2024-11-03,2024_09_LV_CIN,LV,-1.0681652,0.3691719605181143,1.6182337
2024,11,2024-11-17,2024_11_LV_MIA,LV,-1.0988392,0.3714041033752571,1.562678
2024,12,2024-11-24,2024_12_DEN_LV,LV,-0.7786769,0.3965171283832402,1.7120286
2024,13,2024-11-29,2024_13_LV_KC,LV,-0.68853265,0.4109084083995202,1.7259177
2024,14,2024-12-08,2024_14_LV_TB,LV,-0.4481467,0.426150111141223,1.7865237
2024,15,2024-12-16,2024_15_ATL_LV,LV,-0.28125462,0.428947027705622,1.7911857
2024,16,2024-12-22,2024_16_JAX_LV,LV,-0.555255,0.4069881224133834,1.5458153
2024,17,2024-12-29,2024_17_LV_NO,LV,-0.5963931,0.3839243420579364,1.539405
2024,18,2025-01-05,2024_18_LAC_LV,LV,-0.76277167,0.3572713653305758,1.4658118
2016,1,2016-09-11,2016_01_MIA_SEA,MIA,,,
2016,2,2016-09-18,2016_02_MIA_NE,MIA,,,
2016,3,2016-09-25,2016_03_CLE_MIA,MIA,,,
2016,4,2016-09-29,2016_04_MIA_CIN,MIA,,,
2016,5,2016-10-09,2016_05_TEN_MIA,MIA,,,
2016,6,2016-10-16,2016_06_PIT_MIA,MIA,,,
2016,7,2016-10-23,2016_07_BUF_MIA,MIA,-0.47480905,0.3837220691766146,1.5328283
2016,9,2016-11-06,2016_09_NYJ_MIA,MIA,-0.20400834,0.3918239210284664,1.7828283
2016,10,2016-11-13,2016_10_MIA_SD,MIA,-0.17902951,0.3817908249158249,1.8585858
2016,11,2016-11-20,2016_11_MIA_LA,MIA,0.03599343,0.3946593915343915,1.8724747
2016,12,2016-11-27,2016_12_SF_MIA,MIA,0.13173325,0.4088243931993932,1.9459013
2016,13,2016-12-04,2016_13_MIA_BAL,MIA,0.4697428,0.4094321608526154,2.2489316
2016,14,2016-12-11,2016_14_ARI_MIA,MIA,-0.003890857,0.3874657434316526,1.8852953
2016,15,2016-12-17,2016_15_MIA_NYJ,MIA,-0.24793904,0.3848367751776842,1.7821207
2016,16,2016-12-24,2016_16_MIA_BUF,MIA,-0.27499944,0.3915947898902445,1.7320042
2016,17,2017-01-01,2016_17_NE_MIA,MIA,-0.2645472,0.3836682257136802,1.8206793
2017,2,2017-09-17,2017_02_MIA_LAC,MIA,,,
2017,3,2017-09-24,2017_03_MIA_NYJ,MIA,,,
2017,4,2017-10-01,2017_04_NO_MIA,MIA,,,
2017,5,2017-10-08,2017_05_TEN_MIA,MIA,,,
2017,6,2017-10-15,2017_06_MIA_ATL,MIA,,,
2017,7,2017-10-22,2017_07_NYJ_MIA,MIA,,,
2017,8,2017-10-26,2017_08_MIA_BAL,MIA,-0.6095388,0.3436587640754308,1.2505292
2017,9,2017-11-05,2017_09_OAK_MIA,MIA,-1.222385,0.3217163017758256,0.93386245
2017,10,2017-11-13,2017_10_MIA_CAR,MIA,-0.9012323,0.3373327069755641,1.2141654
2017,11,2017-11-19,2017_11_TB_MIA,MIA,-0.53913635,0.3376130850337199,1.5641655
2017,12,2017-11-26,2017_12_MIA_NE,MIA,-0.50076133,0.3264745796644454,1.6911496
2017,13,2017-12-03,2017_13_DEN_MIA,MIA,-0.7673064,0.3406777890065435,1.473557
2017,14,2017-12-11,2017_14_NE_MIA,MIA,-0.9190901,0.3476950364649675,1.3692154
2017,15,2017-12-17,2017_15_MIA_BUF,MIA,-0.41197026,0.3725829461743058,1.6906438
2017,16,2017-12-24,2017_16_MIA_KC,MIA,-0.5367599,0.3633087644736535,1.5492296
2017,17,2017-12-31,2017_17_BUF_MIA,MIA,-0.7895305,0.3620035881684771,1.3961993
2018,1,2018-09-09,2018_01_TEN_MIA,MIA,,,
2018,2,2018-09-16,2018_02_MIA_NYJ,MIA,,,
2018,3,2018-09-23,2018_03_OAK_MIA,MIA,,,
2018,4,2018-09-30,2018_04_MIA_NE,MIA,,,
2018,5,2018-10-07,2018_05_MIA_CIN,MIA,,,
2018,6,2018-10-14,2018_06_CHI_MIA,MIA,,,
2018,7,2018-10-21,2018_07_DET_MIA,MIA,-0.44730124,0.4157989937751842,1.6797231
2018,8,2018-10-25,2018_08_MIA_HOU,MIA,-0.27801582,0.4063008236619347,1.7471833
2018,9,2018-11-04,2018_09_NYJ_MIA,MIA,-0.20067382,0.3872539369067146,1.78885
2018,10,2018-11-11,2018_10_MIA_GB,MIA,-0.5678901,0.3430555757440678,1.447941
2018,12,2018-11-25,2018_12_MIA_IND,MIA,-0.43305242,0.3775320986764731,1.5418802
2018,13,2018-12-02,2018_13_BUF_MIA,MIA,-0.16651577,0.3552512545206289,1.722436
2018,14,2018-12-09,2018_14_NE_MIA,MIA,-0.23390661,0.3368864017807762,1.6166667
2018,15,2018-12-16,2018_15_MIA_MIN,MIA,-0.19754325,0.3571095942261909,1.7429293
2018,16,2018-12-23,2018_16_JAX_MIA,MIA,-0.5789139,0.3375253590169556,1.5762626
2018,17,2018-12-30,2018_17_MIA_BUF,MIA,-0.8107727,0.3387036384095207,1.6095959
2019,1,2019-09-08,2019_01_BAL_MIA,MIA,,,
2019,2,2019-09-15,2019_02_NE_MIA,MIA,,,
2019,3,2019-09-22,2019_03_MIA_DAL,MIA,,,
2019,4,2019-09-29,2019_04_LAC_MIA,MIA,,,
2019,6,2019-10-13,2019_06_WAS_MIA,MIA,,,
2019,7,2019-10-20,2019_07_MIA_BUF,MIA,,,
2019,8,2019-10-28,2019_08_MIA_PIT,MIA,-1.3937265,0.3416115439694985,1.0381314
2019,9,2019-11-03,2019_09_NYJ_MIA,MIA,-1.3850409,0.3385737098899977,1.065909
2019,10,2019-11-10,2019_10_MIA_IND,MIA,-0.7462475,0.3464624646537526,1.3992424
2019,11,2019-11-17,2019_11_BUF_MIA,MIA,-0.72011393,0.3393454654912988,1.5134616
2019,12,2019-11-24,2019_12_MIA_CLE,MIA,-0.6059571,0.3270263775025679,1.5432234
2019,13,2019-12-01,2019_13_PHI_MIA,MIA,-0.47440085,0.3317401822163726,1.6846375
2019,14,2019-12-08,2019_14_MIA_NYJ,MIA,-0.24520697,0.3332211339245971,1.8485265
2019,15,2019-12-15,2019_15_MIA_NYG,MIA,-0.0014482649,0.349512511845877,2.004082
2019,16,2019-12-22,2019_16_CIN_MIA,MIA,-0.14528799,0.345347810806176,1.927159
2019,17,2019-12-29,2019_17_MIA_NE,MIA,0.23673652,0.355757886841252,2.1178641
2020,1,2020-09-13,2020_01_MIA_NE,MIA,,,
2020,2,2020-09-20,2020_02_BUF_MIA,MIA,,,
2020,3,2020-09-24,2020_03_MIA_JAX,MIA,,,
2020,4,2020-10-04,2020_04_SEA_MIA,MIA,,,
2020,5,2020-10-11,2020_05_MIA_SF,MIA,,,
2020,6,2020-10-18,2020_06_NYJ_MIA,MIA,,,
2020,8,2020-11-01,2020_08_LA_MIA,MIA,0.69804484,0.4220591963537869,2.4108827
2020,9,2020-11-08,2020_09_MIA_ARI,MIA,0.49929836,0.4216944151730336,2.3738456
2020,10,2020-11-15,2020_10_LAC_MIA,MIA,0.49835145,0.4246360160558109,2.4162698
2020,11,2020-11-22,2020_11_MIA_DEN,MIA,0.2584947,0.4359792098990048,2.3389971
2020,12,2020-11-29,2020_12_MIA_NYJ,MIA,0.05727702,0.4093146317870582,2.1723304
2020,13,2020-12-06,2020_13_CIN_MIA,MIA,-0.26684284,0.3964764283238548,1.8781385
2020,14,2020-12-13,2020_14_KC_MIA,MIA,-0.17507823,0.4102367841296651,1.880303
2020,15,2020-12-20,2020_15_NE_MIA,MIA,-0.004545962,0.4152626486421367,2.035065
2020,16,2020-12-26,2020_16_MIA_LV,MIA,-0.05620757,0.3932363258968598,1.9758058
2020,17,2021-01-03,2020_17_MIA_BUF,MIA,0.055601057,0.370236409146943,1.8975229
2021,1,2021-09-12,2021_01_MIA_NE,MIA,,,
2021,2,2021-09-19,2021_02_BUF_MIA,MIA,,,
2021,3,2021-09-26,2021_03_MIA_LV,MIA,,,
2021,4,2021-10-03,2021_04_IND_MIA,MIA,,,
2021,5,2021-10-10,2021_05_MIA_TB,MIA,,,
2021,6,2021-10-17,2021_06_MIA_JAX,MIA,,,
2021,7,2021-10-24,2021_07_ATL_MIA,MIA,-0.3956299,0.3396000149390672,1.5215489
2021,8,2021-10-31,2021_08_MIA_BUF,MIA,-0.38406086,0.344897093468469,1.5956229
2021,9,2021-11-07,2021_09_HOU_MIA,MIA,-0.11459754,0.3487581244128332,1.7622895
2021,10,2021-11-11,2021_10_BAL_MIA,MIA,-0.23669882,0.3377007597096352,1.692845
2021,11,2021-11-21,2021_11_MIA_NYJ,MIA,-0.35704693,0.3346826270486454,1.599988
2021,12,2021-11-28,2021_12_CAR_MIA,MIA,-0.3027527,0.3378240816520883,1.6488096
2021,13,2021-12-05,2021_13_NYG_MIA,MIA,-0.29214096,0.3522706554123876,1.7207793
2021,15,2021-12-19,2021_15_NYJ_MIA,MIA,-0.35062814,0.3411826150156351,1.6096681
2021,16,2021-12-27,2021_16_MIA_NO,MIA,-0.2079219,0.3411312774642975,1.8404374
2021,17,2022-01-02,2021_17_MIA_TEN,MIA,-0.21458797,0.3471280777319311,1.7987708
2021,18,2022-01-09,2021_18_NE_MIA,MIA,-0.5251503,0.3316433790491804,1.653749
2022,1,2022-09-11,2022_01_NE_MIA,MIA,,,
2022,2,2022-09-18,2022_02_MIA_BAL,MIA,,,
2022,3,2022-09-25,2022_03_BUF_MIA,MIA,,,
2022,4,2022-09-29,2022_04_MIA_CIN,MIA,,,
2022,5,2022-10-09,2022_05_MIA_NYJ,MIA,,,
2022,6,2022-10-16,2022_06_MIN_MIA,MIA,,,
2022,7,2022-10-23,2022_07_PIT_MIA,MIA,0.20176508,0.4206420636976192,1.986983
2022,8,2022-10-30,2022_08_MIA_DET,MIA,0.10627399,0.3842837717837717,1.9499459
2022,9,2022-11-06,2022_09_MIA_CHI,MIA,0.04531787,0.3808759527509527,1.9594156
2022,10,2022-11-13,2022_10_CLE_MIA,MIA,0.17292635,0.388205105080105,2.005249
2022,12,2022-11-27,2022_12_HOU_MIA,MIA,0.669035,0.4247190540940541,2.5001986
2022,13,2022-12-04,2022_13_MIA_SF,MIA,0.71041393,0.4281079271257842,2.5498016
2022,14,2022-12-11,2022_14_MIA_LAC,MIA,0.66075724,0.4089308791025823,2.577274
2022,15,2022-12-17,2022_15_MIA_BUF,MIA,0.67453057,0.4072293399010432,2.6126277
2022,16,2022-12-25,2022_16_GB_MIA,MIA,0.5447286,0.4075587558554592,2.4501278
2022,17,2023-01-01,2022_17_MIA_NE,MIA,0.17543918,0.3905467358888937,2.2698247
2022,18,2023-01-08,2022_18_NYJ_MIA,MIA,-0.32154667,0.3588427916849495,1.8657842
2023,1,2023-09-10,2023_01_MIA_LAC,MIA,,,
2023,2,2023-09-17,2023_02_MIA_NE,MIA,,,
2023,3,2023-09-24,2023_03_DEN_MIA,MIA,,,
2023,4,2023-10-01,2023_04_MIA_BUF,MIA,,,
2023,5,2023-10-08,2023_05_NYG_MIA,MIA,,,
2023,6,2023-10-15,2023_06_CAR_MIA,MIA,,,
2023,7,2023-10-22,2023_07_MIA_PHI,MIA,1.0767046,0.4650129151752529,3.098485
2023,8,2023-10-29,2023_08_NE_MIA,MIA,0.63661027,0.4603854719114459,2.756734
2023,9,2023-11-05,2023_09_MIA_KC,MIA,0.5905091,0.4371048037778366,2.8627946
2023,11,2023-11-19,2023_11_LV_MIA,MIA,-0.012042913,0.4126562695078739,2.2415826
2023,12,2023-11-24,2023_12_MIA_NYJ,MIA,-0.041767895,0.3984712902254919,2.1766474
2023,13,2023-12-03,2023_13_MIA_WAS,MIA,-0.0054537132,0.3897984876382157,2.0958393
2023,14,2023-12-11,2023_14_TEN_MIA,MIA,0.23700076,0.410892439982168,2.1625059
2023,15,2023-12-17,2023_15_NYJ_MIA,MIA,0.42148736,0.4277395529831271,2.228033
2023,16,2023-12-24,2023_16_DAL_MIA,MIA,0.4325504,0.4341010291975445,2.258336
2023,17,2023-12-31,2023_17_MIA_BAL,MIA,0.70257115,0.4500700909999396,2.4536223
2023,18,2024-01-07,2023_18_BUF_MIA,MIA,0.6677874,0.462047642963486,2.479416
2024,1,2024-09-08,2024_01_JAX_MIA,MIA,,,
2024,2,2024-09-12,2024_02_BUF_MIA,MIA,,,
2024,3,2024-09-22,2024_03_MIA_SEA,MIA,,,
2024,4,2024-09-30,2024_04_TEN_MIA,MIA,,,
2024,5,2024-10-06,2024_05_MIA_NE,MIA,,,
2024,7,2024-10-20,2024_07_MIA_IND,MIA,,,
2024,8,2024-10-27,2024_08_ARI_MIA,MIA,-1.3482505,0.3714886942215373,1.0313715
2024,9,2024-11-03,2024_09_MIA_BUF,MIA,-1.0526004,0.3781913665492096,1.2283411
2024,10,2024-11-11,2024_10_MIA_LA,MIA,-0.39644527,0.3901533243445008,1.5616745
2024,11,2024-11-17,2024_11_LV_MIA,MIA,-0.06175217,0.4028173963835728,1.8684926
2024,12,2024-11-24,2024_12_NE_MIA,MIA,0.8111541,0.44448385317608,2.5241702
2024,13,2024-11-28,2024_13_MIA_GB,MIA,0.90831727,0.4577093259603764,2.732795
2024,14,2024-12-08,2024_14_NYJ_MIA,MIA,1.304314,0.4775104610392892,2.908721
2024,15,2024-12-15,2024_15_MIA_HOU,MIA,1.3544183,0.5015815982354265,2.942054
2024,16,2024-12-22,2024_16_SF_MIA,MIA,0.8144054,0.4873983200938149,2.6420543
2024,17,2024-12-29,2024_17_MIA_CLE,MIA,1.1199936,0.5102759054714003,2.7329633
2024,18,2025-01-05,2024_18_MIA_NYJ,MIA,0.4311618,0.4791072841767286,2.1798499
2016,1,2016-09-11,2016_01_MIN_TEN,MIN,,,
2016,2,2016-09-18,2016_02_GB_MIN,MIN,,,
2016,3,2016-09-25,2016_03_MIN_CAR,MIN,,,
2016,4,2016-10-03,2016_04_NYG_MIN,MIN,,,
2016,5,2016-10-09,2016_05_HOU_MIN,MIN,,,
2016,7,2016-10-23,2016_07_MIN_PHI,MIN,,,
2016,8,2016-10-31,2016_08_MIN_CHI,MIN,-0.533777,0.3150136425777451,1.4114219
2016,9,2016-11-06,2016_09_DET_MIN,MIN,-0.5636031,0.3121383851191543,1.3975329
2016,10,2016-11-13,2016_10_MIN_WAS,MIN,-0.56425196,0.3164663256970949,1.3823814
2016,11,2016-11-20,2016_11_ARI_MIN,MIN,-0.45467278,0.3543995036302728,1.5362277
2016,12,2016-11-24,2016_12_MIN_DET,MIN,-0.577549,0.3738919413919414,1.5362277
2016,13,2016-12-01,2016_13_DAL_MIN,MIN,-0.6361559,0.3677025674942341,1.4297462
2016,14,2016-12-11,2016_14_MIN_JAX,MIN,-0.51708144,0.3949550393489787,1.51813
2016,15,2016-12-18,2016_15_IND_MIN,MIN,-0.26092818,0.3858135747529687,1.7302513
2016,16,2016-12-24,2016_16_MIN_GB,MIN,-0.46046686,0.3942652619546559,1.5878271
2016,17,2017-01-01,2016_17_CHI_MIN,MIN,-0.5355893,0.3765789667683607,1.5521127
2017,1,2017-09-11,2017_01_NO_MIN,MIN,,,
2017,2,2017-09-17,2017_02_MIN_PIT,MIN,,,
2017,3,2017-09-24,2017_03_TB_MIN,MIN,,,
2017,4,2017-10-01,2017_04_DET_MIN,MIN,,,
2017,5,2017-10-09,2017_05_MIN_CHI,MIN,,,
2017,6,2017-10-15,2017_06_GB_MIN,MIN,,,
2017,7,2017-10-22,2017_07_BAL_MIN,MIN,-0.2068321,0.3664664007691283,1.8558987
2017,8,2017-10-29,2017_08_MIN_CLE,MIN,-0.49509323,0.3570045457517177,1.682498
2017,10,2017-11-12,2017_10_MIN_WAS,MIN,-0.16744958,0.3710128533612158,1.9503552
2017,11,2017-11-19,2017_11_LA_MIN,MIN,-0.1394047,0.3862385441885109,2.0109613
2017,12,2017-11-23,2017_12_MIN_DET,MIN,0.3153633,0.4048318898406801,2.3049006
2017,13,2017-12-03,2017_13_MIN_ATL,MIN,0.40739205,0.4052555209934779,2.4437897
2017,14,2017-12-10,2017_14_MIN_CAR,MIN,0.5437813,0.416478721382088,2.4081771
2017,15,2017-12-17,2017_15_CIN_MIN,MIN,0.42199254,0.4154314353348019,2.352233
2017,16,2017-12-23,2017_16_MIN_GB,MIN,0.27663168,0.3940118826652493,2.292709
2017,17,2017-12-31,2017_17_CHI_MIN,MIN,-0.039987445,0.3655048607870153,1.9391738
2018,1,2018-09-09,2018_01_SF_MIN,MIN,,,
2018,2,2018-09-16,2018_02_MIN_GB,MIN,,,
2018,3,2018-09-23,2018_03_BUF_MIN,MIN,,,
2018,4,2018-09-27,2018_04_MIN_LA,MIN,,,
2018,5,2018-10-07,2018_05_MIN_PHI,MIN,,,
2018,6,2018-10-14,2018_06_ARI_MIN,MIN,,,
2018,7,2018-10-21,2018_07_MIN_NYJ,MIN,-0.5832036,0.3788339382432789,1.7345988
2018,8,2018-10-28,2018_08_NO_MIN,MIN,-0.4368049,0.3743555483576492,1.8665746
2018,9,2018-11-04,2018_09_DET_MIN,MIN,-0.6010475,0.3631438583591945,1.8281131
2018,11,2018-11-18,2018_11_MIN_CHI,MIN,-0.24626303,0.4055244869898231,2.0447798
2018,12,2018-11-25,2018_12_GB_MIN,MIN,-0.5553691,0.405168025269725,1.8781132
2018,13,2018-12-02,2018_13_MIN_NE,MIN,-0.55981874,0.3890438716455713,1.9538707
2018,14,2018-12-10,2018_14_MIN_SEA,MIN,-0.5696388,0.3931675918407202,1.7839571
2018,15,2018-12-16,2018_15_MIA_MIN,MIN,-0.82355165,0.4018379791875781,1.5272727
2018,16,2018-12-23,2018_16_MIN_DET,MIN,-0.6521341,0.4123614684978321,1.7195805
2018,17,2018-12-30,2018_17_CHI_MIN,MIN,-0.6501454,0.3800240374104011,1.7945805
2019,1,2019-09-08,2019_01_ATL_MIN,MIN,,,
2019,2,2019-09-15,2019_02_MIN_GB,MIN,,,
2019,3,2019-09-22,2019_03_OAK_MIN,MIN,,,
2019,4,2019-09-29,2019_04_MIN_CHI,MIN,,,
2019,5,2019-10-06,2019_05_MIN_NYG,MIN,,,
2019,6,2019-10-13,2019_06_PHI_MIN,MIN,,,
2019,7,2019-10-20,2019_07_MIN_DET,MIN,0.4074242,0.3794598003666631,2.2722223
2019,8,2019-10-24,2019_08_WAS_MIN,MIN,0.7747924,0.3857461529030156,2.441919
2019,9,2019-11-03,2019_09_MIN_KC,MIN,0.9352284,0.3961154710848338,2.6599748
2019,10,2019-11-10,2019_10_MIN_DAL,MIN,0.6540665,0.3655002645321272,2.4127524
2019,11,2019-11-17,2019_11_DEN_MIN,MIN,1.1679645,0.396706373238236,2.8312712
2019,13,2019-12-02,2019_13_MIN_SEA,MIN,0.8532463,0.3944459442732616,2.8070288
2019,14,2019-12-08,2019_14_DET_MIN,MIN,0.67247206,0.3788523240227786,2.5869431
2019,15,2019-12-15,2019_15_MIN_LAC,MIN,0.16264042,0.3639100903305449,2.2283573
2019,16,2019-12-23,2019_16_GB_MIN,MIN,0.25989765,0.3793958969621849,2.2908573
2019,17,2019-12-29,2019_17_CHI_MIN,MIN,-0.18178348,0.3734390644428524,2.099618
2020,1,2020-09-13,2020_01_GB_MIN,MIN,,,
2020,2,2020-09-20,2020_02_MIN_IND,MIN,,,
2020,3,2020-09-27,2020_03_TEN_MIN,MIN,,,
2020,4,2020-10-04,2020_04_MIN_HOU,MIN,,,
2020,5,2020-10-11,2020_05_MIN_SEA,MIN,,,
2020,6,2020-10-18,2020_06_ATL_MIN,MIN,,,
2020,8,2020-11-01,2020_08_MIN_GB,MIN,0.18711434,0.3564035193286972,2.2785547
2020,9,2020-11-08,2020_09_DET_MIN,MIN,0.37008676,0.3586015792053285,2.3785546
2020,10,2020-11-16,2020_10_MIN_CHI,MIN,0.63679117,0.3928015879507918,2.710373
2020,11,2020-11-22,2020_11_DAL_MIN,MIN,0.60988957,0.3804448919402496,2.5693471
2020,12,2020-11-29,2020_12_CAR_MIN,MIN,0.40710178,0.3703025686350475,2.563034
2020,13,2020-12-06,2020_13_JAX_MIN,MIN,0.25171933,0.3702705653733792,2.5933373
2020,14,2020-12-13,2020_14_MIN_TB,MIN,0.19703801,0.378401217514448,2.5343094
2020,15,2020-12-20,2020_15_CHI_MIN,MIN,-0.23855476,0.366167699782119,2.1593094
2020,16,2020-12-25,2020_16_MIN_NO,MIN,-0.20653753,0.3609485712675359,2.094158
2020,17,2021-01-03,2020_17_MIN_DET,MIN,-0.017047575,0.3751871105060751,2.350568
2021,1,2021-09-12,2021_01_MIN_CIN,MIN,,,
2021,2,2021-09-19,2021_02_MIN_ARI,MIN,,,
2021,3,2021-09-26,2021_03_SEA_MIN,MIN,,,
2021,4,2021-10-03,2021_04_CLE_MIN,MIN,,,
2021,5,2021-10-10,2021_05_DET_MIN,MIN,,,
2021,6,2021-10-17,2021_06_MIN_CAR,MIN,,,
2021,8,2021-10-31,2021_08_DAL_MIN,MIN,0.1275943,0.3690511298376142,2.02297
2021,9,2021-11-07,2021_09_MIN_BAL,MIN,-0.030110849,0.356356396077597,1.9375
2021,10,2021-11-14,2021_10_MIN_LAC,MIN,0.086600184,0.3444696716908726,2.032197
2021,11,2021-11-21,2021_11_GB_MIN,MIN,-0.203586,0.3333497845098224,1.8162879
2021,12,2021-11-28,2021_12_MIN_SF,MIN,0.4174193,0.3629350719076098,2.3486953
2021,13,2021-12-05,2021_13_MIN_DET,MIN,0.5259369,0.3713737011795723,2.4459174
2021,14,2021-12-09,2021_14_PIT_MIN,MIN,0.5675355,0.3785454935076147,2.4667509
2021,15,2021-12-20,2021_15_MIN_CHI,MIN,0.6408116,0.3922812502722176,2.706067
2021,16,2021-12-26,2021_16_LA_MIN,MIN,0.37176454,0.378633593916228,2.4724813
2021,17,2022-01-02,2021_17_MIN_GB,MIN,0.112324335,0.3748510689215817,2.3828347
2021,18,2022-01-09,2021_18_CHI_MIN,MIN,-0.5062558,0.3447284137989266,1.9047203
2022,1,2022-09-11,2022_01_GB_MIN,MIN,,,
2022,2,2022-09-19,2022_02_MIN_PHI,MIN,,,
2022,3,2022-09-25,2022_03_DET_MIN,MIN,,,
2022,4,2022-10-02,2022_04_MIN_NO,MIN,,,
2022,5,2022-10-09,2022_05_CHI_MIN,MIN,,,
2022,6,2022-10-16,2022_06_MIN_MIA,MIN,,,
2022,8,2022-10-30,2022_08_ARI_MIN,MIN,0.10422993,0.3945401049567716,2.0869205
2022,9,2022-11-06,2022_09_MIN_WAS,MIN,0.028162071,0.4048061174343225,2.1394846
2022,10,2022-11-13,2022_10_MIN_BUF,MIN,0.26390868,0.4088211301993352,2.3258483
2022,11,2022-11-20,2022_11_DAL_MIN,MIN,0.37043604,0.4024159612941664,2.2883024
2022,12,2022-11-24,2022_12_NE_MIN,MIN,-0.23452163,0.3651023489805541,1.9140601
2022,13,2022-12-04,2022_13_NYJ_MIN,MIN,-0.24658519,0.3571256397783547,1.8770231
2022,14,2022-12-11,2022_14_MIN_DET,MIN,-0.18782847,0.350554461668715,1.9565102
2022,15,2022-12-17,2022_15_IND_MIN,MIN,-0.16000928,0.3405189131716281,1.8690976
2022,16,2022-12-24,2022_16_NYG_MIN,MIN,-0.32374915,0.3410064008301683,1.9081726
2022,17,2023-01-01,2022_17_MIN_GB,MIN,-0.34873018,0.3429413485984495,1.961744
2022,18,2023-01-08,2022_18_MIN_CHI,MIN,-0.23249894,0.3708699856179955,2.1693199
2023,1,2023-09-10,2023_01_TB_MIN,MIN,,,
2023,2,2023-09-14,2023_02_MIN_PHI,MIN,,,
2023,3,2023-09-24,2023_03_LAC_MIN,MIN,,,
2023,4,2023-10-01,2023_04_MIN_CAR,MIN,,,
2023,5,2023-10-08,2023_05_KC_MIN,MIN,,,
2023,6,2023-10-15,2023_06_MIN_CHI,MIN,,,
2023,7,2023-10-23,2023_07_SF_MIN,MIN,-0.26674312,0.4054234741417228,1.8926768
2023,8,2023-10-29,2023_08_MIN_GB,MIN,-0.033795122,0.4107305127820947,2.0425084
2023,9,2023-11-05,2023_09_MIN_ATL,MIN,-0.057933655,0.4085293343309162,2.018266
2023,10,2023-11-12,2023_10_NO_MIN,MIN,-0.07613167,0.3890292766315579,2.0520656
2023,11,2023-11-19,2023_11_MIN_DEN,MIN,0.0203649,0.3714184461040606,2.1770656
2023,12,2023-11-27,2023_12_CHI_MIN,MIN,-0.09977651,0.3818589417467622,2.093732
2023,14,2023-12-10,2023_14_MIN_LV,MIN,-0.24389462,0.3530620441998647,2.0646918
2023,15,2023-12-16,2023_15_MIN_CIN,MIN,-0.6696866,0.354092186896674,1.7027389
2023,16,2023-12-24,2023_16_DET_MIN,MIN,-0.6317261,0.358741657796145,1.7027389
2023,17,2023-12-31,2023_17_GB_MIN,MIN,-0.5911341,0.3587669352252685,1.7053031
2023,18,2024-01-07,2023_18_MIN_DET,MIN,-0.7937649,0.3531104774854774,1.4818182
2024,1,2024-09-08,2024_01_MIN_NYG,MIN,,,
2024,2,2024-09-15,2024_02_SF_MIN,MIN,,,
2024,3,2024-09-22,2024_03_HOU_MIN,MIN,,,
2024,4,2024-09-29,2024_04_MIN_GB,MIN,,,
2024,5,2024-10-06,2024_05_NYJ_MIN,MIN,,,
2024,7,2024-10-20,2024_07_DET_MIN,MIN,,,
2024,8,2024-10-24,2024_08_MIN_LA,MIN,0.115581386,0.4301507222935794,2.0632393
2024,9,2024-11-03,2024_09_IND_MIN,MIN,0.13233477,0.4187984942746847,2.1002767
2024,10,2024-11-10,2024_10_MIN_JAX,MIN,0.015431964,0.3974489053114594,2.0699735
2024,11,2024-11-17,2024_11_MIN_TEN,MIN,-0.14314269,0.4004152535487055,1.7548221
2024,12,2024-11-24,2024_12_MIN_CHI,MIN,-0.11082706,0.3940529892697745,1.729822
2024,13,2024-12-01,2024_13_ARI_MIN,MIN,0.12582259,0.3982941464642284,1.9120564
2024,14,2024-12-08,2024_14_ATL_MIN,MIN,0.13446735,0.4216627377494863,1.9759454
2024,15,2024-12-16,2024_15_CHI_MIN,MIN,0.37824023,0.4380717776433747,2.2419386
2024,16,2024-12-22,2024_16_MIN_SEA,MIN,0.623877,0.443288610473844,2.4237568
2024,17,2024-12-29,2024_17_GB_MIN,MIN,0.77162296,0.4310468154611511,2.5699108
2024,18,2025-01-05,2024_18_MIN_DET,MIN,0.70162207,0.4436858388956291,2.659557
2016,1,2016-09-11,2016_01_NE_ARI,NE,,,
2016,2,2016-09-18,2016_02_MIA_NE,NE,,,
2016,3,2016-09-22,2016_03_HOU_NE,NE,,,
2016,4,2016-10-02,2016_04_BUF_NE,NE,,,
2016,5,2016-10-09,2016_05_NE_CLE,NE,,,
2016,6,2016-10-16,2016_06_CIN_NE,NE,,,
2016,7,2016-10-23,2016_07_NE_PIT,NE,0.5153993,0.3863242313242312,2.2017095
2016,8,2016-10-30,2016_08_NE_BUF,NE,0.48348352,0.3715784678284679,2.193376
2016,10,2016-11-13,2016_10_SEA_NE,NE,0.77007246,0.3787581073610485,2.3840325
2016,11,2016-11-20,2016_11_NE_SF,NE,0.9242117,0.3705568641598053,2.4378788
2016,12,2016-11-27,2016_12_NE_NYJ,NE,1.3827043,0.3908468288247699,2.8545456
2016,13,2016-12-04,2016_13_LA_NE,NE,1.2406459,0.3932497499776912,2.7573233
2016,14,2016-12-12,2016_14_BAL_NE,NE,0.9086203,0.3759392826672238,2.4795454
2016,15,2016-12-18,2016_15_NE_DEN,NE,0.8795614,0.3954176548241674,2.4378788
2016,16,2016-12-24,2016_16_NYJ_NE,NE,0.4935138,0.391091180644752,2.021795
2016,17,2017-01-01,2016_17_NE_MIA,NE,0.5524841,0.3995792897578612,2.1912394
2017,1,2017-09-07,2017_01_KC_NE,NE,,,
2017,2,2017-09-17,2017_02_NE_NO,NE,,,
2017,3,2017-09-24,2017_03_HOU_NE,NE,,,
2017,4,2017-10-01,2017_04_CAR_NE,NE,,,
2017,5,2017-10-05,2017_05_NE_TB,NE,,,
2017,6,2017-10-15,2017_06_NE_NYJ,NE,,,
2017,7,2017-10-22,2017_07_ATL_NE,NE,0.80060357,0.4180959898420215,2.4712121
2017,8,2017-10-29,2017_08_LAC_NE,NE,1.0328695,0.4456478526617415,2.62895
2017,10,2017-11-12,2017_10_NE_DEN,NE,0.7611472,0.4339213792440916,2.347132
2017,11,2017-11-19,2017_11_NE_OAK,NE,1.1679032,0.4711456745566222,2.601894
2017,12,2017-11-26,2017_12_MIA_NE,NE,1.4333373,0.4830826452354229,2.713005
2017,13,2017-12-03,2017_13_NE_BUF,NE,1.456369,0.4670119104146881,2.8738441
2017,14,2017-12-11,2017_14_NE_MIA,NE,1.5380551,0.4766824250852028,2.9238443
2017,15,2017-12-17,2017_15_NE_PIT,NE,1.229323,0.4465090105367882,2.701088
2017,16,2017-12-24,2017_16_BUF_NE,NE,1.4037032,0.4507721602411145,2.832906
2017,17,2017-12-31,2017_17_NYJ_NE,NE,1.1589369,0.4396777073084262,2.7662394
2018,1,2018-09-09,2018_01_HOU_NE,NE,,,
2018,2,2018-09-16,2018_02_NE_JAX,NE,,,
2018,3,2018-09-23,2018_03_NE_DET,NE,,,
2018,4,2018-09-30,2018_04_MIA_NE,NE,,,
2018,5,2018-10-04,2018_05_IND_NE,NE,,,
2018,6,2018-10-14,2018_06_KC_NE,NE,,,
2018,7,2018-10-21,2018_07_NE_CHI,NE,0.3070503,0.3947076090213344,2.47601
2018,8,2018-10-29,2018_08_NE_BUF,NE,0.42555198,0.4295250351849144,2.5401127
2018,9,2018-11-04,2018_09_GB_NE,NE,0.4524126,0.4493182049780843,2.5009713
2018,10,2018-11-11,2018_10_NE_TEN,NE,0.9793841,0.4579945791090039,2.8040016
2018,12,2018-11-25,2018_12_NE_NYJ,NE,0.5690733,0.4343859097282757,2.367133
2018,13,2018-12-02,2018_13_MIN_NE,NE,0.71573615,0.4237119530650142,2.2890441
2018,14,2018-12-09,2018_14_NE_MIA,NE,0.5063362,0.4215335373449318,2.0251553
2018,15,2018-12-16,2018_15_NE_PIT,NE,0.58719236,0.4022334641987048,2.114899
2018,16,2018-12-23,2018_16_BUF_NE,NE,0.6094005,0.4060782214748346,2.0361953
2018,17,2018-12-30,2018_17_NYJ_NE,NE,0.14272715,0.3837113711534389,1.833165
2019,1,2019-09-08,2019_01_PIT_NE,NE,,,
2019,2,2019-09-15,2019_02_NE_MIA,NE,,,
2019,3,2019-09-22,2019_03_NYJ_NE,NE,,,
2019,4,2019-09-29,2019_04_NE_BUF,NE,,,
2019,5,2019-10-06,2019_05_NE_WAS,NE,,,
2019,6,2019-10-10,2019_06_NYG_NE,NE,,,
2019,7,2019-10-21,2019_07_NE_NYJ,NE,0.08322052,0.3941954655742802,2.0902932
2019,8,2019-10-27,2019_08_CLE_NE,NE,-0.12564488,0.378742928693172,1.9093407
2019,9,2019-11-03,2019_09_NE_BAL,NE,-0.28077638,0.371395460438841,1.8035713
2019,11,2019-11-17,2019_11_NE_PHI,NE,-0.29556355,0.3931496982645073,1.7494589
2019,12,2019-11-24,2019_12_DAL_NE,NE,-0.11696354,0.4100227120387816,1.8483601
2019,13,2019-12-01,2019_13_NE_HOU,NE,-0.47267306,0.4064505676928278,1.6360583
2019,14,2019-12-08,2019_14_KC_NE,NE,-0.29237393,0.3865407312886305,1.7289156
2019,15,2019-12-15,2019_15_NE_CIN,NE,-0.5634182,0.3844880496228535,1.5820903
2019,16,2019-12-21,2019_16_BUF_NE,NE,-0.3932359,0.3871601007017674,1.6493979
2019,17,2019-12-29,2019_17_MIA_NE,NE,-0.23851742,0.3849764183710262,1.7100039
2020,1,2020-09-13,2020_01_MIA_NE,NE,,,
2020,2,2020-09-20,2020_02_NE_SEA,NE,,,
2020,3,2020-09-27,2020_03_LV_NE,NE,,,
2020,4,2020-10-05,2020_04_NE_KC,NE,,,
2020,6,2020-10-18,2020_06_DEN_NE,NE,,,
2020,7,2020-10-25,2020_07_SF_NE,NE,,,
2020,8,2020-11-01,2020_08_NE_BUF,NE,-0.17938459,0.4258201032506588,1.6136364
2020,9,2020-11-09,2020_09_NE_NYJ,NE,-0.21933722,0.431707425804648,1.6136364
2020,10,2020-11-15,2020_10_BAL_NE,NE,0.030952761,0.4199950640922862,1.8055555
2020,11,2020-11-22,2020_11_NE_HOU,NE,0.009042551,0.4100193530749085,1.7722222
2020,12,2020-11-29,2020_12_ARI_NE,NE,0.35284737,0.4213047124523733,1.9540404
2020,13,2020-12-06,2020_13_NE_LAC,NE,0.4444821,0.4341661822582874,2.1425927
2020,14,2020-12-10,2020_14_NE_LA,NE,0.73555976,0.4331801312722365,2.4898148
2020,15,2020-12-20,2020_15_NE_MIA,NE,0.19506663,0.4031417154699317,2.1425927
2020,16,2020-12-28,2020_16_BUF_NE,NE,-0.16737132,0.3991978873073536,1.8370371
2020,17,2021-01-03,2020_17_NYJ_NE,NE,-0.37225762,0.3850330911981131,1.6203704
2021,1,2021-09-12,2021_01_MIA_NE,NE,,,
2021,2,2021-09-19,2021_02_NE_NYJ,NE,,,
2021,3,2021-09-26,2021_03_NO_NE,NE,,,
2021,4,2021-10-03,2021_04_TB_NE,NE,,,
2021,5,2021-10-10,2021_05_NE_HOU,NE,,,
2021,6,2021-10-17,2021_06_DAL_NE,NE,,,
2021,7,2021-10-24,2021_07_NYJ_NE,NE,-0.3124021,0.4103426648922972,1.9584535
2021,8,2021-10-31,2021_08_NE_LAC,NE,0.24336451,0.4148077468431746,2.443302
2021,9,2021-11-07,2021_09_NE_CAR,NE,0.20161253,0.4238194912715857,2.356181
2021,10,2021-11-14,2021_10_CLE_NE,NE,0.34855285,0.4370370811435873,2.4483526
2021,11,2021-11-18,2021_11_NE_ATL,NE,1.000759,0.4690028006093068,3.02411
2021,12,2021-11-28,2021_12_TEN_NE,NE,0.8635495,0.4640527647156434,2.825036
2021,13,2021-12-06,2021_13_NE_BUF,NE,1.1959285,0.4790849127023369,3.0252526
2021,15,2021-12-18,2021_15_NE_IND,NE,0.58498627,0.4483587827716616,2.4404042
2021,16,2021-12-26,2021_16_BUF_NE,NE,0.36030683,0.4307128022090143,2.4320707
2021,17,2022-01-02,2021_17_JAX_NE,NE,0.5866808,0.4220825707846652,2.5968435
2021,18,2022-01-09,2021_18_NE_MIA,NE,0.46440384,0.434358720560815,2.5968435
2022,1,2022-09-11,2022_01_NE_MIA,NE,,,
2022,2,2022-09-18,2022_02_NE_PIT,NE,,,
2022,3,2022-09-25,2022_03_BAL_NE,NE,,,
2022,4,2022-10-02,2022_04_NE_GB,NE,,,
2022,5,2022-10-09,2022_05_DET_NE,NE,,,
2022,6,2022-10-16,2022_06_NE_CLE,NE,,,
2022,7,2022-10-24,2022_07_CHI_NE,NE,0.0102849575,0.4149675387076181,1.8597884
2022,8,2022-10-30,2022_08_NE_NYJ,NE,-0.056549672,0.4224283906129143,1.9422799
2022,9,2022-11-06,2022_09_IND_NE,NE,-0.12155097,0.4113630670475908,1.940998
2022,11,2022-11-20,2022_11_NYJ_NE,NE,-0.2725505,0.4074643577322148,1.8021089
2022,12,2022-11-24,2022_12_NE_MIN,NE,-0.5089222,0.392509520902378,1.6076646
2022,13,2022-12-01,2022_13_BUF_NE,NE,-0.5952791,0.3693572565001137,1.6182705
2022,14,2022-12-12,2022_14_NE_ARI,NE,-0.86215305,0.3665054601019513,1.3510748
2022,15,2022-12-18,2022_15_NE_LV,NE,-0.7203019,0.3669087605052517,1.4081844
2022,16,2022-12-24,2022_16_CIN_NE,NE,-0.8059857,0.3644254594925389,1.3569022
2022,17,2023-01-01,2022_17_MIA_NE,NE,-0.7602315,0.355356966257379,1.3013468
2022,18,2023-01-08,2022_18_NE_BUF,NE,-0.5773053,0.3284493830997959,1.4819022
2023,1,2023-09-10,2023_01_PHI_NE,NE,,,
2023,2,2023-09-17,2023_02_MIA_NE,NE,,,
2023,3,2023-09-24,2023_03_NE_NYJ,NE,,,
2023,4,2023-10-01,2023_04_NE_DAL,NE,,,
2023,5,2023-10-08,2023_05_NO_NE,NE,,,
2023,6,2023-10-15,2023_06_NE_LV,NE,,,
2023,7,2023-10-22,2023_07_BUF_NE,NE,-1.4935011,0.2898462318105175,1.040922
2023,8,2023-10-29,2023_08_NE_MIA,NE,-1.1912347,0.3112189948499472,1.2678452
2023,9,2023-11-05,2023_09_WAS_NE,NE,-1.3065785,0.2884107845417369,1.2678452
2023,10,2023-11-12,2023_10_IND_NE,NE,-1.1758665,0.3042176243069101,1.3372895
2023,12,2023-11-26,2023_12_NE_NYG,NE,-0.72442317,0.3387065966635294,1.3918351
2023,13,2023-12-03,2023_13_LAC_NE,NE,-0.40281346,0.3627876412802883,1.4890572
2023,14,2023-12-07,2023_14_NE_PIT,NE,-0.6732011,0.35690047289312,1.1742424
2023,15,2023-12-17,2023_15_KC_NE,NE,-0.9012243,0.3374563367823172,0.9601398
2023,16,2023-12-24,2023_16_NE_DEN,NE,-1.0192984,0.347338319878586,0.9049451
2023,17,2023-12-31,2023_17_NE_BUF,NE,-1.1499525,0.3344462901710801,0.9069292
2023,18,2024-01-07,2023_18_NYJ_NE,NE,-1.2500466,0.3139433318004747,1.07616
2024,1,2024-09-08,2024_01_NE_CIN,NE,,,
2024,2,2024-09-15,2024_02_SEA_NE,NE,,,
2024,3,2024-09-19,2024_03_NE_NYJ,NE,,,
2024,4,2024-09-29,2024_04_NE_SF,NE,,,
2024,5,2024-10-06,2024_05_MIA_NE,NE,,,
2024,6,2024-10-13,2024_06_HOU_NE,NE,,,
2024,7,2024-10-20,2024_07_NE_JAX,NE,-0.8409827,0.4123008625212385,1.1820707
2024,8,2024-10-27,2024_08_NYJ_NE,NE,-0.97394615,0.403764563127096,1.2117003
2024,9,2024-11-03,2024_09_NE_TEN,NE,-0.9861293,0.4004878848637867,1.3505893
2024,10,2024-11-10,2024_10_NE_CHI,NE,-0.84084076,0.4045964913713831,1.5526094
2024,11,2024-11-17,2024_11_LA_NE,NE,-0.5854791,0.4069392874641792,1.6359428
2024,12,2024-11-24,2024_12_NE_MIA,NE,-0.26376393,0.413482080623134,1.8918351
2024,13,2024-12-01,2024_13_IND_NE,NE,-0.26801676,0.4228372706101921,1.7572197
2024,15,2024-12-15,2024_15_NE_ARI,NE,-0.100513816,0.4378832585728467,1.9053679
2024,16,2024-12-22,2024_16_NE_BUF,NE,-0.11190427,0.4563315695211576,1.8035159
2024,17,2024-12-28,2024_17_LAC_NE,NE,0.052102517,0.4675406413283156,1.8959402
2024,18,2025-01-05,2024_18_BUF_NE,NE,-0.19487435,0.461425922713597,1.7381119
2016,1,2016-09-11,2016_01_OAK_NO,NO,,,
2016,2,2016-09-18,2016_02_NO_NYG,NO,,,
2016,3,2016-09-26,2016_03_ATL_NO,NO,,,
2016,4,2016-10-02,2016_04_NO_SD,NO,,,
2016,6,2016-10-16,2016_06_CAR_NO,NO,,,
2016,7,2016-10-23,2016_07_NO_KC,NO,,,
2016,8,2016-10-30,2016_08_SEA_NO,NO,0.41099155,0.421784159403207,2.5594757
2016,9,2016-11-06,2016_09_NO_SF,NO,0.22652292,0.4120834434524911,2.460991
2016,10,2016-11-13,2016_10_DEN_NO,NO,0.6792806,0.4284600155982939,2.7896621
2016,11,2016-11-17,2016_11_NO_CAR,NO,0.29379976,0.4138626530842648,2.516514
2016,12,2016-11-27,2016_12_LA_NO,NO,0.2327675,0.4290032156070697,2.3776252
2016,13,2016-12-04,2016_13_DET_NO,NO,0.338634,0.4314250992789533,2.517735
2016,14,2016-12-11,2016_14_NO_TB,NO,0.03483284,0.4192178158216699,2.3844016
2016,15,2016-12-18,2016_15_NO_ARI,NO,-0.092383504,0.404136646990501,2.1177351
2016,16,2016-12-24,2016_16_TB_NO,NO,-0.047144372,0.401319066007856,2.2587607
2016,17,2017-01-01,2016_17_NO_ATL,NO,0.3059846,0.4235140315361549,2.455983
2017,1,2017-09-11,2017_01_NO_MIN,NO,,,
2017,2,2017-09-17,2017_02_NE_NO,NO,,,
2017,3,2017-09-24,2017_03_NO_CAR,NO,,,
2017,4,2017-10-01,2017_04_NO_MIA,NO,,,
2017,6,2017-10-15,2017_06_DET_NO,NO,,,
2017,7,2017-10-22,2017_07_NO_GB,NO,,,
2017,8,2017-10-29,2017_08_CHI_NO,NO,0.588384,0.4139005854296922,2.314407
2017,9,2017-11-05,2017_09_TB_NO,NO,0.3967395,0.4033393488267889,2.2403333
2017,10,2017-11-12,2017_10_NO_BUF,NO,0.42225376,0.3962157779532181,2.2706363
2017,11,2017-11-19,2017_11_WAS_NO,NO,0.6742723,0.4217648585022986,2.4160907
2017,12,2017-11-26,2017_12_NO_LA,NO,0.74615926,0.4388833741056628,2.5608718
2017,13,2017-12-03,2017_13_CAR_NO,NO,0.9992294,0.4399129244773184,2.5656567
2017,14,2017-12-07,2017_14_NO_ATL,NO,0.8710706,0.4481929195944347,2.6022727
2017,15,2017-12-17,2017_15_NYJ_NO,NO,0.878655,0.4708180799279284,2.6078284
2017,16,2017-12-24,2017_16_ATL_NO,NO,0.85383874,0.456941678551527,2.6132395
2017,17,2017-12-31,2017_17_NO_TB,NO,0.25079432,0.4244801200483019,2.2205627
2018,1,2018-09-09,2018_01_TB_NO,NO,,,
2018,2,2018-09-16,2018_02_CLE_NO,NO,,,
2018,3,2018-09-23,2018_03_NO_ATL,NO,,,
2018,4,2018-09-30,2018_04_NO_NYG,NO,,,
2018,5,2018-10-08,2018_05_WAS_NO,NO,,,
2018,7,2018-10-21,2018_07_NO_BAL,NO,,,
2018,8,2018-10-28,2018_08_NO_MIN,NO,1.1317645,0.443089756768227,3.1601207
2018,9,2018-11-04,2018_09_LA_NO,NO,1.0553015,0.4431884772583616,2.9985044
2018,10,2018-11-11,2018_10_NO_CIN,NO,1.4989763,0.4527286845258416,3.388656
2018,11,2018-11-18,2018_11_PHI_NO,NO,1.8299538,0.4859028394307658,3.6873739
2018,12,2018-11-22,2018_12_ATL_NO,NO,2.0155337,0.5008637499799116,3.8646467
2018,13,2018-11-29,2018_13_NO_DAL,NO,1.8108157,0.4838675979837596,3.6176767
2018,14,2018-12-09,2018_14_NO_TB,NO,1.3346432,0.4683516838567343,3.3584175
2018,15,2018-12-17,2018_15_NO_CAR,NO,1.2627872,0.4454993176015904,3.302862
2018,16,2018-12-23,2018_16_PIT_NO,NO,0.88847953,0.4296099039849039,2.802862
2018,17,2018-12-30,2018_17_CAR_NO,NO,0.40683532,0.3927652629357174,2.422559
2019,1,2019-09-09,2019_01_HOU_NO,NO,,,
2019,2,2019-09-15,2019_02_NO_LA,NO,,,
2019,3,2019-09-22,2019_03_NO_SEA,NO,,,
2019,4,2019-09-29,2019_04_DAL_NO,NO,,,
2019,5,2019-10-06,2019_05_TB_NO,NO,,,
2019,6,2019-10-13,2019_06_NO_JAX,NO,,,
2019,7,2019-10-20,2019_07_NO_CHI,NO,-0.029469213,0.4062241111862323,1.840909
2019,8,2019-10-27,2019_08_ARI_NO,NO,-0.23311646,0.3781102343223555,1.7186869
2019,10,2019-11-10,2019_10_ATL_NO,NO,0.057001304,0.4045478749645416,2.0520203
2019,11,2019-11-17,2019_11_NO_TB,NO,-0.35279545,0.387442295358962,1.8838383
2019,12,2019-11-24,2019_12_CAR_NO,NO,-0.00040667504,0.4115628353128353,2.150505
2019,13,2019-11-28,2019_13_NO_ATL,NO,0.048025608,0.4130023049341231,2.1959596
2019,14,2019-12-08,2019_14_SF_NO,NO,0.050885737,0.4050285194603376,2.2681818
2019,15,2019-12-16,2019_15_IND_NO,NO,0.2039094,0.4196979703797885,2.4801476
2019,16,2019-12-22,2019_16_NO_TEN,NO,0.39362803,0.4178190622508804,2.6400802
2019,17,2019-12-29,2019_17_NO_CAR,NO,0.8916109,0.4316025514573019,2.942461
2020,1,2020-09-13,2020_01_TB_NO,NO,,,
2020,2,2020-09-21,2020_02_NO_LV,NO,,,
2020,3,2020-09-27,2020_03_GB_NO,NO,,,
2020,4,2020-10-04,2020_04_NO_DET,NO,,,
2020,5,2020-10-12,2020_05_LAC_NO,NO,,,
2020,7,2020-10-25,2020_07_CAR_NO,NO,,,
2020,8,2020-11-01,2020_08_NO_CHI,NO,0.7379336,0.4292933497786977,2.925926
2020,9,2020-11-08,2020_09_NO_TB,NO,0.7707908,0.4215861607528274,2.925926
2020,10,2020-11-15,2020_10_SF_NO,NO,0.8903088,0.4314306372639705,3.0572388
2020,11,2020-11-22,2020_11_ATL_NO,NO,0.88456327,0.4316978486850282,2.9033928
2020,12,2020-11-29,2020_12_NO_DEN,NO,0.55238897,0.4232313306351767,2.6552448
2020,13,2020-12-06,2020_13_NO_ATL,NO,0.64186424,0.4185526359324436,2.7286575
2020,14,2020-12-13,2020_14_NO_PHI,NO,0.2851765,0.3975329149127226,2.4039822
2020,15,2020-12-20,2020_15_KC_NO,NO,0.25222492,0.4151756710170171,2.3888307
2020,16,2020-12-25,2020_16_MIN_NO,NO,-0.05080943,0.3831152710994743,2.1583111
2020,17,2021-01-03,2020_17_NO_CAR,NO,0.32748935,0.416826732520726,2.600036
2021,1,2021-09-12,2021_01_GB_NO,NO,,,
2021,2,2021-09-19,2021_02_NO_CAR,NO,,,
2021,3,2021-09-26,2021_03_NO_NE,NO,,,
2021,4,2021-10-03,2021_04_NYG_NO,NO,,,
2021,5,2021-10-10,2021_05_NO_WAS,NO,,,
2021,7,2021-10-25,2021_07_NO_SEA,NO,,,
2021,8,2021-10-31,2021_08_TB_NO,NO,-0.02503405,0.4024987919064717,2.0212057
2021,9,2021-11-07,2021_09_ATL_NO,NO,-0.37685737,0.3978882986113378,1.7341685
2021,10,2021-11-14,2021_10_NO_TEN,NO,-0.14509104,0.4005156481136873,1.9841685
2021,11,2021-11-21,2021_11_NO_PHI,NO,-0.15998419,0.3806207282187674,2.0202992
2021,12,2021-11-25,2021_12_BUF_NO,NO,-0.27380976,0.3581592635759302,2.0243394
2021,13,2021-12-02,2021_13_DAL_NO,NO,-0.7518608,0.3217096021262688,1.6921717
2021,14,2021-12-12,2021_14_NO_NYJ,NO,-0.89539057,0.3116390840200364,1.6975828
2021,15,2021-12-19,2021_15_NO_TB,NO,-0.7883857,0.3085155100631291,1.7354617
2021,16,2021-12-27,2021_16_MIA_NO,NO,-0.9273351,0.3048585189061379,1.5036241
2021,17,2022-01-02,2021_17_CAR_NO,NO,-1.364349,0.2850352865829056,1.2271091
2021,18,2022-01-09,2021_18_NO_ATL,NO,-1.376125,0.2894974013480507,1.1776141
2022,1,2022-09-11,2022_01_NO_ATL,NO,,,
2022,2,2022-09-18,2022_02_TB_NO,NO,,,
2022,3,2022-09-25,2022_03_NO_CAR,NO,,,
2022,4,2022-10-02,2022_04_MIN_NO,NO,,,
2022,5,2022-10-09,2022_05_SEA_NO,NO,,,
2022,6,2022-10-16,2022_06_CIN_NO,NO,,,
2022,7,2022-10-20,2022_07_NO_ARI,NO,-0.15240537,0.3851138394064218,1.9969779
2022,8,2022-10-30,2022_08_LV_NO,NO,-0.16637783,0.3927096976150251,2.0942004
2022,9,2022-11-07,2022_09_BAL_NO,NO,0.31019038,0.4240356766573503,2.465995
2022,10,2022-11-13,2022_10_NO_PIT,NO,0.3459197,0.411173261294935,2.5031745
2022,11,2022-11-20,2022_11_LA_NO,NO,-0.0015366202,0.3928212891929628,2.2531745
2022,12,2022-11-27,2022_12_NO_SF,NO,0.029796265,0.3958835157670942,2.163889
2022,13,2022-12-05,2022_13_NO_TB,NO,-0.45934692,0.3757697791950243,1.7305555
2022,15,2022-12-18,2022_15_ATL_NO,NO,-0.5225457,0.3536780002405002,1.5007576
2022,16,2022-12-24,2022_16_NO_CLE,NO,-0.61939925,0.3473094035594035,1.3507576
2022,17,2023-01-01,2022_17_NO_PHI,NO,-0.5568788,0.3437178183769092,1.3916668
2022,18,2023-01-08,2022_18_CAR_NO,NO,-0.45157918,0.3674714258805168,1.4194444
2023,1,2023-09-10,2023_01_TEN_NO,NO,,,
2023,2,2023-09-18,2023_02_NO_CAR,NO,,,
2023,3,2023-09-24,2023_03_NO_GB,NO,,,
2023,4,2023-10-01,2023_04_TB_NO,NO,,,
2023,5,2023-10-08,2023_05_NO_NE,NO,,,
2023,6,2023-10-15,2023_06_NO_HOU,NO,,,
2023,7,2023-10-19,2023_07_JAX_NO,NO,-0.75039905,0.3437094332682568,1.3560606
2023,8,2023-10-29,2023_08_NO_IND,NO,-0.66090256,0.3387283693586214,1.4195527
2023,9,2023-11-05,2023_09_CHI_NO,NO,-0.4285134,0.3422009361890314,1.6443001
2023,10,2023-11-12,2023_10_NO_MIN,NO,-0.48456755,0.3411388038768991,1.8109668
2023,12,2023-11-26,2023_12_NO_ATL,NO,-0.25545612,0.3531610408991361,1.9181929
2023,13,2023-12-03,2023_13_DET_NO,NO,-0.29497156,0.3603111837845731,1.8570818
2023,14,2023-12-10,2023_14_CAR_NO,NO,-0.2721834,0.3455466264464863,2.029304
2023,15,2023-12-17,2023_15_NYG_NO,NO,-0.28565452,0.3660775340309654,2.0491455
2023,16,2023-12-21,2023_16_NO_LA,NO,-0.4407144,0.3570377312411626,1.9658121
2023,17,2023-12-31,2023_17_NO_TB,NO,-0.35761055,0.3445115999650314,1.9991454
2023,18,2024-01-07,2023_18_ATL_NO,NO,-0.22479004,0.353917972913071,2.075
2024,1,2024-09-08,2024_01_CAR_NO,NO,,,
2024,2,2024-09-15,2024_02_NO_DAL,NO,,,
2024,3,2024-09-22,2024_03_PHI_NO,NO,,,
2024,4,2024-09-29,2024_04_NO_ATL,NO,,,
2024,5,2024-10-07,2024_05_NO_KC,NO,,,
2024,6,2024-10-13,2024_06_TB_NO,NO,,,
2024,7,2024-10-17,2024_07_DEN_NO,NO,0.1826243,0.4448831633145358,2.4954545
2024,8,2024-10-27,2024_08_NO_LAC,NO,-0.41242576,0.4233373480187206,1.9222223
2024,9,2024-11-03,2024_09_NO_CAR,NO,-1.0624248,0.385384694839823,1.265812
2024,10,2024-11-10,2024_10_ATL_NO,NO,-0.7918589,0.3910460957284967,1.3991452
2024,11,2024-11-17,2024_11_CLE_NO,NO,-0.88041306,0.3732562929386938,1.2769231
2024,13,2024-12-01,2024_13_LA_NO,NO,-0.5425196,0.406995659632606,1.5905595
2024,14,2024-12-08,2024_14_NO_NYG,NO,-0.32670832,0.3961078738980065,1.6488928
2024,15,2024-12-15,2024_15_WAS_NO,NO,-0.12924051,0.390055956238946,1.6766706
2024,16,2024-12-23,2024_16_NO_GB,NO,0.10109628,0.3904419464753636,1.9515992
2024,17,2024-12-29,2024_17_LV_NO,NO,-0.34070778,0.3868249312421867,1.618266
2024,18,2025-01-05,2024_18_NO_TB,NO,-0.6146651,0.3917847862020417,1.4920034
2016,1,2016-09-11,2016_01_NYG_DAL,NYG,,,
2016,2,2016-09-18,2016_02_NO_NYG,NYG,,,
2016,3,2016-09-25,2016_03_WAS_NYG,NYG,,,
2016,4,2016-10-03,2016_04_NYG_MIN,NYG,,,
2016,5,2016-10-09,2016_05_NYG_GB,NYG,,,
2016,6,2016-10-16,2016_06_BAL_NYG,NYG,,,
2016,7,2016-10-23,2016_07_NYG_LA,NYG,-0.2793757,0.395643010889223,1.6872896
2016,9,2016-11-06,2016_09_PHI_NYG,NYG,-0.36268613,0.3969127948971023,1.4478716
2016,10,2016-11-14,2016_10_CIN_NYG,NYG,-0.33805308,0.3854803230479637,1.6200938
2016,11,2016-11-20,2016_11_CHI_NYG,NYG,-0.51683575,0.368828456396097,1.4802337
2016,12,2016-11-27,2016_12_NYG_CLE,NYG,-0.22621477,0.3586100132231085,1.634274
2016,13,2016-12-04,2016_13_NYG_PIT,NYG,-0.13241445,0.3573977995108947,1.6418499
2016,14,2016-12-11,2016_14_DAL_NYG,NYG,-0.38889912,0.3577670675884961,1.4612942
2016,15,2016-12-18,2016_15_DET_NYG,NYG,-0.6379085,0.3467337754837755,1.441453
2016,16,2016-12-22,2016_16_NYG_PHI,NYG,-0.49398687,0.3526491563991563,1.3879176
2016,17,2017-01-01,2016_17_NYG_WAS,NYG,-0.4368709,0.3570595608095608,1.3825759
2017,1,2017-09-10,2017_01_NYG_DAL,NYG,,,
2017,2,2017-09-18,2017_02_DET_NYG,NYG,,,
2017,3,2017-09-24,2017_03_NYG_PHI,NYG,,,
2017,4,2017-10-01,2017_04_NYG_TB,NYG,,,
2017,5,2017-10-08,2017_05_LAC_NYG,NYG,,,
2017,6,2017-10-15,2017_06_NYG_DEN,NYG,,,
2017,7,2017-10-22,2017_07_SEA_NYG,NYG,-0.66708565,0.3491628891261244,1.315873
2017,9,2017-11-05,2017_09_LA_NYG,NYG,-0.73070836,0.3507527195027195,1.3630953
2017,10,2017-11-12,2017_10_NYG_SF,NYG,-0.6257855,0.3725132506382506,1.442155
2017,11,2017-11-19,2017_11_KC_NYG,NYG,-0.59505695,0.3484079577829577,1.4588218
2017,12,2017-11-23,2017_12_NYG_WAS,NYG,-0.7000322,0.3365862147112147,1.306044
2017,13,2017-12-03,2017_13_NYG_OAK,NYG,-0.8785692,0.3200607156226904,1.1155678
2017,14,2017-12-10,2017_14_DAL_NYG,NYG,-0.91986793,0.3252628437414852,1.1155678
2017,15,2017-12-17,2017_15_PHI_NYG,NYG,-0.840004,0.3380120577588151,1.1572344
2017,16,2017-12-24,2017_16_NYG_ARI,NYG,-0.60458356,0.3484234442118682,1.3420634
2017,17,2017-12-31,2017_17_WAS_NYG,NYG,-1.1318203,0.3416971017712401,0.9920635
2018,1,2018-09-09,2018_01_JAX_NYG,NYG,,,
2018,2,2018-09-16,2018_02_NYG_DAL,NYG,,,
2018,3,2018-09-23,2018_03_NYG_HOU,NYG,,,
2018,4,2018-09-30,2018_04_NO_NYG,NYG,,,
2018,5,2018-10-07,2018_05_NYG_CAR,NYG,,,
2018,6,2018-10-11,2018_06_PHI_NYG,NYG,,,
2018,7,2018-10-22,2018_07_NYG_ATL,NYG,-0.32576028,0.3506222558305891,1.7722222
2018,8,2018-10-28,2018_08_WAS_NYG,NYG,-0.0028654635,0.3659768241018241,1.8972222
2018,10,2018-11-12,2018_10_NYG_SF,NYG,0.017632753,0.3562463616630283,1.8611112
2018,11,2018-11-18,2018_11_TB_NYG,NYG,-0.074845515,0.3543088547255213,1.820202
2018,12,2018-11-25,2018_12_NYG_PHI,NYG,0.2525494,0.3661667190833857,1.9646465
2018,13,2018-12-02,2018_13_CHI_NYG,NYG,0.33516002,0.3646051556468223,1.9007577
2018,14,2018-12-09,2018_14_NYG_WAS,NYG,0.41656414,0.3652641571391571,1.9840909
2018,15,2018-12-16,2018_15_TEN_NYG,NYG,0.37247932,0.3813073269323269,2.0285354
2018,16,2018-12-23,2018_16_NYG_IND,NYG,0.15892057,0.3640465630048963,1.8479799
2018,17,2018-12-30,2018_17_DAL_NYG,NYG,0.37121105,0.3665940155523489,1.888889
2019,1,2019-09-08,2019_01_NYG_DAL,NYG,,,
2019,2,2019-09-15,2019_02_BUF_NYG,NYG,,,
2019,3,2019-09-22,2019_03_NYG_TB,NYG,,,
2019,4,2019-09-29,2019_04_WAS_NYG,NYG,,,
2019,5,2019-10-06,2019_05_MIN_NYG,NYG,,,
2019,6,2019-10-10,2019_06_NYG_NE,NYG,,,
2019,7,2019-10-20,2019_07_ARI_NYG,NYG,-0.5433636,0.3879965334575512,1.4526454
2019,8,2019-10-27,2019_08_NYG_DET,NYG,-0.8332003,0.3814723631833809,1.396585
2019,9,2019-11-04,2019_09_DAL_NYG,NYG,-0.7746611,0.3750414624342983,1.5960798
2019,10,2019-11-10,2019_10_NYG_NYJ,NYG,-1.1214595,0.3760930796623862,1.4016353
2019,12,2019-11-24,2019_12_NYG_CHI,NYG,-1.081771,0.3351517633534228,1.4977893
2019,13,2019-12-01,2019_13_GB_NYG,NYG,-1.1996733,0.330483137424113,1.4920912
2019,14,2019-12-09,2019_14_NYG_PHI,NYG,-0.88441205,0.3503753924354157,1.6375939
2019,15,2019-12-15,2019_15_MIA_NYG,NYG,-0.7163532,0.3237402220502453,1.6282698
2019,16,2019-12-22,2019_16_NYG_WAS,NYG,-0.5576672,0.3365920167202219,1.670228
2019,17,2019-12-29,2019_17_PHI_NYG,NYG,0.016292727,0.3596799627248345,1.9896723
2020,1,2020-09-14,2020_01_PIT_NYG,NYG,,,
2020,2,2020-09-20,2020_02_NYG_CHI,NYG,,,
2020,3,2020-09-27,2020_03_SF_NYG,NYG,,,
2020,4,2020-10-04,2020_04_NYG_LA,NYG,,,
2020,5,2020-10-11,2020_05_NYG_DAL,NYG,,,
2020,6,2020-10-18,2020_06_WAS_NYG,NYG,,,
2020,7,2020-10-22,2020_07_NYG_PHI,NYG,-0.552543,0.3619304485313257,1.4592592
2020,8,2020-11-02,2020_08_TB_NYG,NYG,-0.53583735,0.3810323082872102,1.4860657
2020,9,2020-11-08,2020_09_NYG_WAS,NYG,-0.40329194,0.3682299086666288,1.617884
2020,10,2020-11-15,2020_10_PHI_NYG,NYG,-0.08224098,0.383408814123312,1.7706617
2020,12,2020-11-29,2020_12_NYG_CIN,NYG,0.32787582,0.4043964277178775,2.0297525
2020,13,2020-12-06,2020_13_NYG_SEA,NYG,0.20751882,0.3907174369555534,1.8693991
2020,14,2020-12-13,2020_14_ARI_NYG,NYG,0.12346766,0.3674817734421121,1.846251
2020,15,2020-12-20,2020_15_CLE_NYG,NYG,-0.24575888,0.3491776782997817,1.6742424
2020,16,2020-12-27,2020_16_NYG_BAL,NYG,-0.33587706,0.3417652464555317,1.4507575
2020,17,2021-01-03,2020_17_DAL_NYG,NYG,-0.5102995,0.3387464673950859,1.4021465
2021,1,2021-09-12,2021_01_DEN_NYG,NYG,,,
2021,2,2021-09-16,2021_02_NYG_WAS,NYG,,,
2021,3,2021-09-26,2021_03_ATL_NYG,NYG,,,
2021,4,2021-10-03,2021_04_NYG_NO,NYG,,,
2021,5,2021-10-10,2021_05_NYG_DAL,NYG,,,
2021,6,2021-10-17,2021_06_LA_NYG,NYG,,,
2021,7,2021-10-24,2021_07_CAR_NYG,NYG,-0.10301772,0.3571611761183953,1.7319025
2021,8,2021-11-01,2021_08_NYG_KC,NYG,-0.17138554,0.3546432465171324,1.7860335
2021,9,2021-11-07,2021_09_LV_NYG,NYG,-0.45403716,0.3483233038335533,1.6042151
2021,11,2021-11-22,2021_11_NYG_TB,NYG,-0.45156237,0.3597395309516522,1.6496698
2021,12,2021-11-28,2021_12_PHI_NYG,NYG,-0.8169944,0.3481947700084955,1.392094
2021,13,2021-12-05,2021_13_NYG_MIA,NYG,-0.8158979,0.3508139409609997,1.3309828
2021,14,2021-12-12,2021_14_NYG_LAC,NYG,-0.68469256,0.3425332941386863,1.3032051
2021,15,2021-12-19,2021_15_DAL_NYG,NYG,-0.7525761,0.335034542889935,1.3
2021,16,2021-12-26,2021_16_NYG_PHI,NYG,-1.009067,0.3320370900061185,1.1424242
2021,17,2022-01-02,2021_17_NYG_CHI,NYG,-1.3833517,0.3046544849137232,1.0130535
2021,18,2022-01-09,2021_18_WAS_NYG,NYG,-1.5781235,0.295464845577025,0.90320516
2022,1,2022-09-11,2022_01_NYG_TEN,NYG,,,
2022,2,2022-09-18,2022_02_CAR_NYG,NYG,,,
2022,3,2022-09-26,2022_03_DAL_NYG,NYG,,,
2022,4,2022-10-02,2022_04_CHI_NYG,NYG,,,
2022,5,2022-10-09,2022_05_NYG_GB,NYG,,,
2022,6,2022-10-16,2022_06_BAL_NYG,NYG,,,
2022,7,2022-10-23,2022_07_NYG_JAX,NYG,0.42686677,0.3892896686234475,2.0625
2022,8,2022-10-30,2022_08_NYG_SEA,NYG,0.6751806,0.4046464954386077,2.25
2022,10,2022-11-13,2022_10_HOU_NYG,NYG,0.6494924,0.4045144843273185,2.183081
2022,11,2022-11-20,2022_11_DET_NYG,NYG,0.78763515,0.4091306629018305,2.2497475
2022,12,2022-11-24,2022_12_NYG_DAL,NYG,0.5663917,0.4015639871533365,2.2446969
2022,13,2022-12-04,2022_13_WAS_NYG,NYG,0.20067096,0.3856444423734976,2.0155303
2022,14,2022-12-11,2022_14_PHI_NYG,NYG,0.06838519,0.3881860145579269,1.8536257
2022,15,2022-12-18,2022_15_NYG_WAS,NYG,-0.30321464,0.3684090007468222,1.7077923
2022,16,2022-12-24,2022_16_NYG_MIN,NYG,-0.12813412,0.3825918915339911,1.7229438
2022,17,2023-01-01,2022_17_IND_NYG,NYG,-0.21450634,0.3888784676122339,1.7532468
2022,18,2023-01-08,2022_18_NYG_PHI,NYG,0.1719424,0.4295942847169399,2.0731122
2023,1,2023-09-10,2023_01_DAL_NYG,NYG,,,
2023,2,2023-09-17,2023_02_NYG_ARI,NYG,,,
2023,3,2023-09-21,2023_03_NYG_SF,NYG,,,
2023,4,2023-10-02,2023_04_SEA_NYG,NYG,,,
2023,5,2023-10-08,2023_05_NYG_MIA,NYG,,,
2023,6,2023-10-15,2023_06_NYG_BUF,NYG,,,
2023,7,2023-10-22,2023_07_WAS_NYG,NYG,-1.271615,0.3644803222376752,1.0749999
2023,8,2023-10-29,2023_08_NYJ_NYG,NYG,-0.7593848,0.3990979908539432,1.2416667
2023,9,2023-11-05,2023_09_NYG_LV,NYG,-1.2442582,0.359045399110175,0.8175926
2023,10,2023-11-12,2023_10_NYG_DAL,NYG,-1.4954344,0.3382446258094018,0.6945157
2023,11,2023-11-19,2023_11_NYG_WAS,NYG,-1.1817547,0.3330365804052779,0.8707977
2023,12,2023-11-26,2023_12_NE_NYG,NYG,-1.0394586,0.3268733223670199,1.0246439
2023,14,2023-12-11,2023_14_GB_NYG,NYG,-1.0715449,0.3057014618201593,1.0135328
2023,15,2023-12-17,2023_15_NYG_NO,NYG,-0.984557,0.306627690573769,1.1801994
2023,16,2023-12-25,2023_16_NYG_PHI,NYG,-0.98345447,0.3037984573523789,1.198718
2023,17,2023-12-31,2023_17_LA_NYG,NYG,-0.7287354,0.3295086057898,1.4096737
2023,18,2024-01-07,2023_18_PHI_NYG,NYG,-0.66324455,0.3434558727307644,1.4179153
2024,1,2024-09-08,2024_01_MIN_NYG,NYG,,,
2024,2,2024-09-15,2024_02_NYG_WAS,NYG,,,
2024,3,2024-09-22,2024_03_NYG_CLE,NYG,,,
2024,4,2024-09-26,2024_04_DAL_NYG,NYG,,,
2024,5,2024-10-06,2024_05_NYG_SEA,NYG,,,
2024,6,2024-10-13,2024_06_CIN_NYG,NYG,,,
2024,7,2024-10-20,2024_07_PHI_NYG,NYG,-0.48928094,0.3737550562660212,1.4481907
2024,8,2024-10-28,2024_08_NYG_PIT,NYG,-0.42895994,0.3716751916861566,1.395743
2024,9,2024-11-03,2024_09_WAS_NYG,NYG,-0.6127371,0.3664590648313743,1.239899
2024,10,2024-11-10,2024_10_NYG_CAR,NYG,-0.25350973,0.3756369026331617,1.4482323
2024,12,2024-11-24,2024_12_TB_NYG,NYG,-0.35786462,0.4004297461169633,1.3884033
2024,13,2024-11-28,2024_13_NYG_DAL,NYG,-0.565192,0.3976405064894883,1.2101982
2024,14,2024-12-08,2024_14_NO_NYG,NYG,-0.5501904,0.4010461286451106,1.3819152
2024,15,2024-12-15,2024_15_BAL_NYG,NYG,-0.524856,0.3946885972875791,1.4844794
2024,16,2024-12-22,2024_16_NYG_ATL,NYG,-0.54583055,0.3785944508270756,1.4710113
2024,17,2024-12-29,2024_17_IND_NYG,NYG,-1.1560354,0.3787034717081554,1.1187387
2024,18,2025-01-05,2024_18_NYG_PHI,NYG,-0.8276705,0.3696893021170627,1.4777131
2016,1,2016-09-11,2016_01_CIN_NYJ,NYJ,,,
2016,2,2016-09-15,2016_02_NYJ_BUF,NYJ,,,
2016,3,2016-09-25,2016_03_NYJ_KC,NYJ,,,
2016,4,2016-10-02,2016_04_SEA_NYJ,NYJ,,,
2016,5,2016-10-09,2016_05_NYJ_PIT,NYJ,,,
2016,6,2016-10-17,2016_06_NYJ_ARI,NYJ,,,
2016,7,2016-10-23,2016_07_BAL_NYJ,NYJ,-0.5087882,0.3662487974987975,1.4772726
2016,8,2016-10-30,2016_08_NYJ_CLE,NYJ,-0.6738238,0.3687610801896516,1.3963203
2016,9,2016-11-06,2016_09_NYJ_MIA,NYJ,-0.77361435,0.3351779545610714,1.2662698
2016,10,2016-11-13,2016_10_LA_NYJ,NYJ,-0.26903185,0.3357861847147561,1.6041485
2016,12,2016-11-27,2016_12_NE_NYJ,NYJ,-0.40172637,0.3327099680021758,1.4374819
2016,13,2016-12-05,2016_13_IND_NYJ,NYJ,-0.39260793,0.328354180691843,1.498088
2016,14,2016-12-11,2016_14_NYJ_SF,NYJ,-0.44192138,0.317241789996119,1.5869769
2016,15,2016-12-17,2016_15_MIA_NYJ,NYJ,-0.28157106,0.3077599028356604,1.5961343
2016,16,2016-12-24,2016_16_NYJ_NE,NYJ,-0.7880614,0.3168058782277896,1.3322455
2016,17,2017-01-01,2016_17_BUF_NYJ,NYJ,-1.1935444,0.2888064471033585,0.99057883
2017,1,2017-09-10,2017_01_NYJ_BUF,NYJ,,,
2017,2,2017-09-17,2017_02_NYJ_OAK,NYJ,,,
2017,3,2017-09-24,2017_03_MIA_NYJ,NYJ,,,
2017,4,2017-10-01,2017_04_JAX_NYJ,NYJ,,,
2017,5,2017-10-08,2017_05_NYJ_CLE,NYJ,,,
2017,6,2017-10-15,2017_06_NE_NYJ,NYJ,,,
2017,7,2017-10-22,2017_07_NYJ_MIA,NYJ,-0.30044192,0.3771906388818153,1.5056528
2017,8,2017-10-29,2017_08_ATL_NYJ,NYJ,-0.19291294,0.3698199341896821,1.6723194
2017,9,2017-11-02,2017_09_BUF_NYJ,NYJ,-0.3786068,0.3678538447235926,1.6167637
2017,10,2017-11-12,2017_10_NYJ_TB,NYJ,-0.2809213,0.376413225157973,1.7381312
2017,12,2017-11-26,2017_12_CAR_NYJ,NYJ,-0.38306868,0.35489037527728,1.6214646
2017,13,2017-12-03,2017_13_KC_NYJ,NYJ,-0.44433507,0.3482448382746002,1.6853175
2017,14,2017-12-10,2017_14_NYJ_DEN,NYJ,-0.04075433,0.3538579674293959,2.0825398
2017,15,2017-12-17,2017_15_NYJ_NO,NYJ,-0.43425855,0.3379850947112852,1.7492064
2017,16,2017-12-24,2017_16_LAC_NYJ,NYJ,-0.5066961,0.3359424478156971,1.7150183
2017,17,2017-12-31,2017_17_NYJ_NE,NYJ,-0.6957641,0.3338578260882182,1.4150182
2018,1,2018-09-10,2018_01_NYJ_DET,NYJ,,,
2018,2,2018-09-16,2018_02_MIA_NYJ,NYJ,,,
2018,3,2018-09-20,2018_03_NYJ_CLE,NYJ,,,
2018,4,2018-09-30,2018_04_NYJ_JAX,NYJ,,,
2018,5,2018-10-07,2018_05_DEN_NYJ,NYJ,,,
2018,6,2018-10-14,2018_06_IND_NYJ,NYJ,,,
2018,7,2018-10-21,2018_07_MIN_NYJ,NYJ,-0.39671126,0.3630404046841776,1.7893772
2018,8,2018-10-28,2018_08_NYJ_CHI,NYJ,-0.6673086,0.3248556086212302,1.5274725
2018,9,2018-11-04,2018_09_NYJ_MIA,NYJ,-0.58105093,0.3102076113751938,1.512321
2018,10,2018-11-11,2018_10_BUF_NYJ,NYJ,-0.77140266,0.2971359608035432,1.3712955
2018,12,2018-11-25,2018_12_NE_NYJ,NYJ,-0.8948739,0.3212273566211295,1.3673271
2018,13,2018-12-02,2018_13_NYJ_TEN,NYJ,-1.0124688,0.3196182961659152,1.1792319
2018,14,2018-12-09,2018_14_NYJ_BUF,NYJ,-1.1118786,0.3095514285097618,0.94113666
2018,15,2018-12-15,2018_15_HOU_NYJ,NYJ,-0.78136015,0.3172175369111643,1.183561
2018,16,2018-12-23,2018_16_GB_NYJ,NYJ,-0.7445796,0.3287530602113935,1.365379
2018,17,2018-12-30,2018_17_NYJ_NE,NYJ,-0.2035396,0.3690116442199775,1.7756354
2019,1,2019-09-08,2019_01_BUF_NYJ,NYJ,,,
2019,2,2019-09-16,2019_02_CLE_NYJ,NYJ,,,
2019,3,2019-09-22,2019_03_NYJ_NE,NYJ,,,
2019,5,2019-10-06,2019_05_NYJ_PHI,NYJ,,,
2019,6,2019-10-13,2019_06_DAL_NYJ,NYJ,,,
2019,7,2019-10-21,2019_07_NE_NYJ,NYJ,,,
2019,8,2019-10-27,2019_08_NYJ_JAX,NYJ,-1.4583111,0.2945427230397469,0.71089745
2019,9,2019-11-03,2019_09_NYJ_MIA,NYJ,-1.5159389,0.2776297363350935,0.80064106
2019,10,2019-11-10,2019_10_NYG_NYJ,NYJ,-1.2411064,0.3018711357185383,1.0013987
2019,11,2019-11-17,2019_11_NYJ_WAS,NYJ,-0.90195054,0.31660927456382,1.2394938
2019,12,2019-11-24,2019_12_OAK_NYJ,NYJ,-0.48736444,0.3365371920878914,1.6039628
2019,13,2019-12-01,2019_13_NYJ_CIN,NYJ,-0.5368696,0.3359118914625907,1.5928516
2019,14,2019-12-08,2019_14_MIA_NYJ,NYJ,-0.33955142,0.3418570826350546,1.6837606
2019,15,2019-12-12,2019_15_NYJ_BAL,NYJ,-0.14545313,0.3534779323240862,1.8247863
2019,16,2019-12-22,2019_16_PIT_NYJ,NYJ,-0.24289243,0.3592712551628635,1.7906953
2019,17,2019-12-29,2019_17_NYJ_BUF,NYJ,-0.3573365,0.3419711941128025,1.6624902
2020,1,2020-09-13,2020_01_NYJ_BUF,NYJ,,,
2020,2,2020-09-20,2020_02_SF_NYJ,NYJ,,,
2020,3,2020-09-27,2020_03_NYJ_IND,NYJ,,,
2020,4,2020-10-01,2020_04_DEN_NYJ,NYJ,,,
2020,5,2020-10-11,2020_05_ARI_NYJ,NYJ,,,
2020,6,2020-10-18,2020_06_NYJ_MIA,NYJ,,,
2020,7,2020-10-25,2020_07_BUF_NYJ,NYJ,-1.3792571,0.2898087933873839,1.0176767
2020,8,2020-11-01,2020_08_NYJ_KC,NYJ,-1.4414238,0.3077256268345203,0.9452862
2020,9,2020-11-09,2020_09_NE_NYJ,NYJ,-1.4478946,0.3197497138586074,0.8846801
2020,11,2020-11-22,2020_11_NYJ_LAC,NYJ,-0.685647,0.3546828362917298,1.2786195
2020,12,2020-11-29,2020_12_MIA_NYJ,NYJ,-0.60495305,0.3479526031410421,1.3670034
2020,13,2020-12-06,2020_13_LV_NYJ,NYJ,-0.8245967,0.3345694028594461,1.2609428
2020,14,2020-12-13,2020_14_NYJ_SEA,NYJ,-0.3838574,0.3582219407976983,1.6498317
2020,15,2020-12-20,2020_15_NYJ_LA,NYJ,-0.5538469,0.3418825702916612,1.510101
2020,16,2020-12-27,2020_16_CLE_NYJ,NYJ,-0.4951322,0.3299376969831515,1.7222222
2020,17,2021-01-03,2020_17_NYJ_NE,NYJ,-0.8864221,0.3082057252511798,1.517094
2021,1,2021-09-12,2021_01_NYJ_CAR,NYJ,,,
2021,2,2021-09-19,2021_02_NE_NYJ,NYJ,,,
2021,3,2021-09-26,2021_03_NYJ_DEN,NYJ,,,
2021,4,2021-10-03,2021_04_TEN_NYJ,NYJ,,,
2021,5,2021-10-10,2021_05_NYJ_ATL,NYJ,,,
2021,7,2021-10-24,2021_07_NYJ_NE,NYJ,,,
2021,8,2021-10-31,2021_08_CIN_NYJ,NYJ,-0.90115875,0.3483515839410762,1.1665465
2021,9,2021-11-04,2021_09_NYJ_IND,NYJ,-0.71122843,0.378708726798219,1.4443241
2021,10,2021-11-14,2021_10_BUF_NYJ,NYJ,-0.1865765,0.3790033395928318,1.8155364
2021,11,2021-11-21,2021_11_MIA_NYJ,NYJ,0.06857512,0.3878171723649979,2.0516474
2021,12,2021-11-28,2021_12_NYJ_HOU,NYJ,-0.03936884,0.404905006183601,2.0135522
2021,13,2021-12-05,2021_13_PHI_NYJ,NYJ,-0.3004546,0.3795733510316843,1.9613637
2021,14,2021-12-12,2021_14_NO_NYJ,NYJ,-0.1109969,0.3725660065243398,2.0977273
2021,15,2021-12-19,2021_15_NYJ_MIA,NYJ,-0.3816916,0.3401665387082053,1.7505051
2021,16,2021-12-26,2021_16_JAX_NYJ,NYJ,-0.69444317,0.3369597917514584,1.5459596
2021,17,2022-01-02,2021_17_TB_NYJ,NYJ,-0.26694456,0.3789075430742097,1.79133
2021,18,2022-01-09,2021_18_NYJ_BUF,NYJ,-0.047465205,0.3819623205407519,1.871633
2022,1,2022-09-11,2022_01_BAL_NYJ,NYJ,,,
2022,2,2022-09-18,2022_02_NYJ_CLE,NYJ,,,
2022,3,2022-09-25,2022_03_CIN_NYJ,NYJ,,,
2022,4,2022-10-02,2022_04_NYJ_PIT,NYJ,,,
2022,5,2022-10-09,2022_05_MIA_NYJ,NYJ,,,
2022,6,2022-10-16,2022_06_NYJ_GB,NYJ,,,
2022,7,2022-10-23,2022_07_NYJ_DEN,NYJ,-0.18916945,0.3788060939687499,1.8814102
2022,8,2022-10-30,2022_08_NE_NYJ,NYJ,0.0058434405,0.3781140051026415,1.9615384
2022,9,2022-11-06,2022_09_BUF_NYJ,NYJ,-0.4550885,0.3651266522478644,1.7279526
2022,11,2022-11-20,2022_11_NYJ_NE,NYJ,-0.12337267,0.3890178459307247,1.9316564
2022,12,2022-11-27,2022_12_CHI_NYJ,NYJ,-0.4758043,0.3688038427621761,1.6064816
2022,13,2022-12-04,2022_13_NYJ_MIN,NYJ,-0.39106414,0.3748357737941071,1.6359687
2022,14,2022-12-11,2022_14_NYJ_BUF,NYJ,-0.34498644,0.374363907697241,1.6722935
2022,15,2022-12-18,2022_15_DET_NYJ,NYJ,-0.48353103,0.3759969968303302,1.5953704
2022,16,2022-12-22,2022_16_JAX_NYJ,NYJ,-0.42883787,0.3843314688958628,1.616835
2022,17,2023-01-01,2022_17_NYJ_SEA,NYJ,-0.78363585,0.3499810435405355,1.2964646
2022,18,2023-01-08,2022_18_NYJ_MIA,NYJ,-0.7874701,0.3572053007647928,1.3413364
2023,1,2023-09-11,2023_01_BUF_NYJ,NYJ,,,
2023,2,2023-09-17,2023_02_NYJ_DAL,NYJ,,,
2023,3,2023-09-24,2023_03_NE_NYJ,NYJ,,,
2023,4,2023-10-01,2023_04_KC_NYJ,NYJ,,,
2023,5,2023-10-08,2023_05_NYJ_DEN,NYJ,,,
2023,6,2023-10-15,2023_06_PHI_NYJ,NYJ,,,
2023,8,2023-10-29,2023_08_NYJ_NYG,NYJ,-0.61080635,0.3562354312354312,1.3971444
2023,9,2023-11-06,2023_09_LAC_NYJ,NYJ,-0.85002065,0.3596012647483235,1.3023733
2023,10,2023-11-12,2023_10_NYJ_LV,NYJ,-0.93515056,0.3579793823572104,1.2277812
2023,11,2023-11-19,2023_11_NYJ_BUF,NYJ,-0.90637463,0.3763718694996975,1.2813942
2023,12,2023-11-24,2023_12_MIA_NYJ,NYJ,-1.2459481,0.3619790232886695,1.0995761
2023,13,2023-12-03,2023_13_ATL_NYJ,NYJ,-1.6425009,0.3226772266005092,0.88619226
2023,14,2023-12-10,2023_14_HOU_NYJ,NYJ,-1.8359447,0.3000473280090721,0.660085
2023,15,2023-12-17,2023_15_NYJ_MIA,NYJ,-1.533309,0.2939139628824943,0.91724944
2023,16,2023-12-24,2023_16_WAS_NYJ,NYJ,-1.6351695,0.2670185292562915,0.8403263
2023,17,2023-12-28,2023_17_NYJ_CLE,NYJ,-1.5414969,0.2831482039797162,0.9710081
2023,18,2024-01-07,2023_18_NYJ_NE,NYJ,-1.4198128,0.3107618571615512,1.0467657
2024,1,2024-09-09,2024_01_NYJ_SF,NYJ,,,
2024,2,2024-09-15,2024_02_NYJ_TEN,NYJ,,,
2024,3,2024-09-19,2024_03_NE_NYJ,NYJ,,,
2024,4,2024-09-29,2024_04_DEN_NYJ,NYJ,,,
2024,5,2024-10-06,2024_05_NYJ_MIN,NYJ,,,
2024,6,2024-10-14,2024_06_BUF_NYJ,NYJ,,,
2024,7,2024-10-20,2024_07_NYJ_PIT,NYJ,-0.037067026,0.4058487022829971,1.8840069
2024,8,2024-10-27,2024_08_NYJ_NE,NYJ,-0.15924846,0.405253464187759,1.7756734
2024,9,2024-10-31,2024_09_HOU_NYJ,NYJ,-0.23237161,0.4190927267770216,1.7787037
2024,10,2024-11-10,2024_10_NYJ_ARI,NYJ,-0.30546865,0.4028924122495012,1.6287037
2024,11,2024-11-17,2024_11_IND_NYJ,NYJ,-0.12958705,0.4288922048358323,1.6799856
2024,13,2024-12-01,2024_13_SEA_NYJ,NYJ,0.049714837,0.4375688291374566,1.8370371
2024,14,2024-12-08,2024_14_NYJ_MIA,NYJ,-0.2111245,0.4282093614446555,1.7583333
2024,15,2024-12-15,2024_15_NYJ_JAX,NYJ,0.21064104,0.450703502652032,1.9833332
2024,16,2024-12-22,2024_16_LA_NYJ,NYJ,0.5607609,0.4419774601759896,2.1499999
2024,17,2024-12-29,2024_17_NYJ_BUF,NYJ,0.18224739,0.4424706048022611,2.0142858
2024,18,2025-01-05,2024_18_MIA_NYJ,NYJ,0.03178499,0.4263145155211718,2.0809524
2016,1,2016-09-11,2016_01_CLE_PHI,PHI,,,
2016,2,2016-09-19,2016_02_PHI_CHI,PHI,,,
2016,3,2016-09-25,2016_03_PIT_PHI,PHI,,,
2016,5,2016-10-09,2016_05_PHI_DET,PHI,,,
2016,6,2016-10-16,2016_06_PHI_WAS,PHI,,,
2016,7,2016-10-23,2016_07_MIN_PHI,PHI,,,
2016,8,2016-10-30,2016_08_PHI_DAL,PHI,0.2032855,0.3986966957436071,2.2517223
2016,9,2016-11-06,2016_09_PHI_NYG,PHI,0.18734284,0.3973078068547182,2.1961668
2016,10,2016-11-13,2016_10_ATL_PHI,PHI,0.10455217,0.3852415397884512,2.0489447
2016,11,2016-11-20,2016_11_PHI_SEA,PHI,-0.17969777,0.3746255701099815,1.8156112
2016,12,2016-11-28,2016_12_GB_PHI,PHI,-0.37815192,0.3674015441359555,1.581993
2016,13,2016-12-04,2016_13_PHI_CIN,PHI,-0.32402402,0.3693450551703756,1.6793956
2016,14,2016-12-11,2016_14_WAS_PHI,PHI,-0.32718456,0.3682862624312045,1.622286
2016,15,2016-12-18,2016_15_PHI_BAL,PHI,-0.30315235,0.3693872524905279,1.5695082
2016,16,2016-12-22,2016_16_NYG_PHI,PHI,-0.14377156,0.3850454584009268,1.6750637
2016,17,2017-01-01,2016_17_DAL_PHI,PHI,-0.1698051,0.3835109396789081,1.5724998
2017,1,2017-09-10,2017_01_PHI_WAS,PHI,,,
2017,2,2017-09-17,2017_02_PHI_KC,PHI,,,
2017,3,2017-09-24,2017_03_NYG_PHI,PHI,,,
2017,4,2017-10-01,2017_04_PHI_LAC,PHI,,,
2017,5,2017-10-08,2017_05_ARI_PHI,PHI,,,
2017,6,2017-10-12,2017_06_PHI_CAR,PHI,,,
2017,7,2017-10-23,2017_07_WAS_PHI,PHI,0.7119821,0.4006181855929331,2.3124838
2017,8,2017-10-29,2017_08_SF_PHI,PHI,0.85466677,0.3855644892892367,2.4770138
2017,9,2017-11-05,2017_09_DEN_PHI,PHI,0.7658899,0.3948310434421545,2.495412
2017,11,2017-11-19,2017_11_PHI_DAL,PHI,0.89809203,0.3981954369851195,2.756401
2017,12,2017-11-26,2017_12_CHI_PHI,PHI,0.67820626,0.3827161315485491,2.6723554
2017,13,2017-12-03,2017_13_PHI_SEA,PHI,0.5058524,0.3821160508014096,2.626901
2017,14,2017-12-10,2017_14_PHI_LA,PHI,0.41612515,0.3944903188335724,2.4345932
2017,15,2017-12-17,2017_15_PHI_NYG,PHI,0.44822034,0.3969074295755819,2.43673
2017,16,2017-12-25,2017_16_OAK_PHI,PHI,0.64276916,0.3928565036496559,2.5875235
2017,17,2017-12-31,2017_17_DAL_PHI,PHI,0.1580406,0.3593557649703458,2.1248252
2018,1,2018-09-06,2018_01_ATL_PHI,PHI,,,
2018,2,2018-09-16,2018_02_PHI_TB,PHI,,,
2018,3,2018-09-23,2018_03_IND_PHI,PHI,,,
2018,4,2018-09-30,2018_04_PHI_TEN,PHI,,,
2018,5,2018-10-07,2018_05_MIN_PHI,PHI,,,
2018,6,2018-10-11,2018_06_PHI_NYG,PHI,,,
2018,7,2018-10-21,2018_07_CAR_PHI,PHI,-0.051692735,0.3933342337924848,1.9548368
2018,8,2018-10-28,2018_08_PHI_JAX,PHI,0.12216432,0.3910744808748371,1.9969244
2018,10,2018-11-11,2018_10_DAL_PHI,PHI,0.26892623,0.3958292631296194,2.1276937
2018,11,2018-11-18,2018_11_PHI_NO,PHI,0.36139312,0.4124400769242276,2.1276937
2018,12,2018-11-25,2018_12_NYG_PHI,PHI,0.019051438,0.397586932383583,1.9143099
2018,13,2018-12-03,2018_13_WAS_PHI,PHI,0.2885612,0.4046304191997972,2.0127947
2018,14,2018-12-09,2018_14_PHI_DAL,PHI,0.24787451,0.4084139042332822,1.9648148
2018,15,2018-12-16,2018_15_PHI_LA,PHI,0.100491166,0.4230722644359008,1.998485
2018,16,2018-12-23,2018_16_HOU_PHI,PHI,0.060895015,0.4322050991937355,2.0151515
2018,17,2018-12-30,2018_17_PHI_WAS,PHI,0.16176458,0.4285942249389219,2.1565657
2019,1,2019-09-08,2019_01_WAS_PHI,PHI,,,
2019,2,2019-09-15,2019_02_PHI_ATL,PHI,,,
2019,3,2019-09-22,2019_03_DET_PHI,PHI,,,
2019,4,2019-09-26,2019_04_PHI_GB,PHI,,,
2019,5,2019-10-06,2019_05_NYJ_PHI,PHI,,,
2019,6,2019-10-13,2019_06_PHI_MIN,PHI,,,
2019,7,2019-10-20,2019_07_PHI_DAL,PHI,0.1828423,0.3934712544750423,2.1809635
2019,8,2019-10-27,2019_08_PHI_BUF,PHI,-0.40079376,0.3719046140447655,1.7991452
2019,9,2019-11-03,2019_09_CHI_PHI,PHI,-0.083749175,0.3850736419865208,1.9910644
2019,11,2019-11-17,2019_11_NE_PHI,PHI,-0.004363846,0.385837300532042,1.9632868
2019,12,2019-11-24,2019_12_SEA_PHI,PHI,-0.49319482,0.3808468784961654,1.5763403
2019,13,2019-12-01,2019_13_PHI_MIA,PHI,-0.6951313,0.3845561322054192,1.4481353
2019,14,2019-12-09,2019_14_NYG_PHI,PHI,-0.38294768,0.3939231155307358,1.6400543
2019,15,2019-12-15,2019_15_PHI_WAS,PHI,-0.07210577,0.4126199339840478,1.7623488
2019,16,2019-12-22,2019_16_DAL_PHI,PHI,0.08026962,0.4245754560565484,1.8093184
2019,17,2019-12-29,2019_17_PHI_NYG,PHI,0.029929677,0.4347125094534058,1.739874
2020,1,2020-09-13,2020_01_PHI_WAS,PHI,,,
2020,2,2020-09-20,2020_02_LA_PHI,PHI,,,
2020,3,2020-09-27,2020_03_CIN_PHI,PHI,,,
2020,4,2020-10-04,2020_04_PHI_SF,PHI,,,
2020,5,2020-10-11,2020_05_PHI_PIT,PHI,,,
2020,6,2020-10-18,2020_06_BAL_PHI,PHI,,,
2020,7,2020-10-22,2020_07_NYG_PHI,PHI,-0.16910899,0.3645313528156665,1.9049729
2020,8,2020-11-01,2020_08_DAL_PHI,PHI,0.011798884,0.3685857552034022,1.9981352
2020,10,2020-11-15,2020_10_PHI_NYG,PHI,-0.18007725,0.3297499151175622,1.8898019
2020,11,2020-11-22,2020_11_PHI_CLE,PHI,-0.13088748,0.3421228172698761,1.8782635
2020,12,2020-11-30,2020_12_SEA_PHI,PHI,-0.33672547,0.3215445665445665,1.8083334
2020,13,2020-12-06,2020_13_PHI_GB,PHI,-0.5976712,0.3256546231546231,1.5825758
2020,14,2020-12-13,2020_14_NO_PHI,PHI,-0.5701682,0.3351788570906218,1.4159092
2020,15,2020-12-20,2020_15_PHI_ARI,PHI,-0.55666393,0.3432629026746673,1.4671911
2020,16,2020-12-27,2020_16_PHI_DAL,PHI,-0.41809464,0.3506821038438685,1.5921911
2020,17,2021-01-03,2020_17_WAS_PHI,PHI,-0.52925736,0.3532693776811424,1.5268065
2021,1,2021-09-12,2021_01_PHI_ATL,PHI,,,
2021,2,2021-09-19,2021_02_SF_PHI,PHI,,,
2021,3,2021-09-27,2021_03_PHI_DAL,PHI,,,
2021,4,2021-10-03,2021_04_KC_PHI,PHI,,,
2021,5,2021-10-10,2021_05_PHI_CAR,PHI,,,
2021,6,2021-10-14,2021_06_TB_PHI,PHI,,,
2021,7,2021-10-24,2021_07_PHI_LV,PHI,0.090762556,0.3853027745674804,2.10586
2021,8,2021-10-31,2021_08_PHI_DET,PHI,-0.02706592,0.366077256077256,1.987678
2021,9,2021-11-07,2021_09_LAC_PHI,PHI,0.30653092,0.3851681651681651,2.4173076
2021,10,2021-11-14,2021_10_PHI_DEN,PHI,0.7967244,0.395121811059311,2.7250001
2021,11,2021-11-21,2021_11_NO_PHI,PHI,0.5609928,0.3892596176971176,2.4636364
2021,12,2021-11-28,2021_12_PHI_NYG,PHI,0.77433854,0.4084908185949852,2.6080809
2021,13,2021-12-05,2021_13_PHI_NYJ,PHI,0.48631287,0.4185511517803184,2.3580809
2021,15,2021-12-21,2021_15_WAS_PHI,PHI,0.944169,0.438983238756523,2.678914
2021,16,2021-12-26,2021_16_NYG_PHI,PHI,0.7037463,0.4360087132819976,2.495581
2021,17,2022-01-02,2021_17_PHI_WAS,PHI,0.4014758,0.4417773081130924,2.3545551
2021,18,2022-01-08,2021_18_DAL_PHI,PHI,0.42237678,0.4233677613538724,2.3612893
2022,1,2022-09-11,2022_01_PHI_DET,PHI,,,
2022,2,2022-09-19,2022_02_MIN_PHI,PHI,,,
2022,3,2022-09-25,2022_03_PHI_WAS,PHI,,,
2022,4,2022-10-02,2022_04_JAX_PHI,PHI,,,
2022,5,2022-10-09,2022_05_PHI_ARI,PHI,,,
2022,6,2022-10-16,2022_06_DAL_PHI,PHI,,,
2022,8,2022-10-30,2022_08_PIT_PHI,PHI,0.48094225,0.416735713959793,2.3596284
2022,9,2022-11-03,2022_09_PHI_HOU,PHI,0.59913456,0.421373921860033,2.4581132
2022,10,2022-11-14,2022_10_WAS_PHI,PHI,0.69048786,0.4404961884822996,2.5414464
2022,11,2022-11-20,2022_11_PHI_IND,PHI,0.49855804,0.4349843854704966,2.5837543
2022,12,2022-11-27,2022_12_GB_PHI,PHI,0.38663936,0.4246800293328072,2.4170876
2022,13,2022-12-04,2022_13_TEN_PHI,PHI,0.4803444,0.4431021608862518,2.652778
2022,14,2022-12-11,2022_14_PHI_NYG,PHI,0.6397784,0.4408507506802961,2.7891414
2022,15,2022-12-18,2022_15_PHI_CHI,PHI,0.7223242,0.4389338635550757,2.8724747
2022,16,2022-12-24,2022_16_PHI_DAL,PHI,0.51147264,0.406542689913902,2.7363636
2022,17,2023-01-01,2022_17_NO_PHI,PHI,0.6847177,0.4273110377277043,2.810606
2022,18,2023-01-08,2022_18_NYG_PHI,PHI,0.591883,0.4182015900765901,2.713384
2023,1,2023-09-10,2023_01_PHI_NE,PHI,,,
2023,2,2023-09-14,2023_02_MIN_PHI,PHI,,,
2023,3,2023-09-25,2023_03_PHI_TB,PHI,,,
2023,4,2023-10-01,2023_04_WAS_PHI,PHI,,,
2023,5,2023-10-08,2023_05_PHI_LA,PHI,,,
2023,6,2023-10-15,2023_06_PHI_NYJ,PHI,,,
2023,7,2023-10-22,2023_07_MIA_PHI,PHI,0.5426564,0.4337052392284222,2.3609126
2023,8,2023-10-29,2023_08_PHI_WAS,PHI,0.70161456,0.4380653731421275,2.651389
2023,9,2023-11-05,2023_09_DAL_PHI,PHI,0.7856538,0.4256793206793207,2.7069445
2023,11,2023-11-20,2023_11_PHI_KC,PHI,0.9491599,0.406813149631777,2.7902777
2023,12,2023-11-26,2023_12_BUF_PHI,PHI,0.5998012,0.385645821589449,2.5152776
2023,13,2023-12-03,2023_13_SF_PHI,PHI,0.43738392,0.3653838910596614,2.4765873
2023,14,2023-12-10,2023_14_PHI_DAL,PHI,0.7546928,0.35184718720433,2.595106
2023,15,2023-12-18,2023_15_PHI_SEA,PHI,0.46964476,0.3585856339427768,2.1951058
2023,16,2023-12-25,2023_16_NYG_PHI,PHI,0.3263726,0.3625585033935874,1.9506613
2023,17,2023-12-31,2023_17_ARI_PHI,PHI,0.06924074,0.3771207838872404,1.942328
2023,18,2024-01-07,2023_18_PHI_NYG,PHI,0.46348634,0.4066778655582928,2.1714947
2024,1,2024-09-06,2024_01_GB_PHI,PHI,,,
2024,2,2024-09-16,2024_02_ATL_PHI,PHI,,,
2024,3,2024-09-22,2024_03_PHI_NO,PHI,,,
2024,4,2024-09-29,2024_04_PHI_TB,PHI,,,
2024,6,2024-10-13,2024_06_CLE_PHI,PHI,,,
2024,7,2024-10-20,2024_07_PHI_NYG,PHI,,,
2024,8,2024-10-27,2024_08_PHI_CIN,PHI,0.23820816,0.4076047704133125,2.0796814
2024,9,2024-11-03,2024_09_JAX_PHI,PHI,0.58196634,0.4116884041884042,2.3353631
2024,10,2024-11-10,2024_10_PHI_DAL,PHI,0.4545718,0.4098874273874274,2.3054488
2024,11,2024-11-14,2024_11_WAS_PHI,PHI,0.5675891,0.4177996705675277,2.4602106
2024,12,2024-11-24,2024_12_PHI_LA,PHI,0.69578385,0.4282579055143989,2.6208167
2024,13,2024-12-01,2024_13_PHI_BAL,PHI,1.119676,0.4417421527486462,2.90415
2024,14,2024-12-08,2024_14_CAR_PHI,PHI,1.0270948,0.4562921860486795,2.8785088
2024,15,2024-12-15,2024_15_PIT_PHI,PHI,0.58480084,0.4307825876224145,2.515083
2024,16,2024-12-22,2024_16_PHI_WAS,PHI,0.7680447,0.4443759371386114,2.6561086
2024,17,2024-12-29,2024_17_DAL_PHI,PHI,0.9096089,0.4369776145617174,2.644204
2024,18,2025-01-05,2024_18_NYG_PHI,PHI,1.0970393,0.4420838719407021,2.7805674
2016,1,2016-09-12,2016_01_PIT_WAS,PIT,,,
2016,2,2016-09-18,2016_02_CIN_PIT,PIT,,,
2016,3,2016-09-25,2016_03_PIT_PHI,PIT,,,
2016,4,2016-10-02,2016_04_KC_PIT,PIT,,,
2016,5,2016-10-09,2016_05_NYJ_PIT,PIT,,,
2016,6,2016-10-16,2016_06_PIT_MIA,PIT,,,
2016,7,2016-10-23,2016_07_NE_PIT,PIT,0.4729681,0.3793991446264174,2.1937063
2016,9,2016-11-06,2016_09_PIT_BAL,PIT,-0.0023045975,0.3592668694941422,1.7825952
2016,10,2016-11-13,2016_10_DAL_PIT,PIT,-0.21409889,0.3402211929484657,1.671484
2016,11,2016-11-20,2016_11_PIT_CLE,PIT,0.16302215,0.3669958843064904,2.0426962
2016,12,2016-11-24,2016_12_PIT_IND,PIT,0.07128388,0.3801904919863921,1.8664141
2016,13,2016-12-04,2016_13_NYG_PIT,PIT,0.17039907,0.3905420231712567,1.9152356
2016,14,2016-12-11,2016_14_PIT_BUF,PIT,0.25043783,0.404856934550562,1.9935185
2016,15,2016-12-18,2016_15_PIT_CIN,PIT,0.43294534,0.4147054193990468,2.1803873
2016,16,2016-12-25,2016_16_BAL_PIT,PIT,0.8796471,0.4487664304045023,2.4692762
2016,17,2017-01-01,2016_17_CLE_PIT,PIT,0.88099796,0.45447592153066,2.483165
2017,1,2017-09-10,2017_01_PIT_CLE,PIT,,,
2017,2,2017-09-17,2017_02_MIN_PIT,PIT,,,
2017,3,2017-09-24,2017_03_PIT_CHI,PIT,,,
2017,4,2017-10-01,2017_04_PIT_BAL,PIT,,,
2017,5,2017-10-08,2017_05_JAX_PIT,PIT,,,
2017,6,2017-10-15,2017_06_PIT_KC,PIT,,,
2017,7,2017-10-22,2017_07_CIN_PIT,PIT,-0.4064829,0.3678232092559186,1.5896465
2017,8,2017-10-29,2017_08_PIT_DET,PIT,-0.2591241,0.3714570333442882,1.8017677
2017,10,2017-11-12,2017_10_PIT_IND,PIT,-0.2755166,0.358724125819714,1.7184343
2017,11,2017-11-16,2017_11_TEN_PIT,PIT,-0.16356109,0.3505696645402528,1.7386364
2017,12,2017-11-26,2017_12_GB_PIT,PIT,-0.042182133,0.373584265679854,1.9330808
2017,13,2017-12-04,2017_13_PIT_CIN,PIT,0.400686,0.3952731191367555,2.2777777
2017,14,2017-12-10,2017_14_BAL_PIT,PIT,0.5687972,0.418121571189753,2.4035354
2017,15,2017-12-17,2017_15_NE_PIT,PIT,0.8101847,0.432384501762844,2.5550506
2017,16,2017-12-25,2017_16_PIT_HOU,PIT,0.9478597,0.4611323855965121,2.7217171
2017,17,2017-12-31,2017_17_CLE_PIT,PIT,1.2182986,0.4561421212312478,2.959091
2018,1,2018-09-09,2018_01_PIT_CLE,PIT,,,
2018,2,2018-09-16,2018_02_KC_PIT,PIT,,,
2018,3,2018-09-24,2018_03_PIT_TB,PIT,,,
2018,4,2018-09-30,2018_04_BAL_PIT,PIT,,,
2018,5,2018-10-07,2018_05_ATL_PIT,PIT,,,
2018,6,2018-10-14,2018_06_PIT_CIN,PIT,,,
2018,8,2018-10-28,2018_08_CLE_PIT,PIT,0.3928329,0.406895595875859,2.169428
2018,9,2018-11-04,2018_09_PIT_BAL,PIT,0.56294864,0.4074378168128168,2.3826535
2018,10,2018-11-08,2018_10_CAR_PIT,PIT,0.6416138,0.3947991822991823,2.3224683
2018,11,2018-11-18,2018_11_PIT_JAX,PIT,1.0547816,0.4159891034891035,2.7117455
2018,12,2018-11-25,2018_12_PIT_DEN,PIT,1.087885,0.4114697031363698,2.7553966
2018,13,2018-12-02,2018_13_LAC_PIT,PIT,0.81706,0.4118812865024986,2.482669
2018,14,2018-12-09,2018_14_PIT_OAK,PIT,0.586429,0.4230022257484379,2.470548
2018,15,2018-12-16,2018_15_NE_PIT,PIT,0.59553367,0.4386875126837248,2.4231122
2018,16,2018-12-23,2018_16_PIT_NO,PIT,0.47197795,0.4399675289637412,2.2805195
2018,17,2018-12-30,2018_17_CIN_PIT,PIT,0.17436117,0.4067250905742439,2.0077922
2019,1,2019-09-08,2019_01_PIT_NE,PIT,,,
2019,2,2019-09-15,2019_02_SEA_PIT,PIT,,,
2019,3,2019-09-22,2019_03_PIT_SF,PIT,,,
2019,4,2019-09-30,2019_04_CIN_PIT,PIT,,,
2019,5,2019-10-06,2019_05_BAL_PIT,PIT,,,
2019,6,2019-10-13,2019_06_PIT_LAC,PIT,,,
2019,8,2019-10-28,2019_08_MIA_PIT,PIT,-0.4582565,0.3803099453127734,1.7134032
2019,9,2019-11-03,2019_09_IND_PIT,PIT,-0.24726592,0.3786821118667581,2.0770395
2019,10,2019-11-10,2019_10_LA_PIT,PIT,-0.336943,0.3562900363496826,1.960878
2019,11,2019-11-14,2019_11_PIT_CLE,PIT,-0.43375233,0.3345625250789021,1.8190511
2019,12,2019-11-24,2019_12_PIT_CIN,PIT,-0.8490401,0.3234853416802901,1.4523845
2019,13,2019-12-01,2019_13_CLE_PIT,PIT,-0.85072774,0.3181923377265719,1.3479887
2019,14,2019-12-08,2019_14_PIT_ARI,PIT,-0.8714668,0.3109870103741857,1.408595
2019,15,2019-12-15,2019_15_BUF_PIT,PIT,-0.9348317,0.3256964381517953,1.2828373
2019,16,2019-12-22,2019_16_PIT_NYJ,PIT,-1.1149094,0.336763457552148,1.1439484
2019,17,2019-12-29,2019_17_PIT_BAL,PIT,-1.0364821,0.3444822626667865,1.168254
2020,1,2020-09-14,2020_01_PIT_NYG,PIT,,,
2020,2,2020-09-20,2020_02_DEN_PIT,PIT,,,
2020,3,2020-09-27,2020_03_HOU_PIT,PIT,,,
2020,5,2020-10-11,2020_05_PHI_PIT,PIT,,,
2020,6,2020-10-18,2020_06_CLE_PIT,PIT,,,
2020,7,2020-10-25,2020_07_PIT_TEN,PIT,,,
2020,8,2020-11-01,2020_08_PIT_BAL,PIT,0.60718566,0.3852354419199339,2.5959706
2020,9,2020-11-08,2020_09_PIT_DAL,PIT,0.46517912,0.3995324201941849,2.4959707
2020,10,2020-11-15,2020_10_CIN_PIT,PIT,0.58101046,0.3969678130841232,2.5738928
2020,11,2020-11-22,2020_11_PIT_JAX,PIT,0.55549806,0.4040057607064864,2.5782218
2020,12,2020-12-02,2020_12_BAL_PIT,PIT,0.33421934,0.4026677387066997,2.2910423
2020,13,2020-12-07,2020_13_WAS_PIT,PIT,0.18682487,0.3978822464212075,2.0777557
2020,14,2020-12-13,2020_14_PIT_BUF,PIT,-0.0012427192,0.3844130708721999,1.8710456
2020,15,2020-12-21,2020_15_PIT_CIN,PIT,-0.23713677,0.3698220739385456,1.73002
2020,16,2020-12-27,2020_16_IND_PIT,PIT,-0.447468,0.360257738562522,1.5687646
2020,17,2021-01-03,2020_17_PIT_CLE,PIT,-0.55732656,0.3624894710140346,1.4991674
2021,1,2021-09-12,2021_01_PIT_BUF,PIT,,,
2021,2,2021-09-19,2021_02_LV_PIT,PIT,,,
2021,3,2021-09-26,2021_03_CIN_PIT,PIT,,,
2021,4,2021-10-03,2021_04_PIT_GB,PIT,,,
2021,5,2021-10-10,2021_05_DEN_PIT,PIT,,,
2021,6,2021-10-17,2021_06_SEA_PIT,PIT,,,
2021,8,2021-10-31,2021_08_PIT_CLE,PIT,-0.17987311,0.3271878354311219,1.6476496
2021,9,2021-11-08,2021_09_CHI_PIT,PIT,-0.13310151,0.3138418758351622,1.6615385
2021,10,2021-11-14,2021_10_DET_PIT,PIT,-0.06667245,0.3287964814147678,1.7757577
2021,11,2021-11-21,2021_11_PIT_LAC,PIT,0.034169506,0.3354846690035765,1.8147186
2021,12,2021-11-28,2021_12_PIT_CIN,PIT,0.24618745,0.356457109862381,2.117749
2021,13,2021-12-05,2021_13_BAL_PIT,PIT,-0.2621893,0.3395039237057635,1.8066378
2021,14,2021-12-09,2021_14_PIT_MIN,PIT,-0.12895979,0.3538834330852728,1.8450993
2021,15,2021-12-19,2021_15_TEN_PIT,PIT,-0.33718514,0.3572551902963158,1.9284326
2021,16,2021-12-26,2021_16_PIT_KC,PIT,-0.60762495,0.3533650989062244,1.8205267
2021,17,2022-01-03,2021_17_CLE_PIT,PIT,-0.7291941,0.3614530740054777,1.7815657
2021,18,2022-01-09,2021_18_PIT_BAL,PIT,-0.8855818,0.3415384047401591,1.5304834
2022,1,2022-09-11,2022_01_PIT_CIN,PIT,,,
2022,2,2022-09-18,2022_02_NE_PIT,PIT,,,
2022,3,2022-09-22,2022_03_PIT_CLE,PIT,,,
2022,4,2022-10-02,2022_04_NYJ_PIT,PIT,,,
2022,5,2022-10-09,2022_05_PIT_BUF,PIT,,,
2022,6,2022-10-16,2022_06_TB_PIT,PIT,,,
2022,7,2022-10-23,2022_07_PIT_MIA,PIT,-0.66093504,0.3342057961328795,1.346696
2022,8,2022-10-30,2022_08_PIT_PHI,PIT,-0.70188737,0.3337717683551017,1.3085016
2022,10,2022-11-13,2022_10_NO_PIT,PIT,-0.7028666,0.3330066474919416,1.2659091
2022,11,2022-11-20,2022_11_CIN_PIT,PIT,-0.5874097,0.3390237785090726,1.3113636
2022,12,2022-11-28,2022_12_PIT_IND,PIT,-0.5088583,0.3393312052870876,1.4182013
2022,13,2022-12-04,2022_13_PIT_ATL,PIT,-0.030746946,0.3565816400375224,1.7765346
2022,14,2022-12-11,2022_14_BAL_PIT,PIT,0.06326429,0.3593602554550266,1.7950531
2022,15,2022-12-18,2022_15_PIT_CAR,PIT,0.16659094,0.3827739559520605,1.9154235
2022,16,2022-12-24,2022_16_LV_PIT,PIT,0.50071466,0.4102301192671326,2.1432014
2022,17,2023-01-01,2022_17_PIT_BAL,PIT,0.36803892,0.3941404009046869,2.0371406
2022,18,2023-01-08,2022_18_CLE_PIT,PIT,0.50862044,0.4033535370786074,1.9488215
2023,1,2023-09-10,2023_01_SF_PIT,PIT,,,
2023,2,2023-09-18,2023_02_CLE_PIT,PIT,,,
2023,3,2023-09-24,2023_03_PIT_LV,PIT,,,
2023,4,2023-10-01,2023_04_PIT_HOU,PIT,,,
2023,5,2023-10-08,2023_05_BAL_PIT,PIT,,,
2023,7,2023-10-22,2023_07_PIT_LA,PIT,,,
2023,8,2023-10-29,2023_08_JAX_PIT,PIT,-0.86684364,0.3201604127736849,1.2187355
2023,9,2023-11-02,2023_09_TEN_PIT,PIT,-0.7614436,0.321675679913952,1.2515637
2023,10,2023-11-12,2023_10_GB_PIT,PIT,-0.36018825,0.3270491805131471,1.4761008
2023,11,2023-11-19,2023_11_PIT_CLE,PIT,-0.27842394,0.352320187995693,1.5297137
2023,12,2023-11-26,2023_12_PIT_CIN,PIT,-0.14445145,0.3401833647050236,1.5579189
2023,13,2023-12-03,2023_13_ARI_PIT,PIT,-0.0373895,0.3566614390997646,1.6162523
2023,14,2023-12-07,2023_14_NE_PIT,PIT,-0.24325931,0.345084337749936,1.404131
2023,15,2023-12-16,2023_15_PIT_IND,PIT,-0.19551177,0.3486343756749739,1.479528
2023,16,2023-12-23,2023_16_CIN_PIT,PIT,-0.71734595,0.3296285872247411,1.289713
2023,17,2023-12-31,2023_17_PIT_SEA,PIT,-0.6556419,0.3257711021172559,1.4563798
2023,18,2024-01-06,2023_18_PIT_BAL,PIT,-0.22091134,0.3648232091982091,1.8281746
2024,1,2024-09-08,2024_01_PIT_ATL,PIT,,,
2024,2,2024-09-15,2024_02_PIT_DEN,PIT,,,
2024,3,2024-09-22,2024_03_LAC_PIT,PIT,,,
2024,4,2024-09-29,2024_04_PIT_IND,PIT,,,
2024,5,2024-10-06,2024_05_DAL_PIT,PIT,,,
2024,6,2024-10-13,2024_06_PIT_LV,PIT,,,
2024,7,2024-10-20,2024_07_NYJ_PIT,PIT,0.11247283,0.4295316699293972,1.914899
2024,8,2024-10-28,2024_08_NYG_PIT,PIT,0.3936491,0.4385761103374739,2.175505
2024,10,2024-11-10,2024_10_PIT_WAS,PIT,0.4652132,0.4599178473042109,2.256313
2024,11,2024-11-17,2024_11_BAL_PIT,PIT,0.46444532,0.439216316691966,2.256313
2024,12,2024-11-21,2024_12_PIT_CLE,PIT,0.36028746,0.4258098125511962,2.123446
2024,13,2024-12-01,2024_13_PIT_CIN,PIT,0.2583293,0.4202154910477838,2.1752136
2024,14,2024-12-08,2024_14_CLE_PIT,PIT,0.39327002,0.4424637674627269,2.218143
2024,15,2024-12-15,2024_15_PIT_PHI,PIT,0.14126335,0.4257970947895606,1.9789654
2024,16,2024-12-21,2024_16_PIT_BAL,PIT,-0.01038457,0.4175170389400603,1.9419285
2024,17,2024-12-25,2024_17_KC_PIT,PIT,-0.1728958,0.4309182541269898,1.8661709
2024,18,2025-01-04,2024_18_CIN_PIT,PIT,-0.2261221,0.432667896610898,1.7869167
2016,1,2016-09-11,2016_01_MIA_SEA,SEA,,,
2016,2,2016-09-18,2016_02_SEA_LA,SEA,,,
2016,3,2016-09-25,2016_03_SF_SEA,SEA,,,
2016,4,2016-10-02,2016_04_SEA_NYJ,SEA,,,
2016,6,2016-10-16,2016_06_ATL_SEA,SEA,,,
2016,7,2016-10-23,2016_07_SEA_ARI,SEA,,,
2016,8,2016-10-30,2016_08_SEA_NO,SEA,-0.28684384,0.3962989896336129,1.5040598
2016,9,2016-11-07,2016_09_BUF_SEA,SEA,-0.15497795,0.4073199439879006,1.5707265
2016,10,2016-11-13,2016_10_SEA_NE,SEA,0.10467452,0.4294107771313654,2.037393
2016,11,2016-11-20,2016_11_PHI_SEA,SEA,0.38814333,0.4469724257224257,2.0797007
2016,12,2016-11-27,2016_12_SEA_TB,SEA,0.23089735,0.4352021410092138,2.0142248
2016,13,2016-12-04,2016_13_CAR_SEA,SEA,-0.076477714,0.4161159417146811,1.698568
2016,14,2016-12-11,2016_14_SEA_GB,SEA,0.4740452,0.4456012291545141,2.2277057
2016,15,2016-12-15,2016_15_LA_SEA,SEA,0.24198844,0.4358788219321068,2.1225774
2016,16,2016-12-24,2016_16_ARI_SEA,SEA,0.19385886,0.407172536387586,2.0059106
2016,17,2017-01-01,2016_17_SEA_SF,SEA,-0.21630865,0.3781837936488433,1.8582917
2017,1,2017-09-10,2017_01_SEA_GB,SEA,,,
2017,2,2017-09-17,2017_02_SF_SEA,SEA,,,
2017,3,2017-09-24,2017_03_SEA_TEN,SEA,,,
2017,4,2017-10-01,2017_04_IND_SEA,SEA,,,
2017,5,2017-10-08,2017_05_SEA_LA,SEA,,,
2017,7,2017-10-22,2017_07_SEA_NYG,SEA,,,
2017,8,2017-10-29,2017_08_HOU_SEA,SEA,-0.07208414,0.3665541426236184,1.6735042
2017,9,2017-11-05,2017_09_WAS_SEA,SEA,0.19703583,0.3750768698963457,1.9123931
2017,10,2017-11-09,2017_10_SEA_ARI,SEA,0.060164925,0.3901530250022627,1.8885837
2017,11,2017-11-20,2017_11_ATL_SEA,SEA,-0.048548076,0.3788574829374899,1.79884
2017,12,2017-11-26,2017_12_SEA_SF,SEA,-0.19793032,0.3809060709235779,1.7963147
2017,13,2017-12-03,2017_13_PHI_SEA,SEA,-0.08039134,0.398777877765973,1.8988789
2017,14,2017-12-10,2017_14_SEA_JAX,SEA,0.065473296,0.3841072089286375,1.9655455
2017,15,2017-12-17,2017_15_LA_SEA,SEA,-0.13160022,0.3927670213384499,1.884349
2017,16,2017-12-24,2017_16_SEA_DAL,SEA,-0.33684918,0.3718601614434948,1.8192697
2017,17,2017-12-31,2017_17_ARI_SEA,SEA,-0.3514154,0.3903655179696846,1.7711927
2018,1,2018-09-09,2018_01_SEA_DEN,SEA,,,
2018,2,2018-09-17,2018_02_SEA_CHI,SEA,,,
2018,3,2018-09-23,2018_03_DAL_SEA,SEA,,,
2018,4,2018-09-30,2018_04_SEA_ARI,SEA,,,
2018,5,2018-10-07,2018_05_LA_SEA,SEA,,,
2018,6,2018-10-14,2018_06_SEA_OAK,SEA,,,
2018,8,2018-10-28,2018_08_SEA_DET,SEA,0.08158921,0.390362489678729,2.1875744
2018,9,2018-11-04,2018_09_LAC_SEA,SEA,0.3446161,0.3930633073795467,2.3875744
2018,10,2018-11-11,2018_10_SEA_LA,SEA,0.44321036,0.4097735171044623,2.3875744
2018,11,2018-11-15,2018_11_GB_SEA,SEA,0.66151536,0.4435587418512254,2.5965488
2018,12,2018-11-25,2018_12_SEA_CAR,SEA,0.8452225,0.4341561845320015,2.6685183
2018,13,2018-12-02,2018_13_SF_SEA,SEA,0.92439866,0.4290062176990282,2.6499999
2018,14,2018-12-10,2018_14_MIN_SEA,SEA,1.119734,0.422334841235985,2.6638887
2018,15,2018-12-16,2018_15_SEA_SF,SEA,0.8805371,0.4153718967730405,2.424495
2018,16,2018-12-23,2018_16_KC_SEA,SEA,1.0650645,0.401631518142956,2.5078282
2018,17,2018-12-30,2018_17_ARI_SEA,SEA,1.0882192,0.3883794075991789,2.5189393
2019,1,2019-09-08,2019_01_CIN_SEA,SEA,,,
2019,2,2019-09-15,2019_02_SEA_PIT,SEA,,,
2019,3,2019-09-22,2019_03_NO_SEA,SEA,,,
2019,4,2019-09-29,2019_04_SEA_ARI,SEA,,,
2019,5,2019-10-03,2019_05_LA_SEA,SEA,,,
2019,6,2019-10-13,2019_06_SEA_CLE,SEA,,,
2019,7,2019-10-20,2019_07_BAL_SEA,SEA,0.26008838,0.3804919062588476,2.2029915
2019,8,2019-10-27,2019_08_SEA_ATL,SEA,0.05814101,0.4048872827077955,2.2196581
2019,9,2019-11-03,2019_09_TB_SEA,SEA,0.21504723,0.4231176017714479,2.280769
2019,10,2019-11-11,2019_10_SEA_SF,SEA,0.4152192,0.448283497129651,2.4474359
2019,12,2019-11-24,2019_12_SEA_PHI,SEA,0.08065015,0.431573681890424,2.2644293
2019,13,2019-12-02,2019_13_MIN_SEA,SEA,-0.16181706,0.4189460317627738,2.0977628
2019,14,2019-12-08,2019_14_SEA_LA,SEA,-0.17724465,0.4299786334203755,2.1276772
2019,15,2019-12-15,2019_15_SEA_CAR,SEA,-0.08772168,0.4188349433562309,1.9519197
2019,16,2019-12-22,2019_16_ARI_SEA,SEA,-0.061771616,0.3955761650974526,1.9185863
2019,17,2019-12-29,2019_17_SF_SEA,SEA,-0.45688203,0.3620491152242489,1.5724325
2020,1,2020-09-13,2020_01_SEA_ATL,SEA,,,
2020,2,2020-09-20,2020_02_NE_SEA,SEA,,,
2020,3,2020-09-27,2020_03_DAL_SEA,SEA,,,
2020,4,2020-10-04,2020_04_SEA_MIA,SEA,,,
2020,5,2020-10-11,2020_05_MIN_SEA,SEA,,,
2020,7,2020-10-25,2020_07_SEA_ARI,SEA,,,
2020,8,2020-11-01,2020_08_SF_SEA,SEA,1.0460892,0.4786456574930601,2.9376624
2020,9,2020-11-08,2020_09_SEA_BUF,SEA,1.0775685,0.4878933332180086,2.9704905
2020,10,2020-11-15,2020_10_SEA_LA,SEA,0.9488482,0.4728960998116842,2.9023087
2020,11,2020-11-19,2020_11_ARI_SEA,SEA,0.72206146,0.4823149283376556,2.7404041
2020,12,2020-11-30,2020_12_SEA_PHI,SEA,0.6356897,0.4525435885663158,2.6570706
2020,13,2020-12-06,2020_13_NYG_SEA,SEA,0.56592625,0.4297514536529688,2.567424
2020,14,2020-12-13,2020_14_NYJ_SEA,SEA,0.25157595,0.4046535191800343,2.2340908
2020,15,2020-12-20,2020_15_SEA_WAS,SEA,0.22608398,0.4093093011085436,2.2795455
2020,16,2020-12-27,2020_16_LA_SEA,SEA,0.24945493,0.4025696602779936,2.0674243
2020,17,2021-01-03,2020_17_SEA_SF,SEA,0.3648845,0.3780663521383218,2.103788
2021,1,2021-09-12,2021_01_SEA_IND,SEA,,,
2021,2,2021-09-19,2021_02_TEN_SEA,SEA,,,
2021,3,2021-09-26,2021_03_SEA_MIN,SEA,,,
2021,4,2021-10-03,2021_04_SEA_SF,SEA,,,
2021,5,2021-10-07,2021_05_LA_SEA,SEA,,,
2021,6,2021-10-17,2021_06_SEA_PIT,SEA,,,
2021,7,2021-10-25,2021_07_NO_SEA,SEA,0.24232191,0.4004992505290124,1.9736365
2021,8,2021-10-31,2021_08_JAX_SEA,SEA,-0.079591624,0.3865897004830987,1.658485
2021,10,2021-11-14,2021_10_SEA_GB,SEA,-0.004439361,0.4049759438693421,1.7905363
2021,11,2021-11-21,2021_11_ARI_SEA,SEA,-0.36244848,0.3832567679834995,1.4757215
2021,12,2021-11-29,2021_12_SEA_WAS,SEA,-0.42758977,0.3786422555118443,1.3590549
2021,13,2021-12-05,2021_13_SF_SEA,SEA,-0.4744604,0.3702665648444869,1.3199134
2021,14,2021-12-12,2021_14_SEA_HOU,SEA,-0.46772668,0.3697240848377212,1.4407926
2021,15,2021-12-21,2021_15_SEA_LA,SEA,-0.0039294413,0.3838482813482813,1.8392774
2021,16,2021-12-26,2021_16_CHI_SEA,SEA,-0.37732542,0.361738492988493,1.4892774
2021,17,2022-01-02,2021_17_DET_SEA,SEA,-0.07922058,0.3600483775483776,1.8892775
2021,18,2022-01-09,2021_18_SEA_ARI,SEA,0.3262974,0.3979109153373859,2.380944
2022,1,2022-09-12,2022_01_DEN_SEA,SEA,,,
2022,2,2022-09-18,2022_02_SEA_SF,SEA,,,
2022,3,2022-09-25,2022_03_ATL_SEA,SEA,,,
2022,4,2022-10-02,2022_04_SEA_DET,SEA,,,
2022,5,2022-10-09,2022_05_SEA_NO,SEA,,,
2022,6,2022-10-16,2022_06_ARI_SEA,SEA,,,
2022,7,2022-10-23,2022_07_SEA_LAC,SEA,0.42782295,0.4451547372380706,2.2241452
2022,8,2022-10-30,2022_08_NYG_SEA,SEA,0.4580355,0.4512411532118853,2.3443377
2022,9,2022-11-06,2022_09_SEA_ARI,SEA,0.8090771,0.4444498426705748,2.6738245
2022,10,2022-11-13,2022_10_SEA_TB,SEA,0.5995669,0.4096641932709547,2.6252136
2022,12,2022-11-27,2022_12_LV_SEA,SEA,0.17562036,0.404304478397351,2.22151
2022,13,2022-12-04,2022_13_SEA_LA,SEA,0.26531506,0.4276459517388244,2.2160156
2022,14,2022-12-11,2022_14_CAR_SEA,SEA,0.53411895,0.4318340475935869,2.3612175
2022,15,2022-12-15,2022_15_SF_SEA,SEA,0.3961831,0.4126868151214557,2.2868586
2022,16,2022-12-24,2022_16_SEA_KC,SEA,0.17802219,0.4167124191470597,2.1376743
2022,17,2023-01-01,2022_17_NYJ_SEA,SEA,-0.08196724,0.41381825222103,1.8460077
2022,18,2023-01-08,2022_18_LA_SEA,SEA,-0.22732748,0.3880006027922695,1.8981962
2023,1,2023-09-10,2023_01_LA_SEA,SEA,,,
2023,2,2023-09-17,2023_02_SEA_DET,SEA,,,
2023,3,2023-09-24,2023_03_CAR_SEA,SEA,,,
2023,4,2023-10-02,2023_04_SEA_NYG,SEA,,,
2023,6,2023-10-15,2023_06_SEA_CIN,SEA,,,
2023,7,2023-10-22,2023_07_ARI_SEA,SEA,,,
2023,8,2023-10-29,2023_08_CLE_SEA,SEA,0.045616243,0.4563220323447596,1.9650997
2023,9,2023-11-05,2023_09_SEA_BAL,SEA,0.12803538,0.439379792485853,2.0576923
2023,10,2023-11-12,2023_10_WAS_SEA,SEA,-0.31452024,0.3804475210535816,1.6264569
2023,11,2023-11-19,2023_11_SEA_LA,SEA,-0.36799654,0.3768786362346968,1.5548757
2023,12,2023-11-23,2023_12_SF_SEA,SEA,-0.27790114,0.3429748532081068,1.5472999
2023,13,2023-11-30,2023_13_SEA_DAL,SEA,-0.38265038,0.3545833625438888,1.4563909
2023,14,2023-12-10,2023_14_SEA_SF,SEA,-0.17544377,0.3469501624106887,1.7063909
2023,15,2023-12-18,2023_15_PHI_SEA,SEA,-0.20819767,0.3451073293178556,1.5952797
2023,16,2023-12-24,2023_16_SEA_TEN,SEA,0.22650993,0.3683438150543414,1.8901515
2023,17,2023-12-31,2023_17_PIT_SEA,SEA,0.38478622,0.3709188641104828,1.9635643
2023,18,2024-01-07,2023_18_SEA_ARI,SEA,0.5317598,0.3874067297211555,2.1470659
2024,1,2024-09-08,2024_01_DEN_SEA,SEA,,,
2024,2,2024-09-15,2024_02_SEA_NE,SEA,,,
2024,3,2024-09-22,2024_03_MIA_SEA,SEA,,,
2024,4,2024-09-30,2024_04_SEA_DET,SEA,,,
2024,5,2024-10-06,2024_05_NYG_SEA,SEA,,,
2024,6,2024-10-10,2024_06_SF_SEA,SEA,,,
2024,7,2024-10-20,2024_07_SEA_ATL,SEA,-0.069183536,0.4475940983930417,1.8785353
2024,8,2024-10-27,2024_08_BUF_SEA,SEA,0.1947789,0.4679671512660946,2.0563133
2024,9,2024-11-03,2024_09_LA_SEA,SEA,-0.004049162,0.4573436426033702,1.9220538
2024,11,2024-11-17,2024_11_SEA_SF,SEA,-0.0884628,0.4583428825609435,1.7970538
2024,12,2024-11-24,2024_12_ARI_SEA,SEA,-0.124893405,0.4461579715123961,1.8046297
2024,13,2024-12-01,2024_13_SEA_NYJ,SEA,0.025578758,0.4094137936223849,1.7617003
2024,14,2024-12-08,2024_14_SEA_ARI,SEA,-0.055077266,0.3788499191440367,1.8223063
2024,15,2024-12-15,2024_15_GB_SEA,SEA,-0.15688147,0.3862810990752167,1.8101851
2024,16,2024-12-22,2024_16_MIN_SEA,SEA,-0.23603998,0.3802680036013369,1.8055555
2024,17,2024-12-26,2024_17_SEA_CHI,SEA,-0.02752358,0.3923364058780725,1.9305555
2024,18,2025-01-05,2024_18_SEA_LA,SEA,-0.23461698,0.3874940260356927,1.6138889
2016,1,2016-09-12,2016_01_LA_SF,SF,,,
2016,2,2016-09-18,2016_02_SF_CAR,SF,,,
2016,3,2016-09-25,2016_03_SF_SEA,SF,,,
2016,4,2016-10-02,2016_04_DAL_SF,SF,,,
2016,5,2016-10-06,2016_05_ARI_SF,SF,,,
2016,6,2016-10-16,2016_06_SF_BUF,SF,,,
2016,7,2016-10-23,2016_07_TB_SF,SF,-0.6590923,0.3114129793331474,1.5698341
2016,9,2016-11-06,2016_09_NO_SF,SF,-0.8090175,0.323028750026299,1.4726119
2016,10,2016-11-13,2016_10_SF_ARI,SF,-0.6873233,0.3453502670169337,1.5273504
2016,11,2016-11-20,2016_11_NE_SF,SF,-0.5059376,0.3570261002613943,1.5803808
2016,12,2016-11-27,2016_12_SF_MIA,SF,-0.59140426,0.3482063551916493,1.5546231
2016,13,2016-12-04,2016_13_SF_CHI,SF,-0.38138798,0.3606700979584223,1.6849262
2016,14,2016-12-11,2016_14_NYJ_SF,SF,-0.5135015,0.342468372985864,1.5631313
2016,15,2016-12-18,2016_15_SF_ATL,SF,-0.5022667,0.3413393708151952,1.5294012
2016,16,2016-12-24,2016_16_SF_LA,SF,-0.5927309,0.316966174566999,1.4069265
2016,17,2017-01-01,2016_17_SEA_SF,SF,-0.6279107,0.3236784301763134,1.3658009
2017,1,2017-09-10,2017_01_CAR_SF,SF,,,
2017,2,2017-09-17,2017_02_SF_SEA,SF,,,
2017,3,2017-09-21,2017_03_LA_SF,SF,,,
2017,4,2017-10-01,2017_04_SF_ARI,SF,,,
2017,5,2017-10-08,2017_05_SF_IND,SF,,,
2017,6,2017-10-15,2017_06_SF_WAS,SF,,,
2017,7,2017-10-22,2017_07_DAL_SF,SF,-0.39417258,0.3589088343243869,1.5604895
2017,8,2017-10-29,2017_08_SF_PHI,SF,-0.18918324,0.3784657126312651,1.6771561
2017,9,2017-11-05,2017_09_ARI_SF,SF,-0.3852137,0.3751104609805589,1.6598401
2017,10,2017-11-12,2017_10_NYG_SF,SF,-0.8001401,0.3713976510702701,1.2788877
2017,12,2017-11-26,2017_12_SEA_SF,SF,-0.5047101,0.3892347214073404,1.6032467
2017,13,2017-12-03,2017_13_SF_CHI,SF,-0.80300266,0.3686425820652011,1.4214286
2017,14,2017-12-10,2017_14_SF_HOU,SF,-0.83325785,0.3625867551760409,1.4005952
2017,15,2017-12-17,2017_15_TEN_SF,SF,-0.57647526,0.3498206786599644,1.5672618
2017,16,2017-12-24,2017_16_JAX_SF,SF,-0.009557162,0.3722958629407042,1.9111772
2017,17,2017-12-31,2017_17_SF_LA,SF,0.4183537,0.3819017993323548,2.279309
2018,1,2018-09-09,2018_01_SF_MIN,SF,,,
2018,2,2018-09-16,2018_02_DET_SF,SF,,,
2018,3,2018-09-23,2018_03_SF_KC,SF,,,
2018,4,2018-09-30,2018_04_SF_LAC,SF,,,
2018,5,2018-10-07,2018_05_ARI_SF,SF,,,
2018,6,2018-10-15,2018_06_SF_GB,SF,,,
2018,7,2018-10-21,2018_07_LA_SF,SF,-0.0717841,0.4012215286338093,2.0459402
2018,8,2018-10-28,2018_08_SF_ARI,SF,-0.21226235,0.402885990714938,1.9626069
2018,9,2018-11-01,2018_09_OAK_SF,SF,-0.52552074,0.4006388531059583,1.758547
2018,10,2018-11-12,2018_10_NYG_SF,SF,-0.48038045,0.4055097911347911,1.8252138
2018,12,2018-11-25,2018_12_SF_TB,SF,-0.37778786,0.3814351914920097,1.8820319
2018,13,2018-12-02,2018_13_SF_SEA,SF,-0.19176872,0.3773146277123549,1.7876263
2018,14,2018-12-09,2018_14_DEN_SF,SF,-0.40086475,0.3723832936143542,1.6133839
2018,15,2018-12-16,2018_15_SEA_SF,SF,0.005613792,0.3865237477169296,1.7775253
2018,16,2018-12-23,2018_16_CHI_SF,SF,0.25429973,0.384278886097068,1.9303031
2018,17,2018-12-30,2018_17_SF_LA,SF,-0.19591634,0.3765084569377499,1.530303
2019,1,2019-09-08,2019_01_SF_TB,SF,,,
2019,2,2019-09-15,2019_02_SF_CIN,SF,,,
2019,3,2019-09-22,2019_03_PIT_SF,SF,,,
2019,5,2019-10-07,2019_05_CLE_SF,SF,,,
2019,6,2019-10-13,2019_06_SF_LA,SF,,,
2019,7,2019-10-20,2019_07_SF_WAS,SF,,,
2019,8,2019-10-27,2019_08_CAR_SF,SF,-0.12327293,0.4118506741274598,1.9817613
2019,9,2019-10-31,2019_09_SF_ARI,SF,0.072345994,0.397992310269096,2.284539
2019,10,2019-11-11,2019_10_SEA_SF,SF,-0.032177012,0.389995684980804,2.1817613
2019,11,2019-11-17,2019_11_ARI_SF,SF,-0.14002053,0.3803534947713869,2.0725176
2019,12,2019-11-24,2019_12_GB_SF,SF,-0.13636,0.3873668517847439,2.0917485
2019,13,2019-12-01,2019_13_SF_BAL,SF,0.16332035,0.4206035645669113,2.3745766
2019,14,2019-12-08,2019_14_SF_NO,SF,0.36290538,0.4231552374310841,2.5412433
2019,15,2019-12-15,2019_15_ATL_SF,SF,0.5025263,0.4332691658048164,2.6412432
2019,16,2019-12-21,2019_16_LA_SF,SF,0.3102832,0.423850066385717,2.4801323
2019,17,2019-12-29,2019_17_SF_SEA,SF,0.55956334,0.4264086655829717,2.636995
2020,1,2020-09-13,2020_01_ARI_SF,SF,,,
2020,2,2020-09-20,2020_02_SF_NYJ,SF,,,
2020,3,2020-09-27,2020_03_SF_NYG,SF,,,
2020,4,2020-10-04,2020_04_PHI_SF,SF,,,
2020,5,2020-10-11,2020_05_MIA_SF,SF,,,
2020,6,2020-10-18,2020_06_LA_SF,SF,,,
2020,7,2020-10-25,2020_07_SF_NE,SF,0.3710945,0.3923638861138861,2.338384
2020,8,2020-11-01,2020_08_SF_SEA,SF,0.81168014,0.4033716026771582,2.6464646
2020,9,2020-11-05,2020_09_GB_SF,SF,0.72770244,0.4108466748915352,2.5858586
2020,10,2020-11-15,2020_10_SF_NO,SF,0.31614858,0.4155424883373487,2.2025254
2020,12,2020-11-29,2020_12_SF_LA,SF,0.24694164,0.4152385834879893,2.1217172
2020,13,2020-12-07,2020_13_BUF_SF,SF,0.19397068,0.4052078445510004,2.0412247
2020,14,2020-12-13,2020_14_WAS_SF,SF,0.14463,0.4136306581208728,2.1220329
2020,15,2020-12-20,2020_15_SF_DAL,SF,-0.55630106,0.3805971375005466,1.6671718
2020,16,2020-12-26,2020_16_SF_ARI,SF,-0.61068356,0.365721922828254,1.650938
2020,17,2021-01-03,2020_17_SEA_SF,SF,-0.6509881,0.3507946741510053,1.6453824
2021,1,2021-09-12,2021_01_SF_DET,SF,,,
2021,2,2021-09-19,2021_02_SF_PHI,SF,,,
2021,3,2021-09-26,2021_03_GB_SF,SF,,,
2021,4,2021-10-03,2021_04_SEA_SF,SF,,,
2021,5,2021-10-10,2021_05_SF_ARI,SF,,,
2021,7,2021-10-24,2021_07_IND_SF,SF,,,
2021,8,2021-10-31,2021_08_SF_CHI,SF,-0.093301386,0.3612939761799656,1.8244256
2021,9,2021-11-07,2021_09_ARI_SF,SF,0.19597779,0.3645994009139618,2.01887
2021,10,2021-11-15,2021_10_LA_SF,SF,-0.027135229,0.3716264030433031,1.961631
2021,11,2021-11-21,2021_11_SF_JAX,SF,4.170835e-05,0.3688170827339828,1.9540552
2021,12,2021-11-28,2021_12_MIN_SF,SF,0.5476594,0.3876328697118897,2.24038
2021,13,2021-12-05,2021_13_SF_SEA,SF,0.85090953,0.4067532609083044,2.527417
2021,14,2021-12-12,2021_14_SF_CIN,SF,0.926544,0.4092480036502998,2.6080031
2021,15,2021-12-19,2021_15_ATL_SF,SF,0.66248924,0.3991058310081272,2.3302252
2021,16,2021-12-23,2021_16_SF_TEN,SF,0.8630075,0.3986091980114941,2.5893161
2021,17,2022-01-02,2021_17_HOU_SF,SF,0.6747887,0.3821535703058664,2.455983
2021,18,2022-01-09,2021_18_SF_LA,SF,0.25949734,0.3686215178396352,2.2198718
2022,1,2022-09-11,2022_01_SF_CHI,SF,,,
2022,2,2022-09-18,2022_02_SEA_SF,SF,,,
2022,3,2022-09-25,2022_03_SF_DEN,SF,,,
2022,4,2022-10-03,2022_04_LA_SF,SF,,,
2022,5,2022-10-09,2022_05_SF_CAR,SF,,,
2022,6,2022-10-16,2022_06_SF_ATL,SF,,,
2022,7,2022-10-23,2022_07_KC_SF,SF,-0.29756126,0.4079440124446021,1.6844516
2022,8,2022-10-30,2022_08_SF_LA,SF,0.02344306,0.4102399908769442,1.8814214
2022,10,2022-11-13,2022_10_LAC_SF,SF,0.27389887,0.4081754928749462,2.0772545
2022,11,2022-11-21,2022_11_SF_ARI,SF,0.44882274,0.4093998637421742,2.2915404
2022,12,2022-11-27,2022_12_NO_SF,SF,0.74847645,0.4355060555301842,2.567298
2022,13,2022-12-04,2022_13_MIA_SF,SF,0.4991242,0.4229755871786374,2.3774831
2022,14,2022-12-11,2022_14_TB_SF,SF,0.68724394,0.4182687735244553,2.4903038
2022,15,2022-12-15,2022_15_SF_SEA,SF,0.74897647,0.4393652696209514,2.672122
2022,16,2022-12-24,2022_16_WAS_SF,SF,0.39670536,0.4296745167010318,2.3179553
2022,17,2023-01-01,2022_17_SF_LV,SF,0.5432583,0.4215616033797851,2.4985106
2022,18,2023-01-08,2022_18_ARI_SF,SF,0.40651312,0.415828086756117,2.436642
2023,1,2023-09-10,2023_01_SF_PIT,SF,,,
2023,2,2023-09-17,2023_02_SF_LA,SF,,,
2023,3,2023-09-21,2023_03_NYG_SF,SF,,,
2023,4,2023-10-01,2023_04_ARI_SF,SF,,,
2023,5,2023-10-08,2023_05_DAL_SF,SF,,,
2023,6,2023-10-15,2023_06_SF_CLE,SF,,,
2023,7,2023-10-23,2023_07_SF_MIN,SF,1.0140086,0.4044157091093365,2.8567889
2023,8,2023-10-29,2023_08_CIN_SF,SF,0.8975745,0.4251935038454646,2.7549372
2023,10,2023-11-12,2023_10_SF_JAX,SF,0.7276098,0.4279998641518249,2.512513
2023,11,2023-11-19,2023_11_TB_SF,SF,0.7785079,0.4464816138835747,2.573119
2023,12,2023-11-23,2023_12_SF_SEA,SF,0.36604187,0.4451539818206485,2.2939522
2023,13,2023-12-03,2023_13_SF_PHI,SF,0.34730303,0.4249150386650386,2.1860464
2023,14,2023-12-10,2023_14_SEA_SF,SF,1.1552804,0.464707190957191,2.7458754
2023,15,2023-12-17,2023_15_SF_ARI,SF,1.2662221,0.4617237931821265,2.8199494
2023,16,2023-12-25,2023_16_BAL_SF,SF,1.6653848,0.477217558675892,3.1532829
2023,17,2023-12-31,2023_17_SF_WAS,SF,1.211969,0.4571681636264968,2.8957071
2023,18,2024-01-07,2023_18_LA_SF,SF,1.2966331,0.4644136342053009,2.945707
2024,1,2024-09-09,2024_01_NYJ_SF,SF,,,
2024,2,2024-09-15,2024_02_SF_MIN,SF,,,
2024,3,2024-09-22,2024_03_SF_LA,SF,,,
2024,4,2024-09-29,2024_04_NE_SF,SF,,,
2024,5,2024-10-06,2024_05_ARI_SF,SF,,,
2024,6,2024-10-10,2024_06_SF_SEA,SF,,,
2024,7,2024-10-20,2024_07_KC_SF,SF,0.49428865,0.4649095414007695,2.3777778
2024,8,2024-10-27,2024_08_DAL_SF,SF,0.111548804,0.4612410465959111,2.1171718
2024,10,2024-11-10,2024_10_SF_TB,SF,0.42586318,0.4747723917939229,2.2505052
2024,11,2024-11-17,2024_11_SEA_SF,SF,0.3870457,0.4736211681465692,2.189394
2024,12,2024-11-24,2024_12_SF_GB,SF,0.4018997,0.4747822498632064,2.1708753
2024,13,2024-12-01,2024_13_SF_BUF,SF,0.2006712,0.4468457419266986,2.0264308
2024,14,2024-12-08,2024_14_CHI_SF,SF,-0.36938038,0.4118692986169219,1.6930976
2024,15,2024-12-12,2024_15_LA_SF,SF,0.15215647,0.4156646110485979,2.0537035
2024,16,2024-12-22,2024_16_SF_MIA,SF,-0.16315793,0.3851942326615529,1.7279462
2024,17,2024-12-30,2024_17_DET_SF,SF,-0.32600376,0.3835217303272859,1.627946
2024,18,2025-01-05,2024_18_SF_ARI,SF,-0.008219119,0.4121564443786665,1.942761
2016,1,2016-09-11,2016_01_TB_ATL,TB,,,
2016,2,2016-09-18,2016_02_TB_ARI,TB,,,
2016,3,2016-09-25,2016_03_LA_TB,TB,,,
2016,4,2016-10-02,2016_04_DEN_TB,TB,,,
2016,5,2016-10-10,2016_05_TB_CAR,TB,,,
2016,7,2016-10-23,2016_07_TB_SF,TB,,,
2016,8,2016-10-30,2016_08_OAK_TB,TB,-0.3926245,0.3436725449374259,1.5851649
2016,9,2016-11-03,2016_09_ATL_TB,TB,-0.4957718,0.3411860268259077,1.4403235
2016,10,2016-11-13,2016_10_CHI_TB,TB,-0.086651,0.3552528330355711,1.8236569
2016,11,2016-11-20,2016_11_TB_KC,TB,0.040940702,0.3595623627915295,1.9030219
2016,12,2016-11-27,2016_12_SEA_TB,TB,0.5396946,0.3961915322331988,2.2091117
2016,13,2016-12-04,2016_13_TB_SD,TB,0.38612023,0.3999885329358368,2.167445
2016,14,2016-12-11,2016_14_NO_TB,TB,0.3101677,0.403769821092125,2.0982144
2016,15,2016-12-18,2016_15_TB_DAL,TB,0.25395674,0.4110032358255397,2.0791667
2016,16,2016-12-24,2016_16_TB_NO,TB,0.06845561,0.4007727718450758,1.8902777
2016,17,2017-01-01,2016_17_CAR_TB,TB,0.104335524,0.4056992368409852,1.9458333
2017,2,2017-09-17,2017_02_CHI_TB,TB,,,
2017,3,2017-09-24,2017_03_TB_MIN,TB,,,
2017,4,2017-10-01,2017_04_NYG_TB,TB,,,
2017,5,2017-10-05,2017_05_NE_TB,TB,,,
2017,6,2017-10-15,2017_06_TB_ARI,TB,,,
2017,7,2017-10-22,2017_07_TB_BUF,TB,,,
2017,8,2017-10-29,2017_08_CAR_TB,TB,0.061613545,0.3988682031500014,1.9575758
2017,9,2017-11-05,2017_09_TB_NO,TB,-0.320118,0.3948985312526978,1.6507577
2017,10,2017-11-12,2017_10_NYJ_TB,TB,-0.5745096,0.3681312917581856,1.5189394
2017,11,2017-11-19,2017_11_TB_MIA,TB,-0.6741631,0.3404876857702814,1.3800505
2017,12,2017-11-26,2017_12_TB_ATL,TB,-0.62874514,0.3445471234835653,1.4932984
2017,13,2017-12-03,2017_13_TB_GB,TB,-0.5476461,0.3520016481255899,1.4886688
2017,14,2017-12-10,2017_14_DET_TB,TB,-0.6731325,0.3517410059899478,1.4129113
2017,15,2017-12-18,2017_15_ATL_TB,TB,-0.43785036,0.3552714410107675,1.6404753
2017,16,2017-12-24,2017_16_TB_CAR,TB,-0.02377761,0.3743382328048319,1.8389602
2017,17,2017-12-31,2017_17_NO_TB,TB,0.060967565,0.3938900232009206,1.9472934
2018,1,2018-09-09,2018_01_TB_NO,TB,,,
2018,2,2018-09-16,2018_02_PHI_TB,TB,,,
2018,3,2018-09-24,2018_03_PIT_TB,TB,,,
2018,4,2018-09-30,2018_04_TB_CHI,TB,,,
2018,6,2018-10-14,2018_06_TB_ATL,TB,,,
2018,7,2018-10-21,2018_07_CLE_TB,TB,,,
2018,8,2018-10-28,2018_08_TB_CIN,TB,0.3388019,0.3863313538313539,2.1278098
2018,9,2018-11-04,2018_09_TB_CAR,TB,0.05997354,0.3674944037444037,1.9803739
2018,10,2018-11-11,2018_10_WAS_TB,TB,0.018801028,0.3439469635302969,2.0478342
2018,11,2018-11-18,2018_11_TB_NYG,TB,-0.15270537,0.3786165300748634,1.7516803
2018,12,2018-11-25,2018_12_SF_TB,TB,0.18301241,0.4083823997270967,2.1153166
2018,13,2018-12-02,2018_13_CAR_TB,TB,0.18078421,0.4079517697510121,2.0850136
2018,14,2018-12-09,2018_14_NO_TB,TB,0.2527302,0.4028570959063383,2.1778166
2018,15,2018-12-16,2018_15_TB_BAL,TB,-0.09041197,0.391450993591145,1.9540404
2018,16,2018-12-23,2018_16_TB_DAL,TB,-0.1773721,0.4019586495154676,1.7651515
2018,17,2018-12-30,2018_17_ATL_TB,TB,-0.11589932,0.3863510857829039,2.0484848
2019,1,2019-09-08,2019_01_SF_TB,TB,,,
2019,2,2019-09-12,2019_02_TB_CAR,TB,,,
2019,3,2019-09-22,2019_03_NYG_TB,TB,,,
2019,4,2019-09-29,2019_04_TB_LA,TB,,,
2019,5,2019-10-06,2019_05_TB_NO,TB,,,
2019,6,2019-10-13,2019_06_CAR_TB,TB,,,
2019,8,2019-10-27,2019_08_TB_TEN,TB,-0.1125649,0.3833835072216482,2.0692987
2019,9,2019-11-03,2019_09_TB_SEA,TB,0.1910342,0.3922773748874457,2.2113926
2019,10,2019-11-10,2019_10_ARI_TB,TB,0.40334448,0.3964014915115623,2.4272048
2019,11,2019-11-17,2019_11_NO_TB,TB,0.42279527,0.3895929451196826,2.4464355
2019,12,2019-11-24,2019_12_TB_ATL,TB,-0.05178089,0.3676874930219229,2.1015637
2019,13,2019-12-01,2019_13_TB_JAX,TB,0.015598933,0.3719503597847896,2.0831654
2019,14,2019-12-08,2019_14_IND_TB,TB,-0.038105574,0.3719331894551193,2.0943835
2019,15,2019-12-15,2019_15_TB_DET,TB,0.02691611,0.3841460403319377,2.286691
2019,16,2019-12-21,2019_16_HOU_TB,TB,-0.022508418,0.3917592604451578,2.2247252
2019,17,2019-12-29,2019_17_ATL_TB,TB,-0.36534193,0.3817652699714755,2.0461538
2020,1,2020-09-13,2020_01_TB_NO,TB,,,
2020,2,2020-09-20,2020_02_CAR_TB,TB,,,
2020,3,2020-09-27,2020_03_TB_DEN,TB,,,
2020,4,2020-10-04,2020_04_LAC_TB,TB,,,
2020,5,2020-10-08,2020_05_TB_CHI,TB,,,
2020,6,2020-10-18,2020_06_GB_TB,TB,,,
2020,7,2020-10-25,2020_07_TB_LV,TB,0.16232151,0.4114667664586495,2.3647187
2020,8,2020-11-02,2020_08_TB_NYG,TB,0.77300924,0.4415930555135101,2.840909
2020,9,2020-11-08,2020_09_NO_TB,TB,0.80552226,0.4425022893772894,2.75
2020,10,2020-11-15,2020_10_TB_CAR,TB,0.37133,0.4262489824989825,2.4343436
2020,11,2020-11-23,2020_11_LA_TB,TB,0.6480627,0.4117488677147768,2.6035354
2020,12,2020-11-29,2020_12_KC_TB,TB,0.5687912,0.4160569438978529,2.623349
2020,14,2020-12-13,2020_14_MIN_TB,TB,0.58400685,0.4068533003192094,2.5425408
2020,15,2020-12-20,2020_15_TB_ATL,TB,0.38217005,0.3930926782252539,2.2740223
2020,16,2020-12-26,2020_16_TB_DET,TB,0.4237704,0.3844757550249975,2.32579
2020,17,2021-01-03,2020_17_ATL_TB,TB,1.0287097,0.4237392692885117,2.8828995
2021,1,2021-09-09,2021_01_DAL_TB,TB,,,
2021,2,2021-09-19,2021_02_ATL_TB,TB,,,
2021,3,2021-09-26,2021_03_TB_LA,TB,,,
2021,4,2021-10-03,2021_04_TB_NE,TB,,,
2021,5,2021-10-10,2021_05_MIA_TB,TB,,,
2021,6,2021-10-14,2021_06_TB_PHI,TB,,,
2021,7,2021-10-24,2021_07_CHI_TB,TB,0.9134546,0.4298022239674337,2.6881285
2021,8,2021-10-31,2021_08_TB_NO,TB,0.9081764,0.4382393175006811,2.8184702
2021,10,2021-11-14,2021_10_TB_WAS,TB,0.7959733,0.4228893896507533,2.764899
2021,11,2021-11-22,2021_11_NYG_TB,TB,0.6683646,0.4267981198094834,2.6815655
2021,12,2021-11-28,2021_12_TB_IND,TB,0.69535667,0.4371091051204687,2.8482323
2021,13,2021-12-05,2021_13_TB_ATL,TB,0.32864067,0.4229830691194327,2.5854118
2021,14,2021-12-12,2021_14_BUF_TB,TB,0.33200458,0.4142115292115292,2.6611693
2021,15,2021-12-19,2021_15_NO_TB,TB,0.44322696,0.3932760658653516,2.5262487
2021,16,2021-12-26,2021_16_TB_CAR,TB,0.16263507,0.3882942421335278,2.1512487
2021,17,2022-01-02,2021_17_TB_NYJ,TB,0.41257223,0.3845142342626109,2.3194306
2021,18,2022-01-09,2021_18_CAR_TB,TB,0.63068384,0.4011663321647087,2.3315518
2022,1,2022-09-11,2022_01_TB_DAL,TB,,,
2022,2,2022-09-18,2022_02_TB_NO,TB,,,
2022,3,2022-09-25,2022_03_GB_TB,TB,,,
2022,4,2022-10-02,2022_04_KC_TB,TB,,,
2022,5,2022-10-09,2022_05_ATL_TB,TB,,,
2022,6,2022-10-16,2022_06_TB_PIT,TB,,,
2022,7,2022-10-23,2022_07_TB_CAR,TB,-0.16209377,0.3900903880547843,1.7409091
2022,8,2022-10-27,2022_08_BAL_TB,TB,-0.27524957,0.3776063035118762,1.4984847
2022,9,2022-11-06,2022_09_LA_TB,TB,0.000682652,0.3873488757544485,1.6984849
2022,10,2022-11-13,2022_10_SEA_TB,TB,-0.00081106025,0.3887003198943541,1.7369465
2022,12,2022-11-27,2022_12_TB_CLE,TB,0.08299263,0.3787769562209904,1.6172494
2022,13,2022-12-05,2022_13_NO_TB,TB,-0.12357271,0.3553897878338221,1.4851981
2022,14,2022-12-11,2022_14_TB_SF,TB,-0.20751087,0.3426364680385659,1.4427738
2022,15,2022-12-18,2022_15_CIN_TB,TB,-0.3427988,0.3423907949653528,1.50338
2022,16,2022-12-25,2022_16_TB_ARI,TB,-0.6706062,0.3374597832161592,1.485198
2022,17,2023-01-01,2022_17_CAR_TB,TB,-0.6677913,0.3340579615089586,1.5062604
2022,18,2023-01-08,2022_18_TB_ATL,TB,-0.74065775,0.3528481527991499,1.5408758
2023,1,2023-09-10,2023_01_TB_MIN,TB,,,
2023,2,2023-09-17,2023_02_CHI_TB,TB,,,
2023,3,2023-09-25,2023_03_PHI_TB,TB,,,
2023,4,2023-10-01,2023_04_TB_NO,TB,,,
2023,6,2023-10-15,2023_06_DET_TB,TB,,,
2023,7,2023-10-22,2023_07_ATL_TB,TB,,,
2023,8,2023-10-26,2023_08_TB_BUF,TB,-0.50114673,0.3455470971254581,1.4905723
2023,9,2023-11-05,2023_09_TB_HOU,TB,-0.4291774,0.3565884554953651,1.4855218
2023,10,2023-11-12,2023_10_TEN_TB,TB,-0.27767915,0.3462756254382169,1.681229
2023,11,2023-11-19,2023_11_TB_SF,TB,-0.14371552,0.3449408491034406,1.7805556
2023,12,2023-11-26,2023_12_TB_IND,TB,-0.20333911,0.3403532153749399,1.6199495
2023,13,2023-12-03,2023_13_CAR_TB,TB,-0.0807453,0.3601179876397122,1.8532828
2023,14,2023-12-10,2023_14_TB_ATL,TB,-0.06964078,0.3488184130313141,1.9255439
2023,15,2023-12-17,2023_15_TB_GB,TB,-0.093169115,0.3418146634139281,2.0278165
2023,16,2023-12-24,2023_16_JAX_TB,TB,0.089061,0.3555045550552085,2.1435573
2023,17,2023-12-31,2023_17_NO_TB,TB,0.19892128,0.3706967702474238,2.2950726
2023,18,2024-01-07,2023_18_TB_CAR,TB,0.13341852,0.3555055798111353,2.2422948
2024,1,2024-09-08,2024_01_WAS_TB,TB,,,
2024,2,2024-09-15,2024_02_TB_DET,TB,,,
2024,3,2024-09-22,2024_03_DEN_TB,TB,,,
2024,4,2024-09-29,2024_04_PHI_TB,TB,,,
2024,5,2024-10-03,2024_05_TB_ATL,TB,,,
2024,6,2024-10-13,2024_06_TB_NO,TB,,,
2024,7,2024-10-21,2024_07_BAL_TB,TB,0.679378,0.4602057519734288,2.5942762
2024,8,2024-10-27,2024_08_ATL_TB,TB,0.3916477,0.452905747451202,2.3396466
2024,9,2024-11-04,2024_09_TB_KC,TB,0.46559474,0.4616334304435909,2.4002526
2024,10,2024-11-10,2024_10_SF_TB,TB,0.92762995,0.4609487335467727,2.7386363
2024,12,2024-11-24,2024_12_TB_NYG,TB,0.7284973,0.4538197514177906,2.5416667
2024,13,2024-12-01,2024_13_TB_CAR,TB,0.80050546,0.442609968402452,2.597222
2024,14,2024-12-08,2024_14_LV_TB,TB,0.6928568,0.43143913306495,2.386111
2024,15,2024-12-15,2024_15_TB_LAC,TB,0.65079725,0.4305111721369891,2.4222224
2024,16,2024-12-22,2024_16_TB_DAL,TB,0.8469656,0.4504751678362789,2.6646464
2024,17,2024-12-29,2024_17_CAR_TB,TB,0.70297605,0.4731383071660849,2.5838385
2024,18,2025-01-05,2024_18_NO_TB,TB,1.1175815,0.5066084481362259,2.980808
2016,1,2016-09-11,2016_01_MIN_TEN,TEN,,,
2016,2,2016-09-18,2016_02_TEN_DET,TEN,,,
2016,3,2016-09-25,2016_03_OAK_TEN,TEN,,,
2016,4,2016-10-02,2016_04_TEN_HOU,TEN,,,
2016,5,2016-10-09,2016_05_TEN_MIA,TEN,,,
2016,6,2016-10-16,2016_06_CLE_TEN,TEN,,,
2016,7,2016-10-23,2016_07_IND_TEN,TEN,-0.33998975,0.3794324174601495,1.6800312
2016,8,2016-10-27,2016_08_JAX_TEN,TEN,0.017468577,0.3683915643738418,1.8315463
2016,9,2016-11-06,2016_09_TEN_SD,TEN,0.25195977,0.374824475144988,2.0648797
2016,10,2016-11-13,2016_10_GB_TEN,TEN,0.42352745,0.3892901406523201,2.4121017
2016,11,2016-11-20,2016_11_TEN_IND,TEN,0.84283704,0.4095729332565412,2.7152154
2016,12,2016-11-27,2016_12_TEN_CHI,TEN,0.72362405,0.4049163167249248,2.581882
2016,14,2016-12-11,2016_14_DEN_TEN,TEN,0.75465703,0.4036829110043396,2.5979078
2016,15,2016-12-18,2016_15_TEN_KC,TEN,0.56510997,0.3880129328343614,2.400938
2016,16,2016-12-24,2016_16_TEN_JAX,TEN,0.25243974,0.3896227042357994,2.1648269
2016,17,2017-01-01,2016_17_HOU_TEN,TEN,0.0512223,0.3644424501864978,1.8966645
2017,1,2017-09-10,2017_01_OAK_TEN,TEN,,,
2017,2,2017-09-17,2017_02_TEN_JAX,TEN,,,
2017,3,2017-09-24,2017_03_SEA_TEN,TEN,,,
2017,4,2017-10-01,2017_04_TEN_HOU,TEN,,,
2017,5,2017-10-08,2017_05_TEN_MIA,TEN,,,
2017,6,2017-10-16,2017_06_IND_TEN,TEN,,,
2017,7,2017-10-22,2017_07_TEN_CLE,TEN,0.04450043,0.4012768665050412,2.0262747
2017,9,2017-11-05,2017_09_BAL_TEN,TEN,-0.20356846,0.3905303652152391,1.8966451
2017,10,2017-11-12,2017_10_CIN_TEN,TEN,-0.40152466,0.3867419083017823,1.7022005
2017,11,2017-11-16,2017_11_TEN_PIT,TEN,-0.5905639,0.3726124276887851,1.6170357
2017,12,2017-11-26,2017_12_TEN_IND,TEN,-0.4916948,0.3728977193202307,1.6683178
2017,13,2017-12-03,2017_13_HOU_TEN,TEN,-0.2583222,0.3832026080342103,1.860237
2017,14,2017-12-10,2017_14_TEN_ARI,TEN,-0.23520236,0.3874912206561562,1.7592269
2017,15,2017-12-17,2017_15_TEN_SF,TEN,-0.39065525,0.3872647314590787,1.6897825
2017,16,2017-12-24,2017_16_LA_TEN,TEN,-0.13046886,0.3806107662113635,1.8495046
2017,17,2017-12-31,2017_17_JAX_TEN,TEN,-0.16784777,0.3800815521499096,1.7779235
2018,1,2018-09-09,2018_01_TEN_MIA,TEN,,,
2018,2,2018-09-16,2018_02_HOU_TEN,TEN,,,
2018,3,2018-09-23,2018_03_TEN_JAX,TEN,,,
2018,4,2018-09-30,2018_04_PHI_TEN,TEN,,,
2018,5,2018-10-07,2018_05_TEN_BUF,TEN,,,
2018,6,2018-10-14,2018_06_BAL_TEN,TEN,,,
2018,7,2018-10-21,2018_07_TEN_LAC,TEN,-0.6209884,0.3410625134622747,1.323077
2018,9,2018-11-05,2018_09_TEN_DAL,TEN,-0.28180942,0.3613459102021193,1.4625
2018,10,2018-11-11,2018_10_NE_TEN,TEN,-0.27014425,0.3705985557047648,1.5958333
2018,11,2018-11-18,2018_11_TEN_IND,TEN,0.06896076,0.3900120546637184,1.9609848
2018,12,2018-11-26,2018_12_TEN_HOU,TEN,-0.2652762,0.3804060973494277,1.7665404
2018,13,2018-12-02,2018_13_NYJ_TEN,TEN,-0.11042311,0.3885127881432843,1.8018938
2018,14,2018-12-06,2018_14_JAX_TEN,TEN,0.13383101,0.4069792937129644,2.1114178
2018,15,2018-12-16,2018_15_TEN_NYG,TEN,0.096650146,0.3991807020540787,2.2155845
2018,16,2018-12-22,2018_16_WAS_TEN,TEN,0.048493773,0.398420929419306,2.0322511
2018,17,2018-12-30,2018_17_IND_TEN,TEN,0.0025106966,0.400195096960519,1.8689514
2019,1,2019-09-08,2019_01_TEN_CLE,TEN,,,
2019,2,2019-09-15,2019_02_IND_TEN,TEN,,,
2019,3,2019-09-19,2019_03_TEN_JAX,TEN,,,
2019,4,2019-09-29,2019_04_TEN_ATL,TEN,,,
2019,5,2019-10-06,2019_05_BUF_TEN,TEN,,,
2019,6,2019-10-13,2019_06_TEN_DEN,TEN,,,
2019,7,2019-10-20,2019_07_LAC_TEN,TEN,-0.65217435,0.3688202789592209,1.25
2019,8,2019-10-27,2019_08_TB_TEN,TEN,-0.6350456,0.3654060892092468,1.2592592
2019,9,2019-11-03,2019_09_TEN_CAR,TEN,-0.5579205,0.3656417662306381,1.3231121
2019,10,2019-11-10,2019_10_KC_TEN,TEN,-0.45626798,0.3858768166740219,1.4948292
2019,12,2019-11-24,2019_12_JAX_TEN,TEN,-0.44245467,0.3801402057903522,1.5339707
2019,13,2019-12-01,2019_13_TEN_IND,TEN,0.081672125,0.4063523774570693,1.9663715
2019,14,2019-12-08,2019_14_TEN_OAK,TEN,0.3291901,0.4232384167332185,2.2868845
2019,15,2019-12-15,2019_15_HOU_TEN,TEN,0.52466774,0.4435384037667171,2.406413
2019,16,2019-12-22,2019_16_NO_TEN,TEN,0.6105466,0.4485507194933185,2.4031663
2019,17,2019-12-29,2019_17_TEN_HOU,TEN,0.6988726,0.4537721570064227,2.4843628
2020,1,2020-09-14,2020_01_TEN_DEN,TEN,,,
2020,2,2020-09-20,2020_02_JAX_TEN,TEN,,,
2020,3,2020-09-27,2020_03_TEN_MIN,TEN,,,
2020,5,2020-10-13,2020_05_BUF_TEN,TEN,,,
2020,6,2020-10-18,2020_06_HOU_TEN,TEN,,,
2020,7,2020-10-25,2020_07_PIT_TEN,TEN,,,
2020,8,2020-11-01,2020_08_TEN_CIN,TEN,1.0607169,0.4450019776159568,3.028244
2020,9,2020-11-08,2020_09_CHI_TEN,TEN,1.2394819,0.4692171657200337,3.1319478
2020,10,2020-11-12,2020_10_IND_TEN,TEN,0.83086747,0.4302538772488267,2.8127167
2020,11,2020-11-22,2020_11_TEN_BAL,TEN,0.6500695,0.4355913579068202,2.7300959
2020,12,2020-11-29,2020_12_TEN_IND,TEN,0.56363523,0.4172537156108446,2.452318
2020,13,2020-12-06,2020_13_CLE_TEN,TEN,0.5861011,0.4242432328276346,2.4409544
2020,14,2020-12-13,2020_14_TEN_JAX,TEN,0.69807714,0.4373533942711292,2.5270655
2020,15,2020-12-20,2020_15_DET_TEN,TEN,0.7562232,0.4410103340391802,2.6263921
2020,16,2020-12-27,2020_16_TEN_GB,TEN,1.422835,0.478935532060532,3.1622896
2020,17,2021-01-03,2020_17_TEN_HOU,TEN,1.4319248,0.4657060146643481,3.106734
2021,1,2021-09-12,2021_01_ARI_TEN,TEN,,,
2021,2,2021-09-19,2021_02_TEN_SEA,TEN,,,
2021,3,2021-09-26,2021_03_IND_TEN,TEN,,,
2021,4,2021-10-03,2021_04_TEN_NYJ,TEN,,,
2021,5,2021-10-10,2021_05_TEN_JAX,TEN,,,
2021,6,2021-10-18,2021_06_BUF_TEN,TEN,,,
2021,7,2021-10-24,2021_07_KC_TEN,TEN,0.37573043,0.4270156363105081,2.4061058
2021,8,2021-10-31,2021_08_TEN_IND,TEN,1.0021166,0.4406454478569863,2.7255504
2021,9,2021-11-07,2021_09_TEN_LA,TEN,0.9088423,0.4347685193556234,2.6614478
2021,10,2021-11-14,2021_10_NO_TEN,TEN,0.69253564,0.4448362101524809,2.5040405
2021,11,2021-11-21,2021_11_HOU_TEN,TEN,0.67223626,0.439123884728617,2.544833
2021,12,2021-11-28,2021_12_TEN_NE,TEN,0.19409765,0.4275300773014762,2.2087219
2021,14,2021-12-12,2021_14_JAX_TEN,TEN,-0.19359279,0.4040489424232825,1.89054
2021,15,2021-12-19,2021_15_TEN_PIT,TEN,-0.5217663,0.3785867502944237,1.6935703
2021,16,2021-12-23,2021_16_SF_TEN,TEN,-0.8634265,0.3708592697368321,1.5315657
2021,17,2022-01-02,2021_17_MIA_TEN,TEN,-0.75557286,0.3589911674173409,1.5963806
2021,18,2022-01-09,2021_18_TEN_HOU,TEN,-0.59949696,0.3620222272665825,1.7630472
2022,1,2022-09-11,2022_01_NYG_TEN,TEN,,,
2022,2,2022-09-19,2022_02_TEN_BUF,TEN,,,
2022,3,2022-09-25,2022_03_LV_TEN,TEN,,,
2022,4,2022-10-02,2022_04_TEN_IND,TEN,,,
2022,5,2022-10-09,2022_05_TEN_WAS,TEN,,,
2022,7,2022-10-23,2022_07_IND_TEN,TEN,,,
2022,8,2022-10-30,2022_08_TEN_HOU,TEN,-0.24310571,0.414594559480923,1.6977273
2022,9,2022-11-06,2022_09_TEN_KC,TEN,-0.3450326,0.4169880414198596,1.6522727
2022,10,2022-11-13,2022_10_DEN_TEN,TEN,-0.08338833,0.4050887033841579,1.7641608
2022,11,2022-11-17,2022_11_TEN_GB,TEN,-0.2404842,0.4087456020410565,1.5821096
2022,12,2022-11-27,2022_12_CIN_TEN,TEN,-0.12474962,0.4014909122863668,1.6321095
2022,13,2022-12-04,2022_13_TEN_PHI,TEN,-0.13936417,0.3982931378385923,1.6071095
2022,14,2022-12-11,2022_14_JAX_TEN,TEN,-0.24401732,0.3625659862023498,1.561655
2022,15,2022-12-18,2022_15_TEN_LAC,TEN,-0.27001506,0.3620992076105713,1.6096349
2022,16,2022-12-24,2022_16_HOU_TEN,TEN,-0.3716371,0.3640140662561991,1.5711733
2022,17,2022-12-29,2022_17_DAL_TEN,TEN,-0.5470583,0.3567923527844857,1.547669
2022,18,2023-01-07,2022_18_TEN_JAX,TEN,-0.8395607,0.3366487039950035,1.2782246
2023,1,2023-09-10,2023_01_TEN_NO,TEN,,,
2023,2,2023-09-17,2023_02_LAC_TEN,TEN,,,
2023,3,2023-09-24,2023_03_TEN_CLE,TEN,,,
2023,4,2023-10-01,2023_04_CIN_TEN,TEN,,,
2023,5,2023-10-08,2023_05_TEN_IND,TEN,,,
2023,6,2023-10-15,2023_06_BAL_TEN,TEN,,,
2023,8,2023-10-29,2023_08_ATL_TEN,TEN,-0.037978332,0.3842607490214558,1.7674242
2023,9,2023-11-02,2023_09_TEN_PIT,TEN,0.15199398,0.4114083946958872,1.8924242
2023,10,2023-11-12,2023_10_TEN_TB,TEN,0.19642693,0.4079752295797156,1.7796297
2023,11,2023-11-19,2023_11_TEN_JAX,TEN,0.19568008,0.4119861723406584,1.8205386
2023,12,2023-11-26,2023_12_CAR_TEN,TEN,0.0050342623,0.3801304914718196,1.5797981
2023,13,2023-12-03,2023_13_IND_TEN,TEN,-0.12820943,0.3929026831962172,1.5040404
2023,14,2023-12-11,2023_14_TEN_MIA,TEN,-0.11387682,0.3717772422791097,1.508207
2023,15,2023-12-17,2023_15_HOU_TEN,TEN,-0.088970415,0.359558244345826,1.5338482
2023,16,2023-12-24,2023_16_SEA_TEN,TEN,-0.37405393,0.3406188745894628,1.365757
2023,17,2023-12-31,2023_17_TEN_HOU,TEN,0.007814704,0.3557759275754631,1.6290145
2023,18,2024-01-07,2023_18_JAX_TEN,TEN,-0.4506127,0.3380975354672464,1.4197553
2024,1,2024-09-08,2024_01_TEN_CHI,TEN,,,
2024,2,2024-09-15,2024_02_NYJ_TEN,TEN,,,
2024,3,2024-09-22,2024_03_GB_TEN,TEN,,,
2024,4,2024-09-30,2024_04_TEN_MIA,TEN,,,
2024,6,2024-10-13,2024_06_IND_TEN,TEN,,,
2024,7,2024-10-20,2024_07_TEN_BUF,TEN,,,
2024,8,2024-10-27,2024_08_TEN_DET,TEN,-0.8080912,0.4037130145682777,1.4559051
2024,9,2024-11-03,2024_09_NE_TEN,TEN,-0.88112855,0.4140269939612045,1.4046232
2024,10,2024-11-10,2024_10_TEN_LAC,TEN,-0.8679462,0.4117407280385749,1.4248252
2024,11,2024-11-17,2024_11_MIN_TEN,TEN,-0.55724627,0.4057185095163564,1.5275187
2024,12,2024-11-24,2024_12_TEN_HOU,TEN,-0.7668707,0.3889934416549249,1.3526936
2024,13,2024-12-01,2024_13_TEN_WAS,TEN,-0.73912215,0.3887010266068706,1.4522606
2024,14,2024-12-08,2024_14_JAX_TEN,TEN,-0.68860465,0.3726696043254484,1.6012506
2024,15,2024-12-15,2024_15_CIN_TEN,TEN,-0.4510597,0.3630650385934317,1.545695
2024,16,2024-12-22,2024_16_TEN_IND,TEN,-0.42287967,0.3835449550013785,1.6429173
2024,17,2024-12-29,2024_17_TEN_JAX,TEN,-0.43138972,0.3952804417368651,1.7127179
2024,18,2025-01-05,2024_18_HOU_TEN,TEN,-0.2405364,0.4184647332450202,1.7865815
2016,1,2016-09-12,2016_01_PIT_WAS,WAS,,,
2016,2,2016-09-18,2016_02_DAL_WAS,WAS,,,
2016,3,2016-09-25,2016_03_WAS_NYG,WAS,,,
2016,4,2016-10-02,2016_04_CLE_WAS,WAS,,,
2016,5,2016-10-09,2016_05_WAS_BAL,WAS,,,
2016,6,2016-10-16,2016_06_PHI_WAS,WAS,,,
2016,7,2016-10-23,2016_07_WAS_DET,WAS,0.417395,0.4365738857055383,2.1916065
2016,8,2016-10-30,2016_08_WAS_CIN,WAS,0.5012828,0.441329844767053,2.2397547
2016,10,2016-11-13,2016_10_MIN_WAS,WAS,0.5566652,0.4268270137201043,2.17785
2016,11,2016-11-20,2016_11_GB_WAS,WAS,0.52148294,0.4148917675936817,2.1717894
2016,12,2016-11-24,2016_12_WAS_DAL,WAS,0.6404148,0.4112589385820648,2.234079
2016,13,2016-12-04,2016_13_WAS_ARI,WAS,1.0448838,0.4095804831089664,2.656698
2016,14,2016-12-11,2016_14_WAS_PHI,WAS,1.0234296,0.3990671075955909,2.6309402
2016,15,2016-12-19,2016_15_CAR_WAS,WAS,1.1004623,0.3800067954797232,2.7252166
2016,16,2016-12-24,2016_16_WAS_CHI,WAS,0.73653966,0.3654040099210554,2.5823593
2016,17,2017-01-01,2016_17_NYG_WAS,WAS,0.9478023,0.3863531996202451,2.7702382
2017,1,2017-09-10,2017_01_PHI_WAS,WAS,,,
2017,2,2017-09-17,2017_02_WAS_LA,WAS,,,
2017,3,2017-09-24,2017_03_OAK_WAS,WAS,,,
2017,4,2017-10-02,2017_04_WAS_KC,WAS,,,
2017,6,2017-10-15,2017_06_SF_WAS,WAS,,,
2017,7,2017-10-23,2017_07_WAS_PHI,WAS,,,
2017,8,2017-10-29,2017_08_DAL_WAS,WAS,-0.020712472,0.3863333583319628,1.9785353
2017,9,2017-11-05,2017_09_WAS_SEA,WAS,-0.054191783,0.362782296390808,2.0554583
2017,10,2017-11-12,2017_10_MIN_WAS,WAS,-0.32177207,0.3372596498454341,1.8643163
2017,11,2017-11-19,2017_11_WAS_NO,WAS,-0.25359988,0.3460010207080171,1.9438616
2017,12,2017-11-23,2017_12_NYG_WAS,WAS,-0.107578136,0.3376254610824575,2.0802252
2017,13,2017-11-30,2017_13_WAS_DAL,WAS,-0.3181489,0.3346211737031701,1.9572095
2017,14,2017-12-10,2017_14_WAS_LAC,WAS,-0.6069183,0.3298497946893668,1.8359972
2017,15,2017-12-17,2017_15_ARI_WAS,WAS,-0.5524363,0.34349358553904,1.6821512
2017,16,2017-12-24,2017_16_DEN_WAS,WAS,-0.57701874,0.3476827546320553,1.7206126
2017,17,2017-12-31,2017_17_WAS_NYG,WAS,-0.67206794,0.3400640265587817,1.6122211
2018,1,2018-09-09,2018_01_WAS_ARI,WAS,,,
2018,2,2018-09-16,2018_02_IND_WAS,WAS,,,
2018,3,2018-09-23,2018_03_GB_WAS,WAS,,,
2018,5,2018-10-08,2018_05_WAS_NO,WAS,,,
2018,6,2018-10-14,2018_06_CAR_WAS,WAS,,,
2018,7,2018-10-21,2018_07_DAL_WAS,WAS,,,
2018,8,2018-10-28,2018_08_WAS_NYG,WAS,-0.037824433,0.4036997888695007,1.8617004
2018,9,2018-11-04,2018_09_ATL_WAS,WAS,-0.17935526,0.3986936838633957,1.7394781
2018,10,2018-11-11,2018_10_WAS_TB,WAS,-0.018441679,0.3847516410577165,1.8364477
2018,11,2018-11-18,2018_11_HOU_WAS,WAS,-0.05045569,0.4033813909374664,1.7021885
2018,12,2018-11-22,2018_12_WAS_DAL,WAS,-0.09929559,0.3968688191471168,1.6420034
2018,13,2018-12-03,2018_13_WAS_PHI,WAS,-0.27153325,0.3971973403980979,1.5883904
2018,14,2018-12-09,2018_14_NYG_WAS,WAS,-0.28246912,0.3938922111838778,1.6106125
2018,15,2018-12-16,2018_15_WAS_JAX,WAS,-0.5881772,0.3873469541921923,1.523311
2018,16,2018-12-22,2018_16_WAS_TEN,WAS,-0.7266734,0.3783243259919325,1.5324019
2018,17,2018-12-30,2018_17_PHI_WAS,WAS,-0.77861047,0.3645758252642651,1.5694389
2019,1,2019-09-08,2019_01_WAS_PHI,WAS,,,
2019,2,2019-09-15,2019_02_DAL_WAS,WAS,,,
2019,3,2019-09-23,2019_03_CHI_WAS,WAS,,,
2019,4,2019-09-29,2019_04_WAS_NYG,WAS,,,
2019,5,2019-10-06,2019_05_NE_WAS,WAS,,,
2019,6,2019-10-13,2019_06_WAS_MIA,WAS,,,
2019,7,2019-10-20,2019_07_SF_WAS,WAS,-0.7528319,0.3420293123449689,1.4073426
2019,8,2019-10-24,2019_08_WAS_MIN,WAS,-1.3388463,0.3100884754041319,0.9573426
2019,9,2019-11-03,2019_09_WAS_BUF,WAS,-1.6174713,0.2993134222679677,0.7351205
2019,11,2019-11-17,2019_11_NYJ_WAS,WAS,-1.5216265,0.2859365377420933,0.67451435
2019,12,2019-11-24,2019_12_DET_WAS,WAS,-1.3549107,0.2853523996579552,0.8470085
2019,13,2019-12-01,2019_13_WAS_CAR,WAS,-1.187339,0.2948944757476504,0.99542123
2019,14,2019-12-08,2019_14_WAS_GB,WAS,-1.0745071,0.3033655351115669,1.1227106
2019,15,2019-12-15,2019_15_PHI_WAS,WAS,-0.76847917,0.3187984355444673,1.3727106
2019,16,2019-12-22,2019_16_NYG_WAS,WAS,-0.5042005,0.3441258087885072,1.656044
2019,17,2019-12-29,2019_17_WAS_DAL,WAS,-0.09661364,0.3618308134513253,1.9754883
2020,1,2020-09-13,2020_01_PHI_WAS,WAS,,,
2020,2,2020-09-20,2020_02_WAS_ARI,WAS,,,
2020,3,2020-09-27,2020_03_WAS_CLE,WAS,,,
2020,4,2020-10-04,2020_04_BAL_WAS,WAS,,,
2020,5,2020-10-11,2020_05_LA_WAS,WAS,,,
2020,6,2020-10-18,2020_06_WAS_NYG,WAS,,,
2020,7,2020-10-25,2020_07_DAL_WAS,WAS,-0.69388455,0.3630794568363183,1.5866647
2020,9,2020-11-08,2020_09_NYG_WAS,WAS,-0.4221548,0.3667607138509087,1.669998
2020,10,2020-11-15,2020_10_WAS_DET,WAS,-0.3080257,0.3758914484361887,1.7760587
2020,11,2020-11-22,2020_11_CIN_WAS,WAS,0.017681666,0.4032489828770565,1.9482808
2020,12,2020-11-26,2020_12_WAS_DAL,WAS,0.048389565,0.3950660676765975,1.968483
2020,13,2020-12-07,2020_13_WAS_PIT,WAS,0.3550538,0.4304655018411146,2.3263888
2020,14,2020-12-13,2020_14_WAS_SF,WAS,0.39561263,0.4152114654256038,2.2254274
2020,15,2020-12-20,2020_15_SEA_WAS,WAS,0.03578635,0.426730825694964,1.9566774
2020,16,2020-12-27,2020_16_CAR_WAS,WAS,-0.0073186494,0.4146177304568688,1.8733441
2020,17,2021-01-03,2020_17_WAS_PHI,WAS,-0.32138017,0.4060359010662158,1.6203136
2021,1,2021-09-12,2021_01_LAC_WAS,WAS,,,
2021,2,2021-09-16,2021_02_NYG_WAS,WAS,,,
2021,3,2021-09-26,2021_03_WAS_BUF,WAS,,,
2021,4,2021-10-03,2021_04_WAS_ATL,WAS,,,
2021,5,2021-10-10,2021_05_NO_WAS,WAS,,,
2021,6,2021-10-17,2021_06_KC_WAS,WAS,,,
2021,7,2021-10-24,2021_07_WAS_GB,WAS,-0.04979484,0.3789438185271518,2.0952861
2021,8,2021-10-31,2021_08_WAS_DEN,WAS,-0.122947216,0.3860699948199948,1.9656566
2021,10,2021-11-14,2021_10_TB_WAS,WAS,-0.39652357,0.3693772739606073,1.6962963
2021,11,2021-11-21,2021_11_WAS_CAR,WAS,-0.09931185,0.3869046539879873,1.9416667
2021,12,2021-11-29,2021_12_SEA_WAS,WAS,-0.21236087,0.390642952726286,1.8250002
2021,13,2021-12-05,2021_13_WAS_LV,WAS,-0.13087666,0.3979343813412441,1.7555556
2021,14,2021-12-12,2021_14_DAL_WAS,WAS,0.14531308,0.4063391966905038,1.8898149
2021,15,2021-12-21,2021_15_WAS_PHI,WAS,-0.006641675,0.3754021399201137,1.8787037
2021,16,2021-12-26,2021_16_WAS_DAL,WAS,0.03655142,0.3775571257872208,1.9510943
2021,17,2022-01-02,2021_17_PHI_WAS,WAS,-0.34599197,0.3522454716294128,1.5935445
2021,18,2022-01-09,2021_18_WAS_NYG,WAS,-0.52258843,0.3631447344036756,1.4768777
2022,1,2022-09-11,2022_01_JAX_WAS,WAS,,,
2022,2,2022-09-18,2022_02_WAS_DET,WAS,,,
2022,3,2022-09-25,2022_03_PHI_WAS,WAS,,,
2022,4,2022-10-02,2022_04_WAS_DAL,WAS,,,
2022,5,2022-10-09,2022_05_TEN_WAS,WAS,,,
2022,6,2022-10-13,2022_06_WAS_CHI,WAS,,,
2022,7,2022-10-23,2022_07_GB_WAS,WAS,-0.46110404,0.3277648668070745,1.3397852
2022,8,2022-10-30,2022_08_WAS_IND,WAS,-0.57566065,0.3379116083932101,1.2993811
2022,9,2022-11-06,2022_09_MIN_WAS,WAS,-0.6310603,0.3562283115313418,1.2355283
2022,10,2022-11-14,2022_10_WAS_PHI,WAS,-0.47979882,0.3516855934469571,1.3883061
2022,11,2022-11-20,2022_11_WAS_HOU,WAS,-0.057031933,0.3742754328015023,1.6934342
2022,12,2022-11-27,2022_12_ATL_WAS,WAS,-0.058045954,0.3871942585044189,1.714899
2022,13,2022-12-04,2022_13_WAS_NYG,WAS,0.062152606,0.3780784491360843,1.8849326
2022,15,2022-12-18,2022_15_NYG_WAS,WAS,0.04844591,0.3767619205468285,1.7928581
2022,16,2022-12-24,2022_16_WAS_SF,WAS,0.015749773,0.3759619334968414,1.7352823
2022,17,2023-01-01,2022_17_CLE_WAS,WAS,-0.10759167,0.3681884265457029,1.7769489
2022,18,2023-01-08,2022_18_DAL_WAS,WAS,-0.45407978,0.3558045386471091,1.5102824
2023,1,2023-09-10,2023_01_ARI_WAS,WAS,,,
2023,2,2023-09-17,2023_02_WAS_DEN,WAS,,,
2023,3,2023-09-24,2023_03_BUF_WAS,WAS,,,
2023,4,2023-10-01,2023_04_WAS_PHI,WAS,,,
2023,5,2023-10-05,2023_05_CHI_WAS,WAS,,,
2023,6,2023-10-15,2023_06_WAS_ATL,WAS,,,
2023,7,2023-10-22,2023_07_WAS_NYG,WAS,-0.36290047,0.3366686045106277,1.9599457
2023,8,2023-10-29,2023_08_PHI_WAS,WAS,-0.28966776,0.3466639836789392,1.7868687
2023,9,2023-11-05,2023_09_WAS_NE,WAS,-0.38067982,0.3561271215511679,1.7262626
2023,10,2023-11-12,2023_10_WAS_SEA,WAS,0.12842403,0.370847470646517,1.9585857
2023,11,2023-11-19,2023_11_NYG_WAS,WAS,0.01944208,0.3792284538938104,1.8358585
2023,12,2023-11-23,2023_12_WAS_DAL,WAS,-0.0729315,0.3839585121952973,1.7842712
2023,13,2023-12-03,2023_13_MIA_WAS,WAS,-0.29515556,0.3903318646136586,1.6024531
2023,15,2023-12-17,2023_15_WAS_LA,WAS,-0.32344285,0.3588597719231791,1.7463924
2023,16,2023-12-24,2023_16_WAS_NYJ,WAS,-0.57730645,0.3246612964368248,1.5544733
2023,17,2023-12-31,2023_17_SF_WAS,WAS,-0.7991808,0.3143789784461734,1.5878066
2023,18,2024-01-07,2023_18_DAL_WAS,WAS,-1.080783,0.3060749788542951,1.3790525
2024,1,2024-09-08,2024_01_WAS_TB,WAS,,,
2024,2,2024-09-15,2024_02_NYG_WAS,WAS,,,
2024,3,2024-09-23,2024_03_WAS_CIN,WAS,,,
2024,4,2024-09-29,2024_04_WAS_ARI,WAS,,,
2024,5,2024-10-06,2024_05_CLE_WAS,WAS,,,
2024,6,2024-10-13,2024_06_WAS_BAL,WAS,,,
2024,7,2024-10-20,2024_07_CAR_WAS,WAS,1.826351,0.4815701340060645,3.275463
2024,8,2024-10-27,2024_08_CHI_WAS,WAS,2.0641944,0.5082033156392461,3.471759
2024,9,2024-11-03,2024_09_WAS_NYG,WAS,1.8106827,0.5024549085476373,3.284259
2024,10,2024-11-10,2024_10_PIT_WAS,WAS,1.4850558,0.5071715460767748,3.0550926
2024,11,2024-11-14,2024_11_WAS_PHI,WAS,0.93576163,0.4862035109951777,2.652315
2024,12,2024-11-24,2024_12_DAL_WAS,WAS,0.84990144,0.5083397501768715,2.4528198
2024,13,2024-12-01,2024_13_TEN_WAS,WAS,0.5805363,0.4874987085024964,2.2977273
2024,15,2024-12-15,2024_15_WAS_NO,WAS,0.48170826,0.4845423130461008,2.314394
2024,16,2024-12-22,2024_16_PHI_WAS,WAS,0.548148,0.5041037315658528,2.4347644
2024,17,2024-12-29,2024_17_ATL_WAS,WAS,0.2713587,0.4730141036012248,2.3008358
2024,18,2025-01-05,2024_18_WAS_DAL,WAS,0.45780537,0.462077384637545,2.4258358
