play_id,game_id,season,season_type,week,game_date,home_team,away_team,posteam,defteam,posteam_type,qtr,down,ydstogo,yardline_100,quarter_seconds_remaining,half_seconds_remaining,game_seconds_remaining,posteam_score,defteam_score,score_differential,posteam_timeouts_remaining,defteam_timeouts_remaining,wp,vegas_wp,wpa,epa,shotgun,no_huddle,roof,temp,wind,field_goal_attempt,field_goal_result,kick_distance,punt_attempt,fourth_down_converted,fourth_down_failed,qb_spike,qb_kneel,fixed_drive,order_sequence,decision,go_converted,fg_made,is_home,is_first_ot_possession
4494.0,2016_08_WAS_CIN,2016,REG,8,2016-10-30,CIN,WAS,WAS,CIN,away,5.0,,0.0,35.0,900.0,900.0,900.0,27.0,27.0,0.0,2.0,2.0,0.5551084,0.5551084,-0.0,-0.0,0.0,0.0,outdoors,54.0,2.0,0.0,,65.0,0.0,0.0,0.0,0.0,0.0,22.0,4494.0,GO,false,,false,true
4509.0,2016_08_WAS_CIN,2016,REG,8,2016-10-30,CIN,WAS,WAS,CIN,away,5.0,1.0,10.0,75.0,900.0,900.0,900.0,27.0,27.0,0.0,2.0,2.0,0.5551084,0.5551084,0.0924317,0.9749348,0.0,0.0,outdoors,54.0,2.0,0.0,,,0.0,0.0,0.0,0.0,0.0,22.0,4509.0,GO,false,,false,true
4533.0,2016_08_WAS_CIN,2016,REG,8,2016-10-30,CIN,WAS,WAS,CIN,away,5.0,1.0,10.0,59.0,864.0,864.0,864.0,27.0,27.0,0.0,2.0,2.0,0.64754015,0.64754015,-0.018519985,-0.1380918,0.0,0.0,outdoors,54.0,2.0,0.0,,,0.0,0.0,0.0,0.0,0.0,22.0,4533.0,GO,false,,false,true
4554.0,2016_08_WAS_CIN,2016,REG,8,2016-10-30,CIN,WAS,WAS,CIN,away,5.0,2.0,7.0,56.0,823.0,823.0,823.0,27.0,27.0,0.0,2.0,2.0,0.62902015,0.62902015,-0.071190685,-0.68102765,1.0,0.0,outdoors,54.0,2.0,0.0,,,0.0,0.0,0.0,0.0,0.0,22.0,4554.0,GO,false,,false,true
4577.0,2016_08_WAS_CIN,2016,REG,8,2016-10-30,CIN,WAS,WAS,CIN,away,5.0,2.0,12.0,61.0,803.0,803.0,803.0,27.0,27.0,0.0,2.0,2.0,0.5578295,0.5578295,0.16345616,1.6328169,1.0,0.0,outdoors,54.0,2.0,0.0,,,0.0,0.0,0.0,0.0,0.0,22.0,4577.0,GO,false,,false,true
4601.0,2016_08_WAS_CIN,2016,REG,8,2016-10-30,CIN,WAS,WAS,CIN,away,5.0,1.0,10.0,48.0,773.0,773.0,773.0,27.0,27.0,0.0,2.0,2.0,0.72128564,0.72128564,-0.014808584,-0.21677111,0.0,0.0,outdoors,54.0,2.0,0.0,,,0.0,0.0,0.0,0.0,0.0,22.0,4601.0,GO,false,,false,true
4622.0,2016_08_WAS_CIN,2016,REG,8,2016-10-30,CIN,WAS,WAS,CIN,away,5.0,2.0,7.0,45.0,732.0,732.0,732.0,27.0,27.0,0.0,2.0,2.0,0.70647705,0.70647705,-0.07438499,-0.7646388,1.0,0.0,outdoors,54.0,2.0,0.0,,,0.0,0.0,0.0,0.0,0.0,22.0,4622.0,GO,false,,false,true
4644.0,2016_08_WAS_CIN,2016,REG,8,2016-10-30,CIN,WAS,WAS,CIN,away,5.0,3.0,7.0,45.0,727.0,727.0,727.0,27.0,27.0,0.0,2.0,2.0,0.63209206,0.63209206,-0.17655629,-1.6943973,1.0,0.0,outdoors,54.0,2.0,0.0,,,0.0,0.0,0.0,0.0,0.0,22.0,4644.0,GO,false,,false,true
4666.0,2016_08_WAS_CIN,2016,REG,8,2016-10-30,CIN,WAS,WAS,CIN,away,5.0,4.0,7.0,45.0,722.0,722.0,722.0,27.0,27.0,0.0,2.0,2.0,0.45553577,0.45553577,0.057643924,-0.24558686,0.0,0.0,outdoors,54.0,2.0,0.0,,35.0,1.0,0.0,0.0,0.0,0.0,22.0,4666.0,PUNT,false,,false,true
4691.0,2016_08_WAS_CIN,2016,REG,8,2016-10-30,CIN,WAS,CIN,WAS,home,5.0,1.0,10.0,83.0,714.0,714.0,714.0,27.0,27.0,0.0,2.0,2.0,0.4868203,0.4868203,0.074688084,0.8292536,1.0,0.0,outdoors,54.0,2.0,0.0,,,0.0,0.0,0.0,0.0,0.0,23.0,4691.0,GO,false,,true,false
4719.0,2016_08_WAS_CIN,2016,REG,8,2016-10-30,CIN,WAS,CIN,WAS,home,5.0,1.0,10.0,69.0,688.0,688.0,688.0,27.0,27.0,0.0,2.0,2.0,0.56150836,0.56150836,0.047478847,0.5738463,1.0,0.0,outdoors,54.0,2.0,0.0,,,0.0,0.0,0.0,0.0,0.0,23.0,4719.0,GO,false,,true,false
4740.0,2016_08_WAS_CIN,2016,REG,8,2016-10-30,CIN,WAS,CIN,WAS,home,5.0,2.0,2.0,61.0,662.0,662.0,662.0,27.0,27.0,0.0,2.0,2.0,0.6089872,0.6089872,0.03347166,0.2570814,1.0,0.0,outdoors,54.0,2.0,0.0,,,0.0,0.0,0.0,0.0,0.0,23.0,4740.0,GO,false,,true,false
4761.0,2016_08_WAS_CIN,2016,REG,8,2016-10-30,CIN,WAS,CIN,WAS,home,5.0,1.0,10.0,57.0,633.0,633.0,633.0,27.0,27.0,0.0,2.0,2.0,0.6424589,0.6424589,-0.05136513,-0.43144506,1.0,0.0,outdoors,54.0,2.0,0.0,,,0.0,0.0,0.0,0.0,0.0,23.0,4761.0,GO,false,,true,false
4782.0,2016_08_WAS_CIN,2016,REG,8,2016-10-30,CIN,WAS,CIN,WAS,home,5.0,2.0,9.0,56.0,590.0,590.0,590.0,27.0,27.0,0.0,2.0,2.0,0.5910938,0.5910938,-0.11568724,-1.071613,1.0,0.0,outdoors,54.0,2.0,0.0,,,0.0,0.0,0.0,0.0,0.0,23.0,4782.0,GO,false,,true,false
4815.0,2016_08_WAS_CIN,2016,REG,8,2016-10-30,CIN,WAS,CIN,WAS,home,5.0,2.0,19.0,66.0,583.0,583.0,583.0,27.0,27.0,0.0,2.0,2.0,0.47540653,0.47540653,0.03769548,0.37987757,1.0,0.0,outdoors,54.0,2.0,0.0,,,0.0,0.0,0.0,0.0,0.0,23.0,4815.0,GO,false,,true,false
4839.0,2016_08_WAS_CIN,2016,REG,8,2016-10-30,CIN,WAS,CIN,WAS,home,5.0,3.0,9.0,56.0,539.0,539.0,539.0,27.0,27.0,0.0,2.0,2.0,0.513102,0.513102,0.21675758,2.0350869,1.0,0.0,outdoors,54.0,2.0,0.0,,,0.0,0.0,0.0,0.0,0.0,23.0,4839.0,GO,false,,true,false
4860.0,2016_08_WAS_CIN,2016,REG,8,2016-10-30,CIN,WAS,CIN,WAS,home,5.0,1.0,10.0,42.0,509.0,509.0,509.0,27.0,27.0,0.0,2.0,2.0,0.7298596,0.7298596,-0.027782518,-0.2451238,1.0,1.0,outdoors,54.0,2.0,0.0,,,0.0,0.0,0.0,0.0,0.0,23.0,4860.0,GO,false,,true,false
4881.0,2016_08_WAS_CIN,2016,REG,8,2016-10-30,CIN,WAS,CIN,WAS,home,5.0,2.0,8.0,40.0,465.0,465.0,465.0,27.0,27.0,0.0,2.0,2.0,0.70207703,0.70207703,-0.061932627,-0.6506461,1.0,0.0,outdoors,54.0,2.0,0.0,,,0.0,0.0,0.0,0.0,0.0,23.0,4881.0,GO,false,,true,false
4903.0,2016_08_WAS_CIN,2016,REG,8,2016-10-30,CIN,WAS,CIN,WAS,home,5.0,3.0,8.0,40.0,461.0,461.0,461.0,27.0,27.0,0.0,2.0,2.0,0.6401444,0.6401444,-0.2843365,-2.3157902,1.0,0.0,outdoors,54.0,2.0,0.0,,,0.0,0.0,0.0,0.0,0.0,23.0,4903.0,GO,false,,true,false
4922.0,2016_08_WAS_CIN,2016,REG,8,2016-10-30,CIN,WAS,CIN,WAS,home,5.0,4.0,16.0,48.0,420.0,420.0,420.0,27.0,27.0,0.0,2.0,2.0,0.35580793,0.35580793,0.1980439,-0.51565206,0.0,0.0,outdoors,54.0,2.0,0.0,,41.0,1.0,0.0,0.0,0.0,0.0,23.0,4922.0,PUNT,false,,true,false
4952.0,2016_08_WAS_CIN,2016,REG,8,2016-10-30,CIN,WAS,WAS,CIN,away,5.0,1.0,10.0,78.0,413.0,413.0,413.0,27.0,27.0,0.0,2.0,2.0,0.4461482,0.4461482,0.0018935596,0.12416413,0.0,0.0,outdoors,54.0,2.0,0.0,,,0.0,0.0,0.0,0.0,0.0,24.0,4952.0,GO,false,,false,false
4976.0,2016_08_WAS_CIN,2016,REG,8,2016-10-30,CIN,WAS,WAS,CIN,away,5.0,2.0,4.0,72.0,384.0,384.0,384.0,27.0,27.0,0.0,2.0,2.0,0.44804174,0.44804174,0.11124317,1.0206311,0.0,0.0,outdoors,54.0,2.0,0.0,,,0.0,0.0,0.0,0.0,0.0,24.0,4976.0,GO,false,,false,false
5011.0,2016_08_WAS_CIN,2016,REG,8,2016-10-30,CIN,WAS,WAS,CIN,away,5.0,1.0,10.0,58.0,356.0,356.0,356.0,27.0,27.0,0.0,2.0,2.0,0.5592849,0.5592849,0.09572151,0.84746325,0.0,0.0,outdoors,54.0,2.0,0.0,,,0.0,0.0,0.0,0.0,0.0,24.0,5011.0,GO,false,,false,false
5035.0,2016_08_WAS_CIN,2016,REG,8,2016-10-30,CIN,WAS,WAS,CIN,away,5.0,1.0,10.0,46.0,328.0,328.0,328.0,27.0,27.0,0.0,2.0,2.0,0.6550064,0.6550064,-0.029911699,-0.21173811,0.0,0.0,outdoors,54.0,2.0,0.0,,,0.0,0.0,0.0,0.0,0.0,24.0,5035.0,GO,false,,false,false
5059.0,2016_08_WAS_CIN,2016,REG,8,2016-10-30,CIN,WAS,WAS,CIN,away,5.0,2.0,6.0,42.0,289.0,289.0,289.0,27.0,27.0,0.0,2.0,2.0,0.6250947,0.6250947,0.011312384,0.1052137,1.0,0.0,outdoors,54.0,2.0,0.0,,,0.0,0.0,0.0,0.0,0.0,24.0,5059.0,GO,false,,false,false
5097.0,2016_08_WAS_CIN,2016,REG,8,2016-10-30,CIN,WAS,WAS,CIN,away,5.0,3.0,1.0,37.0,251.0,251.0,251.0,27.0,27.0,0.0,2.0,1.0,0.63640714,0.63640714,0.09812265,0.7186587,0.0,0.0,outdoors,54.0,2.0,0.0,,,0.0,0.0,0.0,0.0,0.0,24.0,5097.0,GO,false,,false,false
5133.0,2016_08_WAS_CIN,2016,REG,8,2016-10-30,CIN,WAS,WAS,CIN,away,5.0,1.0,10.0,32.0,245.0,245.0,245.0,27.0,27.0,0.0,2.0,1.0,0.7345298,0.7345298,0.004926427,-0.15480457,0.0,0.0,outdoors,54.0,2.0,0.0,,,0.0,0.0,0.0,0.0,0.0,24.0,5133.0,GO,false,,false,false
5154.0,2016_08_WAS_CIN,2016,REG,8,2016-10-30,CIN,WAS,WAS,CIN,away,5.0,2.0,6.0,28.0,212.0,212.0,212.0,27.0,27.0,0.0,2.0,1.0,0.7394562,0.7394562,0.09092952,0.971994,0.0,0.0,outdoors,54.0,2.0,0.0,,,0.0,0.0,0.0,0.0,0.0,24.0,5154.0,GO,false,,false,false
5178.0,2016_08_WAS_CIN,2016,REG,8,2016-10-30,CIN,WAS,WAS,CIN,away,5.0,1.0,10.0,19.0,208.0,208.0,208.0,27.0,27.0,0.0,2.0,1.0,0.8303857,0.8303857,-0.07658965,-1.0920012,0.0,0.0,outdoors,54.0,2.0,0.0,,,0.0,0.0,0.0,0.0,0.0,24.0,5178.0,GO,false,,false,false
5221.0,2016_08_WAS_CIN,2016,REG,8,2016-10-30,CIN,WAS,WAS,CIN,away,5.0,1.0,20.0,29.0,203.0,203.0,203.0,27.0,27.0,0.0,2.0,1.0,0.75379604,0.75379604,0.09779665,1.4265423,0.0,0.0,outdoors,54.0,2.0,0.0,,,0.0,0.0,0.0,0.0,0.0,24.0,5221.0,GO,false,,false,false
5242.0,2016_08_WAS_CIN,2016,REG,8,2016-10-30,CIN,WAS,WAS,CIN,away,5.0,2.0,4.0,13.0,172.0,172.0,172.0,27.0,27.0,0.0,2.0,1.0,0.8515927,0.8515927,0.08100095,-1.8223902,0.0,0.0,outdoors,54.0,2.0,0.0,,,0.0,0.0,0.0,0.0,0.0,24.0,5242.0,GO,false,,false,false
5286.0,2016_08_WAS_CIN,2016,REG,8,2016-10-30,CIN,WAS,WAS,CIN,away,5.0,3.0,7.0,16.0,133.0,133.0,133.0,27.0,27.0,0.0,2.0,0.0,0.93259364,0.93259364,-0.19400086,-3.820063,0.0,0.0,outdoors,54.0,2.0,1.0,missed,34.0,0.0,0.0,0.0,0.0,0.0,24.0,5286.0,FG,false,false,false,false
5306.0,2016_08_WAS_CIN,2016,REG,8,2016-10-30,CIN,WAS,CIN,WAS,home,5.0,1.0,10.0,76.0,129.0,129.0,129.0,27.0,27.0,0.0,0.0,2.0,0.2614072,0.2614072,-0.03325197,-0.2885628,1.0,0.0,outdoors,54.0,2.0,0.0,,,0.0,0.0,0.0,0.0,0.0,25.0,5306.0,GO,false,,true,false
5347.0,2016_08_WAS_CIN,2016,REG,8,2016-10-30,CIN,WAS,CIN,WAS,home,5.0,2.0,6.0,72.0,120.0,120.0,120.0,27.0,27.0,0.0,0.0,2.0,0.22815524,0.22815524,0.081741095,0.58059996,1.0,0.0,outdoors,54.0,2.0,0.0,,,0.0,0.0,0.0,0.0,0.0,25.0,5347.0,GO,false,,true,false
5371.0,2016_08_WAS_CIN,2016,REG,8,2016-10-30,CIN,WAS,CIN,WAS,home,5.0,1.0,10.0,63.0,97.0,97.0,97.0,27.0,27.0,0.0,0.0,2.0,0.30989632,0.30989632,-0.048515517,-0.3503176,1.0,1.0,outdoors,54.0,2.0,0.0,,,0.0,0.0,0.0,0.0,0.0,25.0,5371.0,GO,false,,true,false
5393.0,2016_08_WAS_CIN,2016,REG,8,2016-10-30,CIN,WAS,CIN,WAS,home,5.0,2.0,10.0,63.0,91.0,91.0,91.0,27.0,27.0,0.0,0.0,2.0,0.26138082,0.26138082,0.02784394,0.21463452,1.0,0.0,outdoors,54.0,2.0,0.0,,,0.0,0.0,0.0,0.0,0.0,25.0,5393.0,GO,false,,true,false
5417.0,2016_08_WAS_CIN,2016,REG,8,2016-10-30,CIN,WAS,CIN,WAS,home,5.0,3.0,1.0,54.0,71.0,71.0,71.0,27.0,27.0,0.0,0.0,2.0,0.28922474,0.28922474,0.32654306,-2.7927806,0.0,0.0,outdoors,54.0,2.0,0.0,,,0.0,0.0,0.0,0.0,0.0,25.0,5417.0,GO,false,,true,false
5449.0,2016_08_WAS_CIN,2016,REG,8,2016-10-30,CIN,WAS,WAS,CIN,away,5.0,1.0,10.0,47.0,62.0,62.0,62.0,27.0,27.0,0.0,2.0,0.0,0.38423216,0.38423216,-0.10568238,-0.6057958,1.0,0.0,outdoors,54.0,2.0,0.0,,,0.0,0.0,0.0,0.0,0.0,26.0,5449.0,GO,false,,false,false
5484.0,2016_08_WAS_CIN,2016,REG,8,2016-10-30,CIN,WAS,WAS,CIN,away,5.0,1.0,20.0,57.0,54.0,54.0,54.0,27.0,27.0,0.0,2.0,0.0,0.2785498,0.2785498,-0.07316111,-0.36843863,1.0,0.0,outdoors,54.0,2.0,0.0,,,0.0,0.0,0.0,0.0,0.0,26.0,5484.0,GO,false,,false,false
5506.0,2016_08_WAS_CIN,2016,REG,8,2016-10-30,CIN,WAS,WAS,CIN,away,5.0,2.0,20.0,57.0,46.0,46.0,46.0,27.0,27.0,0.0,2.0,0.0,0.20538868,0.20538868,-0.07173168,-0.1825648,1.0,0.0,outdoors,54.0,2.0,0.0,,,0.0,0.0,0.0,0.0,0.0,26.0,5506.0,GO,false,,false,false
5551.0,2016_08_WAS_CIN,2016,REG,8,2016-10-30,CIN,WAS,WAS,CIN,away,5.0,3.0,19.0,56.0,30.0,30.0,30.0,27.0,27.0,0.0,1.0,0.0,0.13365701,0.13365701,-0.07995127,-0.20866856,1.0,0.0,outdoors,54.0,2.0,0.0,,,0.0,0.0,0.0,0.0,0.0,26.0,5551.0,GO,false,,false,false
5592.0,2016_08_WAS_CIN,2016,REG,8,2016-10-30,CIN,WAS,WAS,CIN,away,5.0,4.0,11.0,48.0,2.0,2.0,2.0,27.0,27.0,0.0,0.0,0.0,0.05370573,0.05370573,0.44629428,-0.1754565,1.0,0.0,outdoors,54.0,2.0,0.0,,,0.0,0.0,1.0,0.0,0.0,26.0,5592.0,GO,false,,false,false
5614.0,2016_08_WAS_CIN,2016,REG,8,2016-10-30,CIN,WAS,CIN,WAS,home,5.0,,0.0,,0.0,0.0,0.0,27.0,27.0,0.0,0.0,0.0,,,,,0.0,0.0,outdoors,54.0,2.0,,,,,,,0.0,0.0,27.0,5614.0,GO,,,true,false
4088.0,2016_14_NYJ_SF,2016,REG,14,2016-12-11,SF,NYJ,SF,NYJ,home,5.0,,0.0,35.0,900.0,900.0,900.0,17.0,17.0,0.0,2.0,2.0,0.57760125,0.57760125,0.0,0.0,0.0,0.0,outdoors,54.0,8.0,0.0,,65.0,0.0,0.0,0.0,0.0,0.0,25.0,4088.0,GO,false,,true,true
4103.0,2016_14_NYJ_SF,2016,REG,14,2016-12-11,SF,NYJ,SF,NYJ,home,5.0,1.0,10.0,75.0,900.0,900.0,900.0,17.0,17.0,0.0,2.0,2.0,0.57760125,0.57760125,-0.009182414,0.003228102,1.0,0.0,outdoors,54.0,8.0,0.0,,,0.0,0.0,0.0,0.0,0.0,25.0,4103.0,GO,false,,true,true
4127.0,2016_14_NYJ_SF,2016,REG,14,2016-12-11,SF,NYJ,SF,NYJ,home,5.0,2.0,5.0,70.0,875.0,875.0,875.0,17.0,17.0,0.0,2.0,2.0,0.56841886,0.56841886,0.20176035,1.9185599,1.0,1.0,outdoors,54.0,8.0,0.0,,,0.0,0.0,0.0,0.0,0.0,25.0,4127.0,GO,false,,true,true
4152.0,2016_14_NYJ_SF,2016,REG,14,2016-12-11,SF,NYJ,SF,NYJ,home,5.0,1.0,10.0,45.0,852.0,852.0,852.0,17.0,17.0,0.0,2.0,2.0,0.7701792,0.7701792,-0.039884526,-0.41394493,1.0,1.0,outdoors,54.0,8.0,0.0,,,0.0,0.0,0.0,0.0,0.0,25.0,4152.0,GO,false,,true,true
4173.0,2016_14_NYJ_SF,2016,REG,14,2016-12-11,SF,NYJ,SF,NYJ,home,5.0,2.0,10.0,45.0,816.0,816.0,816.0,17.0,17.0,0.0,2.0,2.0,0.73029464,0.73029464,-0.07236182,-0.7763729,1.0,1.0,outdoors,54.0,8.0,0.0,,,0.0,0.0,0.0,0.0,0.0,25.0,4173.0,GO,false,,true,true
4195.0,2016_14_NYJ_SF,2016,REG,14,2016-12-11,SF,NYJ,SF,NYJ,home,5.0,3.0,10.0,45.0,812.0,812.0,812.0,17.0,17.0,0.0,2.0,2.0,0.6579328,0.6579328,-0.037899315,-0.55287135,1.0,1.0,outdoors,54.0,8.0,0.0,,,0.0,0.0,0.0,0.0,0.0,25.0,4195.0,GO,false,,true,true
4219.0,2016_14_NYJ_SF,2016,REG,14,2016-12-11,SF,NYJ,SF,NYJ,home,5.0,4.0,2.0,37.0,776.0,776.0,776.0,17.0,17.0,0.0,2.0,2.0,0.6200335,0.6200335,-0.23817326,-2.9155483,1.0,1.0,outdoors,54.0,8.0,0.0,,,0.0,0.0,1.0,0.0,0.0,25.0,4219.0,GO,false,,true,true
4244.0,2016_14_NYJ_SF,2016,REG,14,2016-12-11,SF,NYJ,NYJ,SF,away,5.0,1.0,10.0,63.0,771.0,771.0,771.0,17.0,17.0,0.0,2.0,2.0,0.61813974,0.61813974,-0.013536119,-0.116080046,0.0,0.0,outdoors,54.0,8.0,0.0,,,0.0,0.0,0.0,0.0,0.0,26.0,4244.0,GO,false,,false,false
4265.0,2016_14_NYJ_SF,2016,REG,14,2016-12-11,SF,NYJ,NYJ,SF,away,5.0,2.0,6.0,59.0,727.0,727.0,727.0,17.0,17.0,0.0,2.0,2.0,0.60460365,0.60460365,0.09216979,0.95330775,1.0,0.0,outdoors,54.0,8.0,0.0,,,0.0,0.0,0.0,0.0,0.0,26.0,4265.0,GO,false,,false,false
4286.0,2016_14_NYJ_SF,2016,REG,14,2016-12-11,SF,NYJ,NYJ,SF,away,5.0,1.0,10.0,51.0,682.0,682.0,682.0,17.0,17.0,0.0,2.0,2.0,0.6967734,0.6967734,0.19144838,1.6120459,0.0,0.0,outdoors,54.0,8.0,0.0,,,0.0,0.0,0.0,0.0,0.0,26.0,4286.0,GO,false,,false,false
4331.0,2016_14_NYJ_SF,2016,REG,14,2016-12-11,SF,NYJ,NYJ,SF,away,5.0,1.0,10.0,25.0,636.0,636.0,636.0,17.0,17.0,0.0,1.0,2.0,0.8882218,0.8882218,0.00048352202,-0.27271587,0.0,0.0,outdoors,54.0,8.0,0.0,,,0.0,0.0,0.0,0.0,0.0,26.0,4331.0,GO,false,,false,false
4352.0,2016_14_NYJ_SF,2016,REG,14,2016-12-11,SF,NYJ,NYJ,SF,away,5.0,2.0,8.0,23.0,592.0,592.0,592.0,17.0,17.0,0.0,1.0,2.0,0.8887053,0.8887053,-0.036046274,-0.54335696,0.0,0.0,outdoors,54.0,8.0,0.0,,,0.0,0.0,0.0,0.0,0.0,26.0,4352.0,GO,false,,false,false
4235.0,2016_07_SEA_ARI,2016,REG,7,2016-10-23,ARI,SEA,ARI,SEA,home,5.0,,0.0,35.0,900.0,900.0,900.0,3.0,3.0,0.0,2.0,2.0,0.6098338,0.6098338,0.0,0.0,0.0,0.0,closed,,,0.0,,65.0,0.0,0.0,0.0,0.0,0.0,23.0,4235.0,GO,false,,true,true
4250.0,2016_07_SEA_ARI,2016,REG,7,2016-10-23,ARI,SEA,ARI,SEA,home,5.0,1.0,10.0,75.0,900.0,900.0,900.0,3.0,3.0,0.0,2.0,2.0,0.6098338,0.6098338,-0.009838397,-0.0025003904,0.0,0.0,closed,,,0.0,,,0.0,0.0,0.0,0.0,0.0,23.0,4250.0,GO,false,,true,true
4271.0,2016_07_SEA_ARI,2016,REG,7,2016-10-23,ARI,SEA,ARI,SEA,home,5.0,2.0,5.0,70.0,859.0,859.0,859.0,3.0,3.0,0.0,2.0,2.0,0.5999954,0.5999954,0.15564555,1.5005378,0.0,0.0,closed,,,0.0,,,0.0,0.0,0.0,0.0,0.0,23.0,4271.0,GO,false,,true,true
4295.0,2016_07_SEA_ARI,2016,REG,7,2016-10-23,ARI,SEA,ARI,SEA,home,5.0,1.0,10.0,50.0,821.0,821.0,821.0,3.0,3.0,0.0,2.0,2.0,0.7556409,0.7556409,-0.04279235,-0.43101513,0.0,0.0,closed,,,0.0,,,0.0,0.0,0.0,0.0,0.0,23.0,4295.0,GO,false,,true,true
4316.0,2016_07_SEA_ARI,2016,REG,7,2016-10-23,ARI,SEA,ARI,SEA,home,5.0,2.0,10.0,50.0,783.0,783.0,783.0,3.0,3.0,0.0,2.0,2.0,0.7128486,0.7128486,-0.07701219,-0.8090801,1.0,0.0,closed,,,0.0,,,0.0,0.0,0.0,0.0,0.0,23.0,4316.0,GO,false,,true,true
4355.0,2016_07_SEA_ARI,2016,REG,7,2016-10-23,ARI,SEA,ARI,SEA,home,5.0,3.0,10.0,50.0,779.0,779.0,779.0,3.0,3.0,0.0,2.0,1.0,0.63583636,0.63583636,0.22600423,2.1772392,1.0,0.0,closed,,,0.0,,,0.0,0.0,0.0,0.0,0.0,23.0,4355.0,GO,false,,true,true
4379.0,2016_07_SEA_ARI,2016,REG,7,2016-10-23,ARI,SEA,ARI,SEA,home,5.0,1.0,10.0,32.0,741.0,741.0,741.0,3.0,3.0,0.0,2.0,1.0,0.8618406,0.8618406,0.013222277,0.043093815,0.0,0.0,closed,,,0.0,,,0.0,0.0,0.0,0.0,0.0,23.0,4379.0,GO,false,,true,true
4417.0,2016_07_SEA_ARI,2016,REG,7,2016-10-23,ARI,SEA,ARI,SEA,home,5.0,2.0,5.0,27.0,699.0,699.0,699.0,3.0,3.0,0.0,1.0,1.0,0.8750629,0.8750629,-0.016408391,-0.568114,1.0,0.0,closed,,,0.0,,,0.0,0.0,0.0,0.0,0.0,23.0,4417.0,GO,false,,true,true
4439.0,2016_07_SEA_ARI,2016,REG,7,2016-10-23,ARI,SEA,ARI,SEA,home,5.0,3.0,5.0,27.0,694.0,694.0,694.0,3.0,3.0,0.0,1.0,1.0,0.8586545,0.8586545,-0.006399483,-1.2865996,1.0,0.0,closed,,,0.0,,,0.0,0.0,0.0,0.0,0.0,23.0,4439.0,GO,false,,true,true
4461.0,2016_07_SEA_ARI,2016,REG,7,2016-10-23,ARI,SEA,ARI,SEA,home,5.0,4.0,5.0,27.0,688.0,688.0,688.0,3.0,3.0,0.0,1.0,1.0,0.85225505,0.85225505,-0.4031115,0.9792247,0.0,0.0,closed,,,1.0,made,45.0,0.0,0.0,0.0,0.0,0.0,23.0,4461.0,FG,false,true,true,true
4481.0,2016_07_SEA_ARI,2016,REG,7,2016-10-23,ARI,SEA,SEA,ARI,away,5.0,,0.0,35.0,683.0,683.0,683.0,3.0,6.0,-3.0,1.0,1.0,0.5508565,0.5508565,-0.0,-0.0,0.0,0.0,closed,,,0.0,,65.0,0.0,0.0,0.0,0.0,0.0,24.0,4481.0,GO,false,,false,false
4496.0,2016_07_SEA_ARI,2016,REG,7,2016-10-23,ARI,SEA,SEA,ARI,away,5.0,1.0,10.0,75.0,683.0,683.0,683.0,3.0,6.0,-3.0,1.0,1.0,0.5508565,0.5508565,0.037408445,0.40504628,0.0,0.0,closed,,,0.0,,,0.0,0.0,0.0,0.0,0.0,24.0,4496.0,GO,false,,false,false
4517.0,2016_07_SEA_ARI,2016,REG,7,2016-10-23,ARI,SEA,SEA,ARI,away,5.0,1.0,10.0,65.0,646.0,646.0,646.0,3.0,6.0,-3.0,1.0,1.0,0.5882649,0.5882649,0.1011216,0.9281081,1.0,0.0,closed,,,0.0,,,0.0,0.0,0.0,0.0,0.0,24.0,4517.0,GO,false,,false,false
4541.0,2016_07_SEA_ARI,2016,REG,7,2016-10-23,ARI,SEA,SEA,ARI,away,5.0,1.0,10.0,52.0,603.0,603.0,603.0,3.0,6.0,-3.0,1.0,1.0,0.6893865,0.6893865,0.043511547,0.5215503,1.0,0.0,closed,,,0.0,,,0.0,0.0,0.0,0.0,0.0,24.0,4541.0,GO,false,,false,false
4565.0,2016_07_SEA_ARI,2016,REG,7,2016-10-23,ARI,SEA,SEA,ARI,away,5.0,2.0,2.0,44.0,570.0,570.0,570.0,3.0,6.0,-3.0,1.0,1.0,0.73289806,0.73289806,0.062230587,0.39291838,1.0,0.0,closed,,,0.0,,,0.0,0.0,0.0,0.0,0.0,24.0,4565.0,GO,false,,false,false
4586.0,2016_07_SEA_ARI,2016,REG,7,2016-10-23,ARI,SEA,SEA,ARI,away,5.0,1.0,10.0,38.0,532.0,532.0,532.0,3.0,6.0,-3.0,1.0,1.0,0.79512864,0.79512864,0.08811613,0.7399363,1.0,0.0,closed,,,0.0,,,0.0,0.0,0.0,0.0,0.0,24.0,4586.0,GO,false,,false,false
4610.0,2016_07_SEA_ARI,2016,REG,7,2016-10-23,ARI,SEA,SEA,ARI,away,5.0,1.0,10.0,24.0,494.0,494.0,494.0,3.0,6.0,-3.0,1.0,1.0,0.88324475,0.88324475,-0.01744339,-0.39800006,1.0,0.0,closed,,,0.0,,,0.0,0.0,0.0,0.0,0.0,24.0,4610.0,GO,false,,false,false
4631.0,2016_07_SEA_ARI,2016,REG,7,2016-10-23,ARI,SEA,SEA,ARI,away,5.0,2.0,9.0,23.0,454.0,454.0,454.0,3.0,6.0,-3.0,1.0,1.0,0.8658014,0.8658014,0.013486697,0.088700056,1.0,0.0,closed,,,0.0,,,0.0,0.0,0.0,0.0,0.0,24.0,4631.0,GO,false,,false,false
4655.0,2016_07_SEA_ARI,2016,REG,7,2016-10-23,ARI,SEA,SEA,ARI,away,5.0,3.0,4.0,18.0,412.0,412.0,412.0,3.0,6.0,-3.0,1.0,1.0,0.8792881,0.8792881,0.048262842,-1.1785206,1.0,0.0,closed,,,0.0,,,0.0,0.0,0.0,0.0,0.0,24.0,4655.0,GO,false,,false,false
4677.0,2016_07_SEA_ARI,2016,REG,7,2016-10-23,ARI,SEA,SEA,ARI,away,5.0,4.0,4.0,18.0,406.0,406.0,406.0,3.0,6.0,-3.0,1.0,1.0,0.9275509,0.9275509,-0.38137564,0.39183733,0.0,0.0,closed,,,1.0,made,36.0,0.0,0.0,0.0,0.0,0.0,24.0,4677.0,FG,false,true,false,false
4712.0,2016_07_SEA_ARI,2016,REG,7,2016-10-23,ARI,SEA,ARI,SEA,home,5.0,,0.0,35.0,402.0,402.0,402.0,6.0,6.0,0.0,1.0,1.0,0.45382473,0.45382473,0.0,0.0,0.0,0.0,closed,,,0.0,,65.0,0.0,0.0,0.0,0.0,0.0,25.0,4712.0,GO,false,,true,false
4727.0,2016_07_SEA_ARI,2016,REG,7,2016-10-23,ARI,SEA,ARI,SEA,home,5.0,1.0,10.0,75.0,402.0,402.0,402.0,6.0,6.0,0.0,1.0,1.0,0.45382473,0.45382473,0.18404672,1.5088253,0.0,0.0,closed,,,0.0,,,0.0,0.0,0.0,0.0,0.0,25.0,4727.0,GO,false,,true,false
4751.0,2016_07_SEA_ARI,2016,REG,7,2016-10-23,ARI,SEA,ARI,SEA,home,5.0,1.0,10.0,48.0,362.0,362.0,362.0,6.0,6.0,0.0,1.0,1.0,0.63787144,0.63787144,-0.032093775,-0.21724622,0.0,0.0,closed,,,0.0,,,0.0,0.0,0.0,0.0,0.0,25.0,4751.0,GO,false,,true,false
4772.0,2016_07_SEA_ARI,2016,REG,7,2016-10-23,ARI,SEA,ARI,SEA,home,5.0,2.0,7.0,45.0,321.0,321.0,321.0,6.0,6.0,0.0,1.0,1.0,0.6057777,0.6057777,-0.06421888,-0.5763297,1.0,0.0,closed,,,0.0,,,0.0,0.0,0.0,0.0,0.0,25.0,4772.0,GO,false,,true,false
4794.0,2016_07_SEA_ARI,2016,REG,7,2016-10-23,ARI,SEA,ARI,SEA,home,5.0,3.0,7.0,45.0,315.0,315.0,315.0,6.0,6.0,0.0,1.0,1.0,0.5415588,0.5415588,0.35160294,3.751707,1.0,0.0,closed,,,0.0,,,0.0,0.0,0.0,0.0,0.0,25.0,4794.0,GO,false,,true,false
4835.0,2016_07_SEA_ARI,2016,REG,7,2016-10-23,ARI,SEA,ARI,SEA,home,5.0,1.0,5.0,5.0,262.0,262.0,262.0,6.0,6.0,0.0,0.0,1.0,0.8931617,0.8931617,0.025048122,0.4099116,0.0,0.0,closed,,,0.0,,,0.0,0.0,0.0,0.0,0.0,25.0,4835.0,GO,false,,true,false
4861.0,2016_07_SEA_ARI,2016,REG,7,2016-10-23,ARI,SEA,ARI,SEA,home,5.0,2.0,1.0,1.0,253.0,253.0,253.0,6.0,6.0,0.0,0.0,1.0,0.91820985,0.91820985,-0.043148212,-0.5097296,0.0,0.0,closed,,,0.0,,,0.0,0.0,0.0,0.0,0.0,25.0,4861.0,GO,false,,true,false
4882.0,2016_07_SEA_ARI,2016,REG,7,2016-10-23,ARI,SEA,ARI,SEA,home,5.0,3.0,1.0,1.0,206.0,206.0,206.0,6.0,6.0,0.0,0.0,1.0,0.87506163,0.87506163,0.10599442,-2.5853581,0.0,0.0,closed,,,0.0,,,0.0,0.0,0.0,0.0,0.0,25.0,4882.0,GO,false,,true,false
4911.0,2016_07_SEA_ARI,2016,REG,7,2016-10-23,ARI,SEA,ARI,SEA,home,5.0,3.0,6.0,6.0,206.0,206.0,206.0,6.0,6.0,0.0,0.0,1.0,0.9810561,0.9810561,-0.21677218,-3.588539,0.0,0.0,closed,,,1.0,missed,24.0,0.0,0.0,0.0,0.0,0.0,25.0,4911.0,FG,false,false,true,false
4933.0,2016_07_SEA_ARI,2016,REG,7,2016-10-23,ARI,SEA,SEA,ARI,away,5.0,1.0,10.0,80.0,199.0,199.0,199.0,6.0,6.0,0.0,1.0,0.0,0.2357161,0.2357161,-0.06351571,-0.39743394,1.0,0.0,closed,,,0.0,,,0.0,0.0,0.0,0.0,0.0,26.0,4933.0,GO,false,,false,false
4954.0,2016_07_SEA_ARI,2016,REG,7,2016-10-23,ARI,SEA,SEA,ARI,away,5.0,2.0,10.0,80.0,162.0,162.0,162.0,6.0,6.0,0.0,1.0,0.0,0.1722004,0.1722004,-0.036847558,-0.132553,1.0,0.0,closed,,,0.0,,,0.0,0.0,0.0,0.0,0.0,26.0,4954.0,GO,false,,false,false
4995.0,2016_07_SEA_ARI,2016,REG,7,2016-10-23,ARI,SEA,SEA,ARI,away,5.0,3.0,4.0,74.0,120.0,120.0,120.0,6.0,6.0,0.0,1.0,0.0,0.13535285,0.13535285,0.16366422,1.141242,1.0,0.0,closed,,,0.0,,,0.0,0.0,0.0,0.0,0.0,26.0,4995.0,GO,false,,false,false
5024.0,2016_07_SEA_ARI,2016,REG,7,2016-10-23,ARI,SEA,SEA,ARI,away,5.0,1.0,10.0,43.0,113.0,113.0,113.0,6.0,6.0,0.0,1.0,0.0,0.29901707,0.29901707,0.018516527,0.03692564,0.0,0.0,closed,,,0.0,,,0.0,0.0,0.0,0.0,0.0,26.0,5024.0,GO,false,,false,false
5050.0,2016_07_SEA_ARI,2016,REG,7,2016-10-23,ARI,SEA,SEA,ARI,away,5.0,2.0,5.0,38.0,107.0,107.0,107.0,6.0,6.0,0.0,1.0,0.0,0.31753358,0.31753358,0.005500618,-0.087774195,0.0,0.0,closed,,,0.0,,,0.0,0.0,0.0,0.0,0.0,26.0,5050.0,GO,false,,false,false
5071.0,2016_07_SEA_ARI,2016,REG,7,2016-10-23,ARI,SEA,SEA,ARI,away,5.0,3.0,3.0,36.0,64.0,64.0,64.0,6.0,6.0,0.0,1.0,0.0,0.3230342,0.3230342,0.4126989,2.4932585,1.0,0.0,closed,,,0.0,,,0.0,0.0,0.0,0.0,0.0,26.0,5071.0,GO,false,,false,false
5106.0,2016_07_SEA_ARI,2016,REG,7,2016-10-23,ARI,SEA,SEA,ARI,away,5.0,1.0,9.0,9.0,54.0,54.0,54.0,6.0,6.0,0.0,1.0,0.0,0.7357331,0.7357331,0.22780524,-0.8305066,1.0,0.0,closed,,,0.0,,,0.0,0.0,0.0,0.0,0.0,26.0,5106.0,GO,false,,false,false
5127.0,2016_07_SEA_ARI,2016,REG,7,2016-10-23,ARI,SEA,SEA,ARI,away,5.0,2.0,10.0,10.0,11.0,11.0,11.0,6.0,6.0,0.0,1.0,0.0,0.96353835,0.96353835,0.021833764,-2.909438,0.0,0.0,closed,,,1.0,missed,28.0,0.0,0.0,0.0,0.0,0.0,26.0,5127.0,FG,false,false,false,false
5148.0,2016_07_SEA_ARI,2016,REG,7,2016-10-23,ARI,SEA,ARI,SEA,home,5.0,1.0,10.0,80.0,7.0,7.0,7.0,6.0,6.0,0.0,0.0,1.0,0.014627893,0.014627893,0.011532718,0.055589832,1.0,0.0,closed,,,0.0,,,0.0,0.0,0.0,0.0,0.0,27.0,5148.0,GO,false,,true,false
5177.0,2016_07_SEA_ARI,2016,REG,7,2016-10-23,ARI,SEA,ARI,SEA,home,5.0,1.0,10.0,61.0,2.0,2.0,2.0,6.0,6.0,0.0,0.0,1.0,0.02616061,0.02616061,0.4738394,-0.07616748,1.0,0.0,closed,,,0.0,,,0.0,0.0,0.0,0.0,0.0,27.0,5177.0,GO,false,,true,false
5199.0,2016_07_SEA_ARI,2016,REG,7,2016-10-23,ARI,SEA,ARI,SEA,home,5.0,,0.0,,0.0,0.0,0.0,6.0,6.0,0.0,0.0,1.0,,,,,0.0,0.0,closed,,,,,,,,,0.0,0.0,27.0,5199.0,GO,,,true,false
3878.0,2016_09_DET_MIN,2016,REG,9,2016-11-06,MIN,DET,DET,MIN,away,5.0,,0.0,35.0,900.0,900.0,900.0,16.0,16.0,0.0,2.0,2.0,0.39173824,0.39173824,-0.0,-0.8607194,0.0,0.0,dome,,,0.0,,62.0,0.0,0.0,0.0,0.0,0.0,21.0,3878.0,GO,false,,false,true
3900.0,2016_09_DET_MIN,2016,REG,9,2016-11-06,MIN,DET,DET,MIN,away,5.0,1.0,10.0,87.0,896.0,896.0,896.0,16.0,16.0,0.0,2.0,2.0,0.39173824,0.39173824,0.038402043,0.6815024,1.0,0.0,dome,,,0.0,,,0.0,0.0,0.0,0.0,0.0,21.0,3900.0,GO,false,,false,true
3924.0,2016_09_DET_MIN,2016,REG,9,2016-11-06,MIN,DET,DET,MIN,away,5.0,2.0,2.0,79.0,856.0,856.0,856.0,16.0,16.0,0.0,2.0,2.0,0.4301403,0.4301403,-0.073148146,-0.9560567,0.0,0.0,dome,,,0.0,,,0.0,0.0,0.0,0.0,0.0,21.0,3924.0,GO,false,,false,true
3945.0,2016_09_DET_MIN,2016,REG,9,2016-11-06,MIN,DET,DET,MIN,away,5.0,3.0,3.0,80.0,823.0,823.0,823.0,16.0,16.0,0.0,2.0,2.0,0.35699216,0.35699216,0.12550263,2.2442193,1.0,0.0,dome,,,0.0,,,0.0,0.0,0.0,0.0,0.0,21.0,3945.0,GO,false,,false,true
3969.0,2016_09_DET_MIN,2016,REG,9,2016-11-06,MIN,DET,DET,MIN,away,5.0,1.0,10.0,57.0,784.0,784.0,784.0,16.0,16.0,0.0,2.0,2.0,0.48249477,0.48249477,-0.0337978,-0.48612174,0.0,0.0,dome,,,0.0,,,0.0,0.0,0.0,0.0,0.0,21.0,3969.0,GO,false,,false,true
3991.0,2016_09_DET_MIN,2016,REG,9,2016-11-06,MIN,DET,DET,MIN,away,5.0,2.0,10.0,57.0,780.0,780.0,780.0,16.0,16.0,0.0,2.0,2.0,0.44869697,0.44869697,-0.061975874,-0.79986596,1.0,0.0,dome,,,0.0,,,0.0,0.0,0.0,0.0,0.0,21.0,3991.0,GO,false,,false,true
4015.0,2016_09_DET_MIN,2016,REG,9,2016-11-06,MIN,DET,DET,MIN,away,5.0,3.0,8.0,55.0,738.0,738.0,738.0,16.0,16.0,0.0,2.0,2.0,0.3867211,0.3867211,0.114879295,2.091763,1.0,0.0,dome,,,0.0,,,0.0,0.0,0.0,0.0,0.0,21.0,4015.0,GO,false,,false,true
4039.0,2016_09_DET_MIN,2016,REG,9,2016-11-06,MIN,DET,DET,MIN,away,5.0,1.0,10.0,43.0,699.0,699.0,699.0,16.0,16.0,0.0,2.0,2.0,0.5016004,0.5016004,-0.0047112214,0.1951515,0.0,0.0,dome,,,0.0,,,0.0,0.0,0.0,0.0,0.0,21.0,4039.0,GO,false,,false,true
4060.0,2016_09_DET_MIN,2016,REG,9,2016-11-06,MIN,DET,DET,MIN,away,5.0,2.0,5.0,38.0,654.0,654.0,654.0,16.0,16.0,0.0,2.0,2.0,0.49688917,0.49688917,-0.095528625,-1.4252975,1.0,0.0,dome,,,0.0,,,0.0,0.0,0.0,0.0,0.0,21.0,4060.0,GO,false,,false,true
4079.0,2016_09_DET_MIN,2016,REG,9,2016-11-06,MIN,DET,DET,MIN,away,5.0,3.0,10.0,43.0,608.0,608.0,608.0,16.0,16.0,0.0,2.0,2.0,0.40136054,0.40136054,0.117896706,2.1905572,1.0,0.0,dome,,,0.0,,,0.0,0.0,0.0,0.0,0.0,21.0,4079.0,GO,false,,false,true
4112.0,2016_09_DET_MIN,2016,REG,9,2016-11-06,MIN,DET,DET,MIN,away,5.0,1.0,10.0,30.0,604.0,604.0,604.0,16.0,16.0,0.0,2.0,2.0,0.51925725,0.51925725,-0.04166121,-0.042399004,0.0,0.0,dome,,,0.0,,,0.0,0.0,0.0,0.0,0.0,21.0,4112.0,GO,false,,false,true
4135.0,2016_09_DET_MIN,2016,REG,9,2016-11-06,MIN,DET,DET,MIN,away,5.0,2.0,6.0,26.0,558.0,558.0,558.0,16.0,16.0,0.0,2.0,2.0,0.47759604,0.47759604,-0.11117952,-0.7912277,1.0,0.0,dome,,,0.0,,,0.0,0.0,0.0,0.0,0.0,21.0,4135.0,GO,false,,false,true
4156.0,2016_09_DET_MIN,2016,REG,9,2016-11-06,MIN,DET,DET,MIN,away,5.0,3.0,8.0,28.0,514.0,514.0,514.0,16.0,16.0,0.0,2.0,2.0,0.3664165,0.3664165,0.6335835,3.9577713,1.0,0.0,dome,,,0.0,,,0.0,0.0,0.0,0.0,0.0,21.0,4156.0,GO,false,,false,true
4182.0,2016_09_DET_MIN,2016,REG,9,2016-11-06,MIN,DET,MIN,DET,home,5.0,,0.0,,501.0,501.0,501.0,16.0,22.0,-6.0,2.0,2.0,,,,,0.0,0.0,dome,,,,,,,,,0.0,0.0,22.0,4182.0,GO,,,true,false
4604.0,2016_08_PHI_DAL,2016,REG,8,2016-10-30,DAL,PHI,DAL,PHI,home,5.0,,0.0,35.0,900.0,900.0,900.0,23.0,23.0,0.0,2.0,2.0,0.6098338,0.6098338,0.0,0.0,0.0,0.0,closed,,,0.0,,65.0,0.0,0.0,0.0,0.0,0.0,25.0,4604.0,GO,false,,true,true
4639.0,2016_08_PHI_DAL,2016,REG,8,2016-10-30,DAL,PHI,DAL,PHI,home,5.0,1.0,10.0,75.0,900.0,900.0,900.0,23.0,23.0,0.0,2.0,2.0,0.6098338,0.6098338,-0.017440835,-0.09628552,0.0,0.0,closed,,,0.0,,,0.0,0.0,0.0,0.0,0.0,25.0,4639.0,GO,false,,true,true
4660.0,2016_08_PHI_DAL,2016,REG,8,2016-10-30,DAL,PHI,DAL,PHI,home,5.0,2.0,6.0,71.0,862.0,862.0,862.0,23.0,23.0,0.0,2.0,2.0,0.5923929,0.5923929,0.08672464,0.8820905,1.0,1.0,closed,,,0.0,,,0.0,0.0,0.0,0.0,0.0,25.0,4660.0,GO,false,,true,true
4684.0,2016_08_PHI_DAL,2016,REG,8,2016-10-30,DAL,PHI,DAL,PHI,home,5.0,1.0,10.0,61.0,826.0,826.0,826.0,23.0,23.0,0.0,2.0,2.0,0.67911756,0.67911756,0.16423222,1.4763489,1.0,0.0,closed,,,0.0,,,0.0,0.0,0.0,0.0,0.0,25.0,4684.0,GO,false,,true,true
4708.0,2016_08_PHI_DAL,2016,REG,8,2016-10-30,DAL,PHI,DAL,PHI,home,5.0,1.0,10.0,37.0,783.0,783.0,783.0,23.0,23.0,0.0,2.0,2.0,0.8433498,0.8433498,-0.015674647,-0.3733186,0.0,0.0,closed,,,0.0,,,0.0,0.0,0.0,0.0,0.0,25.0,4708.0,GO,false,,true,true
4729.0,2016_08_PHI_DAL,2016,REG,8,2016-10-30,DAL,PHI,DAL,PHI,home,5.0,2.0,8.0,35.0,745.0,745.0,745.0,23.0,23.0,0.0,2.0,2.0,0.82767516,0.82767516,0.029635618,0.44245124,1.0,1.0,closed,,,0.0,,,0.0,0.0,0.0,0.0,0.0,25.0,4729.0,GO,false,,true,true
4753.0,2016_08_PHI_DAL,2016,REG,8,2016-10-30,DAL,PHI,DAL,PHI,home,5.0,3.0,1.0,28.0,700.0,700.0,700.0,23.0,23.0,0.0,2.0,2.0,0.8573108,0.8573108,-0.067969434,-0.9864524,0.0,0.0,closed,,,0.0,,,0.0,0.0,0.0,0.0,0.0,25.0,4753.0,GO,false,,true,true
4791.0,2016_08_PHI_DAL,2016,REG,8,2016-10-30,DAL,PHI,DAL,PHI,home,5.0,4.0,1.0,28.0,659.0,659.0,659.0,23.0,23.0,0.0,1.0,2.0,0.78934133,0.78934133,0.098641105,1.4422946,0.0,0.0,closed,,,0.0,,,0.0,1.0,0.0,0.0,0.0,25.0,4791.0,GO,true,,true,true
4812.0,2016_08_PHI_DAL,2016,REG,8,2016-10-30,DAL,PHI,DAL,PHI,home,5.0,1.0,10.0,26.0,619.0,619.0,619.0,23.0,23.0,0.0,1.0,2.0,0.8879824,0.8879824,0.043042816,0.7093621,0.0,0.0,closed,,,0.0,,,0.0,0.0,0.0,0.0,0.0,25.0,4812.0,GO,false,,true,true
4833.0,2016_08_PHI_DAL,2016,REG,8,2016-10-30,DAL,PHI,DAL,PHI,home,5.0,1.0,10.0,14.0,578.0,578.0,578.0,23.0,23.0,0.0,1.0,2.0,0.93102527,0.93102527,-0.0077005103,-0.40222585,1.0,0.0,closed,,,0.0,,,0.0,0.0,0.0,0.0,0.0,25.0,4833.0,GO,false,,true,true
4854.0,2016_08_PHI_DAL,2016,REG,8,2016-10-30,DAL,PHI,DAL,PHI,home,5.0,2.0,10.0,14.0,544.0,544.0,544.0,23.0,23.0,0.0,1.0,2.0,0.92332476,0.92332476,0.032976557,1.3763717,1.0,0.0,closed,,,0.0,,,0.0,0.0,0.0,0.0,0.0,25.0,4854.0,GO,false,,true,true
4878.0,2016_08_PHI_DAL,2016,REG,8,2016-10-30,DAL,PHI,DAL,PHI,home,5.0,1.0,4.0,4.0,512.0,512.0,512.0,23.0,23.0,0.0,1.0,2.0,0.95630133,0.95630133,-0.013313577,-0.61594206,1.0,0.0,closed,,,0.0,,,0.0,0.0,0.0,0.0,0.0,25.0,4878.0,GO,false,,true,true
4899.0,2016_08_PHI_DAL,2016,REG,8,2016-10-30,DAL,PHI,DAL,PHI,home,5.0,2.0,5.0,5.0,476.0,476.0,476.0,23.0,23.0,0.0,1.0,2.0,0.94298774,0.94298774,0.057012275,1.7480915,1.0,0.0,closed,,,0.0,,,0.0,0.0,0.0,0.0,0.0,25.0,4899.0,GO,false,,true,true
4920.0,2016_08_PHI_DAL,2016,REG,8,2016-10-30,DAL,PHI,DAL,PHI,home,5.0,,0.0,,468.0,468.0,468.0,29.0,23.0,6.0,1.0,2.0,,,,,0.0,0.0,closed,,,,,,,,,0.0,0.0,25.0,4920.0,GO,,,true,true
4360.0,2016_12_KC_DEN,2016,REG,12,2016-11-27,DEN,KC,DEN,KC,home,5.0,,0.0,35.0,900.0,900.0,900.0,24.0,24.0,0.0,2.0,2.0,0.57760125,0.57760125,0.0,0.0,0.0,0.0,outdoors,44.0,21.0,0.0,,65.0,0.0,0.0,0.0,0.0,0.0,26.0,4360.0,GO,false,,true,true
4379.0,2016_12_KC_DEN,2016,REG,12,2016-11-27,DEN,KC,DEN,KC,home,5.0,1.0,10.0,75.0,900.0,900.0,900.0,24.0,24.0,0.0,2.0,2.0,0.57760125,0.57760125,0.020175288,0.3356561,0.0,0.0,outdoors,44.0,21.0,0.0,,,0.0,0.0,0.0,0.0,0.0,26.0,4379.0,GO,false,,true,true
4400.0,2016_12_KC_DEN,2016,REG,12,2016-11-27,DEN,KC,DEN,KC,home,5.0,2.0,3.0,68.0,866.0,866.0,866.0,24.0,24.0,0.0,2.0,2.0,0.59777653,0.59777653,-0.0077985604,-0.00597262,0.0,0.0,outdoors,44.0,21.0,0.0,,,0.0,0.0,0.0,0.0,0.0,26.0,4400.0,GO,false,,true,true
4421.0,2016_12_KC_DEN,2016,REG,12,2016-11-27,DEN,KC,DEN,KC,home,5.0,3.0,1.0,66.0,827.0,827.0,827.0,24.0,24.0,0.0,2.0,2.0,0.589978,0.589978,0.10642846,1.0000631,1.0,0.0,outdoors,44.0,21.0,0.0,,,0.0,0.0,0.0,0.0,0.0,26.0,4421.0,GO,false,,true,true
4445.0,2016_12_KC_DEN,2016,REG,12,2016-11-27,DEN,KC,DEN,KC,home,5.0,1.0,10.0,55.0,789.0,789.0,789.0,24.0,24.0,0.0,2.0,2.0,0.6964064,0.6964064,-0.042053528,-0.44018906,0.0,0.0,outdoors,44.0,21.0,0.0,,,0.0,0.0,0.0,0.0,0.0,26.0,4445.0,GO,false,,true,true
4467.0,2016_12_KC_DEN,2016,REG,12,2016-11-27,DEN,KC,DEN,KC,home,5.0,2.0,10.0,55.0,784.0,784.0,784.0,24.0,24.0,0.0,2.0,2.0,0.6543529,0.6543529,-0.054352302,-0.59952784,1.0,0.0,outdoors,44.0,21.0,0.0,,,0.0,0.0,0.0,0.0,0.0,26.0,4467.0,GO,false,,true,true
4488.0,2016_12_KC_DEN,2016,REG,12,2016-11-27,DEN,KC,DEN,KC,home,5.0,3.0,7.0,52.0,742.0,742.0,742.0,24.0,24.0,0.0,2.0,2.0,0.6000006,0.6000006,0.25262055,2.4233096,1.0,0.0,outdoors,44.0,21.0,0.0,,,0.0,0.0,0.0,0.0,0.0,26.0,4488.0,GO,false,,true,true
4513.0,2016_12_KC_DEN,2016,REG,12,2016-11-27,DEN,KC,DEN,KC,home,5.0,1.0,10.0,30.0,699.0,699.0,699.0,24.0,24.0,0.0,2.0,2.0,0.85262114,0.85262114,-0.036181908,-0.7334243,0.0,0.0,outdoors,44.0,21.0,0.0,,,0.0,0.0,0.0,0.0,0.0,26.0,4513.0,GO,false,,true,true
4534.0,2016_12_KC_DEN,2016,REG,12,2016-11-27,DEN,KC,DEN,KC,home,5.0,2.0,12.0,32.0,661.0,661.0,661.0,24.0,24.0,0.0,2.0,2.0,0.8164392,0.8164392,0.09388172,1.3868498,0.0,0.0,outdoors,44.0,21.0,0.0,,,0.0,0.0,0.0,0.0,0.0,26.0,4534.0,GO,false,,true,true
4567.0,2016_12_KC_DEN,2016,REG,12,2016-11-27,DEN,KC,DEN,KC,home,5.0,1.0,10.0,20.0,655.0,655.0,655.0,24.0,24.0,0.0,2.0,2.0,0.91032094,0.91032094,-0.014795114,-0.42670643,0.0,0.0,outdoors,44.0,21.0,0.0,,,0.0,0.0,0.0,0.0,0.0,26.0,4567.0,GO,false,,true,true
4588.0,2016_12_KC_DEN,2016,REG,12,2016-11-27,DEN,KC,DEN,KC,home,5.0,2.0,10.0,20.0,615.0,615.0,615.0,24.0,24.0,0.0,2.0,2.0,0.8955259,0.8955259,-0.010103995,-0.64615434,0.0,0.0,outdoors,44.0,21.0,0.0,,,0.0,0.0,0.0,0.0,0.0,26.0,4588.0,GO,false,,true,true
4610.0,2016_12_KC_DEN,2016,REG,12,2016-11-27,DEN,KC,DEN,KC,home,5.0,3.0,9.0,19.0,573.0,573.0,573.0,24.0,24.0,0.0,2.0,2.0,0.8854219,0.8854219,-0.04687953,-1.4408634,1.0,0.0,outdoors,44.0,21.0,0.0,,,0.0,0.0,0.0,0.0,0.0,26.0,4610.0,GO,false,,true,true
4633.0,2016_12_KC_DEN,2016,REG,12,2016-11-27,DEN,KC,DEN,KC,home,5.0,4.0,16.0,26.0,535.0,535.0,535.0,24.0,24.0,0.0,2.0,2.0,0.83854234,0.83854234,-0.39298886,1.0005074,0.0,0.0,outdoors,44.0,21.0,1.0,made,44.0,0.0,0.0,0.0,0.0,0.0,26.0,4633.0,FG,false,true,true,true
4653.0,2016_12_KC_DEN,2016,REG,12,2016-11-27,DEN,KC,KC,DEN,away,5.0,,0.0,35.0,531.0,531.0,531.0,24.0,27.0,-3.0,2.0,2.0,0.5544465,0.5544465,-0.0,0.4126336,0.0,0.0,outdoors,44.0,21.0,0.0,,71.0,0.0,0.0,0.0,0.0,0.0,27.0,4653.0,GO,false,,false,false
4675.0,2016_12_KC_DEN,2016,REG,12,2016-11-27,DEN,KC,KC,DEN,away,5.0,1.0,10.0,65.0,526.0,526.0,526.0,24.0,27.0,-3.0,2.0,2.0,0.5544465,0.5544465,0.06012808,0.6093451,0.0,0.0,outdoors,44.0,21.0,0.0,,,0.0,0.0,0.0,0.0,0.0,27.0,4675.0,GO,false,,false,false
4698.0,2016_12_KC_DEN,2016,REG,12,2016-11-27,DEN,KC,KC,DEN,away,5.0,1.0,5.0,60.0,526.0,526.0,526.0,24.0,27.0,-3.0,2.0,2.0,0.6145746,0.6145746,-0.034710094,-0.21673699,0.0,0.0,outdoors,44.0,21.0,0.0,,,0.0,0.0,0.0,0.0,0.0,27.0,4698.0,GO,false,,false,false
4719.0,2016_12_KC_DEN,2016,REG,12,2016-11-27,DEN,KC,KC,DEN,away,5.0,2.0,4.0,59.0,483.0,483.0,483.0,24.0,27.0,-3.0,2.0,2.0,0.5798645,0.5798645,0.04884448,0.568279,1.0,0.0,outdoors,44.0,21.0,0.0,,,0.0,0.0,0.0,0.0,0.0,27.0,4719.0,GO,false,,false,false
4744.0,2016_12_KC_DEN,2016,REG,12,2016-11-27,DEN,KC,KC,DEN,away,5.0,1.0,10.0,54.0,443.0,443.0,443.0,24.0,27.0,-3.0,2.0,2.0,0.628709,0.628709,-0.04476133,-0.3929793,1.0,0.0,outdoors,44.0,21.0,0.0,,,0.0,0.0,0.0,0.0,0.0,27.0,4744.0,GO,false,,false,false
4765.0,2016_12_KC_DEN,2016,REG,12,2016-11-27,DEN,KC,KC,DEN,away,5.0,2.0,8.0,52.0,403.0,403.0,403.0,24.0,27.0,-3.0,2.0,2.0,0.58394766,0.58394766,0.22366677,1.6879696,1.0,0.0,outdoors,44.0,21.0,0.0,,,0.0,0.0,0.0,0.0,0.0,27.0,4765.0,GO,false,,false,false
4789.0,2016_12_KC_DEN,2016,REG,12,2016-11-27,DEN,KC,KC,DEN,away,5.0,1.0,10.0,31.0,366.0,366.0,366.0,24.0,27.0,-3.0,2.0,2.0,0.80761445,0.80761445,0.047320876,0.37553284,0.0,0.0,outdoors,44.0,21.0,0.0,,,0.0,0.0,0.0,0.0,0.0,27.0,4789.0,GO,false,,false,false
4812.0,2016_12_KC_DEN,2016,REG,12,2016-11-27,DEN,KC,KC,DEN,away,5.0,2.0,3.0,24.0,346.0,346.0,346.0,24.0,27.0,-3.0,2.0,2.0,0.8549353,0.8549353,0.015680393,0.2806199,1.0,0.0,outdoors,44.0,21.0,0.0,,,0.0,0.0,0.0,0.0,0.0,27.0,4812.0,GO,false,,false,false
4833.0,2016_12_KC_DEN,2016,REG,12,2016-11-27,DEN,KC,KC,DEN,away,5.0,1.0,10.0,20.0,310.0,310.0,310.0,24.0,27.0,-3.0,2.0,2.0,0.8706157,0.8706157,-0.026292238,-0.4830999,0.0,0.0,outdoors,44.0,21.0,0.0,,,0.0,0.0,0.0,0.0,0.0,27.0,4833.0,GO,false,,false,false
4854.0,2016_12_KC_DEN,2016,REG,12,2016-11-27,DEN,KC,KC,DEN,away,5.0,2.0,9.0,19.0,272.0,272.0,272.0,24.0,27.0,-3.0,2.0,2.0,0.84432346,0.84432346,-0.008941829,-0.56858426,1.0,0.0,outdoors,44.0,21.0,0.0,,,0.0,0.0,0.0,0.0,0.0,27.0,4854.0,GO,false,,false,false
4893.0,2016_12_KC_DEN,2016,REG,12,2016-11-27,DEN,KC,KC,DEN,away,5.0,3.0,9.0,19.0,268.0,268.0,268.0,24.0,27.0,-3.0,1.0,2.0,0.8353816,0.8353816,0.07566246,-0.7049378,1.0,0.0,outdoors,44.0,21.0,0.0,,,0.0,0.0,0.0,0.0,0.0,27.0,4893.0,GO,false,,false,false
4915.0,2016_12_KC_DEN,2016,REG,12,2016-11-27,DEN,KC,KC,DEN,away,5.0,4.0,9.0,19.0,263.0,263.0,263.0,24.0,27.0,-3.0,1.0,2.0,0.9110441,0.9110441,-0.2932949,0.4517872,0.0,0.0,outdoors,44.0,21.0,1.0,made,37.0,0.0,0.0,0.0,0.0,0.0,27.0,4915.0,FG,false,true,false,false
4935.0,2016_12_KC_DEN,2016,REG,12,2016-11-27,DEN,KC,DEN,KC,home,5.0,,0.0,35.0,259.0,259.0,259.0,27.0,27.0,0.0,2.0,1.0,0.38225082,0.38225082,0.0,0.0,0.0,0.0,outdoors,44.0,21.0,0.0,,65.0,0.0,0.0,0.0,0.0,0.0,28.0,4935.0,GO,false,,true,false
4950.0,2016_12_KC_DEN,2016,REG,12,2016-11-27,DEN,KC,DEN,KC,home,5.0,1.0,10.0,75.0,259.0,259.0,259.0,27.0,27.0,0.0,2.0,1.0,0.38225082,0.38225082,0.019269768,0.32238188,0.0,0.0,outdoors,44.0,21.0,0.0,,,0.0,0.0,0.0,0.0,0.0,28.0,4950.0,GO,false,,true,false
4971.0,2016_12_KC_DEN,2016,REG,12,2016-11-27,DEN,KC,DEN,KC,home,5.0,2.0,2.0,67.0,249.0,249.0,249.0,27.0,27.0,0.0,2.0,1.0,0.4015206,0.4015206,0.009952908,0.17478573,0.0,0.0,outdoors,44.0,21.0,0.0,,,0.0,0.0,0.0,0.0,0.0,28.0,4971.0,GO,false,,true,false
4992.0,2016_12_KC_DEN,2016,REG,12,2016-11-27,DEN,KC,DEN,KC,home,5.0,1.0,10.0,61.0,211.0,211.0,211.0,27.0,27.0,0.0,2.0,1.0,0.4114735,0.4114735,-0.040919732,-0.42357945,0.0,0.0,outdoors,44.0,21.0,0.0,,,0.0,0.0,0.0,0.0,0.0,28.0,4992.0,GO,false,,true,false
5014.0,2016_12_KC_DEN,2016,REG,12,2016-11-27,DEN,KC,DEN,KC,home,5.0,2.0,10.0,61.0,207.0,207.0,207.0,27.0,27.0,0.0,2.0,1.0,0.37055376,0.37055376,-0.021671854,0.17381844,0.0,0.0,outdoors,44.0,21.0,0.0,,,0.0,0.0,0.0,0.0,0.0,28.0,5014.0,GO,false,,true,false
5052.0,2016_12_KC_DEN,2016,REG,12,2016-11-27,DEN,KC,DEN,KC,home,5.0,3.0,3.0,54.0,167.0,167.0,167.0,27.0,27.0,0.0,1.0,1.0,0.34888193,0.34888193,0.14115098,1.1693425,1.0,0.0,outdoors,44.0,21.0,0.0,,,0.0,0.0,0.0,0.0,0.0,28.0,5052.0,GO,false,,true,false
5095.0,2016_12_KC_DEN,2016,REG,12,2016-11-27,DEN,KC,DEN,KC,home,5.0,1.0,10.0,44.0,120.0,120.0,120.0,27.0,27.0,0.0,1.0,1.0,0.4900329,0.4900329,-0.03907588,-0.3670561,0.0,0.0,outdoors,44.0,21.0,0.0,,,0.0,0.0,0.0,0.0,0.0,28.0,5095.0,GO,false,,true,false
5116.0,2016_12_KC_DEN,2016,REG,12,2016-11-27,DEN,KC,DEN,KC,home,5.0,2.0,10.0,44.0,77.0,77.0,77.0,27.0,27.0,0.0,1.0,1.0,0.45095703,0.45095703,-0.053867895,-0.356517,1.0,0.0,outdoors,44.0,21.0,0.0,,,0.0,0.0,0.0,0.0,0.0,28.0,5116.0,GO,false,,true,false
5138.0,2016_12_KC_DEN,2016,REG,12,2016-11-27,DEN,KC,DEN,KC,home,5.0,3.0,10.0,44.0,73.0,73.0,73.0,27.0,27.0,0.0,1.0,1.0,0.39708912,0.39708912,-0.028833138,-1.6633877,1.0,0.0,outdoors,44.0,21.0,0.0,,,0.0,0.0,0.0,0.0,0.0,28.0,5138.0,GO,false,,true,false
5178.0,2016_12_KC_DEN,2016,REG,12,2016-11-27,DEN,KC,DEN,KC,home,5.0,4.0,10.0,44.0,68.0,68.0,68.0,27.0,27.0,0.0,0.0,1.0,0.36825597,0.36825597,0.2526682,-1.4636205,0.0,0.0,outdoors,44.0,21.0,1.0,missed,62.0,0.0,0.0,0.0,0.0,0.0,28.0,5178.0,FG,false,false,true,false
5199.0,2016_12_KC_DEN,2016,REG,12,2016-11-27,DEN,KC,KC,DEN,away,5.0,1.0,10.0,48.0,63.0,63.0,63.0,27.0,27.0,0.0,1.0,0.0,0.37907583,0.37907583,0.060683366,0.3361167,1.0,0.0,outdoors,44.0,21.0,0.0,,,0.0,0.0,0.0,0.0,0.0,29.0,5199.0,GO,false,,false,false
5232.0,2016_12_KC_DEN,2016,REG,12,2016-11-27,DEN,KC,KC,DEN,away,5.0,1.0,5.0,43.0,55.0,55.0,55.0,27.0,27.0,0.0,1.0,0.0,0.4397592,0.4397592,0.1261808,0.34123605,1.0,0.0,outdoors,44.0,21.0,0.0,,,0.0,0.0,0.0,0.0,0.0,29.0,5232.0,GO,false,,false,false
5256.0,2016_12_KC_DEN,2016,REG,12,2016-11-27,DEN,KC,KC,DEN,away,5.0,1.0,10.0,32.0,37.0,37.0,37.0,27.0,27.0,0.0,1.0,0.0,0.56593996,0.56593996,-0.024736054,-0.19828032,0.0,0.0,outdoors,44.0,21.0,0.0,,,0.0,0.0,0.0,1.0,0.0,29.0,5256.0,GO,false,,false,false
5278.0,2016_12_KC_DEN,2016,REG,12,2016-11-27,DEN,KC,KC,DEN,away,5.0,2.0,10.0,32.0,37.0,37.0,37.0,27.0,27.0,0.0,1.0,0.0,0.5412039,0.5412039,0.3821916,0.76486844,1.0,0.0,outdoors,44.0,21.0,0.0,,,0.0,0.0,0.0,0.0,0.0,29.0,5278.0,GO,false,,false,false
5319.0,2016_12_KC_DEN,2016,REG,12,2016-11-27,DEN,KC,KC,DEN,away,5.0,1.0,10.0,16.0,5.0,5.0,5.0,27.0,27.0,0.0,0.0,0.0,0.9233955,0.9233955,0.07660448,0.22981344,0.0,0.0,outdoors,44.0,21.0,1.0,made,34.0,0.0,0.0,0.0,0.0,0.0,29.0,5319.0,FG,false,true,false,false
5339.0,2016_12_KC_DEN,2016,REG,12,2016-11-27,DEN,KC,DEN,KC,home,5.0,,0.0,,2.0,2.0,2.0,27.0,30.0,-3.0,0.0,0.0,,,,,0.0,0.0,outdoors,44.0,21.0,,,,,,,0.0,0.0,30.0,5339.0,GO,,,true,false
4478.0,2016_03_CLE_MIA,2016,REG,3,2016-09-25,MIA,CLE,MIA,CLE,home,5.0,,0.0,35.0,900.0,900.0,900.0,24.0,24.0,0.0,2.0,2.0,0.5436894,0.5436894,0.0,-0.32520318,0.0,0.0,outdoors,86.0,16.0,0.0,,70.0,0.0,0.0,0.0,0.0,0.0,26.0,4478.0,GO,false,,true,true
4500.0,2016_03_CLE_MIA,2016,REG,3,2016-09-25,MIA,CLE,MIA,CLE,home,5.0,1.0,10.0,78.0,895.0,895.0,895.0,24.0,24.0,0.0,2.0,2.0,0.5436894,0.5436894,0.119646095,1.2431941,0.0,0.0,outdoors,86.0,16.0,0.0,,,0.0,0.0,0.0,0.0,0.0,26.0,4500.0,GO,false,,true,true
4524.0,2016_03_CLE_MIA,2016,REG,3,2016-09-25,MIA,CLE,MIA,CLE,home,5.0,1.0,10.0,60.0,867.0,867.0,867.0,24.0,24.0,0.0,2.0,2.0,0.66333556,0.66333556,-0.005790909,-0.014214889,0.0,1.0,outdoors,86.0,16.0,0.0,,,0.0,0.0,0.0,0.0,0.0,26.0,4524.0,GO,false,,true,true
4545.0,2016_03_CLE_MIA,2016,REG,3,2016-09-25,MIA,CLE,MIA,CLE,home,5.0,2.0,6.0,56.0,826.0,826.0,826.0,24.0,24.0,0.0,2.0,2.0,0.6575447,0.6575447,-0.074807465,-0.7828541,0.0,1.0,outdoors,86.0,16.0,0.0,,,0.0,0.0,0.0,0.0,0.0,26.0,4545.0,GO,false,,true,true
4567.0,2016_03_CLE_MIA,2016,REG,3,2016-09-25,MIA,CLE,MIA,CLE,home,5.0,3.0,6.0,56.0,820.0,820.0,820.0,24.0,24.0,0.0,2.0,2.0,0.5827372,0.5827372,-0.15024315,-1.5500662,1.0,1.0,outdoors,86.0,16.0,0.0,,,0.0,0.0,0.0,0.0,0.0,26.0,4567.0,GO,false,,true,true
4589.0,2016_03_CLE_MIA,2016,REG,3,2016-09-25,MIA,CLE,MIA,CLE,home,5.0,4.0,6.0,56.0,816.0,816.0,816.0,24.0,24.0,0.0,2.0,2.0,0.432494,0.432494,0.1328798,0.5106255,0.0,0.0,outdoors,86.0,16.0,0.0,,47.0,1.0,0.0,0.0,0.0,0.0,26.0,4589.0,PUNT,false,,true,true
4607.0,2016_03_CLE_MIA,2016,REG,3,2016-09-25,MIA,CLE,CLE,MIA,away,5.0,1.0,10.0,91.0,808.0,808.0,808.0,24.0,24.0,0.0,2.0,2.0,0.4346262,0.4346262,0.078717776,0.8539002,1.0,0.0,outdoors,86.0,16.0,0.0,,,0.0,0.0,0.0,0.0,0.0,27.0,4607.0,GO,false,,false,false
4628.0,2016_03_CLE_MIA,2016,REG,3,2016-09-25,MIA,CLE,CLE,MIA,away,5.0,2.0,1.0,82.0,767.0,767.0,767.0,24.0,24.0,0.0,2.0,2.0,0.513344,0.513344,-0.053608045,-0.54621905,1.0,0.0,outdoors,86.0,16.0,0.0,,,0.0,0.0,0.0,0.0,0.0,27.0,4628.0,GO,false,,false,false
4650.0,2016_03_CLE_MIA,2016,REG,3,2016-09-25,MIA,CLE,CLE,MIA,away,5.0,3.0,1.0,82.0,758.0,758.0,758.0,24.0,24.0,0.0,2.0,2.0,0.4597359,0.4597359,0.09040709,0.86566335,1.0,0.0,outdoors,86.0,16.0,0.0,,,0.0,0.0,0.0,0.0,0.0,27.0,4650.0,GO,false,,false,false
4674.0,2016_03_CLE_MIA,2016,REG,3,2016-09-25,MIA,CLE,CLE,MIA,away,5.0,1.0,10.0,73.0,735.0,735.0,735.0,24.0,24.0,0.0,2.0,2.0,0.550143,0.550143,-0.13238907,-1.2223316,1.0,1.0,outdoors,86.0,16.0,0.0,,,0.0,0.0,0.0,0.0,0.0,27.0,4674.0,GO,false,,false,false
4693.0,2016_03_CLE_MIA,2016,REG,3,2016-09-25,MIA,CLE,CLE,MIA,away,5.0,2.0,17.0,80.0,704.0,704.0,704.0,24.0,24.0,0.0,2.0,2.0,0.41775393,0.41775393,-0.10226622,-0.9736769,1.0,0.0,outdoors,86.0,16.0,0.0,,,0.0,0.0,0.0,0.0,0.0,27.0,4693.0,GO,false,,false,false
4728.0,2016_03_CLE_MIA,2016,REG,3,2016-09-25,MIA,CLE,CLE,MIA,away,5.0,2.0,27.0,90.0,675.0,675.0,675.0,24.0,24.0,0.0,2.0,2.0,0.3154877,0.3154877,-0.074534975,-0.76555604,1.0,0.0,outdoors,86.0,16.0,0.0,,,0.0,0.0,0.0,0.0,0.0,27.0,4728.0,GO,false,,false,false
4752.0,2016_03_CLE_MIA,2016,REG,3,2016-09-25,MIA,CLE,CLE,MIA,away,5.0,3.0,28.0,91.0,634.0,634.0,634.0,24.0,24.0,0.0,2.0,2.0,0.24095273,0.24095273,-0.046190888,-0.35050112,1.0,0.0,outdoors,86.0,16.0,0.0,,,0.0,0.0,0.0,0.0,0.0,27.0,4752.0,GO,false,,false,false
4773.0,2016_03_CLE_MIA,2016,REG,3,2016-09-25,MIA,CLE,CLE,MIA,away,5.0,4.0,24.0,87.0,594.0,594.0,594.0,24.0,24.0,0.0,2.0,2.0,0.19476184,0.19476184,0.07277467,-0.63919246,0.0,0.0,outdoors,86.0,16.0,0.0,,44.0,1.0,0.0,0.0,0.0,0.0,27.0,4773.0,PUNT,false,,false,false
4798.0,2016_03_CLE_MIA,2016,REG,3,2016-09-25,MIA,CLE,MIA,CLE,home,5.0,1.0,10.0,44.0,579.0,579.0,579.0,24.0,24.0,0.0,2.0,2.0,0.7324635,0.7324635,-0.039384156,-0.44568354,0.0,0.0,outdoors,86.0,16.0,0.0,,,0.0,0.0,0.0,0.0,0.0,28.0,4798.0,GO,false,,true,false
4819.0,2016_03_CLE_MIA,2016,REG,3,2016-09-25,MIA,CLE,MIA,CLE,home,5.0,2.0,9.0,43.0,558.0,558.0,558.0,24.0,24.0,0.0,2.0,2.0,0.69307935,0.69307935,0.24013878,2.4149516,0.0,0.0,outdoors,86.0,16.0,0.0,,,0.0,0.0,0.0,0.0,0.0,28.0,4819.0,GO,false,,true,false
4843.0,2016_03_CLE_MIA,2016,REG,3,2016-09-25,MIA,CLE,MIA,CLE,home,5.0,1.0,10.0,11.0,523.0,523.0,523.0,24.0,24.0,0.0,2.0,2.0,0.9332181,0.9332181,0.06678187,2.0248847,0.0,0.0,outdoors,86.0,16.0,0.0,,,0.0,0.0,0.0,0.0,0.0,28.0,4843.0,GO,false,,true,false
4860.0,2016_03_CLE_MIA,2016,REG,3,2016-09-25,MIA,CLE,MIA,CLE,home,5.0,,0.0,,506.0,506.0,506.0,30.0,24.0,6.0,2.0,2.0,,,,,0.0,0.0,outdoors,86.0,16.0,,,,,,,0.0,0.0,28.0,4860.0,GO,,,true,false
4281.0,2016_01_SD_KC,2016,REG,1,2016-09-11,KC,LAC,KC,LAC,home,5.0,,0.0,35.0,900.0,900.0,900.0,27.0,27.0,0.0,2.0,2.0,0.6029341,0.6029341,0.0,0.30735457,0.0,0.0,outdoors,74.0,9.0,0.0,,65.0,0.0,0.0,0.0,0.0,0.0,24.0,4281.0,GO,false,,true,true
4317.0,2016_01_SD_KC,2016,REG,1,2016-09-11,KC,LAC,KC,LAC,home,5.0,1.0,10.0,70.0,900.0,900.0,900.0,27.0,27.0,0.0,2.0,2.0,0.6029341,0.6029341,0.13387397,1.3281031,1.0,0.0,outdoors,74.0,9.0,0.0,,,0.0,0.0,0.0,0.0,0.0,24.0,4317.0,GO,false,,true,true
4341.0,2016_01_SD_KC,2016,REG,1,2016-09-11,KC,LAC,KC,LAC,home,5.0,1.0,10.0,50.0,871.0,871.0,871.0,27.0,27.0,0.0,2.0,2.0,0.7368081,0.7368081,0.09016887,0.79771453,1.0,0.0,outdoors,74.0,9.0,0.0,,,0.0,0.0,0.0,0.0,0.0,24.0,4341.0,GO,false,,true,true
4368.0,2016_01_SD_KC,2016,REG,1,2016-09-11,KC,LAC,KC,LAC,home,5.0,1.0,10.0,37.0,834.0,834.0,834.0,27.0,27.0,0.0,2.0,2.0,0.82697695,0.82697695,0.013038442,0.05548305,1.0,0.0,outdoors,74.0,9.0,0.0,,,0.0,0.0,0.0,0.0,0.0,24.0,4368.0,GO,false,,true,true
4390.0,2016_01_SD_KC,2016,REG,1,2016-09-11,KC,LAC,KC,LAC,home,5.0,2.0,5.0,32.0,794.0,794.0,794.0,27.0,27.0,0.0,2.0,2.0,0.8400154,0.8400154,-0.015304066,-0.46444607,1.0,0.0,outdoors,74.0,9.0,0.0,,,0.0,0.0,0.0,0.0,0.0,24.0,4390.0,GO,false,,true,true
4411.0,2016_01_SD_KC,2016,REG,1,2016-09-11,KC,LAC,KC,LAC,home,5.0,3.0,3.0,30.0,754.0,754.0,754.0,27.0,27.0,0.0,2.0,2.0,0.8247113,0.8247113,0.08597535,1.3029592,1.0,0.0,outdoors,74.0,9.0,0.0,,,0.0,0.0,0.0,0.0,0.0,24.0,4411.0,GO,false,,true,true
4435.0,2016_01_SD_KC,2016,REG,1,2016-09-11,KC,LAC,KC,LAC,home,5.0,1.0,10.0,22.0,721.0,721.0,721.0,27.0,27.0,0.0,2.0,2.0,0.9106867,0.9106867,-0.0113075,-0.73445356,1.0,0.0,outdoors,74.0,9.0,0.0,,,0.0,0.0,0.0,0.0,0.0,24.0,4435.0,GO,false,,true,true
4459.0,2016_01_SD_KC,2016,REG,1,2016-09-11,KC,LAC,KC,LAC,home,5.0,2.0,11.0,23.0,676.0,676.0,676.0,27.0,27.0,0.0,2.0,2.0,0.8993792,0.8993792,0.053950153,1.6331191,1.0,0.0,outdoors,74.0,9.0,0.0,,,0.0,0.0,0.0,0.0,0.0,24.0,4459.0,GO,false,,true,true
4505.0,2016_01_SD_KC,2016,REG,1,2016-09-11,KC,LAC,KC,LAC,home,5.0,1.0,8.0,8.0,646.0,646.0,646.0,27.0,27.0,0.0,2.0,1.0,0.9533293,0.9533293,-0.008419265,-0.5651853,1.0,0.0,outdoors,74.0,9.0,0.0,,,0.0,0.0,0.0,0.0,0.0,24.0,4505.0,GO,false,,true,true
4527.0,2016_01_SD_KC,2016,REG,1,2016-09-11,KC,LAC,KC,LAC,home,5.0,2.0,8.0,8.0,644.0,644.0,644.0,27.0,27.0,0.0,2.0,1.0,0.94491005,0.94491005,0.00021354528,0.15290907,0.0,0.0,outdoors,74.0,9.0,0.0,,,0.0,0.0,0.0,0.0,0.0,24.0,4527.0,GO,false,,true,true
4565.0,2016_01_SD_KC,2016,REG,1,2016-09-11,KC,LAC,KC,LAC,home,5.0,3.0,2.0,2.0,599.0,599.0,599.0,27.0,27.0,0.0,1.0,1.0,0.9451236,0.9451236,0.05487638,2.0399902,1.0,0.0,outdoors,74.0,9.0,0.0,,,0.0,0.0,0.0,0.0,0.0,24.0,4565.0,GO,false,,true,true
4582.0,2016_01_SD_KC,2016,REG,1,2016-09-11,KC,LAC,KC,LAC,home,5.0,,0.0,,593.0,593.0,593.0,33.0,27.0,6.0,1.0,1.0,,,,,0.0,0.0,outdoors,74.0,9.0,,,,,,,0.0,0.0,24.0,4582.0,GO,,,true,true
4065.0,2016_06_IND_HOU,2016,REG,6,2016-10-16,HOU,IND,IND,HOU,away,5.0,,0.0,35.0,900.0,900.0,900.0,23.0,23.0,0.0,2.0,2.0,0.57117933,0.57117933,-0.0,0.022146432,0.0,0.0,closed,,,0.0,,62.0,0.0,0.0,0.0,0.0,0.0,24.0,4065.0,GO,false,,false,true
4087.0,2016_06_IND_HOU,2016,REG,6,2016-10-16,HOU,IND,IND,HOU,away,5.0,1.0,10.0,74.0,894.0,894.0,894.0,23.0,23.0,0.0,2.0,2.0,0.57117933,0.57117933,0.016711846,0.3023439,1.0,0.0,closed,,,0.0,,,0.0,0.0,0.0,0.0,0.0,24.0,4087.0,GO,false,,false,true
4111.0,2016_06_IND_HOU,2016,REG,6,2016-10-16,HOU,IND,IND,HOU,away,5.0,2.0,3.0,67.0,854.0,854.0,854.0,23.0,23.0,0.0,2.0,2.0,0.58789116,0.58789116,0.06130038,0.56229895,0.0,0.0,closed,,,0.0,,,0.0,0.0,0.0,0.0,0.0,24.0,4111.0,GO,false,,false,true
4132.0,2016_06_IND_HOU,2016,REG,6,2016-10-16,HOU,IND,IND,HOU,away,5.0,1.0,10.0,60.0,813.0,813.0,813.0,23.0,23.0,0.0,2.0,2.0,0.64919156,0.64919156,-0.0466962,-0.46740794,0.0,0.0,closed,,,0.0,,,0.0,0.0,0.0,0.0,0.0,24.0,4132.0,GO,false,,false,true
4161.0,2016_06_IND_HOU,2016,REG,6,2016-10-16,HOU,IND,IND,HOU,away,5.0,2.0,10.0,60.0,804.0,804.0,804.0,23.0,23.0,0.0,2.0,2.0,0.6024953,0.6024953,0.024603058,0.2818597,1.0,0.0,closed,,,0.0,,,0.0,0.0,0.0,0.0,0.0,24.0,4161.0,GO,false,,false,true
4202.0,2016_06_IND_HOU,2016,REG,6,2016-10-16,HOU,IND,IND,HOU,away,5.0,3.0,3.0,53.0,757.0,757.0,757.0,23.0,23.0,0.0,1.0,2.0,0.6270984,0.6270984,-0.25274938,-2.3569157,1.0,0.0,closed,,,0.0,,,0.0,0.0,0.0,0.0,0.0,24.0,4202.0,GO,false,,false,true
4221.0,2016_06_IND_HOU,2016,REG,6,2016-10-16,HOU,IND,IND,HOU,away,5.0,4.0,12.0,62.0,714.0,714.0,714.0,23.0,23.0,0.0,1.0,2.0,0.374349,0.374349,0.026265845,0.28114212,0.0,0.0,closed,,,0.0,,,0.0,0.0,0.0,0.0,0.0,24.0,4221.0,GO,false,,false,true
4248.0,2016_06_IND_HOU,2016,REG,6,2016-10-16,HOU,IND,IND,HOU,away,5.0,4.0,7.0,57.0,702.0,702.0,702.0,23.0,23.0,0.0,1.0,2.0,0.40061483,0.40061483,-0.012702018,-1.3539158,0.0,0.0,closed,,,0.0,,41.0,1.0,0.0,0.0,0.0,0.0,24.0,4248.0,PUNT,false,,false,true
4273.0,2016_06_IND_HOU,2016,REG,6,2016-10-16,HOU,IND,HOU,IND,home,5.0,1.0,10.0,67.0,690.0,690.0,690.0,23.0,23.0,0.0,2.0,1.0,0.6120872,0.6120872,0.06714502,0.68840706,1.0,0.0,closed,,,0.0,,,0.0,0.0,0.0,0.0,0.0,25.0,4273.0,GO,false,,true,false
4301.0,2016_06_IND_HOU,2016,REG,6,2016-10-16,HOU,IND,HOU,IND,home,5.0,2.0,1.0,58.0,651.0,651.0,651.0,23.0,23.0,0.0,2.0,1.0,0.6792322,0.6792322,0.040532023,0.30551666,1.0,0.0,closed,,,0.0,,,0.0,0.0,0.0,0.0,0.0,25.0,4301.0,GO,false,,true,false
4322.0,2016_06_IND_HOU,2016,REG,6,2016-10-16,HOU,IND,HOU,IND,home,5.0,1.0,10.0,48.0,621.0,621.0,621.0,23.0,23.0,0.0,2.0,1.0,0.71976423,0.71976423,-0.046881475,-0.3971541,1.0,0.0,closed,,,0.0,,,0.0,0.0,0.0,0.0,0.0,25.0,4322.0,GO,false,,true,false
4343.0,2016_06_IND_HOU,2016,REG,6,2016-10-16,HOU,IND,HOU,IND,home,5.0,2.0,10.0,48.0,584.0,584.0,584.0,23.0,23.0,0.0,2.0,1.0,0.67288274,0.67288274,0.2630122,2.555806,1.0,0.0,closed,,,0.0,,,0.0,0.0,0.0,0.0,0.0,25.0,4343.0,GO,false,,true,false
4384.0,2016_06_IND_HOU,2016,REG,6,2016-10-16,HOU,IND,HOU,IND,home,5.0,1.0,10.0,12.0,538.0,538.0,538.0,23.0,23.0,0.0,1.0,1.0,0.93589497,0.93589497,0.013664517,-2.247894,0.0,0.0,closed,,,0.0,,,0.0,0.0,0.0,0.0,0.0,25.0,4384.0,GO,false,,true,false
4405.0,2016_06_IND_HOU,2016,REG,6,2016-10-16,HOU,IND,HOU,IND,home,5.0,2.0,13.0,15.0,493.0,493.0,493.0,23.0,23.0,0.0,1.0,1.0,0.94955945,0.94955945,0.05044053,0.29243472,0.0,0.0,closed,,,1.0,made,33.0,0.0,0.0,0.0,0.0,0.0,25.0,4405.0,FG,false,true,true,false
4424.0,2016_06_IND_HOU,2016,REG,6,2016-10-16,HOU,IND,HOU,IND,home,5.0,,0.0,,490.0,490.0,490.0,26.0,23.0,3.0,1.0,1.0,,,,,0.0,0.0,closed,,,,,,,,,0.0,0.0,25.0,4424.0,GO,,,true,false
4022.0,2016_07_SD_ATL,2016,REG,7,2016-10-23,ATL,LAC,ATL,LAC,home,5.0,,0.0,35.0,900.0,900.0,900.0,30.0,30.0,0.0,2.0,2.0,0.4730493,0.4730493,0.0,0.0,0.0,0.0,dome,,,0.0,,65.0,0.0,0.0,0.0,0.0,0.0,21.0,4022.0,GO,false,,true,true
4037.0,2016_07_SD_ATL,2016,REG,7,2016-10-23,ATL,LAC,ATL,LAC,home,5.0,1.0,10.0,75.0,900.0,900.0,900.0,30.0,30.0,0.0,2.0,2.0,0.4730493,0.4730493,0.010175456,0.25966796,0.0,0.0,dome,,,0.0,,,0.0,0.0,0.0,0.0,0.0,21.0,4037.0,GO,false,,true,true
4061.0,2016_07_SD_ATL,2016,REG,7,2016-10-23,ATL,LAC,ATL,LAC,home,5.0,2.0,3.0,68.0,863.0,863.0,863.0,30.0,30.0,0.0,2.0,2.0,0.48322478,0.48322478,-0.054058038,-0.75274587,1.0,0.0,dome,,,0.0,,,0.0,0.0,0.0,0.0,0.0,21.0,4061.0,GO,false,,true,true
4095.0,2016_07_SD_ATL,2016,REG,7,2016-10-23,ATL,LAC,ATL,LAC,home,5.0,3.0,3.0,68.0,856.0,856.0,856.0,30.0,30.0,0.0,2.0,2.0,0.42916673,0.42916673,0.06950775,1.1180804,1.0,0.0,dome,,,0.0,,,0.0,0.0,0.0,0.0,0.0,21.0,4095.0,GO,false,,true,true
4119.0,2016_07_SD_ATL,2016,REG,7,2016-10-23,ATL,LAC,ATL,LAC,home,5.0,1.0,10.0,64.0,825.0,825.0,825.0,30.0,30.0,0.0,2.0,2.0,0.49867448,0.49867448,-0.06387385,-0.9220227,0.0,0.0,dome,,,0.0,,,0.0,0.0,0.0,0.0,0.0,21.0,4119.0,GO,false,,true,true
4140.0,2016_07_SD_ATL,2016,REG,7,2016-10-23,ATL,LAC,ATL,LAC,home,5.0,2.0,12.0,66.0,788.0,788.0,788.0,30.0,30.0,0.0,2.0,2.0,0.43480062,0.43480062,0.05301556,0.9948965,1.0,0.0,dome,,,0.0,,,0.0,0.0,0.0,0.0,0.0,21.0,4140.0,GO,false,,true,true
4164.0,2016_07_SD_ATL,2016,REG,7,2016-10-23,ATL,LAC,ATL,LAC,home,5.0,3.0,1.0,55.0,762.0,762.0,762.0,30.0,30.0,0.0,2.0,2.0,0.48781618,0.48781618,-0.12618423,-1.8426895,0.0,0.0,dome,,,0.0,,,0.0,0.0,0.0,0.0,0.0,21.0,4164.0,GO,false,,true,true
4219.0,2016_07_SD_ATL,2016,REG,7,2016-10-23,ATL,LAC,ATL,LAC,home,5.0,4.0,1.0,55.0,736.0,736.0,736.0,30.0,30.0,0.0,1.0,1.0,0.36163196,0.36163196,-0.12947471,-3.3984525,0.0,0.0,dome,,,0.0,,,0.0,0.0,1.0,0.0,0.0,21.0,4219.0,GO,false,,true,true
4240.0,2016_07_SD_ATL,2016,REG,7,2016-10-23,ATL,LAC,LAC,ATL,away,5.0,1.0,10.0,43.0,732.0,732.0,732.0,30.0,30.0,0.0,1.0,1.0,0.76784277,0.76784277,-0.14118697,-1.1730208,0.0,0.0,dome,,,0.0,,,0.0,0.0,0.0,0.0,0.0,22.0,4240.0,GO,false,,false,false
4278.0,2016_07_SD_ATL,2016,REG,7,2016-10-23,ATL,LAC,LAC,ATL,away,5.0,2.0,12.0,45.0,699.0,699.0,699.0,30.0,30.0,0.0,1.0,0.0,0.62665576,0.62665576,0.10162062,0.7592087,1.0,0.0,dome,,,0.0,,,0.0,0.0,0.0,0.0,0.0,22.0,4278.0,GO,false,,false,false
4302.0,2016_07_SD_ATL,2016,REG,7,2016-10-23,ATL,LAC,LAC,ATL,away,5.0,3.0,1.0,34.0,659.0,659.0,659.0,30.0,30.0,0.0,1.0,0.0,0.7282764,0.7282764,0.077097066,0.8738663,0.0,0.0,dome,,,0.0,,,0.0,0.0,0.0,0.0,0.0,22.0,4302.0,GO,false,,false,false
4323.0,2016_07_SD_ATL,2016,REG,7,2016-10-23,ATL,LAC,LAC,ATL,away,5.0,1.0,10.0,32.0,619.0,619.0,619.0,30.0,30.0,0.0,1.0,0.0,0.8053735,0.8053735,0.078351825,0.7152203,0.0,0.0,dome,,,0.0,,,0.0,0.0,0.0,0.0,0.0,22.0,4323.0,GO,false,,false,false
4355.0,2016_07_SD_ATL,2016,REG,7,2016-10-23,ATL,LAC,LAC,ATL,away,5.0,1.0,10.0,22.0,591.0,591.0,591.0,30.0,30.0,0.0,1.0,0.0,0.8837253,0.8837253,,-2.0151167,0.0,0.0,dome,,,0.0,,,0.0,0.0,0.0,0.0,1.0,22.0,4355.0,GO,false,,false,false
4376.0,2016_07_SD_ATL,2016,REG,7,2016-10-23,ATL,LAC,LAC,ATL,away,5.0,2.0,12.0,24.0,546.0,546.0,546.0,30.0,30.0,0.0,1.0,0.0,0.8632542,0.8632542,0.13674583,0.87256515,0.0,0.0,dome,,,1.0,made,42.0,0.0,0.0,0.0,0.0,0.0,22.0,4376.0,FG,false,true,false,false
4395.0,2016_07_SD_ATL,2016,REG,7,2016-10-23,ATL,LAC,ATL,LAC,home,5.0,,0.0,,541.0,541.0,541.0,30.0,33.0,-3.0,0.0,1.0,,,,,0.0,0.0,dome,,,,,,,,,0.0,0.0,23.0,4395.0,GO,,,true,false
4203.0,2016_08_OAK_TB,2016,REG,8,2016-10-30,TB,LV,LV,TB,away,5.0,,0.0,35.0,900.0,900.0,900.0,24.0,24.0,0.0,2.0,2.0,0.5551084,0.5551084,-0.0,-0.0,0.0,0.0,outdoors,86.0,15.0,0.0,,65.0,0.0,0.0,0.0,0.0,0.0,23.0,4203.0,GO,false,,false,true
4222.0,2016_08_OAK_TB,2016,REG,8,2016-10-30,TB,LV,LV,TB,away,5.0,1.0,10.0,75.0,900.0,900.0,900.0,24.0,24.0,0.0,2.0,2.0,0.5551084,0.5551084,0.0077369567,0.19382466,0.0,0.0,outdoors,86.0,15.0,0.0,,,0.0,0.0,0.0,0.0,0.0,23.0,4222.0,GO,false,,false,true
4246.0,2016_08_OAK_TB,2016,REG,8,2016-10-30,TB,LV,LV,TB,away,5.0,2.0,4.0,69.0,870.0,870.0,870.0,24.0,24.0,0.0,2.0,2.0,0.5628454,0.5628454,-0.057614237,-0.5793964,1.0,0.0,outdoors,86.0,15.0,0.0,,,0.0,0.0,0.0,0.0,0.0,23.0,4246.0,GO,false,,false,true
4267.0,2016_08_OAK_TB,2016,REG,8,2016-10-30,TB,LV,LV,TB,away,5.0,3.0,3.0,68.0,830.0,830.0,830.0,24.0,24.0,0.0,2.0,2.0,0.50523114,0.50523114,0.3993234,3.7897666,1.0,0.0,outdoors,86.0,15.0,0.0,,,0.0,0.0,0.0,0.0,0.0,23.0,4267.0,GO,false,,false,true
4291.0,2016_08_OAK_TB,2016,REG,8,2016-10-30,TB,LV,LV,TB,away,5.0,1.0,10.0,23.0,780.0,780.0,780.0,24.0,24.0,0.0,2.0,2.0,0.90455455,0.90455455,-0.076871544,-1.1587734,0.0,0.0,outdoors,86.0,15.0,0.0,,,0.0,0.0,0.0,0.0,0.0,23.0,4291.0,GO,false,,false,true
4326.0,2016_08_OAK_TB,2016,REG,8,2016-10-30,TB,LV,LV,TB,away,5.0,1.0,21.0,34.0,755.0,755.0,755.0,24.0,24.0,0.0,2.0,2.0,0.82768303,0.82768303,0.018506523,0.02351327,1.0,0.0,outdoors,86.0,15.0,0.0,,,0.0,0.0,0.0,0.0,0.0,23.0,4326.0,GO,false,,false,true
4347.0,2016_08_OAK_TB,2016,REG,8,2016-10-30,TB,LV,LV,TB,away,5.0,2.0,16.0,29.0,713.0,713.0,713.0,24.0,24.0,0.0,2.0,2.0,0.84618956,0.84618956,-0.023964023,-0.60467076,0.0,0.0,outdoors,86.0,15.0,0.0,,,0.0,0.0,0.0,0.0,0.0,23.0,4347.0,GO,false,,false,true
4369.0,2016_08_OAK_TB,2016,REG,8,2016-10-30,TB,LV,LV,TB,away,5.0,3.0,16.0,29.0,706.0,706.0,706.0,24.0,24.0,0.0,2.0,2.0,0.8222255,0.8222255,-0.06446772,-0.48600024,1.0,0.0,outdoors,86.0,15.0,0.0,,,0.0,0.0,0.0,0.0,0.0,23.0,4369.0,GO,false,,false,true
4392.0,2016_08_OAK_TB,2016,REG,8,2016-10-30,TB,LV,LV,TB,away,5.0,3.0,21.0,34.0,706.0,706.0,706.0,24.0,24.0,0.0,2.0,2.0,0.7577578,0.7577578,-0.045189407,-0.8510882,1.0,0.0,outdoors,86.0,15.0,0.0,,,0.0,0.0,0.0,0.0,0.0,23.0,4392.0,GO,false,,false,true
4416.0,2016_08_OAK_TB,2016,REG,8,2016-10-30,TB,LV,LV,TB,away,5.0,4.0,21.0,34.0,663.0,663.0,663.0,24.0,24.0,0.0,2.0,2.0,0.7125684,0.7125684,-0.3650412,-3.3273048,0.0,0.0,outdoors,86.0,15.0,1.0,missed,52.0,0.0,0.0,0.0,0.0,0.0,23.0,4416.0,FG,false,false,false,true
4436.0,2016_08_OAK_TB,2016,REG,8,2016-10-30,TB,LV,TB,LV,home,5.0,1.0,10.0,58.0,659.0,659.0,659.0,24.0,24.0,0.0,2.0,2.0,0.6524728,0.6524728,-0.042209547,-0.43102837,1.0,0.0,outdoors,86.0,15.0,0.0,,,0.0,0.0,0.0,0.0,0.0,24.0,4436.0,GO,false,,true,false
4458.0,2016_08_OAK_TB,2016,REG,8,2016-10-30,TB,LV,TB,LV,home,5.0,2.0,10.0,58.0,651.0,651.0,651.0,24.0,24.0,0.0,2.0,2.0,0.6102633,0.6102633,-0.035293393,-0.31143814,0.0,0.0,outdoors,86.0,15.0,0.0,,,0.0,0.0,0.0,0.0,0.0,24.0,4458.0,GO,false,,true,false
4482.0,2016_08_OAK_TB,2016,REG,8,2016-10-30,TB,LV,TB,LV,home,5.0,3.0,5.0,53.0,614.0,614.0,614.0,24.0,24.0,0.0,2.0,2.0,0.5749699,0.5749699,-0.15010215,-1.4821359,1.0,0.0,outdoors,86.0,15.0,0.0,,,0.0,0.0,0.0,0.0,0.0,24.0,4482.0,GO,false,,true,false
4504.0,2016_08_OAK_TB,2016,REG,8,2016-10-30,TB,LV,TB,LV,home,5.0,4.0,5.0,53.0,610.0,610.0,610.0,24.0,24.0,0.0,2.0,2.0,0.42486772,0.42486772,0.17035487,0.06524259,0.0,0.0,outdoors,86.0,15.0,0.0,,53.0,1.0,0.0,0.0,0.0,0.0,24.0,4504.0,PUNT,false,,true,false
4533.0,2016_08_OAK_TB,2016,REG,8,2016-10-30,TB,LV,LV,TB,away,5.0,1.0,10.0,90.0,601.0,601.0,601.0,24.0,24.0,0.0,2.0,2.0,0.4047774,0.4047774,0.0043217274,0.054335184,0.0,0.0,outdoors,86.0,15.0,0.0,,,0.0,0.0,0.0,0.0,0.0,25.0,4533.0,GO,false,,false,false
4559.0,2016_08_OAK_TB,2016,REG,8,2016-10-30,TB,LV,LV,TB,away,5.0,2.0,5.0,85.0,560.0,560.0,560.0,24.0,24.0,0.0,2.0,2.0,0.40909913,0.40909913,0.14437556,1.4240774,0.0,0.0,outdoors,86.0,15.0,0.0,,,0.0,0.0,0.0,0.0,0.0,25.0,4559.0,GO,false,,false,false
4580.0,2016_08_OAK_TB,2016,REG,8,2016-10-30,TB,LV,LV,TB,away,5.0,1.0,10.0,66.0,518.0,518.0,518.0,24.0,24.0,0.0,2.0,2.0,0.55347466,0.55347466,-0.002406036,0.028652407,1.0,0.0,outdoors,86.0,15.0,,,,,,,0.0,0.0,25.0,4580.0,GO,,,false,false
4626.0,2016_08_OAK_TB,2016,REG,8,2016-10-30,TB,LV,LV,TB,away,5.0,1.0,10.0,66.0,496.0,496.0,496.0,24.0,24.0,0.0,2.0,2.0,0.55106866,0.55106866,-0.04662796,-0.3692381,0.0,0.0,outdoors,86.0,15.0,0.0,,,0.0,0.0,0.0,0.0,0.0,25.0,4626.0,GO,false,,false,false
4648.0,2016_08_OAK_TB,2016,REG,8,2016-10-30,TB,LV,LV,TB,away,5.0,2.0,10.0,66.0,492.0,492.0,492.0,24.0,24.0,0.0,2.0,2.0,0.50444067,0.50444067,0.18258785,1.7149125,1.0,0.0,outdoors,86.0,15.0,0.0,,,0.0,0.0,0.0,0.0,0.0,25.0,4648.0,GO,false,,false,false
4678.0,2016_08_OAK_TB,2016,REG,8,2016-10-30,TB,LV,LV,TB,away,5.0,1.0,10.0,46.0,451.0,451.0,451.0,24.0,24.0,0.0,2.0,2.0,0.6870285,0.6870285,-0.09249219,-0.76642567,0.0,0.0,outdoors,86.0,15.0,0.0,,,0.0,0.0,0.0,0.0,0.0,25.0,4678.0,GO,false,,false,false
4701.0,2016_08_OAK_TB,2016,REG,8,2016-10-30,TB,LV,LV,TB,away,5.0,2.0,11.0,47.0,408.0,408.0,408.0,24.0,24.0,0.0,2.0,2.0,0.59453636,0.59453636,-0.045323342,-0.37728998,0.0,0.0,outdoors,86.0,15.0,0.0,,,0.0,0.0,0.0,0.0,0.0,25.0,4701.0,GO,false,,false,false
4736.0,2016_08_OAK_TB,2016,REG,8,2016-10-30,TB,LV,LV,TB,away,5.0,2.0,16.0,52.0,388.0,388.0,388.0,24.0,24.0,0.0,2.0,2.0,0.549213,0.549213,-0.12539282,-1.0620768,1.0,0.0,outdoors,86.0,15.0,0.0,,,0.0,0.0,0.0,0.0,0.0,25.0,4736.0,GO,false,,false,false
4766.0,2016_08_OAK_TB,2016,REG,8,2016-10-30,TB,LV,LV,TB,away,5.0,3.0,20.0,56.0,358.0,358.0,358.0,24.0,24.0,0.0,2.0,2.0,0.42382017,0.42382017,0.0254611,0.1618412,1.0,0.0,outdoors,86.0,15.0,0.0,,,0.0,0.0,0.0,0.0,0.0,25.0,4766.0,GO,false,,false,false
4799.0,2016_08_OAK_TB,2016,REG,8,2016-10-30,TB,LV,LV,TB,away,5.0,3.0,17.0,53.0,337.0,337.0,337.0,24.0,24.0,0.0,2.0,2.0,0.44928128,0.44928128,-0.088882685,-0.4549396,0.0,0.0,outdoors,86.0,15.0,0.0,,,0.0,0.0,0.0,0.0,0.0,25.0,4799.0,GO,false,,false,false
4823.0,2016_08_OAK_TB,2016,REG,8,2016-10-30,TB,LV,LV,TB,away,5.0,4.0,7.0,43.0,284.0,284.0,284.0,24.0,24.0,0.0,2.0,2.0,0.3603986,0.3603986,0.32445255,-0.32514513,0.0,0.0,outdoors,86.0,15.0,0.0,,32.0,1.0,0.0,0.0,0.0,0.0,25.0,4823.0,PUNT,false,,false,false
4842.0,2016_08_OAK_TB,2016,REG,8,2016-10-30,TB,LV,TB,LV,home,5.0,1.0,10.0,89.0,283.0,283.0,283.0,24.0,24.0,0.0,2.0,2.0,0.31514886,0.31514886,-0.04329599,-0.34088287,0.0,0.0,outdoors,86.0,15.0,0.0,,,0.0,0.0,0.0,0.0,0.0,26.0,4842.0,GO,false,,true,false
4863.0,2016_08_OAK_TB,2016,REG,8,2016-10-30,TB,LV,TB,LV,home,5.0,2.0,8.0,87.0,251.0,251.0,251.0,24.0,24.0,0.0,2.0,2.0,0.27185288,0.27185288,-0.0038364308,0.2695869,0.0,0.0,outdoors,86.0,15.0,0.0,,,0.0,0.0,0.0,0.0,0.0,26.0,4863.0,GO,false,,true,false
4912.0,2016_08_OAK_TB,2016,REG,8,2016-10-30,TB,LV,TB,LV,home,5.0,3.0,3.0,82.0,215.0,215.0,215.0,24.0,24.0,0.0,1.0,2.0,0.26801646,0.26801646,-0.089940846,-0.98549676,1.0,0.0,outdoors,86.0,15.0,0.0,,,0.0,0.0,0.0,0.0,0.0,26.0,4912.0,GO,false,,true,false
4934.0,2016_08_OAK_TB,2016,REG,8,2016-10-30,TB,LV,TB,LV,home,5.0,4.0,3.0,82.0,209.0,209.0,209.0,24.0,24.0,0.0,1.0,2.0,0.1780756,0.1780756,0.40804297,-0.42417678,0.0,0.0,outdoors,86.0,15.0,0.0,,42.0,1.0,0.0,0.0,0.0,0.0,26.0,4934.0,PUNT,false,,true,false
4959.0,2016_08_OAK_TB,2016,REG,8,2016-10-30,TB,LV,LV,TB,away,5.0,1.0,10.0,60.0,201.0,201.0,201.0,24.0,24.0,0.0,2.0,1.0,0.41388145,0.41388145,0.05641423,0.5751387,0.0,0.0,outdoors,86.0,15.0,0.0,,,0.0,0.0,0.0,0.0,0.0,27.0,4959.0,GO,false,,false,false
4988.0,2016_08_OAK_TB,2016,REG,8,2016-10-30,TB,LV,LV,TB,away,5.0,1.0,10.0,48.0,155.0,155.0,155.0,24.0,24.0,0.0,2.0,1.0,0.47029567,0.47029567,-0.039403323,-0.33395365,1.0,0.0,outdoors,86.0,15.0,0.0,,,0.0,0.0,0.0,0.0,0.0,27.0,4988.0,GO,false,,false,false
5023.0,2016_08_OAK_TB,2016,REG,8,2016-10-30,TB,LV,LV,TB,away,5.0,2.0,10.0,48.0,151.0,151.0,151.0,24.0,24.0,0.0,2.0,1.0,0.43089235,0.43089235,0.016636584,0.2406013,1.0,0.0,outdoors,86.0,15.0,0.0,,,0.0,0.0,0.0,0.0,0.0,27.0,5023.0,GO,false,,false,false
5064.0,2016_08_OAK_TB,2016,REG,8,2016-10-30,TB,LV,LV,TB,away,5.0,3.0,3.0,41.0,120.0,120.0,120.0,24.0,24.0,0.0,2.0,1.0,0.44752893,0.44752893,-0.3101061,-1.8839502,1.0,0.0,outdoors,86.0,15.0,0.0,,,0.0,0.0,0.0,0.0,0.0,27.0,5064.0,GO,false,,false,false
5103.0,2016_08_OAK_TB,2016,REG,8,2016-10-30,TB,LV,LV,TB,away,5.0,4.0,3.0,41.0,115.0,115.0,115.0,24.0,24.0,0.0,2.0,0.0,0.13742284,0.13742284,0.86257714,6.9647956,1.0,0.0,outdoors,86.0,15.0,0.0,,,0.0,1.0,0.0,0.0,0.0,27.0,5103.0,GO,true,,false,false
5123.0,2016_08_OAK_TB,2016,REG,8,2016-10-30,TB,LV,TB,LV,home,5.0,,0.0,,105.0,105.0,105.0,24.0,30.0,-6.0,0.0,2.0,,,,,0.0,0.0,outdoors,86.0,15.0,,,,,,,0.0,0.0,28.0,5123.0,GO,,,true,false
4375.0,2016_14_NYJ_SF,2016,REG,14,2016-12-11,SF,NYJ,NYJ,SF,away,5.0,2.0,13.0,28.0,567.0,567.0,567.0,17.0,17.0,0.0,1.0,2.0,0.85265905,0.85265905,0.040530544,0.44679064,0.0,0.0,outdoors,54.0,8.0,0.0,,,0.0,0.0,0.0,0.0,0.0,26.0,4375.0,GO,false,,false,false
4396.0,2016_14_NYJ_SF,2016,REG,14,2016-12-11,SF,NYJ,NYJ,SF,away,5.0,3.0,4.0,19.0,521.0,521.0,521.0,17.0,17.0,0.0,1.0,2.0,0.89318955,0.89318955,0.10681042,3.3295114,1.0,0.0,outdoors,54.0,8.0,0.0,,,0.0,0.0,0.0,0.0,0.0,26.0,4396.0,GO,false,,false,false
4424.0,2016_14_NYJ_SF,2016,REG,14,2016-12-11,SF,NYJ,SF,NYJ,home,5.0,,0.0,,515.0,515.0,515.0,17.0,23.0,-6.0,2.0,1.0,,,,,0.0,0.0,outdoors,54.0,8.0,,,,,,,0.0,0.0,27.0,4424.0,GO,,,true,false
3889.0,2017_03_CIN_GB,2017,REG,3,2017-09-24,GB,CIN,CIN,GB,away,5.0,,0.0,35.0,600.0,600.0,600.0,24.0,24.0,0.0,2.0,2.0,0.53313535,0.53313535,-0.0,0.15137775,0.0,0.0,outdoors,89.0,8.0,0.0,,65.0,0.0,0.0,0.0,0.0,0.0,22.0,3889.0,GO,false,,false,true
3921.0,2017_03_CIN_GB,2017,REG,3,2017-09-24,GB,CIN,CIN,GB,away,5.0,1.0,10.0,75.0,600.0,600.0,600.0,24.0,24.0,0.0,1.0,2.0,0.53313535,0.53313535,-0.09792728,-0.8924974,0.0,0.0,outdoors,89.0,8.0,0.0,,,0.0,0.0,0.0,0.0,0.0,22.0,3921.0,GO,false,,false,true
3942.0,2017_03_CIN_GB,2017,REG,3,2017-09-24,GB,CIN,CIN,GB,away,5.0,2.0,12.0,77.0,559.0,559.0,559.0,24.0,24.0,0.0,1.0,2.0,0.43520808,0.43520808,0.009945238,0.17852987,1.0,0.0,outdoors,89.0,8.0,0.0,,,0.0,0.0,0.0,0.0,0.0,22.0,3942.0,GO,false,,false,true
3971.0,2017_03_CIN_GB,2017,REG,3,2017-09-24,GB,CIN,CIN,GB,away,5.0,3.0,6.0,71.0,511.0,511.0,511.0,24.0,24.0,0.0,1.0,2.0,0.44515333,0.44515333,-0.12641269,-1.0923909,1.0,0.0,outdoors,89.0,8.0,0.0,,,0.0,0.0,0.0,0.0,0.0,22.0,3971.0,GO,false,,false,true
3995.0,2017_03_CIN_GB,2017,REG,3,2017-09-24,GB,CIN,CIN,GB,away,5.0,4.0,5.0,70.0,474.0,474.0,474.0,24.0,24.0,0.0,1.0,2.0,0.31874064,0.31874064,0.19793774,-0.43262818,0.0,0.0,outdoors,89.0,8.0,0.0,,58.0,1.0,0.0,0.0,0.0,0.0,22.0,3995.0,PUNT,false,,false,true
4020.0,2017_03_CIN_GB,2017,REG,3,2017-09-24,GB,CIN,GB,CIN,home,5.0,1.0,10.0,79.0,459.0,459.0,459.0,24.0,24.0,0.0,2.0,1.0,0.48332164,0.48332164,-0.049064882,-0.4926517,0.0,0.0,outdoors,89.0,8.0,0.0,,,0.0,0.0,0.0,0.0,0.0,23.0,4020.0,GO,false,,true,false
4042.0,2017_03_CIN_GB,2017,REG,3,2017-09-24,GB,CIN,GB,CIN,home,5.0,2.0,10.0,79.0,454.0,454.0,454.0,24.0,24.0,0.0,2.0,1.0,0.43425676,0.43425676,-0.061529703,-0.6737055,1.0,0.0,outdoors,89.0,8.0,0.0,,,0.0,0.0,0.0,0.0,0.0,23.0,4042.0,GO,false,,true,false
4064.0,2017_03_CIN_GB,2017,REG,3,2017-09-24,GB,CIN,GB,CIN,home,5.0,3.0,10.0,79.0,450.0,450.0,450.0,24.0,24.0,0.0,2.0,1.0,0.37272704,0.37272704,0.5607042,5.398291,1.0,0.0,outdoors,89.0,8.0,0.0,,,0.0,0.0,0.0,0.0,0.0,23.0,4064.0,GO,false,,true,false
4101.0,2017_03_CIN_GB,2017,REG,3,2017-09-24,GB,CIN,GB,CIN,home,5.0,1.0,7.0,7.0,419.0,419.0,419.0,24.0,24.0,0.0,2.0,1.0,0.9334312,0.9334312,0.045365214,-2.453428,0.0,0.0,outdoors,89.0,8.0,0.0,,,0.0,0.0,0.0,0.0,0.0,23.0,4101.0,GO,false,,true,false
4157.0,2017_03_CIN_GB,2017,REG,3,2017-09-24,GB,CIN,GB,CIN,home,5.0,2.0,9.0,9.0,386.0,386.0,386.0,24.0,24.0,0.0,2.0,0.0,0.9787964,0.9787964,0.021203568,0.1055873,0.0,0.0,outdoors,89.0,8.0,1.0,made,27.0,0.0,0.0,0.0,0.0,0.0,23.0,4157.0,FG,false,true,true,false
4176.0,2017_03_CIN_GB,2017,REG,3,2017-09-24,GB,CIN,GB,CIN,home,5.0,,0.0,,382.0,382.0,382.0,27.0,24.0,3.0,2.0,0.0,,,,,0.0,0.0,outdoors,89.0,8.0,,,,,,,0.0,0.0,23.0,4176.0,GO,,,true,false
4193.0,2017_05_SF_IND,2017,REG,5,2017-10-08,IND,SF,IND,SF,home,5.0,,0.0,35.0,600.0,600.0,600.0,23.0,23.0,0.0,2.0,2.0,0.5629995,0.5629995,0.0,0.0,0.0,0.0,closed,,,0.0,,65.0,0.0,0.0,0.0,0.0,0.0,22.0,4193.0,GO,false,,true,true
4214.0,2017_05_SF_IND,2017,REG,5,2017-10-08,IND,SF,IND,SF,home,5.0,1.0,10.0,75.0,600.0,600.0,600.0,23.0,23.0,0.0,2.0,2.0,0.5629995,0.5629995,-0.05640815,-0.5337112,0.0,0.0,closed,,,0.0,,,0.0,0.0,0.0,0.0,0.0,22.0,4214.0,GO,false,,true,true
4235.0,2017_05_SF_IND,2017,REG,5,2017-10-08,IND,SF,IND,SF,home,5.0,2.0,9.0,74.0,558.0,558.0,558.0,23.0,23.0,0.0,2.0,2.0,0.5065913,0.5065913,-0.066129535,-0.6252455,0.0,0.0,closed,,,0.0,,,0.0,0.0,0.0,0.0,0.0,22.0,4235.0,GO,false,,true,true
4256.0,2017_05_SF_IND,2017,REG,5,2017-10-08,IND,SF,IND,SF,home,5.0,3.0,9.0,74.0,515.0,515.0,515.0,23.0,23.0,0.0,2.0,2.0,0.4404618,0.4404618,0.12781285,1.3516896,1.0,0.0,closed,,,0.0,,,0.0,0.0,0.0,0.0,0.0,22.0,4256.0,GO,false,,true,true
4295.0,2017_05_SF_IND,2017,REG,5,2017-10-08,IND,SF,IND,SF,home,5.0,1.0,10.0,69.0,509.0,509.0,509.0,23.0,23.0,0.0,2.0,2.0,0.5682747,0.5682747,-0.070534006,-0.589508,0.0,0.0,closed,,,0.0,,,0.0,0.0,0.0,0.0,0.0,22.0,4295.0,GO,false,,true,true
4316.0,2017_05_SF_IND,2017,REG,5,2017-10-08,IND,SF,IND,SF,home,5.0,2.0,11.0,70.0,475.0,475.0,475.0,23.0,23.0,0.0,2.0,2.0,0.49774066,0.49774066,-0.07352023,-0.5033886,1.0,0.0,closed,,,0.0,,,0.0,0.0,0.0,0.0,0.0,22.0,4316.0,GO,false,,true,true
4337.0,2017_05_SF_IND,2017,REG,5,2017-10-08,IND,SF,IND,SF,home,5.0,3.0,10.0,69.0,427.0,427.0,427.0,23.0,23.0,0.0,2.0,2.0,0.42422044,0.42422044,0.19994566,1.9537333,1.0,0.0,closed,,,0.0,,,0.0,0.0,0.0,0.0,0.0,22.0,4337.0,GO,false,,true,true
4361.0,2017_05_SF_IND,2017,REG,5,2017-10-08,IND,SF,IND,SF,home,5.0,1.0,10.0,54.0,397.0,397.0,397.0,23.0,23.0,0.0,2.0,2.0,0.6241661,0.6241661,0.30355385,2.7196274,0.0,0.0,closed,,,0.0,,,0.0,0.0,0.0,0.0,0.0,22.0,4361.0,GO,false,,true,true
4402.0,2017_05_SF_IND,2017,REG,5,2017-10-08,IND,SF,IND,SF,home,5.0,1.0,8.0,8.0,344.0,344.0,344.0,23.0,23.0,0.0,1.0,2.0,0.92771995,0.92771995,-0.3416731,-6.1211405,1.0,0.0,closed,,,0.0,,,0.0,0.0,0.0,0.0,0.0,22.0,4402.0,GO,false,,true,true
4428.0,2017_05_SF_IND,2017,REG,5,2017-10-08,IND,SF,SF,IND,away,5.0,1.0,10.0,72.0,334.0,334.0,334.0,23.0,23.0,0.0,2.0,1.0,0.41395316,0.41395316,-0.07361843,-0.500921,0.0,0.0,closed,,,0.0,,,0.0,0.0,0.0,0.0,0.0,23.0,4428.0,GO,false,,false,false
4449.0,2017_05_SF_IND,2017,REG,5,2017-10-08,IND,SF,SF,IND,away,5.0,2.0,10.0,72.0,297.0,297.0,297.0,23.0,23.0,0.0,2.0,1.0,0.3403347,0.3403347,-0.057358973,-0.55293226,1.0,0.0,closed,,,0.0,,,0.0,0.0,0.0,0.0,0.0,23.0,4449.0,GO,false,,false,false
4477.0,2017_05_SF_IND,2017,REG,5,2017-10-08,IND,SF,SF,IND,away,5.0,3.0,10.0,72.0,292.0,292.0,292.0,23.0,23.0,0.0,2.0,1.0,0.28297576,0.28297576,0.27235156,2.3910537,1.0,0.0,closed,,,0.0,,,0.0,0.0,0.0,0.0,0.0,23.0,4477.0,GO,false,,false,false
4510.0,2017_05_SF_IND,2017,REG,5,2017-10-08,IND,SF,SF,IND,away,5.0,1.0,10.0,50.0,285.0,285.0,285.0,23.0,23.0,0.0,2.0,1.0,0.5553273,0.5553273,-0.044857018,-0.3993188,0.0,0.0,closed,,,0.0,,,0.0,0.0,0.0,0.0,0.0,23.0,4510.0,GO,false,,false,false
4532.0,2017_05_SF_IND,2017,REG,5,2017-10-08,IND,SF,SF,IND,away,5.0,2.0,10.0,50.0,281.0,281.0,281.0,23.0,23.0,0.0,2.0,1.0,0.51047033,0.51047033,-0.130422,-1.0539726,0.0,0.0,closed,,,0.0,,,0.0,0.0,0.0,0.0,0.0,23.0,4532.0,GO,false,,false,false
4564.0,2017_05_SF_IND,2017,REG,5,2017-10-08,IND,SF,SF,IND,away,5.0,2.0,20.0,60.0,275.0,275.0,275.0,23.0,23.0,0.0,2.0,1.0,0.3800483,0.3800483,-0.0774329,-0.38667613,1.0,0.0,closed,,,0.0,,,0.0,0.0,0.0,0.0,0.0,23.0,4564.0,GO,false,,false,false
4588.0,2017_05_SF_IND,2017,REG,5,2017-10-08,IND,SF,SF,IND,away,5.0,3.0,15.0,55.0,231.0,231.0,231.0,23.0,23.0,0.0,2.0,1.0,0.3026154,0.3026154,-0.10857626,-0.96445435,1.0,0.0,closed,,,0.0,,,0.0,0.0,0.0,0.0,0.0,23.0,4588.0,GO,false,,false,false
4610.0,2017_05_SF_IND,2017,REG,5,2017-10-08,IND,SF,SF,IND,away,5.0,4.0,15.0,55.0,225.0,225.0,225.0,23.0,23.0,0.0,2.0,1.0,0.19403914,0.19403914,0.49392223,-0.13267225,0.0,0.0,closed,,,0.0,,37.0,1.0,0.0,0.0,0.0,0.0,23.0,4610.0,PUNT,false,,false,false
4633.0,2017_05_SF_IND,2017,REG,5,2017-10-08,IND,SF,IND,SF,home,5.0,1.0,10.0,82.0,219.0,219.0,219.0,23.0,23.0,0.0,1.0,2.0,0.31203863,0.31203863,-0.029880732,-0.37501508,0.0,0.0,closed,,,0.0,,,0.0,0.0,0.0,0.0,0.0,24.0,4633.0,GO,false,,true,false
4655.0,2017_05_SF_IND,2017,REG,5,2017-10-08,IND,SF,IND,SF,home,5.0,2.0,10.0,82.0,214.0,214.0,214.0,23.0,23.0,0.0,1.0,2.0,0.2821579,0.2821579,0.00052029407,0.16473237,1.0,0.0,closed,,,0.0,,,0.0,0.0,0.0,0.0,0.0,24.0,4655.0,GO,false,,true,false
4679.0,2017_05_SF_IND,2017,REG,5,2017-10-08,IND,SF,IND,SF,home,5.0,3.0,4.0,76.0,175.0,175.0,175.0,23.0,23.0,0.0,1.0,2.0,0.2826782,0.2826782,0.09585664,1.0436573,1.0,0.0,closed,,,0.0,,,0.0,0.0,0.0,0.0,0.0,24.0,4679.0,GO,false,,true,false
4703.0,2017_05_SF_IND,2017,REG,5,2017-10-08,IND,SF,IND,SF,home,5.0,1.0,10.0,69.0,137.0,137.0,137.0,23.0,23.0,0.0,1.0,2.0,0.37853482,0.37853482,0.29475972,1.737818,1.0,0.0,closed,,,0.0,,,0.0,0.0,0.0,0.0,0.0,24.0,4703.0,GO,false,,true,false
4741.0,2017_05_SF_IND,2017,REG,5,2017-10-08,IND,SF,IND,SF,home,5.0,1.0,10.0,34.0,120.0,120.0,120.0,23.0,23.0,0.0,1.0,2.0,0.67329454,0.67329454,-0.09192464,-0.6953732,0.0,0.0,closed,,,0.0,,,0.0,0.0,0.0,0.0,0.0,24.0,4741.0,GO,false,,true,false
4779.0,2017_05_SF_IND,2017,REG,5,2017-10-08,IND,SF,IND,SF,home,5.0,2.0,10.0,34.0,114.0,114.0,114.0,23.0,23.0,0.0,1.0,1.0,0.58136994,0.58136994,-0.033768393,-0.39792508,0.0,0.0,closed,,,0.0,,,0.0,0.0,0.0,0.0,0.0,24.0,4779.0,GO,false,,true,false
4801.0,2017_05_SF_IND,2017,REG,5,2017-10-08,IND,SF,IND,SF,home,5.0,3.0,10.0,34.0,107.0,107.0,107.0,23.0,23.0,0.0,1.0,1.0,0.5476015,0.5476015,0.17382759,-0.32686287,0.0,0.0,closed,,,0.0,,,0.0,0.0,0.0,0.0,0.0,24.0,4801.0,GO,false,,true,false
4839.0,2017_05_SF_IND,2017,REG,5,2017-10-08,IND,SF,IND,SF,home,5.0,4.0,9.0,33.0,103.0,103.0,103.0,23.0,23.0,0.0,1.0,0.0,0.7214291,0.7214291,0.27857092,1.1610343,0.0,0.0,closed,,,1.0,made,51.0,0.0,0.0,0.0,0.0,0.0,24.0,4839.0,FG,false,true,true,false
4858.0,2017_05_SF_IND,2017,REG,5,2017-10-08,IND,SF,IND,SF,home,5.0,,0.0,,98.0,98.0,98.0,26.0,23.0,3.0,1.0,0.0,,,,,0.0,0.0,closed,,,,,,,,,0.0,0.0,24.0,4858.0,GO,,,true,false
3872.0,2017_07_TEN_CLE,2017,REG,7,2017-10-22,CLE,TEN,CLE,TEN,home,5.0,,0.0,35.0,600.0,600.0,600.0,9.0,9.0,0.0,2.0,2.0,0.52997196,0.52997196,0.0,0.0,0.0,0.0,outdoors,74.0,12.0,0.0,,65.0,0.0,0.0,0.0,0.0,0.0,21.0,3872.0,GO,false,,true,true
3894.0,2017_07_TEN_CLE,2017,REG,7,2017-10-22,CLE,TEN,CLE,TEN,home,5.0,1.0,10.0,75.0,600.0,600.0,600.0,9.0,9.0,0.0,2.0,2.0,0.52997196,0.52997196,-0.05635535,-0.51141465,0.0,0.0,outdoors,74.0,12.0,0.0,,,0.0,0.0,0.0,0.0,0.0,21.0,3894.0,GO,false,,true,true
3915.0,2017_07_TEN_CLE,2017,REG,7,2017-10-22,CLE,TEN,CLE,TEN,home,5.0,2.0,10.0,75.0,565.0,565.0,565.0,9.0,9.0,0.0,2.0,2.0,0.4736166,0.4736166,-0.06406542,-0.68180007,0.0,0.0,outdoors,74.0,12.0,0.0,,,0.0,0.0,0.0,0.0,0.0,21.0,3915.0,GO,false,,true,true
3941.0,2017_07_TEN_CLE,2017,REG,7,2017-10-22,CLE,TEN,CLE,TEN,home,5.0,3.0,10.0,75.0,560.0,560.0,560.0,9.0,9.0,0.0,2.0,2.0,0.40955117,0.40955117,-0.11504337,-1.1670052,1.0,0.0,outdoors,74.0,12.0,0.0,,,0.0,0.0,0.0,0.0,0.0,21.0,3941.0,GO,false,,true,true
3963.0,2017_07_TEN_CLE,2017,REG,7,2017-10-22,CLE,TEN,CLE,TEN,home,5.0,4.0,10.0,75.0,554.0,554.0,554.0,9.0,9.0,0.0,2.0,2.0,0.2945078,0.2945078,0.12835495,-0.450322,0.0,0.0,outdoors,74.0,12.0,0.0,,38.0,1.0,0.0,0.0,0.0,0.0,21.0,3963.0,PUNT,false,,true,true
3988.0,2017_07_TEN_CLE,2017,REG,7,2017-10-22,CLE,TEN,TEN,CLE,away,5.0,1.0,10.0,64.0,545.0,545.0,545.0,9.0,9.0,0.0,2.0,2.0,0.57713723,0.57713723,0.10606448,0.9444119,0.0,0.0,outdoors,74.0,12.0,0.0,,,0.0,0.0,0.0,0.0,0.0,22.0,3988.0,GO,false,,false,false
4015.0,2017_07_TEN_CLE,2017,REG,7,2017-10-22,CLE,TEN,TEN,CLE,away,5.0,1.0,10.0,48.0,523.0,523.0,523.0,9.0,9.0,0.0,2.0,2.0,0.68320173,0.68320173,-0.10016003,-0.86294883,0.0,0.0,outdoors,74.0,12.0,0.0,,,0.0,0.0,0.0,0.0,0.0,22.0,4015.0,GO,false,,false,false
4047.0,2017_07_TEN_CLE,2017,REG,7,2017-10-22,CLE,TEN,TEN,CLE,away,5.0,1.0,20.0,58.0,496.0,496.0,496.0,9.0,9.0,0.0,2.0,2.0,0.58304167,0.58304167,-0.051047347,-0.4522364,1.0,0.0,outdoors,74.0,12.0,0.0,,,0.0,0.0,0.0,0.0,0.0,22.0,4047.0,GO,false,,false,false
4069.0,2017_07_TEN_CLE,2017,REG,7,2017-10-22,CLE,TEN,TEN,CLE,away,5.0,2.0,20.0,58.0,491.0,491.0,491.0,9.0,9.0,0.0,2.0,2.0,0.53199434,0.53199434,0.096970305,0.8325873,1.0,0.0,outdoors,74.0,12.0,0.0,,,0.0,0.0,0.0,0.0,0.0,22.0,4069.0,GO,false,,false,false
4110.0,2017_07_TEN_CLE,2017,REG,7,2017-10-22,CLE,TEN,TEN,CLE,away,5.0,3.0,6.0,44.0,462.0,462.0,462.0,9.0,9.0,0.0,1.0,2.0,0.62896466,0.62896466,-0.20272595,-1.7073772,1.0,0.0,outdoors,74.0,12.0,0.0,,,0.0,0.0,0.0,0.0,0.0,22.0,4110.0,GO,false,,false,false
4132.0,2017_07_TEN_CLE,2017,REG,7,2017-10-22,CLE,TEN,TEN,CLE,away,5.0,4.0,6.0,44.0,457.0,457.0,457.0,9.0,9.0,0.0,1.0,2.0,0.4262387,0.4262387,0.09684925,-1.4687936,0.0,0.0,outdoors,74.0,12.0,0.0,,44.0,1.0,0.0,0.0,0.0,0.0,22.0,4132.0,PUNT,false,,false,false
4149.0,2017_07_TEN_CLE,2017,REG,7,2017-10-22,CLE,TEN,CLE,TEN,home,5.0,1.0,10.0,80.0,450.0,450.0,450.0,9.0,9.0,0.0,2.0,1.0,0.47691205,0.47691205,-0.07069259,-0.6842849,0.0,0.0,outdoors,74.0,12.0,0.0,,,0.0,0.0,0.0,0.0,0.0,23.0,4149.0,GO,false,,true,false
4170.0,2017_07_TEN_CLE,2017,REG,7,2017-10-22,CLE,TEN,CLE,TEN,home,5.0,2.0,8.0,78.0,414.0,414.0,414.0,9.0,9.0,0.0,2.0,1.0,0.40621948,0.40621948,-0.06412244,-0.6798884,0.0,0.0,outdoors,74.0,12.0,0.0,,,0.0,0.0,0.0,0.0,0.0,23.0,4170.0,GO,false,,true,false
4192.0,2017_07_TEN_CLE,2017,REG,7,2017-10-22,CLE,TEN,CLE,TEN,home,5.0,3.0,8.0,78.0,408.0,408.0,408.0,9.0,9.0,0.0,2.0,1.0,0.34209704,0.34209704,-0.17516866,-1.8555864,1.0,0.0,outdoors,74.0,12.0,0.0,,,0.0,0.0,0.0,0.0,0.0,23.0,4192.0,GO,false,,true,false
4211.0,2017_07_TEN_CLE,2017,REG,7,2017-10-22,CLE,TEN,CLE,TEN,home,5.0,4.0,20.0,90.0,369.0,369.0,369.0,9.0,9.0,0.0,2.0,1.0,0.16692837,0.16692837,0.18221241,-0.596509,0.0,0.0,outdoors,74.0,12.0,0.0,,53.0,1.0,0.0,0.0,0.0,0.0,23.0,4211.0,PUNT,false,,true,false
4236.0,2017_07_TEN_CLE,2017,REG,7,2017-10-22,CLE,TEN,TEN,CLE,away,5.0,1.0,10.0,49.0,357.0,357.0,357.0,9.0,9.0,0.0,1.0,2.0,0.65085924,0.65085924,0.029350683,0.29102764,0.0,0.0,outdoors,74.0,12.0,0.0,,,0.0,0.0,0.0,0.0,0.0,24.0,4236.0,GO,false,,false,false
4268.0,2017_07_TEN_CLE,2017,REG,7,2017-10-22,CLE,TEN,TEN,CLE,away,5.0,2.0,3.0,42.0,324.0,324.0,324.0,9.0,9.0,0.0,1.0,2.0,0.6802099,0.6802099,-0.0898907,-0.65870726,0.0,0.0,outdoors,74.0,12.0,0.0,,,0.0,0.0,0.0,0.0,0.0,24.0,4268.0,GO,false,,false,false
4289.0,2017_07_TEN_CLE,2017,REG,7,2017-10-22,CLE,TEN,TEN,CLE,away,5.0,3.0,3.0,42.0,280.0,280.0,280.0,9.0,9.0,0.0,1.0,2.0,0.5903192,0.5903192,0.1418871,1.0285637,1.0,0.0,outdoors,74.0,12.0,0.0,,,0.0,0.0,0.0,0.0,0.0,24.0,4289.0,GO,false,,false,false
4314.0,2017_07_TEN_CLE,2017,REG,7,2017-10-22,CLE,TEN,TEN,CLE,away,5.0,1.0,10.0,34.0,245.0,245.0,245.0,9.0,9.0,0.0,1.0,2.0,0.7322063,0.7322063,-0.017381366,-0.282842,0.0,0.0,outdoors,74.0,12.0,0.0,,,0.0,0.0,0.0,0.0,0.0,24.0,4314.0,GO,false,,false,false
4335.0,2017_07_TEN_CLE,2017,REG,7,2017-10-22,CLE,TEN,TEN,CLE,away,5.0,2.0,7.0,31.0,207.0,207.0,207.0,9.0,9.0,0.0,1.0,2.0,0.7148249,0.7148249,-0.029005311,-0.3872747,0.0,0.0,outdoors,74.0,12.0,0.0,,,0.0,0.0,0.0,0.0,0.0,24.0,4335.0,GO,false,,false,false
4356.0,2017_07_TEN_CLE,2017,REG,7,2017-10-22,CLE,TEN,TEN,CLE,away,5.0,3.0,6.0,30.0,169.0,169.0,169.0,9.0,9.0,0.0,1.0,2.0,0.6858196,0.6858196,0.063735776,-0.95436966,0.0,0.0,outdoors,74.0,12.0,0.0,,,0.0,0.0,0.0,0.0,0.0,24.0,4356.0,GO,false,,false,false
4400.0,2017_07_TEN_CLE,2017,REG,7,2017-10-22,CLE,TEN,TEN,CLE,away,5.0,4.0,5.0,29.0,120.0,120.0,120.0,9.0,9.0,0.0,1.0,2.0,0.7495554,0.7495554,0.25044462,1.2435429,0.0,0.0,outdoors,74.0,12.0,1.0,made,47.0,0.0,0.0,0.0,0.0,0.0,24.0,4400.0,FG,false,true,false,false
4419.0,2017_07_TEN_CLE,2017,REG,7,2017-10-22,CLE,TEN,CLE,TEN,home,5.0,,0.0,,115.0,115.0,115.0,9.0,12.0,-3.0,2.0,1.0,,,,,0.0,0.0,outdoors,74.0,12.0,,,,,,,0.0,0.0,25.0,4419.0,GO,,,true,false
3993.0,2017_11_KC_NYG,2017,REG,11,2017-11-19,NYG,KC,KC,NYG,away,5.0,,0.0,35.0,600.0,600.0,600.0,9.0,9.0,0.0,2.0,2.0,0.49105346,0.49105346,-0.0,-0.23445591,0.0,0.0,outdoors,50.0,23.0,0.0,,61.0,0.0,0.0,0.0,0.0,0.0,23.0,3993.0,GO,false,,false,true
4021.0,2017_11_KC_NYG,2017,REG,11,2017-11-19,NYG,KC,KC,NYG,away,5.0,1.0,10.0,78.0,593.0,593.0,593.0,9.0,9.0,0.0,2.0,2.0,0.49105346,0.49105346,-0.038131278,-0.40254387,0.0,0.0,outdoors,50.0,23.0,0.0,,,0.0,0.0,0.0,0.0,0.0,23.0,4021.0,GO,false,,false,true
4042.0,2017_11_KC_NYG,2017,REG,11,2017-11-19,NYG,KC,KC,NYG,away,5.0,2.0,8.0,76.0,547.0,547.0,547.0,9.0,9.0,0.0,2.0,2.0,0.4529222,0.4529222,0.10200052,1.0872492,1.0,0.0,outdoors,50.0,23.0,0.0,,,0.0,0.0,0.0,0.0,0.0,23.0,4042.0,GO,false,,false,true
4066.0,2017_11_KC_NYG,2017,REG,11,2017-11-19,NYG,KC,KC,NYG,away,5.0,1.0,10.0,65.0,516.0,516.0,516.0,9.0,9.0,0.0,2.0,2.0,0.5549227,0.5549227,-0.048481334,-0.3124622,0.0,0.0,outdoors,50.0,23.0,0.0,,,0.0,0.0,0.0,0.0,0.0,23.0,4066.0,GO,false,,false,true
4087.0,2017_11_KC_NYG,2017,REG,11,2017-11-19,NYG,KC,KC,NYG,away,5.0,2.0,10.0,65.0,476.0,476.0,476.0,9.0,9.0,0.0,2.0,2.0,0.50644135,0.50644135,-0.03671332,-0.27242842,0.0,0.0,outdoors,50.0,23.0,0.0,,,0.0,0.0,0.0,0.0,0.0,23.0,4087.0,GO,false,,false,true
4123.0,2017_11_KC_NYG,2017,REG,11,2017-11-19,NYG,KC,KC,NYG,away,5.0,2.0,12.0,67.0,454.0,454.0,454.0,9.0,9.0,0.0,2.0,2.0,0.46972805,0.46972805,-0.055480532,-0.39160603,1.0,0.0,outdoors,50.0,23.0,0.0,,,0.0,0.0,0.0,0.0,0.0,23.0,4123.0,GO,false,,false,true
4147.0,2017_11_KC_NYG,2017,REG,11,2017-11-19,NYG,KC,KC,NYG,away,5.0,3.0,10.0,65.0,408.0,408.0,408.0,9.0,9.0,0.0,2.0,2.0,0.4142475,0.4142475,-0.10916572,-1.0152218,1.0,0.0,outdoors,50.0,23.0,0.0,,,0.0,0.0,0.0,0.0,0.0,23.0,4147.0,GO,false,,false,true
4171.0,2017_11_KC_NYG,2017,REG,11,2017-11-19,NYG,KC,KC,NYG,away,5.0,4.0,7.0,62.0,366.0,366.0,366.0,9.0,9.0,0.0,2.0,2.0,0.3050818,0.3050818,0.30860537,0.119665794,0.0,0.0,outdoors,50.0,23.0,0.0,,52.0,1.0,0.0,0.0,0.0,0.0,23.0,4171.0,PUNT,false,,false,true
4196.0,2017_11_KC_NYG,2017,REG,11,2017-11-19,NYG,KC,NYG,KC,home,5.0,1.0,10.0,82.0,354.0,354.0,354.0,9.0,9.0,0.0,2.0,2.0,0.38631284,0.38631284,-0.030109875,-0.25277278,0.0,0.0,outdoors,50.0,23.0,0.0,,,0.0,0.0,0.0,0.0,0.0,24.0,4196.0,GO,false,,true,false
4217.0,2017_11_KC_NYG,2017,REG,11,2017-11-19,NYG,KC,NYG,KC,home,5.0,2.0,7.0,79.0,313.0,313.0,313.0,9.0,9.0,0.0,2.0,2.0,0.35620296,0.35620296,0.078126214,1.0659047,0.0,0.0,outdoors,50.0,23.0,0.0,,,0.0,0.0,0.0,0.0,0.0,24.0,4217.0,GO,false,,true,false
4238.0,2017_11_KC_NYG,2017,REG,11,2017-11-19,NYG,KC,NYG,KC,home,5.0,1.0,10.0,69.0,271.0,271.0,271.0,9.0,9.0,0.0,2.0,2.0,0.43432918,0.43432918,0.05925845,0.52958786,1.0,0.0,outdoors,50.0,23.0,0.0,,,0.0,0.0,0.0,0.0,0.0,24.0,4238.0,GO,false,,true,false
4261.0,2017_11_KC_NYG,2017,REG,11,2017-11-19,NYG,KC,NYG,KC,home,5.0,1.0,5.0,64.0,270.0,270.0,270.0,9.0,9.0,0.0,2.0,2.0,0.4935876,0.4935876,0.068038814,0.51331943,1.0,0.0,outdoors,50.0,23.0,0.0,,,0.0,0.0,0.0,0.0,0.0,24.0,4261.0,GO,false,,true,false
4288.0,2017_11_KC_NYG,2017,REG,11,2017-11-19,NYG,KC,NYG,KC,home,5.0,1.0,10.0,51.0,256.0,256.0,256.0,9.0,9.0,0.0,2.0,2.0,0.56162643,0.56162643,0.049369156,0.50212866,1.0,0.0,outdoors,50.0,23.0,0.0,,,0.0,0.0,0.0,0.0,0.0,24.0,4288.0,GO,false,,true,false
4312.0,2017_11_KC_NYG,2017,REG,11,2017-11-19,NYG,KC,NYG,KC,home,5.0,1.0,10.0,41.0,215.0,215.0,215.0,9.0,9.0,0.0,2.0,2.0,0.6109956,0.6109956,0.00014859345,-0.16616292,1.0,0.0,outdoors,50.0,23.0,0.0,,,0.0,0.0,0.0,0.0,0.0,24.0,4312.0,GO,false,,true,false
4680.0,2017_04_SF_ARI,2017,REG,4,2017-10-01,ARI,SF,SF,ARI,away,5.0,,0.0,35.0,600.0,600.0,600.0,12.0,12.0,0.0,2.0,2.0,0.50997275,0.50997275,-0.0,-0.2062513,0.0,0.0,closed,,,0.0,,70.0,0.0,0.0,0.0,0.0,0.0,26.0,4680.0,GO,false,,false,true
4702.0,2017_04_SF_ARI,2017,REG,4,2017-10-01,ARI,SF,SF,ARI,away,5.0,1.0,10.0,78.0,592.0,592.0,592.0,12.0,12.0,0.0,2.0,2.0,0.50997275,0.50997275,0.01748872,0.26138476,0.0,0.0,closed,,,0.0,,,0.0,0.0,0.0,0.0,0.0,26.0,4702.0,GO,false,,false,true
4734.0,2017_04_SF_ARI,2017,REG,4,2017-10-01,ARI,SF,SF,ARI,away,5.0,2.0,3.0,71.0,557.0,557.0,557.0,12.0,12.0,0.0,2.0,2.0,0.52746147,0.52746147,-0.061401013,-0.6838419,0.0,1.0,closed,,,0.0,,,0.0,0.0,0.0,0.0,0.0,26.0,4734.0,GO,false,,false,true
4756.0,2017_04_SF_ARI,2017,REG,4,2017-10-01,ARI,SF,SF,ARI,away,5.0,3.0,3.0,71.0,552.0,552.0,552.0,12.0,12.0,0.0,2.0,2.0,0.46606046,0.46606046,0.1020571,0.9895687,1.0,0.0,closed,,,0.0,,,0.0,0.0,0.0,0.0,0.0,26.0,4756.0,GO,false,,false,true
4789.0,2017_04_SF_ARI,2017,REG,4,2017-10-01,ARI,SF,SF,ARI,away,5.0,1.0,10.0,65.0,549.0,549.0,549.0,12.0,12.0,0.0,2.0,2.0,0.56811756,0.56811756,-0.050706178,-0.40693545,0.0,0.0,closed,,,0.0,,,0.0,0.0,0.0,0.0,0.0,26.0,4789.0,GO,false,,false,true
4810.0,2017_04_SF_ARI,2017,REG,4,2017-10-01,ARI,SF,SF,ARI,away,5.0,2.0,10.0,65.0,512.0,512.0,512.0,12.0,12.0,0.0,2.0,2.0,0.5174114,0.5174114,0.12361304,1.2296666,0.0,0.0,closed,,,0.0,,,0.0,0.0,0.0,0.0,0.0,26.0,4810.0,GO,false,,false,true
4834.0,2017_04_SF_ARI,2017,REG,4,2017-10-01,ARI,SF,SF,ARI,away,5.0,1.0,10.0,54.0,488.0,488.0,488.0,12.0,12.0,0.0,2.0,2.0,0.6410244,0.6410244,-0.032597672,-0.29413033,0.0,1.0,closed,,,0.0,,,0.0,0.0,0.0,0.0,0.0,26.0,4834.0,GO,false,,false,true
4855.0,2017_04_SF_ARI,2017,REG,4,2017-10-01,ARI,SF,SF,ARI,away,5.0,2.0,8.0,52.0,454.0,454.0,454.0,12.0,12.0,0.0,2.0,2.0,0.60842675,0.60842675,-0.070123956,-0.6816817,0.0,0.0,closed,,,0.0,,,0.0,0.0,0.0,0.0,0.0,26.0,4855.0,GO,false,,false,true
4877.0,2017_04_SF_ARI,2017,REG,4,2017-10-01,ARI,SF,SF,ARI,away,5.0,3.0,8.0,52.0,450.0,450.0,450.0,12.0,12.0,0.0,2.0,2.0,0.5383028,0.5383028,0.07101661,0.7327484,1.0,0.0,closed,,,0.0,,,0.0,0.0,0.0,0.0,0.0,26.0,4877.0,GO,false,,false,true
4913.0,2017_04_SF_ARI,2017,REG,4,2017-10-01,ARI,SF,SF,ARI,away,5.0,3.0,3.0,47.0,446.0,446.0,446.0,12.0,12.0,0.0,2.0,2.0,0.6093194,0.6093194,-0.0044653392,-0.016202783,1.0,0.0,closed,,,,,,,,,0.0,0.0,26.0,4913.0,GO,,,false,true
4947.0,2017_04_SF_ARI,2017,REG,4,2017-10-01,ARI,SF,SF,ARI,away,5.0,3.0,3.0,47.0,443.0,443.0,443.0,12.0,12.0,0.0,2.0,2.0,0.60485405,0.60485405,0.14952627,1.2592851,1.0,0.0,closed,,,0.0,,,0.0,0.0,0.0,0.0,0.0,26.0,4947.0,GO,false,,false,true
4971.0,2017_04_SF_ARI,2017,REG,4,2017-10-01,ARI,SF,SF,ARI,away,5.0,1.0,10.0,39.0,405.0,405.0,405.0,12.0,12.0,0.0,2.0,2.0,0.75438035,0.75438035,-0.012176457,-0.29929352,0.0,0.0,closed,,,0.0,,,0.0,0.0,0.0,0.0,0.0,26.0,4971.0,GO,false,,false,true
4992.0,2017_04_SF_ARI,2017,REG,4,2017-10-01,ARI,SF,SF,ARI,away,5.0,2.0,8.0,37.0,370.0,370.0,370.0,12.0,12.0,0.0,2.0,2.0,0.7422039,0.7422039,0.02263901,0.05154834,1.0,0.0,closed,,,0.0,,,0.0,0.0,0.0,0.0,0.0,26.0,4992.0,GO,false,,false,true
5016.0,2017_04_SF_ARI,2017,REG,4,2017-10-01,ARI,SF,SF,ARI,away,5.0,3.0,4.0,33.0,329.0,329.0,329.0,12.0,12.0,0.0,2.0,2.0,0.76484287,0.76484287,0.07083106,0.9794459,1.0,0.0,closed,,,0.0,,,0.0,0.0,0.0,0.0,0.0,26.0,5016.0,GO,false,,false,true
5037.0,2017_04_SF_ARI,2017,REG,4,2017-10-01,ARI,SF,SF,ARI,away,5.0,1.0,10.0,25.0,289.0,289.0,289.0,12.0,12.0,0.0,2.0,2.0,0.8356739,0.8356739,-0.00887486,-0.36265504,0.0,0.0,closed,,,0.0,,,0.0,0.0,0.0,0.0,0.0,26.0,5037.0,GO,false,,false,true
5110.0,2017_04_SF_ARI,2017,REG,4,2017-10-01,ARI,SF,SF,ARI,away,5.0,2.0,9.0,24.0,277.0,277.0,277.0,12.0,12.0,0.0,2.0,2.0,0.8267991,0.8267991,0.026535988,0.370641,0.0,0.0,closed,,,0.0,,,0.0,0.0,0.0,0.0,0.0,26.0,5110.0,GO,false,,false,true
5134.0,2017_04_SF_ARI,2017,REG,4,2017-10-01,ARI,SF,SF,ARI,away,5.0,3.0,2.0,17.0,232.0,232.0,232.0,12.0,12.0,0.0,2.0,2.0,0.8533351,0.8533351,0.05634485,1.1737176,1.0,0.0,closed,,,0.0,,,0.0,0.0,0.0,0.0,0.0,26.0,5134.0,GO,false,,false,true
5158.0,2017_04_SF_ARI,2017,REG,4,2017-10-01,ARI,SF,SF,ARI,away,5.0,1.0,8.0,8.0,192.0,192.0,192.0,12.0,12.0,0.0,2.0,2.0,0.90967995,0.90967995,-0.053674493,-1.2050749,0.0,0.0,closed,,,0.0,,,0.0,0.0,0.0,0.0,0.0,26.0,5158.0,GO,false,,false,true
5196.0,2017_04_SF_ARI,2017,REG,4,2017-10-01,ARI,SF,SF,ARI,away,5.0,2.0,12.0,12.0,187.0,187.0,187.0,12.0,12.0,0.0,2.0,1.0,0.85600543,0.85600543,-0.012902511,0.012879298,1.0,0.0,closed,,,0.0,,,0.0,0.0,0.0,0.0,0.0,26.0,5196.0,GO,false,,false,true
5217.0,2017_04_SF_ARI,2017,REG,4,2017-10-01,ARI,SF,SF,ARI,away,5.0,3.0,5.0,5.0,153.0,153.0,153.0,12.0,12.0,0.0,2.0,1.0,0.84310293,0.84310293,0.14131744,-1.1072499,1.0,0.0,closed,,,0.0,,,0.0,0.0,0.0,0.0,0.0,26.0,5217.0,GO,false,,false,true
5239.0,2017_04_SF_ARI,2017,REG,4,2017-10-01,ARI,SF,SF,ARI,away,5.0,4.0,5.0,5.0,148.0,148.0,148.0,12.0,12.0,0.0,2.0,1.0,0.98442036,0.98442036,-0.3219644,0.06222838,0.0,0.0,closed,,,1.0,made,23.0,0.0,0.0,0.0,0.0,0.0,26.0,5239.0,FG,false,true,false,true
5258.0,2017_04_SF_ARI,2017,REG,4,2017-10-01,ARI,SF,ARI,SF,home,5.0,,0.0,35.0,144.0,144.0,144.0,12.0,15.0,-3.0,1.0,2.0,0.33754405,0.33754405,0.0,0.0,0.0,0.0,closed,,,0.0,,65.0,0.0,0.0,0.0,0.0,0.0,27.0,5258.0,GO,false,,true,false
5273.0,2017_04_SF_ARI,2017,REG,4,2017-10-01,ARI,SF,ARI,SF,home,5.0,1.0,10.0,75.0,144.0,144.0,144.0,12.0,15.0,-3.0,1.0,2.0,0.33754405,0.33754405,0.038387068,0.34586957,0.0,0.0,closed,,,0.0,,,0.0,0.0,0.0,0.0,0.0,27.0,5273.0,GO,false,,true,false
5297.0,2017_04_SF_ARI,2017,REG,4,2017-10-01,ARI,SF,ARI,SF,home,5.0,1.0,10.0,64.0,120.0,120.0,120.0,12.0,15.0,-3.0,1.0,2.0,0.37593114,0.37593114,0.08738681,0.54726195,1.0,1.0,closed,,,0.0,,,0.0,0.0,0.0,0.0,0.0,27.0,5297.0,GO,false,,true,false
5338.0,2017_04_SF_ARI,2017,REG,4,2017-10-01,ARI,SF,ARI,SF,home,5.0,1.0,10.0,53.0,115.0,115.0,115.0,12.0,15.0,-3.0,1.0,2.0,0.46331793,0.46331793,0.14733776,0.8490779,1.0,0.0,closed,,,0.0,,,0.0,0.0,0.0,0.0,0.0,27.0,5338.0,GO,false,,true,false
5350.0,2017_04_SF_ARI,2017,REG,4,2017-10-01,ARI,SF,ARI,SF,home,5.0,1.0,10.0,36.0,97.0,97.0,97.0,12.0,15.0,-3.0,1.0,2.0,0.6106557,0.6106557,0.13265413,0.7684913,1.0,1.0,closed,,,0.0,,,0.0,0.0,0.0,0.0,0.0,27.0,5350.0,GO,false,,true,false
5387.0,2017_04_SF_ARI,2017,REG,4,2017-10-01,ARI,SF,ARI,SF,home,5.0,1.0,10.0,25.0,77.0,77.0,77.0,12.0,15.0,-3.0,1.0,2.0,0.74330986,0.74330986,-0.015525632,-0.32598132,1.0,1.0,closed,,,0.0,,,0.0,0.0,0.0,0.0,0.0,27.0,5387.0,GO,false,,true,false
5409.0,2017_04_SF_ARI,2017,REG,4,2017-10-01,ARI,SF,ARI,SF,home,5.0,2.0,10.0,25.0,70.0,70.0,70.0,12.0,15.0,-3.0,1.0,2.0,0.7277842,0.7277842,-0.13141939,-1.0551066,1.0,0.0,closed,,,0.0,,,0.0,0.0,0.0,0.0,0.0,27.0,5409.0,GO,false,,true,false
5474.0,2017_04_SF_ARI,2017,REG,4,2017-10-01,ARI,SF,ARI,SF,home,5.0,2.0,20.0,35.0,65.0,65.0,65.0,12.0,15.0,-3.0,1.0,2.0,0.5963648,0.5963648,0.12245952,1.1577009,1.0,0.0,closed,,,0.0,,,0.0,0.0,0.0,0.0,0.0,27.0,5474.0,GO,false,,true,false
5507.0,2017_04_SF_ARI,2017,REG,4,2017-10-01,ARI,SF,ARI,SF,home,5.0,1.0,10.0,27.0,59.0,59.0,59.0,12.0,15.0,-3.0,1.0,2.0,0.7188243,0.7188243,0.07326879,0.5452194,1.0,0.0,closed,,,0.0,,,0.0,0.0,0.0,0.0,0.0,27.0,5507.0,GO,false,,true,false
5531.0,2017_04_SF_ARI,2017,REG,4,2017-10-01,ARI,SF,ARI,SF,home,5.0,2.0,2.0,19.0,38.0,38.0,38.0,12.0,15.0,-3.0,1.0,2.0,0.79209316,0.79209316,0.20790687,2.9777577,1.0,1.0,closed,,,0.0,,,0.0,0.0,0.0,0.0,0.0,27.0,5531.0,GO,false,,true,false
5551.0,2017_04_SF_ARI,2017,REG,4,2017-10-01,ARI,SF,ARI,SF,home,5.0,,0.0,,32.0,32.0,32.0,18.0,15.0,3.0,1.0,2.0,,,,,0.0,0.0,closed,,,,,,,,,0.0,0.0,27.0,5551.0,GO,,,true,false
4369.0,2017_06_CHI_BAL,2017,REG,6,2017-10-15,BAL,CHI,CHI,BAL,away,5.0,,0.0,35.0,600.0,600.0,600.0,24.0,24.0,0.0,2.0,2.0,0.48627377,0.48627377,-0.0,-0.26581007,0.0,0.0,outdoors,69.0,7.0,0.0,,68.0,0.0,0.0,0.0,0.0,0.0,29.0,4369.0,GO,false,,false,true
4404.0,2017_06_CHI_BAL,2017,REG,6,2017-10-15,BAL,CHI,CHI,BAL,away,5.0,1.0,10.0,80.0,595.0,595.0,595.0,24.0,24.0,0.0,2.0,2.0,0.48627377,0.48627377,0.04402168,0.4659009,0.0,0.0,outdoors,69.0,7.0,0.0,,,0.0,0.0,0.0,0.0,0.0,29.0,4404.0,GO,false,,false,true
4430.0,2017_06_CHI_BAL,2017,REG,6,2017-10-15,BAL,CHI,CHI,BAL,away,5.0,1.0,10.0,70.0,558.0,558.0,558.0,24.0,24.0,0.0,2.0,2.0,0.53029543,0.53029543,-0.083183944,-0.8117741,0.0,0.0,outdoors,69.0,7.0,0.0,,,0.0,0.0,0.0,0.0,0.0,29.0,4430.0,GO,false,,false,true
4462.0,2017_06_CHI_BAL,2017,REG,6,2017-10-15,BAL,CHI,CHI,BAL,away,5.0,1.0,20.0,80.0,538.0,538.0,538.0,24.0,24.0,0.0,2.0,2.0,0.4471115,0.4471115,-0.13059069,-1.1422032,1.0,0.0,outdoors,69.0,7.0,0.0,,,0.0,0.0,0.0,0.0,0.0,29.0,4462.0,GO,false,,false,true
4481.0,2017_06_CHI_BAL,2017,REG,6,2017-10-15,BAL,CHI,CHI,BAL,away,5.0,2.0,26.0,86.0,493.0,493.0,493.0,24.0,24.0,0.0,2.0,2.0,0.3165208,0.3165208,0.024117865,0.19770484,1.0,0.0,outdoors,69.0,7.0,0.0,,,0.0,0.0,0.0,0.0,0.0,29.0,4481.0,GO,false,,false,true
4505.0,2017_06_CHI_BAL,2017,REG,6,2017-10-15,BAL,CHI,CHI,BAL,away,5.0,3.0,17.0,77.0,453.0,453.0,453.0,24.0,24.0,0.0,2.0,2.0,0.34063867,0.34063867,-0.050236676,-0.30013385,1.0,0.0,outdoors,69.0,7.0,0.0,,,0.0,0.0,0.0,0.0,0.0,29.0,4505.0,GO,false,,false,true
4531.0,2017_06_CHI_BAL,2017,REG,6,2017-10-15,BAL,CHI,CHI,BAL,away,5.0,4.0,8.0,68.0,428.0,428.0,428.0,24.0,24.0,0.0,2.0,2.0,0.290402,0.290402,0.13110848,-1.1173477,0.0,0.0,outdoors,69.0,7.0,0.0,,28.0,1.0,0.0,0.0,0.0,0.0,29.0,4531.0,PUNT,false,,false,true
4549.0,2017_06_CHI_BAL,2017,REG,6,2017-10-15,BAL,CHI,BAL,CHI,home,5.0,1.0,10.0,60.0,424.0,424.0,424.0,24.0,24.0,0.0,2.0,2.0,0.57848954,0.57848954,0.01368699,0.27824575,0.0,0.0,outdoors,69.0,7.0,0.0,,,0.0,0.0,0.0,0.0,0.0,30.0,4549.0,GO,false,,true,false
4570.0,2017_06_CHI_BAL,2017,REG,6,2017-10-15,BAL,CHI,BAL,CHI,home,5.0,2.0,4.0,54.0,392.0,392.0,392.0,24.0,24.0,0.0,2.0,2.0,0.5921765,0.5921765,-0.042610623,-0.39924023,0.0,0.0,outdoors,69.0,7.0,0.0,,,0.0,0.0,0.0,0.0,0.0,30.0,4570.0,GO,false,,true,false
4592.0,2017_06_CHI_BAL,2017,REG,6,2017-10-15,BAL,CHI,BAL,CHI,home,5.0,3.0,2.0,52.0,353.0,353.0,353.0,24.0,24.0,0.0,2.0,2.0,0.5495659,0.5495659,-0.17059389,-1.5670421,0.0,0.0,outdoors,69.0,7.0,0.0,,,0.0,0.0,0.0,0.0,0.0,30.0,4592.0,GO,false,,true,false
4614.0,2017_06_CHI_BAL,2017,REG,6,2017-10-15,BAL,CHI,BAL,CHI,home,5.0,4.0,2.0,52.0,348.0,348.0,348.0,24.0,24.0,0.0,2.0,2.0,0.378972,0.378972,0.29521513,-0.12032125,0.0,0.0,outdoors,69.0,7.0,0.0,,45.0,1.0,0.0,0.0,0.0,0.0,30.0,4614.0,PUNT,false,,true,false
4633.0,2017_06_CHI_BAL,2017,REG,6,2017-10-15,BAL,CHI,CHI,BAL,away,5.0,1.0,10.0,93.0,340.0,340.0,340.0,24.0,24.0,0.0,2.0,2.0,0.32581285,0.32581285,0.38330197,3.369354,0.0,0.0,outdoors,69.0,7.0,0.0,,,0.0,0.0,0.0,0.0,0.0,31.0,4633.0,GO,false,,false,false
4654.0,2017_06_CHI_BAL,2017,REG,6,2017-10-15,BAL,CHI,CHI,BAL,away,5.0,1.0,10.0,40.0,309.0,309.0,309.0,24.0,24.0,0.0,2.0,2.0,0.70911485,0.70911485,-0.07535807,-0.7654327,0.0,1.0,outdoors,69.0,7.0,0.0,,,0.0,0.0,0.0,0.0,0.0,31.0,4654.0,GO,false,,false,false
4675.0,2017_06_CHI_BAL,2017,REG,6,2017-10-15,BAL,CHI,CHI,BAL,away,5.0,2.0,11.0,41.0,309.0,309.0,309.0,24.0,24.0,0.0,2.0,2.0,0.63375676,0.63375676,-0.10818545,-0.82301134,0.0,0.0,outdoors,69.0,7.0,0.0,,,0.0,0.0,0.0,0.0,0.0,31.0,4675.0,GO,false,,false,false
4697.0,2017_06_CHI_BAL,2017,REG,6,2017-10-15,BAL,CHI,CHI,BAL,away,5.0,3.0,11.0,41.0,266.0,266.0,266.0,24.0,24.0,0.0,2.0,2.0,0.52557135,0.52557135,0.29346144,2.3735626,1.0,0.0,outdoors,69.0,7.0,0.0,,,0.0,0.0,0.0,0.0,0.0,31.0,4697.0,GO,false,,false,false
4721.0,2017_06_CHI_BAL,2017,REG,6,2017-10-15,BAL,CHI,CHI,BAL,away,5.0,1.0,10.0,23.0,223.0,223.0,223.0,24.0,24.0,0.0,2.0,2.0,0.8190328,0.8190328,-0.05113664,-0.7945338,0.0,0.0,outdoors,69.0,7.0,0.0,,,0.0,0.0,0.0,0.0,0.0,31.0,4721.0,GO,false,,false,false
4742.0,2017_06_CHI_BAL,2017,REG,6,2017-10-15,BAL,CHI,CHI,BAL,away,5.0,2.0,12.0,25.0,180.0,180.0,180.0,24.0,24.0,0.0,2.0,2.0,0.7678961,0.7678961,-0.00989451,-0.32734406,0.0,0.0,outdoors,69.0,7.0,0.0,,,0.0,0.0,0.0,0.0,0.0,31.0,4742.0,GO,false,,false,false
4763.0,2017_06_CHI_BAL,2017,REG,6,2017-10-15,BAL,CHI,CHI,BAL,away,5.0,3.0,11.0,24.0,136.0,136.0,136.0,24.0,24.0,0.0,2.0,2.0,0.7580016,0.7580016,0.109764256,-0.4555991,0.0,0.0,outdoors,69.0,7.0,0.0,,,0.0,0.0,0.0,0.0,0.0,31.0,4763.0,GO,false,,false,false
4801.0,2017_06_CHI_BAL,2017,REG,6,2017-10-15,BAL,CHI,CHI,BAL,away,5.0,4.0,9.0,22.0,131.0,131.0,131.0,24.0,24.0,0.0,2.0,1.0,0.8677659,0.8677659,0.13223413,0.61660784,0.0,0.0,outdoors,69.0,7.0,1.0,made,40.0,0.0,0.0,0.0,0.0,0.0,31.0,4801.0,FG,false,true,false,false
4820.0,2017_06_CHI_BAL,2017,REG,6,2017-10-15,BAL,CHI,BAL,CHI,home,5.0,,0.0,,126.0,126.0,126.0,24.0,27.0,-3.0,1.0,2.0,,,,,0.0,0.0,outdoors,69.0,7.0,,,,,,,0.0,0.0,32.0,4820.0,GO,,,true,false
4439.0,2017_10_LAC_JAX,2017,REG,10,2017-11-12,JAX,LAC,JAX,LAC,home,5.0,,0.0,35.0,600.0,600.0,600.0,17.0,17.0,0.0,2.0,2.0,0.5495711,0.5495711,0.0,0.22449355,0.0,0.0,outdoors,76.0,5.0,0.0,,64.0,0.0,0.0,0.0,0.0,0.0,31.0,4439.0,GO,false,,true,true
4461.0,2017_10_LAC_JAX,2017,REG,10,2017-11-12,JAX,LAC,JAX,LAC,home,5.0,1.0,10.0,71.0,591.0,591.0,591.0,17.0,17.0,0.0,2.0,2.0,0.5495711,0.5495711,-0.027278287,-0.22867252,0.0,0.0,outdoors,76.0,5.0,0.0,,,0.0,0.0,0.0,0.0,0.0,31.0,4461.0,GO,false,,true,true
4482.0,2017_10_LAC_JAX,2017,REG,10,2017-11-12,JAX,LAC,JAX,LAC,home,5.0,2.0,6.0,67.0,558.0,558.0,558.0,17.0,17.0,0.0,2.0,2.0,0.5222928,0.5222928,0.09446507,0.8965306,1.0,0.0,outdoors,76.0,5.0,0.0,,,0.0,0.0,0.0,0.0,0.0,31.0,4482.0,GO,false,,true,true
4506.0,2017_10_LAC_JAX,2017,REG,10,2017-11-12,JAX,LAC,JAX,LAC,home,5.0,1.0,10.0,59.0,526.0,526.0,526.0,17.0,17.0,0.0,2.0,2.0,0.61675787,0.61675787,0.058683477,0.72390103,1.0,0.0,outdoors,76.0,5.0,0.0,,,0.0,0.0,0.0,0.0,0.0,31.0,4506.0,GO,false,,true,true
4530.0,2017_10_LAC_JAX,2017,REG,10,2017-11-12,JAX,LAC,JAX,LAC,home,5.0,2.0,1.0,50.0,488.0,488.0,488.0,17.0,17.0,0.0,2.0,2.0,0.6754414,0.6754414,-0.049478143,-0.4755919,1.0,0.0,outdoors,76.0,5.0,0.0,,,0.0,0.0,0.0,0.0,0.0,31.0,4530.0,GO,false,,true,true
4552.0,2017_10_LAC_JAX,2017,REG,10,2017-11-12,JAX,LAC,JAX,LAC,home,5.0,3.0,1.0,50.0,482.0,482.0,482.0,17.0,17.0,0.0,2.0,2.0,0.6259632,0.6259632,0.0381568,0.37355408,0.0,0.0,outdoors,76.0,5.0,0.0,,,0.0,0.0,0.0,0.0,0.0,31.0,4552.0,GO,false,,true,true
4573.0,2017_10_LAC_JAX,2017,REG,10,2017-11-12,JAX,LAC,JAX,LAC,home,5.0,1.0,10.0,49.0,442.0,442.0,442.0,17.0,17.0,0.0,2.0,2.0,0.66412,0.66412,-0.046643455,-0.35490534,0.0,0.0,outdoors,76.0,5.0,0.0,,,0.0,0.0,0.0,0.0,0.0,31.0,4573.0,GO,false,,true,true
4594.0,2017_10_LAC_JAX,2017,REG,10,2017-11-12,JAX,LAC,JAX,LAC,home,5.0,2.0,8.0,47.0,397.0,397.0,397.0,17.0,17.0,0.0,2.0,2.0,0.6174766,0.6174766,-0.072545886,-0.68341374,1.0,0.0,outdoors,76.0,5.0,0.0,,,0.0,0.0,0.0,0.0,0.0,31.0,4594.0,GO,false,,true,true
4616.0,2017_10_LAC_JAX,2017,REG,10,2017-11-12,JAX,LAC,JAX,LAC,home,5.0,3.0,8.0,47.0,390.0,390.0,390.0,17.0,17.0,0.0,2.0,2.0,0.5449307,0.5449307,-0.17155738,-1.5282208,1.0,0.0,outdoors,76.0,5.0,0.0,,,0.0,0.0,0.0,0.0,0.0,31.0,4616.0,GO,false,,true,true
4649.0,2017_10_LAC_JAX,2017,REG,10,2017-11-12,JAX,LAC,JAX,LAC,home,5.0,4.0,8.0,47.0,382.0,382.0,382.0,17.0,17.0,0.0,2.0,2.0,0.3733733,0.3733733,0.2754813,-0.11861252,0.0,0.0,outdoors,76.0,5.0,0.0,,37.0,1.0,0.0,0.0,0.0,0.0,31.0,4649.0,PUNT,false,,true,true
4676.0,2017_10_LAC_JAX,2017,REG,10,2017-11-12,JAX,LAC,LAC,JAX,away,5.0,1.0,10.0,90.0,374.0,374.0,374.0,17.0,17.0,0.0,2.0,2.0,0.3511454,0.3511454,-0.045079093,-0.4464292,1.0,0.0,outdoors,76.0,5.0,0.0,,,0.0,0.0,0.0,0.0,0.0,32.0,4676.0,GO,false,,false,false
4700.0,2017_10_LAC_JAX,2017,REG,10,2017-11-12,JAX,LAC,LAC,JAX,away,5.0,2.0,9.0,89.0,337.0,337.0,337.0,17.0,17.0,0.0,2.0,2.0,0.3060663,0.3060663,-0.044821527,-0.5092653,0.0,0.0,outdoors,76.0,5.0,0.0,,,0.0,0.0,0.0,0.0,0.0,32.0,4700.0,GO,false,,false,false
4722.0,2017_10_LAC_JAX,2017,REG,10,2017-11-12,JAX,LAC,LAC,JAX,away,5.0,3.0,9.0,89.0,331.0,331.0,331.0,17.0,17.0,0.0,2.0,2.0,0.26124477,0.26124477,-0.1488089,-3.6513276,1.0,0.0,outdoors,76.0,5.0,0.0,,,0.0,0.0,0.0,0.0,0.0,32.0,4722.0,GO,false,,false,false
4769.0,2017_10_LAC_JAX,2017,REG,10,2017-11-12,JAX,LAC,JAX,LAC,home,5.0,1.0,10.0,17.0,311.0,311.0,311.0,17.0,17.0,0.0,2.0,2.0,0.8875641,0.8875641,-0.020377012,-0.4776118,0.0,0.0,outdoors,76.0,5.0,0.0,,,0.0,0.0,0.0,0.0,0.0,33.0,4769.0,GO,false,,true,false
4790.0,2017_10_LAC_JAX,2017,REG,10,2017-11-12,JAX,LAC,JAX,LAC,home,5.0,2.0,9.0,16.0,279.0,279.0,279.0,17.0,17.0,0.0,2.0,2.0,0.8671871,0.8671871,-0.02261388,-0.6567358,0.0,0.0,outdoors,76.0,5.0,0.0,,,0.0,0.0,0.0,0.0,0.0,33.0,4790.0,GO,false,,true,false
4811.0,2017_10_LAC_JAX,2017,REG,10,2017-11-12,JAX,LAC,JAX,LAC,home,5.0,3.0,8.0,15.0,234.0,234.0,234.0,17.0,17.0,0.0,2.0,2.0,0.8445732,0.8445732,-0.0064617004,-0.9397884,0.0,0.0,outdoors,76.0,5.0,0.0,,,0.0,0.0,0.0,0.0,0.0,33.0,4811.0,GO,false,,true,false
4855.0,2017_10_LAC_JAX,2017,REG,10,2017-11-12,JAX,LAC,JAX,LAC,home,5.0,4.0,10.0,17.0,197.0,197.0,197.0,17.0,17.0,0.0,2.0,1.0,0.8381115,0.8381115,0.12506089,0.27837443,0.0,0.0,outdoors,76.0,5.0,0.0,,,0.0,0.0,0.0,0.0,0.0,33.0,4855.0,GO,false,,true,false
4894.0,2017_10_LAC_JAX,2017,REG,10,2017-11-12,JAX,LAC,JAX,LAC,home,5.0,4.0,5.0,12.0,197.0,197.0,197.0,17.0,17.0,0.0,2.0,1.0,0.96317244,0.96317244,0.03682759,0.1672826,0.0,0.0,outdoors,76.0,5.0,1.0,made,30.0,0.0,0.0,0.0,0.0,0.0,33.0,4894.0,FG,false,true,true,false
4913.0,2017_10_LAC_JAX,2017,REG,10,2017-11-12,JAX,LAC,JAX,LAC,home,5.0,,0.0,,192.0,192.0,192.0,20.0,17.0,3.0,2.0,1.0,,,,,0.0,0.0,outdoors,76.0,5.0,,,,,,,0.0,0.0,33.0,4913.0,GO,,,true,false
4612.0,2016_16_MIA_BUF,2016,REG,16,2016-12-24,BUF,MIA,BUF,MIA,home,5.0,,0.0,35.0,900.0,900.0,900.0,31.0,31.0,0.0,2.0,2.0,0.57760125,0.57760125,0.0,0.0,0.0,0.0,outdoors,38.0,13.0,0.0,,65.0,0.0,0.0,0.0,0.0,0.0,24.0,4612.0,GO,false,,true,true
4633.0,2016_16_MIA_BUF,2016,REG,16,2016-12-24,BUF,MIA,BUF,MIA,home,5.0,1.0,10.0,75.0,900.0,900.0,900.0,31.0,31.0,0.0,2.0,2.0,0.57760125,0.57760125,-0.107913,-1.0424625,1.0,0.0,outdoors,38.0,13.0,0.0,,,0.0,0.0,0.0,0.0,0.0,24.0,4633.0,GO,false,,true,true
4655.0,2016_16_MIA_BUF,2016,REG,16,2016-12-24,BUF,MIA,BUF,MIA,home,5.0,2.0,12.0,77.0,867.0,867.0,867.0,31.0,31.0,0.0,2.0,2.0,0.46968824,0.46968824,0.120058395,1.3688225,1.0,0.0,outdoors,38.0,13.0,0.0,,,0.0,0.0,0.0,0.0,0.0,24.0,4655.0,GO,false,,true,true
4684.0,2016_16_MIA_BUF,2016,REG,16,2016-12-24,BUF,MIA,BUF,MIA,home,5.0,3.0,1.0,66.0,829.0,829.0,829.0,31.0,31.0,0.0,2.0,2.0,0.58974665,0.58974665,0.029880896,0.231477,0.0,0.0,outdoors,38.0,13.0,0.0,,,0.0,0.0,0.0,0.0,0.0,24.0,4684.0,GO,false,,true,true
4706.0,2016_16_MIA_BUF,2016,REG,16,2016-12-24,BUF,MIA,BUF,MIA,home,5.0,1.0,10.0,65.0,796.0,796.0,796.0,31.0,31.0,0.0,2.0,2.0,0.61962754,0.61962754,0.24172923,2.1885514,0.0,0.0,outdoors,38.0,13.0,0.0,,,0.0,0.0,0.0,0.0,0.0,24.0,4706.0,GO,false,,true,true
4728.0,2016_16_MIA_BUF,2016,REG,16,2016-12-24,BUF,MIA,BUF,MIA,home,5.0,1.0,10.0,30.0,760.0,760.0,760.0,31.0,31.0,0.0,2.0,2.0,0.86135674,0.86135674,-0.032279193,-0.7195295,1.0,0.0,outdoors,38.0,13.0,0.0,,,0.0,0.0,0.0,0.0,0.0,24.0,4728.0,GO,false,,true,true
4750.0,2016_16_MIA_BUF,2016,REG,16,2016-12-24,BUF,MIA,BUF,MIA,home,5.0,2.0,11.0,31.0,725.0,725.0,725.0,31.0,31.0,0.0,2.0,2.0,0.82907754,0.82907754,0.094193704,1.5620116,1.0,0.0,outdoors,38.0,13.0,0.0,,,0.0,0.0,0.0,0.0,0.0,24.0,4750.0,GO,false,,true,true
4820.0,2016_16_MIA_BUF,2016,REG,16,2016-12-24,BUF,MIA,BUF,MIA,home,5.0,1.0,10.0,17.0,691.0,691.0,691.0,31.0,31.0,0.0,2.0,2.0,0.9232713,0.9232713,-0.017581657,-0.90140206,1.0,0.0,outdoors,38.0,13.0,0.0,,,0.0,0.0,0.0,0.0,0.0,24.0,4820.0,GO,false,,true,true
4843.0,2016_16_MIA_BUF,2016,REG,16,2016-12-24,BUF,MIA,BUF,MIA,home,5.0,2.0,12.0,19.0,655.0,655.0,655.0,31.0,31.0,0.0,2.0,2.0,0.9056896,0.9056896,-0.062524445,-1.172641,0.0,0.0,outdoors,38.0,13.0,0.0,,,0.0,0.0,0.0,0.0,0.0,24.0,4843.0,GO,false,,true,true
4869.0,2016_16_MIA_BUF,2016,REG,16,2016-12-24,BUF,MIA,BUF,MIA,home,5.0,3.0,20.0,27.0,614.0,614.0,614.0,31.0,31.0,0.0,2.0,2.0,0.84316516,0.84316516,-0.016104287,-0.75906384,1.0,0.0,outdoors,38.0,13.0,0.0,,,0.0,0.0,0.0,0.0,0.0,24.0,4869.0,GO,false,,true,true
4896.0,2016_16_MIA_BUF,2016,REG,16,2016-12-24,BUF,MIA,BUF,MIA,home,5.0,4.0,20.0,27.0,608.0,608.0,608.0,31.0,31.0,0.0,2.0,2.0,0.8270609,0.8270609,-0.38975516,-3.2711613,0.0,0.0,outdoors,38.0,13.0,1.0,missed,45.0,0.0,0.0,0.0,0.0,0.0,24.0,4896.0,FG,false,false,true,true
4917.0,2016_16_MIA_BUF,2016,REG,16,2016-12-24,BUF,MIA,MIA,BUF,away,5.0,1.0,10.0,65.0,603.0,603.0,603.0,31.0,31.0,0.0,2.0,2.0,0.56269425,0.56269425,0.07756675,0.8778182,0.0,0.0,outdoors,38.0,13.0,0.0,,,0.0,0.0,0.0,0.0,0.0,25.0,4917.0,GO,false,,false,false
4939.0,2016_16_MIA_BUF,2016,REG,16,2016-12-24,BUF,MIA,MIA,BUF,away,5.0,2.0,1.0,56.0,581.0,581.0,581.0,31.0,31.0,0.0,2.0,2.0,0.640261,0.640261,0.03979811,0.25316924,1.0,0.0,outdoors,38.0,13.0,0.0,,,0.0,0.0,0.0,0.0,0.0,25.0,4939.0,GO,false,,false,false
4969.0,2016_16_MIA_BUF,2016,REG,16,2016-12-24,BUF,MIA,MIA,BUF,away,5.0,1.0,10.0,50.0,546.0,546.0,546.0,31.0,31.0,0.0,2.0,2.0,0.68005913,0.68005913,-0.04229191,-0.40013507,0.0,0.0,outdoors,38.0,13.0,0.0,,,0.0,0.0,0.0,0.0,0.0,25.0,4969.0,GO,false,,false,false
4991.0,2016_16_MIA_BUF,2016,REG,16,2016-12-24,BUF,MIA,MIA,BUF,away,5.0,2.0,8.0,48.0,509.0,509.0,509.0,31.0,31.0,0.0,2.0,2.0,0.6377672,0.6377672,-0.019995954,-0.14420535,0.0,0.0,outdoors,38.0,13.0,0.0,,,0.0,0.0,0.0,0.0,0.0,25.0,4991.0,GO,false,,false,false
5031.0,2016_16_MIA_BUF,2016,REG,16,2016-12-24,BUF,MIA,MIA,BUF,away,5.0,3.0,5.0,45.0,483.0,483.0,483.0,31.0,31.0,0.0,2.0,1.0,0.61777127,0.61777127,-0.1895804,-1.6447439,1.0,0.0,outdoors,38.0,13.0,0.0,,,0.0,0.0,0.0,0.0,0.0,25.0,5031.0,GO,false,,false,false
5058.0,2016_16_MIA_BUF,2016,REG,16,2016-12-24,BUF,MIA,MIA,BUF,away,5.0,4.0,5.0,45.0,477.0,477.0,477.0,31.0,31.0,0.0,2.0,1.0,0.4281909,0.4281909,0.22555006,-0.15193562,0.0,0.0,outdoors,38.0,13.0,0.0,,41.0,1.0,0.0,0.0,0.0,0.0,25.0,5058.0,PUNT,false,,false,false
5082.0,2016_16_MIA_BUF,2016,REG,16,2016-12-24,BUF,MIA,BUF,MIA,home,5.0,1.0,10.0,96.0,464.0,464.0,464.0,31.0,31.0,0.0,1.0,2.0,0.34625906,0.34625906,0.01168146,0.1552136,0.0,0.0,outdoors,38.0,13.0,0.0,,,0.0,0.0,0.0,0.0,0.0,26.0,5082.0,GO,false,,true,false
5104.0,2016_16_MIA_BUF,2016,REG,16,2016-12-24,BUF,MIA,BUF,MIA,home,5.0,2.0,4.0,90.0,434.0,434.0,434.0,31.0,31.0,0.0,1.0,2.0,0.35794052,0.35794052,0.02388446,0.3231701,1.0,0.0,outdoors,38.0,13.0,0.0,,,0.0,0.0,0.0,0.0,0.0,26.0,5104.0,GO,false,,true,false
5126.0,2016_16_MIA_BUF,2016,REG,16,2016-12-24,BUF,MIA,BUF,MIA,home,5.0,1.0,10.0,85.0,402.0,402.0,402.0,31.0,31.0,0.0,1.0,2.0,0.381825,0.381825,-0.0890557,-0.9894745,0.0,0.0,outdoors,38.0,13.0,0.0,,,0.0,0.0,0.0,0.0,0.0,26.0,5126.0,GO,false,,true,false
5148.0,2016_16_MIA_BUF,2016,REG,16,2016-12-24,BUF,MIA,BUF,MIA,home,5.0,2.0,13.0,88.0,367.0,367.0,367.0,31.0,31.0,0.0,1.0,2.0,0.29276928,0.29276928,-0.010636345,0.027870083,1.0,0.0,outdoors,38.0,13.0,0.0,,,0.0,0.0,0.0,0.0,0.0,26.0,5148.0,GO,false,,true,false
5170.0,2016_16_MIA_BUF,2016,REG,16,2016-12-24,BUF,MIA,BUF,MIA,home,5.0,3.0,8.0,83.0,321.0,321.0,321.0,31.0,31.0,0.0,1.0,2.0,0.28213295,0.28213295,0.16430184,2.086944,1.0,0.0,outdoors,38.0,13.0,0.0,,,0.0,0.0,0.0,0.0,0.0,26.0,5170.0,GO,false,,true,false
5199.0,2016_16_MIA_BUF,2016,REG,16,2016-12-24,BUF,MIA,BUF,MIA,home,5.0,1.0,10.0,67.0,286.0,286.0,286.0,31.0,31.0,0.0,1.0,2.0,0.4464348,0.4464348,-0.040906053,-0.3904231,1.0,0.0,outdoors,38.0,13.0,0.0,,,0.0,0.0,0.0,0.0,0.0,26.0,5199.0,GO,false,,true,false
5225.0,2016_16_MIA_BUF,2016,REG,16,2016-12-24,BUF,MIA,BUF,MIA,home,5.0,2.0,9.0,66.0,260.0,260.0,260.0,31.0,31.0,0.0,1.0,2.0,0.40552872,0.40552872,0.021982897,0.22578698,1.0,0.0,outdoors,38.0,13.0,0.0,,,0.0,0.0,0.0,0.0,0.0,26.0,5225.0,GO,false,,true,false
5258.0,2016_16_MIA_BUF,2016,REG,16,2016-12-24,BUF,MIA,BUF,MIA,home,5.0,3.0,2.0,59.0,253.0,253.0,253.0,31.0,31.0,0.0,1.0,2.0,0.42751163,0.42751163,-0.15375037,-1.2716434,1.0,0.0,outdoors,38.0,13.0,0.0,,,0.0,0.0,0.0,0.0,0.0,26.0,5258.0,GO,false,,true,false
5285.0,2016_16_MIA_BUF,2016,REG,16,2016-12-24,BUF,MIA,BUF,MIA,home,5.0,4.0,2.0,59.0,249.0,249.0,249.0,31.0,31.0,0.0,1.0,2.0,0.27376127,0.27376127,0.4134341,-0.36222526,0.0,0.0,outdoors,38.0,13.0,0.0,,44.0,1.0,0.0,0.0,0.0,0.0,26.0,5285.0,PUNT,false,,true,false
5305.0,2016_16_MIA_BUF,2016,REG,16,2016-12-24,BUF,MIA,MIA,BUF,away,5.0,1.0,10.0,85.0,240.0,240.0,240.0,31.0,31.0,0.0,2.0,1.0,0.31280467,0.31280467,0.43287823,3.1619487,1.0,0.0,outdoors,38.0,13.0,0.0,,,0.0,0.0,0.0,0.0,0.0,27.0,5305.0,GO,false,,false,false
5327.0,2016_16_MIA_BUF,2016,REG,16,2016-12-24,BUF,MIA,MIA,BUF,away,5.0,1.0,10.0,28.0,192.0,192.0,192.0,31.0,31.0,0.0,2.0,1.0,0.7456829,0.7456829,0.033617314,0.39874697,1.0,0.0,outdoors,38.0,13.0,0.0,,,0.0,0.0,0.0,0.0,0.0,27.0,5327.0,GO,false,,false,false
5349.0,2016_16_MIA_BUF,2016,REG,16,2016-12-24,BUF,MIA,MIA,BUF,away,5.0,2.0,2.0,20.0,159.0,159.0,159.0,31.0,31.0,0.0,2.0,1.0,0.7793002,0.7793002,0.031022012,0.355863,0.0,0.0,outdoors,38.0,13.0,0.0,,,0.0,0.0,0.0,0.0,0.0,27.0,5349.0,GO,false,,false,false
5389.0,2016_16_MIA_BUF,2016,REG,16,2016-12-24,BUF,MIA,MIA,BUF,away,5.0,1.0,10.0,17.0,120.0,120.0,120.0,31.0,31.0,0.0,2.0,1.0,0.8103222,0.8103222,0.021992706,-0.043055657,0.0,0.0,outdoors,38.0,13.0,0.0,,,0.0,0.0,0.0,0.0,0.0,27.0,5389.0,GO,false,,false,false
5412.0,2016_16_MIA_BUF,2016,REG,16,2016-12-24,BUF,MIA,MIA,BUF,away,5.0,2.0,6.0,13.0,115.0,115.0,115.0,31.0,31.0,0.0,2.0,1.0,0.8323149,0.8323149,0.027461236,0.73290473,0.0,0.0,outdoors,38.0,13.0,0.0,,,0.0,0.0,0.0,0.0,0.0,27.0,5412.0,GO,false,,false,false
5459.0,2016_16_MIA_BUF,2016,REG,16,2016-12-24,BUF,MIA,MIA,BUF,away,5.0,1.0,7.0,7.0,96.0,96.0,96.0,31.0,31.0,0.0,1.0,1.0,0.85977614,0.85977614,,-2.040715,0.0,0.0,outdoors,38.0,13.0,0.0,,,0.0,0.0,0.0,0.0,1.0,27.0,5459.0,GO,false,,false,false
5523.0,2016_16_MIA_BUF,2016,REG,16,2016-12-24,BUF,MIA,MIA,BUF,away,5.0,2.0,8.0,8.0,51.0,51.0,51.0,31.0,31.0,0.0,0.0,1.0,0.97514665,0.97514665,0.024853343,0.08061292,0.0,0.0,outdoors,38.0,13.0,1.0,made,27.0,0.0,0.0,0.0,0.0,0.0,27.0,5523.0,FG,false,true,false,false
5542.0,2016_16_MIA_BUF,2016,REG,16,2016-12-24,BUF,MIA,BUF,MIA,home,5.0,,0.0,,,,,31.0,34.0,-3.0,1.0,0.0,,,,,0.0,0.0,outdoors,38.0,13.0,,,,,,,0.0,0.0,28.0,5542.0,GO,,,true,false
5556.0,2016_16_MIA_BUF,2016,REG,16,2016-12-24,BUF,MIA,BUF,MIA,home,5.0,,0.0,,47.0,47.0,47.0,31.0,34.0,-3.0,1.0,0.0,,,,,0.0,0.0,outdoors,38.0,13.0,,,,,,,0.0,0.0,28.0,5556.0,GO,,,true,false
4000.0,2016_17_CLE_PIT,2016,REG,17,2017-01-01,PIT,CLE,CLE,PIT,away,5.0,,0.0,35.0,900.0,900.0,900.0,21.0,21.0,0.0,2.0,2.0,0.51101756,0.51101756,-0.0,-0.3865054,0.0,0.0,outdoors,41.0,1.0,0.0,,70.0,0.0,0.0,0.0,0.0,0.0,26.0,4000.0,GO,false,,false,true
4022.0,2016_17_CLE_PIT,2016,REG,17,2017-01-01,PIT,CLE,CLE,PIT,away,5.0,1.0,10.0,81.0,896.0,896.0,896.0,21.0,21.0,0.0,2.0,2.0,0.51101756,0.51101756,0.05983314,0.73376983,1.0,0.0,outdoors,41.0,1.0,0.0,,,0.0,0.0,0.0,0.0,0.0,26.0,4022.0,GO,false,,false,true
4046.0,2016_17_CLE_PIT,2016,REG,17,2017-01-01,PIT,CLE,CLE,PIT,away,5.0,2.0,1.0,72.0,871.0,871.0,871.0,21.0,21.0,0.0,2.0,2.0,0.5708507,0.5708507,0.005928588,-0.010935908,1.0,0.0,outdoors,41.0,1.0,0.0,,,0.0,0.0,0.0,0.0,0.0,26.0,4046.0,GO,false,,false,true
4067.0,2016_17_CLE_PIT,2016,REG,17,2017-01-01,PIT,CLE,CLE,PIT,away,5.0,1.0,10.0,69.0,834.0,834.0,834.0,21.0,21.0,0.0,2.0,2.0,0.5767793,0.5767793,-0.04705512,-0.48360607,0.0,0.0,outdoors,41.0,1.0,0.0,,,0.0,0.0,0.0,0.0,0.0,26.0,4067.0,GO,false,,false,true
4089.0,2016_17_CLE_PIT,2016,REG,17,2017-01-01,PIT,CLE,CLE,PIT,away,5.0,2.0,10.0,69.0,830.0,830.0,830.0,21.0,21.0,0.0,2.0,2.0,0.5297242,0.5297242,0.07121591,0.815132,1.0,0.0,outdoors,41.0,1.0,0.0,,,0.0,0.0,0.0,0.0,0.0,26.0,4089.0,GO,false,,false,true
4113.0,2016_17_CLE_PIT,2016,REG,17,2017-01-01,PIT,CLE,CLE,PIT,away,5.0,3.0,1.0,60.0,791.0,791.0,791.0,21.0,21.0,0.0,2.0,2.0,0.60094005,0.60094005,0.11236298,1.0721089,0.0,0.0,outdoors,41.0,1.0,0.0,,,0.0,0.0,0.0,0.0,0.0,26.0,4113.0,GO,false,,false,true
4134.0,2016_17_CLE_PIT,2016,REG,17,2017-01-01,PIT,CLE,CLE,PIT,away,5.0,1.0,10.0,49.0,756.0,756.0,756.0,21.0,21.0,0.0,2.0,2.0,0.713303,0.713303,0.06626402,0.6270211,1.0,0.0,outdoors,41.0,1.0,0.0,,,0.0,0.0,0.0,0.0,0.0,26.0,4134.0,GO,false,,false,true
4158.0,2016_17_CLE_PIT,2016,REG,17,2017-01-01,PIT,CLE,CLE,PIT,away,5.0,1.0,10.0,39.0,718.0,718.0,718.0,21.0,21.0,0.0,2.0,2.0,0.77956706,0.77956706,0.061368648,0.61477846,1.0,0.0,outdoors,41.0,1.0,0.0,,,0.0,0.0,0.0,0.0,0.0,26.0,4158.0,GO,false,,false,true
4185.0,2016_17_CLE_PIT,2016,REG,17,2017-01-01,PIT,CLE,CLE,PIT,away,5.0,2.0,1.0,30.0,689.0,689.0,689.0,21.0,21.0,0.0,2.0,2.0,0.8409357,0.8409357,0.059824944,0.52844256,1.0,0.0,outdoors,41.0,1.0,0.0,,,0.0,0.0,0.0,0.0,0.0,26.0,4185.0,GO,false,,false,true
4206.0,2016_17_CLE_PIT,2016,REG,17,2017-01-01,PIT,CLE,CLE,PIT,away,5.0,1.0,10.0,22.0,655.0,655.0,655.0,21.0,21.0,0.0,2.0,2.0,0.90076065,0.90076065,-0.030313093,-0.69446045,1.0,0.0,outdoors,41.0,1.0,0.0,,,0.0,0.0,0.0,0.0,0.0,26.0,4206.0,GO,false,,false,true
4229.0,2016_17_CLE_PIT,2016,REG,17,2017-01-01,PIT,CLE,CLE,PIT,away,5.0,1.0,15.0,27.0,633.0,633.0,633.0,21.0,21.0,0.0,2.0,2.0,0.8704476,0.8704476,-0.0030942573,-0.2718643,1.0,0.0,outdoors,41.0,1.0,0.0,,,0.0,0.0,0.0,0.0,0.0,26.0,4229.0,GO,false,,false,true
4250.0,2016_17_CLE_PIT,2016,REG,17,2017-01-01,PIT,CLE,CLE,PIT,away,5.0,2.0,13.0,25.0,594.0,594.0,594.0,21.0,21.0,0.0,2.0,2.0,0.8673533,0.8673533,0.043322653,0.889446,1.0,0.0,outdoors,41.0,1.0,0.0,,,0.0,0.0,0.0,0.0,0.0,26.0,4250.0,GO,false,,false,true
4274.0,2016_17_CLE_PIT,2016,REG,17,2017-01-01,PIT,CLE,CLE,PIT,away,5.0,3.0,2.0,14.0,559.0,559.0,559.0,21.0,21.0,0.0,2.0,2.0,0.91067594,0.91067594,0.028330926,0.8323489,1.0,0.0,outdoors,41.0,1.0,0.0,,,0.0,0.0,0.0,0.0,0.0,26.0,4274.0,GO,false,,false,true
4330.0,2016_17_CLE_PIT,2016,REG,17,2017-01-01,PIT,CLE,CLE,PIT,away,5.0,1.0,9.0,9.0,556.0,556.0,556.0,21.0,21.0,0.0,2.0,1.0,0.9390069,0.9390069,-0.008745708,-0.52864325,1.0,0.0,outdoors,41.0,1.0,0.0,,,0.0,0.0,0.0,0.0,0.0,26.0,4330.0,GO,false,,false,true
4351.0,2016_17_CLE_PIT,2016,REG,17,2017-01-01,PIT,CLE,CLE,PIT,away,5.0,2.0,9.0,9.0,517.0,517.0,517.0,21.0,21.0,0.0,2.0,1.0,0.9302612,0.9302612,-0.0071213804,-0.71128166,1.0,0.0,outdoors,41.0,1.0,0.0,,,0.0,0.0,0.0,0.0,0.0,26.0,4351.0,GO,false,,false,true
4377.0,2016_17_CLE_PIT,2016,REG,17,2017-01-01,PIT,CLE,CLE,PIT,away,5.0,3.0,9.0,9.0,513.0,513.0,513.0,21.0,21.0,0.0,2.0,1.0,0.9231398,0.9231398,0.03643911,2.3735003,1.0,0.0,outdoors,41.0,1.0,0.0,,,0.0,0.0,0.0,0.0,0.0,26.0,4377.0,GO,false,,false,true
4412.0,2016_17_CLE_PIT,2016,REG,17,2017-01-01,PIT,CLE,CLE,PIT,away,5.0,1.0,2.0,2.0,504.0,504.0,504.0,21.0,21.0,0.0,2.0,1.0,0.95957893,0.95957893,-0.012502263,-0.43494102,0.0,0.0,outdoors,41.0,1.0,0.0,,,0.0,0.0,0.0,0.0,0.0,26.0,4412.0,GO,false,,false,true
4440.0,2016_17_CLE_PIT,2016,REG,17,2017-01-01,PIT,CLE,CLE,PIT,away,5.0,2.0,2.0,2.0,499.0,499.0,499.0,21.0,21.0,0.0,2.0,1.0,0.9470767,0.9470767,-0.04716216,-2.6354105,1.0,0.0,outdoors,41.0,1.0,0.0,,,0.0,0.0,0.0,0.0,0.0,26.0,4440.0,GO,false,,false,true
4481.0,2016_17_CLE_PIT,2016,REG,17,2017-01-01,PIT,CLE,CLE,PIT,away,5.0,3.0,16.0,16.0,449.0,449.0,449.0,21.0,21.0,0.0,1.0,1.0,0.8999145,0.8999145,0.0435277,-0.4213401,1.0,0.0,outdoors,41.0,1.0,0.0,,,0.0,0.0,0.0,0.0,0.0,26.0,4481.0,GO,false,,false,true
4507.0,2016_17_CLE_PIT,2016,REG,17,2017-01-01,PIT,CLE,CLE,PIT,away,5.0,4.0,16.0,16.0,441.0,441.0,441.0,21.0,21.0,0.0,1.0,1.0,0.94344217,0.94344217,-0.44372493,0.32397547,0.0,0.0,outdoors,41.0,1.0,1.0,made,34.0,0.0,0.0,0.0,0.0,0.0,26.0,4507.0,FG,false,true,false,true
4526.0,2016_17_CLE_PIT,2016,REG,17,2017-01-01,PIT,CLE,PIT,CLE,home,5.0,,0.0,35.0,437.0,437.0,437.0,21.0,24.0,-3.0,1.0,1.0,0.50028276,0.50028276,0.0,0.0,0.0,0.0,outdoors,41.0,1.0,0.0,,65.0,0.0,0.0,0.0,0.0,0.0,27.0,4526.0,GO,false,,true,false
4541.0,2016_17_CLE_PIT,2016,REG,17,2017-01-01,PIT,CLE,PIT,CLE,home,5.0,1.0,10.0,75.0,437.0,437.0,437.0,21.0,24.0,-3.0,1.0,1.0,0.50028276,0.50028276,-0.112108186,-1.0061271,1.0,0.0,outdoors,41.0,1.0,0.0,,,0.0,0.0,0.0,0.0,0.0,27.0,4541.0,GO,false,,true,false
4562.0,2016_17_CLE_PIT,2016,REG,17,2017-01-01,PIT,CLE,PIT,CLE,home,5.0,2.0,11.0,76.0,397.0,397.0,397.0,21.0,24.0,-3.0,1.0,1.0,0.38817456,0.38817456,-0.00033760117,0.15009624,1.0,0.0,outdoors,41.0,1.0,0.0,,,0.0,0.0,0.0,0.0,0.0,27.0,4562.0,GO,false,,true,false
4586.0,2016_17_CLE_PIT,2016,REG,17,2017-01-01,PIT,CLE,PIT,CLE,home,5.0,3.0,5.0,70.0,354.0,354.0,354.0,21.0,24.0,-3.0,1.0,1.0,0.38783696,0.38783696,0.14536302,1.4236131,1.0,0.0,outdoors,41.0,1.0,0.0,,,0.0,0.0,0.0,0.0,0.0,27.0,4586.0,GO,false,,true,false
4610.0,2016_17_CLE_PIT,2016,REG,17,2017-01-01,PIT,CLE,PIT,CLE,home,5.0,1.0,10.0,59.0,312.0,312.0,312.0,21.0,24.0,-3.0,1.0,1.0,0.53319997,0.53319997,0.13710193,1.2064279,1.0,0.0,outdoors,41.0,1.0,0.0,,,0.0,0.0,0.0,0.0,0.0,27.0,4610.0,GO,false,,true,false
4634.0,2016_17_CLE_PIT,2016,REG,17,2017-01-01,PIT,CLE,PIT,CLE,home,5.0,1.0,10.0,40.0,277.0,277.0,277.0,21.0,24.0,-3.0,1.0,1.0,0.6703019,0.6703019,-0.037291832,-0.3715369,1.0,1.0,outdoors,41.0,1.0,0.0,,,0.0,0.0,0.0,0.0,0.0,27.0,4634.0,GO,false,,true,false
4656.0,2016_17_CLE_PIT,2016,REG,17,2017-01-01,PIT,CLE,PIT,CLE,home,5.0,2.0,10.0,40.0,272.0,272.0,272.0,21.0,24.0,-3.0,1.0,1.0,0.6330101,0.6330101,-0.10737723,-0.60745275,1.0,0.0,outdoors,41.0,1.0,0.0,,,0.0,0.0,0.0,0.0,0.0,27.0,4656.0,GO,false,,true,false
4699.0,2016_17_CLE_PIT,2016,REG,17,2017-01-01,PIT,CLE,PIT,CLE,home,5.0,3.0,10.0,40.0,264.0,264.0,264.0,21.0,24.0,-3.0,0.0,1.0,0.52563286,0.52563286,0.041519403,-0.3232659,1.0,0.0,outdoors,41.0,1.0,0.0,,,0.0,0.0,0.0,0.0,0.0,27.0,4699.0,GO,false,,true,false
4723.0,2016_17_CLE_PIT,2016,REG,17,2017-01-01,PIT,CLE,PIT,CLE,home,5.0,4.0,2.0,32.0,228.0,228.0,228.0,21.0,24.0,-3.0,0.0,1.0,0.56715226,0.56715226,0.10876186,1.7872802,1.0,0.0,outdoors,41.0,1.0,0.0,,,0.0,1.0,0.0,0.0,0.0,27.0,4723.0,GO,true,,true,false
4747.0,2016_17_CLE_PIT,2016,REG,17,2017-01-01,PIT,CLE,PIT,CLE,home,5.0,1.0,10.0,26.0,184.0,184.0,184.0,21.0,24.0,-3.0,0.0,1.0,0.6759141,0.6759141,0.3240859,3.4109404,1.0,0.0,outdoors,41.0,1.0,0.0,,,0.0,0.0,0.0,0.0,0.0,27.0,4747.0,GO,false,,true,false
4767.0,2016_17_CLE_PIT,2016,REG,17,2017-01-01,PIT,CLE,PIT,CLE,home,5.0,,0.0,,177.0,177.0,177.0,27.0,24.0,3.0,0.0,1.0,,,,,0.0,0.0,outdoors,41.0,1.0,,,,,,,0.0,0.0,27.0,4767.0,GO,,,true,false
4307.0,2017_02_ARI_IND,2017,REG,2,2017-09-17,IND,ARI,IND,ARI,home,5.0,,0.0,35.0,600.0,600.0,600.0,13.0,13.0,0.0,2.0,2.0,0.5643028,0.5643028,0.0,0.02643362,0.0,0.0,closed,,,0.0,,69.0,0.0,0.0,0.0,0.0,0.0,23.0,4307.0,GO,false,,true,true
4331.0,2017_02_ARI_IND,2017,REG,2,2017-09-17,IND,ARI,IND,ARI,home,5.0,1.0,10.0,74.0,595.0,595.0,595.0,13.0,13.0,0.0,2.0,2.0,0.5643028,0.5643028,-0.46489245,-5.817368,0.0,0.0,closed,,,0.0,,,0.0,0.0,0.0,0.0,0.0,23.0,4331.0,GO,false,,true,true
4357.0,2017_02_ARI_IND,2017,REG,2,2017-09-17,IND,ARI,ARI,IND,away,5.0,1.0,10.0,21.0,587.0,587.0,587.0,13.0,13.0,0.0,2.0,2.0,0.9005897,0.9005897,-0.012174874,-0.45740008,0.0,0.0,closed,,,0.0,,,0.0,0.0,0.0,0.0,0.0,24.0,4357.0,GO,false,,false,false
4380.0,2017_02_ARI_IND,2017,REG,2,2017-09-17,IND,ARI,ARI,IND,away,5.0,2.0,9.0,20.0,555.0,555.0,555.0,13.0,13.0,0.0,2.0,2.0,0.8884148,0.8884148,0.010835556,-0.25191754,0.0,0.0,closed,,,0.0,,,0.0,0.0,0.0,0.0,0.0,24.0,4380.0,GO,false,,false,false
4401.0,2017_02_ARI_IND,2017,REG,2,2017-09-17,IND,ARI,ARI,IND,away,5.0,3.0,6.0,17.0,519.0,519.0,519.0,13.0,13.0,0.0,2.0,2.0,0.8992504,0.8992504,0.06760256,-0.83550745,0.0,0.0,closed,,,0.0,,,0.0,0.0,0.0,0.0,0.0,24.0,4401.0,GO,false,,false,false
4422.0,2017_02_ARI_IND,2017,REG,2,2017-09-17,IND,ARI,ARI,IND,away,5.0,4.0,1.0,12.0,485.0,485.0,485.0,13.0,13.0,0.0,2.0,2.0,0.9668529,0.9668529,0.033147078,0.18987481,0.0,0.0,closed,,,1.0,made,30.0,0.0,0.0,0.0,0.0,0.0,24.0,4422.0,FG,false,true,false,false
4441.0,2017_02_ARI_IND,2017,REG,2,2017-09-17,IND,ARI,IND,ARI,home,5.0,,0.0,,482.0,482.0,482.0,13.0,16.0,-3.0,2.0,2.0,,,,,0.0,0.0,closed,,,,,,,,,0.0,0.0,25.0,4441.0,GO,,,true,false
4209.0,2017_03_PIT_CHI,2017,REG,3,2017-09-24,CHI,PIT,CHI,PIT,home,5.0,,0.0,35.0,600.0,600.0,600.0,17.0,17.0,0.0,2.0,2.0,0.53128153,0.53128153,0.0,0.028975647,0.0,0.0,outdoors,89.0,5.0,0.0,,57.0,0.0,0.0,0.0,0.0,0.0,24.0,4209.0,GO,false,,true,true
4233.0,2017_03_PIT_CHI,2017,REG,3,2017-09-24,CHI,PIT,CHI,PIT,home,5.0,1.0,10.0,74.0,593.0,593.0,593.0,17.0,17.0,0.0,2.0,2.0,0.53128153,0.53128153,-0.051048454,-0.48780203,0.0,0.0,outdoors,89.0,5.0,0.0,,,0.0,0.0,0.0,0.0,0.0,24.0,4233.0,GO,false,,true,true
4254.0,2017_03_PIT_CHI,2017,REG,3,2017-09-24,CHI,PIT,CHI,PIT,home,5.0,2.0,9.0,73.0,554.0,554.0,554.0,17.0,17.0,0.0,2.0,2.0,0.48023304,0.48023304,0.32176974,2.802484,0.0,0.0,outdoors,89.0,5.0,0.0,,,0.0,0.0,0.0,0.0,0.0,24.0,4254.0,GO,false,,true,true
4303.0,2017_03_PIT_CHI,2017,REG,3,2017-09-24,CHI,PIT,CHI,PIT,home,5.0,1.0,10.0,37.0,531.0,531.0,531.0,17.0,17.0,0.0,2.0,2.0,0.8020028,0.8020028,0.1046602,0.95206237,0.0,0.0,outdoors,89.0,5.0,0.0,,,0.0,0.0,0.0,0.0,0.0,24.0,4303.0,GO,false,,true,true
4346.0,2017_03_PIT_CHI,2017,REG,3,2017-09-24,CHI,PIT,CHI,PIT,home,5.0,1.0,10.0,19.0,514.0,514.0,514.0,17.0,17.0,0.0,1.0,2.0,0.906663,0.906663,0.093337014,2.5118856,0.0,0.0,outdoors,89.0,5.0,0.0,,,0.0,0.0,0.0,0.0,0.0,24.0,4346.0,GO,false,,true,true
4363.0,2017_03_PIT_CHI,2017,REG,3,2017-09-24,CHI,PIT,CHI,PIT,home,5.0,,0.0,,507.0,507.0,507.0,23.0,17.0,6.0,1.0,2.0,,,,,0.0,0.0,outdoors,89.0,5.0,,,,,,,0.0,0.0,24.0,4363.0,GO,,,true,true
3986.0,2017_04_JAX_NYJ,2017,REG,4,2017-10-01,NYJ,JAX,JAX,NYJ,away,5.0,,0.0,35.0,600.0,600.0,600.0,20.0,20.0,0.0,2.0,2.0,0.51980966,0.51980966,-0.0,-0.0,0.0,0.0,outdoors,64.0,5.0,0.0,,65.0,0.0,0.0,0.0,0.0,0.0,24.0,3986.0,GO,false,,false,true
4001.0,2017_04_JAX_NYJ,2017,REG,4,2017-10-01,NYJ,JAX,JAX,NYJ,away,5.0,1.0,10.0,75.0,600.0,600.0,600.0,20.0,20.0,0.0,2.0,2.0,0.51980966,0.51980966,-0.018560858,-0.06056057,1.0,0.0,outdoors,64.0,5.0,0.0,,,0.0,0.0,0.0,0.0,0.0,24.0,4001.0,GO,false,,false,true
4022.0,2017_04_JAX_NYJ,2017,REG,4,2017-10-01,NYJ,JAX,JAX,NYJ,away,5.0,2.0,5.0,70.0,564.0,564.0,564.0,20.0,20.0,0.0,2.0,2.0,0.50124884,0.50124884,-0.051834323,-0.5263879,1.0,0.0,outdoors,64.0,5.0,0.0,,,0.0,0.0,0.0,0.0,0.0,24.0,4022.0,GO,false,,false,true
4043.0,2017_04_JAX_NYJ,2017,REG,4,2017-10-01,NYJ,JAX,JAX,NYJ,away,5.0,3.0,4.0,69.0,524.0,524.0,524.0,20.0,20.0,0.0,2.0,2.0,0.4494145,0.4494145,0.19159098,1.8551072,1.0,0.0,outdoors,64.0,5.0,0.0,,,0.0,0.0,0.0,0.0,0.0,24.0,4043.0,GO,false,,false,true
4076.0,2017_04_JAX_NYJ,2017,REG,4,2017-10-01,NYJ,JAX,JAX,NYJ,away,5.0,1.0,10.0,54.0,520.0,520.0,520.0,20.0,20.0,0.0,2.0,2.0,0.64100546,0.64100546,-0.046305433,-0.42637005,1.0,0.0,outdoors,64.0,5.0,0.0,,,0.0,0.0,0.0,0.0,0.0,24.0,4076.0,GO,false,,false,true
4098.0,2017_04_JAX_NYJ,2017,REG,4,2017-10-01,NYJ,JAX,JAX,NYJ,away,5.0,2.0,10.0,54.0,515.0,515.0,515.0,20.0,20.0,0.0,2.0,2.0,0.59470004,0.59470004,-0.078154154,-0.773357,1.0,0.0,outdoors,64.0,5.0,0.0,,,0.0,0.0,0.0,0.0,0.0,24.0,4098.0,GO,false,,false,true
4120.0,2017_04_JAX_NYJ,2017,REG,4,2017-10-01,NYJ,JAX,JAX,NYJ,away,5.0,3.0,10.0,54.0,509.0,509.0,509.0,20.0,20.0,0.0,2.0,2.0,0.5165459,0.5165459,-0.14964041,-1.4290634,1.0,0.0,outdoors,64.0,5.0,0.0,,,0.0,0.0,0.0,0.0,0.0,24.0,4120.0,GO,false,,false,true
4142.0,2017_04_JAX_NYJ,2017,REG,4,2017-10-01,NYJ,JAX,JAX,NYJ,away,5.0,4.0,10.0,54.0,505.0,505.0,505.0,20.0,20.0,0.0,2.0,2.0,0.36690548,0.36690548,0.2836308,0.62786096,0.0,0.0,outdoors,64.0,5.0,0.0,,51.0,1.0,0.0,0.0,0.0,0.0,24.0,4142.0,PUNT,false,,false,true
4161.0,2017_04_JAX_NYJ,2017,REG,4,2017-10-01,NYJ,JAX,NYJ,JAX,home,5.0,1.0,10.0,97.0,491.0,491.0,491.0,20.0,20.0,0.0,2.0,2.0,0.34946373,0.34946373,-0.011853729,-0.18723279,0.0,0.0,outdoors,64.0,5.0,0.0,,,0.0,0.0,0.0,0.0,0.0,25.0,4161.0,GO,false,,true,false
4182.0,2017_04_JAX_NYJ,2017,REG,4,2017-10-01,NYJ,JAX,NYJ,JAX,home,5.0,2.0,7.0,94.0,453.0,453.0,453.0,20.0,20.0,0.0,2.0,2.0,0.33760998,0.33760998,-0.032143258,-0.21674326,0.0,0.0,outdoors,64.0,5.0,0.0,,,0.0,0.0,0.0,0.0,0.0,25.0,4182.0,GO,false,,true,false
4206.0,2017_04_JAX_NYJ,2017,REG,4,2017-10-01,NYJ,JAX,NYJ,JAX,home,5.0,3.0,3.0,90.0,418.0,418.0,418.0,20.0,20.0,0.0,2.0,2.0,0.30546674,0.30546674,-0.11472563,-1.2416569,1.0,0.0,outdoors,64.0,5.0,0.0,,,0.0,0.0,0.0,0.0,0.0,25.0,4206.0,GO,false,,true,false
4228.0,2017_04_JAX_NYJ,2017,REG,4,2017-10-01,NYJ,JAX,NYJ,JAX,home,5.0,4.0,3.0,90.0,415.0,415.0,415.0,20.0,20.0,0.0,2.0,2.0,0.1907411,0.1907411,0.16218491,-0.68357635,0.0,0.0,outdoors,64.0,5.0,0.0,,40.0,1.0,0.0,0.0,0.0,0.0,25.0,4228.0,PUNT,false,,true,false
4246.0,2017_04_JAX_NYJ,2017,REG,4,2017-10-01,NYJ,JAX,JAX,NYJ,away,5.0,1.0,10.0,50.0,408.0,408.0,408.0,20.0,20.0,0.0,2.0,2.0,0.647074,0.647074,-0.050186563,-0.44227222,0.0,0.0,outdoors,64.0,5.0,0.0,,,0.0,0.0,0.0,0.0,0.0,26.0,4246.0,GO,false,,false,false
4267.0,2017_04_JAX_NYJ,2017,REG,4,2017-10-01,NYJ,JAX,JAX,NYJ,away,5.0,2.0,9.0,49.0,372.0,372.0,372.0,20.0,20.0,0.0,2.0,2.0,0.5968874,0.5968874,0.021976138,0.25705153,1.0,0.0,outdoors,64.0,5.0,0.0,,,0.0,0.0,0.0,0.0,0.0,26.0,4267.0,GO,false,,false,false
4305.0,2017_04_JAX_NYJ,2017,REG,4,2017-10-01,NYJ,JAX,JAX,NYJ,away,5.0,3.0,3.0,43.0,326.0,326.0,326.0,20.0,20.0,0.0,1.0,2.0,0.6188635,0.6188635,-0.20642917,-1.5914515,1.0,0.0,outdoors,64.0,5.0,0.0,,,0.0,0.0,0.0,0.0,0.0,26.0,4305.0,GO,false,,false,false
4327.0,2017_04_JAX_NYJ,2017,REG,4,2017-10-01,NYJ,JAX,JAX,NYJ,away,5.0,4.0,3.0,43.0,319.0,319.0,319.0,20.0,20.0,0.0,1.0,2.0,0.41243437,0.41243437,0.25570133,-0.87911576,0.0,0.0,outdoors,64.0,5.0,0.0,,34.0,1.0,0.0,0.0,0.0,0.0,26.0,4327.0,PUNT,false,,false,false
4355.0,2017_04_JAX_NYJ,2017,REG,4,2017-10-01,NYJ,JAX,NYJ,JAX,home,5.0,1.0,10.0,91.0,312.0,312.0,312.0,20.0,20.0,0.0,2.0,1.0,0.3318643,0.3318643,-0.04424228,-0.34464195,1.0,0.0,outdoors,64.0,5.0,0.0,,,0.0,0.0,0.0,0.0,0.0,27.0,4355.0,GO,false,,true,false
4376.0,2017_04_JAX_NYJ,2017,REG,4,2017-10-01,NYJ,JAX,NYJ,JAX,home,5.0,2.0,7.0,88.0,274.0,274.0,274.0,20.0,20.0,0.0,2.0,1.0,0.287622,0.287622,0.04622225,0.93287265,1.0,0.0,outdoors,64.0,5.0,0.0,,,0.0,0.0,0.0,0.0,0.0,27.0,4376.0,GO,false,,true,false
4400.0,2017_04_JAX_NYJ,2017,REG,4,2017-10-01,NYJ,JAX,NYJ,JAX,home,5.0,1.0,10.0,80.0,237.0,237.0,237.0,20.0,20.0,0.0,2.0,1.0,0.33384424,0.33384424,-0.06282752,-0.5235904,0.0,0.0,outdoors,64.0,5.0,0.0,,,0.0,0.0,0.0,0.0,0.0,27.0,4400.0,GO,false,,true,false
4423.0,2017_04_JAX_NYJ,2017,REG,4,2017-10-01,NYJ,JAX,NYJ,JAX,home,5.0,2.0,8.0,78.0,200.0,200.0,200.0,20.0,20.0,0.0,2.0,1.0,0.27101675,0.27101675,-0.040502466,-0.5162113,1.0,0.0,outdoors,64.0,5.0,0.0,,,0.0,0.0,0.0,0.0,0.0,27.0,4423.0,GO,false,,true,false
4445.0,2017_04_JAX_NYJ,2017,REG,4,2017-10-01,NYJ,JAX,NYJ,JAX,home,5.0,3.0,8.0,78.0,195.0,195.0,195.0,20.0,20.0,0.0,2.0,1.0,0.23051427,0.23051427,-0.052292965,-0.43243214,1.0,0.0,outdoors,64.0,5.0,0.0,,,0.0,0.0,0.0,0.0,0.0,27.0,4445.0,GO,false,,true,false
4497.0,2017_04_JAX_NYJ,2017,REG,4,2017-10-01,NYJ,JAX,NYJ,JAX,home,5.0,3.0,18.0,88.0,180.0,180.0,180.0,20.0,20.0,0.0,1.0,1.0,0.1782213,0.1782213,-0.024408644,0.09033254,1.0,0.0,outdoors,64.0,5.0,0.0,,,0.0,0.0,0.0,0.0,0.0,27.0,4497.0,GO,false,,true,false
4521.0,2017_04_JAX_NYJ,2017,REG,4,2017-10-01,NYJ,JAX,NYJ,JAX,home,5.0,4.0,5.0,75.0,140.0,140.0,140.0,20.0,20.0,0.0,1.0,1.0,0.15381266,0.15381266,0.6595143,0.6421952,0.0,0.0,outdoors,64.0,5.0,0.0,,70.0,1.0,0.0,0.0,0.0,0.0,27.0,4521.0,PUNT,false,,true,false
4557.0,2017_04_JAX_NYJ,2017,REG,4,2017-10-01,NYJ,JAX,JAX,NYJ,away,5.0,1.0,10.0,97.0,126.0,126.0,126.0,20.0,20.0,0.0,1.0,1.0,0.18667305,0.18667305,-0.048973214,-0.6125312,0.0,0.0,outdoors,64.0,5.0,0.0,,,0.0,0.0,0.0,0.0,0.0,28.0,4557.0,GO,false,,false,false
4595.0,2017_04_JAX_NYJ,2017,REG,4,2017-10-01,NYJ,JAX,JAX,NYJ,away,5.0,2.0,11.0,98.0,120.0,120.0,120.0,20.0,20.0,0.0,1.0,1.0,0.13769984,0.13769984,-0.057962604,-0.4493979,0.0,0.0,outdoors,64.0,5.0,0.0,,,0.0,0.0,0.0,0.0,0.0,28.0,4595.0,GO,false,,false,false
4633.0,2017_04_JAX_NYJ,2017,REG,4,2017-10-01,NYJ,JAX,JAX,NYJ,away,5.0,3.0,11.0,98.0,115.0,115.0,115.0,20.0,20.0,0.0,1.0,0.0,0.07973723,0.07973723,-0.025995385,-0.79661334,1.0,0.0,outdoors,64.0,5.0,0.0,,,0.0,0.0,0.0,0.0,0.0,28.0,4633.0,GO,false,,false,false
4655.0,2017_04_JAX_NYJ,2017,REG,4,2017-10-01,NYJ,JAX,JAX,NYJ,away,5.0,4.0,11.0,98.0,110.0,110.0,110.0,20.0,20.0,0.0,1.0,0.0,0.053741846,0.053741846,0.29142106,-1.6831038,0.0,0.0,outdoors,64.0,5.0,0.0,,45.0,1.0,0.0,0.0,0.0,0.0,28.0,4655.0,PUNT,false,,false,false
4697.0,2017_04_JAX_NYJ,2017,REG,4,2017-10-01,NYJ,JAX,NYJ,JAX,home,5.0,1.0,10.0,25.0,98.0,98.0,98.0,20.0,20.0,0.0,0.0,1.0,0.6548371,0.6548371,-0.16717699,-1.3745517,0.0,0.0,outdoors,64.0,5.0,0.0,,,0.0,0.0,0.0,0.0,0.0,29.0,4697.0,GO,false,,true,false
4735.0,2017_04_JAX_NYJ,2017,REG,4,2017-10-01,NYJ,JAX,NYJ,JAX,home,5.0,2.0,9.0,24.0,75.0,75.0,75.0,20.0,20.0,0.0,0.0,0.0,0.4876601,0.4876601,0.10700811,0.12171533,1.0,0.0,outdoors,64.0,5.0,0.0,,,0.0,0.0,0.0,0.0,0.0,29.0,4735.0,GO,false,,true,false
4759.0,2017_04_JAX_NYJ,2017,REG,4,2017-10-01,NYJ,JAX,NYJ,JAX,home,5.0,3.0,8.0,23.0,34.0,34.0,34.0,20.0,20.0,0.0,0.0,0.0,0.5946682,0.5946682,0.24144584,0.24008584,1.0,0.0,outdoors,64.0,5.0,0.0,,,0.0,0.0,0.0,1.0,0.0,29.0,4759.0,GO,false,,true,false
4781.0,2017_04_JAX_NYJ,2017,REG,4,2017-10-01,NYJ,JAX,NYJ,JAX,home,5.0,4.0,8.0,23.0,32.0,32.0,32.0,20.0,20.0,0.0,0.0,0.0,0.83611405,0.83611405,0.16388595,0.53493226,0.0,0.0,outdoors,64.0,5.0,1.0,made,41.0,0.0,0.0,0.0,0.0,0.0,29.0,4781.0,FG,false,true,true,false
4812.0,2017_04_JAX_NYJ,2017,REG,4,2017-10-01,NYJ,JAX,NYJ,JAX,home,5.0,,0.0,,28.0,28.0,28.0,23.0,20.0,3.0,0.0,0.0,,,,,0.0,0.0,outdoors,64.0,5.0,,,,,,,0.0,0.0,29.0,4812.0,GO,,,true,false
5304.0,2019_10_SEA_SF,2019,REG,10,2019-11-11,SF,SEA,SEA,SF,away,5.0,1.0,10.0,39.0,50.0,50.0,50.0,24.0,24.0,0.0,0.0,1.0,0.4912963,0.4912963,0.08848403,0.35864377,1.0,0.0,outdoors,77.0,3.0,0.0,,,0.0,0.0,0.0,0.0,0.0,31.0,5304.0,GO,false,,false,false
5332.0,2019_10_SEA_SF,2019,REG,10,2019-11-11,SF,SEA,SEA,SF,away,5.0,2.0,2.0,31.0,31.0,31.0,31.0,24.0,24.0,0.0,0.0,1.0,0.57978034,0.57978034,0.049699582,-0.7242656,1.0,1.0,outdoors,77.0,3.0,0.0,,,0.0,0.0,0.0,0.0,0.0,31.0,5332.0,GO,false,,false,false
5357.0,2019_10_SEA_SF,2019,REG,10,2019-11-11,SF,SEA,SEA,SF,away,5.0,1.0,10.0,24.0,5.0,5.0,5.0,24.0,24.0,0.0,0.0,1.0,0.6294799,0.6294799,0.18776752,0.5173319,0.0,0.0,outdoors,77.0,3.0,0.0,,,0.0,0.0,0.0,1.0,0.0,31.0,5357.0,GO,false,,false,false
5403.0,2019_10_SEA_SF,2019,REG,10,2019-11-11,SF,SEA,SEA,SF,away,5.0,2.0,10.0,24.0,4.0,4.0,4.0,24.0,24.0,0.0,0.0,0.0,0.81724745,0.81724745,0.18275258,0.5482577,0.0,0.0,outdoors,77.0,3.0,1.0,made,42.0,0.0,0.0,0.0,0.0,0.0,31.0,5403.0,FG,false,true,false,false
5422.0,2019_10_SEA_SF,2019,REG,10,2019-11-11,SF,SEA,SF,SEA,home,5.0,,0.0,,0.0,0.0,0.0,24.0,27.0,-3.0,0.0,0.0,,,,,0.0,0.0,outdoors,77.0,3.0,,,,,,,0.0,0.0,32.0,5422.0,GO,,,true,false
3997.0,2020_11_TEN_BAL,2020,REG,11,2020-11-22,BAL,TEN,BAL,TEN,home,5.0,,0.0,35.0,600.0,600.0,600.0,24.0,24.0,0.0,2.0,2.0,0.5268756,0.5268756,0.0,0.0,0.0,0.0,outdoors,53.0,6.0,0.0,,65.0,0.0,0.0,0.0,0.0,0.0,19.0,3997.0,GO,false,,true,true
4016.0,2020_11_TEN_BAL,2020,REG,11,2020-11-22,BAL,TEN,BAL,TEN,home,5.0,1.0,10.0,75.0,600.0,600.0,600.0,24.0,24.0,0.0,2.0,2.0,0.5268756,0.5268756,-0.056597654,-0.5114398,1.0,0.0,outdoors,53.0,6.0,0.0,,,0.0,0.0,0.0,0.0,0.0,19.0,4016.0,GO,false,,true,true
4037.0,2020_11_TEN_BAL,2020,REG,11,2020-11-22,BAL,TEN,BAL,TEN,home,5.0,2.0,8.0,73.0,564.0,564.0,564.0,24.0,24.0,0.0,2.0,2.0,0.470278,0.470278,-0.15671375,-1.5637718,1.0,0.0,outdoors,53.0,6.0,0.0,,,0.0,0.0,0.0,0.0,0.0,19.0,4037.0,GO,false,,true,true
4056.0,2020_11_TEN_BAL,2020,REG,11,2020-11-22,BAL,TEN,BAL,TEN,home,5.0,3.0,17.0,82.0,520.0,520.0,520.0,24.0,24.0,0.0,2.0,2.0,0.31356424,0.31356424,-0.028367015,-0.06874834,1.0,0.0,outdoors,53.0,6.0,0.0,,,0.0,0.0,0.0,0.0,0.0,19.0,4056.0,GO,false,,true,true
4080.0,2020_11_TEN_BAL,2020,REG,11,2020-11-22,BAL,TEN,BAL,TEN,home,5.0,4.0,8.0,73.0,485.0,485.0,485.0,24.0,24.0,0.0,2.0,2.0,0.28519723,0.28519723,0.23773298,-0.067021094,0.0,0.0,outdoors,53.0,6.0,0.0,,46.0,1.0,0.0,0.0,0.0,0.0,19.0,4080.0,PUNT,false,,true,true
4099.0,2020_11_TEN_BAL,2020,REG,11,2020-11-22,BAL,TEN,TEN,BAL,away,5.0,1.0,10.0,73.0,478.0,478.0,478.0,24.0,24.0,0.0,2.0,2.0,0.47706982,0.47706982,0.09250607,0.9190669,0.0,0.0,outdoors,53.0,6.0,0.0,,,0.0,0.0,0.0,0.0,0.0,20.0,4099.0,GO,false,,false,false
4123.0,2020_11_TEN_BAL,2020,REG,11,2020-11-22,BAL,TEN,TEN,BAL,away,5.0,1.0,10.0,59.0,445.0,445.0,445.0,24.0,24.0,0.0,2.0,2.0,0.5695759,0.5695759,-0.030229969,-0.11864804,0.0,0.0,outdoors,53.0,6.0,0.0,,,0.0,0.0,0.0,0.0,0.0,20.0,4123.0,GO,false,,false,false
4144.0,2020_11_TEN_BAL,2020,REG,11,2020-11-22,BAL,TEN,TEN,BAL,away,5.0,2.0,6.0,55.0,404.0,404.0,404.0,24.0,24.0,0.0,2.0,2.0,0.5393459,0.5393459,0.124976926,1.0495713,1.0,0.0,outdoors,53.0,6.0,0.0,,,0.0,0.0,0.0,0.0,0.0,20.0,4144.0,GO,false,,false,false
4171.0,2020_11_TEN_BAL,2020,REG,11,2020-11-22,BAL,TEN,TEN,BAL,away,5.0,1.0,10.0,44.0,380.0,380.0,380.0,24.0,24.0,0.0,2.0,2.0,0.66432285,0.66432285,-0.012311322,-0.1028029,0.0,0.0,outdoors,53.0,6.0,0.0,,,0.0,0.0,0.0,0.0,0.0,20.0,4171.0,GO,false,,false,false
4198.0,2020_11_TEN_BAL,2020,REG,11,2020-11-22,BAL,TEN,TEN,BAL,away,5.0,2.0,6.0,40.0,343.0,343.0,343.0,24.0,24.0,0.0,2.0,2.0,0.6520115,0.6520115,0.15114892,0.99655867,1.0,0.0,outdoors,53.0,6.0,0.0,,,0.0,0.0,0.0,0.0,0.0,20.0,4198.0,GO,false,,false,false
4222.0,2020_11_TEN_BAL,2020,REG,11,2020-11-22,BAL,TEN,TEN,BAL,away,5.0,1.0,10.0,29.0,329.0,329.0,329.0,24.0,24.0,0.0,2.0,2.0,0.8031604,0.8031604,0.19683957,3.199831,0.0,0.0,outdoors,53.0,6.0,0.0,,,0.0,0.0,0.0,0.0,0.0,20.0,4222.0,GO,false,,false,false
4244.0,2020_11_TEN_BAL,2020,REG,11,2020-11-22,BAL,TEN,BAL,TEN,home,5.0,,0.0,,321.0,321.0,321.0,24.0,30.0,-6.0,2.0,2.0,,,,,0.0,0.0,outdoors,53.0,6.0,,,,,,,0.0,0.0,21.0,4244.0,GO,,,true,false
4294.0,2020_02_KC_LAC,2020,REG,2,2020-09-20,LAC,KC,LAC,KC,home,5.0,,0.0,35.0,600.0,600.0,600.0,20.0,20.0,0.0,2.0,2.0,0.58799726,0.58799726,0.0,0.0,0.0,0.0,dome,,,0.0,,65.0,0.0,0.0,0.0,0.0,0.0,19.0,4294.0,GO,false,,true,true
4309.0,2020_02_KC_LAC,2020,REG,2,2020-09-20,LAC,KC,LAC,KC,home,5.0,1.0,10.0,75.0,600.0,600.0,600.0,20.0,20.0,0.0,2.0,2.0,0.58799726,0.58799726,-0.06598608,-0.6587911,1.0,0.0,dome,,,0.0,,,0.0,0.0,0.0,0.0,0.0,19.0,4309.0,GO,false,,true,true
4333.0,2020_02_KC_LAC,2020,REG,2,2020-09-20,LAC,KC,LAC,KC,home,5.0,2.0,9.0,74.0,560.0,560.0,560.0,20.0,20.0,0.0,2.0,2.0,0.5220112,0.5220112,-0.06272685,-0.58855873,0.0,0.0,dome,,,0.0,,,0.0,0.0,0.0,0.0,0.0,19.0,4333.0,GO,false,,true,true
4354.0,2020_02_KC_LAC,2020,REG,2,2020-09-20,LAC,KC,LAC,KC,home,5.0,3.0,7.0,72.0,524.0,524.0,524.0,20.0,20.0,0.0,2.0,2.0,0.45928434,0.45928434,-0.05435925,-0.30987468,1.0,0.0,dome,,,0.0,,,0.0,0.0,0.0,0.0,0.0,19.0,4354.0,GO,false,,true,true
4378.0,2020_02_KC_LAC,2020,REG,2,2020-09-20,LAC,KC,LAC,KC,home,5.0,4.0,1.0,66.0,477.0,477.0,477.0,20.0,20.0,0.0,2.0,2.0,0.4049251,0.4049251,0.08265415,-1.1732094,0.0,0.0,dome,,,0.0,,61.0,1.0,0.0,0.0,0.0,0.0,19.0,4378.0,PUNT,false,,true,true
4408.0,2020_02_KC_LAC,2020,REG,2,2020-09-20,LAC,KC,KC,LAC,away,5.0,1.0,10.0,79.0,467.0,467.0,467.0,20.0,20.0,0.0,2.0,2.0,0.5124208,0.5124208,-0.017460758,-0.1104605,1.0,0.0,dome,,,0.0,,,0.0,0.0,0.0,0.0,0.0,20.0,4408.0,GO,false,,false,false
4429.0,2020_02_KC_LAC,2020,REG,2,2020-09-20,LAC,KC,KC,LAC,away,5.0,2.0,5.0,74.0,434.0,434.0,434.0,20.0,20.0,0.0,2.0,2.0,0.49495998,0.49495998,0.06761131,0.7278461,1.0,0.0,dome,,,0.0,,,0.0,0.0,0.0,0.0,0.0,20.0,4429.0,GO,false,,false,false
4453.0,2020_02_KC_LAC,2020,REG,2,2020-09-20,LAC,KC,KC,LAC,away,5.0,1.0,10.0,66.0,413.0,413.0,413.0,20.0,20.0,0.0,2.0,2.0,0.5625713,0.5625713,-0.042361803,-0.363716,0.0,0.0,dome,,,0.0,,,0.0,0.0,0.0,0.0,0.0,20.0,4453.0,GO,false,,false,false
4480.0,2020_02_KC_LAC,2020,REG,2,2020-09-20,LAC,KC,KC,LAC,away,5.0,2.0,8.0,64.0,374.0,374.0,374.0,20.0,20.0,0.0,2.0,2.0,0.5202095,0.5202095,-0.06798381,-0.70025945,1.0,0.0,dome,,,0.0,,,0.0,0.0,0.0,0.0,0.0,20.0,4480.0,GO,false,,false,false
4502.0,2020_02_KC_LAC,2020,REG,2,2020-09-20,LAC,KC,KC,LAC,away,5.0,3.0,8.0,64.0,372.0,372.0,372.0,20.0,20.0,0.0,2.0,2.0,0.4522257,0.4522257,0.06612004,0.6548659,1.0,0.0,dome,,,0.0,,,0.0,0.0,0.0,0.0,0.0,20.0,4502.0,GO,false,,false,false
4535.0,2020_02_KC_LAC,2020,REG,2,2020-09-20,LAC,KC,KC,LAC,away,5.0,3.0,3.0,59.0,366.0,366.0,366.0,20.0,20.0,0.0,2.0,2.0,0.5183457,0.5183457,0.09011289,1.0372548,1.0,0.0,dome,,,0.0,,,0.0,0.0,0.0,0.0,0.0,20.0,4535.0,GO,false,,false,false
4561.0,2020_02_KC_LAC,2020,REG,2,2020-09-20,LAC,KC,KC,LAC,away,5.0,1.0,10.0,55.0,336.0,336.0,336.0,20.0,20.0,0.0,2.0,2.0,0.60845864,0.60845864,-0.057353072,-0.5706633,1.0,0.0,dome,,,0.0,,,0.0,0.0,0.0,0.0,0.0,20.0,4561.0,GO,false,,false,false
4582.0,2020_02_KC_LAC,2020,REG,2,2020-09-20,LAC,KC,KC,LAC,away,5.0,2.0,8.0,53.0,296.0,296.0,296.0,20.0,20.0,0.0,2.0,2.0,0.55110556,0.55110556,-0.027310723,-0.044380747,1.0,0.0,dome,,,0.0,,,0.0,0.0,0.0,0.0,0.0,20.0,4582.0,GO,false,,false,false
4606.0,2020_02_KC_LAC,2020,REG,2,2020-09-20,LAC,KC,KC,LAC,away,5.0,3.0,4.0,49.0,255.0,255.0,255.0,20.0,20.0,0.0,2.0,2.0,0.52379483,0.52379483,-0.12699878,-1.0124961,1.0,0.0,dome,,,0.0,,,0.0,0.0,0.0,0.0,0.0,20.0,4606.0,GO,false,,false,false
4632.0,2020_02_KC_LAC,2020,REG,2,2020-09-20,LAC,KC,KC,LAC,away,5.0,4.0,1.0,46.0,246.0,246.0,246.0,20.0,20.0,0.0,2.0,2.0,0.39679602,0.39679602,0.2350689,2.152032,0.0,0.0,dome,,,0.0,,,0.0,1.0,0.0,0.0,0.0,20.0,4632.0,GO,true,,false,false
4655.0,2020_02_KC_LAC,2020,REG,2,2020-09-20,LAC,KC,KC,LAC,away,5.0,1.0,10.0,44.0,205.0,205.0,205.0,20.0,20.0,0.0,2.0,2.0,0.63186496,0.63186496,-0.098542474,-0.70470345,0.0,0.0,dome,,,0.0,,,0.0,0.0,0.0,0.0,0.0,20.0,4655.0,GO,false,,false,false
4694.0,2020_02_KC_LAC,2020,REG,2,2020-09-20,LAC,KC,KC,LAC,away,5.0,2.0,10.0,44.0,198.0,198.0,198.0,20.0,20.0,0.0,2.0,1.0,0.53332245,0.53332245,-0.033856478,-0.1871071,1.0,0.0,dome,,,0.0,,,0.0,0.0,0.0,0.0,0.0,20.0,4694.0,GO,false,,false,false
4718.0,2020_02_KC_LAC,2020,REG,2,2020-09-20,LAC,KC,KC,LAC,away,5.0,3.0,5.0,39.0,157.0,157.0,157.0,20.0,20.0,0.0,2.0,1.0,0.49946597,0.49946597,-0.020815223,-0.40469825,1.0,0.0,dome,,,0.0,,,0.0,0.0,0.0,0.0,0.0,20.0,4718.0,GO,false,,false,false
4759.0,2020_02_KC_LAC,2020,REG,2,2020-09-20,LAC,KC,KC,LAC,away,5.0,4.0,1.0,35.0,120.0,120.0,120.0,20.0,20.0,0.0,2.0,1.0,0.47865075,0.47865075,0.113325045,-0.66667235,0.0,0.0,dome,,,0.0,,,0.0,0.0,0.0,0.0,0.0,20.0,4759.0,GO,false,,false,false
4822.0,2020_02_KC_LAC,2020,REG,2,2020-09-20,LAC,KC,KC,LAC,away,5.0,4.0,6.0,40.0,120.0,120.0,120.0,20.0,20.0,0.0,2.0,0.0,0.5919758,0.5919758,0.4080242,1.9961264,0.0,0.0,dome,,,1.0,made,58.0,0.0,0.0,0.0,0.0,0.0,20.0,4822.0,FG,false,true,false,false
4841.0,2020_02_KC_LAC,2020,REG,2,2020-09-20,LAC,KC,LAC,KC,home,5.0,,0.0,,115.0,115.0,115.0,20.0,23.0,-3.0,0.0,2.0,,,,,0.0,0.0,dome,,,,,,,,,0.0,0.0,21.0,4841.0,GO,,,true,false
4918.0,2019_16_CIN_MIA,2019,REG,16,2019-12-22,MIA,CIN,MIA,CIN,home,5.0,,0.0,35.0,600.0,600.0,600.0,35.0,35.0,0.0,2.0,2.0,0.5268756,0.5268756,0.0,0.0,0.0,0.0,outdoors,76.0,15.0,0.0,,65.0,0.0,0.0,0.0,0.0,0.0,26.0,4918.0,GO,false,,true,true
4933.0,2019_16_CIN_MIA,2019,REG,16,2019-12-22,MIA,CIN,MIA,CIN,home,5.0,1.0,10.0,75.0,600.0,600.0,600.0,35.0,35.0,0.0,2.0,2.0,0.5268756,0.5268756,0.06438346,0.66497195,0.0,0.0,outdoors,76.0,15.0,0.0,,,0.0,0.0,0.0,0.0,0.0,26.0,4933.0,GO,false,,true,true
4957.0,2019_16_CIN_MIA,2019,REG,16,2019-12-22,MIA,CIN,MIA,CIN,home,5.0,1.0,10.0,62.0,566.0,566.0,566.0,35.0,35.0,0.0,2.0,2.0,0.5912591,0.5912591,-0.002360702,0.06172676,1.0,0.0,outdoors,76.0,15.0,0.0,,,0.0,0.0,0.0,0.0,0.0,26.0,4957.0,GO,false,,true,true
4981.0,2019_16_CIN_MIA,2019,REG,16,2019-12-22,MIA,CIN,MIA,CIN,home,5.0,2.0,5.0,57.0,521.0,521.0,521.0,35.0,35.0,0.0,2.0,2.0,0.5888984,0.5888984,-0.034853697,-0.16016461,1.0,0.0,outdoors,76.0,15.0,0.0,,,0.0,0.0,0.0,0.0,0.0,26.0,4981.0,GO,false,,true,true
5002.0,2019_16_CIN_MIA,2019,REG,16,2019-12-22,MIA,CIN,MIA,CIN,home,5.0,3.0,2.0,54.0,476.0,476.0,476.0,35.0,35.0,0.0,2.0,2.0,0.5540447,0.5540447,-0.16669263,-1.5283458,1.0,0.0,outdoors,76.0,15.0,0.0,,,0.0,0.0,0.0,0.0,0.0,26.0,5002.0,GO,false,,true,true
5024.0,2019_16_CIN_MIA,2019,REG,16,2019-12-22,MIA,CIN,MIA,CIN,home,5.0,4.0,2.0,54.0,470.0,470.0,470.0,35.0,35.0,0.0,2.0,2.0,0.38735208,0.38735208,0.27309173,-0.011907136,0.0,0.0,outdoors,76.0,15.0,0.0,,49.0,1.0,0.0,0.0,0.0,0.0,26.0,5024.0,PUNT,false,,true,true
5043.0,2019_16_CIN_MIA,2019,REG,16,2019-12-22,MIA,CIN,CIN,MIA,away,5.0,1.0,10.0,95.0,462.0,462.0,462.0,35.0,35.0,0.0,2.0,2.0,0.33955622,0.33955622,-0.044949826,-0.4068598,1.0,0.0,outdoors,76.0,15.0,0.0,,,0.0,0.0,0.0,0.0,0.0,27.0,5043.0,GO,false,,false,false
5064.0,2019_16_CIN_MIA,2019,REG,16,2019-12-22,MIA,CIN,CIN,MIA,away,5.0,2.0,7.0,92.0,426.0,426.0,426.0,35.0,35.0,0.0,2.0,2.0,0.2946064,0.2946064,-0.04134863,-0.35211274,0.0,0.0,outdoors,76.0,15.0,0.0,,,0.0,0.0,0.0,0.0,0.0,27.0,5064.0,GO,false,,false,false
5085.0,2019_16_CIN_MIA,2019,REG,16,2019-12-22,MIA,CIN,CIN,MIA,away,5.0,3.0,5.0,90.0,388.0,388.0,388.0,35.0,35.0,0.0,2.0,2.0,0.25325775,0.25325775,-0.046289794,-0.29755116,1.0,0.0,outdoors,76.0,15.0,0.0,,,0.0,0.0,0.0,0.0,0.0,27.0,5085.0,GO,false,,false,false
5109.0,2019_16_CIN_MIA,2019,REG,16,2019-12-22,MIA,CIN,CIN,MIA,away,5.0,4.0,1.0,86.0,331.0,331.0,331.0,35.0,35.0,0.0,2.0,2.0,0.20696795,0.20696795,0.2851193,-0.42877054,0.0,0.0,outdoors,76.0,15.0,0.0,,51.0,1.0,0.0,0.0,0.0,0.0,27.0,5109.0,PUNT,false,,false,false
5134.0,2019_16_CIN_MIA,2019,REG,16,2019-12-22,MIA,CIN,MIA,CIN,home,5.0,1.0,10.0,60.0,321.0,321.0,321.0,35.0,35.0,0.0,2.0,2.0,0.50791276,0.50791276,-0.046084017,-0.44110805,1.0,0.0,outdoors,76.0,15.0,0.0,,,0.0,0.0,0.0,0.0,0.0,28.0,5134.0,GO,false,,true,false
5156.0,2019_16_CIN_MIA,2019,REG,16,2019-12-22,MIA,CIN,MIA,CIN,home,5.0,2.0,10.0,60.0,316.0,316.0,316.0,35.0,35.0,0.0,2.0,2.0,0.46182874,0.46182874,-0.062311683,-0.6151086,1.0,0.0,outdoors,76.0,15.0,0.0,,,0.0,0.0,0.0,0.0,0.0,28.0,5156.0,GO,false,,true,false
5178.0,2019_16_CIN_MIA,2019,REG,16,2019-12-22,MIA,CIN,MIA,CIN,home,5.0,3.0,10.0,60.0,311.0,311.0,311.0,35.0,35.0,0.0,2.0,2.0,0.39951706,0.39951706,-0.18617313,-1.4832691,1.0,0.0,outdoors,76.0,15.0,0.0,,,0.0,0.0,0.0,0.0,0.0,28.0,5178.0,GO,false,,true,false
5197.0,2019_16_CIN_MIA,2019,REG,16,2019-12-22,MIA,CIN,MIA,CIN,home,5.0,4.0,20.0,70.0,267.0,267.0,267.0,35.0,35.0,0.0,2.0,2.0,0.21334393,0.21334393,0.36138117,-0.52114284,0.0,0.0,outdoors,76.0,15.0,0.0,,50.0,1.0,0.0,0.0,0.0,0.0,28.0,5197.0,PUNT,false,,true,false
5222.0,2019_16_CIN_MIA,2019,REG,16,2019-12-22,MIA,CIN,CIN,MIA,away,5.0,1.0,10.0,64.0,253.0,253.0,253.0,35.0,35.0,0.0,2.0,2.0,0.42527488,0.42527488,-0.05875438,-0.49999407,0.0,0.0,outdoors,76.0,15.0,0.0,,,0.0,0.0,0.0,0.0,0.0,29.0,5222.0,GO,false,,false,false
5245.0,2019_16_CIN_MIA,2019,REG,16,2019-12-22,MIA,CIN,CIN,MIA,away,5.0,1.0,15.0,69.0,253.0,253.0,253.0,35.0,35.0,0.0,2.0,2.0,0.3665205,0.3665205,0.008798583,0.00329596,1.0,0.0,outdoors,76.0,15.0,0.0,,,0.0,0.0,0.0,0.0,0.0,29.0,5245.0,GO,false,,false,false
5274.0,2019_16_CIN_MIA,2019,REG,16,2019-12-22,MIA,CIN,CIN,MIA,away,5.0,2.0,9.0,63.0,247.0,247.0,247.0,35.0,35.0,0.0,2.0,2.0,0.3753191,0.3753191,-0.03285397,-0.27511913,0.0,0.0,outdoors,76.0,15.0,0.0,,,0.0,0.0,0.0,0.0,0.0,29.0,5274.0,GO,false,,false,false
5301.0,2019_16_CIN_MIA,2019,REG,16,2019-12-22,MIA,CIN,CIN,MIA,away,5.0,3.0,6.0,60.0,209.0,209.0,209.0,35.0,35.0,0.0,2.0,2.0,0.3424651,0.3424651,-0.120124415,-1.0593089,1.0,0.0,outdoors,76.0,15.0,0.0,,,0.0,0.0,0.0,0.0,0.0,29.0,5301.0,GO,false,,false,false
5323.0,2019_16_CIN_MIA,2019,REG,16,2019-12-22,MIA,CIN,CIN,MIA,away,5.0,4.0,6.0,60.0,205.0,205.0,205.0,35.0,35.0,0.0,2.0,2.0,0.2223407,0.2223407,0.4069557,-0.6700891,0.0,0.0,outdoors,76.0,15.0,0.0,,30.0,1.0,0.0,0.0,0.0,0.0,29.0,5323.0,PUNT,false,,false,false
5341.0,2019_16_CIN_MIA,2019,REG,16,2019-12-22,MIA,CIN,MIA,CIN,home,5.0,1.0,10.0,70.0,199.0,199.0,199.0,35.0,35.0,0.0,2.0,2.0,0.3707036,0.3707036,-0.03848887,-0.43714288,0.0,0.0,outdoors,76.0,15.0,0.0,,,0.0,0.0,0.0,0.0,0.0,30.0,5341.0,GO,false,,true,false
5363.0,2019_16_CIN_MIA,2019,REG,16,2019-12-22,MIA,CIN,MIA,CIN,home,5.0,2.0,10.0,70.0,195.0,195.0,195.0,35.0,35.0,0.0,2.0,2.0,0.33221474,0.33221474,-0.04952188,-0.5362396,1.0,0.0,outdoors,76.0,15.0,0.0,,,0.0,0.0,0.0,0.0,0.0,30.0,5363.0,GO,false,,true,false
5385.0,2019_16_CIN_MIA,2019,REG,16,2019-12-22,MIA,CIN,MIA,CIN,home,5.0,3.0,10.0,70.0,191.0,191.0,191.0,35.0,35.0,0.0,2.0,2.0,0.28269285,0.28269285,0.1688898,1.7027618,1.0,0.0,outdoors,76.0,15.0,0.0,,,0.0,0.0,0.0,0.0,0.0,30.0,5385.0,GO,false,,true,false
5409.0,2019_16_CIN_MIA,2019,REG,16,2019-12-22,MIA,CIN,MIA,CIN,home,5.0,1.0,10.0,55.0,152.0,152.0,152.0,35.0,35.0,0.0,2.0,2.0,0.45158267,0.45158267,-0.12794599,-0.8290386,1.0,0.0,outdoors,76.0,15.0,0.0,,,0.0,0.0,0.0,0.0,0.0,30.0,5409.0,GO,false,,true,false
5447.0,2019_16_CIN_MIA,2019,REG,16,2019-12-22,MIA,CIN,MIA,CIN,home,5.0,2.0,11.0,56.0,145.0,145.0,145.0,35.0,35.0,0.0,2.0,1.0,0.32363668,0.32363668,0.14074329,1.1237249,1.0,0.0,outdoors,76.0,15.0,0.0,,,0.0,0.0,0.0,0.0,0.0,30.0,5447.0,GO,false,,true,false
5488.0,2019_16_CIN_MIA,2019,REG,16,2019-12-22,MIA,CIN,MIA,CIN,home,5.0,1.0,10.0,42.0,120.0,120.0,120.0,35.0,35.0,0.0,2.0,1.0,0.46437997,0.46437997,0.25541794,1.4233202,1.0,0.0,outdoors,76.0,15.0,0.0,,,0.0,0.0,0.0,0.0,0.0,30.0,5488.0,GO,false,,true,false
5529.0,2019_16_CIN_MIA,2019,REG,16,2019-12-22,MIA,CIN,MIA,CIN,home,5.0,1.0,10.0,14.0,111.0,111.0,111.0,35.0,35.0,0.0,2.0,0.0,0.7197979,0.7197979,,-0.85034126,0.0,0.0,outdoors,76.0,15.0,0.0,,,0.0,0.0,0.0,0.0,1.0,30.0,5529.0,GO,false,,true,false
5550.0,2019_16_CIN_MIA,2019,REG,16,2019-12-22,MIA,CIN,MIA,CIN,home,5.0,2.0,12.0,16.0,68.0,68.0,68.0,35.0,35.0,0.0,2.0,0.0,0.67660284,0.67660284,,-0.28942773,0.0,0.0,outdoors,76.0,15.0,0.0,,,0.0,0.0,0.0,0.0,1.0,30.0,5550.0,GO,false,,true,false
5571.0,2019_16_CIN_MIA,2019,REG,16,2019-12-22,MIA,CIN,MIA,CIN,home,5.0,3.0,13.0,17.0,25.0,25.0,25.0,35.0,35.0,0.0,2.0,0.0,0.7211352,0.7211352,,0.25783524,0.0,0.0,outdoors,76.0,15.0,0.0,,,0.0,0.0,0.0,0.0,1.0,30.0,5571.0,GO,false,,true,false
5609.0,2019_16_CIN_MIA,2019,REG,16,2019-12-22,MIA,CIN,MIA,CIN,home,5.0,4.0,15.0,19.0,4.0,4.0,4.0,35.0,35.0,0.0,1.0,0.0,0.890724,0.890724,0.109275974,0.32782793,0.0,0.0,outdoors,76.0,15.0,1.0,made,37.0,0.0,0.0,0.0,0.0,0.0,30.0,5609.0,FG,false,true,true,false
5628.0,2019_16_CIN_MIA,2019,REG,16,2019-12-22,MIA,CIN,MIA,CIN,home,5.0,,0.0,,0.0,0.0,0.0,38.0,35.0,3.0,1.0,0.0,,,,,0.0,0.0,outdoors,76.0,15.0,,,,,,,0.0,0.0,30.0,5628.0,GO,,,true,false
4195.0,2019_14_NYG_PHI,2019,REG,14,2019-12-09,PHI,NYG,PHI,NYG,home,5.0,,0.0,35.0,600.0,600.0,600.0,17.0,17.0,0.0,2.0,2.0,0.5268756,0.5268756,0.0,0.0,0.0,0.0,outdoors,53.0,11.0,0.0,,65.0,0.0,0.0,0.0,0.0,0.0,27.0,4195.0,GO,false,,true,true
4210.0,2019_14_NYG_PHI,2019,REG,14,2019-12-09,PHI,NYG,PHI,NYG,home,5.0,1.0,10.0,75.0,600.0,600.0,600.0,17.0,17.0,0.0,2.0,2.0,0.5268756,0.5268756,0.053769305,0.6080756,0.0,0.0,outdoors,53.0,11.0,0.0,,,0.0,0.0,0.0,0.0,0.0,27.0,4210.0,GO,false,,true,true
4246.0,2019_14_NYG_PHI,2019,REG,14,2019-12-09,PHI,NYG,PHI,NYG,home,5.0,1.0,10.0,64.0,568.0,568.0,568.0,17.0,17.0,0.0,2.0,2.0,0.58064497,0.58064497,0.17699029,1.4856563,1.0,0.0,outdoors,53.0,11.0,0.0,,,0.0,0.0,0.0,0.0,0.0,27.0,4246.0,GO,false,,true,true
4272.0,2019_14_NYG_PHI,2019,REG,14,2019-12-09,PHI,NYG,PHI,NYG,home,5.0,1.0,10.0,39.0,538.0,538.0,538.0,17.0,17.0,0.0,2.0,2.0,0.75763524,0.75763524,0.10398793,0.8230273,1.0,0.0,outdoors,53.0,11.0,0.0,,,0.0,0.0,0.0,0.0,0.0,27.0,4272.0,GO,false,,true,true
4296.0,2019_14_NYG_PHI,2019,REG,14,2019-12-09,PHI,NYG,PHI,NYG,home,5.0,1.0,10.0,26.0,497.0,497.0,497.0,17.0,17.0,0.0,2.0,2.0,0.86162317,0.86162317,-0.028120598,-0.4273988,1.0,0.0,outdoors,53.0,11.0,0.0,,,0.0,0.0,0.0,0.0,0.0,27.0,4296.0,GO,false,,true,true
4317.0,2019_14_NYG_PHI,2019,REG,14,2019-12-09,PHI,NYG,PHI,NYG,home,5.0,2.0,10.0,26.0,453.0,453.0,453.0,17.0,17.0,0.0,2.0,2.0,0.8335026,0.8335026,0.046563957,0.4423033,1.0,0.0,outdoors,53.0,11.0,0.0,,,0.0,0.0,0.0,0.0,0.0,27.0,4317.0,GO,false,,true,true
4341.0,2019_14_NYG_PHI,2019,REG,14,2019-12-09,PHI,NYG,PHI,NYG,home,5.0,3.0,2.0,18.0,409.0,409.0,409.0,17.0,17.0,0.0,2.0,2.0,0.8800665,0.8800665,0.0446364,1.0717808,0.0,0.0,outdoors,53.0,11.0,0.0,,,0.0,0.0,0.0,0.0,0.0,27.0,4341.0,GO,false,,true,true
4362.0,2019_14_NYG_PHI,2019,REG,14,2019-12-09,PHI,NYG,PHI,NYG,home,5.0,1.0,8.0,8.0,360.0,360.0,360.0,17.0,17.0,0.0,2.0,2.0,0.92470294,0.92470294,0.0047639906,0.56516594,0.0,0.0,outdoors,53.0,11.0,0.0,,,0.0,0.0,0.0,0.0,0.0,27.0,4362.0,GO,false,,true,true
4400.0,2019_14_NYG_PHI,2019,REG,14,2019-12-09,PHI,NYG,PHI,NYG,home,5.0,2.0,2.0,2.0,313.0,313.0,313.0,17.0,17.0,0.0,1.0,2.0,0.9294669,0.9294669,0.07053309,1.2768315,1.0,0.0,outdoors,53.0,11.0,0.0,,,0.0,0.0,0.0,0.0,0.0,27.0,4400.0,GO,false,,true,true
4425.0,2019_14_NYG_PHI,2019,REG,14,2019-12-09,PHI,NYG,PHI,NYG,home,5.0,,0.0,,310.0,310.0,310.0,23.0,17.0,6.0,1.0,2.0,,,,,0.0,0.0,outdoors,53.0,11.0,,,,,,,0.0,0.0,27.0,4425.0,GO,,,true,true
4378.0,2020_08_NO_CHI,2020,REG,8,2020-11-01,CHI,NO,NO,CHI,away,5.0,,0.0,35.0,600.0,600.0,600.0,23.0,23.0,0.0,2.0,2.0,0.50375366,0.50375366,-0.0,-0.0,0.0,0.0,outdoors,40.0,20.0,0.0,,65.0,0.0,0.0,0.0,0.0,0.0,23.0,4378.0,GO,false,,false,true
4393.0,2020_08_NO_CHI,2020,REG,8,2020-11-01,CHI,NO,NO,CHI,away,5.0,1.0,10.0,75.0,600.0,600.0,600.0,23.0,23.0,0.0,2.0,2.0,0.50375366,0.50375366,0.033418223,0.3685363,0.0,0.0,outdoors,40.0,20.0,0.0,,,0.0,0.0,0.0,0.0,0.0,23.0,4393.0,GO,false,,false,true
4417.0,2020_08_NO_CHI,2020,REG,8,2020-11-01,CHI,NO,NO,CHI,away,5.0,1.0,10.0,65.0,563.0,563.0,563.0,23.0,23.0,0.0,2.0,2.0,0.5371719,0.5371719,0.09161227,1.0136756,1.0,0.0,outdoors,40.0,20.0,0.0,,,0.0,0.0,0.0,0.0,0.0,23.0,4417.0,GO,false,,false,true
4444.0,2020_08_NO_CHI,2020,REG,8,2020-11-01,CHI,NO,NO,CHI,away,5.0,2.0,1.0,56.0,541.0,541.0,541.0,23.0,23.0,0.0,2.0,2.0,0.6287842,0.6287842,0.004834366,-0.04819606,0.0,0.0,outdoors,40.0,20.0,0.0,,,0.0,0.0,0.0,0.0,0.0,23.0,4444.0,GO,false,,false,true
4465.0,2020_08_NO_CHI,2020,REG,8,2020-11-01,CHI,NO,NO,CHI,away,5.0,1.0,10.0,53.0,505.0,505.0,505.0,23.0,23.0,0.0,2.0,2.0,0.63361853,0.63361853,-0.058303863,-0.39158008,0.0,0.0,outdoors,40.0,20.0,0.0,,,0.0,0.0,0.0,0.0,0.0,23.0,4465.0,GO,false,,false,true
4513.0,2020_08_NO_CHI,2020,REG,8,2020-11-01,CHI,NO,NO,CHI,away,5.0,1.0,12.0,55.0,478.0,478.0,478.0,23.0,23.0,0.0,2.0,2.0,0.5753147,0.5753147,-0.043805677,-0.42490184,0.0,0.0,outdoors,40.0,20.0,0.0,,,0.0,0.0,0.0,0.0,0.0,23.0,4513.0,GO,false,,false,true
4535.0,2020_08_NO_CHI,2020,REG,8,2020-11-01,CHI,NO,NO,CHI,away,5.0,2.0,12.0,55.0,473.0,473.0,473.0,23.0,23.0,0.0,2.0,2.0,0.531509,0.531509,-0.07816799,-0.7483469,1.0,0.0,outdoors,40.0,20.0,0.0,,,0.0,0.0,0.0,0.0,0.0,23.0,4535.0,GO,false,,false,true
4557.0,2020_08_NO_CHI,2020,REG,8,2020-11-01,CHI,NO,NO,CHI,away,5.0,3.0,12.0,55.0,469.0,469.0,469.0,23.0,23.0,0.0,2.0,2.0,0.453341,0.453341,-0.039589707,-0.13936438,1.0,0.0,outdoors,40.0,20.0,0.0,,,0.0,0.0,0.0,0.0,0.0,23.0,4557.0,GO,false,,false,true
4581.0,2020_08_NO_CHI,2020,REG,8,2020-11-01,CHI,NO,NO,CHI,away,5.0,4.0,2.0,45.0,419.0,419.0,419.0,23.0,23.0,0.0,2.0,2.0,0.4137513,0.4137513,-0.06906099,-0.71086633,0.0,0.0,outdoors,40.0,20.0,0.0,,,0.0,0.0,0.0,0.0,0.0,23.0,4581.0,GO,false,,false,true
4604.0,2020_08_NO_CHI,2020,REG,8,2020-11-01,CHI,NO,NO,CHI,away,5.0,4.0,7.0,50.0,419.0,419.0,419.0,23.0,23.0,0.0,2.0,2.0,0.34469032,0.34469032,0.24232014,-0.5606788,0.0,0.0,outdoors,40.0,20.0,0.0,,31.0,1.0,0.0,0.0,0.0,0.0,23.0,4604.0,PUNT,false,,false,true
4629.0,2020_08_NO_CHI,2020,REG,8,2020-11-01,CHI,NO,CHI,NO,home,5.0,1.0,10.0,81.0,412.0,412.0,412.0,23.0,23.0,0.0,2.0,2.0,0.41298956,0.41298956,-0.030880686,-0.2799351,1.0,0.0,outdoors,40.0,20.0,0.0,,,0.0,0.0,0.0,0.0,0.0,24.0,4629.0,GO,false,,true,false
4650.0,2020_08_NO_CHI,2020,REG,8,2020-11-01,CHI,NO,CHI,NO,home,5.0,2.0,6.0,77.0,367.0,367.0,367.0,23.0,23.0,0.0,2.0,2.0,0.38210887,0.38210887,-0.15361373,-1.5916983,1.0,0.0,outdoors,40.0,20.0,0.0,,,0.0,0.0,0.0,0.0,0.0,24.0,4650.0,GO,false,,true,false
4669.0,2020_08_NO_CHI,2020,REG,8,2020-11-01,CHI,NO,CHI,NO,home,5.0,3.0,15.0,86.0,321.0,321.0,321.0,23.0,23.0,0.0,2.0,2.0,0.22849512,0.22849512,0.18784517,2.3254378,1.0,0.0,outdoors,40.0,20.0,0.0,,,0.0,0.0,0.0,0.0,0.0,24.0,4669.0,GO,false,,true,false
4704.0,2020_08_NO_CHI,2020,REG,8,2020-11-01,CHI,NO,CHI,NO,home,5.0,1.0,10.0,69.0,291.0,291.0,291.0,23.0,23.0,0.0,2.0,2.0,0.4163403,0.4163403,-0.03950386,-0.41148752,0.0,0.0,outdoors,40.0,20.0,0.0,,,0.0,0.0,0.0,0.0,0.0,24.0,4704.0,GO,false,,true,false
4726.0,2020_08_NO_CHI,2020,REG,8,2020-11-01,CHI,NO,CHI,NO,home,5.0,2.0,10.0,69.0,286.0,286.0,286.0,23.0,23.0,0.0,2.0,2.0,0.37683642,0.37683642,-0.055084564,-0.5770155,1.0,0.0,outdoors,40.0,20.0,0.0,,,0.0,0.0,0.0,0.0,0.0,24.0,4726.0,GO,false,,true,false
4748.0,2020_08_NO_CHI,2020,REG,8,2020-11-01,CHI,NO,CHI,NO,home,5.0,3.0,10.0,69.0,282.0,282.0,282.0,23.0,23.0,0.0,2.0,2.0,0.32175186,0.32175186,-0.14554115,-1.2504536,1.0,0.0,outdoors,40.0,20.0,0.0,,,0.0,0.0,0.0,0.0,0.0,24.0,4748.0,GO,false,,true,false
4767.0,2020_08_NO_CHI,2020,REG,8,2020-11-01,CHI,NO,CHI,NO,home,5.0,4.0,14.0,73.0,240.0,240.0,240.0,23.0,23.0,0.0,2.0,2.0,0.1762107,0.1762107,0.43231592,-0.15077405,0.0,0.0,outdoors,40.0,20.0,0.0,,55.0,1.0,0.0,0.0,0.0,0.0,24.0,4767.0,PUNT,false,,true,false
4797.0,2020_08_NO_CHI,2020,REG,8,2020-11-01,CHI,NO,NO,CHI,away,5.0,1.0,10.0,68.0,228.0,228.0,228.0,23.0,23.0,0.0,2.0,2.0,0.39147338,0.39147338,0.0047840886,0.04824852,0.0,0.0,outdoors,40.0,20.0,0.0,,,0.0,0.0,0.0,0.0,0.0,25.0,4797.0,GO,false,,false,false
4827.0,2020_08_NO_CHI,2020,REG,8,2020-11-01,CHI,NO,NO,CHI,away,5.0,2.0,4.0,62.0,183.0,183.0,183.0,23.0,23.0,0.0,2.0,2.0,0.39625746,0.39625746,0.0907767,0.8383604,1.0,0.0,outdoors,40.0,20.0,0.0,,,0.0,0.0,0.0,0.0,0.0,25.0,4827.0,GO,false,,false,false
4850.0,2020_08_NO_CHI,2020,REG,8,2020-11-01,CHI,NO,NO,CHI,away,5.0,1.0,10.0,52.0,142.0,142.0,142.0,23.0,23.0,0.0,2.0,2.0,0.48703417,0.48703417,-0.047320087,-0.4218675,1.0,0.0,outdoors,40.0,20.0,0.0,,,0.0,0.0,0.0,0.0,0.0,25.0,4850.0,GO,false,,false,false
4874.0,2020_08_NO_CHI,2020,REG,8,2020-11-01,CHI,NO,NO,CHI,away,5.0,2.0,10.0,52.0,135.0,135.0,135.0,23.0,23.0,0.0,2.0,2.0,0.43971407,0.43971407,0.15702899,1.1938603,1.0,0.0,outdoors,40.0,20.0,0.0,,,0.0,0.0,0.0,0.0,0.0,25.0,4874.0,GO,false,,false,false
4915.0,2020_08_NO_CHI,2020,REG,8,2020-11-01,CHI,NO,NO,CHI,away,5.0,1.0,10.0,38.0,120.0,120.0,120.0,23.0,23.0,0.0,2.0,2.0,0.59674305,0.59674305,-0.113289855,-0.8846465,1.0,0.0,outdoors,40.0,20.0,0.0,,,0.0,0.0,0.0,0.0,0.0,25.0,4915.0,GO,false,,false,false
4953.0,2020_08_NO_CHI,2020,REG,8,2020-11-01,CHI,NO,NO,CHI,away,5.0,2.0,8.0,36.0,111.0,111.0,111.0,23.0,23.0,0.0,2.0,1.0,0.4834532,0.4834532,0.13474326,0.87969714,1.0,0.0,outdoors,40.0,20.0,0.0,,,0.0,0.0,0.0,0.0,0.0,25.0,4953.0,GO,false,,false,false
5003.0,2020_08_NO_CHI,2020,REG,8,2020-11-01,CHI,NO,NO,CHI,away,5.0,1.0,10.0,31.0,107.0,107.0,107.0,23.0,23.0,0.0,1.0,1.0,0.6181965,0.6181965,0.20323114,1.5559105,0.0,0.0,outdoors,40.0,20.0,0.0,,,0.0,0.0,0.0,0.0,0.0,25.0,5003.0,GO,false,,false,false
5029.0,2020_08_NO_CHI,2020,REG,8,2020-11-01,CHI,NO,NO,CHI,away,5.0,1.0,10.0,11.0,100.0,100.0,100.0,23.0,23.0,0.0,1.0,1.0,0.82142764,0.82142764,0.10774064,-1.7594302,0.0,0.0,outdoors,40.0,20.0,0.0,,,0.0,0.0,0.0,0.0,0.0,25.0,5029.0,GO,false,,false,false
5069.0,2020_08_NO_CHI,2020,REG,8,2020-11-01,CHI,NO,NO,CHI,away,5.0,1.0,15.0,16.0,100.0,100.0,100.0,23.0,23.0,0.0,1.0,0.0,0.9291683,0.9291683,0.070831746,0.2756349,0.0,0.0,outdoors,40.0,20.0,1.0,made,35.0,0.0,0.0,0.0,0.0,0.0,25.0,5069.0,FG,false,true,false,false
5088.0,2020_08_NO_CHI,2020,REG,8,2020-11-01,CHI,NO,CHI,NO,home,5.0,,0.0,,96.0,96.0,96.0,23.0,26.0,-3.0,0.0,1.0,,,,,0.0,0.0,outdoors,40.0,20.0,,,,,,,0.0,0.0,26.0,5088.0,GO,,,true,false
4607.0,2020_13_JAX_MIN,2020,REG,13,2020-12-06,MIN,JAX,MIN,JAX,home,5.0,,0.0,35.0,600.0,600.0,600.0,24.0,24.0,0.0,2.0,2.0,0.5730145,0.5730145,0.0,-0.14912112,0.0,0.0,dome,,,0.0,,65.0,0.0,0.0,0.0,0.0,0.0,28.0,4607.0,GO,false,,true,true
4629.0,2020_13_JAX_MIN,2020,REG,13,2020-12-06,MIN,JAX,MIN,JAX,home,5.0,1.0,10.0,76.0,596.0,596.0,596.0,24.0,24.0,0.0,2.0,2.0,0.5730145,0.5730145,-0.16594987,-1.6867584,0.0,0.0,dome,,,0.0,,,0.0,0.0,0.0,0.0,0.0,28.0,4629.0,GO,false,,true,true
4648.0,2020_13_JAX_MIN,2020,REG,13,2020-12-06,MIN,JAX,MIN,JAX,home,5.0,2.0,19.0,85.0,557.0,557.0,557.0,24.0,24.0,0.0,2.0,2.0,0.40706465,0.40706465,-0.07048432,-0.7422979,1.0,0.0,dome,,,0.0,,,0.0,0.0,0.0,0.0,0.0,28.0,4648.0,GO,false,,true,true
4687.0,2020_13_JAX_MIN,2020,REG,13,2020-12-06,MIN,JAX,MIN,JAX,home,5.0,3.0,19.0,85.0,553.0,553.0,553.0,24.0,24.0,0.0,1.0,2.0,0.33658034,0.33658034,-0.09668223,-0.9236863,1.0,0.0,dome,,,0.0,,,0.0,0.0,0.0,0.0,0.0,28.0,4687.0,GO,false,,true,true
4722.0,2020_13_JAX_MIN,2020,REG,13,2020-12-06,MIN,JAX,MIN,JAX,home,5.0,3.0,26.0,92.0,532.0,532.0,532.0,24.0,24.0,0.0,1.0,2.0,0.2398981,0.2398981,0.051487744,0.6595725,1.0,0.0,dome,,,0.0,,,0.0,0.0,0.0,0.0,0.0,28.0,4722.0,GO,false,,true,true
4746.0,2020_13_JAX_MIN,2020,REG,13,2020-12-06,MIN,JAX,MIN,JAX,home,5.0,4.0,14.0,80.0,496.0,496.0,496.0,24.0,24.0,0.0,1.0,2.0,0.29138586,0.29138586,0.21493542,0.3518441,0.0,0.0,dome,,,0.0,,52.0,1.0,0.0,0.0,0.0,0.0,28.0,4746.0,PUNT,false,,true,true
4782.0,2020_13_JAX_MIN,2020,REG,13,2020-12-06,MIN,JAX,JAX,MIN,away,5.0,1.0,10.0,82.0,486.0,486.0,486.0,24.0,24.0,0.0,2.0,1.0,0.49367872,0.49367872,-0.04911769,-0.5665171,0.0,0.0,dome,,,0.0,,,0.0,0.0,0.0,0.0,0.0,29.0,4782.0,GO,false,,false,false
4804.0,2020_13_JAX_MIN,2020,REG,13,2020-12-06,MIN,JAX,JAX,MIN,away,5.0,2.0,10.0,82.0,481.0,481.0,481.0,24.0,24.0,0.0,2.0,1.0,0.44456103,0.44456103,-0.06686977,-0.507989,0.0,0.0,dome,,,0.0,,,0.0,0.0,0.0,0.0,0.0,29.0,4804.0,GO,false,,false,false
4825.0,2020_13_JAX_MIN,2020,REG,13,2020-12-06,MIN,JAX,JAX,MIN,away,5.0,3.0,8.0,80.0,439.0,439.0,439.0,24.0,24.0,0.0,2.0,1.0,0.37769127,0.37769127,-0.091388844,-3.005327,1.0,0.0,dome,,,0.0,,,0.0,0.0,0.0,0.0,0.0,29.0,4825.0,GO,false,,false,false
4851.0,2020_13_JAX_MIN,2020,REG,13,2020-12-06,MIN,JAX,MIN,JAX,home,5.0,1.0,10.0,46.0,433.0,433.0,433.0,24.0,24.0,0.0,1.0,2.0,0.71369755,0.71369755,0.06843665,0.5601386,0.0,0.0,dome,,,0.0,,,0.0,0.0,0.0,0.0,0.0,30.0,4851.0,GO,false,,true,false
4875.0,2020_13_JAX_MIN,2020,REG,13,2020-12-06,MIN,JAX,MIN,JAX,home,5.0,2.0,1.0,37.0,401.0,401.0,401.0,24.0,24.0,0.0,1.0,2.0,0.78213423,0.78213423,-0.09559497,-0.7881662,0.0,0.0,dome,,,0.0,,,0.0,0.0,0.0,0.0,0.0,30.0,4875.0,GO,false,,true,false
4908.0,2020_13_JAX_MIN,2020,REG,13,2020-12-06,MIN,JAX,MIN,JAX,home,5.0,2.0,6.0,42.0,395.0,395.0,395.0,24.0,24.0,0.0,1.0,2.0,0.68653923,0.68653923,0.12599601,0.89259654,0.0,0.0,dome,,,0.0,,,0.0,0.0,0.0,0.0,0.0,30.0,4908.0,GO,false,,true,false
4932.0,2020_13_JAX_MIN,2020,REG,13,2020-12-06,MIN,JAX,MIN,JAX,home,5.0,1.0,10.0,32.0,357.0,357.0,357.0,24.0,24.0,0.0,1.0,2.0,0.8125352,0.8125352,0.015687143,0.08200444,0.0,0.0,dome,,,0.0,,,0.0,0.0,0.0,0.0,0.0,30.0,4932.0,GO,false,,true,false
4953.0,2020_13_JAX_MIN,2020,REG,13,2020-12-06,MIN,JAX,MIN,JAX,home,5.0,2.0,5.0,27.0,321.0,321.0,321.0,24.0,24.0,0.0,1.0,2.0,0.8282224,0.8282224,-0.050435364,-0.7631091,0.0,0.0,dome,,,0.0,,,0.0,0.0,0.0,0.0,0.0,30.0,4953.0,GO,false,,true,false
4974.0,2020_13_JAX_MIN,2020,REG,13,2020-12-06,MIN,JAX,MIN,JAX,home,5.0,3.0,6.0,28.0,278.0,278.0,278.0,24.0,24.0,0.0,1.0,2.0,0.777787,0.777787,0.09722637,1.606222,0.0,0.0,dome,,,0.0,,,0.0,0.0,0.0,0.0,0.0,30.0,4974.0,GO,false,,true,false
4995.0,2020_13_JAX_MIN,2020,REG,13,2020-12-06,MIN,JAX,MIN,JAX,home,5.0,1.0,10.0,18.0,243.0,243.0,243.0,24.0,24.0,0.0,1.0,2.0,0.8750134,0.8750134,-0.0015916254,-0.1842632,0.0,0.0,dome,,,0.0,,,0.0,0.0,0.0,0.0,0.0,30.0,4995.0,GO,false,,true,false
5016.0,2020_13_JAX_MIN,2020,REG,13,2020-12-06,MIN,JAX,MIN,JAX,home,5.0,2.0,6.0,14.0,208.0,208.0,208.0,24.0,24.0,0.0,1.0,2.0,0.8734218,0.8734218,-0.025178803,-0.007412627,0.0,0.0,dome,,,0.0,,,0.0,0.0,0.0,0.0,0.0,30.0,5016.0,GO,false,,true,false
5054.0,2020_13_JAX_MIN,2020,REG,13,2020-12-06,MIN,JAX,MIN,JAX,home,5.0,3.0,3.0,11.0,183.0,183.0,183.0,24.0,24.0,0.0,0.0,2.0,0.848243,0.848243,0.047142625,1.2815855,0.0,0.0,dome,,,0.0,,,0.0,0.0,0.0,0.0,0.0,30.0,5054.0,GO,false,,true,false
5075.0,2020_13_JAX_MIN,2020,REG,13,2020-12-06,MIN,JAX,MIN,JAX,home,5.0,1.0,5.0,5.0,147.0,147.0,147.0,24.0,24.0,0.0,0.0,2.0,0.8953856,0.8953856,-0.008938749,-0.032432903,0.0,0.0,dome,,,0.0,,,0.0,0.0,0.0,0.0,0.0,30.0,5075.0,GO,false,,true,false
5113.0,2020_13_JAX_MIN,2020,REG,13,2020-12-06,MIN,JAX,MIN,JAX,home,5.0,2.0,2.0,2.0,120.0,120.0,120.0,24.0,24.0,0.0,0.0,2.0,0.88644683,0.88644683,-0.043782383,-0.40583748,0.0,0.0,dome,,,0.0,,,0.0,0.0,0.0,0.0,0.0,30.0,5113.0,GO,false,,true,false
5151.0,2020_13_JAX_MIN,2020,REG,13,2020-12-06,MIN,JAX,MIN,JAX,home,5.0,3.0,1.0,1.0,113.0,113.0,113.0,24.0,24.0,0.0,0.0,1.0,0.8426645,0.8426645,0.15062532,-2.390683,0.0,0.0,dome,,,0.0,,,0.0,0.0,0.0,0.0,0.0,30.0,5151.0,GO,false,,true,false
5174.0,2020_13_JAX_MIN,2020,REG,13,2020-12-06,MIN,JAX,MIN,JAX,home,5.0,3.0,5.0,5.0,113.0,113.0,113.0,24.0,24.0,0.0,0.0,1.0,0.99328977,0.99328977,0.006710216,0.026569776,0.0,0.0,dome,,,1.0,made,23.0,0.0,0.0,0.0,0.0,0.0,30.0,5174.0,FG,false,true,true,false
5193.0,2020_13_JAX_MIN,2020,REG,13,2020-12-06,MIN,JAX,MIN,JAX,home,5.0,,0.0,,109.0,109.0,109.0,27.0,24.0,3.0,0.0,1.0,,,,,0.0,0.0,dome,,,,,,,,,0.0,0.0,30.0,5193.0,GO,,,true,false
3597.0,2020_15_LAC_LV,2020,REG,15,2020-12-17,LV,LAC,LV,LAC,home,5.0,,0.0,35.0,600.0,600.0,600.0,24.0,24.0,0.0,2.0,2.0,0.45331028,0.45331028,0.0,0.0,0.0,0.0,dome,,,0.0,,65.0,0.0,0.0,0.0,0.0,0.0,18.0,3597.0,GO,false,,true,true
3612.0,2020_15_LAC_LV,2020,REG,15,2020-12-17,LV,LAC,LV,LAC,home,5.0,1.0,10.0,75.0,600.0,600.0,600.0,24.0,24.0,0.0,2.0,2.0,0.45331028,0.45331028,0.0045590433,0.15717733,1.0,0.0,dome,,,0.0,,,0.0,0.0,0.0,0.0,0.0,18.0,3612.0,GO,false,,true,true
3633.0,2020_15_LAC_LV,2020,REG,15,2020-12-17,LV,LAC,LV,LAC,home,5.0,2.0,3.0,68.0,564.0,564.0,564.0,24.0,24.0,0.0,2.0,2.0,0.45786932,0.45786932,0.037629914,0.8402718,1.0,0.0,dome,,,0.0,,,0.0,0.0,0.0,0.0,0.0,18.0,3633.0,GO,false,,true,true
3654.0,2020_15_LAC_LV,2020,REG,15,2020-12-17,LV,LAC,LV,LAC,home,5.0,1.0,10.0,55.0,526.0,526.0,526.0,24.0,24.0,0.0,2.0,2.0,0.49549925,0.49549925,0.037787348,0.6952825,0.0,0.0,dome,,,0.0,,,0.0,0.0,0.0,0.0,0.0,18.0,3654.0,GO,false,,true,true
3678.0,2020_15_LAC_LV,2020,REG,15,2020-12-17,LV,LAC,LV,LAC,home,5.0,2.0,1.0,46.0,484.0,484.0,484.0,24.0,24.0,0.0,2.0,2.0,0.5332866,0.5332866,-0.02555368,-0.114175946,0.0,0.0,dome,,,0.0,,,0.0,0.0,0.0,0.0,0.0,18.0,3678.0,GO,false,,true,true
3699.0,2020_15_LAC_LV,2020,REG,15,2020-12-17,LV,LAC,LV,LAC,home,5.0,1.0,10.0,44.0,444.0,444.0,444.0,24.0,24.0,0.0,2.0,2.0,0.5077329,0.5077329,-0.039381914,-0.47226983,0.0,0.0,dome,,,0.0,,,0.0,0.0,0.0,0.0,0.0,18.0,3699.0,GO,false,,true,true
3721.0,2020_15_LAC_LV,2020,REG,15,2020-12-17,LV,LAC,LV,LAC,home,5.0,2.0,10.0,44.0,438.0,438.0,438.0,24.0,24.0,0.0,2.0,2.0,0.468351,0.468351,0.0725756,1.476204,1.0,0.0,dome,,,0.0,,,0.0,0.0,0.0,0.0,0.0,18.0,3721.0,GO,false,,true,true
3745.0,2020_15_LAC_LV,2020,REG,15,2020-12-17,LV,LAC,LV,LAC,home,5.0,1.0,10.0,27.0,403.0,403.0,403.0,24.0,24.0,0.0,2.0,2.0,0.5409266,0.5409266,-0.04761167,-0.11559276,1.0,0.0,dome,,,0.0,,,0.0,0.0,0.0,0.0,0.0,18.0,3745.0,GO,false,,true,true
3766.0,2020_15_LAC_LV,2020,REG,15,2020-12-17,LV,LAC,LV,LAC,home,5.0,2.0,7.0,24.0,363.0,363.0,363.0,24.0,24.0,0.0,2.0,2.0,0.49331492,0.49331492,0.0711944,0.45342526,0.0,0.0,dome,,,0.0,,,0.0,0.0,0.0,0.0,0.0,18.0,3766.0,GO,false,,true,true
3790.0,2020_15_LAC_LV,2020,REG,15,2020-12-17,LV,LAC,LV,LAC,home,5.0,3.0,1.0,18.0,348.0,348.0,348.0,24.0,24.0,0.0,2.0,2.0,0.56450933,0.56450933,0.041361798,0.33010694,0.0,0.0,dome,,,0.0,,,0.0,0.0,0.0,0.0,0.0,18.0,3790.0,GO,false,,true,true
3840.0,2020_15_LAC_LV,2020,REG,15,2020-12-17,LV,LAC,LV,LAC,home,5.0,1.0,10.0,16.0,308.0,308.0,308.0,24.0,24.0,0.0,2.0,2.0,0.60587114,0.60587114,0.19712225,1.0943689,1.0,0.0,dome,,,0.0,,,0.0,0.0,0.0,0.0,0.0,18.0,3840.0,GO,false,,true,true
3861.0,2020_15_LAC_LV,2020,REG,15,2020-12-17,LV,LAC,LV,LAC,home,5.0,1.0,4.0,4.0,270.0,270.0,270.0,24.0,24.0,0.0,2.0,2.0,0.80299336,0.80299336,-0.036676276,-0.18380827,1.0,0.0,dome,,,0.0,,,0.0,0.0,0.0,0.0,0.0,18.0,3861.0,GO,false,,true,true
3882.0,2020_15_LAC_LV,2020,REG,15,2020-12-17,LV,LAC,LV,LAC,home,5.0,2.0,3.0,3.0,227.0,227.0,227.0,24.0,24.0,0.0,2.0,2.0,0.76631707,0.76631707,-0.30066025,-1.532086,0.0,0.0,dome,,,0.0,,,0.0,0.0,0.0,0.0,0.0,18.0,3882.0,GO,false,,true,true
3920.0,2020_15_LAC_LV,2020,REG,15,2020-12-17,LV,LAC,LV,LAC,home,5.0,3.0,5.0,5.0,206.0,206.0,206.0,24.0,24.0,0.0,2.0,1.0,0.46565685,0.46565685,-0.370017,-1.1876745,0.0,0.0,dome,,,0.0,,,0.0,0.0,0.0,0.0,0.0,18.0,3920.0,GO,false,,true,true
4327.0,2019_17_ATL_TB,2019,REG,17,2019-12-29,TB,ATL,TB,ATL,home,5.0,,0.0,35.0,600.0,600.0,600.0,22.0,22.0,0.0,2.0,2.0,0.5268756,0.5268756,0.0,0.0,0.0,0.0,outdoors,78.0,12.0,0.0,,65.0,0.0,0.0,0.0,0.0,0.0,23.0,4327.0,GO,false,,true,true
4342.0,2019_17_ATL_TB,2019,REG,17,2019-12-29,TB,ATL,TB,ATL,home,5.0,1.0,10.0,75.0,600.0,600.0,600.0,22.0,22.0,0.0,2.0,2.0,0.5268756,0.5268756,-0.5268756,-8.154558,1.0,0.0,outdoors,78.0,12.0,0.0,,,0.0,0.0,0.0,0.0,0.0,23.0,4342.0,GO,false,,true,true
4369.0,2019_17_ATL_TB,2019,REG,17,2019-12-29,TB,ATL,TB,ATL,home,5.0,,0.0,,593.0,593.0,593.0,22.0,28.0,-6.0,2.0,2.0,,,,,0.0,0.0,outdoors,78.0,12.0,,,,,,,0.0,0.0,23.0,4369.0,GO,,,true,true
4560.0,2019_16_NYG_WAS,2019,REG,16,2019-12-22,WAS,NYG,NYG,WAS,away,5.0,,0.0,35.0,600.0,600.0,600.0,35.0,35.0,0.0,2.0,2.0,0.5486382,0.5486382,-0.0,0.41884652,0.0,0.0,outdoors,44.0,6.0,0.0,,66.0,0.0,0.0,0.0,0.0,0.0,23.0,4560.0,GO,false,,false,true
4582.0,2019_16_NYG_WAS,2019,REG,16,2019-12-22,WAS,NYG,NYG,WAS,away,5.0,1.0,10.0,66.0,595.0,595.0,595.0,35.0,35.0,0.0,2.0,2.0,0.5486382,0.5486382,-0.027357657,-0.22150867,1.0,0.0,outdoors,44.0,6.0,0.0,,,0.0,0.0,0.0,0.0,0.0,23.0,4582.0,GO,false,,false,true
4603.0,2019_16_NYG_WAS,2019,REG,16,2019-12-22,WAS,NYG,NYG,WAS,away,5.0,2.0,7.0,63.0,552.0,552.0,552.0,35.0,35.0,0.0,2.0,2.0,0.5212805,0.5212805,-0.06688472,-0.68103373,1.0,0.0,outdoors,44.0,6.0,0.0,,,0.0,0.0,0.0,0.0,0.0,23.0,4603.0,GO,false,,false,true
4625.0,2019_16_NYG_WAS,2019,REG,16,2019-12-22,WAS,NYG,NYG,WAS,away,5.0,3.0,7.0,63.0,547.0,547.0,547.0,35.0,35.0,0.0,2.0,2.0,0.45439583,0.45439583,0.2748595,2.6132858,1.0,0.0,outdoors,44.0,6.0,0.0,,,0.0,0.0,0.0,0.0,0.0,23.0,4625.0,GO,false,,false,true
4649.0,2019_16_NYG_WAS,2019,REG,16,2019-12-22,WAS,NYG,NYG,WAS,away,5.0,1.0,10.0,40.0,513.0,513.0,513.0,35.0,35.0,0.0,2.0,2.0,0.7292553,0.7292553,0.066838846,0.5968463,1.0,0.0,outdoors,44.0,6.0,0.0,,,0.0,0.0,0.0,0.0,0.0,23.0,4649.0,GO,false,,false,true
4670.0,2019_16_NYG_WAS,2019,REG,16,2019-12-22,WAS,NYG,NYG,WAS,away,5.0,2.0,2.0,32.0,473.0,473.0,473.0,35.0,35.0,0.0,2.0,2.0,0.7960942,0.7960942,0.024147514,0.123220526,1.0,0.0,outdoors,44.0,6.0,0.0,,,0.0,0.0,0.0,0.0,0.0,23.0,4670.0,GO,false,,false,true
4691.0,2019_16_NYG_WAS,2019,REG,16,2019-12-22,WAS,NYG,NYG,WAS,away,5.0,1.0,10.0,29.0,433.0,433.0,433.0,35.0,35.0,0.0,2.0,2.0,0.8202417,0.8202417,0.048477758,0.71722,1.0,0.0,outdoors,44.0,6.0,0.0,,,0.0,0.0,0.0,0.0,0.0,23.0,4691.0,GO,false,,false,true
4715.0,2019_16_NYG_WAS,2019,REG,16,2019-12-22,WAS,NYG,NYG,WAS,away,5.0,2.0,1.0,20.0,397.0,397.0,397.0,35.0,35.0,0.0,2.0,2.0,0.86871946,0.86871946,0.023814244,0.20733567,0.0,0.0,outdoors,44.0,6.0,0.0,,,0.0,0.0,0.0,0.0,0.0,23.0,4715.0,GO,false,,false,true
4736.0,2019_16_NYG_WAS,2019,REG,16,2019-12-22,WAS,NYG,NYG,WAS,away,5.0,1.0,10.0,14.0,353.0,353.0,353.0,35.0,35.0,0.0,2.0,2.0,0.89253366,0.89253366,0.050686497,1.378523,0.0,0.0,outdoors,44.0,6.0,0.0,,,0.0,0.0,0.0,0.0,0.0,23.0,4736.0,GO,false,,false,true
4762.0,2019_16_NYG_WAS,2019,REG,16,2019-12-22,WAS,NYG,NYG,WAS,away,5.0,1.0,2.0,2.0,309.0,309.0,309.0,35.0,35.0,0.0,2.0,2.0,0.9432202,0.9432202,-0.023400089,-0.5854222,0.0,0.0,outdoors,44.0,6.0,0.0,,,0.0,0.0,0.0,0.0,0.0,23.0,4762.0,GO,false,,false,true
4783.0,2019_16_NYG_WAS,2019,REG,16,2019-12-22,WAS,NYG,NYG,WAS,away,5.0,2.0,3.0,3.0,265.0,265.0,265.0,35.0,35.0,0.0,2.0,2.0,0.9198201,0.9198201,-0.025222702,-0.9861918,0.0,0.0,outdoors,44.0,6.0,0.0,,,0.0,0.0,0.0,0.0,0.0,23.0,4783.0,GO,false,,false,true
4805.0,2019_16_NYG_WAS,2019,REG,16,2019-12-22,WAS,NYG,NYG,WAS,away,5.0,3.0,3.0,3.0,259.0,259.0,259.0,35.0,35.0,0.0,2.0,2.0,0.8945974,0.8945974,0.105402604,2.43885,1.0,0.0,outdoors,44.0,6.0,0.0,,,0.0,0.0,0.0,0.0,0.0,23.0,4805.0,GO,false,,false,true
4830.0,2019_16_NYG_WAS,2019,REG,16,2019-12-22,WAS,NYG,WAS,NYG,home,5.0,,0.0,,255.0,255.0,255.0,35.0,41.0,-6.0,2.0,2.0,,,,,0.0,0.0,outdoors,44.0,6.0,,,,,,,0.0,0.0,24.0,4830.0,GO,,,true,false
4744.0,2020_07_SEA_ARI,2020,REG,7,2020-10-25,ARI,SEA,SEA,ARI,away,5.0,,0.0,35.0,600.0,600.0,600.0,34.0,34.0,0.0,2.0,2.0,0.56040126,0.56040126,-0.0,-0.0,0.0,0.0,closed,,,0.0,,65.0,0.0,0.0,0.0,0.0,0.0,22.0,4744.0,GO,false,,false,true
4759.0,2020_07_SEA_ARI,2020,REG,7,2020-10-25,ARI,SEA,SEA,ARI,away,5.0,1.0,10.0,75.0,600.0,600.0,600.0,34.0,34.0,0.0,2.0,2.0,0.56040126,0.56040126,0.021579668,0.38702115,1.0,0.0,closed,,,0.0,,,0.0,0.0,0.0,0.0,0.0,22.0,4759.0,GO,false,,false,true
4795.0,2020_07_SEA_ARI,2020,REG,7,2020-10-25,ARI,SEA,SEA,ARI,away,5.0,2.0,2.0,67.0,558.0,558.0,558.0,34.0,34.0,0.0,2.0,2.0,0.58198094,0.58198094,-0.1489209,-1.6088588,1.0,0.0,closed,,,0.0,,,0.0,0.0,0.0,0.0,0.0,22.0,4795.0,GO,false,,false,true
4814.0,2020_07_SEA_ARI,2020,REG,7,2020-10-25,ARI,SEA,SEA,ARI,away,5.0,3.0,8.0,73.0,512.0,512.0,512.0,34.0,34.0,0.0,2.0,2.0,0.43306005,0.43306005,0.22584361,2.5195484,1.0,0.0,closed,,,0.0,,,0.0,0.0,0.0,0.0,0.0,22.0,4814.0,GO,false,,false,true
4848.0,2020_07_SEA_ARI,2020,REG,7,2020-10-25,ARI,SEA,SEA,ARI,away,5.0,1.0,10.0,55.0,469.0,469.0,469.0,34.0,34.0,0.0,2.0,2.0,0.65890366,0.65890366,-0.13803397,-1.2996951,0.0,0.0,closed,,,0.0,,,0.0,0.0,0.0,0.0,0.0,22.0,4848.0,GO,false,,false,true
4874.0,2020_07_SEA_ARI,2020,REG,7,2020-10-25,ARI,SEA,SEA,ARI,away,5.0,2.0,16.0,61.0,425.0,425.0,425.0,34.0,34.0,0.0,2.0,2.0,0.5208697,0.5208697,0.023979349,0.3775291,1.0,0.0,closed,,,0.0,,,0.0,0.0,0.0,0.0,0.0,22.0,4874.0,GO,false,,false,true
4898.0,2020_07_SEA_ARI,2020,REG,7,2020-10-25,ARI,SEA,SEA,ARI,away,5.0,3.0,6.0,51.0,383.0,383.0,383.0,34.0,34.0,0.0,2.0,2.0,0.54484904,0.54484904,-0.06752136,-0.6789055,1.0,0.0,closed,,,0.0,,,0.0,0.0,0.0,0.0,0.0,22.0,4898.0,GO,false,,false,true
4921.0,2020_07_SEA_ARI,2020,REG,7,2020-10-25,ARI,SEA,SEA,ARI,away,5.0,3.0,11.0,56.0,383.0,383.0,383.0,34.0,34.0,0.0,2.0,2.0,0.47732764,0.47732764,-0.19260612,-1.7420542,1.0,0.0,closed,,,0.0,,,0.0,0.0,0.0,0.0,0.0,22.0,4921.0,GO,false,,false,true
4940.0,2020_07_SEA_ARI,2020,REG,7,2020-10-25,ARI,SEA,SEA,ARI,away,5.0,4.0,21.0,66.0,346.0,346.0,346.0,34.0,34.0,0.0,2.0,2.0,0.28472152,0.28472152,0.24802095,-0.24446909,0.0,0.0,closed,,,0.0,,48.0,1.0,0.0,0.0,0.0,0.0,22.0,4940.0,PUNT,false,,false,true
4965.0,2020_07_SEA_ARI,2020,REG,7,2020-10-25,ARI,SEA,ARI,SEA,home,5.0,1.0,10.0,72.0,330.0,330.0,330.0,34.0,34.0,0.0,2.0,2.0,0.46725753,0.46725753,0.018259285,0.3326874,1.0,0.0,closed,,,0.0,,,0.0,0.0,0.0,0.0,0.0,23.0,4965.0,GO,false,,true,false
4989.0,2020_07_SEA_ARI,2020,REG,7,2020-10-25,ARI,SEA,ARI,SEA,home,5.0,2.0,3.0,65.0,298.0,298.0,298.0,34.0,34.0,0.0,2.0,2.0,0.48551682,0.48551682,0.29912132,2.2924302,1.0,1.0,closed,,,0.0,,,0.0,0.0,0.0,0.0,0.0,23.0,4989.0,GO,false,,true,false
5015.0,2020_07_SEA_ARI,2020,REG,7,2020-10-25,ARI,SEA,ARI,SEA,home,5.0,1.0,10.0,33.0,289.0,289.0,289.0,34.0,34.0,0.0,2.0,2.0,0.7846381,0.7846381,0.059823312,0.75491786,1.0,0.0,closed,,,0.0,,,0.0,0.0,0.0,0.0,0.0,23.0,5015.0,GO,false,,true,false
5036.0,2020_07_SEA_ARI,2020,REG,7,2020-10-25,ARI,SEA,ARI,SEA,home,5.0,2.0,1.0,24.0,256.0,256.0,256.0,34.0,34.0,0.0,2.0,2.0,0.84446144,0.84446144,0.03761506,0.29218495,1.0,1.0,closed,,,0.0,,,0.0,0.0,0.0,0.0,0.0,23.0,5036.0,GO,false,,true,false
5057.0,2020_07_SEA_ARI,2020,REG,7,2020-10-25,ARI,SEA,ARI,SEA,home,5.0,1.0,10.0,18.0,216.0,216.0,216.0,34.0,34.0,0.0,2.0,2.0,0.8820765,0.8820765,-0.012280013,-2.4602327,1.0,1.0,closed,,,0.0,,,0.0,0.0,0.0,0.0,0.0,23.0,5057.0,GO,false,,true,false
5101.0,2020_07_SEA_ARI,2020,REG,7,2020-10-25,ARI,SEA,ARI,SEA,home,5.0,2.0,15.0,23.0,167.0,167.0,167.0,34.0,34.0,0.0,1.0,2.0,0.8697965,0.8697965,-0.2431257,-3.5899956,0.0,0.0,closed,,,1.0,missed,41.0,0.0,0.0,0.0,0.0,0.0,23.0,5101.0,FG,false,false,true,false
5121.0,2020_07_SEA_ARI,2020,REG,7,2020-10-25,ARI,SEA,SEA,ARI,away,5.0,1.0,10.0,69.0,162.0,162.0,162.0,34.0,34.0,0.0,2.0,1.0,0.37332922,0.37332922,0.060178127,0.48173368,1.0,0.0,closed,,,0.0,,,0.0,0.0,0.0,0.0,0.0,24.0,5121.0,GO,false,,false,false
5145.0,2020_07_SEA_ARI,2020,REG,7,2020-10-25,ARI,SEA,SEA,ARI,away,5.0,1.0,10.0,58.0,131.0,131.0,131.0,34.0,34.0,0.0,2.0,1.0,0.43350735,0.43350735,-0.11146943,-0.8488213,1.0,0.0,closed,,,0.0,,,0.0,0.0,0.0,0.0,0.0,24.0,5145.0,GO,false,,false,false
5186.0,2020_07_SEA_ARI,2020,REG,7,2020-10-25,ARI,SEA,SEA,ARI,away,5.0,2.0,14.0,62.0,120.0,120.0,120.0,34.0,34.0,0.0,2.0,1.0,0.3220379,0.3220379,0.19559729,1.4303164,1.0,0.0,closed,,,0.0,,,0.0,0.0,0.0,0.0,0.0,24.0,5186.0,GO,false,,false,false
5210.0,2020_07_SEA_ARI,2020,REG,7,2020-10-25,ARI,SEA,SEA,ARI,away,5.0,1.0,10.0,48.0,81.0,81.0,81.0,34.0,34.0,0.0,2.0,1.0,0.5176352,0.5176352,-0.06730042,-0.429531,1.0,1.0,closed,,,0.0,,,0.0,0.0,0.0,0.0,0.0,24.0,5210.0,GO,false,,false,false
5249.0,2020_07_SEA_ARI,2020,REG,7,2020-10-25,ARI,SEA,SEA,ARI,away,5.0,2.0,10.0,48.0,75.0,75.0,75.0,34.0,34.0,0.0,1.0,1.0,0.4503348,0.4503348,-0.0571415,-0.35855812,1.0,0.0,closed,,,0.0,,,0.0,0.0,0.0,0.0,0.0,24.0,5249.0,GO,false,,false,false
5271.0,2020_07_SEA_ARI,2020,REG,7,2020-10-25,ARI,SEA,SEA,ARI,away,5.0,3.0,10.0,48.0,73.0,73.0,73.0,34.0,34.0,0.0,1.0,1.0,0.3931933,0.3931933,-0.05922399,-0.35535958,1.0,0.0,closed,,,0.0,,,0.0,0.0,0.0,0.0,0.0,24.0,5271.0,GO,false,,false,false
5307.0,2020_07_SEA_ARI,2020,REG,7,2020-10-25,ARI,SEA,SEA,ARI,away,5.0,3.0,14.0,52.0,64.0,64.0,64.0,34.0,34.0,0.0,1.0,1.0,0.3339693,0.3339693,0.14684929,-3.3725762,1.0,0.0,closed,,,0.0,,,0.0,0.0,0.0,0.0,0.0,24.0,5307.0,GO,false,,false,false
5348.0,2020_07_SEA_ARI,2020,REG,7,2020-10-25,ARI,SEA,ARI,SEA,home,5.0,1.0,10.0,49.0,57.0,57.0,57.0,34.0,34.0,0.0,1.0,1.0,0.51918143,0.51918143,0.04272929,0.35718548,1.0,0.0,closed,,,0.0,,,0.0,0.0,0.0,0.0,0.0,25.0,5348.0,GO,false,,true,false
5377.0,2020_07_SEA_ARI,2020,REG,7,2020-10-25,ARI,SEA,ARI,SEA,home,5.0,2.0,1.0,40.0,54.0,54.0,54.0,34.0,34.0,0.0,1.0,1.0,0.5619107,0.5619107,0.08342965,-0.005551586,1.0,1.0,closed,,,0.0,,,0.0,0.0,0.0,0.0,0.0,25.0,5377.0,GO,false,,true,false
5398.0,2020_07_SEA_ARI,2020,REG,7,2020-10-25,ARI,SEA,ARI,SEA,home,5.0,1.0,10.0,37.0,34.0,34.0,34.0,34.0,34.0,0.0,1.0,1.0,0.6453403,0.6453403,-0.03430818,-0.16170527,0.0,1.0,closed,,,0.0,,,0.0,0.0,0.0,1.0,0.0,25.0,5398.0,GO,false,,true,false
5420.0,2020_07_SEA_ARI,2020,REG,7,2020-10-25,ARI,SEA,ARI,SEA,home,5.0,2.0,10.0,37.0,33.0,33.0,33.0,34.0,34.0,0.0,1.0,1.0,0.6110322,0.6110322,0.05554127,0.24586019,1.0,0.0,closed,,,0.0,,,0.0,0.0,0.0,0.0,0.0,25.0,5420.0,GO,false,,true,false
5461.0,2020_07_SEA_ARI,2020,REG,7,2020-10-25,ARI,SEA,ARI,SEA,home,5.0,3.0,3.0,30.0,25.0,25.0,25.0,34.0,34.0,0.0,0.0,1.0,0.6665734,0.6665734,0.09331152,-0.37287876,1.0,0.0,closed,,,0.0,,,0.0,0.0,0.0,0.0,0.0,25.0,5461.0,GO,false,,true,false
5483.0,2020_07_SEA_ARI,2020,REG,7,2020-10-25,ARI,SEA,ARI,SEA,home,5.0,4.0,3.0,30.0,20.0,20.0,20.0,34.0,34.0,0.0,0.0,1.0,0.75988495,0.75988495,0.24011505,0.7909539,0.0,0.0,closed,,,1.0,made,48.0,0.0,0.0,0.0,0.0,0.0,25.0,5483.0,FG,false,true,true,false
5502.0,2020_07_SEA_ARI,2020,REG,7,2020-10-25,ARI,SEA,ARI,SEA,home,5.0,,0.0,,15.0,15.0,15.0,37.0,34.0,3.0,0.0,1.0,,,,,0.0,0.0,closed,,,,,,,,,0.0,0.0,25.0,5502.0,GO,,,true,false
4340.0,2020_03_CIN_PHI,2020,REG,3,2020-09-27,PHI,CIN,CIN,PHI,away,5.0,,0.0,35.0,600.0,600.0,600.0,23.0,23.0,0.0,2.0,2.0,0.50375366,0.50375366,-0.0,-0.0,0.0,0.0,outdoors,76.0,5.0,0.0,,65.0,0.0,0.0,0.0,0.0,0.0,22.0,4340.0,GO,false,,false,true
4355.0,2020_03_CIN_PHI,2020,REG,3,2020-09-27,PHI,CIN,CIN,PHI,away,5.0,1.0,10.0,75.0,600.0,600.0,600.0,23.0,23.0,0.0,2.0,2.0,0.50375366,0.50375366,0.058016356,0.62334085,1.0,0.0,outdoors,76.0,5.0,0.0,,,0.0,0.0,0.0,0.0,0.0,22.0,4355.0,GO,false,,false,true
4379.0,2020_03_CIN_PHI,2020,REG,3,2020-09-27,PHI,CIN,CIN,PHI,away,5.0,1.0,10.0,63.0,564.0,564.0,564.0,23.0,23.0,0.0,2.0,2.0,0.56177,0.56177,0.025251964,0.35782862,0.0,0.0,outdoors,76.0,5.0,0.0,,,0.0,0.0,0.0,0.0,0.0,22.0,4379.0,GO,false,,false,true
4400.0,2020_03_CIN_PHI,2020,REG,3,2020-09-27,PHI,CIN,CIN,PHI,away,5.0,2.0,4.0,57.0,523.0,523.0,523.0,23.0,23.0,0.0,2.0,2.0,0.587022,0.587022,-0.07473856,-0.7819674,0.0,0.0,outdoors,76.0,5.0,0.0,,,0.0,0.0,0.0,0.0,0.0,22.0,4400.0,GO,false,,false,true
4422.0,2020_03_CIN_PHI,2020,REG,3,2020-09-27,PHI,CIN,CIN,PHI,away,5.0,3.0,4.0,57.0,519.0,519.0,519.0,23.0,23.0,0.0,2.0,2.0,0.51228344,0.51228344,-0.160722,-1.3737018,1.0,0.0,outdoors,76.0,5.0,0.0,,,0.0,0.0,0.0,0.0,0.0,22.0,4422.0,GO,false,,false,true
4446.0,2020_03_CIN_PHI,2020,REG,3,2020-09-27,PHI,CIN,CIN,PHI,away,5.0,4.0,4.0,57.0,480.0,480.0,480.0,23.0,23.0,0.0,2.0,2.0,0.35156143,0.35156143,0.2591178,0.018301336,0.0,0.0,outdoors,76.0,5.0,0.0,,46.0,1.0,0.0,0.0,0.0,0.0,22.0,4446.0,PUNT,false,,false,true
4465.0,2020_03_CIN_PHI,2020,REG,3,2020-09-27,PHI,CIN,PHI,CIN,home,5.0,1.0,10.0,89.0,472.0,472.0,472.0,23.0,23.0,0.0,2.0,2.0,0.38932076,0.38932076,-0.038031396,-0.41582093,0.0,0.0,outdoors,76.0,5.0,0.0,,,0.0,0.0,0.0,0.0,0.0,23.0,4465.0,GO,false,,true,false
4487.0,2020_03_CIN_PHI,2020,REG,3,2020-09-27,PHI,CIN,PHI,CIN,home,5.0,2.0,10.0,89.0,468.0,468.0,468.0,23.0,23.0,0.0,2.0,2.0,0.35128936,0.35128936,-0.06451813,-0.6342813,1.0,0.0,outdoors,76.0,5.0,0.0,,,0.0,0.0,0.0,0.0,0.0,23.0,4487.0,GO,false,,true,false
4508.0,2020_03_CIN_PHI,2020,REG,3,2020-09-27,PHI,CIN,PHI,CIN,home,5.0,3.0,8.0,87.0,431.0,431.0,431.0,23.0,23.0,0.0,2.0,2.0,0.28677124,0.28677124,-0.09184033,-0.89779633,1.0,0.0,outdoors,76.0,5.0,0.0,,,0.0,0.0,0.0,0.0,0.0,23.0,4508.0,GO,false,,true,false
4530.0,2020_03_CIN_PHI,2020,REG,3,2020-09-27,PHI,CIN,PHI,CIN,home,5.0,4.0,8.0,87.0,428.0,428.0,428.0,23.0,23.0,0.0,2.0,2.0,0.19493091,0.19493091,0.25118765,-0.14197962,0.0,0.0,outdoors,76.0,5.0,0.0,,56.0,1.0,0.0,0.0,0.0,0.0,23.0,4530.0,PUNT,false,,true,false
4555.0,2020_03_CIN_PHI,2020,REG,3,2020-09-27,PHI,CIN,CIN,PHI,away,5.0,1.0,10.0,59.0,417.0,417.0,417.0,23.0,23.0,0.0,2.0,2.0,0.55388147,0.55388147,-0.090471454,-0.76726973,0.0,0.0,outdoors,76.0,5.0,0.0,,,0.0,0.0,0.0,0.0,0.0,24.0,4555.0,GO,false,,false,false
4574.0,2020_03_CIN_PHI,2020,REG,3,2020-09-27,PHI,CIN,CIN,PHI,away,5.0,2.0,11.0,60.0,378.0,378.0,378.0,23.0,23.0,0.0,2.0,2.0,0.46341,0.46341,-0.09717833,-0.72630185,1.0,0.0,outdoors,76.0,5.0,0.0,,,0.0,0.0,0.0,0.0,0.0,24.0,4574.0,GO,false,,false,false
4619.0,2020_03_CIN_PHI,2020,REG,3,2020-09-27,PHI,CIN,CIN,PHI,away,5.0,2.0,21.0,70.0,356.0,356.0,356.0,23.0,23.0,0.0,2.0,2.0,0.36623165,0.36623165,-0.059999626,-0.63565123,1.0,0.0,outdoors,76.0,5.0,0.0,,,0.0,0.0,0.0,0.0,0.0,24.0,4619.0,GO,false,,false,false
4641.0,2020_03_CIN_PHI,2020,REG,3,2020-09-27,PHI,CIN,CIN,PHI,away,5.0,3.0,21.0,70.0,351.0,351.0,351.0,23.0,23.0,0.0,2.0,2.0,0.30623204,0.30623204,-0.07646075,-0.7445958,1.0,0.0,outdoors,76.0,5.0,0.0,,,0.0,0.0,0.0,0.0,0.0,24.0,4641.0,GO,false,,false,false
4663.0,2020_03_CIN_PHI,2020,REG,3,2020-09-27,PHI,CIN,CIN,PHI,away,5.0,4.0,21.0,70.0,345.0,345.0,345.0,23.0,23.0,0.0,2.0,2.0,0.22977129,0.22977129,0.3775251,0.30728447,0.0,0.0,outdoors,76.0,5.0,0.0,,48.0,1.0,0.0,0.0,0.0,0.0,24.0,4663.0,PUNT,false,,false,false
4688.0,2020_03_CIN_PHI,2020,REG,3,2020-09-27,PHI,CIN,PHI,CIN,home,5.0,1.0,10.0,77.0,332.0,332.0,332.0,23.0,23.0,0.0,2.0,2.0,0.39270362,0.39270362,-0.042399775,-0.22103548,1.0,0.0,outdoors,76.0,5.0,0.0,,,0.0,0.0,0.0,0.0,0.0,25.0,4688.0,GO,false,,true,false
4712.0,2020_03_CIN_PHI,2020,REG,3,2020-09-27,PHI,CIN,PHI,CIN,home,5.0,2.0,6.0,73.0,292.0,292.0,292.0,23.0,23.0,0.0,2.0,2.0,0.35030386,0.35030386,0.24616586,2.1980822,1.0,0.0,outdoors,76.0,5.0,0.0,,,0.0,0.0,0.0,0.0,0.0,25.0,4712.0,GO,false,,true,false
4736.0,2020_03_CIN_PHI,2020,REG,3,2020-09-27,PHI,CIN,PHI,CIN,home,5.0,1.0,10.0,43.0,245.0,245.0,245.0,23.0,23.0,0.0,2.0,2.0,0.5964697,0.5964697,-0.06499718,-0.5408337,1.0,0.0,outdoors,76.0,5.0,0.0,,,0.0,0.0,0.0,0.0,0.0,25.0,4736.0,GO,false,,true,false
4785.0,2020_03_CIN_PHI,2020,REG,3,2020-09-27,PHI,CIN,PHI,CIN,home,5.0,1.0,15.0,48.0,243.0,243.0,243.0,23.0,23.0,0.0,2.0,2.0,0.5314725,0.5314725,-0.0069185374,-0.015615985,1.0,0.0,outdoors,76.0,5.0,0.0,,,0.0,0.0,0.0,0.0,0.0,25.0,4785.0,GO,false,,true,false
4809.0,2020_03_CIN_PHI,2020,REG,3,2020-09-27,PHI,CIN,PHI,CIN,home,5.0,2.0,9.0,42.0,204.0,204.0,204.0,23.0,23.0,0.0,2.0,2.0,0.524554,0.524554,-0.09967498,-0.7309428,1.0,0.0,outdoors,76.0,5.0,0.0,,,0.0,0.0,0.0,0.0,0.0,25.0,4809.0,GO,false,,true,false
4841.0,2020_03_CIN_PHI,2020,REG,3,2020-09-27,PHI,CIN,PHI,CIN,home,5.0,2.0,19.0,52.0,196.0,196.0,196.0,23.0,23.0,0.0,2.0,2.0,0.424879,0.424879,-0.062241107,-0.35718492,1.0,0.0,outdoors,76.0,5.0,0.0,,,0.0,0.0,0.0,0.0,0.0,25.0,4841.0,GO,false,,true,false
4880.0,2020_03_CIN_PHI,2020,REG,3,2020-09-27,PHI,CIN,PHI,CIN,home,5.0,3.0,19.0,52.0,188.0,188.0,188.0,23.0,23.0,0.0,1.0,2.0,0.3626379,0.3626379,-0.12315491,-0.95119935,1.0,0.0,outdoors,76.0,5.0,0.0,,,0.0,0.0,0.0,0.0,0.0,25.0,4880.0,GO,false,,true,false
4902.0,2020_03_CIN_PHI,2020,REG,3,2020-09-27,PHI,CIN,PHI,CIN,home,5.0,4.0,19.0,52.0,183.0,183.0,183.0,23.0,23.0,0.0,1.0,2.0,0.239483,0.239483,0.55442876,-0.12519094,0.0,0.0,outdoors,76.0,5.0,0.0,,43.0,1.0,0.0,0.0,0.0,0.0,25.0,4902.0,PUNT,false,,true,false
4921.0,2020_03_CIN_PHI,2020,REG,3,2020-09-27,PHI,CIN,CIN,PHI,away,5.0,1.0,10.0,91.0,176.0,176.0,176.0,23.0,23.0,0.0,2.0,1.0,0.20608823,0.20608823,0.037494585,0.4488262,1.0,0.0,outdoors,76.0,5.0,0.0,,,0.0,0.0,0.0,0.0,0.0,26.0,4921.0,GO,false,,false,false
4945.0,2020_03_CIN_PHI,2020,REG,3,2020-09-27,PHI,CIN,CIN,PHI,away,5.0,1.0,10.0,80.0,139.0,139.0,139.0,23.0,23.0,0.0,2.0,1.0,0.24358281,0.24358281,-0.08843433,-0.7900711,1.0,0.0,outdoors,76.0,5.0,0.0,,,0.0,0.0,0.0,0.0,0.0,26.0,4945.0,GO,false,,false,false
4981.0,2020_03_CIN_PHI,2020,REG,3,2020-09-27,PHI,CIN,CIN,PHI,away,5.0,2.0,16.0,86.0,120.0,120.0,120.0,23.0,23.0,0.0,2.0,1.0,0.15514849,0.15514849,-0.03113161,-0.41384545,1.0,0.0,outdoors,76.0,5.0,0.0,,,0.0,0.0,0.0,0.0,0.0,26.0,4981.0,GO,false,,false,false
5003.0,2020_03_CIN_PHI,2020,REG,3,2020-09-27,PHI,CIN,CIN,PHI,away,5.0,3.0,16.0,86.0,115.0,115.0,115.0,23.0,23.0,0.0,2.0,1.0,0.12401687,0.12401687,-0.08161004,-1.0597354,1.0,0.0,outdoors,76.0,5.0,0.0,,,0.0,0.0,0.0,0.0,0.0,26.0,5003.0,GO,false,,false,false
5039.0,2020_03_CIN_PHI,2020,REG,3,2020-09-27,PHI,CIN,CIN,PHI,away,5.0,4.0,23.0,93.0,109.0,109.0,109.0,23.0,23.0,0.0,2.0,0.0,0.04240683,0.04240683,0.5583848,-0.24815525,0.0,0.0,outdoors,76.0,5.0,0.0,,49.0,1.0,0.0,0.0,0.0,0.0,26.0,5039.0,PUNT,false,,false,false
5069.0,2020_03_CIN_PHI,2020,REG,3,2020-09-27,PHI,CIN,PHI,CIN,home,5.0,1.0,10.0,55.0,101.0,101.0,101.0,23.0,23.0,0.0,0.0,2.0,0.3992084,0.3992084,0.05634663,0.39518628,1.0,0.0,outdoors,76.0,5.0,0.0,,,0.0,0.0,0.0,0.0,0.0,27.0,5069.0,GO,false,,true,false
5098.0,2020_03_CIN_PHI,2020,REG,3,2020-09-27,PHI,CIN,PHI,CIN,home,5.0,2.0,3.0,48.0,96.0,96.0,96.0,23.0,23.0,0.0,0.0,2.0,0.45555502,0.45555502,-0.09367952,-0.55833524,1.0,0.0,outdoors,76.0,5.0,0.0,,,0.0,0.0,0.0,0.0,0.0,27.0,5098.0,GO,false,,true,false
5136.0,2020_03_CIN_PHI,2020,REG,3,2020-09-27,PHI,CIN,PHI,CIN,home,5.0,3.0,1.0,46.0,94.0,94.0,94.0,23.0,23.0,0.0,0.0,1.0,0.3618755,0.3618755,-0.028312337,-0.21447627,0.0,0.0,outdoors,76.0,5.0,0.0,,,0.0,0.0,0.0,0.0,0.0,27.0,5136.0,GO,false,,true,false
5200.0,2020_03_CIN_PHI,2020,REG,3,2020-09-27,PHI,CIN,PHI,CIN,home,5.0,1.0,10.0,44.0,86.0,86.0,86.0,23.0,23.0,0.0,0.0,0.0,0.33356318,0.33356318,-0.014002395,-0.41297507,1.0,0.0,outdoors,76.0,5.0,0.0,,,0.0,0.0,0.0,0.0,0.0,27.0,5200.0,GO,false,,true,false
5221.0,2020_03_CIN_PHI,2020,REG,3,2020-09-27,PHI,CIN,PHI,CIN,home,5.0,2.0,9.0,43.0,45.0,45.0,45.0,23.0,23.0,0.0,0.0,0.0,0.3195608,0.3195608,-0.047415577,-0.22010659,1.0,0.0,outdoors,76.0,5.0,0.0,,,0.0,0.0,0.0,0.0,0.0,27.0,5221.0,GO,false,,true,false
5242.0,2020_03_CIN_PHI,2020,REG,3,2020-09-27,PHI,CIN,PHI,CIN,home,5.0,3.0,7.0,41.0,23.0,23.0,23.0,23.0,23.0,0.0,0.0,0.0,0.2721452,0.2721452,-0.16516238,-0.59899855,1.0,1.0,outdoors,76.0,5.0,0.0,,,0.0,0.0,0.0,0.0,0.0,27.0,5242.0,GO,false,,true,false
5273.0,2020_03_CIN_PHI,2020,REG,3,2020-09-27,PHI,CIN,PHI,CIN,home,5.0,4.0,7.0,41.0,19.0,19.0,19.0,23.0,23.0,0.0,0.0,0.0,0.10698282,0.10698282,-0.03264957,-0.14288579,0.0,0.0,outdoors,76.0,5.0,0.0,,,0.0,0.0,0.0,0.0,0.0,27.0,5273.0,GO,false,,true,false
5302.0,2020_03_CIN_PHI,2020,REG,3,2020-09-27,PHI,CIN,PHI,CIN,home,5.0,4.0,12.0,46.0,19.0,19.0,19.0,23.0,23.0,0.0,0.0,0.0,0.07433324,0.07433324,-0.030620417,-0.11820992,0.0,0.0,outdoors,76.0,5.0,0.0,,,0.0,0.0,0.0,0.0,0.0,27.0,5302.0,GO,false,,true,false
5335.0,2020_03_CIN_PHI,2020,REG,3,2020-09-27,PHI,CIN,PHI,CIN,home,5.0,4.0,17.0,51.0,19.0,19.0,19.0,23.0,23.0,0.0,0.0,0.0,0.043712832,0.043712832,0.9446561,-0.07442123,0.0,0.0,outdoors,76.0,5.0,0.0,,40.0,1.0,0.0,0.0,0.0,0.0,27.0,5335.0,PUNT,false,,true,false
5355.0,2020_03_CIN_PHI,2020,REG,3,2020-09-27,PHI,CIN,CIN,PHI,away,5.0,1.0,10.0,89.0,13.0,13.0,13.0,23.0,23.0,0.0,0.0,0.0,0.011631114,0.011631114,0.4883689,0.026663508,1.0,0.0,outdoors,76.0,5.0,0.0,,,0.0,0.0,0.0,0.0,0.0,28.0,5355.0,GO,false,,false,false
5376.0,2020_03_CIN_PHI,2020,REG,3,2020-09-27,PHI,CIN,CIN,PHI,away,5.0,,0.0,,0.0,0.0,0.0,23.0,23.0,0.0,0.0,0.0,,,,,0.0,0.0,outdoors,76.0,5.0,,,,,,,0.0,0.0,28.0,5376.0,GO,,,false,false
4450.0,2020_05_LAC_NO,2020,REG,5,2020-10-12,NO,LAC,NO,LAC,home,5.0,,0.0,35.0,600.0,600.0,600.0,27.0,27.0,0.0,2.0,2.0,0.6301203,0.6301203,0.0,0.3995175,0.0,0.0,dome,,,0.0,,62.0,0.0,0.0,0.0,0.0,0.0,26.0,4450.0,GO,false,,true,true
4472.0,2020_05_LAC_NO,2020,REG,5,2020-10-12,NO,LAC,NO,LAC,home,5.0,1.0,10.0,66.0,593.0,593.0,593.0,27.0,27.0,0.0,2.0,2.0,0.6301203,0.6301203,0.056043286,0.62929934,1.0,0.0,dome,,,0.0,,,0.0,0.0,0.0,0.0,0.0,26.0,4472.0,GO,false,,true,true
4501.0,2020_05_LAC_NO,2020,REG,5,2020-10-12,NO,LAC,NO,LAC,home,5.0,1.0,10.0,55.0,561.0,561.0,561.0,27.0,27.0,0.0,2.0,2.0,0.6861636,0.6861636,-0.020228669,-0.21898033,0.0,0.0,dome,,,0.0,,,0.0,0.0,0.0,0.0,0.0,26.0,4501.0,GO,false,,true,true
4526.0,2020_05_LAC_NO,2020,REG,5,2020-10-12,NO,LAC,NO,LAC,home,5.0,2.0,6.0,51.0,523.0,523.0,523.0,27.0,27.0,0.0,2.0,2.0,0.6659349,0.6659349,0.098641984,1.0060172,1.0,0.0,dome,,,0.0,,,0.0,0.0,0.0,0.0,0.0,26.0,4526.0,GO,false,,true,true
4555.0,2020_05_LAC_NO,2020,REG,5,2020-10-12,NO,LAC,NO,LAC,home,5.0,1.0,10.0,40.0,482.0,482.0,482.0,27.0,27.0,0.0,2.0,2.0,0.7645769,0.7645769,0.014879329,0.057074822,1.0,0.0,dome,,,0.0,,,0.0,0.0,0.0,0.0,0.0,26.0,4555.0,GO,false,,true,true
4583.0,2020_05_LAC_NO,2020,REG,5,2020-10-12,NO,LAC,NO,LAC,home,5.0,2.0,5.0,35.0,439.0,439.0,439.0,27.0,27.0,0.0,2.0,2.0,0.7794562,0.7794562,0.104196355,1.0591211,1.0,0.0,dome,,,0.0,,,0.0,0.0,0.0,0.0,0.0,26.0,4583.0,GO,false,,true,true
4611.0,2020_05_LAC_NO,2020,REG,5,2020-10-12,NO,LAC,NO,LAC,home,5.0,1.0,10.0,22.0,389.0,389.0,389.0,27.0,27.0,0.0,2.0,2.0,0.88365257,0.88365257,-0.016182799,-0.47324872,0.0,0.0,dome,,,0.0,,,0.0,0.0,0.0,0.0,0.0,26.0,4611.0,GO,false,,true,true
4644.0,2020_05_LAC_NO,2020,REG,5,2020-10-12,NO,LAC,NO,LAC,home,5.0,2.0,9.0,21.0,359.0,359.0,359.0,27.0,27.0,0.0,2.0,2.0,0.8674698,0.8674698,0.0066467063,-0.2889417,1.0,0.0,dome,,,0.0,,,0.0,0.0,0.0,0.0,0.0,26.0,4644.0,GO,false,,true,true
4696.0,2020_05_LAC_NO,2020,REG,5,2020-10-12,NO,LAC,NO,LAC,home,5.0,3.0,6.0,18.0,318.0,318.0,318.0,27.0,27.0,0.0,1.0,2.0,0.8741165,0.8741165,0.06103561,-1.0680052,1.0,0.0,dome,,,0.0,,,0.0,0.0,0.0,0.0,0.0,26.0,4696.0,GO,false,,true,true
4718.0,2020_05_LAC_NO,2020,REG,5,2020-10-12,NO,LAC,NO,LAC,home,5.0,4.0,6.0,18.0,311.0,311.0,311.0,27.0,27.0,0.0,1.0,2.0,0.9351521,0.9351521,-0.38415372,0.36474422,0.0,0.0,dome,,,1.0,made,36.0,0.0,0.0,0.0,0.0,0.0,26.0,4718.0,FG,false,true,true,true
4737.0,2020_05_LAC_NO,2020,REG,5,2020-10-12,NO,LAC,LAC,NO,away,5.0,,0.0,35.0,308.0,308.0,308.0,27.0,30.0,-3.0,2.0,1.0,0.44900164,0.44900164,-0.0,-0.0,0.0,0.0,dome,,,0.0,,65.0,0.0,0.0,0.0,0.0,0.0,27.0,4737.0,GO,false,,false,false
4752.0,2020_05_LAC_NO,2020,REG,5,2020-10-12,NO,LAC,LAC,NO,away,5.0,1.0,10.0,75.0,308.0,308.0,308.0,27.0,30.0,-3.0,2.0,1.0,0.44900164,0.44900164,0.10170238,0.91770285,1.0,0.0,dome,,,0.0,,,0.0,0.0,0.0,0.0,0.0,27.0,4752.0,GO,false,,false,false
4785.0,2020_05_LAC_NO,2020,REG,5,2020-10-12,NO,LAC,LAC,NO,away,5.0,1.0,10.0,60.0,304.0,304.0,304.0,27.0,30.0,-3.0,2.0,1.0,0.550704,0.550704,-0.04072164,-0.23042087,0.0,0.0,dome,,,0.0,,,0.0,0.0,0.0,0.0,0.0,27.0,4785.0,GO,false,,false,false
4806.0,2020_05_LAC_NO,2020,REG,5,2020-10-12,NO,LAC,LAC,NO,away,5.0,2.0,6.0,56.0,272.0,272.0,272.0,27.0,30.0,-3.0,2.0,1.0,0.50998235,0.50998235,-0.07297185,-0.708767,1.0,0.0,dome,,,0.0,,,0.0,0.0,0.0,0.0,0.0,27.0,4806.0,GO,false,,false,false
4828.0,2020_05_LAC_NO,2020,REG,5,2020-10-12,NO,LAC,LAC,NO,away,5.0,3.0,6.0,56.0,267.0,267.0,267.0,27.0,30.0,-3.0,2.0,1.0,0.43701053,0.43701053,-0.15644394,-1.4193108,1.0,0.0,dome,,,0.0,,,0.0,0.0,0.0,0.0,0.0,27.0,4828.0,GO,false,,false,false
4850.0,2020_05_LAC_NO,2020,REG,5,2020-10-12,NO,LAC,LAC,NO,away,5.0,4.0,6.0,56.0,263.0,263.0,263.0,27.0,30.0,-3.0,2.0,1.0,0.28056657,0.28056657,-0.28056657,0.35244232,1.0,0.0,dome,,,0.0,,,0.0,0.0,1.0,0.0,0.0,27.0,4850.0,GO,false,,false,false
4878.0,2020_05_LAC_NO,2020,REG,5,2020-10-12,NO,LAC,NO,LAC,home,5.0,,0.0,,257.0,257.0,257.0,30.0,27.0,3.0,1.0,2.0,,,,,0.0,0.0,dome,,,,,,,,,0.0,0.0,28.0,4878.0,GO,,,true,false
4438.0,2020_11_GB_IND,2020,REG,11,2020-11-22,IND,GB,GB,IND,away,5.0,,0.0,35.0,600.0,600.0,600.0,31.0,31.0,0.0,2.0,2.0,0.5327411,0.5327411,-0.0,-0.22771703,0.0,0.0,closed,,,0.0,,57.0,0.0,0.0,0.0,0.0,0.0,25.0,4438.0,GO,false,,false,true
4460.0,2020_11_GB_IND,2020,REG,11,2020-11-22,IND,GB,GB,IND,away,5.0,1.0,10.0,78.0,596.0,596.0,596.0,31.0,31.0,0.0,2.0,2.0,0.5327411,0.5327411,0.03600818,0.47936472,1.0,0.0,closed,,,0.0,,,0.0,0.0,0.0,0.0,0.0,25.0,4460.0,GO,false,,false,true
4487.0,2020_11_GB_IND,2020,REG,11,2020-11-22,IND,GB,GB,IND,away,5.0,2.0,2.0,70.0,560.0,560.0,560.0,31.0,31.0,0.0,2.0,2.0,0.5687493,0.5687493,-0.4404986,-5.518919,1.0,0.0,closed,,,0.0,,,0.0,0.0,0.0,0.0,0.0,25.0,4487.0,GO,false,,false,true
4527.0,2020_11_GB_IND,2020,REG,11,2020-11-22,IND,GB,IND,GB,home,5.0,1.0,10.0,29.0,552.0,552.0,552.0,31.0,31.0,0.0,2.0,2.0,0.8717493,0.8717493,-0.021588989,-0.3963988,0.0,0.0,closed,,,0.0,,,0.0,0.0,0.0,0.0,0.0,26.0,4527.0,GO,false,,true,false
4548.0,2020_11_GB_IND,2020,REG,11,2020-11-22,IND,GB,IND,GB,home,5.0,2.0,10.0,29.0,509.0,509.0,509.0,31.0,31.0,0.0,2.0,2.0,0.8501603,0.8501603,0.03707292,0.03068851,0.0,0.0,closed,,,0.0,,,0.0,0.0,0.0,0.0,0.0,26.0,4548.0,GO,false,,true,false
4586.0,2020_11_GB_IND,2020,REG,11,2020-11-22,IND,GB,IND,GB,home,5.0,3.0,5.0,24.0,476.0,476.0,476.0,31.0,31.0,0.0,1.0,2.0,0.8872332,0.8872332,0.01642522,-1.2675925,0.0,0.0,closed,,,0.0,,,0.0,0.0,0.0,0.0,0.0,26.0,4586.0,GO,false,,true,false
4629.0,2020_11_GB_IND,2020,REG,11,2020-11-22,IND,GB,IND,GB,home,5.0,4.0,2.0,21.0,435.0,435.0,435.0,31.0,31.0,0.0,1.0,1.0,0.90365845,0.90365845,0.09634157,0.5845673,0.0,0.0,closed,,,1.0,made,39.0,0.0,0.0,0.0,0.0,0.0,26.0,4629.0,FG,false,true,true,false
4648.0,2020_11_GB_IND,2020,REG,11,2020-11-22,IND,GB,IND,GB,home,5.0,,0.0,,430.0,430.0,430.0,34.0,31.0,3.0,1.0,1.0,,,,,0.0,0.0,closed,,,,,,,,,0.0,0.0,26.0,4648.0,GO,,,true,false
4261.0,2020_06_HOU_TEN,2020,REG,6,2020-10-18,TEN,HOU,TEN,HOU,home,5.0,,0.0,35.0,600.0,600.0,600.0,36.0,36.0,0.0,2.0,2.0,0.47688895,0.47688895,0.0,-0.4300701,0.0,0.0,outdoors,61.0,10.0,0.0,,65.0,0.0,0.0,0.0,0.0,0.0,22.0,4261.0,GO,false,,true,true
4283.0,2020_06_HOU_TEN,2020,REG,6,2020-10-18,TEN,HOU,TEN,HOU,home,5.0,1.0,10.0,82.0,596.0,596.0,596.0,36.0,36.0,0.0,2.0,2.0,0.47688895,0.47688895,-0.043604437,-0.42499256,0.0,0.0,outdoors,61.0,10.0,0.0,,,0.0,0.0,0.0,0.0,0.0,22.0,4283.0,GO,false,,true,true
4304.0,2020_06_HOU_TEN,2020,REG,6,2020-10-18,TEN,HOU,TEN,HOU,home,5.0,2.0,8.0,80.0,559.0,559.0,559.0,36.0,36.0,0.0,2.0,2.0,0.43328452,0.43328452,0.42874587,3.721592,0.0,0.0,outdoors,61.0,10.0,0.0,,,0.0,0.0,0.0,0.0,0.0,22.0,4304.0,GO,false,,true,true
4331.0,2020_06_HOU_TEN,2020,REG,6,2020-10-18,TEN,HOU,TEN,HOU,home,5.0,1.0,10.0,27.0,523.0,523.0,523.0,36.0,36.0,0.0,2.0,2.0,0.8620304,0.8620304,0.06626215,0.87905276,0.0,0.0,outdoors,61.0,10.0,0.0,,,0.0,0.0,0.0,0.0,0.0,22.0,4331.0,GO,false,,true,true
4352.0,2020_06_HOU_TEN,2020,REG,6,2020-10-18,TEN,HOU,TEN,HOU,home,5.0,1.0,10.0,10.0,482.0,482.0,482.0,36.0,36.0,0.0,2.0,2.0,0.9282926,0.9282926,-0.0045704385,-0.10512304,1.0,0.0,outdoors,61.0,10.0,0.0,,,0.0,0.0,0.0,0.0,0.0,22.0,4352.0,GO,false,,true,true
4373.0,2020_06_HOU_TEN,2020,REG,6,2020-10-18,TEN,HOU,TEN,HOU,home,5.0,2.0,7.0,7.0,434.0,434.0,434.0,36.0,36.0,0.0,2.0,2.0,0.9237221,0.9237221,-0.021690983,-0.65102166,1.0,0.0,outdoors,61.0,10.0,0.0,,,0.0,0.0,0.0,0.0,0.0,22.0,4373.0,GO,false,,true,true
4397.0,2020_06_HOU_TEN,2020,REG,6,2020-10-18,TEN,HOU,TEN,HOU,home,5.0,3.0,5.0,5.0,395.0,395.0,395.0,36.0,36.0,0.0,2.0,2.0,0.9020311,0.9020311,0.09796888,2.8560047,0.0,0.0,outdoors,61.0,10.0,0.0,,,0.0,0.0,0.0,0.0,0.0,22.0,4397.0,GO,false,,true,true
4421.0,2020_06_HOU_TEN,2020,REG,6,2020-10-18,TEN,HOU,TEN,HOU,home,5.0,,0.0,,390.0,390.0,390.0,42.0,36.0,6.0,2.0,2.0,,,,,0.0,0.0,outdoors,61.0,10.0,,,,,,,0.0,0.0,22.0,4421.0,GO,,,true,true
4047.0,2022_10_DAL_GB,2022,REG,10,2022-11-13,GB,DAL,DAL,GB,away,5.0,,0.0,35.0,600.0,600.0,600.0,28.0,28.0,0.0,2.0,2.0,0.50375366,0.50375366,-0.0,-0.0,0.0,0.0,outdoors,33.0,8.0,0.0,,65.0,0.0,0.0,0.0,0.0,0.0,24.0,4047.0,GO,false,,false,true
4062.0,2022_10_DAL_GB,2022,REG,10,2022-11-13,GB,DAL,DAL,GB,away,5.0,1.0,10.0,75.0,600.0,600.0,600.0,28.0,28.0,0.0,2.0,2.0,0.50375366,0.50375366,0.007716964,0.22167587,0.0,0.0,outdoors,33.0,8.0,0.0,,,0.0,0.0,0.0,0.0,0.0,24.0,4062.0,GO,false,,false,true
4095.0,2022_10_DAL_GB,2022,REG,10,2022-11-13,GB,DAL,DAL,GB,away,5.0,2.0,3.0,68.0,563.0,563.0,563.0,28.0,28.0,0.0,2.0,2.0,0.5114707,0.5114707,0.12523234,1.1235739,0.0,0.0,outdoors,33.0,8.0,0.0,,,0.0,0.0,0.0,0.0,0.0,24.0,4095.0,GO,false,,false,true
4119.0,2022_10_DAL_GB,2022,REG,10,2022-11-13,GB,DAL,DAL,GB,away,5.0,1.0,10.0,53.0,526.0,526.0,526.0,28.0,28.0,0.0,2.0,2.0,0.63670295,0.63670295,0.019183487,0.34629244,0.0,0.0,outdoors,33.0,8.0,0.0,,,0.0,0.0,0.0,0.0,0.0,24.0,4119.0,GO,false,,false,true
4140.0,2022_10_DAL_GB,2022,REG,10,2022-11-13,GB,DAL,DAL,GB,away,5.0,2.0,3.0,46.0,489.0,489.0,489.0,28.0,28.0,0.0,2.0,2.0,0.6558865,0.6558865,-0.07037351,-0.75402015,0.0,0.0,outdoors,33.0,8.0,0.0,,,0.0,0.0,0.0,0.0,0.0,24.0,4140.0,GO,false,,false,true
4172.0,2022_10_DAL_GB,2022,REG,10,2022-11-13,GB,DAL,DAL,GB,away,5.0,2.0,8.0,51.0,484.0,484.0,484.0,28.0,28.0,0.0,2.0,2.0,0.58551294,0.58551294,0.10782986,1.0796438,1.0,0.0,outdoors,33.0,8.0,0.0,,,0.0,0.0,0.0,0.0,0.0,24.0,4172.0,GO,false,,false,true
4201.0,2022_10_DAL_GB,2022,REG,10,2022-11-13,GB,DAL,DAL,GB,away,5.0,1.0,10.0,42.0,452.0,452.0,452.0,28.0,28.0,0.0,2.0,2.0,0.6933428,0.6933428,-0.04210198,-0.42819208,0.0,0.0,outdoors,33.0,8.0,0.0,,,0.0,0.0,0.0,0.0,0.0,24.0,4201.0,GO,false,,false,true
4223.0,2022_10_DAL_GB,2022,REG,10,2022-11-13,GB,DAL,DAL,GB,away,5.0,2.0,10.0,42.0,449.0,449.0,449.0,28.0,28.0,0.0,2.0,2.0,0.6512408,0.6512408,-0.11325251,-0.9386317,1.0,0.0,outdoors,33.0,8.0,0.0,,,0.0,0.0,0.0,0.0,0.0,24.0,4223.0,GO,false,,false,true
4255.0,2022_10_DAL_GB,2022,REG,10,2022-11-13,GB,DAL,DAL,GB,away,5.0,2.0,19.0,51.0,424.0,424.0,424.0,28.0,28.0,0.0,2.0,2.0,0.5379883,0.5379883,0.13899904,0.99794805,1.0,0.0,outdoors,33.0,8.0,0.0,,,0.0,0.0,0.0,0.0,0.0,24.0,4255.0,GO,false,,false,true
4279.0,2022_10_DAL_GB,2022,REG,10,2022-11-13,GB,DAL,DAL,GB,away,5.0,3.0,3.0,35.0,385.0,385.0,385.0,28.0,28.0,0.0,2.0,1.0,0.67698735,0.67698735,-0.121961385,-1.2624333,1.0,0.0,outdoors,33.0,8.0,0.0,,,0.0,0.0,0.0,0.0,0.0,24.0,4279.0,GO,false,,false,true
4308.0,2022_10_DAL_GB,2022,REG,10,2022-11-13,GB,DAL,DAL,GB,away,5.0,4.0,3.0,35.0,381.0,381.0,381.0,28.0,28.0,0.0,2.0,1.0,0.555026,0.555026,-0.05984969,-2.9863663,1.0,0.0,outdoors,33.0,8.0,0.0,,,0.0,0.0,1.0,0.0,0.0,24.0,4308.0,GO,false,,false,true
4330.0,2022_10_DAL_GB,2022,REG,10,2022-11-13,GB,DAL,GB,DAL,home,5.0,1.0,10.0,65.0,375.0,375.0,375.0,28.0,28.0,0.0,1.0,2.0,0.5048237,0.5048237,-0.05583147,-0.40851998,0.0,0.0,outdoors,33.0,8.0,0.0,,,0.0,0.0,0.0,0.0,0.0,25.0,4330.0,GO,false,,true,false
4351.0,2022_10_DAL_GB,2022,REG,10,2022-11-13,GB,DAL,GB,DAL,home,5.0,2.0,9.0,64.0,332.0,332.0,332.0,28.0,28.0,0.0,1.0,2.0,0.44899222,0.44899222,0.024779163,0.48520675,1.0,0.0,outdoors,33.0,8.0,0.0,,,0.0,0.0,0.0,0.0,0.0,25.0,4351.0,GO,false,,true,false
4372.0,2022_10_DAL_GB,2022,REG,10,2022-11-13,GB,DAL,GB,DAL,home,5.0,3.0,1.0,56.0,287.0,287.0,287.0,28.0,28.0,0.0,1.0,2.0,0.4737714,0.4737714,0.36320293,2.6006107,1.0,0.0,outdoors,33.0,8.0,0.0,,,0.0,0.0,0.0,0.0,0.0,25.0,4372.0,GO,false,,true,false
4396.0,2022_10_DAL_GB,2022,REG,10,2022-11-13,GB,DAL,GB,DAL,home,5.0,1.0,10.0,20.0,239.0,239.0,239.0,28.0,28.0,0.0,1.0,2.0,0.8369743,0.8369743,0.06619988,0.9362747,0.0,0.0,outdoors,33.0,8.0,0.0,,,0.0,0.0,0.0,0.0,0.0,25.0,4396.0,GO,false,,true,false
4433.0,2022_10_DAL_GB,2022,REG,10,2022-11-13,GB,DAL,GB,DAL,home,5.0,1.0,7.0,7.0,232.0,232.0,232.0,28.0,28.0,0.0,1.0,2.0,0.9031742,0.9031742,,-2.3621037,0.0,0.0,outdoors,33.0,8.0,0.0,,,0.0,0.0,0.0,0.0,1.0,25.0,4433.0,GO,false,,true,false
4454.0,2022_10_DAL_GB,2022,REG,10,2022-11-13,GB,DAL,GB,DAL,home,5.0,2.0,10.0,10.0,189.0,189.0,189.0,28.0,28.0,0.0,1.0,2.0,0.9714501,0.9714501,0.028549891,0.12805079,0.0,0.0,outdoors,33.0,8.0,1.0,made,28.0,0.0,0.0,0.0,0.0,0.0,25.0,4454.0,FG,false,true,true,false
4473.0,2022_10_DAL_GB,2022,REG,10,2022-11-13,GB,DAL,GB,DAL,home,5.0,,0.0,,186.0,186.0,186.0,31.0,28.0,3.0,1.0,2.0,,,,,0.0,0.0,outdoors,33.0,8.0,,,,,,,0.0,0.0,25.0,4473.0,GO,,,true,false
3883.0,2022_13_WAS_NYG,2022,REG,13,2022-12-04,NYG,WAS,NYG,WAS,home,5.0,,0.0,35.0,600.0,600.0,600.0,20.0,20.0,0.0,2.0,2.0,0.5325331,0.5325331,0.0,0.081674114,0.0,0.0,outdoors,40.0,9.0,0.0,,57.0,0.0,0.0,0.0,0.0,0.0,23.0,3883.0,GO,false,,true,true
3907.0,2022_13_WAS_NYG,2022,REG,13,2022-12-04,NYG,WAS,NYG,WAS,home,5.0,1.0,10.0,73.0,596.0,596.0,596.0,20.0,20.0,0.0,2.0,2.0,0.5325331,0.5325331,0.057376243,0.56697905,0.0,0.0,outdoors,40.0,9.0,0.0,,,0.0,0.0,0.0,0.0,0.0,23.0,3907.0,GO,false,,true,true
3936.0,2022_13_WAS_NYG,2022,REG,13,2022-12-04,NYG,WAS,NYG,WAS,home,5.0,1.0,10.0,62.0,573.0,573.0,573.0,20.0,20.0,0.0,2.0,2.0,0.5899094,0.5899094,-0.1080351,-1.0174707,0.0,0.0,outdoors,40.0,9.0,0.0,,,0.0,0.0,0.0,0.0,0.0,23.0,3936.0,GO,false,,true,true
3957.0,2022_13_WAS_NYG,2022,REG,13,2022-12-04,NYG,WAS,NYG,WAS,home,5.0,2.0,13.0,65.0,536.0,536.0,536.0,20.0,20.0,0.0,2.0,2.0,0.48187426,0.48187426,0.024830636,0.3930346,0.0,0.0,outdoors,40.0,9.0,0.0,,,0.0,0.0,0.0,0.0,0.0,23.0,3957.0,GO,false,,true,true
3978.0,2022_13_WAS_NYG,2022,REG,13,2022-12-04,NYG,WAS,NYG,WAS,home,5.0,3.0,5.0,57.0,489.0,489.0,489.0,20.0,20.0,0.0,2.0,2.0,0.50670487,0.50670487,-0.1895628,-1.773967,1.0,0.0,outdoors,40.0,9.0,0.0,,,0.0,0.0,0.0,0.0,0.0,23.0,3978.0,GO,false,,true,true
4000.0,2022_13_WAS_NYG,2022,REG,13,2022-12-04,NYG,WAS,NYG,WAS,home,5.0,4.0,12.0,64.0,461.0,461.0,461.0,20.0,20.0,0.0,2.0,2.0,0.3171421,0.3171421,0.1774985,-0.873146,0.0,0.0,outdoors,40.0,9.0,0.0,,31.0,1.0,0.0,0.0,0.0,0.0,23.0,4000.0,PUNT,false,,true,true
4018.0,2022_13_WAS_NYG,2022,REG,13,2022-12-04,NYG,WAS,WAS,NYG,away,5.0,1.0,10.0,67.0,453.0,453.0,453.0,20.0,20.0,0.0,2.0,2.0,0.5053594,0.5053594,-0.050925534,-0.4749536,1.0,0.0,outdoors,40.0,9.0,0.0,,,0.0,0.0,0.0,0.0,0.0,24.0,4018.0,GO,false,,false,false
4039.0,2022_13_WAS_NYG,2022,REG,13,2022-12-04,NYG,WAS,WAS,NYG,away,5.0,2.0,8.0,65.0,416.0,416.0,416.0,20.0,20.0,0.0,2.0,2.0,0.4544339,0.4544339,0.20983198,1.912334,1.0,0.0,outdoors,40.0,9.0,0.0,,,0.0,0.0,0.0,0.0,0.0,24.0,4039.0,GO,false,,false,false
4060.0,2022_13_WAS_NYG,2022,REG,13,2022-12-04,NYG,WAS,WAS,NYG,away,5.0,1.0,10.0,44.0,377.0,377.0,377.0,20.0,20.0,0.0,2.0,2.0,0.6642659,0.6642659,-0.02399076,-0.16028927,0.0,0.0,outdoors,40.0,9.0,0.0,,,0.0,0.0,0.0,0.0,0.0,24.0,4060.0,GO,false,,false,false
4081.0,2022_13_WAS_NYG,2022,REG,13,2022-12-04,NYG,WAS,WAS,NYG,away,5.0,2.0,7.0,41.0,335.0,335.0,335.0,20.0,20.0,0.0,2.0,2.0,0.6402751,0.6402751,-0.13740455,-1.0705147,0.0,0.0,outdoors,40.0,9.0,0.0,,,0.0,0.0,0.0,0.0,0.0,24.0,4081.0,GO,false,,false,false
4102.0,2022_13_WAS_NYG,2022,REG,13,2022-12-04,NYG,WAS,WAS,NYG,away,5.0,3.0,10.0,44.0,292.0,292.0,292.0,20.0,20.0,0.0,2.0,2.0,0.50287056,0.50287056,-0.19244961,-1.4551709,1.0,0.0,outdoors,40.0,9.0,0.0,,,0.0,0.0,0.0,0.0,0.0,24.0,4102.0,GO,false,,false,false
4126.0,2022_13_WAS_NYG,2022,REG,13,2022-12-04,NYG,WAS,WAS,NYG,away,5.0,4.0,9.0,43.0,251.0,251.0,251.0,20.0,20.0,0.0,2.0,2.0,0.31042093,0.31042093,0.3926851,-0.38475809,0.0,0.0,outdoors,40.0,9.0,0.0,,29.0,1.0,0.0,0.0,0.0,0.0,24.0,4126.0,PUNT,false,,false,false
4154.0,2022_13_WAS_NYG,2022,REG,13,2022-12-04,NYG,WAS,NYG,WAS,home,5.0,1.0,10.0,86.0,244.0,244.0,244.0,20.0,20.0,0.0,2.0,2.0,0.29689398,0.29689398,0.015784133,0.2764893,1.0,0.0,outdoors,40.0,9.0,0.0,,,0.0,0.0,0.0,0.0,0.0,25.0,4154.0,GO,false,,true,false
4178.0,2022_13_WAS_NYG,2022,REG,13,2022-12-04,NYG,WAS,NYG,WAS,home,5.0,2.0,3.0,79.0,215.0,215.0,215.0,20.0,20.0,0.0,2.0,2.0,0.31267813,0.31267813,0.029015085,0.3945503,0.0,0.0,outdoors,40.0,9.0,0.0,,,0.0,0.0,0.0,0.0,0.0,25.0,4178.0,GO,false,,true,false
4199.0,2022_13_WAS_NYG,2022,REG,13,2022-12-04,NYG,WAS,NYG,WAS,home,5.0,1.0,10.0,74.0,184.0,184.0,184.0,20.0,20.0,0.0,2.0,2.0,0.3416932,0.3416932,0.053429347,0.6198497,1.0,0.0,outdoors,40.0,9.0,0.0,,,0.0,0.0,0.0,0.0,0.0,25.0,4199.0,GO,false,,true,false
4223.0,2022_13_WAS_NYG,2022,REG,13,2022-12-04,NYG,WAS,NYG,WAS,home,5.0,1.0,10.0,64.0,147.0,147.0,147.0,20.0,20.0,0.0,2.0,2.0,0.39512256,0.39512256,0.084150285,0.6591921,1.0,0.0,outdoors,40.0,9.0,0.0,,,0.0,0.0,0.0,0.0,0.0,25.0,4223.0,GO,false,,true,false
4247.0,2022_13_WAS_NYG,2022,REG,13,2022-12-04,NYG,WAS,NYG,WAS,home,5.0,1.0,10.0,52.0,120.0,120.0,120.0,20.0,20.0,0.0,2.0,2.0,0.47927284,0.47927284,-0.022331141,-0.18076716,1.0,0.0,outdoors,40.0,9.0,0.0,,,0.0,0.0,0.0,0.0,0.0,25.0,4247.0,GO,false,,true,false
4283.0,2022_13_WAS_NYG,2022,REG,13,2022-12-04,NYG,WAS,NYG,WAS,home,5.0,2.0,6.0,48.0,115.0,115.0,115.0,20.0,20.0,0.0,2.0,2.0,0.4569417,0.4569417,-0.01236303,-0.054361995,1.0,0.0,outdoors,40.0,9.0,0.0,,,0.0,0.0,0.0,0.0,0.0,25.0,4283.0,GO,false,,true,false
4312.0,2022_13_WAS_NYG,2022,REG,13,2022-12-04,NYG,WAS,NYG,WAS,home,5.0,3.0,3.0,45.0,110.0,110.0,110.0,20.0,20.0,0.0,2.0,2.0,0.44457868,0.44457868,-0.24037726,-1.4722474,1.0,0.0,outdoors,40.0,9.0,0.0,,,0.0,0.0,0.0,0.0,0.0,25.0,4312.0,GO,false,,true,false
4333.0,2022_13_WAS_NYG,2022,REG,13,2022-12-04,NYG,WAS,NYG,WAS,home,5.0,4.0,3.0,45.0,102.0,102.0,102.0,20.0,20.0,0.0,2.0,1.0,0.2042014,0.2042014,-0.035526928,-0.28359202,1.0,0.0,outdoors,40.0,9.0,0.0,,,0.0,0.0,0.0,0.0,0.0,25.0,4333.0,GO,false,,true,false
4363.0,2022_13_WAS_NYG,2022,REG,13,2022-12-04,NYG,WAS,NYG,WAS,home,5.0,4.0,8.0,50.0,102.0,102.0,102.0,20.0,20.0,0.0,2.0,1.0,0.16867448,0.16867448,0.63411576,-0.39776048,0.0,0.0,outdoors,40.0,9.0,0.0,,40.0,1.0,0.0,0.0,0.0,0.0,25.0,4363.0,PUNT,false,,true,false
4382.0,2022_13_WAS_NYG,2022,REG,13,2022-12-04,NYG,WAS,WAS,NYG,away,5.0,1.0,10.0,90.0,96.0,96.0,96.0,20.0,20.0,0.0,1.0,2.0,0.19720976,0.19720976,-0.092284076,-0.8064279,1.0,0.0,outdoors,40.0,9.0,0.0,,,0.0,0.0,0.0,0.0,0.0,26.0,4382.0,GO,false,,false,false
4401.0,2022_13_WAS_NYG,2022,REG,13,2022-12-04,NYG,WAS,WAS,NYG,away,5.0,2.0,18.0,98.0,88.0,88.0,88.0,20.0,20.0,0.0,1.0,1.0,0.104925685,0.104925685,-0.023541374,0.2538573,1.0,0.0,outdoors,40.0,9.0,0.0,,,0.0,0.0,0.0,0.0,0.0,26.0,4401.0,GO,false,,false,false
4438.0,2022_13_WAS_NYG,2022,REG,13,2022-12-04,NYG,WAS,WAS,NYG,away,5.0,3.0,10.0,90.0,83.0,83.0,83.0,20.0,20.0,0.0,1.0,0.0,0.08138431,0.08138431,-0.061419137,0.042991813,1.0,0.0,outdoors,40.0,9.0,0.0,,,0.0,0.0,0.0,0.0,0.0,26.0,4438.0,GO,false,,false,false
4466.0,2022_13_WAS_NYG,2022,REG,13,2022-12-04,NYG,WAS,WAS,NYG,away,5.0,4.0,5.0,85.0,37.0,37.0,37.0,20.0,20.0,0.0,0.0,0.0,0.01996517,0.01996517,0.79003936,-0.39914906,0.0,0.0,outdoors,40.0,9.0,0.0,,48.0,1.0,0.0,0.0,0.0,0.0,26.0,4466.0,PUNT,false,,false,false
4503.0,2022_13_WAS_NYG,2022,REG,13,2022-12-04,NYG,WAS,NYG,WAS,home,5.0,1.0,10.0,57.0,28.0,28.0,28.0,20.0,20.0,0.0,0.0,0.0,0.18999548,0.18999548,0.11887459,0.3668463,1.0,0.0,outdoors,40.0,9.0,0.0,,,0.0,0.0,0.0,0.0,0.0,27.0,4503.0,GO,false,,true,false
4527.0,2022_13_WAS_NYG,2022,REG,13,2022-12-04,NYG,WAS,NYG,WAS,home,5.0,1.0,10.0,43.0,16.0,16.0,16.0,20.0,20.0,0.0,0.0,0.0,0.30887008,0.30887008,-0.039053913,-0.12960337,0.0,1.0,outdoors,40.0,9.0,0.0,,,0.0,0.0,0.0,1.0,0.0,27.0,4527.0,GO,false,,true,false
4549.0,2022_13_WAS_NYG,2022,REG,13,2022-12-04,NYG,WAS,NYG,WAS,home,5.0,2.0,10.0,43.0,15.0,15.0,15.0,20.0,20.0,0.0,0.0,0.0,0.26981616,0.26981616,-0.006095927,-0.040787004,1.0,0.0,outdoors,40.0,9.0,0.0,,,0.0,0.0,0.0,0.0,0.0,27.0,4549.0,GO,false,,true,false
4578.0,2022_13_WAS_NYG,2022,REG,13,2022-12-04,NYG,WAS,NYG,WAS,home,5.0,3.0,7.0,40.0,10.0,10.0,10.0,20.0,20.0,0.0,0.0,0.0,0.26372024,0.26372024,0.19369599,0.540698,1.0,0.0,outdoors,40.0,9.0,0.0,,,0.0,0.0,0.0,0.0,0.0,27.0,4578.0,GO,false,,true,false
4600.0,2022_13_WAS_NYG,2022,REG,13,2022-12-04,NYG,WAS,NYG,WAS,home,5.0,4.0,7.0,40.0,5.0,5.0,5.0,20.0,20.0,0.0,0.0,0.0,0.45741624,0.45741624,0.04258377,-1.3722486,0.0,0.0,outdoors,40.0,9.0,1.0,missed,58.0,0.0,0.0,0.0,0.0,0.0,27.0,4600.0,FG,false,false,true,false
4620.0,2022_13_WAS_NYG,2022,REG,13,2022-12-04,NYG,WAS,NYG,WAS,home,5.0,,0.0,,0.0,0.0,0.0,20.0,20.0,0.0,0.0,0.0,,,,,0.0,0.0,outdoors,40.0,9.0,,,,,,,0.0,0.0,27.0,4620.0,GO,,,true,false
4027.0,2022_06_DEN_LAC,2022,REG,6,2022-10-17,LAC,DEN,DEN,LAC,away,5.0,,0.0,35.0,600.0,600.0,600.0,16.0,16.0,0.0,2.0,2.0,0.5719372,0.5719372,-0.0,-0.0,0.0,0.0,dome,,,0.0,,65.0,0.0,0.0,0.0,0.0,0.0,19.0,4027.0,GO,false,,false,true
4042.0,2022_06_DEN_LAC,2022,REG,6,2022-10-17,LAC,DEN,DEN,LAC,away,5.0,1.0,10.0,75.0,600.0,600.0,600.0,16.0,16.0,0.0,2.0,2.0,0.5719372,0.5719372,-0.022304008,-0.15218195,1.0,0.0,dome,,,0.0,,,0.0,0.0,0.0,0.0,0.0,19.0,4042.0,GO,false,,false,true
4063.0,2022_06_DEN_LAC,2022,REG,6,2022-10-17,LAC,DEN,DEN,LAC,away,5.0,2.0,5.0,70.0,563.0,563.0,563.0,16.0,16.0,0.0,2.0,2.0,0.54963315,0.54963315,0.010239644,0.2238036,1.0,0.0,dome,,,0.0,,,0.0,0.0,0.0,0.0,0.0,19.0,4063.0,GO,false,,false,true
4084.0,2022_06_DEN_LAC,2022,REG,6,2022-10-17,LAC,DEN,DEN,LAC,away,5.0,3.0,1.0,66.0,519.0,519.0,519.0,16.0,16.0,0.0,2.0,2.0,0.5598728,0.5598728,-0.17505072,-1.7877669,1.0,0.0,dome,,,0.0,,,0.0,0.0,0.0,0.0,0.0,19.0,4084.0,GO,false,,false,true
4106.0,2022_06_DEN_LAC,2022,REG,6,2022-10-17,LAC,DEN,DEN,LAC,away,5.0,4.0,1.0,66.0,512.0,512.0,512.0,16.0,16.0,0.0,2.0,1.0,0.3848221,0.3848221,0.0868768,-0.9049878,0.0,0.0,dome,,,0.0,,58.0,1.0,0.0,0.0,0.0,0.0,19.0,4106.0,PUNT,false,,false,true
4147.0,2022_06_DEN_LAC,2022,REG,6,2022-10-17,LAC,DEN,LAC,DEN,home,5.0,1.0,10.0,81.0,502.0,502.0,502.0,16.0,16.0,0.0,1.0,2.0,0.5283011,0.5283011,-0.11487718,-1.1542608,1.0,0.0,dome,,,0.0,,,0.0,0.0,0.0,0.0,0.0,20.0,4147.0,GO,false,,true,false
4179.0,2022_06_DEN_LAC,2022,REG,6,2022-10-17,LAC,DEN,LAC,DEN,home,5.0,1.0,19.0,90.0,489.0,489.0,489.0,16.0,16.0,0.0,1.0,2.0,0.41342393,0.41342393,-0.031061629,-0.23846929,1.0,0.0,dome,,,0.0,,,0.0,0.0,0.0,0.0,0.0,20.0,4179.0,GO,false,,true,false
4203.0,2022_06_DEN_LAC,2022,REG,6,2022-10-17,LAC,DEN,LAC,DEN,home,5.0,2.0,14.0,85.0,451.0,451.0,451.0,16.0,16.0,0.0,1.0,2.0,0.3823623,0.3823623,-0.06633861,-0.7575996,1.0,0.0,dome,,,0.0,,,0.0,0.0,0.0,0.0,0.0,20.0,4203.0,GO,false,,true,false
4225.0,2022_06_DEN_LAC,2022,REG,6,2022-10-17,LAC,DEN,LAC,DEN,home,5.0,3.0,14.0,85.0,444.0,444.0,444.0,16.0,16.0,0.0,1.0,2.0,0.31602368,0.31602368,-0.085393734,-0.81856227,1.0,0.0,dome,,,0.0,,,0.0,0.0,0.0,0.0,0.0,20.0,4225.0,GO,false,,true,false
4247.0,2022_06_DEN_LAC,2022,REG,6,2022-10-17,LAC,DEN,LAC,DEN,home,5.0,4.0,14.0,85.0,439.0,439.0,439.0,16.0,16.0,0.0,1.0,2.0,0.23062995,0.23062995,0.22791602,0.08332452,0.0,0.0,dome,,,0.0,,54.0,1.0,0.0,0.0,0.0,0.0,20.0,4247.0,PUNT,false,,true,false
4266.0,2022_06_DEN_LAC,2022,REG,6,2022-10-17,LAC,DEN,DEN,LAC,away,5.0,1.0,10.0,69.0,430.0,430.0,430.0,16.0,16.0,0.0,2.0,1.0,0.541454,0.541454,-0.058192227,-0.50342333,1.0,0.0,dome,,,0.0,,,0.0,0.0,0.0,0.0,0.0,21.0,4266.0,GO,false,,false,false
4287.0,2022_06_DEN_LAC,2022,REG,6,2022-10-17,LAC,DEN,DEN,LAC,away,5.0,2.0,8.0,67.0,391.0,391.0,391.0,16.0,16.0,0.0,2.0,1.0,0.4832618,0.4832618,-0.06738075,-0.60483205,1.0,0.0,dome,,,0.0,,,0.0,0.0,0.0,0.0,0.0,21.0,4287.0,GO,false,,false,false
4308.0,2022_06_DEN_LAC,2022,REG,6,2022-10-17,LAC,DEN,DEN,LAC,away,5.0,3.0,7.0,66.0,350.0,350.0,350.0,16.0,16.0,0.0,2.0,1.0,0.41588107,0.41588107,-0.14054887,-1.4633912,1.0,0.0,dome,,,0.0,,,0.0,0.0,0.0,0.0,0.0,21.0,4308.0,GO,false,,false,false
4330.0,2022_06_DEN_LAC,2022,REG,6,2022-10-17,LAC,DEN,DEN,LAC,away,5.0,4.0,7.0,66.0,344.0,344.0,344.0,16.0,16.0,0.0,2.0,1.0,0.27533218,0.27533218,0.29116026,0.035870675,0.0,0.0,dome,,,0.0,,47.0,1.0,0.0,0.0,0.0,0.0,21.0,4330.0,PUNT,false,,false,false
4349.0,2022_06_DEN_LAC,2022,REG,6,2022-10-17,LAC,DEN,LAC,DEN,home,5.0,1.0,10.0,81.0,336.0,336.0,336.0,16.0,16.0,0.0,1.0,2.0,0.43350753,0.43350753,-0.04400073,-0.5012712,1.0,0.0,dome,,,0.0,,,0.0,0.0,0.0,0.0,0.0,22.0,4349.0,GO,false,,true,false
4371.0,2022_06_DEN_LAC,2022,REG,6,2022-10-17,LAC,DEN,LAC,DEN,home,5.0,2.0,10.0,81.0,332.0,332.0,332.0,16.0,16.0,0.0,1.0,2.0,0.38950682,0.38950682,-0.05457951,-0.6256289,1.0,0.0,dome,,,0.0,,,0.0,0.0,0.0,0.0,0.0,22.0,4371.0,GO,false,,true,false
4393.0,2022_06_DEN_LAC,2022,REG,6,2022-10-17,LAC,DEN,LAC,DEN,home,5.0,3.0,10.0,81.0,328.0,328.0,328.0,16.0,16.0,0.0,1.0,2.0,0.33492732,0.33492732,-0.06716758,-0.8627253,1.0,0.0,dome,,,0.0,,,0.0,0.0,0.0,0.0,0.0,22.0,4393.0,GO,false,,true,false
4416.0,2022_06_DEN_LAC,2022,REG,6,2022-10-17,LAC,DEN,LAC,DEN,home,5.0,3.0,15.0,86.0,328.0,328.0,328.0,16.0,16.0,0.0,1.0,2.0,0.26775974,0.26775974,-0.037901334,-0.059656605,1.0,0.0,dome,,,0.0,,,0.0,0.0,0.0,0.0,0.0,22.0,4416.0,GO,false,,true,false
4440.0,2022_06_DEN_LAC,2022,REG,6,2022-10-17,LAC,DEN,LAC,DEN,home,5.0,4.0,9.0,80.0,298.0,298.0,298.0,16.0,16.0,0.0,1.0,2.0,0.2298584,0.2298584,0.58160317,5.113267,0.0,0.0,dome,,,0.0,,52.0,1.0,0.0,0.0,0.0,0.0,22.0,4440.0,PUNT,false,,true,false
4469.0,2022_06_DEN_LAC,2022,REG,6,2022-10-17,LAC,DEN,LAC,DEN,home,5.0,1.0,10.0,28.0,286.0,286.0,286.0,16.0,16.0,0.0,1.0,2.0,0.81146157,0.81146157,-0.042615015,-0.72631055,0.0,0.0,dome,,,0.0,,,0.0,0.0,0.0,0.0,0.0,23.0,4469.0,GO,false,,true,false
4490.0,2022_06_DEN_LAC,2022,REG,6,2022-10-17,LAC,DEN,LAC,DEN,home,5.0,2.0,11.0,29.0,245.0,245.0,245.0,16.0,16.0,0.0,1.0,2.0,0.7688466,0.7688466,-0.041170415,-0.6121738,0.0,0.0,dome,,,0.0,,,0.0,0.0,0.0,0.0,0.0,23.0,4490.0,GO,false,,true,false
4511.0,2022_06_DEN_LAC,2022,REG,6,2022-10-17,LAC,DEN,LAC,DEN,home,5.0,3.0,12.0,30.0,203.0,203.0,203.0,16.0,16.0,0.0,1.0,2.0,0.72767615,0.72767615,0.15302354,-0.186307,1.0,0.0,dome,,,0.0,,,0.0,0.0,0.0,0.0,0.0,23.0,4511.0,GO,false,,true,false
4535.0,2022_06_DEN_LAC,2022,REG,6,2022-10-17,LAC,DEN,LAC,DEN,home,5.0,4.0,3.0,21.0,163.0,163.0,163.0,16.0,16.0,0.0,1.0,1.0,0.8806997,0.8806997,0.1193003,0.5950065,0.0,0.0,dome,,,1.0,made,39.0,0.0,0.0,0.0,0.0,0.0,23.0,4535.0,FG,false,true,true,false
4561.0,2022_06_DEN_LAC,2022,REG,6,2022-10-17,LAC,DEN,LAC,DEN,home,5.0,,0.0,,158.0,158.0,158.0,19.0,16.0,3.0,1.0,1.0,,,,,0.0,0.0,dome,,,,,,,,,0.0,0.0,23.0,4561.0,GO,,,true,false
4594.0,2022_10_MIN_BUF,2022,REG,10,2022-11-13,BUF,MIN,MIN,BUF,away,5.0,,0.0,35.0,600.0,600.0,600.0,30.0,30.0,0.0,2.0,2.0,0.50375366,0.50375366,-0.0,-0.0,0.0,0.0,outdoors,38.0,11.0,0.0,,65.0,0.0,0.0,0.0,0.0,0.0,25.0,4594.0,GO,false,,false,true
4613.0,2022_10_MIN_BUF,2022,REG,10,2022-11-13,BUF,MIN,MIN,BUF,away,5.0,1.0,10.0,75.0,600.0,600.0,600.0,30.0,30.0,0.0,2.0,2.0,0.50375366,0.50375366,0.033424716,0.37397724,0.0,0.0,outdoors,38.0,11.0,0.0,,,0.0,0.0,0.0,0.0,0.0,25.0,4613.0,GO,false,,false,true
4634.0,2022_10_MIN_BUF,2022,REG,10,2022-11-13,BUF,MIN,MIN,BUF,away,5.0,1.0,10.0,65.0,554.0,554.0,554.0,30.0,30.0,0.0,2.0,2.0,0.5371784,0.5371784,0.08379405,0.98797446,0.0,0.0,outdoors,38.0,11.0,0.0,,,0.0,0.0,0.0,0.0,0.0,25.0,4634.0,GO,false,,false,true
4655.0,2022_10_MIN_BUF,2022,REG,10,2022-11-13,BUF,MIN,MIN,BUF,away,5.0,2.0,1.0,56.0,527.0,527.0,527.0,30.0,30.0,0.0,2.0,2.0,0.62097245,0.62097245,0.07769166,0.4972088,0.0,0.0,outdoors,38.0,11.0,0.0,,,0.0,0.0,0.0,0.0,0.0,25.0,4655.0,GO,false,,false,true
4684.0,2022_10_MIN_BUF,2022,REG,10,2022-11-13,BUF,MIN,MIN,BUF,away,5.0,1.0,10.0,43.0,499.0,499.0,499.0,30.0,30.0,0.0,2.0,2.0,0.6986641,0.6986641,-0.06938898,-0.5869639,0.0,0.0,outdoors,38.0,11.0,0.0,,,0.0,0.0,0.0,0.0,0.0,25.0,4684.0,GO,false,,false,true
4707.0,2022_10_MIN_BUF,2022,REG,10,2022-11-13,BUF,MIN,MIN,BUF,away,5.0,1.0,15.0,48.0,497.0,497.0,497.0,30.0,30.0,0.0,2.0,2.0,0.62927514,0.62927514,-0.10820196,-0.752957,1.0,0.0,outdoors,38.0,11.0,0.0,,,0.0,0.0,0.0,0.0,0.0,25.0,4707.0,GO,false,,false,true
4729.0,2022_10_MIN_BUF,2022,REG,10,2022-11-13,BUF,MIN,MIN,BUF,away,5.0,2.0,22.0,55.0,453.0,453.0,453.0,30.0,30.0,0.0,2.0,2.0,0.52107316,0.52107316,0.24252705,1.9057691,1.0,0.0,outdoors,38.0,11.0,0.0,,,0.0,0.0,0.0,0.0,0.0,25.0,4729.0,GO,false,,false,true
4782.0,2022_10_MIN_BUF,2022,REG,10,2022-11-13,BUF,MIN,MIN,BUF,away,5.0,1.0,10.0,36.0,448.0,448.0,448.0,30.0,30.0,0.0,2.0,2.0,0.76360023,0.76360023,0.07757119,0.6559036,0.0,0.0,outdoors,38.0,11.0,0.0,,,0.0,0.0,0.0,0.0,0.0,25.0,4782.0,GO,false,,false,true
4803.0,2022_10_MIN_BUF,2022,REG,10,2022-11-13,BUF,MIN,MIN,BUF,away,5.0,1.0,10.0,26.0,403.0,403.0,403.0,30.0,30.0,0.0,2.0,2.0,0.8411714,0.8411714,-0.021185128,-0.40593225,1.0,0.0,outdoors,38.0,11.0,0.0,,,0.0,0.0,0.0,0.0,0.0,25.0,4803.0,GO,false,,false,true
4825.0,2022_10_MIN_BUF,2022,REG,10,2022-11-13,BUF,MIN,MIN,BUF,away,5.0,2.0,10.0,26.0,398.0,398.0,398.0,30.0,30.0,0.0,2.0,2.0,0.8199863,0.8199863,-0.023282574,-0.5632429,0.0,0.0,outdoors,38.0,11.0,0.0,,,0.0,0.0,0.0,0.0,0.0,25.0,4825.0,GO,false,,false,true
4847.0,2022_10_MIN_BUF,2022,REG,10,2022-11-13,BUF,MIN,MIN,BUF,away,5.0,3.0,10.0,26.0,358.0,358.0,358.0,30.0,30.0,0.0,1.0,2.0,0.7967037,0.7967037,0.14669436,3.0275698,1.0,0.0,outdoors,38.0,11.0,0.0,,,0.0,0.0,0.0,0.0,0.0,25.0,4847.0,GO,false,,false,true
4878.0,2022_10_MIN_BUF,2022,REG,10,2022-11-13,BUF,MIN,MIN,BUF,away,5.0,1.0,2.0,2.0,317.0,317.0,317.0,30.0,30.0,0.0,1.0,2.0,0.94339806,0.94339806,-0.037053075,-0.97302175,0.0,0.0,outdoors,38.0,11.0,0.0,,,0.0,0.0,0.0,0.0,0.0,25.0,4878.0,GO,false,,false,true
4899.0,2022_10_MIN_BUF,2022,REG,10,2022-11-13,BUF,MIN,MIN,BUF,away,5.0,2.0,5.0,5.0,272.0,272.0,272.0,30.0,30.0,0.0,1.0,2.0,0.906345,0.906345,-0.083746634,-2.102376,1.0,0.0,outdoors,38.0,11.0,0.0,,,0.0,0.0,0.0,0.0,0.0,25.0,4899.0,GO,false,,false,true
4918.0,2022_10_MIN_BUF,2022,REG,10,2022-11-13,BUF,MIN,MIN,BUF,away,5.0,3.0,15.0,15.0,229.0,229.0,229.0,30.0,30.0,0.0,1.0,2.0,0.82259834,0.82259834,0.12158722,-0.30592018,1.0,0.0,outdoors,38.0,11.0,0.0,,,0.0,0.0,0.0,0.0,0.0,25.0,4918.0,GO,false,,false,true
4940.0,2022_10_MIN_BUF,2022,REG,10,2022-11-13,BUF,MIN,MIN,BUF,away,5.0,4.0,15.0,15.0,225.0,225.0,225.0,30.0,30.0,0.0,1.0,2.0,0.94418555,0.94418555,-0.25993457,0.2619823,0.0,0.0,outdoors,38.0,11.0,1.0,made,33.0,0.0,0.0,0.0,0.0,0.0,25.0,4940.0,FG,false,true,false,true
4959.0,2022_10_MIN_BUF,2022,REG,10,2022-11-13,BUF,MIN,BUF,MIN,home,5.0,,0.0,35.0,222.0,222.0,222.0,30.0,33.0,-3.0,2.0,1.0,0.315749,0.315749,0.0,0.12927704,0.0,0.0,outdoors,38.0,11.0,0.0,,64.0,0.0,0.0,0.0,0.0,0.0,26.0,4959.0,GO,false,,true,false
4986.0,2022_10_MIN_BUF,2022,REG,10,2022-11-13,BUF,MIN,BUF,MIN,home,5.0,1.0,10.0,72.0,215.0,215.0,215.0,30.0,33.0,-3.0,2.0,1.0,0.315749,0.315749,0.07198513,0.75815207,1.0,0.0,outdoors,38.0,11.0,0.0,,,0.0,0.0,0.0,0.0,0.0,26.0,4986.0,GO,false,,true,false
5016.0,2022_10_MIN_BUF,2022,REG,10,2022-11-13,BUF,MIN,BUF,MIN,home,5.0,1.0,10.0,54.0,175.0,175.0,175.0,30.0,33.0,-3.0,2.0,1.0,0.38773414,0.38773414,0.21324396,1.226308,1.0,0.0,outdoors,38.0,11.0,0.0,,,0.0,0.0,0.0,0.0,0.0,26.0,5016.0,GO,false,,true,false
5037.0,2022_10_MIN_BUF,2022,REG,10,2022-11-13,BUF,MIN,BUF,MIN,home,5.0,1.0,10.0,34.0,131.0,131.0,131.0,30.0,33.0,-3.0,2.0,1.0,0.6009781,0.6009781,0.067760006,0.3985154,1.0,0.0,outdoors,38.0,11.0,0.0,,,0.0,0.0,0.0,0.0,0.0,26.0,5037.0,GO,false,,true,false
5061.0,2022_10_MIN_BUF,2022,REG,10,2022-11-13,BUF,MIN,BUF,MIN,home,5.0,2.0,3.0,27.0,120.0,120.0,120.0,30.0,33.0,-3.0,2.0,1.0,0.6687381,0.6687381,0.099931434,0.70906585,1.0,0.0,outdoors,38.0,11.0,0.0,,,0.0,0.0,0.0,0.0,0.0,26.0,5061.0,GO,false,,true,false
5097.0,2022_10_MIN_BUF,2022,REG,10,2022-11-13,BUF,MIN,BUF,MIN,home,5.0,1.0,10.0,20.0,85.0,85.0,85.0,30.0,33.0,-3.0,2.0,1.0,0.76866955,0.76866955,-0.019827023,-0.36910734,1.0,0.0,outdoors,38.0,11.0,0.0,,,0.0,0.0,0.0,0.0,0.0,26.0,5097.0,GO,false,,true,false
5119.0,2022_10_MIN_BUF,2022,REG,10,2022-11-13,BUF,MIN,BUF,MIN,home,5.0,2.0,10.0,20.0,79.0,79.0,79.0,30.0,33.0,-3.0,2.0,1.0,0.74884254,0.74884254,-0.74884254,-3.4563463,1.0,0.0,outdoors,38.0,11.0,0.0,,,0.0,0.0,0.0,0.0,0.0,26.0,5119.0,GO,false,,true,false
5149.0,2022_10_MIN_BUF,2022,REG,10,2022-11-13,BUF,MIN,BUF,MIN,home,5.0,,0.0,,72.0,72.0,72.0,30.0,33.0,-3.0,2.0,1.0,,,,,0.0,0.0,outdoors,38.0,11.0,,,,,,,0.0,0.0,26.0,5149.0,GO,,,true,false
3817.0,2022_12_TB_CLE,2022,REG,12,2022-11-27,CLE,TB,TB,CLE,away,5.0,,0.0,35.0,600.0,600.0,600.0,17.0,17.0,0.0,2.0,2.0,0.50375366,0.50375366,-0.0,-0.0,0.0,0.0,outdoors,56.0,14.0,0.0,,65.0,0.0,0.0,0.0,0.0,0.0,23.0,3817.0,GO,false,,false,true
3832.0,2022_12_TB_CLE,2022,REG,12,2022-11-27,CLE,TB,TB,CLE,away,5.0,1.0,10.0,75.0,600.0,600.0,600.0,17.0,17.0,0.0,2.0,2.0,0.50375366,0.50375366,0.0030821096,0.11275537,1.0,0.0,outdoors,56.0,14.0,0.0,,,0.0,0.0,0.0,0.0,0.0,23.0,3832.0,GO,false,,false,true
3856.0,2022_12_TB_CLE,2022,REG,12,2022-11-27,CLE,TB,TB,CLE,away,5.0,2.0,4.0,69.0,581.0,581.0,581.0,17.0,17.0,0.0,2.0,2.0,0.5068358,0.5068358,-0.075520575,-0.792579,1.0,1.0,outdoors,56.0,14.0,0.0,,,0.0,0.0,0.0,0.0,0.0,23.0,3856.0,GO,false,,false,true
3878.0,2022_12_TB_CLE,2022,REG,12,2022-11-27,CLE,TB,TB,CLE,away,5.0,3.0,4.0,69.0,575.0,575.0,575.0,17.0,17.0,0.0,2.0,2.0,0.4313152,0.4313152,0.12525824,1.270696,1.0,0.0,outdoors,56.0,14.0,0.0,,,0.0,0.0,0.0,0.0,0.0,23.0,3878.0,GO,false,,false,true
3901.0,2022_12_TB_CLE,2022,REG,12,2022-11-27,CLE,TB,TB,CLE,away,5.0,1.0,10.0,64.0,575.0,575.0,575.0,17.0,17.0,0.0,2.0,2.0,0.55657345,0.55657345,-0.0035369257,-0.08923192,1.0,1.0,outdoors,56.0,14.0,0.0,,,0.0,0.0,0.0,0.0,0.0,23.0,3901.0,GO,false,,false,true
3925.0,2022_12_TB_CLE,2022,REG,12,2022-11-27,CLE,TB,TB,CLE,away,5.0,2.0,6.0,60.0,544.0,544.0,544.0,17.0,17.0,0.0,2.0,2.0,0.5530365,0.5530365,-0.07013242,-0.72441167,1.0,1.0,outdoors,56.0,14.0,0.0,,,0.0,0.0,0.0,0.0,0.0,23.0,3925.0,GO,false,,false,true
3947.0,2022_12_TB_CLE,2022,REG,12,2022-11-27,CLE,TB,TB,CLE,away,5.0,3.0,6.0,60.0,541.0,541.0,541.0,17.0,17.0,0.0,2.0,2.0,0.4829041,0.4829041,0.15087748,1.5476111,1.0,0.0,outdoors,56.0,14.0,0.0,,,0.0,0.0,0.0,0.0,0.0,23.0,3947.0,GO,false,,false,true
3976.0,2022_12_TB_CLE,2022,REG,12,2022-11-27,CLE,TB,TB,CLE,away,5.0,1.0,10.0,53.0,519.0,519.0,519.0,17.0,17.0,0.0,2.0,2.0,0.6337816,0.6337816,0.01147077,0.27993745,1.0,1.0,outdoors,56.0,14.0,0.0,,,0.0,0.0,0.0,0.0,0.0,23.0,3976.0,GO,false,,false,true
4000.0,2022_12_TB_CLE,2022,REG,12,2022-11-27,CLE,TB,TB,CLE,away,5.0,2.0,4.0,47.0,488.0,488.0,488.0,17.0,17.0,0.0,2.0,2.0,0.64525235,0.64525235,-0.072854795,-0.7278951,1.0,1.0,outdoors,56.0,14.0,0.0,,,0.0,0.0,0.0,0.0,0.0,23.0,4000.0,GO,false,,false,true
4027.0,2022_12_TB_CLE,2022,REG,12,2022-11-27,CLE,TB,TB,CLE,away,5.0,3.0,4.0,47.0,484.0,484.0,484.0,17.0,17.0,0.0,2.0,2.0,0.57239753,0.57239753,-0.13342078,-1.2392845,1.0,0.0,outdoors,56.0,14.0,0.0,,,0.0,0.0,0.0,0.0,0.0,23.0,4027.0,GO,false,,false,true
4067.0,2022_12_TB_CLE,2022,REG,12,2022-11-27,CLE,TB,TB,CLE,away,5.0,3.0,14.0,57.0,459.0,459.0,459.0,17.0,17.0,0.0,2.0,2.0,0.4389768,0.4389768,-0.12131259,-1.0913019,1.0,0.0,outdoors,56.0,14.0,0.0,,,0.0,0.0,0.0,0.0,0.0,23.0,4067.0,GO,false,,false,true
4089.0,2022_12_TB_CLE,2022,REG,12,2022-11-27,CLE,TB,TB,CLE,away,5.0,4.0,14.0,57.0,455.0,455.0,455.0,17.0,17.0,0.0,2.0,2.0,0.3176642,0.3176642,0.23168392,-0.41251472,0.0,0.0,outdoors,56.0,14.0,0.0,,42.0,1.0,0.0,0.0,0.0,0.0,23.0,4089.0,PUNT,false,,false,true
4114.0,2022_12_TB_CLE,2022,REG,12,2022-11-27,CLE,TB,CLE,TB,home,5.0,1.0,10.0,79.0,446.0,446.0,446.0,17.0,17.0,0.0,2.0,2.0,0.45065188,0.45065188,-0.11232831,-1.0609901,1.0,0.0,outdoors,56.0,14.0,0.0,,,0.0,0.0,0.0,0.0,0.0,24.0,4114.0,GO,false,,true,false
4135.0,2022_12_TB_CLE,2022,REG,12,2022-11-27,CLE,TB,CLE,TB,home,5.0,2.0,12.0,81.0,407.0,407.0,407.0,17.0,17.0,0.0,2.0,2.0,0.33832356,0.33832356,-0.07090375,-0.670827,1.0,0.0,outdoors,56.0,14.0,0.0,,,0.0,0.0,0.0,0.0,0.0,24.0,4135.0,GO,false,,true,false
4172.0,2022_12_TB_CLE,2022,REG,12,2022-11-27,CLE,TB,CLE,TB,home,5.0,2.0,21.0,90.0,377.0,377.0,377.0,17.0,17.0,0.0,2.0,2.0,0.26741982,0.26741982,-0.05162811,-0.61785114,1.0,0.0,outdoors,56.0,14.0,0.0,,,0.0,0.0,0.0,0.0,0.0,24.0,4172.0,GO,false,,true,false
4199.0,2022_12_TB_CLE,2022,REG,12,2022-11-27,CLE,TB,CLE,TB,home,5.0,3.0,21.0,90.0,370.0,370.0,370.0,17.0,17.0,0.0,2.0,2.0,0.21579172,0.21579172,-0.045338903,-0.35612684,1.0,0.0,outdoors,56.0,14.0,0.0,,,0.0,0.0,0.0,0.0,0.0,24.0,4199.0,GO,false,,true,false
4220.0,2022_12_TB_CLE,2022,REG,12,2022-11-27,CLE,TB,CLE,TB,home,5.0,4.0,18.0,87.0,339.0,339.0,339.0,17.0,17.0,0.0,2.0,2.0,0.17045282,0.17045282,0.4696896,1.3305331,0.0,0.0,outdoors,56.0,14.0,0.0,,65.0,1.0,0.0,0.0,0.0,0.0,24.0,4220.0,PUNT,false,,true,false
4256.0,2022_12_TB_CLE,2022,REG,12,2022-11-27,CLE,TB,TB,CLE,away,5.0,1.0,10.0,81.0,327.0,327.0,327.0,17.0,17.0,0.0,2.0,2.0,0.3598576,0.3598576,-0.021781577,-0.09215992,1.0,0.0,outdoors,56.0,14.0,0.0,,,0.0,0.0,0.0,0.0,0.0,25.0,4256.0,GO,false,,false,false
4277.0,2022_12_TB_CLE,2022,REG,12,2022-11-27,CLE,TB,TB,CLE,away,5.0,2.0,5.0,76.0,289.0,289.0,289.0,17.0,17.0,0.0,2.0,2.0,0.338076,0.338076,0.101054735,1.0617087,0.0,0.0,outdoors,56.0,14.0,0.0,,,0.0,0.0,0.0,0.0,0.0,25.0,4277.0,GO,false,,false,false
4301.0,2022_12_TB_CLE,2022,REG,12,2022-11-27,CLE,TB,TB,CLE,away,5.0,1.0,10.0,62.0,254.0,254.0,254.0,17.0,17.0,0.0,2.0,2.0,0.43913072,0.43913072,-0.06673081,-0.5528726,0.0,0.0,outdoors,56.0,14.0,0.0,,,0.0,0.0,0.0,0.0,0.0,25.0,4301.0,GO,false,,false,false
4322.0,2022_12_TB_CLE,2022,REG,12,2022-11-27,CLE,TB,TB,CLE,away,5.0,2.0,9.0,61.0,215.0,215.0,215.0,17.0,17.0,0.0,2.0,2.0,0.37239993,0.37239993,-0.051670775,-0.48849732,1.0,0.0,outdoors,56.0,14.0,0.0,,,0.0,0.0,0.0,0.0,0.0,25.0,4322.0,GO,false,,false,false
4344.0,2022_12_TB_CLE,2022,REG,12,2022-11-27,CLE,TB,TB,CLE,away,5.0,3.0,9.0,61.0,209.0,209.0,209.0,17.0,17.0,0.0,2.0,2.0,0.32072914,0.32072914,-0.13576934,-0.93690354,1.0,0.0,outdoors,56.0,14.0,0.0,,,0.0,0.0,0.0,0.0,0.0,25.0,4344.0,GO,false,,false,false
4366.0,2022_12_TB_CLE,2022,REG,12,2022-11-27,CLE,TB,TB,CLE,away,5.0,4.0,13.0,65.0,174.0,174.0,174.0,17.0,17.0,0.0,2.0,2.0,0.18495981,0.18495981,0.46353784,-0.58391446,0.0,0.0,outdoors,56.0,14.0,0.0,,36.0,1.0,0.0,0.0,0.0,0.0,25.0,4366.0,PUNT,false,,false,false
4385.0,2022_12_TB_CLE,2022,REG,12,2022-11-27,CLE,TB,CLE,TB,home,5.0,1.0,10.0,71.0,165.0,165.0,165.0,17.0,17.0,0.0,2.0,2.0,0.35150233,0.35150233,0.100738235,0.8318119,1.0,0.0,outdoors,56.0,14.0,0.0,,,0.0,0.0,0.0,0.0,0.0,26.0,4385.0,GO,false,,true,false
4412.0,2022_12_TB_CLE,2022,REG,12,2022-11-27,CLE,TB,CLE,TB,home,5.0,1.0,10.0,54.0,120.0,120.0,120.0,17.0,17.0,0.0,2.0,2.0,0.45224056,0.45224056,-0.008708124,-0.06823199,1.0,0.0,outdoors,56.0,14.0,0.0,,,0.0,0.0,0.0,0.0,0.0,26.0,4412.0,GO,false,,true,false
4442.0,2022_12_TB_CLE,2022,REG,12,2022-11-27,CLE,TB,CLE,TB,home,5.0,2.0,6.0,50.0,95.0,95.0,95.0,17.0,17.0,0.0,2.0,2.0,0.44353244,0.44353244,-0.028589696,-0.1704696,1.0,1.0,outdoors,56.0,14.0,0.0,,,0.0,0.0,0.0,0.0,0.0,26.0,4442.0,GO,false,,true,false
4463.0,2022_12_TB_CLE,2022,REG,12,2022-11-27,CLE,TB,CLE,TB,home,5.0,3.0,4.0,48.0,56.0,56.0,56.0,17.0,17.0,0.0,2.0,2.0,0.41494274,0.41494274,0.48027843,3.9760733,1.0,0.0,outdoors,56.0,14.0,0.0,,,0.0,0.0,0.0,0.0,0.0,26.0,4463.0,GO,false,,true,false
4487.0,2022_12_TB_CLE,2022,REG,12,2022-11-27,CLE,TB,CLE,TB,home,5.0,1.0,3.0,3.0,48.0,48.0,48.0,17.0,17.0,0.0,2.0,1.0,0.8952212,0.8952212,-0.031849388,-0.7390176,0.0,0.0,outdoors,56.0,14.0,0.0,,,0.0,0.0,0.0,0.0,0.0,26.0,4487.0,GO,false,,true,false
4552.0,2022_12_TB_CLE,2022,REG,12,2022-11-27,CLE,TB,CLE,TB,home,5.0,2.0,3.0,3.0,24.0,24.0,24.0,17.0,17.0,0.0,1.0,1.0,0.8633718,0.8633718,0.13662821,2.0662663,0.0,0.0,outdoors,56.0,14.0,0.0,,,0.0,0.0,0.0,0.0,0.0,26.0,4552.0,GO,false,,true,false
4599.0,2022_12_TB_CLE,2022,REG,12,2022-11-27,CLE,TB,CLE,TB,home,5.0,,0.0,,19.0,19.0,19.0,23.0,17.0,6.0,1.0,1.0,,,,,0.0,0.0,outdoors,56.0,14.0,,,,,,,0.0,0.0,26.0,4599.0,GO,,,true,false
4789.0,2022_15_IND_MIN,2022,REG,15,2022-12-17,MIN,IND,MIN,IND,home,5.0,,0.0,35.0,600.0,600.0,600.0,36.0,36.0,0.0,2.0,2.0,0.53480625,0.53480625,0.0,-0.48972198,0.0,0.0,dome,,,0.0,,69.0,0.0,0.0,0.0,0.0,0.0,33.0,4789.0,GO,false,,true,true
4811.0,2022_15_IND_MIN,2022,REG,15,2022-12-17,MIN,IND,MIN,IND,home,5.0,1.0,10.0,83.0,596.0,596.0,596.0,36.0,36.0,0.0,2.0,2.0,0.53480625,0.53480625,-0.058283687,-0.595099,0.0,0.0,dome,,,0.0,,,0.0,0.0,0.0,0.0,0.0,33.0,4811.0,GO,false,,true,true
4832.0,2022_15_IND_MIN,2022,REG,15,2022-12-17,MIN,IND,MIN,IND,home,5.0,2.0,9.0,82.0,560.0,560.0,560.0,36.0,36.0,0.0,2.0,2.0,0.4765226,0.4765226,0.13425885,1.3846428,1.0,0.0,dome,,,0.0,,,0.0,0.0,0.0,0.0,0.0,33.0,4832.0,GO,false,,true,true
4865.0,2022_15_IND_MIN,2022,REG,15,2022-12-17,MIN,IND,MIN,IND,home,5.0,1.0,10.0,67.0,555.0,555.0,555.0,36.0,36.0,0.0,2.0,2.0,0.61078143,0.61078143,0.01141185,0.16422752,0.0,0.0,dome,,,0.0,,,0.0,0.0,0.0,0.0,0.0,33.0,4865.0,GO,false,,true,true
4889.0,2022_15_IND_MIN,2022,REG,15,2022-12-17,MIN,IND,MIN,IND,home,5.0,2.0,4.0,61.0,517.0,517.0,517.0,36.0,36.0,0.0,2.0,2.0,0.6221933,0.6221933,0.08017672,0.7951201,1.0,0.0,dome,,,0.0,,,0.0,0.0,0.0,0.0,0.0,33.0,4889.0,GO,false,,true,true
4921.0,2022_15_IND_MIN,2022,REG,15,2022-12-17,MIN,IND,MIN,IND,home,5.0,1.0,10.0,50.0,497.0,497.0,497.0,36.0,36.0,0.0,2.0,2.0,0.70237,0.70237,0.018050987,0.27236933,0.0,0.0,dome,,,0.0,,,0.0,0.0,0.0,0.0,0.0,33.0,4921.0,GO,false,,true,true
4950.0,2022_15_IND_MIN,2022,REG,15,2022-12-17,MIN,IND,MIN,IND,home,5.0,2.0,3.0,43.0,456.0,456.0,456.0,36.0,36.0,0.0,2.0,2.0,0.720421,0.720421,0.03927239,0.36386093,0.0,0.0,dome,,,0.0,,,0.0,0.0,0.0,0.0,0.0,33.0,4950.0,GO,false,,true,true
4976.0,2022_15_IND_MIN,2022,REG,15,2022-12-17,MIN,IND,MIN,IND,home,5.0,1.0,10.0,39.0,417.0,417.0,417.0,36.0,36.0,0.0,2.0,2.0,0.7596934,0.7596934,-0.12422963,-1.2099003,0.0,0.0,dome,,,0.0,,,0.0,0.0,0.0,0.0,0.0,33.0,4976.0,GO,false,,true,true
4995.0,2022_15_IND_MIN,2022,REG,15,2022-12-17,MIN,IND,MIN,IND,home,5.0,2.0,14.0,43.0,374.0,374.0,374.0,36.0,36.0,0.0,2.0,2.0,0.6354638,0.6354638,-0.08552341,-0.8757167,1.0,0.0,dome,,,0.0,,,0.0,0.0,0.0,0.0,0.0,33.0,4995.0,GO,false,,true,true
5017.0,2022_15_IND_MIN,2022,REG,15,2022-12-17,MIN,IND,MIN,IND,home,5.0,3.0,14.0,43.0,369.0,369.0,369.0,36.0,36.0,0.0,2.0,2.0,0.54994035,0.54994035,-0.100195624,-0.68149287,1.0,0.0,dome,,,0.0,,,0.0,0.0,0.0,0.0,0.0,33.0,5017.0,GO,false,,true,true
5052.0,2022_15_IND_MIN,2022,REG,15,2022-12-17,MIN,IND,MIN,IND,home,5.0,3.0,24.0,53.0,344.0,344.0,344.0,36.0,36.0,0.0,2.0,2.0,0.44974473,0.44974473,-0.021548249,-0.04913344,1.0,0.0,dome,,,0.0,,,0.0,0.0,0.0,0.0,0.0,33.0,5052.0,GO,false,,true,true
5079.0,2022_15_IND_MIN,2022,REG,15,2022-12-17,MIN,IND,MIN,IND,home,5.0,4.0,10.0,39.0,298.0,298.0,298.0,36.0,36.0,0.0,2.0,2.0,0.42819646,0.42819646,0.2022576,-0.98148346,0.0,0.0,dome,,,0.0,,26.0,1.0,0.0,0.0,0.0,0.0,33.0,5079.0,PUNT,false,,true,true
5098.0,2022_15_IND_MIN,2022,REG,15,2022-12-17,MIN,IND,IND,MIN,away,5.0,1.0,10.0,87.0,290.0,290.0,290.0,36.0,36.0,0.0,2.0,2.0,0.36954594,0.36954594,-0.0030003404,0.040709764,0.0,0.0,dome,,,0.0,,,0.0,0.0,0.0,0.0,0.0,34.0,5098.0,GO,false,,false,false
5119.0,2022_15_IND_MIN,2022,REG,15,2022-12-17,MIN,IND,IND,MIN,away,5.0,2.0,5.0,82.0,257.0,257.0,257.0,36.0,36.0,0.0,2.0,2.0,0.3665456,0.3665456,0.10993084,1.3057694,1.0,0.0,dome,,,0.0,,,0.0,0.0,0.0,0.0,0.0,34.0,5119.0,GO,false,,false,false
5146.0,2022_15_IND_MIN,2022,REG,15,2022-12-17,MIN,IND,IND,MIN,away,5.0,1.0,10.0,67.0,229.0,229.0,229.0,36.0,36.0,0.0,2.0,2.0,0.47647643,0.47647643,-0.057411868,-0.5412695,1.0,0.0,dome,,,0.0,,,0.0,0.0,0.0,0.0,0.0,34.0,5146.0,GO,false,,false,false
5180.0,2022_15_IND_MIN,2022,REG,15,2022-12-17,MIN,IND,IND,MIN,away,5.0,2.0,9.0,66.0,178.0,178.0,178.0,36.0,36.0,0.0,2.0,2.0,0.41906455,0.41906455,-0.06617152,-0.5137694,1.0,0.0,dome,,,0.0,,,0.0,0.0,0.0,0.0,0.0,34.0,5180.0,GO,false,,false,false
5202.0,2022_15_IND_MIN,2022,REG,15,2022-12-17,MIN,IND,IND,MIN,away,5.0,3.0,9.0,66.0,174.0,174.0,174.0,36.0,36.0,0.0,2.0,2.0,0.35289305,0.35289305,0.16271305,1.5578388,1.0,0.0,dome,,,0.0,,,0.0,0.0,0.0,0.0,0.0,34.0,5202.0,GO,false,,false,false
5226.0,2022_15_IND_MIN,2022,REG,15,2022-12-17,MIN,IND,IND,MIN,away,5.0,1.0,10.0,57.0,143.0,143.0,143.0,36.0,36.0,0.0,2.0,2.0,0.5156061,0.5156061,-0.068419695,-0.5142334,0.0,0.0,dome,,,0.0,,,0.0,0.0,0.0,0.0,0.0,34.0,5226.0,GO,false,,false,false
5247.0,2022_15_IND_MIN,2022,REG,15,2022-12-17,MIN,IND,IND,MIN,away,5.0,2.0,9.0,56.0,120.0,120.0,120.0,36.0,36.0,0.0,2.0,2.0,0.44718638,0.44718638,-0.12868893,-0.79776406,1.0,0.0,dome,,,0.0,,,0.0,0.0,0.0,0.0,0.0,34.0,5247.0,GO,false,,false,false
5278.0,2022_15_IND_MIN,2022,REG,15,2022-12-17,MIN,IND,IND,MIN,away,5.0,3.0,9.0,56.0,113.0,113.0,113.0,36.0,36.0,0.0,2.0,1.0,0.31849745,0.31849745,-0.13614751,-1.0933836,1.0,0.0,dome,,,0.0,,,0.0,0.0,0.0,0.0,0.0,34.0,5278.0,GO,false,,false,false
5307.0,2022_15_IND_MIN,2022,REG,15,2022-12-17,MIN,IND,IND,MIN,away,5.0,4.0,9.0,56.0,109.0,109.0,109.0,36.0,36.0,0.0,2.0,1.0,0.18234994,0.18234994,0.48522744,-0.7896489,0.0,0.0,dome,,,0.0,,38.0,1.0,0.0,0.0,0.0,0.0,34.0,5307.0,PUNT,false,,false,false
4157.0,2022_15_DAL_JAX,2022,REG,15,2022-12-18,JAX,DAL,JAX,DAL,home,5.0,,0.0,35.0,600.0,600.0,600.0,34.0,34.0,0.0,2.0,2.0,0.5268756,0.5268756,0.0,0.0,0.0,0.0,outdoors,54.0,9.0,0.0,,65.0,0.0,0.0,0.0,0.0,0.0,24.0,4157.0,GO,false,,true,true
4172.0,2022_15_DAL_JAX,2022,REG,15,2022-12-18,JAX,DAL,JAX,DAL,home,5.0,1.0,10.0,75.0,600.0,600.0,600.0,34.0,34.0,0.0,2.0,2.0,0.5268756,0.5268756,-0.06170032,-0.5658092,0.0,0.0,outdoors,54.0,9.0,0.0,,,0.0,0.0,0.0,0.0,0.0,24.0,4172.0,GO,false,,true,true
4193.0,2022_15_DAL_JAX,2022,REG,15,2022-12-18,JAX,DAL,JAX,DAL,home,5.0,2.0,9.0,74.0,564.0,564.0,564.0,34.0,34.0,0.0,2.0,2.0,0.46517533,0.46517533,-0.061187733,-0.66645783,1.0,0.0,outdoors,54.0,9.0,0.0,,,0.0,0.0,0.0,0.0,0.0,24.0,4193.0,GO,false,,true,true
4215.0,2022_15_DAL_JAX,2022,REG,15,2022-12-18,JAX,DAL,JAX,DAL,home,5.0,3.0,9.0,74.0,560.0,560.0,560.0,34.0,34.0,0.0,2.0,2.0,0.4039876,0.4039876,-0.069565915,-0.7090546,1.0,0.0,outdoors,54.0,9.0,0.0,,,0.0,0.0,0.0,0.0,0.0,24.0,4215.0,GO,false,,true,true
4238.0,2022_15_DAL_JAX,2022,REG,15,2022-12-18,JAX,DAL,JAX,DAL,home,5.0,3.0,14.0,79.0,560.0,560.0,560.0,34.0,34.0,0.0,2.0,2.0,0.33442166,0.33442166,0.0013391862,0.19889073,1.0,0.0,outdoors,54.0,9.0,0.0,,,0.0,0.0,0.0,0.0,0.0,24.0,4238.0,GO,false,,true,true
4268.0,2022_15_DAL_JAX,2022,REG,15,2022-12-18,JAX,DAL,JAX,DAL,home,5.0,4.0,3.0,68.0,536.0,536.0,536.0,34.0,34.0,0.0,2.0,2.0,0.33576086,0.33576086,0.21270439,-0.08495906,0.0,0.0,outdoors,54.0,9.0,0.0,,48.0,1.0,0.0,0.0,0.0,0.0,24.0,4268.0,PUNT,false,,true,true
4287.0,2022_15_DAL_JAX,2022,REG,15,2022-12-18,JAX,DAL,DAL,JAX,away,5.0,1.0,10.0,80.0,528.0,528.0,528.0,34.0,34.0,0.0,2.0,2.0,0.45153475,0.45153475,0.1297068,1.2177001,1.0,0.0,outdoors,54.0,9.0,0.0,,,0.0,0.0,0.0,0.0,0.0,25.0,4287.0,GO,false,,false,false
4318.0,2022_15_DAL_JAX,2022,REG,15,2022-12-18,JAX,DAL,DAL,JAX,away,5.0,1.0,10.0,59.0,494.0,494.0,494.0,34.0,34.0,0.0,2.0,2.0,0.58124155,0.58124155,0.025448456,0.4070856,1.0,0.0,outdoors,54.0,9.0,0.0,,,0.0,0.0,0.0,0.0,0.0,25.0,4318.0,GO,false,,false,false
4339.0,2022_15_DAL_JAX,2022,REG,15,2022-12-18,JAX,DAL,DAL,JAX,away,5.0,2.0,4.0,53.0,459.0,459.0,459.0,34.0,34.0,0.0,2.0,2.0,0.60669,0.60669,-0.0860961,-0.7382977,1.0,0.0,outdoors,54.0,9.0,0.0,,,0.0,0.0,0.0,0.0,0.0,25.0,4339.0,GO,false,,false,false
4360.0,2022_15_DAL_JAX,2022,REG,15,2022-12-18,JAX,DAL,DAL,JAX,away,5.0,3.0,4.0,53.0,424.0,424.0,424.0,34.0,34.0,0.0,2.0,2.0,0.5205939,0.5205939,-0.5205939,-8.5593195,1.0,0.0,outdoors,54.0,9.0,0.0,,,0.0,0.0,0.0,0.0,0.0,25.0,4360.0,GO,false,,false,false
4387.0,2022_15_DAL_JAX,2022,REG,15,2022-12-18,JAX,DAL,JAX,DAL,home,5.0,,0.0,,412.0,412.0,412.0,40.0,34.0,6.0,2.0,2.0,,,,,0.0,0.0,outdoors,54.0,9.0,,,,,,,0.0,0.0,25.0,4387.0,GO,,,true,false
4159.0,2022_12_LV_SEA,2022,REG,12,2022-11-27,SEA,LV,LV,SEA,away,5.0,,0.0,35.0,600.0,600.0,600.0,34.0,34.0,0.0,2.0,2.0,0.50375366,0.50375366,-0.0,-0.0,0.0,0.0,outdoors,44.0,8.0,0.0,,65.0,0.0,0.0,0.0,0.0,0.0,25.0,4159.0,GO,false,,false,true
4174.0,2022_12_LV_SEA,2022,REG,12,2022-11-27,SEA,LV,LV,SEA,away,5.0,1.0,10.0,75.0,600.0,600.0,600.0,34.0,34.0,0.0,2.0,2.0,0.50375366,0.50375366,-0.020776965,-0.1032763,0.0,0.0,outdoors,44.0,8.0,0.0,,,0.0,0.0,0.0,0.0,0.0,25.0,4174.0,GO,false,,false,true
4195.0,2022_12_LV_SEA,2022,REG,12,2022-11-27,SEA,LV,LV,SEA,away,5.0,2.0,5.0,70.0,562.0,562.0,562.0,34.0,34.0,0.0,2.0,2.0,0.4829767,0.4829767,-0.06832651,-0.7432985,1.0,0.0,outdoors,44.0,8.0,0.0,,,0.0,0.0,0.0,0.0,0.0,25.0,4195.0,GO,false,,false,true
4217.0,2022_12_LV_SEA,2022,REG,12,2022-11-27,SEA,LV,LV,SEA,away,5.0,3.0,5.0,70.0,556.0,556.0,556.0,34.0,34.0,0.0,2.0,2.0,0.4146502,0.4146502,0.15520336,1.5954062,1.0,0.0,outdoors,44.0,8.0,0.0,,,0.0,0.0,0.0,0.0,0.0,25.0,4217.0,GO,false,,false,true
4241.0,2022_12_LV_SEA,2022,REG,12,2022-11-27,SEA,LV,LV,SEA,away,5.0,1.0,10.0,61.0,510.0,510.0,510.0,34.0,34.0,0.0,2.0,2.0,0.56985354,0.56985354,0.09537918,1.0399129,0.0,0.0,outdoors,44.0,8.0,0.0,,,0.0,0.0,0.0,0.0,0.0,25.0,4241.0,GO,false,,false,true
4262.0,2022_12_LV_SEA,2022,REG,12,2022-11-27,SEA,LV,LV,SEA,away,5.0,1.0,10.0,46.0,469.0,469.0,469.0,34.0,34.0,0.0,2.0,2.0,0.6652328,0.6652328,-0.019998834,-0.16542608,0.0,0.0,outdoors,44.0,8.0,0.0,,,0.0,0.0,0.0,0.0,0.0,25.0,4262.0,GO,false,,false,true
4283.0,2022_12_LV_SEA,2022,REG,12,2022-11-27,SEA,LV,LV,SEA,away,5.0,2.0,6.0,42.0,428.0,428.0,428.0,34.0,34.0,0.0,2.0,2.0,0.6452339,0.6452339,0.045737542,0.3251194,0.0,0.0,outdoors,44.0,8.0,0.0,,,0.0,0.0,0.0,0.0,0.0,25.0,4283.0,GO,false,,false,true
4307.0,2022_12_LV_SEA,2022,REG,12,2022-11-27,SEA,LV,LV,SEA,away,5.0,3.0,1.0,37.0,387.0,387.0,387.0,34.0,34.0,0.0,2.0,2.0,0.69097143,0.69097143,-0.09985319,-2.493125,0.0,0.0,outdoors,44.0,8.0,0.0,,,0.0,0.0,0.0,0.0,0.0,25.0,4307.0,GO,false,,false,true
4331.0,2022_12_LV_SEA,2022,REG,12,2022-11-27,SEA,LV,LV,SEA,away,5.0,4.0,2.0,38.0,356.0,356.0,356.0,34.0,34.0,0.0,2.0,2.0,0.5911183,0.5911183,-0.16423085,-2.6294615,0.0,0.0,outdoors,44.0,8.0,1.0,missed,56.0,0.0,0.0,0.0,0.0,0.0,25.0,4331.0,FG,false,false,false,true
4351.0,2022_12_LV_SEA,2022,REG,12,2022-11-27,SEA,LV,SEA,LV,home,5.0,1.0,10.0,54.0,351.0,351.0,351.0,34.0,34.0,0.0,2.0,2.0,0.5731126,0.5731126,0.0028124885,0.046019588,1.0,0.0,outdoors,44.0,8.0,0.0,,,0.0,0.0,0.0,0.0,0.0,26.0,4351.0,GO,false,,true,false
4387.0,2022_12_LV_SEA,2022,REG,12,2022-11-27,SEA,LV,SEA,LV,home,5.0,2.0,5.0,49.0,325.0,325.0,325.0,34.0,34.0,0.0,2.0,2.0,0.57592505,0.57592505,-0.1015814,-0.7889231,1.0,0.0,outdoors,44.0,8.0,0.0,,,0.0,0.0,0.0,0.0,0.0,26.0,4387.0,GO,false,,true,false
4408.0,2022_12_LV_SEA,2022,REG,12,2022-11-27,SEA,LV,SEA,LV,home,5.0,3.0,5.0,49.0,283.0,283.0,283.0,34.0,34.0,0.0,2.0,2.0,0.4743437,0.4743437,-0.15485324,-1.3666173,1.0,0.0,outdoors,44.0,8.0,0.0,,,0.0,0.0,0.0,0.0,0.0,26.0,4408.0,GO,false,,true,false
4430.0,2022_12_LV_SEA,2022,REG,12,2022-11-27,SEA,LV,SEA,LV,home,5.0,4.0,5.0,49.0,279.0,279.0,279.0,34.0,34.0,0.0,2.0,2.0,0.31949043,0.31949043,0.3739755,-0.25700676,0.0,0.0,outdoors,44.0,8.0,0.0,,35.0,1.0,0.0,0.0,0.0,0.0,26.0,4430.0,PUNT,false,,true,false
4458.0,2022_12_LV_SEA,2022,REG,12,2022-11-27,SEA,LV,LV,SEA,away,5.0,1.0,10.0,86.0,272.0,272.0,272.0,34.0,34.0,0.0,2.0,2.0,0.30653408,0.30653408,0.6934659,6.827593,0.0,0.0,outdoors,44.0,8.0,0.0,,,0.0,0.0,0.0,0.0,0.0,27.0,4458.0,GO,false,,false,false
4480.0,2022_12_LV_SEA,2022,REG,12,2022-11-27,SEA,LV,SEA,LV,home,5.0,,0.0,,260.0,260.0,260.0,34.0,40.0,-6.0,2.0,2.0,,,,,0.0,0.0,outdoors,44.0,8.0,,,,,,,0.0,0.0,28.0,4480.0,GO,,,true,false
4066.0,2022_11_LV_DEN,2022,REG,11,2022-11-20,DEN,LV,LV,DEN,away,5.0,,0.0,35.0,600.0,600.0,600.0,16.0,16.0,0.0,2.0,2.0,0.539946,0.539946,-0.0,0.3754226,0.0,0.0,outdoors,49.0,11.0,0.0,,60.0,0.0,0.0,0.0,0.0,0.0,20.0,4066.0,GO,false,,false,true
4090.0,2022_11_LV_DEN,2022,REG,11,2022-11-20,DEN,LV,LV,DEN,away,5.0,1.0,10.0,67.0,593.0,593.0,593.0,16.0,16.0,0.0,2.0,2.0,0.539946,0.539946,-0.08210148,-0.7719092,0.0,0.0,outdoors,49.0,11.0,0.0,,,0.0,0.0,0.0,0.0,0.0,20.0,4090.0,GO,false,,false,true
4111.0,2022_11_LV_DEN,2022,REG,11,2022-11-20,DEN,LV,LV,DEN,away,5.0,2.0,11.0,68.0,553.0,553.0,553.0,16.0,16.0,0.0,2.0,2.0,0.45784453,0.45784453,0.3335466,2.8785422,0.0,0.0,outdoors,49.0,11.0,0.0,,,0.0,0.0,0.0,0.0,0.0,20.0,4111.0,GO,false,,false,true
4135.0,2022_11_LV_DEN,2022,REG,11,2022-11-20,DEN,LV,LV,DEN,away,5.0,1.0,10.0,35.0,511.0,511.0,511.0,16.0,16.0,0.0,2.0,2.0,0.79139113,0.79139113,0.20860887,3.537916,0.0,0.0,outdoors,49.0,11.0,0.0,,,0.0,0.0,0.0,0.0,0.0,20.0,4135.0,GO,false,,false,true
4160.0,2022_11_LV_DEN,2022,REG,11,2022-11-20,DEN,LV,DEN,LV,home,5.0,,0.0,,504.0,504.0,504.0,16.0,22.0,-6.0,2.0,2.0,,,,,0.0,0.0,outdoors,49.0,11.0,,,,,,,0.0,0.0,21.0,4160.0,GO,,,true,false
4519.0,2022_02_ARI_LV,2022,REG,2,2022-09-18,LV,ARI,LV,ARI,home,5.0,2.0,10.0,39.0,245.0,245.0,245.0,23.0,23.0,0.0,1.0,0.0,0.48164344,0.48164344,-0.48164344,-8.912825,1.0,0.0,dome,,,0.0,,,0.0,0.0,0.0,0.0,0.0,18.0,4519.0,GO,false,,true,false
4555.0,2022_02_ARI_LV,2022,REG,2,2022-09-18,LV,ARI,LV,ARI,home,5.0,,0.0,,231.0,231.0,231.0,23.0,29.0,-6.0,1.0,0.0,,,,,0.0,0.0,dome,,,,,,,,,0.0,0.0,18.0,4555.0,GO,,,true,false
4385.0,2022_05_IND_DEN,2022,REG,5,2022-10-06,DEN,IND,IND,DEN,away,5.0,,0.0,35.0,600.0,600.0,600.0,9.0,9.0,0.0,2.0,2.0,0.50375366,0.50375366,-0.0,-0.0,0.0,0.0,outdoors,,,0.0,,65.0,0.0,0.0,0.0,0.0,0.0,26.0,4385.0,GO,false,,false,true
4400.0,2022_05_IND_DEN,2022,REG,5,2022-10-06,DEN,IND,IND,DEN,away,5.0,1.0,10.0,75.0,600.0,600.0,600.0,9.0,9.0,0.0,2.0,2.0,0.50375366,0.50375366,-0.05900213,-0.55613875,1.0,0.0,outdoors,,,0.0,,,0.0,0.0,0.0,0.0,0.0,26.0,4400.0,GO,false,,false,true
4429.0,2022_05_IND_DEN,2022,REG,5,2022-10-06,DEN,IND,IND,DEN,away,5.0,2.0,9.0,74.0,570.0,570.0,570.0,9.0,9.0,0.0,2.0,2.0,0.44475156,0.44475156,0.15794492,1.5525159,1.0,0.0,outdoors,,,0.0,,,0.0,0.0,0.0,0.0,0.0,26.0,4429.0,GO,false,,false,true
4458.0,2022_05_IND_DEN,2022,REG,5,2022-10-06,DEN,IND,IND,DEN,away,5.0,1.0,10.0,58.0,540.0,540.0,540.0,9.0,9.0,0.0,2.0,2.0,0.6026965,0.6026965,0.06444119,0.76316047,0.0,0.0,outdoors,,,0.0,,,0.0,0.0,0.0,0.0,0.0,26.0,4458.0,GO,false,,false,true
4479.0,2022_05_IND_DEN,2022,REG,5,2022-10-06,DEN,IND,IND,DEN,away,5.0,2.0,1.0,49.0,505.0,505.0,505.0,9.0,9.0,0.0,2.0,2.0,0.6671376,0.6671376,0.096100405,0.6027463,0.0,0.0,outdoors,,,0.0,,,0.0,0.0,0.0,0.0,0.0,26.0,4479.0,GO,false,,false,true
4508.0,2022_05_IND_DEN,2022,REG,5,2022-10-06,DEN,IND,IND,DEN,away,5.0,1.0,10.0,37.0,475.0,475.0,475.0,9.0,9.0,0.0,2.0,2.0,0.7632381,0.7632381,0.0006052019,-0.08259213,1.0,0.0,outdoors,,,0.0,,,0.0,0.0,0.0,0.0,0.0,26.0,4508.0,GO,false,,false,true
4532.0,2022_05_IND_DEN,2022,REG,5,2022-10-06,DEN,IND,IND,DEN,away,5.0,2.0,6.0,33.0,440.0,440.0,440.0,9.0,9.0,0.0,2.0,2.0,0.76384324,0.76384324,-0.015912311,-0.29297143,0.0,0.0,outdoors,,,0.0,,,0.0,0.0,0.0,0.0,0.0,26.0,4532.0,GO,false,,false,true
4553.0,2022_05_IND_DEN,2022,REG,5,2022-10-06,DEN,IND,IND,DEN,away,5.0,3.0,4.0,31.0,399.0,399.0,399.0,9.0,9.0,0.0,2.0,2.0,0.74793094,0.74793094,0.013280613,-1.3422701,1.0,0.0,outdoors,,,0.0,,,0.0,0.0,0.0,0.0,0.0,26.0,4553.0,GO,false,,false,true
4574.0,2022_05_IND_DEN,2022,REG,5,2022-10-06,DEN,IND,IND,DEN,away,5.0,4.0,3.0,30.0,354.0,354.0,354.0,9.0,9.0,0.0,2.0,2.0,0.7612116,0.7612116,-0.17290007,1.3755212,0.0,0.0,outdoors,,,1.0,made,48.0,0.0,0.0,0.0,0.0,0.0,26.0,4574.0,FG,false,true,false,true
4593.0,2022_05_IND_DEN,2022,REG,5,2022-10-06,DEN,IND,DEN,IND,home,5.0,,0.0,35.0,350.0,350.0,350.0,9.0,12.0,-3.0,2.0,2.0,0.4116885,0.4116885,0.0,0.0,0.0,0.0,outdoors,,,0.0,,65.0,0.0,0.0,0.0,0.0,0.0,27.0,4593.0,GO,false,,true,false
4608.0,2022_05_IND_DEN,2022,REG,5,2022-10-06,DEN,IND,DEN,IND,home,5.0,1.0,10.0,75.0,350.0,350.0,350.0,9.0,12.0,-3.0,2.0,2.0,0.4116885,0.4116885,0.17245643,1.5629939,0.0,0.0,outdoors,,,0.0,,,0.0,0.0,0.0,0.0,0.0,27.0,4608.0,GO,false,,true,false
4637.0,2022_05_IND_DEN,2022,REG,5,2022-10-06,DEN,IND,DEN,IND,home,5.0,1.0,10.0,51.0,316.0,316.0,316.0,9.0,12.0,-3.0,2.0,2.0,0.58414495,0.58414495,0.29813224,2.377091,0.0,0.0,outdoors,,,0.0,,,0.0,0.0,0.0,0.0,0.0,27.0,4637.0,GO,false,,true,false
4661.0,2022_05_IND_DEN,2022,REG,5,2022-10-06,DEN,IND,DEN,IND,home,5.0,1.0,10.0,14.0,270.0,270.0,270.0,9.0,12.0,-3.0,2.0,2.0,0.8822772,0.8822772,-0.0029845787,-0.23901327,0.0,0.0,outdoors,,,0.0,,,0.0,0.0,0.0,0.0,0.0,27.0,4661.0,GO,false,,true,false
4682.0,2022_05_IND_DEN,2022,REG,5,2022-10-06,DEN,IND,DEN,IND,home,5.0,2.0,7.0,11.0,232.0,232.0,232.0,9.0,12.0,-3.0,2.0,2.0,0.8792926,0.8792926,0.010841874,0.24600273,1.0,0.0,outdoors,,,0.0,,,0.0,0.0,0.0,0.0,0.0,27.0,4682.0,GO,false,,true,false
4703.0,2022_05_IND_DEN,2022,REG,5,2022-10-06,DEN,IND,DEN,IND,home,5.0,3.0,2.0,6.0,192.0,192.0,192.0,9.0,12.0,-3.0,2.0,2.0,0.89013445,0.89013445,-0.13793719,-1.4230435,1.0,0.0,outdoors,,,0.0,,,0.0,0.0,0.0,0.0,0.0,27.0,4703.0,GO,false,,true,false
4724.0,2022_05_IND_DEN,2022,REG,5,2022-10-06,DEN,IND,DEN,IND,home,5.0,4.0,1.0,5.0,158.0,158.0,158.0,9.0,12.0,-3.0,1.0,1.0,0.7521973,0.7521973,-0.7521973,-3.288836,1.0,0.0,outdoors,,,0.0,,,0.0,0.0,1.0,0.0,0.0,27.0,4724.0,GO,false,,true,false
4760.0,2022_05_IND_DEN,2022,REG,5,2022-10-06,DEN,IND,DEN,IND,home,5.0,,0.0,,153.0,153.0,153.0,9.0,12.0,-3.0,1.0,1.0,,,,,0.0,0.0,outdoors,,,,,,,,,0.0,0.0,27.0,4760.0,GO,,,true,false
4205.0,2022_09_TEN_KC,2022,REG,9,2022-11-06,KC,TEN,KC,TEN,home,5.0,,0.0,35.0,600.0,600.0,600.0,17.0,17.0,0.0,2.0,2.0,0.5268756,0.5268756,0.0,0.0,0.0,0.0,outdoors,54.0,7.0,0.0,,65.0,0.0,0.0,0.0,0.0,0.0,25.0,4205.0,GO,false,,true,true
4220.0,2022_09_TEN_KC,2022,REG,9,2022-11-06,KC,TEN,KC,TEN,home,5.0,1.0,10.0,75.0,600.0,600.0,600.0,17.0,17.0,0.0,2.0,2.0,0.5268756,0.5268756,-0.067064755,-0.6255254,1.0,0.0,outdoors,54.0,7.0,0.0,,,0.0,0.0,0.0,0.0,0.0,25.0,4220.0,GO,false,,true,true
4255.0,2022_09_TEN_KC,2022,REG,9,2022-11-06,KC,TEN,KC,TEN,home,5.0,1.0,15.0,80.0,587.0,587.0,587.0,17.0,17.0,0.0,2.0,2.0,0.45981088,0.45981088,-0.0280349,-0.2927541,1.0,0.0,outdoors,54.0,7.0,0.0,,,0.0,0.0,0.0,0.0,0.0,25.0,4255.0,GO,false,,true,true
4279.0,2022_09_TEN_KC,2022,REG,9,2022-11-06,KC,TEN,KC,TEN,home,5.0,2.0,11.0,76.0,548.0,548.0,548.0,17.0,17.0,0.0,2.0,2.0,0.431776,0.431776,0.17697081,1.8166357,1.0,0.0,outdoors,54.0,7.0,0.0,,,0.0,0.0,0.0,0.0,0.0,25.0,4279.0,GO,false,,true,true
4303.0,2022_09_TEN_KC,2022,REG,9,2022-11-06,KC,TEN,KC,TEN,home,5.0,1.0,10.0,58.0,507.0,507.0,507.0,17.0,17.0,0.0,2.0,2.0,0.60874677,0.60874677,-0.03502055,-0.15895501,1.0,0.0,outdoors,54.0,7.0,0.0,,,0.0,0.0,0.0,0.0,0.0,25.0,4303.0,GO,false,,true,true
4324.0,2022_09_TEN_KC,2022,REG,9,2022-11-06,KC,TEN,KC,TEN,home,5.0,2.0,7.0,55.0,469.0,469.0,469.0,17.0,17.0,0.0,2.0,2.0,0.57372624,0.57372624,0.018724423,0.36458403,1.0,0.0,outdoors,54.0,7.0,0.0,,,0.0,0.0,0.0,0.0,0.0,25.0,4324.0,GO,false,,true,true
4348.0,2022_09_TEN_KC,2022,REG,9,2022-11-06,KC,TEN,KC,TEN,home,5.0,3.0,1.0,49.0,424.0,424.0,424.0,17.0,17.0,0.0,2.0,2.0,0.5924507,0.5924507,0.27683824,2.0337684,0.0,0.0,outdoors,54.0,7.0,0.0,,,0.0,0.0,0.0,0.0,0.0,25.0,4348.0,GO,false,,true,true
4383.0,2022_09_TEN_KC,2022,REG,9,2022-11-06,KC,TEN,KC,TEN,home,5.0,1.0,10.0,22.0,392.0,392.0,392.0,17.0,17.0,0.0,2.0,2.0,0.8692889,0.8692889,0.030497454,0.5782765,1.0,0.0,outdoors,54.0,7.0,0.0,,,0.0,0.0,0.0,0.0,0.0,25.0,4383.0,GO,false,,true,true
4407.0,2022_09_TEN_KC,2022,REG,9,2022-11-06,KC,TEN,KC,TEN,home,5.0,2.0,2.0,14.0,353.0,353.0,353.0,17.0,17.0,0.0,2.0,2.0,0.89978635,0.89978635,-0.0084833335,-0.25944307,1.0,0.0,outdoors,54.0,7.0,0.0,,,0.0,0.0,0.0,0.0,0.0,25.0,4407.0,GO,false,,true,true
4428.0,2022_09_TEN_KC,2022,REG,9,2022-11-06,KC,TEN,KC,TEN,home,5.0,3.0,1.0,13.0,317.0,317.0,317.0,17.0,17.0,0.0,2.0,2.0,0.891303,0.891303,-0.055814,-1.0011122,1.0,0.0,outdoors,54.0,7.0,0.0,,,0.0,0.0,0.0,0.0,0.0,25.0,4428.0,GO,false,,true,true
4450.0,2022_09_TEN_KC,2022,REG,9,2022-11-06,KC,TEN,KC,TEN,home,5.0,4.0,1.0,13.0,313.0,313.0,313.0,17.0,17.0,0.0,1.0,2.0,0.83548903,0.83548903,0.055658627,1.1607538,1.0,0.0,outdoors,54.0,7.0,0.0,,,0.0,1.0,0.0,0.0,0.0,25.0,4450.0,GO,true,,true,true
4481.0,2022_09_TEN_KC,2022,REG,9,2022-11-06,KC,TEN,KC,TEN,home,5.0,1.0,10.0,11.0,267.0,267.0,267.0,17.0,17.0,0.0,1.0,2.0,0.8911477,0.8911477,-0.0125087835,-0.41360277,1.0,0.0,outdoors,54.0,7.0,0.0,,,0.0,0.0,0.0,0.0,0.0,25.0,4481.0,GO,false,,true,true
4503.0,2022_09_TEN_KC,2022,REG,9,2022-11-06,KC,TEN,KC,TEN,home,5.0,2.0,10.0,11.0,261.0,261.0,261.0,17.0,17.0,0.0,1.0,2.0,0.87863886,0.87863886,-0.014021234,-0.7121182,1.0,0.0,outdoors,54.0,7.0,0.0,,,0.0,0.0,0.0,0.0,0.0,25.0,4503.0,GO,false,,true,true
4525.0,2022_09_TEN_KC,2022,REG,9,2022-11-06,KC,TEN,KC,TEN,home,5.0,3.0,10.0,11.0,256.0,256.0,256.0,17.0,17.0,0.0,1.0,2.0,0.86461765,0.86461765,0.103811935,-0.7894651,1.0,0.0,outdoors,54.0,7.0,0.0,,,0.0,0.0,0.0,0.0,0.0,25.0,4525.0,GO,false,,true,true
4547.0,2022_09_TEN_KC,2022,REG,9,2022-11-06,KC,TEN,KC,TEN,home,5.0,4.0,10.0,11.0,247.0,247.0,247.0,17.0,17.0,0.0,1.0,2.0,0.96842957,0.96842957,-0.29208437,0.1443994,0.0,0.0,outdoors,54.0,7.0,1.0,made,28.0,0.0,0.0,0.0,0.0,0.0,25.0,4547.0,FG,false,true,true,true
4566.0,2022_09_TEN_KC,2022,REG,9,2022-11-06,KC,TEN,TEN,KC,away,5.0,,0.0,35.0,244.0,244.0,244.0,17.0,20.0,-3.0,2.0,1.0,0.3236548,0.3236548,-0.0,-0.0,0.0,0.0,outdoors,54.0,7.0,0.0,,65.0,0.0,0.0,0.0,0.0,0.0,26.0,4566.0,GO,false,,false,false
4581.0,2022_09_TEN_KC,2022,REG,9,2022-11-06,KC,TEN,TEN,KC,away,5.0,1.0,10.0,75.0,244.0,244.0,244.0,17.0,20.0,-3.0,2.0,1.0,0.3236548,0.3236548,-0.06329217,-0.45329556,0.0,0.0,outdoors,54.0,7.0,0.0,,,0.0,0.0,0.0,0.0,0.0,26.0,4581.0,GO,false,,false,false
4602.0,2022_09_TEN_KC,2022,REG,9,2022-11-06,KC,TEN,TEN,KC,away,5.0,2.0,9.0,74.0,206.0,206.0,206.0,17.0,20.0,-3.0,2.0,1.0,0.26036263,0.26036263,-0.11419605,-0.9443251,1.0,0.0,outdoors,54.0,7.0,0.0,,,0.0,0.0,0.0,0.0,0.0,26.0,4602.0,GO,false,,false,false
4621.0,2022_09_TEN_KC,2022,REG,9,2022-11-06,KC,TEN,TEN,KC,away,5.0,3.0,21.0,86.0,159.0,159.0,159.0,17.0,20.0,-3.0,2.0,1.0,0.1461666,0.1461666,-0.066655144,-0.62530035,1.0,0.0,outdoors,54.0,7.0,0.0,,,0.0,0.0,0.0,0.0,0.0,26.0,4621.0,GO,false,,false,false
4640.0,2022_09_TEN_KC,2022,REG,9,2022-11-06,KC,TEN,TEN,KC,away,5.0,4.0,26.0,91.0,133.0,133.0,133.0,17.0,20.0,-3.0,1.0,1.0,0.07951144,0.07951144,-0.07951144,1.3483602,1.0,0.0,outdoors,54.0,7.0,0.0,,,0.0,0.0,1.0,0.0,0.0,26.0,4640.0,GO,false,,false,false
4669.0,2022_09_TEN_KC,2022,REG,9,2022-11-06,KC,TEN,KC,TEN,home,5.0,,0.0,,129.0,129.0,129.0,20.0,17.0,3.0,1.0,1.0,,,,,0.0,0.0,outdoors,54.0,7.0,,,,,,,0.0,0.0,27.0,4669.0,GO,,,true,false
3598.0,2022_04_NE_GB,2022,REG,4,2022-10-02,GB,NE,GB,NE,home,5.0,,0.0,35.0,600.0,600.0,600.0,24.0,24.0,0.0,2.0,2.0,0.5268756,0.5268756,0.0,0.0,0.0,0.0,outdoors,,,0.0,,65.0,0.0,0.0,0.0,0.0,0.0,23.0,3598.0,GO,false,,true,true
3613.0,2022_04_NE_GB,2022,REG,4,2022-10-02,GB,NE,GB,NE,home,5.0,1.0,10.0,75.0,600.0,600.0,600.0,24.0,24.0,0.0,2.0,2.0,0.5268756,0.5268756,-0.047482274,-0.4201907,1.0,0.0,outdoors,,,0.0,,,0.0,0.0,0.0,0.0,0.0,23.0,3613.0,GO,false,,true,true
3634.0,2022_04_NE_GB,2022,REG,4,2022-10-02,GB,NE,GB,NE,home,5.0,2.0,7.0,72.0,560.0,560.0,560.0,24.0,24.0,0.0,2.0,2.0,0.47939336,0.47939336,-0.056109644,-0.43210012,1.0,0.0,outdoors,,,0.0,,,0.0,0.0,0.0,0.0,0.0,23.0,3634.0,GO,false,,true,true
3665.0,2022_04_NE_GB,2022,REG,4,2022-10-02,GB,NE,GB,NE,home,5.0,3.0,7.0,72.0,513.0,513.0,513.0,24.0,24.0,0.0,1.0,2.0,0.42328373,0.42328373,-0.11057369,-1.0198194,1.0,0.0,outdoors,,,0.0,,,0.0,0.0,0.0,0.0,0.0,23.0,3665.0,GO,false,,true,true
3704.0,2022_04_NE_GB,2022,REG,4,2022-10-02,GB,NE,GB,NE,home,5.0,4.0,7.0,72.0,506.0,506.0,506.0,24.0,24.0,0.0,1.0,2.0,0.31271005,0.31271005,0.06246514,-1.5625845,0.0,0.0,outdoors,,,0.0,,43.0,1.0,0.0,0.0,0.0,0.0,23.0,3704.0,PUNT,false,,true,true
3729.0,2022_04_NE_GB,2022,REG,4,2022-10-02,GB,NE,NE,GB,away,5.0,1.0,10.0,51.0,496.0,496.0,496.0,24.0,24.0,0.0,2.0,1.0,0.6248248,0.6248248,-0.0014495116,0.15423667,0.0,0.0,outdoors,,,0.0,,,0.0,0.0,0.0,0.0,0.0,24.0,3729.0,GO,false,,false,false
3752.0,2022_04_NE_GB,2022,REG,4,2022-10-02,GB,NE,NE,GB,away,5.0,2.0,5.0,46.0,461.0,461.0,461.0,24.0,24.0,0.0,2.0,1.0,0.6233753,0.6233753,-0.072541215,-0.52906907,0.0,0.0,outdoors,,,0.0,,,0.0,0.0,0.0,0.0,0.0,24.0,3752.0,GO,false,,false,false
3775.0,2022_04_NE_GB,2022,REG,4,2022-10-02,GB,NE,NE,GB,away,5.0,3.0,5.0,46.0,420.0,420.0,420.0,24.0,24.0,0.0,1.0,1.0,0.5508341,0.5508341,-0.1715705,-1.4256628,1.0,0.0,outdoors,,,0.0,,,0.0,0.0,0.0,0.0,0.0,24.0,3775.0,GO,false,,false,false
3804.0,2022_04_NE_GB,2022,REG,4,2022-10-02,GB,NE,NE,GB,away,5.0,4.0,5.0,46.0,414.0,414.0,414.0,24.0,24.0,0.0,1.0,1.0,0.3792636,0.3792636,0.28236085,-0.47911713,0.0,0.0,outdoors,,,0.0,,36.0,1.0,0.0,0.0,0.0,0.0,24.0,3804.0,PUNT,false,,false,false
3823.0,2022_04_NE_GB,2022,REG,4,2022-10-02,GB,NE,GB,NE,home,5.0,1.0,10.0,90.0,407.0,407.0,407.0,24.0,24.0,0.0,1.0,1.0,0.33837554,0.33837554,-0.02957486,-0.33273727,0.0,0.0,outdoors,,,0.0,,,0.0,0.0,0.0,0.0,0.0,25.0,3823.0,GO,false,,true,false
3844.0,2022_04_NE_GB,2022,REG,4,2022-10-02,GB,NE,GB,NE,home,5.0,2.0,7.0,87.0,365.0,365.0,365.0,24.0,24.0,0.0,1.0,1.0,0.30880067,0.30880067,0.15401724,1.7390959,1.0,0.0,outdoors,,,0.0,,,0.0,0.0,0.0,0.0,0.0,25.0,3844.0,GO,false,,true,false
3868.0,2022_04_NE_GB,2022,REG,4,2022-10-02,GB,NE,GB,NE,home,5.0,1.0,10.0,65.0,325.0,325.0,325.0,24.0,24.0,0.0,1.0,1.0,0.4628179,0.4628179,-0.010273789,0.08792705,1.0,0.0,outdoors,,,0.0,,,0.0,0.0,0.0,0.0,0.0,25.0,3868.0,GO,false,,true,false
3889.0,2022_04_NE_GB,2022,REG,4,2022-10-02,GB,NE,GB,NE,home,5.0,2.0,3.0,58.0,287.0,287.0,287.0,24.0,24.0,0.0,1.0,1.0,0.45254412,0.45254412,-0.051474273,-0.195726,1.0,0.0,outdoors,,,0.0,,,0.0,0.0,0.0,0.0,0.0,25.0,3889.0,GO,false,,true,false
3910.0,2022_04_NE_GB,2022,REG,4,2022-10-02,GB,NE,GB,NE,home,5.0,3.0,1.0,56.0,244.0,244.0,244.0,24.0,24.0,0.0,1.0,1.0,0.40106985,0.40106985,0.09337136,0.9154251,0.0,0.0,outdoors,,,0.0,,,0.0,0.0,0.0,0.0,0.0,25.0,3910.0,GO,false,,true,false
3934.0,2022_04_NE_GB,2022,REG,4,2022-10-02,GB,NE,GB,NE,home,5.0,1.0,10.0,45.0,198.0,198.0,198.0,24.0,24.0,0.0,1.0,1.0,0.4944412,0.4944412,0.05811301,0.28849015,1.0,0.0,outdoors,,,0.0,,,0.0,0.0,0.0,0.0,0.0,25.0,3934.0,GO,false,,true,false
3963.0,2022_04_NE_GB,2022,REG,4,2022-10-02,GB,NE,GB,NE,home,5.0,2.0,2.0,37.0,193.0,193.0,193.0,24.0,24.0,0.0,1.0,1.0,0.5525542,0.5525542,0.105059415,0.5529493,0.0,0.0,outdoors,,,0.0,,,0.0,0.0,0.0,0.0,0.0,25.0,3963.0,GO,false,,true,false
3987.0,2022_04_NE_GB,2022,REG,4,2022-10-02,GB,NE,GB,NE,home,5.0,1.0,10.0,28.0,152.0,152.0,152.0,24.0,24.0,0.0,1.0,1.0,0.65761364,0.65761364,0.027820917,0.011017264,0.0,0.0,outdoors,,,0.0,,,0.0,0.0,0.0,0.0,0.0,25.0,3987.0,GO,false,,true,false
4008.0,2022_04_NE_GB,2022,REG,4,2022-10-02,GB,NE,GB,NE,home,5.0,2.0,6.0,24.0,120.0,120.0,120.0,24.0,24.0,0.0,1.0,1.0,0.6854345,0.6854345,0.05179008,0.17325284,1.0,0.0,outdoors,,,0.0,,,0.0,0.0,0.0,0.0,0.0,25.0,4008.0,GO,false,,true,false
4036.0,2022_04_NE_GB,2022,REG,4,2022-10-02,GB,NE,GB,NE,home,5.0,3.0,3.0,21.0,75.0,75.0,75.0,24.0,24.0,0.0,1.0,1.0,0.73722464,0.73722464,0.07718142,0.8765778,0.0,0.0,outdoors,,,0.0,,,0.0,0.0,0.0,0.0,0.0,25.0,4036.0,GO,false,,true,false
4057.0,2022_04_NE_GB,2022,REG,4,2022-10-02,GB,NE,GB,NE,home,5.0,1.0,10.0,14.0,30.0,30.0,30.0,24.0,24.0,0.0,1.0,1.0,0.81440604,0.81440604,0.13351129,-1.2719957,0.0,0.0,outdoors,,,0.0,,,0.0,0.0,0.0,0.0,0.0,25.0,4057.0,GO,false,,true,false
4078.0,2022_04_NE_GB,2022,REG,4,2022-10-02,GB,NE,GB,NE,home,5.0,2.0,9.0,13.0,4.0,4.0,4.0,24.0,24.0,0.0,0.0,0.0,0.94791734,0.94791734,0.05208267,0.156248,0.0,0.0,outdoors,,,1.0,made,31.0,0.0,0.0,0.0,0.0,0.0,25.0,4078.0,FG,false,true,true,false
4111.0,2022_04_NE_GB,2022,REG,4,2022-10-02,GB,NE,GB,NE,home,5.0,,0.0,,0.0,0.0,0.0,27.0,24.0,3.0,0.0,0.0,,,,,0.0,0.0,outdoors,,,,,,,,,0.0,0.0,25.0,4111.0,GO,,,true,false
4082.0,2022_08_CAR_ATL,2022,REG,8,2022-10-30,ATL,CAR,ATL,CAR,home,5.0,,0.0,35.0,600.0,600.0,600.0,34.0,34.0,0.0,2.0,2.0,0.5044339,0.5044339,0.0,-0.77603865,0.0,0.0,closed,,,0.0,,64.0,0.0,0.0,0.0,0.0,0.0,24.0,4082.0,GO,false,,true,true
4104.0,2022_08_CAR_ATL,2022,REG,8,2022-10-30,ATL,CAR,ATL,CAR,home,5.0,1.0,10.0,86.0,595.0,595.0,595.0,34.0,34.0,0.0,2.0,2.0,0.5044339,0.5044339,-0.0025622183,0.056772448,1.0,0.0,closed,,,0.0,,,0.0,0.0,0.0,0.0,0.0,24.0,4104.0,GO,false,,true,true
4125.0,2022_08_CAR_ATL,2022,REG,8,2022-10-30,ATL,CAR,ATL,CAR,home,5.0,2.0,5.0,81.0,560.0,560.0,560.0,34.0,34.0,0.0,2.0,2.0,0.50187165,0.50187165,-0.067590035,-0.73666364,1.0,0.0,closed,,,0.0,,,0.0,0.0,0.0,0.0,0.0,24.0,4125.0,GO,false,,true,true
4147.0,2022_08_CAR_ATL,2022,REG,8,2022-10-30,ATL,CAR,ATL,CAR,home,5.0,3.0,5.0,81.0,557.0,557.0,557.0,34.0,34.0,0.0,1.0,2.0,0.43428162,0.43428162,0.14955267,1.6898264,1.0,0.0,closed,,,0.0,,,0.0,0.0,0.0,0.0,0.0,24.0,4147.0,GO,false,,true,true
4183.0,2022_08_CAR_ATL,2022,REG,8,2022-10-30,ATL,CAR,ATL,CAR,home,5.0,1.0,10.0,73.0,522.0,522.0,522.0,34.0,34.0,0.0,1.0,2.0,0.5838343,0.5838343,-0.06058896,-0.5040612,1.0,0.0,closed,,,0.0,,,0.0,0.0,0.0,0.0,0.0,24.0,4183.0,GO,false,,true,true
4209.0,2022_08_CAR_ATL,2022,REG,8,2022-10-30,ATL,CAR,ATL,CAR,home,5.0,2.0,10.0,73.0,478.0,478.0,478.0,34.0,34.0,0.0,1.0,2.0,0.52324533,0.52324533,-0.42518854,-5.758889,0.0,0.0,closed,,,0.0,,,0.0,0.0,0.0,0.0,0.0,24.0,4209.0,GO,false,,true,true
4240.0,2022_08_CAR_ATL,2022,REG,8,2022-10-30,ATL,CAR,CAR,ATL,away,5.0,1.0,10.0,20.0,464.0,464.0,464.0,34.0,34.0,0.0,2.0,1.0,0.9019432,0.9019432,-0.021837717,-0.4721793,0.0,0.0,closed,,,0.0,,,0.0,0.0,0.0,0.0,0.0,25.0,4240.0,GO,false,,false,false
4261.0,2022_08_CAR_ATL,2022,REG,8,2022-10-30,ATL,CAR,CAR,ATL,away,5.0,2.0,10.0,20.0,429.0,429.0,429.0,34.0,34.0,0.0,2.0,1.0,0.8801055,0.8801055,0.020440102,0.07701541,0.0,0.0,closed,,,0.0,,,0.0,0.0,0.0,0.0,0.0,25.0,4261.0,GO,false,,false,false
4282.0,2022_08_CAR_ATL,2022,REG,8,2022-10-30,ATL,CAR,CAR,ATL,away,5.0,3.0,4.0,14.0,394.0,394.0,394.0,34.0,34.0,0.0,2.0,1.0,0.9005456,0.9005456,0.054345474,-1.4066374,0.0,0.0,closed,,,0.0,,,0.0,0.0,0.0,0.0,0.0,25.0,4282.0,GO,false,,false,false
4303.0,2022_08_CAR_ATL,2022,REG,8,2022-10-30,ATL,CAR,CAR,ATL,away,5.0,4.0,4.0,14.0,359.0,359.0,359.0,34.0,34.0,0.0,2.0,0.0,0.9548911,0.9548911,-0.3781119,-3.8640528,0.0,0.0,closed,,,1.0,missed,32.0,0.0,0.0,0.0,0.0,0.0,25.0,4303.0,FG,false,false,false,false
4332.0,2022_08_CAR_ATL,2022,REG,8,2022-10-30,ATL,CAR,ATL,CAR,home,5.0,1.0,10.0,78.0,354.0,354.0,354.0,34.0,34.0,0.0,0.0,2.0,0.4232208,0.4232208,-0.005189161,-0.055284996,1.0,0.0,closed,,,0.0,,,0.0,0.0,0.0,0.0,0.0,26.0,4332.0,GO,false,,true,false
4353.0,2022_08_CAR_ATL,2022,REG,8,2022-10-30,ATL,CAR,ATL,CAR,home,5.0,2.0,5.0,73.0,318.0,318.0,318.0,34.0,34.0,0.0,0.0,2.0,0.41803163,0.41803163,0.07449239,0.96924084,1.0,0.0,closed,,,0.0,,,0.0,0.0,0.0,0.0,0.0,26.0,4353.0,GO,false,,true,false
4382.0,2022_08_CAR_ATL,2022,REG,8,2022-10-30,ATL,CAR,ATL,CAR,home,5.0,1.0,10.0,63.0,277.0,277.0,277.0,34.0,34.0,0.0,0.0,2.0,0.49252403,0.49252403,-0.081066504,-0.58065724,1.0,1.0,closed,,,0.0,,,0.0,0.0,0.0,0.0,0.0,26.0,4382.0,GO,false,,true,false
4403.0,2022_08_CAR_ATL,2022,REG,8,2022-10-30,ATL,CAR,ATL,CAR,home,5.0,2.0,9.0,62.0,234.0,234.0,234.0,34.0,34.0,0.0,0.0,2.0,0.41145754,0.41145754,0.040604632,0.48684755,1.0,1.0,closed,,,0.0,,,0.0,0.0,0.0,0.0,0.0,26.0,4403.0,GO,false,,true,false
4427.0,2022_08_CAR_ATL,2022,REG,8,2022-10-30,ATL,CAR,ATL,CAR,home,5.0,3.0,1.0,54.0,208.0,208.0,208.0,34.0,34.0,0.0,0.0,2.0,0.45206216,0.45206216,0.34847528,2.394105,1.0,1.0,closed,,,0.0,,,0.0,0.0,0.0,0.0,0.0,26.0,4427.0,GO,false,,true,false
4453.0,2022_08_CAR_ATL,2022,REG,8,2022-10-30,ATL,CAR,ATL,CAR,home,5.0,1.0,10.0,24.0,200.0,200.0,200.0,34.0,34.0,0.0,0.0,2.0,0.80053747,0.80053747,-0.061174996,-0.73474485,1.0,0.0,closed,,,0.0,,,0.0,0.0,0.0,0.0,0.0,26.0,4453.0,GO,false,,true,false
4479.0,2022_08_CAR_ATL,2022,REG,8,2022-10-30,ATL,CAR,ATL,CAR,home,5.0,2.0,11.0,25.0,165.0,165.0,165.0,34.0,34.0,0.0,0.0,2.0,0.7393624,0.7393624,0.120729655,-1.2161297,1.0,1.0,closed,,,0.0,,,0.0,0.0,0.0,0.0,0.0,26.0,4479.0,GO,false,,true,false
4500.0,2022_08_CAR_ATL,2022,REG,8,2022-10-30,ATL,CAR,ATL,CAR,home,5.0,3.0,9.0,23.0,120.0,120.0,120.0,34.0,34.0,0.0,0.0,1.0,0.8600921,0.8600921,0.1399079,0.6436716,0.0,0.0,closed,,,1.0,made,41.0,0.0,0.0,0.0,0.0,0.0,26.0,4500.0,FG,false,true,true,false
4533.0,2022_08_CAR_ATL,2022,REG,8,2022-10-30,ATL,CAR,ATL,CAR,home,5.0,,0.0,,115.0,115.0,115.0,37.0,34.0,3.0,0.0,1.0,,,,,0.0,0.0,closed,,,,,,,,,0.0,0.0,26.0,4533.0,GO,,,true,false
4553.0,2023_03_IND_BAL,2023,REG,3,2023-09-24,BAL,IND,IND,BAL,away,5.0,,0.0,35.0,600.0,600.0,600.0,19.0,19.0,0.0,2.0,2.0,0.50375366,0.50375366,-0.0,-0.0,0.0,0.0,outdoors,68.0,3.0,0.0,,65.0,0.0,0.0,0.0,0.0,0.0,27.0,4553.0,GO,false,,false,true
4569.0,2023_03_IND_BAL,2023,REG,3,2023-09-24,BAL,IND,IND,BAL,away,5.0,1.0,10.0,75.0,600.0,600.0,600.0,19.0,19.0,0.0,2.0,2.0,0.50375366,0.50375366,-0.10474513,-1.0254244,0.0,0.0,outdoors,68.0,3.0,0.0,,,0.0,0.0,0.0,0.0,0.0,27.0,4569.0,GO,false,,false,true
4590.0,2023_03_IND_BAL,2023,REG,3,2023-09-24,BAL,IND,IND,BAL,away,5.0,2.0,12.0,77.0,561.0,561.0,561.0,19.0,19.0,0.0,2.0,2.0,0.39900854,0.39900854,0.0054429313,0.15333578,1.0,0.0,outdoors,68.0,3.0,0.0,,,0.0,0.0,0.0,0.0,0.0,27.0,4590.0,GO,false,,false,true
4615.0,2023_03_IND_BAL,2023,REG,3,2023-09-24,BAL,IND,IND,BAL,away,5.0,3.0,6.0,71.0,523.0,523.0,523.0,19.0,19.0,0.0,2.0,2.0,0.4044515,0.4044515,-0.11145479,-1.0827394,1.0,0.0,outdoors,68.0,3.0,0.0,,,0.0,0.0,0.0,0.0,0.0,27.0,4615.0,GO,false,,false,true
4638.0,2023_03_IND_BAL,2023,REG,3,2023-09-24,BAL,IND,IND,BAL,away,5.0,4.0,6.0,71.0,515.0,515.0,515.0,19.0,19.0,0.0,2.0,2.0,0.2929967,0.2929967,0.034610465,-1.6392533,0.0,0.0,outdoors,68.0,3.0,0.0,,50.0,1.0,0.0,0.0,0.0,0.0,27.0,4638.0,PUNT,false,,false,true
4664.0,2023_03_IND_BAL,2023,REG,3,2023-09-24,BAL,IND,BAL,IND,home,5.0,1.0,10.0,48.0,502.0,502.0,502.0,19.0,19.0,0.0,2.0,2.0,0.67239285,0.67239285,-0.013511058,-0.0816728,1.0,0.0,outdoors,68.0,3.0,0.0,,,0.0,0.0,0.0,0.0,0.0,28.0,4664.0,GO,false,,true,false
4686.0,2023_03_IND_BAL,2023,REG,3,2023-09-24,BAL,IND,BAL,IND,home,5.0,2.0,6.0,44.0,466.0,466.0,466.0,19.0,19.0,0.0,2.0,2.0,0.6588818,0.6588818,-0.08668396,-0.7131872,0.0,0.0,outdoors,68.0,3.0,0.0,,,0.0,0.0,0.0,0.0,0.0,28.0,4686.0,GO,false,,true,false
4708.0,2023_03_IND_BAL,2023,REG,3,2023-09-24,BAL,IND,BAL,IND,home,5.0,3.0,6.0,44.0,429.0,429.0,429.0,19.0,19.0,0.0,2.0,2.0,0.57219785,0.57219785,-0.18444803,-1.6104596,1.0,0.0,outdoors,68.0,3.0,0.0,,,0.0,0.0,0.0,0.0,0.0,28.0,4708.0,GO,false,,true,false
4731.0,2023_03_IND_BAL,2023,REG,3,2023-09-24,BAL,IND,BAL,IND,home,5.0,4.0,6.0,44.0,426.0,426.0,426.0,19.0,19.0,0.0,2.0,2.0,0.3877498,0.3877498,0.26125118,-0.2629397,0.0,0.0,outdoors,68.0,3.0,0.0,,33.0,1.0,0.0,0.0,0.0,0.0,28.0,4731.0,PUNT,false,,true,false
4751.0,2023_03_IND_BAL,2023,REG,3,2023-09-24,BAL,IND,IND,BAL,away,5.0,1.0,10.0,89.0,420.0,420.0,420.0,19.0,19.0,0.0,2.0,2.0,0.35099903,0.35099903,-0.053247165,-0.49899364,1.0,0.0,outdoors,68.0,3.0,0.0,,,0.0,0.0,0.0,0.0,0.0,29.0,4751.0,GO,false,,false,false
4773.0,2023_03_IND_BAL,2023,REG,3,2023-09-24,BAL,IND,IND,BAL,away,5.0,2.0,10.0,89.0,377.0,377.0,377.0,19.0,19.0,0.0,2.0,2.0,0.29775187,0.29775187,0.25954342,2.578562,1.0,0.0,outdoors,68.0,3.0,0.0,,,0.0,0.0,0.0,0.0,0.0,29.0,4773.0,GO,false,,false,false
4805.0,2023_03_IND_BAL,2023,REG,3,2023-09-24,BAL,IND,IND,BAL,away,5.0,1.0,10.0,55.0,360.0,360.0,360.0,19.0,19.0,0.0,2.0,2.0,0.5572953,0.5572953,-0.04854839,-0.45356077,1.0,0.0,outdoors,68.0,3.0,0.0,,,0.0,0.0,0.0,0.0,0.0,29.0,4805.0,GO,false,,false,false
4834.0,2023_03_IND_BAL,2023,REG,3,2023-09-24,BAL,IND,IND,BAL,away,5.0,2.0,9.0,54.0,328.0,328.0,328.0,19.0,19.0,0.0,2.0,2.0,0.5087469,0.5087469,0.025737585,0.3744757,1.0,0.0,outdoors,68.0,3.0,0.0,,,0.0,0.0,0.0,0.0,0.0,29.0,4834.0,GO,false,,false,false
4859.0,2023_03_IND_BAL,2023,REG,3,2023-09-24,BAL,IND,IND,BAL,away,5.0,3.0,2.0,47.0,301.0,301.0,301.0,19.0,19.0,0.0,2.0,2.0,0.5344845,0.5344845,-0.15312369,-1.1103795,1.0,1.0,outdoors,68.0,3.0,0.0,,,0.0,0.0,0.0,0.0,0.0,29.0,4859.0,GO,false,,false,false
4881.0,2023_03_IND_BAL,2023,REG,3,2023-09-24,BAL,IND,IND,BAL,away,5.0,4.0,1.0,46.0,255.0,255.0,255.0,19.0,19.0,0.0,2.0,2.0,0.3813608,0.3813608,0.11125433,-2.9274035,1.0,0.0,outdoors,68.0,3.0,0.0,,,0.0,0.0,1.0,0.0,0.0,29.0,4881.0,GO,false,,false,false
4903.0,2023_03_IND_BAL,2023,REG,3,2023-09-24,BAL,IND,BAL,IND,home,5.0,1.0,10.0,54.0,250.0,250.0,250.0,19.0,19.0,0.0,2.0,2.0,0.5073849,0.5073849,-0.049503673,-0.48314565,1.0,0.0,outdoors,68.0,3.0,0.0,,,0.0,0.0,0.0,0.0,0.0,30.0,4903.0,GO,false,,true,false
4926.0,2023_03_IND_BAL,2023,REG,3,2023-09-24,BAL,IND,BAL,IND,home,5.0,2.0,10.0,54.0,248.0,248.0,248.0,19.0,19.0,0.0,2.0,2.0,0.4578812,0.4578812,0.010859206,0.22234032,1.0,0.0,outdoors,68.0,3.0,0.0,,,0.0,0.0,0.0,0.0,0.0,30.0,4926.0,GO,false,,true,false
4951.0,2023_03_IND_BAL,2023,REG,3,2023-09-24,BAL,IND,BAL,IND,home,5.0,3.0,3.0,47.0,208.0,208.0,208.0,19.0,19.0,0.0,2.0,2.0,0.4687404,0.4687404,-0.18612602,-1.2869203,1.0,0.0,outdoors,68.0,3.0,0.0,,,0.0,0.0,0.0,0.0,0.0,30.0,4951.0,GO,false,,true,false
4974.0,2023_03_IND_BAL,2023,REG,3,2023-09-24,BAL,IND,BAL,IND,home,5.0,4.0,3.0,47.0,205.0,205.0,205.0,19.0,19.0,0.0,1.0,2.0,0.28261438,0.28261438,0.29138008,-2.122877,1.0,0.0,outdoors,68.0,3.0,0.0,,,0.0,0.0,1.0,0.0,0.0,30.0,4974.0,GO,false,,true,false
5004.0,2023_03_IND_BAL,2023,REG,3,2023-09-24,BAL,IND,IND,BAL,away,5.0,1.0,10.0,53.0,201.0,201.0,201.0,19.0,19.0,0.0,2.0,1.0,0.42600554,0.42600554,0.056429163,0.5323372,1.0,0.0,outdoors,68.0,3.0,0.0,,,0.0,0.0,0.0,0.0,0.0,31.0,5004.0,GO,false,,false,false
5026.0,2023_03_IND_BAL,2023,REG,3,2023-09-24,BAL,IND,IND,BAL,away,5.0,1.0,10.0,40.0,160.0,160.0,160.0,19.0,19.0,0.0,2.0,1.0,0.4824347,0.4824347,-0.016072897,-0.19736478,1.0,0.0,outdoors,68.0,3.0,0.0,,,0.0,0.0,0.0,0.0,0.0,31.0,5026.0,GO,false,,false,false
5048.0,2023_03_IND_BAL,2023,REG,3,2023-09-24,BAL,IND,IND,BAL,away,5.0,2.0,8.0,38.0,120.0,120.0,120.0,19.0,19.0,0.0,2.0,1.0,0.4663618,0.4663618,0.023326539,0.086396985,1.0,0.0,outdoors,68.0,3.0,0.0,,,0.0,0.0,0.0,0.0,0.0,31.0,5048.0,GO,false,,false,false
5077.0,2023_03_IND_BAL,2023,REG,3,2023-09-24,BAL,IND,IND,BAL,away,5.0,3.0,5.0,35.0,78.0,78.0,78.0,19.0,19.0,0.0,2.0,1.0,0.48968834,0.48968834,0.1167513,-0.72587514,1.0,0.0,outdoors,68.0,3.0,0.0,,,0.0,0.0,0.0,0.0,0.0,31.0,5077.0,GO,false,,false,false
5099.0,2023_03_IND_BAL,2023,REG,3,2023-09-24,BAL,IND,IND,BAL,away,5.0,4.0,5.0,35.0,74.0,74.0,74.0,19.0,19.0,0.0,2.0,0.0,0.60643965,0.60643965,0.39356035,1.616996,0.0,0.0,outdoors,68.0,3.0,1.0,made,53.0,0.0,0.0,0.0,0.0,0.0,31.0,5099.0,FG,false,true,false,false
5126.0,2023_03_IND_BAL,2023,REG,3,2023-09-24,BAL,IND,BAL,IND,home,5.0,,0.0,,69.0,69.0,69.0,19.0,22.0,-3.0,0.0,2.0,,,,,0.0,0.0,outdoors,68.0,3.0,,,,,,,0.0,0.0,32.0,5126.0,GO,,,true,false
5326.0,2022_15_IND_MIN,2022,REG,15,2022-12-17,MIN,IND,MIN,IND,home,5.0,1.0,10.0,82.0,101.0,101.0,101.0,36.0,36.0,0.0,1.0,2.0,0.3324226,0.3324226,-0.016588774,-0.073059335,1.0,0.0,dome,,,0.0,,,0.0,0.0,0.0,0.0,0.0,35.0,5326.0,GO,false,,true,false
5347.0,2022_15_IND_MIN,2022,REG,15,2022-12-17,MIN,IND,MIN,IND,home,5.0,2.0,4.0,76.0,71.0,71.0,71.0,36.0,36.0,0.0,1.0,2.0,0.31583384,0.31583384,0.08025123,0.36652628,1.0,0.0,dome,,,0.0,,,0.0,0.0,0.0,0.0,0.0,35.0,5347.0,GO,false,,true,false
5371.0,2022_15_IND_MIN,2022,REG,15,2022-12-17,MIN,IND,MIN,IND,home,5.0,1.0,10.0,61.0,48.0,48.0,48.0,36.0,36.0,0.0,1.0,2.0,0.39608508,0.39608508,0.21710852,1.0094377,1.0,1.0,dome,,,0.0,,,0.0,0.0,0.0,0.0,0.0,35.0,5371.0,GO,false,,true,false
5395.0,2022_15_IND_MIN,2022,REG,15,2022-12-17,MIN,IND,MIN,IND,home,5.0,1.0,10.0,40.0,23.0,23.0,23.0,36.0,36.0,0.0,1.0,2.0,0.6131936,0.6131936,-0.16364793,-0.577005,1.0,1.0,dome,,,0.0,,,0.0,0.0,0.0,0.0,0.0,35.0,5395.0,GO,false,,true,false
5417.0,2022_15_IND_MIN,2022,REG,15,2022-12-17,MIN,IND,MIN,IND,home,5.0,2.0,10.0,40.0,20.0,20.0,20.0,36.0,36.0,0.0,0.0,2.0,0.44954565,0.44954565,0.39784244,0.8247449,1.0,0.0,dome,,,0.0,,,0.0,0.0,0.0,0.0,0.0,35.0,5417.0,GO,false,,true,false
5473.0,2022_15_IND_MIN,2022,REG,15,2022-12-17,MIN,IND,MIN,IND,home,5.0,1.0,10.0,22.0,7.0,7.0,7.0,36.0,36.0,0.0,0.0,1.0,0.8473881,0.8473881,0.15261191,0.47252998,0.0,0.0,dome,,,1.0,made,40.0,0.0,0.0,0.0,0.0,0.0,35.0,5473.0,FG,false,true,true,false
5509.0,2022_15_IND_MIN,2022,REG,15,2022-12-17,MIN,IND,MIN,IND,home,5.0,,0.0,,3.0,3.0,3.0,39.0,36.0,3.0,0.0,1.0,,,,,0.0,0.0,dome,,,,,,,,,0.0,0.0,35.0,5509.0,GO,,,true,false
3873.0,2022_15_KC_HOU,2022,REG,15,2022-12-18,HOU,KC,KC,HOU,away,5.0,,0.0,35.0,600.0,600.0,600.0,24.0,24.0,0.0,2.0,2.0,0.44919083,0.44919083,-0.0,-1.0495825,0.0,0.0,closed,,,0.0,,62.0,0.0,0.0,0.0,0.0,0.0,22.0,3873.0,GO,false,,false,true
3906.0,2022_15_KC_HOU,2022,REG,15,2022-12-18,HOU,KC,KC,HOU,away,5.0,1.0,10.0,91.0,595.0,595.0,595.0,24.0,24.0,0.0,2.0,2.0,0.44919083,0.44919083,0.10559548,1.0629501,1.0,0.0,closed,,,0.0,,,0.0,0.0,0.0,0.0,0.0,22.0,3906.0,GO,false,,false,true
3930.0,2022_15_KC_HOU,2022,REG,15,2022-12-18,HOU,KC,KC,HOU,away,5.0,1.0,10.0,72.0,561.0,561.0,561.0,24.0,24.0,0.0,2.0,2.0,0.5547863,0.5547863,0.01886081,0.29602814,1.0,0.0,closed,,,0.0,,,0.0,0.0,0.0,0.0,0.0,22.0,3930.0,GO,false,,false,true
3954.0,2022_15_KC_HOU,2022,REG,15,2022-12-18,HOU,KC,KC,HOU,away,5.0,2.0,3.0,65.0,523.0,523.0,523.0,24.0,24.0,0.0,2.0,2.0,0.5736471,0.5736471,0.0143380705,0.38482556,1.0,0.0,closed,,,0.0,,,0.0,0.0,0.0,0.0,0.0,22.0,3954.0,GO,false,,false,true
3975.0,2022_15_KC_HOU,2022,REG,15,2022-12-18,HOU,KC,KC,HOU,away,5.0,3.0,1.0,63.0,488.0,488.0,488.0,24.0,24.0,0.0,1.0,2.0,0.58798516,0.58798516,0.123090565,1.1326921,1.0,0.0,closed,,,0.0,,,0.0,0.0,0.0,0.0,0.0,22.0,3975.0,GO,false,,false,true
4006.0,2022_15_KC_HOU,2022,REG,15,2022-12-18,HOU,KC,KC,HOU,away,5.0,1.0,10.0,49.0,458.0,458.0,458.0,24.0,24.0,0.0,1.0,2.0,0.7110757,0.7110757,-0.04798143,-0.4260618,0.0,0.0,closed,,,0.0,,,0.0,0.0,0.0,0.0,0.0,22.0,4006.0,GO,false,,false,true
4027.0,2022_15_KC_HOU,2022,REG,15,2022-12-18,HOU,KC,KC,HOU,away,5.0,2.0,8.0,47.0,422.0,422.0,422.0,24.0,24.0,0.0,1.0,2.0,0.66309434,0.66309434,-0.013768186,-0.05509601,1.0,0.0,closed,,,0.0,,,0.0,0.0,0.0,0.0,0.0,22.0,4027.0,GO,false,,false,true
4051.0,2022_15_KC_HOU,2022,REG,15,2022-12-18,HOU,KC,KC,HOU,away,5.0,3.0,4.0,43.0,382.0,382.0,382.0,24.0,24.0,0.0,1.0,2.0,0.64932615,0.64932615,-0.31382567,-2.6935825,1.0,0.0,closed,,,0.0,,,0.0,0.0,0.0,0.0,0.0,22.0,4051.0,GO,false,,false,true
4070.0,2022_15_KC_HOU,2022,REG,15,2022-12-18,HOU,KC,KC,HOU,away,5.0,4.0,16.0,55.0,341.0,341.0,341.0,24.0,24.0,0.0,1.0,2.0,0.33550048,0.33550048,0.28528738,-0.11255831,0.0,0.0,closed,,,0.0,,42.0,1.0,0.0,0.0,0.0,0.0,22.0,4070.0,PUNT,false,,false,true
4089.0,2022_15_KC_HOU,2022,REG,15,2022-12-18,HOU,KC,HOU,KC,home,5.0,1.0,10.0,87.0,334.0,334.0,334.0,24.0,24.0,0.0,2.0,1.0,0.37921217,0.37921217,-0.24313901,-4.5407996,1.0,0.0,closed,,,0.0,,,0.0,0.0,0.0,0.0,0.0,23.0,4089.0,GO,false,,true,false
4121.0,2022_15_KC_HOU,2022,REG,15,2022-12-18,HOU,KC,KC,HOU,away,5.0,1.0,10.0,26.0,319.0,319.0,319.0,24.0,24.0,0.0,1.0,2.0,0.8639269,0.8639269,0.13607314,2.7010496,0.0,0.0,closed,,,0.0,,,0.0,0.0,0.0,0.0,0.0,24.0,4121.0,GO,false,,false,false
4138.0,2022_15_KC_HOU,2022,REG,15,2022-12-18,HOU,KC,HOU,KC,home,5.0,,0.0,,313.0,313.0,313.0,24.0,30.0,-6.0,2.0,1.0,,,,,0.0,0.0,closed,,,,,,,,,0.0,0.0,25.0,4138.0,GO,,,true,false
3985.0,2023_02_LAC_TEN,2023,REG,2,2023-09-17,TEN,LAC,LAC,TEN,away,5.0,,0.0,35.0,600.0,600.0,600.0,24.0,24.0,0.0,2.0,2.0,0.50375366,0.50375366,-0.0,-0.0,0.0,0.0,outdoors,,,0.0,,65.0,0.0,0.0,0.0,0.0,0.0,21.0,3985.0,GO,false,,false,true
4001.0,2023_02_LAC_TEN,2023,REG,2,2023-09-17,TEN,LAC,LAC,TEN,away,5.0,1.0,10.0,75.0,600.0,600.0,600.0,24.0,24.0,0.0,2.0,2.0,0.50375366,0.50375366,-0.04754945,-0.49563515,1.0,0.0,outdoors,,,0.0,,,0.0,0.0,0.0,0.0,0.0,21.0,4001.0,GO,false,,false,true
4024.0,2023_02_LAC_TEN,2023,REG,2,2023-09-17,TEN,LAC,LAC,TEN,away,5.0,2.0,10.0,75.0,594.0,594.0,594.0,24.0,24.0,0.0,2.0,2.0,0.45620424,0.45620424,-0.06632571,-0.71745455,1.0,0.0,outdoors,,,0.0,,,0.0,0.0,0.0,0.0,0.0,21.0,4024.0,GO,false,,false,true
4047.0,2023_02_LAC_TEN,2023,REG,2,2023-09-17,TEN,LAC,LAC,TEN,away,5.0,3.0,10.0,75.0,589.0,589.0,589.0,24.0,24.0,0.0,2.0,2.0,0.38987854,0.38987854,-0.10941328,-1.1002147,1.0,0.0,outdoors,,,0.0,,,0.0,0.0,0.0,0.0,0.0,21.0,4047.0,GO,false,,false,true
4070.0,2023_02_LAC_TEN,2023,REG,2,2023-09-17,TEN,LAC,LAC,TEN,away,5.0,4.0,10.0,75.0,583.0,583.0,583.0,24.0,24.0,0.0,2.0,2.0,0.28046525,0.28046525,0.12002755,-0.55097914,0.0,0.0,outdoors,,,0.0,,47.0,1.0,0.0,0.0,0.0,0.0,21.0,4070.0,PUNT,false,,false,true
4096.0,2023_02_LAC_TEN,2023,REG,2,2023-09-17,TEN,LAC,TEN,LAC,home,5.0,1.0,10.0,61.0,572.0,572.0,572.0,24.0,24.0,0.0,2.0,2.0,0.5995072,0.5995072,0.08910796,0.87350833,1.0,0.0,outdoors,,,0.0,,,0.0,0.0,0.0,0.0,0.0,22.0,4096.0,GO,false,,true,false
4118.0,2023_02_LAC_TEN,2023,REG,2,2023-09-17,TEN,LAC,TEN,LAC,home,5.0,1.0,10.0,47.0,532.0,532.0,532.0,24.0,24.0,0.0,2.0,2.0,0.68861514,0.68861514,0.014620903,0.20089549,1.0,0.0,outdoors,,,0.0,,,0.0,0.0,0.0,0.0,0.0,22.0,4118.0,GO,false,,true,false
4143.0,2023_02_LAC_TEN,2023,REG,2,2023-09-17,TEN,LAC,TEN,LAC,home,5.0,2.0,4.0,41.0,489.0,489.0,489.0,24.0,24.0,0.0,2.0,2.0,0.70323604,0.70323604,-0.0545236,-0.53361523,0.0,0.0,outdoors,,,0.0,,,0.0,0.0,0.0,0.0,0.0,22.0,4143.0,GO,false,,true,false
4165.0,2023_02_LAC_TEN,2023,REG,2,2023-09-17,TEN,LAC,TEN,LAC,home,5.0,3.0,2.0,39.0,451.0,451.0,451.0,24.0,24.0,0.0,2.0,1.0,0.64871246,0.64871246,0.08369247,0.7437517,0.0,0.0,outdoors,,,0.0,,,0.0,0.0,0.0,0.0,0.0,22.0,4165.0,GO,false,,true,false
4233.0,2023_02_LAC_TEN,2023,REG,2,2023-09-17,TEN,LAC,TEN,LAC,home,5.0,1.0,10.0,37.0,411.0,411.0,411.0,24.0,24.0,0.0,2.0,1.0,0.73240495,0.73240495,0.11723812,0.8526354,1.0,0.0,outdoors,,,0.0,,,0.0,0.0,0.0,0.0,0.0,22.0,4233.0,GO,false,,true,false
4263.0,2023_02_LAC_TEN,2023,REG,2,2023-09-17,TEN,LAC,TEN,LAC,home,5.0,1.0,10.0,23.0,387.0,387.0,387.0,24.0,24.0,0.0,2.0,1.0,0.84964305,0.84964305,-0.042220145,-0.8771189,0.0,0.0,outdoors,,,0.0,,,0.0,0.0,0.0,0.0,0.0,22.0,4263.0,GO,false,,true,false
4285.0,2023_02_LAC_TEN,2023,REG,2,2023-09-17,TEN,LAC,TEN,LAC,home,5.0,2.0,12.0,25.0,348.0,348.0,348.0,24.0,24.0,0.0,2.0,1.0,0.8074229,0.8074229,0.06035731,-0.81542104,0.0,0.0,outdoors,,,0.0,,,0.0,0.0,0.0,0.0,0.0,22.0,4285.0,GO,false,,true,false
4307.0,2023_02_LAC_TEN,2023,REG,2,2023-09-17,TEN,LAC,TEN,LAC,home,5.0,3.0,10.0,23.0,306.0,306.0,306.0,24.0,24.0,0.0,2.0,1.0,0.8677802,0.8677802,0.13221979,0.6711092,0.0,0.0,outdoors,,,1.0,made,41.0,0.0,0.0,0.0,0.0,0.0,22.0,4307.0,FG,false,true,true,false
4327.0,2023_02_LAC_TEN,2023,REG,2,2023-09-17,TEN,LAC,TEN,LAC,home,5.0,,0.0,,302.0,302.0,302.0,27.0,24.0,3.0,2.0,1.0,,,,,0.0,0.0,outdoors,,,,,,,,,0.0,0.0,22.0,4327.0,GO,,,true,false
4262.0,2023_02_SEA_DET,2023,REG,2,2023-09-17,DET,SEA,SEA,DET,away,5.0,,0.0,35.0,600.0,600.0,600.0,31.0,31.0,0.0,2.0,2.0,0.5719372,0.5719372,-0.0,-0.0,0.0,0.0,dome,,,0.0,,65.0,0.0,0.0,0.0,0.0,0.0,21.0,4262.0,GO,false,,false,true
4278.0,2023_02_SEA_DET,2023,REG,2,2023-09-17,DET,SEA,SEA,DET,away,5.0,1.0,10.0,75.0,600.0,600.0,600.0,31.0,31.0,0.0,2.0,2.0,0.5719372,0.5719372,0.085866354,0.8883332,0.0,0.0,dome,,,0.0,,,0.0,0.0,0.0,0.0,0.0,21.0,4278.0,GO,false,,false,true
4303.0,2023_02_SEA_DET,2023,REG,2,2023-09-17,DET,SEA,SEA,DET,away,5.0,1.0,10.0,58.0,564.0,564.0,564.0,31.0,31.0,0.0,2.0,2.0,0.65780354,0.65780354,-0.049002912,-0.5203304,0.0,0.0,dome,,,0.0,,,0.0,0.0,0.0,0.0,0.0,21.0,4303.0,GO,false,,false,true
4326.0,2023_02_SEA_DET,2023,REG,2,2023-09-17,DET,SEA,SEA,DET,away,5.0,2.0,10.0,58.0,558.0,558.0,558.0,31.0,31.0,0.0,2.0,2.0,0.6088006,0.6088006,-0.0477307,-0.40487513,1.0,0.0,dome,,,0.0,,,0.0,0.0,0.0,0.0,0.0,21.0,4326.0,GO,false,,false,true
4351.0,2023_02_SEA_DET,2023,REG,2,2023-09-17,DET,SEA,SEA,DET,away,5.0,3.0,6.0,54.0,515.0,515.0,515.0,31.0,31.0,0.0,2.0,2.0,0.5610699,0.5610699,0.23016536,2.191792,1.0,0.0,dome,,,0.0,,,0.0,0.0,0.0,0.0,0.0,21.0,4351.0,GO,false,,false,true
4376.0,2023_02_SEA_DET,2023,REG,2,2023-09-17,DET,SEA,SEA,DET,away,5.0,1.0,10.0,38.0,488.0,488.0,488.0,31.0,31.0,0.0,2.0,2.0,0.79123527,0.79123527,-0.014870163,-0.2806495,1.0,1.0,dome,,,0.0,,,0.0,0.0,0.0,0.0,0.0,21.0,4376.0,GO,false,,false,true
4401.0,2023_02_SEA_DET,2023,REG,2,2023-09-17,DET,SEA,SEA,DET,away,5.0,2.0,7.0,35.0,453.0,453.0,453.0,31.0,31.0,0.0,2.0,2.0,0.7763651,0.7763651,0.1465742,1.7406645,1.0,0.0,dome,,,0.0,,,0.0,0.0,0.0,0.0,0.0,21.0,4401.0,GO,false,,false,true
4426.0,2023_02_SEA_DET,2023,REG,2,2023-09-17,DET,SEA,SEA,DET,away,5.0,1.0,10.0,14.0,424.0,424.0,424.0,31.0,31.0,0.0,2.0,2.0,0.9229393,0.9229393,-0.008935432,-0.30153313,1.0,1.0,dome,,,0.0,,,0.0,0.0,0.0,0.0,0.0,21.0,4426.0,GO,false,,false,true
4448.0,2023_02_SEA_DET,2023,REG,2,2023-09-17,DET,SEA,SEA,DET,away,5.0,2.0,7.0,11.0,384.0,384.0,384.0,31.0,31.0,0.0,2.0,2.0,0.9140039,0.9140039,0.0058785854,0.1480054,1.0,0.0,dome,,,0.0,,,0.0,0.0,0.0,0.0,0.0,21.0,4448.0,GO,false,,false,true
4478.0,2023_02_SEA_DET,2023,REG,2,2023-09-17,DET,SEA,SEA,DET,away,5.0,3.0,2.0,6.0,348.0,348.0,348.0,31.0,31.0,0.0,2.0,2.0,0.9198825,0.9198825,0.08011752,2.1330514,1.0,0.0,dome,,,0.0,,,0.0,0.0,0.0,0.0,0.0,21.0,4478.0,GO,false,,false,true
4504.0,2023_02_SEA_DET,2023,REG,2,2023-09-17,DET,SEA,DET,SEA,home,5.0,,0.0,,341.0,341.0,341.0,31.0,37.0,-6.0,2.0,2.0,,,,,0.0,0.0,dome,,,,,,,,,0.0,0.0,22.0,4504.0,GO,,,true,false
4169.0,2023_13_CIN_JAX,2023,REG,13,2023-12-04,JAX,CIN,JAX,CIN,home,5.0,,0.0,35.0,600.0,600.0,600.0,31.0,31.0,0.0,2.0,2.0,0.5268756,0.5268756,0.0,0.0,0.0,0.0,outdoors,61.0,4.0,0.0,,65.0,0.0,0.0,0.0,0.0,0.0,22.0,4169.0,GO,false,,true,true
4185.0,2023_13_CIN_JAX,2023,REG,13,2023-12-04,JAX,CIN,JAX,CIN,home,5.0,1.0,10.0,75.0,600.0,600.0,600.0,31.0,31.0,0.0,2.0,2.0,0.5268756,0.5268756,-0.055354588,-0.507068,1.0,0.0,outdoors,61.0,4.0,0.0,,,0.0,0.0,0.0,0.0,0.0,22.0,4185.0,GO,false,,true,true
4214.0,2023_13_CIN_JAX,2023,REG,13,2023-12-04,JAX,CIN,JAX,CIN,home,5.0,2.0,8.0,73.0,569.0,569.0,569.0,31.0,31.0,0.0,2.0,2.0,0.47152105,0.47152105,-0.046803053,-0.40196708,1.0,0.0,outdoors,61.0,4.0,0.0,,,0.0,0.0,0.0,0.0,0.0,22.0,4214.0,GO,false,,true,true
4239.0,2023_13_CIN_JAX,2023,REG,13,2023-12-04,JAX,CIN,JAX,CIN,home,5.0,3.0,6.0,71.0,528.0,528.0,528.0,31.0,31.0,0.0,2.0,2.0,0.424718,0.424718,0.16011311,1.6275828,1.0,0.0,outdoors,61.0,4.0,0.0,,,0.0,0.0,0.0,0.0,0.0,22.0,4239.0,GO,false,,true,true
4269.0,2023_13_CIN_JAX,2023,REG,13,2023-12-04,JAX,CIN,JAX,CIN,home,5.0,1.0,10.0,61.0,495.0,495.0,495.0,31.0,31.0,0.0,2.0,2.0,0.5848311,0.5848311,0.071485795,0.77506775,1.0,0.0,outdoors,61.0,4.0,0.0,,,0.0,0.0,0.0,0.0,0.0,22.0,4269.0,GO,false,,true,true
4296.0,2023_13_CIN_JAX,2023,REG,13,2023-12-04,JAX,CIN,JAX,CIN,home,5.0,1.0,10.0,48.0,458.0,458.0,458.0,31.0,31.0,0.0,2.0,2.0,0.65631694,0.65631694,-0.111227244,-1.0018537,0.0,0.0,outdoors,61.0,4.0,0.0,,,0.0,0.0,0.0,0.0,0.0,22.0,4296.0,GO,false,,true,true
4323.0,2023_13_CIN_JAX,2023,REG,13,2023-12-04,JAX,CIN,JAX,CIN,home,5.0,2.0,14.0,52.0,419.0,419.0,419.0,31.0,31.0,0.0,2.0,2.0,0.54508966,0.54508966,0.008098902,0.103783466,1.0,0.0,outdoors,61.0,4.0,0.0,,,0.0,0.0,0.0,0.0,0.0,22.0,4323.0,GO,false,,true,true
4348.0,2023_13_CIN_JAX,2023,REG,13,2023-12-04,JAX,CIN,JAX,CIN,home,5.0,3.0,7.0,45.0,379.0,379.0,379.0,31.0,31.0,0.0,2.0,2.0,0.55318856,0.55318856,-0.14993216,-1.1934052,1.0,0.0,outdoors,61.0,4.0,0.0,,,0.0,0.0,0.0,0.0,0.0,22.0,4348.0,GO,false,,true,true
4384.0,2023_13_CIN_JAX,2023,REG,13,2023-12-04,JAX,CIN,JAX,CIN,home,5.0,3.0,17.0,55.0,351.0,351.0,351.0,31.0,31.0,0.0,2.0,2.0,0.40325642,0.40325642,-0.12137468,-1.0233983,1.0,0.0,outdoors,61.0,4.0,0.0,,,0.0,0.0,0.0,0.0,0.0,22.0,4384.0,GO,false,,true,true
4409.0,2023_13_CIN_JAX,2023,REG,13,2023-12-04,JAX,CIN,JAX,CIN,home,5.0,4.0,21.0,59.0,312.0,312.0,312.0,31.0,31.0,0.0,2.0,2.0,0.28188172,0.28188172,0.32871482,-0.3649242,0.0,0.0,outdoors,61.0,4.0,0.0,,42.0,1.0,0.0,0.0,0.0,0.0,22.0,4409.0,PUNT,false,,true,true
4435.0,2023_13_CIN_JAX,2023,REG,13,2023-12-04,JAX,CIN,CIN,JAX,away,5.0,1.0,10.0,72.0,302.0,302.0,302.0,31.0,31.0,0.0,2.0,2.0,0.38940343,0.38940343,-0.028137753,-0.24953888,1.0,0.0,outdoors,61.0,4.0,0.0,,,0.0,0.0,0.0,0.0,0.0,23.0,4435.0,GO,false,,false,false
4462.0,2023_13_CIN_JAX,2023,REG,13,2023-12-04,JAX,CIN,CIN,JAX,away,5.0,2.0,8.0,70.0,295.0,295.0,295.0,31.0,31.0,0.0,2.0,2.0,0.3612657,0.3612657,0.16328993,1.5409907,1.0,0.0,outdoors,61.0,4.0,0.0,,,0.0,0.0,0.0,0.0,0.0,23.0,4462.0,GO,false,,false,false
4492.0,2023_13_CIN_JAX,2023,REG,13,2023-12-04,JAX,CIN,CIN,JAX,away,5.0,1.0,10.0,53.0,254.0,254.0,254.0,31.0,31.0,0.0,2.0,2.0,0.5245556,0.5245556,-0.05863899,-0.51208466,0.0,0.0,outdoors,61.0,4.0,0.0,,,0.0,0.0,0.0,0.0,0.0,23.0,4492.0,GO,false,,false,false
4523.0,2023_13_CIN_JAX,2023,REG,13,2023-12-04,JAX,CIN,CIN,JAX,away,5.0,2.0,10.0,53.0,248.0,248.0,248.0,31.0,31.0,0.0,2.0,2.0,0.46591663,0.46591663,-0.09214629,-0.6572154,1.0,0.0,outdoors,61.0,4.0,0.0,,,0.0,0.0,0.0,0.0,0.0,23.0,4523.0,GO,false,,false,false
4548.0,2023_13_CIN_JAX,2023,REG,13,2023-12-04,JAX,CIN,CIN,JAX,away,5.0,3.0,10.0,53.0,202.0,202.0,202.0,31.0,31.0,0.0,2.0,2.0,0.37377036,0.37377036,0.1947455,1.7055569,1.0,0.0,outdoors,61.0,4.0,0.0,,,0.0,0.0,0.0,0.0,0.0,23.0,4548.0,GO,false,,false,false
4578.0,2023_13_CIN_JAX,2023,REG,13,2023-12-04,JAX,CIN,CIN,JAX,away,5.0,1.0,10.0,42.0,196.0,196.0,196.0,31.0,31.0,0.0,2.0,2.0,0.56851584,0.56851584,-0.04543397,-0.47803724,1.0,0.0,outdoors,61.0,4.0,0.0,,,0.0,0.0,0.0,0.0,0.0,23.0,4578.0,GO,false,,false,false
4605.0,2023_13_CIN_JAX,2023,REG,13,2023-12-04,JAX,CIN,CIN,JAX,away,5.0,2.0,9.0,41.0,192.0,192.0,192.0,31.0,31.0,0.0,2.0,2.0,0.5230819,0.5230819,0.11947486,0.85756516,1.0,0.0,outdoors,61.0,4.0,0.0,,,0.0,0.0,0.0,0.0,0.0,23.0,4605.0,GO,false,,false,false
4630.0,2023_13_CIN_JAX,2023,REG,13,2023-12-04,JAX,CIN,CIN,JAX,away,5.0,3.0,1.0,33.0,185.0,185.0,185.0,31.0,31.0,0.0,1.0,2.0,0.6425567,0.6425567,0.044314858,0.37462536,1.0,0.0,outdoors,61.0,4.0,0.0,,,0.0,0.0,0.0,0.0,0.0,23.0,4630.0,GO,false,,false,false
4696.0,2023_13_CIN_JAX,2023,REG,13,2023-12-04,JAX,CIN,CIN,JAX,away,5.0,1.0,10.0,31.0,141.0,141.0,141.0,31.0,31.0,0.0,1.0,2.0,0.6868716,0.6868716,-0.02814916,-0.3535871,0.0,0.0,outdoors,61.0,4.0,0.0,,,0.0,0.0,0.0,0.0,0.0,23.0,4696.0,GO,false,,false,false
4718.0,2023_13_CIN_JAX,2023,REG,13,2023-12-04,JAX,CIN,CIN,JAX,away,5.0,2.0,10.0,31.0,120.0,120.0,120.0,31.0,31.0,0.0,1.0,2.0,0.65872246,0.65872246,-0.052770067,-0.74179566,1.0,0.0,outdoors,61.0,4.0,0.0,,,0.0,0.0,0.0,0.0,0.0,23.0,4718.0,GO,false,,false,false
4747.0,2023_13_CIN_JAX,2023,REG,13,2023-12-04,JAX,CIN,CIN,JAX,away,5.0,3.0,8.0,29.0,115.0,115.0,115.0,31.0,31.0,0.0,1.0,1.0,0.6059524,0.6059524,0.114820026,-0.4820668,1.0,0.0,outdoors,61.0,4.0,0.0,,,0.0,0.0,0.0,0.0,0.0,23.0,4747.0,GO,false,,false,false
4776.0,2023_13_CIN_JAX,2023,REG,13,2023-12-04,JAX,CIN,CIN,JAX,away,5.0,4.0,9.0,30.0,110.0,110.0,110.0,31.0,31.0,0.0,1.0,0.0,0.7207724,0.7207724,0.2792276,1.1639634,0.0,0.0,outdoors,61.0,4.0,1.0,made,48.0,0.0,0.0,0.0,0.0,0.0,23.0,4776.0,FG,false,true,false,false
4814.0,2023_13_CIN_JAX,2023,REG,13,2023-12-04,JAX,CIN,JAX,CIN,home,5.0,,0.0,,105.0,105.0,105.0,31.0,34.0,-3.0,0.0,1.0,,,,,0.0,0.0,outdoors,61.0,4.0,,,,,,,0.0,0.0,24.0,4814.0,GO,,,true,false
4389.0,2022_16_TB_ARI,2022,REG,16,2022-12-25,ARI,TB,ARI,TB,home,5.0,,0.0,35.0,600.0,600.0,600.0,16.0,16.0,0.0,2.0,2.0,0.5857473,0.5857473,0.0,0.0,0.0,0.0,open,,,0.0,,65.0,0.0,0.0,0.0,0.0,0.0,27.0,4389.0,GO,false,,true,true
4404.0,2022_16_TB_ARI,2022,REG,16,2022-12-25,ARI,TB,ARI,TB,home,5.0,1.0,10.0,75.0,600.0,600.0,600.0,16.0,16.0,0.0,2.0,2.0,0.5857473,0.5857473,-0.052300572,-0.5454972,0.0,0.0,open,,,0.0,,,0.0,0.0,0.0,0.0,0.0,27.0,4404.0,GO,false,,true,true
4426.0,2022_16_TB_ARI,2022,REG,16,2022-12-25,ARI,TB,ARI,TB,home,5.0,2.0,10.0,75.0,594.0,594.0,594.0,16.0,16.0,0.0,2.0,2.0,0.5334467,0.5334467,-0.12138525,-1.2760818,0.0,0.0,open,,,0.0,,,0.0,0.0,0.0,0.0,0.0,27.0,4426.0,GO,false,,true,true
4447.0,2022_16_TB_ARI,2022,REG,16,2022-12-25,ARI,TB,ARI,TB,home,5.0,3.0,11.0,76.0,559.0,559.0,559.0,16.0,16.0,0.0,2.0,2.0,0.41206148,0.41206148,0.19674039,2.1649218,1.0,0.0,open,,,0.0,,,0.0,0.0,0.0,0.0,0.0,27.0,4447.0,GO,false,,true,true
4499.0,2022_16_TB_ARI,2022,REG,16,2022-12-25,ARI,TB,ARI,TB,home,5.0,1.0,10.0,65.0,521.0,521.0,521.0,16.0,16.0,0.0,2.0,2.0,0.6088019,0.6088019,-0.03482185,-0.22807595,0.0,0.0,open,,,0.0,,,0.0,0.0,0.0,0.0,0.0,27.0,4499.0,GO,false,,true,true
4520.0,2022_16_TB_ARI,2022,REG,16,2022-12-25,ARI,TB,ARI,TB,home,5.0,2.0,9.0,64.0,480.0,480.0,480.0,16.0,16.0,0.0,2.0,2.0,0.57398003,0.57398003,-0.06002113,-0.53594065,1.0,0.0,open,,,0.0,,,0.0,0.0,0.0,0.0,0.0,27.0,4520.0,GO,false,,true,true
4542.0,2022_16_TB_ARI,2022,REG,16,2022-12-25,ARI,TB,ARI,TB,home,5.0,3.0,9.0,64.0,475.0,475.0,475.0,16.0,16.0,0.0,1.0,2.0,0.51395893,0.51395893,-0.14367576,-1.3720871,1.0,0.0,open,,,0.0,,,0.0,0.0,0.0,0.0,0.0,27.0,4542.0,GO,false,,true,true
4571.0,2022_16_TB_ARI,2022,REG,16,2022-12-25,ARI,TB,ARI,TB,home,5.0,4.0,9.0,64.0,470.0,470.0,470.0,16.0,16.0,0.0,1.0,2.0,0.37028316,0.37028316,0.19022633,-0.09535801,0.0,0.0,open,,,0.0,,52.0,1.0,0.0,0.0,0.0,0.0,27.0,4571.0,PUNT,false,,true,true
4590.0,2022_16_TB_ARI,2022,REG,16,2022-12-25,ARI,TB,TB,ARI,away,5.0,1.0,10.0,88.0,463.0,463.0,463.0,16.0,16.0,0.0,2.0,1.0,0.43949053,0.43949053,-0.03017723,-0.18646608,1.0,0.0,open,,,0.0,,,0.0,0.0,0.0,0.0,0.0,28.0,4590.0,GO,false,,false,false
4614.0,2022_16_TB_ARI,2022,REG,16,2022-12-25,ARI,TB,TB,ARI,away,5.0,2.0,6.0,84.0,434.0,434.0,434.0,16.0,16.0,0.0,2.0,1.0,0.4093133,0.4093133,0.0777298,0.86752075,1.0,1.0,open,,,0.0,,,0.0,0.0,0.0,0.0,0.0,28.0,4614.0,GO,false,,false,false
4643.0,2022_16_TB_ARI,2022,REG,16,2022-12-25,ARI,TB,TB,ARI,away,5.0,1.0,10.0,76.0,425.0,425.0,425.0,16.0,16.0,0.0,2.0,1.0,0.48704308,0.48704308,0.15613565,1.5081227,1.0,1.0,open,,,0.0,,,0.0,0.0,0.0,0.0,0.0,28.0,4643.0,GO,false,,false,false
4673.0,2022_16_TB_ARI,2022,REG,16,2022-12-25,ARI,TB,TB,ARI,away,5.0,1.0,10.0,53.0,400.0,400.0,400.0,16.0,16.0,0.0,2.0,1.0,0.64317876,0.64317876,-0.00087233295,0.0475665,1.0,0.0,open,,,0.0,,,0.0,0.0,0.0,0.0,0.0,28.0,4673.0,GO,false,,false,false
4697.0,2022_16_TB_ARI,2022,REG,16,2022-12-25,ARI,TB,TB,ARI,away,5.0,2.0,5.0,48.0,370.0,370.0,370.0,16.0,16.0,0.0,2.0,1.0,0.6423064,0.6423064,0.1743279,1.2202193,1.0,1.0,open,,,0.0,,,0.0,0.0,0.0,0.0,0.0,28.0,4697.0,GO,false,,false,false
4726.0,2022_16_TB_ARI,2022,REG,16,2022-12-25,ARI,TB,TB,ARI,away,5.0,1.0,10.0,32.0,345.0,345.0,345.0,16.0,16.0,0.0,2.0,1.0,0.8166343,0.8166343,0.0729689,0.787667,1.0,1.0,open,,,0.0,,,0.0,0.0,0.0,0.0,0.0,28.0,4726.0,GO,false,,false,false
4750.0,2022_16_TB_ARI,2022,REG,16,2022-12-25,ARI,TB,TB,ARI,away,5.0,1.0,10.0,19.0,311.0,311.0,311.0,16.0,16.0,0.0,2.0,1.0,0.8896032,0.8896032,-0.022987204,-0.6937541,0.0,0.0,open,,,0.0,,,0.0,0.0,0.0,0.0,0.0,28.0,4750.0,GO,false,,false,false
4776.0,2022_16_TB_ARI,2022,REG,16,2022-12-25,ARI,TB,TB,ARI,away,5.0,1.0,15.0,24.0,311.0,311.0,311.0,16.0,16.0,0.0,2.0,1.0,0.866616,0.866616,-0.01289016,-0.20616494,0.0,0.0,open,,,0.0,,,0.0,0.0,0.0,0.0,0.0,28.0,4776.0,GO,false,,false,false
4797.0,2022_16_TB_ARI,2022,REG,16,2022-12-25,ARI,TB,TB,ARI,away,5.0,2.0,11.0,20.0,272.0,272.0,272.0,16.0,16.0,0.0,2.0,1.0,0.85372585,0.85372585,0.0340444,-1.3575612,1.0,0.0,open,,,0.0,,,0.0,0.0,0.0,0.0,0.0,28.0,4797.0,GO,false,,false,false
4818.0,2022_16_TB_ARI,2022,REG,16,2022-12-25,ARI,TB,TB,ARI,away,5.0,3.0,13.0,22.0,226.0,226.0,226.0,16.0,16.0,0.0,2.0,1.0,0.88777024,0.88777024,0.112229764,0.58088285,0.0,0.0,open,,,1.0,made,40.0,0.0,0.0,0.0,0.0,0.0,28.0,4818.0,FG,false,true,false,false
4837.0,2022_16_TB_ARI,2022,REG,16,2022-12-25,ARI,TB,ARI,TB,home,5.0,,0.0,,221.0,221.0,221.0,16.0,19.0,-3.0,1.0,2.0,,,,,0.0,0.0,open,,,,,,,,,0.0,0.0,29.0,4837.0,GO,,,true,false
3857.0,2022_17_SF_LV,2022,REG,17,2023-01-01,LV,SF,LV,SF,home,5.0,,0.0,35.0,600.0,600.0,600.0,34.0,34.0,0.0,2.0,2.0,0.58799726,0.58799726,0.0,0.0,0.0,0.0,dome,,,0.0,,65.0,0.0,0.0,0.0,0.0,0.0,22.0,3857.0,GO,false,,true,true
3872.0,2022_17_SF_LV,2022,REG,17,2023-01-01,LV,SF,LV,SF,home,5.0,1.0,10.0,75.0,600.0,600.0,600.0,34.0,34.0,0.0,2.0,2.0,0.58799726,0.58799726,0.041308638,0.5706045,0.0,0.0,dome,,,0.0,,,0.0,0.0,0.0,0.0,0.0,22.0,3872.0,GO,false,,true,true
3893.0,2022_17_SF_LV,2022,REG,17,2023-01-01,LV,SF,LV,SF,home,5.0,2.0,1.0,66.0,558.0,558.0,558.0,34.0,34.0,0.0,2.0,2.0,0.6293059,0.6293059,0.015263612,0.06222276,0.0,0.0,dome,,,0.0,,,0.0,0.0,0.0,0.0,0.0,22.0,3893.0,GO,false,,true,true
3914.0,2022_17_SF_LV,2022,REG,17,2023-01-01,LV,SF,LV,SF,home,5.0,1.0,10.0,60.0,514.0,514.0,514.0,34.0,34.0,0.0,2.0,2.0,0.6445695,0.6445695,-0.056181505,-0.44239938,0.0,0.0,dome,,,0.0,,,0.0,0.0,0.0,0.0,0.0,22.0,3914.0,GO,false,,true,true
3935.0,2022_17_SF_LV,2022,REG,17,2023-01-01,LV,SF,LV,SF,home,5.0,2.0,10.0,60.0,473.0,473.0,473.0,34.0,34.0,0.0,2.0,2.0,0.588388,0.588388,-0.54699826,-7.8304963,0.0,0.0,dome,,,0.0,,,0.0,0.0,0.0,0.0,0.0,22.0,3935.0,GO,false,,true,true
3972.0,2022_17_SF_LV,2022,REG,17,2023-01-01,LV,SF,SF,LV,away,5.0,1.0,3.0,3.0,459.0,459.0,459.0,34.0,34.0,0.0,2.0,2.0,0.95861024,0.95861024,,-3.131939,0.0,0.0,dome,,,0.0,,,0.0,0.0,0.0,0.0,1.0,23.0,3972.0,GO,false,,false,false
3998.0,2022_17_SF_LV,2022,REG,17,2023-01-01,LV,SF,SF,LV,away,5.0,2.0,5.0,5.0,417.0,417.0,417.0,34.0,34.0,0.0,2.0,2.0,0.9953165,0.9953165,0.0046834764,0.025272224,0.0,0.0,dome,,,1.0,made,23.0,0.0,0.0,0.0,0.0,0.0,23.0,3998.0,FG,false,true,false,false
4017.0,2022_17_SF_LV,2022,REG,17,2023-01-01,LV,SF,LV,SF,home,5.0,,0.0,,413.0,413.0,413.0,34.0,37.0,-3.0,2.0,2.0,,,,,0.0,0.0,dome,,,,,,,,,0.0,0.0,24.0,4017.0,GO,,,true,false
3902.0,2023_01_BUF_NYJ,2023,REG,1,2023-09-11,NYJ,BUF,BUF,NYJ,away,5.0,,0.0,35.0,600.0,600.0,600.0,16.0,16.0,0.0,2.0,2.0,0.50375366,0.50375366,-0.0,-0.0,0.0,0.0,outdoors,,,0.0,,65.0,0.0,0.0,0.0,0.0,0.0,22.0,3902.0,GO,false,,false,true
3918.0,2023_01_BUF_NYJ,2023,REG,1,2023-09-11,NYJ,BUF,BUF,NYJ,away,5.0,1.0,10.0,75.0,600.0,600.0,600.0,16.0,16.0,0.0,2.0,2.0,0.50375366,0.50375366,-0.06477028,-0.60831267,1.0,0.0,outdoors,,,0.0,,,0.0,0.0,0.0,0.0,0.0,22.0,3918.0,GO,false,,false,true
3942.0,2023_01_BUF_NYJ,2023,REG,1,2023-09-11,NYJ,BUF,BUF,NYJ,away,5.0,1.0,15.0,80.0,600.0,600.0,600.0,16.0,16.0,0.0,2.0,2.0,0.4389834,0.4389834,-0.047416046,-0.527747,1.0,0.0,outdoors,,,0.0,,,0.0,0.0,0.0,0.0,0.0,22.0,3942.0,GO,false,,false,true
3965.0,2023_01_BUF_NYJ,2023,REG,1,2023-09-11,NYJ,BUF,BUF,NYJ,away,5.0,2.0,15.0,80.0,597.0,597.0,597.0,16.0,16.0,0.0,2.0,2.0,0.39156735,0.39156735,-0.05976411,-0.6469932,1.0,0.0,outdoors,,,0.0,,,0.0,0.0,0.0,0.0,0.0,22.0,3965.0,GO,false,,false,true
3987.0,2023_01_BUF_NYJ,2023,REG,1,2023-09-11,NYJ,BUF,BUF,NYJ,away,5.0,3.0,12.0,77.0,566.0,566.0,566.0,16.0,16.0,0.0,2.0,2.0,0.33180323,0.33180323,-0.076547995,-0.761962,1.0,1.0,outdoors,,,0.0,,,0.0,0.0,0.0,0.0,0.0,22.0,3987.0,GO,false,,false,true
4010.0,2023_01_BUF_NYJ,2023,REG,1,2023-09-11,NYJ,BUF,BUF,NYJ,away,5.0,4.0,12.0,77.0,561.0,561.0,561.0,16.0,16.0,0.0,2.0,2.0,0.25525525,0.25525525,-0.25525525,-5.435014,0.0,0.0,outdoors,,,0.0,,42.0,1.0,0.0,0.0,0.0,0.0,22.0,4010.0,PUNT,false,,false,true
4037.0,2023_01_BUF_NYJ,2023,REG,1,2023-09-11,NYJ,BUF,NYJ,BUF,home,5.0,,0.0,,542.0,542.0,542.0,22.0,16.0,6.0,2.0,2.0,,,,,0.0,0.0,outdoors,,,,,,,,,0.0,0.0,22.0,4037.0,GO,,,true,true
4766.0,2023_12_BUF_PHI,2023,REG,12,2023-11-26,PHI,BUF,BUF,PHI,away,5.0,,0.0,35.0,600.0,600.0,600.0,31.0,31.0,0.0,2.0,2.0,0.50375366,0.50375366,-0.0,-0.0,0.0,0.0,outdoors,47.0,6.0,0.0,,65.0,0.0,0.0,0.0,0.0,0.0,27.0,4766.0,GO,false,,false,true
4782.0,2023_12_BUF_PHI,2023,REG,12,2023-11-26,PHI,BUF,BUF,PHI,away,5.0,1.0,10.0,75.0,600.0,600.0,600.0,31.0,31.0,0.0,2.0,2.0,0.50375366,0.50375366,-0.05964371,-0.56567645,1.0,0.0,outdoors,47.0,6.0,0.0,,,0.0,0.0,0.0,0.0,0.0,27.0,4782.0,GO,false,,false,true
4804.0,2023_12_BUF_PHI,2023,REG,12,2023-11-26,PHI,BUF,BUF,PHI,away,5.0,2.0,9.0,74.0,565.0,565.0,565.0,31.0,31.0,0.0,2.0,2.0,0.44410998,0.44410998,-0.060694702,-0.65846324,1.0,0.0,outdoors,47.0,6.0,0.0,,,0.0,0.0,0.0,0.0,0.0,27.0,4804.0,GO,false,,false,true
4827.0,2023_12_BUF_PHI,2023,REG,12,2023-11-26,PHI,BUF,BUF,PHI,away,5.0,3.0,9.0,74.0,561.0,561.0,561.0,31.0,31.0,0.0,2.0,2.0,0.38341528,0.38341528,0.18942644,1.9872202,1.0,0.0,outdoors,47.0,6.0,0.0,,,0.0,0.0,0.0,0.0,0.0,27.0,4827.0,GO,false,,false,true
4858.0,2023_12_BUF_PHI,2023,REG,12,2023-11-26,PHI,BUF,BUF,PHI,away,5.0,1.0,10.0,61.0,526.0,526.0,526.0,31.0,31.0,0.0,2.0,2.0,0.5728417,0.5728417,-0.047392547,-0.36490443,0.0,0.0,outdoors,47.0,6.0,0.0,,,0.0,0.0,0.0,0.0,0.0,27.0,4858.0,GO,false,,false,true
4880.0,2023_12_BUF_PHI,2023,REG,12,2023-11-26,PHI,BUF,BUF,PHI,away,5.0,2.0,9.0,60.0,491.0,491.0,491.0,31.0,31.0,0.0,2.0,2.0,0.52544916,0.52544916,-0.06848234,-0.6756256,1.0,0.0,outdoors,47.0,6.0,0.0,,,0.0,0.0,0.0,0.0,0.0,27.0,4880.0,GO,false,,false,true
4903.0,2023_12_BUF_PHI,2023,REG,12,2023-11-26,PHI,BUF,BUF,PHI,away,5.0,3.0,9.0,60.0,486.0,486.0,486.0,31.0,31.0,0.0,2.0,2.0,0.45696682,0.45696682,0.21995391,2.1472094,1.0,0.0,outdoors,47.0,6.0,0.0,,,0.0,0.0,0.0,0.0,0.0,27.0,4903.0,GO,false,,false,true
4930.0,2023_12_BUF_PHI,2023,REG,12,2023-11-26,PHI,BUF,BUF,PHI,away,5.0,1.0,10.0,45.0,446.0,446.0,446.0,31.0,31.0,0.0,2.0,2.0,0.6769207,0.6769207,-0.04269082,-0.42828158,0.0,0.0,outdoors,47.0,6.0,0.0,,,0.0,0.0,0.0,0.0,0.0,27.0,4930.0,GO,false,,false,true
4953.0,2023_12_BUF_PHI,2023,REG,12,2023-11-26,PHI,BUF,BUF,PHI,away,5.0,2.0,10.0,45.0,444.0,444.0,444.0,31.0,31.0,0.0,2.0,2.0,0.6342299,0.6342299,0.208017,1.6396543,1.0,0.0,outdoors,47.0,6.0,0.0,,,0.0,0.0,0.0,0.0,0.0,27.0,4953.0,GO,false,,false,true
4989.0,2023_12_BUF_PHI,2023,REG,12,2023-11-26,PHI,BUF,BUF,PHI,away,5.0,1.0,10.0,26.0,426.0,426.0,426.0,31.0,31.0,0.0,2.0,2.0,0.84224695,0.84224695,-0.026600027,-0.41961217,0.0,0.0,outdoors,47.0,6.0,0.0,,,0.0,0.0,0.0,0.0,0.0,27.0,4989.0,GO,false,,false,true
5011.0,2023_12_BUF_PHI,2023,REG,12,2023-11-26,PHI,BUF,BUF,PHI,away,5.0,2.0,10.0,26.0,387.0,387.0,387.0,31.0,31.0,0.0,2.0,2.0,0.8156469,0.8156469,0.026215767,-0.23069528,1.0,0.0,outdoors,47.0,6.0,0.0,,,0.0,0.0,0.0,0.0,0.0,27.0,5011.0,GO,false,,false,true
5048.0,2023_12_BUF_PHI,2023,REG,12,2023-11-26,PHI,BUF,BUF,PHI,away,5.0,3.0,6.0,22.0,360.0,360.0,360.0,31.0,31.0,0.0,2.0,2.0,0.8418627,0.8418627,0.042581983,-1.0335579,1.0,0.0,outdoors,47.0,6.0,0.0,,,0.0,0.0,0.0,0.0,0.0,27.0,5048.0,GO,false,,false,true
5071.0,2023_12_BUF_PHI,2023,REG,12,2023-11-26,PHI,BUF,BUF,PHI,away,5.0,4.0,6.0,22.0,356.0,356.0,356.0,31.0,31.0,0.0,2.0,2.0,0.88444465,0.88444465,-0.29566693,0.6227044,0.0,0.0,outdoors,47.0,6.0,1.0,made,40.0,0.0,0.0,0.0,0.0,0.0,27.0,5071.0,FG,false,true,false,true
5096.0,2023_12_BUF_PHI,2023,REG,12,2023-11-26,PHI,BUF,PHI,BUF,home,5.0,,0.0,35.0,352.0,352.0,352.0,31.0,34.0,-3.0,2.0,2.0,0.41122228,0.41122228,0.0,0.0,0.0,0.0,outdoors,47.0,6.0,0.0,,58.0,0.0,0.0,0.0,0.0,0.0,28.0,5096.0,GO,false,,true,false
5113.0,2023_12_BUF_PHI,2023,REG,12,2023-11-26,PHI,BUF,PHI,BUF,home,5.0,1.0,10.0,75.0,352.0,352.0,352.0,31.0,34.0,-3.0,2.0,2.0,0.41122228,0.41122228,0.03657138,0.5265019,1.0,0.0,outdoors,47.0,6.0,0.0,,,0.0,0.0,0.0,0.0,0.0,28.0,5113.0,GO,false,,true,false
5135.0,2023_12_BUF_PHI,2023,REG,12,2023-11-26,PHI,BUF,PHI,BUF,home,5.0,2.0,2.0,67.0,314.0,314.0,314.0,31.0,34.0,-3.0,2.0,2.0,0.44779366,0.44779366,0.011203498,0.20694411,1.0,0.0,outdoors,47.0,6.0,0.0,,,0.0,0.0,0.0,0.0,0.0,28.0,5135.0,GO,false,,true,false
5160.0,2023_12_BUF_PHI,2023,REG,12,2023-11-26,PHI,BUF,PHI,BUF,home,5.0,1.0,10.0,63.0,270.0,270.0,270.0,31.0,34.0,-3.0,2.0,2.0,0.45899716,0.45899716,-0.044598777,-0.42504486,1.0,0.0,outdoors,47.0,6.0,0.0,,,0.0,0.0,0.0,0.0,0.0,28.0,5160.0,GO,false,,true,false
5183.0,2023_12_BUF_PHI,2023,REG,12,2023-11-26,PHI,BUF,PHI,BUF,home,5.0,2.0,10.0,63.0,267.0,267.0,267.0,31.0,34.0,-3.0,2.0,2.0,0.4143984,0.4143984,0.14148018,1.3461559,1.0,0.0,outdoors,47.0,6.0,0.0,,,0.0,0.0,0.0,0.0,0.0,28.0,5183.0,GO,false,,true,false
5208.0,2023_12_BUF_PHI,2023,REG,12,2023-11-26,PHI,BUF,PHI,BUF,home,5.0,1.0,10.0,46.0,222.0,222.0,222.0,31.0,34.0,-3.0,2.0,2.0,0.5558786,0.5558786,0.05219975,0.32245198,1.0,0.0,outdoors,47.0,6.0,0.0,,,0.0,0.0,0.0,0.0,0.0,28.0,5208.0,GO,false,,true,false
5235.0,2023_12_BUF_PHI,2023,REG,12,2023-11-26,PHI,BUF,PHI,BUF,home,5.0,2.0,3.0,39.0,213.0,213.0,213.0,31.0,34.0,-3.0,2.0,2.0,0.6080783,0.6080783,-0.11373368,-0.8952297,1.0,0.0,outdoors,47.0,6.0,0.0,,,0.0,0.0,0.0,0.0,0.0,28.0,5235.0,GO,false,,true,false
5258.0,2023_12_BUF_PHI,2023,REG,12,2023-11-26,PHI,BUF,PHI,BUF,home,5.0,3.0,3.0,39.0,209.0,209.0,209.0,31.0,34.0,-3.0,2.0,1.0,0.49434465,0.49434465,0.17360078,1.2147356,1.0,0.0,outdoors,47.0,6.0,0.0,,,0.0,0.0,0.0,0.0,0.0,28.0,5258.0,GO,false,,true,false
5290.0,2023_12_BUF_PHI,2023,REG,12,2023-11-26,PHI,BUF,PHI,BUF,home,5.0,1.0,10.0,28.0,169.0,169.0,169.0,31.0,34.0,-3.0,2.0,1.0,0.66794544,0.66794544,0.16464145,1.3600371,1.0,0.0,outdoors,47.0,6.0,0.0,,,0.0,0.0,0.0,0.0,0.0,28.0,5290.0,GO,false,,true,false
5317.0,2023_12_BUF_PHI,2023,REG,12,2023-11-26,PHI,BUF,PHI,BUF,home,5.0,1.0,10.0,12.0,161.0,161.0,161.0,31.0,34.0,-3.0,2.0,1.0,0.8325869,0.8325869,0.16741312,2.580414,1.0,0.0,outdoors,47.0,6.0,0.0,,,0.0,0.0,0.0,0.0,0.0,28.0,5317.0,GO,false,,true,false
5340.0,2023_12_BUF_PHI,2023,REG,12,2023-11-26,PHI,BUF,PHI,BUF,home,5.0,,0.0,,157.0,157.0,157.0,37.0,34.0,3.0,2.0,1.0,,,,,0.0,0.0,outdoors,47.0,6.0,,,,,,,0.0,0.0,28.0,5340.0,GO,,,true,false
3726.0,2022_18_LA_SEA,2022,REG,18,2023-01-08,SEA,LA,SEA,LA,home,5.0,,0.0,35.0,600.0,600.0,600.0,16.0,16.0,0.0,2.0,2.0,0.5268756,0.5268756,0.0,0.0,0.0,0.0,outdoors,45.0,4.0,0.0,,65.0,0.0,0.0,0.0,0.0,0.0,23.0,3726.0,GO,false,,true,true
3742.0,2022_18_LA_SEA,2022,REG,18,2023-01-08,SEA,LA,SEA,LA,home,5.0,1.0,10.0,75.0,600.0,600.0,600.0,16.0,16.0,0.0,2.0,2.0,0.5268756,0.5268756,-0.047510806,-0.42115337,1.0,0.0,outdoors,45.0,4.0,0.0,,,0.0,0.0,0.0,0.0,0.0,23.0,3742.0,GO,false,,true,true
3763.0,2022_18_LA_SEA,2022,REG,18,2023-01-08,SEA,LA,SEA,LA,home,5.0,2.0,7.0,72.0,574.0,574.0,574.0,16.0,16.0,0.0,2.0,2.0,0.47936484,0.47936484,-0.06204407,-0.6664942,1.0,1.0,outdoors,45.0,4.0,0.0,,,0.0,0.0,0.0,0.0,0.0,23.0,3763.0,GO,false,,true,true
3785.0,2022_18_LA_SEA,2022,REG,18,2023-01-08,SEA,LA,SEA,LA,home,5.0,3.0,7.0,72.0,570.0,570.0,570.0,16.0,16.0,0.0,2.0,2.0,0.41732076,0.41732076,-0.10783178,-1.031078,1.0,0.0,outdoors,45.0,4.0,0.0,,,0.0,0.0,0.0,0.0,0.0,23.0,3785.0,GO,false,,true,true
3807.0,2022_18_LA_SEA,2022,REG,18,2023-01-08,SEA,LA,SEA,LA,home,5.0,4.0,7.0,72.0,566.0,566.0,566.0,16.0,16.0,0.0,2.0,2.0,0.30948898,0.30948898,0.20168643,0.04218726,0.0,0.0,outdoors,45.0,4.0,0.0,,52.0,1.0,0.0,0.0,0.0,0.0,23.0,3807.0,PUNT,false,,true,true
3832.0,2022_18_LA_SEA,2022,REG,18,2023-01-08,SEA,LA,LA,SEA,away,5.0,1.0,10.0,74.0,556.0,556.0,556.0,16.0,16.0,0.0,2.0,2.0,0.48882458,0.48882458,-0.107231826,-1.0241351,0.0,0.0,outdoors,45.0,4.0,0.0,,,0.0,0.0,0.0,0.0,0.0,24.0,3832.0,GO,false,,false,false
3853.0,2022_18_LA_SEA,2022,REG,18,2023-01-08,SEA,LA,LA,SEA,away,5.0,2.0,15.0,79.0,513.0,513.0,513.0,16.0,16.0,0.0,2.0,2.0,0.38159275,0.38159275,0.032197945,-1.8464522,0.0,0.0,outdoors,45.0,4.0,0.0,,,0.0,0.0,0.0,0.0,0.0,24.0,3853.0,GO,false,,false,false
3884.0,2022_18_LA_SEA,2022,REG,18,2023-01-08,SEA,LA,SEA,LA,home,5.0,1.0,10.0,64.0,504.0,504.0,504.0,16.0,16.0,0.0,1.0,2.0,0.5862093,0.5862093,-0.048892222,-0.44772816,1.0,0.0,outdoors,45.0,4.0,0.0,,,0.0,0.0,0.0,0.0,0.0,25.0,3884.0,GO,false,,true,false
3913.0,2022_18_LA_SEA,2022,REG,18,2023-01-08,SEA,LA,SEA,LA,home,5.0,2.0,10.0,64.0,500.0,500.0,500.0,16.0,16.0,0.0,1.0,2.0,0.5373171,0.5373171,0.14015546,1.343431,1.0,0.0,outdoors,45.0,4.0,0.0,,,0.0,0.0,0.0,0.0,0.0,25.0,3913.0,GO,false,,true,false
3937.0,2022_18_LA_SEA,2022,REG,18,2023-01-08,SEA,LA,SEA,LA,home,5.0,1.0,10.0,47.0,472.0,472.0,472.0,16.0,16.0,0.0,1.0,2.0,0.67747253,0.67747253,0.16951078,1.1097375,1.0,1.0,outdoors,45.0,4.0,0.0,,,0.0,0.0,0.0,0.0,0.0,25.0,3937.0,GO,false,,true,false
3963.0,2022_18_LA_SEA,2022,REG,18,2023-01-08,SEA,LA,SEA,LA,home,5.0,1.0,10.0,27.0,446.0,446.0,446.0,16.0,16.0,0.0,1.0,2.0,0.8469833,0.8469833,-0.01240923,-0.3441729,1.0,0.0,outdoors,45.0,4.0,0.0,,,0.0,0.0,0.0,0.0,0.0,25.0,3963.0,GO,false,,true,false
3984.0,2022_18_LA_SEA,2022,REG,18,2023-01-08,SEA,LA,SEA,LA,home,5.0,2.0,8.0,25.0,406.0,406.0,406.0,16.0,16.0,0.0,1.0,2.0,0.8345741,0.8345741,0.052093945,0.9163,0.0,0.0,outdoors,45.0,4.0,0.0,,,0.0,0.0,0.0,0.0,0.0,25.0,3984.0,GO,false,,true,false
4005.0,2022_18_LA_SEA,2022,REG,18,2023-01-08,SEA,LA,SEA,LA,home,5.0,1.0,10.0,17.0,359.0,359.0,359.0,16.0,16.0,0.0,1.0,2.0,0.886668,0.886668,-0.013629436,-0.43098125,1.0,1.0,outdoors,45.0,4.0,0.0,,,0.0,0.0,0.0,0.0,0.0,25.0,4005.0,GO,false,,true,false
4026.0,2022_18_LA_SEA,2022,REG,18,2023-01-08,SEA,LA,SEA,LA,home,5.0,2.0,9.0,16.0,318.0,318.0,318.0,16.0,16.0,0.0,1.0,2.0,0.8730386,0.8730386,0.07983349,-1.3131491,0.0,0.0,outdoors,45.0,4.0,0.0,,,0.0,0.0,0.0,0.0,0.0,25.0,4026.0,GO,false,,true,false
4047.0,2022_18_LA_SEA,2022,REG,18,2023-01-08,SEA,LA,SEA,LA,home,5.0,3.0,7.0,14.0,278.0,278.0,278.0,16.0,16.0,0.0,1.0,1.0,0.9528721,0.9528721,0.047127903,0.21795572,0.0,0.0,outdoors,45.0,4.0,1.0,made,32.0,0.0,0.0,0.0,0.0,0.0,25.0,4047.0,FG,false,true,true,false
4073.0,2022_18_LA_SEA,2022,REG,18,2023-01-08,SEA,LA,SEA,LA,home,5.0,,0.0,,274.0,274.0,274.0,19.0,16.0,3.0,1.0,1.0,,,,,0.0,0.0,outdoors,45.0,4.0,,,,,,,0.0,0.0,25.0,4073.0,GO,,,true,false
4532.0,2023_04_WAS_PHI,2023,REG,4,2023-10-01,PHI,WAS,WAS,PHI,away,5.0,,0.0,35.0,600.0,600.0,600.0,31.0,31.0,0.0,2.0,2.0,0.39676055,0.39676055,-0.0,-0.0,0.0,0.0,outdoors,,,0.0,,65.0,0.0,0.0,0.0,0.0,0.0,19.0,4532.0,GO,false,,false,true
4548.0,2023_04_WAS_PHI,2023,REG,4,2023-10-01,PHI,WAS,WAS,PHI,away,5.0,1.0,10.0,75.0,600.0,600.0,600.0,31.0,31.0,0.0,2.0,2.0,0.39676055,0.39676055,-0.043812126,-0.5606713,0.0,0.0,outdoors,,,0.0,,,0.0,0.0,0.0,0.0,0.0,19.0,4548.0,GO,false,,false,true
4570.0,2023_04_WAS_PHI,2023,REG,4,2023-10-01,PHI,WAS,WAS,PHI,away,5.0,2.0,10.0,75.0,562.0,562.0,562.0,31.0,31.0,0.0,2.0,2.0,0.35294843,0.35294843,-0.02999307,-0.21740364,1.0,0.0,outdoors,,,0.0,,,0.0,0.0,0.0,0.0,0.0,19.0,4570.0,GO,false,,false,true
4595.0,2023_04_WAS_PHI,2023,REG,4,2023-10-01,PHI,WAS,WAS,PHI,away,5.0,3.0,5.0,70.0,522.0,522.0,522.0,31.0,31.0,0.0,2.0,2.0,0.32295534,0.32295534,-0.090858445,-1.1287193,1.0,0.0,outdoors,,,0.0,,,0.0,0.0,0.0,0.0,0.0,19.0,4595.0,GO,false,,false,true
4618.0,2023_04_WAS_PHI,2023,REG,4,2023-10-01,PHI,WAS,WAS,PHI,away,5.0,4.0,5.0,70.0,515.0,515.0,515.0,31.0,31.0,0.0,2.0,2.0,0.23209691,0.23209691,0.16612996,-1.0462575,0.0,0.0,outdoors,,,0.0,,29.0,1.0,0.0,0.0,0.0,0.0,19.0,4618.0,PUNT,false,,false,true
4666.0,2023_04_WAS_PHI,2023,REG,4,2023-10-01,PHI,WAS,PHI,WAS,home,5.0,1.0,10.0,59.0,506.0,506.0,506.0,31.0,31.0,0.0,2.0,2.0,0.60177314,0.60177314,0.021899361,0.42100173,1.0,0.0,outdoors,,,0.0,,,0.0,0.0,0.0,0.0,0.0,20.0,4666.0,GO,false,,true,false
4696.0,2023_04_WAS_PHI,2023,REG,4,2023-10-01,PHI,WAS,PHI,WAS,home,5.0,2.0,3.0,52.0,465.0,465.0,465.0,31.0,31.0,0.0,2.0,2.0,0.6236725,0.6236725,-0.06653938,-0.6763472,1.0,0.0,outdoors,,,0.0,,,0.0,0.0,0.0,0.0,0.0,20.0,4696.0,GO,false,,true,false
4719.0,2023_04_WAS_PHI,2023,REG,4,2023-10-01,PHI,WAS,PHI,WAS,home,5.0,3.0,3.0,52.0,459.0,459.0,459.0,31.0,31.0,0.0,2.0,2.0,0.55713314,0.55713314,-0.14233664,-1.1320466,1.0,0.0,outdoors,,,0.0,,,0.0,0.0,0.0,0.0,0.0,20.0,4719.0,GO,false,,true,false
4744.0,2023_04_WAS_PHI,2023,REG,4,2023-10-01,PHI,WAS,PHI,WAS,home,5.0,4.0,1.0,50.0,433.0,433.0,433.0,31.0,31.0,0.0,2.0,2.0,0.41479647,0.41479647,0.21448883,2.0098314,0.0,1.0,outdoors,,,0.0,,,0.0,1.0,0.0,0.0,0.0,20.0,4744.0,GO,true,,true,false
4766.0,2023_04_WAS_PHI,2023,REG,4,2023-10-01,PHI,WAS,PHI,WAS,home,5.0,1.0,10.0,48.0,379.0,379.0,379.0,31.0,31.0,0.0,2.0,2.0,0.62928534,0.62928534,-0.0810907,-0.80078894,1.0,1.0,outdoors,,,0.0,,,0.0,0.0,0.0,0.0,0.0,20.0,4766.0,GO,false,,true,false
4793.0,2023_04_WAS_PHI,2023,REG,4,2023-10-01,PHI,WAS,PHI,WAS,home,5.0,2.0,11.0,49.0,362.0,362.0,362.0,31.0,31.0,0.0,2.0,2.0,0.54819465,0.54819465,0.17725374,1.515801,1.0,0.0,outdoors,,,0.0,,,0.0,0.0,0.0,0.0,0.0,20.0,4793.0,GO,false,,true,false
4823.0,2023_04_WAS_PHI,2023,REG,4,2023-10-01,PHI,WAS,PHI,WAS,home,5.0,1.0,10.0,38.0,333.0,333.0,333.0,31.0,31.0,0.0,2.0,2.0,0.72544837,0.72544837,-0.017865181,-0.29659238,1.0,1.0,outdoors,,,0.0,,,0.0,0.0,0.0,0.0,0.0,20.0,4823.0,GO,false,,true,false
4845.0,2023_04_WAS_PHI,2023,REG,4,2023-10-01,PHI,WAS,PHI,WAS,home,5.0,2.0,6.0,34.0,290.0,290.0,290.0,31.0,31.0,0.0,2.0,2.0,0.7075832,0.7075832,-0.24256511,-1.8925484,1.0,0.0,outdoors,,,0.0,,,0.0,0.0,0.0,0.0,0.0,20.0,4845.0,GO,false,,true,false
4879.0,2023_04_WAS_PHI,2023,REG,4,2023-10-01,PHI,WAS,PHI,WAS,home,5.0,3.0,17.0,45.0,284.0,284.0,284.0,31.0,31.0,0.0,2.0,2.0,0.46501806,0.46501806,0.15905575,-0.23131493,1.0,0.0,outdoors,,,0.0,,,0.0,0.0,0.0,0.0,0.0,20.0,4879.0,GO,false,,true,false
4909.0,2023_04_WAS_PHI,2023,REG,4,2023-10-01,PHI,WAS,PHI,WAS,home,5.0,4.0,8.0,36.0,244.0,244.0,244.0,31.0,31.0,0.0,2.0,2.0,0.6240738,0.6240738,0.37592617,2.109981,0.0,0.0,outdoors,,,1.0,made,54.0,0.0,0.0,0.0,0.0,0.0,20.0,4909.0,FG,false,true,true,false
4929.0,2023_04_WAS_PHI,2023,REG,4,2023-10-01,PHI,WAS,PHI,WAS,home,5.0,,0.0,,238.0,238.0,238.0,34.0,31.0,3.0,2.0,2.0,,,,,0.0,0.0,outdoors,,,,,,,,,0.0,0.0,20.0,4929.0,GO,,,true,false
4712.0,2023_14_LA_BAL,2023,REG,14,2023-12-10,BAL,LA,BAL,LA,home,5.0,,0.0,35.0,600.0,600.0,600.0,31.0,31.0,0.0,2.0,2.0,0.5268756,0.5268756,0.0,0.0,0.0,0.0,outdoors,57.0,5.0,0.0,,65.0,0.0,0.0,0.0,0.0,0.0,25.0,4712.0,GO,false,,true,true
4728.0,2023_14_LA_BAL,2023,REG,14,2023-12-10,BAL,LA,BAL,LA,home,5.0,1.0,10.0,75.0,600.0,600.0,600.0,31.0,31.0,0.0,2.0,2.0,0.5268756,0.5268756,-0.03134584,-0.22393666,1.0,0.0,outdoors,57.0,5.0,0.0,,,0.0,0.0,0.0,0.0,0.0,25.0,4728.0,GO,false,,true,true
4750.0,2023_14_LA_BAL,2023,REG,14,2023-12-10,BAL,LA,BAL,LA,home,5.0,2.0,6.0,71.0,558.0,558.0,558.0,31.0,31.0,0.0,2.0,2.0,0.4955298,0.4955298,-0.06345922,-0.69190806,1.0,0.0,outdoors,57.0,5.0,0.0,,,0.0,0.0,0.0,0.0,0.0,25.0,4750.0,GO,false,,true,true
4773.0,2023_14_LA_BAL,2023,REG,14,2023-12-10,BAL,LA,BAL,LA,home,5.0,3.0,6.0,71.0,551.0,551.0,551.0,31.0,31.0,0.0,2.0,2.0,0.43207058,0.43207058,-0.107050985,-1.0462584,1.0,0.0,outdoors,57.0,5.0,0.0,,,0.0,0.0,0.0,0.0,0.0,25.0,4773.0,GO,false,,true,true
4807.0,2023_14_LA_BAL,2023,REG,14,2023-12-10,BAL,LA,BAL,LA,home,5.0,4.0,6.0,71.0,547.0,547.0,547.0,31.0,31.0,0.0,2.0,2.0,0.3250196,0.3250196,0.18837556,-0.12484272,0.0,0.0,outdoors,57.0,5.0,0.0,,51.0,1.0,0.0,0.0,0.0,0.0,25.0,4807.0,PUNT,false,,true,true
4837.0,2023_14_LA_BAL,2023,REG,14,2023-12-10,BAL,LA,LA,BAL,away,5.0,1.0,10.0,75.0,536.0,536.0,536.0,31.0,31.0,0.0,2.0,2.0,0.48660484,0.48660484,0.003773936,0.20128877,0.0,0.0,outdoors,57.0,5.0,0.0,,,0.0,0.0,0.0,0.0,0.0,26.0,4837.0,GO,false,,false,false
4859.0,2023_14_LA_BAL,2023,REG,14,2023-12-10,BAL,LA,LA,BAL,away,5.0,2.0,4.0,69.0,496.0,496.0,496.0,31.0,31.0,0.0,2.0,2.0,0.49037877,0.49037877,-0.066218086,-0.6490399,0.0,0.0,outdoors,57.0,5.0,0.0,,,0.0,0.0,0.0,0.0,0.0,26.0,4859.0,GO,false,,false,false
4882.0,2023_14_LA_BAL,2023,REG,14,2023-12-10,BAL,LA,LA,BAL,away,5.0,3.0,4.0,69.0,491.0,491.0,491.0,31.0,31.0,0.0,2.0,2.0,0.4241607,0.4241607,-0.048689276,-0.5639908,1.0,0.0,outdoors,57.0,5.0,0.0,,,0.0,0.0,0.0,0.0,0.0,26.0,4882.0,GO,false,,false,false
4906.0,2023_14_LA_BAL,2023,REG,14,2023-12-10,BAL,LA,LA,BAL,away,5.0,3.0,9.0,74.0,491.0,491.0,491.0,31.0,31.0,0.0,2.0,2.0,0.3754714,0.3754714,-0.111504585,-1.1023494,1.0,0.0,outdoors,57.0,5.0,0.0,,,0.0,0.0,0.0,0.0,0.0,26.0,4906.0,GO,false,,false,false
4929.0,2023_14_LA_BAL,2023,REG,14,2023-12-10,BAL,LA,LA,BAL,away,5.0,4.0,9.0,74.0,487.0,487.0,487.0,31.0,31.0,0.0,2.0,2.0,0.26396683,0.26396683,-0.26396683,-5.8182964,0.0,0.0,outdoors,57.0,5.0,0.0,,50.0,1.0,0.0,0.0,0.0,0.0,26.0,4929.0,PUNT,false,,false,false
4956.0,2023_14_LA_BAL,2023,REG,14,2023-12-10,BAL,LA,BAL,LA,home,5.0,,0.0,,462.0,462.0,462.0,37.0,31.0,6.0,2.0,2.0,,,,,0.0,0.0,outdoors,57.0,5.0,,,,,,,0.0,0.0,26.0,4956.0,GO,,,true,false
4691.0,2023_13_IND_TEN,2023,REG,13,2023-12-03,TEN,IND,TEN,IND,home,5.0,,0.0,35.0,600.0,600.0,600.0,25.0,25.0,0.0,2.0,2.0,0.5268756,0.5268756,0.0,0.0,0.0,0.0,outdoors,53.0,13.0,0.0,,58.0,0.0,0.0,0.0,0.0,0.0,27.0,4691.0,GO,false,,true,true
4707.0,2023_13_IND_TEN,2023,REG,13,2023-12-03,TEN,IND,TEN,IND,home,5.0,1.0,10.0,75.0,600.0,600.0,600.0,25.0,25.0,0.0,2.0,2.0,0.5268756,0.5268756,0.108301036,1.0974357,1.0,0.0,outdoors,53.0,13.0,0.0,,,0.0,0.0,0.0,0.0,0.0,27.0,4707.0,GO,false,,true,true
4734.0,2023_13_IND_TEN,2023,REG,13,2023-12-03,TEN,IND,TEN,IND,home,5.0,1.0,10.0,56.0,563.0,563.0,563.0,25.0,25.0,0.0,2.0,2.0,0.63517666,0.63517666,-0.05708856,-0.4805894,0.0,0.0,outdoors,53.0,13.0,0.0,,,0.0,0.0,0.0,0.0,0.0,27.0,4734.0,GO,false,,true,true
4754.0,2023_13_IND_TEN,2023,REG,13,2023-12-03,TEN,IND,TEN,IND,home,5.0,2.0,10.0,56.0,516.0,516.0,516.0,25.0,25.0,0.0,2.0,2.0,0.5780881,0.5780881,-0.106554165,-0.89535236,0.0,0.0,outdoors,53.0,13.0,0.0,,,0.0,0.0,0.0,0.0,0.0,27.0,4754.0,GO,false,,true,true
4791.0,2023_13_IND_TEN,2023,REG,13,2023-12-03,TEN,IND,TEN,IND,home,5.0,2.0,20.0,66.0,491.0,491.0,491.0,25.0,25.0,0.0,2.0,2.0,0.47153395,0.47153395,0.16666272,1.5359988,0.0,0.0,outdoors,53.0,13.0,0.0,,,0.0,0.0,0.0,0.0,0.0,27.0,4791.0,GO,false,,true,true
4825.0,2023_13_IND_TEN,2023,REG,13,2023-12-03,TEN,IND,TEN,IND,home,5.0,1.0,10.0,52.0,486.0,486.0,486.0,25.0,25.0,0.0,2.0,2.0,0.63819665,0.63819665,0.047504228,0.49947563,1.0,0.0,outdoors,53.0,13.0,0.0,,,0.0,0.0,0.0,0.0,0.0,27.0,4825.0,GO,false,,true,true
4859.0,2023_13_IND_TEN,2023,REG,13,2023-12-03,TEN,IND,TEN,IND,home,5.0,1.0,5.0,47.0,482.0,482.0,482.0,25.0,25.0,0.0,2.0,2.0,0.6857009,0.6857009,-0.03797778,-0.24553703,0.0,0.0,outdoors,53.0,13.0,0.0,,,0.0,0.0,0.0,0.0,0.0,27.0,4859.0,GO,false,,true,true
4881.0,2023_13_IND_TEN,2023,REG,13,2023-12-03,TEN,IND,TEN,IND,home,5.0,2.0,4.0,46.0,442.0,442.0,442.0,25.0,25.0,0.0,2.0,2.0,0.64772314,0.64772314,-0.04278876,-0.38974413,1.0,0.0,outdoors,53.0,13.0,0.0,,,0.0,0.0,0.0,0.0,0.0,27.0,4881.0,GO,false,,true,true
4903.0,2023_13_IND_TEN,2023,REG,13,2023-12-03,TEN,IND,TEN,IND,home,5.0,3.0,2.0,44.0,398.0,398.0,398.0,25.0,25.0,0.0,2.0,2.0,0.60493433,0.60493433,0.12652588,1.0131894,1.0,0.0,outdoors,53.0,13.0,0.0,,,0.0,0.0,0.0,0.0,0.0,27.0,4903.0,GO,false,,true,true
4928.0,2023_13_IND_TEN,2023,REG,13,2023-12-03,TEN,IND,TEN,IND,home,5.0,1.0,10.0,38.0,364.0,364.0,364.0,25.0,25.0,0.0,2.0,2.0,0.7314602,0.7314602,0.09588998,0.67754596,1.0,0.0,outdoors,53.0,13.0,0.0,,,0.0,0.0,0.0,0.0,0.0,27.0,4928.0,GO,false,,true,true
4953.0,2023_13_IND_TEN,2023,REG,13,2023-12-03,TEN,IND,TEN,IND,home,5.0,1.0,10.0,26.0,316.0,316.0,316.0,25.0,25.0,0.0,2.0,2.0,0.8273502,0.8273502,-0.019254308,-0.38584518,0.0,0.0,outdoors,53.0,13.0,0.0,,,0.0,0.0,0.0,0.0,0.0,27.0,4953.0,GO,false,,true,true
4976.0,2023_13_IND_TEN,2023,REG,13,2023-12-03,TEN,IND,TEN,IND,home,5.0,2.0,10.0,26.0,313.0,313.0,313.0,25.0,25.0,0.0,2.0,2.0,0.8080959,0.8080959,-0.04915911,-0.9491577,0.0,0.0,outdoors,53.0,13.0,0.0,,,0.0,0.0,0.0,0.0,0.0,27.0,4976.0,GO,false,,true,true
4998.0,2023_13_IND_TEN,2023,REG,13,2023-12-03,TEN,IND,TEN,IND,home,5.0,3.0,11.0,27.0,268.0,268.0,268.0,25.0,25.0,0.0,2.0,2.0,0.75893676,0.75893676,0.04553956,-0.6529511,1.0,0.0,outdoors,53.0,13.0,0.0,,,0.0,0.0,0.0,0.0,0.0,27.0,4998.0,GO,false,,true,true
5021.0,2023_13_IND_TEN,2023,REG,13,2023-12-03,TEN,IND,TEN,IND,home,5.0,4.0,11.0,27.0,264.0,264.0,264.0,25.0,25.0,0.0,2.0,2.0,0.8044764,0.8044764,-0.16398546,1.0209733,0.0,0.0,outdoors,53.0,13.0,1.0,made,46.0,0.0,0.0,0.0,0.0,0.0,27.0,5021.0,FG,false,true,true,true
5041.0,2023_13_IND_TEN,2023,REG,13,2023-12-03,TEN,IND,IND,TEN,away,5.0,,0.0,35.0,259.0,259.0,259.0,25.0,28.0,-3.0,2.0,2.0,0.3595091,0.3595091,-0.0,-0.0,0.0,0.0,outdoors,53.0,13.0,0.0,,65.0,0.0,0.0,0.0,0.0,0.0,28.0,5041.0,GO,false,,false,false
5057.0,2023_13_IND_TEN,2023,REG,13,2023-12-03,TEN,IND,IND,TEN,away,5.0,1.0,10.0,75.0,259.0,259.0,259.0,25.0,28.0,-3.0,2.0,2.0,0.3595091,0.3595091,0.043254107,0.5893721,1.0,0.0,outdoors,53.0,13.0,0.0,,,0.0,0.0,0.0,0.0,0.0,28.0,5057.0,GO,false,,false,false
5082.0,2023_13_IND_TEN,2023,REG,13,2023-12-03,TEN,IND,IND,TEN,away,5.0,2.0,1.0,66.0,227.0,227.0,227.0,25.0,28.0,-3.0,2.0,2.0,0.40276322,0.40276322,0.004483431,0.084125094,1.0,0.0,outdoors,53.0,13.0,0.0,,,0.0,0.0,0.0,0.0,0.0,28.0,5082.0,GO,false,,false,false
5104.0,2023_13_IND_TEN,2023,REG,13,2023-12-03,TEN,IND,IND,TEN,away,5.0,1.0,10.0,63.0,190.0,190.0,190.0,25.0,28.0,-3.0,2.0,2.0,0.40724665,0.40724665,0.033057578,0.19892807,1.0,0.0,outdoors,53.0,13.0,0.0,,,0.0,0.0,0.0,0.0,0.0,28.0,5104.0,GO,false,,false,false
5135.0,2023_13_IND_TEN,2023,REG,13,2023-12-03,TEN,IND,IND,TEN,away,5.0,1.0,10.0,59.0,185.0,185.0,185.0,25.0,28.0,-3.0,2.0,2.0,0.44030422,0.44030422,0.4700615,4.1342916,1.0,0.0,outdoors,53.0,13.0,0.0,,,0.0,0.0,0.0,0.0,0.0,28.0,5135.0,GO,false,,false,false
5160.0,2023_13_IND_TEN,2023,REG,13,2023-12-03,TEN,IND,IND,TEN,away,5.0,1.0,4.0,4.0,157.0,157.0,157.0,25.0,28.0,-3.0,2.0,2.0,0.9103657,0.9103657,-0.021032361,-0.44599232,1.0,0.0,outdoors,53.0,13.0,0.0,,,0.0,0.0,0.0,0.0,0.0,28.0,5160.0,GO,false,,false,false
5186.0,2023_13_IND_TEN,2023,REG,13,2023-12-03,TEN,IND,IND,TEN,away,5.0,2.0,4.0,4.0,154.0,154.0,154.0,25.0,28.0,-3.0,2.0,2.0,0.88933337,0.88933337,0.11066664,1.664646,1.0,0.0,outdoors,53.0,13.0,0.0,,,0.0,0.0,0.0,0.0,0.0,28.0,5186.0,GO,false,,false,false
5212.0,2023_13_IND_TEN,2023,REG,13,2023-12-03,TEN,IND,TEN,IND,home,5.0,,0.0,,151.0,151.0,151.0,28.0,31.0,-3.0,2.0,2.0,,,,,0.0,0.0,outdoors,53.0,13.0,,,,,,,0.0,0.0,29.0,5212.0,GO,,,true,false
4102.0,2023_15_HOU_TEN,2023,REG,15,2023-12-17,TEN,HOU,TEN,HOU,home,5.0,,0.0,35.0,600.0,600.0,600.0,16.0,16.0,0.0,2.0,2.0,0.5268756,0.5268756,0.0,0.0,0.0,0.0,outdoors,48.0,9.0,0.0,,65.0,0.0,0.0,0.0,0.0,0.0,21.0,4102.0,GO,false,,true,true
4118.0,2023_15_HOU_TEN,2023,REG,15,2023-12-17,TEN,HOU,TEN,HOU,home,5.0,1.0,10.0,75.0,600.0,600.0,600.0,16.0,16.0,0.0,2.0,2.0,0.5268756,0.5268756,-0.1080227,-1.0341603,1.0,0.0,outdoors,48.0,9.0,0.0,,,0.0,0.0,0.0,0.0,0.0,21.0,4118.0,GO,false,,true,true
4138.0,2023_15_HOU_TEN,2023,REG,15,2023-12-17,TEN,HOU,TEN,HOU,home,5.0,2.0,12.0,77.0,556.0,556.0,556.0,16.0,16.0,0.0,2.0,2.0,0.41885296,0.41885296,-0.024049832,-0.16767527,1.0,0.0,outdoors,48.0,9.0,0.0,,,0.0,0.0,0.0,0.0,0.0,21.0,4138.0,GO,false,,true,true
4160.0,2023_15_HOU_TEN,2023,REG,15,2023-12-17,TEN,HOU,TEN,HOU,home,5.0,3.0,10.0,75.0,512.0,512.0,512.0,16.0,16.0,0.0,2.0,2.0,0.3948031,0.3948031,0.24227771,2.464078,1.0,0.0,outdoors,48.0,9.0,0.0,,,0.0,0.0,0.0,0.0,0.0,21.0,4160.0,GO,false,,true,true
4185.0,2023_15_HOU_TEN,2023,REG,15,2023-12-17,TEN,HOU,TEN,HOU,home,5.0,1.0,10.0,52.0,480.0,480.0,480.0,16.0,16.0,0.0,2.0,2.0,0.63708085,0.63708085,-0.109047696,-0.89894676,0.0,0.0,outdoors,48.0,9.0,0.0,,,0.0,0.0,0.0,0.0,0.0,21.0,4185.0,GO,false,,true,true
4207.0,2023_15_HOU_TEN,2023,REG,15,2023-12-17,TEN,HOU,TEN,HOU,home,5.0,2.0,13.0,55.0,443.0,443.0,443.0,16.0,16.0,0.0,2.0,2.0,0.52803314,0.52803314,-0.14324106,-1.2517544,1.0,0.0,outdoors,48.0,9.0,0.0,,,0.0,0.0,0.0,0.0,0.0,21.0,4207.0,GO,false,,true,true
4227.0,2023_15_HOU_TEN,2023,REG,15,2023-12-17,TEN,HOU,TEN,HOU,home,5.0,3.0,20.0,62.0,400.0,400.0,400.0,16.0,16.0,0.0,2.0,2.0,0.38479206,0.38479206,-0.09068605,-0.81275904,1.0,0.0,outdoors,48.0,9.0,0.0,,,0.0,0.0,0.0,0.0,0.0,21.0,4227.0,GO,false,,true,true
4255.0,2023_15_HOU_TEN,2023,REG,15,2023-12-17,TEN,HOU,TEN,HOU,home,5.0,4.0,20.0,62.0,394.0,394.0,394.0,16.0,16.0,0.0,2.0,2.0,0.294106,0.294106,0.2791674,-0.39220452,0.0,0.0,outdoors,48.0,9.0,0.0,,35.0,1.0,0.0,0.0,0.0,0.0,21.0,4255.0,PUNT,false,,true,true
4274.0,2023_15_HOU_TEN,2023,REG,15,2023-12-17,TEN,HOU,HOU,TEN,away,5.0,1.0,10.0,73.0,387.0,387.0,387.0,16.0,16.0,0.0,2.0,2.0,0.42672658,0.42672658,-0.12541875,-1.229443,1.0,0.0,outdoors,48.0,9.0,0.0,,,0.0,0.0,0.0,0.0,0.0,22.0,4274.0,GO,false,,false,false
4294.0,2023_15_HOU_TEN,2023,REG,15,2023-12-17,TEN,HOU,HOU,TEN,away,5.0,2.0,18.0,81.0,348.0,348.0,348.0,16.0,16.0,0.0,2.0,2.0,0.30130786,0.30130786,-0.07634033,-0.82473624,1.0,0.0,outdoors,48.0,9.0,0.0,,,0.0,0.0,0.0,0.0,0.0,22.0,4294.0,GO,false,,false,false
4319.0,2023_15_HOU_TEN,2023,REG,15,2023-12-17,TEN,HOU,HOU,TEN,away,5.0,3.0,21.0,84.0,306.0,306.0,306.0,16.0,16.0,0.0,2.0,2.0,0.22496751,0.22496751,-0.10295819,-0.9017161,1.0,0.0,outdoors,48.0,9.0,0.0,,,0.0,0.0,0.0,0.0,0.0,22.0,4319.0,GO,false,,false,false
4339.0,2023_15_HOU_TEN,2023,REG,15,2023-12-17,TEN,HOU,HOU,TEN,away,5.0,4.0,31.0,94.0,264.0,264.0,264.0,16.0,16.0,0.0,2.0,2.0,0.12200932,0.12200932,0.43388534,0.59563345,0.0,0.0,outdoors,48.0,9.0,0.0,,47.0,1.0,0.0,0.0,0.0,0.0,22.0,4339.0,PUNT,false,,false,false
4377.0,2023_15_HOU_TEN,2023,REG,15,2023-12-17,TEN,HOU,TEN,HOU,home,5.0,1.0,10.0,63.0,255.0,255.0,255.0,16.0,16.0,0.0,2.0,2.0,0.44410536,0.44410536,0.03503089,0.4766664,0.0,0.0,outdoors,48.0,9.0,0.0,,,0.0,0.0,0.0,0.0,0.0,23.0,4377.0,GO,false,,true,false
4399.0,2023_15_HOU_TEN,2023,REG,15,2023-12-17,TEN,HOU,TEN,HOU,home,5.0,2.0,1.0,54.0,214.0,214.0,214.0,16.0,16.0,0.0,2.0,2.0,0.47913623,0.47913623,0.0007551457,0.10675657,1.0,0.0,outdoors,48.0,9.0,0.0,,,0.0,0.0,0.0,0.0,0.0,23.0,4399.0,GO,false,,true,false
4421.0,2023_15_HOU_TEN,2023,REG,15,2023-12-17,TEN,HOU,TEN,HOU,home,5.0,1.0,10.0,53.0,167.0,167.0,167.0,16.0,16.0,0.0,2.0,2.0,0.4798914,0.4798914,-0.047506224,-0.43006027,0.0,0.0,outdoors,48.0,9.0,0.0,,,0.0,0.0,0.0,0.0,0.0,23.0,4421.0,GO,false,,true,false
4444.0,2023_15_HOU_TEN,2023,REG,15,2023-12-17,TEN,HOU,TEN,HOU,home,5.0,2.0,10.0,53.0,162.0,162.0,162.0,16.0,16.0,0.0,2.0,2.0,0.43238515,0.43238515,-0.06863347,-0.36481768,1.0,0.0,outdoors,48.0,9.0,0.0,,,0.0,0.0,0.0,0.0,0.0,23.0,4444.0,GO,false,,true,false
4466.0,2023_15_HOU_TEN,2023,REG,15,2023-12-17,TEN,HOU,TEN,HOU,home,5.0,3.0,8.0,51.0,120.0,120.0,120.0,16.0,16.0,0.0,2.0,2.0,0.36375168,0.36375168,-0.2000069,-1.3166541,1.0,0.0,outdoors,48.0,9.0,0.0,,,0.0,0.0,0.0,0.0,0.0,23.0,4466.0,GO,false,,true,false
4493.0,2023_15_HOU_TEN,2023,REG,15,2023-12-17,TEN,HOU,TEN,HOU,home,5.0,4.0,15.0,58.0,109.0,109.0,109.0,16.0,16.0,0.0,1.0,2.0,0.16374479,0.16374479,0.6147693,-0.33393496,0.0,0.0,outdoors,48.0,9.0,0.0,,38.0,1.0,0.0,0.0,0.0,0.0,23.0,4493.0,PUNT,false,,true,false
4536.0,2023_15_HOU_TEN,2023,REG,15,2023-12-17,TEN,HOU,HOU,TEN,away,5.0,1.0,10.0,80.0,103.0,103.0,103.0,16.0,16.0,0.0,2.0,1.0,0.22148593,0.22148593,0.2883069,1.9575536,1.0,0.0,outdoors,48.0,9.0,0.0,,,0.0,0.0,0.0,0.0,0.0,24.0,4536.0,GO,false,,false,false
4566.0,2023_15_HOU_TEN,2023,REG,15,2023-12-17,TEN,HOU,HOU,TEN,away,5.0,1.0,10.0,39.0,93.0,93.0,93.0,16.0,16.0,0.0,2.0,1.0,0.5097928,0.5097928,0.09972264,0.21597953,1.0,0.0,outdoors,48.0,9.0,0.0,,,0.0,0.0,0.0,0.0,0.0,24.0,4566.0,GO,false,,false,false
4374.0,2023_04_LA_IND,2023,REG,4,2023-10-01,IND,LA,LA,IND,away,5.0,,0.0,35.0,600.0,600.0,600.0,23.0,23.0,0.0,2.0,2.0,0.56040126,0.56040126,-0.0,-0.0,0.0,0.0,open,,,0.0,,64.0,0.0,0.0,0.0,0.0,0.0,23.0,4374.0,GO,false,,false,true
4391.0,2023_04_LA_IND,2023,REG,4,2023-10-01,IND,LA,LA,IND,away,5.0,1.0,10.0,75.0,600.0,600.0,600.0,23.0,23.0,0.0,2.0,2.0,0.56040126,0.56040126,0.11292592,1.1854573,1.0,0.0,open,,,0.0,,,0.0,0.0,0.0,0.0,0.0,23.0,4391.0,GO,false,,false,true
4416.0,2023_04_LA_IND,2023,REG,4,2023-10-01,IND,LA,LA,IND,away,5.0,1.0,10.0,55.0,558.0,558.0,558.0,23.0,23.0,0.0,2.0,2.0,0.6733272,0.6733272,-0.02076508,-0.2293723,0.0,0.0,open,,,0.0,,,0.0,0.0,0.0,0.0,0.0,23.0,4416.0,GO,false,,false,true
4438.0,2023_04_LA_IND,2023,REG,4,2023-10-01,IND,LA,LA,IND,away,5.0,2.0,8.0,53.0,514.0,514.0,514.0,23.0,23.0,0.0,1.0,2.0,0.6525621,0.6525621,0.12536748,1.3256813,1.0,0.0,open,,,0.0,,,0.0,0.0,0.0,0.0,0.0,23.0,4438.0,GO,false,,false,true
4470.0,2023_04_LA_IND,2023,REG,4,2023-10-01,IND,LA,LA,IND,away,5.0,1.0,10.0,40.0,470.0,470.0,470.0,23.0,23.0,0.0,1.0,2.0,0.7779296,0.7779296,0.008399048,-0.029644221,1.0,0.0,open,,,0.0,,,0.0,0.0,0.0,0.0,0.0,23.0,4470.0,GO,false,,false,true
4495.0,2023_04_LA_IND,2023,REG,4,2023-10-01,IND,LA,LA,IND,away,5.0,2.0,5.0,35.0,428.0,428.0,428.0,23.0,23.0,0.0,1.0,2.0,0.7863286,0.7863286,0.07415428,0.67575514,0.0,0.0,open,,,0.0,,,0.0,0.0,0.0,0.0,0.0,23.0,4495.0,GO,false,,false,true
4520.0,2023_04_LA_IND,2023,REG,4,2023-10-01,IND,LA,LA,IND,away,5.0,1.0,10.0,28.0,399.0,399.0,399.0,23.0,23.0,0.0,1.0,2.0,0.86048293,0.86048293,0.028632978,0.27458668,1.0,0.0,open,,,0.0,,,0.0,0.0,0.0,0.0,0.0,23.0,4520.0,GO,false,,false,true
4542.0,2023_04_LA_IND,2023,REG,4,2023-10-01,IND,LA,LA,IND,away,5.0,2.0,4.0,22.0,360.0,360.0,360.0,23.0,23.0,0.0,1.0,2.0,0.88911587,0.88911587,-0.014862612,-0.58257824,0.0,0.0,open,,,0.0,,,0.0,0.0,0.0,0.0,0.0,23.0,4542.0,GO,false,,false,true
4565.0,2023_04_LA_IND,2023,REG,4,2023-10-01,IND,LA,LA,IND,away,5.0,3.0,4.0,22.0,355.0,355.0,355.0,23.0,23.0,0.0,1.0,2.0,0.8742533,0.8742533,0.12574673,3.1615784,1.0,0.0,open,,,0.0,,,0.0,0.0,0.0,0.0,0.0,23.0,4565.0,GO,false,,false,true
4591.0,2023_04_LA_IND,2023,REG,4,2023-10-01,IND,LA,IND,LA,home,5.0,,0.0,,349.0,349.0,349.0,23.0,29.0,-6.0,2.0,1.0,,,,,0.0,0.0,open,,,,,,,,,0.0,0.0,24.0,4591.0,GO,,,true,false
4521.0,2023_08_NYJ_NYG,2023,REG,8,2023-10-29,NYG,NYJ,NYG,NYJ,home,5.0,,0.0,35.0,600.0,600.0,600.0,10.0,10.0,0.0,2.0,2.0,0.5268756,0.5268756,0.0,0.0,0.0,0.0,outdoors,52.0,6.0,0.0,,65.0,0.0,0.0,0.0,0.0,0.0,33.0,4521.0,GO,false,,true,true
4537.0,2023_08_NYJ_NYG,2023,REG,8,2023-10-29,NYG,NYJ,NYG,NYJ,home,5.0,1.0,10.0,75.0,600.0,600.0,600.0,10.0,10.0,0.0,2.0,2.0,0.5268756,0.5268756,-0.110460706,-1.0287664,0.0,0.0,outdoors,52.0,6.0,0.0,,,0.0,0.0,0.0,0.0,0.0,33.0,4537.0,GO,false,,true,true
4578.0,2023_08_NYJ_NYG,2023,REG,8,2023-10-29,NYG,NYJ,NYG,NYJ,home,5.0,1.0,20.0,85.0,582.0,582.0,582.0,10.0,10.0,0.0,2.0,2.0,0.41641495,0.41641495,-0.058874916,-0.59762794,1.0,0.0,outdoors,52.0,6.0,0.0,,,0.0,0.0,0.0,0.0,0.0,33.0,4578.0,GO,false,,true,true
4603.0,2023_08_NYJ_NYG,2023,REG,8,2023-10-29,NYG,NYJ,NYG,NYJ,home,5.0,2.0,20.0,85.0,542.0,542.0,542.0,10.0,10.0,0.0,2.0,2.0,0.35754,0.35754,-0.07842716,-0.7876077,1.0,0.0,outdoors,52.0,6.0,0.0,,,0.0,0.0,0.0,0.0,0.0,33.0,4603.0,GO,false,,true,true
4633.0,2023_08_NYJ_NYG,2023,REG,8,2023-10-29,NYG,NYJ,NYG,NYJ,home,5.0,3.0,21.0,86.0,507.0,507.0,507.0,10.0,10.0,0.0,2.0,2.0,0.27911288,0.27911288,-0.067301884,-0.6367821,1.0,0.0,outdoors,52.0,6.0,0.0,,,0.0,0.0,0.0,0.0,0.0,33.0,4633.0,GO,false,,true,true
4656.0,2023_08_NYJ_NYG,2023,REG,8,2023-10-29,NYG,NYJ,NYG,NYJ,home,5.0,4.0,21.0,86.0,501.0,501.0,501.0,10.0,10.0,0.0,2.0,2.0,0.21181098,0.21181098,0.22540547,0.11432418,0.0,0.0,outdoors,52.0,6.0,0.0,,47.0,1.0,0.0,0.0,0.0,0.0,33.0,4656.0,PUNT,false,,true,true
4675.0,2023_08_NYJ_NYG,2023,REG,8,2023-10-29,NYG,NYJ,NYJ,NYG,away,5.0,1.0,10.0,61.0,491.0,491.0,491.0,10.0,10.0,0.0,2.0,2.0,0.56278354,0.56278354,-0.050461814,-0.34773803,0.0,0.0,outdoors,52.0,6.0,0.0,,,0.0,0.0,0.0,0.0,0.0,34.0,4675.0,GO,false,,false,false
4697.0,2023_08_NYJ_NYG,2023,REG,8,2023-10-29,NYG,NYJ,NYJ,NYG,away,5.0,2.0,10.0,61.0,451.0,451.0,451.0,10.0,10.0,0.0,2.0,2.0,0.51232177,0.51232177,-0.06658453,-0.6612153,1.0,0.0,outdoors,52.0,6.0,0.0,,,0.0,0.0,0.0,0.0,0.0,34.0,4697.0,GO,false,,false,false
4720.0,2023_08_NYJ_NYG,2023,REG,8,2023-10-29,NYG,NYJ,NYJ,NYG,away,5.0,3.0,10.0,61.0,446.0,446.0,446.0,10.0,10.0,0.0,2.0,2.0,0.4457372,0.4457372,0.1773244,1.7516048,1.0,0.0,outdoors,52.0,6.0,0.0,,,0.0,0.0,0.0,0.0,0.0,34.0,4720.0,GO,false,,false,false
4756.0,2023_08_NYJ_NYG,2023,REG,8,2023-10-29,NYG,NYJ,NYJ,NYG,away,5.0,1.0,10.0,50.0,427.0,427.0,427.0,10.0,10.0,0.0,2.0,2.0,0.6230616,0.6230616,0.011604539,0.12230676,0.0,0.0,outdoors,52.0,6.0,0.0,,,0.0,0.0,0.0,0.0,0.0,34.0,4756.0,GO,false,,false,false
4778.0,2023_08_NYJ_NYG,2023,REG,8,2023-10-29,NYG,NYJ,NYJ,NYG,away,5.0,2.0,5.0,45.0,383.0,383.0,383.0,10.0,10.0,0.0,2.0,2.0,0.63466614,0.63466614,-0.0709272,-0.6790471,1.0,0.0,outdoors,52.0,6.0,0.0,,,0.0,0.0,0.0,0.0,0.0,34.0,4778.0,GO,false,,false,false
4801.0,2023_08_NYJ_NYG,2023,REG,8,2023-10-29,NYG,NYJ,NYJ,NYG,away,5.0,3.0,5.0,45.0,377.0,377.0,377.0,10.0,10.0,0.0,2.0,2.0,0.56373894,0.56373894,0.38583216,0.7710453,1.0,0.0,outdoors,52.0,6.0,0.0,,,0.0,0.0,0.0,0.0,0.0,34.0,4801.0,GO,false,,false,false
4835.0,2023_08_NYJ_NYG,2023,REG,8,2023-10-29,NYG,NYJ,NYJ,NYG,away,5.0,1.0,10.0,15.0,372.0,372.0,372.0,10.0,10.0,0.0,1.0,1.0,0.9495711,0.9495711,0.050428905,0.26114157,0.0,0.0,outdoors,52.0,6.0,1.0,made,33.0,0.0,0.0,0.0,0.0,0.0,34.0,4835.0,FG,false,true,false,false
4869.0,2023_08_NYJ_NYG,2023,REG,8,2023-10-29,NYG,NYJ,NYG,NYJ,home,5.0,,0.0,,369.0,369.0,369.0,10.0,13.0,-3.0,1.0,1.0,,,,,0.0,0.0,outdoors,52.0,6.0,,,,,,,0.0,0.0,35.0,4869.0,GO,,,true,false
3790.0,2018_04_PHI_TEN,2018,REG,4,2018-09-30,TEN,PHI,PHI,TEN,away,5.0,,0.0,35.0,600.0,600.0,600.0,20.0,20.0,0.0,2.0,2.0,0.5034365,0.5034365,-0.0,-0.0012912285,0.0,0.0,outdoors,80.0,4.0,0.0,,65.0,0.0,0.0,0.0,0.0,0.0,23.0,3790.0,GO,false,,false,true
3805.0,2018_04_PHI_TEN,2018,REG,4,2018-09-30,TEN,PHI,PHI,TEN,away,5.0,1.0,10.0,75.0,599.0,599.0,599.0,20.0,20.0,0.0,2.0,2.0,0.5034365,0.5034365,0.007699021,0.22589353,1.0,0.0,outdoors,80.0,4.0,0.0,,,0.0,0.0,0.0,0.0,0.0,23.0,3805.0,GO,false,,false,true
3826.0,2018_04_PHI_TEN,2018,REG,4,2018-09-30,TEN,PHI,PHI,TEN,away,5.0,2.0,3.0,68.0,559.0,559.0,559.0,20.0,20.0,0.0,2.0,2.0,0.5111355,0.5111355,0.08049255,0.68422306,1.0,0.0,outdoors,80.0,4.0,0.0,,,0.0,0.0,0.0,0.0,0.0,23.0,3826.0,GO,false,,false,true
3858.0,2018_04_PHI_TEN,2018,REG,4,2018-09-30,TEN,PHI,PHI,TEN,away,5.0,1.0,10.0,59.0,535.0,535.0,535.0,20.0,20.0,0.0,2.0,2.0,0.5916281,0.5916281,0.09567278,0.8934498,1.0,0.0,outdoors,80.0,4.0,0.0,,,0.0,0.0,0.0,0.0,0.0,23.0,3858.0,GO,false,,false,true
3882.0,2018_04_PHI_TEN,2018,REG,4,2018-09-30,TEN,PHI,PHI,TEN,away,5.0,1.0,10.0,45.0,497.0,497.0,497.0,20.0,20.0,0.0,2.0,2.0,0.68730086,0.68730086,0.108876266,0.83951056,1.0,0.0,outdoors,80.0,4.0,0.0,,,0.0,0.0,0.0,0.0,0.0,23.0,3882.0,GO,false,,false,true
3903.0,2018_04_PHI_TEN,2018,REG,4,2018-09-30,TEN,PHI,PHI,TEN,away,5.0,1.0,10.0,32.0,459.0,459.0,459.0,20.0,20.0,0.0,2.0,2.0,0.79617715,0.79617715,0.10434578,1.0453832,1.0,0.0,outdoors,80.0,4.0,0.0,,,0.0,0.0,0.0,0.0,0.0,23.0,3903.0,GO,false,,false,true
3935.0,2018_04_PHI_TEN,2018,REG,4,2018-09-30,TEN,PHI,PHI,TEN,away,5.0,1.0,10.0,17.0,434.0,434.0,434.0,20.0,20.0,0.0,2.0,2.0,0.9005229,0.9005229,-0.04430608,-1.0433717,1.0,0.0,outdoors,80.0,4.0,0.0,,,0.0,0.0,0.0,0.0,0.0,23.0,3935.0,GO,false,,false,true
3956.0,2018_04_PHI_TEN,2018,REG,4,2018-09-30,TEN,PHI,PHI,TEN,away,5.0,2.0,12.0,19.0,393.0,393.0,393.0,20.0,20.0,0.0,2.0,2.0,0.85621685,0.85621685,-0.012204209,-0.6177641,1.0,0.0,outdoors,80.0,4.0,0.0,,,0.0,0.0,0.0,0.0,0.0,23.0,3956.0,GO,false,,false,true
3978.0,2018_04_PHI_TEN,2018,REG,4,2018-09-30,TEN,PHI,PHI,TEN,away,5.0,3.0,12.0,19.0,390.0,390.0,390.0,20.0,20.0,0.0,2.0,2.0,0.8440126,0.8440126,0.07517652,-0.43705994,1.0,0.0,outdoors,80.0,4.0,0.0,,,0.0,0.0,0.0,0.0,0.0,23.0,3978.0,GO,false,,false,true
4000.0,2018_04_PHI_TEN,2018,REG,4,2018-09-30,TEN,PHI,PHI,TEN,away,5.0,4.0,12.0,19.0,383.0,383.0,383.0,20.0,20.0,0.0,2.0,2.0,0.91918916,0.91918916,-0.35332948,0.43099824,0.0,0.0,outdoors,80.0,4.0,1.0,made,37.0,0.0,0.0,0.0,0.0,0.0,23.0,4000.0,FG,false,true,false,true
4019.0,2018_04_PHI_TEN,2018,REG,4,2018-09-30,TEN,PHI,TEN,PHI,home,5.0,,0.0,35.0,379.0,379.0,379.0,20.0,23.0,-3.0,2.0,2.0,0.43414035,0.43414035,0.0,0.0,0.0,0.0,outdoors,80.0,4.0,0.0,,65.0,0.0,0.0,0.0,0.0,0.0,24.0,4019.0,GO,false,,true,false
4034.0,2018_04_PHI_TEN,2018,REG,4,2018-09-30,TEN,PHI,TEN,PHI,home,5.0,1.0,10.0,75.0,379.0,379.0,379.0,20.0,23.0,-3.0,2.0,2.0,0.43414035,0.43414035,0.0107808,0.29308784,0.0,0.0,outdoors,80.0,4.0,0.0,,,0.0,0.0,0.0,0.0,0.0,24.0,4034.0,GO,false,,true,false
4055.0,2018_04_PHI_TEN,2018,REG,4,2018-09-30,TEN,PHI,TEN,PHI,home,5.0,2.0,3.0,68.0,347.0,347.0,347.0,20.0,23.0,-3.0,2.0,2.0,0.44492117,0.44492117,0.03502401,0.32453015,1.0,0.0,outdoors,80.0,4.0,0.0,,,0.0,0.0,0.0,0.0,0.0,24.0,4055.0,GO,false,,true,false
4079.0,2018_04_PHI_TEN,2018,REG,4,2018-09-30,TEN,PHI,TEN,PHI,home,5.0,1.0,10.0,64.0,311.0,311.0,311.0,20.0,23.0,-3.0,2.0,2.0,0.47994518,0.47994518,-0.044891145,-0.4254493,1.0,0.0,outdoors,80.0,4.0,0.0,,,0.0,0.0,0.0,0.0,0.0,24.0,4079.0,GO,false,,true,false
4101.0,2018_04_PHI_TEN,2018,REG,4,2018-09-30,TEN,PHI,TEN,PHI,home,5.0,2.0,10.0,64.0,304.0,304.0,304.0,20.0,23.0,-3.0,2.0,2.0,0.43505403,0.43505403,-0.07950023,-0.68893665,1.0,0.0,outdoors,80.0,4.0,0.0,,,0.0,0.0,0.0,0.0,0.0,24.0,4101.0,GO,false,,true,false
4123.0,2018_04_PHI_TEN,2018,REG,4,2018-09-30,TEN,PHI,TEN,PHI,home,5.0,3.0,10.0,64.0,298.0,298.0,298.0,20.0,23.0,-3.0,2.0,2.0,0.3555538,0.3555538,-0.11359086,-0.82762766,1.0,0.0,outdoors,80.0,4.0,0.0,,,0.0,0.0,0.0,0.0,0.0,24.0,4123.0,GO,false,,true,false
4157.0,2018_04_PHI_TEN,2018,REG,4,2018-09-30,TEN,PHI,TEN,PHI,home,5.0,4.0,10.0,64.0,291.0,291.0,291.0,20.0,23.0,-3.0,1.0,2.0,0.24196294,0.24196294,-0.022338735,-0.2583753,1.0,0.0,outdoors,80.0,4.0,0.0,,,0.0,0.0,0.0,0.0,0.0,24.0,4157.0,GO,false,,true,false
4186.0,2018_04_PHI_TEN,2018,REG,4,2018-09-30,TEN,PHI,TEN,PHI,home,5.0,4.0,15.0,69.0,291.0,291.0,291.0,20.0,23.0,-3.0,1.0,2.0,0.2196242,0.2196242,0.35832706,3.1756957,1.0,0.0,outdoors,80.0,4.0,0.0,,,0.0,1.0,0.0,0.0,0.0,24.0,4186.0,GO,true,,true,false
4210.0,2018_04_PHI_TEN,2018,REG,4,2018-09-30,TEN,PHI,TEN,PHI,home,5.0,1.0,10.0,50.0,285.0,285.0,285.0,20.0,23.0,-3.0,1.0,2.0,0.57795125,0.57795125,0.015154018,0.3274505,0.0,0.0,outdoors,80.0,4.0,0.0,,,0.0,0.0,0.0,0.0,0.0,24.0,4210.0,GO,false,,true,false
4231.0,2018_04_PHI_TEN,2018,REG,4,2018-09-30,TEN,PHI,TEN,PHI,home,5.0,2.0,2.0,42.0,235.0,235.0,235.0,20.0,23.0,-3.0,1.0,2.0,0.59310526,0.59310526,-0.108681425,-0.8068727,0.0,0.0,outdoors,80.0,4.0,0.0,,,0.0,0.0,0.0,0.0,0.0,24.0,4231.0,GO,false,,true,false
4255.0,2018_04_PHI_TEN,2018,REG,4,2018-09-30,TEN,PHI,TEN,PHI,home,5.0,3.0,4.0,44.0,189.0,189.0,189.0,20.0,23.0,-3.0,1.0,2.0,0.48442385,0.48442385,-0.1845545,-1.40082,1.0,0.0,outdoors,80.0,4.0,0.0,,,0.0,0.0,0.0,0.0,0.0,24.0,4255.0,GO,false,,true,false
4277.0,2018_04_PHI_TEN,2018,REG,4,2018-09-30,TEN,PHI,TEN,PHI,home,5.0,4.0,4.0,44.0,186.0,186.0,186.0,20.0,23.0,-3.0,1.0,2.0,0.29986936,0.29986936,0.2887809,2.258455,1.0,0.0,outdoors,80.0,4.0,0.0,,,0.0,0.0,0.0,0.0,0.0,24.0,4277.0,GO,false,,true,false
4310.0,2018_04_PHI_TEN,2018,REG,4,2018-09-30,TEN,PHI,TEN,PHI,home,5.0,1.0,10.0,40.0,182.0,182.0,182.0,20.0,23.0,-3.0,1.0,2.0,0.5886502,0.5886502,-0.115565464,-0.901129,0.0,0.0,outdoors,80.0,4.0,0.0,,,0.0,0.0,0.0,0.0,0.0,24.0,4310.0,GO,false,,true,false
4331.0,2018_04_PHI_TEN,2018,REG,4,2018-09-30,TEN,PHI,TEN,PHI,home,5.0,2.0,14.0,44.0,137.0,137.0,137.0,20.0,23.0,-3.0,1.0,2.0,0.47308478,0.47308478,-0.113113195,-0.6696525,1.0,0.0,outdoors,80.0,4.0,0.0,,,0.0,0.0,0.0,0.0,0.0,24.0,4331.0,GO,false,,true,false
4367.0,2018_04_PHI_TEN,2018,REG,4,2018-09-30,TEN,PHI,TEN,PHI,home,5.0,3.0,19.0,49.0,120.0,120.0,120.0,20.0,23.0,-3.0,1.0,2.0,0.35997158,0.35997158,0.10277946,0.56151193,1.0,0.0,outdoors,80.0,4.0,0.0,,,0.0,0.0,0.0,0.0,0.0,24.0,4367.0,GO,false,,true,false
4428.0,2018_04_PHI_TEN,2018,REG,4,2018-09-30,TEN,PHI,TEN,PHI,home,5.0,4.0,2.0,32.0,77.0,77.0,77.0,20.0,23.0,-3.0,0.0,1.0,0.46275106,0.46275106,0.29659563,2.0916638,1.0,0.0,outdoors,80.0,4.0,0.0,,,0.0,1.0,0.0,0.0,0.0,24.0,4428.0,GO,true,,true,false
4452.0,2018_04_PHI_TEN,2018,REG,4,2018-09-30,TEN,PHI,TEN,PHI,home,5.0,1.0,10.0,15.0,30.0,30.0,30.0,20.0,23.0,-3.0,0.0,1.0,0.75934666,0.75934666,0.01457223,0.09370511,0.0,0.0,outdoors,80.0,4.0,0.0,,,0.0,0.0,0.0,0.0,0.0,24.0,4452.0,GO,false,,true,false
4485.0,2018_04_PHI_TEN,2018,REG,4,2018-09-30,TEN,PHI,TEN,PHI,home,5.0,1.0,10.0,10.0,24.0,24.0,24.0,20.0,23.0,-3.0,0.0,1.0,0.7739189,0.7739189,-0.023749713,-0.49717814,1.0,0.0,outdoors,80.0,4.0,0.0,,,0.0,0.0,0.0,0.0,0.0,24.0,4485.0,GO,false,,true,false
4507.0,2018_04_PHI_TEN,2018,REG,4,2018-09-30,TEN,PHI,TEN,PHI,home,5.0,2.0,10.0,10.0,20.0,20.0,20.0,20.0,23.0,-3.0,0.0,1.0,0.7501692,0.7501692,-0.0017881758,-0.52484596,1.0,0.0,outdoors,80.0,4.0,0.0,,,0.0,0.0,0.0,0.0,0.0,24.0,4507.0,GO,false,,true,false
4529.0,2018_04_PHI_TEN,2018,REG,4,2018-09-30,TEN,PHI,TEN,PHI,home,5.0,3.0,10.0,10.0,17.0,17.0,17.0,20.0,23.0,-3.0,0.0,1.0,0.748381,0.748381,0.25161898,3.9821684,1.0,0.0,outdoors,80.0,4.0,0.0,,,0.0,0.0,0.0,0.0,0.0,24.0,4529.0,GO,false,,true,false
4549.0,2018_04_PHI_TEN,2018,REG,4,2018-09-30,TEN,PHI,TEN,PHI,home,5.0,,0.0,,5.0,5.0,5.0,26.0,23.0,3.0,0.0,1.0,,,,,0.0,0.0,outdoors,80.0,4.0,,,,,,,0.0,0.0,24.0,4549.0,GO,,,true,false
3678.0,2017_14_IND_BUF,2017,REG,14,2017-12-10,BUF,IND,BUF,IND,home,5.0,,0.0,35.0,600.0,600.0,600.0,7.0,7.0,0.0,2.0,2.0,0.5159738,0.5159738,0.0,-0.1336659,0.0,0.0,outdoors,32.0,15.0,0.0,,51.0,0.0,0.0,0.0,0.0,0.0,23.0,3678.0,GO,false,,true,true
3690.0,2017_14_IND_BUF,2017,REG,14,2017-12-10,BUF,IND,BUF,IND,home,5.0,1.0,10.0,76.0,593.0,593.0,593.0,7.0,7.0,0.0,2.0,2.0,0.5159738,0.5159738,-0.08231974,-0.7904436,0.0,0.0,outdoors,32.0,15.0,0.0,,,0.0,0.0,0.0,0.0,0.0,23.0,3690.0,GO,false,,true,true
3721.0,2017_14_IND_BUF,2017,REG,14,2017-12-10,BUF,IND,BUF,IND,home,5.0,2.0,11.0,77.0,558.0,558.0,558.0,7.0,7.0,0.0,2.0,2.0,0.43365404,0.43365404,-0.038790267,-0.3499628,0.0,0.0,outdoors,32.0,15.0,0.0,,,0.0,0.0,0.0,0.0,0.0,23.0,3721.0,GO,false,,true,true
3742.0,2017_14_IND_BUF,2017,REG,14,2017-12-10,BUF,IND,BUF,IND,home,5.0,3.0,10.0,76.0,519.0,519.0,519.0,7.0,7.0,0.0,2.0,2.0,0.39486378,0.39486378,0.18246207,1.9713562,1.0,0.0,outdoors,32.0,15.0,0.0,,,0.0,0.0,0.0,0.0,0.0,23.0,3742.0,GO,false,,true,true
3763.0,2017_14_IND_BUF,2017,REG,14,2017-12-10,BUF,IND,BUF,IND,home,5.0,1.0,10.0,64.0,482.0,482.0,482.0,7.0,7.0,0.0,2.0,2.0,0.5773259,0.5773259,-0.05311054,-0.45100895,0.0,0.0,outdoors,32.0,15.0,0.0,,,0.0,0.0,0.0,0.0,0.0,23.0,3763.0,GO,false,,true,true
3784.0,2017_14_IND_BUF,2017,REG,14,2017-12-10,BUF,IND,BUF,IND,home,5.0,2.0,9.0,63.0,443.0,443.0,443.0,7.0,7.0,0.0,2.0,2.0,0.52421534,0.52421534,-0.039408013,-0.3200575,1.0,0.0,outdoors,32.0,15.0,0.0,,,0.0,0.0,0.0,0.0,0.0,23.0,3784.0,GO,false,,true,true
3805.0,2017_14_IND_BUF,2017,REG,14,2017-12-10,BUF,IND,BUF,IND,home,5.0,3.0,5.0,59.0,410.0,410.0,410.0,7.0,7.0,0.0,2.0,2.0,0.48480728,0.48480728,0.15696758,1.5220956,0.0,0.0,outdoors,32.0,15.0,0.0,,,0.0,0.0,0.0,0.0,0.0,23.0,3805.0,GO,false,,true,true
3824.0,2017_14_IND_BUF,2017,REG,14,2017-12-10,BUF,IND,BUF,IND,home,5.0,1.0,10.0,50.0,391.0,391.0,391.0,7.0,7.0,0.0,2.0,2.0,0.6417749,0.6417749,-0.09501843,-0.8953096,0.0,0.0,outdoors,32.0,15.0,0.0,,,0.0,0.0,0.0,0.0,0.0,23.0,3824.0,GO,false,,true,true
3860.0,2017_14_IND_BUF,2017,REG,14,2017-12-10,BUF,IND,BUF,IND,home,5.0,2.0,12.0,52.0,349.0,349.0,349.0,7.0,7.0,0.0,2.0,2.0,0.54675645,0.54675645,0.045726568,0.45788854,0.0,0.0,outdoors,32.0,15.0,0.0,,,0.0,0.0,0.0,0.0,0.0,23.0,3860.0,GO,false,,true,true
3881.0,2017_14_IND_BUF,2017,REG,14,2017-12-10,BUF,IND,BUF,IND,home,5.0,3.0,4.0,44.0,303.0,303.0,303.0,7.0,7.0,0.0,2.0,2.0,0.59248304,0.59248304,-0.1456919,-0.68703145,1.0,0.0,outdoors,32.0,15.0,0.0,,,0.0,0.0,0.0,0.0,0.0,23.0,3881.0,GO,false,,true,true
3919.0,2017_14_IND_BUF,2017,REG,14,2017-12-10,BUF,IND,BUF,IND,home,5.0,4.0,1.0,41.0,253.0,253.0,253.0,7.0,7.0,0.0,1.0,2.0,0.4467911,0.4467911,0.26256827,-1.5941494,0.0,0.0,outdoors,32.0,15.0,0.0,,31.0,1.0,0.0,0.0,0.0,0.0,23.0,3919.0,PUNT,false,,true,true
3937.0,2017_14_IND_BUF,2017,REG,14,2017-12-10,BUF,IND,IND,BUF,away,5.0,1.0,10.0,90.0,247.0,247.0,247.0,7.0,7.0,0.0,2.0,1.0,0.29064062,0.29064062,-0.010429358,0.046660703,0.0,0.0,outdoors,32.0,15.0,0.0,,,0.0,0.0,0.0,0.0,0.0,24.0,3937.0,GO,false,,false,false
3958.0,2017_14_IND_BUF,2017,REG,14,2017-12-10,BUF,IND,IND,BUF,away,5.0,2.0,5.0,85.0,215.0,215.0,215.0,7.0,7.0,0.0,2.0,1.0,0.28021127,0.28021127,0.052175038,0.71654713,0.0,0.0,outdoors,32.0,15.0,0.0,,,0.0,0.0,0.0,0.0,0.0,24.0,3958.0,GO,false,,false,false
3979.0,2017_14_IND_BUF,2017,REG,14,2017-12-10,BUF,IND,IND,BUF,away,5.0,1.0,10.0,75.0,180.0,180.0,180.0,7.0,7.0,0.0,2.0,1.0,0.33238629,0.33238629,-0.060486432,-0.4490231,1.0,0.0,outdoors,32.0,15.0,0.0,,,0.0,0.0,0.0,0.0,0.0,24.0,3979.0,GO,false,,false,false
4005.0,2017_14_IND_BUF,2017,REG,14,2017-12-10,BUF,IND,IND,BUF,away,5.0,2.0,10.0,75.0,175.0,175.0,175.0,7.0,7.0,0.0,2.0,1.0,0.27189985,0.27189985,-0.044937763,-0.50685704,1.0,0.0,outdoors,32.0,15.0,0.0,,,0.0,0.0,0.0,0.0,0.0,24.0,4005.0,GO,false,,false,false
4031.0,2017_14_IND_BUF,2017,REG,14,2017-12-10,BUF,IND,IND,BUF,away,5.0,3.0,10.0,75.0,170.0,170.0,170.0,7.0,7.0,0.0,2.0,1.0,0.2269621,0.2269621,-0.11428627,-0.8626912,1.0,0.0,outdoors,32.0,15.0,0.0,,,0.0,0.0,0.0,0.0,0.0,24.0,4031.0,GO,false,,false,false
4076.0,2017_14_IND_BUF,2017,REG,14,2017-12-10,BUF,IND,IND,BUF,away,5.0,4.0,4.0,69.0,155.0,155.0,155.0,7.0,7.0,0.0,2.0,0.0,0.11267582,0.11267582,0.5561747,-0.6222647,0.0,0.0,outdoors,32.0,15.0,0.0,,34.0,1.0,0.0,0.0,0.0,0.0,24.0,4076.0,PUNT,false,,false,false
4095.0,2017_14_IND_BUF,2017,REG,14,2017-12-10,BUF,IND,BUF,IND,home,5.0,1.0,10.0,65.0,145.0,145.0,145.0,7.0,7.0,0.0,0.0,2.0,0.33114952,0.33114952,-0.029657628,-0.32256716,1.0,0.0,outdoors,32.0,15.0,0.0,,,0.0,0.0,0.0,0.0,0.0,25.0,4095.0,GO,false,,true,false
4128.0,2017_14_IND_BUF,2017,REG,14,2017-12-10,BUF,IND,BUF,IND,home,5.0,2.0,9.0,64.0,141.0,141.0,141.0,7.0,7.0,0.0,0.0,2.0,0.3014919,0.3014919,-0.040476188,-0.2648697,1.0,0.0,outdoors,32.0,15.0,0.0,,,0.0,0.0,0.0,0.0,0.0,25.0,4128.0,GO,false,,true,false
4166.0,2017_14_IND_BUF,2017,REG,14,2017-12-10,BUF,IND,BUF,IND,home,5.0,3.0,6.0,61.0,120.0,120.0,120.0,7.0,7.0,0.0,0.0,2.0,0.26101568,0.26101568,0.38317415,2.4137814,1.0,0.0,outdoors,32.0,15.0,0.0,,,0.0,0.0,0.0,0.0,0.0,25.0,4166.0,GO,false,,true,false
4205.0,2017_14_IND_BUF,2017,REG,14,2017-12-10,BUF,IND,BUF,IND,home,5.0,1.0,10.0,27.0,111.0,111.0,111.0,7.0,7.0,0.0,0.0,2.0,0.64418983,0.64418983,0.10224821,0.86199325,0.0,0.0,outdoors,32.0,15.0,0.0,,,0.0,0.0,0.0,0.0,0.0,25.0,4205.0,GO,false,,true,false
4226.0,2017_14_IND_BUF,2017,REG,14,2017-12-10,BUF,IND,BUF,IND,home,5.0,2.0,1.0,18.0,106.0,106.0,106.0,7.0,7.0,0.0,0.0,1.0,0.746438,0.746438,-0.14962956,-1.7620215,0.0,0.0,outdoors,32.0,15.0,0.0,,,0.0,0.0,0.0,0.0,0.0,25.0,4226.0,GO,false,,true,false
4264.0,2017_14_IND_BUF,2017,REG,14,2017-12-10,BUF,IND,BUF,IND,home,5.0,3.0,4.0,21.0,99.0,99.0,99.0,7.0,7.0,0.0,0.0,0.0,0.5968085,0.5968085,0.40319154,4.47395,0.0,0.0,outdoors,32.0,15.0,0.0,,,0.0,0.0,0.0,0.0,0.0,25.0,4264.0,GO,false,,true,false
4286.0,2017_14_IND_BUF,2017,REG,14,2017-12-10,BUF,IND,BUF,IND,home,5.0,,0.0,,,,,13.0,7.0,6.0,0.0,0.0,,,,,0.0,0.0,outdoors,32.0,15.0,,,,,,,0.0,0.0,25.0,4286.0,GO,,,true,false
4299.0,2017_14_IND_BUF,2017,REG,14,2017-12-10,BUF,IND,BUF,IND,home,5.0,,0.0,,93.0,93.0,93.0,13.0,7.0,6.0,0.0,0.0,,,,,0.0,0.0,outdoors,32.0,15.0,,,,,,,0.0,0.0,25.0,4299.0,GO,,,true,false
4717.0,2018_04_HOU_IND,2018,REG,4,2018-09-30,IND,HOU,IND,HOU,home,5.0,,0.0,35.0,600.0,600.0,600.0,31.0,31.0,0.0,2.0,2.0,0.5857473,0.5857473,0.0,0.0,0.0,0.0,closed,,,0.0,,65.0,0.0,0.0,0.0,0.0,0.0,26.0,4717.0,GO,false,,true,true
4741.0,2018_04_HOU_IND,2018,REG,4,2018-09-30,IND,HOU,IND,HOU,home,5.0,1.0,10.0,75.0,600.0,600.0,600.0,31.0,31.0,0.0,2.0,2.0,0.5857473,0.5857473,-0.058747217,-0.5690116,1.0,0.0,closed,,,0.0,,,0.0,0.0,0.0,0.0,0.0,26.0,4741.0,GO,false,,true,true
4762.0,2018_04_HOU_IND,2018,REG,4,2018-09-30,IND,HOU,IND,HOU,home,5.0,2.0,8.0,73.0,566.0,566.0,566.0,31.0,31.0,0.0,2.0,2.0,0.52700007,0.52700007,0.05339092,0.6818231,1.0,0.0,closed,,,0.0,,,0.0,0.0,0.0,0.0,0.0,26.0,4762.0,GO,false,,true,true
4786.0,2018_04_HOU_IND,2018,REG,4,2018-09-30,IND,HOU,IND,HOU,home,5.0,3.0,1.0,66.0,544.0,544.0,544.0,31.0,31.0,0.0,2.0,2.0,0.580391,0.580391,0.08010666,0.69770277,1.0,1.0,closed,,,0.0,,,0.0,0.0,0.0,0.0,0.0,26.0,4786.0,GO,false,,true,true
4826.0,2018_04_HOU_IND,2018,REG,4,2018-09-30,IND,HOU,IND,HOU,home,5.0,1.0,10.0,59.0,525.0,525.0,525.0,31.0,31.0,0.0,2.0,2.0,0.66049767,0.66049767,-0.03657238,-0.37252307,1.0,0.0,closed,,,0.0,,,0.0,0.0,0.0,0.0,0.0,26.0,4826.0,GO,false,,true,true
4850.0,2018_04_HOU_IND,2018,REG,4,2018-09-30,IND,HOU,IND,HOU,home,5.0,2.0,8.0,57.0,504.0,504.0,504.0,31.0,31.0,0.0,2.0,2.0,0.6239253,0.6239253,-0.027722988,-0.11037005,1.0,1.0,closed,,,0.0,,,0.0,0.0,0.0,0.0,0.0,26.0,4850.0,GO,false,,true,true
4871.0,2018_04_HOU_IND,2018,REG,4,2018-09-30,IND,HOU,IND,HOU,home,5.0,3.0,4.0,53.0,471.0,471.0,471.0,31.0,31.0,0.0,2.0,2.0,0.5962023,0.5962023,0.11988848,1.2459574,1.0,1.0,closed,,,0.0,,,0.0,0.0,0.0,0.0,0.0,26.0,4871.0,GO,false,,true,true
4895.0,2018_04_HOU_IND,2018,REG,4,2018-09-30,IND,HOU,IND,HOU,home,5.0,1.0,10.0,46.0,440.0,440.0,440.0,31.0,31.0,0.0,2.0,2.0,0.7160908,0.7160908,-0.04497353,-0.4357212,1.0,1.0,closed,,,0.0,,,0.0,0.0,0.0,0.0,0.0,26.0,4895.0,GO,false,,true,true
4917.0,2018_04_HOU_IND,2018,REG,4,2018-09-30,IND,HOU,IND,HOU,home,5.0,2.0,10.0,46.0,433.0,433.0,433.0,31.0,31.0,0.0,2.0,2.0,0.67111725,0.67111725,-0.08216291,-0.777801,1.0,0.0,closed,,,0.0,,,0.0,0.0,0.0,0.0,0.0,26.0,4917.0,GO,false,,true,true
4939.0,2018_04_HOU_IND,2018,REG,4,2018-09-30,IND,HOU,IND,HOU,home,5.0,3.0,10.0,46.0,428.0,428.0,428.0,31.0,31.0,0.0,2.0,2.0,0.5889543,0.5889543,0.21688667,1.8293363,1.0,1.0,closed,,,0.0,,,0.0,0.0,0.0,0.0,0.0,26.0,4939.0,GO,false,,true,true
4980.0,2018_04_HOU_IND,2018,REG,4,2018-09-30,IND,HOU,IND,HOU,home,5.0,1.0,10.0,33.0,400.0,400.0,400.0,31.0,31.0,0.0,2.0,1.0,0.805841,0.805841,-0.024098692,-0.35356396,1.0,0.0,closed,,,0.0,,,0.0,0.0,0.0,0.0,0.0,26.0,4980.0,GO,false,,true,true
5002.0,2018_04_HOU_IND,2018,REG,4,2018-09-30,IND,HOU,IND,HOU,home,5.0,2.0,10.0,33.0,397.0,397.0,397.0,31.0,31.0,0.0,2.0,1.0,0.78174233,0.78174233,0.051695343,0.33520493,1.0,0.0,closed,,,0.0,,,0.0,0.0,0.0,0.0,0.0,26.0,5002.0,GO,false,,true,true
5026.0,2018_04_HOU_IND,2018,REG,4,2018-09-30,IND,HOU,IND,HOU,home,5.0,3.0,2.0,25.0,369.0,369.0,369.0,31.0,31.0,0.0,2.0,1.0,0.8334377,0.8334377,0.031621262,-1.410686,1.0,1.0,closed,,,0.0,,,0.0,0.0,0.0,0.0,0.0,26.0,5026.0,GO,false,,true,true
5048.0,2018_04_HOU_IND,2018,REG,4,2018-09-30,IND,HOU,IND,HOU,home,5.0,4.0,2.0,25.0,364.0,364.0,364.0,31.0,31.0,0.0,2.0,1.0,0.86505896,0.86505896,-0.38358542,0.78350085,0.0,0.0,closed,,,1.0,made,44.0,0.0,0.0,0.0,0.0,0.0,26.0,5048.0,FG,false,true,true,true
5067.0,2018_04_HOU_IND,2018,REG,4,2018-09-30,IND,HOU,HOU,IND,away,5.0,,0.0,35.0,360.0,360.0,360.0,31.0,34.0,-3.0,1.0,2.0,0.5185265,0.5185265,-0.0,0.4146058,0.0,0.0,closed,,,0.0,,65.0,0.0,0.0,0.0,0.0,0.0,27.0,5067.0,GO,false,,false,false
5091.0,2018_04_HOU_IND,2018,REG,4,2018-09-30,IND,HOU,HOU,IND,away,5.0,1.0,10.0,70.0,360.0,360.0,360.0,31.0,34.0,-3.0,1.0,2.0,0.5185265,0.5185265,-0.060510073,-0.54038745,1.0,0.0,closed,,,0.0,,,0.0,0.0,0.0,0.0,0.0,27.0,5091.0,GO,false,,false,false
5132.0,2018_04_HOU_IND,2018,REG,4,2018-09-30,IND,HOU,HOU,IND,away,5.0,2.0,9.0,69.0,328.0,328.0,328.0,31.0,34.0,-3.0,1.0,2.0,0.45801643,0.45801643,0.17973451,1.7234454,1.0,0.0,closed,,,0.0,,,0.0,0.0,0.0,0.0,0.0,27.0,5132.0,GO,false,,false,false
5156.0,2018_04_HOU_IND,2018,REG,4,2018-09-30,IND,HOU,HOU,IND,away,5.0,1.0,10.0,50.0,295.0,295.0,295.0,31.0,34.0,-3.0,1.0,2.0,0.6377509,0.6377509,-0.061897628,-0.51753813,1.0,0.0,closed,,,0.0,,,0.0,0.0,0.0,0.0,0.0,27.0,5156.0,GO,false,,false,false
5177.0,2018_04_HOU_IND,2018,REG,4,2018-09-30,IND,HOU,HOU,IND,away,5.0,2.0,8.0,48.0,255.0,255.0,255.0,31.0,34.0,-3.0,1.0,2.0,0.5758533,0.5758533,0.12032402,1.0580614,1.0,0.0,closed,,,0.0,,,0.0,0.0,0.0,0.0,0.0,27.0,5177.0,GO,false,,false,false
5204.0,2018_04_HOU_IND,2018,REG,4,2018-09-30,IND,HOU,HOU,IND,away,5.0,1.0,10.0,37.0,222.0,222.0,222.0,31.0,34.0,-3.0,1.0,2.0,0.6961773,0.6961773,-0.0497182,-0.48907658,0.0,0.0,closed,,,0.0,,,0.0,0.0,0.0,0.0,0.0,27.0,5204.0,GO,false,,false,false
5225.0,2018_04_HOU_IND,2018,REG,4,2018-09-30,IND,HOU,HOU,IND,away,5.0,2.0,9.0,36.0,182.0,182.0,182.0,31.0,34.0,-3.0,1.0,2.0,0.6464591,0.6464591,-0.06704075,-0.5544245,1.0,0.0,closed,,,0.0,,,0.0,0.0,0.0,0.0,0.0,27.0,5225.0,GO,false,,false,false
5247.0,2018_04_HOU_IND,2018,REG,4,2018-09-30,IND,HOU,HOU,IND,away,5.0,3.0,9.0,36.0,174.0,174.0,174.0,31.0,34.0,-3.0,1.0,2.0,0.57941836,0.57941836,0.24174312,1.958217,1.0,0.0,closed,,,0.0,,,0.0,0.0,0.0,0.0,0.0,27.0,5247.0,GO,false,,false,false
5276.0,2018_04_HOU_IND,2018,REG,4,2018-09-30,IND,HOU,HOU,IND,away,5.0,1.0,10.0,23.0,167.0,167.0,167.0,31.0,34.0,-3.0,1.0,2.0,0.8211615,0.8211615,0.062295627,0.7347305,1.0,0.0,closed,,,0.0,,,0.0,0.0,0.0,0.0,0.0,27.0,5276.0,GO,false,,false,false
5305.0,2018_04_HOU_IND,2018,REG,4,2018-09-30,IND,HOU,HOU,IND,away,5.0,1.0,10.0,11.0,159.0,159.0,159.0,31.0,34.0,-3.0,1.0,2.0,0.8834571,0.8834571,-0.020286754,-0.72739077,1.0,0.0,closed,,,0.0,,,0.0,0.0,0.0,0.0,0.0,27.0,5305.0,GO,false,,false,false
5326.0,2018_04_HOU_IND,2018,REG,4,2018-09-30,IND,HOU,HOU,IND,away,5.0,2.0,11.0,12.0,124.0,124.0,124.0,31.0,34.0,-3.0,1.0,2.0,0.8631704,0.8631704,-0.023417968,-0.44056487,1.0,0.0,closed,,,0.0,,,0.0,0.0,0.0,0.0,0.0,27.0,5326.0,GO,false,,false,false
5367.0,2018_04_HOU_IND,2018,REG,4,2018-09-30,IND,HOU,HOU,IND,away,5.0,3.0,10.0,11.0,118.0,118.0,118.0,31.0,34.0,-3.0,1.0,2.0,0.8397524,0.8397524,0.12477818,-1.0215101,1.0,0.0,closed,,,0.0,,,0.0,0.0,0.0,0.0,0.0,27.0,5367.0,GO,false,,false,false
5389.0,2018_04_HOU_IND,2018,REG,4,2018-09-30,IND,HOU,HOU,IND,away,5.0,4.0,10.0,11.0,114.0,114.0,114.0,31.0,34.0,-3.0,1.0,2.0,0.9645306,0.9645306,-0.28450167,0.1559226,0.0,0.0,closed,,,1.0,made,29.0,0.0,0.0,0.0,0.0,0.0,27.0,5389.0,FG,false,true,false,false
5408.0,2018_04_HOU_IND,2018,REG,4,2018-09-30,IND,HOU,IND,HOU,home,5.0,,0.0,35.0,110.0,110.0,110.0,34.0,34.0,0.0,2.0,1.0,0.3199711,0.3199711,0.0,0.0,0.0,0.0,closed,,,0.0,,65.0,0.0,0.0,0.0,0.0,0.0,28.0,5408.0,GO,false,,true,false
5432.0,2018_04_HOU_IND,2018,REG,4,2018-09-30,IND,HOU,IND,HOU,home,5.0,1.0,10.0,75.0,110.0,110.0,110.0,34.0,34.0,0.0,2.0,1.0,0.3199711,0.3199711,0.06612429,0.4325338,1.0,0.0,closed,,,0.0,,,0.0,0.0,0.0,0.0,0.0,28.0,5432.0,GO,false,,true,false
5464.0,2018_04_HOU_IND,2018,REG,4,2018-09-30,IND,HOU,IND,HOU,home,5.0,1.0,10.0,63.0,84.0,84.0,84.0,34.0,34.0,0.0,2.0,1.0,0.3860954,0.3860954,0.04301789,0.45452738,1.0,0.0,closed,,,0.0,,,0.0,0.0,0.0,0.0,0.0,28.0,5464.0,GO,false,,true,false
5493.0,2018_04_HOU_IND,2018,REG,4,2018-09-30,IND,HOU,IND,HOU,home,5.0,2.0,1.0,54.0,79.0,79.0,79.0,34.0,34.0,0.0,2.0,1.0,0.4291133,0.4291133,-0.12586704,-0.90177417,1.0,1.0,closed,,,0.0,,,0.0,0.0,0.0,0.0,0.0,28.0,5493.0,GO,false,,true,false
5525.0,2018_04_HOU_IND,2018,REG,4,2018-09-30,IND,HOU,IND,HOU,home,5.0,2.0,11.0,64.0,75.0,75.0,75.0,34.0,34.0,0.0,2.0,1.0,0.30324623,0.30324623,-0.16307274,-0.68591887,1.0,0.0,closed,,,0.0,,,0.0,0.0,0.0,0.0,0.0,28.0,5525.0,GO,false,,true,false
5544.0,2018_04_HOU_IND,2018,REG,4,2018-09-30,IND,HOU,IND,HOU,home,5.0,3.0,21.0,74.0,36.0,36.0,36.0,34.0,34.0,0.0,2.0,1.0,0.1401735,0.1401735,-0.08478753,-0.09927113,1.0,0.0,closed,,,0.0,,,0.0,0.0,0.0,0.0,0.0,28.0,5544.0,GO,false,,true,false
5602.0,2018_04_HOU_IND,2018,REG,4,2018-09-30,IND,HOU,IND,HOU,home,5.0,4.0,4.0,57.0,27.0,27.0,27.0,34.0,34.0,0.0,1.0,0.0,0.055385966,0.055385966,0.5366997,-1.596127,1.0,0.0,closed,,,0.0,,,0.0,0.0,1.0,0.0,0.0,28.0,5602.0,GO,false,,true,false
5637.0,2018_04_HOU_IND,2018,REG,4,2018-09-30,IND,HOU,HOU,IND,away,5.0,1.0,10.0,43.0,24.0,24.0,24.0,34.0,34.0,0.0,0.0,1.0,0.4079143,0.4079143,0.32314217,0.75549173,1.0,0.0,closed,,,0.0,,,0.0,0.0,0.0,0.0,0.0,29.0,5637.0,GO,false,,false,false
5661.0,2018_04_HOU_IND,2018,REG,4,2018-09-30,IND,HOU,HOU,IND,away,5.0,1.0,10.0,19.0,4.0,4.0,4.0,34.0,34.0,0.0,0.0,1.0,0.73105645,0.73105645,0.16432033,0.38530028,0.0,1.0,closed,,,0.0,,,0.0,0.0,0.0,1.0,0.0,29.0,5661.0,GO,false,,false,false
5706.0,2018_04_HOU_IND,2018,REG,4,2018-09-30,IND,HOU,HOU,IND,away,5.0,2.0,10.0,19.0,3.0,3.0,3.0,34.0,34.0,0.0,0.0,0.0,0.8953768,0.8953768,0.104623206,0.31386963,0.0,0.0,closed,,,1.0,made,37.0,0.0,0.0,0.0,0.0,0.0,29.0,5706.0,FG,false,true,false,false
5725.0,2018_04_HOU_IND,2018,REG,4,2018-09-30,IND,HOU,IND,HOU,home,5.0,,0.0,,0.0,0.0,0.0,34.0,37.0,-3.0,0.0,0.0,,,,,0.0,0.0,closed,,,,,,,,,0.0,0.0,30.0,5725.0,GO,,,true,false
3767.0,2017_13_TB_GB,2017,REG,13,2017-12-03,GB,TB,GB,TB,home,5.0,,0.0,35.0,600.0,600.0,600.0,20.0,20.0,0.0,2.0,2.0,0.5375208,0.5375208,0.0,0.09571829,0.0,0.0,outdoors,42.0,8.0,0.0,,64.0,0.0,0.0,0.0,0.0,0.0,21.0,3767.0,GO,false,,true,true
3789.0,2017_13_TB_GB,2017,REG,13,2017-12-03,GB,TB,GB,TB,home,5.0,1.0,10.0,72.0,593.0,593.0,593.0,20.0,20.0,0.0,2.0,2.0,0.5375208,0.5375208,-0.042437047,-0.3932774,1.0,0.0,outdoors,42.0,8.0,0.0,,,0.0,0.0,0.0,0.0,0.0,21.0,3789.0,GO,false,,true,true
3810.0,2017_13_TB_GB,2017,REG,13,2017-12-03,GB,TB,GB,TB,home,5.0,2.0,8.0,70.0,560.0,560.0,560.0,20.0,20.0,0.0,2.0,2.0,0.49508375,0.49508375,-0.019953243,-0.15043934,0.0,0.0,outdoors,42.0,8.0,0.0,,,0.0,0.0,0.0,0.0,0.0,21.0,3810.0,GO,false,,true,true
3831.0,2017_13_TB_GB,2017,REG,13,2017-12-03,GB,TB,GB,TB,home,5.0,3.0,4.0,66.0,518.0,518.0,518.0,20.0,20.0,0.0,2.0,2.0,0.47513053,0.47513053,0.13009323,1.3425552,1.0,0.0,outdoors,42.0,8.0,0.0,,,0.0,0.0,0.0,0.0,0.0,21.0,3831.0,GO,false,,true,true
3852.0,2017_13_TB_GB,2017,REG,13,2017-12-03,GB,TB,GB,TB,home,5.0,1.0,10.0,59.0,484.0,484.0,484.0,20.0,20.0,0.0,2.0,2.0,0.6052238,0.6052238,-0.043286394,-0.39235523,0.0,0.0,outdoors,42.0,8.0,0.0,,,0.0,0.0,0.0,0.0,0.0,21.0,3852.0,GO,false,,true,true
3874.0,2017_13_TB_GB,2017,REG,13,2017-12-03,GB,TB,GB,TB,home,5.0,2.0,10.0,59.0,478.0,478.0,478.0,20.0,20.0,0.0,2.0,2.0,0.56193733,0.56193733,0.16670479,1.5027843,1.0,0.0,outdoors,42.0,8.0,0.0,,,0.0,0.0,0.0,0.0,0.0,21.0,3874.0,GO,false,,true,true
3895.0,2017_13_TB_GB,2017,REG,13,2017-12-03,GB,TB,GB,TB,home,5.0,1.0,10.0,41.0,440.0,440.0,440.0,20.0,20.0,0.0,2.0,2.0,0.72864217,0.72864217,0.07693572,0.6423465,1.0,0.0,outdoors,42.0,8.0,0.0,,,0.0,0.0,0.0,0.0,0.0,21.0,3895.0,GO,false,,true,true
3916.0,2017_13_TB_GB,2017,REG,13,2017-12-03,GB,TB,GB,TB,home,5.0,2.0,1.0,32.0,402.0,402.0,402.0,20.0,20.0,0.0,2.0,2.0,0.8055779,0.8055779,0.06960666,0.55264944,1.0,0.0,outdoors,42.0,8.0,0.0,,,0.0,0.0,0.0,0.0,0.0,21.0,3916.0,GO,false,,true,true
3945.0,2017_13_TB_GB,2017,REG,13,2017-12-03,GB,TB,GB,TB,home,5.0,1.0,10.0,20.0,368.0,368.0,368.0,20.0,20.0,0.0,2.0,2.0,0.87518454,0.87518454,0.12481547,2.607624,0.0,0.0,outdoors,42.0,8.0,0.0,,,0.0,0.0,0.0,0.0,0.0,21.0,3945.0,GO,false,,true,true
3962.0,2017_13_TB_GB,2017,REG,13,2017-12-03,GB,TB,GB,TB,home,5.0,,0.0,,359.0,359.0,359.0,26.0,20.0,6.0,2.0,2.0,,,,,0.0,0.0,outdoors,42.0,8.0,,,,,,,0.0,0.0,21.0,3962.0,GO,,,true,true
4336.0,2017_11_KC_NYG,2017,REG,11,2017-11-19,NYG,KC,NYG,KC,home,5.0,2.0,7.0,38.0,180.0,180.0,180.0,9.0,9.0,0.0,2.0,2.0,0.6111442,0.6111442,-0.03480156,-0.2422034,0.0,0.0,outdoors,50.0,23.0,0.0,,,0.0,0.0,0.0,0.0,0.0,24.0,4336.0,GO,false,,true,false
4357.0,2017_11_KC_NYG,2017,REG,11,2017-11-19,NYG,KC,NYG,KC,home,5.0,3.0,5.0,36.0,137.0,137.0,137.0,9.0,9.0,0.0,2.0,2.0,0.57634264,0.57634264,-0.1523578,-1.2315857,1.0,0.0,outdoors,50.0,23.0,0.0,,,0.0,0.0,0.0,0.0,0.0,24.0,4357.0,GO,false,,true,false
4396.0,2017_11_KC_NYG,2017,REG,11,2017-11-19,NYG,KC,NYG,KC,home,5.0,4.0,5.0,36.0,132.0,132.0,132.0,9.0,9.0,0.0,1.0,2.0,0.42398483,0.42398483,0.5012947,4.9216204,1.0,0.0,outdoors,50.0,23.0,0.0,,,0.0,1.0,0.0,0.0,0.0,24.0,4396.0,GO,true,,true,false
4441.0,2017_11_KC_NYG,2017,REG,11,2017-11-19,NYG,KC,NYG,KC,home,5.0,1.0,2.0,2.0,118.0,118.0,118.0,9.0,9.0,0.0,1.0,2.0,0.9252795,0.9252795,,-3.1471043,0.0,0.0,outdoors,50.0,23.0,0.0,,,0.0,0.0,0.0,0.0,1.0,24.0,4441.0,GO,false,,true,false
4462.0,2017_11_KC_NYG,2017,REG,11,2017-11-19,NYG,KC,NYG,KC,home,5.0,2.0,5.0,5.0,117.0,117.0,117.0,9.0,9.0,0.0,1.0,2.0,0.9858112,0.9858112,0.014188814,0.05716693,0.0,0.0,outdoors,50.0,23.0,1.0,made,23.0,0.0,0.0,0.0,0.0,0.0,24.0,4462.0,FG,false,true,true,false
4481.0,2017_11_KC_NYG,2017,REG,11,2017-11-19,NYG,KC,NYG,KC,home,5.0,,0.0,,114.0,114.0,114.0,12.0,9.0,3.0,1.0,2.0,,,,,0.0,0.0,outdoors,50.0,23.0,,,,,,,0.0,0.0,24.0,4481.0,GO,,,true,false
4984.0,2018_04_CLE_OAK,2018,REG,4,2018-09-30,LV,CLE,LV,CLE,home,5.0,,0.0,35.0,600.0,600.0,600.0,42.0,42.0,0.0,2.0,2.0,0.5268756,0.5268756,0.0,0.0,0.0,0.0,outdoors,71.0,8.0,0.0,,65.0,0.0,0.0,0.0,0.0,0.0,36.0,4984.0,GO,false,,true,true
4999.0,2018_04_CLE_OAK,2018,REG,4,2018-09-30,LV,CLE,LV,CLE,home,5.0,1.0,10.0,75.0,600.0,600.0,600.0,42.0,42.0,0.0,2.0,2.0,0.5268756,0.5268756,-0.04745911,-0.42073748,1.0,0.0,outdoors,71.0,8.0,0.0,,,0.0,0.0,0.0,0.0,0.0,36.0,4999.0,GO,false,,true,true
5023.0,2018_04_CLE_OAK,2018,REG,4,2018-09-30,LV,CLE,LV,CLE,home,5.0,2.0,7.0,72.0,567.0,567.0,567.0,42.0,42.0,0.0,2.0,2.0,0.47941652,0.47941652,-0.05430905,-0.48848927,1.0,0.0,outdoors,71.0,8.0,0.0,,,0.0,0.0,0.0,0.0,0.0,36.0,5023.0,GO,false,,true,true
5050.0,2018_04_CLE_OAK,2018,REG,4,2018-09-30,LV,CLE,LV,CLE,home,5.0,3.0,6.0,71.0,529.0,529.0,529.0,42.0,42.0,0.0,2.0,2.0,0.42510748,0.42510748,0.36188617,3.1938984,1.0,0.0,outdoors,71.0,8.0,0.0,,,0.0,0.0,0.0,0.0,0.0,36.0,5050.0,GO,false,,true,true
5074.0,2018_04_CLE_OAK,2018,REG,4,2018-09-30,LV,CLE,LV,CLE,home,5.0,1.0,10.0,35.0,493.0,493.0,493.0,42.0,42.0,0.0,2.0,2.0,0.7869937,0.7869937,-0.07706239,-0.81822747,1.0,0.0,outdoors,71.0,8.0,0.0,,,0.0,0.0,0.0,0.0,0.0,36.0,5074.0,GO,false,,true,true
5095.0,2018_04_CLE_OAK,2018,REG,4,2018-09-30,LV,CLE,LV,CLE,home,5.0,2.0,12.0,37.0,456.0,456.0,456.0,42.0,42.0,0.0,2.0,2.0,0.70993125,0.70993125,0.09691809,0.68164676,1.0,0.0,outdoors,71.0,8.0,0.0,,,0.0,0.0,0.0,0.0,0.0,36.0,5095.0,GO,false,,true,true
5136.0,2018_04_CLE_OAK,2018,REG,4,2018-09-30,LV,CLE,LV,CLE,home,5.0,3.0,3.0,28.0,416.0,416.0,416.0,42.0,42.0,0.0,1.0,2.0,0.80684936,0.80684936,-0.0961521,-2.0784013,1.0,0.0,outdoors,71.0,8.0,0.0,,,0.0,0.0,0.0,0.0,0.0,36.0,5136.0,GO,false,,true,true
5176.0,2018_04_CLE_OAK,2018,REG,4,2018-09-30,LV,CLE,LV,CLE,home,5.0,4.0,7.0,32.0,374.0,374.0,374.0,42.0,42.0,0.0,0.0,2.0,0.71069723,0.71069723,-0.15878077,-2.651099,0.0,0.0,outdoors,71.0,8.0,1.0,missed,50.0,0.0,0.0,0.0,0.0,0.0,36.0,5176.0,FG,false,false,true,true
5196.0,2018_04_CLE_OAK,2018,REG,4,2018-09-30,LV,CLE,CLE,LV,away,5.0,1.0,10.0,60.0,370.0,370.0,370.0,42.0,42.0,0.0,2.0,0.0,0.44808352,0.44808352,-0.05694655,-0.49419045,1.0,0.0,outdoors,71.0,8.0,0.0,,,0.0,0.0,0.0,0.0,0.0,37.0,5196.0,GO,false,,false,false
5218.0,2018_04_CLE_OAK,2018,REG,4,2018-09-30,LV,CLE,CLE,LV,away,5.0,2.0,10.0,60.0,366.0,366.0,366.0,42.0,42.0,0.0,2.0,0.0,0.39113697,0.39113697,-0.07662779,-0.520487,1.0,0.0,outdoors,71.0,8.0,0.0,,,0.0,0.0,0.0,0.0,0.0,37.0,5218.0,GO,false,,false,false
5263.0,2018_04_CLE_OAK,2018,REG,4,2018-09-30,LV,CLE,CLE,LV,away,5.0,3.0,5.0,55.0,347.0,347.0,347.0,42.0,42.0,0.0,2.0,0.0,0.31450918,0.31450918,-0.10851056,-1.0446042,1.0,0.0,outdoors,71.0,8.0,0.0,,,0.0,0.0,0.0,0.0,0.0,37.0,5263.0,GO,false,,false,false
5285.0,2018_04_CLE_OAK,2018,REG,4,2018-09-30,LV,CLE,CLE,LV,away,5.0,4.0,5.0,55.0,339.0,339.0,339.0,42.0,42.0,0.0,2.0,0.0,0.20599861,0.20599861,0.43013078,-0.17842565,0.0,0.0,outdoors,71.0,8.0,0.0,,48.0,1.0,0.0,0.0,0.0,0.0,37.0,5285.0,PUNT,false,,false,false
5310.0,2018_04_CLE_OAK,2018,REG,4,2018-09-30,LV,CLE,LV,CLE,home,5.0,1.0,10.0,81.0,327.0,327.0,327.0,42.0,42.0,0.0,0.0,2.0,0.3638706,0.3638706,-0.035472024,-0.4091903,1.0,0.0,outdoors,71.0,8.0,0.0,,,0.0,0.0,0.0,0.0,0.0,38.0,5310.0,GO,false,,true,false
5332.0,2018_04_CLE_OAK,2018,REG,4,2018-09-30,LV,CLE,LV,CLE,home,5.0,2.0,10.0,81.0,323.0,323.0,323.0,42.0,42.0,0.0,0.0,2.0,0.3283986,0.3283986,-0.022897117,0.0085712895,1.0,0.0,outdoors,71.0,8.0,0.0,,,0.0,0.0,0.0,0.0,0.0,38.0,5332.0,GO,false,,true,false
5356.0,2018_04_CLE_OAK,2018,REG,4,2018-09-30,LV,CLE,LV,CLE,home,5.0,3.0,3.0,74.0,284.0,284.0,284.0,42.0,42.0,0.0,0.0,2.0,0.30550146,0.30550146,0.23112696,2.1257207,1.0,0.0,outdoors,71.0,8.0,0.0,,,0.0,0.0,0.0,0.0,0.0,38.0,5356.0,GO,false,,true,false
5380.0,2018_04_CLE_OAK,2018,REG,4,2018-09-30,LV,CLE,LV,CLE,home,5.0,1.0,10.0,50.0,243.0,243.0,243.0,42.0,42.0,0.0,0.0,2.0,0.5366284,0.5366284,-0.093208306,-0.61473185,0.0,0.0,outdoors,71.0,8.0,0.0,,,0.0,0.0,0.0,0.0,0.0,38.0,5380.0,GO,false,,true,false
5401.0,2018_04_CLE_OAK,2018,REG,4,2018-09-30,LV,CLE,LV,CLE,home,5.0,2.0,10.0,50.0,204.0,204.0,204.0,42.0,42.0,0.0,0.0,2.0,0.4434201,0.4434201,0.09144448,0.730026,1.0,0.0,outdoors,71.0,8.0,0.0,,,0.0,0.0,0.0,0.0,0.0,38.0,5401.0,GO,false,,true,false
5425.0,2018_04_CLE_OAK,2018,REG,4,2018-09-30,LV,CLE,LV,CLE,home,5.0,3.0,1.0,41.0,188.0,188.0,188.0,42.0,42.0,0.0,0.0,2.0,0.5348646,0.5348646,0.04406849,0.46312612,0.0,0.0,outdoors,71.0,8.0,0.0,,,0.0,0.0,0.0,0.0,0.0,38.0,5425.0,GO,false,,true,false
5475.0,2018_04_CLE_OAK,2018,REG,4,2018-09-30,LV,CLE,LV,CLE,home,5.0,1.0,10.0,39.0,142.0,142.0,142.0,42.0,42.0,0.0,0.0,2.0,0.57893306,0.57893306,0.14143102,0.7918862,1.0,0.0,outdoors,71.0,8.0,0.0,,,0.0,0.0,0.0,0.0,0.0,38.0,5475.0,GO,false,,true,false
5499.0,2018_04_CLE_OAK,2018,REG,4,2018-09-30,LV,CLE,LV,CLE,home,5.0,1.0,10.0,25.0,135.0,135.0,135.0,42.0,42.0,0.0,0.0,2.0,0.7203641,0.7203641,0.08732914,0.8316584,0.0,0.0,outdoors,71.0,8.0,0.0,,,0.0,0.0,0.0,0.0,0.0,38.0,5499.0,GO,false,,true,false
5543.0,2018_04_CLE_OAK,2018,REG,4,2018-09-30,LV,CLE,LV,CLE,home,5.0,1.0,10.0,14.0,120.0,120.0,120.0,42.0,42.0,0.0,0.0,2.0,0.80769324,0.80769324,-0.049622864,-0.79100376,0.0,0.0,outdoors,71.0,8.0,0.0,,,0.0,0.0,0.0,0.0,0.0,38.0,5543.0,GO,false,,true,false
5581.0,2018_04_CLE_OAK,2018,REG,4,2018-09-30,LV,CLE,LV,CLE,home,5.0,2.0,9.0,13.0,114.0,114.0,114.0,42.0,42.0,0.0,0.0,1.0,0.7580704,0.7580704,0.20450625,-1.0869448,0.0,0.0,outdoors,71.0,8.0,0.0,,,0.0,0.0,0.0,0.0,0.0,38.0,5581.0,GO,false,,true,false
5619.0,2018_04_CLE_OAK,2018,REG,4,2018-09-30,LV,CLE,LV,CLE,home,5.0,3.0,7.0,11.0,110.0,110.0,110.0,42.0,42.0,0.0,0.0,0.0,0.9625766,0.9625766,0.037423372,0.14002599,0.0,0.0,outdoors,71.0,8.0,1.0,made,29.0,0.0,0.0,0.0,0.0,0.0,38.0,5619.0,FG,false,true,true,false
5638.0,2018_04_CLE_OAK,2018,REG,4,2018-09-30,LV,CLE,LV,CLE,home,5.0,,0.0,,106.0,106.0,106.0,45.0,42.0,3.0,0.0,0.0,,,,,0.0,0.0,outdoors,71.0,8.0,,,,,,,0.0,0.0,38.0,5638.0,GO,,,true,false
4130.0,2018_02_MIN_GB,2018,REG,2,2018-09-16,GB,MIN,MIN,GB,away,5.0,,0.0,35.0,600.0,600.0,600.0,29.0,29.0,0.0,2.0,2.0,0.52309954,0.52309954,-0.0,0.226072,0.0,0.0,outdoors,80.0,5.0,0.0,,63.0,0.0,0.0,0.0,0.0,0.0,23.0,4130.0,GO,false,,false,true
4152.0,2018_02_MIN_GB,2018,REG,2,2018-09-16,GB,MIN,MIN,GB,away,5.0,1.0,10.0,70.0,594.0,594.0,594.0,29.0,29.0,0.0,2.0,2.0,0.52309954,0.52309954,0.07088599,0.6639953,0.0,0.0,outdoors,80.0,5.0,0.0,,,0.0,0.0,0.0,0.0,0.0,23.0,4152.0,GO,false,,false,true
4176.0,2018_02_MIN_GB,2018,REG,2,2018-09-16,GB,MIN,MIN,GB,away,5.0,1.0,10.0,59.0,564.0,564.0,564.0,29.0,29.0,0.0,2.0,2.0,0.5939855,0.5939855,-0.015744304,-0.13981143,0.0,1.0,outdoors,80.0,5.0,0.0,,,0.0,0.0,0.0,0.0,0.0,23.0,4176.0,GO,false,,false,true
4201.0,2018_02_MIN_GB,2018,REG,2,2018-09-16,GB,MIN,MIN,GB,away,5.0,2.0,7.0,56.0,541.0,541.0,541.0,29.0,29.0,0.0,2.0,2.0,0.5782412,0.5782412,0.22022794,1.8610458,0.0,1.0,outdoors,80.0,5.0,0.0,,,0.0,0.0,0.0,0.0,0.0,23.0,4201.0,GO,false,,false,true
4225.0,2018_02_MIN_GB,2018,REG,2,2018-09-16,GB,MIN,MIN,GB,away,5.0,1.0,10.0,32.0,493.0,493.0,493.0,29.0,29.0,0.0,2.0,2.0,0.7984692,0.7984692,-0.019994125,-0.3521785,0.0,0.0,outdoors,80.0,5.0,0.0,,,0.0,0.0,0.0,0.0,0.0,23.0,4225.0,GO,false,,false,true
4246.0,2018_02_MIN_GB,2018,REG,2,2018-09-16,GB,MIN,MIN,GB,away,5.0,2.0,9.0,31.0,464.0,464.0,464.0,29.0,29.0,0.0,2.0,2.0,0.77847505,0.77847505,-0.034161836,-0.6006941,1.0,0.0,outdoors,80.0,5.0,0.0,,,0.0,0.0,0.0,0.0,0.0,23.0,4246.0,GO,false,,false,true
4272.0,2018_02_MIN_GB,2018,REG,2,2018-09-16,GB,MIN,MIN,GB,away,5.0,3.0,9.0,31.0,460.0,460.0,460.0,29.0,29.0,0.0,2.0,2.0,0.7443132,0.7443132,0.00199317,-1.158335,1.0,0.0,outdoors,80.0,5.0,0.0,,,0.0,0.0,0.0,0.0,0.0,23.0,4272.0,GO,false,,false,true
4317.0,2018_02_MIN_GB,2018,REG,2,2018-09-16,GB,MIN,MIN,GB,away,5.0,4.0,9.0,31.0,456.0,456.0,456.0,29.0,29.0,0.0,2.0,1.0,0.74630636,0.74630636,-0.33305377,-3.5922754,0.0,0.0,outdoors,80.0,5.0,1.0,missed,49.0,0.0,0.0,0.0,0.0,0.0,23.0,4317.0,FG,false,false,false,true
4337.0,2018_02_MIN_GB,2018,REG,2,2018-09-16,GB,MIN,GB,MIN,home,5.0,1.0,10.0,61.0,452.0,452.0,452.0,29.0,29.0,0.0,1.0,2.0,0.5867474,0.5867474,-0.012393178,0.08657234,1.0,0.0,outdoors,80.0,5.0,0.0,,,0.0,0.0,0.0,0.0,0.0,24.0,4337.0,GO,false,,true,false
4361.0,2018_02_MIN_GB,2018,REG,2,2018-09-16,GB,MIN,GB,MIN,home,5.0,2.0,4.0,55.0,408.0,408.0,408.0,29.0,29.0,0.0,1.0,2.0,0.57435423,0.57435423,0.079138204,0.64984405,1.0,0.0,outdoors,80.0,5.0,0.0,,,0.0,0.0,0.0,0.0,0.0,24.0,4361.0,GO,false,,true,false
4382.0,2018_02_MIN_GB,2018,REG,2,2018-09-16,GB,MIN,GB,MIN,home,5.0,1.0,10.0,46.0,364.0,364.0,364.0,29.0,29.0,0.0,1.0,2.0,0.6534924,0.6534924,0.081652425,0.60821295,1.0,0.0,outdoors,80.0,5.0,0.0,,,0.0,0.0,0.0,0.0,0.0,24.0,4382.0,GO,false,,true,false
4406.0,2018_02_MIN_GB,2018,REG,2,2018-09-16,GB,MIN,GB,MIN,home,5.0,2.0,1.0,37.0,317.0,317.0,317.0,29.0,29.0,0.0,1.0,2.0,0.73514485,0.73514485,-0.15327427,-1.0495534,1.0,0.0,outdoors,80.0,5.0,0.0,,,0.0,0.0,0.0,0.0,0.0,24.0,4406.0,GO,false,,true,false
4438.0,2018_02_MIN_GB,2018,REG,2,2018-09-16,GB,MIN,GB,MIN,home,5.0,3.0,4.0,40.0,274.0,274.0,274.0,29.0,29.0,0.0,1.0,2.0,0.58187056,0.58187056,-0.2966428,-2.125576,1.0,0.0,outdoors,80.0,5.0,0.0,,,0.0,0.0,0.0,0.0,0.0,24.0,4438.0,GO,false,,true,false
4457.0,2018_02_MIN_GB,2018,REG,2,2018-09-16,GB,MIN,GB,MIN,home,5.0,4.0,11.0,47.0,237.0,237.0,237.0,29.0,29.0,0.0,1.0,2.0,0.28522778,0.28522778,0.42803276,-0.8192972,0.0,0.0,outdoors,80.0,5.0,0.0,,47.0,1.0,0.0,0.0,0.0,0.0,24.0,4457.0,PUNT,false,,true,false
4474.0,2018_02_MIN_GB,2018,REG,2,2018-09-16,GB,MIN,MIN,GB,away,5.0,1.0,10.0,80.0,228.0,228.0,228.0,29.0,29.0,0.0,2.0,1.0,0.28673947,0.28673947,0.051101,0.5756973,1.0,0.0,outdoors,80.0,5.0,0.0,,,0.0,0.0,0.0,0.0,0.0,25.0,4474.0,GO,false,,false,false
4502.0,2018_02_MIN_GB,2018,REG,2,2018-09-16,GB,MIN,MIN,GB,away,5.0,1.0,10.0,68.0,191.0,191.0,191.0,29.0,29.0,0.0,2.0,1.0,0.33784047,0.33784047,0.118151896,0.94435424,1.0,0.0,outdoors,80.0,5.0,0.0,,,0.0,0.0,0.0,0.0,0.0,25.0,4502.0,GO,false,,false,false
4527.0,2018_02_MIN_GB,2018,REG,2,2018-09-16,GB,MIN,MIN,GB,away,5.0,1.0,10.0,43.0,146.0,146.0,146.0,29.0,29.0,0.0,2.0,1.0,0.45599237,0.45599237,0.07987333,0.4584311,1.0,0.0,outdoors,80.0,5.0,0.0,,,0.0,0.0,0.0,0.0,0.0,25.0,4527.0,GO,false,,false,false
4551.0,2018_02_MIN_GB,2018,REG,2,2018-09-16,GB,MIN,MIN,GB,away,5.0,2.0,2.0,35.0,141.0,141.0,141.0,29.0,29.0,0.0,2.0,1.0,0.5358657,0.5358657,-0.06274357,-0.4656013,0.0,0.0,outdoors,80.0,5.0,0.0,,,0.0,0.0,0.0,0.0,0.0,25.0,4551.0,GO,false,,false,false
4592.0,2018_02_MIN_GB,2018,REG,2,2018-09-16,GB,MIN,MIN,GB,away,5.0,3.0,3.0,36.0,120.0,120.0,120.0,29.0,29.0,0.0,2.0,1.0,0.47312215,0.47312215,0.1815179,1.0123744,1.0,0.0,outdoors,80.0,5.0,0.0,,,0.0,0.0,0.0,0.0,0.0,25.0,4592.0,GO,false,,false,false
4623.0,2018_02_MIN_GB,2018,REG,2,2018-09-16,GB,MIN,MIN,GB,away,5.0,1.0,10.0,30.0,77.0,77.0,77.0,29.0,29.0,0.0,2.0,1.0,0.65464,0.65464,0.09744425,0.61394256,1.0,0.0,outdoors,80.0,5.0,0.0,,,0.0,0.0,0.0,0.0,0.0,25.0,4623.0,GO,false,,false,false
4648.0,2018_02_MIN_GB,2018,REG,2,2018-09-16,GB,MIN,MIN,GB,away,5.0,2.0,1.0,21.0,32.0,32.0,32.0,29.0,29.0,0.0,2.0,1.0,0.7520843,0.7520843,0.16136844,-0.9364845,0.0,0.0,outdoors,80.0,5.0,0.0,,,0.0,0.0,0.0,0.0,0.0,25.0,4648.0,GO,false,,false,false
4709.0,2018_02_MIN_GB,2018,REG,2,2018-09-16,GB,MIN,MIN,GB,away,5.0,1.0,10.0,17.0,4.0,4.0,4.0,29.0,29.0,0.0,1.0,0.0,0.91345274,0.91345274,-0.41345274,-2.740358,0.0,0.0,outdoors,80.0,5.0,1.0,missed,35.0,0.0,0.0,0.0,0.0,0.0,25.0,4709.0,FG,false,false,false,false
4730.0,2018_02_MIN_GB,2018,REG,2,2018-09-16,GB,MIN,GB,MIN,home,5.0,,0.0,,0.0,0.0,0.0,29.0,29.0,0.0,0.0,1.0,,,,,0.0,0.0,outdoors,80.0,5.0,,,,,,,0.0,0.0,26.0,4730.0,GO,,,true,false
4381.0,2018_03_NO_ATL,2018,REG,3,2018-09-23,ATL,NO,NO,ATL,away,5.0,,0.0,35.0,600.0,600.0,600.0,37.0,37.0,0.0,2.0,2.0,0.5291931,0.5291931,-0.0,-0.24860793,0.0,0.0,closed,,,0.0,,68.0,0.0,0.0,0.0,0.0,0.0,25.0,4381.0,GO,false,,false,true
4403.0,2018_03_NO_ATL,2018,REG,3,2018-09-23,ATL,NO,NO,ATL,away,5.0,1.0,10.0,80.0,595.0,595.0,595.0,37.0,37.0,0.0,2.0,2.0,0.5291931,0.5291931,0.026265698,0.3551611,1.0,0.0,closed,,,0.0,,,0.0,0.0,0.0,0.0,0.0,25.0,4403.0,GO,false,,false,true
4427.0,2018_03_NO_ATL,2018,REG,3,2018-09-23,ATL,NO,NO,ATL,away,5.0,2.0,2.0,72.0,554.0,554.0,554.0,37.0,37.0,0.0,2.0,2.0,0.5554588,0.5554588,0.008808745,0.089239486,0.0,0.0,closed,,,0.0,,,0.0,0.0,0.0,0.0,0.0,25.0,4427.0,GO,false,,false,true
4451.0,2018_03_NO_ATL,2018,REG,3,2018-09-23,ATL,NO,NO,ATL,away,5.0,1.0,10.0,69.0,524.0,524.0,524.0,37.0,37.0,0.0,2.0,2.0,0.5642676,0.5642676,0.15373178,1.5451673,0.0,0.0,closed,,,0.0,,,0.0,0.0,0.0,0.0,0.0,25.0,4451.0,GO,false,,false,true
4480.0,2018_03_NO_ATL,2018,REG,3,2018-09-23,ATL,NO,NO,ATL,away,5.0,1.0,10.0,46.0,478.0,478.0,478.0,37.0,37.0,0.0,2.0,2.0,0.71799934,0.71799934,0.082665496,0.76108414,1.0,0.0,closed,,,0.0,,,0.0,0.0,0.0,0.0,0.0,25.0,4480.0,GO,false,,false,true
4509.0,2018_03_NO_ATL,2018,REG,3,2018-09-23,ATL,NO,NO,ATL,away,5.0,2.0,1.0,37.0,447.0,447.0,447.0,37.0,37.0,0.0,2.0,2.0,0.80066484,0.80066484,-0.0007052785,-0.11798349,0.0,0.0,closed,,,0.0,,,0.0,0.0,0.0,0.0,0.0,25.0,4509.0,GO,false,,false,true
4535.0,2018_03_NO_ATL,2018,REG,3,2018-09-23,ATL,NO,NO,ATL,away,5.0,1.0,10.0,35.0,415.0,415.0,415.0,37.0,37.0,0.0,2.0,2.0,0.79995954,0.79995954,-0.031003844,-0.40034357,1.0,0.0,closed,,,0.0,,,0.0,0.0,0.0,0.0,0.0,25.0,4535.0,GO,false,,false,true
4557.0,2018_03_NO_ATL,2018,REG,3,2018-09-23,ATL,NO,NO,ATL,away,5.0,2.0,10.0,35.0,411.0,411.0,411.0,37.0,37.0,0.0,2.0,2.0,0.7689557,0.7689557,-0.016510613,-0.439018,1.0,0.0,closed,,,0.0,,,0.0,0.0,0.0,0.0,0.0,25.0,4557.0,GO,false,,false,true
4581.0,2018_03_NO_ATL,2018,REG,3,2018-09-23,ATL,NO,NO,ATL,away,5.0,3.0,8.0,33.0,366.0,366.0,366.0,37.0,37.0,0.0,2.0,2.0,0.7524451,0.7524451,0.12068964,1.5703554,1.0,0.0,closed,,,0.0,,,0.0,0.0,0.0,0.0,0.0,25.0,4581.0,GO,false,,false,true
4644.0,2018_03_NO_ATL,2018,REG,3,2018-09-23,ATL,NO,NO,ATL,away,5.0,1.0,10.0,25.0,353.0,353.0,353.0,37.0,37.0,0.0,1.0,2.0,0.87313473,0.87313473,0.03949843,0.80287087,0.0,0.0,closed,,,0.0,,,0.0,0.0,0.0,0.0,0.0,25.0,4644.0,GO,false,,false,true
4668.0,2018_03_NO_ATL,2018,REG,3,2018-09-23,ATL,NO,NO,ATL,away,5.0,2.0,1.0,16.0,308.0,308.0,308.0,37.0,37.0,0.0,1.0,2.0,0.9126332,0.9126332,-0.009142318,-0.16998498,0.0,0.0,closed,,,0.0,,,0.0,0.0,0.0,0.0,0.0,25.0,4668.0,GO,false,,false,true
4689.0,2018_03_NO_ATL,2018,REG,3,2018-09-23,ATL,NO,NO,ATL,away,5.0,1.0,10.0,14.0,266.0,266.0,266.0,37.0,37.0,0.0,1.0,2.0,0.90349084,0.90349084,-0.027766956,-0.24747737,1.0,0.0,closed,,,0.0,,,0.0,0.0,0.0,0.0,0.0,25.0,4689.0,GO,false,,false,true
4728.0,2018_03_NO_ATL,2018,REG,3,2018-09-23,ATL,NO,NO,ATL,away,5.0,2.0,10.0,14.0,263.0,263.0,263.0,37.0,37.0,0.0,0.0,2.0,0.8757239,0.8757239,-0.0128758075,-0.27371716,1.0,0.0,closed,,,0.0,,,0.0,0.0,0.0,0.0,0.0,25.0,4728.0,GO,false,,false,true
4752.0,2018_03_NO_ATL,2018,REG,3,2018-09-23,ATL,NO,NO,ATL,away,5.0,3.0,5.0,9.0,221.0,221.0,221.0,37.0,37.0,0.0,0.0,2.0,0.86284804,0.86284804,0.07580042,1.7959275,1.0,0.0,closed,,,0.0,,,0.0,0.0,0.0,0.0,0.0,25.0,4752.0,GO,false,,false,true
4776.0,2018_03_NO_ATL,2018,REG,3,2018-09-23,ATL,NO,NO,ATL,away,5.0,1.0,3.0,3.0,190.0,190.0,190.0,37.0,37.0,0.0,0.0,2.0,0.93864846,0.93864846,0.0012131783,0.098418325,1.0,0.0,closed,,,0.0,,,0.0,0.0,0.0,0.0,0.0,25.0,4776.0,GO,false,,false,true
4830.0,2018_03_NO_ATL,2018,REG,3,2018-09-23,ATL,NO,NO,ATL,away,5.0,2.0,1.0,1.0,178.0,178.0,178.0,37.0,37.0,0.0,0.0,2.0,0.93986166,0.93986166,0.060138334,0.6603725,0.0,0.0,closed,,,0.0,,,0.0,0.0,0.0,0.0,0.0,25.0,4830.0,GO,false,,false,true
4854.0,2018_03_NO_ATL,2018,REG,3,2018-09-23,ATL,NO,ATL,NO,home,5.0,,0.0,,175.0,175.0,175.0,37.0,43.0,-6.0,2.0,0.0,,,,,0.0,0.0,closed,,,,,,,,,0.0,0.0,26.0,4854.0,GO,,,true,false
4311.0,2018_05_BAL_CLE,2018,REG,5,2018-10-07,CLE,BAL,CLE,BAL,home,5.0,,0.0,35.0,600.0,600.0,600.0,9.0,9.0,0.0,2.0,2.0,0.5268756,0.5268756,0.0,0.0,0.0,0.0,outdoors,72.0,5.0,0.0,,65.0,0.0,0.0,0.0,0.0,0.0,26.0,4311.0,GO,false,,true,true
4326.0,2018_05_BAL_CLE,2018,REG,5,2018-10-07,CLE,BAL,CLE,BAL,home,5.0,1.0,10.0,75.0,600.0,600.0,600.0,9.0,9.0,0.0,2.0,2.0,0.5268756,0.5268756,-0.05592125,-0.5074147,1.0,0.0,outdoors,72.0,5.0,0.0,,,0.0,0.0,0.0,0.0,0.0,26.0,4326.0,GO,false,,true,true
4347.0,2018_05_BAL_CLE,2018,REG,5,2018-10-07,CLE,BAL,CLE,BAL,home,5.0,2.0,8.0,73.0,557.0,557.0,557.0,9.0,9.0,0.0,2.0,2.0,0.4709544,0.4709544,-0.13504937,-1.340909,1.0,0.0,outdoors,72.0,5.0,0.0,,,0.0,0.0,0.0,0.0,0.0,26.0,4347.0,GO,false,,true,true
4366.0,2018_05_BAL_CLE,2018,REG,5,2018-10-07,CLE,BAL,CLE,BAL,home,5.0,3.0,13.0,78.0,518.0,518.0,518.0,9.0,9.0,0.0,2.0,2.0,0.33590502,0.33590502,-0.023631675,0.02322014,1.0,0.0,outdoors,72.0,5.0,0.0,,,0.0,0.0,0.0,0.0,0.0,26.0,4366.0,GO,false,,true,true
4390.0,2018_05_BAL_CLE,2018,REG,5,2018-10-07,CLE,BAL,CLE,BAL,home,5.0,4.0,4.0,69.0,483.0,483.0,483.0,9.0,9.0,0.0,2.0,2.0,0.31227332,0.31227332,0.3340559,0.83608484,0.0,0.0,outdoors,72.0,5.0,0.0,,56.0,1.0,0.0,0.0,0.0,0.0,26.0,4390.0,PUNT,false,,true,true
4419.0,2018_05_BAL_CLE,2018,REG,5,2018-10-07,CLE,BAL,BAL,CLE,away,5.0,1.0,10.0,93.0,477.0,477.0,477.0,9.0,9.0,0.0,2.0,2.0,0.35367078,0.35367078,0.042985644,0.62555224,0.0,0.0,outdoors,72.0,5.0,0.0,,,0.0,0.0,0.0,0.0,0.0,27.0,4419.0,GO,false,,false,false
4443.0,2018_05_BAL_CLE,2018,REG,5,2018-10-07,CLE,BAL,BAL,CLE,away,5.0,2.0,2.0,85.0,446.0,446.0,446.0,9.0,9.0,0.0,2.0,2.0,0.39665642,0.39665642,0.006630432,0.19686224,0.0,0.0,outdoors,72.0,5.0,0.0,,,0.0,0.0,0.0,0.0,0.0,27.0,4443.0,GO,false,,false,false
4464.0,2018_05_BAL_CLE,2018,REG,5,2018-10-07,CLE,BAL,BAL,CLE,away,5.0,1.0,10.0,79.0,409.0,409.0,409.0,9.0,9.0,0.0,2.0,2.0,0.40328684,0.40328684,-0.04315472,-0.47870815,0.0,0.0,outdoors,72.0,5.0,0.0,,,0.0,0.0,0.0,0.0,0.0,27.0,4464.0,GO,false,,false,false
4486.0,2018_05_BAL_CLE,2018,REG,5,2018-10-07,CLE,BAL,BAL,CLE,away,5.0,2.0,10.0,79.0,403.0,403.0,403.0,9.0,9.0,0.0,2.0,2.0,0.36013213,0.36013213,-0.0163223,-0.07005078,1.0,0.0,outdoors,72.0,5.0,0.0,,,0.0,0.0,0.0,0.0,0.0,27.0,4486.0,GO,false,,false,false
4507.0,2018_05_BAL_CLE,2018,REG,5,2018-10-07,CLE,BAL,BAL,CLE,away,5.0,3.0,4.0,73.0,360.0,360.0,360.0,9.0,9.0,0.0,2.0,2.0,0.3438098,0.3438098,0.22900456,2.1760414,1.0,0.0,outdoors,72.0,5.0,0.0,,,0.0,0.0,0.0,0.0,0.0,27.0,4507.0,GO,false,,false,false
4531.0,2018_05_BAL_CLE,2018,REG,5,2018-10-07,CLE,BAL,BAL,CLE,away,5.0,1.0,10.0,53.0,329.0,329.0,329.0,9.0,9.0,0.0,2.0,2.0,0.5728144,0.5728144,-0.09529828,-0.80709124,0.0,0.0,outdoors,72.0,5.0,0.0,,,0.0,0.0,0.0,0.0,0.0,27.0,4531.0,GO,false,,false,false
4563.0,2018_05_BAL_CLE,2018,REG,5,2018-10-07,CLE,BAL,BAL,CLE,away,5.0,1.0,16.0,59.0,302.0,302.0,302.0,9.0,9.0,0.0,2.0,2.0,0.4775161,0.4775161,-0.040172976,-0.20872618,1.0,0.0,outdoors,72.0,5.0,0.0,,,0.0,0.0,0.0,0.0,0.0,27.0,4563.0,GO,false,,false,false
4584.0,2018_05_BAL_CLE,2018,REG,5,2018-10-07,CLE,BAL,BAL,CLE,away,5.0,2.0,12.0,55.0,277.0,277.0,277.0,9.0,9.0,0.0,2.0,2.0,0.43734312,0.43734312,-0.059896734,-0.44178122,1.0,0.0,outdoors,72.0,5.0,0.0,,,0.0,0.0,0.0,0.0,0.0,27.0,4584.0,GO,false,,false,false
4623.0,2018_05_BAL_CLE,2018,REG,5,2018-10-07,CLE,BAL,BAL,CLE,away,5.0,3.0,12.0,55.0,272.0,272.0,272.0,9.0,9.0,0.0,1.0,2.0,0.3774464,0.3774464,-0.118650876,-0.9080013,1.0,0.0,outdoors,72.0,5.0,0.0,,,0.0,0.0,0.0,0.0,0.0,27.0,4623.0,GO,false,,false,false
4645.0,2018_05_BAL_CLE,2018,REG,5,2018-10-07,CLE,BAL,BAL,CLE,away,5.0,4.0,12.0,55.0,266.0,266.0,266.0,9.0,9.0,0.0,1.0,2.0,0.25879553,0.25879553,0.44487366,-0.10653624,0.0,0.0,outdoors,72.0,5.0,0.0,,41.0,1.0,0.0,0.0,0.0,0.0,27.0,4645.0,PUNT,false,,false,false
4664.0,2018_05_BAL_CLE,2018,REG,5,2018-10-07,CLE,BAL,CLE,BAL,home,5.0,1.0,10.0,86.0,260.0,260.0,260.0,9.0,9.0,0.0,2.0,1.0,0.29633084,0.29633084,0.26041433,2.1873283,1.0,0.0,outdoors,72.0,5.0,0.0,,,0.0,0.0,0.0,0.0,0.0,28.0,4664.0,GO,false,,true,false
4699.0,2018_05_BAL_CLE,2018,REG,5,2018-10-07,CLE,BAL,CLE,BAL,home,5.0,1.0,10.0,44.0,249.0,249.0,249.0,9.0,9.0,0.0,2.0,1.0,0.5567452,0.5567452,-0.01606742,-0.12443881,1.0,0.0,outdoors,72.0,5.0,0.0,,,0.0,0.0,0.0,0.0,0.0,28.0,4699.0,GO,false,,true,false
4723.0,2018_05_BAL_CLE,2018,REG,5,2018-10-07,CLE,BAL,CLE,BAL,home,5.0,2.0,5.0,39.0,216.0,216.0,216.0,9.0,9.0,0.0,2.0,1.0,0.5406777,0.5406777,-0.06068848,-0.5524633,1.0,0.0,outdoors,72.0,5.0,0.0,,,0.0,0.0,0.0,0.0,0.0,28.0,4723.0,GO,false,,true,false
4745.0,2018_05_BAL_CLE,2018,REG,5,2018-10-07,CLE,BAL,CLE,BAL,home,5.0,3.0,5.0,39.0,212.0,212.0,212.0,9.0,9.0,0.0,2.0,1.0,0.47998926,0.47998926,-0.18272121,-1.3581893,1.0,0.0,outdoors,72.0,5.0,0.0,,,0.0,0.0,0.0,0.0,0.0,28.0,4745.0,GO,false,,true,false
4767.0,2018_05_BAL_CLE,2018,REG,5,2018-10-07,CLE,BAL,CLE,BAL,home,5.0,4.0,5.0,39.0,206.0,206.0,206.0,9.0,9.0,0.0,2.0,1.0,0.29726806,0.29726806,0.27449304,-2.040006,1.0,0.0,outdoors,72.0,5.0,0.0,,,0.0,0.0,1.0,0.0,0.0,28.0,4767.0,GO,false,,true,false
4789.0,2018_05_BAL_CLE,2018,REG,5,2018-10-07,CLE,BAL,BAL,CLE,away,5.0,1.0,10.0,61.0,202.0,202.0,202.0,9.0,9.0,0.0,1.0,2.0,0.4282389,0.4282389,-0.047348898,-0.4568791,1.0,0.0,outdoors,72.0,5.0,0.0,,,0.0,0.0,0.0,0.0,0.0,29.0,4789.0,GO,false,,false,false
4811.0,2018_05_BAL_CLE,2018,REG,5,2018-10-07,CLE,BAL,BAL,CLE,away,5.0,2.0,10.0,61.0,198.0,198.0,198.0,9.0,9.0,0.0,1.0,2.0,0.38089,0.38089,-0.052675154,-0.47758594,1.0,0.0,outdoors,72.0,5.0,0.0,,,0.0,0.0,0.0,0.0,0.0,29.0,4811.0,GO,false,,false,false
4833.0,2018_05_BAL_CLE,2018,REG,5,2018-10-07,CLE,BAL,BAL,CLE,away,5.0,3.0,10.0,61.0,194.0,194.0,194.0,9.0,9.0,0.0,1.0,2.0,0.32821485,0.32821485,-0.1084167,-0.8780582,1.0,0.0,outdoors,72.0,5.0,0.0,,,0.0,0.0,0.0,0.0,0.0,29.0,4833.0,GO,false,,false,false
4855.0,2018_05_BAL_CLE,2018,REG,5,2018-10-07,CLE,BAL,BAL,CLE,away,5.0,4.0,10.0,61.0,187.0,187.0,187.0,9.0,9.0,0.0,1.0,2.0,0.21979815,0.21979815,0.5422869,-0.22908582,0.0,0.0,outdoors,72.0,5.0,0.0,,56.0,1.0,0.0,0.0,0.0,0.0,29.0,4855.0,PUNT,false,,false,false
4880.0,2018_05_BAL_CLE,2018,REG,5,2018-10-07,CLE,BAL,CLE,BAL,home,5.0,1.0,10.0,84.0,177.0,177.0,177.0,9.0,9.0,0.0,2.0,1.0,0.23791498,0.23791498,-0.079889625,-0.8162009,1.0,0.0,outdoors,72.0,5.0,0.0,,,0.0,0.0,0.0,0.0,0.0,30.0,4880.0,GO,false,,true,false
4901.0,2018_05_BAL_CLE,2018,REG,5,2018-10-07,CLE,BAL,CLE,BAL,home,5.0,2.0,21.0,95.0,132.0,132.0,132.0,9.0,9.0,0.0,2.0,1.0,0.15802535,0.15802535,0.008856984,0.21529086,1.0,0.0,outdoors,72.0,5.0,0.0,,,0.0,0.0,0.0,0.0,0.0,30.0,4901.0,GO,false,,true,false
4943.0,2018_05_BAL_CLE,2018,REG,5,2018-10-07,CLE,BAL,CLE,BAL,home,5.0,3.0,8.0,82.0,120.0,120.0,120.0,9.0,9.0,0.0,2.0,1.0,0.16688234,0.16688234,0.15515941,1.5814089,1.0,0.0,outdoors,72.0,5.0,0.0,,,0.0,0.0,0.0,0.0,0.0,30.0,4943.0,GO,false,,true,false
4984.0,2018_05_BAL_CLE,2018,REG,5,2018-10-07,CLE,BAL,CLE,BAL,home,5.0,1.0,10.0,43.0,76.0,76.0,76.0,9.0,9.0,0.0,2.0,0.0,0.32204175,0.32204175,0.2304677,0.8843489,1.0,0.0,outdoors,72.0,5.0,0.0,,,0.0,0.0,0.0,0.0,0.0,30.0,4984.0,GO,false,,true,false
5005.0,2018_05_BAL_CLE,2018,REG,5,2018-10-07,CLE,BAL,CLE,BAL,home,5.0,1.0,10.0,28.0,39.0,39.0,39.0,9.0,9.0,0.0,2.0,0.0,0.5525095,0.5525095,0.14071229,0.00173983,0.0,0.0,outdoors,72.0,5.0,0.0,,,0.0,0.0,0.0,0.0,0.0,30.0,5005.0,GO,false,,true,false
4527.0,2017_11_WAS_NO,2017,REG,11,2017-11-19,NO,WAS,WAS,NO,away,5.0,,0.0,35.0,600.0,600.0,600.0,31.0,31.0,0.0,2.0,2.0,0.54516155,0.54516155,-0.0,-0.0,0.0,0.0,dome,,,0.0,,65.0,0.0,0.0,0.0,0.0,0.0,21.0,4527.0,GO,false,,false,true
4542.0,2017_11_WAS_NO,2017,REG,11,2017-11-19,NO,WAS,WAS,NO,away,5.0,1.0,10.0,75.0,600.0,600.0,600.0,31.0,31.0,0.0,2.0,2.0,0.54516155,0.54516155,-0.05162889,-0.53104854,0.0,0.0,dome,,,0.0,,,0.0,0.0,0.0,0.0,0.0,21.0,4542.0,GO,false,,false,true
4564.0,2017_11_WAS_NO,2017,REG,11,2017-11-19,NO,WAS,WAS,NO,away,5.0,2.0,10.0,75.0,595.0,595.0,595.0,31.0,31.0,0.0,2.0,2.0,0.4935327,0.4935327,-0.19161734,-1.9833822,1.0,0.0,dome,,,0.0,,,0.0,0.0,0.0,0.0,0.0,21.0,4564.0,GO,false,,false,true
4583.0,2017_11_WAS_NO,2017,REG,11,2017-11-19,NO,WAS,WAS,NO,away,5.0,3.0,20.0,85.0,551.0,551.0,551.0,31.0,31.0,0.0,2.0,2.0,0.30191535,0.30191535,-0.08284384,-0.83527,1.0,0.0,dome,,,0.0,,,0.0,0.0,0.0,0.0,0.0,21.0,4583.0,GO,false,,false,true
4605.0,2017_11_WAS_NO,2017,REG,11,2017-11-19,NO,WAS,WAS,NO,away,5.0,4.0,20.0,85.0,545.0,545.0,545.0,31.0,31.0,0.0,2.0,2.0,0.2190715,0.2190715,0.1451072,-0.09052765,0.0,0.0,dome,,,0.0,,60.0,1.0,0.0,0.0,0.0,0.0,21.0,4605.0,PUNT,false,,false,true
4630.0,2017_11_WAS_NO,2017,REG,11,2017-11-19,NO,WAS,NO,WAS,home,5.0,1.0,10.0,61.0,534.0,534.0,534.0,31.0,31.0,0.0,2.0,2.0,0.6358213,0.6358213,0.11896402,1.0778092,0.0,0.0,dome,,,0.0,,,0.0,0.0,0.0,0.0,0.0,22.0,4630.0,GO,false,,true,false
4651.0,2017_11_WAS_NO,2017,REG,11,2017-11-19,NO,WAS,NO,WAS,home,5.0,1.0,10.0,41.0,489.0,489.0,489.0,31.0,31.0,0.0,2.0,2.0,0.7547853,0.7547853,0.23073366,-0.39783424,0.0,0.0,dome,,,0.0,,,0.0,0.0,0.0,0.0,0.0,22.0,4651.0,GO,false,,true,false
4695.0,2017_11_WAS_NO,2017,REG,11,2017-11-19,NO,WAS,NO,WAS,home,5.0,1.0,10.0,10.0,448.0,448.0,448.0,31.0,31.0,0.0,1.0,2.0,0.985519,0.985519,0.014481014,0.08291043,0.0,0.0,dome,,,1.0,made,28.0,0.0,0.0,0.0,0.0,0.0,22.0,4695.0,FG,false,true,true,false
4714.0,2017_11_WAS_NO,2017,REG,11,2017-11-19,NO,WAS,NO,WAS,home,5.0,,0.0,,445.0,445.0,445.0,34.0,31.0,3.0,1.0,2.0,,,,,0.0,0.0,dome,,,,,,,,,0.0,0.0,22.0,4714.0,GO,,,true,false
3926.0,2017_14_GB_CLE,2017,REG,14,2017-12-10,CLE,GB,CLE,GB,home,5.0,,0.0,35.0,600.0,600.0,600.0,21.0,21.0,0.0,2.0,2.0,0.40796575,0.40796575,0.0,0.0,0.0,0.0,outdoors,29.0,24.0,0.0,,65.0,0.0,0.0,0.0,0.0,0.0,19.0,3926.0,GO,false,,true,true
3941.0,2017_14_GB_CLE,2017,REG,14,2017-12-10,CLE,GB,CLE,GB,home,5.0,1.0,10.0,75.0,600.0,600.0,600.0,21.0,21.0,0.0,2.0,2.0,0.40796575,0.40796575,-0.04353529,-0.52085793,1.0,0.0,outdoors,29.0,24.0,0.0,,,0.0,0.0,0.0,0.0,0.0,19.0,3941.0,GO,false,,true,true
3962.0,2017_14_GB_CLE,2017,REG,14,2017-12-10,CLE,GB,CLE,GB,home,5.0,2.0,9.0,74.0,570.0,570.0,570.0,21.0,21.0,0.0,2.0,2.0,0.36443046,0.36443046,0.012591641,0.29457253,0.0,0.0,outdoors,29.0,24.0,0.0,,,0.0,0.0,0.0,0.0,0.0,19.0,3962.0,GO,false,,true,true
3986.0,2017_14_GB_CLE,2017,REG,14,2017-12-10,CLE,GB,CLE,GB,home,5.0,3.0,2.0,67.0,523.0,523.0,523.0,21.0,21.0,0.0,2.0,2.0,0.3770221,0.3770221,-0.10688166,-3.9024932,1.0,0.0,outdoors,29.0,24.0,0.0,,,0.0,0.0,0.0,0.0,0.0,19.0,3986.0,GO,false,,true,true
4012.0,2017_14_GB_CLE,2017,REG,14,2017-12-10,CLE,GB,GB,CLE,away,5.0,1.0,10.0,42.0,508.0,508.0,508.0,21.0,21.0,0.0,2.0,2.0,0.7298596,0.7298596,0.051568836,0.35075364,1.0,0.0,outdoors,29.0,24.0,0.0,,,0.0,0.0,0.0,0.0,0.0,20.0,4012.0,GO,false,,false,false
4036.0,2017_14_GB_CLE,2017,REG,14,2017-12-10,CLE,GB,GB,CLE,away,5.0,2.0,4.0,36.0,473.0,473.0,473.0,21.0,21.0,0.0,2.0,2.0,0.7814284,0.7814284,-0.021156436,-0.28059697,0.0,0.0,outdoors,29.0,24.0,0.0,,,0.0,0.0,0.0,0.0,0.0,20.0,4036.0,GO,false,,false,false
4074.0,2017_14_GB_CLE,2017,REG,14,2017-12-10,CLE,GB,GB,CLE,away,5.0,3.0,2.0,34.0,432.0,432.0,432.0,21.0,21.0,0.0,1.0,2.0,0.76027197,0.76027197,0.0702869,0.7730708,1.0,0.0,outdoors,29.0,24.0,0.0,,,0.0,0.0,0.0,0.0,0.0,20.0,4074.0,GO,false,,false,false
4098.0,2017_14_GB_CLE,2017,REG,14,2017-12-10,CLE,GB,GB,CLE,away,5.0,1.0,10.0,29.0,394.0,394.0,394.0,21.0,21.0,0.0,1.0,2.0,0.8305589,0.8305589,-0.017274946,-0.33833012,1.0,0.0,outdoors,29.0,24.0,0.0,,,0.0,0.0,0.0,0.0,0.0,20.0,4098.0,GO,false,,false,false
4119.0,2017_14_GB_CLE,2017,REG,14,2017-12-10,CLE,GB,GB,CLE,away,5.0,2.0,9.0,28.0,353.0,353.0,353.0,21.0,21.0,0.0,1.0,2.0,0.8132839,0.8132839,-0.00855436,-0.19943272,1.0,0.0,outdoors,29.0,24.0,0.0,,,0.0,0.0,0.0,0.0,0.0,20.0,4119.0,GO,false,,false,false
4160.0,2017_14_GB_CLE,2017,REG,14,2017-12-10,CLE,GB,GB,CLE,away,5.0,3.0,6.0,25.0,312.0,312.0,312.0,21.0,21.0,0.0,0.0,2.0,0.8047296,0.8047296,0.19527043,3.758151,0.0,0.0,outdoors,29.0,24.0,0.0,,,0.0,0.0,0.0,0.0,0.0,20.0,4160.0,GO,false,,false,false
4185.0,2017_14_GB_CLE,2017,REG,14,2017-12-10,CLE,GB,CLE,GB,home,5.0,,0.0,,305.0,305.0,305.0,21.0,27.0,-6.0,2.0,0.0,,,,,0.0,0.0,outdoors,29.0,24.0,,,,,,,0.0,0.0,21.0,4185.0,GO,,,true,false
4560.0,2018_01_PIT_CLE,2018,REG,1,2018-09-09,CLE,PIT,CLE,PIT,home,5.0,,0.0,35.0,600.0,600.0,600.0,21.0,21.0,0.0,2.0,2.0,0.5268756,0.5268756,0.0,0.0,0.0,0.0,outdoors,58.0,11.0,0.0,,65.0,0.0,0.0,0.0,0.0,0.0,31.0,4560.0,GO,false,,true,true
4575.0,2018_01_PIT_CLE,2018,REG,1,2018-09-09,CLE,PIT,CLE,PIT,home,5.0,1.0,10.0,75.0,600.0,600.0,600.0,21.0,21.0,0.0,2.0,2.0,0.5268756,0.5268756,-0.055537038,-0.50998944,1.0,0.0,outdoors,58.0,11.0,0.0,,,0.0,0.0,0.0,0.0,0.0,31.0,4575.0,GO,false,,true,true
4596.0,2018_01_PIT_CLE,2018,REG,1,2018-09-09,CLE,PIT,CLE,PIT,home,5.0,2.0,8.0,73.0,563.0,563.0,563.0,21.0,21.0,0.0,2.0,2.0,0.4713386,0.4713386,0.044407547,0.6226535,1.0,0.0,outdoors,58.0,11.0,0.0,,,0.0,0.0,0.0,0.0,0.0,31.0,4596.0,GO,false,,true,true
4620.0,2018_01_PIT_CLE,2018,REG,1,2018-09-09,CLE,PIT,CLE,PIT,home,5.0,3.0,1.0,66.0,534.0,534.0,534.0,21.0,21.0,0.0,2.0,2.0,0.5157462,0.5157462,-0.14268474,-1.371502,0.0,0.0,outdoors,58.0,11.0,0.0,,,0.0,0.0,0.0,0.0,0.0,31.0,4620.0,GO,false,,true,true
4648.0,2018_01_PIT_CLE,2018,REG,1,2018-09-09,CLE,PIT,CLE,PIT,home,5.0,4.0,1.0,66.0,530.0,530.0,530.0,21.0,21.0,0.0,2.0,2.0,0.3730614,0.3730614,0.20206232,-0.29280964,0.0,0.0,outdoors,58.0,11.0,0.0,,49.0,1.0,0.0,0.0,0.0,0.0,31.0,4648.0,PUNT,false,,true,true
4667.0,2018_01_PIT_CLE,2018,REG,1,2018-09-09,CLE,PIT,PIT,CLE,away,5.0,1.0,10.0,83.0,523.0,523.0,523.0,21.0,21.0,0.0,2.0,2.0,0.42487627,0.42487627,-0.03404016,-0.25093654,1.0,0.0,outdoors,58.0,11.0,0.0,,,0.0,0.0,0.0,0.0,0.0,32.0,4667.0,GO,false,,false,false
4688.0,2018_01_PIT_CLE,2018,REG,1,2018-09-09,CLE,PIT,PIT,CLE,away,5.0,2.0,8.0,81.0,488.0,488.0,488.0,21.0,21.0,0.0,2.0,2.0,0.39083612,0.39083612,0.15668559,1.6472853,1.0,0.0,outdoors,58.0,11.0,0.0,,,0.0,0.0,0.0,0.0,0.0,32.0,4688.0,GO,false,,false,false
4712.0,2018_01_PIT_CLE,2018,REG,1,2018-09-09,CLE,PIT,PIT,CLE,away,5.0,1.0,10.0,62.0,454.0,454.0,454.0,21.0,21.0,0.0,2.0,2.0,0.5475217,0.5475217,-0.1190774,-1.020447,1.0,0.0,outdoors,58.0,11.0,0.0,,,0.0,0.0,0.0,0.0,0.0,32.0,4712.0,GO,false,,false,false
4751.0,2018_01_PIT_CLE,2018,REG,1,2018-09-09,CLE,PIT,PIT,CLE,away,5.0,1.0,20.0,72.0,425.0,425.0,425.0,21.0,21.0,0.0,2.0,2.0,0.4284443,0.4284443,-0.04681199,-0.48979574,1.0,0.0,outdoors,58.0,11.0,0.0,,,0.0,0.0,0.0,0.0,0.0,32.0,4751.0,GO,false,,false,false
4762.0,2018_01_PIT_CLE,2018,REG,1,2018-09-09,CLE,PIT,PIT,CLE,away,5.0,2.0,20.0,72.0,420.0,420.0,420.0,21.0,21.0,0.0,2.0,2.0,0.3816323,0.3816323,-0.15836605,-1.5032636,1.0,0.0,outdoors,58.0,11.0,0.0,,,0.0,0.0,0.0,0.0,0.0,32.0,4762.0,GO,false,,false,false
4809.0,2018_01_PIT_CLE,2018,REG,1,2018-09-09,CLE,PIT,PIT,CLE,away,5.0,3.0,30.0,82.0,374.0,374.0,374.0,21.0,21.0,0.0,2.0,2.0,0.22326626,0.22326626,-0.009425726,0.08788383,1.0,0.0,outdoors,58.0,11.0,0.0,,,0.0,0.0,0.0,0.0,0.0,32.0,4809.0,GO,false,,false,false
4833.0,2018_01_PIT_CLE,2018,REG,1,2018-09-09,CLE,PIT,PIT,CLE,away,5.0,4.0,20.0,72.0,337.0,337.0,337.0,21.0,21.0,0.0,2.0,2.0,0.21384053,0.21384053,0.4165804,0.653639,0.0,0.0,outdoors,58.0,11.0,0.0,,53.0,1.0,0.0,0.0,0.0,0.0,32.0,4833.0,PUNT,false,,false,false
4875.0,2018_01_PIT_CLE,2018,REG,1,2018-09-09,CLE,PIT,CLE,PIT,home,5.0,1.0,10.0,81.0,329.0,329.0,329.0,21.0,21.0,0.0,2.0,2.0,0.36957905,0.36957905,-0.05382056,-0.46173048,1.0,0.0,outdoors,58.0,11.0,0.0,,,0.0,0.0,0.0,0.0,0.0,33.0,4875.0,GO,false,,true,false
4896.0,2018_01_PIT_CLE,2018,REG,1,2018-09-09,CLE,PIT,CLE,PIT,home,5.0,2.0,10.0,81.0,297.0,297.0,297.0,21.0,21.0,0.0,2.0,2.0,0.3157585,0.3157585,-0.07532808,-0.8490577,0.0,0.0,outdoors,58.0,11.0,0.0,,,0.0,0.0,0.0,0.0,0.0,33.0,4896.0,GO,false,,true,false
4924.0,2018_01_PIT_CLE,2018,REG,1,2018-09-09,CLE,PIT,CLE,PIT,home,5.0,3.0,11.0,82.0,290.0,290.0,290.0,21.0,21.0,0.0,2.0,2.0,0.2404304,0.2404304,-0.046405792,-0.28431067,1.0,0.0,outdoors,58.0,11.0,0.0,,,0.0,0.0,0.0,0.0,0.0,33.0,4924.0,GO,false,,true,false
4965.0,2018_01_PIT_CLE,2018,REG,1,2018-09-09,CLE,PIT,CLE,PIT,home,5.0,4.0,3.0,74.0,275.0,275.0,275.0,21.0,21.0,0.0,2.0,1.0,0.19402461,0.19402461,0.28828776,-1.0474126,0.0,0.0,outdoors,58.0,11.0,0.0,,29.0,1.0,0.0,0.0,0.0,0.0,33.0,4965.0,PUNT,false,,true,false
4983.0,2018_01_PIT_CLE,2018,REG,1,2018-09-09,CLE,PIT,PIT,CLE,away,5.0,1.0,10.0,55.0,271.0,271.0,271.0,21.0,21.0,0.0,1.0,2.0,0.5176876,0.5176876,-0.049897682,-0.46291068,1.0,0.0,outdoors,58.0,11.0,0.0,,,0.0,0.0,0.0,0.0,0.0,34.0,4983.0,GO,false,,false,false
5005.0,2018_01_PIT_CLE,2018,REG,1,2018-09-09,CLE,PIT,PIT,CLE,away,5.0,2.0,10.0,55.0,267.0,267.0,267.0,21.0,21.0,0.0,1.0,2.0,0.46778995,0.46778995,0.116817325,1.1101619,1.0,0.0,outdoors,58.0,11.0,0.0,,,0.0,0.0,0.0,0.0,0.0,34.0,5005.0,GO,false,,false,false
5029.0,2018_01_PIT_CLE,2018,REG,1,2018-09-09,CLE,PIT,PIT,CLE,away,5.0,1.0,10.0,43.0,230.0,230.0,230.0,21.0,21.0,0.0,1.0,2.0,0.5846073,0.5846073,-0.066103615,-0.5318593,1.0,0.0,outdoors,58.0,11.0,0.0,,,0.0,0.0,0.0,0.0,0.0,34.0,5029.0,GO,false,,false,false
5050.0,2018_01_PIT_CLE,2018,REG,1,2018-09-09,CLE,PIT,PIT,CLE,away,5.0,2.0,8.0,41.0,191.0,191.0,191.0,21.0,21.0,0.0,1.0,2.0,0.51850367,0.51850367,0.1677739,1.1348063,1.0,0.0,outdoors,58.0,11.0,0.0,,,0.0,0.0,0.0,0.0,0.0,34.0,5050.0,GO,false,,false,false
5074.0,2018_01_PIT_CLE,2018,REG,1,2018-09-09,CLE,PIT,PIT,CLE,away,5.0,1.0,10.0,31.0,147.0,147.0,147.0,21.0,21.0,0.0,1.0,2.0,0.68627757,0.68627757,0.0039356956,-0.19410594,0.0,0.0,outdoors,58.0,11.0,0.0,,,0.0,0.0,0.0,0.0,0.0,34.0,5074.0,GO,false,,false,false
5112.0,2018_01_PIT_CLE,2018,REG,1,2018-09-09,CLE,PIT,PIT,CLE,away,5.0,2.0,7.0,28.0,120.0,120.0,120.0,21.0,21.0,0.0,1.0,2.0,0.69021326,0.69021326,-0.097813435,-0.9411104,0.0,0.0,outdoors,58.0,11.0,0.0,,,0.0,0.0,0.0,0.0,0.0,34.0,5112.0,GO,false,,false,false
5150.0,2018_01_PIT_CLE,2018,REG,1,2018-09-09,CLE,PIT,PIT,CLE,away,5.0,3.0,9.0,30.0,114.0,114.0,114.0,21.0,21.0,0.0,1.0,1.0,0.59239984,0.59239984,0.23678684,0.019005438,1.0,0.0,outdoors,58.0,11.0,0.0,,,0.0,0.0,0.0,0.0,0.0,34.0,5150.0,GO,false,,false,false
5191.0,2018_01_PIT_CLE,2018,REG,1,2018-09-09,CLE,PIT,PIT,CLE,away,5.0,4.0,3.0,24.0,107.0,107.0,107.0,21.0,21.0,0.0,1.0,0.0,0.8291867,0.8291867,-0.09927268,-3.4455922,0.0,0.0,outdoors,58.0,11.0,1.0,missed,42.0,0.0,0.0,0.0,0.0,0.0,34.0,5191.0,FG,false,false,false,false
5211.0,2018_01_PIT_CLE,2018,REG,1,2018-09-09,CLE,PIT,CLE,PIT,home,5.0,1.0,10.0,68.0,104.0,104.0,104.0,21.0,21.0,0.0,0.0,1.0,0.270086,0.270086,-0.033258054,-0.23633143,1.0,0.0,outdoors,58.0,11.0,0.0,,,0.0,0.0,0.0,0.0,0.0,35.0,5211.0,GO,false,,true,false
5233.0,2018_01_PIT_CLE,2018,REG,1,2018-09-09,CLE,PIT,CLE,PIT,home,5.0,2.0,10.0,68.0,99.0,99.0,99.0,21.0,21.0,0.0,0.0,1.0,0.23682795,0.23682795,-0.043837447,-0.3135764,1.0,0.0,outdoors,58.0,11.0,0.0,,,0.0,0.0,0.0,0.0,0.0,35.0,5233.0,GO,false,,true,false
5276.0,2018_01_PIT_CLE,2018,REG,1,2018-09-09,CLE,PIT,CLE,PIT,home,5.0,3.0,10.0,68.0,96.0,96.0,96.0,21.0,21.0,0.0,0.0,1.0,0.1929905,0.1929905,-0.06968829,-0.42961746,1.0,0.0,outdoors,58.0,11.0,0.0,,,0.0,0.0,0.0,0.0,0.0,35.0,5276.0,GO,false,,true,false
5298.0,2018_01_PIT_CLE,2018,REG,1,2018-09-09,CLE,PIT,CLE,PIT,home,5.0,4.0,10.0,68.0,88.0,88.0,88.0,21.0,21.0,0.0,0.0,1.0,0.123302214,0.123302214,0.70371866,-0.63755894,0.0,0.0,outdoors,58.0,11.0,0.0,,52.0,1.0,0.0,0.0,0.0,0.0,35.0,5298.0,PUNT,false,,true,false
5323.0,2018_01_PIT_CLE,2018,REG,1,2018-09-09,CLE,PIT,PIT,CLE,away,5.0,1.0,10.0,74.0,77.0,77.0,77.0,21.0,21.0,0.0,1.0,0.0,0.17297913,0.17297913,0.054082848,0.29740116,1.0,0.0,outdoors,58.0,11.0,0.0,,,0.0,0.0,0.0,0.0,0.0,36.0,5323.0,GO,false,,false,false
5347.0,2018_01_PIT_CLE,2018,REG,1,2018-09-09,CLE,PIT,PIT,CLE,away,5.0,1.0,10.0,62.0,52.0,52.0,52.0,21.0,21.0,0.0,1.0,0.0,0.22706199,0.22706199,-0.061769716,-0.3206977,1.0,1.0,outdoors,58.0,11.0,0.0,,,0.0,0.0,0.0,0.0,0.0,36.0,5347.0,GO,false,,false,false
5369.0,2018_01_PIT_CLE,2018,REG,1,2018-09-09,CLE,PIT,PIT,CLE,away,5.0,2.0,10.0,62.0,48.0,48.0,48.0,21.0,21.0,0.0,1.0,0.0,0.16529228,0.16529228,0.28003803,-2.8738704,1.0,0.0,outdoors,58.0,11.0,0.0,,,0.0,0.0,0.0,0.0,0.0,36.0,5369.0,GO,false,,false,false
5427.0,2018_01_PIT_CLE,2018,REG,1,2018-09-09,CLE,PIT,CLE,PIT,home,5.0,1.0,10.0,24.0,36.0,36.0,36.0,21.0,21.0,0.0,0.0,0.0,0.5546697,0.5546697,0.01205419,-0.579816,0.0,0.0,outdoors,58.0,11.0,0.0,,,0.0,0.0,0.0,0.0,0.0,37.0,5427.0,GO,false,,true,false
5449.0,2018_01_PIT_CLE,2018,REG,1,2018-09-09,CLE,PIT,CLE,PIT,home,5.0,2.0,11.0,25.0,14.0,14.0,14.0,21.0,21.0,0.0,0.0,0.0,0.5667239,0.5667239,0.23478311,0.5402602,0.0,1.0,outdoors,58.0,11.0,0.0,,,0.0,0.0,0.0,1.0,0.0,37.0,5449.0,GO,false,,true,false
5480.0,2018_01_PIT_CLE,2018,REG,1,2018-09-09,CLE,PIT,CLE,PIT,home,5.0,3.0,11.0,25.0,13.0,13.0,13.0,21.0,21.0,0.0,0.0,0.0,0.801507,0.801507,0.17463434,-2.449254,0.0,0.0,outdoors,58.0,11.0,1.0,blocked,43.0,0.0,0.0,0.0,0.0,0.0,37.0,5480.0,FG,false,false,true,false
5511.0,2018_01_PIT_CLE,2018,REG,1,2018-09-09,CLE,PIT,PIT,CLE,away,5.0,1.0,10.0,67.0,9.0,9.0,9.0,21.0,21.0,0.0,0.0,0.0,0.023858653,0.023858653,0.47614133,-0.06108849,1.0,0.0,outdoors,58.0,11.0,0.0,,,0.0,0.0,0.0,0.0,0.0,38.0,5511.0,GO,false,,false,false
5542.0,2018_01_PIT_CLE,2018,REG,1,2018-09-09,CLE,PIT,PIT,CLE,away,5.0,,0.0,,0.0,0.0,0.0,21.0,21.0,0.0,0.0,0.0,,,,,0.0,0.0,outdoors,58.0,11.0,,,,,,,0.0,0.0,38.0,5542.0,GO,,,false,false
4449.0,2019_10_SEA_SF,2019,REG,10,2019-11-11,SF,SEA,SEA,SF,away,5.0,,0.0,35.0,600.0,600.0,600.0,24.0,24.0,0.0,2.0,2.0,0.50375366,0.50375366,-0.0,-0.0,0.0,0.0,outdoors,77.0,3.0,0.0,,65.0,0.0,0.0,0.0,0.0,0.0,27.0,4449.0,GO,false,,false,true
4464.0,2019_10_SEA_SF,2019,REG,10,2019-11-11,SF,SEA,SEA,SF,away,5.0,1.0,10.0,75.0,600.0,600.0,600.0,24.0,24.0,0.0,2.0,2.0,0.50375366,0.50375366,0.0076661557,0.2193905,1.0,0.0,outdoors,77.0,3.0,0.0,,,0.0,0.0,0.0,0.0,0.0,27.0,4464.0,GO,false,,false,true
4493.0,2019_10_SEA_SF,2019,REG,10,2019-11-11,SF,SEA,SEA,SF,away,5.0,2.0,3.0,68.0,575.0,575.0,575.0,24.0,24.0,0.0,2.0,2.0,0.51141983,0.51141983,-0.06462562,-0.72241306,1.0,0.0,outdoors,77.0,3.0,0.0,,,0.0,0.0,0.0,0.0,0.0,27.0,4493.0,GO,false,,false,true
4519.0,2019_10_SEA_SF,2019,REG,10,2019-11-11,SF,SEA,SEA,SF,away,5.0,3.0,3.0,68.0,571.0,571.0,571.0,24.0,24.0,0.0,2.0,2.0,0.4467942,0.4467942,0.1884584,1.834112,1.0,0.0,outdoors,77.0,3.0,0.0,,,0.0,0.0,0.0,0.0,0.0,27.0,4519.0,GO,false,,false,true
4543.0,2019_10_SEA_SF,2019,REG,10,2019-11-11,SF,SEA,SEA,SF,away,5.0,1.0,10.0,54.0,544.0,544.0,544.0,24.0,24.0,0.0,2.0,2.0,0.6352526,0.6352526,-0.04815954,-0.47248635,1.0,0.0,outdoors,77.0,3.0,0.0,,,0.0,0.0,0.0,0.0,0.0,27.0,4543.0,GO,false,,false,true
4569.0,2019_10_SEA_SF,2019,REG,10,2019-11-11,SF,SEA,SEA,SF,away,5.0,2.0,10.0,54.0,540.0,540.0,540.0,24.0,24.0,0.0,2.0,2.0,0.58709306,0.58709306,-0.16971561,-1.5360007,1.0,0.0,outdoors,77.0,3.0,0.0,,,0.0,0.0,0.0,0.0,0.0,27.0,4569.0,GO,false,,false,true
4597.0,2019_10_SEA_SF,2019,REG,10,2019-11-11,SF,SEA,SEA,SF,away,5.0,3.0,16.0,60.0,492.0,492.0,492.0,24.0,24.0,0.0,2.0,2.0,0.41737747,0.41737747,0.36869058,3.2900078,1.0,0.0,outdoors,77.0,3.0,0.0,,,0.0,0.0,0.0,0.0,0.0,27.0,4597.0,GO,false,,false,true
4680.0,2019_10_SEA_SF,2019,REG,10,2019-11-11,SF,SEA,SEA,SF,away,5.0,1.0,10.0,32.0,426.0,426.0,426.0,24.0,24.0,0.0,2.0,2.0,0.786068,0.786068,0.08681663,0.83475935,1.0,0.0,outdoors,77.0,3.0,0.0,,,0.0,0.0,0.0,0.0,0.0,27.0,4680.0,GO,false,,false,true
4713.0,2019_10_SEA_SF,2019,REG,10,2019-11-11,SF,SEA,SEA,SF,away,5.0,1.0,10.0,19.0,391.0,391.0,391.0,24.0,24.0,0.0,2.0,2.0,0.8728847,0.8728847,0.017238457,0.20140524,1.0,0.0,outdoors,77.0,3.0,0.0,,,0.0,0.0,0.0,0.0,0.0,27.0,4713.0,GO,false,,false,true
4738.0,2019_10_SEA_SF,2019,REG,10,2019-11-11,SF,SEA,SEA,SF,away,5.0,2.0,5.0,14.0,349.0,349.0,349.0,24.0,24.0,0.0,2.0,2.0,0.8901231,0.8901231,-0.50168484,-7.1544313,1.0,0.0,outdoors,77.0,3.0,0.0,,,0.0,0.0,0.0,0.0,0.0,27.0,4738.0,GO,false,,false,true
4769.0,2019_10_SEA_SF,2019,REG,10,2019-11-11,SF,SEA,SF,SEA,home,5.0,1.0,10.0,49.0,334.0,334.0,334.0,24.0,24.0,0.0,2.0,2.0,0.6115617,0.6115617,-0.019418411,-0.17536369,0.0,0.0,outdoors,77.0,3.0,0.0,,,0.0,0.0,0.0,0.0,0.0,28.0,4769.0,GO,false,,true,false
4794.0,2019_10_SEA_SF,2019,REG,10,2019-11-11,SF,SEA,SF,SEA,home,5.0,2.0,6.0,45.0,298.0,298.0,298.0,24.0,24.0,0.0,2.0,2.0,0.5921433,0.5921433,-0.07137638,-0.4971302,0.0,0.0,outdoors,77.0,3.0,0.0,,,0.0,0.0,0.0,0.0,0.0,28.0,4794.0,GO,false,,true,false
4833.0,2019_10_SEA_SF,2019,REG,10,2019-11-11,SF,SEA,SF,SEA,home,5.0,3.0,6.0,45.0,292.0,292.0,292.0,24.0,24.0,0.0,1.0,2.0,0.5207669,0.5207669,0.16826403,1.3713435,1.0,0.0,outdoors,77.0,3.0,0.0,,,0.0,0.0,0.0,0.0,0.0,28.0,4833.0,GO,false,,true,false
4866.0,2019_10_SEA_SF,2019,REG,10,2019-11-11,SF,SEA,SF,SEA,home,5.0,1.0,10.0,38.0,288.0,288.0,288.0,24.0,24.0,0.0,1.0,2.0,0.68903095,0.68903095,0.057244938,0.37357348,0.0,0.0,outdoors,77.0,3.0,0.0,,,0.0,0.0,0.0,0.0,0.0,28.0,4866.0,GO,false,,true,false
4887.0,2019_10_SEA_SF,2019,REG,10,2019-11-11,SF,SEA,SF,SEA,home,5.0,2.0,2.0,30.0,250.0,250.0,250.0,24.0,24.0,0.0,1.0,2.0,0.7462759,0.7462759,-0.04408496,-0.54791784,0.0,0.0,outdoors,77.0,3.0,0.0,,,0.0,0.0,0.0,0.0,0.0,28.0,4887.0,GO,false,,true,false
4908.0,2019_10_SEA_SF,2019,REG,10,2019-11-11,SF,SEA,SF,SEA,home,5.0,3.0,2.0,30.0,206.0,206.0,206.0,24.0,24.0,0.0,1.0,2.0,0.70219094,0.70219094,0.050576024,-1.2565079,1.0,0.0,outdoors,77.0,3.0,0.0,,,0.0,0.0,0.0,0.0,0.0,28.0,4908.0,GO,false,,true,false
4989.0,2019_10_SEA_SF,2019,REG,10,2019-11-11,SF,SEA,SF,SEA,home,5.0,4.0,1.0,29.0,190.0,190.0,190.0,24.0,24.0,0.0,1.0,1.0,0.75276697,0.75276697,-0.11603428,-3.205904,0.0,0.0,outdoors,77.0,3.0,1.0,missed,47.0,0.0,0.0,0.0,0.0,0.0,28.0,4989.0,FG,false,false,true,false
5009.0,2019_10_SEA_SF,2019,REG,10,2019-11-11,SF,SEA,SEA,SF,away,5.0,1.0,10.0,63.0,186.0,186.0,186.0,24.0,24.0,0.0,1.0,1.0,0.3632673,0.3632673,-0.0061004194,-0.0069539365,0.0,0.0,outdoors,77.0,3.0,0.0,,,0.0,0.0,0.0,0.0,0.0,29.0,5009.0,GO,false,,false,false
5030.0,2019_10_SEA_SF,2019,REG,10,2019-11-11,SF,SEA,SEA,SF,away,5.0,2.0,3.0,56.0,157.0,157.0,157.0,24.0,24.0,0.0,1.0,1.0,0.3571669,0.3571669,-0.06895449,-0.070154205,1.0,0.0,outdoors,77.0,3.0,0.0,,,0.0,0.0,0.0,0.0,0.0,29.0,5030.0,GO,false,,false,false
5085.0,2019_10_SEA_SF,2019,REG,10,2019-11-11,SF,SEA,SEA,SF,away,5.0,3.0,2.0,55.0,120.0,120.0,120.0,24.0,24.0,0.0,0.0,1.0,0.28821242,0.28821242,-0.12176894,-0.8398439,1.0,0.0,outdoors,77.0,3.0,0.0,,,0.0,0.0,0.0,0.0,0.0,29.0,5085.0,GO,false,,false,false
5107.0,2019_10_SEA_SF,2019,REG,10,2019-11-11,SF,SEA,SEA,SF,away,5.0,4.0,2.0,55.0,117.0,117.0,117.0,24.0,24.0,0.0,0.0,1.0,0.16644347,0.16644347,0.65173554,-0.9075811,0.0,0.0,outdoors,77.0,3.0,0.0,,35.0,1.0,0.0,0.0,0.0,0.0,29.0,5107.0,PUNT,false,,false,false
5126.0,2019_10_SEA_SF,2019,REG,10,2019-11-11,SF,SEA,SF,SEA,home,5.0,1.0,10.0,80.0,110.0,110.0,110.0,24.0,24.0,0.0,1.0,0.0,0.181821,0.181821,-0.028403554,-0.23094569,1.0,0.0,outdoors,77.0,3.0,0.0,,,0.0,0.0,0.0,0.0,0.0,30.0,5126.0,GO,false,,true,false
5148.0,2019_10_SEA_SF,2019,REG,10,2019-11-11,SF,SEA,SF,SEA,home,5.0,2.0,10.0,80.0,106.0,106.0,106.0,24.0,24.0,0.0,1.0,0.0,0.15341745,0.15341745,-0.026918724,-0.19519624,1.0,0.0,outdoors,77.0,3.0,0.0,,,0.0,0.0,0.0,0.0,0.0,30.0,5148.0,GO,false,,true,false
5170.0,2019_10_SEA_SF,2019,REG,10,2019-11-11,SF,SEA,SF,SEA,home,5.0,3.0,10.0,80.0,102.0,102.0,102.0,24.0,24.0,0.0,1.0,0.0,0.12649873,0.12649873,-0.039614767,-0.5128296,1.0,0.0,outdoors,77.0,3.0,0.0,,,0.0,0.0,0.0,0.0,0.0,30.0,5170.0,GO,false,,true,false
5192.0,2019_10_SEA_SF,2019,REG,10,2019-11-11,SF,SEA,SF,SEA,home,5.0,4.0,10.0,80.0,96.0,96.0,96.0,24.0,24.0,0.0,1.0,0.0,0.08688396,0.08688396,0.6499061,-0.57539696,0.0,0.0,outdoors,77.0,3.0,0.0,,48.0,1.0,0.0,0.0,0.0,0.0,30.0,5192.0,PUNT,false,,true,false
5217.0,2019_10_SEA_SF,2019,REG,10,2019-11-11,SF,SEA,SEA,SF,away,5.0,1.0,10.0,64.0,85.0,85.0,85.0,24.0,24.0,0.0,0.0,1.0,0.26320997,0.26320997,-0.02568854,-0.22742541,1.0,0.0,outdoors,77.0,3.0,0.0,,,0.0,0.0,0.0,0.0,0.0,31.0,5217.0,GO,false,,false,false
5250.0,2019_10_SEA_SF,2019,REG,10,2019-11-11,SF,SEA,SEA,SF,away,5.0,2.0,7.0,61.0,81.0,81.0,81.0,24.0,24.0,0.0,0.0,1.0,0.23752141,0.23752141,-0.015043183,-0.013848676,1.0,0.0,outdoors,77.0,3.0,0.0,,,0.0,0.0,0.0,0.0,0.0,31.0,5250.0,GO,false,,false,false
5279.0,2019_10_SEA_SF,2019,REG,10,2019-11-11,SF,SEA,SEA,SF,away,5.0,3.0,3.0,57.0,76.0,76.0,76.0,24.0,24.0,0.0,0.0,1.0,0.22247823,0.22247823,0.26881808,1.439192,1.0,0.0,outdoors,77.0,3.0,0.0,,,0.0,0.0,0.0,0.0,0.0,31.0,5279.0,GO,false,,false,false
4030.0,2018_05_DAL_HOU,2018,REG,5,2018-10-07,HOU,DAL,DAL,HOU,away,5.0,,0.0,35.0,600.0,600.0,600.0,16.0,16.0,0.0,2.0,2.0,0.56040126,0.56040126,-0.0,-0.0,0.0,0.0,closed,,,0.0,,65.0,0.0,0.0,0.0,0.0,0.0,24.0,4030.0,GO,false,,false,true
4045.0,2018_05_DAL_HOU,2018,REG,5,2018-10-07,HOU,DAL,DAL,HOU,away,5.0,1.0,10.0,75.0,600.0,600.0,600.0,16.0,16.0,0.0,2.0,2.0,0.56040126,0.56040126,-0.097120024,-0.9809166,0.0,0.0,closed,,,0.0,,,0.0,0.0,0.0,0.0,0.0,24.0,4045.0,GO,false,,false,true
4066.0,2018_05_DAL_HOU,2018,REG,5,2018-10-07,HOU,DAL,DAL,HOU,away,5.0,2.0,11.0,76.0,569.0,569.0,569.0,16.0,16.0,0.0,2.0,2.0,0.46328124,0.46328124,0.08881001,1.0988758,1.0,0.0,closed,,,0.0,,,0.0,0.0,0.0,0.0,0.0,24.0,4066.0,GO,false,,false,true
4090.0,2018_05_DAL_HOU,2018,REG,5,2018-10-07,HOU,DAL,DAL,HOU,away,5.0,3.0,1.0,66.0,530.0,530.0,530.0,16.0,16.0,0.0,2.0,2.0,0.55209124,0.55209124,0.06167762,0.64536124,0.0,0.0,closed,,,0.0,,,0.0,0.0,0.0,0.0,0.0,24.0,4090.0,GO,false,,false,true
4111.0,2018_05_DAL_HOU,2018,REG,5,2018-10-07,HOU,DAL,DAL,HOU,away,5.0,1.0,10.0,62.0,488.0,488.0,488.0,16.0,16.0,0.0,2.0,2.0,0.6137689,0.6137689,0.068083696,0.7421425,0.0,0.0,closed,,,0.0,,,0.0,0.0,0.0,0.0,0.0,24.0,4111.0,GO,false,,false,true
4140.0,2018_05_DAL_HOU,2018,REG,5,2018-10-07,HOU,DAL,DAL,HOU,away,5.0,1.0,10.0,51.0,456.0,456.0,456.0,16.0,16.0,0.0,2.0,2.0,0.6818526,0.6818526,-0.05273369,-0.46194905,0.0,0.0,closed,,,0.0,,,0.0,0.0,0.0,0.0,0.0,24.0,4140.0,GO,false,,false,true
4161.0,2018_05_DAL_HOU,2018,REG,5,2018-10-07,HOU,DAL,DAL,HOU,away,5.0,2.0,9.0,50.0,415.0,415.0,415.0,16.0,16.0,0.0,2.0,2.0,0.62911886,0.62911886,0.062229037,0.7343752,1.0,0.0,closed,,,0.0,,,0.0,0.0,0.0,0.0,0.0,24.0,4161.0,GO,false,,false,true
4190.0,2018_05_DAL_HOU,2018,REG,5,2018-10-07,HOU,DAL,DAL,HOU,away,5.0,3.0,1.0,42.0,383.0,383.0,383.0,16.0,16.0,0.0,2.0,2.0,0.6913479,0.6913479,-0.17939389,-1.4654762,1.0,0.0,closed,,,0.0,,,0.0,0.0,0.0,0.0,0.0,24.0,4190.0,GO,false,,false,true
4211.0,2018_05_DAL_HOU,2018,REG,5,2018-10-07,HOU,DAL,DAL,HOU,away,5.0,4.0,1.0,42.0,340.0,340.0,340.0,16.0,16.0,0.0,2.0,2.0,0.51195407,0.51195407,0.12099149,-1.608514,0.0,0.0,closed,,,0.0,,32.0,1.0,0.0,0.0,0.0,0.0,24.0,4211.0,PUNT,false,,false,true
4230.0,2018_05_DAL_HOU,2018,REG,5,2018-10-07,HOU,DAL,HOU,DAL,home,5.0,1.0,10.0,90.0,333.0,333.0,333.0,16.0,16.0,0.0,2.0,2.0,0.36705446,0.36705446,-0.05349301,-0.48853067,1.0,0.0,closed,,,0.0,,,0.0,0.0,0.0,0.0,0.0,25.0,4230.0,GO,false,,true,false
4251.0,2018_05_DAL_HOU,2018,REG,5,2018-10-07,HOU,DAL,HOU,DAL,home,5.0,2.0,9.0,89.0,297.0,297.0,297.0,16.0,16.0,0.0,2.0,2.0,0.31356147,0.31356147,0.10555041,1.286201,1.0,0.0,closed,,,0.0,,,0.0,0.0,0.0,0.0,0.0,25.0,4251.0,GO,false,,true,false
4275.0,2018_05_DAL_HOU,2018,REG,5,2018-10-07,HOU,DAL,HOU,DAL,home,5.0,1.0,10.0,77.0,268.0,268.0,268.0,16.0,16.0,0.0,2.0,2.0,0.41911188,0.41911188,-0.06706072,-0.5175861,0.0,0.0,closed,,,0.0,,,0.0,0.0,0.0,0.0,0.0,25.0,4275.0,GO,false,,true,false
4296.0,2018_05_DAL_HOU,2018,REG,5,2018-10-07,HOU,DAL,HOU,DAL,home,5.0,2.0,9.0,76.0,227.0,227.0,227.0,16.0,16.0,0.0,2.0,2.0,0.35205114,0.35205114,0.41972166,3.5485027,1.0,0.0,closed,,,0.0,,,0.0,0.0,0.0,0.0,0.0,25.0,4296.0,GO,false,,true,false
4337.0,2018_05_DAL_HOU,2018,REG,5,2018-10-07,HOU,DAL,HOU,DAL,home,5.0,1.0,10.0,27.0,168.0,168.0,168.0,16.0,16.0,0.0,1.0,2.0,0.7717728,0.7717728,-0.078514345,-0.8780303,0.0,0.0,closed,,,0.0,,,0.0,0.0,0.0,0.0,0.0,25.0,4337.0,GO,false,,true,false
4375.0,2018_05_DAL_HOU,2018,REG,5,2018-10-07,HOU,DAL,HOU,DAL,home,5.0,2.0,9.0,26.0,162.0,162.0,162.0,16.0,16.0,0.0,1.0,1.0,0.69325846,0.69325846,0.09399757,1.0022724,0.0,0.0,closed,,,0.0,,,0.0,0.0,0.0,0.0,0.0,25.0,4375.0,GO,false,,true,false
4413.0,2018_05_DAL_HOU,2018,REG,5,2018-10-07,HOU,DAL,HOU,DAL,home,5.0,3.0,1.0,18.0,120.0,120.0,120.0,16.0,16.0,0.0,1.0,1.0,0.78725606,0.78725606,0.12596388,-1.3874835,0.0,0.0,closed,,,0.0,,,0.0,0.0,0.0,0.0,0.0,25.0,4413.0,GO,false,,true,false
4451.0,2018_05_DAL_HOU,2018,REG,5,2018-10-07,HOU,DAL,HOU,DAL,home,5.0,4.0,1.0,18.0,115.0,115.0,115.0,16.0,16.0,0.0,1.0,0.0,0.9132199,0.9132199,0.08678007,0.35708916,0.0,0.0,closed,,,1.0,made,36.0,0.0,0.0,0.0,0.0,0.0,25.0,4451.0,FG,false,true,true,false
4470.0,2018_05_DAL_HOU,2018,REG,5,2018-10-07,HOU,DAL,HOU,DAL,home,5.0,,0.0,,110.0,110.0,110.0,19.0,16.0,3.0,1.0,0.0,,,,,0.0,0.0,closed,,,,,,,,,0.0,0.0,25.0,4470.0,GO,,,true,false
4812.0,2018_13_CHI_NYG,2018,REG,13,2018-12-02,NYG,CHI,NYG,CHI,home,5.0,,0.0,35.0,600.0,600.0,600.0,27.0,27.0,0.0,2.0,2.0,0.5268756,0.5268756,0.0,0.0,0.0,0.0,outdoors,52.0,3.0,0.0,,65.0,0.0,0.0,0.0,0.0,0.0,27.0,4812.0,GO,false,,true,true
4827.0,2018_13_CHI_NYG,2018,REG,13,2018-12-02,NYG,CHI,NYG,CHI,home,5.0,1.0,10.0,75.0,600.0,600.0,600.0,27.0,27.0,0.0,2.0,2.0,0.5268756,0.5268756,0.17598854,1.6658983,0.0,0.0,outdoors,52.0,3.0,0.0,,,0.0,0.0,0.0,0.0,0.0,27.0,4827.0,GO,false,,true,true
4855.0,2018_13_CHI_NYG,2018,REG,13,2018-12-02,NYG,CHI,NYG,CHI,home,5.0,1.0,10.0,46.0,563.0,563.0,563.0,27.0,27.0,0.0,2.0,2.0,0.70286417,0.70286417,0.002412137,0.041929755,1.0,0.0,outdoors,52.0,3.0,0.0,,,0.0,0.0,0.0,0.0,0.0,27.0,4855.0,GO,false,,true,true
4880.0,2018_13_CHI_NYG,2018,REG,13,2018-12-02,NYG,CHI,NYG,CHI,home,5.0,2.0,5.0,41.0,524.0,524.0,524.0,27.0,27.0,0.0,2.0,2.0,0.7052763,0.7052763,0.0018426417,-0.07519456,0.0,0.0,outdoors,52.0,3.0,0.0,,,0.0,0.0,0.0,0.0,0.0,27.0,4880.0,GO,false,,true,true
4919.0,2018_13_CHI_NYG,2018,REG,13,2018-12-02,NYG,CHI,NYG,CHI,home,5.0,3.0,2.0,38.0,479.0,479.0,479.0,27.0,27.0,0.0,1.0,2.0,0.707119,0.707119,0.114946984,0.9425742,1.0,0.0,outdoors,52.0,3.0,0.0,,,0.0,0.0,0.0,0.0,0.0,27.0,4919.0,GO,false,,true,true
4944.0,2018_13_CHI_NYG,2018,REG,13,2018-12-02,NYG,CHI,NYG,CHI,home,5.0,1.0,10.0,30.0,444.0,444.0,444.0,27.0,27.0,0.0,1.0,2.0,0.82206595,0.82206595,0.052501697,0.46807295,0.0,0.0,outdoors,52.0,3.0,0.0,,,0.0,0.0,0.0,0.0,0.0,27.0,4944.0,GO,false,,true,true
4966.0,2018_13_CHI_NYG,2018,REG,13,2018-12-02,NYG,CHI,NYG,CHI,home,5.0,2.0,3.0,23.0,407.0,407.0,407.0,27.0,27.0,0.0,1.0,2.0,0.8745676,0.8745676,-0.06719287,-1.086962,0.0,0.0,outdoors,52.0,3.0,0.0,,,0.0,0.0,0.0,0.0,0.0,27.0,4966.0,GO,false,,true,true
4988.0,2018_13_CHI_NYG,2018,REG,13,2018-12-02,NYG,CHI,NYG,CHI,home,5.0,3.0,6.0,26.0,367.0,367.0,367.0,27.0,27.0,0.0,1.0,2.0,0.8073748,0.8073748,0.01662718,-1.0969515,1.0,0.0,outdoors,52.0,3.0,0.0,,,0.0,0.0,0.0,0.0,0.0,27.0,4988.0,GO,false,,true,true
5010.0,2018_13_CHI_NYG,2018,REG,13,2018-12-02,NYG,CHI,NYG,CHI,home,5.0,4.0,6.0,26.0,360.0,360.0,360.0,27.0,27.0,0.0,1.0,2.0,0.82400197,0.82400197,-0.2185275,0.9860747,0.0,0.0,outdoors,52.0,3.0,1.0,made,44.0,0.0,0.0,0.0,0.0,0.0,27.0,5010.0,FG,false,true,true,true
5029.0,2018_13_CHI_NYG,2018,REG,13,2018-12-02,NYG,CHI,CHI,NYG,away,5.0,,0.0,35.0,357.0,357.0,357.0,27.0,30.0,-3.0,2.0,1.0,0.39452556,0.39452556,-0.0,-0.0,0.0,0.0,outdoors,52.0,3.0,0.0,,65.0,0.0,0.0,0.0,0.0,0.0,28.0,5029.0,GO,false,,false,false
5044.0,2018_13_CHI_NYG,2018,REG,13,2018-12-02,NYG,CHI,CHI,NYG,away,5.0,1.0,10.0,75.0,357.0,357.0,357.0,27.0,30.0,-3.0,2.0,1.0,0.39452556,0.39452556,0.021298645,0.3402169,1.0,0.0,outdoors,52.0,3.0,0.0,,,0.0,0.0,0.0,0.0,0.0,28.0,5044.0,GO,false,,false,false
5066.0,2018_13_CHI_NYG,2018,REG,13,2018-12-02,NYG,CHI,CHI,NYG,away,5.0,2.0,3.0,68.0,327.0,327.0,327.0,27.0,30.0,-3.0,2.0,1.0,0.4158242,0.4158242,-0.1823541,-1.7825304,1.0,0.0,outdoors,52.0,3.0,0.0,,,0.0,0.0,0.0,0.0,0.0,28.0,5066.0,GO,false,,false,false
5093.0,2018_13_CHI_NYG,2018,REG,13,2018-12-02,NYG,CHI,CHI,NYG,away,5.0,3.0,12.0,77.0,284.0,284.0,284.0,27.0,30.0,-3.0,2.0,1.0,0.2334701,0.2334701,-0.04651575,-0.44505033,1.0,0.0,outdoors,52.0,3.0,0.0,,,0.0,0.0,0.0,0.0,0.0,28.0,5093.0,GO,false,,false,false
5124.0,2018_13_CHI_NYG,2018,REG,13,2018-12-02,NYG,CHI,CHI,NYG,away,5.0,4.0,7.0,72.0,278.0,278.0,278.0,27.0,30.0,-3.0,2.0,1.0,0.18695435,0.18695435,0.20505887,2.385394,1.0,0.0,outdoors,52.0,3.0,0.0,,,0.0,1.0,0.0,0.0,0.0,28.0,5124.0,GO,true,,false,false
5149.0,2018_13_CHI_NYG,2018,REG,13,2018-12-02,NYG,CHI,CHI,NYG,away,5.0,1.0,10.0,62.0,241.0,241.0,241.0,27.0,30.0,-3.0,2.0,1.0,0.39201322,0.39201322,0.052026752,0.4464786,1.0,0.0,outdoors,52.0,3.0,0.0,,,0.0,0.0,0.0,0.0,0.0,28.0,5149.0,GO,false,,false,false
5180.0,2018_13_CHI_NYG,2018,REG,13,2018-12-02,NYG,CHI,CHI,NYG,away,5.0,2.0,2.0,54.0,237.0,237.0,237.0,27.0,30.0,-3.0,2.0,1.0,0.44403997,0.44403997,-0.119862966,-0.9355045,1.0,0.0,outdoors,52.0,3.0,0.0,,,0.0,0.0,0.0,0.0,0.0,28.0,5180.0,GO,false,,false,false
5206.0,2018_13_CHI_NYG,2018,REG,13,2018-12-02,NYG,CHI,CHI,NYG,away,5.0,3.0,4.0,56.0,198.0,198.0,198.0,27.0,30.0,-3.0,2.0,1.0,0.324177,0.324177,-0.15516306,-1.0603888,1.0,0.0,outdoors,52.0,3.0,0.0,,,0.0,0.0,0.0,0.0,0.0,28.0,5206.0,GO,false,,false,false
5253.0,2018_13_CHI_NYG,2018,REG,13,2018-12-02,NYG,CHI,CHI,NYG,away,5.0,4.0,8.0,60.0,176.0,176.0,176.0,27.0,30.0,-3.0,1.0,1.0,0.16901395,0.16901395,-0.16901395,0.2674095,1.0,0.0,outdoors,52.0,3.0,0.0,,,0.0,0.0,1.0,0.0,0.0,28.0,5253.0,GO,false,,false,false
5275.0,2018_13_CHI_NYG,2018,REG,13,2018-12-02,NYG,CHI,NYG,CHI,home,5.0,,0.0,,169.0,169.0,169.0,30.0,27.0,3.0,1.0,1.0,,,,,0.0,0.0,outdoors,52.0,3.0,,,,,,,0.0,0.0,29.0,5275.0,GO,,,true,false
4270.0,2019_05_BAL_PIT,2019,REG,5,2019-10-06,PIT,BAL,BAL,PIT,away,5.0,,0.0,35.0,600.0,600.0,600.0,23.0,23.0,0.0,2.0,2.0,0.50375366,0.50375366,-0.0,-0.0,0.0,0.0,outdoors,70.0,7.0,0.0,,65.0,0.0,0.0,0.0,0.0,0.0,22.0,4270.0,GO,false,,false,true
4289.0,2019_05_BAL_PIT,2019,REG,5,2019-10-06,PIT,BAL,BAL,PIT,away,5.0,1.0,10.0,75.0,600.0,600.0,600.0,23.0,23.0,0.0,2.0,2.0,0.50375366,0.50375366,-0.09321262,-0.91207826,1.0,0.0,outdoors,70.0,7.0,0.0,,,0.0,0.0,0.0,0.0,0.0,22.0,4289.0,GO,false,,false,true
4310.0,2019_05_BAL_PIT,2019,REG,5,2019-10-06,PIT,BAL,BAL,PIT,away,5.0,2.0,11.0,76.0,562.0,562.0,562.0,23.0,23.0,0.0,2.0,2.0,0.41054106,0.41054106,-0.09606146,-0.9202317,1.0,0.0,outdoors,70.0,7.0,0.0,,,0.0,0.0,0.0,0.0,0.0,22.0,4310.0,GO,false,,false,true
4329.0,2019_05_BAL_PIT,2019,REG,5,2019-10-06,PIT,BAL,BAL,PIT,away,5.0,3.0,15.0,80.0,516.0,516.0,516.0,23.0,23.0,0.0,2.0,2.0,0.31447962,0.31447962,-0.07835518,-0.77091885,1.0,0.0,outdoors,70.0,7.0,0.0,,,0.0,0.0,0.0,0.0,0.0,22.0,4329.0,GO,false,,false,true
4364.0,2019_05_BAL_PIT,2019,REG,5,2019-10-06,PIT,BAL,BAL,PIT,away,5.0,4.0,14.0,79.0,503.0,503.0,503.0,23.0,23.0,0.0,2.0,2.0,0.23612443,0.23612443,0.2306153,0.15674365,0.0,0.0,outdoors,70.0,7.0,0.0,,47.0,1.0,0.0,0.0,0.0,0.0,22.0,4364.0,PUNT,false,,false,true
4383.0,2019_05_BAL_PIT,2019,REG,5,2019-10-06,PIT,BAL,PIT,BAL,home,5.0,1.0,10.0,68.0,496.0,496.0,496.0,23.0,23.0,0.0,2.0,2.0,0.5332603,0.5332603,-0.03482599,-0.24309605,1.0,0.0,outdoors,70.0,7.0,0.0,,,0.0,0.0,0.0,0.0,0.0,23.0,4383.0,GO,false,,true,false
4404.0,2019_05_BAL_PIT,2019,REG,5,2019-10-06,PIT,BAL,PIT,BAL,home,5.0,2.0,7.0,65.0,457.0,457.0,457.0,23.0,23.0,0.0,2.0,2.0,0.49843428,0.49843428,-0.2765983,-4.6825256,1.0,0.0,outdoors,70.0,7.0,0.0,,,0.0,0.0,0.0,0.0,0.0,23.0,4404.0,GO,false,,true,false
4509.0,2019_05_BAL_PIT,2019,REG,5,2019-10-06,PIT,BAL,BAL,PIT,away,5.0,1.0,10.0,34.0,447.0,447.0,447.0,23.0,23.0,0.0,2.0,2.0,0.778164,0.778164,-0.0044305217,-0.14866419,1.0,0.0,outdoors,70.0,7.0,0.0,,,0.0,0.0,0.0,0.0,0.0,24.0,4509.0,GO,false,,false,false
4530.0,2019_05_BAL_PIT,2019,REG,5,2019-10-06,PIT,BAL,BAL,PIT,away,5.0,2.0,7.0,31.0,414.0,414.0,414.0,23.0,23.0,0.0,2.0,2.0,0.7737335,0.7737335,-0.0029285199,-0.28231287,1.0,0.0,outdoors,70.0,7.0,0.0,,,0.0,0.0,0.0,0.0,0.0,24.0,4530.0,GO,false,,false,false
4551.0,2019_05_BAL_PIT,2019,REG,5,2019-10-06,PIT,BAL,BAL,PIT,away,5.0,3.0,5.0,29.0,372.0,372.0,372.0,23.0,23.0,0.0,2.0,2.0,0.770805,0.770805,0.022813383,-1.1947318,1.0,0.0,outdoors,70.0,7.0,0.0,,,0.0,0.0,0.0,0.0,0.0,24.0,4551.0,GO,false,,false,false
4572.0,2019_05_BAL_PIT,2019,REG,5,2019-10-06,PIT,BAL,BAL,PIT,away,5.0,4.0,4.0,28.0,331.0,331.0,331.0,23.0,23.0,0.0,2.0,2.0,0.7936184,0.7936184,0.20638162,1.1665437,0.0,0.0,outdoors,70.0,7.0,1.0,made,46.0,0.0,0.0,0.0,0.0,0.0,24.0,4572.0,FG,false,true,false,false
4591.0,2019_05_BAL_PIT,2019,REG,5,2019-10-06,PIT,BAL,PIT,BAL,home,5.0,,0.0,,326.0,326.0,326.0,23.0,26.0,-3.0,2.0,2.0,,,,,0.0,0.0,outdoors,70.0,7.0,,,,,,,0.0,0.0,25.0,4591.0,GO,,,true,false
4763.0,2019_09_TB_SEA,2019,REG,9,2019-11-03,SEA,TB,SEA,TB,home,5.0,,0.0,35.0,600.0,600.0,600.0,34.0,34.0,0.0,2.0,2.0,0.5268756,0.5268756,0.0,0.0,0.0,0.0,outdoors,54.0,6.0,0.0,,65.0,0.0,0.0,0.0,0.0,0.0,25.0,4763.0,GO,false,,true,true
4784.0,2019_09_TB_SEA,2019,REG,9,2019-11-03,SEA,TB,SEA,TB,home,5.0,1.0,10.0,75.0,600.0,600.0,600.0,34.0,34.0,0.0,2.0,2.0,0.5268756,0.5268756,-0.048710577,-0.4998769,1.0,0.0,outdoors,54.0,6.0,0.0,,,0.0,0.0,0.0,0.0,0.0,25.0,4784.0,GO,false,,true,true
4806.0,2019_09_TB_SEA,2019,REG,9,2019-11-03,SEA,TB,SEA,TB,home,5.0,2.0,10.0,75.0,596.0,596.0,596.0,34.0,34.0,0.0,2.0,2.0,0.47816506,0.47816506,0.108561546,1.1426048,1.0,0.0,outdoors,54.0,6.0,0.0,,,0.0,0.0,0.0,0.0,0.0,25.0,4806.0,GO,false,,true,true
4830.0,2019_09_TB_SEA,2019,REG,9,2019-11-03,SEA,TB,SEA,TB,home,5.0,1.0,10.0,63.0,554.0,554.0,554.0,34.0,34.0,0.0,2.0,2.0,0.5867266,0.5867266,-0.021193616,-0.18149357,1.0,0.0,outdoors,54.0,6.0,0.0,,,0.0,0.0,0.0,0.0,0.0,25.0,4830.0,GO,false,,true,true
4851.0,2019_09_TB_SEA,2019,REG,9,2019-11-03,SEA,TB,SEA,TB,home,5.0,2.0,6.0,59.0,516.0,516.0,516.0,34.0,34.0,0.0,2.0,2.0,0.565533,0.565533,0.12996495,1.2751085,1.0,0.0,outdoors,54.0,6.0,0.0,,,0.0,0.0,0.0,0.0,0.0,25.0,4851.0,GO,false,,true,true
4875.0,2019_09_TB_SEA,2019,REG,9,2019-11-03,SEA,TB,SEA,TB,home,5.0,1.0,10.0,44.0,470.0,470.0,470.0,34.0,34.0,0.0,2.0,2.0,0.69549793,0.69549793,-0.042348485,-0.4106449,1.0,0.0,outdoors,54.0,6.0,0.0,,,0.0,0.0,0.0,0.0,0.0,25.0,4875.0,GO,false,,true,true
4897.0,2019_09_TB_SEA,2019,REG,9,2019-11-03,SEA,TB,SEA,TB,home,5.0,2.0,10.0,44.0,465.0,465.0,465.0,34.0,34.0,0.0,2.0,2.0,0.6531494,0.6531494,0.08504339,0.7507228,1.0,0.0,outdoors,54.0,6.0,0.0,,,0.0,0.0,0.0,0.0,0.0,25.0,4897.0,GO,false,,true,true
4930.0,2019_09_TB_SEA,2019,REG,9,2019-11-03,SEA,TB,SEA,TB,home,5.0,1.0,10.0,39.0,459.0,459.0,459.0,34.0,34.0,0.0,2.0,2.0,0.73819286,0.73819286,0.0007944417,-0.16043518,1.0,0.0,outdoors,54.0,6.0,0.0,,,0.0,0.0,0.0,0.0,0.0,25.0,4930.0,GO,false,,true,true
4954.0,2019_09_TB_SEA,2019,REG,9,2019-11-03,SEA,TB,SEA,TB,home,5.0,2.0,6.0,35.0,419.0,419.0,419.0,34.0,34.0,0.0,2.0,2.0,0.73898727,0.73898727,-0.047963295,-0.6308075,1.0,0.0,outdoors,54.0,6.0,0.0,,,0.0,0.0,0.0,0.0,0.0,25.0,4954.0,GO,false,,true,true
4976.0,2019_09_TB_SEA,2019,REG,9,2019-11-03,SEA,TB,SEA,TB,home,5.0,3.0,6.0,35.0,415.0,415.0,415.0,34.0,34.0,0.0,2.0,2.0,0.691024,0.691024,0.24151039,2.9962416,1.0,0.0,outdoors,54.0,6.0,0.0,,,0.0,0.0,0.0,0.0,0.0,25.0,4976.0,GO,false,,true,true
5000.0,2019_09_TB_SEA,2019,REG,9,2019-11-03,SEA,TB,SEA,TB,home,5.0,1.0,6.0,6.0,409.0,409.0,409.0,34.0,34.0,0.0,2.0,2.0,0.9325344,0.9325344,-0.031677675,-1.0088084,0.0,0.0,outdoors,54.0,6.0,0.0,,,0.0,0.0,0.0,0.0,0.0,25.0,5000.0,GO,false,,true,true
5028.0,2019_09_TB_SEA,2019,REG,9,2019-11-03,SEA,TB,SEA,TB,home,5.0,2.0,10.0,10.0,387.0,387.0,387.0,34.0,34.0,0.0,2.0,2.0,0.90085673,0.90085673,0.09914329,2.5728304,1.0,0.0,outdoors,54.0,6.0,0.0,,,0.0,0.0,0.0,0.0,0.0,25.0,5028.0,GO,false,,true,true
5099.0,2019_09_TB_SEA,2019,REG,9,2019-11-03,SEA,TB,SEA,TB,home,5.0,,0.0,,382.0,382.0,382.0,40.0,34.0,6.0,2.0,2.0,,,,,0.0,0.0,outdoors,54.0,6.0,,,,,,,0.0,0.0,25.0,5099.0,GO,,,true,true
5017.0,2019_01_DET_ARI,2019,REG,1,2019-09-08,ARI,DET,ARI,DET,home,5.0,,0.0,35.0,600.0,600.0,600.0,24.0,24.0,0.0,2.0,2.0,0.5857473,0.5857473,0.0,0.0,0.0,0.0,closed,,,0.0,,65.0,0.0,0.0,0.0,0.0,0.0,28.0,5017.0,GO,false,,true,true
5032.0,2019_01_DET_ARI,2019,REG,1,2019-09-08,ARI,DET,ARI,DET,home,5.0,1.0,10.0,75.0,600.0,600.0,600.0,24.0,24.0,0.0,2.0,2.0,0.5857473,0.5857473,0.0052039437,0.1957613,1.0,0.0,closed,,,0.0,,,0.0,0.0,0.0,0.0,0.0,28.0,5032.0,GO,false,,true,true
5053.0,2019_01_DET_ARI,2019,REG,1,2019-09-08,ARI,DET,ARI,DET,home,5.0,2.0,3.0,68.0,571.0,571.0,571.0,24.0,24.0,0.0,2.0,2.0,0.59095126,0.59095126,0.3211459,2.8323941,1.0,1.0,closed,,,0.0,,,0.0,0.0,0.0,0.0,0.0,28.0,5053.0,GO,false,,true,true
5077.0,2019_01_DET_ARI,2019,REG,1,2019-09-08,ARI,DET,ARI,DET,home,5.0,1.0,10.0,23.0,522.0,522.0,522.0,24.0,24.0,0.0,2.0,2.0,0.91209716,0.91209716,0.037358053,0.8732941,1.0,1.0,closed,,,0.0,,,0.0,0.0,0.0,0.0,0.0,28.0,5077.0,GO,false,,true,true
5107.0,2019_01_DET_ARI,2019,REG,1,2019-09-08,ARI,DET,ARI,DET,home,5.0,1.0,8.0,8.0,481.0,481.0,481.0,24.0,24.0,0.0,2.0,2.0,0.9494552,0.9494552,-0.014511181,-0.6405234,1.0,0.0,closed,,,0.0,,,0.0,0.0,0.0,0.0,0.0,28.0,5107.0,GO,false,,true,true
5146.0,2019_01_DET_ARI,2019,REG,1,2019-09-08,ARI,DET,ARI,DET,home,5.0,2.0,8.0,8.0,478.0,478.0,478.0,24.0,24.0,0.0,2.0,1.0,0.93494403,0.93494403,-0.021568319,-0.9004045,1.0,0.0,closed,,,0.0,,,0.0,0.0,0.0,0.0,0.0,28.0,5146.0,GO,false,,true,true
5172.0,2019_01_DET_ARI,2019,REG,1,2019-09-08,ARI,DET,ARI,DET,home,5.0,3.0,10.0,10.0,450.0,450.0,450.0,24.0,24.0,0.0,2.0,1.0,0.91337574,0.91337574,0.061140392,-0.95895565,1.0,0.0,closed,,,0.0,,,0.0,0.0,0.0,0.0,0.0,28.0,5172.0,GO,false,,true,true
5194.0,2019_01_DET_ARI,2019,REG,1,2019-09-08,ARI,DET,ARI,DET,home,5.0,4.0,10.0,10.0,441.0,441.0,441.0,24.0,24.0,0.0,2.0,1.0,0.9745161,0.9745161,-0.50231296,0.14228244,0.0,0.0,closed,,,1.0,made,28.0,0.0,0.0,0.0,0.0,0.0,28.0,5194.0,FG,false,true,true,true
5228.0,2019_01_DET_ARI,2019,REG,1,2019-09-08,ARI,DET,DET,ARI,away,5.0,,0.0,35.0,437.0,437.0,437.0,24.0,27.0,-3.0,1.0,2.0,0.52779686,0.52779686,-0.0,-0.0,0.0,0.0,closed,,,0.0,,65.0,0.0,0.0,0.0,0.0,0.0,29.0,5228.0,GO,false,,false,false
5243.0,2019_01_DET_ARI,2019,REG,1,2019-09-08,ARI,DET,DET,ARI,away,5.0,1.0,10.0,75.0,437.0,437.0,437.0,24.0,27.0,-3.0,1.0,2.0,0.52779686,0.52779686,0.12598743,1.2850862,0.0,0.0,closed,,,0.0,,,0.0,0.0,0.0,0.0,0.0,29.0,5243.0,GO,false,,false,false
5267.0,2019_01_DET_ARI,2019,REG,1,2019-09-08,ARI,DET,DET,ARI,away,5.0,1.0,10.0,54.0,400.0,400.0,400.0,24.0,27.0,-3.0,1.0,2.0,0.6537843,0.6537843,0.07964755,0.74777216,1.0,0.0,closed,,,0.0,,,0.0,0.0,0.0,0.0,0.0,29.0,5267.0,GO,false,,false,false
5288.0,2019_01_DET_ARI,2019,REG,1,2019-09-08,ARI,DET,DET,ARI,away,5.0,2.0,1.0,45.0,363.0,363.0,363.0,24.0,27.0,-3.0,1.0,2.0,0.7334319,0.7334319,0.00495116,0.02997214,1.0,0.0,closed,,,0.0,,,0.0,0.0,0.0,0.0,0.0,29.0,5288.0,GO,false,,false,false
5309.0,2019_01_DET_ARI,2019,REG,1,2019-09-08,ARI,DET,DET,ARI,away,5.0,1.0,10.0,41.0,327.0,327.0,327.0,24.0,27.0,-3.0,1.0,2.0,0.738383,0.738383,0.15480794,1.2419608,0.0,0.0,closed,,,0.0,,,0.0,0.0,0.0,0.0,0.0,29.0,5309.0,GO,false,,false,false
5333.0,2019_01_DET_ARI,2019,REG,1,2019-09-08,ARI,DET,DET,ARI,away,5.0,1.0,10.0,18.0,290.0,290.0,290.0,24.0,27.0,-3.0,1.0,2.0,0.8931909,0.8931909,-0.014939045,-0.43109593,1.0,0.0,closed,,,0.0,,,0.0,0.0,0.0,0.0,0.0,29.0,5333.0,GO,false,,false,false
5394.0,2019_01_DET_ARI,2019,REG,1,2019-09-08,ARI,DET,DET,ARI,away,5.0,2.0,10.0,18.0,286.0,286.0,286.0,24.0,27.0,-3.0,1.0,2.0,0.8782519,0.8782519,-0.013524212,-0.5176058,0.0,0.0,closed,,,0.0,,,0.0,0.0,0.0,0.0,0.0,29.0,5394.0,GO,false,,false,false
5415.0,2019_01_DET_ARI,2019,REG,1,2019-09-08,ARI,DET,DET,ARI,away,5.0,3.0,7.0,15.0,238.0,238.0,238.0,24.0,27.0,-3.0,1.0,2.0,0.8647277,0.8647277,0.08017437,-1.1079181,1.0,0.0,closed,,,0.0,,,0.0,0.0,0.0,0.0,0.0,29.0,5415.0,GO,false,,false,false
5448.0,2019_01_DET_ARI,2019,REG,1,2019-09-08,ARI,DET,DET,ARI,away,5.0,4.0,7.0,15.0,232.0,232.0,232.0,24.0,27.0,-3.0,1.0,2.0,0.94490206,0.94490206,-0.32177356,0.2880861,0.0,0.0,closed,,,1.0,made,33.0,0.0,0.0,0.0,0.0,0.0,29.0,5448.0,FG,false,true,false,false
5467.0,2019_01_DET_ARI,2019,REG,1,2019-09-08,ARI,DET,ARI,DET,home,5.0,,0.0,35.0,228.0,228.0,228.0,27.0,27.0,0.0,2.0,1.0,0.3768715,0.3768715,0.0,0.0,0.0,0.0,closed,,,0.0,,65.0,0.0,0.0,0.0,0.0,0.0,30.0,5467.0,GO,false,,true,false
5482.0,2019_01_DET_ARI,2019,REG,1,2019-09-08,ARI,DET,ARI,DET,home,5.0,1.0,10.0,75.0,228.0,228.0,228.0,27.0,27.0,0.0,2.0,1.0,0.3768715,0.3768715,-0.016876413,-0.05610551,1.0,0.0,closed,,,0.0,,,0.0,0.0,0.0,0.0,0.0,30.0,5482.0,GO,false,,true,false
5506.0,2019_01_DET_ARI,2019,REG,1,2019-09-08,ARI,DET,ARI,DET,home,5.0,2.0,5.0,70.0,192.0,192.0,192.0,27.0,27.0,0.0,2.0,1.0,0.35999507,0.35999507,-0.056651752,-0.63782364,1.0,1.0,closed,,,0.0,,,0.0,0.0,0.0,0.0,0.0,30.0,5506.0,GO,false,,true,false
5528.0,2019_01_DET_ARI,2019,REG,1,2019-09-08,ARI,DET,ARI,DET,home,5.0,3.0,5.0,70.0,188.0,188.0,188.0,27.0,27.0,0.0,2.0,1.0,0.30334333,0.30334333,0.1088288,1.2782226,1.0,1.0,closed,,,0.0,,,0.0,0.0,0.0,0.0,0.0,30.0,5528.0,GO,false,,true,false
5552.0,2019_01_DET_ARI,2019,REG,1,2019-09-08,ARI,DET,ARI,DET,home,5.0,1.0,10.0,61.0,168.0,168.0,168.0,27.0,27.0,0.0,2.0,1.0,0.41217214,0.41217214,-0.00045122206,0.109231666,1.0,1.0,closed,,,0.0,,,0.0,0.0,0.0,0.0,0.0,30.0,5552.0,GO,false,,true,false
5590.0,2019_01_DET_ARI,2019,REG,1,2019-09-08,ARI,DET,ARI,DET,home,5.0,2.0,5.0,56.0,147.0,147.0,147.0,27.0,27.0,0.0,1.0,1.0,0.4117209,0.4117209,-0.10843979,-0.73476017,1.0,0.0,closed,,,0.0,,,0.0,0.0,0.0,0.0,0.0,30.0,5590.0,GO,false,,true,false
5635.0,2019_01_DET_ARI,2019,REG,1,2019-09-08,ARI,DET,ARI,DET,home,5.0,3.0,8.0,59.0,120.0,120.0,120.0,27.0,27.0,0.0,1.0,1.0,0.30328113,0.30328113,0.17622758,1.3302889,1.0,0.0,closed,,,0.0,,,0.0,0.0,0.0,0.0,0.0,30.0,5635.0,GO,false,,true,false
5664.0,2019_01_DET_ARI,2019,REG,1,2019-09-08,ARI,DET,ARI,DET,home,5.0,1.0,10.0,49.0,113.0,113.0,113.0,27.0,27.0,0.0,1.0,1.0,0.4795087,0.4795087,-0.017285023,-0.17956649,1.0,1.0,closed,,,0.0,,,0.0,0.0,0.0,0.0,0.0,30.0,5664.0,GO,false,,true,false
5685.0,2019_01_DET_ARI,2019,REG,1,2019-09-08,ARI,DET,ARI,DET,home,5.0,2.0,7.0,46.0,79.0,79.0,79.0,27.0,27.0,0.0,1.0,1.0,0.46222368,0.46222368,-0.06282806,-0.42417276,1.0,1.0,closed,,,0.0,,,0.0,0.0,0.0,0.0,0.0,30.0,5685.0,GO,false,,true,false
5707.0,2019_01_DET_ARI,2019,REG,1,2019-09-08,ARI,DET,ARI,DET,home,5.0,3.0,7.0,46.0,73.0,73.0,73.0,27.0,27.0,0.0,1.0,1.0,0.3993956,0.3993956,-0.2147888,-1.1541852,1.0,0.0,closed,,,0.0,,,0.0,0.0,0.0,0.0,0.0,30.0,5707.0,GO,false,,true,false
5729.0,2019_01_DET_ARI,2019,REG,1,2019-09-08,ARI,DET,ARI,DET,home,5.0,4.0,7.0,46.0,70.0,70.0,70.0,27.0,27.0,0.0,1.0,1.0,0.18460682,0.18460682,0.6623993,-0.57361495,0.0,0.0,closed,,,0.0,,41.0,1.0,0.0,0.0,0.0,0.0,30.0,5729.0,PUNT,false,,true,false
5748.0,2019_01_DET_ARI,2019,REG,1,2019-09-08,ARI,DET,DET,ARI,away,5.0,1.0,10.0,95.0,59.0,59.0,59.0,27.0,27.0,0.0,1.0,1.0,0.15299386,0.15299386,-0.040048223,-0.026237467,1.0,0.0,closed,,,0.0,,,0.0,0.0,0.0,0.0,0.0,31.0,5748.0,GO,false,,false,false
5772.0,2019_01_DET_ARI,2019,REG,1,2019-09-08,ARI,DET,DET,ARI,away,5.0,2.0,3.0,88.0,38.0,38.0,38.0,27.0,27.0,0.0,1.0,1.0,0.11294564,0.11294564,-0.038291454,0.096197605,1.0,1.0,closed,,,0.0,,,0.0,0.0,0.0,0.0,0.0,31.0,5772.0,GO,false,,false,false
5813.0,2019_01_DET_ARI,2019,REG,1,2019-09-08,ARI,DET,DET,ARI,away,5.0,1.0,10.0,76.0,30.0,30.0,30.0,27.0,27.0,0.0,0.0,1.0,0.074654184,0.074654184,-0.056086794,-0.20166196,1.0,0.0,closed,,,0.0,,,0.0,0.0,0.0,0.0,0.0,31.0,5813.0,GO,false,,false,false
5832.0,2019_01_DET_ARI,2019,REG,1,2019-09-08,ARI,DET,DET,ARI,away,5.0,2.0,19.0,85.0,12.0,12.0,12.0,27.0,27.0,0.0,0.0,1.0,0.018567389,0.018567389,-0.0018870077,-0.010900375,0.0,1.0,closed,,,0.0,,,0.0,0.0,0.0,1.0,0.0,31.0,5832.0,GO,false,,false,false
5854.0,2019_01_DET_ARI,2019,REG,1,2019-09-08,ARI,DET,DET,ARI,away,5.0,3.0,19.0,85.0,11.0,11.0,11.0,27.0,27.0,0.0,0.0,1.0,0.016680382,0.016680382,-0.0053902627,-0.07384855,1.0,0.0,closed,,,0.0,,,0.0,0.0,0.0,0.0,0.0,31.0,5854.0,GO,false,,false,false
5876.0,2019_01_DET_ARI,2019,REG,1,2019-09-08,ARI,DET,DET,ARI,away,5.0,4.0,19.0,85.0,5.0,5.0,5.0,27.0,27.0,0.0,0.0,1.0,0.011290119,0.011290119,-0.00095127267,-0.018674357,1.0,0.0,closed,,,0.0,,,0.0,0.0,0.0,0.0,0.0,31.0,5876.0,GO,false,,false,false
5899.0,2019_01_DET_ARI,2019,REG,1,2019-09-08,ARI,DET,DET,ARI,away,5.0,4.0,24.0,90.0,5.0,5.0,5.0,27.0,27.0,0.0,0.0,1.0,0.010338846,0.010338846,0.48966116,0.11307957,1.0,0.0,closed,,,0.0,,,0.0,0.0,1.0,0.0,0.0,31.0,5899.0,GO,false,,false,false
5921.0,2019_01_DET_ARI,2019,REG,1,2019-09-08,ARI,DET,ARI,DET,home,5.0,,0.0,,0.0,0.0,0.0,27.0,27.0,0.0,1.0,0.0,,,,,0.0,0.0,closed,,,,,,,,,0.0,0.0,32.0,5921.0,GO,,,true,false
4330.0,2018_07_CLE_TB,2018,REG,7,2018-10-21,TB,CLE,CLE,TB,away,5.0,,0.0,35.0,600.0,600.0,600.0,23.0,23.0,0.0,2.0,2.0,0.50375366,0.50375366,-0.0,-0.0,0.0,0.0,outdoors,79.0,7.0,0.0,,65.0,0.0,0.0,0.0,0.0,0.0,26.0,4330.0,GO,false,,false,true
4345.0,2018_07_CLE_TB,2018,REG,7,2018-10-21,TB,CLE,CLE,TB,away,5.0,1.0,10.0,75.0,600.0,600.0,600.0,23.0,23.0,0.0,2.0,2.0,0.50375366,0.50375366,-0.10431039,-1.0150832,1.0,0.0,outdoors,79.0,7.0,0.0,,,0.0,0.0,0.0,0.0,0.0,26.0,4345.0,GO,false,,false,true
4378.0,2018_07_CLE_TB,2018,REG,7,2018-10-21,TB,CLE,CLE,TB,away,5.0,1.0,20.0,85.0,595.0,595.0,595.0,23.0,23.0,0.0,2.0,2.0,0.3994433,0.3994433,-0.01843213,-0.16815905,1.0,0.0,outdoors,79.0,7.0,0.0,,,0.0,0.0,0.0,0.0,0.0,26.0,4378.0,GO,false,,false,true
4399.0,2018_07_CLE_TB,2018,REG,7,2018-10-21,TB,CLE,CLE,TB,away,5.0,2.0,15.0,80.0,557.0,557.0,557.0,23.0,23.0,0.0,2.0,2.0,0.38101116,0.38101116,0.027442537,0.31141233,1.0,0.0,outdoors,79.0,7.0,0.0,,,0.0,0.0,0.0,0.0,0.0,26.0,4399.0,GO,false,,false,true
4423.0,2018_07_CLE_TB,2018,REG,7,2018-10-21,TB,CLE,CLE,TB,away,5.0,3.0,6.0,71.0,535.0,535.0,535.0,23.0,23.0,0.0,2.0,2.0,0.4084537,0.4084537,-0.10964469,-1.056627,1.0,0.0,outdoors,79.0,7.0,0.0,,,0.0,0.0,0.0,0.0,0.0,26.0,4423.0,GO,false,,false,true
4445.0,2018_07_CLE_TB,2018,REG,7,2018-10-21,TB,CLE,CLE,TB,away,5.0,4.0,6.0,71.0,531.0,531.0,531.0,23.0,23.0,0.0,2.0,2.0,0.29880902,0.29880902,0.29648215,0.7736287,0.0,0.0,outdoors,79.0,7.0,0.0,,54.0,1.0,0.0,0.0,0.0,0.0,26.0,4445.0,PUNT,false,,false,true
4470.0,2018_07_CLE_TB,2018,REG,7,2018-10-21,TB,CLE,TB,CLE,home,5.0,1.0,10.0,89.0,518.0,518.0,518.0,23.0,23.0,0.0,2.0,2.0,0.40470886,0.40470886,-0.07666866,-0.73699474,0.0,0.0,outdoors,79.0,7.0,0.0,,,0.0,0.0,0.0,0.0,0.0,27.0,4470.0,GO,false,,true,false
4496.0,2018_07_CLE_TB,2018,REG,7,2018-10-21,TB,CLE,TB,CLE,home,5.0,2.0,11.0,90.0,481.0,481.0,481.0,23.0,23.0,0.0,2.0,2.0,0.32804018,0.32804018,0.19497076,2.1205971,1.0,0.0,outdoors,79.0,7.0,0.0,,,0.0,0.0,0.0,0.0,0.0,27.0,4496.0,GO,false,,true,false
4520.0,2018_07_CLE_TB,2018,REG,7,2018-10-21,TB,CLE,TB,CLE,home,5.0,1.0,10.0,67.0,448.0,448.0,448.0,23.0,23.0,0.0,2.0,2.0,0.52301097,0.52301097,0.057692636,0.62221754,1.0,1.0,outdoors,79.0,7.0,0.0,,,0.0,0.0,0.0,0.0,0.0,27.0,4520.0,GO,false,,true,false
4544.0,2018_07_CLE_TB,2018,REG,7,2018-10-21,TB,CLE,TB,CLE,home,5.0,1.0,10.0,56.0,405.0,405.0,405.0,23.0,23.0,0.0,2.0,2.0,0.5807036,0.5807036,-0.13084866,-1.2144606,0.0,0.0,outdoors,79.0,7.0,0.0,,,0.0,0.0,0.0,0.0,0.0,27.0,4544.0,GO,false,,true,false
4576.0,2018_07_CLE_TB,2018,REG,7,2018-10-21,TB,CLE,TB,CLE,home,5.0,2.0,16.0,62.0,382.0,382.0,382.0,23.0,23.0,0.0,2.0,2.0,0.44985494,0.44985494,-0.10882736,-3.8368945,1.0,0.0,outdoors,79.0,7.0,0.0,,,0.0,0.0,0.0,0.0,0.0,27.0,4576.0,GO,false,,true,false
4602.0,2018_07_CLE_TB,2018,REG,7,2018-10-21,TB,CLE,CLE,TB,away,5.0,1.0,10.0,45.0,375.0,375.0,375.0,23.0,23.0,0.0,2.0,2.0,0.65897244,0.65897244,-0.0519382,-0.43894938,1.0,0.0,outdoors,79.0,7.0,0.0,,,0.0,0.0,0.0,0.0,0.0,28.0,4602.0,GO,false,,false,false
4623.0,2018_07_CLE_TB,2018,REG,7,2018-10-21,TB,CLE,CLE,TB,away,5.0,2.0,10.0,45.0,341.0,341.0,341.0,23.0,23.0,0.0,2.0,2.0,0.6070342,0.6070342,0.0124858115,0.11636006,1.0,0.0,outdoors,79.0,7.0,0.0,,,0.0,0.0,0.0,0.0,0.0,28.0,4623.0,GO,false,,false,false
4647.0,2018_07_CLE_TB,2018,REG,7,2018-10-21,TB,CLE,CLE,TB,away,5.0,3.0,3.0,38.0,298.0,298.0,298.0,23.0,23.0,0.0,2.0,2.0,0.61952007,0.61952007,-0.30139196,-2.2960317,1.0,0.0,outdoors,79.0,7.0,0.0,,,0.0,0.0,0.0,0.0,0.0,28.0,4647.0,GO,false,,false,false
4666.0,2018_07_CLE_TB,2018,REG,7,2018-10-21,TB,CLE,CLE,TB,away,5.0,4.0,10.0,45.0,258.0,258.0,258.0,23.0,23.0,0.0,2.0,2.0,0.31812808,0.31812808,0.35152155,-0.7631512,0.0,0.0,outdoors,79.0,7.0,0.0,,45.0,1.0,0.0,0.0,0.0,0.0,28.0,4666.0,PUNT,false,,false,false
4683.0,2018_07_CLE_TB,2018,REG,7,2018-10-21,TB,CLE,TB,CLE,home,5.0,1.0,10.0,80.0,251.0,251.0,251.0,23.0,23.0,0.0,2.0,2.0,0.33035037,0.33035037,-0.04867902,-0.46232668,1.0,0.0,outdoors,79.0,7.0,0.0,,,0.0,0.0,0.0,0.0,0.0,29.0,4683.0,GO,false,,true,false
4704.0,2018_07_CLE_TB,2018,REG,7,2018-10-21,TB,CLE,TB,CLE,home,5.0,2.0,8.0,78.0,216.0,216.0,216.0,23.0,23.0,0.0,2.0,2.0,0.28167135,0.28167135,-0.03905,-0.49153277,1.0,0.0,outdoors,79.0,7.0,0.0,,,0.0,0.0,0.0,0.0,0.0,29.0,4704.0,GO,false,,true,false
4726.0,2018_07_CLE_TB,2018,REG,7,2018-10-21,TB,CLE,TB,CLE,home,5.0,3.0,8.0,78.0,212.0,212.0,212.0,23.0,23.0,0.0,2.0,2.0,0.24262136,0.24262136,-0.07429638,-0.8177467,1.0,0.0,outdoors,79.0,7.0,0.0,,,0.0,0.0,0.0,0.0,0.0,29.0,4726.0,GO,false,,true,false
4748.0,2018_07_CLE_TB,2018,REG,7,2018-10-21,TB,CLE,TB,CLE,home,5.0,4.0,8.0,78.0,207.0,207.0,207.0,23.0,23.0,0.0,2.0,2.0,0.16832498,0.16832498,0.3613562,3.5691178,0.0,0.0,outdoors,79.0,7.0,0.0,,54.0,1.0,0.0,0.0,0.0,0.0,29.0,4748.0,PUNT,false,,true,false
4789.0,2018_07_CLE_TB,2018,REG,7,2018-10-21,TB,CLE,TB,CLE,home,5.0,1.0,10.0,48.0,192.0,192.0,192.0,23.0,23.0,0.0,2.0,2.0,0.5296812,0.5296812,-0.045897968,-0.43999717,1.0,0.0,outdoors,79.0,7.0,0.0,,,0.0,0.0,0.0,0.0,0.0,30.0,4789.0,GO,false,,true,false
4811.0,2018_07_CLE_TB,2018,REG,7,2018-10-21,TB,CLE,TB,CLE,home,5.0,2.0,10.0,48.0,187.0,187.0,187.0,23.0,23.0,0.0,2.0,2.0,0.48378322,0.48378322,0.030630894,0.22682446,1.0,0.0,outdoors,79.0,7.0,0.0,,,0.0,0.0,0.0,0.0,0.0,30.0,4811.0,GO,false,,true,false
4835.0,2018_07_CLE_TB,2018,REG,7,2018-10-21,TB,CLE,TB,CLE,home,5.0,3.0,3.0,41.0,182.0,182.0,182.0,23.0,23.0,0.0,2.0,2.0,0.51441413,0.51441413,0.12585174,0.9030446,1.0,1.0,outdoors,79.0,7.0,0.0,,,0.0,0.0,0.0,0.0,0.0,30.0,4835.0,GO,false,,true,false
4858.0,2018_07_CLE_TB,2018,REG,7,2018-10-21,TB,CLE,TB,CLE,home,5.0,1.0,10.0,36.0,182.0,182.0,182.0,23.0,23.0,0.0,2.0,2.0,0.6402658,0.6402658,-0.19941227,-1.2389067,1.0,0.0,outdoors,79.0,7.0,0.0,,,0.0,0.0,0.0,0.0,0.0,30.0,4858.0,GO,false,,true,false
4894.0,2018_07_CLE_TB,2018,REG,7,2018-10-21,TB,CLE,TB,CLE,home,5.0,2.0,22.0,48.0,135.0,135.0,135.0,23.0,23.0,0.0,1.0,2.0,0.44085357,0.44085357,-0.15086758,-0.9576294,1.0,0.0,outdoors,79.0,7.0,0.0,,,0.0,0.0,0.0,0.0,0.0,30.0,4894.0,GO,false,,true,false
4930.0,2018_07_CLE_TB,2018,REG,7,2018-10-21,TB,CLE,TB,CLE,home,5.0,3.0,29.0,55.0,120.0,120.0,120.0,23.0,23.0,0.0,1.0,2.0,0.28998598,0.28998598,0.16474596,-0.769736,1.0,0.0,outdoors,79.0,7.0,0.0,,,0.0,0.0,0.0,0.0,0.0,30.0,4930.0,GO,false,,true,false
4977.0,2018_07_CLE_TB,2018,REG,7,2018-10-21,TB,CLE,TB,CLE,home,5.0,4.0,15.0,41.0,115.0,115.0,115.0,23.0,23.0,0.0,0.0,2.0,0.45473194,0.45473194,0.54526806,2.9678516,0.0,0.0,outdoors,79.0,7.0,1.0,made,59.0,0.0,0.0,0.0,0.0,0.0,30.0,4977.0,FG,false,true,true,false
4996.0,2018_07_CLE_TB,2018,REG,7,2018-10-21,TB,CLE,TB,CLE,home,5.0,,0.0,,110.0,110.0,110.0,26.0,23.0,3.0,0.0,2.0,,,,,0.0,0.0,outdoors,79.0,7.0,,,,,,,0.0,0.0,30.0,4996.0,GO,,,true,false
3640.0,2019_01_IND_LAC,2019,REG,1,2019-09-08,LAC,IND,LAC,IND,home,5.0,,0.0,35.0,600.0,600.0,600.0,24.0,24.0,0.0,2.0,2.0,0.4031381,0.4031381,0.0,0.0,0.0,0.0,outdoors,77.0,10.0,0.0,,65.0,0.0,0.0,0.0,0.0,0.0,18.0,3640.0,GO,false,,true,true
3655.0,2019_01_IND_LAC,2019,REG,1,2019-09-08,LAC,IND,LAC,IND,home,5.0,1.0,10.0,75.0,600.0,600.0,600.0,24.0,24.0,0.0,2.0,2.0,0.4031381,0.4031381,0.054776903,1.0323113,0.0,0.0,outdoors,77.0,10.0,0.0,,,0.0,0.0,0.0,0.0,0.0,18.0,3655.0,GO,false,,true,true
3684.0,2019_01_IND_LAC,2019,REG,1,2019-09-08,LAC,IND,LAC,IND,home,5.0,1.0,10.0,57.0,564.0,564.0,564.0,24.0,24.0,0.0,2.0,2.0,0.457915,0.457915,0.039566737,0.9576654,1.0,0.0,outdoors,77.0,10.0,0.0,,,0.0,0.0,0.0,0.0,0.0,18.0,3684.0,GO,false,,true,true
3708.0,2019_01_IND_LAC,2019,REG,1,2019-09-08,LAC,IND,LAC,IND,home,5.0,1.0,10.0,40.0,524.0,524.0,524.0,24.0,24.0,0.0,2.0,2.0,0.49748173,0.49748173,-0.032366022,-0.18006705,0.0,0.0,outdoors,77.0,10.0,0.0,,,0.0,0.0,0.0,0.0,0.0,18.0,3708.0,GO,false,,true,true
3729.0,2019_01_IND_LAC,2019,REG,1,2019-09-08,LAC,IND,LAC,IND,home,5.0,2.0,7.0,37.0,482.0,482.0,482.0,24.0,24.0,0.0,2.0,2.0,0.4651157,0.4651157,0.10319409,1.6076305,1.0,0.0,outdoors,77.0,10.0,0.0,,,0.0,0.0,0.0,0.0,0.0,18.0,3729.0,GO,false,,true,true
3750.0,2019_01_IND_LAC,2019,REG,1,2019-09-08,LAC,IND,LAC,IND,home,5.0,1.0,10.0,18.0,438.0,438.0,438.0,24.0,24.0,0.0,2.0,2.0,0.5683098,0.5683098,-0.048998106,-0.24170227,0.0,0.0,outdoors,77.0,10.0,0.0,,,0.0,0.0,0.0,0.0,0.0,18.0,3750.0,GO,false,,true,true
3771.0,2019_01_IND_LAC,2019,REG,1,2019-09-08,LAC,IND,LAC,IND,home,5.0,2.0,7.0,15.0,393.0,393.0,393.0,24.0,24.0,0.0,2.0,2.0,0.51931167,0.51931167,0.07355525,0.42526793,1.0,0.0,outdoors,77.0,10.0,0.0,,,0.0,0.0,0.0,0.0,0.0,18.0,3771.0,GO,false,,true,true
3795.0,2019_01_IND_LAC,2019,REG,1,2019-09-08,LAC,IND,LAC,IND,home,5.0,3.0,1.0,9.0,346.0,346.0,346.0,24.0,24.0,0.0,2.0,2.0,0.59286696,0.59286696,0.084643714,0.48002678,0.0,0.0,outdoors,77.0,10.0,0.0,,,0.0,0.0,0.0,0.0,0.0,18.0,3795.0,GO,false,,true,true
3818.0,2019_01_IND_LAC,2019,REG,1,2019-09-08,LAC,IND,LAC,IND,home,5.0,1.0,7.0,7.0,305.0,305.0,305.0,24.0,24.0,0.0,2.0,2.0,0.6775107,0.6775107,0.32248935,1.7643093,0.0,0.0,outdoors,77.0,10.0,0.0,,,0.0,0.0,0.0,0.0,0.0,18.0,3818.0,GO,false,,true,true
3840.0,2019_01_IND_LAC,2019,REG,1,2019-09-08,LAC,IND,LAC,IND,home,5.0,,0.0,,301.0,301.0,301.0,30.0,24.0,6.0,2.0,2.0,,,,,0.0,0.0,outdoors,77.0,10.0,,,,,,,0.0,0.0,18.0,3840.0,GO,,,true,true
4440.0,2018_14_BAL_KC,2018,REG,14,2018-12-09,KC,BAL,KC,BAL,home,5.0,,0.0,35.0,600.0,600.0,600.0,24.0,24.0,0.0,2.0,2.0,0.4031381,0.4031381,0.0,0.0,0.0,0.0,outdoors,27.0,0.0,0.0,,65.0,0.0,0.0,0.0,0.0,0.0,20.0,4440.0,GO,false,,true,true
4455.0,2018_14_BAL_KC,2018,REG,14,2018-12-09,KC,BAL,KC,BAL,home,5.0,1.0,10.0,75.0,600.0,600.0,600.0,24.0,24.0,0.0,2.0,2.0,0.4031381,0.4031381,0.04196653,0.7956133,1.0,0.0,outdoors,27.0,0.0,0.0,,,0.0,0.0,0.0,0.0,0.0,20.0,4455.0,GO,false,,true,true
4480.0,2018_14_BAL_KC,2018,REG,14,2018-12-09,KC,BAL,KC,BAL,home,5.0,1.0,10.0,60.0,563.0,563.0,563.0,24.0,24.0,0.0,2.0,2.0,0.44510463,0.44510463,-0.023181785,-0.054970562,1.0,0.0,outdoors,27.0,0.0,0.0,,,0.0,0.0,0.0,0.0,0.0,20.0,4480.0,GO,false,,true,true
4519.0,2018_14_BAL_KC,2018,REG,14,2018-12-09,KC,BAL,KC,BAL,home,5.0,2.0,7.0,57.0,520.0,520.0,520.0,24.0,24.0,0.0,1.0,2.0,0.42192283,0.42192283,0.07279929,1.3715947,1.0,0.0,outdoors,27.0,0.0,0.0,,,0.0,0.0,0.0,0.0,0.0,20.0,4519.0,GO,false,,true,true
4544.0,2018_14_BAL_KC,2018,REG,14,2018-12-09,KC,BAL,KC,BAL,home,5.0,1.0,10.0,39.0,477.0,477.0,477.0,24.0,24.0,0.0,1.0,2.0,0.49472213,0.49472213,0.020652067,0.94017774,1.0,0.0,outdoors,27.0,0.0,0.0,,,0.0,0.0,0.0,0.0,0.0,20.0,4544.0,GO,false,,true,true
4575.0,2018_14_BAL_KC,2018,REG,14,2018-12-09,KC,BAL,KC,BAL,home,5.0,1.0,10.0,24.0,445.0,445.0,445.0,24.0,24.0,0.0,1.0,2.0,0.5153742,0.5153742,-0.060837895,-0.34014207,1.0,0.0,outdoors,27.0,0.0,0.0,,,0.0,0.0,0.0,0.0,0.0,20.0,4575.0,GO,false,,true,true
4597.0,2018_14_BAL_KC,2018,REG,14,2018-12-09,KC,BAL,KC,BAL,home,5.0,2.0,10.0,24.0,440.0,440.0,440.0,24.0,24.0,0.0,1.0,2.0,0.45453632,0.45453632,-0.031838097,-0.028986728,1.0,0.0,outdoors,27.0,0.0,0.0,,,0.0,0.0,0.0,0.0,0.0,20.0,4597.0,GO,false,,true,true
4628.0,2018_14_BAL_KC,2018,REG,14,2018-12-09,KC,BAL,KC,BAL,home,5.0,3.0,4.0,18.0,407.0,407.0,407.0,24.0,24.0,0.0,1.0,2.0,0.4226982,0.4226982,0.16518578,0.9100997,1.0,0.0,outdoors,27.0,0.0,0.0,,,0.0,0.0,0.0,0.0,0.0,20.0,4628.0,GO,false,,true,true
4659.0,2018_14_BAL_KC,2018,REG,14,2018-12-09,KC,BAL,KC,BAL,home,5.0,1.0,10.0,12.0,385.0,385.0,385.0,24.0,24.0,0.0,1.0,2.0,0.587884,0.587884,-0.25873032,-1.6648097,1.0,0.0,outdoors,27.0,0.0,0.0,,,0.0,0.0,0.0,0.0,0.0,20.0,4659.0,GO,false,,true,true
4696.0,2018_14_BAL_KC,2018,REG,14,2018-12-09,KC,BAL,KC,BAL,home,5.0,2.0,23.0,25.0,339.0,339.0,339.0,24.0,24.0,0.0,1.0,2.0,0.3291537,0.3291537,-0.0659059,-0.052201036,1.0,0.0,outdoors,27.0,0.0,0.0,,,0.0,0.0,0.0,0.0,0.0,20.0,4696.0,GO,false,,true,true
4721.0,2018_14_BAL_KC,2018,REG,14,2018-12-09,KC,BAL,KC,BAL,home,5.0,3.0,15.0,17.0,296.0,296.0,296.0,24.0,24.0,0.0,1.0,2.0,0.2632478,0.2632478,-0.13447386,-0.37146726,1.0,0.0,outdoors,27.0,0.0,0.0,,,0.0,0.0,0.0,0.0,0.0,20.0,4721.0,GO,false,,true,true
4743.0,2018_14_BAL_KC,2018,REG,14,2018-12-09,KC,BAL,KC,BAL,home,5.0,4.0,15.0,17.0,286.0,286.0,286.0,24.0,24.0,0.0,1.0,2.0,0.12877393,0.12877393,0.57033336,0.34053397,0.0,0.0,outdoors,27.0,0.0,1.0,made,35.0,0.0,0.0,0.0,0.0,0.0,20.0,4743.0,FG,false,true,true,true
4762.0,2018_14_BAL_KC,2018,REG,14,2018-12-09,KC,BAL,BAL,KC,away,5.0,,0.0,35.0,282.0,282.0,282.0,24.0,27.0,-3.0,2.0,1.0,0.3008927,0.3008927,-0.0,0.030654779,0.0,0.0,outdoors,27.0,0.0,0.0,,65.0,0.0,0.0,0.0,0.0,0.0,21.0,4762.0,GO,false,,false,false
4777.0,2018_14_BAL_KC,2018,REG,14,2018-12-09,KC,BAL,BAL,KC,away,5.0,1.0,10.0,75.0,281.0,281.0,281.0,24.0,27.0,-3.0,2.0,1.0,0.3008927,0.3008927,-0.049966656,-0.37065017,1.0,0.0,outdoors,27.0,0.0,0.0,,,0.0,0.0,0.0,0.0,0.0,21.0,4777.0,GO,false,,false,false
4799.0,2018_14_BAL_KC,2018,REG,14,2018-12-09,KC,BAL,BAL,KC,away,5.0,2.0,7.0,72.0,249.0,249.0,249.0,24.0,27.0,-3.0,2.0,1.0,0.25092608,0.25092608,-0.04206089,-0.5141688,1.0,0.0,outdoors,27.0,0.0,0.0,,,0.0,0.0,0.0,0.0,0.0,21.0,4799.0,GO,false,,false,false
4821.0,2018_14_BAL_KC,2018,REG,14,2018-12-09,KC,BAL,BAL,KC,away,5.0,3.0,7.0,72.0,240.0,240.0,240.0,24.0,27.0,-3.0,2.0,1.0,0.20886518,0.20886518,0.11003507,1.538181,1.0,0.0,outdoors,27.0,0.0,0.0,,,0.0,0.0,0.0,0.0,0.0,21.0,4821.0,GO,false,,false,false
4846.0,2018_14_BAL_KC,2018,REG,14,2018-12-09,KC,BAL,BAL,KC,away,5.0,1.0,10.0,58.0,200.0,200.0,200.0,24.0,27.0,-3.0,2.0,1.0,0.31890026,0.31890026,0.0036802455,0.16861297,1.0,0.0,outdoors,27.0,0.0,0.0,,,0.0,0.0,0.0,0.0,0.0,21.0,4846.0,GO,false,,false,false
4868.0,2018_14_BAL_KC,2018,REG,14,2018-12-09,KC,BAL,BAL,KC,away,5.0,2.0,4.0,52.0,168.0,168.0,168.0,24.0,27.0,-3.0,2.0,1.0,0.3225805,0.3225805,0.031963877,0.4077191,1.0,0.0,outdoors,27.0,0.0,0.0,,,0.0,0.0,0.0,0.0,0.0,21.0,4868.0,GO,false,,false,false
4890.0,2018_14_BAL_KC,2018,REG,14,2018-12-09,KC,BAL,BAL,KC,away,5.0,1.0,10.0,47.0,129.0,129.0,129.0,24.0,27.0,-3.0,2.0,1.0,0.35454437,0.35454437,-0.048969038,-0.322746,1.0,0.0,outdoors,27.0,0.0,0.0,,,0.0,0.0,0.0,0.0,0.0,21.0,4890.0,GO,false,,false,false
4929.0,2018_14_BAL_KC,2018,REG,14,2018-12-09,KC,BAL,BAL,KC,away,5.0,2.0,8.0,45.0,120.0,120.0,120.0,24.0,27.0,-3.0,2.0,1.0,0.30557534,0.30557534,-0.06677206,-0.7123658,1.0,0.0,outdoors,27.0,0.0,0.0,,,0.0,0.0,0.0,0.0,0.0,21.0,4929.0,GO,false,,false,false
4962.0,2018_14_BAL_KC,2018,REG,14,2018-12-09,KC,BAL,BAL,KC,away,5.0,2.0,18.0,55.0,112.0,112.0,112.0,24.0,27.0,-3.0,2.0,1.0,0.23880327,0.23880327,-0.05856159,-0.43415233,1.0,0.0,outdoors,27.0,0.0,0.0,,,0.0,0.0,0.0,0.0,0.0,21.0,4962.0,GO,false,,false,false
5014.0,2018_14_BAL_KC,2018,REG,14,2018-12-09,KC,BAL,BAL,KC,away,5.0,3.0,22.0,59.0,106.0,106.0,106.0,24.0,27.0,-3.0,1.0,1.0,0.18024167,0.18024167,-0.1167164,-0.73899764,1.0,0.0,outdoors,27.0,0.0,0.0,,,0.0,0.0,0.0,0.0,0.0,21.0,5014.0,GO,false,,false,false
5053.0,2018_14_BAL_KC,2018,REG,14,2018-12-09,KC,BAL,BAL,KC,away,5.0,4.0,22.0,59.0,99.0,99.0,99.0,24.0,27.0,-3.0,1.0,0.0,0.06352528,0.06352528,-0.06352528,0.24808347,1.0,0.0,outdoors,27.0,0.0,0.0,,,0.0,0.0,1.0,0.0,0.0,21.0,5053.0,GO,false,,false,false
5075.0,2018_14_BAL_KC,2018,REG,14,2018-12-09,KC,BAL,KC,BAL,home,5.0,,0.0,,93.0,93.0,93.0,27.0,24.0,3.0,0.0,1.0,,,,,0.0,0.0,outdoors,27.0,0.0,,,,,,,0.0,0.0,22.0,5075.0,GO,,,true,false
4473.0,2018_14_PHI_DAL,2018,REG,14,2018-12-09,DAL,PHI,DAL,PHI,home,5.0,,0.0,35.0,600.0,600.0,600.0,23.0,23.0,0.0,2.0,2.0,0.5857473,0.5857473,0.0,0.0,0.0,0.0,closed,,,0.0,,65.0,0.0,0.0,0.0,0.0,0.0,24.0,4473.0,GO,false,,true,true
4523.0,2018_14_PHI_DAL,2018,REG,14,2018-12-09,DAL,PHI,DAL,PHI,home,5.0,1.0,10.0,75.0,600.0,600.0,600.0,23.0,23.0,0.0,2.0,2.0,0.5857473,0.5857473,0.020607375,0.3824589,0.0,0.0,closed,,,0.0,,,0.0,0.0,0.0,0.0,0.0,24.0,4523.0,GO,false,,true,true
4545.0,2018_14_PHI_DAL,2018,REG,14,2018-12-09,DAL,PHI,DAL,PHI,home,5.0,2.0,2.0,67.0,570.0,570.0,570.0,23.0,23.0,0.0,2.0,2.0,0.6063547,0.6063547,0.068433106,0.5983481,0.0,0.0,closed,,,0.0,,,0.0,0.0,0.0,0.0,0.0,24.0,4545.0,GO,false,,true,true
4567.0,2018_14_PHI_DAL,2018,REG,14,2018-12-09,DAL,PHI,DAL,PHI,home,5.0,1.0,10.0,57.0,529.0,529.0,529.0,23.0,23.0,0.0,2.0,2.0,0.6747878,0.6747878,0.09019185,0.86254716,0.0,0.0,closed,,,0.0,,,0.0,0.0,0.0,0.0,0.0,24.0,4567.0,GO,false,,true,true
4592.0,2018_14_PHI_DAL,2018,REG,14,2018-12-09,DAL,PHI,DAL,PHI,home,5.0,1.0,10.0,41.0,488.0,488.0,488.0,23.0,23.0,0.0,2.0,2.0,0.76497966,0.76497966,-0.038865596,-0.40404105,0.0,0.0,closed,,,0.0,,,0.0,0.0,0.0,0.0,0.0,24.0,4592.0,GO,false,,true,true
4614.0,2018_14_PHI_DAL,2018,REG,14,2018-12-09,DAL,PHI,DAL,PHI,home,5.0,2.0,9.0,40.0,454.0,454.0,454.0,23.0,23.0,0.0,2.0,2.0,0.72611403,0.72611403,-0.12024928,-0.9985313,1.0,0.0,closed,,,0.0,,,0.0,0.0,0.0,0.0,0.0,24.0,4614.0,GO,false,,true,true
4645.0,2018_14_PHI_DAL,2018,REG,14,2018-12-09,DAL,PHI,DAL,PHI,home,5.0,2.0,19.0,50.0,430.0,430.0,430.0,23.0,23.0,0.0,2.0,2.0,0.60586476,0.60586476,0.028548678,0.24167171,1.0,0.0,closed,,,0.0,,,0.0,0.0,0.0,0.0,0.0,24.0,4645.0,GO,false,,true,true
4670.0,2018_14_PHI_DAL,2018,REG,14,2018-12-09,DAL,PHI,DAL,PHI,home,5.0,3.0,9.0,40.0,391.0,391.0,391.0,23.0,23.0,0.0,2.0,2.0,0.6344135,0.6344135,0.22017801,1.9515957,1.0,0.0,closed,,,0.0,,,0.0,0.0,0.0,0.0,0.0,24.0,4670.0,GO,false,,true,true
4695.0,2018_14_PHI_DAL,2018,REG,14,2018-12-09,DAL,PHI,DAL,PHI,home,5.0,1.0,10.0,28.0,365.0,365.0,365.0,23.0,23.0,0.0,2.0,2.0,0.8545915,0.8545915,0.013517856,-0.02708533,0.0,0.0,closed,,,0.0,,,0.0,0.0,0.0,0.0,0.0,24.0,4695.0,GO,false,,true,true
4717.0,2018_14_PHI_DAL,2018,REG,14,2018-12-09,DAL,PHI,DAL,PHI,home,5.0,2.0,6.0,24.0,331.0,331.0,331.0,23.0,23.0,0.0,2.0,2.0,0.86810935,0.86810935,-0.001193068,0.3119991,1.0,0.0,closed,,,0.0,,,0.0,0.0,0.0,0.0,0.0,24.0,4717.0,GO,false,,true,true
4749.0,2018_14_PHI_DAL,2018,REG,14,2018-12-09,DAL,PHI,DAL,PHI,home,5.0,3.0,1.0,19.0,287.0,287.0,287.0,23.0,23.0,0.0,2.0,2.0,0.86691624,0.86691624,-0.07982062,-1.0581163,0.0,0.0,closed,,,0.0,,,0.0,0.0,0.0,0.0,0.0,24.0,4749.0,GO,false,,true,true
4788.0,2018_14_PHI_DAL,2018,REG,14,2018-12-09,DAL,PHI,DAL,PHI,home,5.0,4.0,1.0,19.0,241.0,241.0,241.0,23.0,23.0,0.0,1.0,2.0,0.7870956,0.7870956,0.08687395,1.4502963,0.0,0.0,closed,,,0.0,,,0.0,1.0,0.0,0.0,0.0,24.0,4788.0,GO,true,,true,true
4810.0,2018_14_PHI_DAL,2018,REG,14,2018-12-09,DAL,PHI,DAL,PHI,home,5.0,1.0,10.0,18.0,200.0,200.0,200.0,23.0,23.0,0.0,1.0,2.0,0.87396955,0.87396955,0.007981862,0.15088806,1.0,0.0,closed,,,0.0,,,0.0,0.0,0.0,0.0,0.0,24.0,4810.0,GO,false,,true,true
4832.0,2018_14_PHI_DAL,2018,REG,14,2018-12-09,DAL,PHI,DAL,PHI,home,5.0,2.0,4.0,12.0,161.0,161.0,161.0,23.0,23.0,0.0,1.0,2.0,0.88195145,0.88195145,-0.06637914,-1.1745827,1.0,0.0,closed,,,0.0,,,0.0,0.0,0.0,0.0,0.0,24.0,4832.0,GO,false,,true,true
4915.0,2018_14_PHI_DAL,2018,REG,14,2018-12-09,DAL,PHI,DAL,PHI,home,5.0,3.0,7.0,15.0,120.0,120.0,120.0,23.0,23.0,0.0,1.0,2.0,0.8155723,0.8155723,0.1844277,3.2563999,1.0,0.0,closed,,,0.0,,,0.0,0.0,0.0,0.0,0.0,24.0,4862.0,GO,false,,true,true
4871.0,2018_14_PHI_DAL,2018,REG,14,2018-12-09,DAL,PHI,DAL,PHI,home,5.0,,0.0,,115.0,115.0,115.0,29.0,23.0,6.0,1.0,2.0,,,,,0.0,0.0,closed,,,,,,,,,0.0,0.0,24.0,4871.0,GO,,,true,true
4479.0,2018_15_SEA_SF,2018,REG,15,2018-12-16,SF,SEA,SEA,SF,away,5.0,,0.0,35.0,600.0,600.0,600.0,23.0,23.0,0.0,2.0,2.0,0.42352656,0.42352656,-0.0,-0.7591129,0.0,0.0,outdoors,61.0,11.0,0.0,,70.0,0.0,0.0,0.0,0.0,0.0,24.0,4479.0,GO,false,,false,true
4506.0,2018_15_SEA_SF,2018,REG,15,2018-12-16,SF,SEA,SEA,SF,away,5.0,1.0,10.0,86.0,597.0,597.0,597.0,23.0,23.0,0.0,2.0,2.0,0.42352656,0.42352656,-0.015536447,-0.109973714,1.0,0.0,outdoors,61.0,11.0,0.0,,,0.0,0.0,0.0,0.0,0.0,24.0,4506.0,GO,false,,false,true
4528.0,2018_15_SEA_SF,2018,REG,15,2018-12-16,SF,SEA,SEA,SF,away,5.0,2.0,6.0,82.0,560.0,560.0,560.0,23.0,23.0,0.0,2.0,2.0,0.4079901,0.4079901,-0.033730425,-0.259184,1.0,0.0,outdoors,61.0,11.0,0.0,,,0.0,0.0,0.0,0.0,0.0,24.0,4528.0,GO,false,,false,true
4552.0,2018_15_SEA_SF,2018,REG,15,2018-12-16,SF,SEA,SEA,SF,away,5.0,3.0,4.0,80.0,513.0,513.0,513.0,23.0,23.0,0.0,2.0,2.0,0.37425968,0.37425968,-0.12737504,-1.3241323,1.0,0.0,outdoors,61.0,11.0,0.0,,,0.0,0.0,0.0,0.0,0.0,24.0,4552.0,GO,false,,false,true
4588.0,2018_15_SEA_SF,2018,REG,15,2018-12-16,SF,SEA,SEA,SF,away,5.0,3.0,14.0,90.0,491.0,491.0,491.0,23.0,23.0,0.0,2.0,2.0,0.24688463,0.24688463,-0.016846785,0.037185505,1.0,0.0,outdoors,61.0,11.0,0.0,,,0.0,0.0,0.0,0.0,0.0,24.0,4588.0,GO,false,,false,true
4613.0,2018_15_SEA_SF,2018,REG,15,2018-12-16,SF,SEA,SEA,SF,away,5.0,4.0,6.0,82.0,456.0,456.0,456.0,23.0,23.0,0.0,2.0,2.0,0.23003785,0.23003785,0.20661072,-0.4343306,0.0,0.0,outdoors,61.0,11.0,0.0,,59.0,1.0,0.0,0.0,0.0,0.0,24.0,4613.0,PUNT,false,,false,true
4655.0,2018_15_SEA_SF,2018,REG,15,2018-12-16,SF,SEA,SF,SEA,home,5.0,1.0,10.0,62.0,445.0,445.0,445.0,23.0,23.0,0.0,2.0,2.0,0.5633514,0.5633514,-0.0344013,-0.22064832,0.0,0.0,outdoors,61.0,11.0,0.0,,,0.0,0.0,0.0,0.0,0.0,25.0,4655.0,GO,false,,true,false
4677.0,2018_15_SEA_SF,2018,REG,15,2018-12-16,SF,SEA,SF,SEA,home,5.0,2.0,6.0,58.0,404.0,404.0,404.0,23.0,23.0,0.0,2.0,2.0,0.5289501,0.5289501,0.0762535,0.755967,0.0,0.0,outdoors,61.0,11.0,0.0,,,0.0,0.0,0.0,0.0,0.0,25.0,4677.0,GO,false,,true,false
4699.0,2018_15_SEA_SF,2018,REG,15,2018-12-16,SF,SEA,SF,SEA,home,5.0,1.0,10.0,51.0,362.0,362.0,362.0,23.0,23.0,0.0,2.0,2.0,0.6052036,0.6052036,-0.13549559,-1.1330466,0.0,0.0,outdoors,61.0,11.0,0.0,,,0.0,0.0,0.0,0.0,0.0,25.0,4699.0,GO,false,,true,false
4721.0,2018_15_SEA_SF,2018,REG,15,2018-12-16,SF,SEA,SF,SEA,home,5.0,2.0,15.0,56.0,326.0,326.0,326.0,23.0,23.0,0.0,2.0,2.0,0.46970806,0.46970806,0.20465651,1.776663,0.0,0.0,outdoors,61.0,11.0,0.0,,,0.0,0.0,0.0,0.0,0.0,25.0,4721.0,GO,false,,true,false
4754.0,2018_15_SEA_SF,2018,REG,15,2018-12-16,SF,SEA,SF,SEA,home,5.0,1.0,10.0,41.0,321.0,321.0,321.0,23.0,23.0,0.0,2.0,2.0,0.67436457,0.67436457,0.1416682,0.92362696,0.0,0.0,outdoors,61.0,11.0,0.0,,,0.0,0.0,0.0,0.0,0.0,25.0,4754.0,GO,false,,true,false
4776.0,2018_15_SEA_SF,2018,REG,15,2018-12-16,SF,SEA,SF,SEA,home,5.0,1.0,10.0,25.0,279.0,279.0,279.0,23.0,23.0,0.0,2.0,2.0,0.81603277,0.81603277,-0.0046698684,-0.19810466,0.0,0.0,outdoors,61.0,11.0,0.0,,,0.0,0.0,0.0,0.0,0.0,25.0,4776.0,GO,false,,true,false
4798.0,2018_15_SEA_SF,2018,REG,15,2018-12-16,SF,SEA,SF,SEA,home,5.0,2.0,7.0,22.0,237.0,237.0,237.0,23.0,23.0,0.0,2.0,2.0,0.81136286,0.81136286,0.10583011,-1.1728308,0.0,0.0,outdoors,61.0,11.0,0.0,,,0.0,0.0,0.0,0.0,0.0,25.0,4798.0,GO,false,,true,false
4837.0,2018_15_SEA_SF,2018,REG,15,2018-12-16,SF,SEA,SF,SEA,home,5.0,3.0,3.0,18.0,191.0,191.0,191.0,23.0,23.0,0.0,1.0,2.0,0.917193,0.917193,0.082807,0.398854,0.0,0.0,outdoors,61.0,11.0,1.0,made,36.0,0.0,0.0,0.0,0.0,0.0,25.0,4837.0,FG,false,true,true,false
4856.0,2018_15_SEA_SF,2018,REG,15,2018-12-16,SF,SEA,SF,SEA,home,5.0,,0.0,,186.0,186.0,186.0,26.0,23.0,3.0,1.0,2.0,,,,,0.0,0.0,outdoors,61.0,11.0,,,,,,,0.0,0.0,25.0,4856.0,GO,,,true,false
5026.0,2018_05_BAL_CLE,2018,REG,5,2018-10-07,CLE,BAL,CLE,BAL,home,5.0,2.0,5.0,23.0,10.0,10.0,10.0,9.0,9.0,0.0,2.0,0.0,0.69322175,0.69322175,0.19849068,0.4619758,1.0,0.0,outdoors,72.0,5.0,0.0,,,0.0,0.0,0.0,0.0,0.0,30.0,5026.0,GO,false,,true,false
5064.0,2018_05_BAL_CLE,2018,REG,5,2018-10-07,CLE,BAL,CLE,BAL,home,5.0,3.0,1.0,19.0,6.0,6.0,6.0,9.0,9.0,0.0,1.0,0.0,0.8917124,0.8917124,0.10828756,0.329618,0.0,0.0,outdoors,72.0,5.0,1.0,made,37.0,0.0,0.0,0.0,0.0,0.0,30.0,5064.0,FG,false,true,true,false
5083.0,2018_05_BAL_CLE,2018,REG,5,2018-10-07,CLE,BAL,CLE,BAL,home,5.0,,0.0,,2.0,2.0,2.0,12.0,9.0,3.0,1.0,0.0,,,,,0.0,0.0,outdoors,72.0,5.0,,,,,,,0.0,0.0,30.0,5083.0,GO,,,true,false
3812.0,2018_06_CHI_MIA,2018,REG,6,2018-10-14,MIA,CHI,MIA,CHI,home,5.0,,0.0,35.0,600.0,600.0,600.0,28.0,28.0,0.0,2.0,2.0,0.5268756,0.5268756,0.0,0.0,0.0,0.0,outdoors,89.0,8.0,0.0,,65.0,0.0,0.0,0.0,0.0,0.0,24.0,3812.0,GO,false,,true,true
3827.0,2018_06_CHI_MIA,2018,REG,6,2018-10-14,MIA,CHI,MIA,CHI,home,5.0,1.0,10.0,75.0,600.0,600.0,600.0,28.0,28.0,0.0,2.0,2.0,0.5268756,0.5268756,-0.11877742,-1.0767095,1.0,0.0,outdoors,89.0,8.0,0.0,,,0.0,0.0,0.0,0.0,0.0,24.0,3827.0,GO,false,,true,true
3862.0,2018_06_CHI_MIA,2018,REG,6,2018-10-14,MIA,CHI,MIA,CHI,home,5.0,1.0,20.0,85.0,573.0,573.0,573.0,28.0,28.0,0.0,2.0,2.0,0.40809822,0.40809822,0.018315887,0.17893916,1.0,0.0,outdoors,89.0,8.0,0.0,,,0.0,0.0,0.0,0.0,0.0,24.0,3862.0,GO,false,,true,true
3883.0,2018_06_CHI_MIA,2018,REG,6,2018-10-14,MIA,CHI,MIA,CHI,home,5.0,2.0,11.0,76.0,532.0,532.0,532.0,28.0,28.0,0.0,2.0,2.0,0.4264141,0.4264141,-0.066830315,-0.7380953,0.0,0.0,outdoors,89.0,8.0,0.0,,,0.0,0.0,0.0,0.0,0.0,24.0,3883.0,GO,false,,true,true
3905.0,2018_06_CHI_MIA,2018,REG,6,2018-10-14,MIA,CHI,MIA,CHI,home,5.0,3.0,11.0,76.0,527.0,527.0,527.0,28.0,28.0,0.0,2.0,2.0,0.3595838,0.3595838,0.35776207,3.531614,1.0,0.0,outdoors,89.0,8.0,0.0,,,0.0,0.0,0.0,0.0,0.0,24.0,3905.0,GO,false,,true,true
3929.0,2018_06_CHI_MIA,2018,REG,6,2018-10-14,MIA,CHI,MIA,CHI,home,5.0,1.0,10.0,41.0,484.0,484.0,484.0,28.0,28.0,0.0,2.0,2.0,0.7173459,0.7173459,-0.031347606,-0.34254944,0.0,1.0,outdoors,89.0,8.0,0.0,,,0.0,0.0,0.0,0.0,0.0,24.0,3929.0,GO,false,,true,true
3950.0,2018_06_CHI_MIA,2018,REG,6,2018-10-14,MIA,CHI,MIA,CHI,home,5.0,2.0,8.0,39.0,437.0,437.0,437.0,28.0,28.0,0.0,2.0,2.0,0.68599826,0.68599826,0.23871537,2.5338507,0.0,0.0,outdoors,89.0,8.0,0.0,,,0.0,0.0,0.0,0.0,0.0,24.0,3950.0,GO,false,,true,true
3971.0,2018_06_CHI_MIA,2018,REG,6,2018-10-14,MIA,CHI,MIA,CHI,home,5.0,1.0,7.0,7.0,396.0,396.0,396.0,28.0,28.0,0.0,2.0,2.0,0.9247136,0.9247136,0.006627022,0.49982357,1.0,0.0,outdoors,89.0,8.0,0.0,,,0.0,0.0,0.0,0.0,0.0,24.0,3971.0,GO,false,,true,true
3996.0,2018_06_CHI_MIA,2018,REG,6,2018-10-14,MIA,CHI,MIA,CHI,home,5.0,2.0,2.0,2.0,350.0,350.0,350.0,28.0,28.0,0.0,2.0,2.0,0.93134063,0.93134063,-0.011075144,-0.1258735,0.0,0.0,outdoors,89.0,8.0,0.0,,,0.0,0.0,0.0,0.0,0.0,24.0,3996.0,GO,false,,true,true
4034.0,2018_06_CHI_MIA,2018,REG,6,2018-10-14,MIA,CHI,MIA,CHI,home,5.0,3.0,1.0,1.0,306.0,306.0,306.0,28.0,28.0,0.0,1.0,2.0,0.9202655,0.9202655,-0.2546109,-6.110971,1.0,0.0,outdoors,89.0,8.0,0.0,,,0.0,0.0,0.0,0.0,0.0,24.0,4034.0,GO,false,,true,true
4071.0,2018_06_CHI_MIA,2018,REG,6,2018-10-14,MIA,CHI,CHI,MIA,away,5.0,1.0,10.0,80.0,299.0,299.0,299.0,28.0,28.0,0.0,2.0,1.0,0.33434537,0.33434537,-0.00053424237,-0.087133616,1.0,0.0,outdoors,89.0,8.0,0.0,,,0.0,0.0,0.0,0.0,0.0,25.0,4071.0,GO,false,,false,false
4108.0,2018_06_CHI_MIA,2018,REG,6,2018-10-14,MIA,CHI,CHI,MIA,away,5.0,2.0,5.0,75.0,295.0,295.0,295.0,28.0,28.0,0.0,2.0,1.0,0.33381113,0.33381113,0.13375492,1.3765142,1.0,0.0,outdoors,89.0,8.0,0.0,,,0.0,0.0,0.0,0.0,0.0,25.0,4108.0,GO,false,,false,false
4129.0,2018_06_CHI_MIA,2018,REG,6,2018-10-14,MIA,CHI,CHI,MIA,away,5.0,1.0,10.0,56.0,259.0,259.0,259.0,28.0,28.0,0.0,2.0,1.0,0.46756604,0.46756604,0.06618747,0.62683576,1.0,0.0,outdoors,89.0,8.0,0.0,,,0.0,0.0,0.0,0.0,0.0,25.0,4129.0,GO,false,,false,false
4181.0,2018_06_CHI_MIA,2018,REG,6,2018-10-14,MIA,CHI,CHI,MIA,away,5.0,1.0,10.0,41.0,219.0,219.0,219.0,28.0,28.0,0.0,2.0,1.0,0.5337535,0.5337535,-0.0798864,-0.5767047,1.0,0.0,outdoors,89.0,8.0,0.0,,,0.0,0.0,0.0,0.0,0.0,25.0,4181.0,GO,false,,false,false
4204.0,2018_06_CHI_MIA,2018,REG,6,2018-10-14,MIA,CHI,CHI,MIA,away,5.0,2.0,8.0,39.0,174.0,174.0,174.0,28.0,28.0,0.0,2.0,1.0,0.45386714,0.45386714,0.025342945,0.22354737,1.0,0.0,outdoors,89.0,8.0,0.0,,,0.0,0.0,0.0,0.0,0.0,25.0,4204.0,GO,false,,false,false
4242.0,2018_06_CHI_MIA,2018,REG,6,2018-10-14,MIA,CHI,CHI,MIA,away,5.0,3.0,4.0,35.0,130.0,130.0,130.0,28.0,28.0,0.0,1.0,1.0,0.47921008,0.47921008,0.13632344,-0.9136516,1.0,0.0,outdoors,89.0,8.0,0.0,,,0.0,0.0,0.0,0.0,0.0,25.0,4242.0,GO,false,,false,false
4280.0,2018_06_CHI_MIA,2018,REG,6,2018-10-14,MIA,CHI,CHI,MIA,away,5.0,4.0,4.0,35.0,120.0,120.0,120.0,28.0,28.0,0.0,1.0,1.0,0.61553353,0.61553353,0.023719044,-2.6139503,0.0,0.0,outdoors,89.0,8.0,1.0,missed,53.0,0.0,0.0,0.0,0.0,0.0,25.0,4280.0,FG,false,false,false,false
4300.0,2018_06_CHI_MIA,2018,REG,6,2018-10-14,MIA,CHI,MIA,CHI,home,5.0,1.0,10.0,57.0,115.0,115.0,115.0,28.0,28.0,0.0,1.0,1.0,0.36074743,0.36074743,-0.013988554,-0.2121761,0.0,0.0,outdoors,89.0,8.0,0.0,,,0.0,0.0,0.0,0.0,0.0,26.0,4300.0,GO,false,,true,false
4321.0,2018_06_CHI_MIA,2018,REG,6,2018-10-14,MIA,CHI,MIA,CHI,home,5.0,2.0,6.0,53.0,75.0,75.0,75.0,28.0,28.0,0.0,1.0,1.0,0.3467589,0.3467589,0.22957331,1.0711039,1.0,0.0,outdoors,89.0,8.0,0.0,,,0.0,0.0,0.0,0.0,0.0,26.0,4321.0,GO,false,,true,false
4345.0,2018_06_CHI_MIA,2018,REG,6,2018-10-14,MIA,CHI,MIA,CHI,home,5.0,1.0,10.0,38.0,40.0,40.0,40.0,28.0,28.0,0.0,1.0,1.0,0.5763322,0.5763322,-0.069046654,-0.30741262,0.0,0.0,outdoors,89.0,8.0,0.0,,,0.0,0.0,0.0,0.0,0.0,26.0,4345.0,GO,false,,true,false
4383.0,2018_06_CHI_MIA,2018,REG,6,2018-10-14,MIA,CHI,MIA,CHI,home,5.0,2.0,7.0,35.0,33.0,33.0,33.0,28.0,28.0,0.0,0.0,1.0,0.50728554,0.50728554,0.16885543,0.02746591,1.0,0.0,outdoors,89.0,8.0,0.0,,,0.0,0.0,0.0,0.0,0.0,26.0,4383.0,GO,false,,true,false
4407.0,2018_06_CHI_MIA,2018,REG,6,2018-10-14,MIA,CHI,MIA,CHI,home,5.0,3.0,1.0,29.0,3.0,3.0,3.0,28.0,28.0,0.0,0.0,1.0,0.67614096,0.67614096,0.04686061,0.120893784,0.0,0.0,outdoors,89.0,8.0,0.0,,,0.0,0.0,0.0,1.0,0.0,26.0,4407.0,GO,false,,true,false
4459.0,2018_06_CHI_MIA,2018,REG,6,2018-10-14,MIA,CHI,MIA,CHI,home,5.0,4.0,1.0,29.0,3.0,3.0,3.0,28.0,28.0,0.0,0.0,0.0,0.7230016,0.7230016,0.27699843,0.83099526,0.0,0.0,outdoors,89.0,8.0,1.0,made,47.0,0.0,0.0,0.0,0.0,0.0,26.0,4459.0,FG,false,true,true,false
4478.0,2018_06_CHI_MIA,2018,REG,6,2018-10-14,MIA,CHI,MIA,CHI,home,5.0,,0.0,,0.0,0.0,0.0,31.0,28.0,3.0,0.0,0.0,,,,,0.0,0.0,outdoors,89.0,8.0,,,,,,,0.0,0.0,26.0,4478.0,GO,,,true,false
4946.0,2018_16_GB_NYJ,2018,REG,16,2018-12-23,NYJ,GB,GB,NYJ,away,5.0,,0.0,35.0,600.0,600.0,600.0,38.0,38.0,0.0,2.0,2.0,0.50375366,0.50375366,-0.0,-0.0,0.0,0.0,outdoors,43.0,8.0,0.0,,65.0,0.0,0.0,0.0,0.0,0.0,24.0,4946.0,GO,false,,false,true
4961.0,2018_16_GB_NYJ,2018,REG,16,2018-12-23,NYJ,GB,GB,NYJ,away,5.0,1.0,10.0,75.0,600.0,600.0,600.0,38.0,38.0,0.0,2.0,2.0,0.50375366,0.50375366,0.020617936,0.36765674,0.0,0.0,outdoors,43.0,8.0,0.0,,,0.0,0.0,0.0,0.0,0.0,24.0,4961.0,GO,false,,false,true
4983.0,2018_16_GB_NYJ,2018,REG,16,2018-12-23,NYJ,GB,GB,NYJ,away,5.0,2.0,2.0,67.0,554.0,554.0,554.0,38.0,38.0,0.0,2.0,2.0,0.5243716,0.5243716,0.05383062,0.44436842,1.0,0.0,outdoors,43.0,8.0,0.0,,,0.0,0.0,0.0,0.0,0.0,24.0,4983.0,GO,false,,false,true
5005.0,2018_16_GB_NYJ,2018,REG,16,2018-12-23,NYJ,GB,GB,NYJ,away,5.0,1.0,10.0,60.0,521.0,521.0,521.0,38.0,38.0,0.0,2.0,2.0,0.57820225,0.57820225,-0.04531039,-0.43839586,1.0,0.0,outdoors,43.0,8.0,0.0,,,0.0,0.0,0.0,0.0,0.0,24.0,5005.0,GO,false,,false,true
5027.0,2018_16_GB_NYJ,2018,REG,16,2018-12-23,NYJ,GB,GB,NYJ,away,5.0,2.0,10.0,60.0,518.0,518.0,518.0,38.0,38.0,0.0,2.0,2.0,0.53289187,0.53289187,-0.07624417,-0.59835064,1.0,0.0,outdoors,43.0,8.0,0.0,,,0.0,0.0,0.0,0.0,0.0,24.0,5027.0,GO,false,,false,true
5056.0,2018_16_GB_NYJ,2018,REG,16,2018-12-23,NYJ,GB,GB,NYJ,away,5.0,3.0,10.0,60.0,474.0,474.0,474.0,38.0,38.0,0.0,2.0,2.0,0.45664766,0.45664766,0.3871181,3.2437592,1.0,0.0,outdoors,43.0,8.0,0.0,,,0.0,0.0,0.0,0.0,0.0,24.0,5056.0,GO,false,,false,true
5090.0,2018_16_GB_NYJ,2018,REG,16,2018-12-23,NYJ,GB,GB,NYJ,away,5.0,1.0,10.0,27.0,467.0,467.0,467.0,38.0,38.0,0.0,2.0,2.0,0.8437658,0.8437658,0.05368714,0.8353409,0.0,0.0,outdoors,43.0,8.0,0.0,,,0.0,0.0,0.0,0.0,0.0,24.0,5090.0,GO,false,,false,true
5112.0,2018_16_GB_NYJ,2018,REG,16,2018-12-23,NYJ,GB,GB,NYJ,away,5.0,2.0,1.0,18.0,450.0,450.0,450.0,38.0,38.0,0.0,2.0,2.0,0.89745295,0.89745295,0.00034865347,0.004519896,1.0,1.0,outdoors,43.0,8.0,,,,,,,0.0,0.0,24.0,5112.0,GO,,,false,true
5145.0,2018_16_GB_NYJ,2018,REG,16,2018-12-23,NYJ,GB,GB,NYJ,away,5.0,2.0,1.0,18.0,446.0,446.0,446.0,38.0,38.0,0.0,2.0,2.0,0.8978016,0.8978016,0.01316523,0.009636885,0.0,0.0,outdoors,43.0,8.0,0.0,,,0.0,0.0,0.0,0.0,0.0,24.0,5145.0,GO,false,,false,true
5210.0,2018_16_GB_NYJ,2018,REG,16,2018-12-23,NYJ,GB,GB,NYJ,away,5.0,1.0,10.0,13.0,403.0,403.0,403.0,38.0,38.0,0.0,2.0,2.0,0.9109668,0.9109668,-0.0154720405,-0.43903786,0.0,0.0,outdoors,43.0,8.0,0.0,,,0.0,0.0,0.0,0.0,0.0,24.0,5210.0,GO,false,,false,true
5232.0,2018_16_GB_NYJ,2018,REG,16,2018-12-23,NYJ,GB,GB,NYJ,away,5.0,2.0,10.0,13.0,396.0,396.0,396.0,38.0,38.0,0.0,2.0,2.0,0.89549476,0.89549476,0.027436893,1.006692,1.0,0.0,outdoors,43.0,8.0,0.0,,,0.0,0.0,0.0,0.0,0.0,24.0,5232.0,GO,false,,false,true
5265.0,2018_16_GB_NYJ,2018,REG,16,2018-12-23,NYJ,GB,GB,NYJ,away,5.0,1.0,6.0,6.0,393.0,393.0,393.0,38.0,38.0,0.0,2.0,2.0,0.9229317,0.9229317,-0.03787271,-1.3125842,1.0,0.0,outdoors,43.0,8.0,0.0,,,0.0,0.0,0.0,0.0,0.0,24.0,5265.0,GO,false,,false,true
5299.0,2018_16_GB_NYJ,2018,REG,16,2018-12-23,NYJ,GB,GB,NYJ,away,5.0,1.0,16.0,16.0,388.0,388.0,388.0,38.0,38.0,0.0,2.0,2.0,0.88505894,0.88505894,0.11494104,2.896366,1.0,0.0,outdoors,43.0,8.0,0.0,,,0.0,0.0,0.0,0.0,0.0,24.0,5299.0,GO,false,,false,true
5325.0,2018_16_GB_NYJ,2018,REG,16,2018-12-23,NYJ,GB,NYJ,GB,home,5.0,,0.0,,383.0,383.0,383.0,38.0,44.0,-6.0,2.0,2.0,,,,,0.0,0.0,outdoors,43.0,8.0,,,,,,,0.0,0.0,25.0,5325.0,GO,,,true,false
4134.0,2021_05_IND_BAL,2021,REG,5,2021-10-11,BAL,IND,BAL,IND,home,5.0,,0.0,35.0,600.0,600.0,600.0,25.0,25.0,0.0,2.0,2.0,0.42625606,0.42625606,0.0,0.3886387,0.0,0.0,outdoors,69.0,6.0,0.0,,60.0,0.0,0.0,0.0,0.0,0.0,20.0,4134.0,GO,false,,true,true
4161.0,2021_05_IND_BAL,2021,REG,5,2021-10-11,BAL,IND,BAL,IND,home,5.0,1.0,10.0,68.0,594.0,594.0,594.0,25.0,25.0,0.0,2.0,2.0,0.42625606,0.42625606,0.008216127,0.17967823,1.0,0.0,outdoors,69.0,6.0,0.0,,,0.0,0.0,0.0,0.0,0.0,20.0,4161.0,GO,false,,true,true
4182.0,2021_05_IND_BAL,2021,REG,5,2021-10-11,BAL,IND,BAL,IND,home,5.0,2.0,4.0,62.0,582.0,582.0,582.0,25.0,25.0,0.0,2.0,2.0,0.4344722,0.4344722,0.046665806,0.9545448,1.0,0.0,outdoors,69.0,6.0,0.0,,,0.0,0.0,0.0,0.0,0.0,20.0,4182.0,GO,false,,true,true
4212.0,2021_05_IND_BAL,2021,REG,5,2021-10-11,BAL,IND,BAL,IND,home,5.0,1.0,10.0,48.0,562.0,562.0,562.0,25.0,25.0,0.0,2.0,2.0,0.481138,0.481138,-0.026676873,-0.16942842,1.0,1.0,outdoors,69.0,6.0,0.0,,,0.0,0.0,0.0,0.0,0.0,20.0,4212.0,GO,false,,true,true
4236.0,2021_05_IND_BAL,2021,REG,5,2021-10-11,BAL,IND,BAL,IND,home,5.0,2.0,6.0,44.0,520.0,520.0,520.0,25.0,25.0,0.0,2.0,2.0,0.45446113,0.45446113,0.046912238,1.0366997,1.0,0.0,outdoors,69.0,6.0,0.0,,,0.0,0.0,0.0,0.0,0.0,20.0,4236.0,GO,false,,true,true
4269.0,2021_05_IND_BAL,2021,REG,5,2021-10-11,BAL,IND,BAL,IND,home,5.0,1.0,10.0,33.0,490.0,490.0,490.0,25.0,25.0,0.0,2.0,2.0,0.50137335,0.50137335,0.016961755,0.4452964,1.0,0.0,outdoors,69.0,6.0,0.0,,,0.0,0.0,0.0,0.0,0.0,20.0,4269.0,GO,false,,true,true
4293.0,2021_05_IND_BAL,2021,REG,5,2021-10-11,BAL,IND,BAL,IND,home,5.0,2.0,3.0,26.0,462.0,462.0,462.0,25.0,25.0,0.0,2.0,2.0,0.5183351,0.5183351,0.030547885,0.41539824,1.0,0.0,outdoors,69.0,6.0,0.0,,,0.0,0.0,0.0,0.0,0.0,20.0,4293.0,GO,false,,true,true
4314.0,2021_05_IND_BAL,2021,REG,5,2021-10-11,BAL,IND,BAL,IND,home,5.0,1.0,10.0,20.0,436.0,436.0,436.0,25.0,25.0,0.0,2.0,2.0,0.548883,0.548883,0.05130179,0.43250927,1.0,0.0,outdoors,69.0,6.0,0.0,,,0.0,0.0,0.0,0.0,0.0,20.0,4314.0,GO,false,,true,true
4338.0,2021_05_IND_BAL,2021,REG,5,2021-10-11,BAL,IND,BAL,IND,home,5.0,2.0,3.0,13.0,403.0,403.0,403.0,25.0,25.0,0.0,2.0,2.0,0.6001848,0.6001848,0.05866867,0.2740563,1.0,0.0,outdoors,69.0,6.0,0.0,,,0.0,0.0,0.0,0.0,0.0,20.0,4338.0,GO,false,,true,true
4378.0,2021_05_IND_BAL,2021,REG,5,2021-10-11,BAL,IND,BAL,IND,home,5.0,1.0,7.0,7.0,370.0,370.0,370.0,25.0,25.0,0.0,2.0,1.0,0.6588535,0.6588535,-0.028343169,-0.11753701,1.0,0.0,outdoors,69.0,6.0,0.0,,,0.0,0.0,0.0,0.0,0.0,20.0,4378.0,GO,false,,true,true
4401.0,2021_05_IND_BAL,2021,REG,5,2021-10-11,BAL,IND,BAL,IND,home,5.0,2.0,5.0,5.0,329.0,329.0,329.0,25.0,25.0,0.0,2.0,1.0,0.6305103,0.6305103,0.3694897,2.0055857,1.0,0.0,outdoors,69.0,6.0,0.0,,,0.0,0.0,0.0,0.0,0.0,20.0,4401.0,GO,false,,true,true
4426.0,2021_05_IND_BAL,2021,REG,5,2021-10-11,BAL,IND,BAL,IND,home,5.0,,0.0,,324.0,324.0,324.0,31.0,25.0,6.0,2.0,1.0,,,,,0.0,0.0,outdoors,69.0,6.0,,,,,,,0.0,0.0,20.0,4426.0,GO,,,true,true
3942.0,2020_15_LAC_LV,2020,REG,15,2020-12-17,LV,LAC,LV,LAC,home,5.0,4.0,5.0,5.0,202.0,202.0,202.0,24.0,24.0,0.0,2.0,1.0,0.09563984,0.09563984,0.54743165,0.025368854,0.0,0.0,dome,,,1.0,made,23.0,0.0,0.0,0.0,0.0,0.0,18.0,3942.0,FG,false,true,true,true
3961.0,2020_15_LAC_LV,2020,REG,15,2020-12-17,LV,LAC,LAC,LV,away,5.0,,0.0,35.0,198.0,198.0,198.0,24.0,27.0,-3.0,1.0,2.0,0.35692853,0.35692853,-0.0,-0.0,0.0,0.0,dome,,,0.0,,65.0,0.0,0.0,0.0,0.0,0.0,19.0,3961.0,GO,false,,false,false
3976.0,2020_15_LAC_LV,2020,REG,15,2020-12-17,LV,LAC,LAC,LV,away,5.0,1.0,10.0,75.0,198.0,198.0,198.0,24.0,27.0,-3.0,1.0,2.0,0.35692853,0.35692853,-0.043812115,-0.557676,0.0,0.0,dome,,,0.0,,,0.0,0.0,0.0,0.0,0.0,19.0,3976.0,GO,false,,false,false
3998.0,2020_15_LAC_LV,2020,REG,15,2020-12-17,LV,LAC,LAC,LV,away,5.0,2.0,10.0,75.0,192.0,192.0,192.0,24.0,27.0,-3.0,1.0,2.0,0.31311643,0.31311643,0.12640892,1.581006,1.0,0.0,dome,,,0.0,,,0.0,0.0,0.0,0.0,0.0,19.0,3998.0,GO,false,,false,false
4031.0,2020_15_LAC_LV,2020,REG,15,2020-12-17,LV,LAC,LAC,LV,away,5.0,1.0,10.0,55.0,185.0,185.0,185.0,24.0,27.0,-3.0,1.0,2.0,0.43952534,0.43952534,0.42442665,3.69101,1.0,0.0,dome,,,0.0,,,0.0,0.0,0.0,0.0,0.0,19.0,4031.0,GO,false,,false,false
4072.0,2020_15_LAC_LV,2020,REG,15,2020-12-17,LV,LAC,LAC,LV,away,5.0,1.0,2.0,2.0,139.0,139.0,139.0,24.0,27.0,-3.0,1.0,1.0,0.863952,0.863952,0.033925805,0.2007738,1.0,0.0,dome,,,0.0,,,0.0,0.0,0.0,0.0,0.0,19.0,4072.0,GO,false,,false,false
4104.0,2020_15_LAC_LV,2020,REG,15,2020-12-17,LV,LAC,LAC,LV,away,5.0,1.0,1.0,1.0,128.0,128.0,128.0,24.0,27.0,-3.0,1.0,1.0,0.8978778,0.8978778,-0.045848805,-0.2599235,0.0,0.0,dome,,,0.0,,,0.0,0.0,0.0,0.0,0.0,19.0,4104.0,GO,false,,false,false
4144.0,2020_15_LAC_LV,2020,REG,15,2020-12-17,LV,LAC,LAC,LV,away,5.0,2.0,1.0,1.0,120.0,120.0,120.0,24.0,27.0,-3.0,1.0,1.0,0.85202897,0.85202897,-0.06609686,-0.37551865,0.0,0.0,dome,,,0.0,,,0.0,0.0,0.0,0.0,0.0,19.0,4144.0,GO,false,,false,false
4176.0,2020_15_LAC_LV,2020,REG,15,2020-12-17,LV,LAC,LAC,LV,away,5.0,3.0,1.0,1.0,92.0,92.0,92.0,24.0,27.0,-3.0,1.0,1.0,0.7859321,0.7859321,0.21406786,1.2805939,0.0,0.0,dome,,,0.0,,,0.0,0.0,0.0,0.0,0.0,19.0,4176.0,GO,false,,false,false
4195.0,2020_15_LAC_LV,2020,REG,15,2020-12-17,LV,LAC,LV,LAC,home,5.0,,0.0,,89.0,89.0,89.0,27.0,30.0,-3.0,1.0,1.0,,,,,0.0,0.0,dome,,,,,,,,,0.0,0.0,20.0,4195.0,GO,,,true,false
4337.0,2021_04_TEN_NYJ,2021,REG,4,2021-10-03,NYJ,TEN,NYJ,TEN,home,5.0,,0.0,35.0,600.0,600.0,600.0,24.0,24.0,0.0,2.0,2.0,0.5268756,0.5268756,0.0,0.0,0.0,0.0,outdoors,78.0,9.0,0.0,,65.0,0.0,0.0,0.0,0.0,0.0,25.0,4337.0,GO,false,,true,true
4352.0,2021_04_TEN_NYJ,2021,REG,4,2021-10-03,NYJ,TEN,NYJ,TEN,home,5.0,1.0,10.0,75.0,600.0,600.0,600.0,24.0,24.0,0.0,2.0,2.0,0.5268756,0.5268756,-0.048710577,-0.4998769,0.0,0.0,outdoors,78.0,9.0,0.0,,,0.0,0.0,0.0,0.0,0.0,25.0,4352.0,GO,false,,true,true
4374.0,2021_04_TEN_NYJ,2021,REG,4,2021-10-03,NYJ,TEN,NYJ,TEN,home,5.0,2.0,10.0,75.0,596.0,596.0,596.0,24.0,24.0,0.0,2.0,2.0,0.47816506,0.47816506,0.05572382,0.6609795,1.0,0.0,outdoors,78.0,9.0,0.0,,,0.0,0.0,0.0,0.0,0.0,25.0,4374.0,GO,false,,true,true
4415.0,2021_04_TEN_NYJ,2021,REG,4,2021-10-03,NYJ,TEN,NYJ,TEN,home,5.0,3.0,1.0,66.0,588.0,588.0,588.0,24.0,24.0,0.0,2.0,2.0,0.5338889,0.5338889,0.047650293,0.4674161,0.0,0.0,outdoors,78.0,9.0,0.0,,,0.0,0.0,0.0,0.0,0.0,25.0,4415.0,GO,false,,true,true
4480.0,2021_04_TEN_NYJ,2021,REG,4,2021-10-03,NYJ,TEN,NYJ,TEN,home,5.0,1.0,10.0,64.0,544.0,544.0,544.0,24.0,24.0,0.0,2.0,2.0,0.58153915,0.58153915,-0.03733793,-0.2798709,0.0,0.0,outdoors,78.0,9.0,0.0,,,0.0,0.0,0.0,0.0,0.0,25.0,4480.0,GO,false,,true,true
4530.0,2021_04_TEN_NYJ,2021,REG,4,2021-10-03,NYJ,TEN,NYJ,TEN,home,5.0,2.0,10.0,64.0,537.0,537.0,537.0,24.0,24.0,0.0,1.0,2.0,0.54420125,0.54420125,0.023861961,0.2833768,0.0,0.0,outdoors,78.0,9.0,0.0,,,0.0,0.0,0.0,0.0,0.0,25.0,4530.0,GO,false,,true,true
4551.0,2021_04_TEN_NYJ,2021,REG,4,2021-10-03,NYJ,TEN,NYJ,TEN,home,5.0,3.0,2.0,56.0,498.0,498.0,498.0,24.0,24.0,0.0,1.0,2.0,0.5680632,0.5680632,0.2815552,2.1797507,1.0,0.0,outdoors,78.0,9.0,0.0,,,0.0,0.0,0.0,0.0,0.0,25.0,4551.0,GO,false,,true,true
4580.0,2021_04_TEN_NYJ,2021,REG,4,2021-10-03,NYJ,TEN,NYJ,TEN,home,5.0,1.0,10.0,27.0,465.0,465.0,465.0,24.0,24.0,0.0,1.0,2.0,0.84961843,0.84961843,0.026567567,0.17646088,0.0,0.0,outdoors,78.0,9.0,0.0,,,0.0,0.0,0.0,0.0,0.0,25.0,4580.0,GO,false,,true,true
4601.0,2021_04_TEN_NYJ,2021,REG,4,2021-10-03,NYJ,TEN,NYJ,TEN,home,5.0,2.0,5.0,22.0,422.0,422.0,422.0,24.0,24.0,0.0,1.0,2.0,0.876186,0.876186,-0.015562576,-0.43111062,0.0,0.0,outdoors,78.0,9.0,0.0,,,0.0,0.0,0.0,0.0,0.0,25.0,4601.0,GO,false,,true,true
4622.0,2021_04_TEN_NYJ,2021,REG,4,2021-10-03,NYJ,TEN,NYJ,TEN,home,5.0,3.0,3.0,20.0,381.0,381.0,381.0,24.0,24.0,0.0,1.0,2.0,0.8606234,0.8606234,0.04362828,1.048527,1.0,0.0,outdoors,78.0,9.0,0.0,,,0.0,0.0,0.0,0.0,0.0,25.0,4622.0,GO,false,,true,true
4668.0,2021_04_TEN_NYJ,2021,REG,4,2021-10-03,NYJ,TEN,NYJ,TEN,home,5.0,1.0,9.0,9.0,352.0,352.0,352.0,24.0,24.0,0.0,1.0,1.0,0.9042517,0.9042517,-0.014267885,-0.541421,0.0,0.0,outdoors,78.0,9.0,0.0,,,0.0,0.0,0.0,0.0,0.0,25.0,4668.0,GO,false,,true,true
4690.0,2021_04_TEN_NYJ,2021,REG,4,2021-10-03,NYJ,TEN,NYJ,TEN,home,5.0,2.0,9.0,9.0,347.0,347.0,347.0,24.0,24.0,0.0,1.0,1.0,0.88998383,0.88998383,0.0195504,1.270327,1.0,0.0,outdoors,78.0,9.0,0.0,,,0.0,0.0,0.0,0.0,0.0,25.0,4690.0,GO,false,,true,true
4719.0,2021_04_TEN_NYJ,2021,REG,4,2021-10-03,NYJ,TEN,NYJ,TEN,home,5.0,3.0,1.0,1.0,310.0,310.0,310.0,24.0,24.0,0.0,1.0,1.0,0.9095342,0.9095342,0.079641975,-2.5346556,0.0,0.0,outdoors,78.0,9.0,0.0,,,0.0,0.0,0.0,0.0,0.0,25.0,4719.0,GO,false,,true,true
4769.0,2021_04_TEN_NYJ,2021,REG,4,2021-10-03,NYJ,TEN,NYJ,TEN,home,5.0,4.0,4.0,4.0,273.0,273.0,273.0,24.0,24.0,0.0,1.0,1.0,0.9891762,0.9891762,-0.3466163,0.045538794,0.0,0.0,outdoors,78.0,9.0,1.0,made,22.0,0.0,0.0,0.0,0.0,0.0,25.0,4769.0,FG,false,true,true,true
4788.0,2021_04_TEN_NYJ,2021,REG,4,2021-10-03,NYJ,TEN,TEN,NYJ,away,5.0,,0.0,35.0,271.0,271.0,271.0,24.0,27.0,-3.0,1.0,1.0,0.3574401,0.3574401,-0.0,-0.0,0.0,0.0,outdoors,78.0,9.0,0.0,,65.0,0.0,0.0,0.0,0.0,0.0,26.0,4788.0,GO,false,,false,false
4803.0,2021_04_TEN_NYJ,2021,REG,4,2021-10-03,NYJ,TEN,TEN,NYJ,away,5.0,1.0,10.0,75.0,271.0,271.0,271.0,24.0,27.0,-3.0,1.0,1.0,0.3574401,0.3574401,-0.11760257,-0.77092844,0.0,0.0,outdoors,78.0,9.0,0.0,,,0.0,0.0,0.0,0.0,0.0,26.0,4803.0,GO,false,,false,false
4824.0,2021_04_TEN_NYJ,2021,REG,4,2021-10-03,NYJ,TEN,TEN,NYJ,away,5.0,2.0,14.0,79.0,228.0,228.0,228.0,24.0,27.0,-3.0,1.0,1.0,0.23983753,0.23983753,-0.07409791,-0.80498993,1.0,0.0,outdoors,78.0,9.0,0.0,,,0.0,0.0,0.0,0.0,0.0,26.0,4824.0,GO,false,,false,false
4843.0,2021_04_TEN_NYJ,2021,REG,4,2021-10-03,NYJ,TEN,TEN,NYJ,away,5.0,3.0,21.0,86.0,186.0,186.0,186.0,24.0,27.0,-3.0,1.0,1.0,0.16573963,0.16573963,0.005802666,0.54929703,1.0,0.0,outdoors,78.0,9.0,0.0,,,0.0,0.0,0.0,0.0,0.0,26.0,4843.0,GO,false,,false,false
4867.0,2021_04_TEN_NYJ,2021,REG,4,2021-10-03,NYJ,TEN,TEN,NYJ,away,5.0,4.0,1.0,66.0,139.0,139.0,139.0,24.0,27.0,-3.0,1.0,1.0,0.17154229,0.17154229,0.23074877,1.90759,0.0,0.0,outdoors,78.0,9.0,0.0,,,0.0,1.0,0.0,0.0,0.0,26.0,4867.0,GO,true,,false,false
4905.0,2021_04_TEN_NYJ,2021,REG,4,2021-10-03,NYJ,TEN,TEN,NYJ,away,5.0,1.0,10.0,53.0,120.0,120.0,120.0,24.0,27.0,-3.0,1.0,1.0,0.40229106,0.40229106,-0.11395268,-0.7746676,1.0,0.0,outdoors,78.0,9.0,0.0,,,0.0,0.0,0.0,0.0,0.0,26.0,4905.0,GO,false,,false,false
4929.0,2021_04_TEN_NYJ,2021,REG,4,2021-10-03,NYJ,TEN,TEN,NYJ,away,5.0,2.0,16.0,59.0,95.0,95.0,95.0,24.0,27.0,-3.0,1.0,1.0,0.2883384,0.2883384,-0.035732895,-0.18022679,1.0,1.0,outdoors,78.0,9.0,0.0,,,0.0,0.0,0.0,0.0,0.0,26.0,4929.0,GO,false,,false,false
4953.0,2021_04_TEN_NYJ,2021,REG,4,2021-10-03,NYJ,TEN,TEN,NYJ,away,5.0,3.0,11.0,54.0,75.0,75.0,75.0,24.0,27.0,-3.0,1.0,1.0,0.2526055,0.2526055,-0.07166862,-0.26115918,1.0,1.0,outdoors,78.0,9.0,0.0,,,0.0,0.0,0.0,0.0,0.0,26.0,4953.0,GO,false,,false,false
4989.0,2021_04_TEN_NYJ,2021,REG,4,2021-10-03,NYJ,TEN,TEN,NYJ,away,5.0,4.0,2.0,45.0,70.0,70.0,70.0,24.0,27.0,-3.0,1.0,1.0,0.18093687,0.18093687,0.3123142,1.3691726,1.0,0.0,outdoors,78.0,9.0,0.0,,,0.0,1.0,0.0,0.0,0.0,26.0,4989.0,GO,true,,false,false
5010.0,2021_04_TEN_NYJ,2021,REG,4,2021-10-03,NYJ,TEN,TEN,NYJ,away,5.0,1.0,10.0,43.0,41.0,41.0,41.0,24.0,27.0,-3.0,1.0,1.0,0.4932511,0.4932511,0.09700211,0.8326534,1.0,0.0,outdoors,78.0,9.0,0.0,,,0.0,0.0,0.0,0.0,0.0,26.0,5010.0,GO,false,,false,false
5051.0,2021_04_TEN_NYJ,2021,REG,4,2021-10-03,NYJ,TEN,TEN,NYJ,away,5.0,1.0,10.0,31.0,36.0,36.0,36.0,24.0,27.0,-3.0,0.0,1.0,0.59025323,0.59025323,-0.022492766,-0.29062277,1.0,0.0,outdoors,78.0,9.0,0.0,,,0.0,0.0,0.0,0.0,0.0,26.0,5051.0,GO,false,,false,false
5073.0,2021_04_TEN_NYJ,2021,REG,4,2021-10-03,NYJ,TEN,TEN,NYJ,away,5.0,2.0,10.0,31.0,32.0,32.0,32.0,24.0,27.0,-3.0,0.0,1.0,0.56776047,0.56776047,0.03213477,0.14019115,1.0,0.0,outdoors,78.0,9.0,0.0,,,0.0,0.0,0.0,0.0,0.0,26.0,5073.0,GO,false,,false,false
5108.0,2021_04_TEN_NYJ,2021,REG,4,2021-10-03,NYJ,TEN,TEN,NYJ,away,5.0,2.0,5.0,26.0,28.0,28.0,28.0,24.0,27.0,-3.0,0.0,1.0,0.59989524,0.59989524,0.006132579,-0.20439982,1.0,0.0,outdoors,78.0,9.0,0.0,,,0.0,0.0,0.0,0.0,0.0,26.0,5108.0,GO,false,,false,false
5130.0,2021_04_TEN_NYJ,2021,REG,4,2021-10-03,NYJ,TEN,TEN,NYJ,away,5.0,3.0,5.0,26.0,24.0,24.0,24.0,24.0,27.0,-3.0,0.0,1.0,0.6060278,0.6060278,-0.065902546,-0.3045508,1.0,0.0,outdoors,78.0,9.0,0.0,,,0.0,0.0,0.0,0.0,0.0,26.0,5130.0,GO,false,,false,false
5153.0,2021_04_TEN_NYJ,2021,REG,4,2021-10-03,NYJ,TEN,TEN,NYJ,away,5.0,3.0,10.0,31.0,24.0,24.0,24.0,24.0,27.0,-3.0,0.0,1.0,0.54012525,0.54012525,0.14373073,-0.15335023,1.0,0.0,outdoors,78.0,9.0,0.0,,,0.0,0.0,0.0,0.0,0.0,26.0,5153.0,GO,false,,false,false
5175.0,2021_04_TEN_NYJ,2021,REG,4,2021-10-03,NYJ,TEN,TEN,NYJ,away,5.0,4.0,10.0,31.0,19.0,19.0,19.0,24.0,27.0,-3.0,0.0,1.0,0.68385595,0.68385595,-0.68385595,-1.9689599,0.0,0.0,outdoors,78.0,9.0,1.0,missed,49.0,0.0,0.0,0.0,0.0,0.0,26.0,5175.0,FG,false,false,false,false
5195.0,2021_04_TEN_NYJ,2021,REG,4,2021-10-03,NYJ,TEN,NYJ,TEN,home,5.0,,0.0,,15.0,15.0,15.0,27.0,24.0,3.0,1.0,0.0,,,,,0.0,0.0,outdoors,78.0,9.0,,,,,,,0.0,0.0,27.0,5195.0,GO,,,true,false
3932.0,2021_04_NYG_NO,2021,REG,4,2021-10-03,NO,NYG,NYG,NO,away,5.0,,0.0,35.0,600.0,600.0,600.0,21.0,21.0,0.0,2.0,2.0,0.5719372,0.5719372,-0.0,-0.0,0.0,0.0,dome,,,0.0,,65.0,0.0,0.0,0.0,0.0,0.0,21.0,3932.0,GO,false,,false,true
3947.0,2021_04_NYG_NO,2021,REG,4,2021-10-03,NO,NYG,NYG,NO,away,5.0,1.0,10.0,75.0,600.0,600.0,600.0,21.0,21.0,0.0,2.0,2.0,0.5719372,0.5719372,0.087053195,0.892472,1.0,0.0,dome,,,0.0,,,0.0,0.0,0.0,0.0,0.0,21.0,3947.0,GO,false,,false,true
3971.0,2021_04_NYG_NO,2021,REG,4,2021-10-03,NO,NYG,NYG,NO,away,5.0,1.0,10.0,58.0,565.0,565.0,565.0,21.0,21.0,0.0,2.0,2.0,0.6589904,0.6589904,-0.037722692,-0.37590834,1.0,1.0,dome,,,0.0,,,0.0,0.0,0.0,0.0,0.0,21.0,3971.0,GO,false,,false,true
4001.0,2021_04_NYG_NO,2021,REG,4,2021-10-03,NO,NYG,NYG,NO,away,5.0,2.0,8.0,56.0,536.0,536.0,536.0,21.0,21.0,0.0,2.0,2.0,0.6212677,0.6212677,0.09314194,0.98632276,1.0,1.0,dome,,,0.0,,,0.0,0.0,0.0,0.0,0.0,21.0,4001.0,GO,false,,false,true
4025.0,2021_04_NYG_NO,2021,REG,4,2021-10-03,NO,NYG,NYG,NO,away,5.0,1.0,10.0,48.0,508.0,508.0,508.0,21.0,21.0,0.0,2.0,2.0,0.71440965,0.71440965,-0.05059192,-0.39968085,0.0,0.0,dome,,,0.0,,,0.0,0.0,0.0,0.0,0.0,21.0,4025.0,GO,false,,false,true
4055.0,2021_04_NYG_NO,2021,REG,4,2021-10-03,NO,NYG,NYG,NO,away,5.0,2.0,9.0,47.0,469.0,469.0,469.0,21.0,21.0,0.0,2.0,2.0,0.6638177,0.6638177,-0.062301297,-0.5875027,1.0,0.0,dome,,,0.0,,,0.0,0.0,0.0,0.0,0.0,21.0,4055.0,GO,false,,false,true
4090.0,2021_04_NYG_NO,2021,REG,4,2021-10-03,NO,NYG,NYG,NO,away,5.0,2.0,14.0,52.0,452.0,452.0,452.0,21.0,21.0,0.0,2.0,2.0,0.6015164,0.6015164,0.20330161,1.7686913,1.0,0.0,dome,,,0.0,,,0.0,0.0,0.0,0.0,0.0,21.0,4090.0,GO,false,,false,true
4114.0,2021_04_NYG_NO,2021,REG,4,2021-10-03,NO,NYG,NYG,NO,away,5.0,1.0,10.0,34.0,416.0,416.0,416.0,21.0,21.0,0.0,2.0,2.0,0.80481803,0.80481803,-0.060813513,-0.79246104,1.0,0.0,dome,,,0.0,,,0.0,0.0,0.0,0.0,0.0,21.0,4114.0,GO,false,,false,true
4162.0,2021_04_NYG_NO,2021,REG,4,2021-10-03,NO,NYG,NYG,NO,away,5.0,2.0,11.0,35.0,367.0,367.0,367.0,21.0,21.0,0.0,2.0,2.0,0.7440045,0.7440045,0.05147742,0.34434092,1.0,1.0,dome,,,0.0,,,0.0,0.0,0.0,0.0,0.0,21.0,4162.0,GO,false,,false,true
4187.0,2021_04_NYG_NO,2021,REG,4,2021-10-03,NO,NYG,NYG,NO,away,5.0,3.0,5.0,29.0,329.0,329.0,329.0,21.0,21.0,0.0,2.0,2.0,0.7954819,0.7954819,0.1344662,2.3549387,1.0,0.0,dome,,,0.0,,,0.0,0.0,0.0,0.0,0.0,21.0,4187.0,GO,false,,false,true
4216.0,2021_04_NYG_NO,2021,REG,4,2021-10-03,NO,NYG,NYG,NO,away,5.0,1.0,6.0,6.0,300.0,300.0,300.0,21.0,21.0,0.0,2.0,2.0,0.92994815,0.92994815,0.07005187,1.4032454,1.0,0.0,dome,,,0.0,,,0.0,0.0,0.0,0.0,0.0,21.0,4216.0,GO,false,,false,true
4247.0,2021_04_NYG_NO,2021,REG,4,2021-10-03,NO,NYG,NO,NYG,home,5.0,,0.0,,294.0,294.0,294.0,21.0,27.0,-6.0,2.0,2.0,,,,,0.0,0.0,dome,,,,,,,,,0.0,0.0,22.0,4247.0,GO,,,true,false
4256.0,2021_09_MIN_BAL,2021,REG,9,2021-11-07,BAL,MIN,BAL,MIN,home,5.0,,0.0,35.0,600.0,600.0,600.0,31.0,31.0,0.0,2.0,2.0,0.5268756,0.5268756,0.0,0.0,0.0,0.0,outdoors,56.0,8.0,0.0,,65.0,0.0,0.0,0.0,0.0,0.0,21.0,4256.0,GO,false,,true,true
4275.0,2021_09_MIN_BAL,2021,REG,9,2021-11-07,BAL,MIN,BAL,MIN,home,5.0,1.0,10.0,75.0,600.0,600.0,600.0,31.0,31.0,0.0,2.0,2.0,0.5268756,0.5268756,0.0055567287,0.2052433,1.0,0.0,outdoors,56.0,8.0,0.0,,,0.0,0.0,0.0,0.0,0.0,21.0,4275.0,GO,false,,true,true
4299.0,2021_09_MIN_BAL,2021,REG,9,2021-11-07,BAL,MIN,BAL,MIN,home,5.0,2.0,3.0,68.0,563.0,563.0,563.0,31.0,31.0,0.0,2.0,2.0,0.5324324,0.5324324,0.04869433,0.4355289,1.0,0.0,outdoors,56.0,8.0,0.0,,,0.0,0.0,0.0,0.0,0.0,21.0,4299.0,GO,false,,true,true
4326.0,2021_09_MIN_BAL,2021,REG,9,2021-11-07,BAL,MIN,BAL,MIN,home,5.0,1.0,10.0,62.0,523.0,523.0,523.0,31.0,31.0,0.0,2.0,2.0,0.5811267,0.5811267,-0.0013199924,0.12243777,1.0,0.0,outdoors,56.0,8.0,0.0,,,0.0,0.0,0.0,0.0,0.0,21.0,4326.0,GO,false,,true,true
4347.0,2021_09_MIN_BAL,2021,REG,9,2021-11-07,BAL,MIN,BAL,MIN,home,5.0,2.0,5.0,57.0,482.0,482.0,482.0,31.0,31.0,0.0,2.0,2.0,0.5798067,0.5798067,0.18275772,1.4475682,1.0,0.0,outdoors,56.0,8.0,0.0,,,0.0,0.0,0.0,0.0,0.0,21.0,4347.0,GO,false,,true,true
4371.0,2021_09_MIN_BAL,2021,REG,9,2021-11-07,BAL,MIN,BAL,MIN,home,5.0,1.0,10.0,37.0,445.0,445.0,445.0,31.0,31.0,0.0,2.0,2.0,0.7625644,0.7625644,-0.0012184734,-0.1420406,1.0,0.0,outdoors,56.0,8.0,0.0,,,0.0,0.0,0.0,0.0,0.0,21.0,4371.0,GO,false,,true,true
4397.0,2021_09_MIN_BAL,2021,REG,9,2021-11-07,BAL,MIN,BAL,MIN,home,5.0,2.0,6.0,33.0,406.0,406.0,406.0,31.0,31.0,0.0,2.0,2.0,0.761346,0.761346,-0.29577917,-5.134663,1.0,0.0,outdoors,56.0,8.0,0.0,,,0.0,0.0,0.0,0.0,0.0,21.0,4397.0,GO,false,,true,true
4452.0,2021_09_MIN_BAL,2021,REG,9,2021-11-07,BAL,MIN,MIN,BAL,away,5.0,1.0,10.0,62.0,402.0,402.0,402.0,31.0,31.0,0.0,1.0,2.0,0.53443325,0.53443325,-0.03967512,-0.39613685,0.0,0.0,outdoors,56.0,8.0,0.0,,,0.0,0.0,0.0,0.0,0.0,22.0,4452.0,GO,false,,false,false
4476.0,2021_09_MIN_BAL,2021,REG,9,2021-11-07,BAL,MIN,MIN,BAL,away,5.0,2.0,8.0,60.0,370.0,370.0,370.0,31.0,31.0,0.0,1.0,2.0,0.4947581,0.4947581,-0.08922724,-0.7165436,0.0,0.0,outdoors,56.0,8.0,0.0,,,0.0,0.0,0.0,0.0,0.0,22.0,4476.0,GO,false,,false,false
4503.0,2021_09_MIN_BAL,2021,REG,9,2021-11-07,BAL,MIN,MIN,BAL,away,5.0,3.0,9.0,61.0,327.0,327.0,327.0,31.0,31.0,0.0,1.0,2.0,0.40553087,0.40553087,-0.13246945,-1.140074,1.0,0.0,outdoors,56.0,8.0,0.0,,,0.0,0.0,0.0,0.0,0.0,22.0,4503.0,GO,false,,false,false
4525.0,2021_09_MIN_BAL,2021,REG,9,2021-11-07,BAL,MIN,MIN,BAL,away,5.0,4.0,9.0,61.0,323.0,323.0,323.0,31.0,31.0,0.0,1.0,2.0,0.27306142,0.27306142,0.4223671,0.43896878,0.0,0.0,outdoors,56.0,8.0,0.0,,41.0,1.0,0.0,0.0,0.0,0.0,22.0,4525.0,PUNT,false,,false,false
4563.0,2021_09_MIN_BAL,2021,REG,9,2021-11-07,BAL,MIN,BAL,MIN,home,5.0,1.0,10.0,90.0,317.0,317.0,317.0,31.0,31.0,0.0,2.0,1.0,0.30457148,0.30457148,0.08495496,1.0787244,1.0,0.0,outdoors,56.0,8.0,0.0,,,0.0,0.0,0.0,0.0,0.0,23.0,4563.0,GO,false,,true,false
4413.0,2021_08_TEN_IND,2021,REG,8,2021-10-31,IND,TEN,IND,TEN,home,5.0,,0.0,35.0,600.0,600.0,600.0,31.0,31.0,0.0,2.0,2.0,0.60586053,0.60586053,0.0,0.23772673,0.0,0.0,open,,,0.0,,66.0,0.0,0.0,0.0,0.0,0.0,21.0,4413.0,GO,false,,true,true
4435.0,2021_08_TEN_IND,2021,REG,8,2021-10-31,IND,TEN,IND,TEN,home,5.0,1.0,10.0,70.0,594.0,594.0,594.0,31.0,31.0,0.0,2.0,2.0,0.60586053,0.60586053,-0.0283297,-0.27041534,0.0,0.0,open,,,0.0,,,0.0,0.0,0.0,0.0,0.0,21.0,4435.0,GO,false,,true,true
4456.0,2021_08_TEN_IND,2021,REG,8,2021-10-31,IND,TEN,IND,TEN,home,5.0,2.0,6.0,66.0,553.0,553.0,553.0,31.0,31.0,0.0,2.0,2.0,0.5775308,0.5775308,-0.06978312,-0.7400131,0.0,0.0,open,,,0.0,,,0.0,0.0,0.0,0.0,0.0,21.0,4456.0,GO,false,,true,true
4478.0,2021_08_TEN_IND,2021,REG,8,2021-10-31,IND,TEN,IND,TEN,home,5.0,3.0,6.0,66.0,546.0,546.0,546.0,31.0,31.0,0.0,2.0,2.0,0.5077477,0.5077477,-0.12984136,-1.2958649,1.0,0.0,open,,,0.0,,,0.0,0.0,0.0,0.0,0.0,21.0,4478.0,GO,false,,true,true
4500.0,2021_08_TEN_IND,2021,REG,8,2021-10-31,IND,TEN,IND,TEN,home,5.0,4.0,6.0,66.0,541.0,541.0,541.0,31.0,31.0,0.0,2.0,2.0,0.37790632,0.37790632,0.068908185,-0.6463744,0.0,0.0,open,,,0.0,,38.0,1.0,0.0,0.0,0.0,0.0,21.0,4500.0,PUNT,false,,true,true
4518.0,2021_08_TEN_IND,2021,REG,8,2021-10-31,IND,TEN,TEN,IND,away,5.0,1.0,10.0,72.0,535.0,535.0,535.0,31.0,31.0,0.0,2.0,2.0,0.55318546,0.55318546,-0.052009504,-0.53229547,0.0,0.0,open,,,0.0,,,0.0,0.0,0.0,0.0,0.0,22.0,4518.0,GO,false,,false,false
4540.0,2021_08_TEN_IND,2021,REG,8,2021-10-31,IND,TEN,TEN,IND,away,5.0,2.0,10.0,72.0,530.0,530.0,530.0,31.0,31.0,0.0,2.0,2.0,0.501176,0.501176,-0.11384256,-1.2150415,0.0,0.0,open,,,0.0,,,0.0,0.0,0.0,0.0,0.0,22.0,4540.0,GO,false,,false,false
4561.0,2021_08_TEN_IND,2021,REG,8,2021-10-31,IND,TEN,TEN,IND,away,5.0,3.0,13.0,75.0,494.0,494.0,494.0,31.0,31.0,0.0,2.0,2.0,0.38733342,0.38733342,-0.013056616,0.2578977,1.0,0.0,open,,,0.0,,,0.0,0.0,0.0,0.0,0.0,22.0,4561.0,GO,false,,false,false
4585.0,2021_08_TEN_IND,2021,REG,8,2021-10-31,IND,TEN,TEN,IND,away,5.0,4.0,2.0,64.0,453.0,453.0,453.0,31.0,31.0,0.0,2.0,2.0,0.3742768,0.3742768,0.15780033,-0.49509025,0.0,0.0,open,,,0.0,,49.0,1.0,0.0,0.0,0.0,0.0,22.0,4585.0,PUNT,false,,false,false
4603.0,2021_08_TEN_IND,2021,REG,8,2021-10-31,IND,TEN,IND,TEN,home,5.0,1.0,10.0,85.0,447.0,447.0,447.0,31.0,31.0,0.0,2.0,2.0,0.46792287,0.46792287,-0.055649515,-0.60486645,0.0,0.0,open,,,0.0,,,0.0,0.0,0.0,0.0,0.0,23.0,4603.0,GO,false,,true,false
4625.0,2021_08_TEN_IND,2021,REG,8,2021-10-31,IND,TEN,IND,TEN,home,5.0,2.0,10.0,85.0,442.0,442.0,442.0,31.0,31.0,0.0,2.0,2.0,0.41227335,0.41227335,0.008326051,0.25850436,1.0,0.0,open,,,0.0,,,0.0,0.0,0.0,0.0,0.0,23.0,4625.0,GO,false,,true,false
4649.0,2021_08_TEN_IND,2021,REG,8,2021-10-31,IND,TEN,IND,TEN,home,5.0,3.0,2.0,77.0,401.0,401.0,401.0,31.0,31.0,0.0,2.0,2.0,0.4205994,0.4205994,0.05590561,0.7119062,1.0,0.0,open,,,0.0,,,0.0,0.0,0.0,0.0,0.0,23.0,4649.0,GO,false,,true,false
4670.0,2021_08_TEN_IND,2021,REG,8,2021-10-31,IND,TEN,IND,TEN,home,5.0,1.0,10.0,73.0,356.0,356.0,356.0,31.0,31.0,0.0,2.0,2.0,0.476505,0.476505,-0.2986619,-4.9751863,0.0,0.0,open,,,0.0,,,0.0,0.0,0.0,0.0,0.0,23.0,4670.0,GO,false,,true,false
4696.0,2021_08_TEN_IND,2021,REG,8,2021-10-31,IND,TEN,TEN,IND,away,5.0,1.0,10.0,32.0,348.0,348.0,348.0,31.0,31.0,0.0,2.0,2.0,0.82215685,0.82215685,-0.13456099,-1.0409315,0.0,0.0,open,,,0.0,,,0.0,0.0,0.0,0.0,0.0,24.0,4696.0,GO,false,,false,false
4728.0,2021_08_TEN_IND,2021,REG,8,2021-10-31,IND,TEN,TEN,IND,away,5.0,1.0,20.0,42.0,323.0,323.0,323.0,31.0,31.0,0.0,2.0,2.0,0.6875959,0.6875959,-0.056005552,-0.5803896,0.0,0.0,open,,,0.0,,,0.0,0.0,0.0,0.0,0.0,24.0,4728.0,GO,false,,false,false
4750.0,2021_08_TEN_IND,2021,REG,8,2021-10-31,IND,TEN,TEN,IND,away,5.0,2.0,20.0,42.0,320.0,320.0,320.0,31.0,31.0,0.0,2.0,2.0,0.6315903,0.6315903,0.15073633,0.83773094,1.0,0.0,open,,,0.0,,,0.0,0.0,0.0,0.0,0.0,24.0,4750.0,GO,false,,false,false
4791.0,2021_08_TEN_IND,2021,REG,8,2021-10-31,IND,TEN,TEN,IND,away,5.0,3.0,7.0,29.0,285.0,285.0,285.0,31.0,31.0,0.0,1.0,2.0,0.78232664,0.78232664,0.048181493,-1.0435725,0.0,0.0,open,,,0.0,,,0.0,0.0,0.0,0.0,0.0,24.0,4791.0,GO,false,,false,false
4835.0,2021_08_TEN_IND,2021,REG,8,2021-10-31,IND,TEN,TEN,IND,away,5.0,4.0,5.0,27.0,248.0,248.0,248.0,31.0,31.0,0.0,1.0,1.0,0.8305082,0.8305082,0.16949184,0.9432606,0.0,0.0,open,,,1.0,made,44.0,0.0,0.0,0.0,0.0,0.0,24.0,4835.0,FG,false,true,false,false
4854.0,2021_08_TEN_IND,2021,REG,8,2021-10-31,IND,TEN,IND,TEN,home,5.0,,0.0,,243.0,243.0,243.0,31.0,34.0,-3.0,1.0,1.0,,,,,0.0,0.0,open,,,,,,,,,0.0,0.0,25.0,4854.0,GO,,,true,false
4313.0,2021_02_TEN_SEA,2021,REG,2,2021-09-19,SEA,TEN,TEN,SEA,away,5.0,,0.0,35.0,600.0,600.0,600.0,30.0,30.0,0.0,2.0,2.0,0.45461887,0.45461887,-0.0,-0.42436135,0.0,0.0,outdoors,62.0,14.0,0.0,,63.0,0.0,0.0,0.0,0.0,0.0,23.0,4313.0,GO,false,,false,true
4335.0,2021_02_TEN_SEA,2021,REG,2,2021-09-19,SEA,TEN,TEN,SEA,away,5.0,1.0,10.0,82.0,594.0,594.0,594.0,30.0,30.0,0.0,2.0,2.0,0.45461887,0.45461887,0.0072586276,0.13138525,0.0,0.0,outdoors,62.0,14.0,0.0,,,0.0,0.0,0.0,0.0,0.0,23.0,4335.0,GO,false,,false,true
4359.0,2021_02_TEN_SEA,2021,REG,2,2021-09-19,SEA,TEN,TEN,SEA,away,5.0,2.0,4.0,76.0,567.0,567.0,567.0,30.0,30.0,0.0,2.0,2.0,0.4618775,0.4618775,-0.07034392,-0.6860268,0.0,1.0,outdoors,62.0,14.0,0.0,,,0.0,0.0,0.0,0.0,0.0,23.0,4359.0,GO,false,,false,true
4380.0,2021_02_TEN_SEA,2021,REG,2,2021-09-19,SEA,TEN,TEN,SEA,away,5.0,3.0,4.0,76.0,522.0,522.0,522.0,30.0,30.0,0.0,2.0,2.0,0.39153358,0.39153358,0.17861676,1.7285672,1.0,1.0,outdoors,62.0,14.0,0.0,,,0.0,0.0,0.0,0.0,0.0,23.0,4380.0,GO,false,,false,true
4413.0,2021_02_TEN_SEA,2021,REG,2,2021-09-19,SEA,TEN,TEN,SEA,away,5.0,1.0,10.0,61.0,518.0,518.0,518.0,30.0,30.0,0.0,2.0,2.0,0.5701503,0.5701503,-0.06573311,-0.6133867,0.0,0.0,outdoors,62.0,14.0,0.0,,,0.0,0.0,0.0,0.0,0.0,23.0,4413.0,GO,false,,false,true
4445.0,2021_02_TEN_SEA,2021,REG,2,2021-09-19,SEA,TEN,TEN,SEA,away,5.0,1.0,15.0,66.0,518.0,518.0,518.0,30.0,30.0,0.0,2.0,2.0,0.50441724,0.50441724,-0.050605107,-0.50369996,0.0,0.0,outdoors,62.0,14.0,0.0,,,0.0,0.0,0.0,0.0,0.0,23.0,4445.0,GO,false,,false,true
4467.0,2021_02_TEN_SEA,2021,REG,2,2021-09-19,SEA,TEN,TEN,SEA,away,5.0,2.0,15.0,66.0,513.0,513.0,513.0,30.0,30.0,0.0,2.0,2.0,0.45381212,0.45381212,-0.074609816,-0.7748182,1.0,0.0,outdoors,62.0,14.0,0.0,,,0.0,0.0,0.0,0.0,0.0,23.0,4467.0,GO,false,,false,true
4489.0,2021_02_TEN_SEA,2021,REG,2,2021-09-19,SEA,TEN,TEN,SEA,away,5.0,3.0,15.0,66.0,510.0,510.0,510.0,30.0,30.0,0.0,2.0,2.0,0.3792023,0.3792023,-0.08435982,-0.8104323,1.0,0.0,outdoors,62.0,14.0,0.0,,,0.0,0.0,0.0,0.0,0.0,23.0,4489.0,GO,false,,false,true
4511.0,2021_02_TEN_SEA,2021,REG,2,2021-09-19,SEA,TEN,TEN,SEA,away,5.0,4.0,15.0,66.0,505.0,505.0,505.0,30.0,30.0,0.0,2.0,2.0,0.29484248,0.29484248,0.29346243,0.7202985,0.0,0.0,outdoors,62.0,14.0,0.0,,53.0,1.0,0.0,0.0,0.0,0.0,23.0,4511.0,PUNT,false,,false,true
4530.0,2021_02_TEN_SEA,2021,REG,2,2021-09-19,SEA,TEN,SEA,TEN,home,5.0,1.0,10.0,87.0,499.0,499.0,499.0,30.0,30.0,0.0,2.0,2.0,0.4116951,0.4116951,-0.04868988,-0.44600043,0.0,0.0,outdoors,62.0,14.0,0.0,,,0.0,0.0,0.0,0.0,0.0,24.0,4530.0,GO,false,,true,false
4552.0,2021_02_TEN_SEA,2021,REG,2,2021-09-19,SEA,TEN,SEA,TEN,home,5.0,2.0,10.0,87.0,493.0,493.0,493.0,30.0,30.0,0.0,2.0,2.0,0.36300522,0.36300522,-0.058071353,-0.6437623,1.0,0.0,outdoors,62.0,14.0,0.0,,,0.0,0.0,0.0,0.0,0.0,24.0,4552.0,GO,false,,true,false
4574.0,2021_02_TEN_SEA,2021,REG,2,2021-09-19,SEA,TEN,SEA,TEN,home,5.0,3.0,10.0,87.0,488.0,488.0,488.0,30.0,30.0,0.0,2.0,2.0,0.30493388,0.30493388,-0.17378382,-1.8021337,1.0,0.0,outdoors,62.0,14.0,0.0,,,0.0,0.0,0.0,0.0,0.0,24.0,4574.0,GO,false,,true,false
4603.0,2021_02_TEN_SEA,2021,REG,2,2021-09-19,SEA,TEN,SEA,TEN,home,5.0,4.0,22.0,99.0,448.0,448.0,448.0,30.0,30.0,0.0,2.0,2.0,0.13115004,0.13115004,0.14606443,-0.56924427,0.0,0.0,outdoors,62.0,14.0,0.0,,47.0,1.0,0.0,0.0,0.0,0.0,24.0,4603.0,PUNT,false,,true,false
4628.0,2021_02_TEN_SEA,2021,REG,2,2021-09-19,SEA,TEN,TEN,SEA,away,5.0,1.0,10.0,39.0,439.0,439.0,439.0,30.0,30.0,0.0,2.0,2.0,0.72278553,0.72278553,0.10924656,0.76196915,0.0,0.0,outdoors,62.0,14.0,0.0,,,0.0,0.0,0.0,0.0,0.0,25.0,4628.0,GO,false,,false,false
4649.0,2021_02_TEN_SEA,2021,REG,2,2021-09-19,SEA,TEN,TEN,SEA,away,5.0,1.0,10.0,27.0,402.0,402.0,402.0,30.0,30.0,0.0,2.0,2.0,0.8320321,0.8320321,0.017229093,-0.0468957,0.0,0.0,outdoors,62.0,14.0,0.0,,,0.0,0.0,0.0,0.0,0.0,25.0,4649.0,GO,false,,false,false
4670.0,2021_02_TEN_SEA,2021,REG,2,2021-09-19,SEA,TEN,TEN,SEA,away,5.0,2.0,6.0,23.0,368.0,368.0,368.0,30.0,30.0,0.0,2.0,2.0,0.84926116,0.84926116,-0.0091252215,-0.3472604,0.0,0.0,outdoors,62.0,14.0,0.0,,,0.0,0.0,0.0,0.0,0.0,25.0,4670.0,GO,false,,false,false
4691.0,2021_02_TEN_SEA,2021,REG,2,2021-09-19,SEA,TEN,TEN,SEA,away,5.0,3.0,5.0,22.0,327.0,327.0,327.0,30.0,30.0,0.0,2.0,2.0,0.84013593,0.84013593,0.08456443,-0.94327825,1.0,0.0,outdoors,62.0,14.0,0.0,,,0.0,0.0,0.0,0.0,0.0,25.0,4691.0,GO,false,,false,false
4712.0,2021_02_TEN_SEA,2021,REG,2,2021-09-19,SEA,TEN,TEN,SEA,away,5.0,4.0,1.0,18.0,290.0,290.0,290.0,30.0,30.0,0.0,2.0,2.0,0.9247004,0.9247004,0.07529961,0.3667703,0.0,0.0,outdoors,62.0,14.0,1.0,made,36.0,0.0,0.0,0.0,0.0,0.0,25.0,4712.0,FG,false,true,false,false
4731.0,2021_02_TEN_SEA,2021,REG,2,2021-09-19,SEA,TEN,SEA,TEN,home,5.0,,0.0,,285.0,285.0,285.0,30.0,33.0,-3.0,2.0,2.0,,,,,0.0,0.0,outdoors,62.0,14.0,,,,,,,0.0,0.0,26.0,4731.0,GO,,,true,false
4223.0,2021_01_MIN_CIN,2021,REG,1,2021-09-12,CIN,MIN,CIN,MIN,home,5.0,,0.0,35.0,600.0,600.0,600.0,24.0,24.0,0.0,2.0,2.0,0.5268756,0.5268756,0.0,0.0,0.0,0.0,outdoors,81.0,15.0,0.0,,65.0,0.0,0.0,0.0,0.0,0.0,22.0,4223.0,GO,false,,true,true
4238.0,2021_01_MIN_CIN,2021,REG,1,2021-09-12,CIN,MIN,CIN,MIN,home,5.0,1.0,10.0,75.0,600.0,600.0,600.0,24.0,24.0,0.0,2.0,2.0,0.5268756,0.5268756,-0.055377323,-0.506488,0.0,0.0,outdoors,81.0,15.0,0.0,,,0.0,0.0,0.0,0.0,0.0,22.0,4238.0,GO,false,,true,true
4259.0,2021_01_MIN_CIN,2021,REG,1,2021-09-12,CIN,MIN,CIN,MIN,home,5.0,2.0,8.0,73.0,562.0,562.0,562.0,24.0,24.0,0.0,2.0,2.0,0.4714983,0.4714983,0.08068269,0.86852926,0.0,0.0,outdoors,81.0,15.0,0.0,,,0.0,0.0,0.0,0.0,0.0,22.0,4259.0,GO,false,,true,true
4284.0,2021_01_MIN_CIN,2021,REG,1,2021-09-12,CIN,MIN,CIN,MIN,home,5.0,1.0,10.0,65.0,526.0,526.0,526.0,24.0,24.0,0.0,2.0,2.0,0.552181,0.552181,0.0081052305,0.19572301,0.0,0.0,outdoors,81.0,15.0,0.0,,,0.0,0.0,0.0,0.0,0.0,22.0,4284.0,GO,false,,true,true
4308.0,2021_01_MIN_CIN,2021,REG,1,2021-09-12,CIN,MIN,CIN,MIN,home,5.0,2.0,5.0,60.0,484.0,484.0,484.0,24.0,24.0,0.0,2.0,2.0,0.5602862,0.5602862,-0.0456746,-0.3447682,0.0,0.0,outdoors,81.0,15.0,0.0,,,0.0,0.0,0.0,0.0,0.0,22.0,4308.0,GO,false,,true,true
4329.0,2021_01_MIN_CIN,2021,REG,1,2021-09-12,CIN,MIN,CIN,MIN,home,5.0,3.0,3.0,58.0,444.0,444.0,444.0,24.0,24.0,0.0,2.0,2.0,0.51461166,0.51461166,-0.22591792,-1.9734098,1.0,0.0,outdoors,81.0,15.0,0.0,,,0.0,0.0,0.0,0.0,0.0,22.0,4329.0,GO,false,,true,true
4348.0,2021_01_MIN_CIN,2021,REG,1,2021-09-12,CIN,MIN,CIN,MIN,home,5.0,4.0,9.0,64.0,399.0,399.0,399.0,24.0,24.0,0.0,2.0,2.0,0.28869373,0.28869373,0.31668448,-0.024912043,0.0,0.0,outdoors,81.0,15.0,0.0,,43.0,1.0,0.0,0.0,0.0,0.0,22.0,4348.0,PUNT,false,,true,true
4367.0,2021_01_MIN_CIN,2021,REG,1,2021-09-12,CIN,MIN,MIN,CIN,away,5.0,1.0,10.0,79.0,392.0,392.0,392.0,24.0,24.0,0.0,2.0,2.0,0.3946218,0.3946218,-0.07697236,-0.74619544,0.0,0.0,outdoors,81.0,15.0,0.0,,,0.0,0.0,0.0,0.0,0.0,23.0,4367.0,GO,false,,false,false
4393.0,2021_01_MIN_CIN,2021,REG,1,2021-09-12,CIN,MIN,MIN,CIN,away,5.0,2.0,11.0,80.0,356.0,356.0,356.0,24.0,24.0,0.0,2.0,2.0,0.31764945,0.31764945,-0.04883357,-0.5885615,0.0,0.0,outdoors,81.0,15.0,0.0,,,0.0,0.0,0.0,0.0,0.0,23.0,4393.0,GO,false,,false,false
4415.0,2021_01_MIN_CIN,2021,REG,1,2021-09-12,CIN,MIN,MIN,CIN,away,5.0,3.0,11.0,80.0,351.0,351.0,351.0,24.0,24.0,0.0,2.0,2.0,0.26881588,0.26881588,-0.047666498,-0.26163897,1.0,0.0,outdoors,81.0,15.0,0.0,,,0.0,0.0,0.0,0.0,0.0,23.0,4415.0,GO,false,,false,false
4450.0,2021_01_MIN_CIN,2021,REG,1,2021-09-12,CIN,MIN,MIN,CIN,away,5.0,4.0,4.0,73.0,331.0,331.0,331.0,24.0,24.0,0.0,2.0,2.0,0.22114937,0.22114937,0.46555433,1.0378549,0.0,0.0,outdoors,81.0,15.0,0.0,,63.0,1.0,0.0,0.0,0.0,0.0,23.0,4450.0,PUNT,false,,false,false
4469.0,2021_01_MIN_CIN,2021,REG,1,2021-09-12,CIN,MIN,CIN,MIN,home,5.0,1.0,10.0,90.0,324.0,324.0,324.0,24.0,24.0,0.0,2.0,2.0,0.3132963,0.3132963,-0.02226672,-0.12228568,0.0,0.0,outdoors,81.0,15.0,0.0,,,0.0,0.0,0.0,0.0,0.0,24.0,4469.0,GO,false,,true,false
4490.0,2021_01_MIN_CIN,2021,REG,1,2021-09-12,CIN,MIN,CIN,MIN,home,5.0,2.0,6.0,86.0,281.0,281.0,281.0,24.0,24.0,0.0,2.0,2.0,0.29102957,0.29102957,-0.054289028,-0.2302162,0.0,0.0,outdoors,81.0,15.0,0.0,,,0.0,0.0,0.0,0.0,0.0,24.0,4490.0,GO,false,,true,false
4528.0,2021_01_MIN_CIN,2021,REG,1,2021-09-12,CIN,MIN,CIN,MIN,home,5.0,3.0,6.0,86.0,237.0,237.0,237.0,24.0,24.0,0.0,1.0,2.0,0.23674054,0.23674054,-0.07464625,-0.7349059,1.0,0.0,outdoors,81.0,15.0,0.0,,,0.0,0.0,0.0,0.0,0.0,24.0,4528.0,GO,false,,true,false
4550.0,2021_01_MIN_CIN,2021,REG,1,2021-09-12,CIN,MIN,CIN,MIN,home,5.0,4.0,6.0,86.0,234.0,234.0,234.0,24.0,24.0,0.0,1.0,2.0,0.1620943,0.1620943,0.47575793,-0.0050857393,0.0,0.0,outdoors,81.0,15.0,0.0,,61.0,1.0,0.0,0.0,0.0,0.0,24.0,4550.0,PUNT,false,,true,false
4575.0,2021_01_MIN_CIN,2021,REG,1,2021-09-12,CIN,MIN,MIN,CIN,away,5.0,1.0,10.0,63.0,220.0,220.0,220.0,24.0,24.0,0.0,2.0,1.0,0.3621478,0.3621478,-0.04705342,-0.36119655,0.0,0.0,outdoors,81.0,15.0,0.0,,,0.0,0.0,0.0,0.0,0.0,25.0,4575.0,GO,false,,false,false
4596.0,2021_01_MIN_CIN,2021,REG,1,2021-09-12,CIN,MIN,MIN,CIN,away,5.0,2.0,10.0,63.0,185.0,185.0,185.0,24.0,24.0,0.0,2.0,1.0,0.31509438,0.31509438,0.07409407,0.6320646,0.0,0.0,outdoors,81.0,15.0,0.0,,,0.0,0.0,0.0,0.0,0.0,25.0,4596.0,GO,false,,false,false
4629.0,2021_01_MIN_CIN,2021,REG,1,2021-09-12,CIN,MIN,MIN,CIN,away,5.0,1.0,10.0,58.0,180.0,180.0,180.0,24.0,24.0,0.0,2.0,1.0,0.38918847,0.38918847,-0.057746574,-0.37346488,0.0,0.0,outdoors,81.0,15.0,0.0,,,0.0,0.0,0.0,0.0,0.0,25.0,4629.0,GO,false,,false,false
4658.0,2021_01_MIN_CIN,2021,REG,1,2021-09-12,CIN,MIN,MIN,CIN,away,5.0,2.0,7.0,55.0,173.0,173.0,173.0,24.0,24.0,0.0,2.0,1.0,0.33144188,0.33144188,0.025315229,0.25588286,1.0,0.0,outdoors,81.0,15.0,0.0,,,0.0,0.0,0.0,0.0,0.0,25.0,4658.0,GO,false,,false,false
4682.0,2021_01_MIN_CIN,2021,REG,1,2021-09-12,CIN,MIN,MIN,CIN,away,5.0,3.0,2.0,50.0,138.0,138.0,138.0,24.0,24.0,0.0,2.0,1.0,0.3567571,0.3567571,0.16327506,1.1548018,1.0,0.0,outdoors,81.0,15.0,0.0,,,0.0,0.0,0.0,0.0,0.0,25.0,4682.0,GO,false,,false,false
4723.0,2021_01_MIN_CIN,2021,REG,1,2021-09-12,CIN,MIN,MIN,CIN,away,5.0,1.0,10.0,38.0,120.0,120.0,120.0,24.0,24.0,0.0,2.0,1.0,0.52003217,0.52003217,0.08116914,-4.0459194,0.0,0.0,outdoors,81.0,15.0,0.0,,,0.0,0.0,0.0,0.0,0.0,25.0,4723.0,GO,false,,false,false
4766.0,2021_01_MIN_CIN,2021,REG,1,2021-09-12,CIN,MIN,CIN,MIN,home,5.0,1.0,10.0,61.0,108.0,108.0,108.0,24.0,24.0,0.0,1.0,2.0,0.39879867,0.39879867,-0.014118248,-0.049069304,0.0,0.0,outdoors,81.0,15.0,0.0,,,0.0,0.0,0.0,0.0,0.0,26.0,4766.0,GO,false,,true,false
4790.0,2021_01_MIN_CIN,2021,REG,1,2021-09-12,CIN,MIN,CIN,MIN,home,5.0,2.0,4.0,55.0,80.0,80.0,80.0,24.0,24.0,0.0,1.0,2.0,0.38468042,0.38468042,-0.052341152,-0.061285216,0.0,0.0,outdoors,81.0,15.0,0.0,,,0.0,0.0,0.0,0.0,0.0,26.0,4790.0,GO,false,,true,false
4828.0,2021_01_MIN_CIN,2021,REG,1,2021-09-12,CIN,MIN,CIN,MIN,home,5.0,3.0,1.0,52.0,71.0,71.0,71.0,24.0,24.0,0.0,0.0,2.0,0.3323393,0.3323393,-0.22747278,-1.1158556,1.0,0.0,outdoors,81.0,15.0,0.0,,,0.0,0.0,0.0,0.0,0.0,26.0,4828.0,GO,false,,true,false
4849.0,2021_01_MIN_CIN,2021,REG,1,2021-09-12,CIN,MIN,CIN,MIN,home,5.0,4.0,1.0,52.0,39.0,39.0,39.0,24.0,24.0,0.0,0.0,2.0,0.1048665,0.1048665,0.633723,3.3800206,0.0,0.0,outdoors,81.0,15.0,0.0,,,0.0,1.0,0.0,0.0,0.0,26.0,4849.0,GO,true,,true,false
4878.0,2021_01_MIN_CIN,2021,REG,1,2021-09-12,CIN,MIN,CIN,MIN,home,5.0,1.0,10.0,20.0,31.0,31.0,31.0,24.0,24.0,0.0,0.0,2.0,0.7385895,0.7385895,0.016708067,-1.1142522,0.0,0.0,outdoors,81.0,15.0,0.0,,,0.0,0.0,0.0,0.0,0.0,26.0,4878.0,GO,false,,true,false
4899.0,2021_01_MIN_CIN,2021,REG,1,2021-09-12,CIN,MIN,CIN,MIN,home,5.0,2.0,5.0,15.0,6.0,6.0,6.0,24.0,24.0,0.0,0.0,2.0,0.7552976,0.7552976,0.1771294,0.18461142,0.0,1.0,outdoors,81.0,15.0,0.0,,,0.0,0.0,0.0,1.0,0.0,26.0,4899.0,GO,false,,true,false
4938.0,2021_01_MIN_CIN,2021,REG,1,2021-09-12,CIN,MIN,CIN,MIN,home,5.0,3.0,5.0,15.0,5.0,5.0,5.0,24.0,24.0,0.0,0.0,1.0,0.932427,0.932427,0.067573,0.202719,0.0,0.0,outdoors,81.0,15.0,1.0,made,33.0,0.0,0.0,0.0,0.0,0.0,26.0,4938.0,FG,false,true,true,false
4957.0,2021_01_MIN_CIN,2021,REG,1,2021-09-12,CIN,MIN,CIN,MIN,home,5.0,,0.0,,0.0,0.0,0.0,27.0,24.0,3.0,0.0,1.0,,,,,0.0,0.0,outdoors,81.0,15.0,,,,,,,0.0,0.0,26.0,4957.0,GO,,,true,false
4256.0,2021_06_DAL_NE,2021,REG,6,2021-10-17,NE,DAL,NE,DAL,home,5.0,,0.0,35.0,600.0,600.0,600.0,29.0,29.0,0.0,2.0,2.0,0.5268756,0.5268756,0.0,0.0,0.0,0.0,outdoors,62.0,11.0,0.0,,65.0,0.0,0.0,0.0,0.0,0.0,23.0,4256.0,GO,false,,true,true
4271.0,2021_06_DAL_NE,2021,REG,6,2021-10-17,NE,DAL,NE,DAL,home,5.0,1.0,10.0,75.0,600.0,600.0,600.0,29.0,29.0,0.0,2.0,2.0,0.5268756,0.5268756,-0.04869105,-0.49978915,1.0,0.0,outdoors,62.0,11.0,0.0,,,0.0,0.0,0.0,0.0,0.0,23.0,4271.0,GO,false,,true,true
4293.0,2021_06_DAL_NE,2021,REG,6,2021-10-17,NE,DAL,NE,DAL,home,5.0,2.0,10.0,75.0,597.0,597.0,597.0,29.0,29.0,0.0,2.0,2.0,0.47818458,0.47818458,0.12260762,1.2450963,1.0,0.0,outdoors,62.0,11.0,0.0,,,0.0,0.0,0.0,0.0,0.0,23.0,4293.0,GO,false,,true,true
4321.0,2021_06_DAL_NE,2021,REG,6,2021-10-17,NE,DAL,NE,DAL,home,5.0,1.0,10.0,61.0,567.0,567.0,567.0,29.0,29.0,0.0,2.0,2.0,0.6007922,0.6007922,-0.0030844184,0.075746976,0.0,0.0,outdoors,62.0,11.0,0.0,,,0.0,0.0,0.0,0.0,0.0,23.0,4321.0,GO,false,,true,true
4342.0,2021_06_DAL_NE,2021,REG,6,2021-10-17,NE,DAL,NE,DAL,home,5.0,2.0,5.0,56.0,529.0,529.0,529.0,29.0,29.0,0.0,2.0,2.0,0.5977078,0.5977078,-0.05612105,-0.42941552,0.0,0.0,outdoors,62.0,11.0,0.0,,,0.0,0.0,0.0,0.0,0.0,23.0,4342.0,GO,false,,true,true
4363.0,2021_06_DAL_NE,2021,REG,6,2021-10-17,NE,DAL,NE,DAL,home,5.0,3.0,3.0,54.0,484.0,484.0,484.0,29.0,29.0,0.0,2.0,2.0,0.54158676,0.54158676,-0.16743146,-1.5657028,1.0,0.0,outdoors,62.0,11.0,0.0,,,0.0,0.0,0.0,0.0,0.0,23.0,4363.0,GO,false,,true,true
4385.0,2021_06_DAL_NE,2021,REG,6,2021-10-17,NE,DAL,NE,DAL,home,5.0,4.0,3.0,54.0,480.0,480.0,480.0,29.0,29.0,0.0,2.0,2.0,0.37415528,0.37415528,0.18413712,-0.7335461,0.0,0.0,outdoors,62.0,11.0,0.0,,34.0,1.0,0.0,0.0,0.0,0.0,23.0,4385.0,PUNT,false,,true,true
4408.0,2021_06_DAL_NE,2021,REG,6,2021-10-17,NE,DAL,DAL,NE,away,5.0,1.0,10.0,80.0,473.0,473.0,473.0,29.0,29.0,0.0,2.0,2.0,0.44170758,0.44170758,-0.06098736,-0.5111987,0.0,0.0,outdoors,62.0,11.0,0.0,,,0.0,0.0,0.0,0.0,0.0,24.0,4408.0,GO,false,,false,false
4429.0,2021_06_DAL_NE,2021,REG,6,2021-10-17,NE,DAL,DAL,NE,away,5.0,2.0,8.0,78.0,433.0,433.0,433.0,29.0,29.0,0.0,2.0,2.0,0.38072023,0.38072023,0.13642249,1.6050158,1.0,0.0,outdoors,62.0,11.0,0.0,,,0.0,0.0,0.0,0.0,0.0,24.0,4429.0,GO,false,,false,false
4470.0,2021_06_DAL_NE,2021,REG,6,2021-10-17,NE,DAL,DAL,NE,away,5.0,1.0,10.0,64.0,386.0,386.0,386.0,29.0,29.0,0.0,1.0,2.0,0.5171427,0.5171427,0.0038764444,0.080595,0.0,0.0,outdoors,62.0,11.0,0.0,,,0.0,0.0,0.0,0.0,0.0,24.0,4470.0,GO,false,,false,false
4494.0,2021_06_DAL_NE,2021,REG,6,2021-10-17,NE,DAL,DAL,NE,away,5.0,2.0,4.0,58.0,347.0,347.0,347.0,29.0,29.0,0.0,1.0,2.0,0.52101916,0.52101916,0.09299658,0.79670167,1.0,0.0,outdoors,62.0,11.0,0.0,,,0.0,0.0,0.0,0.0,0.0,24.0,4494.0,GO,false,,false,false
4518.0,2021_06_DAL_NE,2021,REG,6,2021-10-17,NE,DAL,DAL,NE,away,5.0,1.0,10.0,49.0,315.0,315.0,315.0,29.0,29.0,0.0,1.0,2.0,0.61401576,0.61401576,0.011019368,0.21131516,0.0,0.0,outdoors,62.0,11.0,0.0,,,0.0,0.0,0.0,0.0,0.0,24.0,4518.0,GO,false,,false,false
4539.0,2021_06_DAL_NE,2021,REG,6,2021-10-17,NE,DAL,DAL,NE,away,5.0,2.0,3.0,42.0,277.0,277.0,277.0,29.0,29.0,0.0,1.0,2.0,0.6250351,0.6250351,0.054409754,0.34585252,0.0,0.0,outdoors,62.0,11.0,0.0,,,0.0,0.0,0.0,0.0,0.0,24.0,4539.0,GO,false,,false,false
4563.0,2021_06_DAL_NE,2021,REG,6,2021-10-17,NE,DAL,DAL,NE,away,5.0,1.0,10.0,35.0,239.0,239.0,239.0,29.0,29.0,0.0,1.0,2.0,0.67944485,0.67944485,0.32055515,3.7186663,0.0,0.0,outdoors,62.0,11.0,0.0,,,0.0,0.0,0.0,0.0,0.0,24.0,4563.0,GO,false,,false,false
4588.0,2021_06_DAL_NE,2021,REG,6,2021-10-17,NE,DAL,NE,DAL,home,5.0,,0.0,,232.0,232.0,232.0,29.0,35.0,-6.0,2.0,1.0,,,,,0.0,0.0,outdoors,62.0,11.0,,,,,,,0.0,0.0,25.0,4588.0,GO,,,true,false
4284.0,2021_06_SEA_PIT,2021,REG,6,2021-10-17,PIT,SEA,SEA,PIT,away,5.0,,0.0,35.0,600.0,600.0,600.0,20.0,20.0,0.0,2.0,2.0,0.5089339,0.5089339,-0.0,0.07510109,0.0,0.0,outdoors,49.0,6.0,0.0,,63.0,0.0,0.0,0.0,0.0,0.0,24.0,4284.0,GO,false,,false,true
4306.0,2021_06_SEA_PIT,2021,REG,6,2021-10-17,PIT,SEA,SEA,PIT,away,5.0,1.0,10.0,73.0,596.0,596.0,596.0,20.0,20.0,0.0,2.0,2.0,0.5089339,0.5089339,-0.058420796,-0.5709486,0.0,0.0,outdoors,49.0,6.0,0.0,,,0.0,0.0,0.0,0.0,0.0,24.0,4306.0,GO,false,,false,true
4327.0,2021_06_SEA_PIT,2021,REG,6,2021-10-17,PIT,SEA,SEA,PIT,away,5.0,2.0,9.0,72.0,557.0,557.0,557.0,20.0,20.0,0.0,2.0,2.0,0.45051312,0.45051312,0.19493566,1.9190736,1.0,0.0,outdoors,49.0,6.0,0.0,,,0.0,0.0,0.0,0.0,0.0,24.0,4327.0,GO,false,,false,true
4351.0,2021_06_SEA_PIT,2021,REG,6,2021-10-17,PIT,SEA,SEA,PIT,away,5.0,1.0,10.0,51.0,522.0,522.0,522.0,20.0,20.0,0.0,2.0,2.0,0.6454488,0.6454488,-0.117223814,-0.95250857,0.0,0.0,outdoors,49.0,6.0,0.0,,,0.0,0.0,0.0,0.0,0.0,24.0,4351.0,GO,false,,false,true
4372.0,2021_06_SEA_PIT,2021,REG,6,2021-10-17,PIT,SEA,SEA,PIT,away,5.0,2.0,14.0,55.0,481.0,481.0,481.0,20.0,20.0,0.0,2.0,2.0,0.52822495,0.52822495,0.061296873,0.6054315,1.0,0.0,outdoors,49.0,6.0,0.0,,,0.0,0.0,0.0,0.0,0.0,24.0,4372.0,GO,false,,false,true
4396.0,2021_06_SEA_PIT,2021,REG,6,2021-10-17,PIT,SEA,SEA,PIT,away,5.0,3.0,4.0,45.0,437.0,437.0,437.0,20.0,20.0,0.0,2.0,2.0,0.5895218,0.5895218,-0.2899393,-2.5207162,1.0,0.0,outdoors,49.0,6.0,0.0,,,0.0,0.0,0.0,0.0,0.0,24.0,4396.0,GO,false,,false,true
4415.0,2021_06_SEA_PIT,2021,REG,6,2021-10-17,PIT,SEA,SEA,PIT,away,5.0,4.0,17.0,58.0,401.0,401.0,401.0,20.0,20.0,0.0,2.0,2.0,0.29958254,0.29958254,0.29568183,-0.17766024,0.0,0.0,outdoors,49.0,6.0,0.0,,47.0,1.0,0.0,0.0,0.0,0.0,24.0,4415.0,PUNT,false,,false,true
4440.0,2021_06_SEA_PIT,2021,REG,6,2021-10-17,PIT,SEA,PIT,SEA,home,5.0,1.0,10.0,80.0,391.0,391.0,391.0,20.0,20.0,0.0,2.0,2.0,0.40473562,0.40473562,-0.034440383,-0.2953004,1.0,0.0,outdoors,49.0,6.0,0.0,,,0.0,0.0,0.0,0.0,0.0,25.0,4440.0,GO,false,,true,false
4461.0,2021_06_SEA_PIT,2021,REG,6,2021-10-17,PIT,SEA,PIT,SEA,home,5.0,2.0,6.0,76.0,355.0,355.0,355.0,20.0,20.0,0.0,2.0,2.0,0.37029526,0.37029526,-0.04055301,-0.33409142,1.0,0.0,outdoors,49.0,6.0,0.0,,,0.0,0.0,0.0,0.0,0.0,25.0,4461.0,GO,false,,true,false
4485.0,2021_06_SEA_PIT,2021,REG,6,2021-10-17,PIT,SEA,PIT,SEA,home,5.0,3.0,4.0,74.0,315.0,315.0,315.0,20.0,20.0,0.0,2.0,2.0,0.32974225,0.32974225,-0.079196796,-0.5244042,1.0,0.0,outdoors,49.0,6.0,0.0,,,0.0,0.0,0.0,0.0,0.0,25.0,4485.0,GO,false,,true,false
4515.0,2021_06_SEA_PIT,2021,REG,6,2021-10-17,PIT,SEA,PIT,SEA,home,5.0,4.0,1.0,71.0,273.0,273.0,273.0,20.0,20.0,0.0,2.0,2.0,0.25054544,0.25054544,0.43955582,0.25384942,0.0,0.0,outdoors,49.0,6.0,0.0,,56.0,1.0,0.0,0.0,0.0,0.0,25.0,4515.0,PUNT,false,,true,false
4533.0,2021_06_SEA_PIT,2021,REG,6,2021-10-17,PIT,SEA,SEA,PIT,away,5.0,1.0,10.0,85.0,267.0,267.0,267.0,20.0,20.0,0.0,2.0,2.0,0.30989873,0.30989873,-0.18201056,-4.815062,0.0,0.0,outdoors,49.0,6.0,0.0,,,0.0,0.0,0.0,0.0,0.0,26.0,4533.0,GO,false,,false,false
4562.0,2021_06_SEA_PIT,2021,REG,6,2021-10-17,PIT,SEA,PIT,SEA,home,5.0,1.0,10.0,16.0,256.0,256.0,256.0,20.0,20.0,0.0,2.0,2.0,0.87211186,0.87211186,-0.049373377,-1.088888,0.0,0.0,outdoors,49.0,6.0,0.0,,,0.0,0.0,0.0,0.0,0.0,27.0,4562.0,GO,false,,true,false
4583.0,2021_06_SEA_PIT,2021,REG,6,2021-10-17,PIT,SEA,PIT,SEA,home,5.0,2.0,13.0,19.0,214.0,214.0,214.0,20.0,20.0,0.0,2.0,2.0,0.82273847,0.82273847,,-0.8998335,0.0,0.0,outdoors,49.0,6.0,0.0,,,0.0,0.0,0.0,0.0,1.0,27.0,4583.0,GO,false,,true,false
4604.0,2021_06_SEA_PIT,2021,REG,6,2021-10-17,PIT,SEA,PIT,SEA,home,5.0,3.0,13.0,19.0,175.0,175.0,175.0,20.0,20.0,0.0,2.0,2.0,0.9079975,0.9079975,0.09200252,0.43140706,0.0,0.0,outdoors,49.0,6.0,1.0,made,37.0,0.0,0.0,0.0,0.0,0.0,27.0,4604.0,FG,false,true,true,false
4623.0,2021_06_SEA_PIT,2021,REG,6,2021-10-17,PIT,SEA,PIT,SEA,home,5.0,,0.0,,170.0,170.0,170.0,23.0,20.0,3.0,2.0,2.0,,,,,0.0,0.0,outdoors,49.0,6.0,,,,,,,0.0,0.0,27.0,4623.0,GO,,,true,false
4332.0,2021_01_BAL_LV,2021,REG,1,2021-09-13,LV,BAL,LV,BAL,home,5.0,,0.0,35.0,600.0,600.0,600.0,27.0,27.0,0.0,2.0,2.0,0.58799726,0.58799726,0.0,0.0,0.0,0.0,dome,,,0.0,,65.0,0.0,0.0,0.0,0.0,0.0,25.0,4332.0,GO,false,,true,true
4347.0,2021_01_BAL_LV,2021,REG,1,2021-09-13,LV,BAL,LV,BAL,home,5.0,1.0,10.0,75.0,600.0,600.0,600.0,27.0,27.0,0.0,2.0,2.0,0.58799726,0.58799726,0.04844441,0.5466601,0.0,0.0,dome,,,0.0,,,0.0,0.0,0.0,0.0,0.0,25.0,4347.0,GO,false,,true,true
4371.0,2021_01_BAL_LV,2021,REG,1,2021-09-13,LV,BAL,LV,BAL,home,5.0,1.0,10.0,64.0,562.0,562.0,562.0,27.0,27.0,0.0,2.0,2.0,0.6364417,0.6364417,-0.10380567,-1.0509337,1.0,0.0,dome,,,0.0,,,0.0,0.0,0.0,0.0,0.0,25.0,4371.0,GO,false,,true,true
4392.0,2021_01_BAL_LV,2021,REG,1,2021-09-13,LV,BAL,LV,BAL,home,5.0,2.0,12.0,66.0,524.0,524.0,524.0,27.0,27.0,0.0,2.0,2.0,0.53263605,0.53263605,0.24356203,2.3937945,1.0,0.0,dome,,,0.0,,,0.0,0.0,0.0,0.0,0.0,25.0,4392.0,GO,false,,true,true
4416.0,2021_01_BAL_LV,2021,REG,1,2021-09-13,LV,BAL,LV,BAL,home,5.0,1.0,10.0,39.0,482.0,482.0,482.0,27.0,27.0,0.0,2.0,2.0,0.776198,0.776198,0.033142705,0.26252064,0.0,0.0,dome,,,0.0,,,0.0,0.0,0.0,0.0,0.0,25.0,4416.0,GO,false,,true,true
4454.0,2021_01_BAL_LV,2021,REG,1,2021-09-13,LV,BAL,LV,BAL,home,5.0,2.0,4.0,33.0,442.0,442.0,442.0,27.0,27.0,0.0,1.0,2.0,0.8093408,0.8093408,-0.039008364,-0.6024492,1.0,0.0,dome,,,0.0,,,0.0,0.0,0.0,0.0,0.0,25.0,4454.0,GO,false,,true,true
4476.0,2021_01_BAL_LV,2021,REG,1,2021-09-13,LV,BAL,LV,BAL,home,5.0,3.0,4.0,33.0,436.0,436.0,436.0,27.0,27.0,0.0,1.0,2.0,0.7703324,0.7703324,0.19431148,3.3118305,1.0,0.0,dome,,,0.0,,,0.0,0.0,0.0,0.0,0.0,25.0,4476.0,GO,false,,true,true
4525.0,2021_01_BAL_LV,2021,REG,1,2021-09-13,LV,BAL,LV,BAL,home,5.0,1.0,1.0,1.0,423.0,423.0,423.0,27.0,27.0,0.0,1.0,2.0,0.9646439,0.9646439,-0.019996528,-0.2693019,0.0,0.0,dome,,,0.0,,,0.0,0.0,0.0,0.0,0.0,25.0,4525.0,GO,false,,true,true
4563.0,2021_01_BAL_LV,2021,REG,1,2021-09-13,LV,BAL,LV,BAL,home,5.0,2.0,1.0,1.0,383.0,383.0,383.0,27.0,27.0,0.0,0.0,2.0,0.9446473,0.9446473,-0.02417611,-0.74641794,0.0,0.0,dome,,,0.0,,,0.0,0.0,0.0,0.0,0.0,25.0,4563.0,GO,false,,true,true
4586.0,2021_01_BAL_LV,2021,REG,1,2021-09-13,LV,BAL,LV,BAL,home,5.0,2.0,5.0,5.0,383.0,383.0,383.0,27.0,27.0,0.0,0.0,2.0,0.92047125,0.92047125,-0.02598995,-1.0050392,1.0,0.0,dome,,,0.0,,,0.0,0.0,0.0,0.0,0.0,25.0,4586.0,GO,false,,true,true
4608.0,2021_01_BAL_LV,2021,REG,1,2021-09-13,LV,BAL,LV,BAL,home,5.0,3.0,5.0,5.0,379.0,379.0,379.0,27.0,27.0,0.0,0.0,2.0,0.8944813,0.8944813,-0.30939412,-5.25757,1.0,0.0,dome,,,0.0,,,0.0,0.0,0.0,0.0,0.0,25.0,4608.0,GO,false,,true,true
4641.0,2021_01_BAL_LV,2021,REG,1,2021-09-13,LV,BAL,BAL,LV,away,5.0,1.0,10.0,80.0,373.0,373.0,373.0,27.0,27.0,0.0,2.0,0.0,0.41491282,0.41491282,-0.034233354,-0.29059246,1.0,0.0,dome,,,0.0,,,0.0,0.0,0.0,0.0,0.0,26.0,4641.0,GO,false,,false,false
4691.0,2021_01_BAL_LV,2021,REG,1,2021-09-13,LV,BAL,BAL,LV,away,5.0,2.0,10.0,80.0,367.0,367.0,367.0,27.0,27.0,0.0,1.0,0.0,0.3806795,0.3806795,0.09056818,1.1051533,1.0,0.0,dome,,,0.0,,,0.0,0.0,0.0,0.0,0.0,26.0,4691.0,GO,false,,false,false
4715.0,2021_01_BAL_LV,2021,REG,1,2021-09-13,LV,BAL,BAL,LV,away,5.0,1.0,10.0,70.0,328.0,328.0,328.0,27.0,27.0,0.0,1.0,0.0,0.47124764,0.47124764,-0.095666975,-0.6491497,1.0,0.0,dome,,,0.0,,,0.0,0.0,0.0,0.0,0.0,26.0,4715.0,GO,false,,false,false
4736.0,2021_01_BAL_LV,2021,REG,1,2021-09-13,LV,BAL,BAL,LV,away,5.0,2.0,7.0,67.0,285.0,285.0,285.0,27.0,27.0,0.0,1.0,0.0,0.37558067,0.37558067,-0.0760058,-0.766548,1.0,0.0,dome,,,0.0,,,0.0,0.0,0.0,0.0,0.0,26.0,4736.0,GO,false,,false,false
4765.0,2021_01_BAL_LV,2021,REG,1,2021-09-13,LV,BAL,BAL,LV,away,5.0,3.0,7.0,67.0,279.0,279.0,279.0,27.0,27.0,0.0,1.0,0.0,0.29957488,0.29957488,-0.08554563,-4.155587,1.0,0.0,dome,,,0.0,,,0.0,0.0,0.0,0.0,0.0,26.0,4765.0,GO,false,,false,false
4801.0,2021_01_BAL_LV,2021,REG,1,2021-09-13,LV,BAL,LV,BAL,home,5.0,1.0,10.0,27.0,271.0,271.0,271.0,27.0,27.0,0.0,0.0,1.0,0.78597075,0.78597075,-0.071333855,-0.61737525,0.0,0.0,dome,,,0.0,,,0.0,0.0,0.0,0.0,0.0,27.0,4801.0,GO,false,,true,false
4822.0,2021_01_BAL_LV,2021,REG,1,2021-09-13,LV,BAL,LV,BAL,home,5.0,2.0,9.0,26.0,224.0,224.0,224.0,27.0,27.0,0.0,0.0,1.0,0.7146369,0.7146369,-0.036113553,-0.45007756,0.0,0.0,dome,,,0.0,,,0.0,0.0,0.0,0.0,0.0,27.0,4822.0,GO,false,,true,false
4845.0,2021_01_BAL_LV,2021,REG,1,2021-09-13,LV,BAL,LV,BAL,home,5.0,2.0,14.0,31.0,224.0,224.0,224.0,27.0,27.0,0.0,0.0,1.0,0.67852336,0.67852336,0.32147667,4.194233,1.0,0.0,dome,,,0.0,,,0.0,0.0,0.0,0.0,0.0,27.0,4845.0,GO,false,,true,false
4865.0,2021_01_BAL_LV,2021,REG,1,2021-09-13,LV,BAL,LV,BAL,home,5.0,,0.0,,218.0,218.0,218.0,33.0,27.0,6.0,0.0,1.0,,,,,0.0,0.0,dome,,,,,,,,,0.0,0.0,27.0,4865.0,GO,,,true,false
3625.0,2021_05_GB_CIN,2021,REG,5,2021-10-10,CIN,GB,CIN,GB,home,5.0,,0.0,35.0,600.0,600.0,600.0,22.0,22.0,0.0,2.0,2.0,0.52681804,0.52681804,0.0,0.0021867615,0.0,0.0,outdoors,76.0,12.0,0.0,,66.0,0.0,0.0,0.0,0.0,0.0,22.0,3625.0,GO,false,,true,true
3647.0,2021_05_GB_CIN,2021,REG,5,2021-10-10,CIN,GB,CIN,GB,home,5.0,1.0,10.0,75.0,595.0,595.0,595.0,22.0,22.0,0.0,2.0,2.0,0.52681804,0.52681804,-0.4393588,-5.8235207,1.0,0.0,outdoors,76.0,12.0,0.0,,,0.0,0.0,0.0,0.0,0.0,22.0,3647.0,GO,false,,true,true
3679.0,2021_05_GB_CIN,2021,REG,5,2021-10-10,CIN,GB,GB,CIN,away,5.0,1.0,10.0,17.0,587.0,587.0,587.0,22.0,22.0,0.0,2.0,2.0,0.91254073,0.91254073,-0.017605016,-0.8098717,0.0,0.0,outdoors,76.0,12.0,0.0,,,0.0,0.0,0.0,0.0,0.0,23.0,3679.0,GO,false,,false,false
3700.0,2021_05_GB_CIN,2021,REG,5,2021-10-10,CIN,GB,GB,CIN,away,5.0,2.0,11.0,18.0,532.0,532.0,532.0,22.0,22.0,0.0,2.0,2.0,0.8949357,0.8949357,-0.0059752013,-1.4944243,0.0,0.0,outdoors,76.0,12.0,0.0,,,0.0,0.0,0.0,0.0,0.0,23.0,3700.0,GO,false,,false,false
3744.0,2021_05_GB_CIN,2021,REG,5,2021-10-10,CIN,GB,GB,CIN,away,5.0,3.0,15.0,22.0,492.0,492.0,492.0,22.0,22.0,0.0,2.0,1.0,0.88896054,0.88896054,-0.41575593,-3.913295,0.0,0.0,outdoors,76.0,12.0,1.0,missed,40.0,0.0,0.0,0.0,0.0,0.0,23.0,3744.0,FG,false,false,false,false
3764.0,2021_05_GB_CIN,2021,REG,5,2021-10-10,CIN,GB,CIN,GB,home,5.0,1.0,10.0,70.0,488.0,488.0,488.0,22.0,22.0,0.0,1.0,2.0,0.5267954,0.5267954,-0.09916179,-0.8911621,0.0,0.0,outdoors,76.0,12.0,0.0,,,0.0,0.0,0.0,0.0,0.0,24.0,3764.0,GO,false,,true,false
3785.0,2021_05_GB_CIN,2021,REG,5,2021-10-10,CIN,GB,CIN,GB,home,5.0,2.0,12.0,72.0,447.0,447.0,447.0,22.0,22.0,0.0,1.0,2.0,0.4276336,0.4276336,0.055414546,0.68134516,1.0,0.0,outdoors,76.0,12.0,0.0,,,0.0,0.0,0.0,0.0,0.0,24.0,3785.0,GO,false,,true,false
3806.0,2021_05_GB_CIN,2021,REG,5,2021-10-10,CIN,GB,CIN,GB,home,5.0,3.0,2.0,62.0,404.0,404.0,404.0,22.0,22.0,0.0,1.0,2.0,0.48304817,0.48304817,0.21535376,1.7937199,1.0,0.0,outdoors,76.0,12.0,0.0,,,0.0,0.0,0.0,0.0,0.0,24.0,3806.0,GO,false,,true,false
3841.0,2021_05_GB_CIN,2021,REG,5,2021-10-10,CIN,GB,CIN,GB,home,5.0,1.0,10.0,41.0,398.0,398.0,398.0,22.0,22.0,0.0,1.0,2.0,0.6984019,0.6984019,0.004329943,-0.1663134,1.0,0.0,outdoors,76.0,12.0,0.0,,,0.0,0.0,0.0,0.0,0.0,24.0,3841.0,GO,false,,true,false
3862.0,2021_05_GB_CIN,2021,REG,5,2021-10-10,CIN,GB,CIN,GB,home,5.0,2.0,6.0,37.0,354.0,354.0,354.0,22.0,22.0,0.0,1.0,2.0,0.70273185,0.70273185,0.024893517,0.112244494,1.0,0.0,outdoors,76.0,12.0,0.0,,,0.0,0.0,0.0,0.0,0.0,24.0,3862.0,GO,false,,true,false
3883.0,2021_05_GB_CIN,2021,REG,5,2021-10-10,CIN,GB,CIN,GB,home,5.0,3.0,2.0,33.0,308.0,308.0,308.0,22.0,22.0,0.0,1.0,2.0,0.72762537,0.72762537,-0.022401256,-1.7180103,0.0,0.0,outdoors,76.0,12.0,0.0,,,0.0,0.0,0.0,0.0,0.0,24.0,3883.0,GO,false,,true,false
3915.0,2021_05_GB_CIN,2021,REG,5,2021-10-10,CIN,GB,CIN,GB,home,5.0,4.0,1.0,32.0,259.0,259.0,259.0,22.0,22.0,0.0,1.0,2.0,0.70522416,0.70522416,-0.12740242,-2.752267,0.0,0.0,outdoors,76.0,12.0,1.0,missed,49.0,0.0,0.0,0.0,0.0,0.0,24.0,3915.0,FG,false,false,true,false
3935.0,2021_05_GB_CIN,2021,REG,5,2021-10-10,CIN,GB,GB,CIN,away,5.0,1.0,10.0,61.0,254.0,254.0,254.0,22.0,22.0,0.0,2.0,1.0,0.4221783,0.4221783,-0.05790717,-0.47575867,1.0,0.0,outdoors,76.0,12.0,0.0,,,0.0,0.0,0.0,0.0,0.0,25.0,3935.0,GO,false,,false,false
3957.0,2021_05_GB_CIN,2021,REG,5,2021-10-10,CIN,GB,GB,CIN,away,5.0,2.0,10.0,61.0,250.0,250.0,250.0,22.0,22.0,0.0,2.0,1.0,0.36427113,0.36427113,0.21030805,1.723381,0.0,0.0,outdoors,76.0,12.0,0.0,,,0.0,0.0,0.0,0.0,0.0,25.0,3957.0,GO,false,,false,false
3986.0,2021_05_GB_CIN,2021,REG,5,2021-10-10,CIN,GB,GB,CIN,away,5.0,1.0,10.0,41.0,242.0,242.0,242.0,22.0,22.0,0.0,2.0,1.0,0.5745792,0.5745792,-0.1298428,-0.94770724,0.0,0.0,outdoors,76.0,12.0,0.0,,,0.0,0.0,0.0,0.0,0.0,25.0,3986.0,GO,false,,false,false
4007.0,2021_05_GB_CIN,2021,REG,5,2021-10-10,CIN,GB,GB,CIN,away,5.0,2.0,11.0,42.0,200.0,200.0,200.0,22.0,22.0,0.0,2.0,1.0,0.44473636,0.44473636,-0.12703441,-0.67947006,0.0,0.0,outdoors,76.0,12.0,0.0,,,0.0,0.0,0.0,0.0,0.0,25.0,4007.0,GO,false,,false,false
4043.0,2021_05_GB_CIN,2021,REG,5,2021-10-10,CIN,GB,GB,CIN,away,5.0,3.0,16.0,47.0,153.0,153.0,153.0,22.0,22.0,0.0,1.0,1.0,0.31770197,0.31770197,0.36725068,0.49288824,1.0,0.0,outdoors,76.0,12.0,0.0,,,0.0,0.0,0.0,0.0,0.0,25.0,4043.0,GO,false,,false,false
4092.0,2021_05_GB_CIN,2021,REG,5,2021-10-10,CIN,GB,GB,CIN,away,5.0,4.0,1.0,32.0,120.0,120.0,120.0,22.0,22.0,0.0,1.0,1.0,0.6849527,0.6849527,0.31504735,1.4970387,0.0,0.0,outdoors,76.0,12.0,1.0,made,49.0,0.0,0.0,0.0,0.0,0.0,25.0,4092.0,FG,false,true,false,false
4117.0,2021_05_GB_CIN,2021,REG,5,2021-10-10,CIN,GB,CIN,GB,home,5.0,,0.0,,115.0,115.0,115.0,22.0,25.0,-3.0,1.0,1.0,,,,,0.0,0.0,outdoors,76.0,12.0,,,,,,,0.0,0.0,26.0,4117.0,GO,,,true,false
4322.0,2021_03_MIA_LV,2021,REG,3,2021-09-26,LV,MIA,LV,MIA,home,5.0,,0.0,35.0,600.0,600.0,600.0,25.0,25.0,0.0,2.0,2.0,0.58799726,0.58799726,0.0,0.0,0.0,0.0,dome,,,0.0,,65.0,0.0,0.0,0.0,0.0,0.0,22.0,4322.0,GO,false,,true,true
4337.0,2021_03_MIA_LV,2021,REG,3,2021-09-26,LV,MIA,LV,MIA,home,5.0,1.0,10.0,75.0,600.0,600.0,600.0,25.0,25.0,0.0,2.0,2.0,0.58799726,0.58799726,-0.008482808,0.012755045,1.0,0.0,dome,,,0.0,,,0.0,0.0,0.0,0.0,0.0,22.0,4337.0,GO,false,,true,true
4358.0,2021_03_MIA_LV,2021,REG,3,2021-09-26,LV,MIA,LV,MIA,home,5.0,2.0,4.0,69.0,565.0,565.0,565.0,25.0,25.0,0.0,2.0,2.0,0.57951444,0.57951444,0.11692555,1.1171832,1.0,1.0,dome,,,0.0,,,0.0,0.0,0.0,0.0,0.0,22.0,4358.0,GO,false,,true,true
4382.0,2021_03_MIA_LV,2021,REG,3,2021-09-26,LV,MIA,LV,MIA,home,5.0,1.0,10.0,53.0,526.0,526.0,526.0,25.0,25.0,0.0,2.0,2.0,0.69644004,0.69644004,-0.0602413,-0.5251645,0.0,0.0,dome,,,0.0,,,0.0,0.0,0.0,0.0,0.0,22.0,4382.0,GO,false,,true,true
4403.0,2021_03_MIA_LV,2021,REG,3,2021-09-26,LV,MIA,LV,MIA,home,5.0,2.0,10.0,53.0,487.0,487.0,487.0,25.0,25.0,0.0,2.0,2.0,0.6361987,0.6361987,0.2623509,2.3775299,1.0,0.0,dome,,,0.0,,,0.0,0.0,0.0,0.0,0.0,22.0,4403.0,GO,false,,true,true
4427.0,2021_03_MIA_LV,2021,REG,3,2021-09-26,LV,MIA,LV,MIA,home,5.0,1.0,10.0,21.0,446.0,446.0,446.0,25.0,25.0,0.0,2.0,2.0,0.8985496,0.8985496,-0.02007375,-0.47649324,0.0,0.0,dome,,,0.0,,,0.0,0.0,0.0,0.0,0.0,22.0,4427.0,GO,false,,true,true
4448.0,2021_03_MIA_LV,2021,REG,3,2021-09-26,LV,MIA,LV,MIA,home,5.0,2.0,9.0,20.0,404.0,404.0,404.0,25.0,25.0,0.0,2.0,2.0,0.87847584,0.87847584,-0.014339193,-0.6312061,1.0,0.0,dome,,,0.0,,,0.0,0.0,0.0,0.0,0.0,22.0,4448.0,GO,false,,true,true
4470.0,2021_03_MIA_LV,2021,REG,3,2021-09-26,LV,MIA,LV,MIA,home,5.0,3.0,9.0,20.0,398.0,398.0,398.0,25.0,25.0,0.0,2.0,2.0,0.8641367,0.8641367,0.050327428,-0.90938586,1.0,0.0,dome,,,0.0,,,0.0,0.0,0.0,0.0,0.0,22.0,4470.0,GO,false,,true,true
4492.0,2021_03_MIA_LV,2021,REG,3,2021-09-26,LV,MIA,LV,MIA,home,5.0,4.0,9.0,20.0,392.0,392.0,392.0,25.0,25.0,0.0,2.0,2.0,0.9144641,0.9144641,-0.40610448,0.5013798,0.0,0.0,dome,,,1.0,made,38.0,0.0,0.0,0.0,0.0,0.0,22.0,4492.0,FG,false,true,true,true
4511.0,2021_03_MIA_LV,2021,REG,3,2021-09-26,LV,MIA,MIA,LV,away,5.0,,0.0,35.0,387.0,387.0,387.0,25.0,28.0,-3.0,2.0,2.0,0.49164036,0.49164036,-0.0,-0.0,0.0,0.0,dome,,,0.0,,65.0,0.0,0.0,0.0,0.0,0.0,23.0,4511.0,GO,false,,false,false
4526.0,2021_03_MIA_LV,2021,REG,3,2021-09-26,LV,MIA,MIA,LV,away,5.0,1.0,10.0,75.0,387.0,387.0,387.0,25.0,28.0,-3.0,2.0,2.0,0.49164036,0.49164036,-0.05008792,-0.5434429,1.0,0.0,dome,,,0.0,,,0.0,0.0,0.0,0.0,0.0,23.0,4526.0,GO,false,,false,false
4548.0,2021_03_MIA_LV,2021,REG,3,2021-09-26,LV,MIA,MIA,LV,away,5.0,2.0,10.0,75.0,380.0,380.0,380.0,25.0,28.0,-3.0,2.0,2.0,0.44155243,0.44155243,-0.119115256,-1.2678418,1.0,0.0,dome,,,0.0,,,0.0,0.0,0.0,0.0,0.0,23.0,4548.0,GO,false,,false,false
4583.0,2021_03_MIA_LV,2021,REG,3,2021-09-26,LV,MIA,MIA,LV,away,5.0,2.0,20.0,85.0,360.0,360.0,360.0,25.0,28.0,-3.0,2.0,2.0,0.3224372,0.3224372,-0.055871777,-0.55893946,1.0,0.0,dome,,,0.0,,,0.0,0.0,0.0,0.0,0.0,23.0,4583.0,GO,false,,false,false
4631.0,2021_03_MIA_LV,2021,REG,3,2021-09-26,LV,MIA,MIA,LV,away,5.0,3.0,20.0,85.0,357.0,357.0,357.0,25.0,28.0,-3.0,2.0,1.0,0.2665654,0.2665654,-0.073119305,-0.70331097,1.0,0.0,dome,,,0.0,,,0.0,0.0,0.0,0.0,0.0,23.0,4631.0,GO,false,,false,false
4670.0,2021_03_MIA_LV,2021,REG,3,2021-09-26,LV,MIA,MIA,LV,away,5.0,4.0,20.0,85.0,350.0,350.0,350.0,25.0,28.0,-3.0,1.0,1.0,0.1934461,0.1934461,0.38138556,4.1104407,1.0,0.0,dome,,,0.0,,,0.0,1.0,0.0,0.0,0.0,23.0,4670.0,GO,true,,false,false
4694.0,2021_03_MIA_LV,2021,REG,3,2021-09-26,LV,MIA,MIA,LV,away,5.0,1.0,10.0,58.0,314.0,314.0,314.0,25.0,28.0,-3.0,1.0,1.0,0.57483166,0.57483166,-0.051707026,-0.5186548,1.0,0.0,dome,,,0.0,,,0.0,0.0,0.0,0.0,0.0,23.0,4694.0,GO,false,,false,false
4716.0,2021_03_MIA_LV,2021,REG,3,2021-09-26,LV,MIA,MIA,LV,away,5.0,2.0,10.0,58.0,310.0,310.0,310.0,25.0,28.0,-3.0,1.0,1.0,0.52312464,0.52312464,-0.0894004,-0.6460021,1.0,0.0,dome,,,0.0,,,0.0,0.0,0.0,0.0,0.0,23.0,4716.0,GO,false,,false,false
4740.0,2021_03_MIA_LV,2021,REG,3,2021-09-26,LV,MIA,MIA,LV,away,5.0,3.0,7.0,55.0,272.0,272.0,272.0,25.0,28.0,-3.0,1.0,1.0,0.43372422,0.43372422,0.2298291,2.1965373,1.0,0.0,dome,,,0.0,,,0.0,0.0,0.0,0.0,0.0,23.0,4740.0,GO,false,,false,false
4767.0,2021_03_MIA_LV,2021,REG,3,2021-09-26,LV,MIA,MIA,LV,away,5.0,1.0,10.0,40.0,244.0,244.0,244.0,25.0,28.0,-3.0,1.0,1.0,0.66355336,0.66355336,-0.05384178,-0.48228619,1.0,0.0,dome,,,0.0,,,0.0,0.0,0.0,0.0,0.0,23.0,4767.0,GO,false,,false,false
4793.0,2021_03_MIA_LV,2021,REG,3,2021-09-26,LV,MIA,MIA,LV,away,5.0,2.0,10.0,40.0,237.0,237.0,237.0,25.0,28.0,-3.0,1.0,1.0,0.6097115,0.6097115,0.05823189,0.06635003,1.0,0.0,dome,,,0.0,,,0.0,0.0,0.0,0.0,0.0,23.0,4793.0,GO,false,,false,false
4825.0,2021_03_MIA_LV,2021,REG,3,2021-09-26,LV,MIA,MIA,LV,away,5.0,3.0,3.0,33.0,215.0,215.0,215.0,25.0,28.0,-3.0,1.0,1.0,0.6679434,0.6679434,0.08758827,-1.2138853,1.0,0.0,dome,,,0.0,,,0.0,0.0,0.0,0.0,0.0,23.0,4825.0,GO,false,,false,false
4849.0,2021_03_MIA_LV,2021,REG,3,2021-09-26,LV,MIA,MIA,LV,away,5.0,4.0,2.0,32.0,174.0,174.0,174.0,25.0,28.0,-3.0,1.0,1.0,0.7555317,0.7555317,-0.10320772,1.3342556,0.0,0.0,dome,,,1.0,made,50.0,0.0,0.0,0.0,0.0,0.0,23.0,4849.0,FG,false,true,false,false
4868.0,2021_03_MIA_LV,2021,REG,3,2021-09-26,LV,MIA,LV,MIA,home,5.0,,0.0,35.0,169.0,169.0,169.0,28.0,28.0,0.0,1.0,1.0,0.347676,0.347676,0.0,0.0,0.0,0.0,dome,,,0.0,,65.0,0.0,0.0,0.0,0.0,0.0,24.0,4868.0,GO,false,,true,false
4883.0,2021_03_MIA_LV,2021,REG,3,2021-09-26,LV,MIA,LV,MIA,home,5.0,1.0,10.0,75.0,169.0,169.0,169.0,28.0,28.0,0.0,1.0,1.0,0.347676,0.347676,-0.042825572,-0.480137,1.0,0.0,dome,,,0.0,,,0.0,0.0,0.0,0.0,0.0,24.0,4883.0,GO,false,,true,false
4905.0,2021_03_MIA_LV,2021,REG,3,2021-09-26,LV,MIA,LV,MIA,home,5.0,2.0,10.0,75.0,163.0,163.0,163.0,28.0,28.0,0.0,1.0,1.0,0.30485043,0.30485043,-0.039258074,-0.32908303,1.0,0.0,dome,,,0.0,,,0.0,0.0,0.0,0.0,0.0,24.0,4905.0,GO,false,,true,false
4928.0,2021_03_MIA_LV,2021,REG,3,2021-09-26,LV,MIA,LV,MIA,home,5.0,2.0,15.0,80.0,163.0,163.0,163.0,28.0,28.0,0.0,1.0,1.0,0.26559237,0.26559237,0.24588995,2.0639236,1.0,0.0,dome,,,0.0,,,0.0,0.0,0.0,0.0,0.0,24.0,4928.0,GO,false,,true,false
4952.0,2021_03_MIA_LV,2021,REG,3,2021-09-26,LV,MIA,LV,MIA,home,5.0,1.0,10.0,46.0,132.0,132.0,132.0,28.0,28.0,0.0,1.0,1.0,0.5114823,0.5114823,0.28754756,1.7653569,1.0,0.0,dome,,,0.0,,,0.0,0.0,0.0,0.0,0.0,24.0,4952.0,GO,false,,true,false
4973.0,2021_03_MIA_LV,2021,REG,3,2021-09-26,LV,MIA,LV,MIA,home,5.0,1.0,10.0,19.0,124.0,124.0,124.0,28.0,28.0,0.0,1.0,1.0,0.7990298,0.7990298,0.052735314,0.62683624,0.0,0.0,dome,,,0.0,,,0.0,0.0,0.0,0.0,0.0,24.0,4973.0,GO,false,,true,false
5015.0,2021_03_MIA_LV,2021,REG,3,2021-09-26,LV,MIA,LV,MIA,home,5.0,2.0,2.0,11.0,117.0,117.0,117.0,28.0,28.0,0.0,1.0,1.0,0.85176516,0.85176516,-0.024616169,-0.363335,0.0,0.0,dome,,,0.0,,,0.0,0.0,0.0,0.0,0.0,24.0,5015.0,GO,false,,true,false
5036.0,2021_03_MIA_LV,2021,REG,3,2021-09-26,LV,MIA,LV,MIA,home,5.0,3.0,1.0,10.0,73.0,73.0,73.0,28.0,28.0,0.0,1.0,1.0,0.827149,0.827149,0.061115243,0.66043264,0.0,0.0,dome,,,0.0,,,0.0,0.0,0.0,0.0,0.0,24.0,5036.0,GO,false,,true,false
5057.0,2021_03_MIA_LV,2021,REG,3,2021-09-26,LV,MIA,LV,MIA,home,5.0,1.0,6.0,6.0,28.0,28.0,28.0,28.0,28.0,0.0,1.0,1.0,0.88826424,0.88826424,,-2.4135418,0.0,0.0,dome,,,0.0,,,0.0,0.0,0.0,0.0,1.0,24.0,5057.0,GO,false,,true,false
5100.0,2021_03_MIA_LV,2021,REG,3,2021-09-26,LV,MIA,LV,MIA,home,5.0,2.0,7.0,7.0,3.0,3.0,3.0,28.0,28.0,0.0,0.0,1.0,0.7859363,0.7859363,0.20946155,0.26857528,0.0,0.0,dome,,,0.0,,,0.0,0.0,0.0,0.0,0.0,24.0,5100.0,GO,false,,true,false
5123.0,2021_03_MIA_LV,2021,REG,3,2021-09-26,LV,MIA,LV,MIA,home,5.0,2.0,3.0,3.0,3.0,3.0,3.0,28.0,28.0,0.0,0.0,1.0,0.99539787,0.99539787,0.0046021394,0.0138064185,0.0,0.0,dome,,,1.0,made,22.0,0.0,0.0,0.0,0.0,0.0,24.0,5123.0,FG,false,true,true,false
5142.0,2021_03_MIA_LV,2021,REG,3,2021-09-26,LV,MIA,LV,MIA,home,5.0,,0.0,,0.0,0.0,0.0,31.0,28.0,3.0,0.0,1.0,,,,,0.0,0.0,dome,,,,,,,,,0.0,0.0,24.0,5142.0,GO,,,true,false
5021.0,2021_06_MIN_CAR,2021,REG,6,2021-10-17,CAR,MIN,MIN,CAR,away,5.0,,0.0,35.0,600.0,600.0,600.0,28.0,28.0,0.0,2.0,2.0,0.50375366,0.50375366,-0.0,-0.0,0.0,0.0,outdoors,62.0,7.0,0.0,,65.0,0.0,0.0,0.0,0.0,0.0,30.0,5021.0,GO,false,,false,true
5036.0,2021_06_MIN_CAR,2021,REG,6,2021-10-17,CAR,MIN,MIN,CAR,away,5.0,1.0,10.0,75.0,600.0,600.0,600.0,28.0,28.0,0.0,2.0,2.0,0.50375366,0.50375366,0.009739922,0.14702618,1.0,0.0,outdoors,62.0,7.0,0.0,,,0.0,0.0,0.0,0.0,0.0,30.0,5036.0,GO,false,,false,true
5060.0,2021_06_MIN_CAR,2021,REG,6,2021-10-17,CAR,MIN,MIN,CAR,away,5.0,2.0,4.0,69.0,594.0,594.0,594.0,28.0,28.0,0.0,2.0,2.0,0.5134936,0.5134936,0.043825466,0.45891428,0.0,0.0,outdoors,62.0,7.0,0.0,,,0.0,0.0,0.0,0.0,0.0,30.0,5060.0,GO,false,,false,true
5087.0,2021_06_MIN_CAR,2021,REG,6,2021-10-17,CAR,MIN,MIN,CAR,away,5.0,1.0,10.0,64.0,555.0,555.0,555.0,28.0,28.0,0.0,2.0,2.0,0.55731905,0.55731905,-0.04746669,-0.47369242,0.0,0.0,outdoors,62.0,7.0,0.0,,,0.0,0.0,0.0,0.0,0.0,30.0,5087.0,GO,false,,false,true
5109.0,2021_06_MIN_CAR,2021,REG,6,2021-10-17,CAR,MIN,MIN,CAR,away,5.0,2.0,10.0,64.0,549.0,549.0,549.0,28.0,28.0,0.0,2.0,2.0,0.5098524,0.5098524,0.009664641,0.15052873,0.0,0.0,outdoors,62.0,7.0,0.0,,,0.0,0.0,0.0,0.0,0.0,30.0,5109.0,GO,false,,false,true
5133.0,2021_06_MIN_CAR,2021,REG,6,2021-10-17,CAR,MIN,MIN,CAR,away,5.0,3.0,3.0,57.0,509.0,509.0,509.0,28.0,28.0,0.0,2.0,2.0,0.519517,0.519517,0.16628067,1.6152624,1.0,0.0,outdoors,62.0,7.0,0.0,,,0.0,0.0,0.0,0.0,0.0,30.0,5133.0,GO,false,,false,true
5157.0,2021_06_MIN_CAR,2021,REG,6,2021-10-17,CAR,MIN,MIN,CAR,away,5.0,1.0,10.0,44.0,467.0,467.0,467.0,28.0,28.0,0.0,2.0,2.0,0.6857977,0.6857977,-0.012372091,-0.10199494,0.0,0.0,outdoors,62.0,7.0,0.0,,,0.0,0.0,0.0,0.0,0.0,30.0,5157.0,GO,false,,false,true
5178.0,2021_06_MIN_CAR,2021,REG,6,2021-10-17,CAR,MIN,MIN,CAR,away,5.0,2.0,6.0,40.0,431.0,431.0,431.0,28.0,28.0,0.0,2.0,2.0,0.6734256,0.6734256,0.1825364,1.4034169,0.0,0.0,outdoors,62.0,7.0,0.0,,,0.0,0.0,0.0,0.0,0.0,30.0,5178.0,GO,false,,false,true
5199.0,2021_06_MIN_CAR,2021,REG,6,2021-10-17,CAR,MIN,MIN,CAR,away,5.0,1.0,10.0,24.0,393.0,393.0,393.0,28.0,28.0,0.0,2.0,2.0,0.855962,0.855962,-0.052249026,-1.0175225,0.0,0.0,outdoors,62.0,7.0,0.0,,,0.0,0.0,0.0,0.0,0.0,30.0,5199.0,GO,false,,false,true
5223.0,2021_06_MIN_CAR,2021,REG,6,2021-10-17,CAR,MIN,MIN,CAR,away,5.0,2.0,13.0,27.0,355.0,355.0,355.0,28.0,28.0,0.0,2.0,2.0,0.80371296,0.80371296,0.19628704,3.8380327,1.0,0.0,outdoors,62.0,7.0,0.0,,,0.0,0.0,0.0,0.0,0.0,30.0,5223.0,GO,false,,false,true
5253.0,2021_06_MIN_CAR,2021,REG,6,2021-10-17,CAR,MIN,CAR,MIN,home,5.0,,0.0,,348.0,348.0,348.0,28.0,34.0,-6.0,2.0,2.0,,,,,0.0,0.0,outdoors,62.0,7.0,,,,,,,0.0,0.0,31.0,5253.0,GO,,,true,false
4480.0,2024_10_NYG_CAR,2024,REG,10,2024-11-10,CAR,NYG,NYG,CAR,away,5.0,,0.0,35.0,600.0,600.0,600.0,17.0,17.0,0.0,2.0,2.0,0.5049576,0.5049576,-0.0,0.029759502,0.0,0.0,outdoors,,,0.0,,60.0,0.0,0.0,0.0,0.0,0.0,25.0,4480.0,GO,false,,false,true
4503.0,2024_10_NYG_CAR,2024,REG,10,2024-11-10,CAR,NYG,NYG,CAR,away,5.0,1.0,10.0,74.0,595.0,595.0,595.0,17.0,17.0,0.0,2.0,2.0,0.5049576,0.5049576,-0.39758602,-5.2999916,1.0,0.0,outdoors,,,0.0,,,0.0,0.0,0.0,0.0,0.0,25.0,4503.0,GO,false,,false,true
4541.0,2024_10_NYG_CAR,2024,REG,10,2024-11-10,CAR,NYG,CAR,NYG,home,5.0,1.0,10.0,23.0,589.0,589.0,589.0,17.0,17.0,0.0,2.0,2.0,0.8926284,0.8926284,-0.012384267,-0.3992855,0.0,0.0,outdoors,,,0.0,,,0.0,0.0,0.0,0.0,0.0,26.0,4541.0,GO,false,,true,false
4565.0,2024_10_NYG_CAR,2024,REG,10,2024-11-10,CAR,NYG,CAR,NYG,home,5.0,2.0,9.0,22.0,548.0,548.0,548.0,17.0,17.0,0.0,2.0,2.0,0.88024414,0.88024414,-0.004772585,-0.42429343,0.0,0.0,outdoors,,,0.0,,,0.0,0.0,0.0,0.0,0.0,26.0,4565.0,GO,false,,true,false
4587.0,2024_10_NYG_CAR,2024,REG,10,2024-11-10,CAR,NYG,CAR,NYG,home,5.0,3.0,7.0,20.0,505.0,505.0,505.0,17.0,17.0,0.0,2.0,2.0,0.87547153,0.87547153,0.053933192,-0.8596452,0.0,0.0,outdoors,,,0.0,,,0.0,0.0,0.0,0.0,0.0,26.0,4587.0,GO,false,,true,false
4609.0,2024_10_NYG_CAR,2024,REG,10,2024-11-10,CAR,NYG,CAR,NYG,home,5.0,4.0,5.0,18.0,476.0,476.0,476.0,17.0,17.0,0.0,2.0,1.0,0.92940474,0.92940474,0.07059528,0.3930206,0.0,0.0,outdoors,,,1.0,made,36.0,0.0,0.0,0.0,0.0,0.0,26.0,4609.0,FG,false,true,true,false
4636.0,2024_10_NYG_CAR,2024,REG,10,2024-11-10,CAR,NYG,CAR,NYG,home,5.0,,0.0,,473.0,473.0,473.0,20.0,17.0,3.0,2.0,1.0,,,,,0.0,0.0,outdoors,,,,,,,,,0.0,0.0,26.0,4636.0,GO,,,true,false
4390.0,2024_05_BAL_CIN,2024,REG,5,2024-10-06,CIN,BAL,BAL,CIN,away,5.0,,0.0,35.0,600.0,600.0,600.0,38.0,38.0,0.0,2.0,2.0,0.5231423,0.5231423,-0.0,0.22377273,0.0,0.0,outdoors,81.0,10.0,0.0,,65.0,0.0,0.0,0.0,0.0,0.0,23.0,4390.0,GO,false,,false,true
4407.0,2024_05_BAL_CIN,2024,REG,5,2024-10-06,CIN,BAL,BAL,CIN,away,5.0,1.0,10.0,70.0,600.0,600.0,600.0,38.0,38.0,0.0,2.0,2.0,0.5231423,0.5231423,-0.05990329,-0.5467145,1.0,0.0,outdoors,81.0,10.0,0.0,,,0.0,0.0,0.0,0.0,0.0,23.0,4407.0,GO,false,,false,true
4429.0,2024_05_BAL_CIN,2024,REG,5,2024-10-06,CIN,BAL,BAL,CIN,away,5.0,2.0,10.0,70.0,562.0,562.0,562.0,38.0,38.0,0.0,2.0,2.0,0.46323895,0.46323895,0.03177275,0.38442323,1.0,0.0,outdoors,81.0,10.0,0.0,,,0.0,0.0,0.0,0.0,0.0,23.0,4429.0,GO,false,,false,true
4451.0,2024_05_BAL_CIN,2024,REG,5,2024-10-06,CIN,BAL,BAL,CIN,away,5.0,3.0,2.0,62.0,531.0,531.0,531.0,38.0,38.0,0.0,2.0,2.0,0.49501172,0.49501172,0.08613994,0.8479254,1.0,1.0,outdoors,81.0,10.0,0.0,,,0.0,0.0,0.0,0.0,0.0,23.0,4451.0,GO,false,,false,true
4473.0,2024_05_BAL_CIN,2024,REG,5,2024-10-06,CIN,BAL,BAL,CIN,away,5.0,1.0,10.0,59.0,497.0,497.0,497.0,38.0,38.0,0.0,2.0,2.0,0.58115166,0.58115166,-0.04925017,-0.418185,0.0,0.0,outdoors,81.0,10.0,0.0,,,0.0,0.0,0.0,0.0,0.0,23.0,4473.0,GO,false,,false,true
4496.0,2024_05_BAL_CIN,2024,REG,5,2024-10-06,CIN,BAL,BAL,CIN,away,5.0,2.0,10.0,59.0,487.0,487.0,487.0,38.0,38.0,0.0,2.0,2.0,0.5319015,0.5319015,-0.026786027,-0.08429268,1.0,0.0,outdoors,81.0,10.0,0.0,,,0.0,0.0,0.0,0.0,0.0,23.0,4496.0,GO,false,,false,true
4518.0,2024_05_BAL_CIN,2024,REG,5,2024-10-06,CIN,BAL,BAL,CIN,away,5.0,3.0,5.0,54.0,443.0,443.0,443.0,38.0,38.0,0.0,2.0,2.0,0.50511545,0.50511545,0.20744212,1.8268682,1.0,0.0,outdoors,81.0,10.0,0.0,,,0.0,0.0,0.0,0.0,0.0,23.0,4518.0,GO,false,,false,true
4543.0,2024_05_BAL_CIN,2024,REG,5,2024-10-06,CIN,BAL,BAL,CIN,away,5.0,1.0,10.0,39.0,397.0,397.0,397.0,38.0,38.0,0.0,2.0,2.0,0.71255755,0.71255755,-0.4438812,-6.4926643,1.0,0.0,outdoors,81.0,10.0,0.0,,,0.0,0.0,0.0,0.0,0.0,23.0,4543.0,GO,false,,false,true
4577.0,2024_05_BAL_CIN,2024,REG,5,2024-10-06,CIN,BAL,CIN,BAL,home,5.0,1.0,10.0,38.0,388.0,388.0,388.0,38.0,38.0,0.0,2.0,2.0,0.7313236,0.7313236,-0.04005212,-0.3204586,0.0,0.0,outdoors,81.0,10.0,0.0,,,0.0,0.0,0.0,0.0,0.0,24.0,4577.0,GO,false,,true,false
4599.0,2024_05_BAL_CIN,2024,REG,5,2024-10-06,CIN,BAL,CIN,BAL,home,5.0,2.0,10.0,38.0,342.0,342.0,342.0,38.0,38.0,0.0,1.0,2.0,0.6912715,0.6912715,-0.044125695,-0.55619794,1.0,0.0,outdoors,81.0,10.0,0.0,,,0.0,0.0,0.0,0.0,0.0,24.0,4599.0,GO,false,,true,false
4630.0,2024_05_BAL_CIN,2024,REG,5,2024-10-06,CIN,BAL,CIN,BAL,home,5.0,3.0,7.0,35.0,298.0,298.0,298.0,38.0,38.0,0.0,1.0,2.0,0.6471458,0.6471458,-0.016590798,-1.5273567,0.0,0.0,outdoors,81.0,10.0,0.0,,,0.0,0.0,0.0,0.0,0.0,24.0,4630.0,GO,false,,true,false
4654.0,2024_05_BAL_CIN,2024,REG,5,2024-10-06,CIN,BAL,CIN,BAL,home,5.0,4.0,7.0,35.0,271.0,271.0,271.0,38.0,38.0,0.0,0.0,2.0,0.63055503,0.63055503,-0.006884921,-2.193826,0.0,0.0,outdoors,81.0,10.0,1.0,missed,53.0,0.0,0.0,0.0,0.0,0.0,24.0,4654.0,FG,false,false,true,false
4682.0,2024_05_BAL_CIN,2024,REG,5,2024-10-06,CIN,BAL,BAL,CIN,away,5.0,1.0,10.0,57.0,266.0,266.0,266.0,38.0,38.0,0.0,2.0,0.0,0.3763299,0.3763299,0.6072854,1.6156678,0.0,0.0,outdoors,81.0,10.0,0.0,,,0.0,0.0,0.0,0.0,0.0,25.0,4682.0,GO,false,,false,false
4704.0,2024_05_BAL_CIN,2024,REG,5,2024-10-06,CIN,BAL,BAL,CIN,away,5.0,1.0,6.0,6.0,216.0,216.0,216.0,38.0,38.0,0.0,1.0,0.0,0.9836153,0.9836153,0.01638473,0.0653314,0.0,0.0,outdoors,81.0,10.0,1.0,made,24.0,0.0,0.0,0.0,0.0,0.0,25.0,4704.0,FG,false,true,false,false
4731.0,2024_05_BAL_CIN,2024,REG,5,2024-10-06,CIN,BAL,CIN,BAL,home,5.0,,0.0,,213.0,213.0,213.0,38.0,41.0,-3.0,0.0,1.0,,,,,0.0,0.0,outdoors,81.0,10.0,,,,,,,0.0,0.0,26.0,4731.0,GO,,,true,false
4264.0,2024_09_TB_KC,2024,REG,9,2024-11-04,KC,TB,KC,TB,home,5.0,,0.0,35.0,600.0,600.0,600.0,24.0,24.0,0.0,2.0,2.0,0.54758877,0.54758877,0.0,0.24000801,0.0,0.0,outdoors,63.0,6.0,0.0,,65.0,0.0,0.0,0.0,0.0,0.0,20.0,4264.0,GO,false,,true,true
4281.0,2024_09_TB_KC,2024,REG,9,2024-11-04,KC,TB,KC,TB,home,5.0,1.0,10.0,70.0,600.0,600.0,600.0,24.0,24.0,0.0,2.0,2.0,0.54758877,0.54758877,0.066596605,0.61211723,0.0,0.0,outdoors,63.0,6.0,0.0,,,0.0,0.0,0.0,0.0,0.0,20.0,4281.0,GO,false,,true,true
4315.0,2024_09_TB_KC,2024,REG,9,2024-11-04,KC,TB,KC,TB,home,5.0,1.0,10.0,59.0,571.0,571.0,571.0,24.0,24.0,0.0,2.0,2.0,0.6141854,0.6141854,-0.0048123375,0.08691041,1.0,0.0,outdoors,63.0,6.0,0.0,,,0.0,0.0,0.0,0.0,0.0,20.0,4315.0,GO,false,,true,true
4337.0,2024_09_TB_KC,2024,REG,9,2024-11-04,KC,TB,KC,TB,home,5.0,2.0,5.0,54.0,530.0,530.0,530.0,24.0,24.0,0.0,2.0,2.0,0.60937303,0.60937303,0.05959372,0.58838904,1.0,0.0,outdoors,63.0,6.0,0.0,,,0.0,0.0,0.0,0.0,0.0,20.0,4337.0,GO,false,,true,true
4362.0,2024_09_TB_KC,2024,REG,9,2024-11-04,KC,TB,KC,TB,home,5.0,1.0,10.0,47.0,492.0,492.0,492.0,24.0,24.0,0.0,2.0,2.0,0.66896677,0.66896677,-0.012056904,-0.1483093,1.0,0.0,outdoors,63.0,6.0,0.0,,,0.0,0.0,0.0,0.0,0.0,20.0,4362.0,GO,false,,true,true
4384.0,2024_09_TB_KC,2024,REG,9,2024-11-04,KC,TB,KC,TB,home,5.0,2.0,6.0,43.0,450.0,450.0,450.0,24.0,24.0,0.0,2.0,2.0,0.6569099,0.6569099,0.17190771,1.3302124,1.0,0.0,outdoors,63.0,6.0,0.0,,,0.0,0.0,0.0,0.0,0.0,20.0,4384.0,GO,false,,true,true
4414.0,2024_09_TB_KC,2024,REG,9,2024-11-04,KC,TB,KC,TB,home,5.0,1.0,10.0,28.0,413.0,413.0,413.0,24.0,24.0,0.0,2.0,2.0,0.82881755,0.82881755,-0.011302631,-0.3119584,1.0,0.0,outdoors,63.0,6.0,0.0,,,0.0,0.0,0.0,0.0,0.0,20.0,4414.0,GO,false,,true,true
4436.0,2024_09_TB_KC,2024,REG,9,2024-11-04,KC,TB,KC,TB,home,5.0,2.0,8.0,26.0,375.0,375.0,375.0,24.0,24.0,0.0,2.0,2.0,0.81751496,0.81751496,0.088074625,1.2698075,1.0,0.0,outdoors,63.0,6.0,0.0,,,0.0,0.0,0.0,0.0,0.0,20.0,4436.0,GO,false,,true,true
4461.0,2024_09_TB_KC,2024,REG,9,2024-11-04,KC,TB,KC,TB,home,5.0,1.0,10.0,11.0,339.0,339.0,339.0,24.0,24.0,0.0,2.0,2.0,0.9055896,0.9055896,0.003569118,0.22355829,0.0,0.0,outdoors,63.0,6.0,0.0,,,0.0,0.0,0.0,0.0,0.0,20.0,4461.0,GO,false,,true,true
4483.0,2024_09_TB_KC,2024,REG,9,2024-11-04,KC,TB,KC,TB,home,5.0,2.0,5.0,6.0,297.0,297.0,297.0,24.0,24.0,0.0,1.0,2.0,0.9091587,0.9091587,-0.0037884542,0.3448558,1.0,0.0,outdoors,63.0,6.0,0.0,,,0.0,0.0,0.0,0.0,0.0,20.0,4483.0,GO,false,,true,true
4515.0,2024_09_TB_KC,2024,REG,9,2024-11-04,KC,TB,KC,TB,home,5.0,3.0,1.0,2.0,255.0,255.0,255.0,24.0,24.0,0.0,1.0,2.0,0.90537024,0.90537024,0.09462978,1.6098511,0.0,0.0,outdoors,63.0,6.0,0.0,,,0.0,0.0,0.0,0.0,0.0,20.0,4515.0,GO,false,,true,true
4540.0,2024_09_TB_KC,2024,REG,9,2024-11-04,KC,TB,KC,TB,home,5.0,,0.0,,248.0,248.0,248.0,30.0,24.0,6.0,1.0,2.0,,,,,0.0,0.0,outdoors,63.0,6.0,,,,,,,0.0,0.0,20.0,4540.0,GO,,,true,true
4285.0,2024_01_LA_DET,2024,REG,1,2024-09-08,DET,LA,DET,LA,home,5.0,,0.0,35.0,600.0,600.0,600.0,20.0,20.0,0.0,2.0,2.0,0.6077995,0.6077995,0.0,0.22511347,0.0,0.0,dome,,,0.0,,65.0,0.0,0.0,0.0,0.0,0.0,21.0,4285.0,GO,false,,true,true
4302.0,2024_01_LA_DET,2024,REG,1,2024-09-08,DET,LA,DET,LA,home,5.0,1.0,10.0,70.0,600.0,600.0,600.0,20.0,20.0,0.0,2.0,2.0,0.6077995,0.6077995,0.060637586,0.60392725,0.0,0.0,dome,,,0.0,,,0.0,0.0,0.0,0.0,0.0,21.0,4302.0,GO,false,,true,true
4324.0,2024_01_LA_DET,2024,REG,1,2024-09-08,DET,LA,DET,LA,home,5.0,1.0,10.0,58.0,563.0,563.0,563.0,20.0,20.0,0.0,2.0,2.0,0.66843706,0.66843706,0.1431198,1.2454084,0.0,0.0,dome,,,0.0,,,0.0,0.0,0.0,0.0,0.0,21.0,4324.0,GO,false,,true,true
4346.0,2024_01_LA_DET,2024,REG,1,2024-09-08,DET,LA,DET,LA,home,5.0,1.0,10.0,37.0,523.0,523.0,523.0,20.0,20.0,0.0,2.0,2.0,0.8115569,0.8115569,0.046419952,0.6271131,0.0,0.0,dome,,,0.0,,,0.0,0.0,0.0,0.0,0.0,21.0,4346.0,GO,false,,true,true
4368.0,2024_01_LA_DET,2024,REG,1,2024-09-08,DET,LA,DET,LA,home,5.0,2.0,1.0,28.0,482.0,482.0,482.0,20.0,20.0,0.0,2.0,2.0,0.8579768,0.8579768,0.052319165,0.49911207,0.0,0.0,dome,,,0.0,,,0.0,0.0,0.0,0.0,0.0,21.0,4368.0,GO,false,,true,true
4398.0,2024_01_LA_DET,2024,REG,1,2024-09-08,DET,LA,DET,LA,home,5.0,1.0,10.0,18.0,442.0,442.0,442.0,20.0,20.0,0.0,2.0,2.0,0.91029596,0.91029596,-0.0042770486,-0.22139874,0.0,0.0,dome,,,0.0,,,0.0,0.0,0.0,0.0,0.0,21.0,4398.0,GO,false,,true,true
4420.0,2024_01_LA_DET,2024,REG,1,2024-09-08,DET,LA,DET,LA,home,5.0,2.0,7.0,15.0,403.0,403.0,403.0,20.0,20.0,0.0,2.0,2.0,0.9060189,0.9060189,0.008792024,0.39021102,1.0,0.0,dome,,,0.0,,,0.0,0.0,0.0,0.0,0.0,21.0,4420.0,GO,false,,true,true
4442.0,2024_01_LA_DET,2024,REG,1,2024-09-08,DET,LA,DET,LA,home,5.0,3.0,1.0,9.0,363.0,363.0,363.0,20.0,20.0,0.0,2.0,2.0,0.91481096,0.91481096,0.037437603,1.417995,0.0,0.0,dome,,,0.0,,,0.0,0.0,0.0,0.0,0.0,21.0,4442.0,GO,false,,true,true
4464.0,2024_01_LA_DET,2024,REG,1,2024-09-08,DET,LA,DET,LA,home,5.0,1.0,1.0,1.0,324.0,324.0,324.0,20.0,20.0,0.0,2.0,1.0,0.9522486,0.9522486,0.04775144,0.6791167,0.0,0.0,dome,,,0.0,,,0.0,0.0,0.0,0.0,0.0,21.0,4464.0,GO,false,,true,true
4494.0,2024_01_LA_DET,2024,REG,1,2024-09-08,DET,LA,DET,LA,home,5.0,,0.0,,319.0,319.0,319.0,26.0,20.0,6.0,2.0,1.0,,,,,0.0,0.0,dome,,,,,,,,,0.0,0.0,21.0,4494.0,GO,,,true,true
4362.0,2024_18_JAX_IND,2024,REG,18,2025-01-05,IND,JAX,IND,JAX,home,5.0,,0.0,35.0,600.0,600.0,600.0,23.0,23.0,0.0,2.0,2.0,0.6058501,0.6058501,0.0,0.23503663,0.0,0.0,closed,,,0.0,,65.0,0.0,0.0,0.0,0.0,0.0,24.0,4362.0,GO,false,,true,true
4379.0,2024_18_JAX_IND,2024,REG,18,2025-01-05,IND,JAX,IND,JAX,home,5.0,1.0,10.0,70.0,600.0,600.0,600.0,23.0,23.0,0.0,2.0,2.0,0.6058501,0.6058501,-0.049807284,-0.52080303,1.0,0.0,closed,,,0.0,,,0.0,0.0,0.0,0.0,0.0,24.0,4379.0,GO,false,,true,true
4402.0,2024_18_JAX_IND,2024,REG,18,2025-01-05,IND,JAX,IND,JAX,home,5.0,2.0,10.0,70.0,593.0,593.0,593.0,23.0,23.0,0.0,2.0,2.0,0.55604285,0.55604285,-0.07455073,-0.7997058,1.0,0.0,closed,,,0.0,,,0.0,0.0,0.0,0.0,0.0,24.0,4402.0,GO,false,,true,true
4425.0,2024_18_JAX_IND,2024,REG,18,2025-01-05,IND,JAX,IND,JAX,home,5.0,3.0,10.0,70.0,589.0,589.0,589.0,23.0,23.0,0.0,2.0,2.0,0.4814921,0.4814921,0.22878335,2.327676,1.0,0.0,closed,,,0.0,,,0.0,0.0,0.0,0.0,0.0,24.0,4425.0,GO,false,,true,true
4455.0,2024_18_JAX_IND,2024,REG,18,2025-01-05,IND,JAX,IND,JAX,home,5.0,1.0,10.0,53.0,552.0,552.0,552.0,23.0,23.0,0.0,2.0,2.0,0.7102755,0.7102755,0.0071828617,0.19228132,1.0,0.0,closed,,,0.0,,,0.0,0.0,0.0,0.0,0.0,24.0,4455.0,GO,false,,true,true
4477.0,2024_18_JAX_IND,2024,REG,18,2025-01-05,IND,JAX,IND,JAX,home,5.0,2.0,4.0,47.0,521.0,521.0,521.0,23.0,23.0,0.0,2.0,2.0,0.7174583,0.7174583,0.09632604,0.6985116,1.0,0.0,closed,,,0.0,,,0.0,0.0,0.0,0.0,0.0,24.0,4477.0,GO,false,,true,true
4499.0,2024_18_JAX_IND,2024,REG,18,2025-01-05,IND,JAX,IND,JAX,home,5.0,1.0,10.0,36.0,493.0,493.0,493.0,23.0,23.0,0.0,2.0,2.0,0.81378436,0.81378436,0.0017469336,-0.06044696,1.0,1.0,closed,,,0.0,,,0.0,0.0,0.0,0.0,0.0,24.0,4499.0,GO,false,,true,true
4521.0,2024_18_JAX_IND,2024,REG,18,2025-01-05,IND,JAX,IND,JAX,home,5.0,2.0,6.0,32.0,456.0,456.0,456.0,23.0,23.0,0.0,2.0,2.0,0.8155313,0.8155313,0.060779918,0.7413695,0.0,0.0,closed,,,0.0,,,0.0,0.0,0.0,0.0,0.0,24.0,4521.0,GO,false,,true,true
4543.0,2024_18_JAX_IND,2024,REG,18,2025-01-05,IND,JAX,IND,JAX,home,5.0,1.0,10.0,25.0,415.0,415.0,415.0,23.0,23.0,0.0,2.0,2.0,0.8763112,0.8763112,0.030335864,0.46466088,1.0,0.0,closed,,,0.0,,,0.0,0.0,0.0,0.0,0.0,24.0,4543.0,GO,false,,true,true
4570.0,2024_18_JAX_IND,2024,REG,18,2025-01-05,IND,JAX,IND,JAX,home,5.0,2.0,3.0,18.0,373.0,373.0,373.0,23.0,23.0,0.0,2.0,2.0,0.9066471,0.9066471,-0.03084881,-0.93735,0.0,0.0,closed,,,0.0,,,0.0,0.0,0.0,0.0,0.0,24.0,4570.0,GO,false,,true,true
4592.0,2024_18_JAX_IND,2024,REG,18,2025-01-05,IND,JAX,IND,JAX,home,5.0,3.0,5.0,20.0,333.0,333.0,333.0,23.0,23.0,0.0,2.0,2.0,0.8757983,0.8757983,0.039126646,-1.2624106,1.0,0.0,closed,,,0.0,,,0.0,0.0,0.0,0.0,0.0,24.0,4592.0,GO,false,,true,true
4615.0,2024_18_JAX_IND,2024,REG,18,2025-01-05,IND,JAX,IND,JAX,home,5.0,4.0,5.0,20.0,327.0,327.0,327.0,23.0,23.0,0.0,2.0,2.0,0.9149249,0.9149249,-0.40073606,0.46502876,0.0,0.0,closed,,,1.0,made,38.0,0.0,0.0,0.0,0.0,0.0,24.0,4615.0,FG,false,true,true,true
4635.0,2024_18_JAX_IND,2024,REG,18,2025-01-05,IND,JAX,JAX,IND,away,5.0,,0.0,35.0,323.0,323.0,323.0,23.0,26.0,-3.0,2.0,2.0,0.48581114,0.48581114,-0.0,0.39882955,0.0,0.0,closed,,,0.0,,65.0,0.0,0.0,0.0,0.0,0.0,25.0,4635.0,GO,false,,false,false
4659.0,2024_18_JAX_IND,2024,REG,18,2025-01-05,IND,JAX,JAX,IND,away,5.0,1.0,10.0,70.0,323.0,323.0,323.0,23.0,26.0,-3.0,2.0,2.0,0.48581114,0.48581114,-0.06338783,-0.5343023,0.0,0.0,closed,,,0.0,,,0.0,0.0,0.0,0.0,0.0,25.0,4659.0,GO,false,,false,false
4681.0,2024_18_JAX_IND,2024,REG,18,2025-01-05,IND,JAX,JAX,IND,away,5.0,2.0,9.0,69.0,282.0,282.0,282.0,23.0,26.0,-3.0,2.0,2.0,0.42242333,0.42242333,-0.048566386,-0.3112009,1.0,0.0,closed,,,0.0,,,0.0,0.0,0.0,0.0,0.0,25.0,4681.0,GO,false,,false,false
4706.0,2024_18_JAX_IND,2024,REG,18,2025-01-05,IND,JAX,JAX,IND,away,5.0,3.0,6.0,66.0,242.0,242.0,242.0,23.0,26.0,-3.0,2.0,2.0,0.37385693,0.37385693,-0.20151174,-1.6888355,1.0,0.0,closed,,,0.0,,,0.0,0.0,0.0,0.0,0.0,25.0,4706.0,GO,false,,false,false
4726.0,2024_18_JAX_IND,2024,REG,18,2025-01-05,IND,JAX,JAX,IND,away,5.0,4.0,22.0,82.0,200.0,200.0,200.0,23.0,26.0,-3.0,1.0,2.0,0.1723452,0.1723452,-0.1723452,1.1667567,1.0,0.0,closed,,,0.0,,,0.0,0.0,1.0,0.0,0.0,25.0,4726.0,GO,false,,false,false
4758.0,2024_18_JAX_IND,2024,REG,18,2025-01-05,IND,JAX,IND,JAX,home,5.0,,0.0,,191.0,191.0,191.0,26.0,23.0,3.0,2.0,1.0,,,,,0.0,0.0,closed,,,,,,,,,0.0,0.0,26.0,4758.0,GO,,,true,false
4556.0,2024_14_NYJ_MIA,2024,REG,14,2024-12-08,MIA,NYJ,MIA,NYJ,home,5.0,,0.0,35.0,600.0,600.0,600.0,26.0,26.0,0.0,2.0,2.0,0.54758877,0.54758877,0.0,0.24000801,0.0,0.0,outdoors,77.0,12.0,0.0,,65.0,0.0,0.0,0.0,0.0,0.0,20.0,4556.0,GO,false,,true,true
4573.0,2024_14_NYJ_MIA,2024,REG,14,2024-12-08,MIA,NYJ,MIA,NYJ,home,5.0,1.0,10.0,70.0,600.0,600.0,600.0,26.0,26.0,0.0,2.0,2.0,0.54758877,0.54758877,-0.046736475,-0.47611913,1.0,0.0,outdoors,77.0,12.0,0.0,,,0.0,0.0,0.0,0.0,0.0,20.0,4573.0,GO,false,,true,true
4596.0,2024_14_NYJ_MIA,2024,REG,14,2024-12-08,MIA,NYJ,MIA,NYJ,home,5.0,2.0,10.0,70.0,594.0,594.0,594.0,26.0,26.0,0.0,2.0,2.0,0.5008523,0.5008523,0.17643048,1.6845834,1.0,0.0,outdoors,77.0,12.0,0.0,,,0.0,0.0,0.0,0.0,0.0,20.0,4596.0,GO,false,,true,true
4621.0,2024_14_NYJ_MIA,2024,REG,14,2024-12-08,MIA,NYJ,MIA,NYJ,home,5.0,1.0,10.0,50.0,554.0,554.0,554.0,26.0,26.0,0.0,2.0,2.0,0.6772828,0.6772828,0.11634954,0.8571534,1.0,0.0,outdoors,77.0,12.0,0.0,,,0.0,0.0,0.0,0.0,0.0,20.0,4621.0,GO,false,,true,true
4646.0,2024_14_NYJ_MIA,2024,REG,14,2024-12-08,MIA,NYJ,MIA,NYJ,home,5.0,1.0,10.0,36.0,512.0,512.0,512.0,26.0,26.0,0.0,2.0,2.0,0.7936323,0.7936323,-0.008573685,-0.1318172,1.0,0.0,outdoors,77.0,12.0,0.0,,,0.0,0.0,0.0,0.0,0.0,20.0,4646.0,GO,false,,true,true
4671.0,2024_14_NYJ_MIA,2024,REG,14,2024-12-08,MIA,NYJ,MIA,NYJ,home,5.0,2.0,6.0,32.0,469.0,469.0,469.0,26.0,26.0,0.0,2.0,2.0,0.7850586,0.7850586,0.086279646,0.7645113,1.0,0.0,outdoors,77.0,12.0,0.0,,,0.0,0.0,0.0,0.0,0.0,20.0,4671.0,GO,false,,true,true
4696.0,2024_14_NYJ_MIA,2024,REG,14,2024-12-08,MIA,NYJ,MIA,NYJ,home,5.0,1.0,10.0,23.0,451.0,451.0,451.0,26.0,26.0,0.0,2.0,1.0,0.8713383,0.8713383,0.037304666,0.62344956,1.0,0.0,outdoors,77.0,12.0,0.0,,,0.0,0.0,0.0,0.0,0.0,20.0,4696.0,GO,false,,true,true
4733.0,2024_14_NYJ_MIA,2024,REG,14,2024-12-08,MIA,NYJ,MIA,NYJ,home,5.0,1.0,10.0,13.0,411.0,411.0,411.0,26.0,26.0,0.0,2.0,1.0,0.90864295,0.90864295,-0.014396868,-0.34313375,1.0,0.0,outdoors,77.0,12.0,0.0,,,0.0,0.0,0.0,0.0,0.0,20.0,4733.0,GO,false,,true,true
4755.0,2024_14_NYJ_MIA,2024,REG,14,2024-12-08,MIA,NYJ,MIA,NYJ,home,5.0,2.0,7.0,10.0,371.0,371.0,371.0,26.0,26.0,0.0,2.0,1.0,0.8942461,0.8942461,0.10575392,2.6268065,1.0,0.0,outdoors,77.0,12.0,0.0,,,0.0,0.0,0.0,0.0,0.0,20.0,4755.0,GO,false,,true,true
4781.0,2024_14_NYJ_MIA,2024,REG,14,2024-12-08,MIA,NYJ,MIA,NYJ,home,5.0,,0.0,,365.0,365.0,365.0,32.0,26.0,6.0,2.0,1.0,,,,,0.0,0.0,outdoors,77.0,12.0,,,,,,,0.0,0.0,20.0,4781.0,GO,,,true,true
4197.0,2024_17_DEN_CIN,2024,REG,17,2024-12-28,CIN,DEN,CIN,DEN,home,5.0,,0.0,35.0,600.0,600.0,600.0,24.0,24.0,0.0,2.0,2.0,0.40399984,0.40399984,0.0,0.025167126,0.0,0.0,outdoors,60.0,8.0,0.0,,70.0,0.0,0.0,0.0,0.0,0.0,17.0,4197.0,GO,false,,true,true
4220.0,2024_17_DEN_CIN,2024,REG,17,2024-12-28,CIN,DEN,CIN,DEN,home,5.0,1.0,10.0,74.0,596.0,596.0,596.0,24.0,24.0,0.0,2.0,2.0,0.40399984,0.40399984,0.030918868,0.58954364,1.0,0.0,outdoors,60.0,8.0,0.0,,,0.0,0.0,0.0,0.0,0.0,17.0,4220.0,GO,false,,true,true
4245.0,2024_17_DEN_CIN,2024,REG,17,2024-12-28,CIN,DEN,CIN,DEN,home,5.0,1.0,10.0,64.0,553.0,553.0,553.0,24.0,24.0,0.0,2.0,2.0,0.4349187,0.4349187,0.027909331,0.6472347,1.0,0.0,outdoors,60.0,8.0,0.0,,,0.0,0.0,0.0,0.0,0.0,17.0,4245.0,GO,false,,true,true
4278.0,2024_17_DEN_CIN,2024,REG,17,2024-12-28,CIN,DEN,CIN,DEN,home,5.0,1.0,10.0,53.0,531.0,531.0,531.0,24.0,24.0,0.0,2.0,2.0,0.46282804,0.46282804,-0.03274423,-0.29640228,1.0,0.0,outdoors,60.0,8.0,0.0,,,0.0,0.0,0.0,0.0,0.0,17.0,4278.0,GO,false,,true,true
4300.0,2024_17_DEN_CIN,2024,REG,17,2024-12-28,CIN,DEN,CIN,DEN,home,5.0,2.0,7.0,50.0,492.0,492.0,492.0,24.0,24.0,0.0,2.0,2.0,0.4300838,0.4300838,-0.10910957,-1.445227,1.0,0.0,outdoors,60.0,8.0,0.0,,,0.0,0.0,0.0,0.0,0.0,17.0,4300.0,GO,false,,true,true
4320.0,2024_17_DEN_CIN,2024,REG,17,2024-12-28,CIN,DEN,CIN,DEN,home,5.0,3.0,14.0,57.0,451.0,451.0,451.0,24.0,24.0,0.0,2.0,2.0,0.32097423,0.32097423,-0.091753565,-1.0314026,1.0,0.0,outdoors,60.0,8.0,0.0,,,0.0,0.0,0.0,0.0,0.0,17.0,4320.0,GO,false,,true,true
4340.0,2024_17_DEN_CIN,2024,REG,17,2024-12-28,CIN,DEN,CIN,DEN,home,5.0,4.0,14.0,57.0,411.0,411.0,411.0,24.0,24.0,0.0,2.0,2.0,0.22922069,0.22922069,0.4435518,0.4456239,0.0,0.0,outdoors,60.0,8.0,0.0,,47.0,1.0,0.0,0.0,0.0,0.0,17.0,4340.0,PUNT,false,,true,true
4360.0,2024_17_DEN_CIN,2024,REG,17,2024-12-28,CIN,DEN,DEN,CIN,away,5.0,1.0,10.0,90.0,403.0,403.0,403.0,24.0,24.0,0.0,2.0,2.0,0.3272275,0.3272275,-0.034881096,-0.41829342,0.0,0.0,outdoors,60.0,8.0,0.0,,,0.0,0.0,0.0,0.0,0.0,18.0,4360.0,GO,false,,false,false
4382.0,2024_17_DEN_CIN,2024,REG,17,2024-12-28,CIN,DEN,DEN,CIN,away,5.0,2.0,9.0,89.0,363.0,363.0,363.0,24.0,24.0,0.0,2.0,2.0,0.29234642,0.29234642,-0.035946116,-0.2271787,1.0,0.0,outdoors,60.0,8.0,0.0,,,0.0,0.0,0.0,0.0,0.0,18.0,4382.0,GO,false,,false,false
4407.0,2024_17_DEN_CIN,2024,REG,17,2024-12-28,CIN,DEN,DEN,CIN,away,5.0,3.0,6.0,86.0,320.0,320.0,320.0,24.0,24.0,0.0,2.0,2.0,0.2564003,0.2564003,-0.08283669,-0.8591188,1.0,0.0,outdoors,60.0,8.0,0.0,,,0.0,0.0,0.0,0.0,0.0,18.0,4407.0,GO,false,,false,false
4430.0,2024_17_DEN_CIN,2024,REG,17,2024-12-28,CIN,DEN,DEN,CIN,away,5.0,4.0,6.0,86.0,316.0,316.0,316.0,24.0,24.0,0.0,2.0,2.0,0.1735636,0.1735636,0.2629463,-0.5846939,0.0,0.0,outdoors,60.0,8.0,0.0,,40.0,1.0,0.0,0.0,0.0,0.0,18.0,4430.0,PUNT,false,,false,false
4450.0,2024_17_DEN_CIN,2024,REG,17,2024-12-28,CIN,DEN,CIN,DEN,home,5.0,1.0,10.0,54.0,308.0,308.0,308.0,24.0,24.0,0.0,2.0,2.0,0.5634901,0.5634901,0.0012998581,0.14208084,1.0,0.0,outdoors,60.0,8.0,0.0,,,0.0,0.0,0.0,0.0,0.0,19.0,4450.0,GO,false,,true,false
4475.0,2024_17_DEN_CIN,2024,REG,17,2024-12-28,CIN,DEN,CIN,DEN,home,5.0,2.0,4.0,48.0,270.0,270.0,270.0,24.0,24.0,0.0,2.0,2.0,0.56478995,0.56478995,0.0878869,0.57686466,1.0,0.0,outdoors,60.0,8.0,0.0,,,0.0,0.0,0.0,0.0,0.0,19.0,4475.0,GO,false,,true,false
4500.0,2024_17_DEN_CIN,2024,REG,17,2024-12-28,CIN,DEN,CIN,DEN,home,5.0,1.0,10.0,36.0,255.0,255.0,255.0,24.0,24.0,0.0,2.0,1.0,0.6526769,0.6526769,-0.08107499,-0.55916893,1.0,0.0,outdoors,60.0,8.0,0.0,,,0.0,0.0,0.0,0.0,0.0,19.0,4500.0,GO,false,,true,false
4531.0,2024_17_DEN_CIN,2024,REG,17,2024-12-28,CIN,DEN,CIN,DEN,home,5.0,1.0,15.0,41.0,255.0,255.0,255.0,24.0,24.0,0.0,2.0,1.0,0.57160187,0.57160187,0.21515188,1.4665359,1.0,0.0,outdoors,60.0,8.0,0.0,,,0.0,0.0,0.0,0.0,0.0,19.0,4531.0,GO,false,,true,false
4556.0,2024_17_DEN_CIN,2024,REG,17,2024-12-28,CIN,DEN,CIN,DEN,home,5.0,1.0,10.0,22.0,218.0,218.0,218.0,24.0,24.0,0.0,2.0,1.0,0.7867537,0.7867537,0.0068985834,0.22457121,1.0,0.0,outdoors,60.0,8.0,0.0,,,0.0,0.0,0.0,0.0,0.0,19.0,4556.0,GO,false,,true,false
4578.0,2024_17_DEN_CIN,2024,REG,17,2024-12-28,CIN,DEN,CIN,DEN,home,5.0,2.0,2.0,14.0,212.0,212.0,212.0,24.0,24.0,0.0,2.0,0.0,0.7936523,0.7936523,0.14756545,-1.2596256,0.0,0.0,outdoors,60.0,8.0,0.0,,,0.0,0.0,0.0,0.0,0.0,19.0,4578.0,GO,false,,true,false
4609.0,2024_17_DEN_CIN,2024,REG,17,2024-12-28,CIN,DEN,CIN,DEN,home,5.0,3.0,3.0,15.0,169.0,169.0,169.0,24.0,24.0,0.0,2.0,0.0,0.9412178,0.9412178,-0.2558177,-4.1746736,0.0,0.0,outdoors,60.0,8.0,1.0,missed,33.0,0.0,0.0,0.0,0.0,0.0,19.0,4609.0,FG,false,false,true,false
4630.0,2024_17_DEN_CIN,2024,REG,17,2024-12-28,CIN,DEN,DEN,CIN,away,5.0,1.0,10.0,77.0,163.0,163.0,163.0,24.0,24.0,0.0,0.0,2.0,0.31459993,0.31459993,-0.07699548,-0.58378017,0.0,0.0,outdoors,60.0,8.0,0.0,,,0.0,0.0,0.0,0.0,0.0,20.0,4630.0,GO,false,,false,false
4654.0,2024_17_DEN_CIN,2024,REG,17,2024-12-28,CIN,DEN,DEN,CIN,away,5.0,2.0,7.0,74.0,158.0,158.0,158.0,24.0,24.0,0.0,0.0,1.0,0.23760445,0.23760445,-0.087714806,-0.6495447,1.0,0.0,outdoors,60.0,8.0,0.0,,,0.0,0.0,0.0,0.0,0.0,20.0,4654.0,GO,false,,false,false
4686.0,2024_17_DEN_CIN,2024,REG,17,2024-12-28,CIN,DEN,DEN,CIN,away,5.0,3.0,8.0,75.0,153.0,153.0,153.0,24.0,24.0,0.0,0.0,0.0,0.14988965,0.14988965,-0.042156618,-0.60093105,1.0,0.0,outdoors,60.0,8.0,0.0,,,0.0,0.0,0.0,0.0,0.0,20.0,4686.0,GO,false,,false,false
4716.0,2024_17_DEN_CIN,2024,REG,17,2024-12-28,CIN,DEN,DEN,CIN,away,5.0,4.0,8.0,75.0,149.0,149.0,149.0,24.0,24.0,0.0,0.0,0.0,0.107733026,0.107733026,0.6270274,-0.7532567,0.0,0.0,outdoors,60.0,8.0,0.0,,38.0,1.0,0.0,0.0,0.0,0.0,20.0,4716.0,PUNT,false,,false,false
4738.0,2024_17_DEN_CIN,2024,REG,17,2024-12-28,CIN,DEN,CIN,DEN,home,5.0,1.0,10.0,63.0,140.0,140.0,140.0,24.0,24.0,0.0,0.0,0.0,0.26523957,0.26523957,0.065418646,0.48479822,1.0,0.0,outdoors,60.0,8.0,0.0,,,0.0,0.0,0.0,0.0,0.0,21.0,4738.0,GO,false,,true,false
4772.0,2024_17_DEN_CIN,2024,REG,17,2024-12-28,CIN,DEN,CIN,DEN,home,5.0,1.0,10.0,47.0,120.0,120.0,120.0,24.0,24.0,0.0,0.0,0.0,0.33065823,0.33065823,0.11401317,0.36327568,1.0,0.0,outdoors,60.0,8.0,0.0,,,0.0,0.0,0.0,0.0,0.0,21.0,4772.0,GO,false,,true,false
4801.0,2024_17_DEN_CIN,2024,REG,17,2024-12-28,CIN,DEN,CIN,DEN,home,5.0,1.0,10.0,34.0,78.0,78.0,78.0,24.0,24.0,0.0,0.0,0.0,0.4446714,0.4446714,-0.053814743,-0.42712224,1.0,0.0,outdoors,60.0,8.0,0.0,,,0.0,0.0,0.0,0.0,0.0,21.0,4801.0,GO,false,,true,false
4824.0,2024_17_DEN_CIN,2024,REG,17,2024-12-28,CIN,DEN,CIN,DEN,home,5.0,2.0,10.0,34.0,74.0,74.0,74.0,24.0,24.0,0.0,0.0,0.0,0.39085665,0.39085665,0.44461694,3.762762,1.0,0.0,outdoors,60.0,8.0,0.0,,,0.0,0.0,0.0,0.0,0.0,21.0,4824.0,GO,false,,true,false
4898.0,2024_17_DEN_CIN,2024,REG,17,2024-12-28,CIN,DEN,CIN,DEN,home,5.0,1.0,3.0,3.0,70.0,70.0,70.0,24.0,24.0,0.0,0.0,0.0,0.8354736,0.8354736,0.1645264,1.633809,1.0,0.0,outdoors,60.0,8.0,0.0,,,0.0,0.0,0.0,0.0,0.0,21.0,4898.0,GO,false,,true,false
4924.0,2024_17_DEN_CIN,2024,REG,17,2024-12-28,CIN,DEN,CIN,DEN,home,5.0,,0.0,,67.0,67.0,67.0,30.0,24.0,6.0,0.0,0.0,,,,,0.0,0.0,outdoors,60.0,8.0,,,,,,,0.0,0.0,21.0,4924.0,GO,,,true,false
4446.0,2024_18_CAR_ATL,2024,REG,18,2025-01-05,ATL,CAR,CAR,ATL,away,5.0,,0.0,35.0,600.0,600.0,600.0,38.0,38.0,0.0,2.0,2.0,0.5800416,0.5800416,-0.0,0.22065379,0.0,0.0,closed,,,0.0,,65.0,0.0,0.0,0.0,0.0,0.0,21.0,4446.0,GO,false,,false,true
4463.0,2024_18_CAR_ATL,2024,REG,18,2025-01-05,ATL,CAR,CAR,ATL,away,5.0,1.0,10.0,70.0,600.0,600.0,600.0,38.0,38.0,0.0,2.0,2.0,0.5800416,0.5800416,-0.02864651,-0.25685677,0.0,0.0,closed,,,0.0,,,0.0,0.0,0.0,0.0,0.0,21.0,4463.0,GO,false,,false,true
4485.0,2024_18_CAR_ATL,2024,REG,18,2025-01-05,ATL,CAR,CAR,ATL,away,5.0,2.0,6.0,66.0,556.0,556.0,556.0,38.0,38.0,0.0,2.0,2.0,0.55139506,0.55139506,0.11357834,1.2045726,0.0,0.0,closed,,,0.0,,,0.0,0.0,0.0,0.0,0.0,21.0,4485.0,GO,false,,false,true
4509.0,2024_18_CAR_ATL,2024,REG,18,2025-01-05,ATL,CAR,CAR,ATL,away,5.0,1.0,10.0,55.0,513.0,513.0,513.0,38.0,38.0,0.0,2.0,2.0,0.6649734,0.6649734,0.13277543,1.1341513,1.0,0.0,closed,,,0.0,,,0.0,0.0,0.0,0.0,0.0,21.0,4509.0,GO,false,,false,true
4539.0,2024_18_CAR_ATL,2024,REG,18,2025-01-05,ATL,CAR,CAR,ATL,away,5.0,1.0,10.0,37.0,472.0,472.0,472.0,38.0,38.0,0.0,2.0,2.0,0.7977488,0.7977488,-0.04629947,-0.44081602,0.0,0.0,closed,,,0.0,,,0.0,0.0,0.0,0.0,0.0,21.0,4539.0,GO,false,,false,true
4563.0,2024_18_CAR_ATL,2024,REG,18,2025-01-05,ATL,CAR,CAR,ATL,away,5.0,2.0,10.0,37.0,431.0,431.0,431.0,38.0,38.0,0.0,2.0,2.0,0.75144935,0.75144935,0.038107716,0.13735522,1.0,0.0,closed,,,0.0,,,0.0,0.0,0.0,0.0,0.0,21.0,4563.0,GO,false,,false,true
4588.0,2024_18_CAR_ATL,2024,REG,18,2025-01-05,ATL,CAR,CAR,ATL,away,5.0,3.0,4.0,31.0,387.0,387.0,387.0,38.0,38.0,0.0,2.0,2.0,0.78955704,0.78955704,0.09639731,1.2447596,1.0,0.0,closed,,,0.0,,,0.0,0.0,0.0,0.0,0.0,21.0,4588.0,GO,false,,false,true
4613.0,2024_18_CAR_ATL,2024,REG,18,2025-01-05,ATL,CAR,CAR,ATL,away,5.0,1.0,10.0,23.0,345.0,345.0,345.0,38.0,38.0,0.0,2.0,2.0,0.8859544,0.8859544,-0.047682922,-0.9354863,0.0,0.0,closed,,,0.0,,,0.0,0.0,0.0,0.0,0.0,21.0,4613.0,GO,false,,false,true
4637.0,2024_18_CAR_ATL,2024,REG,18,2025-01-05,ATL,CAR,CAR,ATL,away,5.0,2.0,12.0,25.0,297.0,297.0,297.0,38.0,38.0,0.0,2.0,2.0,0.83827144,0.83827144,0.074533895,1.5301926,1.0,0.0,closed,,,0.0,,,0.0,0.0,0.0,0.0,0.0,21.0,4637.0,GO,false,,false,true
4662.0,2024_18_CAR_ATL,2024,REG,18,2025-01-05,ATL,CAR,CAR,ATL,away,5.0,1.0,10.0,11.0,253.0,253.0,253.0,38.0,38.0,0.0,2.0,2.0,0.9128054,0.9128054,0.046970334,1.4112039,1.0,0.0,closed,,,0.0,,,0.0,0.0,0.0,0.0,0.0,21.0,4662.0,GO,false,,false,true
4687.0,2024_18_CAR_ATL,2024,REG,18,2025-01-05,ATL,CAR,CAR,ATL,away,5.0,1.0,1.0,1.0,198.0,198.0,198.0,38.0,38.0,0.0,1.0,2.0,0.9597757,0.9597757,0.040224317,0.5317343,0.0,0.0,closed,,,0.0,,,0.0,0.0,0.0,0.0,0.0,21.0,4687.0,GO,false,,false,true
4717.0,2024_18_CAR_ATL,2024,REG,18,2025-01-05,ATL,CAR,ATL,CAR,home,5.0,,0.0,,194.0,194.0,194.0,38.0,44.0,-6.0,2.0,1.0,,,,,0.0,0.0,closed,,,,,,,,,0.0,0.0,22.0,4717.0,GO,,,true,false
4315.0,2024_12_MIN_CHI,2024,REG,12,2024-11-24,CHI,MIN,CHI,MIN,home,5.0,,0.0,35.0,600.0,600.0,600.0,27.0,27.0,0.0,2.0,2.0,0.54758877,0.54758877,0.0,0.24000801,0.0,0.0,outdoors,47.0,5.0,0.0,,65.0,0.0,0.0,0.0,0.0,0.0,24.0,4315.0,GO,false,,true,true
4339.0,2024_12_MIN_CHI,2024,REG,12,2024-11-24,CHI,MIN,CHI,MIN,home,5.0,1.0,10.0,70.0,600.0,600.0,600.0,27.0,27.0,0.0,2.0,2.0,0.54758877,0.54758877,-0.057736445,-0.5592342,1.0,0.0,outdoors,47.0,5.0,0.0,,,0.0,0.0,0.0,0.0,0.0,24.0,4339.0,GO,false,,true,true
4361.0,2024_12_MIN_CHI,2024,REG,12,2024-11-24,CHI,MIN,CHI,MIN,home,5.0,2.0,9.0,69.0,556.0,556.0,556.0,27.0,27.0,0.0,2.0,2.0,0.48985234,0.48985234,-0.17262875,-1.6763442,1.0,0.0,outdoors,47.0,5.0,0.0,,,0.0,0.0,0.0,0.0,0.0,24.0,4361.0,GO,false,,true,true
4381.0,2024_12_MIN_CHI,2024,REG,12,2024-11-24,CHI,MIN,CHI,MIN,home,5.0,3.0,21.0,81.0,502.0,502.0,502.0,27.0,27.0,0.0,2.0,2.0,0.31722358,0.31722358,-0.06524396,-0.6763867,1.0,0.0,outdoors,47.0,5.0,0.0,,,0.0,0.0,0.0,0.0,0.0,24.0,4381.0,GO,false,,true,true
4405.0,2024_12_MIN_CHI,2024,REG,12,2024-11-24,CHI,MIN,CHI,MIN,home,5.0,3.0,26.0,86.0,502.0,502.0,502.0,27.0,27.0,0.0,2.0,2.0,0.25197962,0.25197962,0.0037472502,0.22248986,1.0,0.0,outdoors,47.0,5.0,0.0,,,0.0,0.0,0.0,0.0,0.0,24.0,4405.0,GO,false,,true,true
4434.0,2024_12_MIN_CHI,2024,REG,12,2024-11-24,CHI,MIN,CHI,MIN,home,5.0,4.0,16.0,76.0,467.0,467.0,467.0,27.0,27.0,0.0,2.0,2.0,0.25572687,0.25572687,0.30313975,0.46842492,0.0,0.0,outdoors,47.0,5.0,0.0,,54.0,1.0,0.0,0.0,0.0,0.0,24.0,4434.0,PUNT,false,,true,true
4472.0,2024_12_MIN_CHI,2024,REG,12,2024-11-24,CHI,MIN,MIN,CHI,away,5.0,1.0,10.0,79.0,459.0,459.0,459.0,27.0,27.0,0.0,2.0,2.0,0.44113338,0.44113338,-0.14550807,-1.4643621,0.0,0.0,outdoors,47.0,5.0,0.0,,,0.0,0.0,0.0,0.0,0.0,25.0,4472.0,GO,false,,false,false
4492.0,2024_12_MIN_CHI,2024,REG,12,2024-11-24,CHI,MIN,MIN,CHI,away,5.0,2.0,17.0,86.0,414.0,414.0,414.0,27.0,27.0,0.0,2.0,2.0,0.29562533,0.29562533,-0.004520615,0.19417281,1.0,0.0,outdoors,47.0,5.0,0.0,,,0.0,0.0,0.0,0.0,0.0,25.0,4492.0,GO,false,,false,false
4517.0,2024_12_MIN_CHI,2024,REG,12,2024-11-24,CHI,MIN,MIN,CHI,away,5.0,3.0,10.0,79.0,383.0,383.0,383.0,27.0,27.0,0.0,2.0,1.0,0.2911047,0.2911047,0.15496454,1.7058432,1.0,0.0,outdoors,47.0,5.0,0.0,,,0.0,0.0,0.0,0.0,0.0,25.0,4517.0,GO,false,,false,false
4553.0,2024_12_MIN_CHI,2024,REG,12,2024-11-24,CHI,MIN,MIN,CHI,away,5.0,1.0,10.0,66.0,343.0,343.0,343.0,27.0,27.0,0.0,2.0,1.0,0.44606924,0.44606924,-0.054286953,-0.4861077,0.0,0.0,outdoors,47.0,5.0,0.0,,,0.0,0.0,0.0,0.0,0.0,25.0,4553.0,GO,false,,false,false
4591.0,2024_12_MIN_CHI,2024,REG,12,2024-11-24,CHI,MIN,MIN,CHI,away,5.0,1.0,15.0,71.0,343.0,343.0,343.0,27.0,27.0,0.0,2.0,1.0,0.39178228,0.39178228,0.15851006,1.413332,1.0,0.0,outdoors,47.0,5.0,0.0,,,0.0,0.0,0.0,0.0,0.0,25.0,4591.0,GO,false,,false,false
4616.0,2024_12_MIN_CHI,2024,REG,12,2024-11-24,CHI,MIN,MIN,CHI,away,5.0,1.0,10.0,51.0,303.0,303.0,303.0,27.0,27.0,0.0,2.0,1.0,0.5502924,0.5502924,-0.11695482,-0.9102636,0.0,0.0,outdoors,47.0,5.0,0.0,,,0.0,0.0,0.0,0.0,0.0,25.0,4616.0,GO,false,,false,false
4649.0,2024_12_MIN_CHI,2024,REG,12,2024-11-24,CHI,MIN,MIN,CHI,away,5.0,1.0,20.0,61.0,295.0,295.0,295.0,27.0,27.0,0.0,2.0,1.0,0.43333754,0.43333754,0.013995195,0.10405275,1.0,0.0,outdoors,47.0,5.0,0.0,,,0.0,0.0,0.0,0.0,0.0,25.0,4649.0,GO,false,,false,false
4674.0,2024_12_MIN_CHI,2024,REG,12,2024-11-24,CHI,MIN,MIN,CHI,away,5.0,2.0,11.0,52.0,269.0,269.0,269.0,27.0,27.0,0.0,2.0,1.0,0.4473327,0.4473327,0.11690013,1.2486389,1.0,1.0,outdoors,47.0,5.0,0.0,,,0.0,0.0,0.0,0.0,0.0,25.0,4674.0,GO,false,,false,false
4699.0,2024_12_MIN_CHI,2024,REG,12,2024-11-24,CHI,MIN,MIN,CHI,away,5.0,1.0,10.0,40.0,229.0,229.0,229.0,27.0,27.0,0.0,2.0,1.0,0.5642329,0.5642329,-0.05880358,-0.56431913,0.0,0.0,outdoors,47.0,5.0,0.0,,,0.0,0.0,0.0,0.0,0.0,25.0,4699.0,GO,false,,false,false
4721.0,2024_12_MIN_CHI,2024,REG,12,2024-11-24,CHI,MIN,MIN,CHI,away,5.0,2.0,8.0,38.0,189.0,189.0,189.0,27.0,27.0,0.0,2.0,1.0,0.50542927,0.50542927,0.3329353,2.534299,0.0,0.0,outdoors,47.0,5.0,0.0,,,0.0,0.0,0.0,0.0,0.0,25.0,4721.0,GO,false,,false,false
4746.0,2024_12_MIN_CHI,2024,REG,12,2024-11-24,CHI,MIN,MIN,CHI,away,5.0,1.0,9.0,9.0,141.0,141.0,141.0,27.0,27.0,0.0,2.0,1.0,0.8383646,0.8383646,0.12659565,-1.7345589,0.0,0.0,outdoors,47.0,5.0,0.0,,,0.0,0.0,0.0,0.0,0.0,25.0,4746.0,GO,false,,false,false
4768.0,2024_12_MIN_CHI,2024,REG,12,2024-11-24,CHI,MIN,MIN,CHI,away,5.0,2.0,11.0,11.0,133.0,133.0,133.0,27.0,27.0,0.0,2.0,0.0,0.9649602,0.9649602,0.035039753,0.13278888,0.0,0.0,outdoors,47.0,5.0,1.0,made,29.0,0.0,0.0,0.0,0.0,0.0,25.0,4768.0,FG,false,true,false,false
4788.0,2024_12_MIN_CHI,2024,REG,12,2024-11-24,CHI,MIN,CHI,MIN,home,5.0,,0.0,,130.0,130.0,130.0,27.0,30.0,-3.0,0.0,2.0,,,,,0.0,0.0,outdoors,47.0,5.0,,,,,,,0.0,0.0,26.0,4788.0,GO,,,true,false
4103.0,2023_15_MIN_CIN,2023,REG,15,2023-12-16,CIN,MIN,CIN,MIN,home,5.0,,0.0,35.0,600.0,600.0,600.0,24.0,24.0,0.0,2.0,2.0,0.5268756,0.5268756,0.0,0.0,0.0,0.0,outdoors,53.0,5.0,0.0,,65.0,0.0,0.0,0.0,0.0,0.0,20.0,4103.0,GO,false,,true,true
4119.0,2023_15_MIN_CIN,2023,REG,15,2023-12-16,CIN,MIN,CIN,MIN,home,5.0,1.0,10.0,75.0,600.0,600.0,600.0,24.0,24.0,0.0,2.0,2.0,0.5268756,0.5268756,-0.09591915,-0.928142,1.0,0.0,outdoors,53.0,5.0,0.0,,,0.0,0.0,0.0,0.0,0.0,20.0,4119.0,GO,false,,true,true
4148.0,2023_15_MIN_CIN,2023,REG,15,2023-12-16,CIN,MIN,CIN,MIN,home,5.0,2.0,11.0,76.0,565.0,565.0,565.0,24.0,24.0,0.0,2.0,2.0,0.4309565,0.4309565,-0.123349756,-1.2355876,1.0,0.0,outdoors,53.0,5.0,0.0,,,0.0,0.0,0.0,0.0,0.0,20.0,4148.0,GO,false,,true,true
4168.0,2023_15_MIN_CIN,2023,REG,15,2023-12-16,CIN,MIN,CIN,MIN,home,5.0,3.0,18.0,83.0,521.0,521.0,521.0,24.0,24.0,0.0,2.0,2.0,0.30760676,0.30760676,-0.07955545,-0.735467,1.0,0.0,outdoors,53.0,5.0,0.0,,,0.0,0.0,0.0,0.0,0.0,20.0,4168.0,GO,false,,true,true
4191.0,2023_15_MIN_CIN,2023,REG,15,2023-12-16,CIN,MIN,CIN,MIN,home,5.0,4.0,18.0,83.0,511.0,511.0,511.0,24.0,24.0,0.0,2.0,2.0,0.22805129,0.22805129,0.21537039,0.08428372,0.0,0.0,outdoors,53.0,5.0,0.0,,56.0,1.0,0.0,0.0,0.0,0.0,20.0,4191.0,PUNT,false,,true,true
4217.0,2023_15_MIN_CIN,2023,REG,15,2023-12-16,CIN,MIN,MIN,CIN,away,5.0,1.0,10.0,63.0,500.0,500.0,500.0,24.0,24.0,0.0,2.0,2.0,0.55657834,0.55657834,0.07398051,0.82346714,0.0,0.0,outdoors,53.0,5.0,0.0,,,0.0,0.0,0.0,0.0,0.0,21.0,4217.0,GO,false,,false,false
4242.0,2023_15_MIN_CIN,2023,REG,15,2023-12-16,CIN,MIN,MIN,CIN,away,5.0,1.0,10.0,51.0,458.0,458.0,458.0,24.0,24.0,0.0,2.0,2.0,0.63055885,0.63055885,-0.054967016,-0.44841594,0.0,0.0,outdoors,53.0,5.0,0.0,,,0.0,0.0,0.0,0.0,0.0,21.0,4242.0,GO,false,,false,false
4264.0,2023_15_MIN_CIN,2023,REG,15,2023-12-16,CIN,MIN,MIN,CIN,away,5.0,2.0,9.0,50.0,418.0,418.0,418.0,24.0,24.0,0.0,2.0,2.0,0.5755918,0.5755918,0.035424974,0.4627905,1.0,0.0,outdoors,53.0,5.0,0.0,,,0.0,0.0,0.0,0.0,0.0,21.0,4264.0,GO,false,,false,false
4289.0,2023_15_MIN_CIN,2023,REG,15,2023-12-16,CIN,MIN,MIN,CIN,away,5.0,3.0,1.0,42.0,396.0,396.0,396.0,24.0,24.0,0.0,2.0,1.0,0.6110168,0.6110168,-0.16811617,-1.35418,0.0,0.0,outdoors,53.0,5.0,0.0,,,0.0,0.0,0.0,0.0,0.0,21.0,4289.0,GO,false,,false,false
4318.0,2023_15_MIN_CIN,2023,REG,15,2023-12-16,CIN,MIN,MIN,CIN,away,5.0,4.0,1.0,42.0,375.0,375.0,375.0,24.0,24.0,0.0,2.0,1.0,0.44290063,0.44290063,-0.012200006,-3.2877724,0.0,0.0,outdoors,53.0,5.0,0.0,,,0.0,0.0,1.0,0.0,0.0,21.0,4318.0,GO,false,,false,false
4340.0,2023_15_MIN_CIN,2023,REG,15,2023-12-16,CIN,MIN,CIN,MIN,home,5.0,1.0,10.0,58.0,372.0,372.0,372.0,24.0,24.0,0.0,1.0,2.0,0.5692994,0.5692994,-0.066797696,-0.5481235,1.0,0.0,outdoors,53.0,5.0,0.0,,,0.0,0.0,0.0,0.0,0.0,22.0,4340.0,GO,false,,true,false
4362.0,2023_15_MIN_CIN,2023,REG,15,2023-12-16,CIN,MIN,CIN,MIN,home,5.0,2.0,9.0,57.0,335.0,335.0,335.0,24.0,24.0,0.0,1.0,2.0,0.50250167,0.50250167,-0.06597145,-0.60275537,1.0,0.0,outdoors,53.0,5.0,0.0,,,0.0,0.0,0.0,0.0,0.0,22.0,4362.0,GO,false,,true,false
4385.0,2023_15_MIN_CIN,2023,REG,15,2023-12-16,CIN,MIN,CIN,MIN,home,5.0,3.0,9.0,57.0,331.0,331.0,331.0,24.0,24.0,0.0,1.0,2.0,0.43653023,0.43653023,0.44614938,3.8338761,1.0,0.0,outdoors,53.0,5.0,0.0,,,0.0,0.0,0.0,0.0,0.0,22.0,4385.0,GO,false,,true,false
4410.0,2023_15_MIN_CIN,2023,REG,15,2023-12-16,CIN,MIN,CIN,MIN,home,5.0,1.0,10.0,13.0,276.0,276.0,276.0,24.0,24.0,0.0,0.0,2.0,0.88267964,0.88267964,-0.015784902,-0.19783704,0.0,0.0,outdoors,53.0,5.0,0.0,,,0.0,0.0,0.0,0.0,0.0,22.0,4410.0,GO,false,,true,false
4441.0,2023_15_MIN_CIN,2023,REG,15,2023-12-16,CIN,MIN,CIN,MIN,home,5.0,2.0,6.0,9.0,237.0,237.0,237.0,24.0,24.0,0.0,0.0,2.0,0.8668947,0.8668947,,-1.7853885,0.0,0.0,outdoors,53.0,5.0,0.0,,,0.0,0.0,0.0,0.0,1.0,22.0,4441.0,GO,false,,true,false
4463.0,2023_15_MIN_CIN,2023,REG,15,2023-12-16,CIN,MIN,CIN,MIN,home,5.0,3.0,8.0,11.0,195.0,195.0,195.0,24.0,24.0,0.0,0.0,2.0,0.9653043,0.9653043,0.034695704,0.15647241,0.0,0.0,outdoors,53.0,5.0,1.0,made,29.0,0.0,0.0,0.0,0.0,0.0,22.0,4463.0,FG,false,true,true,false
4483.0,2023_15_MIN_CIN,2023,REG,15,2023-12-16,CIN,MIN,CIN,MIN,home,5.0,,0.0,,191.0,191.0,191.0,27.0,24.0,3.0,0.0,2.0,,,,,0.0,0.0,outdoors,53.0,5.0,,,,,,,0.0,0.0,22.0,4483.0,GO,,,true,false
4320.0,2024_16_ARI_CAR,2024,REG,16,2024-12-22,CAR,ARI,CAR,ARI,home,5.0,,0.0,35.0,600.0,600.0,600.0,30.0,30.0,0.0,2.0,2.0,0.54758877,0.54758877,0.0,0.24000801,0.0,0.0,outdoors,37.0,10.0,0.0,,65.0,0.0,0.0,0.0,0.0,0.0,21.0,4320.0,GO,false,,true,true
4342.0,2024_16_ARI_CAR,2024,REG,16,2024-12-22,CAR,ARI,CAR,ARI,home,5.0,1.0,10.0,70.0,600.0,600.0,600.0,30.0,30.0,0.0,2.0,2.0,0.54758877,0.54758877,-0.0555824,-0.541462,0.0,0.0,outdoors,37.0,10.0,0.0,,,0.0,0.0,0.0,0.0,0.0,21.0,4342.0,GO,false,,true,true
4367.0,2024_16_ARI_CAR,2024,REG,16,2024-12-22,CAR,ARI,CAR,ARI,home,5.0,2.0,9.0,69.0,559.0,559.0,559.0,30.0,30.0,0.0,2.0,2.0,0.49200636,0.49200636,0.02065921,0.3366181,0.0,0.0,outdoors,37.0,10.0,0.0,,,0.0,0.0,0.0,0.0,0.0,21.0,4367.0,GO,false,,true,true
4389.0,2024_16_ARI_CAR,2024,REG,16,2024-12-22,CAR,ARI,CAR,ARI,home,5.0,3.0,2.0,62.0,518.0,518.0,518.0,30.0,30.0,0.0,2.0,2.0,0.51266557,0.51266557,-0.20132457,-1.8802897,1.0,0.0,outdoors,37.0,10.0,0.0,,,0.0,0.0,0.0,0.0,0.0,21.0,4389.0,GO,false,,true,true
4409.0,2024_16_ARI_CAR,2024,REG,16,2024-12-22,CAR,ARI,CAR,ARI,home,5.0,4.0,7.0,67.0,473.0,473.0,473.0,30.0,30.0,0.0,2.0,2.0,0.31134102,0.31134102,0.32548708,0.63743263,0.0,0.0,outdoors,37.0,10.0,0.0,,57.0,1.0,0.0,0.0,0.0,0.0,21.0,4409.0,PUNT,false,,true,true
4438.0,2024_16_ARI_CAR,2024,REG,16,2024-12-22,CAR,ARI,ARI,CAR,away,5.0,1.0,10.0,90.0,459.0,459.0,459.0,30.0,30.0,0.0,2.0,2.0,0.3631719,0.3631719,-0.036872126,-0.33186504,1.0,0.0,outdoors,37.0,10.0,0.0,,,0.0,0.0,0.0,0.0,0.0,22.0,4438.0,GO,false,,false,false
4461.0,2024_16_ARI_CAR,2024,REG,16,2024-12-22,CAR,ARI,ARI,CAR,away,5.0,2.0,10.0,90.0,454.0,454.0,454.0,30.0,30.0,0.0,1.0,2.0,0.3262998,0.3262998,-0.052895807,-0.609159,1.0,0.0,outdoors,37.0,10.0,0.0,,,0.0,0.0,0.0,0.0,0.0,22.0,4461.0,GO,false,,false,false
4503.0,2024_16_ARI_CAR,2024,REG,16,2024-12-22,CAR,ARI,ARI,CAR,away,5.0,3.0,10.0,90.0,450.0,450.0,450.0,30.0,30.0,0.0,1.0,2.0,0.27340397,0.27340397,-0.034770634,0.17151208,1.0,0.0,outdoors,37.0,10.0,0.0,,,0.0,0.0,0.0,0.0,0.0,22.0,4503.0,GO,false,,false,false
4530.0,2024_16_ARI_CAR,2024,REG,16,2024-12-22,CAR,ARI,ARI,CAR,away,5.0,4.0,2.0,82.0,408.0,408.0,408.0,30.0,30.0,0.0,0.0,2.0,0.23863335,0.23863335,0.16683292,1.8776069,1.0,0.0,outdoors,37.0,10.0,0.0,,,0.0,1.0,0.0,0.0,0.0,22.0,4530.0,GO,true,,false,false
4559.0,2024_16_ARI_CAR,2024,REG,16,2024-12-22,CAR,ARI,ARI,CAR,away,5.0,1.0,10.0,78.0,373.0,373.0,373.0,30.0,30.0,0.0,0.0,2.0,0.4054663,0.4054663,-0.030039215,-0.14707355,1.0,0.0,outdoors,37.0,10.0,0.0,,,0.0,0.0,0.0,0.0,0.0,22.0,4559.0,GO,false,,false,false
4581.0,2024_16_ARI_CAR,2024,REG,16,2024-12-22,CAR,ARI,ARI,CAR,away,5.0,2.0,5.0,73.0,331.0,331.0,331.0,30.0,30.0,0.0,0.0,2.0,0.37542707,0.37542707,-0.051927265,-0.57685405,0.0,0.0,outdoors,37.0,10.0,0.0,,,0.0,0.0,0.0,0.0,0.0,22.0,4581.0,GO,false,,false,false
4604.0,2024_16_ARI_CAR,2024,REG,16,2024-12-22,CAR,ARI,ARI,CAR,away,5.0,3.0,5.0,73.0,326.0,326.0,326.0,30.0,30.0,0.0,0.0,2.0,0.3234998,0.3234998,-0.03479505,-0.37279725,1.0,0.0,outdoors,37.0,10.0,0.0,,,0.0,0.0,0.0,0.0,0.0,22.0,4604.0,GO,false,,false,false
4628.0,2024_16_ARI_CAR,2024,REG,16,2024-12-22,CAR,ARI,ARI,CAR,away,5.0,3.0,10.0,78.0,326.0,326.0,326.0,30.0,30.0,0.0,0.0,2.0,0.28870475,0.28870475,-0.16920541,-1.4819889,1.0,0.0,outdoors,37.0,10.0,0.0,,,0.0,0.0,0.0,0.0,0.0,22.0,4628.0,GO,false,,false,false
4648.0,2024_16_ARI_CAR,2024,REG,16,2024-12-22,CAR,ARI,ARI,CAR,away,5.0,4.0,24.0,92.0,275.0,275.0,275.0,30.0,30.0,0.0,0.0,2.0,0.11949934,0.11949934,-0.017650606,-0.0042992844,0.0,0.0,outdoors,37.0,10.0,0.0,,,0.0,0.0,0.0,0.0,0.0,22.0,4648.0,GO,false,,false,false
4679.0,2024_16_ARI_CAR,2024,REG,16,2024-12-22,CAR,ARI,ARI,CAR,away,5.0,4.0,28.0,96.0,262.0,262.0,262.0,30.0,30.0,0.0,0.0,2.0,0.10184874,0.10184874,0.49753624,-0.038624685,0.0,0.0,outdoors,37.0,10.0,0.0,,47.0,1.0,0.0,0.0,0.0,0.0,22.0,4679.0,PUNT,false,,false,false
4705.0,2024_16_ARI_CAR,2024,REG,16,2024-12-22,CAR,ARI,CAR,ARI,home,5.0,1.0,10.0,49.0,251.0,251.0,251.0,30.0,30.0,0.0,2.0,0.0,0.40061504,0.40061504,0.31999025,1.8582023,0.0,0.0,outdoors,37.0,10.0,0.0,,,0.0,0.0,0.0,0.0,0.0,23.0,4705.0,GO,false,,true,false
4727.0,2024_16_ARI_CAR,2024,REG,16,2024-12-22,CAR,ARI,CAR,ARI,home,5.0,1.0,10.0,21.0,204.0,204.0,204.0,30.0,30.0,0.0,1.0,0.0,0.72060525,0.72060525,0.27939475,3.6813898,0.0,0.0,outdoors,37.0,10.0,0.0,,,0.0,0.0,0.0,0.0,0.0,23.0,4727.0,GO,false,,true,false
4759.0,2024_16_ARI_CAR,2024,REG,16,2024-12-22,CAR,ARI,CAR,ARI,home,5.0,,0.0,,198.0,198.0,198.0,36.0,30.0,6.0,1.0,0.0,,,,,0.0,0.0,outdoors,37.0,10.0,,,,,,,0.0,0.0,23.0,4759.0,GO,,,true,false
4588.0,2023_15_HOU_TEN,2023,REG,15,2023-12-17,TEN,HOU,HOU,TEN,away,5.0,2.0,5.0,34.0,50.0,50.0,50.0,16.0,16.0,0.0,2.0,1.0,0.6095154,0.6095154,-0.039492637,-0.28751478,0.0,0.0,outdoors,48.0,9.0,0.0,,,0.0,0.0,0.0,0.0,0.0,24.0,4588.0,GO,false,,false,false
4622.0,2023_15_HOU_TEN,2023,REG,15,2023-12-17,TEN,HOU,HOU,TEN,away,5.0,2.0,6.0,35.0,42.0,42.0,42.0,16.0,16.0,0.0,2.0,1.0,0.5700228,0.5700228,-0.0076032435,-0.6394059,1.0,0.0,outdoors,48.0,9.0,0.0,,,0.0,0.0,0.0,0.0,0.0,24.0,4622.0,GO,false,,false,false
4644.0,2023_15_HOU_TEN,2023,REG,15,2023-12-17,TEN,HOU,HOU,TEN,away,5.0,3.0,7.0,36.0,2.0,2.0,2.0,16.0,16.0,0.0,1.0,0.0,0.5624196,0.5624196,0.43758044,1.3127413,0.0,0.0,outdoors,48.0,9.0,1.0,made,54.0,0.0,0.0,0.0,0.0,0.0,24.0,4644.0,FG,false,true,false,false
4687.0,2023_15_HOU_TEN,2023,REG,15,2023-12-17,TEN,HOU,TEN,HOU,home,5.0,,0.0,,0.0,0.0,0.0,16.0,19.0,-3.0,0.0,1.0,,,,,0.0,0.0,outdoors,48.0,9.0,,,,,,,0.0,0.0,25.0,4687.0,GO,,,true,false
4194.0,2024_02_SEA_NE,2024,REG,2,2024-09-15,NE,SEA,NE,SEA,home,5.0,,0.0,35.0,600.0,600.0,600.0,20.0,20.0,0.0,2.0,2.0,0.54758877,0.54758877,0.0,0.24000801,0.0,0.0,outdoors,77.0,5.0,0.0,,65.0,0.0,0.0,0.0,0.0,0.0,22.0,4194.0,GO,false,,true,true
4211.0,2024_02_SEA_NE,2024,REG,2,2024-09-15,NE,SEA,NE,SEA,home,5.0,1.0,10.0,70.0,600.0,600.0,600.0,20.0,20.0,0.0,2.0,2.0,0.54758877,0.54758877,-0.04707779,-0.43488538,0.0,0.0,outdoors,77.0,5.0,0.0,,,0.0,0.0,0.0,0.0,0.0,22.0,4211.0,GO,false,,true,true
4233.0,2024_02_SEA_NE,2024,REG,2,2024-09-15,NE,SEA,NE,SEA,home,5.0,2.0,8.0,68.0,559.0,559.0,559.0,20.0,20.0,0.0,2.0,2.0,0.500511,0.500511,0.047123305,0.6070521,1.0,0.0,outdoors,77.0,5.0,0.0,,,0.0,0.0,0.0,0.0,0.0,22.0,4233.0,GO,false,,true,true
4258.0,2024_02_SEA_NE,2024,REG,2,2024-09-15,NE,SEA,NE,SEA,home,5.0,3.0,1.0,61.0,518.0,518.0,518.0,20.0,20.0,0.0,2.0,2.0,0.5476343,0.5476343,-0.15377736,-1.4315364,0.0,0.0,outdoors,77.0,5.0,0.0,,,0.0,0.0,0.0,0.0,0.0,22.0,4258.0,GO,false,,true,true
4291.0,2024_02_SEA_NE,2024,REG,2,2024-09-15,NE,SEA,NE,SEA,home,5.0,4.0,1.0,61.0,500.0,500.0,500.0,20.0,20.0,0.0,2.0,2.0,0.39385694,0.39385694,0.19668828,-0.53197247,0.0,0.0,outdoors,77.0,5.0,0.0,,45.0,1.0,0.0,0.0,0.0,0.0,22.0,4291.0,PUNT,false,,true,true
4311.0,2024_02_SEA_NE,2024,REG,2,2024-09-15,NE,SEA,SEA,NE,away,5.0,1.0,10.0,84.0,492.0,492.0,492.0,20.0,20.0,0.0,2.0,2.0,0.4094548,0.4094548,0.006848272,0.15755802,1.0,0.0,outdoors,77.0,5.0,0.0,,,0.0,0.0,0.0,0.0,0.0,23.0,4311.0,GO,false,,false,false
4341.0,2024_02_SEA_NE,2024,REG,2,2024-09-15,NE,SEA,SEA,NE,away,5.0,2.0,5.0,79.0,457.0,457.0,457.0,20.0,20.0,0.0,2.0,2.0,0.41630307,0.41630307,0.060195282,0.73254925,1.0,0.0,outdoors,77.0,5.0,0.0,,,0.0,0.0,0.0,0.0,0.0,23.0,4341.0,GO,false,,false,false
4366.0,2024_02_SEA_NE,2024,REG,2,2024-09-15,NE,SEA,SEA,NE,away,5.0,1.0,10.0,69.0,421.0,421.0,421.0,20.0,20.0,0.0,2.0,2.0,0.47649834,0.47649834,0.15142098,1.2926513,1.0,0.0,outdoors,77.0,5.0,0.0,,,0.0,0.0,0.0,0.0,0.0,23.0,4366.0,GO,false,,false,false
4405.0,2024_02_SEA_NE,2024,REG,2,2024-09-15,NE,SEA,SEA,NE,away,5.0,1.0,10.0,49.0,415.0,415.0,415.0,20.0,20.0,0.0,2.0,2.0,0.6279193,0.6279193,-0.023833778,-0.18309566,1.0,0.0,outdoors,77.0,5.0,0.0,,,0.0,0.0,0.0,0.0,0.0,23.0,4405.0,GO,false,,false,false
4435.0,2024_02_SEA_NE,2024,REG,2,2024-09-15,NE,SEA,SEA,NE,away,5.0,2.0,6.0,45.0,379.0,379.0,379.0,20.0,20.0,0.0,2.0,1.0,0.60408556,0.60408556,-0.07031215,-0.65712285,1.0,0.0,outdoors,77.0,5.0,0.0,,,0.0,0.0,0.0,0.0,0.0,23.0,4435.0,GO,false,,false,false
4470.0,2024_02_SEA_NE,2024,REG,2,2024-09-15,NE,SEA,SEA,NE,away,5.0,3.0,6.0,45.0,374.0,374.0,374.0,20.0,20.0,0.0,2.0,1.0,0.53377336,0.53377336,0.16328347,1.4523644,1.0,0.0,outdoors,77.0,5.0,0.0,,,0.0,0.0,0.0,0.0,0.0,23.0,4470.0,GO,false,,false,false
4495.0,2024_02_SEA_NE,2024,REG,2,2024-09-15,NE,SEA,SEA,NE,away,5.0,1.0,10.0,38.0,330.0,330.0,330.0,20.0,20.0,0.0,2.0,1.0,0.6970569,0.6970569,0.12309728,0.8796314,1.0,0.0,outdoors,77.0,5.0,0.0,,,0.0,0.0,0.0,0.0,0.0,23.0,4495.0,GO,false,,false,false
4520.0,2024_02_SEA_NE,2024,REG,2,2024-09-15,NE,SEA,SEA,NE,away,5.0,1.0,10.0,22.0,288.0,288.0,288.0,20.0,20.0,0.0,2.0,1.0,0.82015413,0.82015413,0.13982221,-1.2556133,0.0,0.0,outdoors,77.0,5.0,0.0,,,0.0,0.0,0.0,0.0,0.0,23.0,4520.0,GO,false,,false,false
4542.0,2024_02_SEA_NE,2024,REG,2,2024-09-15,NE,SEA,SEA,NE,away,5.0,2.0,1.0,13.0,281.0,281.0,281.0,20.0,20.0,0.0,2.0,1.0,0.9599764,0.9599764,0.040023644,0.18430126,0.0,0.0,outdoors,77.0,5.0,1.0,made,31.0,0.0,0.0,0.0,0.0,0.0,23.0,4542.0,FG,false,true,false,false
4600.0,2024_02_SEA_NE,2024,REG,2,2024-09-15,NE,SEA,NE,SEA,home,5.0,,0.0,,277.0,277.0,277.0,20.0,23.0,-3.0,1.0,2.0,,,,,0.0,0.0,outdoors,77.0,5.0,,,,,,,0.0,0.0,24.0,4600.0,GO,,,true,false
4945.0,2024_09_LA_SEA,2024,REG,9,2024-11-03,SEA,LA,SEA,LA,home,5.0,,0.0,35.0,600.0,600.0,600.0,20.0,20.0,0.0,2.0,2.0,0.54758877,0.54758877,0.0,0.24000801,0.0,0.0,outdoors,52.0,4.0,0.0,,65.0,0.0,0.0,0.0,0.0,0.0,28.0,4945.0,GO,false,,true,true
4962.0,2024_09_LA_SEA,2024,REG,9,2024-11-03,SEA,LA,SEA,LA,home,5.0,1.0,10.0,70.0,600.0,600.0,600.0,20.0,20.0,0.0,2.0,2.0,0.54758877,0.54758877,0.03712224,0.45472258,1.0,0.0,outdoors,52.0,4.0,0.0,,,0.0,0.0,0.0,0.0,0.0,28.0,4962.0,GO,false,,true,true
4984.0,2024_09_LA_SEA,2024,REG,9,2024-11-03,SEA,LA,SEA,LA,home,5.0,2.0,2.0,62.0,577.0,577.0,577.0,20.0,20.0,0.0,2.0,2.0,0.584711,0.584711,0.050964803,0.41228837,1.0,1.0,outdoors,52.0,4.0,0.0,,,0.0,0.0,0.0,0.0,0.0,28.0,4984.0,GO,false,,true,true
5006.0,2024_09_LA_SEA,2024,REG,9,2024-11-03,SEA,LA,SEA,LA,home,5.0,1.0,10.0,56.0,554.0,554.0,554.0,20.0,20.0,0.0,2.0,2.0,0.6356758,0.6356758,0.23910192,1.8756773,1.0,1.0,outdoors,52.0,4.0,0.0,,,0.0,0.0,0.0,0.0,0.0,28.0,5006.0,GO,false,,true,true
5047.0,2024_09_LA_SEA,2024,REG,9,2024-11-03,SEA,LA,SEA,LA,home,5.0,1.0,10.0,25.0,535.0,535.0,535.0,20.0,20.0,0.0,2.0,2.0,0.87477773,0.87477773,0.016647426,-0.064691976,1.0,0.0,outdoors,52.0,4.0,0.0,,,0.0,0.0,0.0,0.0,0.0,28.0,5047.0,GO,false,,true,true
5069.0,2024_09_LA_SEA,2024,REG,9,2024-11-03,SEA,LA,SEA,LA,home,5.0,2.0,6.0,21.0,511.0,511.0,511.0,20.0,20.0,0.0,2.0,2.0,0.89142513,0.89142513,0.0038148258,0.29603717,1.0,1.0,outdoors,52.0,4.0,0.0,,,0.0,0.0,0.0,0.0,0.0,28.0,5069.0,GO,false,,true,true
5091.0,2024_09_LA_SEA,2024,REG,9,2024-11-03,SEA,LA,SEA,LA,home,5.0,3.0,1.0,16.0,489.0,489.0,489.0,20.0,20.0,0.0,2.0,2.0,0.89524,0.89524,-0.05859302,-1.1104877,1.0,1.0,outdoors,52.0,4.0,0.0,,,0.0,0.0,0.0,0.0,0.0,28.0,5091.0,GO,false,,true,true
5113.0,2024_09_LA_SEA,2024,REG,9,2024-11-03,SEA,LA,SEA,LA,home,5.0,4.0,1.0,16.0,445.0,445.0,445.0,20.0,20.0,0.0,2.0,1.0,0.836647,0.836647,-0.23466961,-3.7972393,0.0,0.0,outdoors,52.0,4.0,0.0,,,0.0,0.0,1.0,0.0,0.0,28.0,5113.0,GO,false,,true,true
5144.0,2024_09_LA_SEA,2024,REG,9,2024-11-03,SEA,LA,LA,SEA,away,5.0,1.0,10.0,83.0,439.0,439.0,439.0,20.0,20.0,0.0,1.0,2.0,0.39802265,0.39802265,0.15685438,1.54863,0.0,0.0,outdoors,52.0,4.0,0.0,,,0.0,0.0,0.0,0.0,0.0,29.0,5144.0,GO,false,,false,false
5173.0,2024_09_LA_SEA,2024,REG,9,2024-11-03,SEA,LA,LA,SEA,away,5.0,1.0,10.0,59.0,389.0,389.0,389.0,20.0,20.0,0.0,1.0,2.0,0.55487704,0.55487704,0.11448888,0.949393,0.0,0.0,outdoors,52.0,4.0,0.0,,,0.0,0.0,0.0,0.0,0.0,29.0,5173.0,GO,false,,false,false
5198.0,2024_09_LA_SEA,2024,REG,9,2024-11-03,SEA,LA,LA,SEA,away,5.0,1.0,10.0,43.0,343.0,343.0,343.0,20.0,20.0,0.0,1.0,2.0,0.6693659,0.6693659,0.0013545689,-0.073942415,0.0,0.0,outdoors,52.0,4.0,0.0,,,0.0,0.0,0.0,0.0,0.0,29.0,5198.0,GO,false,,false,false
5220.0,2024_09_LA_SEA,2024,REG,9,2024-11-03,SEA,LA,LA,SEA,away,5.0,2.0,6.0,39.0,304.0,304.0,304.0,20.0,20.0,0.0,1.0,2.0,0.67072046,0.67072046,0.3292795,4.0367923,0.0,0.0,outdoors,52.0,4.0,0.0,,,0.0,0.0,0.0,0.0,0.0,29.0,5220.0,GO,false,,false,false
5246.0,2024_09_LA_SEA,2024,REG,9,2024-11-03,SEA,LA,SEA,LA,home,5.0,,0.0,,297.0,297.0,297.0,20.0,26.0,-6.0,2.0,1.0,,,,,0.0,0.0,outdoors,52.0,4.0,,,,,,,0.0,0.0,30.0,5246.0,GO,,,true,false
4708.0,2024_13_TB_CAR,2024,REG,13,2024-12-01,CAR,TB,TB,CAR,away,5.0,,0.0,35.0,600.0,600.0,600.0,23.0,23.0,0.0,2.0,2.0,0.54834235,0.54834235,-0.0,0.4152375,0.0,0.0,outdoors,51.0,7.0,0.0,,65.0,0.0,0.0,0.0,0.0,0.0,26.0,4708.0,GO,false,,false,true
4742.0,2024_13_TB_CAR,2024,REG,13,2024-12-01,CAR,TB,TB,CAR,away,5.0,1.0,10.0,66.0,596.0,596.0,596.0,23.0,23.0,0.0,2.0,2.0,0.54834235,0.54834235,-0.016423235,-0.09911385,0.0,0.0,outdoors,51.0,7.0,0.0,,,0.0,0.0,0.0,0.0,0.0,26.0,4742.0,GO,false,,false,true
4764.0,2024_13_TB_CAR,2024,REG,13,2024-12-01,CAR,TB,TB,CAR,away,5.0,2.0,6.0,62.0,558.0,558.0,558.0,23.0,23.0,0.0,2.0,2.0,0.5319191,0.5319191,0.19791374,1.8158447,0.0,0.0,outdoors,51.0,7.0,0.0,,,0.0,0.0,0.0,0.0,0.0,26.0,4764.0,GO,false,,false,true
4792.0,2024_13_TB_CAR,2024,REG,13,2024-12-01,CAR,TB,TB,CAR,away,5.0,1.0,10.0,40.0,518.0,518.0,518.0,23.0,23.0,0.0,2.0,2.0,0.7298328,0.7298328,0.010640813,-0.094005294,0.0,0.0,outdoors,51.0,7.0,0.0,,,0.0,0.0,0.0,0.0,0.0,26.0,4792.0,GO,false,,false,true
4814.0,2024_13_TB_CAR,2024,REG,13,2024-12-01,CAR,TB,TB,CAR,away,5.0,2.0,6.0,36.0,479.0,479.0,479.0,23.0,23.0,0.0,2.0,2.0,0.7404736,0.7404736,-0.21813673,-1.7987903,1.0,0.0,outdoors,51.0,7.0,0.0,,,0.0,0.0,0.0,0.0,0.0,26.0,4814.0,GO,false,,false,true
4834.0,2024_13_TB_CAR,2024,REG,13,2024-12-01,CAR,TB,TB,CAR,away,5.0,3.0,14.0,44.0,437.0,437.0,437.0,23.0,23.0,0.0,2.0,2.0,0.5223369,0.5223369,0.095332175,-0.62404376,1.0,0.0,outdoors,51.0,7.0,0.0,,,0.0,0.0,0.0,0.0,0.0,26.0,4834.0,GO,false,,false,true
4859.0,2024_13_TB_CAR,2024,REG,13,2024-12-01,CAR,TB,TB,CAR,away,5.0,4.0,7.0,37.0,396.0,396.0,396.0,23.0,23.0,0.0,2.0,2.0,0.6176691,0.6176691,-0.19426118,-2.7842731,0.0,0.0,outdoors,51.0,7.0,1.0,missed,55.0,0.0,0.0,0.0,0.0,0.0,26.0,4859.0,FG,false,false,false,true
4880.0,2024_13_TB_CAR,2024,REG,13,2024-12-01,CAR,TB,CAR,TB,home,5.0,1.0,10.0,55.0,391.0,391.0,391.0,23.0,23.0,0.0,2.0,2.0,0.5765921,0.5765921,0.0011902736,0.0076986584,0.0,0.0,outdoors,51.0,7.0,0.0,,,0.0,0.0,0.0,0.0,0.0,27.0,4880.0,GO,false,,true,false
4907.0,2024_13_TB_CAR,2024,REG,13,2024-12-01,CAR,TB,CAR,TB,home,5.0,2.0,5.0,50.0,358.0,358.0,358.0,23.0,23.0,0.0,2.0,2.0,0.57778233,0.57778233,-0.056426708,-0.4650007,1.0,0.0,outdoors,51.0,7.0,0.0,,,0.0,0.0,0.0,0.0,0.0,27.0,4907.0,GO,false,,true,false
4930.0,2024_13_TB_CAR,2024,REG,13,2024-12-01,CAR,TB,CAR,TB,home,5.0,3.0,5.0,50.0,354.0,354.0,354.0,23.0,23.0,0.0,1.0,2.0,0.5213556,0.5213556,0.24699834,1.7733133,1.0,0.0,outdoors,51.0,7.0,0.0,,,0.0,0.0,0.0,0.0,0.0,27.0,4930.0,GO,false,,true,false
4962.0,2024_13_TB_CAR,2024,REG,13,2024-12-01,CAR,TB,CAR,TB,home,5.0,1.0,10.0,34.0,311.0,311.0,311.0,23.0,23.0,0.0,1.0,2.0,0.768354,0.768354,-0.16892374,-4.526659,0.0,0.0,outdoors,51.0,7.0,0.0,,,0.0,0.0,0.0,0.0,0.0,27.0,4962.0,GO,false,,true,false
5000.0,2024_13_TB_CAR,2024,REG,13,2024-12-01,CAR,TB,TB,CAR,away,5.0,1.0,10.0,71.0,303.0,303.0,303.0,23.0,23.0,0.0,2.0,1.0,0.40056977,0.40056977,-0.06036927,-0.37614176,0.0,0.0,outdoors,51.0,7.0,0.0,,,0.0,0.0,0.0,0.0,0.0,28.0,5000.0,GO,false,,false,false
5022.0,2024_13_TB_CAR,2024,REG,13,2024-12-01,CAR,TB,TB,CAR,away,5.0,2.0,8.0,69.0,263.0,263.0,263.0,23.0,23.0,0.0,2.0,1.0,0.34020048,0.34020048,0.14725432,1.5253932,1.0,0.0,outdoors,51.0,7.0,0.0,,,0.0,0.0,0.0,0.0,0.0,28.0,5022.0,GO,false,,false,false
5047.0,2024_13_TB_CAR,2024,REG,13,2024-12-01,CAR,TB,TB,CAR,away,5.0,1.0,10.0,48.0,224.0,224.0,224.0,23.0,23.0,0.0,1.0,1.0,0.4874548,0.4874548,0.3771986,2.5224268,1.0,0.0,outdoors,51.0,7.0,0.0,,,0.0,0.0,0.0,0.0,0.0,28.0,5047.0,GO,false,,false,false
5081.0,2024_13_TB_CAR,2024,REG,13,2024-12-01,CAR,TB,TB,CAR,away,5.0,1.0,10.0,10.0,215.0,215.0,215.0,23.0,23.0,0.0,1.0,1.0,0.8646534,0.8646534,,-1.8616321,0.0,0.0,outdoors,51.0,7.0,0.0,,,0.0,0.0,0.0,0.0,1.0,28.0,5081.0,GO,false,,false,false
5103.0,2024_13_TB_CAR,2024,REG,13,2024-12-01,CAR,TB,TB,CAR,away,5.0,2.0,12.0,12.0,174.0,174.0,174.0,23.0,23.0,0.0,1.0,1.0,0.9603611,0.9603611,0.039638903,0.16842185,0.0,0.0,outdoors,51.0,7.0,1.0,made,30.0,0.0,0.0,0.0,0.0,0.0,28.0,5103.0,FG,false,true,false,false
5123.0,2024_13_TB_CAR,2024,REG,13,2024-12-01,CAR,TB,CAR,TB,home,5.0,,0.0,,170.0,170.0,170.0,23.0,26.0,-3.0,1.0,1.0,,,,,0.0,0.0,outdoors,51.0,7.0,,,,,,,0.0,0.0,29.0,5123.0,GO,,,true,false
4671.0,2024_05_TB_ATL,2024,REG,5,2024-10-03,ATL,TB,ATL,TB,home,5.0,,0.0,35.0,600.0,600.0,600.0,30.0,30.0,0.0,2.0,2.0,0.6058501,0.6058501,0.0,0.23503663,0.0,0.0,closed,,,0.0,,65.0,0.0,0.0,0.0,0.0,0.0,21.0,4671.0,GO,false,,true,true
4688.0,2024_05_TB_ATL,2024,REG,5,2024-10-03,ATL,TB,ATL,TB,home,5.0,1.0,10.0,70.0,600.0,600.0,600.0,30.0,30.0,0.0,2.0,2.0,0.6058501,0.6058501,-0.059008673,-0.60302943,1.0,0.0,closed,,,0.0,,,0.0,0.0,0.0,0.0,0.0,21.0,4688.0,GO,false,,true,true
4710.0,2024_05_TB_ATL,2024,REG,5,2024-10-03,ATL,TB,ATL,TB,home,5.0,2.0,9.0,69.0,577.0,577.0,577.0,30.0,30.0,0.0,2.0,2.0,0.54684144,0.54684144,0.007931698,0.11062379,1.0,1.0,closed,,,0.0,,,0.0,0.0,0.0,0.0,0.0,21.0,4710.0,GO,false,,true,true
4735.0,2024_05_TB_ATL,2024,REG,5,2024-10-03,ATL,TB,ATL,TB,home,5.0,3.0,3.0,63.0,554.0,554.0,554.0,30.0,30.0,0.0,2.0,2.0,0.55477315,0.55477315,0.19947098,1.9095707,1.0,1.0,closed,,,0.0,,,0.0,0.0,0.0,0.0,0.0,21.0,4735.0,GO,false,,true,true
4763.0,2024_05_TB_ATL,2024,REG,5,2024-10-03,ATL,TB,ATL,TB,home,5.0,1.0,10.0,45.0,534.0,534.0,534.0,30.0,30.0,0.0,2.0,2.0,0.75424415,0.75424415,0.24575587,3.8916466,1.0,0.0,closed,,,0.0,,,0.0,0.0,0.0,0.0,0.0,21.0,4763.0,GO,false,,true,true
4789.0,2024_05_TB_ATL,2024,REG,5,2024-10-03,ATL,TB,ATL,TB,home,5.0,,0.0,,525.0,525.0,525.0,36.0,30.0,6.0,2.0,2.0,,,,,0.0,0.0,closed,,,,,,,,,0.0,0.0,21.0,4789.0,GO,,,true,true
4347.0,2024_09_NE_TEN,2024,REG,9,2024-11-03,TEN,NE,TEN,NE,home,5.0,,0.0,35.0,600.0,600.0,600.0,17.0,17.0,0.0,2.0,2.0,0.49593362,0.49593362,0.0,-0.26094797,0.0,0.0,outdoors,75.0,10.0,0.0,,67.0,0.0,0.0,0.0,0.0,0.0,21.0,4347.0,GO,false,,true,true
4389.0,2024_09_NE_TEN,2024,REG,9,2024-11-03,TEN,NE,TEN,NE,home,5.0,1.0,10.0,78.0,595.0,595.0,595.0,17.0,17.0,0.0,2.0,2.0,0.49593362,0.49593362,0.09479225,0.9256437,0.0,0.0,outdoors,75.0,10.0,0.0,,,0.0,0.0,0.0,0.0,0.0,21.0,4389.0,GO,false,,true,true
4414.0,2024_09_NE_TEN,2024,REG,9,2024-11-03,TEN,NE,TEN,NE,home,5.0,1.0,10.0,62.0,558.0,558.0,558.0,17.0,17.0,0.0,2.0,2.0,0.59072584,0.59072584,0.019782677,0.3228352,0.0,0.0,outdoors,75.0,10.0,0.0,,,0.0,0.0,0.0,0.0,0.0,21.0,4414.0,GO,false,,true,true
4436.0,2024_09_NE_TEN,2024,REG,9,2024-11-03,TEN,NE,TEN,NE,home,5.0,2.0,3.0,55.0,520.0,520.0,520.0,17.0,17.0,0.0,2.0,2.0,0.61050856,0.61050856,0.03806657,0.3709519,1.0,0.0,outdoors,75.0,10.0,0.0,,,0.0,0.0,0.0,0.0,0.0,21.0,4436.0,GO,false,,true,true
4458.0,2024_09_NE_TEN,2024,REG,9,2024-11-03,TEN,NE,TEN,NE,home,5.0,1.0,10.0,50.0,482.0,482.0,482.0,17.0,17.0,0.0,2.0,2.0,0.6485751,0.6485751,0.009948132,0.10833927,1.0,0.0,outdoors,75.0,10.0,0.0,,,0.0,0.0,0.0,0.0,0.0,21.0,4458.0,GO,false,,true,true
4480.0,2024_09_NE_TEN,2024,REG,9,2024-11-03,TEN,NE,TEN,NE,home,5.0,2.0,5.0,45.0,446.0,446.0,446.0,17.0,17.0,0.0,2.0,2.0,0.65852326,0.65852326,-0.07344653,-0.6967506,0.0,0.0,outdoors,75.0,10.0,0.0,,,0.0,0.0,0.0,0.0,0.0,21.0,4480.0,GO,false,,true,true
4503.0,2024_09_NE_TEN,2024,REG,9,2024-11-03,TEN,NE,TEN,NE,home,5.0,3.0,5.0,45.0,443.0,443.0,443.0,17.0,17.0,0.0,2.0,2.0,0.5850767,0.5850767,0.20956193,1.690581,1.0,0.0,outdoors,75.0,10.0,0.0,,,0.0,0.0,0.0,0.0,0.0,21.0,4503.0,GO,false,,true,true
4528.0,2024_09_NE_TEN,2024,REG,9,2024-11-03,TEN,NE,TEN,NE,home,5.0,1.0,10.0,31.0,400.0,400.0,400.0,17.0,17.0,0.0,2.0,2.0,0.79463863,0.79463863,0.019613558,-0.012591467,1.0,0.0,outdoors,75.0,10.0,0.0,,,0.0,0.0,0.0,0.0,0.0,21.0,4528.0,GO,false,,true,true
4550.0,2024_09_NE_TEN,2024,REG,9,2024-11-03,TEN,NE,TEN,NE,home,5.0,2.0,6.0,27.0,361.0,361.0,361.0,17.0,17.0,0.0,2.0,2.0,0.8142522,0.8142522,0.022071853,-0.031059913,1.0,0.0,outdoors,75.0,10.0,0.0,,,0.0,0.0,0.0,0.0,0.0,21.0,4550.0,GO,false,,true,true
4572.0,2024_09_NE_TEN,2024,REG,9,2024-11-03,TEN,NE,TEN,NE,home,5.0,3.0,3.0,24.0,320.0,320.0,320.0,17.0,17.0,0.0,2.0,2.0,0.83632404,0.83632404,0.028279152,0.93368614,0.0,0.0,outdoors,75.0,10.0,0.0,,,0.0,0.0,0.0,0.0,0.0,21.0,4572.0,GO,false,,true,true
4594.0,2024_09_NE_TEN,2024,REG,9,2024-11-03,TEN,NE,TEN,NE,home,5.0,1.0,10.0,15.0,280.0,280.0,280.0,17.0,17.0,0.0,2.0,1.0,0.8646032,0.8646032,-0.0044499827,-0.2483747,0.0,0.0,outdoors,75.0,10.0,0.0,,,0.0,0.0,0.0,0.0,0.0,21.0,4594.0,GO,false,,true,true
4623.0,2024_09_NE_TEN,2024,REG,9,2024-11-03,TEN,NE,TEN,NE,home,5.0,2.0,7.0,12.0,238.0,238.0,238.0,17.0,17.0,0.0,2.0,1.0,0.8601532,0.8601532,-0.04081756,-0.26387918,1.0,0.0,outdoors,75.0,10.0,0.0,,,0.0,0.0,0.0,0.0,0.0,21.0,4623.0,GO,false,,true,true
4645.0,2024_09_NE_TEN,2024,REG,9,2024-11-03,TEN,NE,TEN,NE,home,5.0,3.0,2.0,7.0,203.0,203.0,203.0,17.0,17.0,0.0,2.0,0.0,0.81933564,0.81933564,0.16394958,-1.0547327,0.0,0.0,outdoors,75.0,10.0,0.0,,,0.0,0.0,0.0,0.0,0.0,21.0,4645.0,GO,false,,true,true
4679.0,2024_09_NE_TEN,2024,REG,9,2024-11-03,TEN,NE,TEN,NE,home,5.0,4.0,1.0,6.0,154.0,154.0,154.0,17.0,17.0,0.0,2.0,0.0,0.98328525,0.98328525,-0.3373054,0.061741233,0.0,0.0,outdoors,75.0,10.0,1.0,made,25.0,0.0,0.0,0.0,0.0,0.0,21.0,4679.0,FG,false,true,true,true
4699.0,2024_09_NE_TEN,2024,REG,9,2024-11-03,TEN,NE,NE,TEN,away,5.0,,0.0,35.0,152.0,152.0,152.0,17.0,20.0,-3.0,0.0,2.0,0.35402015,0.35402015,-0.0,0.3052269,0.0,0.0,outdoors,75.0,10.0,0.0,,65.0,0.0,0.0,0.0,0.0,0.0,22.0,4699.0,GO,false,,false,false
4716.0,2024_09_NE_TEN,2024,REG,9,2024-11-03,TEN,NE,NE,TEN,away,5.0,1.0,10.0,70.0,152.0,152.0,152.0,17.0,20.0,-3.0,0.0,2.0,0.35402015,0.35402015,-0.04434496,-0.41125837,1.0,0.0,outdoors,75.0,10.0,0.0,,,0.0,0.0,0.0,0.0,0.0,22.0,4716.0,GO,false,,false,false
4739.0,2024_09_NE_TEN,2024,REG,9,2024-11-03,TEN,NE,NE,TEN,away,5.0,2.0,10.0,70.0,145.0,145.0,145.0,17.0,20.0,-3.0,0.0,2.0,0.3096752,0.3096752,0.119958654,0.90906143,1.0,0.0,outdoors,75.0,10.0,0.0,,,0.0,0.0,0.0,0.0,0.0,22.0,4739.0,GO,false,,false,false
4766.0,2024_09_NE_TEN,2024,REG,9,2024-11-03,TEN,NE,NE,TEN,away,5.0,1.0,10.0,59.0,137.0,137.0,137.0,17.0,20.0,-3.0,0.0,2.0,0.42963383,0.42963383,-0.42963383,-2.253691,1.0,0.0,outdoors,75.0,10.0,0.0,,,0.0,0.0,0.0,0.0,0.0,22.0,4766.0,GO,false,,false,false
4793.0,2024_09_NE_TEN,2024,REG,9,2024-11-03,TEN,NE,TEN,NE,home,5.0,,0.0,,127.0,127.0,127.0,20.0,17.0,3.0,2.0,0.0,,,,,0.0,0.0,outdoors,75.0,10.0,,,,,,,0.0,0.0,23.0,4793.0,GO,,,true,false
4417.0,2024_17_ATL_WAS,2024,REG,17,2024-12-29,WAS,ATL,WAS,ATL,home,5.0,,0.0,35.0,600.0,600.0,600.0,24.0,24.0,0.0,2.0,2.0,0.54758877,0.54758877,0.0,0.24000801,0.0,0.0,outdoors,58.0,10.0,0.0,,65.0,0.0,0.0,0.0,0.0,0.0,19.0,4417.0,GO,false,,true,true
4434.0,2024_17_ATL_WAS,2024,REG,17,2024-12-29,WAS,ATL,WAS,ATL,home,5.0,1.0,10.0,70.0,600.0,600.0,600.0,24.0,24.0,0.0,2.0,2.0,0.54758877,0.54758877,-0.050341293,-0.5333426,1.0,0.0,outdoors,58.0,10.0,0.0,,,0.0,0.0,0.0,0.0,0.0,19.0,4434.0,GO,false,,true,true
4458.0,2024_17_ATL_WAS,2024,REG,17,2024-12-29,WAS,ATL,WAS,ATL,home,5.0,1.0,15.0,75.0,600.0,600.0,600.0,24.0,24.0,0.0,2.0,2.0,0.4972475,0.4972475,0.0034672525,0.09386169,1.0,1.0,outdoors,58.0,10.0,0.0,,,0.0,0.0,0.0,0.0,0.0,19.0,4458.0,GO,false,,true,true
4480.0,2024_17_ATL_WAS,2024,REG,17,2024-12-29,WAS,ATL,WAS,ATL,home,5.0,2.0,8.0,68.0,563.0,563.0,563.0,24.0,24.0,0.0,2.0,2.0,0.5007147,0.5007147,0.10878334,1.1120268,1.0,1.0,outdoors,58.0,10.0,0.0,,,0.0,0.0,0.0,0.0,0.0,19.0,4480.0,GO,false,,true,true
4505.0,2024_17_ATL_WAS,2024,REG,17,2024-12-29,WAS,ATL,WAS,ATL,home,5.0,1.0,10.0,58.0,524.0,524.0,524.0,24.0,24.0,0.0,2.0,2.0,0.6094981,0.6094981,0.019509021,0.30274075,1.0,1.0,outdoors,58.0,10.0,0.0,,,0.0,0.0,0.0,0.0,0.0,19.0,4505.0,GO,false,,true,true
4527.0,2024_17_ATL_WAS,2024,REG,17,2024-12-29,WAS,ATL,WAS,ATL,home,5.0,2.0,3.0,51.0,487.0,487.0,487.0,24.0,24.0,0.0,2.0,2.0,0.6290071,0.6290071,-0.0530364,-0.39929357,1.0,1.0,outdoors,58.0,10.0,0.0,,,0.0,0.0,0.0,0.0,0.0,19.0,4527.0,GO,false,,true,true
4549.0,2024_17_ATL_WAS,2024,REG,17,2024-12-29,WAS,ATL,WAS,ATL,home,5.0,3.0,2.0,50.0,454.0,454.0,454.0,24.0,24.0,0.0,2.0,2.0,0.5759707,0.5759707,0.20052089,1.4623667,1.0,1.0,outdoors,58.0,10.0,0.0,,,0.0,0.0,0.0,0.0,0.0,19.0,4549.0,GO,false,,true,true
4576.0,2024_17_ATL_WAS,2024,REG,17,2024-12-29,WAS,ATL,WAS,ATL,home,5.0,1.0,10.0,34.0,415.0,415.0,415.0,24.0,24.0,0.0,2.0,2.0,0.7764916,0.7764916,0.009507941,-0.058139578,1.0,1.0,outdoors,58.0,10.0,0.0,,,0.0,0.0,0.0,0.0,0.0,19.0,4576.0,GO,false,,true,true
4601.0,2024_17_ATL_WAS,2024,REG,17,2024-12-29,WAS,ATL,WAS,ATL,home,5.0,2.0,6.0,30.0,376.0,376.0,376.0,24.0,24.0,0.0,2.0,2.0,0.78599954,0.78599954,0.09436869,1.1383916,1.0,1.0,outdoors,58.0,10.0,0.0,,,0.0,0.0,0.0,0.0,0.0,19.0,4601.0,GO,false,,true,true
4631.0,2024_17_ATL_WAS,2024,REG,17,2024-12-29,WAS,ATL,WAS,ATL,home,5.0,1.0,10.0,18.0,337.0,337.0,337.0,24.0,24.0,0.0,2.0,2.0,0.88036823,0.88036823,0.000008537201,-0.120049484,1.0,1.0,outdoors,58.0,10.0,0.0,,,0.0,0.0,0.0,0.0,0.0,19.0,4631.0,GO,false,,true,true
4661.0,2024_17_ATL_WAS,2024,REG,17,2024-12-29,WAS,ATL,WAS,ATL,home,5.0,2.0,6.0,14.0,302.0,302.0,302.0,24.0,24.0,0.0,2.0,2.0,0.88037676,0.88037676,0.033958733,0.7482695,1.0,1.0,outdoors,58.0,10.0,0.0,,,0.0,0.0,0.0,0.0,0.0,19.0,4661.0,GO,false,,true,true
4683.0,2024_17_ATL_WAS,2024,REG,17,2024-12-29,WAS,ATL,WAS,ATL,home,5.0,1.0,8.0,8.0,260.0,260.0,260.0,24.0,24.0,0.0,2.0,2.0,0.9143355,0.9143355,-0.026902992,-0.6137466,1.0,1.0,outdoors,58.0,10.0,0.0,,,0.0,0.0,0.0,0.0,0.0,19.0,4683.0,GO,false,,true,true
4705.0,2024_17_ATL_WAS,2024,REG,17,2024-12-29,WAS,ATL,WAS,ATL,home,5.0,2.0,8.0,8.0,214.0,214.0,214.0,24.0,24.0,0.0,2.0,2.0,0.8874325,0.8874325,-0.012684766,0.358755,1.0,1.0,outdoors,58.0,10.0,0.0,,,0.0,0.0,0.0,0.0,0.0,19.0,4705.0,GO,false,,true,true
4727.0,2024_17_ATL_WAS,2024,REG,17,2024-12-29,WAS,ATL,WAS,ATL,home,5.0,3.0,2.0,2.0,165.0,165.0,165.0,24.0,24.0,0.0,1.0,2.0,0.87474775,0.87474775,0.12525226,2.1135938,1.0,0.0,outdoors,58.0,10.0,0.0,,,0.0,0.0,0.0,0.0,0.0,19.0,4727.0,GO,false,,true,true
4760.0,2024_17_ATL_WAS,2024,REG,17,2024-12-29,WAS,ATL,WAS,ATL,home,5.0,,0.0,,162.0,162.0,162.0,30.0,24.0,6.0,1.0,2.0,,,,,0.0,0.0,outdoors,58.0,10.0,,,,,,,0.0,0.0,19.0,4760.0,GO,,,true,true
4050.0,2021_10_DET_PIT,2021,REG,10,2021-11-14,PIT,DET,DET,PIT,away,5.0,,0.0,35.0,600.0,600.0,600.0,16.0,16.0,0.0,2.0,2.0,0.5049576,0.5049576,-0.0,0.029759502,0.0,0.0,outdoors,37.0,12.0,0.0,,67.0,0.0,0.0,0.0,0.0,0.0,23.0,4050.0,GO,false,,false,true
4072.0,2021_10_DET_PIT,2021,REG,10,2021-11-14,PIT,DET,DET,PIT,away,5.0,1.0,10.0,74.0,594.0,594.0,594.0,16.0,16.0,0.0,2.0,2.0,0.5049576,0.5049576,0.20289738,1.8340691,0.0,0.0,outdoors,37.0,12.0,0.0,,,0.0,0.0,0.0,0.0,0.0,23.0,4072.0,GO,false,,false,true
4101.0,2021_10_DET_PIT,2021,REG,10,2021-11-14,PIT,DET,DET,PIT,away,5.0,1.0,10.0,44.0,560.0,560.0,560.0,16.0,16.0,0.0,2.0,2.0,0.70785505,0.70785505,-0.02387385,-0.19633253,0.0,0.0,outdoors,37.0,12.0,0.0,,,0.0,0.0,0.0,0.0,0.0,23.0,4101.0,GO,false,,false,true
4130.0,2021_10_DET_PIT,2021,REG,10,2021-11-14,PIT,DET,DET,PIT,away,5.0,2.0,7.0,41.0,524.0,524.0,524.0,16.0,16.0,0.0,2.0,2.0,0.6839812,0.6839812,-0.08612011,-0.7670168,0.0,0.0,outdoors,37.0,12.0,0.0,,,0.0,0.0,0.0,0.0,0.0,23.0,4130.0,GO,false,,false,true
4151.0,2021_10_DET_PIT,2021,REG,10,2021-11-14,PIT,DET,DET,PIT,away,5.0,3.0,7.0,41.0,479.0,479.0,479.0,16.0,16.0,0.0,2.0,2.0,0.59786105,0.59786105,-0.25285268,-2.1412137,1.0,0.0,outdoors,37.0,12.0,0.0,,,0.0,0.0,0.0,0.0,0.0,23.0,4151.0,GO,false,,false,true
4181.0,2021_10_DET_PIT,2021,REG,10,2021-11-14,PIT,DET,DET,PIT,away,5.0,4.0,16.0,50.0,462.0,462.0,462.0,16.0,16.0,0.0,2.0,2.0,0.3450084,0.3450084,0.23192059,-0.32872903,0.0,0.0,outdoors,37.0,12.0,0.0,,33.0,1.0,0.0,0.0,0.0,0.0,23.0,4181.0,PUNT,false,,false,true
4200.0,2021_10_DET_PIT,2021,REG,10,2021-11-14,PIT,DET,PIT,DET,home,5.0,1.0,10.0,83.0,452.0,452.0,452.0,16.0,16.0,0.0,2.0,2.0,0.42307103,0.42307103,-0.04683555,-0.40316054,1.0,0.0,outdoors,37.0,12.0,0.0,,,0.0,0.0,0.0,0.0,0.0,24.0,4200.0,GO,false,,true,false
4221.0,2021_10_DET_PIT,2021,REG,10,2021-11-14,PIT,DET,PIT,DET,home,5.0,2.0,8.0,81.0,416.0,416.0,416.0,16.0,16.0,0.0,2.0,2.0,0.37623546,0.37623546,0.05132397,-2.3854587,1.0,0.0,outdoors,37.0,12.0,0.0,,,0.0,0.0,0.0,0.0,0.0,24.0,4221.0,GO,false,,true,false
4261.0,2021_10_DET_PIT,2021,REG,10,2021-11-14,PIT,DET,DET,PIT,away,5.0,1.0,10.0,55.0,402.0,402.0,402.0,16.0,16.0,0.0,2.0,2.0,0.57244056,0.57244056,0.04246034,0.34171215,1.0,0.0,outdoors,37.0,12.0,0.0,,,0.0,0.0,0.0,0.0,0.0,25.0,4261.0,GO,false,,false,false
4298.0,2021_10_DET_PIT,2021,REG,10,2021-11-14,PIT,DET,DET,PIT,away,5.0,1.0,10.0,50.0,393.0,393.0,393.0,16.0,16.0,0.0,2.0,2.0,0.6149009,0.6149009,-0.057466518,-0.49307954,0.0,0.0,outdoors,37.0,12.0,0.0,,,0.0,0.0,0.0,0.0,0.0,25.0,4298.0,GO,false,,false,false
4319.0,2021_10_DET_PIT,2021,REG,10,2021-11-14,PIT,DET,DET,PIT,away,5.0,2.0,9.0,49.0,350.0,350.0,350.0,16.0,16.0,0.0,2.0,2.0,0.5574344,0.5574344,0.2075897,1.4535133,0.0,0.0,outdoors,37.0,12.0,0.0,,,0.0,0.0,0.0,0.0,0.0,25.0,4319.0,GO,false,,false,false
4352.0,2021_10_DET_PIT,2021,REG,10,2021-11-14,PIT,DET,DET,PIT,away,5.0,1.0,10.0,34.0,345.0,345.0,345.0,16.0,16.0,0.0,2.0,2.0,0.76502407,0.76502407,-0.0976352,-0.9030465,0.0,0.0,outdoors,37.0,12.0,0.0,,,0.0,0.0,0.0,0.0,0.0,25.0,4352.0,GO,false,,false,false
4373.0,2021_10_DET_PIT,2021,REG,10,2021-11-14,PIT,DET,DET,PIT,away,5.0,2.0,12.0,36.0,302.0,302.0,302.0,16.0,16.0,0.0,2.0,2.0,0.6673889,0.6673889,0.08557463,0.5467245,0.0,0.0,outdoors,37.0,12.0,0.0,,,0.0,0.0,0.0,0.0,0.0,25.0,4373.0,GO,false,,false,false
4394.0,2021_10_DET_PIT,2021,REG,10,2021-11-14,PIT,DET,DET,PIT,away,5.0,3.0,4.0,28.0,261.0,261.0,261.0,16.0,16.0,0.0,2.0,2.0,0.7529635,0.7529635,-0.23851104,-1.6009662,0.0,0.0,outdoors,37.0,12.0,0.0,,,0.0,0.0,0.0,0.0,0.0,25.0,4394.0,GO,false,,false,false
4429.0,2021_10_DET_PIT,2021,REG,10,2021-11-14,PIT,DET,DET,PIT,away,5.0,3.0,14.0,38.0,255.0,255.0,255.0,16.0,16.0,0.0,2.0,2.0,0.51445246,0.51445246,0.23417267,0.17970754,1.0,0.0,outdoors,37.0,12.0,0.0,,,0.0,0.0,0.0,0.0,0.0,25.0,4429.0,GO,false,,false,false
4470.0,2021_10_DET_PIT,2021,REG,10,2021-11-14,PIT,DET,DET,PIT,away,5.0,4.0,6.0,30.0,248.0,248.0,248.0,16.0,16.0,0.0,2.0,1.0,0.74862516,0.74862516,-0.19353409,-3.3550959,0.0,0.0,outdoors,37.0,12.0,1.0,missed,48.0,0.0,0.0,0.0,0.0,0.0,25.0,4470.0,FG,false,false,false,false
4490.0,2021_10_DET_PIT,2021,REG,10,2021-11-14,PIT,DET,PIT,DET,home,5.0,1.0,10.0,62.0,243.0,243.0,243.0,16.0,16.0,0.0,1.0,2.0,0.44490895,0.44490895,-0.034329906,-0.27904418,0.0,0.0,outdoors,37.0,12.0,0.0,,,0.0,0.0,0.0,0.0,0.0,26.0,4490.0,GO,false,,true,false
4511.0,2021_10_DET_PIT,2021,REG,10,2021-11-14,PIT,DET,PIT,DET,home,5.0,2.0,6.0,58.0,210.0,210.0,210.0,16.0,16.0,0.0,1.0,2.0,0.41057903,0.41057903,-0.20858754,-1.5053422,1.0,1.0,outdoors,37.0,12.0,0.0,,,0.0,0.0,0.0,0.0,0.0,26.0,4511.0,GO,false,,true,false
4537.0,2021_10_DET_PIT,2021,REG,10,2021-11-14,PIT,DET,PIT,DET,home,5.0,3.0,25.0,77.0,162.0,162.0,162.0,16.0,16.0,0.0,1.0,2.0,0.2019915,0.2019915,-0.048158508,-0.5231702,1.0,0.0,outdoors,37.0,12.0,0.0,,,0.0,0.0,0.0,0.0,0.0,26.0,4537.0,GO,false,,true,false
4559.0,2021_10_DET_PIT,2021,REG,10,2021-11-14,PIT,DET,PIT,DET,home,5.0,4.0,25.0,77.0,156.0,156.0,156.0,16.0,16.0,0.0,1.0,2.0,0.15383299,0.15383299,0.4740149,-0.80378634,0.0,0.0,outdoors,37.0,12.0,0.0,,50.0,1.0,0.0,0.0,0.0,0.0,26.0,4559.0,PUNT,false,,true,false
4600.0,2021_10_DET_PIT,2021,REG,10,2021-11-14,PIT,DET,DET,PIT,away,5.0,1.0,10.0,55.0,145.0,145.0,145.0,16.0,16.0,0.0,2.0,1.0,0.3721521,0.3721521,-0.1568776,-1.0495511,1.0,0.0,outdoors,37.0,12.0,0.0,,,0.0,0.0,0.0,0.0,0.0,27.0,4600.0,GO,false,,false,false
4636.0,2021_10_DET_PIT,2021,REG,10,2021-11-14,PIT,DET,DET,PIT,away,5.0,2.0,23.0,68.0,120.0,120.0,120.0,16.0,16.0,0.0,2.0,1.0,0.21527448,0.21527448,-0.049298964,-0.44775644,1.0,0.0,outdoors,37.0,12.0,0.0,,,0.0,0.0,0.0,0.0,0.0,27.0,4636.0,GO,false,,false,false
4662.0,2021_10_DET_PIT,2021,REG,10,2021-11-14,PIT,DET,DET,PIT,away,5.0,3.0,23.0,68.0,114.0,114.0,114.0,16.0,16.0,0.0,2.0,1.0,0.16597551,0.16597551,-0.061999906,-0.72692674,0.0,0.0,outdoors,37.0,12.0,0.0,,,0.0,0.0,0.0,0.0,0.0,27.0,4662.0,GO,false,,false,false
4695.0,2021_10_DET_PIT,2021,REG,10,2021-11-14,PIT,DET,DET,PIT,away,5.0,4.0,23.0,68.0,107.0,107.0,107.0,16.0,16.0,0.0,2.0,1.0,0.10397561,0.10397561,0.665433,0.26439065,0.0,0.0,outdoors,37.0,12.0,0.0,,47.0,1.0,0.0,0.0,0.0,0.0,27.0,4695.0,PUNT,false,,false,false
4731.0,2021_10_DET_PIT,2021,REG,10,2021-11-14,PIT,DET,PIT,DET,home,5.0,1.0,10.0,89.0,97.0,97.0,97.0,16.0,16.0,0.0,1.0,2.0,0.23059142,0.23059142,0.022527497,0.24182938,1.0,0.0,outdoors,37.0,12.0,0.0,,,0.0,0.0,0.0,0.0,0.0,28.0,4731.0,GO,false,,true,false
4772.0,2021_10_DET_PIT,2021,REG,10,2021-11-14,PIT,DET,PIT,DET,home,5.0,1.0,10.0,79.0,90.0,90.0,90.0,16.0,16.0,0.0,1.0,1.0,0.2531189,0.2531189,-0.037639134,-0.24840371,1.0,0.0,outdoors,37.0,12.0,0.0,,,0.0,0.0,0.0,0.0,0.0,28.0,4772.0,GO,false,,true,false
4794.0,2021_10_DET_PIT,2021,REG,10,2021-11-14,PIT,DET,PIT,DET,home,5.0,2.0,10.0,79.0,86.0,86.0,86.0,16.0,16.0,0.0,1.0,1.0,0.21547978,0.21547978,-0.08230809,-0.32301387,1.0,0.0,outdoors,37.0,12.0,0.0,,,0.0,0.0,0.0,0.0,0.0,28.0,4794.0,GO,false,,true,false
4835.0,2021_10_DET_PIT,2021,REG,10,2021-11-14,PIT,DET,PIT,DET,home,5.0,3.0,4.0,73.0,80.0,80.0,80.0,16.0,16.0,0.0,1.0,0.0,0.13317169,0.13317169,0.092348434,0.50504285,1.0,0.0,outdoors,37.0,12.0,0.0,,,0.0,0.0,0.0,0.0,0.0,28.0,4835.0,GO,false,,true,false
4859.0,2021_10_DET_PIT,2021,REG,10,2021-11-14,PIT,DET,PIT,DET,home,5.0,1.0,10.0,65.0,63.0,63.0,63.0,16.0,16.0,0.0,1.0,0.0,0.22552012,0.22552012,-0.05582727,-0.22420189,1.0,1.0,outdoors,37.0,12.0,0.0,,,0.0,0.0,0.0,0.0,0.0,28.0,4859.0,GO,false,,true,false
4881.0,2021_10_DET_PIT,2021,REG,10,2021-11-14,PIT,DET,PIT,DET,home,5.0,2.0,10.0,65.0,58.0,58.0,58.0,16.0,16.0,0.0,1.0,0.0,0.16969286,0.16969286,0.023462892,0.17608303,1.0,0.0,outdoors,37.0,12.0,0.0,,,0.0,0.0,0.0,0.0,0.0,28.0,4881.0,GO,false,,true,false
4905.0,2021_10_DET_PIT,2021,REG,10,2021-11-14,PIT,DET,PIT,DET,home,5.0,3.0,1.0,56.0,36.0,36.0,36.0,16.0,16.0,0.0,1.0,0.0,0.19315575,0.19315575,0.09627964,0.41836116,1.0,1.0,outdoors,37.0,12.0,0.0,,,0.0,0.0,0.0,0.0,0.0,28.0,4905.0,GO,false,,true,false
4946.0,2021_10_DET_PIT,2021,REG,10,2021-11-14,PIT,DET,PIT,DET,home,5.0,1.0,10.0,49.0,29.0,29.0,29.0,16.0,16.0,0.0,0.0,0.0,0.2894354,0.2894354,-0.06196217,-0.26544362,1.0,0.0,outdoors,37.0,12.0,0.0,,,0.0,0.0,0.0,0.0,0.0,28.0,4946.0,GO,false,,true,false
4968.0,2021_10_DET_PIT,2021,REG,10,2021-11-14,PIT,DET,PIT,DET,home,5.0,2.0,10.0,49.0,24.0,24.0,24.0,16.0,16.0,0.0,0.0,0.0,0.22747321,0.22747321,0.17781022,0.56351423,1.0,0.0,outdoors,37.0,12.0,0.0,,,0.0,0.0,0.0,0.0,0.0,28.0,4968.0,GO,false,,true,false
4997.0,2021_10_DET_PIT,2021,REG,10,2021-11-14,PIT,DET,PIT,DET,home,5.0,1.0,10.0,39.0,15.0,15.0,15.0,16.0,16.0,0.0,0.0,0.0,0.40528345,0.40528345,0.55958974,-1.419812,1.0,0.0,outdoors,37.0,12.0,0.0,,,0.0,0.0,0.0,0.0,0.0,28.0,4997.0,GO,false,,true,false
5037.0,2021_10_DET_PIT,2021,REG,10,2021-11-14,PIT,DET,DET,PIT,away,5.0,1.0,10.0,62.0,8.0,8.0,8.0,16.0,16.0,0.0,0.0,0.0,0.035126835,0.035126835,0.46487316,-0.09619739,1.0,0.0,outdoors,37.0,12.0,0.0,,,0.0,0.0,0.0,0.0,0.0,29.0,5037.0,GO,false,,false,false
5087.0,2021_10_DET_PIT,2021,REG,10,2021-11-14,PIT,DET,DET,PIT,away,5.0,,0.0,,0.0,0.0,0.0,16.0,16.0,0.0,0.0,0.0,,,,,0.0,0.0,outdoors,37.0,12.0,,,,,,,0.0,0.0,29.0,5087.0,GO,,,false,false
4166.0,2021_14_SF_CIN,2021,REG,14,2021-12-12,CIN,SF,CIN,SF,home,5.0,,0.0,35.0,600.0,600.0,600.0,20.0,20.0,0.0,2.0,2.0,0.5268756,0.5268756,0.0,0.0,0.0,0.0,outdoors,48.0,9.0,0.0,,65.0,0.0,0.0,0.0,0.0,0.0,23.0,4166.0,GO,false,,true,true
4181.0,2021_14_SF_CIN,2021,REG,14,2021-12-12,CIN,SF,CIN,SF,home,5.0,1.0,10.0,75.0,600.0,600.0,600.0,20.0,20.0,0.0,2.0,2.0,0.5268756,0.5268756,0.15339924,1.4706918,1.0,0.0,outdoors,48.0,9.0,0.0,,,0.0,0.0,0.0,0.0,0.0,23.0,4181.0,GO,false,,true,true
4209.0,2021_14_SF_CIN,2021,REG,14,2021-12-12,CIN,SF,CIN,SF,home,5.0,1.0,10.0,49.0,573.0,573.0,573.0,20.0,20.0,0.0,2.0,2.0,0.6802749,0.6802749,-0.047826383,-0.4264389,1.0,0.0,outdoors,48.0,9.0,0.0,,,0.0,0.0,0.0,0.0,0.0,23.0,4209.0,GO,false,,true,true
4230.0,2021_14_SF_CIN,2021,REG,14,2021-12-12,CIN,SF,CIN,SF,home,5.0,2.0,10.0,49.0,536.0,536.0,536.0,20.0,20.0,0.0,2.0,2.0,0.6324485,0.6324485,0.22921652,1.8733923,1.0,0.0,outdoors,48.0,9.0,0.0,,,0.0,0.0,0.0,0.0,0.0,23.0,4230.0,GO,false,,true,true
4254.0,2021_14_SF_CIN,2021,REG,14,2021-12-12,CIN,SF,CIN,SF,home,5.0,1.0,10.0,26.0,495.0,495.0,495.0,20.0,20.0,0.0,2.0,2.0,0.861665,0.861665,0.017942728,-0.048571013,1.0,0.0,outdoors,48.0,9.0,0.0,,,0.0,0.0,0.0,0.0,0.0,23.0,4254.0,GO,false,,true,true
4275.0,2021_14_SF_CIN,2021,REG,14,2021-12-12,CIN,SF,CIN,SF,home,5.0,2.0,6.0,22.0,462.0,462.0,462.0,20.0,20.0,0.0,2.0,2.0,0.87960774,0.87960774,-0.0038604403,-0.21154654,0.0,0.0,outdoors,48.0,9.0,0.0,,,0.0,0.0,0.0,0.0,0.0,23.0,4275.0,GO,false,,true,true
4296.0,2021_14_SF_CIN,2021,REG,14,2021-12-12,CIN,SF,CIN,SF,home,5.0,3.0,3.0,19.0,422.0,422.0,422.0,20.0,20.0,0.0,2.0,2.0,0.8757473,0.8757473,-0.003244265,-1.5211974,1.0,0.0,outdoors,48.0,9.0,0.0,,,0.0,0.0,0.0,0.0,0.0,23.0,4296.0,GO,false,,true,true
4315.0,2021_14_SF_CIN,2021,REG,14,2021-12-12,CIN,SF,CIN,SF,home,5.0,4.0,7.0,23.0,379.0,379.0,379.0,20.0,20.0,0.0,2.0,2.0,0.87250304,0.87250304,-0.2939719,0.70911175,0.0,0.0,outdoors,48.0,9.0,1.0,made,41.0,0.0,0.0,0.0,0.0,0.0,23.0,4315.0,FG,false,true,true,true
4334.0,2021_14_SF_CIN,2021,REG,14,2021-12-12,CIN,SF,SF,CIN,away,5.0,,0.0,35.0,375.0,375.0,375.0,20.0,23.0,-3.0,2.0,2.0,0.42146885,0.42146885,-0.0,-0.0,0.0,0.0,outdoors,48.0,9.0,0.0,,65.0,0.0,0.0,0.0,0.0,0.0,24.0,4334.0,GO,false,,false,false
4349.0,2021_14_SF_CIN,2021,REG,14,2021-12-12,CIN,SF,SF,CIN,away,5.0,1.0,10.0,75.0,375.0,375.0,375.0,20.0,23.0,-3.0,2.0,2.0,0.42146885,0.42146885,0.026774082,0.4715033,1.0,0.0,outdoors,48.0,9.0,0.0,,,0.0,0.0,0.0,0.0,0.0,24.0,4349.0,GO,false,,false,false
4373.0,2021_14_SF_CIN,2021,REG,14,2021-12-12,CIN,SF,SF,CIN,away,5.0,2.0,2.0,67.0,335.0,335.0,335.0,20.0,23.0,-3.0,2.0,2.0,0.44824293,0.44824293,-0.08144399,-0.9119595,0.0,0.0,outdoors,48.0,9.0,0.0,,,0.0,0.0,0.0,0.0,0.0,24.0,4373.0,GO,false,,false,false
4399.0,2021_14_SF_CIN,2021,REG,14,2021-12-12,CIN,SF,SF,CIN,away,5.0,2.0,7.0,72.0,335.0,335.0,335.0,20.0,23.0,-3.0,2.0,2.0,0.36679894,0.36679894,0.22637844,2.1937315,1.0,0.0,outdoors,48.0,9.0,0.0,,,0.0,0.0,0.0,0.0,0.0,24.0,4399.0,GO,false,,false,false
4423.0,2021_14_SF_CIN,2021,REG,14,2021-12-12,CIN,SF,SF,CIN,away,5.0,1.0,10.0,47.0,287.0,287.0,287.0,20.0,23.0,-3.0,2.0,2.0,0.5931774,0.5931774,0.19485705,1.2687244,0.0,0.0,outdoors,48.0,9.0,0.0,,,0.0,0.0,0.0,0.0,0.0,24.0,4423.0,GO,false,,false,false
4447.0,2021_14_SF_CIN,2021,REG,14,2021-12-12,CIN,SF,SF,CIN,away,5.0,1.0,10.0,26.0,243.0,243.0,243.0,20.0,23.0,-3.0,2.0,2.0,0.78803444,0.78803444,-0.0011701068,-0.2821322,1.0,0.0,outdoors,48.0,9.0,0.0,,,0.0,0.0,0.0,0.0,0.0,24.0,4447.0,GO,false,,false,false
4471.0,2021_14_SF_CIN,2021,REG,14,2021-12-12,CIN,SF,SF,CIN,away,5.0,2.0,7.0,23.0,202.0,202.0,202.0,20.0,23.0,-3.0,2.0,2.0,0.78686434,0.78686434,-0.017443772,-0.0978157,0.0,0.0,outdoors,48.0,9.0,0.0,,,0.0,0.0,0.0,0.0,0.0,24.0,4471.0,GO,false,,false,false
4509.0,2021_14_SF_CIN,2021,REG,14,2021-12-12,CIN,SF,SF,CIN,away,5.0,3.0,5.0,21.0,154.0,154.0,154.0,20.0,23.0,-3.0,1.0,2.0,0.76942056,0.76942056,0.0845309,1.288882,1.0,0.0,outdoors,48.0,9.0,0.0,,,0.0,0.0,0.0,0.0,0.0,24.0,4509.0,GO,false,,false,false
4550.0,2021_14_SF_CIN,2021,REG,14,2021-12-12,CIN,SF,SF,CIN,away,5.0,1.0,10.0,12.0,120.0,120.0,120.0,20.0,23.0,-3.0,1.0,2.0,0.85395145,0.85395145,0.14604855,2.1969192,0.0,0.0,outdoors,48.0,9.0,0.0,,,0.0,0.0,0.0,0.0,0.0,24.0,4550.0,GO,false,,false,false
4620.0,2021_14_SF_CIN,2021,REG,14,2021-12-12,CIN,SF,CIN,SF,home,5.0,,0.0,,113.0,113.0,113.0,23.0,26.0,-3.0,2.0,1.0,,,,,0.0,0.0,outdoors,48.0,9.0,,,,,,,0.0,0.0,25.0,4620.0,GO,,,true,false
3589.0,2021_18_SF_LA,2021,REG,18,2022-01-09,LA,SF,SF,LA,away,5.0,,0.0,35.0,600.0,600.0,600.0,24.0,24.0,0.0,2.0,2.0,0.5719372,0.5719372,-0.0,-0.0,0.0,0.0,dome,,,0.0,,65.0,0.0,0.0,0.0,0.0,0.0,21.0,3589.0,GO,false,,false,true
3604.0,2021_18_SF_LA,2021,REG,18,2022-01-09,LA,SF,SF,LA,away,5.0,1.0,10.0,75.0,600.0,600.0,600.0,24.0,24.0,0.0,2.0,2.0,0.5719372,0.5719372,-0.054182246,-0.5838046,1.0,0.0,dome,,,0.0,,,0.0,0.0,0.0,0.0,0.0,21.0,3604.0,GO,false,,false,true
3626.0,2021_18_SF_LA,2021,REG,18,2022-01-09,LA,SF,SF,LA,away,5.0,2.0,10.0,75.0,596.0,596.0,596.0,24.0,24.0,0.0,2.0,2.0,0.5177549,0.5177549,0.11456487,1.2146618,1.0,0.0,dome,,,0.0,,,0.0,0.0,0.0,0.0,0.0,21.0,3626.0,GO,false,,false,true
3647.0,2021_18_SF_LA,2021,REG,18,2022-01-09,LA,SF,SF,LA,away,5.0,1.0,10.0,62.0,549.0,549.0,549.0,24.0,24.0,0.0,2.0,2.0,0.6323198,0.6323198,0.04354881,0.62801796,0.0,0.0,dome,,,0.0,,,0.0,0.0,0.0,0.0,0.0,21.0,3647.0,GO,false,,false,true
3668.0,2021_18_SF_LA,2021,REG,18,2022-01-09,LA,SF,SF,LA,away,5.0,2.0,2.0,54.0,513.0,513.0,513.0,24.0,24.0,0.0,2.0,2.0,0.67586863,0.67586863,-0.13693832,-1.3991411,0.0,0.0,dome,,,0.0,,,0.0,0.0,0.0,0.0,0.0,21.0,3668.0,GO,false,,false,true
3700.0,2021_18_SF_LA,2021,REG,18,2022-01-09,LA,SF,SF,LA,away,5.0,2.0,12.0,64.0,490.0,490.0,490.0,24.0,24.0,0.0,2.0,2.0,0.5389303,0.5389303,-0.0054670474,0.03366885,1.0,0.0,dome,,,0.0,,,0.0,0.0,0.0,0.0,0.0,21.0,3700.0,GO,false,,false,true
3724.0,2021_18_SF_LA,2021,REG,18,2022-01-09,LA,SF,SF,LA,away,5.0,3.0,6.0,58.0,449.0,449.0,449.0,24.0,24.0,0.0,2.0,2.0,0.53346324,0.53346324,0.34615955,3.0964494,1.0,0.0,dome,,,0.0,,,0.0,0.0,0.0,0.0,0.0,21.0,3724.0,GO,false,,false,true
3748.0,2021_18_SF_LA,2021,REG,18,2022-01-09,LA,SF,SF,LA,away,5.0,1.0,10.0,24.0,401.0,401.0,401.0,24.0,24.0,0.0,2.0,2.0,0.8796228,0.8796228,-0.016388135,-0.39286852,1.0,0.0,dome,,,0.0,,,0.0,0.0,0.0,0.0,0.0,21.0,3748.0,GO,false,,false,true
3769.0,2021_18_SF_LA,2021,REG,18,2022-01-09,LA,SF,SF,LA,away,5.0,2.0,8.0,22.0,358.0,358.0,358.0,24.0,24.0,0.0,2.0,2.0,0.86323464,0.86323464,0.017789388,0.09435809,0.0,0.0,dome,,,0.0,,,0.0,0.0,0.0,0.0,0.0,21.0,3769.0,GO,false,,false,true
3824.0,2021_18_SF_LA,2021,REG,18,2022-01-09,LA,SF,SF,LA,away,5.0,3.0,3.0,17.0,313.0,313.0,313.0,24.0,24.0,0.0,1.0,1.0,0.88102406,0.88102406,0.040640373,1.2667834,1.0,0.0,dome,,,0.0,,,0.0,0.0,0.0,0.0,0.0,21.0,3824.0,GO,false,,false,true
3848.0,2021_18_SF_LA,2021,REG,18,2022-01-09,LA,SF,SF,LA,away,5.0,1.0,8.0,8.0,266.0,266.0,266.0,24.0,24.0,0.0,1.0,1.0,0.9216644,0.9216644,-0.047203362,-0.23063284,0.0,0.0,dome,,,0.0,,,0.0,0.0,0.0,0.0,0.0,21.0,3848.0,GO,false,,false,true
3886.0,2021_18_SF_LA,2021,REG,18,2022-01-09,LA,SF,SF,LA,away,5.0,2.0,7.0,7.0,219.0,219.0,219.0,24.0,24.0,0.0,0.0,1.0,0.87446105,0.87446105,-0.060795546,-0.8036049,1.0,0.0,dome,,,0.0,,,0.0,0.0,0.0,0.0,0.0,21.0,3886.0,GO,false,,false,true
3907.0,2021_18_SF_LA,2021,REG,18,2022-01-09,LA,SF,SF,LA,away,5.0,3.0,7.0,7.0,177.0,177.0,177.0,24.0,24.0,0.0,0.0,1.0,0.8136655,0.8136655,0.17807691,-1.3656152,1.0,0.0,dome,,,0.0,,,0.0,0.0,0.0,0.0,0.0,21.0,3907.0,GO,false,,false,true
3948.0,2021_18_SF_LA,2021,REG,18,2022-01-09,LA,SF,SF,LA,away,5.0,4.0,6.0,6.0,168.0,168.0,168.0,24.0,24.0,0.0,0.0,0.0,0.99174243,0.99174243,-0.22480938,0.03618605,0.0,0.0,dome,,,1.0,made,24.0,0.0,0.0,0.0,0.0,0.0,21.0,3948.0,FG,false,true,false,true
3967.0,2021_18_SF_LA,2021,REG,18,2022-01-09,LA,SF,LA,SF,home,5.0,,0.0,35.0,165.0,165.0,165.0,24.0,27.0,-3.0,0.0,0.0,0.23306698,0.23306698,0.0,-0.25468713,0.0,0.0,dome,,,0.0,,69.0,0.0,0.0,0.0,0.0,0.0,22.0,3967.0,GO,false,,true,false
3989.0,2021_18_SF_LA,2021,REG,18,2022-01-09,LA,SF,LA,SF,home,5.0,1.0,10.0,82.0,159.0,159.0,159.0,24.0,27.0,-3.0,0.0,0.0,0.23306698,0.23306698,-0.031649,-0.332857,0.0,0.0,dome,,,0.0,,,0.0,0.0,0.0,0.0,0.0,22.0,3989.0,GO,false,,true,false
4011.0,2021_18_SF_LA,2021,REG,18,2022-01-09,LA,SF,LA,SF,home,5.0,2.0,10.0,82.0,155.0,155.0,155.0,24.0,27.0,-3.0,0.0,0.0,0.20141797,0.20141797,-0.036655433,-0.39624593,1.0,0.0,dome,,,0.0,,,0.0,0.0,0.0,0.0,0.0,22.0,4011.0,GO,false,,true,false
4033.0,2021_18_SF_LA,2021,REG,18,2022-01-09,LA,SF,LA,SF,home,5.0,3.0,10.0,82.0,151.0,151.0,151.0,24.0,27.0,-3.0,0.0,0.0,0.16476254,0.16476254,0.10109732,0.9883444,1.0,0.0,dome,,,0.0,,,0.0,0.0,0.0,0.0,0.0,22.0,4033.0,GO,false,,true,false
4066.0,2021_18_SF_LA,2021,REG,18,2022-01-09,LA,SF,LA,SF,home,5.0,1.0,10.0,75.0,147.0,147.0,147.0,24.0,27.0,-3.0,0.0,0.0,0.26585987,0.26585987,0.01849417,0.16249242,1.0,0.0,dome,,,0.0,,,0.0,0.0,0.0,0.0,0.0,22.0,4066.0,GO,false,,true,false
4095.0,2021_18_SF_LA,2021,REG,18,2022-01-09,LA,SF,LA,SF,home,5.0,2.0,1.0,66.0,137.0,137.0,137.0,24.0,27.0,-3.0,0.0,0.0,0.28435403,0.28435403,0.001042648,0.023580926,1.0,0.0,dome,,,0.0,,,0.0,0.0,0.0,0.0,0.0,22.0,4095.0,GO,false,,true,false
4133.0,2021_18_SF_LA,2021,REG,18,2022-01-09,LA,SF,LA,SF,home,5.0,1.0,10.0,62.0,120.0,120.0,120.0,24.0,27.0,-3.0,0.0,0.0,0.2853967,0.2853967,-0.2853967,-1.267582,1.0,0.0,dome,,,0.0,,,0.0,0.0,0.0,0.0,0.0,22.0,4133.0,GO,false,,true,false
4159.0,2021_18_SF_LA,2021,REG,18,2022-01-09,LA,SF,LA,SF,home,5.0,,0.0,,112.0,112.0,112.0,24.0,27.0,-3.0,0.0,0.0,,,,,0.0,0.0,dome,,,,,,,,,0.0,0.0,22.0,4159.0,GO,,,true,false
4217.0,2022_01_IND_HOU,2022,REG,1,2022-09-11,HOU,IND,HOU,IND,home,5.0,,0.0,35.0,600.0,600.0,600.0,20.0,20.0,0.0,2.0,2.0,0.6681481,0.6681481,0.0,0.79709476,0.0,0.0,closed,,,0.0,,25.0,0.0,0.0,0.0,0.0,0.0,24.0,4217.0,GO,false,,true,true
4232.0,2022_01_IND_HOU,2022,REG,1,2022-09-11,HOU,IND,HOU,IND,home,5.0,1.0,10.0,60.0,600.0,600.0,600.0,20.0,20.0,0.0,2.0,2.0,0.6681481,0.6681481,-0.14242555,-1.364253,0.0,0.0,closed,,,0.0,,,0.0,0.0,0.0,0.0,0.0,24.0,4232.0,GO,false,,true,true
4251.0,2022_01_IND_HOU,2022,REG,1,2022-09-11,HOU,IND,HOU,IND,home,5.0,2.0,17.0,67.0,554.0,554.0,554.0,20.0,20.0,0.0,2.0,2.0,0.52572256,0.52572256,-0.08241503,-0.88686234,1.0,0.0,closed,,,0.0,,,0.0,0.0,0.0,0.0,0.0,24.0,4251.0,GO,false,,true,true
4285.0,2022_01_IND_HOU,2022,REG,1,2022-09-11,HOU,IND,HOU,IND,home,5.0,3.0,17.0,67.0,550.0,550.0,550.0,20.0,20.0,0.0,2.0,2.0,0.44330752,0.44330752,-0.03200358,-0.32199448,1.0,0.0,closed,,,0.0,,,0.0,0.0,0.0,0.0,0.0,24.0,4285.0,GO,false,,true,true
4308.0,2022_01_IND_HOU,2022,REG,1,2022-09-11,HOU,IND,HOU,IND,home,5.0,3.0,22.0,72.0,550.0,550.0,550.0,20.0,20.0,0.0,2.0,2.0,0.41130394,0.41130394,-0.119537055,-0.9828653,1.0,0.0,closed,,,0.0,,,0.0,0.0,0.0,0.0,0.0,24.0,4308.0,GO,false,,true,true
4327.0,2022_01_IND_HOU,2022,REG,1,2022-09-11,HOU,IND,HOU,IND,home,5.0,4.0,26.0,76.0,518.0,518.0,518.0,20.0,20.0,0.0,2.0,2.0,0.29176688,0.29176688,0.14055456,-0.1534155,0.0,0.0,closed,,,0.0,,52.0,1.0,0.0,0.0,0.0,0.0,24.0,4327.0,PUNT,false,,true,true
4352.0,2022_01_IND_HOU,2022,REG,1,2022-09-11,HOU,IND,IND,HOU,away,5.0,1.0,10.0,69.0,507.0,507.0,507.0,20.0,20.0,0.0,2.0,2.0,0.5676786,0.5676786,-0.05087144,-0.3044598,0.0,0.0,closed,,,0.0,,,0.0,0.0,0.0,0.0,0.0,25.0,4352.0,GO,false,,false,false
4373.0,2022_01_IND_HOU,2022,REG,1,2022-09-11,HOU,IND,IND,HOU,away,5.0,2.0,10.0,69.0,463.0,463.0,463.0,20.0,20.0,0.0,2.0,2.0,0.51680714,0.51680714,0.09807579,1.0345944,0.0,0.0,closed,,,0.0,,,0.0,0.0,0.0,0.0,0.0,25.0,4373.0,GO,false,,false,false
4394.0,2022_01_IND_HOU,2022,REG,1,2022-09-11,HOU,IND,IND,HOU,away,5.0,1.0,10.0,59.0,425.0,425.0,425.0,20.0,20.0,0.0,2.0,2.0,0.6148829,0.6148829,-0.04845207,-0.487469,0.0,0.0,closed,,,0.0,,,0.0,0.0,0.0,0.0,0.0,25.0,4394.0,GO,false,,false,false
4416.0,2022_01_IND_HOU,2022,REG,1,2022-09-11,HOU,IND,IND,HOU,away,5.0,2.0,10.0,59.0,419.0,419.0,419.0,20.0,20.0,0.0,2.0,2.0,0.5664308,0.5664308,-0.073551476,-0.7382889,1.0,0.0,closed,,,0.0,,,0.0,0.0,0.0,0.0,0.0,25.0,4416.0,GO,false,,false,false
4438.0,2022_01_IND_HOU,2022,REG,1,2022-09-11,HOU,IND,IND,HOU,away,5.0,3.0,10.0,59.0,415.0,415.0,415.0,20.0,20.0,0.0,2.0,2.0,0.49287936,0.49287936,0.19711508,2.063272,1.0,0.0,closed,,,0.0,,,0.0,0.0,0.0,0.0,0.0,25.0,4438.0,GO,false,,false,false
4462.0,2022_01_IND_HOU,2022,REG,1,2022-09-11,HOU,IND,IND,HOU,away,5.0,1.0,10.0,47.0,372.0,372.0,372.0,20.0,20.0,0.0,2.0,2.0,0.68999445,0.68999445,-0.11333064,-1.0932562,0.0,0.0,closed,,,0.0,,,0.0,0.0,0.0,0.0,0.0,25.0,4462.0,GO,false,,false,false
4488.0,2022_01_IND_HOU,2022,REG,1,2022-09-11,HOU,IND,IND,HOU,away,5.0,2.0,13.0,50.0,327.0,327.0,327.0,20.0,20.0,0.0,2.0,2.0,0.5766638,0.5766638,0.19025615,1.6814597,1.0,0.0,closed,,,0.0,,,0.0,0.0,0.0,0.0,0.0,25.0,4488.0,GO,false,,false,false
4512.0,2022_01_IND_HOU,2022,REG,1,2022-09-11,HOU,IND,IND,HOU,away,5.0,1.0,10.0,35.0,295.0,295.0,295.0,20.0,20.0,0.0,2.0,2.0,0.7669199,0.7669199,-0.097137734,-0.9395565,1.0,0.0,closed,,,0.0,,,0.0,0.0,0.0,0.0,0.0,25.0,4512.0,GO,false,,false,false
4533.0,2022_01_IND_HOU,2022,REG,1,2022-09-11,HOU,IND,IND,HOU,away,5.0,2.0,12.0,37.0,252.0,252.0,252.0,20.0,20.0,0.0,2.0,2.0,0.6697822,0.6697822,0.16724852,1.5581195,1.0,0.0,closed,,,0.0,,,0.0,0.0,0.0,0.0,0.0,25.0,4533.0,GO,false,,false,false
4557.0,2022_01_IND_HOU,2022,REG,1,2022-09-11,HOU,IND,IND,HOU,away,5.0,1.0,10.0,24.0,212.0,212.0,212.0,20.0,20.0,0.0,2.0,2.0,0.8370307,0.8370307,0.027628405,0.6249327,0.0,0.0,closed,,,0.0,,,0.0,0.0,0.0,0.0,0.0,25.0,4557.0,GO,false,,false,false
4578.0,2022_01_IND_HOU,2022,REG,1,2022-09-11,HOU,IND,IND,HOU,away,5.0,2.0,2.0,16.0,173.0,173.0,173.0,20.0,20.0,0.0,2.0,2.0,0.86465913,0.86465913,-0.04025683,-0.97455406,1.0,0.0,closed,,,0.0,,,0.0,0.0,0.0,0.0,0.0,25.0,4578.0,GO,false,,false,false
4599.0,2022_01_IND_HOU,2022,REG,1,2022-09-11,HOU,IND,IND,HOU,away,5.0,3.0,5.0,19.0,127.0,127.0,127.0,20.0,20.0,0.0,2.0,2.0,0.8244023,0.8244023,0.0379893,-1.5900991,0.0,0.0,closed,,,0.0,,,0.0,0.0,0.0,0.0,0.0,25.0,4599.0,GO,false,,false,false
4635.0,2022_01_IND_HOU,2022,REG,1,2022-09-11,HOU,IND,IND,HOU,away,5.0,4.0,10.0,24.0,120.0,120.0,120.0,20.0,20.0,0.0,2.0,2.0,0.8623916,0.8623916,-0.28459918,-3.8166742,0.0,0.0,closed,,,1.0,missed,42.0,0.0,0.0,0.0,0.0,0.0,25.0,4635.0,FG,false,false,false,false
4655.0,2022_01_IND_HOU,2022,REG,1,2022-09-11,HOU,IND,HOU,IND,home,5.0,1.0,10.0,68.0,117.0,117.0,117.0,20.0,20.0,0.0,2.0,2.0,0.42220762,0.42220762,0.04045394,0.29140064,1.0,0.0,closed,,,0.0,,,0.0,0.0,0.0,0.0,0.0,26.0,4655.0,GO,false,,true,false
4679.0,2022_01_IND_HOU,2022,REG,1,2022-09-11,HOU,IND,HOU,IND,home,5.0,2.0,2.0,60.0,88.0,88.0,88.0,20.0,20.0,0.0,2.0,2.0,0.46266153,0.46266153,-0.06865743,-0.5329029,1.0,0.0,closed,,,0.0,,,0.0,0.0,0.0,0.0,0.0,26.0,4679.0,GO,false,,true,false
4707.0,2022_01_IND_HOU,2022,REG,1,2022-09-11,HOU,IND,HOU,IND,home,5.0,2.0,7.0,65.0,88.0,88.0,88.0,20.0,20.0,0.0,2.0,2.0,0.39400414,0.39400414,0.08856138,0.5664236,1.0,0.0,closed,,,0.0,,,0.0,0.0,0.0,0.0,0.0,26.0,4707.0,GO,false,,true,false
4731.0,2022_01_IND_HOU,2022,REG,1,2022-09-11,HOU,IND,HOU,IND,home,5.0,1.0,10.0,56.0,66.0,66.0,66.0,20.0,20.0,0.0,2.0,2.0,0.4825655,0.4825655,0.07386125,0.49242026,1.0,1.0,closed,,,0.0,,,0.0,0.0,0.0,0.0,0.0,26.0,4731.0,GO,false,,true,false
4755.0,2022_01_IND_HOU,2022,REG,1,2022-09-11,HOU,IND,HOU,IND,home,5.0,2.0,1.0,47.0,45.0,45.0,45.0,20.0,20.0,0.0,2.0,2.0,0.55642676,0.55642676,-0.07623275,-0.30738956,1.0,1.0,closed,,,0.0,,,0.0,0.0,0.0,0.0,0.0,26.0,4755.0,GO,false,,true,false
4794.0,2022_01_IND_HOU,2022,REG,1,2022-09-11,HOU,IND,HOU,IND,home,5.0,3.0,1.0,47.0,40.0,40.0,40.0,20.0,20.0,0.0,1.0,2.0,0.480194,0.480194,-0.35759985,-1.6704121,0.0,0.0,closed,,,0.0,,,0.0,0.0,0.0,0.0,0.0,26.0,4794.0,GO,false,,true,false
4834.0,2022_01_IND_HOU,2022,REG,1,2022-09-11,HOU,IND,HOU,IND,home,5.0,4.0,3.0,49.0,26.0,26.0,26.0,20.0,20.0,0.0,1.0,1.0,0.12259414,0.12259414,0.83160937,-0.33546215,0.0,0.0,closed,,,0.0,,43.0,1.0,0.0,0.0,0.0,0.0,26.0,4834.0,PUNT,false,,true,false
4858.0,2022_01_IND_HOU,2022,REG,1,2022-09-11,HOU,IND,IND,HOU,away,5.0,1.0,10.0,94.0,20.0,20.0,20.0,20.0,20.0,0.0,1.0,1.0,0.045796487,0.045796487,-0.027485976,-0.06780407,1.0,0.0,closed,,,0.0,,,0.0,0.0,0.0,0.0,0.0,27.0,4858.0,GO,false,,false,false
4905.0,2022_01_IND_HOU,2022,REG,1,2022-09-11,HOU,IND,IND,HOU,away,5.0,2.0,9.0,93.0,2.0,2.0,2.0,20.0,20.0,0.0,0.0,1.0,0.018310511,0.018310511,0.48168948,0.097717136,1.0,0.0,closed,,,0.0,,,0.0,0.0,0.0,0.0,0.0,27.0,4905.0,GO,false,,false,false
4929.0,2022_01_IND_HOU,2022,REG,1,2022-09-11,HOU,IND,IND,HOU,away,5.0,,0.0,,0.0,0.0,0.0,20.0,20.0,0.0,0.0,1.0,,,,,0.0,0.0,closed,,,,,,,,,0.0,0.0,27.0,4929.0,GO,,,false,false
4034.0,2021_18_PIT_BAL,2021,REG,18,2022-01-09,BAL,PIT,BAL,PIT,home,5.0,,0.0,35.0,600.0,600.0,600.0,13.0,13.0,0.0,2.0,2.0,0.51229286,0.51229286,0.0,-0.1348734,0.0,0.0,outdoors,36.0,0.0,0.0,,59.0,0.0,0.0,0.0,0.0,0.0,28.0,4034.0,GO,false,,true,true
4056.0,2021_18_PIT_BAL,2021,REG,18,2022-01-09,BAL,PIT,BAL,PIT,home,5.0,1.0,10.0,76.0,594.0,594.0,594.0,13.0,13.0,0.0,2.0,2.0,0.51229286,0.51229286,0.04852316,0.5181826,1.0,0.0,outdoors,36.0,0.0,0.0,,,0.0,0.0,0.0,0.0,0.0,28.0,4056.0,GO,false,,true,true
4077.0,2021_18_PIT_BAL,2021,REG,18,2022-01-09,BAL,PIT,BAL,PIT,home,5.0,1.0,10.0,65.0,555.0,555.0,555.0,13.0,13.0,0.0,2.0,2.0,0.56081605,0.56081605,-0.008953377,-0.03820849,1.0,0.0,outdoors,36.0,0.0,0.0,,,0.0,0.0,0.0,0.0,0.0,28.0,4077.0,GO,false,,true,true
4098.0,2021_18_PIT_BAL,2021,REG,18,2022-01-09,BAL,PIT,BAL,PIT,home,5.0,2.0,6.0,61.0,516.0,516.0,516.0,13.0,13.0,0.0,2.0,2.0,0.55186266,0.55186266,-0.011237886,0.08010313,1.0,0.0,outdoors,36.0,0.0,0.0,,,0.0,0.0,0.0,0.0,0.0,28.0,4098.0,GO,false,,true,true
4119.0,2021_18_PIT_BAL,2021,REG,18,2022-01-09,BAL,PIT,BAL,PIT,home,5.0,3.0,2.0,57.0,473.0,473.0,473.0,13.0,13.0,0.0,2.0,2.0,0.5406248,0.5406248,0.06987027,0.7727283,1.0,0.0,outdoors,36.0,0.0,0.0,,,0.0,0.0,0.0,0.0,0.0,28.0,4119.0,GO,false,,true,true
4140.0,2021_18_PIT_BAL,2021,REG,18,2022-01-09,BAL,PIT,BAL,PIT,home,5.0,1.0,10.0,54.0,435.0,435.0,435.0,13.0,13.0,0.0,2.0,2.0,0.61049503,0.61049503,-0.057615027,-0.5163268,1.0,0.0,outdoors,36.0,0.0,0.0,,,0.0,0.0,0.0,0.0,0.0,28.0,4140.0,GO,false,,true,true
4161.0,2021_18_PIT_BAL,2021,REG,18,2022-01-09,BAL,PIT,BAL,PIT,home,5.0,2.0,9.0,53.0,398.0,398.0,398.0,13.0,13.0,0.0,2.0,2.0,0.55288005,0.55288005,-0.07353898,-0.6945407,1.0,0.0,outdoors,36.0,0.0,0.0,,,0.0,0.0,0.0,0.0,0.0,28.0,4161.0,GO,false,,true,true
4183.0,2021_18_PIT_BAL,2021,REG,18,2022-01-09,BAL,PIT,BAL,PIT,home,5.0,3.0,9.0,53.0,395.0,395.0,395.0,13.0,13.0,0.0,2.0,2.0,0.47934103,0.47934103,-0.14603956,-1.3154805,1.0,0.0,outdoors,36.0,0.0,0.0,,,0.0,0.0,0.0,0.0,0.0,28.0,4183.0,GO,false,,true,true
4205.0,2021_18_PIT_BAL,2021,REG,18,2022-01-09,BAL,PIT,BAL,PIT,home,5.0,4.0,9.0,53.0,391.0,391.0,391.0,13.0,13.0,0.0,2.0,2.0,0.33330148,0.33330148,0.30156752,-0.1524334,0.0,0.0,outdoors,36.0,0.0,0.0,,36.0,1.0,0.0,0.0,0.0,0.0,28.0,4205.0,PUNT,false,,true,true
4224.0,2021_18_PIT_BAL,2021,REG,18,2022-01-09,BAL,PIT,PIT,BAL,away,5.0,1.0,10.0,83.0,384.0,384.0,384.0,13.0,13.0,0.0,2.0,2.0,0.365131,0.365131,0.042187262,0.52656,1.0,0.0,outdoors,36.0,0.0,0.0,,,0.0,0.0,0.0,0.0,0.0,29.0,4224.0,GO,false,,false,false
4248.0,2021_18_PIT_BAL,2021,REG,18,2022-01-09,BAL,PIT,PIT,BAL,away,5.0,1.0,10.0,72.0,354.0,354.0,354.0,13.0,13.0,0.0,2.0,2.0,0.40731823,0.40731823,-0.014481408,-0.1005325,1.0,0.0,outdoors,36.0,0.0,0.0,,,0.0,0.0,0.0,0.0,0.0,29.0,4248.0,GO,false,,false,false
4277.0,2021_18_PIT_BAL,2021,REG,18,2022-01-09,BAL,PIT,PIT,BAL,away,5.0,2.0,7.0,69.0,322.0,322.0,322.0,13.0,13.0,0.0,2.0,2.0,0.39283684,0.39283684,-0.05248571,-0.56206477,1.0,0.0,outdoors,36.0,0.0,0.0,,,0.0,0.0,0.0,0.0,0.0,29.0,4277.0,GO,false,,false,false
4299.0,2021_18_PIT_BAL,2021,REG,18,2022-01-09,BAL,PIT,PIT,BAL,away,5.0,3.0,7.0,69.0,318.0,318.0,318.0,13.0,13.0,0.0,2.0,2.0,0.34035113,0.34035113,0.17040364,1.7937477,1.0,0.0,outdoors,36.0,0.0,0.0,,,0.0,0.0,0.0,0.0,0.0,29.0,4299.0,GO,false,,false,false
4327.0,2021_18_PIT_BAL,2021,REG,18,2022-01-09,BAL,PIT,PIT,BAL,away,5.0,1.0,10.0,55.0,288.0,288.0,288.0,13.0,13.0,0.0,2.0,2.0,0.51075476,0.51075476,-0.06266597,-0.5232502,1.0,0.0,outdoors,36.0,0.0,0.0,,,0.0,0.0,0.0,0.0,0.0,29.0,4327.0,GO,false,,false,false
4351.0,2021_18_PIT_BAL,2021,REG,18,2022-01-09,BAL,PIT,PIT,BAL,away,5.0,2.0,9.0,54.0,252.0,252.0,252.0,13.0,13.0,0.0,2.0,2.0,0.4480888,0.4480888,-0.08796689,-0.66439825,0.0,0.0,outdoors,36.0,0.0,0.0,,,0.0,0.0,0.0,0.0,0.0,29.0,4351.0,GO,false,,false,false
4372.0,2021_18_PIT_BAL,2021,REG,18,2022-01-09,BAL,PIT,PIT,BAL,away,5.0,3.0,9.0,54.0,208.0,208.0,208.0,13.0,13.0,0.0,2.0,2.0,0.3601219,0.3601219,0.19720395,1.7392464,1.0,0.0,outdoors,36.0,0.0,0.0,,,0.0,0.0,0.0,0.0,0.0,29.0,4372.0,GO,false,,false,false
4396.0,2021_18_PIT_BAL,2021,REG,18,2022-01-09,BAL,PIT,PIT,BAL,away,5.0,1.0,10.0,43.0,202.0,202.0,202.0,13.0,13.0,0.0,2.0,2.0,0.55732584,0.55732584,-0.059770785,-0.40762302,1.0,0.0,outdoors,36.0,0.0,0.0,,,0.0,0.0,0.0,0.0,0.0,29.0,4396.0,GO,false,,false,false
4417.0,2021_18_PIT_BAL,2021,REG,18,2022-01-09,BAL,PIT,PIT,BAL,away,5.0,2.0,8.0,41.0,158.0,158.0,158.0,13.0,13.0,0.0,2.0,2.0,0.49755508,0.49755508,-0.05306545,-0.301879,1.0,0.0,outdoors,36.0,0.0,0.0,,,0.0,0.0,0.0,0.0,0.0,29.0,4417.0,GO,false,,false,false
4456.0,2021_18_PIT_BAL,2021,REG,18,2022-01-09,BAL,PIT,PIT,BAL,away,5.0,3.0,8.0,41.0,152.0,152.0,152.0,13.0,13.0,0.0,1.0,2.0,0.44448963,0.44448963,-0.17125507,-0.8686597,1.0,0.0,outdoors,36.0,0.0,0.0,,,0.0,0.0,0.0,0.0,0.0,29.0,4456.0,GO,false,,false,false
4495.0,2021_18_PIT_BAL,2021,REG,18,2022-01-09,BAL,PIT,PIT,BAL,away,5.0,4.0,8.0,41.0,148.0,148.0,148.0,13.0,13.0,0.0,0.0,2.0,0.27323458,0.27323458,0.34946012,2.400383,1.0,0.0,outdoors,36.0,0.0,0.0,,,0.0,1.0,0.0,0.0,0.0,29.0,4495.0,GO,true,,false,false
4542.0,2021_18_PIT_BAL,2021,REG,18,2022-01-09,BAL,PIT,PIT,BAL,away,5.0,1.0,10.0,31.0,138.0,138.0,138.0,13.0,13.0,0.0,0.0,1.0,0.6226947,0.6226947,-0.19704422,-1.3864999,0.0,0.0,outdoors,36.0,0.0,0.0,,,0.0,0.0,0.0,0.0,0.0,29.0,4542.0,GO,false,,false,false
4580.0,2021_18_PIT_BAL,2021,REG,18,2022-01-09,BAL,PIT,PIT,BAL,away,5.0,2.0,10.0,31.0,133.0,133.0,133.0,13.0,13.0,0.0,0.0,0.0,0.42565048,0.42565048,0.26587108,1.90515,0.0,0.0,outdoors,36.0,0.0,0.0,,,0.0,0.0,0.0,0.0,0.0,29.0,4580.0,GO,false,,false,false
4607.0,2021_18_PIT_BAL,2021,REG,18,2022-01-09,BAL,PIT,PIT,BAL,away,5.0,1.0,10.0,16.0,126.0,126.0,126.0,13.0,13.0,0.0,0.0,0.0,0.6915215,0.6915215,,-1.2429296,0.0,0.0,outdoors,36.0,0.0,0.0,,,0.0,0.0,0.0,0.0,1.0,29.0,4607.0,GO,false,,false,false
4645.0,2021_18_PIT_BAL,2021,REG,18,2022-01-09,BAL,PIT,PIT,BAL,away,5.0,2.0,12.0,18.0,120.0,120.0,120.0,13.0,13.0,0.0,0.0,0.0,0.9080594,0.9080594,0.09194058,0.36645886,0.0,0.0,outdoors,36.0,0.0,1.0,made,36.0,0.0,0.0,0.0,0.0,0.0,29.0,4645.0,FG,false,true,false,false
4667.0,2021_18_PIT_BAL,2021,REG,18,2022-01-09,BAL,PIT,BAL,PIT,home,5.0,,0.0,,116.0,116.0,116.0,13.0,16.0,-3.0,0.0,0.0,,,,,0.0,0.0,outdoors,36.0,0.0,,,,,,,0.0,0.0,30.0,4667.0,GO,,,true,false
4677.0,2021_18_LAC_LV,2021,REG,18,2022-01-09,LV,LAC,LV,LAC,home,5.0,,0.0,35.0,600.0,600.0,600.0,29.0,29.0,0.0,2.0,2.0,0.58799726,0.58799726,0.0,0.0,0.0,0.0,dome,,,0.0,,65.0,0.0,0.0,0.0,0.0,0.0,22.0,4677.0,GO,false,,true,true
4693.0,2021_18_LAC_LV,2021,REG,18,2022-01-09,LV,LAC,LV,LAC,home,5.0,1.0,10.0,75.0,600.0,600.0,600.0,29.0,29.0,0.0,2.0,2.0,0.58799726,0.58799726,-0.054299895,-0.57928985,0.0,0.0,dome,,,0.0,,,0.0,0.0,0.0,0.0,0.0,22.0,4693.0,GO,false,,true,true
4715.0,2021_18_LAC_LV,2021,REG,18,2022-01-09,LV,LAC,LV,LAC,home,5.0,2.0,10.0,75.0,592.0,592.0,592.0,29.0,29.0,0.0,2.0,2.0,0.53369737,0.53369737,0.19957109,2.0453522,0.0,0.0,dome,,,0.0,,,0.0,0.0,0.0,0.0,0.0,22.0,4715.0,GO,false,,true,true
4736.0,2021_18_LAC_LV,2021,REG,18,2022-01-09,LV,LAC,LV,LAC,home,5.0,1.0,10.0,47.0,556.0,556.0,556.0,29.0,29.0,0.0,2.0,2.0,0.73326844,0.73326844,0.12888724,1.0413506,0.0,0.0,dome,,,0.0,,,0.0,0.0,0.0,0.0,0.0,22.0,4736.0,GO,false,,true,true
4757.0,2021_18_LAC_LV,2021,REG,18,2022-01-09,LV,LAC,LV,LAC,home,5.0,1.0,10.0,29.0,514.0,514.0,514.0,29.0,29.0,0.0,2.0,2.0,0.8621557,0.8621557,-0.028884063,-0.43601987,0.0,0.0,dome,,,0.0,,,0.0,0.0,0.0,0.0,0.0,22.0,4757.0,GO,false,,true,true
4778.0,2021_18_LAC_LV,2021,REG,18,2022-01-09,LV,LAC,LV,LAC,home,5.0,2.0,10.0,29.0,475.0,475.0,475.0,29.0,29.0,0.0,2.0,2.0,0.8332716,0.8332716,0.05052597,0.2563669,0.0,0.0,dome,,,0.0,,,0.0,0.0,0.0,0.0,0.0,22.0,4778.0,GO,false,,true,true
4807.0,2021_18_LAC_LV,2021,REG,18,2022-01-09,LV,LAC,LV,LAC,home,5.0,3.0,3.0,22.0,440.0,440.0,440.0,29.0,29.0,0.0,2.0,2.0,0.8837976,0.8837976,0.0015927998,-1.57176,1.0,0.0,dome,,,0.0,,,0.0,0.0,0.0,0.0,0.0,22.0,4807.0,GO,false,,true,true
4829.0,2021_18_LAC_LV,2021,REG,18,2022-01-09,LV,LAC,LV,LAC,home,5.0,4.0,3.0,22.0,434.0,434.0,434.0,29.0,29.0,0.0,2.0,2.0,0.8853904,0.8853904,-0.40044463,0.71059835,0.0,0.0,dome,,,1.0,made,40.0,0.0,0.0,0.0,0.0,0.0,22.0,4829.0,FG,false,true,true,true
4848.0,2021_18_LAC_LV,2021,REG,18,2022-01-09,LV,LAC,LAC,LV,away,5.0,,0.0,35.0,429.0,429.0,429.0,29.0,32.0,-3.0,2.0,2.0,0.5150542,0.5150542,-0.0,-0.0,0.0,0.0,dome,,,0.0,,65.0,0.0,0.0,0.0,0.0,0.0,23.0,4848.0,GO,false,,false,false
4863.0,2021_18_LAC_LV,2021,REG,18,2022-01-09,LV,LAC,LAC,LV,away,5.0,1.0,10.0,75.0,429.0,429.0,429.0,29.0,32.0,-3.0,2.0,2.0,0.5150542,0.5150542,-0.08177184,-0.759957,1.0,0.0,dome,,,0.0,,,0.0,0.0,0.0,0.0,0.0,23.0,4863.0,GO,false,,false,false
4898.0,2021_18_LAC_LV,2021,REG,18,2022-01-09,LV,LAC,LAC,LV,away,5.0,1.0,15.0,80.0,406.0,406.0,406.0,29.0,32.0,-3.0,2.0,2.0,0.43328238,0.43328238,0.005901915,0.08255655,1.0,0.0,dome,,,0.0,,,0.0,0.0,0.0,0.0,0.0,23.0,4898.0,GO,false,,false,false
4922.0,2021_18_LAC_LV,2021,REG,18,2022-01-09,LV,LAC,LAC,LV,away,5.0,2.0,9.0,74.0,372.0,372.0,372.0,29.0,32.0,-3.0,2.0,2.0,0.4391843,0.4391843,-0.061022367,-0.6763193,1.0,0.0,dome,,,0.0,,,0.0,0.0,0.0,0.0,0.0,23.0,4922.0,GO,false,,false,false
4944.0,2021_18_LAC_LV,2021,REG,18,2022-01-09,LV,LAC,LAC,LV,away,5.0,3.0,9.0,74.0,367.0,367.0,367.0,29.0,32.0,-3.0,2.0,2.0,0.37816194,0.37816194,-0.11999459,-1.2404921,1.0,0.0,dome,,,0.0,,,0.0,0.0,0.0,0.0,0.0,23.0,4944.0,GO,false,,false,false
4966.0,2021_18_LAC_LV,2021,REG,18,2022-01-09,LV,LAC,LAC,LV,away,5.0,4.0,9.0,74.0,362.0,362.0,362.0,29.0,32.0,-3.0,2.0,2.0,0.25816736,0.25816736,0.58827627,5.434425,1.0,0.0,dome,,,0.0,,,0.0,1.0,0.0,0.0,0.0,23.0,4966.0,GO,true,,false,false
4990.0,2021_18_LAC_LV,2021,REG,18,2022-01-09,LV,LAC,LAC,LV,away,5.0,1.0,10.0,27.0,322.0,322.0,322.0,29.0,32.0,-3.0,2.0,2.0,0.8464436,0.8464436,0.0005141345,-0.11858906,0.0,0.0,dome,,,0.0,,,0.0,0.0,0.0,0.0,0.0,23.0,4990.0,GO,false,,false,false
5011.0,2021_18_LAC_LV,2021,REG,18,2022-01-09,LV,LAC,LAC,LV,away,5.0,2.0,6.0,23.0,284.0,284.0,284.0,29.0,32.0,-3.0,2.0,2.0,0.84695774,0.84695774,-0.012645414,-0.57581204,1.0,0.0,dome,,,0.0,,,0.0,0.0,0.0,0.0,0.0,23.0,5011.0,GO,false,,false,false
5033.0,2021_18_LAC_LV,2021,REG,18,2022-01-09,LV,LAC,LAC,LV,away,5.0,3.0,6.0,23.0,280.0,280.0,280.0,29.0,32.0,-3.0,2.0,2.0,0.8343123,0.8343123,0.030313674,-1.2587886,1.0,0.0,dome,,,0.0,,,0.0,0.0,0.0,0.0,0.0,23.0,5033.0,GO,false,,false,false
5055.0,2021_18_LAC_LV,2021,REG,18,2022-01-09,LV,LAC,LAC,LV,away,5.0,4.0,6.0,23.0,275.0,275.0,275.0,29.0,32.0,-3.0,2.0,2.0,0.864626,0.864626,-0.3018257,0.78431964,0.0,0.0,dome,,,1.0,made,41.0,0.0,0.0,0.0,0.0,0.0,23.0,5055.0,FG,false,true,false,false
5074.0,2021_18_LAC_LV,2021,REG,18,2022-01-09,LV,LAC,LV,LAC,home,5.0,,0.0,35.0,270.0,270.0,270.0,32.0,32.0,0.0,2.0,2.0,0.43719968,0.43719968,0.0,0.0,0.0,0.0,dome,,,0.0,,65.0,0.0,0.0,0.0,0.0,0.0,24.0,5074.0,GO,false,,true,false
5089.0,2021_18_LAC_LV,2021,REG,18,2022-01-09,LV,LAC,LV,LAC,home,5.0,1.0,10.0,75.0,270.0,270.0,270.0,32.0,32.0,0.0,2.0,2.0,0.43719968,0.43719968,0.09026853,0.97937346,0.0,0.0,dome,,,0.0,,,0.0,0.0,0.0,0.0,0.0,24.0,5089.0,GO,false,,true,false
5113.0,2021_18_LAC_LV,2021,REG,18,2022-01-09,LV,LAC,LV,LAC,home,5.0,1.0,10.0,58.0,233.0,233.0,233.0,32.0,32.0,0.0,2.0,2.0,0.5274682,0.5274682,0.0151031045,0.2430675,0.0,0.0,dome,,,0.0,,,0.0,0.0,0.0,0.0,0.0,24.0,5113.0,GO,false,,true,false
5134.0,2021_18_LAC_LV,2021,REG,18,2022-01-09,LV,LAC,LV,LAC,home,5.0,2.0,3.0,51.0,189.0,189.0,189.0,32.0,32.0,0.0,2.0,2.0,0.5425713,0.5425713,-0.14747564,-1.1682935,1.0,0.0,dome,,,0.0,,,0.0,0.0,0.0,0.0,0.0,24.0,5134.0,GO,false,,true,false
5158.0,2021_18_LAC_LV,2021,REG,18,2022-01-09,LV,LAC,LV,LAC,home,5.0,3.0,8.0,56.0,144.0,144.0,144.0,32.0,32.0,0.0,2.0,2.0,0.39509568,0.39509568,0.19301367,1.741751,1.0,0.0,dome,,,0.0,,,0.0,0.0,0.0,0.0,0.0,24.0,5158.0,GO,false,,true,false
5199.0,2021_18_LAC_LV,2021,REG,18,2022-01-09,LV,LAC,LV,LAC,home,5.0,1.0,10.0,45.0,120.0,120.0,120.0,32.0,32.0,0.0,2.0,2.0,0.5881093,0.5881093,-0.081726834,-0.60673386,0.0,0.0,dome,,,0.0,,,0.0,0.0,0.0,0.0,0.0,24.0,5199.0,GO,false,,true,false
5220.0,2021_18_LAC_LV,2021,REG,18,2022-01-09,LV,LAC,LV,LAC,home,5.0,2.0,11.0,46.0,80.0,80.0,80.0,32.0,32.0,0.0,2.0,2.0,0.5063825,0.5063825,0.03858068,0.013577585,1.0,0.0,dome,,,0.0,,,0.0,0.0,0.0,0.0,0.0,24.0,5220.0,GO,false,,true,false
5258.0,2021_18_LAC_LV,2021,REG,18,2022-01-09,LV,LAC,LV,LAC,home,5.0,3.0,4.0,39.0,38.0,38.0,38.0,32.0,32.0,0.0,2.0,1.0,0.5449632,0.5449632,0.2061763,0.03835076,0.0,0.0,dome,,,0.0,,,0.0,0.0,0.0,0.0,0.0,24.0,5258.0,GO,false,,true,false
5302.0,2021_18_LAC_LV,2021,REG,18,2022-01-09,LV,LAC,LV,LAC,home,5.0,1.0,10.0,29.0,2.0,2.0,2.0,32.0,32.0,0.0,1.0,1.0,0.75113946,0.75113946,0.24886052,0.74658155,0.0,0.0,dome,,,1.0,made,47.0,0.0,0.0,0.0,0.0,0.0,24.0,5302.0,FG,false,true,true,false
5321.0,2021_18_LAC_LV,2021,REG,18,2022-01-09,LV,LAC,LV,LAC,home,5.0,,0.0,,0.0,0.0,0.0,35.0,32.0,3.0,1.0,1.0,,,,,0.0,0.0,dome,,,,,,,,,0.0,0.0,24.0,5321.0,GO,,,true,false
4139.0,2022_01_PIT_CIN,2022,REG,1,2022-09-11,CIN,PIT,PIT,CIN,away,5.0,,0.0,35.0,600.0,600.0,600.0,20.0,20.0,0.0,2.0,2.0,0.50375366,0.50375366,-0.0,-0.0,0.0,0.0,outdoors,,,0.0,,65.0,0.0,0.0,0.0,0.0,0.0,25.0,4139.0,GO,false,,false,true
4154.0,2022_01_PIT_CIN,2022,REG,1,2022-09-11,CIN,PIT,PIT,CIN,away,5.0,1.0,10.0,75.0,600.0,600.0,600.0,20.0,20.0,0.0,2.0,2.0,0.50375366,0.50375366,-0.055063043,-0.5169901,0.0,0.0,outdoors,,,0.0,,,0.0,0.0,0.0,0.0,0.0,25.0,4154.0,GO,false,,false,true
4175.0,2022_01_PIT_CIN,2022,REG,1,2022-09-11,CIN,PIT,PIT,CIN,away,5.0,2.0,8.0,73.0,561.0,561.0,561.0,20.0,20.0,0.0,2.0,2.0,0.44869065,0.44869065,-0.0070063593,0.0801521,1.0,0.0,outdoors,,,0.0,,,0.0,0.0,0.0,0.0,0.0,25.0,4175.0,GO,false,,false,true
4199.0,2022_01_PIT_CIN,2022,REG,1,2022-09-11,CIN,PIT,PIT,CIN,away,5.0,3.0,3.0,68.0,517.0,517.0,517.0,20.0,20.0,0.0,2.0,2.0,0.44168428,0.44168428,-0.1323481,-1.3117306,1.0,0.0,outdoors,,,0.0,,,0.0,0.0,0.0,0.0,0.0,25.0,4199.0,GO,false,,false,true
4221.0,2022_01_PIT_CIN,2022,REG,1,2022-09-11,CIN,PIT,PIT,CIN,away,5.0,4.0,3.0,68.0,511.0,511.0,511.0,20.0,20.0,0.0,2.0,2.0,0.3093362,0.3093362,0.18667348,-0.3446748,0.0,0.0,outdoors,,,0.0,,48.0,1.0,0.0,0.0,0.0,0.0,25.0,4221.0,PUNT,false,,false,true
4246.0,2022_01_PIT_CIN,2022,REG,1,2022-09-11,CIN,PIT,CIN,PIT,home,5.0,1.0,10.0,75.0,501.0,501.0,501.0,20.0,20.0,0.0,2.0,2.0,0.50399035,0.50399035,0.06755494,0.66528684,1.0,0.0,outdoors,,,0.0,,,0.0,0.0,0.0,0.0,0.0,26.0,4246.0,GO,false,,true,false
4279.0,2022_01_PIT_CIN,2022,REG,1,2022-09-11,CIN,PIT,CIN,PIT,home,5.0,1.0,10.0,63.0,496.0,496.0,496.0,20.0,20.0,0.0,2.0,2.0,0.5715453,0.5715453,-0.08011287,-0.61411315,0.0,0.0,outdoors,,,0.0,,,0.0,0.0,0.0,0.0,0.0,26.0,4279.0,GO,false,,true,false
4300.0,2022_01_PIT_CIN,2022,REG,1,2022-09-11,CIN,PIT,CIN,PIT,home,5.0,2.0,11.0,64.0,457.0,457.0,457.0,20.0,20.0,0.0,2.0,2.0,0.49143243,0.49143243,0.13782421,1.3705393,1.0,0.0,outdoors,,,0.0,,,0.0,0.0,0.0,0.0,0.0,26.0,4300.0,GO,false,,true,false
4324.0,2022_01_PIT_CIN,2022,REG,1,2022-09-11,CIN,PIT,CIN,PIT,home,5.0,1.0,10.0,50.0,412.0,412.0,412.0,20.0,20.0,0.0,2.0,2.0,0.62925667,0.62925667,0.06917436,0.5843651,1.0,0.0,outdoors,,,0.0,,,0.0,0.0,0.0,0.0,0.0,26.0,4324.0,GO,false,,true,false
4353.0,2022_01_PIT_CIN,2022,REG,1,2022-09-11,CIN,PIT,CIN,PIT,home,5.0,1.0,10.0,40.0,368.0,368.0,368.0,20.0,20.0,0.0,2.0,2.0,0.698431,0.698431,0.0664893,0.39563674,1.0,0.0,outdoors,,,0.0,,,0.0,0.0,0.0,0.0,0.0,26.0,4353.0,GO,false,,true,false
4540.0,2022_01_PIT_CIN,2022,REG,1,2022-09-11,CIN,PIT,CIN,PIT,home,5.0,2.0,3.0,33.0,326.0,326.0,326.0,20.0,20.0,0.0,2.0,2.0,0.7649203,0.7649203,-0.040650588,-0.57301235,1.0,0.0,outdoors,,,0.0,,,0.0,0.0,0.0,0.0,0.0,26.0,4393.0,GO,false,,true,false
4434.0,2022_01_PIT_CIN,2022,REG,1,2022-09-11,CIN,PIT,CIN,PIT,home,5.0,3.0,3.0,33.0,321.0,321.0,321.0,20.0,20.0,0.0,2.0,2.0,0.7242697,0.7242697,0.16857004,1.8416269,1.0,0.0,outdoors,,,0.0,,,0.0,0.0,0.0,0.0,0.0,26.0,4434.0,GO,false,,true,false
4462.0,2022_01_PIT_CIN,2022,REG,1,2022-09-11,CIN,PIT,CIN,PIT,home,5.0,1.0,10.0,13.0,289.0,289.0,289.0,20.0,20.0,0.0,2.0,2.0,0.8928397,0.8928397,-0.01668059,-0.39933258,1.0,0.0,outdoors,,,0.0,,,0.0,0.0,0.0,0.0,0.0,26.0,4462.0,GO,false,,true,false
4488.0,2022_01_PIT_CIN,2022,REG,1,2022-09-11,CIN,PIT,CIN,PIT,home,5.0,2.0,10.0,13.0,247.0,247.0,247.0,20.0,20.0,0.0,2.0,2.0,0.8761592,0.8761592,0.09134751,-1.5308197,0.0,0.0,outdoors,,,0.0,,,0.0,0.0,0.0,0.0,0.0,26.0,4488.0,GO,false,,true,false
4529.0,2022_01_PIT_CIN,2022,REG,1,2022-09-11,CIN,PIT,CIN,PIT,home,5.0,3.0,8.0,11.0,217.0,217.0,217.0,20.0,20.0,0.0,1.0,2.0,0.96750665,0.96750665,-0.24579921,-3.3621764,0.0,0.0,outdoors,,,1.0,missed,29.0,0.0,0.0,0.0,0.0,0.0,26.0,4529.0,FG,false,false,true,false
4571.0,2022_01_PIT_CIN,2022,REG,1,2022-09-11,CIN,PIT,PIT,CIN,away,5.0,1.0,10.0,80.0,213.0,213.0,213.0,20.0,20.0,0.0,2.0,1.0,0.27829254,0.27829254,0.13036747,1.0160036,1.0,0.0,outdoors,,,0.0,,,0.0,0.0,0.0,0.0,0.0,27.0,4571.0,GO,false,,false,false
4631.0,2022_01_PIT_CIN,2022,REG,1,2022-09-11,CIN,PIT,PIT,CIN,away,5.0,1.0,10.0,55.0,208.0,208.0,208.0,20.0,20.0,0.0,2.0,1.0,0.40866,0.40866,0.090158924,0.68806934,0.0,0.0,outdoors,,,0.0,,,0.0,0.0,0.0,0.0,0.0,27.0,4631.0,GO,false,,false,false
4657.0,2022_01_PIT_CIN,2022,REG,1,2022-09-11,CIN,PIT,PIT,CIN,away,5.0,1.0,10.0,43.0,202.0,202.0,202.0,20.0,20.0,0.0,2.0,1.0,0.49881893,0.49881893,-0.042245187,-0.40231335,1.0,0.0,outdoors,,,0.0,,,0.0,0.0,0.0,0.0,0.0,27.0,4657.0,GO,false,,false,false
4686.0,2022_01_PIT_CIN,2022,REG,1,2022-09-11,CIN,PIT,PIT,CIN,away,5.0,2.0,10.0,43.0,198.0,198.0,198.0,20.0,20.0,0.0,2.0,1.0,0.45657375,0.45657375,-0.003796551,0.014862549,1.0,0.0,outdoors,,,0.0,,,0.0,0.0,0.0,0.0,0.0,27.0,4686.0,GO,false,,false,false
4710.0,2022_01_PIT_CIN,2022,REG,1,2022-09-11,CIN,PIT,PIT,CIN,away,5.0,3.0,4.0,37.0,155.0,155.0,155.0,20.0,20.0,0.0,2.0,1.0,0.4527772,0.4527772,0.121499635,-0.6684453,1.0,0.0,outdoors,,,0.0,,,0.0,0.0,0.0,0.0,0.0,27.0,4710.0,GO,false,,false,false
4769.0,2022_01_PIT_CIN,2022,REG,1,2022-09-11,CIN,PIT,PIT,CIN,away,5.0,4.0,4.0,37.0,147.0,147.0,147.0,20.0,20.0,0.0,2.0,0.0,0.5742768,0.5742768,-0.008356587,-3.3649538,0.0,0.0,outdoors,,,1.0,missed,55.0,0.0,0.0,0.0,0.0,0.0,27.0,4769.0,FG,false,false,false,false
4789.0,2022_01_PIT_CIN,2022,REG,1,2022-09-11,CIN,PIT,CIN,PIT,home,5.0,1.0,10.0,55.0,142.0,142.0,142.0,20.0,20.0,0.0,0.0,2.0,0.43407977,0.43407977,0.055507198,0.41958106,1.0,0.0,outdoors,,,0.0,,,0.0,0.0,0.0,0.0,0.0,28.0,4789.0,GO,false,,true,false
4827.0,2022_01_PIT_CIN,2022,REG,1,2022-09-11,CIN,PIT,CIN,PIT,home,5.0,2.0,1.0,46.0,120.0,120.0,120.0,20.0,20.0,0.0,0.0,2.0,0.48958695,0.48958695,-0.056377303,-0.41540918,0.0,0.0,outdoors,,,0.0,,,0.0,0.0,0.0,0.0,0.0,28.0,4827.0,GO,false,,true,false
4872.0,2022_01_PIT_CIN,2022,REG,1,2022-09-11,CIN,PIT,CIN,PIT,home,5.0,1.0,10.0,44.0,105.0,105.0,105.0,20.0,20.0,0.0,0.0,1.0,0.43320966,0.43320966,-0.104627825,-0.64372987,1.0,0.0,outdoors,,,0.0,,,0.0,0.0,0.0,0.0,0.0,28.0,4872.0,GO,false,,true,false
4921.0,2022_01_PIT_CIN,2022,REG,1,2022-09-11,CIN,PIT,CIN,PIT,home,5.0,2.0,4.0,38.0,98.0,98.0,98.0,20.0,20.0,0.0,0.0,0.0,0.32858184,0.32858184,-0.068644956,-0.43010622,1.0,0.0,outdoors,,,0.0,,,0.0,0.0,0.0,0.0,0.0,28.0,4921.0,GO,false,,true,false
4947.0,2022_01_PIT_CIN,2022,REG,1,2022-09-11,CIN,PIT,CIN,PIT,home,5.0,3.0,4.0,38.0,94.0,94.0,94.0,20.0,20.0,0.0,0.0,0.0,0.25993687,0.25993687,-0.19451018,-1.0764484,1.0,0.0,outdoors,,,0.0,,,0.0,0.0,0.0,0.0,0.0,28.0,4947.0,GO,false,,true,false
4976.0,2022_01_PIT_CIN,2022,REG,1,2022-09-11,CIN,PIT,CIN,PIT,home,5.0,4.0,16.0,50.0,64.0,64.0,64.0,20.0,20.0,0.0,0.0,0.0,0.06542669,0.06542669,0.8360617,-0.3370176,0.0,0.0,outdoors,,,0.0,,50.0,1.0,0.0,0.0,0.0,0.0,28.0,4976.0,PUNT,false,,true,false
4993.0,2022_01_PIT_CIN,2022,REG,1,2022-09-11,CIN,PIT,PIT,CIN,away,5.0,1.0,10.0,80.0,56.0,56.0,56.0,20.0,20.0,0.0,0.0,0.0,0.09851157,0.09851157,-0.02210669,-0.1444378,1.0,0.0,outdoors,,,0.0,,,0.0,0.0,0.0,0.0,0.0,29.0,4993.0,GO,false,,false,false
5015.0,2022_01_PIT_CIN,2022,REG,1,2022-09-11,CIN,PIT,PIT,CIN,away,5.0,2.0,10.0,80.0,51.0,51.0,51.0,20.0,20.0,0.0,0.0,0.0,0.07640488,0.07640488,-0.00271325,0.062559724,1.0,0.0,outdoors,,,0.0,,,0.0,0.0,0.0,0.0,0.0,29.0,5015.0,GO,false,,false,false
5039.0,2022_01_PIT_CIN,2022,REG,1,2022-09-11,CIN,PIT,PIT,CIN,away,5.0,3.0,1.0,71.0,34.0,34.0,34.0,20.0,20.0,0.0,0.0,0.0,0.07369163,0.07369163,0.23492108,0.9313138,1.0,1.0,outdoors,,,0.0,,,0.0,0.0,0.0,0.0,0.0,29.0,5039.0,GO,false,,false,false
5074.0,2022_01_PIT_CIN,2022,REG,1,2022-09-11,CIN,PIT,PIT,CIN,away,5.0,1.0,10.0,45.0,25.0,25.0,25.0,20.0,20.0,0.0,0.0,0.0,0.3086127,0.3086127,-0.046446852,-0.2109776,1.0,0.0,outdoors,,,0.0,,,0.0,0.0,0.0,0.0,0.0,29.0,5074.0,GO,false,,false,false
5096.0,2022_01_PIT_CIN,2022,REG,1,2022-09-11,CIN,PIT,PIT,CIN,away,5.0,2.0,10.0,45.0,21.0,21.0,21.0,20.0,20.0,0.0,0.0,0.0,0.26216584,0.26216584,0.15085806,0.38248816,1.0,0.0,outdoors,,,0.0,,,0.0,0.0,0.0,0.0,0.0,29.0,5096.0,GO,false,,false,false
5120.0,2022_01_PIT_CIN,2022,REG,1,2022-09-11,CIN,PIT,PIT,CIN,away,5.0,1.0,10.0,35.0,9.0,9.0,9.0,20.0,20.0,0.0,0.0,0.0,0.41302392,0.41302392,-0.038508855,-0.1016603,0.0,0.0,outdoors,,,0.0,,,0.0,0.0,0.0,1.0,0.0,29.0,5120.0,GO,false,,false,false
5142.0,2022_01_PIT_CIN,2022,REG,1,2022-09-11,CIN,PIT,PIT,CIN,away,5.0,2.0,10.0,35.0,8.0,8.0,8.0,20.0,20.0,0.0,0.0,0.0,0.37451506,0.37451506,0.21286876,0.5677278,1.0,0.0,outdoors,,,0.0,,,0.0,0.0,0.0,0.0,0.0,29.0,5142.0,GO,false,,false,false
5164.0,2022_01_PIT_CIN,2022,REG,1,2022-09-11,CIN,PIT,PIT,CIN,away,5.0,3.0,10.0,35.0,5.0,5.0,5.0,20.0,20.0,0.0,0.0,0.0,0.5873838,0.5873838,0.4126162,1.2378485,0.0,0.0,outdoors,,,1.0,made,53.0,0.0,0.0,0.0,0.0,0.0,29.0,5164.0,FG,false,true,false,false
5183.0,2022_01_PIT_CIN,2022,REG,1,2022-09-11,CIN,PIT,CIN,PIT,home,5.0,,0.0,,0.0,0.0,0.0,20.0,23.0,-3.0,0.0,0.0,,,,,0.0,0.0,outdoors,,,,,,,,,0.0,0.0,30.0,5183.0,GO,,,true,false
4878.0,2021_12_LV_DAL,2021,REG,12,2021-11-25,DAL,LV,DAL,LV,home,5.0,,0.0,35.0,600.0,600.0,600.0,33.0,33.0,0.0,2.0,2.0,0.45496047,0.45496047,0.0,-1.2692368,0.0,0.0,closed,,,0.0,,63.0,0.0,0.0,0.0,0.0,0.0,28.0,4878.0,GO,false,,true,true
4911.0,2021_12_LV_DAL,2021,REG,12,2021-11-25,DAL,LV,DAL,LV,home,5.0,1.0,10.0,93.0,594.0,594.0,594.0,33.0,33.0,0.0,2.0,2.0,0.45496047,0.45496047,-0.0450491,-0.41824555,1.0,0.0,closed,,,0.0,,,0.0,0.0,0.0,0.0,0.0,28.0,4911.0,GO,false,,true,true
4940.0,2021_12_LV_DAL,2021,REG,12,2021-11-25,DAL,LV,DAL,LV,home,5.0,2.0,8.0,91.0,574.0,574.0,574.0,33.0,33.0,0.0,2.0,2.0,0.40991136,0.40991136,-0.021371959,-0.20874663,1.0,0.0,closed,,,0.0,,,0.0,0.0,0.0,0.0,0.0,28.0,4940.0,GO,false,,true,true
4964.0,2021_12_LV_DAL,2021,REG,12,2021-11-25,DAL,LV,DAL,LV,home,5.0,3.0,4.0,87.0,537.0,537.0,537.0,33.0,33.0,0.0,2.0,2.0,0.3885394,0.3885394,-0.12548704,-1.3112557,1.0,0.0,closed,,,0.0,,,0.0,0.0,0.0,0.0,0.0,28.0,4964.0,GO,false,,true,true
4986.0,2021_12_LV_DAL,2021,REG,12,2021-11-25,DAL,LV,DAL,LV,home,5.0,4.0,4.0,87.0,530.0,530.0,530.0,33.0,33.0,0.0,2.0,2.0,0.26305237,0.26305237,0.21766865,0.75028676,0.0,0.0,closed,,,0.0,,59.0,1.0,0.0,0.0,0.0,0.0,28.0,4986.0,PUNT,false,,true,true
5022.0,2021_12_LV_DAL,2021,REG,12,2021-11-25,DAL,LV,LV,DAL,away,5.0,1.0,10.0,78.0,520.0,520.0,520.0,33.0,33.0,0.0,2.0,2.0,0.51927894,0.51927894,0.046761204,0.63632643,0.0,0.0,closed,,,0.0,,,0.0,0.0,0.0,0.0,0.0,29.0,5022.0,GO,false,,false,false
5052.0,2021_12_LV_DAL,2021,REG,12,2021-11-25,DAL,LV,LV,DAL,away,5.0,2.0,2.0,70.0,483.0,483.0,483.0,33.0,33.0,0.0,2.0,2.0,0.56604016,0.56604016,0.12526391,1.2244283,0.0,0.0,closed,,,0.0,,,0.0,0.0,0.0,0.0,0.0,29.0,5052.0,GO,false,,false,false
5073.0,2021_12_LV_DAL,2021,REG,12,2021-11-25,DAL,LV,LV,DAL,away,5.0,1.0,10.0,49.0,443.0,443.0,443.0,33.0,33.0,0.0,2.0,2.0,0.6913041,0.6913041,-0.08711912,-0.8255386,1.0,0.0,closed,,,0.0,,,0.0,0.0,0.0,0.0,0.0,29.0,5073.0,GO,false,,false,false
5094.0,2021_12_LV_DAL,2021,REG,12,2021-11-25,DAL,LV,LV,DAL,away,5.0,2.0,11.0,50.0,406.0,406.0,406.0,33.0,33.0,0.0,2.0,2.0,0.604185,0.604185,-0.15498137,-1.39679,1.0,0.0,closed,,,0.0,,,0.0,0.0,0.0,0.0,0.0,29.0,5094.0,GO,false,,false,false
5113.0,2021_12_LV_DAL,2021,REG,12,2021-11-25,DAL,LV,LV,DAL,away,5.0,3.0,18.0,57.0,361.0,361.0,361.0,33.0,33.0,0.0,2.0,2.0,0.4492036,0.4492036,0.43035126,3.7635226,1.0,0.0,closed,,,0.0,,,0.0,0.0,0.0,0.0,0.0,29.0,5113.0,GO,false,,false,false
5146.0,2021_12_LV_DAL,2021,REG,12,2021-11-25,DAL,LV,LV,DAL,away,5.0,1.0,10.0,24.0,354.0,354.0,354.0,33.0,33.0,0.0,2.0,2.0,0.87955487,0.87955487,-0.013348435,-0.36938947,0.0,0.0,closed,,,0.0,,,0.0,0.0,0.0,0.0,0.0,29.0,5146.0,GO,false,,false,false
5167.0,2021_12_LV_DAL,2021,REG,12,2021-11-25,DAL,LV,LV,DAL,away,5.0,2.0,10.0,24.0,315.0,315.0,315.0,33.0,33.0,0.0,2.0,2.0,0.8662064,0.8662064,-0.009444795,-0.40052944,0.0,0.0,closed,,,0.0,,,0.0,0.0,0.0,0.0,0.0,29.0,5167.0,GO,false,,false,false
5188.0,2021_12_LV_DAL,2021,REG,12,2021-11-25,DAL,LV,LV,DAL,away,5.0,3.0,6.0,20.0,280.0,280.0,280.0,33.0,33.0,0.0,2.0,2.0,0.85676163,0.85676163,0.009162063,-0.6290934,0.0,0.0,closed,,,0.0,,,0.0,0.0,0.0,0.0,0.0,29.0,5188.0,GO,false,,false,false
5226.0,2021_12_LV_DAL,2021,REG,12,2021-11-25,DAL,LV,LV,DAL,away,5.0,4.0,2.0,16.0,271.0,271.0,271.0,33.0,33.0,0.0,2.0,1.0,0.86592364,0.86592364,-0.02250611,-0.5218714,0.0,0.0,closed,,,0.0,,,0.0,0.0,0.0,0.0,0.0,29.0,5226.0,GO,false,,false,false
5255.0,2021_12_LV_DAL,2021,REG,12,2021-11-25,DAL,LV,LV,DAL,away,5.0,4.0,7.0,21.0,271.0,271.0,271.0,33.0,33.0,0.0,2.0,1.0,0.8434176,0.8434176,0.02250611,0.5218714,0.0,0.0,closed,,,0.0,,,0.0,0.0,0.0,0.0,0.0,29.0,5255.0,GO,false,,false,false
5284.0,2021_12_LV_DAL,2021,REG,12,2021-11-25,DAL,LV,LV,DAL,away,5.0,4.0,2.0,16.0,271.0,271.0,271.0,33.0,33.0,0.0,2.0,1.0,0.86592364,0.86592364,0.10255184,-0.16138183,0.0,0.0,closed,,,0.0,,,0.0,0.0,0.0,0.0,0.0,29.0,5284.0,GO,false,,false,false
5313.0,2021_12_LV_DAL,2021,REG,12,2021-11-25,DAL,LV,LV,DAL,away,5.0,1.0,10.0,11.0,271.0,271.0,271.0,33.0,33.0,0.0,2.0,1.0,0.9684755,0.9684755,0.03152449,0.15739925,0.0,0.0,closed,,,1.0,made,29.0,0.0,0.0,0.0,0.0,0.0,29.0,5313.0,FG,false,true,false,false
5332.0,2021_12_LV_DAL,2021,REG,12,2021-11-25,DAL,LV,DAL,LV,home,5.0,,0.0,,268.0,268.0,268.0,33.0,36.0,-3.0,1.0,2.0,,,,,0.0,0.0,closed,,,,,,,,,0.0,0.0,30.0,5332.0,GO,,,true,false
4587.0,2021_09_MIN_BAL,2021,REG,9,2021-11-07,BAL,MIN,BAL,MIN,home,5.0,1.0,10.0,70.0,291.0,291.0,291.0,31.0,31.0,0.0,2.0,1.0,0.38952643,0.38952643,-0.060902193,-0.4224618,1.0,1.0,outdoors,56.0,8.0,0.0,,,0.0,0.0,0.0,0.0,0.0,23.0,4587.0,GO,false,,true,false
4608.0,2021_09_MIN_BAL,2021,REG,9,2021-11-07,BAL,MIN,BAL,MIN,home,5.0,2.0,8.0,68.0,251.0,251.0,251.0,31.0,31.0,0.0,2.0,1.0,0.32862425,0.32862425,0.016471608,0.30538765,1.0,0.0,outdoors,56.0,8.0,0.0,,,0.0,0.0,0.0,0.0,0.0,23.0,4608.0,GO,false,,true,false
4632.0,2021_09_MIN_BAL,2021,REG,9,2021-11-07,BAL,MIN,BAL,MIN,home,5.0,3.0,1.0,61.0,216.0,216.0,216.0,31.0,31.0,0.0,2.0,1.0,0.34509587,0.34509587,0.04738569,0.5057516,1.0,0.0,outdoors,56.0,8.0,0.0,,,0.0,0.0,0.0,0.0,0.0,23.0,4632.0,GO,false,,true,false
4653.0,2021_09_MIN_BAL,2021,REG,9,2021-11-07,BAL,MIN,BAL,MIN,home,5.0,1.0,10.0,58.0,180.0,180.0,180.0,31.0,31.0,0.0,2.0,1.0,0.39248154,0.39248154,0.115758196,0.92659837,0.0,0.0,outdoors,56.0,8.0,0.0,,,0.0,0.0,0.0,0.0,0.0,23.0,4653.0,GO,false,,true,false
4674.0,2021_09_MIN_BAL,2021,REG,9,2021-11-07,BAL,MIN,BAL,MIN,home,5.0,1.0,10.0,39.0,141.0,141.0,141.0,31.0,31.0,0.0,2.0,1.0,0.50823975,0.50823975,0.10780434,0.6335863,1.0,0.0,outdoors,56.0,8.0,0.0,,,0.0,0.0,0.0,0.0,0.0,23.0,4674.0,GO,false,,true,false
4706.0,2021_09_MIN_BAL,2021,REG,9,2021-11-07,BAL,MIN,BAL,MIN,home,5.0,1.0,5.0,34.0,136.0,136.0,136.0,31.0,31.0,0.0,2.0,1.0,0.6160441,0.6160441,-0.17591983,-1.0840985,1.0,0.0,outdoors,56.0,8.0,0.0,,,0.0,0.0,0.0,0.0,0.0,23.0,4706.0,GO,false,,true,false
4738.0,2021_09_MIN_BAL,2021,REG,9,2021-11-07,BAL,MIN,BAL,MIN,home,5.0,1.0,15.0,44.0,131.0,131.0,131.0,31.0,31.0,0.0,2.0,1.0,0.44012424,0.44012424,-0.028615434,-0.15737526,1.0,0.0,outdoors,56.0,8.0,0.0,,,0.0,0.0,0.0,0.0,0.0,23.0,4738.0,GO,false,,true,false
4774.0,2021_09_MIN_BAL,2021,REG,9,2021-11-07,BAL,MIN,BAL,MIN,home,5.0,1.0,20.0,49.0,126.0,126.0,126.0,31.0,31.0,0.0,2.0,1.0,0.4115088,0.4115088,0.0865907,0.44738525,1.0,0.0,outdoors,56.0,8.0,0.0,,,0.0,0.0,0.0,0.0,0.0,23.0,4774.0,GO,false,,true,false
4815.0,2021_09_MIN_BAL,2021,REG,9,2021-11-07,BAL,MIN,BAL,MIN,home,5.0,2.0,7.0,36.0,118.0,118.0,118.0,31.0,31.0,0.0,2.0,1.0,0.4980995,0.4980995,-0.10595149,-0.7375243,0.0,0.0,outdoors,56.0,8.0,0.0,,,0.0,0.0,0.0,0.0,0.0,23.0,4815.0,GO,false,,true,false
4855.0,2021_09_MIN_BAL,2021,REG,9,2021-11-07,BAL,MIN,BAL,MIN,home,5.0,3.0,2.0,31.0,111.0,111.0,111.0,31.0,31.0,0.0,2.0,0.0,0.39214802,0.39214802,0.2859144,1.7354898,0.0,0.0,outdoors,56.0,8.0,0.0,,,0.0,0.0,0.0,0.0,0.0,23.0,4855.0,GO,false,,true,false
4895.0,2021_09_MIN_BAL,2021,REG,9,2021-11-07,BAL,MIN,BAL,MIN,home,5.0,1.0,10.0,19.0,61.0,61.0,61.0,31.0,31.0,0.0,1.0,0.0,0.67806244,0.67806244,0.22536014,-0.43056503,0.0,0.0,outdoors,56.0,8.0,0.0,,,0.0,0.0,0.0,0.0,0.0,23.0,4895.0,GO,false,,true,false
4935.0,2021_09_MIN_BAL,2021,REG,9,2021-11-07,BAL,MIN,BAL,MIN,home,5.0,2.0,9.0,18.0,20.0,20.0,20.0,31.0,31.0,0.0,0.0,0.0,0.90342253,0.90342253,0.09657744,0.2966831,0.0,0.0,outdoors,56.0,8.0,1.0,made,36.0,0.0,0.0,0.0,0.0,0.0,23.0,4935.0,FG,false,true,true,false
4975.0,2021_09_MIN_BAL,2021,REG,9,2021-11-07,BAL,MIN,BAL,MIN,home,5.0,,0.0,,16.0,16.0,16.0,34.0,31.0,3.0,0.0,0.0,,,,,0.0,0.0,outdoors,56.0,8.0,,,,,,,0.0,0.0,23.0,4975.0,GO,,,true,false
4623.0,2021_14_BUF_TB,2021,REG,14,2021-12-12,TB,BUF,BUF,TB,away,5.0,,0.0,35.0,600.0,600.0,600.0,27.0,27.0,0.0,2.0,2.0,0.50375366,0.50375366,-0.0,-0.0,0.0,0.0,outdoors,82.0,4.0,0.0,,65.0,0.0,0.0,0.0,0.0,0.0,26.0,4623.0,GO,false,,false,true
4638.0,2021_14_BUF_TB,2021,REG,14,2021-12-12,TB,BUF,BUF,TB,away,5.0,1.0,10.0,75.0,600.0,600.0,600.0,27.0,27.0,0.0,2.0,2.0,0.50375366,0.50375366,-0.04638624,-0.41821015,1.0,0.0,outdoors,82.0,4.0,0.0,,,0.0,0.0,0.0,0.0,0.0,26.0,4638.0,GO,false,,false,true
4659.0,2021_14_BUF_TB,2021,REG,14,2021-12-12,TB,BUF,BUF,TB,away,5.0,2.0,7.0,72.0,573.0,573.0,573.0,27.0,27.0,0.0,2.0,2.0,0.45736745,0.45736745,-0.026279777,-0.24823853,1.0,1.0,outdoors,82.0,4.0,0.0,,,0.0,0.0,0.0,0.0,0.0,26.0,4659.0,GO,false,,false,true
4688.0,2021_14_BUF_TB,2021,REG,14,2021-12-12,TB,BUF,BUF,TB,away,5.0,3.0,4.0,69.0,541.0,541.0,541.0,27.0,27.0,0.0,2.0,2.0,0.43108767,0.43108767,-0.12127202,-1.1679794,1.0,0.0,outdoors,82.0,4.0,0.0,,,0.0,0.0,0.0,0.0,0.0,26.0,4688.0,GO,false,,false,true
4710.0,2021_14_BUF_TB,2021,REG,14,2021-12-12,TB,BUF,BUF,TB,away,5.0,4.0,4.0,69.0,538.0,538.0,538.0,27.0,27.0,0.0,2.0,2.0,0.30981565,0.30981565,0.30490744,0.87743336,0.0,0.0,outdoors,82.0,4.0,0.0,,63.0,1.0,0.0,0.0,0.0,0.0,26.0,4710.0,PUNT,false,,false,true
4728.0,2021_14_BUF_TB,2021,REG,14,2021-12-12,TB,BUF,TB,BUF,home,5.0,1.0,10.0,94.0,528.0,528.0,528.0,27.0,27.0,0.0,2.0,2.0,0.3852769,0.3852769,-0.029249698,-0.3317926,0.0,0.0,outdoors,82.0,4.0,0.0,,,0.0,0.0,0.0,0.0,0.0,27.0,4728.0,GO,false,,true,false
4749.0,2021_14_BUF_TB,2021,REG,14,2021-12-12,TB,BUF,TB,BUF,home,5.0,2.0,7.0,91.0,500.0,500.0,500.0,27.0,27.0,0.0,2.0,2.0,0.35602722,0.35602722,0.02650155,0.47885504,1.0,1.0,outdoors,82.0,4.0,0.0,,,0.0,0.0,0.0,0.0,0.0,27.0,4749.0,GO,false,,true,false
4773.0,2021_14_BUF_TB,2021,REG,14,2021-12-12,TB,BUF,TB,BUF,home,5.0,3.0,1.0,85.0,465.0,465.0,465.0,27.0,27.0,0.0,2.0,2.0,0.38252875,0.38252875,0.012171499,0.3032334,0.0,0.0,outdoors,82.0,4.0,0.0,,,0.0,0.0,0.0,0.0,0.0,27.0,4773.0,GO,false,,true,false
4794.0,2021_14_BUF_TB,2021,REG,14,2021-12-12,TB,BUF,TB,BUF,home,5.0,1.0,10.0,84.0,426.0,426.0,426.0,27.0,27.0,0.0,2.0,2.0,0.39470026,0.39470026,0.11927161,1.0795692,1.0,0.0,outdoors,82.0,4.0,0.0,,,0.0,0.0,0.0,0.0,0.0,27.0,4794.0,GO,false,,true,false
4854.0,2021_14_BUF_TB,2021,REG,14,2021-12-12,TB,BUF,TB,BUF,home,5.0,1.0,10.0,65.0,420.0,420.0,420.0,27.0,27.0,0.0,2.0,2.0,0.51397187,0.51397187,-0.14445068,-1.3083001,1.0,0.0,outdoors,82.0,4.0,0.0,,,0.0,0.0,0.0,0.0,0.0,27.0,4854.0,GO,false,,true,false
4878.0,2021_14_BUF_TB,2021,REG,14,2021-12-12,TB,BUF,TB,BUF,home,5.0,2.0,17.0,72.0,387.0,387.0,387.0,27.0,27.0,0.0,2.0,2.0,0.3695212,0.3695212,0.08807945,0.9180773,0.0,1.0,outdoors,82.0,4.0,0.0,,,0.0,0.0,0.0,0.0,0.0,27.0,4878.0,GO,false,,true,false
4902.0,2021_14_BUF_TB,2021,REG,14,2021-12-12,TB,BUF,TB,BUF,home,5.0,3.0,3.0,58.0,342.0,342.0,342.0,27.0,27.0,0.0,2.0,2.0,0.45760065,0.45760065,0.54239935,5.883392,1.0,0.0,outdoors,82.0,4.0,0.0,,,0.0,0.0,0.0,0.0,0.0,27.0,4902.0,GO,false,,true,false
4927.0,2021_14_BUF_TB,2021,REG,14,2021-12-12,TB,BUF,TB,BUF,home,5.0,,0.0,,331.0,331.0,331.0,33.0,27.0,6.0,2.0,2.0,,,,,0.0,0.0,outdoors,82.0,4.0,,,,,,,0.0,0.0,27.0,4927.0,GO,,,true,false
4162.0,2022_02_ARI_LV,2022,REG,2,2022-09-18,LV,ARI,ARI,LV,away,5.0,,0.0,35.0,600.0,600.0,600.0,23.0,23.0,0.0,2.0,2.0,0.4522499,0.4522499,-0.0,-0.0,0.0,0.0,dome,,,0.0,,65.0,0.0,0.0,0.0,0.0,0.0,17.0,4162.0,GO,false,,false,true
4177.0,2022_02_ARI_LV,2022,REG,2,2022-09-18,LV,ARI,ARI,LV,away,5.0,1.0,10.0,75.0,600.0,600.0,600.0,23.0,23.0,0.0,2.0,2.0,0.4522499,0.4522499,0.018513266,0.35372365,1.0,0.0,dome,,,0.0,,,0.0,0.0,0.0,0.0,0.0,17.0,4177.0,GO,false,,false,true
4201.0,2022_02_ARI_LV,2022,REG,2,2022-09-18,LV,ARI,ARI,LV,away,5.0,2.0,2.0,67.0,567.0,567.0,567.0,23.0,23.0,0.0,2.0,2.0,0.47076318,0.47076318,0.006058048,0.22729504,1.0,1.0,dome,,,0.0,,,0.0,0.0,0.0,0.0,0.0,17.0,4201.0,GO,false,,false,true
4222.0,2022_02_ARI_LV,2022,REG,2,2022-09-18,LV,ARI,ARI,LV,away,5.0,1.0,10.0,64.0,534.0,534.0,534.0,23.0,23.0,0.0,2.0,2.0,0.4768212,0.4768212,-0.04624591,-0.47038847,1.0,1.0,dome,,,0.0,,,0.0,0.0,0.0,0.0,0.0,17.0,4222.0,GO,false,,false,true
4250.0,2022_02_ARI_LV,2022,REG,2,2022-09-18,LV,ARI,ARI,LV,away,5.0,2.0,8.0,62.0,499.0,499.0,499.0,23.0,23.0,0.0,2.0,2.0,0.4305753,0.4305753,0.09270917,1.6006101,1.0,1.0,dome,,,0.0,,,0.0,0.0,0.0,0.0,0.0,17.0,4250.0,GO,false,,false,true
4274.0,2022_02_ARI_LV,2022,REG,2,2022-09-18,LV,ARI,ARI,LV,away,5.0,1.0,10.0,46.0,460.0,460.0,460.0,23.0,23.0,0.0,2.0,2.0,0.5232845,0.5232845,-0.0449121,-0.5891347,1.0,1.0,dome,,,0.0,,,0.0,0.0,0.0,0.0,0.0,17.0,4274.0,GO,false,,false,true
4297.0,2022_02_ARI_LV,2022,REG,2,2022-09-18,LV,ARI,ARI,LV,away,5.0,1.0,15.0,51.0,460.0,460.0,460.0,23.0,23.0,0.0,2.0,2.0,0.47837237,0.47837237,0.0043210965,0.1995284,1.0,0.0,dome,,,0.0,,,0.0,0.0,0.0,0.0,0.0,17.0,4297.0,GO,false,,false,true
4321.0,2022_02_ARI_LV,2022,REG,2,2022-09-18,LV,ARI,ARI,LV,away,5.0,2.0,7.0,43.0,426.0,426.0,426.0,23.0,23.0,0.0,2.0,2.0,0.48269346,0.48269346,-0.025177391,-0.2485919,1.0,0.0,dome,,,0.0,,,0.0,0.0,0.0,0.0,0.0,17.0,4321.0,GO,false,,false,true
4345.0,2022_02_ARI_LV,2022,REG,2,2022-09-18,LV,ARI,ARI,LV,away,5.0,3.0,5.0,41.0,383.0,383.0,383.0,23.0,23.0,0.0,2.0,2.0,0.45751607,0.45751607,-0.04937881,-0.35245487,1.0,0.0,dome,,,0.0,,,0.0,0.0,0.0,0.0,0.0,17.0,4345.0,GO,false,,false,true
4366.0,2022_02_ARI_LV,2022,REG,2,2022-09-18,LV,ARI,ARI,LV,away,5.0,4.0,1.0,37.0,336.0,336.0,336.0,23.0,23.0,0.0,1.0,2.0,0.40813726,0.40813726,0.0644966,-3.8228126,1.0,0.0,dome,,,0.0,,,0.0,0.0,1.0,0.0,0.0,17.0,4366.0,GO,false,,false,true
4397.0,2022_02_ARI_LV,2022,REG,2,2022-09-18,LV,ARI,LV,ARI,home,5.0,1.0,10.0,63.0,330.0,330.0,330.0,23.0,23.0,0.0,2.0,1.0,0.5273661,0.5273661,-0.049687225,-0.51053464,1.0,0.0,dome,,,0.0,,,0.0,0.0,0.0,0.0,0.0,18.0,4397.0,GO,false,,true,false
4419.0,2022_02_ARI_LV,2022,REG,2,2022-09-18,LV,ARI,LV,ARI,home,5.0,2.0,10.0,63.0,326.0,326.0,326.0,23.0,23.0,0.0,2.0,1.0,0.4776789,0.4776789,-0.14206716,-0.56169844,1.0,0.0,dome,,,0.0,,,0.0,0.0,0.0,0.0,0.0,18.0,4419.0,GO,false,,true,false
4443.0,2022_02_ARI_LV,2022,REG,2,2022-09-18,LV,ARI,LV,ARI,home,5.0,3.0,3.0,56.0,285.0,285.0,285.0,23.0,23.0,0.0,1.0,0.0,0.33561173,0.33561173,0.21099088,1.8287356,0.0,0.0,dome,,,0.0,,,0.0,0.0,0.0,0.0,0.0,18.0,4443.0,GO,false,,true,false
4497.0,2022_02_ARI_LV,2022,REG,2,2022-09-18,LV,ARI,LV,ARI,home,5.0,1.0,10.0,39.0,251.0,251.0,251.0,23.0,23.0,0.0,1.0,0.0,0.5466026,0.5466026,-0.06495917,-0.54036117,1.0,0.0,dome,,,0.0,,,0.0,0.0,0.0,0.0,0.0,18.0,4497.0,GO,false,,true,false
4326.0,2021_15_KC_LAC,2021,REG,15,2021-12-16,LAC,KC,KC,LAC,away,5.0,,0.0,35.0,600.0,600.0,600.0,28.0,28.0,0.0,2.0,2.0,0.5719372,0.5719372,-0.0,-0.0,0.0,0.0,dome,,,0.0,,65.0,0.0,0.0,0.0,0.0,0.0,21.0,4326.0,GO,false,,false,true
4341.0,2021_15_KC_LAC,2021,REG,15,2021-12-16,LAC,KC,KC,LAC,away,5.0,1.0,10.0,75.0,600.0,600.0,600.0,28.0,28.0,0.0,2.0,2.0,0.5719372,0.5719372,-0.054182246,-0.5838046,1.0,0.0,dome,,,0.0,,,0.0,0.0,0.0,0.0,0.0,21.0,4341.0,GO,false,,false,true
4363.0,2021_15_KC_LAC,2021,REG,15,2021-12-16,LAC,KC,KC,LAC,away,5.0,2.0,10.0,75.0,596.0,596.0,596.0,28.0,28.0,0.0,2.0,2.0,0.5177549,0.5177549,0.20495112,2.1091182,1.0,0.0,dome,,,0.0,,,0.0,0.0,0.0,0.0,0.0,21.0,4363.0,GO,false,,false,true
4387.0,2021_15_KC_LAC,2021,REG,15,2021-12-16,LAC,KC,KC,LAC,away,5.0,1.0,10.0,48.0,564.0,564.0,564.0,28.0,28.0,0.0,2.0,2.0,0.7227061,0.7227061,-0.04611397,-0.5010463,1.0,0.0,dome,,,0.0,,,0.0,0.0,0.0,0.0,0.0,21.0,4387.0,GO,false,,false,true
4409.0,2021_15_KC_LAC,2021,REG,15,2021-12-16,LAC,KC,KC,LAC,away,5.0,2.0,10.0,48.0,560.0,560.0,560.0,28.0,28.0,0.0,2.0,2.0,0.67659205,0.67659205,0.15002291,1.2873775,1.0,0.0,dome,,,0.0,,,0.0,0.0,0.0,0.0,0.0,21.0,4409.0,GO,false,,false,true
4438.0,2021_15_KC_LAC,2021,REG,15,2021-12-16,LAC,KC,KC,LAC,away,5.0,1.0,10.0,34.0,534.0,534.0,534.0,28.0,28.0,0.0,2.0,2.0,0.826615,0.826615,0.17338501,3.2828133,1.0,0.0,dome,,,0.0,,,0.0,0.0,0.0,0.0,0.0,21.0,4438.0,GO,false,,false,true
4463.0,2021_15_KC_LAC,2021,REG,15,2021-12-16,LAC,KC,LAC,KC,home,5.0,,0.0,,525.0,525.0,525.0,28.0,34.0,-6.0,2.0,2.0,,,,,0.0,0.0,dome,,,,,,,,,0.0,0.0,22.0,4463.0,GO,,,true,false
