season,week,game_date,game_id,team,epa_allowed_roll6,stop_rate_roll6,yards_allowed_roll6,points_allowed_roll6
2016,1,2016-09-11,2016_01_NE_ARI,ARI,,,,
2016,2,2016-09-18,2016_02_TB_ARI,ARI,,,,
2016,3,2016-09-25,2016_03_ARI_BUF,ARI,,,,
2016,4,2016-10-02,2016_04_LA_ARI,ARI,,,,
2016,5,2016-10-06,2016_05_ARI_SF,ARI,,,,
2016,6,2016-10-17,2016_06_NYJ_ARI,ARI,,,,
2016,7,2016-10-23,2016_07_SEA_ARI,ARI,-0.79558796,0.6781088983767556,24.003967,1.2861111
2016,8,2016-10-30,2016_08_ARI_CAR,ARI,-1.2008402,0.6818605633784206,21.24884,0.9797008
2016,10,2016-11-13,2016_10_SF_ARI,ARI,-0.8319861,0.6534422444839111,22.453207,1.2297008
2016,11,2016-11-20,2016_11_ARI_MIN,ARI,-0.77143747,0.6567803170866896,23.410782,1.2327312
2016,12,2016-11-27,2016_12_ARI_ATL,ARI,-0.75414634,0.6305921919402312,22.192833,1.3043123
2016,13,2016-12-04,2016_13_WAS_ARI,ARI,-0.3465459,0.5897382156695882,25.015055,1.7043123
2016,14,2016-12-11,2016_14_ARI_MIA,ARI,-0.024663722,0.5729199413513139,26.73172,2.0376456
2016,15,2016-12-18,2016_15_NO_ARI,ARI,0.089197814,0.5722738282052007,27.174944,2.2464368
2016,16,2016-12-24,2016_16_ARI_SEA,ARI,0.35966316,0.5701550943156336,29.1055,2.5797703
2016,17,2017-01-01,2016_17_ARI_LA,ARI,0.34221053,0.5695033631491965,29.526497,2.6457875
2017,1,2017-09-10,2017_01_ARI_DET,ARI,,,,
2017,2,2017-09-17,2017_02_ARI_IND,ARI,,,,
2017,3,2017-09-25,2017_03_DAL_ARI,ARI,,,,
2017,4,2017-10-01,2017_04_SF_ARI,ARI,,,,
2017,5,2017-10-08,2017_05_ARI_PHI,ARI,,,,
2017,6,2017-10-15,2017_06_TB_ARI,ARI,,,,
2017,7,2017-10-22,2017_07_ARI_LA,ARI,-0.07974983,0.637805634708047,27.60749,1.9832529
2017,9,2017-11-05,2017_09_ARI_SF,ARI,0.33284518,0.6230028869507538,29.677835,2.1380148
2017,10,2017-11-09,2017_10_SEA_ARI,ARI,0.18325876,0.6196660765180787,30.184248,2.0903957
2017,11,2017-11-19,2017_11_ARI_HOU,ARI,0.0351508,0.636511730863733,30.072067,1.9579171
2017,12,2017-11-26,2017_12_JAX_ARI,ARI,0.12168988,0.6301042494562515,30.738733,2.1630452
2017,13,2017-12-03,2017_13_LA_ARI,ARI,-0.18549682,0.6330842555612578,26.6715,1.8353938
2017,14,2017-12-10,2017_14_TEN_ARI,ARI,-0.22843729,0.6220059627121316,25.102053,1.821505
2017,15,2017-12-17,2017_15_ARI_WAS,ARI,-0.7650787,0.647334411620126,21.495995,1.418727
2017,16,2017-12-24,2017_16_NYG_ARI,ARI,-0.6450056,0.6563847477309016,20.374199,1.5560898
2017,17,2017-12-31,2017_17_ARI_SEA,ARI,-1.0491985,0.6474760307864704,20.182806,1.2996795
2018,1,2018-09-09,2018_01_WAS_ARI,ARI,,,,
2018,2,2018-09-16,2018_02_ARI_LA,ARI,,,,
2018,3,2018-09-23,2018_03_CHI_ARI,ARI,,,,
2018,4,2018-09-30,2018_04_SEA_ARI,ARI,,,,
2018,5,2018-10-07,2018_05_ARI_SF,ARI,,,,
2018,6,2018-10-14,2018_06_ARI_MIN,ARI,,,,
2018,7,2018-10-18,2018_07_DEN_ARI,ARI,-0.28596896,0.5879112058576345,34.87666,2.0643191
2018,8,2018-10-28,2018_08_SF_ARI,ARI,-0.51817703,0.5833130339677958,31.15999,2.0309856
2018,10,2018-11-11,2018_10_ARI_KC,ARI,-0.86149096,0.6066656304453923,27.568323,1.6448746
2018,11,2018-11-18,2018_11_OAK_ARI,ARI,-0.6463903,0.5973865257117422,27.780447,1.7963897
2018,12,2018-11-25,2018_12_ARI_LAC,ARI,-0.63083833,0.6132387290639455,26.63434,1.767169
2018,13,2018-12-02,2018_13_ARI_GB,ARI,-0.09064945,0.6015423656630366,27.1763,2.2182178
2018,14,2018-12-09,2018_14_DET_ARI,ARI,0.045332532,0.5953567132923193,27.207685,2.154365
2018,15,2018-12-16,2018_15_ARI_ATL,ARI,-0.02894211,0.6060838256860984,27.07738,1.9543651
2018,16,2018-12-23,2018_16_LA_ARI,ARI,0.20722543,0.5978965268737996,28.94597,2.209707
2018,17,2018-12-30,2018_17_ARI_SEA,ARI,0.43269196,0.5653938485756668,31.629303,2.3324342
2019,1,2019-09-08,2019_01_DET_ARI,ARI,,,,
2019,2,2019-09-15,2019_02_ARI_BAL,ARI,,,,
2019,3,2019-09-22,2019_03_CAR_ARI,ARI,,,,
2019,4,2019-09-29,2019_04_SEA_ARI,ARI,,,,
2019,5,2019-10-06,2019_05_ARI_CIN,ARI,,,,
2019,6,2019-10-13,2019_06_ATL_ARI,ARI,,,,
2019,7,2019-10-20,2019_07_ARI_NYG,ARI,0.8797757,0.5453633814744926,38.232407,2.5333333
2019,8,2019-10-27,2019_08_ARI_NO,ARI,0.6329557,0.5302982459926905,36.917255,2.460606
2019,9,2019-10-31,2019_09_SF_ARI,ARI,0.6326606,0.5218591850536295,37.311195,2.5469697
2019,10,2019-11-10,2019_10_ARI_TB,ARI,0.62743765,0.5246254311532089,38.425083,2.4858587
2019,11,2019-11-17,2019_11_ARI_SF,ARI,0.60078424,0.5499520335631447,38.47601,2.5136364
2019,13,2019-12-01,2019_13_LA_ARI,ARI,0.5663338,0.5618178426511761,38.44823,2.5469697
2019,14,2019-12-08,2019_14_PIT_ARI,ARI,0.339432,0.5557595490928825,38.67323,2.3858585
2019,15,2019-12-15,2019_15_CLE_ARI,ARI,0.5081783,0.566839672673006,39.271717,2.441919
2019,16,2019-12-22,2019_16_ARI_SEA,ARI,0.4347082,0.5854187325020659,38.094444,2.3722222
2019,17,2019-12-29,2019_17_ARI_LA,ARI,0.004000122,0.6131588627421961,34.116238,2.0722222
2020,1,2020-09-13,2020_01_ARI_SF,ARI,,,,
2020,2,2020-09-20,2020_02_WAS_ARI,ARI,,,,
2020,3,2020-09-27,2020_03_DET_ARI,ARI,,,,
2020,4,2020-10-04,2020_04_ARI_CAR,ARI,,,,
2020,5,2020-10-11,2020_05_ARI_NYJ,ARI,,,,
2020,6,2020-10-19,2020_06_ARI_DAL,ARI,,,,
2020,7,2020-10-25,2020_07_SEA_ARI,ARI,-0.23712987,0.6230970699884906,32.630302,1.7833333
2020,9,2020-11-08,2020_09_MIA_ARI,ARI,-0.08399767,0.6140376109290315,35.029293,1.9525251
2020,10,2020-11-15,2020_10_BUF_ARI,ARI,0.2303078,0.596724775220474,35.441414,2.191919
2020,11,2020-11-19,2020_11_ARI_SEA,ARI,0.16674441,0.6065950900907887,34.805515,2.143201
2020,12,2020-11-29,2020_12_ARI_NE,ARI,0.10203949,0.6084286350860985,33.18885,2.0598679
2020,13,2020-12-06,2020_13_LA_ARI,ARI,0.13452296,0.5889929660589261,32.185482,2.278723
2020,14,2020-12-13,2020_14_ARI_NYG,ARI,0.56953067,0.5483951693428818,33.40392,2.5716524
2020,15,2020-12-20,2020_15_PHI_ARI,ARI,0.07515734,0.5933509080486205,27.667807,2.1966524
2020,16,2020-12-26,2020_16_SF_ARI,ARI,-0.20196974,0.621464559103448,27.878061,2.063319
2020,17,2021-01-03,2020_17_ARI_LA,ARI,-0.2899654,0.6238711802600693,28.675072,1.9564815
2021,1,2021-09-12,2021_01_ARI_TEN,ARI,,,,
2021,2,2021-09-19,2021_02_MIN_ARI,ARI,,,,
2021,3,2021-09-26,2021_03_ARI_JAX,ARI,,,,
2021,4,2021-10-03,2021_04_ARI_LA,ARI,,,,
2021,5,2021-10-10,2021_05_SF_ARI,ARI,,,,
2021,6,2021-10-17,2021_06_ARI_CLE,ARI,,,,
2021,7,2021-10-24,2021_07_HOU_ARI,ARI,-0.94276124,0.6202775110087202,31.337433,1.4621693
2021,8,2021-10-28,2021_08_GB_ARI,ARI,-0.9694944,0.6495902507381266,30.115211,1.3232805
2021,9,2021-11-07,2021_09_ARI_SF,ARI,-0.9057029,0.6646085888814647,29.879099,1.3482804
2021,10,2021-11-14,2021_10_CAR_ARI,ARI,-0.7864129,0.6626165993894753,30.687544,1.4510943
2021,11,2021-11-21,2021_11_ARI_SEA,ARI,-0.69269633,0.6604961653572765,28.768097,1.5899831
2021,13,2021-12-05,2021_13_ARI_CHI,ARI,-0.54630977,0.6572723264389931,26.942171,1.6214646
2021,14,2021-12-13,2021_14_LA_ARI,ARI,-0.39945078,0.6542264067154419,27.625505,1.7547979
2021,15,2021-12-19,2021_15_ARI_DET,ARI,0.15798897,0.6286135319359004,31.336617,2.2131312
2021,16,2021-12-25,2021_16_IND_ARI,ARI,0.08209302,0.618987987273591,31.386618,2.3131313
2021,17,2022-01-02,2021_17_ARI_DAL,ARI,0.10497894,0.620847054132658,32.047222,2.3888888
2021,18,2022-01-09,2021_18_SEA_ARI,ARI,0.04631814,0.6232971503327541,32.894444,2.324074
2022,1,2022-09-11,2022_01_KC_ARI,ARI,,,,
2022,2,2022-09-18,2022_02_ARI_LV,ARI,,,,
2022,3,2022-09-25,2022_03_LA_ARI,ARI,,,,
2022,4,2022-10-02,2022_04_ARI_CAR,ARI,,,,
2022,5,2022-10-09,2022_05_PHI_ARI,ARI,,,,
2022,6,2022-10-16,2022_06_ARI_SEA,ARI,,,,
2022,7,2022-10-20,2022_07_NO_ARI,ARI,0.27478963,0.5703457936096825,33.56111,2.2657406
2022,8,2022-10-30,2022_08_ARI_MIN,ARI,-0.20122147,0.5850354739366177,32.28889,2.0046296
2022,9,2022-11-06,2022_09_SEA_ARI,ARI,-0.13620156,0.5808991188387242,31.173506,2.014601
2022,10,2022-11-13,2022_10_ARI_LA,ARI,-0.15208477,0.5833718149878909,31.370728,2.1118233
2022,11,2022-11-21,2022_11_SF_ARI,ARI,-0.08398601,0.609656988148064,32.19396,2.2305102
2022,12,2022-11-27,2022_12_LAC_ARI,ARI,0.08848789,0.599991125578161,31.446486,2.4358974
2022,14,2022-12-12,2022_14_NE_ARI,ARI,0.22373551,0.6107848072051761,32.077797,2.5507963
2022,15,2022-12-18,2022_15_ARI_DEN,ARI,0.060788512,0.622219188002302,29.421814,2.347805
2022,16,2022-12-25,2022_16_TB_ARI,ARI,-0.053459242,0.620441549686202,28.691046,2.2196
2022,17,2023-01-01,2022_17_ARI_ATL,ARI,-0.23529015,0.6213431849282841,27.558111,2.0152347
2022,18,2023-01-08,2022_18_ARI_SF,ARI,-0.08059274,0.6104485240336232,28.645988,2.0909922
2023,1,2023-09-10,2023_01_ARI_WAS,ARI,,,,
2023,2,2023-09-17,2023_02_NYG_ARI,ARI,,,,
2023,3,2023-09-24,2023_03_DAL_ARI,ARI,,,,
2023,4,2023-10-01,2023_04_ARI_SF,ARI,,,,
2023,5,2023-10-08,2023_05_CIN_ARI,ARI,,,,
2023,6,2023-10-15,2023_06_ARI_LA,ARI,,,,
2023,7,2023-10-22,2023_07_ARI_SEA,ARI,0.71277165,0.5820978518936366,38.63045,2.6278846
2023,8,2023-10-29,2023_08_BAL_ARI,ARI,0.9348715,0.5616501514459361,40.75096,2.7048075
2023,9,2023-11-05,2023_09_ARI_CLE,ARI,0.7535544,0.5662135047592894,36.870193,2.585577
2023,10,2023-11-12,2023_10_ATL_ARI,ARI,0.5860017,0.5839658776587212,32.084476,2.573672
2023,11,2023-11-19,2023_11_ARI_HOU,ARI,0.019419683,0.61502156761147,28.088646,2.2278388
2023,12,2023-11-26,2023_12_LA_ARI,ARI,0.0030497431,0.6253613934095218,29.565336,2.1870463
2023,13,2023-12-03,2023_13_ARI_PIT,ARI,0.21824066,0.592120097668226,30.815336,2.3703797
2023,15,2023-12-17,2023_15_SF_ARI,ARI,0.015249923,0.6152239382720667,30.318365,2.1885614
2023,16,2023-12-24,2023_16_ARI_CHI,ARI,0.36388692,0.6002768483249766,33.033985,2.3820345
2023,17,2023-12-31,2023_17_ARI_PHI,ARI,0.5712711,0.5792115710096993,35.516666,2.469697
2023,18,2024-01-07,2023_18_SEA_ARI,ARI,0.88355774,0.5460077806551737,37.0125,2.607197
2024,1,2024-09-08,2024_01_ARI_BUF,ARI,,,,
2024,2,2024-09-15,2024_02_LA_ARI,ARI,,,,
2024,3,2024-09-22,2024_03_DET_ARI,ARI,,,,
2024,4,2024-09-29,2024_04_WAS_ARI,ARI,,,,
2024,5,2024-10-06,2024_05_ARI_SF,ARI,,,,
2024,6,2024-10-13,2024_06_ARI_GB,ARI,,,,
2024,7,2024-10-21,2024_07_LAC_ARI,ARI,0.8270338,0.47424141707415624,36.97458,2.6126263
2024,8,2024-10-27,2024_08_ARI_MIA,ARI,0.7442896,0.48303623336897256,39.33708,2.3584597
2024,9,2024-11-03,2024_09_CHI_ARI,ARI,1.1905051,0.4907455379532772,42.235226,2.6917927
2024,10,2024-11-10,2024_10_NYJ_ARI,ARI,0.9738768,0.5251194268391982,39.930935,2.5137627
2024,12,2024-11-24,2024_12_ARI_SEA,ARI,0.2997328,0.5503999703999705,37.329082,1.9026514
2024,13,2024-12-01,2024_13_ARI_MIN,ARI,0.3188287,0.5792203167203167,35.247265,1.7708334
2024,14,2024-12-08,2024_14_SEA_ARI,ARI,0.11883849,0.5860499222999223,33.176052,1.6390152
2024,15,2024-12-15,2024_15_NE_ARI,ARI,0.063628465,0.5814142801642801,31.143854,1.7810606
2024,16,2024-12-22,2024_16_ARI_CAR,ARI,-0.215824,0.5724844368594368,29.921633,1.5958754
2024,17,2024-12-28,2024_17_ARI_LA,ARI,0.22992586,0.5391341005485742,32.018856,1.9708754
2024,18,2025-01-05,2024_18_SF_ARI,ARI,0.27073494,0.5513240171134908,30.55219,2.0208755
2016,1,2016-09-11,2016_01_TB_ATL,ATL,,,,
2016,2,2016-09-18,2016_02_ATL_OAK,ATL,,,,
2016,3,2016-09-26,2016_03_ATL_NO,ATL,,,,
2016,4,2016-10-02,2016_04_CAR_ATL,ATL,,,,
2016,5,2016-10-09,2016_05_ATL_DEN,ATL,,,,
2016,6,2016-10-16,2016_06_ATL_SEA,ATL,,,,
2016,7,2016-10-23,2016_07_SD_ATL,ATL,0.45627856,0.5798960491668824,33.841038,2.3617263
2016,8,2016-10-30,2016_08_GB_ATL,ATL,0.39038178,0.5650998499956833,35.142807,2.4311707
2016,9,2016-11-03,2016_09_ATL_TB,ATL,0.52566713,0.580365686268464,35.003918,2.6348743
2016,10,2016-11-13,2016_10_ATL_PHI,ATL,0.398767,0.5928403720764832,32.822437,2.5089486
2016,12,2016-11-27,2016_12_ARI_ATL,ATL,0.35254535,0.5987208920195032,33.911114,2.4961278
2016,13,2016-12-04,2016_13_KC_ATL,ATL,0.36833203,0.5962946377182489,35.39899,2.5703704
2016,14,2016-12-11,2016_14_ATL_LA,ATL,0.5001291,0.5904709218250885,37.977695,2.598148
2016,15,2016-12-18,2016_15_SF_ATL,ATL,0.114680745,0.6122175548217216,34.989815,2.2537038
2016,16,2016-12-24,2016_16_ATL_CAR,ATL,-0.28533694,0.6342600699197921,32.944363,1.8580807
2016,17,2017-01-01,2016_17_NO_ATL,ATL,-0.4837526,0.6496182765279988,30.50547,1.6136364
2017,1,2017-09-10,2017_01_ATL_CHI,ATL,,,,
2017,2,2017-09-17,2017_02_GB_ATL,ATL,,,,
2017,3,2017-09-24,2017_03_ATL_DET,ATL,,,,
2017,4,2017-10-01,2017_04_BUF_ATL,ATL,,,,
2017,6,2017-10-15,2017_06_MIA_ATL,ATL,,,,
2017,7,2017-10-22,2017_07_ATL_NE,ATL,,,,
2017,8,2017-10-29,2017_08_ATL_NYJ,ATL,0.40202394,0.6019686707985134,33.639942,2.0481904
2017,9,2017-11-05,2017_09_ATL_CAR,ATL,0.26100907,0.6058130199859998,31.940866,2.0111532
2017,10,2017-11-12,2017_10_DAL_ATL,ATL,0.16013245,0.6130363522093321,30.963594,1.940446
2017,11,2017-11-20,2017_11_ATL_SEA,ATL,-0.019532263,0.6160931873495005,30.346926,1.779335
2017,12,2017-11-26,2017_12_TB_ATL,ATL,-0.044066027,0.5917199595671818,31.574202,1.9914562
2017,13,2017-12-03,2017_13_MIN_ATL,ATL,-0.020075807,0.5765429555012888,33.129757,1.9914562
2017,14,2017-12-07,2017_14_NO_ATL,ATL,-0.2576817,0.5971453280440209,30.511702,1.7715487
2017,15,2017-12-18,2017_15_ATL_TB,ATL,-0.20336308,0.5795551404538333,31.7367,1.7771044
2017,16,2017-12-24,2017_16_ATL_NO,ATL,-0.03331875,0.5743469227456156,33.370033,1.8493266
2017,17,2017-12-31,2017_17_CAR_ATL,ATL,0.12621376,0.5698846643250238,33.8617,2.0521042
2018,1,2018-09-06,2018_01_ATL_PHI,ATL,,,,
2018,2,2018-09-16,2018_02_CAR_ATL,ATL,,,,
2018,3,2018-09-23,2018_03_NO_ATL,ATL,,,,
2018,4,2018-09-30,2018_04_CIN_ATL,ATL,,,,
2018,5,2018-10-07,2018_05_ATL_PIT,ATL,,,,
2018,6,2018-10-14,2018_06_TB_ATL,ATL,,,,
2018,7,2018-10-22,2018_07_NYG_ATL,ATL,1.0660726,0.5536822257273224,38.08016,2.842528
2018,9,2018-11-04,2018_09_ATL_WAS,ATL,1.2614573,0.5611894407345375,41.784706,2.903134
2018,10,2018-11-11,2018_10_ATL_CLE,ATL,1.1132394,0.574128677423774,41.23319,2.772831
2018,11,2018-11-18,2018_11_DAL_ATL,ATL,1.0694885,0.5678610881754157,41.503704,2.6882155
2018,12,2018-11-22,2018_12_ATL_NO,ATL,0.88580227,0.5813817343392507,39.948147,2.4104378
2018,13,2018-12-02,2018_13_BAL_ATL,ATL,0.73398066,0.6025878430453594,38.902695,2.3498316
2018,14,2018-12-09,2018_14_ATL_GB,ATL,0.50700766,0.5976657028959464,36.720875,2.2134678
2018,15,2018-12-16,2018_15_ARI_ATL,ATL,0.5461403,0.5729455030621103,34.01633,2.304377
2018,16,2018-12-23,2018_16_ATL_CAR,ATL,0.29275057,0.5845789489812705,30.928236,2.2377105
2018,17,2018-12-30,2018_17_ATL_TB,ATL,-0.122609295,0.6029718061241276,29.867125,1.9099326
2019,1,2019-09-08,2019_01_ATL_MIN,ATL,,,,
2019,2,2019-09-15,2019_02_PHI_ATL,ATL,,,,
2019,3,2019-09-22,2019_03_ATL_IND,ATL,,,,
2019,4,2019-09-29,2019_04_TEN_ATL,ATL,,,,
2019,5,2019-10-06,2019_05_ATL_HOU,ATL,,,,
2019,6,2019-10-13,2019_06_ATL_ARI,ATL,,,,
2019,7,2019-10-20,2019_07_LA_ATL,ATL,1.2694045,0.5567554078211069,39.37381,3.029726
2019,8,2019-10-27,2019_08_SEA_ATL,ATL,1.4161595,0.5587134623927977,40.663204,3.123665
2019,10,2019-11-10,2019_10_ATL_NO,ATL,1.7351979,0.5372644484437837,42.029873,3.2958877
2019,11,2019-11-17,2019_11_ATL_CAR,ATL,0.941228,0.5665040230615097,38.172726,2.8030303
2019,12,2019-11-24,2019_12_TB_ATL,ATL,0.38324055,0.5975432353841444,37.899998,2.4848485
2019,13,2019-11-28,2019_13_NO_ATL,ATL,-0.04441073,0.6087615625115624,34.239826,2.1179655
2019,14,2019-12-08,2019_14_CAR_ATL,ATL,-0.41264498,0.6308382820882821,29.97316,1.8401875
2019,15,2019-12-15,2019_15_ATL_SF,ATL,-0.76693326,0.6256154868560172,28.992102,1.5573593
2019,16,2019-12-22,2019_16_JAX_ATL,ATL,-0.9259419,0.6436433848839153,27.972656,1.4129149
2019,17,2019-12-29,2019_17_ATL_TB,ATL,-0.71337366,0.6487649468236589,27.169624,1.444733
2020,1,2020-09-13,2020_01_SEA_ATL,ATL,,,,
2020,2,2020-09-20,2020_02_ATL_DAL,ATL,,,,
2020,3,2020-09-27,2020_03_CHI_ATL,ATL,,,,
2020,4,2020-10-05,2020_04_ATL_GB,ATL,,,,
2020,5,2020-10-11,2020_05_CAR_ATL,ATL,,,,
2020,6,2020-10-18,2020_06_ATL_MIN,ATL,,,,
2020,7,2020-10-25,2020_07_DET_ATL,ATL,0.70092773,0.5801782469441199,37.988094,2.6620371
2020,8,2020-10-29,2020_08_ATL_CAR,ATL,0.56693727,0.5716026096184826,39.101986,2.5175927
2020,9,2020-11-08,2020_09_DEN_ATL,ATL,0.5489994,0.5632718943681244,38.6496,2.3955686
2020,11,2020-11-22,2020_11_ATL_NO,ATL,0.6258221,0.5748432264751709,38.63953,2.38458
2020,12,2020-11-29,2020_12_LV_ATL,ATL,0.26605532,0.5879320255361922,37.443233,2.2290242
2020,13,2020-12-06,2020_13_NO_ATL,ATL,-0.4959177,0.6370010121051788,32.243496,1.8745269
2020,14,2020-12-13,2020_14_ATL_LAC,ATL,-0.42154777,0.633862561050061,33.54274,1.8732643
2020,15,2020-12-20,2020_15_TB_ATL,ATL,-0.48116782,0.6347531561726824,33.498295,1.8603014
2020,16,2020-12-27,2020_16_ATL_KC,ATL,-0.3553021,0.6417483793137387,32.94274,1.9366902
2020,17,2021-01-03,2020_17_ATL_TB,ATL,-0.31164065,0.6294972045625641,34.333767,1.8738698
2021,1,2021-09-12,2021_01_PHI_ATL,ATL,,,,
2021,2,2021-09-19,2021_02_ATL_TB,ATL,,,,
2021,3,2021-09-26,2021_03_ATL_NYG,ATL,,,,
2021,4,2021-10-03,2021_04_WAS_ATL,ATL,,,,
2021,5,2021-10-10,2021_05_NYJ_ATL,ATL,,,,
2021,7,2021-10-24,2021_07_ATL_MIA,ATL,,,,
2021,8,2021-10-31,2021_08_CAR_ATL,ATL,0.6275237,0.5740721476208701,32.837387,2.451467
2021,9,2021-11-07,2021_09_ATL_NO,ATL,0.5137635,0.5988581731421897,31.26163,2.2544973
2021,10,2021-11-14,2021_10_ATL_DAL,ATL,0.4410744,0.6121173676513844,32.424328,2.1731482
2021,11,2021-11-18,2021_11_NE_ATL,ATL,0.61734664,0.6062859387317201,33.16549,2.4749157
2021,12,2021-11-28,2021_12_ATL_JAX,ATL,0.252256,0.603679016333131,30.5766,2.172138
2021,13,2021-12-05,2021_13_TB_ATL,ATL,0.033646803,0.6077504502248264,32.263638,2.035101
2021,14,2021-12-12,2021_14_ATL_CAR,ATL,0.21470807,0.61793244836137,33.61086,2.146212
2021,15,2021-12-19,2021_15_ATL_SF,ATL,0.023422306,0.6075258614841949,34.14722,2.2083333
2021,16,2021-12-26,2021_16_DET_ATL,ATL,0.21236695,0.6062742427325761,35.541668,2.3777778
2021,17,2022-01-02,2021_17_ATL_BUF,ATL,0.105392694,0.6060450357188296,36.569447,2.1972222
2021,18,2022-01-09,2021_18_NO_ATL,ATL,0.3223842,0.600422687388148,39.645832,2.5375
2022,1,2022-09-11,2022_01_NO_ATL,ATL,,,,
2022,2,2022-09-18,2022_02_ATL_LA,ATL,,,,
2022,3,2022-09-25,2022_03_ATL_SEA,ATL,,,,
2022,4,2022-10-02,2022_04_CLE_ATL,ATL,,,,
2022,5,2022-10-09,2022_05_ATL_TB,ATL,,,,
2022,6,2022-10-16,2022_06_SF_ATL,ATL,,,,
2022,7,2022-10-23,2022_07_ATL_CIN,ATL,0.14167644,0.5578575329397698,38.747726,2.2405303
2022,8,2022-10-30,2022_08_CAR_ATL,ATL,0.46756613,0.5350013510558101,43.31717,2.5136783
2022,9,2022-11-06,2022_09_LAC_ATL,ATL,0.57262826,0.5483288337582928,44.36496,2.479879
2022,10,2022-11-10,2022_10_ATL_CAR,ATL,0.287384,0.5851890453060044,41.214954,2.3340456
2022,11,2022-11-20,2022_11_CHI_ATL,ATL,0.3027439,0.585066516762423,39.543743,2.3795002
2022,12,2022-11-27,2022_12_ATL_WAS,ATL,0.23014559,0.5935495614954679,37.310413,2.4295
2022,13,2022-12-04,2022_13_PIT_ATL,ATL,0.5117293,0.6028643186464824,37.358562,2.5480187
2022,15,2022-12-18,2022_15_ATL_NO,ATL,0.2689208,0.6316293550504076,33.914116,2.2517223
2022,16,2022-12-24,2022_16_ATL_BAL,ATL,0.2915012,0.6174520046230573,33.56027,2.165825
2022,17,2023-01-01,2022_17_ARI_ATL,ATL,0.2583957,0.6145183025226885,33.534344,2.1473064
2022,18,2023-01-08,2022_18_TB_ATL,ATL,0.1965725,0.603295177045177,34.766666,2.1203704
2023,1,2023-09-10,2023_01_CAR_ATL,ATL,,,,
2023,2,2023-09-17,2023_02_GB_ATL,ATL,,,,
2023,3,2023-09-24,2023_03_ATL_DET,ATL,,,,
2023,4,2023-10-01,2023_04_ATL_JAX,ATL,,,,
2023,5,2023-10-08,2023_05_HOU_ATL,ATL,,,,
2023,6,2023-10-15,2023_06_WAS_ATL,ATL,,,,
2023,7,2023-10-22,2023_07_ATL_TB,ATL,-0.31118104,0.6709656105678833,24.576767,1.6954546
2023,8,2023-10-29,2023_08_ATL_TEN,ATL,-0.13622256,0.662835012045128,25.658838,1.7535353
2023,9,2023-11-05,2023_09_MIN_ATL,ATL,-0.19601528,0.6480732790691093,26.389791,1.6868687
2023,10,2023-11-12,2023_10_ATL_ARI,ATL,-0.099354245,0.6425595353342116,26.097055,1.8065268
2023,12,2023-11-26,2023_12_NO_ATL,ATL,-0.18944688,0.6356820483430883,27.418268,1.9656177
2023,13,2023-12-03,2023_13_ATL_NYJ,ATL,-0.19049068,0.6196526702147797,30.075844,1.927739
2023,14,2023-12-10,2023_14_TB_ATL,ATL,-0.44770348,0.6349469260539072,30.7158,1.6713287
2023,15,2023-12-17,2023_15_ATL_CAR,ATL,-0.35916796,0.636583247249052,29.75873,1.849359
2023,16,2023-12-24,2023_16_IND_ATL,ATL,-0.58527476,0.6467947156748062,30.01111,1.6660256
2023,17,2023-12-31,2023_17_ATL_CHI,ATL,-0.752613,0.656393274005882,29.301321,1.4201049
2023,18,2024-01-07,2023_18_ATL_NO,ATL,-0.68859345,0.6669031523042218,28.973116,1.4777972
2024,1,2024-09-08,2024_01_PIT_ATL,ATL,,,,
2024,2,2024-09-16,2024_02_ATL_PHI,ATL,,,,
2024,3,2024-09-22,2024_03_KC_ATL,ATL,,,,
2024,4,2024-09-29,2024_04_NO_ATL,ATL,,,,
2024,5,2024-10-03,2024_05_TB_ATL,ATL,,,,
2024,6,2024-10-13,2024_06_ATL_CAR,ATL,,,,
2024,7,2024-10-20,2024_07_SEA_ATL,ATL,0.38042796,0.5556231889455574,34.27963,2.288889
2024,8,2024-10-27,2024_08_ATL_TB,ATL,0.6561991,0.5456061689285373,35.42963,2.4555557
2024,9,2024-11-03,2024_09_DAL_ATL,ATL,0.5711096,0.5410178650755276,35.178787,2.430303
2024,10,2024-11-10,2024_10_ATL_NO,ATL,0.3914825,0.5536133324736267,35.186363,2.381818
2024,11,2024-11-17,2024_11_ATL_DEN,ATL,0.30292842,0.5714031352634293,34.155807,2.2595959
2024,13,2024-12-01,2024_13_LAC_ATL,ATL,0.48553714,0.5629263034532642,36.013218,2.4632998
2024,14,2024-12-08,2024_14_ATL_MIN,ATL,0.47887695,0.5760205335695532,33.293518,2.296633
2024,15,2024-12-16,2024_15_ATL_LV,ATL,0.61623496,0.579479095209933,34.204124,2.4663298
2024,16,2024-12-22,2024_16_NYG_ATL,ATL,0.22867279,0.6051622764078202,31.117004,2.2276936
2024,17,2024-12-29,2024_17_ATL_WAS,ATL,-0.12250141,0.602654204414454,28.904882,2.0155723
2024,18,2025-01-05,2024_18_CAR_ATL,ATL,0.11241903,0.5853230878186315,30.702105,2.2377946
2016,1,2016-09-11,2016_01_BUF_BAL,BAL,,,,
2016,2,2016-09-18,2016_02_BAL_CLE,BAL,,,,
2016,3,2016-09-25,2016_03_BAL_JAX,BAL,,,,
2016,4,2016-10-02,2016_04_OAK_BAL,BAL,,,,
2016,5,2016-10-09,2016_05_WAS_BAL,BAL,,,,
2016,6,2016-10-16,2016_06_BAL_NYG,BAL,,,,
2016,7,2016-10-23,2016_07_BAL_NYJ,BAL,-0.57011694,0.650486876128665,24.227974,1.4557673
2016,9,2016-11-06,2016_09_PIT_BAL,BAL,-0.44633314,0.6308287968475698,25.360247,1.611852
2016,10,2016-11-10,2016_10_CLE_BAL,BAL,-0.58041054,0.6388466123653852,22.574389,1.4643773
2016,11,2016-11-20,2016_11_BAL_DAL,BAL,-0.7037315,0.6516486963213154,21.986977,1.3524891
2016,12,2016-11-27,2016_12_CIN_BAL,BAL,-0.3908666,0.6310706940766465,26.809198,1.541378
2016,13,2016-12-04,2016_13_MIA_BAL,BAL,-0.44345102,0.6510515069146021,28.042967,1.6041487
2016,14,2016-12-12,2016_14_BAL_NE,BAL,-0.86767817,0.6628753277346351,26.198267,1.3200577
2016,15,2016-12-18,2016_15_PHI_BAL,BAL,-0.6562676,0.6634224657817732,28.007792,1.3676767
2016,16,2016-12-25,2016_16_BAL_PIT,BAL,-0.43181333,0.6376865597936742,29.513346,1.5732323
2016,17,2017-01-01,2016_17_BAL_CIN,BAL,-0.00023163606,0.6013423484494628,32.970417,1.8977274
2017,1,2017-09-10,2017_01_BAL_CIN,BAL,,,,
2017,2,2017-09-17,2017_02_CLE_BAL,BAL,,,,
2017,3,2017-09-24,2017_03_BAL_JAX,BAL,,,,
2017,4,2017-10-01,2017_04_PIT_BAL,BAL,,,,
2017,5,2017-10-08,2017_05_BAL_OAK,BAL,,,,
2017,6,2017-10-15,2017_06_CHI_BAL,BAL,,,,
2017,7,2017-10-22,2017_07_BAL_MIN,BAL,-0.6666961,0.6405746462562073,26.002512,1.5426345
2017,8,2017-10-26,2017_08_MIA_BAL,BAL,-0.22140884,0.6179891761707372,28.342161,1.9062709
2017,9,2017-11-05,2017_09_BAL_TEN,BAL,-0.517109,0.6292493293264948,25.726776,1.7780657
2017,11,2017-11-19,2017_11_BAL_GB,BAL,-0.8087692,0.625207466630786,24.03981,1.5334077
2017,12,2017-11-27,2017_12_HOU_BAL,BAL,-1.3333341,0.628361141659461,22.145578,1.1722965
2017,13,2017-12-03,2017_13_DET_BAL,BAL,-1.2120883,0.6342386090994284,22.270578,1.1111854
2017,14,2017-12-10,2017_14_BAL_PIT,BAL,-1.2190095,0.65276063718028,23.686869,1.1617132
2017,15,2017-12-17,2017_15_BAL_CLE,BAL,-0.87035817,0.6319322770872141,26.535355,1.388986
2017,16,2017-12-23,2017_16_IND_BAL,BAL,-0.6775131,0.6157288596933205,27.896463,1.527875
2017,17,2017-12-31,2017_17_CIN_BAL,BAL,-0.6305173,0.6216531822843097,29.808502,1.5047268
2018,1,2018-09-09,2018_01_BUF_BAL,BAL,,,,
2018,2,2018-09-13,2018_02_BAL_CIN,BAL,,,,
2018,3,2018-09-23,2018_03_DEN_BAL,BAL,,,,
2018,4,2018-09-30,2018_04_BAL_PIT,BAL,,,,
2018,5,2018-10-07,2018_05_BAL_CLE,BAL,,,,
2018,6,2018-10-14,2018_06_BAL_TEN,BAL,,,,
2018,7,2018-10-21,2018_07_NO_BAL,BAL,-1.1726334,0.6841358146156127,21.478853,1.0091298
2018,8,2018-10-28,2018_08_BAL_CAR,BAL,-0.4357202,0.6521432290119159,26.056631,1.4202409
2018,9,2018-11-04,2018_09_PIT_BAL,BAL,-0.31749836,0.6366151123474356,27.123064,1.529798
2018,11,2018-11-18,2018_11_CIN_BAL,BAL,0.08352389,0.6364827531241672,29.998484,1.7436028
2018,12,2018-11-25,2018_12_OAK_BAL,BAL,0.14700215,0.6393867935282077,29.8899,1.8673401
2018,13,2018-12-02,2018_13_BAL_ATL,BAL,0.13226496,0.6499014640428782,29.040405,1.9915825
2018,14,2018-12-09,2018_14_BAL_KC,BAL,0.22094768,0.6317829570354824,29.062288,2.1430976
2018,15,2018-12-16,2018_15_TB_BAL,BAL,-0.014692475,0.6415205795887614,28.9234,2.0736532
2018,16,2018-12-22,2018_16_BAL_LAC,BAL,-0.3211296,0.6602275081820537,27.091583,1.7281986
2018,17,2018-12-30,2018_17_CLE_BAL,BAL,-0.95413905,0.6795473087518542,22.526766,1.4411616
2019,1,2019-09-08,2019_01_BAL_MIA,BAL,,,,
2019,2,2019-09-15,2019_02_ARI_BAL,BAL,,,,
2019,3,2019-09-22,2019_03_BAL_KC,BAL,,,,
2019,4,2019-09-29,2019_04_CLE_BAL,BAL,,,,
2019,5,2019-10-06,2019_05_BAL_PIT,BAL,,,,
2019,6,2019-10-13,2019_06_CIN_BAL,BAL,,,,
2019,7,2019-10-20,2019_07_BAL_SEA,BAL,0.4035789,0.6185847484336047,33.006126,2.1652422
2019,9,2019-11-03,2019_09_NE_BAL,BAL,0.35892197,0.6042876335114897,35.456127,2.265242
2019,10,2019-11-10,2019_10_BAL_CIN,BAL,0.2924759,0.5775980730719293,34.787945,2.284939
2019,11,2019-11-17,2019_11_HOU_BAL,BAL,-0.37571087,0.5999291679030242,31.521278,1.9516058
2019,12,2019-11-25,2019_12_BAL_LA,BAL,-1.0294751,0.5993698225642671,28.026833,1.5127169
2019,13,2019-12-01,2019_13_SF_BAL,BAL,-1.1231554,0.6130837949953447,28.670708,1.3289562
2019,14,2019-12-08,2019_14_BAL_BUF,BAL,-1.1230179,0.6175908363079415,30.93691,1.3683081
2019,15,2019-12-12,2019_15_NYJ_BAL,BAL,-1.0682994,0.6346608763106739,27.858706,1.3195901
2019,16,2019-12-22,2019_16_BAL_CLE,BAL,-1.180481,0.6516059682557659,27.010221,1.2248932
2019,17,2019-12-29,2019_17_PIT_BAL,BAL,-0.8425262,0.6687962779460754,25.910223,1.2582265
2020,1,2020-09-13,2020_01_CLE_BAL,BAL,,,,
2020,2,2020-09-20,2020_02_BAL_HOU,BAL,,,,
2020,3,2020-09-28,2020_03_KC_BAL,BAL,,,,
2020,4,2020-10-04,2020_04_BAL_WAS,BAL,,,,
2020,5,2020-10-11,2020_05_CIN_BAL,BAL,,,,
2020,6,2020-10-18,2020_06_BAL_PHI,BAL,,,,
2020,8,2020-11-01,2020_08_PIT_BAL,BAL,-0.7568452,0.6495433729614352,30.744843,1.5568181
2020,9,2020-11-08,2020_09_BAL_IND,BAL,-0.40417314,0.6278146807781976,29.456963,1.7992425
2020,10,2020-11-15,2020_10_BAL_NE,BAL,-0.5329392,0.6322804464939632,29.09863,1.6714646
2020,11,2020-11-22,2020_11_TEN_BAL,BAL,-0.70826143,0.651635605224122,25.615295,1.4881314
2020,12,2020-12-02,2020_12_BAL_PIT,BAL,-0.38089943,0.6616100545077819,27.501661,1.7305555
2020,13,2020-12-08,2020_13_DAL_BAL,BAL,-0.05620091,0.6393388072365346,29.715042,1.8858585
2020,14,2020-12-14,2020_14_BAL_CLE,BAL,-0.10579213,0.6205653584630858,31.800758,1.8358585
2020,15,2020-12-20,2020_15_JAX_BAL,BAL,0.11062252,0.6294610123899339,35.327274,2.0858586
2020,16,2020-12-27,2020_16_NYG_BAL,BAL,0.32880285,0.6317837411015516,35.56338,2.206229
2020,17,2021-01-03,2020_17_BAL_CIN,BAL,0.114866756,0.6381494818422923,36.034218,2.093729
2021,1,2021-09-13,2021_01_BAL_LV,BAL,,,,
2021,2,2021-09-19,2021_02_KC_BAL,BAL,,,,
2021,3,2021-09-26,2021_03_BAL_DET,BAL,,,,
2021,4,2021-10-03,2021_04_BAL_DEN,BAL,,,,
2021,5,2021-10-11,2021_05_IND_BAL,BAL,,,,
2021,6,2021-10-17,2021_06_LAC_BAL,BAL,,,,
2021,7,2021-10-24,2021_07_CIN_BAL,BAL,-0.19900398,0.6275187039391584,31.529076,1.6946249
2021,9,2021-11-07,2021_09_MIN_BAL,BAL,0.04686458,0.6079937844142389,32.350506,1.8274088
2021,10,2021-11-11,2021_10_BAL_MIA,BAL,0.09757772,0.6233737747942293,31.032324,1.8577118
2021,11,2021-11-21,2021_11_BAL_CHI,BAL,0.0848513,0.6225078054461172,30.880808,1.7906122
2021,12,2021-11-28,2021_12_CLE_BAL,BAL,0.21595871,0.6171421834138284,32.25581,1.8739456
2021,13,2021-12-05,2021_13_BAL_PIT,BAL,-0.23047327,0.6515485486535271,27.344696,1.5961677
2021,14,2021-12-12,2021_14_BAL_CLE,BAL,0.21057905,0.6244465345060582,29.576515,1.838592
2021,15,2021-12-19,2021_15_GB_BAL,BAL,-0.12724805,0.6495718721313959,26.362228,1.5272366
2021,16,2021-12-26,2021_16_BAL_CIN,BAL,-0.04079706,0.6481397394492633,27.951454,1.6316137
2021,17,2022-01-02,2021_17_LA_BAL,BAL,0.50338995,0.6138182959016292,34.432934,2.2003968
2021,18,2022-01-09,2021_18_PIT_BAL,BAL,0.6017507,0.6047009934509935,35.746826,2.3531744
2022,1,2022-09-11,2022_01_BAL_NYJ,BAL,,,,
2022,2,2022-09-18,2022_02_MIA_BAL,BAL,,,,
2022,3,2022-09-25,2022_03_BAL_NE,BAL,,,,
2022,4,2022-10-02,2022_04_BUF_BAL,BAL,,,,
2022,5,2022-10-09,2022_05_CIN_BAL,BAL,,,,
2022,6,2022-10-16,2022_06_BAL_NYG,BAL,,,,
2022,7,2022-10-23,2022_07_CLE_BAL,BAL,0.1857123,0.618525401462493,34.562878,2.2206228
2022,8,2022-10-27,2022_08_BAL_TB,BAL,0.47293985,0.6106023092134204,34.8851,2.4289563
2022,9,2022-11-07,2022_09_BAL_NO,BAL,0.13772304,0.6319624305735417,32.41389,2.1592593
2022,11,2022-11-20,2022_11_CAR_BAL,BAL,0.00874629,0.6445680810958588,30.255554,2.0148149
2022,12,2022-11-27,2022_12_BAL_JAX,BAL,-0.3373778,0.6598563534295857,27.928284,1.676936
2022,13,2022-12-04,2022_13_DEN_BAL,BAL,-0.24884726,0.6558552979007525,27.6,1.7863636
2022,14,2022-12-11,2022_14_BAL_PIT,BAL,-0.40815675,0.6605270150724696,27.754545,1.5227274
2022,15,2022-12-17,2022_15_BAL_CLE,BAL,-0.48200074,0.6467943280064492,28.247139,1.4486532
2022,16,2022-12-24,2022_16_ATL_BAL,BAL,-0.71689886,0.6332304227758773,27.671211,1.3227273
2022,17,2023-01-01,2022_17_PIT_BAL,BAL,-0.7550245,0.6255386327595259,29.676767,1.2727273
2022,18,2023-01-08,2022_18_BAL_CIN,BAL,-0.26604635,0.605577079821146,33.070705,1.523569
2023,1,2023-09-10,2023_01_HOU_BAL,BAL,,,,
2023,2,2023-09-17,2023_02_BAL_CIN,BAL,,,,
2023,3,2023-09-24,2023_03_IND_BAL,BAL,,,,
2023,4,2023-10-01,2023_04_BAL_CLE,BAL,,,,
2023,5,2023-10-08,2023_05_BAL_PIT,BAL,,,,
2023,6,2023-10-15,2023_06_BAL_TEN,BAL,,,,
2023,7,2023-10-22,2023_07_DET_BAL,BAL,-0.8299563,0.6484705076831303,23.0289,1.2426282
2023,8,2023-10-29,2023_08_BAL_ARI,BAL,-0.71394014,0.6330192459818685,24.923346,1.2176282
2023,9,2023-11-05,2023_09_SEA_BAL,BAL,-0.88343567,0.6530719261448429,23.048346,1.1503205
2023,10,2023-11-12,2023_10_CLE_BAL,BAL,-1.1216357,0.6803704089120757,21.577993,0.9596154
2023,11,2023-11-16,2023_11_CIN_BAL,BAL,-0.6708009,0.668290779786992,25.131605,1.3302448
2023,12,2023-11-26,2023_12_BAL_LAC,BAL,-0.61489147,0.669943833523379,25.238928,1.4249417
2023,14,2023-12-10,2023_14_LA_BAL,BAL,-0.8507907,0.702791144041144,25.582869,1.3097903
2023,15,2023-12-17,2023_15_BAL_JAX,BAL,-0.57793814,0.7025258929105083,25.22261,1.581585
2023,16,2023-12-25,2023_16_BAL_SF,BAL,-0.76964015,0.7031734398080552,26.772612,1.3905596
2023,17,2023-12-31,2023_17_MIA_BAL,BAL,-0.6483499,0.6797690664036816,31.336714,1.6096736
2023,18,2024-01-06,2023_18_PIT_BAL,BAL,-0.8523836,0.680608501445434,30.863228,1.4644717
2024,1,2024-09-05,2024_01_BAL_KC,BAL,,,,
2024,2,2024-09-15,2024_02_LV_BAL,BAL,,,,
2024,3,2024-09-22,2024_03_BAL_DAL,BAL,,,,
2024,4,2024-09-29,2024_04_BUF_BAL,BAL,,,,
2024,5,2024-10-06,2024_05_BAL_CIN,BAL,,,,
2024,6,2024-10-13,2024_06_WAS_BAL,BAL,,,,
2024,7,2024-10-21,2024_07_BAL_TB,BAL,0.5304647,0.5714714105339106,30.653082,2.2288785
2024,8,2024-10-27,2024_08_BAL_CLE,BAL,0.50728136,0.557434983997484,31.478083,2.209434
2024,9,2024-11-03,2024_09_DEN_BAL,BAL,0.6141573,0.5565441310232977,33.436417,2.2511008
2024,10,2024-11-07,2024_10_CIN_BAL,BAL,0.35188273,0.5751425696217364,32.51066,2.0389795
2024,11,2024-11-17,2024_11_BAL_PIT,BAL,0.7663624,0.5435801926048138,36.05611,2.4026158
2024,12,2024-11-25,2024_12_BAL_LAC,BAL,0.41515502,0.556710736384396,34.24842,2.1718466
2024,13,2024-12-01,2024_13_PHI_BAL,BAL,0.3468646,0.5540908163625152,33.878048,2.1718466
2024,15,2024-12-15,2024_15_BAL_NYG,BAL,0.2730311,0.5579270264487254,30.669716,2.0746243
2024,16,2024-12-21,2024_16_PIT_BAL,BAL,0.07381041,0.5769499706909679,29.470642,1.931106
2024,17,2024-12-25,2024_17_BAL_HOU,BAL,0.1461317,0.5604471216881188,28.926702,2.0220149
2024,18,2025-01-04,2024_18_CLE_BAL,BAL,-0.38718763,0.5917602530012501,25.002459,1.5068636
2016,1,2016-09-11,2016_01_BUF_BAL,BUF,,,,
2016,2,2016-09-15,2016_02_NYJ_BUF,BUF,,,,
2016,3,2016-09-25,2016_03_ARI_BUF,BUF,,,,
2016,4,2016-10-02,2016_04_BUF_NE,BUF,,,,
2016,5,2016-10-09,2016_05_BUF_LA,BUF,,,,
2016,6,2016-10-16,2016_06_SF_BUF,BUF,,,,
2016,7,2016-10-23,2016_07_BUF_MIA,BUF,-0.75806004,0.6375922367074964,30.43598,1.460756
2016,8,2016-10-30,2016_08_NE_BUF,BUF,-0.5522006,0.6383296705699303,31.63598,1.6329781
2016,9,2016-11-07,2016_09_BUF_SEA,BUF,-0.43290544,0.6548786593114325,29.575373,1.6935841
2016,11,2016-11-20,2016_11_BUF_CIN,BUF,-0.008993645,0.6244789565010154,30.065851,2.0197747
2016,12,2016-11-27,2016_12_JAX_BUF,BUF,0.13153997,0.6105244251935429,29.994638,2.2015927
2016,13,2016-12-04,2016_13_BUF_OAK,BUF,0.305044,0.6161328109155649,29.327972,2.231896
2016,14,2016-12-11,2016_14_PIT_BUF,BUF,0.67469305,0.5914034893112433,31.051262,2.5545454
2016,15,2016-12-18,2016_15_CLE_BUF,BUF,0.67282206,0.5788929674257215,31.687628,2.5747473
2016,16,2016-12-24,2016_16_MIA_BUF,BUF,0.16994548,0.5910726069583022,30.76187,2.170202
2016,17,2017-01-01,2016_17_BUF_NYJ,BUF,0.21069373,0.599735101870797,32.46187,2.0894327
2017,1,2017-09-10,2017_01_NYJ_BUF,BUF,,,,
2017,2,2017-09-17,2017_02_BUF_CAR,BUF,,,,
2017,3,2017-09-24,2017_03_DEN_BUF,BUF,,,,
2017,4,2017-10-01,2017_04_BUF_ATL,BUF,,,,
2017,5,2017-10-08,2017_05_BUF_CIN,BUF,,,,
2017,7,2017-10-22,2017_07_TB_BUF,BUF,,,,
2017,8,2017-10-29,2017_08_OAK_BUF,BUF,-0.468927,0.640753653572281,30.535975,1.4877234
2017,9,2017-11-02,2017_09_BUF_NYJ,BUF,-0.52976686,0.6322552075738351,33.12436,1.533178
2017,10,2017-11-12,2017_10_NO_BUF,BUF,-0.3619459,0.6147316880650213,32.552135,1.7609558
2017,11,2017-11-19,2017_11_BUF_LAC,BUF,0.2609311,0.577465404965405,34.77183,2.2508547
2017,12,2017-11-26,2017_12_BUF_KC,BUF,0.52399445,0.5481814812171956,33.39564,2.4675214
2017,13,2017-12-03,2017_13_NE_BUF,BUF,0.3765037,0.5550335323000158,31.446924,2.3393161
2017,14,2017-12-10,2017_14_IND_BUF,BUF,0.4480308,0.555235552502036,31.924196,2.3135588
2017,15,2017-12-17,2017_15_MIA_BUF,BUF,0.39920223,0.5736979542977712,29.51637,2.1986597
2017,16,2017-12-24,2017_16_BUF_NE,BUF,0.2541547,0.5883417663680538,30.685814,2.0431042
2017,17,2017-12-31,2017_17_BUF_MIA,BUF,-0.00022006035,0.5943099185862061,30.232782,1.9476496
2018,1,2018-09-09,2018_01_BUF_BAL,BUF,,,,
2018,2,2018-09-16,2018_02_LAC_BUF,BUF,,,,
2018,3,2018-09-23,2018_03_BUF_MIN,BUF,,,,
2018,4,2018-09-30,2018_04_BUF_GB,BUF,,,,
2018,5,2018-10-07,2018_05_TEN_BUF,BUF,,,,
2018,6,2018-10-14,2018_06_BUF_HOU,BUF,,,,
2018,7,2018-10-21,2018_07_BUF_IND,BUF,-0.6394596,0.62433165250042,26.032457,1.7806777
2018,8,2018-10-29,2018_08_NE_BUF,BUF,-0.59725225,0.6156329520606482,26.889603,1.7350427
2018,9,2018-11-04,2018_09_CHI_BUF,BUF,-0.71441674,0.6178816293093254,27.41738,1.5683761
2018,10,2018-11-11,2018_10_BUF_NYJ,BUF,-0.33006397,0.5774634826411787,25.623728,1.8302808
2018,12,2018-11-25,2018_12_JAX_BUF,BUF,-0.602943,0.5925458539735501,22.512617,1.6636142
2018,13,2018-12-02,2018_13_BUF_MIA,BUF,-0.42715827,0.5841546378004712,23.045023,1.7330586
2018,14,2018-12-09,2018_14_NYJ_BUF,BUF,-0.20716631,0.5930562685771019,22.70635,1.8452381
2018,15,2018-12-16,2018_15_DET_BUF,BUF,-0.30433705,0.615335898669232,21.16847,1.74044
2018,16,2018-12-23,2018_16_BUF_NE,BUF,-0.3188145,0.6319832328165662,21.010138,1.6932179
2018,17,2018-12-30,2018_17_MIA_BUF,BUF,-0.4859943,0.6551410009743344,23.081566,1.6146464
2019,1,2019-09-08,2019_01_BUF_NYJ,BUF,,,,
2019,2,2019-09-15,2019_02_BUF_NYG,BUF,,,,
2019,3,2019-09-22,2019_03_CIN_BUF,BUF,,,,
2019,4,2019-09-29,2019_04_NE_BUF,BUF,,,,
2019,5,2019-10-06,2019_05_BUF_TEN,BUF,,,,
2019,7,2019-10-20,2019_07_MIA_BUF,BUF,,,,
2019,8,2019-10-27,2019_08_PHI_BUF,BUF,-0.84361666,0.6601382789524183,24.781427,1.0900655
2019,9,2019-11-03,2019_09_WAS_BUF,BUF,-0.54665834,0.6474026524857311,27.54833,1.4571983
2019,10,2019-11-10,2019_10_BUF_CLE,BUF,-0.61731994,0.6615313735588967,26.90944,1.4294205
2019,11,2019-11-17,2019_11_BUF_MIA,BUF,-0.4198612,0.6605113708343485,28.56212,1.4993505
2019,12,2019-11-24,2019_12_DEN_BUF,BUF,-0.30507913,0.641636522915383,29.502596,1.6183982
2019,13,2019-11-28,2019_13_BUF_DAL,BUF,-0.35267198,0.6530286913530059,27.917747,1.5623378
2019,14,2019-12-08,2019_14_BAL_BUF,BUF,-0.503503,0.6429593162836309,28.701082,1.4623376
2019,15,2019-12-15,2019_15_BUF_PIT,BUF,-0.7018414,0.6693515628057476,26.10909,1.278355
2019,16,2019-12-21,2019_16_BUF_NE,BUF,-0.81198835,0.6586534774548843,24.789648,1.2505772
2019,17,2019-12-29,2019_17_NYJ_BUF,BUF,-0.75508755,0.6273874655404768,25.51692,1.3263348
2020,1,2020-09-13,2020_01_NYJ_BUF,BUF,,,,
2020,2,2020-09-20,2020_02_BUF_MIA,BUF,,,,
2020,3,2020-09-27,2020_03_LA_BUF,BUF,,,,
2020,4,2020-10-04,2020_04_BUF_LV,BUF,,,,
2020,5,2020-10-13,2020_05_BUF_TEN,BUF,,,,
2020,6,2020-10-19,2020_06_KC_BUF,BUF,,,,
2020,7,2020-10-25,2020_07_BUF_NYJ,BUF,1.0425307,0.5528637075606772,39.998318,2.9003365
2020,8,2020-11-01,2020_08_NE_BUF,BUF,0.980364,0.5349468741135408,39.68687,2.827946
2020,9,2020-11-08,2020_09_SEA_BUF,BUF,0.87473154,0.5266602019379797,39.944447,2.7925928
2020,10,2020-11-15,2020_10_BUF_ARI,BUF,0.6794646,0.536106967293836,38.292927,2.774411
2020,12,2020-11-29,2020_12_LAC_BUF,BUF,0.7246942,0.5470025078462393,37.492004,2.7929294
2020,13,2020-12-07,2020_13_BUF_SF,BUF,0.3132589,0.572750004947903,36.43182,2.2512627
2020,14,2020-12-13,2020_14_PIT_BUF,BUF,0.067468904,0.5889689711668693,35.24663,2.2142255
2020,15,2020-12-19,2020_15_BUF_DEN,BUF,0.056407034,0.6000055959855454,34.607033,2.221348
2020,16,2020-12-28,2020_16_BUF_NE,BUF,-0.13054697,0.6305054716243099,31.648699,2.096348
2020,17,2021-01-03,2020_17_MIA_BUF,BUF,-0.28780612,0.6495936692478611,29.022436,1.7478633
2021,1,2021-09-12,2021_01_PIT_BUF,BUF,,,,
2021,2,2021-09-19,2021_02_BUF_MIA,BUF,,,,
2021,3,2021-09-26,2021_03_WAS_BUF,BUF,,,,
2021,4,2021-10-03,2021_04_HOU_BUF,BUF,,,,
2021,5,2021-10-10,2021_05_BUF_KC,BUF,,,,
2021,6,2021-10-18,2021_06_BUF_TEN,BUF,,,,
2021,8,2021-10-31,2021_08_MIA_BUF,BUF,-1.0934283,0.6644655884239218,22.97096,1.320707
2021,9,2021-11-07,2021_09_BUF_JAX,BUF,-1.272068,0.6854567500400833,23.47096,1.2512625
2021,10,2021-11-14,2021_10_BUF_NYJ,BUF,-1.003192,0.6777319439819439,24.104294,1.4012626
2021,11,2021-11-21,2021_11_IND_BUF,BUF,-1.0088798,0.6751521549438216,25.15985,1.345707
2021,12,2021-11-25,2021_12_BUF_NO,BUF,-0.083727814,0.6042122651313827,30.497812,2.1049664
2021,13,2021-12-06,2021_13_NE_BUF,BUF,-0.36256376,0.6437063358754536,27.932154,1.9180976
2021,14,2021-12-12,2021_14_BUF_TB,BUF,-0.6377877,0.6656928678619854,26.497307,1.6362795
2021,15,2021-12-19,2021_15_CAR_BUF,BUF,-0.27955133,0.6519220652518971,28.30683,1.8624698
2021,16,2021-12-26,2021_16_BUF_NE,BUF,-0.29172412,0.6362572208370527,28.870466,1.9245911
2021,17,2022-01-02,2021_17_ATL_BUF,BUF,-0.023368075,0.6308963122285951,29.787132,2.1259801
2021,18,2022-01-09,2021_18_NYJ_BUF,BUF,-0.53236634,0.6676939553987872,27.84269,1.6444985
2022,1,2022-09-08,2022_01_BUF_LA,BUF,,,,
2022,2,2022-09-19,2022_02_TEN_BUF,BUF,,,,
2022,3,2022-09-25,2022_03_BUF_MIA,BUF,,,,
2022,4,2022-10-02,2022_04_BUF_BAL,BUF,,,,
2022,5,2022-10-09,2022_05_PIT_BUF,BUF,,,,
2022,6,2022-10-16,2022_06_BUF_KC,BUF,,,,
2022,8,2022-10-30,2022_08_GB_BUF,BUF,-0.85392284,0.6326964841704147,27.290405,1.3882576
2022,9,2022-11-06,2022_09_BUF_NYJ,BUF,-0.559695,0.6296596598835904,30.610773,1.5364057
2022,10,2022-11-13,2022_10_MIN_BUF,BUF,-0.21106438,0.6051214385650661,33.51818,1.8007154
2022,11,2022-11-20,2022_11_CLE_BUF,BUF,-0.28680027,0.6001620461056735,34.827705,1.6846441
2022,12,2022-11-24,2022_12_BUF_DET,BUF,-0.21629047,0.6019606060325757,36.342857,1.7300986
2022,13,2022-12-01,2022_13_BUF_NE,BUF,0.1990232,0.5865526806246503,36.257,2.0672197
2022,14,2022-12-11,2022_14_NYJ_BUF,BUF,0.027786443,0.5952007475512261,34.28848,1.9190717
2022,15,2022-12-17,2022_15_MIA_BUF,BUF,-0.16106947,0.5985455508960293,30.879648,1.7324619
2022,16,2022-12-24,2022_16_BUF_CHI,BUF,0.06240496,0.6026571029242481,31.888908,1.845425
2022,18,2023-01-08,2022_18_NE_BUF,BUF,-0.24585028,0.6258422511093963,28.842203,1.690663
2023,1,2023-09-11,2023_01_BUF_NYJ,BUF,,,,
2023,2,2023-09-17,2023_02_LV_BUF,BUF,,,,
2023,3,2023-09-24,2023_03_BUF_WAS,BUF,,,,
2023,4,2023-10-01,2023_04_MIA_BUF,BUF,,,,
2023,5,2023-10-08,2023_05_JAX_BUF,BUF,,,,
2023,6,2023-10-15,2023_06_NYG_BUF,BUF,,,,
2023,7,2023-10-22,2023_07_BUF_NE,BUF,-0.5693306,0.6262226851431397,29.792173,1.2531145
2023,8,2023-10-26,2023_08_TB_BUF,BUF,-0.45665225,0.6102278774816653,31.84495,1.5142256
2023,9,2023-11-05,2023_09_BUF_CIN,BUF,-0.3202351,0.6153723962625478,32.006565,1.6017677
2023,10,2023-11-13,2023_10_DEN_BUF,BUF,0.25188485,0.5892019617587799,35.87357,2.0007575
2023,11,2023-11-19,2023_11_NYJ_BUF,BUF,0.26888445,0.5954412051192355,34.08569,2.0310605
2023,12,2023-11-26,2023_12_BUF_PHI,BUF,-0.31962726,0.6277812661524783,29.823065,1.7747475
2023,14,2023-12-10,2023_14_BUF_KC,BUF,-0.07895979,0.6427149369790063,29.039732,2.0652237
2023,15,2023-12-17,2023_15_DAL_BUF,BUF,-0.3118973,0.6490974125281485,28.73973,1.8652238
2023,16,2023-12-23,2023_16_BUF_LAC,BUF,-0.4252067,0.6531091888410612,28.196169,1.8008298
2023,17,2023-12-31,2023_17_NE_BUF,BUF,-0.55218714,0.6735699780518504,24.594316,1.6619409
2023,18,2024-01-07,2023_18_BUF_MIA,BUF,-0.68416744,0.680025405340611,24.196882,1.5978383
2024,1,2024-09-08,2024_01_ARI_BUF,BUF,,,,
2024,2,2024-09-12,2024_02_BUF_MIA,BUF,,,,
2024,3,2024-09-23,2024_03_JAX_BUF,BUF,,,,
2024,4,2024-09-29,2024_04_BUF_BAL,BUF,,,,
2024,5,2024-10-06,2024_05_BUF_HOU,BUF,,,,
2024,6,2024-10-14,2024_06_BUF_NYJ,BUF,,,,
2024,7,2024-10-20,2024_07_TEN_BUF,BUF,-0.10509936,0.5610753970067696,33.56286,1.9955453
2024,8,2024-10-27,2024_08_BUF_SEA,BUF,-0.47269142,0.5571050617864344,33.043415,1.6677674
2024,9,2024-11-03,2024_09_MIA_BUF,BUF,-0.24810319,0.5611148138354021,31.50823,1.686286
2024,10,2024-11-10,2024_10_BUF_IND,BUF,0.2999041,0.5406523532749024,34.432304,2.0196192
2024,11,2024-11-17,2024_11_KC_BUF,BUF,-0.12717135,0.552869302991852,33.432304,1.7923466
2024,13,2024-12-01,2024_13_SF_BUF,BUF,-0.044247154,0.5547168381727205,32.77988,1.8863636
2024,14,2024-12-08,2024_14_BUF_LA,BUF,-0.42946848,0.5853369896262054,29.485437,1.68266
2024,15,2024-12-15,2024_15_BUF_DET,BUF,0.1733291,0.5584291752183909,33.088215,2.1771042
2024,16,2024-12-22,2024_16_NE_BUF,BUF,0.57249683,0.539622645872646,36.66734,2.6282828
2024,17,2024-12-29,2024_17_NYJ_BUF,BUF,0.31808305,0.5439803025110043,36.0766,2.4782827
2024,18,2025-01-05,2024_18_BUF_NE,BUF,0.27480596,0.5483799769106786,35.32357,2.4085858
2016,1,2016-09-08,2016_01_CAR_DEN,CAR,,,,
2016,2,2016-09-18,2016_02_SF_CAR,CAR,,,,
2016,3,2016-09-25,2016_03_MIN_CAR,CAR,,,,
2016,4,2016-10-02,2016_04_CAR_ATL,CAR,,,,
2016,5,2016-10-10,2016_05_TB_CAR,CAR,,,,
2016,6,2016-10-16,2016_06_CAR_NO,CAR,,,,
2016,8,2016-10-30,2016_08_ARI_CAR,CAR,0.14850676,0.6601458572026914,27.769655,1.9865812
2016,9,2016-11-06,2016_09_CAR_LA,CAR,-0.01572879,0.6586314344761474,27.840363,1.9461771
2016,10,2016-11-13,2016_10_KC_CAR,CAR,-0.017333386,0.6457647054540567,30.015944,1.8329865
2016,11,2016-11-17,2016_11_NO_CAR,CAR,0.053903397,0.6037041986208226,31.194265,1.8656205
2016,12,2016-11-27,2016_12_CAR_OAK,CAR,-0.22847159,0.61409333127057,29.549423,1.6433983
2016,13,2016-12-04,2016_13_CAR_SEA,CAR,-0.25834838,0.6040952005432726,29.235535,1.7295094
2016,14,2016-12-11,2016_14_SD_CAR,CAR,-0.112082444,0.582264064507591,31.100252,1.8474747
2016,15,2016-12-19,2016_15_CAR_WAS,CAR,-0.1748086,0.6081371882973816,29.942133,1.7748252
2016,16,2016-12-24,2016_16_ATL_CAR,CAR,-0.24318327,0.6270088192802566,28.793863,1.8018814
2016,17,2017-01-01,2016_17_CAR_TB,CAR,-0.0098194415,0.6369070439512086,31.066591,2.0897603
2017,1,2017-09-10,2017_01_CAR_SF,CAR,,,,
2017,2,2017-09-17,2017_02_BUF_CAR,CAR,,,,
2017,3,2017-09-24,2017_03_NO_CAR,CAR,,,,
2017,4,2017-10-01,2017_04_CAR_NE,CAR,,,,
2017,5,2017-10-08,2017_05_CAR_DET,CAR,,,,
2017,6,2017-10-12,2017_06_PHI_CAR,CAR,,,,
2017,7,2017-10-22,2017_07_CAR_CHI,CAR,-0.28757635,0.6233592590537035,26.161112,1.8589745
2017,8,2017-10-29,2017_08_CAR_TB,CAR,-0.11627377,0.6028770560715005,24.862625,1.8847319
2017,9,2017-11-05,2017_09_ATL_CAR,CAR,-0.16951637,0.5913683564378008,25.804293,1.8763986
2017,10,2017-11-13,2017_10_MIA_CAR,CAR,-0.4691272,0.6029655786600231,24.701515,1.5458431
2017,12,2017-11-26,2017_12_CAR_NYJ,CAR,-0.64099073,0.627930942514276,23.701515,1.395843
2017,13,2017-12-03,2017_13_CAR_NO,CAR,-0.62541145,0.6292243470814899,24.995165,1.3839383
2017,14,2017-12-10,2017_14_MIN_CAR,CAR,-0.54737717,0.6116018846673609,26.55072,1.4555196
2017,15,2017-12-17,2017_15_GB_CAR,CAR,-0.44734332,0.624262834828311,28.822283,1.6874542
2017,16,2017-12-24,2017_16_TB_CAR,CAR,-0.11031895,0.6145222282127044,30.765465,2.009424
2017,17,2017-12-31,2017_17_CAR_ATL,CAR,-0.08206516,0.614046800862277,32.368244,2.0899794
2018,1,2018-09-09,2018_01_DAL_CAR,CAR,,,,
2018,2,2018-09-16,2018_02_CAR_ATL,CAR,,,,
2018,3,2018-09-23,2018_03_CIN_CAR,CAR,,,,
2018,5,2018-10-07,2018_05_NYG_CAR,CAR,,,,
2018,6,2018-10-14,2018_06_CAR_WAS,CAR,,,,
2018,7,2018-10-21,2018_07_CAR_PHI,CAR,,,,
2018,8,2018-10-28,2018_08_BAL_CAR,CAR,0.3141924,0.607190269395624,33.636868,2.0499158
2018,9,2018-11-04,2018_09_TB_CAR,CAR,0.5399812,0.584605007435362,35.508083,2.2787037
2018,10,2018-11-08,2018_10_CAR_PIT,CAR,0.30299252,0.6293430625900839,32.32197,2.1509259
2018,11,2018-11-18,2018_11_CAR_DET,CAR,0.7065006,0.5962382044852258,33.246212,2.5297136
2018,12,2018-11-25,2018_12_SEA_CAR,CAR,0.63173217,0.6101811743941048,31.900253,2.4021885
2018,13,2018-12-02,2018_13_CAR_TB,CAR,0.84456366,0.6191534588491582,34.88847,2.6092591
2018,14,2018-12-09,2018_14_CAR_CLE,CAR,0.75722927,0.6214962792840838,33.32786,2.6580808
2018,15,2018-12-17,2018_15_NO_CAR,CAR,0.78919834,0.6295238766866813,33.183926,2.70202
2018,16,2018-12-23,2018_16_ATL_CAR,CAR,0.7139146,0.6168414973376352,34.245792,2.4949496
2018,17,2018-12-30,2018_17_CAR_NO,CAR,0.3561425,0.6448096711391423,33.252106,2.131313
2019,1,2019-09-08,2019_01_LA_CAR,CAR,,,,
2019,2,2019-09-12,2019_02_TB_CAR,CAR,,,,
2019,3,2019-09-22,2019_03_CAR_ARI,CAR,,,,
2019,4,2019-09-29,2019_04_CAR_HOU,CAR,,,,
2019,5,2019-10-06,2019_05_JAX_CAR,CAR,,,,
2019,6,2019-10-13,2019_06_CAR_TB,CAR,,,,
2019,8,2019-10-27,2019_08_CAR_SF,CAR,-0.50432235,0.6262548924970144,25.920694,1.6752068
2019,9,2019-11-03,2019_09_TEN_CAR,CAR,-0.36559466,0.6388313048283286,25.757446,1.857258
2019,10,2019-11-10,2019_10_CAR_GB,CAR,-0.3907325,0.6338990071876976,28.03843,1.8786255
2019,11,2019-11-17,2019_11_ATL_CAR,CAR,-0.11823676,0.6092364012750918,31.46604,2.0200398
2019,12,2019-11-24,2019_12_CAR_NO,CAR,0.15205051,0.6084760119730358,32.646595,2.2005951
2019,13,2019-12-01,2019_13_WAS_CAR,CAR,0.29981288,0.6073442042665528,32.944214,2.3943183
2019,14,2019-12-08,2019_14_CAR_ATL,CAR,0.38274017,0.6091874255294168,32.97249,2.468723
2019,15,2019-12-15,2019_15_SEA_CAR,CAR,0.4414895,0.5997013157227943,34.571632,2.4148767
2019,16,2019-12-22,2019_16_CAR_IND,CAR,0.7225523,0.6070931908230026,34.529964,2.5537655
2019,17,2019-12-29,2019_17_NO_CAR,CAR,0.70825106,0.5930635966797722,32.253872,2.5032606
2020,1,2020-09-13,2020_01_LV_CAR,CAR,,,,
2020,2,2020-09-20,2020_02_CAR_TB,CAR,,,,
2020,3,2020-09-27,2020_03_CAR_LAC,CAR,,,,
2020,4,2020-10-04,2020_04_ARI_CAR,CAR,,,,
2020,5,2020-10-11,2020_05_CAR_ATL,CAR,,,,
2020,6,2020-10-18,2020_06_CHI_CAR,CAR,,,,
2020,7,2020-10-25,2020_07_CAR_NO,CAR,0.39422974,0.5849306409171703,34.34512,2.3754208
2020,8,2020-10-29,2020_08_ATL_CAR,CAR,0.35911193,0.5832295732847301,37.33718,2.3886483
2020,9,2020-11-08,2020_09_CAR_KC,CAR,0.5562522,0.5940968345307792,39.626743,2.3819144
2020,10,2020-11-15,2020_10_TB_CAR,CAR,1.0512354,0.5718399842768529,39.63735,2.68949
2020,11,2020-11-22,2020_11_DET_CAR,CAR,1.3669506,0.5726661572621169,43.027924,2.997571
2020,12,2020-11-29,2020_12_CAR_MIN,CAR,0.8985341,0.6037852182422888,38.923546,2.7012746
2020,14,2020-12-13,2020_14_DEN_CAR,CAR,0.8643823,0.603787152335132,40.862938,2.7770321
2020,15,2020-12-19,2020_15_CAR_GB,CAR,0.62781054,0.6234480469960267,36.51229,2.5281143
2020,16,2020-12-27,2020_16_CAR_WAS,CAR,0.4396237,0.6286007432137853,33.495457,2.428788
2020,17,2021-01-03,2020_17_NO_CAR,CAR,0.02146309,0.6493606054769157,32.727272,2.0757575
2021,1,2021-09-12,2021_01_NYJ_CAR,CAR,,,,
2021,2,2021-09-19,2021_02_NO_CAR,CAR,,,,
2021,3,2021-09-23,2021_03_CAR_HOU,CAR,,,,
2021,4,2021-10-03,2021_04_CAR_DAL,CAR,,,,
2021,5,2021-10-10,2021_05_PHI_CAR,CAR,,,,
2021,6,2021-10-17,2021_06_MIN_CAR,CAR,,,,
2021,7,2021-10-24,2021_07_CAR_NYG,CAR,-0.7407119,0.6497725594995166,24.443708,1.591288
2021,8,2021-10-31,2021_08_CAR_ATL,CAR,-0.6229364,0.6334342681612252,24.787725,1.6917152
2021,9,2021-11-07,2021_09_NE_CAR,CAR,-0.50370187,0.6252034480554052,26.559946,1.8111596
2021,10,2021-11-14,2021_10_CAR_ARI,CAR,-0.45131266,0.61278942175249,27.122238,1.9172202
2021,11,2021-11-21,2021_11_WAS_CAR,CAR,-0.99592495,0.6551900240962741,22.908854,1.5106546
2021,12,2021-11-28,2021_12_CAR_MIA,CAR,-0.55047137,0.6287400851463353,26.003298,1.7273213
2021,14,2021-12-12,2021_14_ATL_CAR,CAR,-0.4874623,0.6172010936594271,24.430382,1.7481546
2021,15,2021-12-19,2021_15_CAR_BUF,CAR,-0.40502146,0.6213950478533813,25.376768,1.8017677
2021,16,2021-12-26,2021_16_TB_CAR,CAR,-0.1723621,0.6230091050924385,26.1601,2.0156565
2021,17,2022-01-02,2021_17_CAR_NO,CAR,0.15572824,0.6283783570525995,27.94798,2.2277777
2021,18,2022-01-09,2021_18_CAR_TB,CAR,0.37407544,0.6195466689595478,29.843184,2.3616161
2022,1,2022-09-11,2022_01_CLE_CAR,CAR,,,,
2022,2,2022-09-18,2022_02_CAR_NYG,CAR,,,,
2022,3,2022-09-25,2022_03_NO_CAR,CAR,,,,
2022,4,2022-10-02,2022_04_ARI_CAR,CAR,,,,
2022,5,2022-10-09,2022_05_SF_CAR,CAR,,,,
2022,6,2022-10-16,2022_06_CAR_LA,CAR,,,,
2022,7,2022-10-23,2022_07_TB_CAR,CAR,-0.095726915,0.6213269025323392,30.183762,1.9926186
2022,8,2022-10-30,2022_08_CAR_ATL,CAR,-0.3921117,0.6381312459409608,29.683762,1.6441337
2022,9,2022-11-06,2022_09_CAR_CIN,CAR,-0.3123488,0.6196213332346195,30.836538,1.7492924
2022,10,2022-11-10,2022_10_ATL_CAR,CAR,0.21323441,0.5970799856932719,32.405304,2.206169
2022,11,2022-11-20,2022_11_CAR_BAL,CAR,0.14594072,0.6078130412179942,31.752525,2.053391
2022,12,2022-11-27,2022_12_DEN_CAR,CAR,-0.19544297,0.6128410583170897,30.516413,1.803391
2022,14,2022-12-11,2022_14_CAR_SEA,CAR,-0.3429402,0.6265039106163056,28.215715,1.5679598
2022,15,2022-12-18,2022_15_PIT_CAR,CAR,-0.17606328,0.6269160502196217,28.12026,1.9225053
2022,16,2022-12-24,2022_16_DET_CAR,CAR,0.08813246,0.6158332311140283,29.305445,1.997902
2022,17,2023-01-01,2022_17_CAR_TB,CAR,-0.03509104,0.6300943866251838,28.625143,1.7448717
2022,18,2023-01-08,2022_18_CAR_NO,CAR,0.17823707,0.6093092689650661,30.737322,1.9211539
2023,1,2023-09-10,2023_01_CAR_ATL,CAR,,,,
2023,2,2023-09-18,2023_02_NO_CAR,CAR,,,,
2023,3,2023-09-24,2023_03_CAR_SEA,CAR,,,,
2023,4,2023-10-01,2023_04_MIN_CAR,CAR,,,,
2023,5,2023-10-08,2023_05_CAR_DET,CAR,,,,
2023,6,2023-10-15,2023_06_CAR_MIA,CAR,,,,
2023,8,2023-10-29,2023_08_HOU_CAR,CAR,0.4927862,0.5646326917784137,29.492035,2.5547786
2023,9,2023-11-05,2023_09_IND_CAR,CAR,0.4929808,0.5666004851935755,30.899443,2.487827
2023,10,2023-11-09,2023_10_CAR_CHI,CAR,0.47615317,0.5539285809441311,28.732775,2.4120693
2023,11,2023-11-19,2023_11_DAL_CAR,CAR,0.12737721,0.5624914406433545,27.728113,2.1801345
2023,12,2023-11-26,2023_12_CAR_TEN,CAR,0.44447017,0.5822075578594718,28.494781,2.3801348
2023,13,2023-12-03,2023_13_CAR_TB,CAR,0.21685295,0.6024920812188613,26.78266,2.0013468
2023,14,2023-12-10,2023_14_CAR_NO,CAR,-0.05809248,0.6242164216932019,25.021975,1.6872443
2023,15,2023-12-17,2023_15_ATL_CAR,CAR,-0.14488412,0.608365636270048,23.656235,1.752059
2023,16,2023-12-24,2023_16_GB_CAR,CAR,-0.3897551,0.63304247458325,24.056236,1.6414529
2023,17,2023-12-31,2023_17_CAR_JAX,CAR,0.108310245,0.6202417231461349,25.73654,1.9490288
2023,18,2024-01-07,2023_18_TB_CAR,CAR,-0.061988976,0.6256646335690453,25.356237,1.8929682
2024,1,2024-09-08,2024_01_CAR_NO,CAR,,,,
2024,2,2024-09-15,2024_02_LAC_CAR,CAR,,,,
2024,3,2024-09-22,2024_03_CAR_LV,CAR,,,,
2024,4,2024-09-29,2024_04_CIN_CAR,CAR,,,,
2024,5,2024-10-06,2024_05_CAR_CHI,CAR,,,,
2024,6,2024-10-13,2024_06_ATL_CAR,CAR,,,,
2024,7,2024-10-20,2024_07_CAR_WAS,CAR,0.9169676,0.5507095825957234,33.759594,3.0212123
2024,8,2024-10-27,2024_08_CAR_DEN,CAR,0.98419875,0.5333763602625011,35.03384,2.8757575
2024,9,2024-11-03,2024_09_NO_CAR,CAR,0.9941771,0.5313873384818126,35.742172,2.9035356
2024,10,2024-11-10,2024_10_NYG_CAR,CAR,1.1718264,0.5473176483515165,37.58687,2.9313133
2024,12,2024-11-24,2024_12_KC_CAR,CAR,0.8180236,0.5438186117755568,35.754818,2.582595
2024,13,2024-12-01,2024_13_TB_CAR,CAR,1.1007432,0.5125394879090361,38.01176,2.707595
2024,14,2024-12-08,2024_14_CAR_PHI,CAR,0.8201933,0.5123830898738502,36.51681,2.4207265
2024,15,2024-12-15,2024_15_DAL_CAR,CAR,0.56211406,0.5517666384240655,34.94459,2.2614672
2024,16,2024-12-22,2024_16_ARI_CAR,CAR,0.7361159,0.5393677368206183,35.601154,2.3271239
2024,17,2024-12-29,2024_17_CAR_TB,CAR,0.8056024,0.520349549620613,34.91934,2.448336
2024,18,2025-01-05,2024_18_CAR_ATL,CAR,1.3664294,0.49242204977003623,39.718056,2.9303873
2016,1,2016-09-11,2016_01_CHI_HOU,CHI,,,,
2016,2,2016-09-19,2016_02_PHI_CHI,CHI,,,,
2016,3,2016-09-25,2016_03_CHI_DAL,CHI,,,,
2016,4,2016-10-02,2016_04_DET_CHI,CHI,,,,
2016,5,2016-10-09,2016_05_CHI_IND,CHI,,,,
2016,6,2016-10-16,2016_06_JAX_CHI,CHI,,,,
2016,7,2016-10-20,2016_07_CHI_GB,CHI,0.115315616,0.5993136493136494,30.56859,2.0231545
2016,8,2016-10-31,2016_08_MIN_CHI,CHI,0.2797265,0.5913342675842675,32.925,2.161616
2016,10,2016-11-13,2016_10_CHI_TB,CHI,0.25403085,0.5982456894956895,33.33611,1.925505
2016,11,2016-11-20,2016_11_CHI_NYG,CHI,0.16053434,0.6005355524105523,30.88611,1.7977272
2016,12,2016-11-27,2016_12_TEN_CHI,CHI,0.35470924,0.6310732785732786,31.038889,1.9699494
2016,13,2016-12-04,2016_13_SF_CHI,CHI,0.3127447,0.6320693504026837,30.247223,1.9055556
2016,14,2016-12-11,2016_14_CHI_DET,CHI,-0.009211764,0.6623741343533011,27.88611,1.7527777
2016,15,2016-12-18,2016_15_GB_CHI,CHI,-0.09609727,0.6653404735696402,27.100927,1.6898149
2016,16,2016-12-24,2016_16_WAS_CHI,CHI,0.15099914,0.647169856308114,29.63426,1.9776936
2016,17,2017-01-01,2016_17_CHI_MIN,CHI,0.45550862,0.6318258253390829,31.876684,2.210017
2017,1,2017-09-10,2017_01_ATL_CHI,CHI,,,,
2017,2,2017-09-17,2017_02_CHI_TB,CHI,,,,
2017,3,2017-09-24,2017_03_PIT_CHI,CHI,,,,
2017,4,2017-09-28,2017_04_CHI_GB,CHI,,,,
2017,5,2017-10-09,2017_05_MIN_CHI,CHI,,,,
2017,6,2017-10-15,2017_06_CHI_BAL,CHI,,,,
2017,7,2017-10-22,2017_07_CAR_CHI,CHI,0.14079303,0.6090122227512579,26.163458,1.9739453
2017,8,2017-10-29,2017_08_CHI_NO,CHI,-0.5413047,0.6162143462368038,24.402853,1.6360666
2017,10,2017-11-12,2017_10_GB_CHI,CHI,-0.67756873,0.6246220184054408,25.06573,1.5653595
2017,11,2017-11-19,2017_11_DET_CHI,CHI,-0.4256722,0.6282475595309819,25.974823,1.6562686
2017,12,2017-11-26,2017_12_CHI_PHI,CHI,-0.5016923,0.6127435139133,27.368761,1.4441472
2017,13,2017-12-03,2017_13_SF_CHI,CHI,-0.4194192,0.6095957992459774,29.565733,1.6360666
2017,14,2017-12-10,2017_14_CHI_CIN,CHI,-0.25060916,0.6169151003152785,34.776516,1.772096
2017,15,2017-12-16,2017_15_CHI_DET,CHI,-0.055696934,0.6265330422861618,33.882576,1.832702
2017,16,2017-12-24,2017_16_CLE_CHI,CHI,-0.01714748,0.6332946063393924,32.94697,1.8579545
2017,17,2017-12-31,2017_17_CHI_MIN,CHI,-0.425675,0.6336899286097147,31.29293,1.5511364
2018,1,2018-09-09,2018_01_CHI_GB,CHI,,,,
2018,2,2018-09-17,2018_02_SEA_CHI,CHI,,,,
2018,3,2018-09-23,2018_03_CHI_ARI,CHI,,,,
2018,4,2018-09-30,2018_04_TB_CHI,CHI,,,,
2018,6,2018-10-14,2018_06_CHI_MIA,CHI,,,,
2018,7,2018-10-21,2018_07_NE_CHI,CHI,,,,
2018,8,2018-10-28,2018_08_NYJ_CHI,CHI,-0.40102062,0.6271591620630083,29.350195,1.7559247
2018,9,2018-11-04,2018_09_CHI_BUF,CHI,-0.46743003,0.6490856832542353,27.34767,1.5741066
2018,10,2018-11-11,2018_10_DET_CHI,CHI,-0.7294443,0.6625868315768122,26.657194,1.4451383
2018,11,2018-11-18,2018_11_MIN_CHI,CHI,-0.6555223,0.6587442689107202,27.54482,1.5385727
2018,12,2018-11-22,2018_12_CHI_DET,CHI,-0.6262827,0.6414113366914244,26.452394,1.6749363
2018,13,2018-12-02,2018_13_CHI_NYG,CHI,-0.94846684,0.6606384059184935,24.53631,1.5199245
2018,14,2018-12-09,2018_14_LA_CHI,CHI,-1.1417116,0.6912781270710351,23.17253,1.3596681
2018,15,2018-12-16,2018_15_GB_CHI,CHI,-1.3776779,0.6781758834540857,22.779755,1.285076
2018,16,2018-12-23,2018_16_CHI_SF,CHI,-1.0040327,0.6672810513741888,24.56114,1.4355088
2018,17,2018-12-30,2018_17_CHI_MIN,CHI,-1.0197853,0.6513411331466887,25.491697,1.29662
2019,1,2019-09-05,2019_01_GB_CHI,CHI,,,,
2019,2,2019-09-15,2019_02_CHI_DEN,CHI,,,,
2019,3,2019-09-23,2019_03_CHI_WAS,CHI,,,,
2019,4,2019-09-29,2019_04_MIN_CHI,CHI,,,,
2019,5,2019-10-06,2019_05_CHI_OAK,CHI,,,,
2019,7,2019-10-20,2019_07_NO_CHI,CHI,,,,
2019,8,2019-10-27,2019_08_LAC_CHI,CHI,-0.51725036,0.6388090571045116,28.799456,1.4302254
2019,9,2019-11-03,2019_09_CHI_PHI,CHI,-0.53846604,0.6307606240560785,29.918688,1.5853535
2019,10,2019-11-10,2019_10_DET_CHI,CHI,-0.5875118,0.6434336060305311,28.865911,1.6575757
2019,11,2019-11-17,2019_11_CHI_LA,CHI,-0.46205762,0.6566617709632415,28.048895,1.5969697
2019,12,2019-11-24,2019_12_NYG_CHI,CHI,-0.4070715,0.6260865128879834,27.977098,1.7149185
2019,13,2019-11-28,2019_13_CHI_DET,CHI,-0.69449234,0.6458498691898013,25.06218,1.5307692
2019,14,2019-12-05,2019_14_DAL_CHI,CHI,-0.7836325,0.6594818162786862,25.86622,1.4560218
2019,15,2019-12-15,2019_15_CHI_GB,CHI,-0.5945454,0.6746220447961077,27.682886,1.5060219
2019,16,2019-12-22,2019_16_KC_CHI,CHI,-0.6996986,0.6813080988473579,26.24592,1.469697
2019,17,2019-12-29,2019_17_CHI_MIN,CHI,-0.17909993,0.6676483517317284,28.960663,1.844697
2020,1,2020-09-13,2020_01_CHI_DET,CHI,,,,
2020,2,2020-09-20,2020_02_NYG_CHI,CHI,,,,
2020,3,2020-09-27,2020_03_CHI_ATL,CHI,,,,
2020,4,2020-10-04,2020_04_IND_CHI,CHI,,,,
2020,5,2020-10-08,2020_05_TB_CHI,CHI,,,,
2020,6,2020-10-18,2020_06_CHI_CAR,CHI,,,,
2020,7,2020-10-26,2020_07_CHI_LA,CHI,-0.41234347,0.6520016231045643,29.356062,1.6638168
2020,8,2020-11-01,2020_08_NO_CHI,CHI,-0.4980153,0.6556581517610929,28.195803,1.6520647
2020,9,2020-11-08,2020_09_CHI_TEN,CHI,-0.40218568,0.6769973040617837,28.33042,1.7687312
2020,10,2020-11-16,2020_10_MIN_CHI,CHI,-0.3753258,0.6813576872683207,26.83683,1.6899767
2020,12,2020-11-29,2020_12_CHI_GB,CHI,-0.45835087,0.6900711959818295,27.393938,1.6456877
2020,13,2020-12-06,2020_13_DET_CHI,CHI,-0.09137819,0.6524058751915086,28.807577,1.9411422
2020,14,2020-12-13,2020_14_HOU_CHI,CHI,0.25038233,0.6325473636050559,30.605555,2.1709402
2020,15,2020-12-20,2020_15_CHI_MIN,CHI,0.14838214,0.6452746261528925,29.833994,1.9693085
2020,16,2020-12-27,2020_16_CHI_JAX,CHI,0.22704296,0.6246804233471513,31.566046,2.0859752
2020,17,2021-01-03,2020_17_GB_CHI,CHI,0.16382082,0.6142039340245081,32.87024,2.1127818
2021,1,2021-09-12,2021_01_CHI_LA,CHI,,,,
2021,2,2021-09-19,2021_02_CIN_CHI,CHI,,,,
2021,3,2021-09-26,2021_03_CHI_CLE,CHI,,,,
2021,4,2021-10-03,2021_04_DET_CHI,CHI,,,,
2021,5,2021-10-10,2021_05_CHI_LV,CHI,,,,
2021,6,2021-10-17,2021_06_GB_CHI,CHI,,,,
2021,7,2021-10-24,2021_07_CHI_TB,CHI,0.043013245,0.5989894738632112,34.037205,2.1348484
2021,8,2021-10-31,2021_08_SF_CHI,CHI,-0.15826058,0.584661594951999,32.555725,2.0329967
2021,9,2021-11-08,2021_09_CHI_PIT,CHI,0.5130908,0.5717545945449986,37.483334,2.386532
2021,11,2021-11-21,2021_11_BAL_CHI,CHI,0.5757402,0.5849072352544574,34.739742,2.3643875
2021,12,2021-11-25,2021_12_CHI_DET,CHI,0.52442545,0.5915098357964519,32.770046,2.3475525
2021,13,2021-12-05,2021_13_ARI_CHI,CHI,0.59659165,0.5860498122808729,32.436714,2.4308858
2021,14,2021-12-12,2021_14_CHI_GB,CHI,0.47501054,0.5757397005818723,30.738565,2.5364413
2021,15,2021-12-20,2021_15_MIN_CHI,CHI,0.50560373,0.5773066699373032,30.700104,2.5086634
2021,16,2021-12-26,2021_16_CHI_SEA,CHI,0.09135345,0.5956958810348477,24.695475,2.1336634
2021,17,2022-01-02,2021_17_NYG_CHI,CHI,0.022810766,0.5945315592455258,26.622396,2.1618688
2021,18,2022-01-09,2021_18_CHI_MIN,CHI,-0.40422413,0.6130960755373148,24.244871,1.9611111
2022,1,2022-09-11,2022_01_SF_CHI,CHI,,,,
2022,2,2022-09-18,2022_02_CHI_GB,CHI,,,,
2022,3,2022-09-25,2022_03_HOU_CHI,CHI,,,,
2022,4,2022-10-02,2022_04_CHI_NYG,CHI,,,,
2022,5,2022-10-09,2022_05_CHI_MIN,CHI,,,,
2022,6,2022-10-13,2022_06_WAS_CHI,CHI,,,,
2022,7,2022-10-24,2022_07_CHI_NE,CHI,0.21319403,0.5569497982376771,33.51557,1.9511786
2022,8,2022-10-30,2022_08_CHI_DAL,CHI,0.1842792,0.5586994374873163,32.439816,2.0117846
2022,9,2022-11-06,2022_09_MIA_CHI,CHI,0.31419867,0.5655416693295482,31.470118,2.1632998
2022,10,2022-11-13,2022_10_DET_CHI,CHI,0.58246094,0.5607978945857734,32.801937,2.343603
2022,11,2022-11-20,2022_11_CHI_ATL,CHI,0.58850247,0.5397325542022512,33.070877,2.4446127
2022,12,2022-11-27,2022_12_CHI_NYJ,CHI,0.49673033,0.5415379401743038,29.75606,2.3575757
2022,13,2022-12-04,2022_13_GB_CHI,CHI,0.74869853,0.5357921707921708,34.280304,2.692424
2022,15,2022-12-18,2022_15_PHI_CHI,CHI,1.1892911,0.5340254190254191,36.324245,2.9469697
2022,16,2022-12-24,2022_16_BUF_CHI,CHI,0.7705471,0.558180661930662,35.502274,2.6426766
2022,17,2023-01-01,2022_17_CHI_DET,CHI,0.59635675,0.5628482782649449,35.13005,2.6454546
2022,18,2023-01-08,2022_18_MIN_CHI,CHI,0.7195439,0.5808677587844254,37.23611,2.836111
2023,1,2023-09-10,2023_01_GB_CHI,CHI,,,,
2023,2,2023-09-17,2023_02_CHI_TB,CHI,,,,
2023,3,2023-09-24,2023_03_CHI_KC,CHI,,,,
2023,4,2023-10-01,2023_04_DEN_CHI,CHI,,,,
2023,5,2023-10-05,2023_05_CHI_WAS,CHI,,,,
2023,6,2023-10-15,2023_06_MIN_CHI,CHI,,,,
2023,7,2023-10-22,2023_07_LV_CHI,CHI,0.34872505,0.583383485201667,31.755302,2.2588384
2023,8,2023-10-29,2023_08_CHI_LAC,CHI,0.010282968,0.5990828359296124,31.53771,2.036616
2023,9,2023-11-05,2023_09_CHI_NO,CHI,0.034522727,0.6037720188006136,30.783165,2.2184343
2023,10,2023-11-09,2023_10_CAR_CHI,CHI,-0.3695781,0.6212242425028373,28.054628,1.9305555
2023,11,2023-11-19,2023_11_CHI_DET,CHI,-0.74950004,0.6306157768943718,26.421295,1.6305556
2023,12,2023-11-27,2023_12_CHI_MIN,CHI,-0.6451373,0.6152863146899095,26.156145,1.7921718
2023,14,2023-12-10,2023_14_DET_CHI,CHI,-0.7892554,0.644083212236807,26.767256,1.7631313
2023,15,2023-12-17,2023_15_CHI_CLE,CHI,-0.8235759,0.6435838656293201,26.46086,1.7378788
2023,16,2023-12-24,2023_16_ARI_CHI,CHI,-1.1252555,0.6640636636091182,24.29027,1.4339572
2023,17,2023-12-31,2023_17_ATL_CHI,CHI,-0.9902887,0.6797102855057401,24.359716,1.322846
2023,18,2024-01-07,2023_18_CHI_GB,CHI,-0.97439796,0.6988151158605703,24.745613,1.4241282
2024,1,2024-09-08,2024_01_TEN_CHI,CHI,,,,
2024,2,2024-09-15,2024_02_CHI_HOU,CHI,,,,
2024,3,2024-09-22,2024_03_CHI_IND,CHI,,,,
2024,4,2024-09-29,2024_04_LA_CHI,CHI,,,,
2024,5,2024-10-06,2024_05_CAR_CHI,CHI,,,,
2024,6,2024-10-13,2024_06_JAX_CHI,CHI,,,,
2024,8,2024-10-27,2024_08_CHI_WAS,CHI,-0.6192495,0.63264774090432,25.40812,1.4587607
2024,9,2024-11-03,2024_09_CHI_ARI,CHI,-0.3302927,0.6221531165390815,28.96047,1.490812
2024,10,2024-11-10,2024_10_NE_CHI,CHI,-0.21847586,0.6068878262737912,30.28914,1.6563131
2024,11,2024-11-17,2024_11_GB_CHI,CHI,-0.13393906,0.6017711836571485,30.594696,1.6285354
2024,12,2024-11-24,2024_12_MIN_CHI,CHI,0.16088562,0.5834575198077704,33.942318,1.8047258
2024,13,2024-11-28,2024_13_CHI_DET,CHI,0.52548265,0.5775390881681849,35.68163,2.0504525
2024,14,2024-12-08,2024_14_CHI_SF,CHI,0.5997091,0.5609745702732577,38.548298,2.2097116
2024,15,2024-12-16,2024_15_CHI_MIN,CHI,1.0007266,0.552253098843453,39.401077,2.593045
2024,16,2024-12-22,2024_16_DET_CHI,CHI,1.0269786,0.5431469734873277,39.58138,2.683954
2024,17,2024-12-26,2024_17_SEA_CHI,CHI,1.4439014,0.5163078403981946,42.94249,2.9867318
2024,18,2025-01-05,2024_18_CHI_GB,CHI,0.9814074,0.5300790559551244,38.64487,2.6105413
2016,1,2016-09-11,2016_01_CIN_NYJ,CIN,,,,
2016,2,2016-09-18,2016_02_CIN_PIT,CIN,,,,
2016,3,2016-09-25,2016_03_DEN_CIN,CIN,,,,
2016,4,2016-09-29,2016_04_MIA_CIN,CIN,,,,
2016,5,2016-10-09,2016_05_CIN_DAL,CIN,,,,
2016,6,2016-10-16,2016_06_CIN_NE,CIN,,,,
2016,7,2016-10-23,2016_07_CLE_CIN,CIN,0.62597615,0.6127957903968396,33.653454,2.2718012
2016,8,2016-10-30,2016_08_WAS_CIN,CIN,0.68792695,0.6144113507623999,33.85345,2.188468
2016,10,2016-11-14,2016_10_CIN_NYG,CIN,0.80859065,0.6211268302719971,36.197895,2.24323
2016,11,2016-11-20,2016_11_BUF_CIN,CIN,0.5281799,0.614567622222851,35.76734,2.1096828
2016,12,2016-11-27,2016_12_CIN_BAL,CIN,0.7286741,0.5958410131219103,37.58552,2.2460465
2016,13,2016-12-04,2016_13_PHI_CIN,CIN,0.3779314,0.6134758602706464,34.46052,1.9914169
2016,14,2016-12-11,2016_14_CIN_CLE,CIN,-0.104869515,0.6358550704840812,31.807322,1.5924271
2016,15,2016-12-18,2016_15_PIT_CIN,CIN,-0.3931637,0.6534783268573375,30.17399,1.4757603
2016,16,2016-12-24,2016_16_CIN_HOU,CIN,-0.27891997,0.6317475128879614,30.748064,1.5987762
2016,17,2017-01-01,2016_17_BAL_CIN,CIN,-0.28987494,0.6317644349637072,29.720285,1.4962121
2017,1,2017-09-10,2017_01_BAL_CIN,CIN,,,,
2017,2,2017-09-14,2017_02_HOU_CIN,CIN,,,,
2017,3,2017-09-24,2017_03_CIN_GB,CIN,,,,
2017,4,2017-10-01,2017_04_CIN_CLE,CIN,,,,
2017,5,2017-10-08,2017_05_BUF_CIN,CIN,,,,
2017,7,2017-10-22,2017_07_CIN_PIT,CIN,,,,
2017,8,2017-10-29,2017_08_IND_CIN,CIN,-0.5252986,0.6573595911664094,24.600914,1.5871211
2017,9,2017-11-05,2017_09_CIN_JAX,CIN,-0.5117741,0.6521843266161448,25.475914,1.6287879
2017,10,2017-11-12,2017_10_CIN_TEN,CIN,-0.24252307,0.6152707515081253,29.62121,1.776936
2017,11,2017-11-19,2017_11_CIN_DEN,CIN,-0.30846146,0.6151472342371721,30.176767,1.7096285
2017,12,2017-11-26,2017_12_CLE_CIN,CIN,-0.22813551,0.6060276974187716,31.655304,1.8396788
2017,13,2017-12-04,2017_13_PIT_CIN,CIN,-0.13959433,0.6038810015220757,36.085857,1.9137529
2017,14,2017-12-10,2017_14_CHI_CIN,CIN,-0.037002727,0.5966249747205944,35.955555,1.8576922
2017,15,2017-12-17,2017_15_CIN_MIN,CIN,0.30488658,0.5717190799617584,38.661366,2.0382478
2017,16,2017-12-24,2017_16_DET_CIN,CIN,0.1440625,0.6101402744345402,35.224857,2.0567663
2017,17,2017-12-31,2017_17_CIN_BAL,CIN,0.09149947,0.6092246302496652,34.07334,2.0066497
2018,1,2018-09-09,2018_01_CIN_IND,CIN,,,,
2018,2,2018-09-13,2018_02_BAL_CIN,CIN,,,,
2018,3,2018-09-23,2018_03_CIN_CAR,CIN,,,,
2018,4,2018-09-30,2018_04_CIN_ATL,CIN,,,,
2018,5,2018-10-07,2018_05_MIA_CIN,CIN,,,,
2018,6,2018-10-14,2018_06_PIT_CIN,CIN,,,,
2018,7,2018-10-21,2018_07_CIN_KC,CIN,0.23465313,0.5873399954314872,36.867405,2.2933567
2018,8,2018-10-28,2018_08_TB_CIN,CIN,0.7557023,0.5596271737413928,40.293163,2.5948718
2018,10,2018-11-11,2018_10_NO_CIN,CIN,0.8845618,0.564311129386887,42.2547,2.7358973
2018,11,2018-11-18,2018_11_CIN_BAL,CIN,1.356328,0.5296333450500117,45.501923,3.1553419
2018,12,2018-11-25,2018_12_CLE_CIN,CIN,1.03885,0.5304860109026776,42.876923,2.888675
2018,13,2018-12-02,2018_13_DEN_CIN,CIN,1.51688,0.5301153518198972,43.933743,3.2662003
2018,14,2018-12-09,2018_14_CIN_LAC,CIN,1.2834498,0.5192299409344864,40.511948,3.1072261
2018,15,2018-12-16,2018_15_OAK_CIN,CIN,1.008833,0.5405998673044128,36.128613,2.8905594
2018,16,2018-12-23,2018_16_CIN_CLE,CIN,0.7967368,0.5401628043673499,32.52605,2.6597903
2018,17,2018-12-30,2018_17_CIN_PIT,CIN,0.41403505,0.5635065593777715,33.172344,2.2912717
2019,1,2019-09-08,2019_01_CIN_SEA,CIN,,,,
2019,2,2019-09-15,2019_02_SF_CIN,CIN,,,,
2019,3,2019-09-22,2019_03_CIN_BUF,CIN,,,,
2019,4,2019-09-30,2019_04_CIN_PIT,CIN,,,,
2019,5,2019-10-06,2019_05_ARI_CIN,CIN,,,,
2019,6,2019-10-13,2019_06_CIN_BAL,CIN,,,,
2019,7,2019-10-20,2019_07_JAX_CIN,CIN,0.59591013,0.6052610554881858,37.951984,2.336111
2019,8,2019-10-27,2019_08_CIN_LA,CIN,0.63391846,0.5732277118476993,40.69008,2.336111
2019,10,2019-11-10,2019_10_BAL_CIN,CIN,0.6326075,0.5893595352711894,40.592857,2.1666667
2019,11,2019-11-17,2019_11_CIN_OAK,CIN,1.1036164,0.5384566947254917,41.933334,2.5333333
2019,12,2019-11-24,2019_12_PIT_CIN,CIN,0.9930523,0.5572861291799261,41.86111,2.3194444
2019,13,2019-12-01,2019_13_NYJ_CIN,CIN,0.69751996,0.5818497930293043,37.318256,2.0765874
2019,14,2019-12-08,2019_14_CIN_CLE,CIN,0.26958543,0.6067967725516427,33.14098,1.7841631
2019,15,2019-12-15,2019_15_NE_CIN,CIN,0.3337536,0.6105638652473068,33.190983,1.884163
2019,16,2019-12-22,2019_16_CIN_MIA,CIN,0.13041972,0.6008189805024221,29.088417,1.8431374
2019,17,2019-12-29,2019_17_CLE_CIN,CIN,-0.11660314,0.6500716028800445,28.000917,1.6223041
2020,1,2020-09-13,2020_01_LAC_CIN,CIN,,,,
2020,2,2020-09-17,2020_02_CIN_CLE,CIN,,,,
2020,3,2020-09-27,2020_03_CIN_PHI,CIN,,,,
2020,4,2020-10-04,2020_04_JAX_CIN,CIN,,,,
2020,5,2020-10-11,2020_05_CIN_BAL,CIN,,,,
2020,6,2020-10-18,2020_06_CIN_IND,CIN,,,,
2020,7,2020-10-25,2020_07_CLE_CIN,CIN,0.36445272,0.6218388784189895,34.642075,2.2389276
2020,8,2020-11-01,2020_08_TEN_CIN,CIN,0.9106602,0.5937678437240232,37.371418,2.7189846
2020,10,2020-11-15,2020_10_CIN_PIT,CIN,0.7920615,0.5755930504103409,38.304752,2.5060217
2020,11,2020-11-22,2020_11_CIN_WAS,CIN,0.93789226,0.5570648154955514,37.946693,2.6397214
2020,12,2020-11-29,2020_12_NYG_CIN,CIN,0.7885172,0.5593848411489105,35.31058,2.5008326
2020,13,2020-12-06,2020_13_CIN_MIA,CIN,0.7955678,0.5720509558983585,36.415283,2.4954908
2020,14,2020-12-13,2020_14_DAL_CIN,CIN,0.67185634,0.5576294977269004,36.051647,2.3136723
2020,15,2020-12-21,2020_15_PIT_CIN,CIN,0.4606456,0.5577796138900883,33.718315,2.0729318
2020,16,2020-12-27,2020_16_CIN_HOU,CIN,0.06519922,0.6030541659106722,28.456411,1.9049424
2020,17,2021-01-03,2020_17_BAL_CIN,CIN,0.09509703,0.6024101910783857,31.362253,1.9460678
2021,1,2021-09-12,2021_01_MIN_CIN,CIN,,,,
2021,2,2021-09-19,2021_02_CIN_CHI,CIN,,,,
2021,3,2021-09-26,2021_03_CIN_PIT,CIN,,,,
2021,4,2021-09-30,2021_04_JAX_CIN,CIN,,,,
2021,5,2021-10-10,2021_05_GB_CIN,CIN,,,,
2021,6,2021-10-17,2021_06_CIN_DET,CIN,,,,
2021,7,2021-10-24,2021_07_CIN_BAL,CIN,-0.44704852,0.6526425632571218,30.381556,1.6126748
2021,8,2021-10-31,2021_08_CIN_NYJ,CIN,-0.60513276,0.6712756212590346,29.893461,1.5073634
2021,9,2021-11-07,2021_09_CLE_CIN,CIN,-0.32487053,0.6497620548591044,33.897247,1.7674645
2021,11,2021-11-21,2021_11_CIN_LV,CIN,0.056601036,0.6190821017606732,33.72932,2.1020606
2021,12,2021-11-28,2021_12_PIT_CIN,CIN,-0.42238954,0.6408358845940015,30.837275,1.8615302
2021,13,2021-12-05,2021_13_LAC_CIN,CIN,-0.7451236,0.6604066302064138,29.04347,1.6799062
2021,14,2021-12-12,2021_14_SF_CIN,CIN,-0.5238533,0.624257897986253,29.555374,1.9132395
2021,15,2021-12-19,2021_15_CIN_DEN,CIN,-0.27329272,0.6042758628256464,29.428085,2.0441918
2021,16,2021-12-26,2021_16_BAL_CIN,CIN,-0.42650712,0.6165545773770882,26.727327,1.7234849
2021,17,2022-01-02,2021_17_KC_CIN,CIN,-0.48669282,0.622652231085036,27.898626,1.6262627
2021,18,2022-01-09,2021_18_CIN_CLE,CIN,0.11525925,0.5929817892933821,31.35317,2.003367
2022,1,2022-09-11,2022_01_PIT_CIN,CIN,,,,
2022,2,2022-09-18,2022_02_CIN_DAL,CIN,,,,
2022,3,2022-09-25,2022_03_CIN_NYJ,CIN,,,,
2022,4,2022-09-29,2022_04_MIA_CIN,CIN,,,,
2022,5,2022-10-09,2022_05_CIN_BAL,CIN,,,,
2022,6,2022-10-16,2022_06_CIN_NO,CIN,,,,
2022,7,2022-10-23,2022_07_ATL_CIN,CIN,-0.27469048,0.6258756728701581,30.747412,1.654356
2022,8,2022-10-31,2022_08_CIN_CLE,CIN,-0.16424398,0.6120791010006698,31.929125,1.7920876
2022,9,2022-11-06,2022_09_CAR_CIN,CIN,-0.08115841,0.5918508107723794,33.009426,1.9436027
2022,11,2022-11-20,2022_11_CIN_PIT,CIN,0.1992578,0.6105697917072695,31.908417,2.0951178
2022,12,2022-11-27,2022_12_CIN_TEN,CIN,0.31182602,0.6064143610812506,30.681145,2.2524605
2022,13,2022-12-04,2022_13_KC_CIN,CIN,0.27271983,0.6088537816824359,30.997812,2.2024605
2022,14,2022-12-11,2022_14_CLE_CIN,CIN,0.35878992,0.6050427547464089,31.618645,2.2691271
2022,15,2022-12-18,2022_15_CIN_TB,CIN,0.22049956,0.6063818477521686,32.8678,2.1058276
2022,16,2022-12-24,2022_16_CIN_NE,CIN,-0.10669318,0.6325874182759209,32.170834,1.9694638
2022,18,2023-01-08,2022_18_BAL_CIN,CIN,-0.24271971,0.6266878324520927,32.67462,1.8179487
2023,1,2023-09-10,2023_01_CIN_CLE,CIN,,,,
2023,2,2023-09-17,2023_02_BAL_CIN,CIN,,,,
2023,3,2023-09-25,2023_03_LA_CIN,CIN,,,,
2023,4,2023-10-01,2023_04_CIN_TEN,CIN,,,,
2023,5,2023-10-08,2023_05_CIN_ARI,CIN,,,,
2023,6,2023-10-15,2023_06_SEA_CIN,CIN,,,,
2023,8,2023-10-29,2023_08_CIN_SF,CIN,-0.17550726,0.6261614585866541,32.926037,1.9613165
2023,9,2023-11-05,2023_09_BUF_CIN,CIN,-0.10061566,0.6197847664956763,35.705257,1.933178
2023,10,2023-11-12,2023_10_HOU_CIN,CIN,-0.19640253,0.6393432686930672,33.92748,1.7665113
2023,11,2023-11-16,2023_11_CIN_BAL,CIN,0.03588846,0.6153761478509464,36.846283,1.9289044
2023,12,2023-11-26,2023_12_PIT_CIN,CIN,-0.014302942,0.624507106752639,35.575237,1.9440559
2023,13,2023-12-04,2023_13_CIN_JAX,CIN,0.2848318,0.5930256537327245,38.822674,1.9543123
2023,14,2023-12-10,2023_14_IND_CIN,CIN,0.45038566,0.5846292101090081,38.226715,2.1878982
2023,15,2023-12-16,2023_15_MIN_CIN,CIN,0.32223478,0.5901482281280261,35.408535,2.0515344
2023,16,2023-12-23,2023_16_CIN_PIT,CIN,0.3985503,0.5825263541172633,36.56779,2.1182013
2023,17,2023-12-31,2023_17_CIN_KC,CIN,0.45838487,0.5824995290904381,35.608585,2.2487373
2023,18,2024-01-07,2023_18_CLE_CIN,CIN,0.3843197,0.5992162467162467,35.68889,2.1502526
2024,1,2024-09-08,2024_01_NE_CIN,CIN,,,,
2024,2,2024-09-15,2024_02_CIN_KC,CIN,,,,
2024,3,2024-09-23,2024_03_WAS_CIN,CIN,,,,
2024,4,2024-09-29,2024_04_CIN_CAR,CIN,,,,
2024,5,2024-10-06,2024_05_BAL_CIN,CIN,,,,
2024,6,2024-10-13,2024_06_CIN_NYG,CIN,,,,
2024,7,2024-10-20,2024_07_CIN_CLE,CIN,0.944135,0.5369085639829418,34.04697,2.3870046
2024,8,2024-10-27,2024_08_PHI_CIN,CIN,0.6205722,0.5608791094660924,33.237446,2.2870047
2024,9,2024-11-03,2024_09_LV_CIN,CIN,1.1215078,0.5433408198689792,36.74161,2.7245047
2024,10,2024-11-07,2024_10_CIN_BAL,CIN,0.34165585,0.5570345528335455,32.338833,2.182838
2024,11,2024-11-17,2024_11_CIN_LAC,CIN,0.51540256,0.5566439711929639,32.087574,2.3053129
2024,13,2024-12-01,2024_13_PIT_CIN,CIN,0.2552676,0.5682926857262939,30.997828,2.2155693
2024,14,2024-12-09,2024_14_CIN_DAL,CIN,0.67819315,0.5296117678787092,33.538235,2.6372864
2024,15,2024-12-15,2024_15_CIN_TEN,CIN,0.93270737,0.5023633483088611,34.881092,2.8039532
2024,16,2024-12-22,2024_16_CLE_CIN,CIN,0.4007237,0.5051924250962713,31.8047,2.4081197
2024,17,2024-12-28,2024_17_DEN_CIN,CIN,0.23504697,0.5345138367093495,33.340813,2.2581198
2024,18,2025-01-04,2024_18_CIN_PIT,CIN,0.14752072,0.5506095465550593,33.39359,2.1720085
2016,1,2016-09-11,2016_01_CLE_PHI,CLE,,,,
2016,2,2016-09-18,2016_02_BAL_CLE,CLE,,,,
2016,3,2016-09-25,2016_03_CLE_MIA,CLE,,,,
2016,4,2016-10-02,2016_04_CLE_WAS,CLE,,,,
2016,5,2016-10-09,2016_05_NE_CLE,CLE,,,,
2016,6,2016-10-16,2016_06_CLE_TEN,CLE,,,,
2016,7,2016-10-23,2016_07_CLE_CIN,CLE,0.5164937,0.5823736816365022,33.386467,2.3913817
2016,8,2016-10-30,2016_08_NYJ_CLE,CLE,0.80991024,0.5762787965832837,37.10591,2.5330484
2016,9,2016-11-06,2016_09_DAL_CLE,CLE,0.9432686,0.6086947217075422,37.25869,2.6441596
2016,10,2016-11-10,2016_10_CLE_BAL,CLE,1.4361157,0.5867572147700352,40.35869,2.9589741
2016,11,2016-11-20,2016_11_PIT_CLE,CLE,1.2550975,0.587102317198471,40.312393,2.7737892
2016,12,2016-11-27,2016_12_NYG_CLE,CLE,1.2182468,0.572524139384999,39.91656,2.7182338
2016,14,2016-12-11,2016_14_CIN_CLE,CLE,1.1130819,0.5759721514868573,38.222424,2.6092594
2016,15,2016-12-18,2016_15_CLE_BUF,CLE,0.91049033,0.5680881836028895,34.905754,2.475926
2016,16,2016-12-24,2016_16_SD_CLE,CLE,0.98310846,0.5321554435034828,37.799274,2.6564815
2016,17,2017-01-01,2016_17_CLE_PIT,CLE,0.54395235,0.5619885733366127,35.35988,2.265909
2017,1,2017-09-10,2017_01_PIT_CLE,CLE,,,,
2017,2,2017-09-17,2017_02_CLE_BAL,CLE,,,,
2017,3,2017-09-24,2017_03_CLE_IND,CLE,,,,
2017,4,2017-10-01,2017_04_CIN_CLE,CLE,,,,
2017,5,2017-10-08,2017_05_NYJ_CLE,CLE,,,,
2017,6,2017-10-15,2017_06_CLE_HOU,CLE,,,,
2017,7,2017-10-22,2017_07_TEN_CLE,CLE,0.010301531,0.6233078099149528,24.751825,1.88446
2017,8,2017-10-29,2017_08_MIN_CLE,CLE,-0.0918119,0.6331237088852635,24.093996,1.8238539
2017,10,2017-11-12,2017_10_CLE_DET,CLE,0.05166453,0.6303821052508027,24.261581,1.9090186
2017,11,2017-11-19,2017_11_JAX_CLE,CLE,0.060890052,0.6158832333114547,25.331024,2.0090187
2017,12,2017-11-26,2017_12_CLE_CIN,CLE,-0.26858962,0.6447632364102077,22.986328,1.6747384
2017,13,2017-12-03,2017_13_CLE_LAC,CLE,0.027441284,0.6402700444170157,26.45939,1.9727182
2017,14,2017-12-10,2017_14_GB_CLE,CLE,0.22923225,0.6147211334514381,30.603836,2.0467923
2017,15,2017-12-17,2017_15_BAL_CLE,CLE,0.61798745,0.5983921873430802,32.55106,2.3301256
2017,16,2017-12-24,2017_16_CLE_CHI,CLE,0.5145909,0.5889360735714902,33.285183,2.2289352
2017,17,2017-12-31,2017_17_CLE_PIT,CLE,0.43579352,0.607572452624536,32.07685,2.0622685
2018,1,2018-09-09,2018_01_PIT_CLE,CLE,,,,
2018,2,2018-09-16,2018_02_CLE_NO,CLE,,,,
2018,3,2018-09-20,2018_03_NYJ_CLE,CLE,,,,
2018,4,2018-09-30,2018_04_CLE_OAK,CLE,,,,
2018,5,2018-10-07,2018_05_BAL_CLE,CLE,,,,
2018,6,2018-10-14,2018_06_LAC_CLE,CLE,,,,
2018,7,2018-10-21,2018_07_CLE_TB,CLE,-0.5375701,0.6175939577803613,26.460436,1.6060053
2018,8,2018-10-28,2018_08_CLE_PIT,CLE,-0.43157706,0.6105307115723783,27.070086,1.6926283
2018,9,2018-11-04,2018_09_KC_CLE,CLE,-0.28651926,0.6141816902233569,28.6203,1.7983974
2018,10,2018-11-11,2018_10_ATL_CLE,CLE,0.29740933,0.5811419419058307,34.425144,2.2656338
2018,12,2018-11-25,2018_12_CLE_CIN,CLE,0.3776944,0.577217186106075,36.066807,2.2073004
2018,13,2018-12-02,2018_13_CLE_HOU,CLE,0.44435278,0.5769557191779414,37.711254,2.440634
2018,14,2018-12-09,2018_14_CAR_CLE,CLE,0.48275855,0.5807359667081889,37.773026,2.3019392
2018,15,2018-12-15,2018_15_CLE_DEN,CLE,0.4976749,0.5967452310129078,38.97757,2.3341362
2018,16,2018-12-23,2018_16_CIN_CLE,CLE,0.43823734,0.6092692810369579,37.671043,2.1791246
2018,17,2018-12-30,2018_17_CLE_BAL,CLE,0.026084289,0.633474499686621,32.33771,1.8272728
2019,1,2019-09-08,2019_01_TEN_CLE,CLE,,,,
2019,2,2019-09-16,2019_02_CLE_NYJ,CLE,,,,
2019,3,2019-09-22,2019_03_LA_CLE,CLE,,,,
2019,4,2019-09-29,2019_04_CLE_BAL,CLE,,,,
2019,5,2019-10-07,2019_05_CLE_SF,CLE,,,,
2019,6,2019-10-13,2019_06_SEA_CLE,CLE,,,,
2019,8,2019-10-27,2019_08_CLE_NE,CLE,-0.0297942,0.6345939361564362,30.424118,1.9504662
2019,9,2019-11-03,2019_09_CLE_DEN,CLE,-0.2327468,0.638879998224361,30.805069,1.8254662
2019,10,2019-11-10,2019_10_BUF_CLE,CLE,0.13629277,0.6098253144821772,31.741938,2.147436
2019,11,2019-11-14,2019_11_PIT_CLE,CLE,0.11708086,0.5977402698971326,32.26315,2.077739
2019,12,2019-11-24,2019_12_MIA_CLE,CLE,-0.2546253,0.6002180665713579,29.558786,1.81385
2019,13,2019-12-01,2019_13_CLE_PIT,CLE,-0.35546848,0.6063475852008765,28.143867,1.7800506
2019,14,2019-12-08,2019_14_CIN_CLE,CLE,-0.44640958,0.6200967295750209,27.221643,1.6689395
2019,15,2019-12-15,2019_15_CLE_ARI,CLE,-0.39649475,0.616406878213601,30.321646,1.6939393
2019,16,2019-12-22,2019_16_BAL_CLE,CLE,-0.18158315,0.5986217929285157,33.162556,1.9636364
2019,17,2019-12-29,2019_17_CLE_CIN,CLE,0.10928696,0.5782353969171197,35.44589,2.2469697
2020,1,2020-09-13,2020_01_CLE_BAL,CLE,,,,
2020,2,2020-09-17,2020_02_CIN_CLE,CLE,,,,
2020,3,2020-09-27,2020_03_WAS_CLE,CLE,,,,
2020,4,2020-10-04,2020_04_CLE_DAL,CLE,,,,
2020,5,2020-10-11,2020_05_IND_CLE,CLE,,,,
2020,6,2020-10-18,2020_06_CLE_PIT,CLE,,,,
2020,7,2020-10-25,2020_07_CLE_CIN,CLE,0.56659436,0.5748084360458098,32.763824,2.69561
2020,8,2020-11-01,2020_08_LV_CLE,CLE,0.69453216,0.5603698443344909,35.657764,2.749482
2020,10,2020-11-15,2020_10_HOU_CLE,CLE,0.61889964,0.5588011283608901,36.47787,2.574879
2020,11,2020-11-22,2020_11_PHI_CLE,CLE,0.61561364,0.5405740814880099,37.248703,2.4429343
2020,12,2020-11-29,2020_12_CLE_JAX,CLE,0.28554463,0.5600287009426294,33.34272,2.1331053
2020,13,2020-12-06,2020_13_CLE_TEN,CLE,0.44400707,0.5567864512357331,35.6205,2.2475834
2020,14,2020-12-14,2020_14_BAL_CLE,CLE,0.5193704,0.5562403923563409,38.083103,2.3234382
2020,15,2020-12-20,2020_15_CLE_NYG,CLE,0.5715587,0.5772806315783984,35.280075,2.3756268
2020,16,2020-12-27,2020_16_CLE_NYJ,CLE,0.32258937,0.6043561195865489,33.92293,2.1196744
2020,17,2021-01-03,2020_17_PIT_CLE,CLE,0.377184,0.6125979356408648,33.12966,2.2687128
2021,1,2021-09-12,2021_01_CLE_KC,CLE,,,,
2021,2,2021-09-19,2021_02_HOU_CLE,CLE,,,,
2021,3,2021-09-26,2021_03_CHI_CLE,CLE,,,,
2021,4,2021-10-03,2021_04_CLE_MIN,CLE,,,,
2021,5,2021-10-10,2021_05_CLE_LAC,CLE,,,,
2021,6,2021-10-17,2021_06_ARI_CLE,CLE,,,,
2021,7,2021-10-21,2021_07_DEN_CLE,CLE,0.44151017,0.6585036349279888,29.939898,2.4575758
2021,8,2021-10-31,2021_08_PIT_CLE,CLE,0.17150748,0.6709532903923501,27.233881,2.1381314
2021,9,2021-11-07,2021_09_CLE_CIN,CLE,0.1512488,0.668104064001457,27.807955,1.9992424
2021,10,2021-11-14,2021_10_CLE_NE,CLE,0.13275965,0.662638878233241,31.929167,2.1305556
2021,11,2021-11-21,2021_11_DET_CLE,CLE,0.96264195,0.6080924408743036,36.75787,2.8666668
2021,12,2021-11-28,2021_12_CLE_BAL,CLE,0.4966067,0.6029763831847166,33.59499,2.3654041
2021,14,2021-12-12,2021_14_BAL_CLE,CLE,0.13805835,0.6204786031869365,31.61294,1.9538655
2021,15,2021-12-20,2021_15_LV_CLE,CLE,-0.05013323,0.6149306788890122,31.954287,1.9442502
2021,16,2021-12-25,2021_16_CLE_GB,CLE,-0.108978264,0.5886485119818453,31.254286,1.9609169
2021,17,2022-01-03,2021_17_CLE_PIT,CLE,0.32141155,0.5652269952269953,31.604286,2.1386945
2021,18,2022-01-09,2021_18_CIN_CLE,CLE,-0.33170268,0.6115510085152942,26.79344,1.6148852
2022,1,2022-09-11,2022_01_CLE_CAR,CLE,,,,
2022,2,2022-09-18,2022_02_NYJ_CLE,CLE,,,,
2022,3,2022-09-22,2022_03_PIT_CLE,CLE,,,,
2022,4,2022-10-02,2022_04_CLE_ATL,CLE,,,,
2022,5,2022-10-09,2022_05_LAC_CLE,CLE,,,,
2022,6,2022-10-16,2022_06_NE_CLE,CLE,,,,
2022,7,2022-10-23,2022_07_CLE_BAL,CLE,0.6287658,0.6342606022124421,31.223486,2.3160174
2022,8,2022-10-31,2022_08_CIN_CLE,CLE,0.64006364,0.6261185051120116,31.44697,2.331169
2022,10,2022-11-13,2022_10_CLE_MIA,CLE,0.17776777,0.633801663704261,29.172728,2.0781386
2022,11,2022-11-20,2022_11_CLE_BUF,CLE,0.6957884,0.60020979261239,33.59865,2.542785
2022,12,2022-11-27,2022_12_TB_CLE,CLE,0.8736461,0.5743097667123641,33.96229,2.663997
2022,13,2022-12-04,2022_13_CLE_HOU,CLE,0.5208237,0.5869369122940551,31.083502,2.4274004
2022,14,2022-12-11,2022_14_CLE_CIN,CLE,0.016162572,0.6041599670171098,29.70255,2.1178765
2022,15,2022-12-17,2022_15_BAL_CLE,CLE,0.027064687,0.5916227819799248,31.354065,2.1178765
2022,16,2022-12-24,2022_16_NO_CLE,CLE,-0.089473784,0.5914065578748118,33.537395,1.9567655
2022,17,2023-01-01,2022_17_CLE_WAS,CLE,-0.60839885,0.6434273064864695,28.141775,1.492119
2022,18,2023-01-08,2022_18_CLE_PIT,CLE,-1.0267377,0.672195344004507,27.066017,1.1890887
2023,1,2023-09-10,2023_01_CIN_CLE,CLE,,,,
2023,2,2023-09-18,2023_02_CLE_PIT,CLE,,,,
2023,3,2023-09-24,2023_03_TEN_CLE,CLE,,,,
2023,4,2023-10-01,2023_04_BAL_CLE,CLE,,,,
2023,6,2023-10-15,2023_06_SF_CLE,CLE,,,,
2023,7,2023-10-22,2023_07_CLE_IND,CLE,,,,
2023,8,2023-10-29,2023_08_CLE_SEA,CLE,-1.1150066,0.6857056003410169,17.418215,1.2318376
2023,9,2023-11-05,2023_09_ARI_CLE,CLE,-0.7554887,0.6517902564256731,20.868216,1.5318376
2023,10,2023-11-12,2023_10_CLE_BAL,CLE,-0.9817434,0.6745669712782808,18.902441,1.3860043
2023,11,2023-11-19,2023_11_PIT_CLE,CLE,-0.73678166,0.6536700945859496,21.585775,1.6832265
2023,12,2023-11-26,2023_12_CLE_DEN,CLE,-0.8878548,0.684865436518471,20.666971,1.4225427
2023,13,2023-12-03,2023_13_CLE_LA,CLE,-0.65671057,0.676731191496971,21.993895,1.579594
2023,14,2023-12-10,2023_14_JAX_CLE,CLE,-0.47813866,0.6681185656968452,22.359282,1.6196581
2023,15,2023-12-17,2023_15_CHI_CLE,CLE,-0.61641306,0.6824354035430948,20.20405,1.5510306
2023,16,2023-12-24,2023_16_CLE_HOU,CLE,-0.43279806,0.672406704563503,21.971909,1.665614
2023,17,2023-12-28,2023_17_NYJ_CLE,CLE,-0.5768092,0.6782869774892305,20.952677,1.600443
2023,18,2024-01-07,2023_18_CLE_CIN,CLE,-0.6803356,0.6538805256789325,22.046083,1.6389046
2024,1,2024-09-08,2024_01_DAL_CLE,CLE,,,,
2024,2,2024-09-15,2024_02_CLE_JAX,CLE,,,,
2024,3,2024-09-22,2024_03_NYG_CLE,CLE,,,,
2024,4,2024-09-29,2024_04_CLE_LV,CLE,,,,
2024,5,2024-10-06,2024_05_CLE_WAS,CLE,,,,
2024,6,2024-10-13,2024_06_CLE_PHI,CLE,,,,
2024,7,2024-10-20,2024_07_CIN_CLE,CLE,-0.27959198,0.629336270055808,28.66378,1.8752526
2024,8,2024-10-27,2024_08_BAL_CLE,CLE,-0.33376095,0.6289316680440631,28.3741,1.8252525
2024,9,2024-11-03,2024_09_LAC_CLE,CLE,-0.21957757,0.6078238923774638,28.8544,1.9722222
2024,11,2024-11-17,2024_11_CLE_NO,CLE,-0.12103853,0.6181011977440549,28.878212,2.0436509
2024,12,2024-11-21,2024_12_PIT_CLE,CLE,0.20251043,0.5940419657302775,31.984274,2.2709236
2024,13,2024-12-02,2024_13_CLE_DEN,CLE,0.079267584,0.5861206362180389,31.532251,2.08658
2024,14,2024-12-08,2024_14_CLE_PIT,CLE,0.1744336,0.5760271590933117,29.498917,2.05533
2024,15,2024-12-15,2024_15_KC_CLE,CLE,0.23627222,0.5766554659716185,30.022728,2.1267588
2024,16,2024-12-22,2024_16_CLE_CIN,CLE,0.08354789,0.5976948895110422,27.614647,1.9964557
2024,17,2024-12-29,2024_17_MIA_CLE,CLE,0.17673855,0.5652814695976222,28.482613,2.0386634
2024,18,2025-01-04,2024_18_CLE_BAL,CLE,-0.13622476,0.5909515907222888,24.905687,1.7647706
2016,1,2016-09-11,2016_01_NYG_DAL,DAL,,,,
2016,2,2016-09-18,2016_02_DAL_WAS,DAL,,,,
2016,3,2016-09-25,2016_03_CHI_DAL,DAL,,,,
2016,4,2016-10-02,2016_04_DAL_SF,DAL,,,,
2016,5,2016-10-09,2016_05_CIN_DAL,DAL,,,,
2016,6,2016-10-16,2016_06_DAL_GB,DAL,,,,
2016,8,2016-10-30,2016_08_PHI_DAL,DAL,-0.079903476,0.6112266086887299,36.701473,1.8287038
2016,9,2016-11-06,2016_09_DAL_CLE,DAL,-0.13555996,0.6068259553297431,34.891285,1.7777778
2016,10,2016-11-13,2016_10_DAL_PIT,DAL,-0.36872163,0.6243905666443545,32.316288,1.6027778
2016,11,2016-11-20,2016_11_BAL_DAL,DAL,-0.1706388,0.6068095435709072,32.62942,1.7618686
2016,12,2016-11-24,2016_12_WAS_DAL,DAL,-0.080863394,0.5950490818104455,33.846085,1.7618686
2016,13,2016-12-01,2016_13_DAL_MIN,DAL,0.22405918,0.6021490998479635,37.179417,2.0118687
2016,14,2016-12-11,2016_14_DAL_NYG,DAL,0.18147446,0.5938371676723949,36.361237,1.9967171
2016,15,2016-12-18,2016_15_TB_DAL,DAL,-0.09518882,0.6080013291282231,35.20846,1.7883838
2016,16,2016-12-26,2016_16_DET_DAL,DAL,-0.055987928,0.6076986225755167,34.416794,1.8578283
2016,17,2017-01-01,2016_17_DAL_PHI,DAL,-0.19021857,0.6185221354823628,33.027905,1.7593435
2017,1,2017-09-10,2017_01_NYG_DAL,DAL,,,,
2017,2,2017-09-17,2017_02_DAL_DEN,DAL,,,,
2017,3,2017-09-25,2017_03_DAL_ARI,DAL,,,,
2017,4,2017-10-01,2017_04_LA_DAL,DAL,,,,
2017,5,2017-10-08,2017_05_GB_DAL,DAL,,,,
2017,7,2017-10-22,2017_07_DAL_SF,DAL,,,,
2017,8,2017-10-29,2017_08_DAL_WAS,DAL,0.28324884,0.5843269074454575,31.046793,2.004594
2017,9,2017-11-05,2017_09_KC_DAL,DAL,0.21068446,0.5951916636043313,30.817307,2.1981838
2017,10,2017-11-12,2017_10_DAL_ATL,DAL,0.205248,0.5944628107005557,31.328844,2.0199788
2017,11,2017-11-19,2017_11_PHI_DAL,DAL,0.39805987,0.5963988829797654,32.317734,2.2338674
2017,12,2017-11-23,2017_12_LAC_DAL,DAL,0.22375129,0.6227339350359712,31.582693,2.1451924
2017,13,2017-11-30,2017_13_WAS_DAL,DAL,0.09688433,0.6410069428923124,33.994728,1.948433
2017,14,2017-12-10,2017_14_DAL_NYG,DAL,0.035983562,0.6552205617650222,33.40382,1.9938875
2017,15,2017-12-17,2017_15_DAL_OAK,DAL,0.124789156,0.6300167612122234,34.33331,1.8891867
2017,16,2017-12-24,2017_16_SEA_DAL,DAL,0.053174306,0.6419718740006695,34.3759,1.9206682
2017,17,2017-12-31,2017_17_DAL_PHI,DAL,-0.11281597,0.6334932962512585,30.66479,1.6790015
2018,1,2018-09-09,2018_01_DAL_CAR,DAL,,,,
2018,2,2018-09-16,2018_02_NYG_DAL,DAL,,,,
2018,3,2018-09-23,2018_03_DAL_SEA,DAL,,,,
2018,4,2018-09-30,2018_04_DET_DAL,DAL,,,,
2018,5,2018-10-07,2018_05_DAL_HOU,DAL,,,,
2018,6,2018-10-14,2018_06_JAX_DAL,DAL,,,,
2018,7,2018-10-21,2018_07_DAL_WAS,DAL,-0.45127964,0.6604343507330104,29.67978,1.6278944
2018,9,2018-11-05,2018_09_TEN_DAL,DAL,-0.42655906,0.6631529704970848,29.476496,1.5799146
2018,10,2018-11-11,2018_10_DAL_PHI,DAL,-0.21205668,0.6598013221454363,30.893164,1.8299146
2018,11,2018-11-18,2018_11_DAL_ATL,DAL,-0.24641156,0.6307318193871224,33.4899,1.8252525
2018,12,2018-11-22,2018_12_WAS_DAL,DAL,-0.4839244,0.6123140103443133,32.08712,1.6771044
2018,13,2018-11-29,2018_13_NO_DAL,DAL,-0.40982416,0.6036413172966203,29.914045,1.7080873
2018,14,2018-12-09,2018_14_PHI_DAL,DAL,-0.2440807,0.5827488609874973,30.339972,1.7960502
2018,15,2018-12-16,2018_15_DAL_IND,DAL,-0.19794935,0.5701783506897143,29.982645,1.9500908
2018,16,2018-12-23,2018_16_TB_DAL,DAL,-0.10312384,0.564410137421501,32.02431,1.9625907
2018,17,2018-12-30,2018_17_DAL_NYG,DAL,-0.2774792,0.5696261503647867,32.02886,1.9928937
2019,1,2019-09-08,2019_01_NYG_DAL,DAL,,,,
2019,2,2019-09-15,2019_02_DAL_WAS,DAL,,,,
2019,3,2019-09-22,2019_03_MIA_DAL,DAL,,,,
2019,4,2019-09-29,2019_04_DAL_NO,DAL,,,,
2019,5,2019-10-06,2019_05_GB_DAL,DAL,,,,
2019,6,2019-10-13,2019_06_DAL_NYJ,DAL,,,,
2019,7,2019-10-20,2019_07_PHI_DAL,DAL,-0.04264011,0.597789509729098,31.938307,1.7990288
2019,9,2019-11-04,2019_09_DAL_NYG,DAL,-0.40380195,0.6314953997986243,28.392853,1.6672106
2019,10,2019-11-10,2019_10_MIN_DAL,DAL,-0.740957,0.6411079580222937,27.434519,1.5283217
2019,11,2019-11-17,2019_11_DAL_DET,DAL,-0.1567614,0.622304118763909,29.924417,1.9559312
2019,12,2019-11-24,2019_12_DAL_NE,DAL,0.060728136,0.6204680100650551,30.218355,2.1650221
2019,13,2019-11-28,2019_13_BUF_DAL,DAL,-0.30018592,0.6316253652929232,29.84015,1.9096802
2019,14,2019-12-05,2019_14_DAL_CHI,DAL,-0.28795505,0.6300152161827741,29.406816,1.9430135
2019,15,2019-12-15,2019_15_LA_DAL,DAL,0.14178516,0.5920481216314549,30.424494,2.2220538
2019,16,2019-12-22,2019_16_DAL_PHI,DAL,0.37141857,0.5878139117599902,31.069696,2.2902358
2019,17,2019-12-29,2019_17_WAS_DAL,DAL,0.024248106,0.5910745785623237,30.27803,2.0078282
2020,1,2020-09-13,2020_01_DAL_LA,DAL,,,,
2020,2,2020-09-20,2020_02_ATL_DAL,DAL,,,,
2020,3,2020-09-27,2020_03_DAL_SEA,DAL,,,,
2020,4,2020-10-04,2020_04_CLE_DAL,DAL,,,,
2020,5,2020-10-11,2020_05_NYG_DAL,DAL,,,,
2020,6,2020-10-19,2020_06_ARI_DAL,DAL,,,,
2020,7,2020-10-25,2020_07_DAL_WAS,DAL,0.8683546,0.577184960994901,33.94489,2.859807
2020,8,2020-11-01,2020_08_DAL_PHI,DAL,1.0672327,0.5741912880012281,34.167614,2.94011
2020,9,2020-11-08,2020_09_PIT_DAL,DAL,0.7768783,0.5992331442930844,32.406933,2.6484432
2020,11,2020-11-22,2020_11_DAL_MIN,DAL,0.65510523,0.6039996169978687,32.857147,2.5835083
2020,12,2020-11-26,2020_12_WAS_DAL,DAL,0.31426674,0.6411342529524348,32.833836,2.3795455
2020,13,2020-12-08,2020_13_DAL_BAL,DAL,0.29642627,0.6251613324452006,32.952526,2.441414
2020,14,2020-12-13,2020_14_DAL_CIN,DAL,0.2696692,0.6047655385645582,33.74209,2.4952862
2020,15,2020-12-20,2020_15_SF_DAL,DAL,-0.25002053,0.6026377126867323,32.847645,2.2415826
2020,16,2020-12-27,2020_16_PHI_DAL,DAL,-0.0028061739,0.5919254256351596,35.188915,2.4261062
2020,17,2021-01-03,2020_17_DAL_NYG,DAL,-0.091653176,0.5864567781210576,35.92551,2.2804186
2021,1,2021-09-09,2021_01_DAL_TB,DAL,,,,
2021,2,2021-09-19,2021_02_DAL_LAC,DAL,,,,
2021,3,2021-09-27,2021_03_PHI_DAL,DAL,,,,
2021,4,2021-10-03,2021_04_CAR_DAL,DAL,,,,
2021,5,2021-10-10,2021_05_NYG_DAL,DAL,,,,
2021,6,2021-10-17,2021_06_DAL_NE,DAL,,,,
2021,8,2021-10-31,2021_08_DAL_MIN,DAL,-0.30253467,0.6169457859721028,33.62399,1.9911685
2021,9,2021-11-07,2021_09_DEN_DAL,DAL,-0.50375813,0.6418800664352294,31.959457,1.8159548
2021,10,2021-11-14,2021_10_ATL_DAL,DAL,-0.4001906,0.6608975024694721,29.098345,1.8784548
2021,11,2021-11-21,2021_11_DAL_KC,DAL,-0.62305295,0.6717545081181444,27.36544,1.7278138
2021,12,2021-11-25,2021_12_LV_DAL,DAL,-0.73013395,0.6804683742183743,26.366606,1.5471611
2021,13,2021-12-02,2021_13_DAL_NO,DAL,-0.41731837,0.6644418698585365,26.92494,1.6693834
2021,14,2021-12-12,2021_14_DAL_WAS,DAL,-0.6275192,0.6754882639406449,27.73446,1.5265263
2021,15,2021-12-19,2021_15_DAL_NYG,DAL,-0.80618006,0.6837908487015629,26.384462,1.4598595
2021,16,2021-12-26,2021_16_WAS_DAL,DAL,-1.2615438,0.6896374095481238,25.737242,1.1431929
2021,17,2022-01-02,2021_17_ARI_DAL,DAL,-1.070407,0.6893863933515948,26.05989,1.2810135
2021,18,2022-01-08,2021_18_DAL_PHI,DAL,-0.8718062,0.6841955656607671,27.966301,1.4540905
2022,1,2022-09-11,2022_01_TB_DAL,DAL,,,,
2022,2,2022-09-18,2022_02_CIN_DAL,DAL,,,,
2022,3,2022-09-26,2022_03_DAL_NYG,DAL,,,,
2022,4,2022-10-02,2022_04_WAS_DAL,DAL,,,,
2022,5,2022-10-09,2022_05_DAL_LA,DAL,,,,
2022,6,2022-10-16,2022_06_DAL_PHI,DAL,,,,
2022,7,2022-10-23,2022_07_DET_DAL,DAL,-0.6519282,0.6490033269199936,27.478651,1.4989122
2022,8,2022-10-30,2022_08_CHI_DAL,DAL,-0.90632504,0.6578056357223023,26.948349,1.3019425
2022,10,2022-11-13,2022_10_DAL_GB,DAL,-0.9250966,0.6499652081759925,28.302895,1.458003
2022,11,2022-11-20,2022_11_DAL_MIN,DAL,-0.7681065,0.6442923316697826,28.466782,1.621892
2022,12,2022-11-24,2022_12_NYG_DAL,DAL,-0.9138476,0.6597736096510606,27.709091,1.5436869
2022,13,2022-12-04,2022_13_IND_DAL,DAL,-0.5439745,0.6591948674056517,28.222979,1.7381314
2022,14,2022-12-11,2022_14_HOU_DAL,DAL,-0.8827868,0.6707431230715545,27.840944,1.5703825
2022,15,2022-12-18,2022_15_DAL_JAX,DAL,-0.60227805,0.6706376729661043,27.305979,1.774345
2022,16,2022-12-24,2022_16_PHI_DAL,DAL,-0.5212886,0.6434560854903992,27.672861,1.7397131
2022,17,2022-12-29,2022_17_DAL_TEN,DAL,-0.5918123,0.6366360887082813,28.605944,1.7333999
2022,18,2023-01-08,2022_18_DAL_WAS,DAL,-0.33339295,0.6156842589022847,29.958723,1.8639555
2023,1,2023-09-10,2023_01_DAL_NYG,DAL,,,,
2023,2,2023-09-17,2023_02_NYJ_DAL,DAL,,,,
2023,3,2023-09-24,2023_03_DAL_ARI,DAL,,,,
2023,4,2023-10-01,2023_04_NE_DAL,DAL,,,,
2023,5,2023-10-08,2023_05_DAL_SF,DAL,,,,
2023,6,2023-10-16,2023_06_DAL_LAC,DAL,,,,
2023,8,2023-10-29,2023_08_LA_DAL,DAL,-1.0369207,0.6399278005037808,26.804085,1.5372831
2023,9,2023-11-05,2023_09_DAL_PHI,DAL,-0.60114735,0.6287421171701475,28.701813,1.8403134
2023,10,2023-11-12,2023_10_NYG_DAL,DAL,-0.01266097,0.6176966720560749,30.310904,2.155465
2023,11,2023-11-19,2023_11_DAL_CAR,DAL,-0.48138914,0.6594724706946188,25.108625,1.8548951
2023,12,2023-11-23,2023_12_WAS_DAL,DAL,-0.20455015,0.6454657366878848,24.391958,1.9761072
2023,13,2023-11-30,2023_13_SEA_DAL,DAL,-0.61874497,0.6719710025648084,24.691492,1.5891609
2023,14,2023-12-10,2023_14_PHI_DAL,DAL,-0.33194962,0.6632674607362665,26.924826,1.8891608
2023,15,2023-12-17,2023_15_DAL_BUF,DAL,-0.36454916,0.643160681993124,28.0521,1.7027973
2023,16,2023-12-24,2023_16_DAL_MIA,DAL,-0.30615753,0.6458420631875771,29.685432,1.8102046
2023,17,2023-12-30,2023_17_DET_DAL,DAL,0.04743592,0.604683240166009,34.424747,1.9996634
2023,18,2024-01-07,2023_18_DAL_WAS,DAL,0.23227702,0.58902523655346,37.67172,2.1208754
2024,1,2024-09-08,2024_01_DAL_CLE,DAL,,,,
2024,2,2024-09-15,2024_02_NO_DAL,DAL,,,,
2024,3,2024-09-22,2024_03_BAL_DAL,DAL,,,,
2024,4,2024-09-26,2024_04_DAL_NYG,DAL,,,,
2024,5,2024-10-06,2024_05_DAL_PIT,DAL,,,,
2024,6,2024-10-13,2024_06_DET_DAL,DAL,,,,
2024,8,2024-10-27,2024_08_DAL_SF,DAL,0.6779208,0.5849867158896166,31.854761,2.4912698
2024,9,2024-11-03,2024_09_DAL_ATL,DAL,1.0887355,0.5389250504827131,35.630558,2.7055557
2024,10,2024-11-10,2024_10_PHI_DAL,DAL,0.70394164,0.5665396798620482,33.127525,2.381313
2024,11,2024-11-18,2024_11_HOU_DAL,DAL,0.54071075,0.5634855415400528,30.93705,2.397186
2024,12,2024-11-24,2024_12_DAL_WAS,DAL,0.6474123,0.5426291171150478,31.250181,2.5436509
2024,13,2024-11-28,2024_13_NYG_DAL,DAL,0.55205137,0.5482771727631035,32.423794,2.578373
2024,14,2024-12-09,2024_14_CIN_DAL,DAL,0.029289221,0.5660339530198838,29.021013,2.203373
2024,15,2024-12-15,2024_15_DAL_CAR,DAL,0.054628257,0.5760972375929723,28.521013,2.1617062
2024,16,2024-12-22,2024_16_TB_DAL,DAL,-0.07946202,0.5663308392739423,27.74071,1.9859487
2024,17,2024-12-29,2024_17_DAL_PHI,DAL,-0.023276158,0.5517097130456733,29.809975,1.9448233
2024,18,2025-01-05,2024_18_WAS_DAL,DAL,0.116422534,0.5461771143312565,29.582703,2.050884
2016,1,2016-09-08,2016_01_CAR_DEN,DEN,,,,
2016,2,2016-09-18,2016_02_IND_DEN,DEN,,,,
2016,3,2016-09-25,2016_03_DEN_CIN,DEN,,,,
2016,4,2016-10-02,2016_04_DEN_TB,DEN,,,,
2016,5,2016-10-09,2016_05_ATL_DEN,DEN,,,,
2016,6,2016-10-13,2016_06_DEN_SD,DEN,,,,
2016,7,2016-10-24,2016_07_HOU_DEN,DEN,-0.41936746,0.6661015536707441,25.884401,1.550505
2016,8,2016-10-30,2016_08_SD_DEN,DEN,-0.7156947,0.6749419416777988,24.09829,1.3421717
2016,9,2016-11-06,2016_09_DEN_OAK,DEN,-0.8625376,0.6858902883278998,24.684402,1.2088383
2016,10,2016-11-13,2016_10_DEN_NO,DEN,-0.7182078,0.6638416942204821,25.167986,1.3679293
2016,12,2016-11-27,2016_12_KC_DEN,DEN,-0.6144146,0.6439845451966665,27.592133,1.5976301
2016,13,2016-12-04,2016_13_DEN_JAX,DEN,-0.6032718,0.6521775138441804,25.011324,1.5602564
2016,14,2016-12-11,2016_14_DEN_TEN,DEN,-0.7834279,0.6571548520016658,25.08264,1.4208332
2016,15,2016-12-18,2016_15_NE_DEN,DEN,-0.66703194,0.6687629969431441,25.152084,1.492803
2016,16,2016-12-25,2016_16_DEN_KC,DEN,-0.37710783,0.6453112018246823,25.064903,1.5534868
2016,17,2017-01-01,2016_17_OAK_DEN,DEN,-0.38991728,0.6540315768912112,25.31292,1.5296773
2017,1,2017-09-11,2017_01_LAC_DEN,DEN,,,,
2017,2,2017-09-17,2017_02_DAL_DEN,DEN,,,,
2017,3,2017-09-24,2017_03_DEN_BUF,DEN,,,,
2017,4,2017-10-01,2017_04_OAK_DEN,DEN,,,,
2017,6,2017-10-15,2017_06_NYG_DEN,DEN,,,,
2017,7,2017-10-22,2017_07_DEN_LAC,DEN,,,,
2017,8,2017-10-30,2017_08_DEN_KC,DEN,-0.64978546,0.6478675393338855,21.31119,1.4645494
2017,9,2017-11-05,2017_09_DEN_PHI,DEN,-0.6410417,0.6470404035067497,20.605127,1.4019231
2017,10,2017-11-12,2017_10_NE_DEN,DEN,-0.18299502,0.6390634928512676,22.157326,1.7911172
2017,11,2017-11-19,2017_11_CIN_DEN,DEN,0.28681272,0.5927557462677857,24.979548,2.1133394
2017,12,2017-11-26,2017_12_DEN_OAK,DEN,0.34446862,0.5999922982960044,24.09066,2.2522283
2017,13,2017-12-03,2017_13_DEN_MIA,DEN,0.35989442,0.5940618861155923,25.229548,2.3077838
2017,14,2017-12-10,2017_14_NYJ_DEN,DEN,0.2912586,0.575046380505064,25.725023,2.380182
2017,15,2017-12-14,2017_15_DEN_IND,DEN,-0.06587069,0.6128117324370825,24.047247,2.1246264
2017,16,2017-12-24,2017_16_DEN_WAS,DEN,-0.32259217,0.6392613740652956,23.281372,1.7582244
2017,17,2017-12-31,2017_17_KC_DEN,DEN,-0.81537676,0.6780910084831654,21.63009,1.421045
2018,1,2018-09-09,2018_01_SEA_DEN,DEN,,,,
2018,2,2018-09-16,2018_02_OAK_DEN,DEN,,,,
2018,3,2018-09-23,2018_03_DEN_BAL,DEN,,,,
2018,4,2018-10-01,2018_04_KC_DEN,DEN,,,,
2018,5,2018-10-07,2018_05_DEN_NYJ,DEN,,,,
2018,6,2018-10-14,2018_06_LA_DEN,DEN,,,,
2018,7,2018-10-18,2018_07_DEN_ARI,DEN,0.49813107,0.5876597518912495,34.62251,2.16158
2018,8,2018-10-28,2018_08_DEN_KC,DEN,0.016796619,0.6211033145014788,33.70029,2.0060246
2018,9,2018-11-04,2018_09_HOU_DEN,DEN,0.022007098,0.6314218038824683,32.205845,2.1060245
2018,11,2018-11-18,2018_11_DEN_LAC,DEN,-0.007059132,0.6290511228659539,31.849783,2.0189033
2018,12,2018-11-25,2018_12_PIT_DEN,DEN,-0.15129964,0.6256243181891491,31.674026,1.9022366
2018,13,2018-12-02,2018_13_DEN_CIN,DEN,-0.28530967,0.6025792785357179,33.563637,1.7550505
2018,14,2018-12-09,2018_14_DEN_SF,DEN,-0.5687175,0.6282887402300281,31.183586,1.5454545
2018,15,2018-12-15,2018_15_CLE_DEN,DEN,-0.035681937,0.6029908787200454,34.599747,1.7373737
2018,16,2018-12-24,2018_16_DEN_OAK,DEN,-0.16089201,0.5957344199010867,34.559345,1.5782828
2018,17,2018-12-30,2018_17_LAC_DEN,DEN,-0.16065608,0.6042361034027701,34.30177,1.699495
2019,1,2019-09-09,2019_01_DEN_OAK,DEN,,,,
2019,2,2019-09-15,2019_02_CHI_DEN,DEN,,,,
2019,3,2019-09-22,2019_03_DEN_GB,DEN,,,,
2019,4,2019-09-29,2019_04_JAX_DEN,DEN,,,,
2019,5,2019-10-06,2019_05_DEN_LAC,DEN,,,,
2019,6,2019-10-13,2019_06_TEN_DEN,DEN,,,,
2019,7,2019-10-17,2019_07_KC_DEN,DEN,-0.0135284215,0.6195800363333627,28.879456,1.6340909
2019,8,2019-10-27,2019_08_DEN_IND,DEN,-0.31433678,0.6247466423413148,24.916313,1.4417833
2019,9,2019-11-03,2019_09_CLE_DEN,DEN,-0.529467,0.6105913994360719,25.184496,1.4023894
2019,11,2019-11-17,2019_11_DEN_MIN,DEN,-0.59602696,0.6132770933717658,26.307222,1.309965
2019,12,2019-11-24,2019_12_DEN_BUF,DEN,-0.74987835,0.6074609923852103,24.851416,1.3579448
2019,13,2019-12-01,2019_13_LAC_DEN,DEN,-0.4304457,0.6083902291878874,27.858992,1.563753
2019,14,2019-12-08,2019_14_DEN_HOU,DEN,-0.1375206,0.5898013896116528,31.413752,1.8970863
2019,15,2019-12-15,2019_15_DEN_KC,DEN,-0.20507467,0.6006723918288089,34.212124,1.9530302
2019,16,2019-12-22,2019_16_DET_DEN,DEN,0.06168167,0.6060315388546227,37.190235,2.1516836
2019,17,2019-12-29,2019_17_OAK_DEN,DEN,-0.011628504,0.6052540293271131,34.52357,2.0183504
2020,1,2020-09-14,2020_01_TEN_DEN,DEN,,,,
2020,2,2020-09-20,2020_02_DEN_PIT,DEN,,,,
2020,3,2020-09-27,2020_03_TB_DEN,DEN,,,,
2020,4,2020-10-01,2020_04_DEN_NYJ,DEN,,,,
2020,6,2020-10-18,2020_06_DEN_NE,DEN,,,,
2020,7,2020-10-25,2020_07_KC_DEN,DEN,,,,
2020,8,2020-11-01,2020_08_LAC_DEN,DEN,-0.2024342,0.6096611721611721,28.5557,1.8752247
2020,9,2020-11-08,2020_09_DEN_ATL,DEN,-0.13963456,0.6169753086419754,29.008478,2.025225
2020,10,2020-11-15,2020_10_DEN_LV,DEN,0.06011999,0.6250422417089084,28.448954,2.1442726
2020,11,2020-11-22,2020_11_MIA_DEN,DEN,0.10080367,0.628571698363365,28.1231,2.2575202
2020,12,2020-11-29,2020_12_NO_DEN,DEN,0.12042599,0.6347070213736881,27.381432,2.1686313
2020,13,2020-12-06,2020_13_DEN_KC,DEN,0.39312306,0.6283238790530458,27.07335,2.4173687
2020,14,2020-12-13,2020_14_DEN_CAR,DEN,0.41127598,0.6297055529347196,30.856684,2.3096764
2020,15,2020-12-19,2020_15_BUF_DEN,DEN,0.31212515,0.6293344313514768,29.726633,2.3021007
2020,16,2020-12-27,2020_16_DEN_LAC,DEN,0.7329472,0.5948120093290549,33.496113,2.5337024
2020,17,2021-01-03,2020_17_LV_DEN,DEN,0.59973973,0.5932501452671908,33.707073,2.347222
2021,1,2021-09-12,2021_01_DEN_NYG,DEN,,,,
2021,2,2021-09-19,2021_02_DEN_JAX,DEN,,,,
2021,3,2021-09-26,2021_03_NYJ_DEN,DEN,,,,
2021,4,2021-10-03,2021_04_BAL_DEN,DEN,,,,
2021,5,2021-10-10,2021_05_DEN_PIT,DEN,,,,
2021,6,2021-10-17,2021_06_LV_DEN,DEN,,,,
2021,7,2021-10-21,2021_07_DEN_CLE,DEN,-0.105253555,0.6145668293217313,28.602694,1.6381766
2021,8,2021-10-31,2021_08_WAS_DEN,DEN,0.0081085665,0.5932692804200157,30.62121,1.7516025
2021,9,2021-11-07,2021_09_DEN_DAL,DEN,-0.015505652,0.6011669074843095,33.804546,1.720121
2021,10,2021-11-14,2021_10_PHI_DEN,DEN,0.24498074,0.5945543533717553,36.25,1.9867878
2021,12,2021-11-28,2021_12_LAC_DEN,DEN,0.33733234,0.5971253934427954,36.893356,2.0555522
2021,13,2021-12-05,2021_13_DEN_KC,DEN,-0.08889508,0.5954681391139725,36.9878,1.8462931
2021,14,2021-12-12,2021_14_DET_DEN,DEN,-0.1471922,0.6089763901222235,35.571716,1.65282
2021,15,2021-12-19,2021_15_CIN_DEN,DEN,-0.4637754,0.6322430347430348,33.590237,1.4838384
2021,16,2021-12-26,2021_16_DEN_LV,DEN,-0.35372028,0.6252484860818194,30.715235,1.5069866
2021,17,2022-01-02,2021_17_DEN_LAC,DEN,-0.26489544,0.6154148556599537,31.515236,1.5236531
2021,18,2022-01-08,2021_18_KC_DEN,DEN,-0.120681554,0.60424963199473,31.350084,1.7266836
2022,1,2022-09-12,2022_01_DEN_SEA,DEN,,,,
2022,2,2022-09-18,2022_02_HOU_DEN,DEN,,,,
2022,3,2022-09-25,2022_03_SF_DEN,DEN,,,,
2022,4,2022-10-02,2022_04_DEN_LV,DEN,,,,
2022,5,2022-10-06,2022_05_IND_DEN,DEN,,,,
2022,6,2022-10-17,2022_06_DEN_LAC,DEN,,,,
2022,7,2022-10-23,2022_07_NYJ_DEN,DEN,-0.5342241,0.6475920689701088,25.390158,1.388424
2022,8,2022-10-30,2022_08_DEN_JAX,DEN,-0.7064261,0.6642804153459552,23.452658,1.2393856
2022,10,2022-11-13,2022_10_DEN_TEN,DEN,-0.6154927,0.6457889691807123,24.528418,1.3605977
2022,11,2022-11-20,2022_11_LV_DEN,DEN,-0.45200846,0.6326195988684847,25.285742,1.4594989
2022,12,2022-11-27,2022_12_DEN_CAR,DEN,-0.31088766,0.618801533763655,26.721853,1.4650544
2022,13,2022-12-04,2022_13_DEN_BAL,DEN,-0.081352085,0.6123173929045141,27.645998,1.6306528
2022,14,2022-12-11,2022_14_KC_DEN,DEN,-0.1436208,0.6143689453964222,27.479332,1.5056528
2022,15,2022-12-18,2022_15_ARI_DEN,DEN,0.01454819,0.5973692783967551,29.276953,1.6338577
2022,16,2022-12-25,2022_16_DEN_LA,DEN,-0.14418499,0.6270611403078684,27.73266,1.5685897
2022,17,2023-01-01,2022_17_DEN_KC,DEN,0.32710359,0.6006411713878995,30.26343,2.100641
2022,18,2023-01-08,2022_18_LAC_DEN,DEN,0.2581756,0.6019276708361637,28.674543,2.1089742
2023,1,2023-09-10,2023_01_LV_DEN,DEN,,,,
2023,2,2023-09-17,2023_02_WAS_DEN,DEN,,,,
2023,3,2023-09-24,2023_03_DEN_MIA,DEN,,,,
2023,4,2023-10-01,2023_04_DEN_CHI,DEN,,,,
2023,5,2023-10-08,2023_05_NYJ_DEN,DEN,,,,
2023,6,2023-10-12,2023_06_DEN_KC,DEN,,,,
2023,7,2023-10-22,2023_07_GB_DEN,DEN,1.0780944,0.5371570006472604,40.162952,2.8423882
2023,8,2023-10-29,2023_08_KC_DEN,DEN,0.9801187,0.532642357442141,40.078297,2.7524412
2023,10,2023-11-13,2023_10_DEN_BUF,DEN,0.5444574,0.5377303670756052,38.32072,2.3585017
2023,11,2023-11-19,2023_11_MIN_DEN,DEN,-0.0897784,0.572737324403991,34.83064,1.8307239
2023,12,2023-11-26,2023_12_CLE_DEN,DEN,-0.26121426,0.5836161909078575,33.397305,1.6973906
2023,13,2023-12-03,2023_13_DEN_HOU,DEN,-0.5866325,0.6260722302388969,31.480639,1.5446128
2023,14,2023-12-10,2023_14_DEN_LAC,DEN,-0.640909,0.6553531345198013,30.11234,1.5387853
2023,15,2023-12-16,2023_15_DEN_DET,DEN,-1.1531516,0.6664048914048915,27.610916,1.3137141
2023,16,2023-12-24,2023_16_NE_DEN,DEN,-0.5686126,0.6563807026307027,30.92607,1.8773504
2023,17,2023-12-31,2023_17_LAC_DEN,DEN,-0.60044444,0.6618357634429063,29.213766,1.8098902
2023,18,2024-01-07,2023_18_DEN_LV,DEN,-0.69098014,0.6658113942935372,27.813766,1.6265568
2024,1,2024-09-08,2024_01_DEN_SEA,DEN,,,,
2024,2,2024-09-15,2024_02_PIT_DEN,DEN,,,,
2024,3,2024-09-22,2024_03_DEN_TB,DEN,,,,
2024,4,2024-09-29,2024_04_DEN_NYJ,DEN,,,,
2024,5,2024-10-06,2024_05_LV_DEN,DEN,,,,
2024,6,2024-10-13,2024_06_LAC_DEN,DEN,,,,
2024,7,2024-10-17,2024_07_DEN_NO,DEN,-0.68846637,0.6452703137318523,23.653223,1.3057886
2024,8,2024-10-27,2024_08_CAR_DEN,DEN,-0.9971346,0.6437571509686895,24.039337,1.1557887
2024,9,2024-11-03,2024_09_DEN_BAL,DEN,-1.1303188,0.6357747293499042,24.539337,1.1709402
2024,10,2024-11-10,2024_10_DEN_KC,DEN,-0.4404712,0.6063242681948976,27.76055,1.7482128
2024,11,2024-11-17,2024_11_ATL_DEN,DEN,-0.1434015,0.5999170647324057,30.136618,1.9291245
2024,12,2024-11-24,2024_12_DEN_LV,DEN,-0.15355743,0.5855883610287019,29.29217,1.7791246
2024,13,2024-12-02,2024_13_CLE_DEN,DEN,-0.3939993,0.5812887990586854,29.114141,1.6945286
2024,15,2024-12-15,2024_15_IND_DEN,DEN,-0.06401481,0.5639229087761285,31.505808,1.9111953
2024,16,2024-12-19,2024_16_DEN_LAC,DEN,-0.3095658,0.5791347676243509,30.647223,1.8435186
2024,17,2024-12-28,2024_17_DEN_CIN,DEN,-0.45824483,0.5816907427939625,29.8351,1.6753367
2024,18,2025-01-05,2024_18_KC_DEN,DEN,-0.29705665,0.5508266705236403,31.84015,1.8335859
2016,1,2016-09-11,2016_01_DET_IND,DET,,,,
2016,2,2016-09-18,2016_02_TEN_DET,DET,,,,
2016,3,2016-09-25,2016_03_DET_GB,DET,,,,
2016,4,2016-10-02,2016_04_DET_CHI,DET,,,,
2016,5,2016-10-09,2016_05_PHI_DET,DET,,,,
2016,6,2016-10-16,2016_06_LA_DET,DET,,,,
2016,7,2016-10-23,2016_07_WAS_DET,DET,0.9675358,0.6038216941258385,38.95021,2.6304715
2016,8,2016-10-30,2016_08_DET_HOU,DET,0.7103491,0.5912543419120216,39.749874,2.414983
2016,9,2016-11-06,2016_09_DET_MIN,DET,0.665301,0.5848595874290319,37.77563,2.4513469
2016,11,2016-11-20,2016_11_JAX_DET,DET,0.27757266,0.5999195737390183,37.481693,2.1271045
2016,12,2016-11-24,2016_12_MIN_DET,DET,0.19776976,0.625991517668105,34.69273,2.095719
2016,13,2016-12-04,2016_13_DET_NO,DET,0.050560188,0.6288623351222558,33.951992,1.9105339
2016,14,2016-12-11,2016_14_CHI_DET,DET,-0.5107903,0.6372122028471235,32.03949,1.5438672
2016,15,2016-12-18,2016_15_DET_NYG,DET,-0.50714236,0.6405898951137047,29.872824,1.4327561
2016,16,2016-12-26,2016_16_DET_DAL,DET,-0.4984235,0.6408253078491174,30.342522,1.3873016
2016,17,2017-01-01,2016_17_GB_DET,DET,-0.07461146,0.6204353737091832,30.91828,1.7812409
2017,1,2017-09-10,2017_01_ARI_DET,DET,,,,
2017,2,2017-09-18,2017_02_DET_NYG,DET,,,,
2017,3,2017-09-24,2017_03_ATL_DET,DET,,,,
2017,4,2017-10-01,2017_04_DET_MIN,DET,,,,
2017,5,2017-10-08,2017_05_CAR_DET,DET,,,,
2017,6,2017-10-15,2017_06_DET_NO,DET,,,,
2017,8,2017-10-29,2017_08_PIT_DET,DET,-1.139947,0.6888592361180081,26.298532,1.5528105
2017,9,2017-11-06,2017_09_DET_GB,DET,-0.7826047,0.6957991711829431,27.794258,1.6126395
2017,10,2017-11-12,2017_10_CLE_DET,DET,-0.5628777,0.6511369275623662,29.803518,1.7885655
2017,11,2017-11-19,2017_11_DET_CHI,DET,-0.6955535,0.65157784466995,29.595184,1.7052321
2017,12,2017-11-23,2017_12_MIN_DET,DET,-0.34777558,0.6335775789424115,31.322458,1.962808
2017,13,2017-12-03,2017_13_DET_BAL,DET,-0.2554756,0.6169918305858298,31.961348,2.0044746
2017,14,2017-12-10,2017_14_DET_TB,DET,0.06070089,0.5894291242167324,33.041546,2.1586099
2017,15,2017-12-16,2017_15_CHI_DET,DET,-0.016600074,0.5727736198208434,32.725307,2.1500628
2017,16,2017-12-24,2017_16_DET_CIN,DET,-0.11692467,0.5888529879835449,32.782715,2.0019147
2017,17,2017-12-31,2017_17_GB_DET,DET,0.026542133,0.5914488874544445,32.10216,2.0296924
2018,1,2018-09-10,2018_01_NYJ_DET,DET,,,,
2018,2,2018-09-16,2018_02_DET_SF,DET,,,,
2018,3,2018-09-23,2018_03_NE_DET,DET,,,,
2018,4,2018-09-30,2018_04_DET_DAL,DET,,,,
2018,5,2018-10-07,2018_05_GB_DET,DET,,,,
2018,7,2018-10-21,2018_07_DET_MIA,DET,,,,
2018,8,2018-10-28,2018_08_SEA_DET,DET,0.26597795,0.5751461161830836,33.627865,2.1987088
2018,9,2018-11-04,2018_09_DET_MIN,DET,0.50736624,0.583755694435519,36.356434,2.2368038
2018,10,2018-11-11,2018_10_DET_CHI,DET,0.28851613,0.5727163731330398,36.637203,2.1521885
2018,11,2018-11-18,2018_11_CAR_DET,DET,0.5773599,0.5841476270642939,38.33336,2.4214194
2018,12,2018-11-22,2018_12_CHI_DET,DET,0.3456113,0.6043515178237401,37.116695,2.2566044
2018,13,2018-12-02,2018_13_LA_DET,DET,0.26246104,0.6053034909348042,33.192448,2.1656954
2018,14,2018-12-09,2018_14_DET_ARI,DET,0.20555682,0.5903849475440385,31.639742,2.161422
2018,15,2018-12-16,2018_15_DET_BUF,DET,-0.37469935,0.6146799812140723,28.63141,1.736422
2018,16,2018-12-23,2018_16_MIN_DET,DET,-0.3521595,0.630982290016381,28.642015,1.648543
2018,17,2018-12-30,2018_17_DET_GB,DET,-0.4411049,0.6404586932427843,28.184752,1.5876456
2019,1,2019-09-08,2019_01_DET_ARI,DET,,,,
2019,2,2019-09-15,2019_02_LAC_DET,DET,,,,
2019,3,2019-09-22,2019_03_DET_PHI,DET,,,,
2019,4,2019-09-29,2019_04_KC_DET,DET,,,,
2019,6,2019-10-14,2019_06_DET_GB,DET,,,,
2019,7,2019-10-20,2019_07_MIN_DET,DET,,,,
2019,8,2019-10-27,2019_08_NYG_DET,DET,0.27674714,0.5890100266854653,37.230644,2.1732917
2019,9,2019-11-03,2019_09_DET_OAK,DET,0.24386746,0.5858787303723508,39.02298,2.3025253
2019,10,2019-11-10,2019_10_DET_CHI,DET,0.5769438,0.5958685091121295,38.774494,2.6055555
2019,11,2019-11-17,2019_11_DAL_DET,DET,0.55718815,0.598103735305689,36.491375,2.5286324
2019,12,2019-11-24,2019_12_DET_WAS,DET,0.8020938,0.5971026110091102,38.150467,2.6700466
2019,13,2019-11-28,2019_13_CHI_DET,DET,0.6183056,0.6142652256153339,33.43856,2.5129037
2019,14,2019-12-08,2019_14_DET_MIN,DET,0.19907643,0.6255081493582576,32.150684,2.2401764
2019,15,2019-12-15,2019_15_TB_DET,DET,0.19291532,0.6294298589617854,31.461288,2.1240149
2019,16,2019-12-22,2019_16_DET_DEN,DET,0.102956206,0.6282259702578967,30.98926,2.0645745
2019,17,2019-12-29,2019_17_GB_DET,DET,0.27183047,0.6177991825394423,33.891827,2.2581642
2020,1,2020-09-13,2020_01_CHI_DET,DET,,,,
2020,2,2020-09-20,2020_02_DET_GB,DET,,,,
2020,3,2020-09-27,2020_03_DET_ARI,DET,,,,
2020,4,2020-10-04,2020_04_NO_DET,DET,,,,
2020,6,2020-10-18,2020_06_DET_JAX,DET,,,,
2020,7,2020-10-25,2020_07_DET_ATL,DET,,,,
2020,8,2020-11-01,2020_08_IND_DET,DET,0.5857833,0.5781089549713286,36.10396,2.5261784
2020,9,2020-11-08,2020_09_DET_MIN,DET,0.67328787,0.5765131356671761,36.1734,2.6372895
2020,10,2020-11-15,2020_10_WAS_DET,DET,0.33260885,0.5898389092202224,36.12795,2.6069865
2020,11,2020-11-22,2020_11_DET_CAR,DET,0.54082465,0.5977205183518315,38.14916,2.7085018
2020,12,2020-11-26,2020_12_HOU_DET,DET,0.2083004,0.6125448074185449,36.55657,2.363384
2020,13,2020-12-06,2020_13_DET_CHI,DET,0.4875673,0.5868335237527157,37.33862,2.5696776
2020,14,2020-12-13,2020_14_GB_DET,DET,0.5515675,0.5680467806604171,36.732555,2.6575563
2020,15,2020-12-20,2020_15_DET_TEN,DET,0.8597905,0.5606314620608879,40.163113,2.8172786
2020,16,2020-12-26,2020_16_TB_DET,DET,1.4081534,0.5542103789352594,40.534325,3.0687935
2020,17,2021-01-03,2020_17_MIN_DET,DET,1.4213277,0.5433558168306972,40.33945,3.2213576
2021,1,2021-09-12,2021_01_SF_DET,DET,,,,
2021,2,2021-09-20,2021_02_DET_GB,DET,,,,
2021,3,2021-09-26,2021_03_BAL_DET,DET,,,,
2021,4,2021-10-03,2021_04_DET_CHI,DET,,,,
2021,5,2021-10-10,2021_05_DET_MIN,DET,,,,
2021,6,2021-10-17,2021_06_CIN_DET,DET,,,,
2021,7,2021-10-24,2021_07_DET_LA,DET,0.7004718,0.6041756011344755,34.67554,2.495707
2021,8,2021-10-31,2021_08_PHI_DET,DET,0.7489819,0.6178350633653664,35.6803,2.545707
2021,10,2021-11-14,2021_10_DET_PIT,DET,0.7851377,0.5949346304649334,36.130302,2.5957072
2021,11,2021-11-21,2021_11_DET_CLE,DET,0.6065803,0.6122870862102464,34.287445,2.4695165
2021,12,2021-11-25,2021_12_CHI_DET,DET,0.2923548,0.6409865811597413,33.358658,2.2664864
2021,13,2021-12-05,2021_13_MIN_DET,DET,0.3092055,0.6245980687624569,34.325325,2.269264
2021,14,2021-12-12,2021_14_DET_DEN,DET,0.08470946,0.6281868516126035,34.21169,2.1291125
2021,15,2021-12-19,2021_15_ARI_DET,DET,0.3225392,0.597336467428886,34.57465,2.3661497
2021,16,2021-12-26,2021_16_DET_ATL,DET,-0.22587778,0.6310331411255597,34.77162,1.9146343
2021,17,2022-01-02,2021_17_DET_SEA,DET,0.04004353,0.626451421588483,35.456146,2.140825
2021,18,2022-01-09,2021_18_GB_DET,DET,0.5259341,0.5813179602785511,37.071045,2.6521885
2022,1,2022-09-11,2022_01_PHI_DET,DET,,,,
2022,2,2022-09-18,2022_02_WAS_DET,DET,,,,
2022,3,2022-09-25,2022_03_DET_MIN,DET,,,,
2022,4,2022-10-02,2022_04_SEA_DET,DET,,,,
2022,5,2022-10-09,2022_05_DET_NE,DET,,,,
2022,7,2022-10-23,2022_07_DET_DAL,DET,,,,
2022,8,2022-10-30,2022_08_MIA_DET,DET,0.70911723,0.5440229402314009,36.730755,2.612221
2022,9,2022-11-06,2022_09_GB_DET,DET,0.9040249,0.5474125609839896,39.75348,2.773206
2022,10,2022-11-13,2022_10_DET_CHI,DET,0.7384313,0.5432775095275095,42.21909,2.6184442
2022,11,2022-11-20,2022_11_DET_NYG,DET,0.85582376,0.5539978485566721,44.237034,2.7594697
2022,12,2022-11-24,2022_12_BUF_DET,DET,0.26171514,0.5895241047079283,41.244614,2.332197
2022,13,2022-12-04,2022_13_JAX_DET,DET,0.26017138,0.6029706581544817,41.86128,2.382197
2022,14,2022-12-11,2022_14_MIN_DET,DET,0.1411725,0.6310574646769607,41.82424,2.2778199
2022,15,2022-12-18,2022_15_DET_NYJ,DET,-0.19023784,0.6503454683399644,38.210606,1.9804713
2022,16,2022-12-24,2022_16_DET_CAR,DET,-0.1609903,0.6392590799808487,36.112965,2.0713804
2022,17,2023-01-01,2022_17_CHI_DET,DET,0.19240685,0.6197267196396649,37.949326,2.1319864
2022,18,2023-01-08,2022_18_DET_GB,DET,0.07425261,0.6273340814136933,34.886196,1.9981481
2023,1,2023-09-07,2023_01_DET_KC,DET,,,,
2023,2,2023-09-17,2023_02_SEA_DET,DET,,,,
2023,3,2023-09-24,2023_03_ATL_DET,DET,,,,
2023,4,2023-09-28,2023_04_DET_GB,DET,,,,
2023,5,2023-10-08,2023_05_CAR_DET,DET,,,,
2023,6,2023-10-15,2023_06_DET_TB,DET,,,,
2023,7,2023-10-22,2023_07_DET_BAL,DET,-0.77209014,0.6384835628624329,26.389647,1.6338383
2023,8,2023-10-30,2023_08_LV_DET,DET,-0.24971323,0.6198021979310679,29.985102,1.9641414
2023,10,2023-11-12,2023_10_DET_LAC,DET,-0.7504981,0.6561358873897574,26.211111,1.6055555
2023,11,2023-11-19,2023_11_CHI_DET,DET,-0.091195725,0.6325994606075577,30.686111,2.1555555
2023,12,2023-11-23,2023_12_GB_DET,DET,0.10620516,0.6338236993317964,32.524494,2.2717173
2023,13,2023-12-03,2023_13_DET_NO,DET,0.22250809,0.6294847033222638,32.060604,2.1911616
2023,14,2023-12-10,2023_14_DET_CHI,DET,0.38716507,0.6335501449612349,32.90505,2.4800503
2023,15,2023-12-16,2023_15_DEN_DET,DET,-0.017232213,0.6649113069473968,29.188383,2.235606
2023,16,2023-12-24,2023_16_DET_MIN,DET,0.25038102,0.6648681787792686,31.356314,2.3820708
2023,17,2023-12-30,2023_17_DET_DAL,DET,-0.059916664,0.6780706108524736,30.839645,2.1487372
2023,18,2024-01-07,2023_18_MIN_DET,DET,-0.16087782,0.6639766030084657,31.112373,2.0325758
2024,1,2024-09-08,2024_01_LA_DET,DET,,,,
2024,2,2024-09-15,2024_02_TB_DET,DET,,,,
2024,3,2024-09-22,2024_03_DET_ARI,DET,,,,
2024,4,2024-09-30,2024_04_SEA_DET,DET,,,,
2024,6,2024-10-13,2024_06_DET_DAL,DET,,,,
2024,7,2024-10-20,2024_07_DET_MIN,DET,,,,
2024,8,2024-10-27,2024_08_TEN_DET,DET,-0.29878312,0.5929656020186324,30.860353,1.6982323
2024,9,2024-11-03,2024_09_DET_GB,DET,-0.74990916,0.597855665658696,29.362734,1.5315657
2024,10,2024-11-10,2024_10_DET_HOU,DET,-0.8147674,0.5812010240040543,33.738155,1.4877945
2024,11,2024-11-17,2024_11_JAX_DET,DET,-0.79359084,0.5802029480059782,32.493565,1.5646344
2024,12,2024-11-24,2024_12_DET_IND,DET,-1.1641146,0.5930022138355472,27.823532,1.2666546
2024,13,2024-11-28,2024_13_CHI_DET,DET,-1.0091692,0.6112572920906254,28.48717,1.230291
2024,14,2024-12-05,2024_14_GB_DET,DET,-0.99998856,0.6015136406803073,28.184393,1.2441798
2024,15,2024-12-15,2024_15_BUF_DET,DET,-0.4983283,0.5980079606305096,28.198677,1.59418
2024,16,2024-12-22,2024_16_DET_CHI,DET,0.04017319,0.5749365490174313,28.314417,2.0015872
2024,17,2024-12-30,2024_17_DET_SF,DET,0.1624209,0.561418431332647,32.43611,2.0425925
2024,18,2025-01-05,2024_18_MIN_DET,DET,0.71236676,0.5333464518717786,38.08426,2.5611112
2016,1,2016-09-11,2016_01_GB_JAX,GB,,,,
2016,2,2016-09-18,2016_02_GB_MIN,GB,,,,
2016,3,2016-09-25,2016_03_DET_GB,GB,,,,
2016,5,2016-10-09,2016_05_NYG_GB,GB,,,,
2016,6,2016-10-16,2016_06_DAL_GB,GB,,,,
2016,7,2016-10-20,2016_07_CHI_GB,GB,,,,
2016,8,2016-10-30,2016_08_GB_ATL,GB,0.09069756,0.6008139237305904,30.766497,1.9045454
2016,9,2016-11-06,2016_09_IND_GB,GB,0.25429273,0.6002505981672649,31.762794,2.1323233
2016,10,2016-11-13,2016_10_GB_TEN,GB,0.5364458,0.5728226067686852,32.39032,2.305303
2016,11,2016-11-20,2016_11_GB_WAS,GB,0.6289838,0.577800972758956,29.959105,2.364827
2016,12,2016-11-28,2016_12_GB_PHI,GB,1.0705513,0.5729558599592978,34.413647,2.7587662
2016,13,2016-12-04,2016_13_HOU_GB,GB,0.9871642,0.5684094804129182,34.941788,2.6137445
2016,14,2016-12-11,2016_14_SEA_GB,GB,1.0168217,0.5518100444953004,36.488758,2.7440474
2016,15,2016-12-18,2016_15_GB_CHI,GB,0.4706923,0.5599965339317898,34.230923,2.2611415
2016,16,2016-12-24,2016_16_MIN_GB,GB,0.37477997,0.5619192015295912,35.53648,2.2055862
2016,17,2017-01-01,2016_17_GB_DET,GB,0.010902424,0.5792299661617843,35.53648,1.9436812
2017,1,2017-09-10,2017_01_SEA_GB,GB,,,,
2017,2,2017-09-17,2017_02_GB_ATL,GB,,,,
2017,3,2017-09-24,2017_03_CIN_GB,GB,,,,
2017,4,2017-09-28,2017_04_CHI_GB,GB,,,,
2017,5,2017-10-08,2017_05_GB_DAL,GB,,,,
2017,6,2017-10-15,2017_06_GB_MIN,GB,,,,
2017,7,2017-10-22,2017_07_NO_GB,GB,-0.03422405,0.6140709442360569,29.96389,1.8903264
2017,9,2017-11-06,2017_09_DET_GB,GB,0.33869162,0.6082009766615439,33.562374,2.1342657
2017,10,2017-11-12,2017_10_GB_CHI,GB,0.4594312,0.6214563324168997,36.18321,2.292599
2017,11,2017-11-19,2017_11_BAL_GB,GB,0.38771215,0.6359434656540329,36.89659,2.2850232
2017,12,2017-11-26,2017_12_GB_PIT,GB,0.43410566,0.6194985589493859,34.837067,2.3467116
2017,13,2017-12-03,2017_13_TB_GB,GB,0.33917093,0.6017788534771552,35.06737,2.299742
2017,14,2017-12-10,2017_14_GB_CLE,GB,0.44800913,0.5930719674144999,37.150703,2.3382034
2017,15,2017-12-17,2017_15_GB_CAR,GB,0.2976248,0.6029503802474582,35.02949,2.262446
2017,16,2017-12-23,2017_16_MIN_GB,GB,0.11637175,0.6190760755398201,31.716993,2.0680015
2017,17,2017-12-31,2017_17_GB_DET,GB,0.11680738,0.6227306771110884,30.10083,2.0477993
2018,1,2018-09-09,2018_01_CHI_GB,GB,,,,
2018,2,2018-09-16,2018_02_MIN_GB,GB,,,,
2018,3,2018-09-23,2018_03_GB_WAS,GB,,,,
2018,4,2018-09-30,2018_04_BUF_GB,GB,,,,
2018,5,2018-10-07,2018_05_GB_DET,GB,,,,
2018,6,2018-10-15,2018_06_SF_GB,GB,,,,
2018,8,2018-10-28,2018_08_GB_LA,GB,-0.123606674,0.6176723353806687,27.245146,1.9071484
2018,9,2018-11-04,2018_09_GB_NE,GB,-0.07177335,0.6187309989393323,28.149574,1.9957265
2018,10,2018-11-11,2018_10_MIA_GB,GB,0.21538664,0.6109860082397961,28.530693,2.0936286
2018,11,2018-11-15,2018_11_GB_SEA,GB,-0.06316569,0.6069197386343109,28.06958,1.863073
2018,12,2018-11-25,2018_12_GB_MIN,GB,0.3966544,0.5887128683441073,31.305693,2.238073
2018,13,2018-12-02,2018_13_ARI_GB,GB,0.29643965,0.5903868502264223,33.416805,2.1408508
2018,14,2018-12-09,2018_14_ATL_GB,GB,0.22788431,0.6071593524155913,32.620087,2.0272145
2018,15,2018-12-16,2018_15_GB_CHI,GB,0.10364553,0.5986434238996627,32.994446,2.014394
2018,16,2018-12-23,2018_16_GB_NYJ,GB,-0.1764773,0.6026554051843713,31.464142,1.9083333
2018,17,2018-12-30,2018_17_DET_GB,GB,0.23732664,0.5839931687280172,31.307732,2.1955128
2019,1,2019-09-05,2019_01_GB_CHI,GB,,,,
2019,2,2019-09-15,2019_02_MIN_GB,GB,,,,
2019,3,2019-09-22,2019_03_DEN_GB,GB,,,,
2019,4,2019-09-26,2019_04_PHI_GB,GB,,,,
2019,5,2019-10-06,2019_05_GB_DAL,GB,,,,
2019,6,2019-10-14,2019_06_DET_GB,GB,,,,
2019,7,2019-10-20,2019_07_OAK_GB,GB,-0.15715845,0.6436085434915648,29.741686,1.6180458
2019,8,2019-10-27,2019_08_GB_KC,GB,0.3482904,0.6171929987536517,34.280575,1.9763793
2019,9,2019-11-03,2019_09_GB_LAC,GB,0.57776636,0.6085932651539182,35.84354,2.2430458
2019,10,2019-11-10,2019_10_CAR_GB,GB,0.8909351,0.5779080602485707,39.331753,2.482103
2019,12,2019-11-24,2019_12_GB_SF,GB,0.57763284,0.5700401985928302,41.66677,2.2632477
2019,13,2019-12-01,2019_13_GB_NYG,GB,0.7975636,0.5609668224739995,39.585186,2.5161617
2019,14,2019-12-08,2019_14_WAS_GB,GB,0.5670824,0.550071853245697,41.258587,2.423569
2019,15,2019-12-15,2019_15_CHI_GB,GB,0.2749348,0.5756212964925086,37.558586,2.2735689
2019,16,2019-12-23,2019_16_GB_MIN,GB,0.018530283,0.5815958774670896,36.63836,1.9957913
2019,17,2019-12-29,2019_17_GB_DET,GB,-0.62963647,0.6195014132892921,30.235224,1.6425148
2020,1,2020-09-13,2020_01_GB_MIN,GB,,,,
2020,2,2020-09-20,2020_02_DET_GB,GB,,,,
2020,3,2020-09-27,2020_03_GB_NO,GB,,,,
2020,4,2020-10-05,2020_04_ATL_GB,GB,,,,
2020,6,2020-10-18,2020_06_GB_TB,GB,,,,
2020,7,2020-10-25,2020_07_GB_HOU,GB,,,,
2020,8,2020-11-01,2020_08_MIN_GB,GB,0.41589352,0.598191924284096,33.359848,2.403367
2020,9,2020-11-05,2020_09_GB_SF,GB,0.5988659,0.5959938644074647,34.607468,2.503367
2020,10,2020-11-15,2020_10_JAX_GB,GB,0.56314355,0.5787110798519529,35.57262,2.4685185
2020,11,2020-11-22,2020_11_GB_IND,GB,0.34098116,0.5773027019051135,32.289288,2.1480057
2020,12,2020-11-29,2020_12_CHI_GB,GB,0.22977142,0.5835941691092791,31.25754,2.2564714
2020,13,2020-12-06,2020_13_PHI_GB,GB,0.17862819,0.6012402553215417,33.27606,2.2749898
2020,14,2020-12-13,2020_14_GB_DET,GB,0.2430528,0.59995014836967,32.839947,2.1638787
2020,15,2020-12-19,2020_15_CAR_GB,GB,0.033065315,0.6047390159522406,31.229828,1.997212
2020,16,2020-12-27,2020_16_TEN_GB,GB,0.046448585,0.5991834603966851,31.679827,1.9805454
2020,17,2021-01-03,2020_17_GB_CHI,GB,0.08743408,0.6019508497025359,33.161312,2.0603175
2021,1,2021-09-12,2021_01_GB_NO,GB,,,,
2021,2,2021-09-20,2021_02_DET_GB,GB,,,,
2021,3,2021-09-26,2021_03_GB_SF,GB,,,,
2021,4,2021-10-03,2021_04_PIT_GB,GB,,,,
2021,5,2021-10-10,2021_05_GB_CIN,GB,,,,
2021,6,2021-10-17,2021_06_GB_CHI,GB,,,,
2021,7,2021-10-24,2021_07_WAS_GB,GB,0.40038192,0.5896157292991443,31.622816,2.2740548
2021,8,2021-10-28,2021_08_GB_ARI,GB,-0.15569876,0.596651837103226,32.82652,1.7370176
2021,9,2021-11-07,2021_09_GB_KC,GB,-0.06504148,0.6038957377499045,33.414482,1.8597027
2021,10,2021-11-14,2021_10_SEA_GB,GB,-0.2534677,0.611468435402816,32.49024,1.6324301
2021,11,2021-11-21,2021_11_GB_MIN,GB,-0.4242387,0.5968760833104638,31.68418,1.3748542
2021,12,2021-11-28,2021_12_LA_GB,GB,0.0581052,0.5911712171889311,34.546,1.7224326
2021,14,2021-12-12,2021_14_CHI_GB,GB,-0.022442369,0.5993932283127279,33.001358,1.7640992
2021,15,2021-12-19,2021_15_GB_BAL,GB,0.028311156,0.6021352797086255,30.283411,1.905125
2021,16,2021-12-25,2021_16_CLE_GB,GB,0.18301623,0.6050816003632794,29.880632,2.0231805
2021,17,2022-01-02,2021_17_MIN_GB,GB,0.3061451,0.597872196823662,33.089725,2.1928775
2021,18,2022-01-09,2021_18_GB_DET,GB,0.3582035,0.6201665691180344,32.744267,2.3443925
2022,1,2022-09-11,2022_01_GB_MIN,GB,,,,
2022,2,2022-09-18,2022_02_CHI_GB,GB,,,,
2022,3,2022-09-25,2022_03_GB_TB,GB,,,,
2022,4,2022-10-02,2022_04_NE_GB,GB,,,,
2022,5,2022-10-09,2022_05_NYG_GB,GB,,,,
2022,6,2022-10-16,2022_06_NYJ_GB,GB,,,,
2022,7,2022-10-23,2022_07_GB_WAS,GB,0.12891531,0.6169077333946614,29.133547,1.816916
2022,8,2022-10-30,2022_08_GB_BUF,GB,-0.0015902395,0.6171820676462685,28.065367,1.7820674
2022,9,2022-11-06,2022_09_GB_DET,GB,0.23284256,0.5889566921986709,29.993143,2.0468824
2022,10,2022-11-13,2022_10_DAL_GB,GB,0.24864163,0.5920140515060301,30.77555,2.1579933
2022,11,2022-11-17,2022_11_TEN_GB,GB,0.35118067,0.604010735377714,32.4091,2.2669678
2022,12,2022-11-27,2022_12_GB_PHI,GB,0.16461115,0.6043514145786872,32.16743,2.1544678
2022,13,2022-12-04,2022_13_GB_CHI,GB,0.47817576,0.5781550099731917,36.179085,2.4912975
2022,15,2022-12-19,2022_15_LA_GB,GB,0.5065409,0.5686066626975718,37.480602,2.4594796
2022,16,2022-12-25,2022_16_GB_MIA,GB,0.23778464,0.5898931886715978,34.5806,2.2594795
2022,17,2023-01-01,2022_17_MIN_GB,GB,0.22291113,0.5889098706428252,35.53683,2.284732
2022,18,2023-01-08,2022_18_DET_GB,GB,-0.14268179,0.5958024309444764,35.381817,2.1833334
2023,1,2023-09-10,2023_01_GB_CHI,GB,,,,
2023,2,2023-09-17,2023_02_GB_ATL,GB,,,,
2023,3,2023-09-24,2023_03_NO_GB,GB,,,,
2023,4,2023-09-28,2023_04_DET_GB,GB,,,,
2023,5,2023-10-09,2023_05_GB_LV,GB,,,,
2023,7,2023-10-22,2023_07_GB_DEN,GB,,,,
2023,8,2023-10-29,2023_08_MIN_GB,GB,-0.18626063,0.6086209716663148,31.673233,1.942761
2023,9,2023-11-05,2023_09_LA_GB,GB,0.097822845,0.5966865750444181,33.092678,2.0649831
2023,10,2023-11-12,2023_10_GB_PIT,GB,-0.38771498,0.6284344948805733,28.492676,1.693771
2023,11,2023-11-19,2023_11_LAC_GB,GB,-0.1659978,0.62140888160496,29.583586,1.8755893
2023,12,2023-11-23,2023_12_GB_DET,GB,-0.24362563,0.6429533625745747,29.983839,1.7063974
2023,13,2023-12-03,2023_13_KC_GB,GB,-0.2480452,0.6465189047764804,32.847477,1.7821549
2023,14,2023-12-11,2023_14_GB_NYG,GB,-0.15099052,0.6400513175797267,33.59053,1.8261365
2023,15,2023-12-17,2023_15_TB_GB,GB,-0.21427129,0.6375397627765053,32.921085,1.7594696
2023,16,2023-12-24,2023_16_GB_CAR,GB,0.59642476,0.6028133266611803,38.458122,2.3436449
2023,17,2023-12-31,2023_17_GB_MIN,GB,0.74938035,0.6000722251700787,40.149033,2.4951599
2023,18,2024-01-07,2023_18_CHI_GB,GB,0.530008,0.5960989257422339,37.376305,2.3436449
2024,1,2024-09-06,2024_01_GB_PHI,GB,,,,
2024,2,2024-09-15,2024_02_IND_GB,GB,,,,
2024,3,2024-09-22,2024_03_GB_TEN,GB,,,,
2024,4,2024-09-29,2024_04_MIN_GB,GB,,,,
2024,5,2024-10-06,2024_05_GB_LA,GB,,,,
2024,6,2024-10-13,2024_06_ARI_GB,GB,,,,
2024,7,2024-10-20,2024_07_HOU_GB,GB,-0.493799,0.5446067526315439,30.808586,1.6717172
2024,8,2024-10-27,2024_08_GB_JAX,GB,-0.5989186,0.5472818693652027,27.332575,1.4621211
2024,9,2024-11-03,2024_09_DET_GB,GB,-0.4247456,0.5542737123987124,26.699242,1.6416084
2024,11,2024-11-17,2024_11_GB_CHI,GB,-0.026035422,0.5471200907843065,27.941666,1.7628206
2024,12,2024-11-24,2024_12_SF_GB,GB,0.24806975,0.5327103691126801,33.095634,1.870757
2024,13,2024-11-28,2024_13_MIA_GB,GB,0.10075855,0.5557292483815593,30.27619,1.7929792
2024,14,2024-12-05,2024_14_GB_DET,GB,0.39323285,0.546203979411846,32.207672,1.8911275
2024,15,2024-12-15,2024_15_GB_SEA,GB,0.4696865,0.551356604564471,35.988228,2.1522386
2024,16,2024-12-23,2024_16_NO_GB,GB,0.2042694,0.5592685614347612,33.877117,1.9866401
2024,17,2024-12-29,2024_17_GB_MIN,GB,-0.28750825,0.5855984286143017,32.673412,1.6533068
2024,18,2025-01-05,2024_18_CHI_GB,GB,-0.59929866,0.593731391130381,30.045708,1.6100168
2016,1,2016-09-11,2016_01_CHI_HOU,HOU,,,,
2016,2,2016-09-18,2016_02_KC_HOU,HOU,,,,
2016,3,2016-09-22,2016_03_HOU_NE,HOU,,,,
2016,4,2016-10-02,2016_04_TEN_HOU,HOU,,,,
2016,5,2016-10-09,2016_05_HOU_MIN,HOU,,,,
2016,6,2016-10-16,2016_06_IND_HOU,HOU,,,,
2016,7,2016-10-24,2016_07_HOU_DEN,HOU,-0.5948033,0.6156361000111,25.351496,1.6175213
2016,8,2016-10-30,2016_08_DET_HOU,HOU,-0.38236108,0.6225068912568913,26.21688,1.7692308
2016,10,2016-11-13,2016_10_HOU_JAX,HOU,-0.23223288,0.6172781929399577,27.302778,1.8320513
2016,11,2016-11-21,2016_11_HOU_OAK,HOU,-0.3660628,0.6284586791204438,29.170729,1.8358974
2016,12,2016-11-27,2016_12_SD_HOU,HOU,-0.09454339,0.6178100684718332,29.992407,1.988578
2016,13,2016-12-04,2016_13_HOU_GB,HOU,-0.093779944,0.6146369684237332,29.31185,1.9330225
2016,14,2016-12-11,2016_14_HOU_IND,HOU,-0.11763882,0.6281112950230597,29.017405,1.9635781
2016,15,2016-12-18,2016_15_JAX_HOU,HOU,-0.2570289,0.6304255632464189,29.841415,1.875
2016,16,2016-12-24,2016_16_CIN_HOU,HOU,-0.2562159,0.6406196665287575,26.810463,1.8964286
2016,17,2017-01-01,2016_17_HOU_TEN,HOU,-0.27172557,0.6310411663252573,25.410461,1.6853175
2017,1,2017-09-10,2017_01_JAX_HOU,HOU,,,,
2017,2,2017-09-14,2017_02_HOU_CIN,HOU,,,,
2017,3,2017-09-24,2017_03_HOU_NE,HOU,,,,
2017,4,2017-10-01,2017_04_TEN_HOU,HOU,,,,
2017,5,2017-10-08,2017_05_KC_HOU,HOU,,,,
2017,6,2017-10-15,2017_06_CLE_HOU,HOU,,,,
2017,8,2017-10-29,2017_08_HOU_SEA,HOU,-0.40493146,0.6161300034804819,24.489122,1.706474
2017,9,2017-11-05,2017_09_IND_HOU,HOU,-0.22123192,0.6050553836558621,25.922455,1.7759185
2017,10,2017-11-12,2017_10_HOU_LA,HOU,-0.01705545,0.6019853035572732,27.293182,1.9383116
2017,11,2017-11-19,2017_11_ARI_HOU,HOU,-0.01842801,0.5850846116565813,28.234573,1.9328171
2017,12,2017-11-27,2017_12_HOU_BAL,HOU,0.15446085,0.5759670757533312,29.389336,2.0161505
2017,13,2017-12-03,2017_13_HOU_TEN,HOU,-0.14394931,0.5955411079220604,26.654488,1.7901403
2017,14,2017-12-10,2017_14_SF_HOU,HOU,0.31936488,0.5834135749611941,30.084381,2.1036325
2017,15,2017-12-17,2017_15_HOU_JAX,HOU,0.2592762,0.5912499977976169,30.095491,2.0480769
2017,16,2017-12-25,2017_16_PIT_HOU,HOU,0.5028145,0.5845864948543521,30.466524,2.3060133
2017,17,2017-12-31,2017_17_HOU_IND,HOU,0.68535453,0.6041183518862091,29.787039,2.398088
2018,1,2018-09-09,2018_01_HOU_NE,HOU,,,,
2018,2,2018-09-16,2018_02_HOU_TEN,HOU,,,,
2018,3,2018-09-23,2018_03_NYG_HOU,HOU,,,,
2018,4,2018-09-30,2018_04_HOU_IND,HOU,,,,
2018,5,2018-10-07,2018_05_DAL_HOU,HOU,,,,
2018,6,2018-10-14,2018_06_BUF_HOU,HOU,,,,
2018,7,2018-10-21,2018_07_HOU_JAX,HOU,-0.28647932,0.6834238192816624,27.944658,1.8693377
2018,8,2018-10-25,2018_08_MIA_HOU,HOU,-0.57978565,0.6740984224562655,26.881721,1.6292443
2018,9,2018-11-04,2018_09_HOU_DEN,HOU,-0.65898603,0.662241259557436,27.303946,1.6153555
2018,11,2018-11-18,2018_11_HOU_WAS,HOU,-0.8813277,0.6641727539889305,26.260004,1.4229312
2018,12,2018-11-26,2018_12_TEN_HOU,HOU,-1.062648,0.6633669956586624,25.121115,1.3604312
2018,13,2018-12-02,2018_13_CLE_HOU,HOU,-0.93866676,0.6380530839811143,26.90783,1.4128789
2018,14,2018-12-09,2018_14_IND_HOU,HOU,-0.77317804,0.6138020053739751,30.212122,1.4292928
2018,15,2018-12-15,2018_15_HOU_NYJ,HOU,-0.4216046,0.6005899088285452,32.343433,1.6565657
2018,16,2018-12-23,2018_16_HOU_PHI,HOU,-0.49296513,0.6197703040506072,32.022728,1.6704545
2018,17,2018-12-30,2018_17_JAX_HOU,HOU,-0.3338591,0.611562231259201,33.958332,1.8573232
2019,1,2019-09-09,2019_01_HOU_NO,HOU,,,,
2019,2,2019-09-15,2019_02_JAX_HOU,HOU,,,,
2019,3,2019-09-22,2019_03_HOU_LAC,HOU,,,,
2019,4,2019-09-29,2019_04_CAR_HOU,HOU,,,,
2019,5,2019-10-06,2019_05_ATL_HOU,HOU,,,,
2019,6,2019-10-13,2019_06_HOU_KC,HOU,,,,
2019,7,2019-10-20,2019_07_HOU_IND,HOU,0.10171107,0.617228182171364,34.141666,2.120202
2019,8,2019-10-27,2019_08_OAK_HOU,HOU,-0.103574686,0.6600167775915384,30.961111,2.009091
2019,9,2019-11-03,2019_09_HOU_JAX,HOU,0.21480708,0.646154251229012,32.577778,2.209091
2019,11,2019-11-17,2019_11_HOU_BAL,HOU,-0.06825841,0.6646938135185743,31.42222,1.9174242
2019,12,2019-11-21,2019_12_IND_HOU,HOU,0.32335964,0.6546244216310005,34.361614,2.2962122
2019,13,2019-12-01,2019_13_NE_HOU,HOU,0.16974665,0.6383052084367874,34.63476,2.1665823
2019,14,2019-12-08,2019_14_DEN_HOU,HOU,0.21635823,0.6295342571658361,36.95143,2.133249
2019,15,2019-12-15,2019_15_HOU_TEN,HOU,0.4025071,0.6094846020982385,37.55623,2.2292087
2019,16,2019-12-21,2019_16_HOU_TB,HOU,0.29511333,0.6117087668224032,37.801685,2.1473906
2019,17,2019-12-29,2019_17_TEN_HOU,HOU,0.30650416,0.6081074020340637,38.03581,2.3438191
2020,1,2020-09-10,2020_01_HOU_KC,HOU,,,,
2020,2,2020-09-20,2020_02_BAL_HOU,HOU,,,,
2020,3,2020-09-27,2020_03_HOU_PIT,HOU,,,,
2020,4,2020-10-04,2020_04_MIN_HOU,HOU,,,,
2020,5,2020-10-11,2020_05_JAX_HOU,HOU,,,,
2020,6,2020-10-18,2020_06_HOU_TEN,HOU,,,,
2020,7,2020-10-25,2020_07_GB_HOU,HOU,1.103102,0.5631192049626393,40.49899,2.8041246
2020,9,2020-11-08,2020_09_HOU_JAX,HOU,0.89976764,0.5849675983388105,38.929546,2.6606061
2020,10,2020-11-15,2020_10_HOU_CLE,HOU,0.7681492,0.593334802122681,37.743435,2.5578282
2020,11,2020-11-22,2020_11_NE_HOU,HOU,0.55593497,0.5926167622711184,39.266163,2.3419192
2020,12,2020-11-26,2020_12_HOU_DET,HOU,0.48765993,0.5926279381485223,40.821716,2.2446969
2020,13,2020-12-06,2020_13_IND_HOU,HOU,0.42527327,0.5912850911806754,40.17172,2.3585858
2020,14,2020-12-13,2020_14_HOU_CHI,HOU,0.14962219,0.6065690566540348,36.09722,2.0555556
2020,15,2020-12-20,2020_15_HOU_IND,HOU,0.22681516,0.5904021217370998,37.045452,2.084596
2020,16,2020-12-27,2020_16_CIN_HOU,HOU,0.47521305,0.5956257368565483,38.7399,2.2998736
2020,17,2021-01-03,2020_17_TEN_HOU,HOU,0.8404477,0.5800792752163366,39.50505,2.6521463
2021,1,2021-09-12,2021_01_JAX_HOU,HOU,,,,
2021,2,2021-09-19,2021_02_HOU_CLE,HOU,,,,
2021,3,2021-09-23,2021_03_CAR_HOU,HOU,,,,
2021,4,2021-10-03,2021_04_HOU_BUF,HOU,,,,
2021,5,2021-10-10,2021_05_NE_HOU,HOU,,,,
2021,6,2021-10-17,2021_06_HOU_IND,HOU,,,,
2021,7,2021-10-24,2021_07_HOU_ARI,HOU,0.6387182,0.5775310613932654,36.049686,2.6548822
2021,8,2021-10-31,2021_08_LA_HOU,HOU,0.78222185,0.5685414701864122,36.861195,2.8354378
2021,9,2021-11-07,2021_09_HOU_MIA,HOU,0.7757054,0.5733957825407247,37.430637,2.8465488
2021,11,2021-11-21,2021_11_HOU_TEN,HOU,0.46169376,0.580354099505169,34.286198,2.6826599
2021,12,2021-11-28,2021_12_NYJ_HOU,HOU,0.12982619,0.5937361649705678,33.86953,2.3076599
2021,13,2021-12-05,2021_13_IND_HOU,HOU,-0.07066362,0.6228178947875919,31.411615,2.1628788
2021,14,2021-12-12,2021_14_SEA_HOU,HOU,-0.21637654,0.6223290598290597,30.935606,2.1237373
2021,15,2021-12-19,2021_15_HOU_JAX,HOU,0.022990262,0.6163709168917503,33.00505,2.243182
2021,16,2021-12-26,2021_16_LAC_HOU,HOU,-0.3088446,0.6468494661202994,31.00379,1.9578282
2021,17,2022-01-02,2021_17_HOU_SF,HOU,-0.03419828,0.6079579217079217,34.348232,2.2050505
2021,18,2022-01-09,2021_18_TEN_HOU,HOU,0.20702462,0.6152455800372466,34.292675,2.3439395
2022,1,2022-09-11,2022_01_IND_HOU,HOU,,,,
2022,2,2022-09-18,2022_02_HOU_DEN,HOU,,,,
2022,3,2022-09-25,2022_03_HOU_CHI,HOU,,,,
2022,4,2022-10-02,2022_04_LAC_HOU,HOU,,,,
2022,5,2022-10-09,2022_05_HOU_JAX,HOU,,,,
2022,7,2022-10-23,2022_07_HOU_LV,HOU,,,,
2022,8,2022-10-30,2022_08_TEN_HOU,HOU,0.1258052,0.6057184972355912,37.23309,1.9830937
2022,9,2022-11-03,2022_09_PHI_HOU,HOU,0.076566845,0.6162373942929498,35.968517,1.9842592
2022,10,2022-11-13,2022_10_HOU_NYG,HOU,0.28744593,0.5735706166261721,36.698822,2.2251685
2022,11,2022-11-20,2022_11_WAS_HOU,HOU,0.41379917,0.5647751682473905,36.754375,2.2390573
2022,12,2022-11-27,2022_12_HOU_MIA,HOU,0.29733667,0.5590082184463497,36.147053,2.0244107
2022,13,2022-12-04,2022_13_CLE_HOU,HOU,0.3507479,0.5590264013216755,33.149433,2.2101252
2022,14,2022-12-11,2022_14_HOU_DAL,HOU,-0.09253643,0.5700832810417497,28.908693,1.7112824
2022,15,2022-12-18,2022_15_KC_HOU,HOU,-0.025928328,0.5825243893161912,29.156168,1.8287067
2022,16,2022-12-24,2022_16_HOU_TEN,HOU,-0.114149,0.5904181082515768,30.122835,1.76204
2022,17,2023-01-01,2022_17_JAX_HOU,HOU,-0.44118217,0.5949209742127761,28.80339,1.6231512
2022,18,2023-01-08,2022_18_HOU_IND,HOU,-0.38552412,0.580586613287506,27.911783,1.6860882
2023,1,2023-09-10,2023_01_HOU_BAL,HOU,,,,
2023,2,2023-09-17,2023_02_IND_HOU,HOU,,,,
2023,3,2023-09-24,2023_03_HOU_JAX,HOU,,,,
2023,4,2023-10-01,2023_04_PIT_HOU,HOU,,,,
2023,5,2023-10-08,2023_05_HOU_ATL,HOU,,,,
2023,6,2023-10-15,2023_06_NO_HOU,HOU,,,,
2023,8,2023-10-29,2023_08_HOU_CAR,HOU,-0.51590604,0.6189797141691081,33.202778,1.7613636
2023,9,2023-11-05,2023_09_TB_HOU,HOU,-0.4811747,0.6202346638092252,32.890656,1.6325756
2023,10,2023-11-12,2023_10_HOU_CIN,HOU,-0.44590095,0.6298494124864739,31.618433,1.6297979
2023,11,2023-11-19,2023_11_ARI_HOU,HOU,-0.22801995,0.6355609018518095,30.021032,1.6936507
2023,12,2023-11-26,2023_12_JAX_HOU,HOU,0.0059134713,0.631619195410103,31.587698,1.8603173
2023,13,2023-12-03,2023_13_DEN_HOU,HOU,0.1522611,0.6364542523284932,32.124313,1.9322872
2023,14,2023-12-10,2023_14_HOU_NYJ,HOU,0.10410452,0.6472011194215143,28.573034,1.9335693
2023,15,2023-12-17,2023_15_HOU_TEN,HOU,0.18063527,0.6535216039302578,29.288416,2.0681846
2023,16,2023-12-24,2023_16_CLE_HOU,HOU,-0.1858458,0.6624915113376652,27.292692,1.6825008
2023,17,2023-12-31,2023_17_TEN_HOU,HOU,-0.14269274,0.6677778204701282,27.792692,1.7896438
2023,18,2024-01-06,2023_18_HOU_IND,HOU,-0.49436817,0.6894031298585954,25.592691,1.5729771
2024,1,2024-09-08,2024_01_HOU_IND,HOU,,,,
2024,2,2024-09-15,2024_02_CHI_HOU,HOU,,,,
2024,3,2024-09-22,2024_03_HOU_MIN,HOU,,,,
2024,4,2024-09-29,2024_04_JAX_HOU,HOU,,,,
2024,5,2024-10-06,2024_05_BUF_HOU,HOU,,,,
2024,6,2024-10-13,2024_06_HOU_NE,HOU,,,,
2024,7,2024-10-20,2024_07_HOU_GB,HOU,-0.03778286,0.588386498185033,24.035673,1.9873737
2024,8,2024-10-27,2024_08_IND_HOU,HOU,-0.106804185,0.6049008480327162,22.62153,1.85101
2024,9,2024-10-31,2024_09_HOU_NYJ,HOU,0.006628757,0.6151674332993015,23.877943,1.9407536
2024,10,2024-11-10,2024_10_DET_HOU,HOU,0.0054964474,0.6197882971848712,24.609758,1.7756022
2024,11,2024-11-18,2024_11_HOU_DAL,HOU,-0.19073687,0.6234204950134975,24.36968,1.8073483
2024,12,2024-11-24,2024_12_TEN_HOU,HOU,-0.47121564,0.6196754553309579,25.925234,1.6684593
2024,13,2024-12-01,2024_13_HOU_JAX,HOU,-0.25089732,0.6079383828795998,26.853806,1.7756022
2024,15,2024-12-15,2024_15_MIA_HOU,HOU,-0.27494803,0.6282155240390939,28.906837,1.7452992
2024,16,2024-12-21,2024_16_HOU_KC,HOU,-0.47174895,0.6038288014312174,28.755554,1.6888889
2024,17,2024-12-25,2024_17_BAL_HOU,HOU,-0.4461039,0.591801137736887,30.816666,1.8388888
2024,18,2025-01-05,2024_18_HOU_TEN,HOU,-0.045912612,0.5724618460761669,33.909523,2.0460317
2016,1,2016-09-11,2016_01_DET_IND,IND,,,,
2016,2,2016-09-18,2016_02_IND_DEN,IND,,,,
2016,3,2016-09-25,2016_03_SD_IND,IND,,,,
2016,4,2016-10-02,2016_04_IND_JAX,IND,,,,
2016,5,2016-10-09,2016_05_CHI_IND,IND,,,,
2016,6,2016-10-16,2016_06_IND_HOU,IND,,,,
2016,7,2016-10-23,2016_07_IND_TEN,IND,0.70959973,0.5709493170723118,36.026127,2.2348485
2016,8,2016-10-30,2016_08_KC_IND,IND,0.38007012,0.5876626319808138,34.2534,2.0681818
2016,9,2016-11-06,2016_09_IND_GB,IND,0.4102905,0.6244346853612588,33.572746,2.119464
2016,11,2016-11-20,2016_11_TEN_IND,IND,0.5449695,0.611092934519508,33.864414,2.2381508
2016,12,2016-11-24,2016_12_PIT_IND,IND,0.29344887,0.6177004726043188,35.11719,2.1048174
2016,13,2016-12-05,2016_13_IND_NYJ,IND,0.47224176,0.5959973300678428,34.04143,2.274851
2016,14,2016-12-11,2016_14_HOU_IND,IND,0.15640214,0.6165257214295675,32.205963,2.0804067
2016,15,2016-12-18,2016_15_IND_MIN,IND,0.11218085,0.6135883809922271,31.978691,2.0198007
2016,16,2016-12-24,2016_16_IND_OAK,IND,-0.287883,0.6111640674140674,31.268435,1.7351851
2016,17,2017-01-01,2016_17_JAX_IND,IND,-0.2429527,0.6251108266733266,32.07399,1.8324075
2017,1,2017-09-10,2017_01_IND_LA,IND,,,,
2017,2,2017-09-17,2017_02_ARI_IND,IND,,,,
2017,3,2017-09-24,2017_03_CLE_IND,IND,,,,
2017,4,2017-10-01,2017_04_IND_SEA,IND,,,,
2017,5,2017-10-08,2017_05_SF_IND,IND,,,,
2017,6,2017-10-16,2017_06_IND_TEN,IND,,,,
2017,7,2017-10-22,2017_07_JAX_IND,IND,0.53591573,0.5737635435552103,33.872654,2.3026695
2017,8,2017-10-29,2017_08_IND_CIN,IND,0.6428159,0.5822089671792053,37.280666,2.330808
2017,9,2017-11-05,2017_09_IND_HOU,IND,0.6120686,0.5840776039436754,36.059704,2.381313
2017,10,2017-11-12,2017_10_PIT_IND,IND,0.47375357,0.5850037115662117,35.632965,2.150544
2017,12,2017-11-26,2017_12_TEN_IND,IND,0.24632354,0.6030975968475969,33.396854,1.9560995
2017,13,2017-12-03,2017_13_IND_JAX,IND,0.109130315,0.6023375614284706,31.487762,1.9106449
2017,14,2017-12-10,2017_14_IND_BUF,IND,0.2088576,0.6073766581342339,32.24702,1.9207458
2017,15,2017-12-14,2017_15_DEN_IND,IND,-0.17750676,0.6351021733597492,28.21905,1.6783217
2017,16,2017-12-23,2017_16_IND_BAL,IND,0.13097061,0.6314398377529691,32.629826,1.8685573
2017,17,2017-12-31,2017_17_HOU_IND,IND,0.4065901,0.6382157474345805,34.919,2.191919
2018,1,2018-09-09,2018_01_CIN_IND,IND,,,,
2018,2,2018-09-16,2018_02_IND_WAS,IND,,,,
2018,3,2018-09-23,2018_03_IND_PHI,IND,,,,
2018,4,2018-09-30,2018_04_HOU_IND,IND,,,,
2018,5,2018-10-04,2018_05_IND_NE,IND,,,,
2018,6,2018-10-14,2018_06_IND_NYJ,IND,,,,
2018,7,2018-10-21,2018_07_BUF_IND,IND,0.033311486,0.5496865612098977,31.048574,2.1238317
2018,8,2018-10-28,2018_08_IND_OAK,IND,-0.4678632,0.5736958852192218,30.639482,1.7450438
2018,10,2018-11-11,2018_10_JAX_IND,IND,-0.11550766,0.5843133822003551,32.004803,2.1271987
2018,11,2018-11-18,2018_11_TEN_IND,IND,0.13278373,0.5675533690759255,33.179043,2.2575018
2018,12,2018-11-25,2018_12_MIA_IND,IND,-0.12898517,0.6004956728734925,32.3846,2.079724
2018,13,2018-12-02,2018_13_IND_JAX,IND,-0.2581517,0.6234972469167331,31.130327,1.9258779
2018,14,2018-12-09,2018_14_IND_HOU,IND,-0.5211952,0.6526020316221671,29.874916,1.5882155
2018,15,2018-12-16,2018_15_DAL_IND,IND,-0.12467875,0.6520950824310074,30.056734,1.8609427
2018,16,2018-12-23,2018_16_NYG_IND,IND,-0.7453546,0.6476479636456532,30.583189,1.3424243
2018,17,2018-12-30,2018_17_IND_TEN,IND,-0.6172617,0.6570746699802544,30.199854,1.3590909
2019,1,2019-09-08,2019_01_IND_LAC,IND,,,,
2019,2,2019-09-15,2019_02_IND_TEN,IND,,,,
2019,3,2019-09-22,2019_03_ATL_IND,IND,,,,
2019,4,2019-09-29,2019_04_OAK_IND,IND,,,,
2019,5,2019-10-06,2019_05_IND_KC,IND,,,,
2019,7,2019-10-20,2019_07_HOU_IND,IND,,,,
2019,8,2019-10-27,2019_08_DEN_IND,IND,0.5888348,0.5970350009076728,37.75011,2.2969334
2019,9,2019-11-03,2019_09_IND_PIT,IND,0.18456835,0.6322894326898824,33.569553,1.9219337
2019,10,2019-11-10,2019_10_MIA_IND,IND,0.17147584,0.636855815381265,33.6794,1.9421357
2019,11,2019-11-17,2019_11_JAX_IND,IND,-0.5073979,0.6665654792738126,27.162918,1.5758352
2019,12,2019-11-21,2019_12_IND_HOU,IND,-0.72141284,0.6840984478484478,26.204584,1.4091686
2019,13,2019-12-01,2019_13_TEN_IND,IND,-0.58422655,0.6708646548924326,28.137918,1.5628723
2019,14,2019-12-08,2019_14_IND_TB,IND,-0.6264239,0.6897959728622122,25.957266,1.5349003
2019,15,2019-12-16,2019_15_IND_NO,IND,-0.53507954,0.6617919078389164,29.030983,1.8415242
2019,16,2019-12-22,2019_16_CAR_IND,IND,-0.13978632,0.6382371061591147,33.091167,2.193376
2019,17,2019-12-29,2019_17_IND_JAX,IND,-0.27061898,0.6214885769105855,34.488605,2.0791569
2020,1,2020-09-13,2020_01_IND_JAX,IND,,,,
2020,2,2020-09-20,2020_02_MIN_IND,IND,,,,
2020,3,2020-09-27,2020_03_NYJ_IND,IND,,,,
2020,4,2020-10-04,2020_04_IND_CHI,IND,,,,
2020,5,2020-10-11,2020_05_IND_CLE,IND,,,,
2020,6,2020-10-18,2020_06_CIN_IND,IND,,,,
2020,8,2020-11-01,2020_08_IND_DET,IND,-0.39162984,0.6523150631305711,27.11692,1.7012626
2020,9,2020-11-08,2020_09_BAL_IND,IND,-0.7847614,0.6641145059716806,27.62803,1.5429293
2020,10,2020-11-12,2020_10_IND_TEN,IND,-0.5969525,0.6350882586499788,28.708334,1.6323233
2020,11,2020-11-22,2020_11_GB_IND,IND,-0.2788407,0.601199770594824,30.213385,1.8410774
2020,12,2020-11-29,2020_12_TEN_IND,IND,-0.27900374,0.5729996037582935,31.154623,2.0857356
2020,13,2020-12-06,2020_13_IND_HOU,IND,-0.03133313,0.5774273600978146,30.974068,2.3107355
2020,14,2020-12-13,2020_14_IND_LV,IND,-0.21643515,0.5670380019811838,30.974068,2.204675
2020,15,2020-12-20,2020_15_HOU_IND,IND,0.011234569,0.5587322259670745,34.29814,2.4130085
2020,16,2020-12-27,2020_16_IND_PIT,IND,0.2265488,0.5458747551550582,39.122005,2.5569477
2020,17,2021-01-03,2020_17_JAX_IND,IND,0.36196008,0.5501900030600496,38.216022,2.6011074
2021,1,2021-09-12,2021_01_SEA_IND,IND,,,,
2021,2,2021-09-19,2021_02_LA_IND,IND,,,,
2021,3,2021-09-26,2021_03_IND_TEN,IND,,,,
2021,4,2021-10-03,2021_04_IND_MIA,IND,,,,
2021,5,2021-10-11,2021_05_IND_BAL,IND,,,,
2021,6,2021-10-17,2021_06_HOU_IND,IND,,,,
2021,7,2021-10-24,2021_07_IND_SF,IND,0.4106462,0.6100758654925321,36.900333,2.225084
2021,8,2021-10-31,2021_08_TEN_IND,IND,0.11454868,0.6255293802317611,33.88367,1.9727031
2021,9,2021-11-04,2021_09_NYJ_IND,IND,0.079476975,0.6212438785706939,32.05931,1.8816776
2021,10,2021-11-14,2021_10_JAX_IND,IND,0.13514669,0.6237259643861129,32.571095,1.87326
2021,11,2021-11-21,2021_11_IND_BUF,IND,-0.093732774,0.6222556291657778,33.456993,1.8078755
2021,12,2021-11-28,2021_12_TB_IND,IND,-0.6301399,0.652158735318884,29.890327,1.5412087
2021,13,2021-12-05,2021_13_IND_HOU,IND,-0.1865526,0.6216644610746097,29.144407,1.9829336
2021,15,2021-12-18,2021_15_NE_IND,IND,-0.54213107,0.6443219262645425,27.947435,1.768648
2021,16,2021-12-25,2021_16_IND_ARI,IND,-0.8344969,0.6514096257278076,29.671797,1.693007
2021,17,2022-01-02,2021_17_LV_IND,IND,-1.1861926,0.657107400175582,28.60816,1.5051283
2021,18,2022-01-09,2021_18_IND_JAX,IND,-0.9398264,0.6504265809947628,29.77226,1.6705128
2022,1,2022-09-11,2022_01_IND_HOU,IND,,,,
2022,2,2022-09-18,2022_02_IND_JAX,IND,,,,
2022,3,2022-09-25,2022_03_KC_IND,IND,,,,
2022,4,2022-10-02,2022_04_TEN_IND,IND,,,,
2022,5,2022-10-06,2022_05_IND_DEN,IND,,,,
2022,6,2022-10-16,2022_06_JAX_IND,IND,,,,
2022,7,2022-10-23,2022_07_IND_TEN,IND,0.011464998,0.6381952395989829,28.688963,1.8422079
2022,8,2022-10-30,2022_08_WAS_IND,IND,-0.023771679,0.6296371511803139,28.977922,1.8010823
2022,9,2022-11-06,2022_09_IND_NE,IND,-0.19573142,0.610699641868473,29.447618,1.6950216
2022,10,2022-11-13,2022_10_IND_LV,IND,-0.35262653,0.6109843571531883,26.419844,1.6339105
2022,11,2022-11-20,2022_11_PHI_IND,IND,-0.44590023,0.6369650200088511,27.519842,1.5672439
2022,12,2022-11-28,2022_12_PIT_IND,IND,-0.4216793,0.632616045570591,27.416666,1.6962122
2022,13,2022-12-04,2022_13_IND_DAL,IND,-0.48246586,0.6348199527744982,26.516668,1.6462121
2022,15,2022-12-17,2022_15_IND_MIN,IND,-0.19893444,0.6396573583112044,27.60408,2.064627
2022,16,2022-12-26,2022_16_LAC_IND,IND,-0.28416303,0.6405622282950219,26.680634,2.1491566
2022,17,2023-01-01,2022_17_IND_NYG,IND,-0.21646084,0.6400655952983888,29.182655,2.2299645
2022,18,2023-01-08,2022_18_HOU_IND,IND,0.12403405,0.5942065186754234,31.32895,2.489224
2023,1,2023-09-10,2023_01_JAX_IND,IND,,,,
2023,2,2023-09-17,2023_02_IND_HOU,IND,,,,
2023,3,2023-09-24,2023_03_IND_BAL,IND,,,,
2023,4,2023-10-01,2023_04_LA_IND,IND,,,,
2023,5,2023-10-08,2023_05_TEN_IND,IND,,,,
2023,6,2023-10-15,2023_06_IND_JAX,IND,,,,
2023,7,2023-10-22,2023_07_CLE_IND,IND,-0.049885537,0.6324444072176916,29.995527,2.0011454
2023,8,2023-10-29,2023_08_NO_IND,IND,0.09079081,0.6380659352902001,29.293566,1.9802303
2023,9,2023-11-05,2023_09_IND_CAR,IND,0.39237687,0.6249108804684785,30.49685,2.2049778
2023,10,2023-11-12,2023_10_IND_NE,IND,0.30122146,0.6424592348918329,30.524628,2.20845
2023,12,2023-11-26,2023_12_TB_IND,IND,0.09936279,0.637240644930596,29.705183,1.9056722
2023,13,2023-12-03,2023_13_IND_TEN,IND,-0.15403362,0.6181722983806317,27.42185,1.9056722
2023,14,2023-12-10,2023_14_IND_CIN,IND,-0.28204122,0.6267084535834536,28.616789,1.7360295
2023,15,2023-12-16,2023_15_PIT_IND,IND,-0.03097018,0.6171859499433029,31.352083,1.9276515
2023,16,2023-12-24,2023_16_IND_ATL,IND,-0.60637385,0.643089136263156,27.25486,1.5804292
2023,17,2023-12-31,2023_17_LV_IND,IND,-0.2240082,0.614680045354065,30.202082,1.883207
2023,18,2024-01-06,2023_18_HOU_IND,IND,-0.02868927,0.6171801651077967,31.387268,2.1535776
2024,1,2024-09-08,2024_01_HOU_IND,IND,,,,
2024,2,2024-09-15,2024_02_IND_GB,IND,,,,
2024,3,2024-09-22,2024_03_CHI_IND,IND,,,,
2024,4,2024-09-29,2024_04_PIT_IND,IND,,,,
2024,5,2024-10-06,2024_05_IND_JAX,IND,,,,
2024,6,2024-10-13,2024_06_IND_TEN,IND,,,,
2024,7,2024-10-20,2024_07_MIA_IND,IND,0.21629941,0.5501334151813794,34.914646,2.0830808
2024,8,2024-10-27,2024_08_IND_HOU,IND,-0.25464433,0.5669648471843799,32.645203,1.7386364
2024,9,2024-11-03,2024_09_IND_MIN,IND,-0.27688825,0.5621161773357101,31.496017,1.7910839
2024,10,2024-11-10,2024_10_BUF_IND,IND,-0.26968896,0.5392053516953835,32.297787,1.8870435
2024,11,2024-11-17,2024_11_IND_NYJ,IND,-0.22617441,0.5421512626125512,31.940462,1.8567405
2024,12,2024-11-24,2024_12_DET_IND,IND,-0.48173484,0.569846368432657,28.551573,1.7178516
2024,13,2024-12-01,2024_13_IND_NE,IND,-0.28127638,0.5615059150264141,31.400057,1.8602759
2024,15,2024-12-15,2024_15_IND_DEN,IND,0.12501283,0.5454281656153314,34.571354,2.1658313
2024,16,2024-12-22,2024_16_TEN_IND,IND,-0.01651871,0.5531528194337353,31.927925,2.1313763
2024,17,2024-12-29,2024_17_IND_NYG,IND,0.20273978,0.547596002513282,29.627226,2.19781
2024,18,2025-01-05,2024_18_JAX_IND,IND,0.43520704,0.5521197263384764,28.850517,2.4413996
2016,1,2016-09-11,2016_01_GB_JAX,JAX,,,,
2016,2,2016-09-18,2016_02_JAX_SD,JAX,,,,
2016,3,2016-09-25,2016_03_BAL_JAX,JAX,,,,
2016,4,2016-10-02,2016_04_IND_JAX,JAX,,,,
2016,6,2016-10-16,2016_06_JAX_CHI,JAX,,,,
2016,7,2016-10-23,2016_07_OAK_JAX,JAX,,,,
2016,8,2016-10-27,2016_08_JAX_TEN,JAX,0.57413185,0.6118954054771913,27.389153,2.2959597
2016,9,2016-11-06,2016_09_JAX_KC,JAX,0.73389,0.5998491814991492,29.795717,2.3459597
2016,10,2016-11-13,2016_10_HOU_JAX,JAX,0.42675123,0.6230064144778107,27.587385,2.0443723
2016,11,2016-11-20,2016_11_JAX_DET,JAX,0.48474017,0.6116628638485458,28.3547,2.07351
2016,12,2016-11-27,2016_12_JAX_BUF,JAX,0.17360805,0.6259439531296351,27.602953,1.843906
2016,13,2016-12-04,2016_13_DEN_JAX,JAX,0.28199413,0.6180008217907819,26.345377,2.0257242
2016,14,2016-12-11,2016_14_MIN_JAX,JAX,-0.08681885,0.6263387232056064,24.224009,1.7582029
2016,15,2016-12-18,2016_15_JAX_HOU,JAX,-0.19771717,0.6381520992235278,23.07502,1.6369907
2016,16,2016-12-24,2016_16_TEN_JAX,JAX,-0.2524214,0.6357968486539916,24.932161,1.6369907
2016,17,2017-01-01,2016_17_JAX_IND,JAX,-0.32990924,0.6567125401053974,23.92675,1.5822123
2017,1,2017-09-10,2017_01_JAX_HOU,JAX,,,,
2017,2,2017-09-17,2017_02_TEN_JAX,JAX,,,,
2017,3,2017-09-24,2017_03_BAL_JAX,JAX,,,,
2017,4,2017-10-01,2017_04_JAX_NYJ,JAX,,,,
2017,5,2017-10-08,2017_05_JAX_PIT,JAX,,,,
2017,6,2017-10-15,2017_06_LA_JAX,JAX,,,,
2017,7,2017-10-22,2017_07_JAX_IND,JAX,-1.0272824,0.6104433408984308,24.16984,1.3388888
2017,9,2017-11-05,2017_09_CIN_JAX,JAX,-0.85543936,0.6076674192080355,24.86555,1.2416667
2017,10,2017-11-12,2017_10_LAC_JAX,JAX,-1.2418342,0.647512874678491,21.691307,0.84444445
2017,11,2017-11-19,2017_11_JAX_CLE,JAX,-1.0626081,0.6456625644948474,22.462141,0.9243055
2017,12,2017-11-26,2017_12_JAX_ARI,JAX,-1.2856772,0.6756444090845352,19.27325,0.74652773
2017,13,2017-12-03,2017_13_IND_JAX,JAX,-1.0332302,0.6743357282047758,17.72464,0.90277773
2017,14,2017-12-10,2017_14_SEA_JAX,JAX,-1.1116003,0.6789968519135187,20.130724,0.8379629
2017,15,2017-12-17,2017_15_HOU_JAX,JAX,-0.89822024,0.6562064478731146,21.389381,1.1456553
2017,16,2017-12-24,2017_16_JAX_SF,JAX,-0.950592,0.6605483361435743,21.361244,1.112322
2017,17,2017-12-31,2017_17_JAX_TEN,JAX,-0.71799797,0.6493939812392194,22.737846,1.4224181
2018,1,2018-09-09,2018_01_JAX_NYG,JAX,,,,
2018,2,2018-09-16,2018_02_NE_JAX,JAX,,,,
2018,3,2018-09-23,2018_03_TEN_JAX,JAX,,,,
2018,4,2018-09-30,2018_04_NYJ_JAX,JAX,,,,
2018,5,2018-10-07,2018_05_JAX_KC,JAX,,,,
2018,6,2018-10-14,2018_06_JAX_DAL,JAX,,,,
2018,7,2018-10-21,2018_07_HOU_JAX,JAX,-0.30970743,0.6953644007528719,25.888277,1.7179737
2018,8,2018-10-28,2018_08_PHI_JAX,JAX,-0.1840928,0.6946691083909129,24.875458,1.7874182
2018,10,2018-11-11,2018_10_JAX_IND,JAX,-0.01972062,0.6760480997699042,26.883034,1.8843879
2018,11,2018-11-18,2018_11_PIT_JAX,JAX,0.29660508,0.6693843931061977,28.928488,2.1737819
2018,12,2018-11-25,2018_12_JAX_BUF,JAX,0.3455496,0.6554892054014861,30.398329,2.2690198
2018,13,2018-12-02,2018_13_IND_JAX,JAX,0.30655146,0.6456397955520763,29.15474,2.2690198
2018,14,2018-12-06,2018_14_JAX_TEN,JAX,-0.2483552,0.6557683366016699,27.44262,1.6629592
2018,15,2018-12-16,2018_15_WAS_JAX,JAX,0.005697623,0.6172442218275552,31.055437,1.8851815
2018,16,2018-12-23,2018_16_JAX_MIA,JAX,-0.26448244,0.6330285142894793,27.874884,1.7276058
2018,17,2018-12-30,2018_17_JAX_HOU,JAX,-0.8602619,0.6464610539720189,25.349127,1.4048785
2019,1,2019-09-08,2019_01_KC_JAX,JAX,,,,
2019,2,2019-09-15,2019_02_JAX_HOU,JAX,,,,
2019,3,2019-09-19,2019_03_TEN_JAX,JAX,,,,
2019,4,2019-09-29,2019_04_JAX_DEN,JAX,,,,
2019,5,2019-10-06,2019_05_JAX_CAR,JAX,,,,
2019,6,2019-10-13,2019_06_NO_JAX,JAX,,,,
2019,7,2019-10-20,2019_07_JAX_CIN,JAX,0.14204209,0.5916157558771196,33.21457,1.8530303
2019,8,2019-10-27,2019_08_NYJ_JAX,JAX,-0.4429183,0.6230499962399313,28.495522,1.3887447
2019,9,2019-11-03,2019_09_HOU_JAX,JAX,-0.49742147,0.6388888921924636,27.267082,1.3840827
2019,11,2019-11-17,2019_11_JAX_IND,JAX,-0.15349527,0.603625382553954,28.9489,1.7113553
2019,12,2019-11-24,2019_12_JAX_TEN,JAX,-0.007127265,0.6060258755794471,30.086432,1.87336
2019,13,2019-12-01,2019_13_TB_JAX,JAX,0.19627519,0.5944518015053729,30.419764,2.0528471
2019,14,2019-12-08,2019_14_LAC_JAX,JAX,0.15651105,0.5935224530760245,29.050531,2.1182318
2019,15,2019-12-15,2019_15_JAX_OAK,JAX,0.886965,0.5549375393125393,34.336246,2.6658509
2019,16,2019-12-22,2019_16_JAX_ATL,JAX,1.1112918,0.5191825535575535,37.646503,2.7402098
2019,17,2019-12-29,2019_17_IND_JAX,JAX,0.99462795,0.5201540925404562,38.661655,2.670513
2020,1,2020-09-13,2020_01_IND_JAX,JAX,,,,
2020,2,2020-09-20,2020_02_JAX_TEN,JAX,,,,
2020,3,2020-09-24,2020_03_MIA_JAX,JAX,,,,
2020,4,2020-10-04,2020_04_JAX_CIN,JAX,,,,
2020,5,2020-10-11,2020_05_JAX_HOU,JAX,,,,
2020,6,2020-10-18,2020_06_DET_JAX,JAX,,,,
2020,7,2020-10-25,2020_07_JAX_LAC,JAX,1.1701951,0.5581126391049148,40.898315,2.9521885
2020,9,2020-11-08,2020_09_HOU_JAX,JAX,1.0817912,0.5678182480168729,38.419483,3.0461037
2020,10,2020-11-15,2020_10_JAX_GB,JAX,0.90581685,0.5809154213591444,37.713924,2.871104
2020,11,2020-11-22,2020_11_PIT_JAX,JAX,0.57061684,0.5931900448837678,37.878025,2.6621296
2020,12,2020-11-29,2020_12_CLE_JAX,JAX,0.37857842,0.5996712320467732,35.008564,2.5082834
2020,13,2020-12-06,2020_13_JAX_MIN,JAX,0.47187057,0.5930994293638594,35.408566,2.5082834
2020,14,2020-12-13,2020_14_TEN_JAX,JAX,0.1330439,0.5892326180396618,33.6775,2.2535486
2020,15,2020-12-20,2020_15_JAX_BAL,JAX,0.40880856,0.5592714416499139,34.794384,2.2589598
2020,16,2020-12-27,2020_16_CHI_JAX,JAX,0.63954777,0.5561739989691379,36.416607,2.5172932
2020,17,2021-01-03,2020_17_JAX_IND,JAX,1.0806848,0.537094236139375,36.783062,2.779045
2021,1,2021-09-12,2021_01_JAX_HOU,JAX,,,,
2021,2,2021-09-19,2021_02_DEN_JAX,JAX,,,,
2021,3,2021-09-26,2021_03_ARI_JAX,JAX,,,,
2021,4,2021-09-30,2021_04_JAX_CIN,JAX,,,,
2021,5,2021-10-10,2021_05_TEN_JAX,JAX,,,,
2021,6,2021-10-17,2021_06_MIA_JAX,JAX,,,,
2021,8,2021-10-31,2021_08_JAX_SEA,JAX,0.8025368,0.5620924173747576,37.469734,2.4003246
2021,9,2021-11-07,2021_09_BUF_JAX,JAX,0.86086774,0.5495520476915309,35.941162,2.476515
2021,10,2021-11-14,2021_10_JAX_IND,JAX,0.4693241,0.559261558158617,35.484932,2.2391415
2021,11,2021-11-21,2021_11_SF_JAX,JAX,0.33584738,0.5803159667130254,33.61421,2.1098678
2021,12,2021-11-28,2021_12_ATL_JAX,JAX,0.50700057,0.5823033870579338,32.003094,2.220979
2021,13,2021-12-05,2021_13_JAX_LA,JAX,0.35562253,0.6008407293452761,31.403097,2.0543125
2021,14,2021-12-12,2021_14_JAX_TEN,JAX,0.6442872,0.5687931609006488,31.839457,2.3679488
2021,15,2021-12-19,2021_15_HOU_JAX,JAX,0.42894354,0.5911717082791962,32.00764,2.1543124
2021,16,2021-12-26,2021_16_JAX_NYJ,JAX,0.79392177,0.5815209707775815,30.691141,2.4977467
2021,17,2022-01-02,2021_17_JAX_NE,JAX,1.1245056,0.5489365798598572,33.816498,2.7612793
2021,18,2022-01-09,2021_18_IND_JAX,JAX,1.1871461,0.5164275206599768,35.499832,3.039057
2022,1,2022-09-11,2022_01_JAX_WAS,JAX,,,,
2022,2,2022-09-18,2022_02_IND_JAX,JAX,,,,
2022,3,2022-09-25,2022_03_JAX_LAC,JAX,,,,
2022,4,2022-10-02,2022_04_JAX_PHI,JAX,,,,
2022,5,2022-10-09,2022_05_HOU_JAX,JAX,,,,
2022,6,2022-10-16,2022_06_JAX_IND,JAX,,,,
2022,7,2022-10-23,2022_07_NYG_JAX,JAX,-0.36058655,0.6942143016448572,30.916918,1.7416667
2022,8,2022-10-30,2022_08_DEN_JAX,JAX,-0.1596365,0.6573915950304839,34.55581,1.8319445
2022,9,2022-11-06,2022_09_LV_JAX,JAX,0.1818065,0.6361892634114855,35.850002,2.1236112
2022,10,2022-11-13,2022_10_JAX_KC,JAX,0.56359226,0.6207615661087883,36.0,2.2902777
2022,12,2022-11-27,2022_12_BAL_JAX,JAX,0.74183017,0.608872259427815,37.794193,2.296591
2022,13,2022-12-04,2022_13_JAX_DET,JAX,0.8550458,0.5876300988106543,39.97904,2.4890153
2022,14,2022-12-11,2022_14_JAX_TEN,JAX,0.98103505,0.5709501224084557,40.804966,2.6630893
2022,15,2022-12-18,2022_15_DAL_JAX,JAX,0.5859156,0.5893971846055179,36.804966,2.489478
2022,16,2022-12-22,2022_16_JAX_NYJ,JAX,0.6564608,0.5690680538597205,37.721634,2.6700337
2022,17,2023-01-01,2022_17_JAX_HOU,JAX,0.3017483,0.5773563777362797,36.15497,2.3867004
2022,18,2023-01-07,2022_18_TEN_JAX,JAX,-0.2536002,0.6128741007540027,32.342613,2.016071
2023,1,2023-09-10,2023_01_JAX_IND,JAX,,,,
2023,2,2023-09-17,2023_02_KC_JAX,JAX,,,,
2023,3,2023-09-24,2023_03_HOU_JAX,JAX,,,,
2023,4,2023-10-01,2023_04_ATL_JAX,JAX,,,,
2023,5,2023-10-08,2023_05_JAX_BUF,JAX,,,,
2023,6,2023-10-15,2023_06_IND_JAX,JAX,,,,
2023,7,2023-10-19,2023_07_JAX_NO,JAX,-0.38793835,0.6366071876232304,30.01725,1.6614608
2023,8,2023-10-29,2023_08_JAX_PIT,JAX,-0.1660878,0.626867231811846,31.775187,1.7805084
2023,10,2023-11-12,2023_10_SF_JAX,JAX,-0.3987025,0.6308427239123382,28.750185,1.6360639
2023,11,2023-11-19,2023_11_TEN_JAX,JAX,-0.36361524,0.6345107730349328,29.825943,1.5906094
2023,12,2023-11-26,2023_12_JAX_HOU,JAX,-0.096585594,0.6462181243256174,29.394463,1.733202
2023,13,2023-12-04,2023_13_CIN_JAX,JAX,-0.2546942,0.6415043196118128,29.87224,1.8054242
2023,14,2023-12-10,2023_14_JAX_CLE,JAX,0.09476918,0.6277375127077508,32.153225,2.0212362
2023,15,2023-12-17,2023_15_BAL_JAX,JAX,0.13117535,0.61822832441705,31.0979,2.0394433
2023,16,2023-12-24,2023_16_JAX_TB,JAX,0.40322122,0.5887676230813486,34.072903,2.2838879
2023,17,2023-12-31,2023_17_CAR_JAX,JAX,0.2262611,0.6079091297228553,32.527447,2.2232819
2023,18,2024-01-07,2023_18_JAX_TEN,JAX,-0.257314,0.6119269220249612,30.242262,1.9640225
2024,1,2024-09-08,2024_01_JAX_MIA,JAX,,,,
2024,2,2024-09-15,2024_02_CLE_JAX,JAX,,,,
2024,3,2024-09-23,2024_03_JAX_BUF,JAX,,,,
2024,4,2024-09-29,2024_04_JAX_HOU,JAX,,,,
2024,5,2024-10-06,2024_05_IND_JAX,JAX,,,,
2024,6,2024-10-13,2024_06_JAX_CHI,JAX,,,,
2024,7,2024-10-20,2024_07_NE_JAX,JAX,1.2236732,0.5526459375392488,37.22471,2.8018906
2024,8,2024-10-27,2024_08_GB_JAX,JAX,1.2038035,0.5595232423332203,36.627064,2.7951567
2024,9,2024-11-03,2024_09_JAX_PHI,JAX,1.2774667,0.5536196748283455,36.537323,2.8834755
2024,10,2024-11-10,2024_10_MIN_JAX,JAX,0.8472635,0.5671025808112515,35.801426,2.4591167
2024,11,2024-11-17,2024_11_JAX_DET,JAX,0.68303925,0.5649762259139988,35.251423,2.259117
2024,13,2024-12-01,2024_13_HOU_JAX,JAX,1.2269547,0.524489829843932,41.4651,2.7861824
2024,14,2024-12-08,2024_14_JAX_TEN,JAX,0.9755123,0.5350865710656731,40.187828,2.551334
2024,15,2024-12-15,2024_15_NYJ_JAX,JAX,0.8718627,0.5451310518209382,39.7619,2.3661487
2024,16,2024-12-22,2024_16_JAX_LV,JAX,1.0942234,0.5506937298836163,41.051647,2.5148666
2024,17,2024-12-29,2024_17_TEN_JAX,JAX,0.9247671,0.5615301157200022,39.346516,2.399482
2024,18,2025-01-05,2024_18_JAX_IND,JAX,0.9673362,0.5611887184620028,39.667347,2.4703152
2016,1,2016-09-11,2016_01_SD_KC,KC,,,,
2016,2,2016-09-18,2016_02_KC_HOU,KC,,,,
2016,3,2016-09-25,2016_03_NYJ_KC,KC,,,,
2016,4,2016-10-02,2016_04_KC_PIT,KC,,,,
2016,6,2016-10-16,2016_06_KC_OAK,KC,,,,
2016,7,2016-10-23,2016_07_NO_KC,KC,,,,
2016,8,2016-10-30,2016_08_KC_IND,KC,-0.42223892,0.582134820846942,32.270725,1.7145938
2016,9,2016-11-06,2016_09_JAX_KC,KC,-0.7061865,0.5998461218915764,30.433115,1.519081
2016,10,2016-11-13,2016_10_KC_CAR,KC,-0.7422447,0.6015941038478917,32.490658,1.4873348
2016,11,2016-11-20,2016_11_TB_KC,KC,-0.35869923,0.6144914758361728,32.605556,1.6779914
2016,12,2016-11-27,2016_12_KC_DEN,KC,-0.4232581,0.5990154587976558,36.198505,1.5225426
2016,13,2016-12-04,2016_13_KC_ATL,KC,-0.09887073,0.627811028307511,36.60406,1.655876
2016,14,2016-12-08,2016_14_OAK_KC,KC,-0.089289814,0.6226526784269389,36.62813,1.8243946
2016,15,2016-12-18,2016_15_TEN_KC,KC,-0.13381138,0.6211183467455484,36.20506,1.811574
2016,16,2016-12-25,2016_16_DEN_KC,KC,0.05413905,0.6198210329482347,35.371723,1.8810185
2016,17,2017-01-01,2016_17_KC_SD,KC,-0.08742861,0.6111319106227486,33.78946,1.7731127
2017,1,2017-09-07,2017_01_KC_NE,KC,,,,
2017,2,2017-09-17,2017_02_PHI_KC,KC,,,,
2017,3,2017-09-24,2017_03_KC_LAC,KC,,,,
2017,4,2017-10-02,2017_04_WAS_KC,KC,,,,
2017,5,2017-10-08,2017_05_KC_HOU,KC,,,,
2017,6,2017-10-15,2017_06_PIT_KC,KC,,,,
2017,7,2017-10-19,2017_07_KC_OAK,KC,0.026126452,0.6280754042334129,33.208584,1.8391052
2017,8,2017-10-30,2017_08_DEN_KC,KC,0.3153666,0.6209143311794828,37.208584,2.0343435
2017,9,2017-11-05,2017_09_KC_DAL,KC,0.08173498,0.6299595248025984,35.390404,1.9575037
2017,11,2017-11-19,2017_11_KC_NYG,KC,0.5289348,0.6196715804237449,37.33485,2.324507
2017,12,2017-11-26,2017_12_BUF_KC,KC,0.3494321,0.6378329560851206,36.22096,2.1578403
2017,13,2017-12-03,2017_13_KC_NYJ,KC,0.15957429,0.6446993743297439,34.184635,1.8907462
2017,14,2017-12-10,2017_14_OAK_KC,KC,0.49598387,0.6323451502709744,35.699787,2.2665038
2017,15,2017-12-16,2017_15_LAC_KC,KC,0.035708994,0.6524831604089845,31.03312,1.9581705
2017,16,2017-12-24,2017_16_MIA_KC,KC,0.096761376,0.6462234809350194,31.351301,1.9289497
2017,17,2017-12-31,2017_17_KC_DEN,KC,-0.33260694,0.6613208835324219,29.63413,1.6074009
2018,1,2018-09-09,2018_01_KC_LAC,KC,,,,
2018,2,2018-09-16,2018_02_KC_PIT,KC,,,,
2018,3,2018-09-23,2018_03_SF_KC,KC,,,,
2018,4,2018-10-01,2018_04_KC_DEN,KC,,,,
2018,5,2018-10-07,2018_05_JAX_KC,KC,,,,
2018,6,2018-10-14,2018_06_KC_NE,KC,,,,
2018,7,2018-10-21,2018_07_CIN_KC,KC,0.7075359,0.5656360371272652,42.771465,2.5853536
2018,8,2018-10-28,2018_08_DEN_KC,KC,0.37316808,0.5886858631182675,38.1351,2.3126261
2018,9,2018-11-04,2018_09_KC_CLE,KC,0.18865818,0.5827864770105481,37.218433,2.1459596
2018,10,2018-11-11,2018_10_ARI_KC,KC,0.0035990514,0.5742224830664373,36.848064,2.0348485
2018,11,2018-11-19,2018_11_KC_LA,KC,-0.15966561,0.5870110833550376,34.370792,1.8636364
2018,13,2018-12-02,2018_13_KC_OAK,KC,0.13346095,0.586636628017347,31.859354,2.0809567
2018,14,2018-12-09,2018_14_BAL_KC,KC,-0.05709493,0.6097584432865982,30.581575,1.9068112
2018,15,2018-12-13,2018_15_LAC_KC,KC,0.21531229,0.5845086413456198,32.310364,2.155296
2018,16,2018-12-23,2018_16_KC_SEA,KC,0.54377955,0.6070121409324527,34.176105,2.3728888
2018,17,2018-12-30,2018_17_OAK_KC,KC,0.74252033,0.6180623689965697,33.435364,2.5117776
2019,1,2019-09-08,2019_01_KC_JAX,KC,,,,
2019,2,2019-09-15,2019_02_KC_OAK,KC,,,,
2019,3,2019-09-22,2019_03_BAL_KC,KC,,,,
2019,4,2019-09-29,2019_04_KC_DET,KC,,,,
2019,5,2019-10-06,2019_05_IND_KC,KC,,,,
2019,6,2019-10-13,2019_06_HOU_KC,KC,,,,
2019,7,2019-10-17,2019_07_KC_DEN,KC,0.3741866,0.5757580517373299,38.46562,2.2694638
2019,8,2019-10-27,2019_08_GB_KC,KC,-0.14215522,0.6078166412959193,33.96049,1.9130535
2019,9,2019-11-03,2019_09_MIN_KC,KC,0.25425518,0.5932497309335545,35.54231,2.2782052
2019,10,2019-11-10,2019_10_KC_TEN,KC,-0.0033668594,0.605752887499211,32.286755,2.1309829
2019,11,2019-11-18,2019_11_KC_LAC,KC,0.17012142,0.5954830647293883,31.73654,2.1491454
2019,13,2019-12-01,2019_13_OAK_KC,KC,0.062306672,0.6228291677004912,32.330982,2.0685897
2019,14,2019-12-08,2019_14_KC_NE,KC,-0.49689174,0.6397206458664793,30.579132,1.7185898
2019,15,2019-12-15,2019_15_DEN_KC,KC,-0.30728567,0.6184045005920006,31.812037,1.8638889
2019,16,2019-12-22,2019_16_KC_CHI,KC,-0.807101,0.6443284724534725,30.80787,1.4097222
2019,17,2019-12-29,2019_17_LAC_KC,KC,-1.0191417,0.6340993208180709,31.405092,1.1527778
2020,1,2020-09-10,2020_01_HOU_KC,KC,,,,
2020,2,2020-09-20,2020_02_KC_LAC,KC,,,,
2020,3,2020-09-28,2020_03_KC_BAL,KC,,,,
2020,4,2020-10-05,2020_04_NE_KC,KC,,,,
2020,5,2020-10-11,2020_05_LV_KC,KC,,,,
2020,6,2020-10-19,2020_06_KC_BUF,KC,,,,
2020,7,2020-10-25,2020_07_KC_DEN,KC,0.31307995,0.5866184703951985,33.40825,1.9983164
2020,8,2020-11-01,2020_08_NYJ_KC,KC,-0.046875034,0.5878128007561957,32.010815,1.8330745
2020,9,2020-11-08,2020_09_CAR_KC,KC,-0.21330851,0.5922189112149376,28.101723,1.6664076
2020,11,2020-11-22,2020_11_KC_LV,KC,0.08883662,0.5823915565643507,32.702732,1.9374514
2020,12,2020-11-29,2020_12_KC_TB,KC,0.6142092,0.5683145085820739,34.03438,2.3600104
2020,13,2020-12-06,2020_13_DEN_KC,KC,0.44848707,0.5859770736404722,33.54701,2.168091
2020,14,2020-12-13,2020_14_KC_MIA,KC,0.48030654,0.5960255037869416,35.843304,2.1495726
2020,15,2020-12-20,2020_15_KC_NO,KC,0.6824622,0.5944831638517446,34.94312,2.265873
2020,16,2020-12-27,2020_16_ATL_KC,KC,0.7874754,0.6067439189696426,34.98749,2.4747474
2020,17,2021-01-03,2020_17_LAC_KC,KC,0.47546256,0.6157905770440785,33.048603,2.1340067
2021,1,2021-09-12,2021_01_CLE_KC,KC,,,,
2021,2,2021-09-19,2021_02_KC_BAL,KC,,,,
2021,3,2021-09-26,2021_03_LAC_KC,KC,,,,
2021,4,2021-10-03,2021_04_KC_PHI,KC,,,,
2021,5,2021-10-10,2021_05_BUF_KC,KC,,,,
2021,6,2021-10-17,2021_06_KC_WAS,KC,,,,
2021,7,2021-10-24,2021_07_KC_TEN,KC,1.035678,0.5640129165634217,41.180935,2.8324916
2021,8,2021-11-01,2021_08_NYG_KC,KC,1.0589112,0.5629611648172254,39.514267,2.7954547
2021,9,2021-11-07,2021_09_GB_KC,KC,0.83778447,0.5864014660984358,36.771843,2.5075758
2021,10,2021-11-14,2021_10_KC_LV,KC,0.48968384,0.6031281870898626,35.888508,2.1242425
2021,11,2021-11-21,2021_11_DAL_KC,KC,-0.03346264,0.6383434348051104,31.267677,1.7325758
2021,13,2021-12-05,2021_13_DEN_KC,KC,-0.45481214,0.6540731526181615,29.045456,1.4131312
2021,14,2021-12-12,2021_14_LV_KC,KC,-0.43300366,0.6327687163137252,31.945456,1.3825756
2021,15,2021-12-16,2021_15_KC_LAC,KC,-1.0100081,0.6480247719864476,29.945456,1.0325757
2021,16,2021-12-26,2021_16_PIT_KC,KC,-0.9055783,0.6221330584810977,31.88485,1.1992425
2021,17,2022-01-02,2021_17_KC_CIN,KC,-1.0696105,0.6183246180395304,31.459091,1.2340909
2021,18,2022-01-08,2021_18_KC_DEN,KC,-0.52957636,0.592289850338096,35.272053,1.6303872
2022,1,2022-09-11,2022_01_KC_ARI,KC,,,,
2022,2,2022-09-15,2022_02_LAC_KC,KC,,,,
2022,3,2022-09-25,2022_03_KC_IND,KC,,,,
2022,4,2022-10-02,2022_04_KC_TB,KC,,,,
2022,5,2022-10-10,2022_05_LV_KC,KC,,,,
2022,6,2022-10-16,2022_06_BUF_KC,KC,,,,
2022,7,2022-10-23,2022_07_KC_SF,KC,0.50099087,0.6062607118459763,33.877018,2.3612795
2022,9,2022-11-06,2022_09_TEN_KC,KC,0.5614653,0.5896482492442089,36.30126,2.3915825
2022,10,2022-11-13,2022_10_JAX_KC,KC,0.47997138,0.6111018727811657,33.667713,2.276198
2022,11,2022-11-20,2022_11_KC_LAC,KC,0.43225107,0.6078487352576932,34.5162,2.2307434
2022,12,2022-11-27,2022_12_LA_KC,KC,0.470278,0.5999230498320078,34.902565,2.2110465
2022,13,2022-12-04,2022_13_KC_CIN,KC,0.07875877,0.6281745175605998,31.202562,1.840676
2022,14,2022-12-11,2022_14_KC_DEN,KC,0.242432,0.6138751595112417,32.798397,2.003176
2022,15,2022-12-18,2022_15_KC_HOU,KC,0.111012615,0.6256382059632833,30.173689,2.0136654
2022,16,2022-12-24,2022_16_SEA_KC,KC,0.14596216,0.6252844248496984,30.045485,2.103409
2022,17,2023-01-01,2022_17_DEN_KC,KC,-0.00742769,0.641425603765,29.897757,1.9847223
2022,18,2023-01-07,2022_18_KC_LV,KC,-0.07145845,0.6534315260834224,28.078314,1.8680555
2023,1,2023-09-07,2023_01_DET_KC,KC,,,,
2023,2,2023-09-17,2023_02_KC_JAX,KC,,,,
2023,3,2023-09-24,2023_03_CHI_KC,KC,,,,
2023,4,2023-10-01,2023_04_KC_NYJ,KC,,,,
2023,5,2023-10-08,2023_05_KC_MIN,KC,,,,
2023,6,2023-10-12,2023_06_DEN_KC,KC,,,,
2023,7,2023-10-22,2023_07_LAC_KC,KC,-0.71705514,0.6643595900163414,27.89255,1.3340908
2023,8,2023-10-29,2023_08_KC_DEN,KC,-0.6128219,0.6703856241673756,28.20568,1.3833333
2023,9,2023-11-05,2023_09_MIA_KC,KC,-0.4908136,0.6552830499738923,27.735985,1.6106061
2023,11,2023-11-20,2023_11_PHI_KC,KC,-0.2723128,0.6292809039717463,28.776894,1.6560606
2023,12,2023-11-26,2023_12_KC_LV,KC,-0.3016831,0.6267751920910344,26.961237,1.6750001
2023,13,2023-12-03,2023_13_KC_GB,KC,-0.45919892,0.634608806597443,26.073738,1.5416666
2023,14,2023-12-10,2023_14_BUF_KC,KC,0.1471269,0.6175663583049947,30.715403,1.9708333
2023,15,2023-12-17,2023_15_KC_NE,KC,0.060025662,0.6152214809601172,30.245707,2.016288
2023,16,2023-12-25,2023_16_LV_KC,KC,-0.19943924,0.6349669411276554,29.061724,1.8550324
2023,17,2023-12-31,2023_17_CIN_KC,KC,-0.25851175,0.6555474601456744,27.512482,1.7540225
2023,18,2024-01-07,2023_18_KC_LAC,KC,-0.21998383,0.6681838202452698,28.590258,1.745689
2024,1,2024-09-05,2024_01_BAL_KC,KC,,,,
2024,2,2024-09-15,2024_02_CIN_KC,KC,,,,
2024,3,2024-09-22,2024_03_KC_ATL,KC,,,,
2024,4,2024-09-29,2024_04_KC_LAC,KC,,,,
2024,5,2024-10-07,2024_05_NO_KC,KC,,,,
2024,7,2024-10-20,2024_07_KC_SF,KC,,,,
2024,8,2024-10-27,2024_08_KC_LV,KC,-0.4032707,0.6070409475155464,30.14697,1.689394
2024,9,2024-11-04,2024_09_TB_KC,KC,-0.4936951,0.6194401378314034,26.83586,1.726431
2024,10,2024-11-10,2024_10_DEN_KC,KC,-0.38999757,0.6360457698537022,26.761786,1.7542087
2024,11,2024-11-17,2024_11_KC_BUF,KC,-0.4002559,0.6383916728613698,26.393265,1.7301346
2024,12,2024-11-24,2024_12_KC_CAR,KC,0.07687327,0.6215867648064618,28.759933,2.063468
2024,13,2024-11-29,2024_13_LV_KC,KC,0.3840858,0.5908297902994873,31.315489,2.3468015
2024,14,2024-12-08,2024_14_LAC_KC,KC,0.4377582,0.5851020584353918,33.194275,2.3316498
2024,15,2024-12-15,2024_15_KC_CLE,KC,0.60673153,0.5934868320979433,34.305386,2.2760942
2024,16,2024-12-21,2024_16_HOU_KC,KC,0.12772739,0.5852322339623927,32.212795,1.9149832
2024,17,2024-12-25,2024_17_KC_PIT,KC,0.22537053,0.5803333776746474,33.157238,2.0075758
2024,18,2025-01-05,2024_18_KC_DEN,KC,-0.15766211,0.5750362926048352,32.57239,1.6590909
2016,1,2016-09-12,2016_01_LA_SF,LA,,,,
2016,2,2016-09-18,2016_02_SEA_LA,LA,,,,
2016,3,2016-09-25,2016_03_LA_TB,LA,,,,
2016,4,2016-10-02,2016_04_LA_ARI,LA,,,,
2016,5,2016-10-09,2016_05_BUF_LA,LA,,,,
2016,6,2016-10-16,2016_06_LA_DET,LA,,,,
2016,7,2016-10-23,2016_07_NYG_LA,LA,0.011579956,0.6200624659343147,31.848017,1.8525795
2016,9,2016-11-06,2016_09_CAR_LA,LA,-0.061085094,0.6096505564152622,30.800398,1.6501985
2016,10,2016-11-13,2016_10_LA_NYJ,LA,-0.018112384,0.6117703905506466,29.397367,1.7971681
2016,11,2016-11-20,2016_11_MIA_LA,LA,-0.0984262,0.6293907932359843,28.263168,1.5785533
2016,12,2016-11-27,2016_12_LA_NO,LA,-0.014132746,0.6395802180087425,25.506758,1.5774851
2016,13,2016-12-04,2016_13_LA_NE,LA,0.20368207,0.6395288033739945,28.38603,1.8723569
2016,14,2016-12-11,2016_14_ATL_LA,LA,-0.13415885,0.6458595877427046,26.289877,1.5598569
2016,15,2016-12-15,2016_15_LA_SEA,LA,-0.019616159,0.6262351116896571,26.70575,1.7622377
2016,16,2016-12-24,2016_16_SF_LA,LA,0.14893402,0.6307307299553289,27.992113,1.9652681
2016,17,2017-01-01,2016_17_ARI_LA,LA,0.23417985,0.6125523360082183,27.376312,2.1362638
2017,1,2017-09-10,2017_01_IND_LA,LA,,,,
2017,2,2017-09-17,2017_02_WAS_LA,LA,,,,
2017,3,2017-09-21,2017_03_LA_SF,LA,,,,
2017,4,2017-10-01,2017_04_LA_DAL,LA,,,,
2017,5,2017-10-08,2017_05_SEA_LA,LA,,,,
2017,6,2017-10-15,2017_06_LA_JAX,LA,,,,
2017,7,2017-10-22,2017_07_ARI_LA,LA,-0.1993109,0.6582312695305237,28.7848,1.9166001
2017,9,2017-11-05,2017_09_LA_NYG,LA,-0.2793407,0.6604534917527459,29.551466,1.8166002
2017,10,2017-11-12,2017_10_HOU_LA,LA,-0.5959459,0.678554624626606,27.807877,1.6254579
2017,11,2017-11-19,2017_11_LA_MIN,LA,-1.0201074,0.6996590376427839,26.038645,1.2152015
2017,12,2017-11-26,2017_12_NO_LA,LA,-1.0854142,0.6849662456280102,26.221977,1.1152015
2017,13,2017-12-03,2017_13_LA_ARI,LA,-0.86669874,0.6705234172145937,28.374659,1.2131037
2017,14,2017-12-10,2017_14_PHI_LA,LA,-0.9917379,0.6862676652505084,27.979818,1.2329448
2017,15,2017-12-17,2017_15_LA_SEA,LA,-0.422093,0.6651351495430938,30.546484,1.7073039
2017,16,2017-12-24,2017_16_LA_TEN,LA,-0.64532584,0.6799547435293546,28.112295,1.567133
2017,17,2017-12-31,2017_17_SF_LA,LA,-0.43807212,0.657533190409272,29.567423,1.7135004
2018,1,2018-09-10,2018_01_LA_OAK,LA,,,,
2018,2,2018-09-16,2018_02_ARI_LA,LA,,,,
2018,3,2018-09-23,2018_03_LAC_LA,LA,,,,
2018,4,2018-09-27,2018_04_MIN_LA,LA,,,,
2018,5,2018-10-07,2018_05_LA_SEA,LA,,,,
2018,6,2018-10-14,2018_06_LA_DEN,LA,,,,
2018,7,2018-10-21,2018_07_LA_SF,LA,-0.09062827,0.630983293735819,33.965153,1.969697
2018,8,2018-10-28,2018_08_GB_LA,LA,-0.2951217,0.6443579311634867,31.14697,1.9116162
2018,9,2018-11-04,2018_09_LA_NO,LA,0.17281967,0.6307488550544106,33.466198,2.25777
2018,10,2018-11-11,2018_10_SEA_LA,LA,0.41849044,0.6235575334691495,34.252396,2.513662
2018,11,2018-11-19,2018_11_KC_LA,LA,0.4609028,0.6168292617408779,34.364517,2.560632
2018,13,2018-12-02,2018_13_LA_DET,LA,0.29958388,0.5946269141913081,33.14461,2.4553077
2018,14,2018-12-09,2018_14_LA_CHI,LA,0.12748033,0.6043731864375803,32.041073,2.3744998
2018,15,2018-12-16,2018_15_PHI_LA,LA,0.23299974,0.5984443544670818,32.95774,2.4161665
2018,16,2018-12-23,2018_16_LA_ARI,LA,0.26395682,0.5723467252444525,33.646843,2.4866793
2018,17,2018-12-30,2018_17_SF_LA,LA,-0.18820858,0.5958960715210715,31.138426,1.9715277
2019,1,2019-09-08,2019_01_LA_CAR,LA,,,,
2019,2,2019-09-15,2019_02_NO_LA,LA,,,,
2019,3,2019-09-22,2019_03_LA_CLE,LA,,,,
2019,4,2019-09-29,2019_04_TB_LA,LA,,,,
2019,5,2019-10-03,2019_05_LA_SEA,LA,,,,
2019,6,2019-10-13,2019_06_SF_LA,LA,,,,
2019,7,2019-10-20,2019_07_LA_ATL,LA,-0.26751924,0.6269575926610069,28.231255,1.9700855
2019,8,2019-10-27,2019_08_CIN_LA,LA,-0.42384395,0.6478343589923187,27.227758,1.7754468
2019,10,2019-11-10,2019_10_LA_PIT,LA,-0.18212062,0.640685449771217,30.956717,1.8242683
2019,11,2019-11-17,2019_11_CHI_LA,LA,-0.25312427,0.6522293286864195,29.709557,1.741882
2019,12,2019-11-25,2019_12_BAL_LA,LA,-0.85722876,0.6804375520869504,27.469172,1.210899
2019,13,2019-12-01,2019_13_LA_ARI,LA,-0.32582495,0.6640481287530827,30.85806,1.659617
2019,14,2019-12-08,2019_14_SEA_LA,LA,-0.5322388,0.684611593066547,29.01084,1.4790615
2019,15,2019-12-15,2019_15_LA_DAL,LA,-0.39237022,0.6796432659391289,30.283564,1.4184555
2019,16,2019-12-21,2019_16_LA_SF,LA,-0.016736,0.6534313242860109,30.05461,1.8999368
2019,17,2019-12-29,2019_17_ARI_LA,LA,0.2438758,0.633463469719942,31.18705,2.118687
2020,1,2020-09-13,2020_01_DAL_LA,LA,,,,
2020,2,2020-09-20,2020_02_LA_PHI,LA,,,,
2020,3,2020-09-27,2020_03_LA_BUF,LA,,,,
2020,4,2020-10-04,2020_04_NYG_LA,LA,,,,
2020,5,2020-10-11,2020_05_LA_WAS,LA,,,,
2020,6,2020-10-18,2020_06_LA_SF,LA,,,,
2020,7,2020-10-26,2020_07_CHI_LA,LA,-0.21819794,0.6055685473074864,30.843706,1.8251748
2020,8,2020-11-01,2020_08_LA_MIA,LA,-0.4590485,0.6223305121944513,28.385374,1.597397
2020,10,2020-11-15,2020_10_SEA_LA,LA,-0.6847457,0.6399308458885351,23.845789,1.4473971
2020,11,2020-11-23,2020_11_LA_TB,LA,-1.0381874,0.6472454345920128,23.14579,1.1307304
2020,12,2020-11-29,2020_12_SF_LA,LA,-0.88761705,0.6421982364198145,21.447073,1.2884227
2020,13,2020-12-06,2020_13_LA_ARI,LA,-0.8969613,0.6381170545141134,23.656206,1.3373009
2020,14,2020-12-10,2020_14_NE_LA,LA,-1.071022,0.6366587860215311,20.969337,1.3625535
2020,15,2020-12-20,2020_15_NYJ_LA,LA,-1.1359798,0.633021219883965,20.149893,1.3486646
2020,16,2020-12-27,2020_16_LA_SEA,LA,-1.0006338,0.6434532830859145,23.018265,1.5304826
2020,17,2021-01-03,2020_17_ARI_LA,LA,-0.8852043,0.6679565912255864,21.892508,1.5668464
2021,1,2021-09-12,2021_01_CHI_LA,LA,,,,
2021,2,2021-09-19,2021_02_LA_IND,LA,,,,
2021,3,2021-09-26,2021_03_TB_LA,LA,,,,
2021,4,2021-10-03,2021_04_ARI_LA,LA,,,,
2021,5,2021-10-07,2021_05_LA_SEA,LA,,,,
2021,6,2021-10-17,2021_06_LA_NYG,LA,,,,
2021,7,2021-10-24,2021_07_DET_LA,LA,-0.08039681,0.5938561631269964,35.85505,1.9699496
2021,8,2021-10-31,2021_08_LA_HOU,LA,0.13743559,0.6006590336859944,36.8319,2.0301347
2021,9,2021-11-07,2021_09_TEN_LA,LA,0.087075196,0.6059065639335247,35.60463,2.0394588
2021,10,2021-11-15,2021_10_LA_SF,LA,-0.05048142,0.5919477796622404,30.86574,1.9450144
2021,12,2021-11-28,2021_12_LA_GB,LA,-0.20168377,0.5977113679258287,28.699074,1.7450142
2021,13,2021-12-05,2021_13_JAX_LA,LA,-0.15587617,0.6026296529036375,28.532408,1.866046
2021,14,2021-12-13,2021_14_LA_ARI,LA,-0.12004924,0.6054534494774341,27.864477,1.8193288
2021,15,2021-12-21,2021_15_SEA_LA,LA,-0.18788749,0.6116204215757787,26.95202,1.8159618
2021,16,2021-12-26,2021_16_LA_MIN,LA,-0.32220078,0.6242665254718827,26.35202,1.7005771
2021,17,2022-01-02,2021_17_LA_BAL,LA,-0.4324448,0.6373536505381744,28.671465,1.7144661
2021,18,2022-01-09,2021_18_SF_LA,LA,-0.6444964,0.6235375129720367,28.042677,1.4947691
2022,1,2022-09-08,2022_01_BUF_LA,LA,,,,
2022,2,2022-09-18,2022_02_ATL_LA,LA,,,,
2022,3,2022-09-25,2022_03_LA_ARI,LA,,,,
2022,4,2022-10-03,2022_04_LA_SF,LA,,,,
2022,5,2022-10-09,2022_05_DAL_LA,LA,,,,
2022,6,2022-10-16,2022_06_CAR_LA,LA,,,,
2022,8,2022-10-30,2022_08_SF_LA,LA,-0.49381188,0.6527861875778542,29.2173,1.592502
2022,9,2022-11-06,2022_09_LA_TB,LA,-0.2843754,0.6433716091007757,30.000635,1.7216686
2022,10,2022-11-13,2022_10_ARI_LA,LA,-0.25939947,0.6564416231323283,30.156813,1.638918
2022,11,2022-11-20,2022_11_LA_NO,LA,-0.13766257,0.656196112470151,27.912704,1.8257867
2022,12,2022-11-27,2022_12_LA_KC,LA,-0.091598995,0.6457465774372826,26.948814,1.9007868
2022,13,2022-12-04,2022_13_SEA_LA,LA,0.2659935,0.6025511154918207,32.98888,2.2373252
2022,14,2022-12-08,2022_14_LV_LA,LA,0.6659814,0.5835395714802766,36.549484,2.58581
2022,15,2022-12-19,2022_15_LA_GB,LA,0.34513414,0.5941013027017301,34.47541,2.236273
2022,16,2022-12-25,2022_16_DEN_LA,LA,0.5767757,0.577688489494045,36.723274,2.4755893
2022,17,2023-01-01,2022_17_LA_LAC,LA,0.30197993,0.5794871306676862,37.62479,2.2998316
2022,18,2023-01-08,2022_18_LA_SEA,LA,0.49122652,0.5669236910209133,41.12016,2.498906
2023,1,2023-09-10,2023_01_LA_SEA,LA,,,,
2023,2,2023-09-17,2023_02_SF_LA,LA,,,,
2023,3,2023-09-25,2023_03_LA_CIN,LA,,,,
2023,4,2023-10-01,2023_04_LA_IND,LA,,,,
2023,5,2023-10-08,2023_05_PHI_LA,LA,,,,
2023,6,2023-10-15,2023_06_ARI_LA,LA,,,,
2023,7,2023-10-22,2023_07_PIT_LA,LA,0.023268804,0.6109436705270038,32.253204,1.9079415
2023,8,2023-10-29,2023_08_LA_DAL,LA,0.09495699,0.6266216443489171,33.46533,2.0308373
2023,9,2023-11-05,2023_09_LA_GB,LA,0.1638019,0.6166192393465121,32.756992,2.0169485
2023,11,2023-11-19,2023_11_SEA_LA,LA,0.13171917,0.5995975264914659,34.22601,2.0511363
2023,12,2023-11-26,2023_12_LA_ARI,LA,0.10745784,0.6103611780445911,34.0101,1.9741162
2023,13,2023-12-03,2023_13_CLE_LA,LA,-0.34839568,0.6438107146191278,29.006311,1.7070707
2023,14,2023-12-10,2023_14_LA_BAL,LA,-0.28341022,0.6531270926855058,28.756311,1.8459597
2023,15,2023-12-17,2023_15_WAS_LA,LA,-0.13855232,0.6625560216948544,29.579905,1.8513708
2023,16,2023-12-21,2023_16_NO_LA,LA,-0.5136425,0.697040827012993,28.329905,1.6430374
2023,17,2023-12-31,2023_17_LA_NYG,LA,-0.47619462,0.7132314265369258,28.582685,1.7319264
2023,18,2024-01-07,2023_18_LA_SF,LA,-0.53539604,0.6979390034907434,28.804544,1.7156926
2024,1,2024-09-08,2024_01_LA_DET,LA,,,,
2024,2,2024-09-15,2024_02_LA_ARI,LA,,,,
2024,3,2024-09-22,2024_03_SF_LA,LA,,,,
2024,4,2024-09-29,2024_04_LA_CHI,LA,,,,
2024,5,2024-10-06,2024_05_GB_LA,LA,,,,
2024,7,2024-10-20,2024_07_LV_LA,LA,,,,
2024,8,2024-10-24,2024_08_MIN_LA,LA,0.56179535,0.5461724379584963,35.859726,2.5535872
2024,9,2024-11-03,2024_09_LA_SEA,LA,0.56404835,0.5639795944911431,35.470837,2.530018
2024,10,2024-11-11,2024_10_MIA_LA,LA,-0.07503093,0.6000228939658151,30.831947,1.9790922
2024,11,2024-11-17,2024_11_LA_NE,LA,-0.35746095,0.620121752222568,26.567636,1.8831326
2024,12,2024-11-24,2024_12_PHI_LA,LA,-0.30935523,0.6230289787409057,29.241713,1.89054
2024,13,2024-12-01,2024_13_LA_NO,LA,0.09076166,0.602599904448195,32.28868,2.1435702
2024,14,2024-12-08,2024_14_BUF_LA,LA,0.36915064,0.5775745351991267,35.078747,2.2429292
2024,15,2024-12-12,2024_15_LA_SF,LA,0.7136348,0.5493291694537609,38.208374,2.6503365
2024,16,2024-12-22,2024_16_LA_NYJ,LA,0.6866951,0.5594774779354027,36.68565,2.5329125
2024,17,2024-12-28,2024_17_ARI_LA,LA,0.51745313,0.5569058779953818,40.722443,2.3987134
2024,18,2025-01-05,2024_18_SEA_LA,LA,0.297778,0.5550006356040282,40.24837,2.141306
2016,1,2016-09-11,2016_01_SD_KC,LAC,,,,
2016,2,2016-09-18,2016_02_JAX_SD,LAC,,,,
2016,3,2016-09-25,2016_03_SD_IND,LAC,,,,
2016,4,2016-10-02,2016_04_NO_SD,LAC,,,,
2016,5,2016-10-09,2016_05_SD_OAK,LAC,,,,
2016,6,2016-10-13,2016_06_DEN_SD,LAC,,,,
2016,7,2016-10-23,2016_07_SD_ATL,LAC,-0.20241173,0.6263828116069012,29.142859,2.0575397
2016,8,2016-10-30,2016_08_SD_DEN,LAC,-0.36926034,0.6274560439301335,28.355463,1.9068986
2016,9,2016-11-06,2016_09_TEN_SD,LAC,-0.3952593,0.6314966601766322,26.566574,1.9457875
2016,10,2016-11-13,2016_10_MIA_SD,LAC,-0.3186697,0.6290635994102382,26.330465,2.0707877
2016,12,2016-11-27,2016_12_SD_HOU,LAC,-0.15789498,0.6014643798467328,27.737211,2.001343
2016,13,2016-12-04,2016_13_TB_SD,LAC,-0.36421558,0.6050406964132454,27.209433,1.7096764
2016,14,2016-12-11,2016_14_SD_CAR,LAC,-0.09053656,0.5776792846768337,29.440384,1.9215813
2016,15,2016-12-18,2016_15_OAK_SD,LAC,-0.101501495,0.5948199372341529,27.978846,1.9472222
2016,16,2016-12-24,2016_16_SD_CLE,LAC,0.06157426,0.5816222743306078,29.60612,2.0017676
2016,17,2017-01-01,2016_17_KC_SD,LAC,0.047212172,0.6050135435552103,27.633896,1.7934343
2017,1,2017-09-11,2017_01_LAC_DEN,LAC,,,,
2017,2,2017-09-17,2017_02_MIA_LAC,LAC,,,,
2017,3,2017-09-24,2017_03_KC_LAC,LAC,,,,
2017,4,2017-10-01,2017_04_PHI_LAC,LAC,,,,
2017,5,2017-10-08,2017_05_LAC_NYG,LAC,,,,
2017,6,2017-10-15,2017_06_LAC_OAK,LAC,,,,
2017,7,2017-10-22,2017_07_DEN_LAC,LAC,0.3877528,0.5851806346945235,31.788683,2.012001
2017,8,2017-10-29,2017_08_LAC_NE,LAC,0.040331975,0.5923814200203088,30.5483,1.6786677
2017,10,2017-11-12,2017_10_LAC_JAX,LAC,0.009228711,0.5813805282105936,31.221025,1.6801828
2017,11,2017-11-19,2017_11_BUF_LAC,LAC,-0.19333744,0.6186967931003878,29.95926,1.4762611
2017,12,2017-11-23,2017_12_LAC_DAL,LAC,-0.7906942,0.6367111703027993,26.590317,1.302472
2017,13,2017-12-03,2017_13_CLE_LAC,LAC,-0.9558344,0.6173659322075612,27.748055,1.1893768
2017,14,2017-12-10,2017_14_WAS_LAC,LAC,-0.9424451,0.632969477967357,29.65904,1.155286
2017,15,2017-12-16,2017_15_LAC_KC,LAC,-0.7931405,0.6261998586977376,29.018013,1.2450294
2017,16,2017-12-24,2017_16_LAC_NYJ,LAC,-0.6954505,0.6182505122925089,29.361954,1.4268476
2017,17,2017-12-31,2017_17_OAK_LAC,LAC,-0.7310068,0.5979629528242771,28.718163,1.308547
2018,1,2018-09-09,2018_01_KC_LAC,LAC,,,,
2018,2,2018-09-16,2018_02_LAC_BUF,LAC,,,,
2018,3,2018-09-23,2018_03_LAC_LA,LAC,,,,
2018,4,2018-09-30,2018_04_SF_LAC,LAC,,,,
2018,5,2018-10-07,2018_05_OAK_LAC,LAC,,,,
2018,6,2018-10-14,2018_06_LAC_CLE,LAC,,,,
2018,7,2018-10-21,2018_07_TEN_LAC,LAC,-0.037988823,0.579788961038961,32.19311,1.8871471
2018,9,2018-11-04,2018_09_LAC_SEA,LAC,-0.12026703,0.5692390466287526,35.290333,1.8385361
2018,10,2018-11-11,2018_10_LAC_OAK,LAC,-0.13366677,0.5455619611869612,36.249928,1.7716168
2018,11,2018-11-18,2018_11_DEN_LAC,LAC,-0.5464638,0.574646719021719,32.84993,1.3882834
2018,12,2018-11-25,2018_12_ARI_LAC,LAC,-0.34829935,0.5740941697191697,33.21104,1.4799501
2018,13,2018-12-02,2018_13_LAC_PIT,LAC,-0.5256285,0.592590824579461,30.116762,1.4462801
2018,14,2018-12-09,2018_14_CIN_LAC,LAC,-0.15028155,0.5761529800166164,31.11793,1.7213384
2018,15,2018-12-13,2018_15_LAC_KC,LAC,-0.31602117,0.5916036880776185,27.909597,1.675505
2018,16,2018-12-22,2018_16_BAL_LAC,LAC,0.07436547,0.6009985793761047,28.409597,1.9579124
2018,17,2018-12-30,2018_17_LAC_DEN,LAC,0.098803096,0.6228735100010353,27.754469,2.0630407
2019,1,2019-09-08,2019_01_IND_LAC,LAC,,,,
2019,2,2019-09-15,2019_02_LAC_DET,LAC,,,,
2019,3,2019-09-22,2019_03_HOU_LAC,LAC,,,,
2019,4,2019-09-29,2019_04_LAC_MIA,LAC,,,,
2019,5,2019-10-06,2019_05_DEN_LAC,LAC,,,,
2019,6,2019-10-13,2019_06_PIT_LAC,LAC,,,,
2019,7,2019-10-20,2019_07_LAC_TEN,LAC,-0.029679924,0.6061252945341998,31.941034,1.8290404
2019,8,2019-10-27,2019_08_LAC_CHI,LAC,-0.1443049,0.6134540284969207,32.404,1.810522
2019,9,2019-11-03,2019_09_GB_LAC,LAC,-0.2456211,0.6052646589439147,32.632786,1.8362795
2019,10,2019-11-07,2019_10_LAC_OAK,LAC,-0.50149494,0.6095831413873972,30.810816,1.6563553
2019,11,2019-11-18,2019_11_KC_LAC,LAC,-0.35147932,0.6089643735811293,29.817762,1.7257997
2019,13,2019-12-01,2019_13_LAC_DEN,LAC,-0.14056931,0.6038805684973244,29.262207,1.7813553
2019,14,2019-12-08,2019_14_LAC_JAX,LAC,-0.12806693,0.6068087224058704,28.411196,1.8280724
2019,15,2019-12-15,2019_15_MIN_LAC,LAC,-0.4065303,0.6301348525212161,25.148232,1.5688132
2019,16,2019-12-22,2019_16_OAK_LAC,LAC,-0.09908519,0.6154452877369544,24.04722,1.7847222
2019,17,2019-12-29,2019_17_LAC_KC,LAC,0.21243769,0.6091408283074949,26.272223,1.9555556
2020,1,2020-09-13,2020_01_LAC_CIN,LAC,,,,
2020,2,2020-09-20,2020_02_KC_LAC,LAC,,,,
2020,3,2020-09-27,2020_03_CAR_LAC,LAC,,,,
2020,4,2020-10-04,2020_04_LAC_TB,LAC,,,,
2020,5,2020-10-12,2020_05_LAC_NO,LAC,,,,
2020,7,2020-10-25,2020_07_JAX_LAC,LAC,,,,
2020,8,2020-11-01,2020_08_LAC_DEN,LAC,-0.23925048,0.6124785924545539,31.463766,2.0936813
2020,9,2020-11-08,2020_09_LV_LAC,LAC,0.009627213,0.6238671905018058,31.866545,2.3105617
2020,10,2020-11-15,2020_10_LAC_MIA,LAC,0.10774513,0.6214927698887488,29.781694,2.3969252
2020,11,2020-11-22,2020_11_NYJ_LAC,LAC,0.10790435,0.6051429622889413,28.990786,2.4863193
2020,12,2020-11-29,2020_12_LAC_BUF,LAC,-0.038864564,0.639623454439888,26.692808,2.352481
2020,13,2020-12-06,2020_13_NE_LAC,LAC,0.05876407,0.630860748722054,26.446775,2.370338
2020,14,2020-12-13,2020_14_ATL_LAC,LAC,0.31337145,0.610671524366163,26.667929,2.5337994
2020,15,2020-12-17,2020_15_LAC_LV,LAC,0.2989198,0.5854023046257895,28.81376,2.4905303
2020,16,2020-12-27,2020_16_DEN_LAC,LAC,0.20254011,0.5794117216836255,30.768309,2.4299242
2020,17,2021-01-03,2020_17_LAC_KC,LAC,0.18339993,0.5902654975374014,33.12588,2.257197
2021,1,2021-09-12,2021_01_LAC_WAS,LAC,,,,
2021,2,2021-09-19,2021_02_DAL_LAC,LAC,,,,
2021,3,2021-09-26,2021_03_LAC_KC,LAC,,,,
2021,4,2021-10-04,2021_04_LV_LAC,LAC,,,,
2021,5,2021-10-10,2021_05_CLE_LAC,LAC,,,,
2021,6,2021-10-17,2021_06_LAC_BAL,LAC,,,,
2021,8,2021-10-31,2021_08_NE_LAC,LAC,0.25565216,0.5873374114661994,36.124454,2.4058921
2021,9,2021-11-07,2021_09_LAC_PHI,LAC,0.31560463,0.5727842948297494,36.244823,2.4012625
2021,10,2021-11-14,2021_10_MIN_LAC,LAC,0.43389198,0.5921271626101172,34.411488,2.484596
2021,11,2021-11-21,2021_11_PIT_LAC,LAC,0.41980445,0.6018975815850816,32.900883,2.493687
2021,12,2021-11-28,2021_12_LAC_DEN,LAC,0.7627065,0.5806230122991487,34.488007,2.8598483
2021,13,2021-12-05,2021_13_LAC_CIN,LAC,0.6190417,0.5876697926792623,32.11856,2.6431818
2021,14,2021-12-12,2021_14_NYG_LAC,LAC,0.22091651,0.6032168270141754,31.11957,2.3724747
2021,15,2021-12-16,2021_15_KC_LAC,LAC,0.14133237,0.6251001905642057,30.61957,2.3724747
2021,16,2021-12-26,2021_16_LAC_HOU,LAC,0.06330753,0.6229460788930486,31.269194,2.3876264
2021,17,2022-01-02,2021_17_DEN_LAC,LAC,0.30553356,0.6052119487926083,32.779797,2.5618687
2021,18,2022-01-09,2021_18_LAC_LV,LAC,0.0857977,0.6016620498512952,34.14175,2.2420034
2022,1,2022-09-11,2022_01_LV_LAC,LAC,,,,
2022,2,2022-09-15,2022_02_LAC_KC,LAC,,,,
2022,3,2022-09-25,2022_03_JAX_LAC,LAC,,,,
2022,4,2022-10-02,2022_04_LAC_HOU,LAC,,,,
2022,5,2022-10-09,2022_05_LAC_CLE,LAC,,,,
2022,6,2022-10-17,2022_06_DEN_LAC,LAC,,,,
2022,7,2022-10-23,2022_07_SEA_LAC,LAC,0.16132586,0.6054620267499056,31.6649,2.1977272
2022,9,2022-11-06,2022_09_LAC_ATL,LAC,0.37840053,0.591737935950916,31.995901,2.3842075
2022,10,2022-11-13,2022_10_LAC_SF,LAC,0.2457286,0.6061799753929554,32.815346,2.3758743
2022,11,2022-11-20,2022_11_KC_LAC,LAC,-0.034576736,0.6121719001348803,32.3911,2.1334498
2022,12,2022-11-27,2022_12_LAC_ARI,LAC,0.2887527,0.6014338376922722,34.934032,2.254662
2022,13,2022-12-04,2022_13_LAC_LV,LAC,0.09209899,0.6186084550139485,33.096153,2.1516316
2022,14,2022-12-11,2022_14_MIA_LAC,LAC,0.11417633,0.609848507049455,34.798176,2.2842076
2022,15,2022-12-18,2022_15_TEN_LAC,LAC,-0.057323154,0.6340107707866175,32.93687,2.0674243
2022,16,2022-12-26,2022_16_LAC_IND,LAC,-0.13904376,0.6525011242128683,31.327894,1.9635781
2022,17,2023-01-01,2022_17_LA_LAC,LAC,-0.5969203,0.6566336583454025,28.364258,1.6802448
2022,18,2023-01-08,2022_18_LAC_DEN,LAC,-0.94478387,0.6751886723549619,25.63244,1.3923659
2023,1,2023-09-10,2023_01_MIA_LAC,LAC,,,,
2023,2,2023-09-17,2023_02_LAC_TEN,LAC,,,,
2023,3,2023-09-24,2023_03_LAC_MIN,LAC,,,,
2023,4,2023-10-01,2023_04_LV_LAC,LAC,,,,
2023,6,2023-10-16,2023_06_DAL_LAC,LAC,,,,
2023,7,2023-10-22,2023_07_LAC_KC,LAC,,,,
2023,8,2023-10-29,2023_08_CHI_LAC,LAC,0.42859343,0.5825704619454619,37.503033,2.3787878
2023,9,2023-11-06,2023_09_LAC_NYJ,LAC,-0.07907027,0.6200126840133525,33.851517,2.030303
2023,10,2023-11-12,2023_10_DET_LAC,LAC,-0.5512876,0.6359984432683425,32.14639,1.6981353
2023,11,2023-11-19,2023_11_LAC_GB,LAC,-0.1026253,0.6256029549183086,33.832752,2.017832
2023,12,2023-11-26,2023_12_BAL_LAC,LAC,0.09915826,0.6289769724634492,35.847904,2.1087413
2023,13,2023-12-03,2023_13_LAC_NE,LAC,0.0024048265,0.6166705478274791,35.6176,2.078438
2023,14,2023-12-10,2023_14_DEN_LAC,LAC,-0.5614706,0.6396984458553772,32.193356,1.6087413
2023,15,2023-12-14,2023_15_LAC_LV,LAC,-0.46605805,0.6242241968918234,31.851862,1.7194638
2023,16,2023-12-23,2023_16_BUF_LAC,LAC,0.14370832,0.5935138104122061,32.59033,2.2092075
2023,17,2023-12-31,2023_17_LAC_DEN,LAC,-0.2965207,0.6191843435827394,29.290327,1.9258741
2023,18,2024-01-07,2023_18_KC_LAC,LAC,-0.3643404,0.6122009303827486,28.0176,1.8198136
2024,1,2024-09-08,2024_01_LV_LAC,LAC,,,,
2024,2,2024-09-15,2024_02_LAC_CAR,LAC,,,,
2024,3,2024-09-22,2024_03_LAC_PIT,LAC,,,,
2024,4,2024-09-29,2024_04_KC_LAC,LAC,,,,
2024,6,2024-10-13,2024_06_LAC_DEN,LAC,,,,
2024,7,2024-10-21,2024_07_LAC_ARI,LAC,,,,
2024,8,2024-10-27,2024_08_NO_LAC,LAC,-0.6721208,0.5727595914653995,28.25918,1.3460503
2024,9,2024-11-03,2024_09_LAC_CLE,LAC,-0.6206311,0.569255901423248,29.156616,1.2947682
2024,10,2024-11-10,2024_10_TEN_LAC,LAC,-0.57098466,0.554030984727743,30.491117,1.3775188
2024,11,2024-11-17,2024_11_CIN_LAC,LAC,-0.5810134,0.5582075720293304,30.076302,1.3590002
2024,12,2024-11-25,2024_12_BAL_LAC,LAC,-0.45100066,0.5791503918357865,30.886324,1.4475783
2024,13,2024-12-01,2024_13_LAC_ATL,LAC,-0.05886377,0.5831222415184205,32.82336,1.7364672
2024,14,2024-12-08,2024_14_LAC_KC,LAC,-0.43059817,0.5879748169265514,32.619656,1.638319
2024,15,2024-12-15,2024_15_TB_LAC,LAC,-0.04144712,0.5643324534337606,33.44587,1.913248
2024,16,2024-12-19,2024_16_DEN_LAC,LAC,0.5386096,0.5357021512740466,37.368946,2.3911035
2024,17,2024-12-28,2024_17_LAC_NE,LAC,0.68269986,0.5353119396338349,37.93376,2.5262885
2024,18,2025-01-05,2024_18_LAC_LV,LAC,0.38468027,0.5319097862316816,34.881313,2.2861953
2016,1,2016-09-11,2016_01_OAK_NO,LV,,,,
2016,2,2016-09-18,2016_02_ATL_OAK,LV,,,,
2016,3,2016-09-25,2016_03_OAK_TEN,LV,,,,
2016,4,2016-10-02,2016_04_OAK_BAL,LV,,,,
2016,5,2016-10-09,2016_05_SD_OAK,LV,,,,
2016,6,2016-10-16,2016_06_KC_OAK,LV,,,,
2016,7,2016-10-23,2016_07_OAK_JAX,LV,0.4930669,0.5638063006217768,39.54372,2.422691
2016,8,2016-10-30,2016_08_OAK_TB,LV,0.23498064,0.5941028559183321,36.639683,2.129762
2016,9,2016-11-06,2016_09_DEN_OAK,LV,-0.10615898,0.6341003121657883,31.044443,1.8321428
2016,11,2016-11-21,2016_11_HOU_OAK,LV,-0.03250747,0.6440705502610264,29.73889,1.9710317
2016,12,2016-11-27,2016_12_CAR_OAK,LV,0.1027159,0.6639526522859857,30.173952,1.9526335
2016,13,2016-12-04,2016_13_BUF_OAK,LV,0.05733688,0.6689005152695628,28.560858,1.9030304
2016,14,2016-12-08,2016_14_OAK_KC,LV,-0.06661462,0.6783249681315158,27.099747,1.8030304
2016,15,2016-12-18,2016_15_OAK_SD,LV,-0.12666757,0.6774531547597024,26.462996,1.7731158
2016,16,2016-12-24,2016_16_IND_OAK,LV,-0.2787408,0.6918322941388418,27.209747,1.7298259
2016,17,2017-01-01,2016_17_OAK_DEN,LV,-0.14969008,0.6657126926404524,28.996367,1.8308358
2017,1,2017-09-10,2017_01_OAK_TEN,LV,,,,
2017,2,2017-09-17,2017_02_NYJ_OAK,LV,,,,
2017,3,2017-09-24,2017_03_OAK_WAS,LV,,,,
2017,4,2017-10-01,2017_04_OAK_DEN,LV,,,,
2017,5,2017-10-08,2017_05_BAL_OAK,LV,,,,
2017,6,2017-10-15,2017_06_LAC_OAK,LV,,,,
2017,7,2017-10-19,2017_07_KC_OAK,LV,0.24598195,0.6335354794382572,33.49259,1.9101852
2017,8,2017-10-29,2017_08_OAK_BUF,LV,0.55447894,0.6185756964229187,34.88148,2.1694443
2017,9,2017-11-05,2017_09_OAK_MIA,LV,0.5989974,0.5939935655907879,34.962036,2.2250001
2017,11,2017-11-19,2017_11_NE_OAK,LV,0.61617357,0.587474467405023,34.421635,2.2136364
2017,12,2017-11-26,2017_12_DEN_OAK,LV,1.2075771,0.5470438324686691,38.07904,2.6025252
2017,13,2017-12-03,2017_13_NYG_OAK,LV,0.9310977,0.5675863686362052,34.99571,2.3969696
2017,14,2017-12-10,2017_14_OAK_KC,LV,0.8603759,0.5602416608748307,32.959595,2.3497474
2017,15,2017-12-17,2017_15_DAL_OAK,LV,0.47303876,0.5878624998518789,30.319994,2.1275253
2017,16,2017-12-25,2017_16_OAK_PHI,LV,0.42082298,0.6095592958542305,31.833883,2.1090066
2017,17,2017-12-31,2017_17_OAK_LAC,LV,0.08529206,0.6369470007419353,28.218733,1.8898149
2018,1,2018-09-10,2018_01_LA_OAK,LV,,,,
2018,2,2018-09-16,2018_02_OAK_DEN,LV,,,,
2018,3,2018-09-23,2018_03_OAK_MIA,LV,,,,
2018,4,2018-09-30,2018_04_CLE_OAK,LV,,,,
2018,5,2018-10-07,2018_05_OAK_LAC,LV,,,,
2018,6,2018-10-14,2018_06_SEA_OAK,LV,,,,
2018,8,2018-10-28,2018_08_IND_OAK,LV,0.6900944,0.5668113755452168,35.14464,2.468421
2018,9,2018-11-01,2018_09_OAK_SF,LV,1.0543911,0.5613019663034373,38.649273,2.837108
2018,10,2018-11-11,2018_10_LAC_OAK,LV,1.2950948,0.5410154472669183,38.98261,3.0704412
2018,11,2018-11-18,2018_11_OAK_ARI,LV,1.2586604,0.5666748187596232,39.534794,3.0165691
2018,12,2018-11-25,2018_12_OAK_BAL,LV,1.1473776,0.5714594552270852,38.58492,2.8981483
2018,13,2018-12-02,2018_13_KC_OAK,LV,1.0345844,0.5569036490803699,38.021282,2.7981482
2018,14,2018-12-09,2018_14_PIT_OAK,LV,1.1232742,0.5587885697152905,37.70184,2.8537037
2018,15,2018-12-16,2018_15_OAK_CIN,LV,0.6336109,0.5745148762573006,34.79443,2.425926
2018,16,2018-12-24,2018_16_DEN_OAK,LV,0.36318836,0.5911541901024967,31.813662,2.2438745
2018,17,2018-12-30,2018_17_OAK_KC,LV,0.034719918,0.599329376307986,30.155413,2.0856254
2019,1,2019-09-09,2019_01_DEN_OAK,LV,,,,
2019,2,2019-09-15,2019_02_KC_OAK,LV,,,,
2019,3,2019-09-22,2019_03_OAK_MIN,LV,,,,
2019,4,2019-09-29,2019_04_OAK_IND,LV,,,,
2019,5,2019-10-06,2019_05_CHI_OAK,LV,,,,
2019,7,2019-10-20,2019_07_OAK_GB,LV,,,,
2019,8,2019-10-27,2019_08_OAK_HOU,LV,1.0425644,0.565744664172973,37.05707,2.6757574
2019,9,2019-11-03,2019_09_DET_OAK,LV,1.0435013,0.5686580213888123,35.76919,2.7515152
2019,10,2019-11-07,2019_10_LAC_OAK,LV,1.0142769,0.5637608488445809,36.576767,2.7272727
2019,11,2019-11-17,2019_11_CIN_OAK,LV,0.6630574,0.5729011965143403,34.932827,2.5242424
2019,12,2019-11-24,2019_12_OAK_NYJ,LV,0.5725439,0.5674035796530871,33.854546,2.3424242
2019,13,2019-12-01,2019_13_OAK_KC,LV,0.65726334,0.5676826986822061,35.848232,2.4131312
2019,14,2019-12-08,2019_14_TEN_OAK,LV,0.38766202,0.5594104154099229,32.14823,2.2464647
2019,15,2019-12-15,2019_15_JAX_OAK,LV,0.56410694,0.5414036525467006,34.633083,2.3828282
2019,16,2019-12-22,2019_16_OAK_LAC,LV,0.5625058,0.5546505650991688,31.6016,2.3531988
2019,17,2019-12-29,2019_17_OAK_DEN,LV,0.6817855,0.5582467864159784,31.562204,2.2728956
2020,1,2020-09-13,2020_01_LV_CAR,LV,,,,
2020,2,2020-09-21,2020_02_NO_LV,LV,,,,
2020,3,2020-09-27,2020_03_LV_NE,LV,,,,
2020,4,2020-10-04,2020_04_BUF_LV,LV,,,,
2020,5,2020-10-11,2020_05_LV_KC,LV,,,,
2020,7,2020-10-25,2020_07_TB_LV,LV,,,,
2020,8,2020-11-01,2020_08_LV_CLE,LV,1.2170644,0.5736552231438595,39.461952,3.0959597
2020,9,2020-11-08,2020_09_LV_LAC,LV,0.9092722,0.5768208782948088,39.1564,2.7626264
2020,10,2020-11-15,2020_10_DEN_LV,LV,0.84315497,0.5811569189788887,38.63788,2.7515152
2020,11,2020-11-22,2020_11_KC_LV,LV,0.37820706,0.6007556458692822,37.34621,2.5015152
2020,12,2020-11-29,2020_12_LV_ATL,LV,0.5908473,0.5847067616259535,40.248066,2.6496632
2020,13,2020-12-06,2020_13_LV_NYJ,LV,0.4616027,0.584643894422139,37.579235,2.6052911
2020,14,2020-12-13,2020_14_IND_LV,LV,0.088104695,0.6094755442537888,35.262566,2.24418
2020,15,2020-12-17,2020_15_LAC_LV,LV,0.5988393,0.5849568671248176,36.66812,2.7108467
2020,16,2020-12-26,2020_16_MIA_LV,LV,0.74913555,0.5855265945409502,36.779232,2.8330688
2020,17,2021-01-03,2020_17_LV_DEN,LV,1.1109372,0.5851198253841812,37.751453,3.0275133
2021,1,2021-09-13,2021_01_BAL_LV,LV,,,,
2021,2,2021-09-19,2021_02_LV_PIT,LV,,,,
2021,3,2021-09-26,2021_03_MIA_LV,LV,,,,
2021,4,2021-10-04,2021_04_LV_LAC,LV,,,,
2021,5,2021-10-10,2021_05_CHI_LV,LV,,,,
2021,6,2021-10-17,2021_06_LV_DEN,LV,,,,
2021,7,2021-10-24,2021_07_PHI_LV,LV,-0.104080856,0.6460729253498861,29.706604,1.9391998
2021,9,2021-11-07,2021_09_LV_NYG,LV,-0.07700574,0.6406954324723932,30.501478,1.9597125
2021,10,2021-11-14,2021_10_KC_LV,LV,-0.11626298,0.6182485611618856,29.22875,1.9597125
2021,11,2021-11-21,2021_11_CIN_LV,LV,0.36504868,0.6067590784224028,33.21764,2.3374903
2021,12,2021-11-25,2021_12_LV_DAL,LV,0.5826748,0.5786195173661751,32.73986,2.4819348
2021,13,2021-12-05,2021_13_WAS_LV,LV,0.65705556,0.5815867108480745,33.417637,2.515268
2021,14,2021-12-12,2021_14_LV_KC,LV,0.7810839,0.578860013676933,33.53872,2.5223906
2021,15,2021-12-20,2021_15_LV_CLE,LV,1.2193044,0.5448571646740838,33.73872,2.8557236
2021,16,2021-12-26,2021_16_DEN_LV,LV,1.1455046,0.5704777372832929,33.572056,2.8102694
2021,17,2022-01-02,2021_17_LV_IND,LV,0.50649285,0.5882066467483135,27.89798,2.3676767
2021,18,2022-01-09,2021_18_LAC_LV,LV,0.29532287,0.6135764708844774,27.464645,2.1676767
2022,1,2022-09-11,2022_01_LV_LAC,LV,,,,
2022,2,2022-09-18,2022_02_ARI_LV,LV,,,,
2022,3,2022-09-25,2022_03_LV_TEN,LV,,,,
2022,4,2022-10-02,2022_04_DEN_LV,LV,,,,
2022,5,2022-10-10,2022_05_LV_KC,LV,,,,
2022,7,2022-10-23,2022_07_HOU_LV,LV,,,,
2022,8,2022-10-30,2022_08_LV_NO,LV,0.16244487,0.6122646489313156,37.262794,2.4084175
2022,9,2022-11-06,2022_09_LV_JAX,LV,0.3362172,0.5995853301440423,39.52984,2.5447812
2022,10,2022-11-13,2022_10_IND_LV,LV,0.3611392,0.6001828807415929,37.913677,2.5279462
2022,11,2022-11-20,2022_11_LV_DEN,LV,0.31188065,0.6056409411996534,38.18489,2.5067341
2022,12,2022-11-27,2022_12_LV_SEA,LV,0.5073435,0.5797206998248665,38.50307,2.4006734
2022,13,2022-12-04,2022_13_LAC_LV,LV,0.3284877,0.5730560681602348,36.79831,2.3054354
2022,14,2022-12-08,2022_14_LV_LA,LV,0.1672936,0.5825004758418221,34.265545,2.1145523
2022,15,2022-12-18,2022_15_NE_LV,LV,0.0141262775,0.6027814101852563,31.319715,1.8978854
2022,16,2022-12-24,2022_16_LV_PIT,LV,-0.22597587,0.6169174103506682,29.316217,1.7195638
2022,17,2023-01-01,2022_17_SF_LV,LV,-0.41478312,0.6303607010666862,28.33137,1.5377456
2022,18,2023-01-07,2022_18_KC_LV,LV,-0.22425699,0.6220515179658365,29.788439,1.8092103
2023,1,2023-09-10,2023_01_LV_DEN,LV,,,,
2023,2,2023-09-17,2023_02_LV_BUF,LV,,,,
2023,3,2023-09-24,2023_03_PIT_LV,LV,,,,
2023,4,2023-10-01,2023_04_LV_LAC,LV,,,,
2023,5,2023-10-09,2023_05_GB_LV,LV,,,,
2023,6,2023-10-15,2023_06_NE_LV,LV,,,,
2023,7,2023-10-22,2023_07_LV_CHI,LV,0.3008215,0.6291312410052127,33.175373,2.2881377
2023,8,2023-10-30,2023_08_LV_DET,LV,0.2964867,0.644536647145913,31.336487,2.2436934
2023,9,2023-11-05,2023_09_NYG_LV,LV,-0.32029155,0.6680454776400375,29.753153,1.9011008
2023,10,2023-11-12,2023_10_NYJ_LV,LV,-0.7124153,0.6795138881469095,29.035204,1.6831521
2023,11,2023-11-19,2023_11_LV_MIA,LV,-0.85483044,0.6725949968530182,30.329397,1.5316368
2023,12,2023-11-26,2023_12_KC_LV,LV,-0.74688125,0.684027425655577,31.035025,1.5727625
2023,14,2023-12-10,2023_14_MIN_LV,LV,-0.536745,0.6716299620081133,32.238728,1.7746143
2023,15,2023-12-14,2023_15_LAC_LV,LV,-1.0048923,0.6685497306925878,30.355394,1.4200689
2023,16,2023-12-25,2023_16_LV_KC,LV,-1.1329547,0.6839884432146337,27.227617,1.292291
2023,17,2023-12-31,2023_17_LV_IND,LV,-1.0456372,0.6703571460606094,28.343002,1.4274892
2023,18,2024-01-07,2023_18_DEN_LV,LV,-0.6565625,0.6659565929100562,28.629364,1.6290044
2024,1,2024-09-08,2024_01_LV_LAC,LV,,,,
2024,2,2024-09-15,2024_02_LV_BAL,LV,,,,
2024,3,2024-09-22,2024_03_CAR_LV,LV,,,,
2024,4,2024-09-29,2024_04_CLE_LV,LV,,,,
2024,5,2024-10-06,2024_05_LV_DEN,LV,,,,
2024,6,2024-10-13,2024_06_PIT_LV,LV,,,,
2024,7,2024-10-20,2024_07_LV_LA,LV,0.045128495,0.5891434799768133,27.254137,2.1119852
2024,8,2024-10-27,2024_08_KC_LV,LV,-0.12759598,0.5628850162183495,26.523369,2.009421
2024,9,2024-11-03,2024_09_LV_CIN,LV,0.028251372,0.5539437517215294,27.73633,2.1899767
2024,11,2024-11-17,2024_11_LV_MIA,LV,-0.04625054,0.5607760398038176,26.448938,2.215618
2024,12,2024-11-24,2024_12_DEN_LV,LV,0.7064941,0.5248745125262398,30.837034,2.858475
2024,13,2024-11-29,2024_13_LV_KC,LV,0.7824168,0.527521612900613,32.05615,2.9388945
2024,14,2024-12-08,2024_14_LV_TB,LV,0.63532406,0.5593772572562573,32.1862,2.7179348
2024,15,2024-12-16,2024_15_ATL_LV,LV,1.0108389,0.5594574548364549,35.865685,3.0051143
2024,16,2024-12-22,2024_16_JAX_LV,LV,0.66251624,0.5735534411546634,33.635044,2.7020843
2024,17,2024-12-29,2024_17_LV_NO,LV,0.26950517,0.5908713084725309,33.13077,2.3708875
2024,18,2025-01-05,2024_18_LAC_LV,LV,-0.63510805,0.6194249521522249,28.801767,1.7128788
2016,1,2016-09-11,2016_01_MIA_SEA,MIA,,,,
2016,2,2016-09-18,2016_02_MIA_NE,MIA,,,,
2016,3,2016-09-25,2016_03_CLE_MIA,MIA,,,,
2016,4,2016-09-29,2016_04_MIA_CIN,MIA,,,,
2016,5,2016-10-09,2016_05_TEN_MIA,MIA,,,,
2016,6,2016-10-16,2016_06_PIT_MIA,MIA,,,,
2016,7,2016-10-23,2016_07_BUF_MIA,MIA,-0.16294934,0.6206494718805325,31.548159,1.7610029
2016,9,2016-11-06,2016_09_NYJ_MIA,MIA,0.083860256,0.621893534644203,30.73503,1.973124
2016,10,2016-11-13,2016_10_MIA_SD,MIA,0.0020910029,0.6190459192965877,29.821138,1.9259019
2016,11,2016-11-20,2016_11_MIA_LA,MIA,0.11602225,0.6258658740332091,29.942171,2.0449495
2016,12,2016-11-27,2016_12_SF_MIA,MIA,-0.09180317,0.6378869548042899,27.616776,1.8584415
2016,13,2016-12-04,2016_13_MIA_BAL,MIA,-0.080277584,0.6432297496357211,29.285967,1.8054113
2016,14,2016-12-11,2016_14_ARI_MIA,MIA,0.19862689,0.6174750434832876,31.644552,2.1059163
2016,15,2016-12-17,2016_15_MIA_NYJ,MIA,-0.009274967,0.6273462697515727,30.924349,1.982684
2016,16,2016-12-24,2016_16_MIA_BUF,MIA,-0.36649287,0.6310024070615562,30.02307,1.7660173
2016,17,2017-01-01,2016_17_NE_MIA,MIA,-0.30529892,0.6237849662131629,31.303625,1.7771283
2017,2,2017-09-17,2017_02_MIA_LAC,MIA,,,,
2017,3,2017-09-24,2017_03_MIA_NYJ,MIA,,,,
2017,4,2017-10-01,2017_04_NO_MIA,MIA,,,,
2017,5,2017-10-08,2017_05_TEN_MIA,MIA,,,,
2017,6,2017-10-15,2017_06_MIA_ATL,MIA,,,,
2017,7,2017-10-22,2017_07_NYJ_MIA,MIA,,,,
2017,8,2017-10-26,2017_08_MIA_BAL,MIA,-0.2418931,0.6281330056627675,29.134676,1.7008548
2017,9,2017-11-05,2017_09_OAK_MIA,MIA,-0.1995555,0.6349425981866458,25.850286,1.7193732
2017,10,2017-11-13,2017_10_MIA_CAR,MIA,-0.038329735,0.6363519527210003,26.806482,1.837963
2017,11,2017-11-19,2017_11_TB_MIA,MIA,0.31605113,0.6114014711038521,29.513887,2.2175925
2017,12,2017-11-26,2017_12_MIA_NE,MIA,0.552515,0.5955034090519438,31.540384,2.4141738
2017,13,2017-12-03,2017_13_DEN_MIA,MIA,0.6521422,0.6030285999104681,30.608759,2.5480769
2017,14,2017-12-11,2017_14_NE_MIA,MIA,0.27582565,0.6117460010123229,30.017725,2.2441554
2017,15,2017-12-17,2017_15_MIA_BUF,MIA,0.14330654,0.6219018504538867,29.685308,2.1672323
2017,16,2017-12-24,2017_16_MIA_KC,MIA,0.008412543,0.6289419939523634,28.976974,2.1255658
2017,17,2017-12-31,2017_17_BUF_MIA,MIA,-0.39506158,0.6572749656944262,25.964851,1.8149595
2018,1,2018-09-09,2018_01_TEN_MIA,MIA,,,,
2018,2,2018-09-16,2018_02_MIA_NYJ,MIA,,,,
2018,3,2018-09-23,2018_03_OAK_MIA,MIA,,,,
2018,4,2018-09-30,2018_04_MIA_NE,MIA,,,,
2018,5,2018-10-07,2018_05_MIA_CIN,MIA,,,,
2018,6,2018-10-14,2018_06_CHI_MIA,MIA,,,,
2018,7,2018-10-21,2018_07_DET_MIA,MIA,-0.09355557,0.5992502291993242,33.31255,1.8691726
2018,8,2018-10-25,2018_08_MIA_HOU,MIA,0.48537496,0.5968910854940267,37.46782,2.205355
2018,9,2018-11-04,2018_09_NYJ_MIA,MIA,0.9316266,0.5846977233006645,38.370594,2.6220214
2018,10,2018-11-11,2018_10_MIA_GB,MIA,0.5620907,0.6034493420522832,35.41022,2.3959143
2018,12,2018-11-25,2018_12_MIA_IND,MIA,0.48231748,0.5868040138873472,35.588673,2.3942308
2018,13,2018-12-02,2018_13_BUF_MIA,MIA,0.60885674,0.5863039738039738,37.29701,2.5608976
2018,14,2018-12-09,2018_14_NE_MIA,MIA,0.5336509,0.6046234068961341,37.62801,2.459499
2018,15,2018-12-16,2018_15_MIA_MIN,MIA,0.26455042,0.6095712368439642,35.543835,2.3669062
2018,16,2018-12-23,2018_16_JAX_MIA,MIA,0.025796296,0.6045196526257133,34.972256,2.3092139
2018,17,2018-12-30,2018_17_MIA_BUF,MIA,0.14961623,0.582406853808369,35.05384,2.3989575
2019,1,2019-09-08,2019_01_BAL_MIA,MIA,,,,
2019,2,2019-09-15,2019_02_NE_MIA,MIA,,,,
2019,3,2019-09-22,2019_03_MIA_DAL,MIA,,,,
2019,4,2019-09-29,2019_04_LAC_MIA,MIA,,,,
2019,6,2019-10-13,2019_06_WAS_MIA,MIA,,,,
2019,7,2019-10-20,2019_07_MIA_BUF,MIA,,,,
2019,8,2019-10-28,2019_08_MIA_PIT,MIA,1.3387847,0.5462806315870041,37.629486,3.0070512
2019,9,2019-11-03,2019_09_NYJ_MIA,MIA,0.66385657,0.5878690445769322,34.66863,2.5966978
2019,10,2019-11-10,2019_10_MIA_IND,MIA,0.52102894,0.6076530064063487,34.67329,2.441686
2019,11,2019-11-17,2019_11_BUF_MIA,MIA,0.0668421,0.6418386213611944,31.908333,2.1649768
2019,12,2019-11-24,2019_12_MIA_CLE,MIA,-0.06013832,0.66754755003756,28.830954,1.9804529
2019,13,2019-12-01,2019_13_PHI_MIA,MIA,0.3156182,0.6267239376230386,31.91953,2.3837163
2019,14,2019-12-08,2019_14_MIA_NYJ,MIA,0.2915807,0.6274316095807105,32.681652,2.3367465
2019,15,2019-12-15,2019_15_MIA_NYG,MIA,0.30942678,0.621090139602877,32.37862,2.260989
2019,16,2019-12-22,2019_16_CIN_MIA,MIA,0.46849975,0.605208294175577,32.79704,2.4544623
2019,17,2019-12-29,2019_17_MIA_NE,MIA,0.90801865,0.5840638047618568,33.773106,2.6895049
2020,1,2020-09-13,2020_01_MIA_NE,MIA,,,,
2020,2,2020-09-20,2020_02_BUF_MIA,MIA,,,,
2020,3,2020-09-24,2020_03_MIA_JAX,MIA,,,,
2020,4,2020-10-04,2020_04_SEA_MIA,MIA,,,,
2020,5,2020-10-11,2020_05_MIA_SF,MIA,,,,
2020,6,2020-10-18,2020_06_NYJ_MIA,MIA,,,,
2020,8,2020-11-01,2020_08_LA_MIA,MIA,-0.05511248,0.5973108806243727,33.580196,1.8103534
2020,9,2020-11-08,2020_09_MIA_ARI,MIA,-0.5585392,0.6112632605489748,31.875334,1.5985479
2020,10,2020-11-15,2020_10_LAC_MIA,MIA,-0.71535,0.5985360186550662,32.79663,1.7420664
2020,11,2020-11-22,2020_11_MIA_DEN,MIA,-0.71832657,0.6124759675950152,31.632994,1.8435817
2020,12,2020-11-29,2020_12_MIA_NYJ,MIA,-0.97202665,0.6481252804034189,31.23754,1.6299453
2020,13,2020-12-06,2020_13_CIN_MIA,MIA,-1.1473321,0.6760446253682185,31.252691,1.4178241
2020,14,2020-12-13,2020_14_KC_MIA,MIA,-0.9624974,0.6559045009423797,31.388405,1.5344907
2020,15,2020-12-20,2020_15_NE_MIA,MIA,-0.57829803,0.640329104116983,31.815489,1.6550264
2020,16,2020-12-26,2020_16_MIA_LV,MIA,-0.68227863,0.6448308620041575,29.942802,1.3309524
2020,17,2021-01-03,2020_17_MIA_BUF,MIA,-0.48447528,0.635444684909647,31.165413,1.3332833
2021,1,2021-09-12,2021_01_MIA_NE,MIA,,,,
2021,2,2021-09-19,2021_02_BUF_MIA,MIA,,,,
2021,3,2021-09-26,2021_03_MIA_LV,MIA,,,,
2021,4,2021-10-03,2021_04_IND_MIA,MIA,,,,
2021,5,2021-10-10,2021_05_MIA_TB,MIA,,,,
2021,6,2021-10-17,2021_06_MIA_JAX,MIA,,,,
2021,7,2021-10-24,2021_07_ATL_MIA,MIA,0.9332281,0.5606536096560135,39.701603,2.7023308
2021,8,2021-10-31,2021_08_MIA_BUF,MIA,1.0184369,0.570210112181266,37.529255,2.8235433
2021,9,2021-11-07,2021_09_HOU_MIA,MIA,0.94726986,0.5773326632517809,38.821796,2.7687645
2021,10,2021-11-11,2021_10_BAL_MIA,MIA,0.7763307,0.586894662099494,35.688095,2.5041125
2021,11,2021-11-21,2021_11_MIA_NYJ,MIA,0.26086366,0.6103278558898307,33.490475,2.17316
2021,12,2021-11-28,2021_12_CAR_MIA,MIA,-0.35177603,0.6323152897522646,30.52381,1.7064935
2021,13,2021-12-05,2021_13_NYG_MIA,MIA,-0.7413389,0.6469392075011824,27.27381,1.4968976
2021,15,2021-12-19,2021_15_NYJ_MIA,MIA,-0.9856069,0.6715248456284871,24.73088,1.1673521
2021,16,2021-12-27,2021_16_MIA_NO,MIA,-1.1622835,0.6694124019719258,22.579367,1.0234127
2021,17,2022-01-02,2021_17_MIA_TEN,MIA,-1.4502457,0.6870805803543899,21.619047,0.9579365
2021,18,2022-01-09,2021_18_NE_MIA,MIA,-1.0653046,0.6751395812380662,22.666666,1.3540405
2022,1,2022-09-11,2022_01_NE_MIA,MIA,,,,
2022,2,2022-09-18,2022_02_MIA_BAL,MIA,,,,
2022,3,2022-09-25,2022_03_BUF_MIA,MIA,,,,
2022,4,2022-09-29,2022_04_MIA_CIN,MIA,,,,
2022,5,2022-10-09,2022_05_MIA_NYJ,MIA,,,,
2022,6,2022-10-16,2022_06_MIN_MIA,MIA,,,,
2022,7,2022-10-23,2022_07_PIT_MIA,MIA,0.4225907,0.6017414069952418,33.292095,2.149048
2022,8,2022-10-30,2022_08_MIA_DET,MIA,0.47206047,0.6050519596113499,33.009686,2.1583073
2022,9,2022-11-06,2022_09_MIA_CHI,MIA,0.37059632,0.601477093820575,34.03052,2.1450498
2022,10,2022-11-13,2022_10_CLE_MIA,MIA,0.41867626,0.6142529692529692,30.993483,2.3635683
2022,12,2022-11-27,2022_12_HOU_MIA,MIA,0.28628767,0.6048893005143005,31.340706,2.303383
2022,13,2022-12-04,2022_13_MIA_SF,MIA,-0.17830324,0.6396420477670478,29.904808,2.0085113
2022,14,2022-12-11,2022_14_MIA_LAC,MIA,-0.11013969,0.6192727873977873,31.782585,2.0879986
2022,15,2022-12-17,2022_15_MIA_BUF,MIA,0.0956041,0.6162822730102141,33.59193,2.2975945
2022,16,2022-12-25,2022_16_GB_MIA,MIA,0.057222884,0.6345355951238304,32.192307,2.219943
2022,17,2023-01-01,2022_17_MIA_NE,MIA,-0.06867689,0.6311281187618086,30.586248,2.080549
2022,18,2023-01-08,2022_18_NYJ_MIA,MIA,-0.118872024,0.6609406673243571,28.54458,2.0018454
2023,1,2023-09-10,2023_01_MIA_LAC,MIA,,,,
2023,2,2023-09-17,2023_02_MIA_NE,MIA,,,,
2023,3,2023-09-24,2023_03_DEN_MIA,MIA,,,,
2023,4,2023-10-01,2023_04_MIA_BUF,MIA,,,,
2023,5,2023-10-08,2023_05_NYG_MIA,MIA,,,,
2023,6,2023-10-15,2023_06_CAR_MIA,MIA,,,,
2023,7,2023-10-22,2023_07_MIA_PHI,MIA,0.13018785,0.5810983383900051,30.22951,2.1040044
2023,8,2023-10-29,2023_08_NE_MIA,MIA,0.015197669,0.6017567771734439,28.92951,2.0540044
2023,9,2023-11-05,2023_09_MIA_KC,MIA,-0.10014612,0.6245649874816541,27.868904,2.0540044
2023,11,2023-11-19,2023_11_LV_MIA,MIA,0.060400575,0.6046656556950675,27.255808,2.0242424
2023,12,2023-11-24,2023_12_MIA_NYJ,MIA,-0.50316566,0.6310151164195282,25.30068,1.5242424
2023,13,2023-12-03,2023_13_MIA_WAS,MIA,-0.6519083,0.6563565447723202,23.243103,1.4636364
2023,14,2023-12-11,2023_14_TEN_MIA,MIA,-0.7074618,0.6891134904080536,22.874418,1.4825758
2023,15,2023-12-17,2023_15_NYJ_MIA,MIA,-0.77873284,0.6908900471846104,22.150057,1.3248835
2023,16,2023-12-24,2023_16_DAL_MIA,MIA,-1.1112906,0.7093063531009164,20.407633,1.0673077
2023,17,2023-12-31,2023_17_MIA_BAL,MIA,-0.9549379,0.7201652074388729,22.97708,1.2293447
2023,18,2024-01-07,2023_18_BUF_MIA,MIA,-0.38689342,0.7013271011007666,25.47708,1.7806269
2024,1,2024-09-08,2024_01_JAX_MIA,MIA,,,,
2024,2,2024-09-12,2024_02_BUF_MIA,MIA,,,,
2024,3,2024-09-22,2024_03_MIA_SEA,MIA,,,,
2024,4,2024-09-30,2024_04_TEN_MIA,MIA,,,,
2024,5,2024-10-06,2024_05_MIA_NE,MIA,,,,
2024,7,2024-10-20,2024_07_MIA_IND,MIA,,,,
2024,8,2024-10-27,2024_08_ARI_MIA,MIA,-0.33393422,0.6037718457080344,24.226301,1.6981353
2024,9,2024-11-03,2024_09_MIA_BUF,MIA,0.053437468,0.5894429226669903,27.38455,1.9220409
2024,10,2024-11-11,2024_10_MIA_LA,MIA,0.30857292,0.5648167114598966,30.454626,2.1682532
2024,11,2024-11-17,2024_11_LV_MIA,MIA,0.12449801,0.5628044665499246,30.27028,2.0621924
2024,12,2024-11-24,2024_12_NE_MIA,MIA,0.31333837,0.5466084504589505,34.951603,2.1427786
2024,13,2024-11-28,2024_13_MIA_GB,MIA,0.2818813,0.5469436242206976,33.895657,2.106648
2024,14,2024-12-08,2024_14_NYJ_MIA,MIA,0.7760076,0.5105566137952257,36.7213,2.4015198
2024,15,2024-12-15,2024_15_MIA_HOU,MIA,0.7309713,0.5086651723572156,36.217594,2.3533716
2024,16,2024-12-22,2024_16_SF_MIA,MIA,0.26115635,0.541083591356517,32.14752,2.0314019
2024,17,2024-12-29,2024_17_MIA_CLE,MIA,0.5372922,0.5239548615005144,33.426308,2.0874627
2024,18,2025-01-05,2024_18_MIA_NYJ,MIA,-0.06590485,0.5540461054573046,29.450117,1.6767483
2016,1,2016-09-11,2016_01_MIN_TEN,MIN,,,,
2016,2,2016-09-18,2016_02_GB_MIN,MIN,,,,
2016,3,2016-09-25,2016_03_MIN_CAR,MIN,,,,
2016,4,2016-10-03,2016_04_NYG_MIN,MIN,,,,
2016,5,2016-10-09,2016_05_HOU_MIN,MIN,,,,
2016,7,2016-10-23,2016_07_MIN_PHI,MIN,,,,
2016,8,2016-10-31,2016_08_MIN_CHI,MIN,-1.3815156,0.6440918905298276,24.159187,1.1934732
2016,9,2016-11-06,2016_09_DET_MIN,MIN,-0.9691531,0.651964245447637,26.087976,1.2843822
2016,10,2016-11-13,2016_10_MIN_WAS,MIN,-0.83622265,0.661083251441643,27.147318,1.4232712
2016,11,2016-11-20,2016_11_ARI_MIN,MIN,-0.36284354,0.6504679408263324,29.363985,1.7177156
2016,12,2016-11-24,2016_12_MIN_DET,MIN,-0.3217875,0.6488695742658447,28.2554,1.8995337
2016,13,2016-12-01,2016_13_DAL_MIN,MIN,-0.082899995,0.6297026679398474,30.146309,1.9692308
2016,14,2016-12-11,2016_14_MIN_JAX,MIN,-0.05543224,0.6259128679962013,30.44118,1.9179487
2016,15,2016-12-18,2016_15_IND_MIN,MIN,-0.23041336,0.6472946343779676,28.974512,1.8512821
2016,16,2016-12-24,2016_16_MIN_GB,MIN,0.021173,0.6373112191004348,31.11239,2.0846155
2016,17,2017-01-01,2016_17_CHI_MIN,MIN,-0.04702347,0.6226663732055888,29.107264,2.1384616
2017,1,2017-09-11,2017_01_NO_MIN,MIN,,,,
2017,2,2017-09-17,2017_02_MIN_PIT,MIN,,,,
2017,3,2017-09-24,2017_03_TB_MIN,MIN,,,,
2017,4,2017-10-01,2017_04_DET_MIN,MIN,,,,
2017,5,2017-10-09,2017_05_MIN_CHI,MIN,,,,
2017,6,2017-10-15,2017_06_GB_MIN,MIN,,,,
2017,7,2017-10-22,2017_07_BAL_MIN,MIN,-0.45309433,0.6613158947533948,27.223146,1.5379629
2017,8,2017-10-29,2017_08_MIN_CLE,MIN,-0.74885154,0.6772580053924752,24.004293,1.4285353
2017,10,2017-11-12,2017_10_MIN_WAS,MIN,-0.91646934,0.6782127605138969,22.889977,1.2725525
2017,11,2017-11-19,2017_11_LA_MIN,MIN,-0.79739165,0.6846982615448525,23.159674,1.4437646
2017,12,2017-11-23,2017_12_MIN_DET,MIN,-0.85357445,0.6910243197459107,23.879118,1.3659868
2017,13,2017-12-03,2017_13_MIN_ATL,MIN,-0.8246086,0.672459994410752,24.424574,1.5061383
2017,14,2017-12-10,2017_14_MIN_CAR,MIN,-0.6026983,0.6774472207827822,27.000961,1.5547495
2017,15,2017-12-17,2017_15_CIN_MIN,MIN,-0.5130703,0.6757832430492857,27.956589,1.6813728
2017,16,2017-12-23,2017_16_MIN_GB,MIN,-0.80987096,0.692907785173828,26.48223,1.5659882
2017,17,2017-12-31,2017_17_CHI_MIN,MIN,-1.2647408,0.7171734465607015,23.831978,1.1114427
2018,1,2018-09-09,2018_01_SF_MIN,MIN,,,,
2018,2,2018-09-16,2018_02_MIN_GB,MIN,,,,
2018,3,2018-09-23,2018_03_BUF_MIN,MIN,,,,
2018,4,2018-09-27,2018_04_MIN_LA,MIN,,,,
2018,5,2018-10-07,2018_05_MIN_PHI,MIN,,,,
2018,6,2018-10-14,2018_06_ARI_MIN,MIN,,,,
2018,7,2018-10-21,2018_07_MIN_NYJ,MIN,-0.3501537,0.611320591631947,29.602633,1.8820347
2018,8,2018-10-28,2018_08_NO_MIN,MIN,-0.38481334,0.6142443744576905,27.639399,1.8264791
2018,9,2018-11-04,2018_09_DET_MIN,MIN,-0.31334057,0.6011267446199752,28.460825,1.9971141
2018,11,2018-11-18,2018_11_MIN_CHI,MIN,-0.57035893,0.6039980093227908,27.203253,1.7243867
2018,12,2018-11-25,2018_12_GB_MIN,MIN,-0.85626453,0.6114850824348638,23.814362,1.4604979
2018,13,2018-12-02,2018_13_MIN_NE,MIN,-0.90566856,0.6197957322227864,22.502241,1.4256493
2018,14,2018-12-10,2018_14_MIN_SEA,MIN,-0.5650268,0.5937475575138974,25.853432,1.6280303
2018,15,2018-12-16,2018_15_MIA_MIN,MIN,-0.29223803,0.57113528416633,27.456818,1.6886364
2018,16,2018-12-23,2018_16_MIN_DET,MIN,-0.7838363,0.6129415745837314,25.137375,1.3969698
2018,17,2018-12-30,2018_17_CHI_MIN,MIN,-0.86515,0.6181668254584921,25.06793,1.3856062
2019,1,2019-09-08,2019_01_ATL_MIN,MIN,,,,
2019,2,2019-09-15,2019_02_MIN_GB,MIN,,,,
2019,3,2019-09-22,2019_03_OAK_MIN,MIN,,,,
2019,4,2019-09-29,2019_04_MIN_CHI,MIN,,,,
2019,5,2019-10-06,2019_05_MIN_NYG,MIN,,,,
2019,6,2019-10-13,2019_06_PHI_MIN,MIN,,,,
2019,7,2019-10-20,2019_07_MIN_DET,MIN,-0.7082061,0.6567026219535557,29.01111,1.4222223
2019,8,2019-10-24,2019_08_WAS_MIN,MIN,-0.27989963,0.6333217898227236,30.477777,1.7222222
2019,9,2019-11-03,2019_09_MIN_KC,MIN,-0.34065375,0.639814657625115,30.755554,1.6555556
2019,10,2019-11-10,2019_10_MIN_DAL,MIN,-0.1606833,0.6227467597157139,29.996298,1.7296296
2019,11,2019-11-17,2019_11_DEN_MIN,MIN,0.044139147,0.6044109113471858,33.716667,1.9074074
2019,13,2019-12-02,2019_13_MIN_SEA,MIN,0.115061946,0.5997238288823256,35.778957,2.070707
2019,14,2019-12-08,2019_14_DET_MIN,MIN,0.2904452,0.5848091525093159,35.915707,2.2672882
2019,15,2019-12-15,2019_15_MIN_LAC,MIN,-0.19238263,0.6187766780393414,31.907373,1.8645105
2019,16,2019-12-23,2019_16_GB_MIN,MIN,-0.43276167,0.6156166050876019,32.69904,1.8367327
2019,17,2019-12-29,2019_17_CHI_MIN,MIN,-0.6880898,0.6321354562177975,32.44904,1.7772089
2020,1,2020-09-13,2020_01_GB_MIN,MIN,,,,
2020,2,2020-09-20,2020_02_MIN_IND,MIN,,,,
2020,3,2020-09-27,2020_03_TEN_MIN,MIN,,,,
2020,4,2020-10-04,2020_04_MIN_HOU,MIN,,,,
2020,5,2020-10-11,2020_05_MIN_SEA,MIN,,,,
2020,6,2020-10-18,2020_06_ATL_MIN,MIN,,,,
2020,8,2020-11-01,2020_08_MIN_GB,MIN,0.9292932,0.5236949677276018,37.899883,2.8620822
2020,9,2020-11-08,2020_09_DET_MIN,MIN,0.67619914,0.5427148714350055,36.64433,2.5861564
2020,10,2020-11-16,2020_10_MIN_CHI,MIN,0.4560058,0.5491345197786734,36.59155,2.430601
2020,11,2020-11-22,2020_11_DAL_MIN,MIN,0.19172072,0.562004911495219,33.15682,2.2301347
2020,12,2020-11-29,2020_12_CAR_MIN,MIN,0.21068363,0.5602037034440109,32.450756,2.3164983
2020,13,2020-12-06,2020_13_JAX_MIN,MIN,0.13037609,0.545999977876649,33.359848,2.13468
2020,14,2020-12-13,2020_14_MIN_TB,MIN,-0.24733353,0.5634587690854402,31.298737,1.7791246
2020,15,2020-12-20,2020_15_CHI_MIN,MIN,-0.21908516,0.5546612201837247,29.465403,1.8531986
2020,16,2020-12-25,2020_16_MIN_NO,MIN,0.1582705,0.5443135091619941,30.234848,2.1254208
2020,17,2021-01-03,2020_17_MIN_DET,MIN,0.80457765,0.5039974699823185,36.810604,2.7163298
2021,1,2021-09-12,2021_01_MIN_CIN,MIN,,,,
2021,2,2021-09-19,2021_02_MIN_ARI,MIN,,,,
2021,3,2021-09-26,2021_03_SEA_MIN,MIN,,,,
2021,4,2021-10-03,2021_04_CLE_MIN,MIN,,,,
2021,5,2021-10-10,2021_05_DET_MIN,MIN,,,,
2021,6,2021-10-17,2021_06_MIN_CAR,MIN,,,,
2021,8,2021-10-31,2021_08_DAL_MIN,MIN,-0.2100677,0.605805480757199,30.560057,1.7957296
2021,9,2021-11-07,2021_09_MIN_BAL,MIN,-0.28873244,0.6037313796446363,32.216232,1.7526063
2021,10,2021-11-14,2021_10_MIN_LAC,MIN,-0.1778388,0.6076053991436557,33.08375,1.7889309
2021,11,2021-11-21,2021_11_GB_MIN,MIN,-0.3492874,0.6393948288497521,30.096718,1.8074495
2021,12,2021-11-28,2021_12_MIN_SF,MIN,0.11628116,0.620669199627533,33.760017,2.1694024
2021,13,2021-12-05,2021_13_MIN_DET,MIN,0.3616817,0.6079634842902387,35.241077,2.3840487
2021,14,2021-12-09,2021_14_PIT_MIN,MIN,0.4848748,0.6011383880901425,37.199413,2.5576599
2021,15,2021-12-20,2021_15_MIN_CHI,MIN,0.3692288,0.6016640529015216,35.339024,2.5879629
2021,16,2021-12-26,2021_16_LA_MIN,MIN,-0.033872645,0.6115523022784074,34.000637,2.2521045
2021,17,2022-01-02,2021_17_MIN_GB,MIN,0.018903965,0.5948627418388469,34.728413,2.2521045
2021,18,2022-01-09,2021_18_CHI_MIN,MIN,-0.08177628,0.5740873752301469,33.368145,2.2386363
2022,1,2022-09-11,2022_01_GB_MIN,MIN,,,,
2022,2,2022-09-19,2022_02_MIN_PHI,MIN,,,,
2022,3,2022-09-25,2022_03_DET_MIN,MIN,,,,
2022,4,2022-10-02,2022_04_MIN_NO,MIN,,,,
2022,5,2022-10-09,2022_05_CHI_MIN,MIN,,,,
2022,6,2022-10-16,2022_06_MIN_MIA,MIN,,,,
2022,8,2022-10-30,2022_08_ARI_MIN,MIN,-0.13138859,0.6070111948236948,35.76387,1.9048702
2022,9,2022-11-06,2022_09_MIN_WAS,MIN,0.018778967,0.5897182254473922,35.850994,2.1599207
2022,10,2022-11-13,2022_10_MIN_BUF,MIN,-0.10852364,0.6069551551843219,31.40377,1.9960318
2022,11,2022-11-20,2022_11_DAL_MIN,MIN,-0.0471151,0.5828645467187133,31.85676,2.047314
2022,12,2022-11-24,2022_12_NE_MIN,MIN,0.17749299,0.5720203908745575,33.82343,2.297314
2022,13,2022-12-04,2022_13_NYJ_MIN,MIN,0.14315191,0.5756707335874002,34.374565,2.23292
2022,14,2022-12-11,2022_14_MIN_DET,MIN,0.29455593,0.5743869479286146,35.672184,2.3479993
2022,15,2022-12-17,2022_15_IND_MIN,MIN,0.54393053,0.5626463582713582,37.494152,2.5020397
2022,16,2022-12-24,2022_16_NYG_MIN,MIN,0.49132454,0.5440659417742751,36.998783,2.4881508
2022,17,2023-01-01,2022_17_MIN_GB,MIN,0.53648305,0.5562172164255498,37.54074,2.4671717
2022,18,2023-01-08,2022_18_MIN_CHI,MIN,0.26629293,0.5469521450771451,34.282406,2.286616
2023,1,2023-09-10,2023_01_TB_MIN,MIN,,,,
2023,2,2023-09-14,2023_02_MIN_PHI,MIN,,,,
2023,3,2023-09-24,2023_03_LAC_MIN,MIN,,,,
2023,4,2023-10-01,2023_04_MIN_CAR,MIN,,,,
2023,5,2023-10-08,2023_05_KC_MIN,MIN,,,,
2023,6,2023-10-15,2023_06_MIN_CHI,MIN,,,,
2023,7,2023-10-23,2023_07_SF_MIN,MIN,-0.11186088,0.6034121964755995,30.508596,2.0094697
2023,8,2023-10-29,2023_08_MIN_GB,MIN,-0.044006467,0.5791879071197312,33.166004,2.0465066
2023,9,2023-11-05,2023_09_MIN_ATL,MIN,-0.4494213,0.6052987247411267,31.69378,1.7409512
2023,10,2023-11-12,2023_10_NO_MIN,MIN,-0.59578115,0.6265612585036605,29.240402,1.650042
2023,11,2023-11-19,2023_11_MIN_DEN,MIN,-0.4332508,0.654025090967493,29.366274,1.7875713
2023,12,2023-11-27,2023_12_CHI_MIN,MIN,-0.73671126,0.6611114231958707,26.898474,1.543253
2023,14,2023-12-10,2023_14_MIN_LV,MIN,-0.71607774,0.6726392422359445,28.656164,1.5765864
2023,15,2023-12-16,2023_15_MIN_CIN,MIN,-1.0818733,0.713122640011009,25.227388,1.2617716
2023,16,2023-12-24,2023_16_DET_MIN,MIN,-0.7376158,0.7020929806725261,25.977388,1.4701048
2023,17,2023-12-31,2023_17_GB_MIN,MIN,-0.4824027,0.6908118870384913,27.127739,1.591317
2023,18,2024-01-07,2023_18_MIN_DET,MIN,-0.12295445,0.6500345625111669,31.320047,1.8977274
2024,1,2024-09-08,2024_01_MIN_NYG,MIN,,,,
2024,2,2024-09-15,2024_02_SF_MIN,MIN,,,,
2024,3,2024-09-22,2024_03_HOU_MIN,MIN,,,,
2024,4,2024-09-29,2024_04_MIN_GB,MIN,,,,
2024,5,2024-10-06,2024_05_NYJ_MIN,MIN,,,,
2024,7,2024-10-20,2024_07_DET_MIN,MIN,,,,
2024,8,2024-10-24,2024_08_MIN_LA,MIN,-1.0581949,0.5986938075953229,29.090754,1.490171
2024,9,2024-11-03,2024_09_IND_MIN,MIN,-0.4951726,0.5819651401722109,32.60254,1.9177804
2024,10,2024-11-10,2024_10_MIN_JAX,MIN,-0.5980784,0.5881636512570857,29.441933,1.7405076
2024,11,2024-11-17,2024_11_MIN_TEN,MIN,-0.43140098,0.5754170291922817,27.340418,1.7511138
2024,12,2024-11-24,2024_12_MIN_CHI,MIN,-0.518908,0.5988621979404808,26.606073,1.6258612
2024,13,2024-12-01,2024_13_ARI_MIN,MIN,-0.28171346,0.5829281320064149,28.111567,1.729341
2024,14,2024-12-08,2024_14_ATL_MIN,MIN,-0.29163417,0.5797082500365328,28.953993,1.6263107
2024,15,2024-12-16,2024_15_CHI_MIN,MIN,-0.5376631,0.5694555654782928,30.105843,1.4577922
2024,16,2024-12-22,2024_16_MIN_SEA,MIN,-0.46698126,0.5765742885061067,30.96948,1.5335498
2024,17,2024-12-29,2024_17_GB_MIN,MIN,-0.24641417,0.5656743165644681,33.600037,1.7502165
2024,18,2025-01-05,2024_18_MIN_DET,MIN,-0.12604502,0.5378518276056156,33.69549,1.9699135
2016,1,2016-09-11,2016_01_NE_ARI,NE,,,,
2016,2,2016-09-18,2016_02_MIA_NE,NE,,,,
2016,3,2016-09-22,2016_03_HOU_NE,NE,,,,
2016,4,2016-10-02,2016_04_BUF_NE,NE,,,,
2016,5,2016-10-09,2016_05_NE_CLE,NE,,,,
2016,6,2016-10-16,2016_06_CIN_NE,NE,,,,
2016,7,2016-10-23,2016_07_NE_PIT,NE,-0.34515607,0.6385550945967613,32.030556,1.4296297
2016,8,2016-10-30,2016_08_NE_BUF,NE,-0.4622842,0.6410764621181289,31.505554,1.3018519
2016,10,2016-11-13,2016_10_SEA_NE,NE,-0.4314113,0.6626125754156057,30.885605,1.3473064
2016,11,2016-11-20,2016_11_NE_SF,NE,0.32448995,0.6302792605822909,34.24458,1.863973
2016,12,2016-11-27,2016_12_NE_NYJ,NE,0.13865717,0.6515434901798539,31.774885,1.8252525
2016,13,2016-12-04,2016_13_LA_NE,NE,0.20780843,0.6402986743895835,33.461365,1.9161615
2016,14,2016-12-12,2016_14_BAL_NE,NE,-0.03826766,0.6525906416815508,29.588287,1.7610334
2016,15,2016-12-18,2016_15_NE_DEN,NE,0.09185485,0.6551506808487328,28.522812,1.8126206
2016,16,2016-12-24,2016_16_NYJ_NE,NE,-0.20186307,0.6483963135830019,27.087204,1.4754995
2016,17,2017-01-01,2016_17_NE_MIA,NE,-0.9356261,0.7000224883341767,23.406649,1.0004995
2017,1,2017-09-07,2017_01_KC_NE,NE,,,,
2017,2,2017-09-17,2017_02_NE_NO,NE,,,,
2017,3,2017-09-24,2017_03_HOU_NE,NE,,,,
2017,4,2017-10-01,2017_04_CAR_NE,NE,,,,
2017,5,2017-10-05,2017_05_NE_TB,NE,,,,
2017,6,2017-10-15,2017_06_NE_NYJ,NE,,,,
2017,7,2017-10-22,2017_07_ATL_NE,NE,0.58069676,0.5622391757442123,38.458454,2.221154
2017,8,2017-10-29,2017_08_LAC_NE,NE,0.22662729,0.5709798398420193,39.21143,1.8669872
2017,10,2017-11-12,2017_10_NE_DEN,NE,0.23459107,0.5761284412406207,37.878098,1.7503204
2017,11,2017-11-19,2017_11_NE_OAK,NE,0.061119944,0.60388371659205,38.181946,1.6708332
2017,12,2017-11-26,2017_12_MIA_NE,NE,-0.338421,0.6114832339954889,36.36713,1.2078704
2017,13,2017-12-03,2017_13_NE_BUF,NE,-0.43882605,0.6066862562818445,33.75602,1.1662036
2017,14,2017-12-11,2017_14_NE_MIA,NE,-0.6653032,0.6202452050491266,32.55602,0.9800926
2017,15,2017-12-17,2017_15_NE_PIT,NE,-0.5115231,0.6277569393465753,29.71971,1.1556878
2017,16,2017-12-24,2017_16_BUF_NE,NE,-0.34850657,0.6251914148202663,31.551191,1.3834656
2017,17,2017-12-31,2017_17_NYJ_NE,NE,-0.42883718,0.6090149755188271,31.334524,1.2834656
2018,1,2018-09-09,2018_01_HOU_NE,NE,,,,
2018,2,2018-09-16,2018_02_NE_JAX,NE,,,,
2018,3,2018-09-23,2018_03_NE_DET,NE,,,,
2018,4,2018-09-30,2018_04_MIA_NE,NE,,,,
2018,5,2018-10-04,2018_05_IND_NE,NE,,,,
2018,6,2018-10-14,2018_06_KC_NE,NE,,,,
2018,7,2018-10-21,2018_07_NE_CHI,NE,0.04160036,0.6230295665333544,32.77568,2.145066
2018,8,2018-10-29,2018_08_NE_BUF,NE,0.075658925,0.6153990114623231,34.557426,2.2918913
2018,9,2018-11-04,2018_09_GB_NE,NE,-0.37017187,0.6304763723730173,31.909698,1.9055277
2018,10,2018-11-11,2018_10_NE_TEN,NE,-0.37118044,0.6214170289386739,31.126366,1.7555279
2018,12,2018-11-25,2018_12_NE_NYJ,NE,0.1311878,0.5808954713716618,34.353638,2.1646187
2018,13,2018-12-02,2018_13_MIN_NE,NE,0.16348101,0.5864266069027974,34.35877,2.0735931
2018,14,2018-12-09,2018_14_NE_MIA,NE,-0.32034922,0.6083384492691851,31.81331,1.6190476
2018,15,2018-12-16,2018_15_NE_PIT,NE,-0.10059226,0.6017895418274206,32.662876,1.7651515
2018,16,2018-12-23,2018_16_BUF_NE,NE,0.35532072,0.590059250513796,34.304546,1.9651514
2018,17,2018-12-30,2018_17_NYJ_NE,NE,-0.026109228,0.5947898902444357,31.398989,1.8151516
2019,1,2019-09-08,2019_01_PIT_NE,NE,,,,
2019,2,2019-09-15,2019_02_NE_MIA,NE,,,,
2019,3,2019-09-22,2019_03_NYJ_NE,NE,,,,
2019,4,2019-09-29,2019_04_NE_BUF,NE,,,,
2019,5,2019-10-06,2019_05_NE_WAS,NE,,,,
2019,6,2019-10-10,2019_06_NYG_NE,NE,,,,
2019,7,2019-10-21,2019_07_NE_NYJ,NE,-2.0750172,0.7060888494221828,17.75342,0.43275616
2019,8,2019-10-27,2019_08_CLE_NE,NE,-2.298339,0.7179154487487821,15.061111,0.3873016
2019,9,2019-11-03,2019_09_NE_BAL,NE,-1.9513732,0.7125758097552969,16.676497,0.55396825
2019,11,2019-11-17,2019_11_NE_PHI,NE,-1.4235264,0.6856582888442695,21.062859,0.92842716
2019,12,2019-11-24,2019_12_DAL_NE,NE,-1.2773062,0.6801518904807283,19.867804,0.93758464
2019,13,2019-12-01,2019_13_NE_HOU,NE,-1.2958428,0.6585862339150718,21.84836,0.98480684
2019,14,2019-12-08,2019_14_KC_NE,NE,-0.7688251,0.657302993346117,23.494463,1.3138112
2019,15,2019-12-15,2019_15_NE_CIN,NE,-0.36909103,0.6407771580702817,26.32566,1.6332556
2019,16,2019-12-21,2019_16_BUF_NE,NE,-0.36470294,0.6377735199704897,26.726301,1.6471444
2019,17,2019-12-29,2019_17_MIA_NE,NE,-0.6100481,0.6552683273516607,25.556604,1.460781
2020,1,2020-09-13,2020_01_MIA_NE,NE,,,,
2020,2,2020-09-20,2020_02_NE_SEA,NE,,,,
2020,3,2020-09-27,2020_03_LV_NE,NE,,,,
2020,4,2020-10-05,2020_04_NE_KC,NE,,,,
2020,6,2020-10-18,2020_06_DEN_NE,NE,,,,
2020,7,2020-10-25,2020_07_SF_NE,NE,,,,
2020,8,2020-11-01,2020_08_NE_BUF,NE,0.47147056,0.5825531772753995,35.922726,2.276936
2020,9,2020-11-09,2020_09_NE_NYJ,NE,0.63762057,0.5863913658358103,36.55421,2.4732325
2020,10,2020-11-15,2020_10_BAL_NE,NE,0.73647004,0.5938476132920577,35.367172,2.389899
2020,11,2020-11-22,2020_11_NE_HOU,NE,0.8976422,0.5791848069625848,36.296467,2.4016836
2020,12,2020-11-29,2020_12_ARI_NE,NE,1.0733694,0.5822411641856086,38.791416,2.598653
2020,13,2020-12-06,2020_13_NE_LAC,NE,1.0107846,0.5631669256669257,39.77963,2.6407406
2020,14,2020-12-10,2020_14_NE_LA,NE,-0.13358442,0.6108441595815334,35.040573,2.0296297
2020,15,2020-12-20,2020_15_NE_MIA,NE,-0.3594475,0.6192513388220459,33.80724,1.8796296
2020,16,2020-12-28,2020_16_BUF_NE,NE,-0.5129432,0.6408377256862106,34.973904,1.787037
2020,17,2021-01-03,2020_17_NYJ_NE,NE,-0.036909204,0.642998589513741,36.262794,2.1055555
2021,1,2021-09-12,2021_01_MIA_NE,NE,,,,
2021,2,2021-09-19,2021_02_NE_NYJ,NE,,,,
2021,3,2021-09-26,2021_03_NO_NE,NE,,,,
2021,4,2021-10-03,2021_04_TB_NE,NE,,,,
2021,5,2021-10-10,2021_05_NE_HOU,NE,,,,
2021,6,2021-10-17,2021_06_DAL_NE,NE,,,,
2021,7,2021-10-24,2021_07_NYJ_NE,NE,-0.23073556,0.6247008579623818,31.796005,1.7041893
2021,8,2021-10-31,2021_08_NE_LAC,NE,-0.38947633,0.6220455400292861,31.530012,1.5863442
2021,9,2021-11-07,2021_09_NE_CAR,NE,-0.1859525,0.6354449878037339,31.988344,1.8363442
2021,10,2021-11-14,2021_10_CLE_NE,NE,-0.616633,0.6612786238646428,32.39394,1.645202
2021,11,2021-11-18,2021_11_NE_ATL,NE,-0.826736,0.6609434561275142,30.63973,1.4869529
2021,12,2021-11-28,2021_12_TEN_NE,NE,-1.3650428,0.6619256780965782,27.685186,1.1536195
2021,13,2021-12-06,2021_13_NE_BUF,NE,-1.6225163,0.6787520298494005,25.188972,0.9478114
2021,15,2021-12-18,2021_15_NE_IND,NE,-1.6262411,0.6809753158226867,24.143518,0.9023569
2021,16,2021-12-26,2021_16_BUF_NE,NE,-1.5602847,0.6550929805653513,23.185186,0.88720536
2021,17,2022-01-02,2021_17_JAX_NE,NE,-0.6761206,0.6252697218056694,27.474747,1.4074074
2021,18,2022-01-09,2021_18_NE_MIA,NE,-0.7638119,0.6386844951224037,27.672895,1.4444445
2022,1,2022-09-11,2022_01_NE_MIA,NE,,,,
2022,2,2022-09-18,2022_02_NE_PIT,NE,,,,
2022,3,2022-09-25,2022_03_BAL_NE,NE,,,,
2022,4,2022-10-02,2022_04_NE_GB,NE,,,,
2022,5,2022-10-09,2022_05_DET_NE,NE,,,,
2022,6,2022-10-16,2022_06_NE_CLE,NE,,,,
2022,7,2022-10-24,2022_07_CHI_NE,NE,-0.5052409,0.6368088187532632,30.723808,1.5621694
2022,8,2022-10-30,2022_08_NE_NYJ,NE,-0.43692756,0.6462742644560826,30.947716,1.80291
2022,9,2022-11-06,2022_09_IND_NE,NE,-0.5750014,0.6462356842091691,31.785677,1.7797619
2022,11,2022-11-20,2022_11_NYJ_NE,NE,-1.2499849,0.6684338564073413,27.6579,1.2992064
2022,12,2022-11-24,2022_12_NE_MIN,NE,-1.562523,0.693036337259822,23.704603,1.0162393
2022,13,2022-12-01,2022_13_BUF_NE,NE,-1.0081788,0.6791104891427975,23.928846,1.5162393
2022,14,2022-12-12,2022_14_NE_ARI,NE,-0.59361774,0.6651251625594318,25.289957,1.7079059
2022,15,2022-12-18,2022_15_NE_LV,NE,-1.0844365,0.6716661769602945,23.866976,1.3884616
2022,16,2022-12-24,2022_16_CIN_NE,NE,-1.0087332,0.6691474379832223,22.440697,1.4600428
2022,17,2023-01-01,2022_17_MIA_NE,NE,-0.5928691,0.6371249851274361,27.23514,1.732265
2022,18,2023-01-08,2022_18_NE_BUF,NE,-0.35621175,0.6119473849498359,30.960083,2.0119853
2023,1,2023-09-10,2023_01_PHI_NE,NE,,,,
2023,2,2023-09-17,2023_02_MIA_NE,NE,,,,
2023,3,2023-09-24,2023_03_NE_NYJ,NE,,,,
2023,4,2023-10-01,2023_04_NE_DAL,NE,,,,
2023,5,2023-10-08,2023_05_NO_NE,NE,,,,
2023,6,2023-10-15,2023_06_NE_LV,NE,,,,
2023,7,2023-10-22,2023_07_BUF_NE,NE,-0.15926836,0.6249006427875475,26.160454,1.7421061
2023,8,2023-10-29,2023_08_NE_MIA,NE,-0.0037650813,0.5994134170114562,28.855692,1.9325823
2023,9,2023-11-05,2023_09_WAS_NE,NE,-0.04986624,0.6226940851450655,28.870842,2.038643
2023,10,2023-11-12,2023_10_IND_NE,NE,0.26626226,0.6003015471275276,32.678535,2.1882155
2023,12,2023-11-26,2023_12_NE_NYG,NE,0.19325398,0.6285042086635223,31.814646,1.9937711
2023,13,2023-12-03,2023_13_LAC_NE,NE,0.042145055,0.6350124457967595,31.492424,1.8215488
2023,14,2023-12-07,2023_14_NE_PIT,NE,-0.15660608,0.6252146818323289,28.699493,1.560606
2023,15,2023-12-17,2023_15_KC_NE,NE,-0.43362617,0.6467521041050454,26.182829,1.358225
2023,16,2023-12-24,2023_16_NE_DEN,NE,-0.5852284,0.6524010533625918,24.453224,1.234682
2023,17,2023-12-31,2023_17_NE_BUF,NE,-0.8692804,0.6585242588607972,21.564337,1.2124597
2023,18,2024-01-07,2023_18_NYJ_NE,NE,-0.9644558,0.6313831129696514,20.7669,1.3150239
2024,1,2024-09-08,2024_01_NE_CIN,NE,,,,
2024,2,2024-09-15,2024_02_SEA_NE,NE,,,,
2024,3,2024-09-19,2024_03_NE_NYJ,NE,,,,
2024,4,2024-09-29,2024_04_NE_SF,NE,,,,
2024,5,2024-10-06,2024_05_MIA_NE,NE,,,,
2024,6,2024-10-13,2024_06_HOU_NE,NE,,,,
2024,7,2024-10-20,2024_07_NE_JAX,NE,0.26859328,0.5699079189756711,33.97565,2.0764792
2024,8,2024-10-27,2024_08_NYJ_NE,NE,0.627208,0.5385827626505147,36.08676,2.3496273
2024,9,2024-11-03,2024_09_NE_TEN,NE,0.5770697,0.5408884662062183,36.71454,2.3968494
2024,10,2024-11-10,2024_10_NE_CHI,NE,0.29424536,0.5634820289986447,33.93676,2.1746273
2024,11,2024-11-17,2024_11_LA_NE,NE,-0.043205883,0.5827714306744101,30.102165,1.8867484
2024,12,2024-11-24,2024_12_NE_MIA,NE,0.26001325,0.5540259223700783,31.165802,2.1261423
2024,13,2024-12-01,2024_13_IND_NE,NE,0.17877305,0.548658769681497,31.5669,2.0739446
2024,15,2024-12-15,2024_15_NE_ARI,NE,0.030211583,0.5767251477478751,29.511345,2.055426
2024,16,2024-12-22,2024_16_NE_BUF,NE,0.2818612,0.5751976269147986,31.226158,2.244315
2024,17,2024-12-28,2024_17_LAC_NE,NE,0.4393293,0.5469280850088932,31.070604,2.2665372
2024,18,2025-01-05,2024_18_BUF_NE,NE,1.1904622,0.5133275777720222,36.05242,2.8877494
2016,1,2016-09-11,2016_01_OAK_NO,NO,,,,
2016,2,2016-09-18,2016_02_NO_NYG,NO,,,,
2016,3,2016-09-26,2016_03_ATL_NO,NO,,,,
2016,4,2016-10-02,2016_04_NO_SD,NO,,,,
2016,6,2016-10-16,2016_06_CAR_NO,NO,,,,
2016,7,2016-10-23,2016_07_NO_KC,NO,,,,
2016,8,2016-10-30,2016_08_SEA_NO,NO,0.8938164,0.5591884389083268,35.30895,2.5574703
2016,9,2016-11-06,2016_09_NO_SF,NO,0.5888751,0.5507901705100585,33.86804,2.2605007
2016,10,2016-11-13,2016_10_DEN_NO,NO,0.69923896,0.5478843186458732,34.826374,2.441056
2016,11,2016-11-17,2016_11_NO_CAR,NO,0.10989126,0.5836885452834332,32.140263,2.1105006
2016,12,2016-11-27,2016_12_LA_NO,NO,0.10144327,0.566798354863831,31.083153,2.023088
2016,13,2016-12-04,2016_13_DET_NO,NO,-0.19578838,0.5638777965861299,29.392677,1.8399378
2016,14,2016-12-11,2016_14_NO_TB,NO,-0.13923058,0.5692419540336208,31.77416,2.0084565
2016,15,2016-12-18,2016_15_NO_ARI,NO,-0.12218062,0.5855911603828271,30.290825,2.0417898
2016,16,2016-12-24,2016_16_TB_NO,NO,0.0599326,0.5808479763782795,29.980219,2.2526484
2016,17,2017-01-01,2016_17_NO_ATL,NO,0.23468195,0.57195676470929,31.762627,2.3776484
2017,1,2017-09-11,2017_01_NO_MIN,NO,,,,
2017,2,2017-09-17,2017_02_NE_NO,NO,,,,
2017,3,2017-09-24,2017_03_NO_CAR,NO,,,,
2017,4,2017-10-01,2017_04_NO_MIA,NO,,,,
2017,6,2017-10-15,2017_06_DET_NO,NO,,,,
2017,7,2017-10-22,2017_07_NO_GB,NO,,,,
2017,8,2017-10-29,2017_08_CHI_NO,NO,-0.079002164,0.6117662509950522,33.57534,1.8651072
2017,9,2017-11-05,2017_09_TB_NO,NO,-0.49504444,0.6376414653803676,29.523153,1.5098883
2017,10,2017-11-12,2017_10_NO_BUF,NO,-1.1598198,0.6712990367652116,23.303457,1.0614035
2017,11,2017-11-19,2017_11_WAS_NO,NO,-1.215608,0.6815759126670876,21.803457,1.0114036
2017,12,2017-11-26,2017_12_NO_LA,NO,-0.71800655,0.6815901474035447,25.268103,1.4811006
2017,13,2017-12-03,2017_13_CAR_NO,NO,-0.28751957,0.6675196702848218,27.98813,1.6141415
2017,14,2017-12-07,2017_14_NO_ATL,NO,-0.3673729,0.6725014940166455,27.88207,1.6489898
2017,15,2017-12-17,2017_15_NYJ_NO,NO,-0.21770197,0.648030932992468,28.947222,1.800505
2017,16,2017-12-24,2017_16_ATL_NO,NO,-0.07563264,0.6393789714661747,29.68615,1.8925797
2017,17,2017-12-31,2017_17_NO_TB,NO,-0.04277469,0.6422569730941764,30.62974,1.8925797
2018,1,2018-09-09,2018_01_TB_NO,NO,,,,
2018,2,2018-09-16,2018_02_CLE_NO,NO,,,,
2018,3,2018-09-23,2018_03_NO_ATL,NO,,,,
2018,4,2018-09-30,2018_04_NO_NYG,NO,,,,
2018,5,2018-10-08,2018_05_WAS_NO,NO,,,,
2018,7,2018-10-21,2018_07_NO_BAL,NO,,,,
2018,8,2018-10-28,2018_08_NO_MIN,NO,0.3635435,0.5919679575296406,34.728027,2.438711
2018,9,2018-11-04,2018_09_LA_NO,NO,-0.16125636,0.6146947527932006,34.430805,2.188711
2018,10,2018-11-11,2018_10_NO_CIN,NO,0.16859834,0.5976573534641346,37.23762,2.469014
2018,11,2018-11-18,2018_11_PHI_NO,NO,-0.13549553,0.6033557781331474,36.701725,2.2279882
2018,12,2018-11-22,2018_12_ATL_NO,NO,-0.3469684,0.6133203043476737,34.654755,2.0340488
2018,13,2018-11-29,2018_13_NO_DAL,NO,-0.35181162,0.6165392253443724,35.514015,1.9655304
2018,14,2018-12-09,2018_14_NO_TB,NO,-0.76162547,0.6307649608017255,33.905216,1.7271043
2018,15,2018-12-17,2018_15_NO_CAR,NO,-0.8587961,0.6382812179403089,31.08249,1.6058922
2018,16,2018-12-23,2018_16_PIT_NO,NO,-1.233677,0.6577477699068609,27.850672,1.1922559
2018,17,2018-12-30,2018_17_CAR_NO,NO,-0.9709029,0.6606366729428227,29.647644,1.383165
2019,1,2019-09-09,2019_01_HOU_NO,NO,,,,
2019,2,2019-09-15,2019_02_NO_LA,NO,,,,
2019,3,2019-09-22,2019_03_NO_SEA,NO,,,,
2019,4,2019-09-29,2019_04_DAL_NO,NO,,,,
2019,5,2019-10-06,2019_05_TB_NO,NO,,,,
2019,6,2019-10-13,2019_06_NO_JAX,NO,,,,
2019,7,2019-10-20,2019_07_NO_CHI,NO,-0.17505015,0.6701969437653199,32.358093,1.9225849
2019,8,2019-10-27,2019_08_ARI_NO,NO,-0.55156106,0.669642457099722,27.715235,1.7016854
2019,10,2019-11-10,2019_10_ATL_NO,NO,-0.89515686,0.6863396487969138,25.907661,1.4425945
2019,11,2019-11-17,2019_11_NO_TB,NO,-0.7727928,0.6870953157227667,25.188288,1.577922
2019,12,2019-11-24,2019_12_CAR_NO,NO,-0.74900097,0.6804850330013729,25.995695,1.6760702
2019,13,2019-11-28,2019_13_NO_ATL,NO,-0.602602,0.6675975038638438,28.027514,1.8291005
2019,14,2019-12-08,2019_14_SF_NO,NO,-0.6204835,0.6502595640259039,28.722383,1.9598697
2019,15,2019-12-16,2019_15_IND_NO,NO,-0.23330157,0.6384396256128282,32.865242,2.3289173
2019,16,2019-12-22,2019_16_NO_TEN,NO,-0.26865008,0.6415976943958971,33.186077,2.3247507
2019,17,2019-12-29,2019_17_NO_CAR,NO,-0.35526577,0.6234997187815815,32.40545,2.2022436
2020,1,2020-09-13,2020_01_TB_NO,NO,,,,
2020,2,2020-09-21,2020_02_NO_LV,NO,,,,
2020,3,2020-09-27,2020_03_GB_NO,NO,,,,
2020,4,2020-10-04,2020_04_NO_DET,NO,,,,
2020,5,2020-10-12,2020_05_LAC_NO,NO,,,,
2020,7,2020-10-25,2020_07_CAR_NO,NO,,,,
2020,8,2020-11-01,2020_08_NO_CHI,NO,0.7552988,0.5797598658890145,32.408367,2.8939393
2020,9,2020-11-08,2020_09_NO_TB,NO,0.8665063,0.5832615229621002,32.93584,2.9150016
2020,10,2020-11-15,2020_10_SF_NO,NO,0.17243429,0.6218819560269777,28.893753,2.3308265
2020,11,2020-11-22,2020_11_ATL_NO,NO,-0.24307072,0.6466420023779332,27.56042,1.9671903
2020,12,2020-11-29,2020_12_NO_DEN,NO,-0.6136965,0.6739995214021189,26.077255,1.5665169
2020,13,2020-12-06,2020_13_NO_ATL,NO,-0.9661148,0.6887855620810166,23.466143,1.286755
2020,14,2020-12-13,2020_14_NO_PHI,NO,-1.3883423,0.7213222383676929,21.339159,0.9375486
2020,15,2020-12-20,2020_15_KC_NO,NO,-1.3266219,0.7095497515952062,22.857323,0.9760101
2020,16,2020-12-25,2020_16_MIN_NO,NO,-0.9127562,0.6889312675151836,25.212801,1.3408121
2020,17,2021-01-03,2020_17_NO_CAR,NO,-0.6153862,0.6823322688707304,26.470377,1.6438422
2021,1,2021-09-12,2021_01_GB_NO,NO,,,,
2021,2,2021-09-19,2021_02_NO_CAR,NO,,,,
2021,3,2021-09-26,2021_03_NO_NE,NO,,,,
2021,4,2021-10-03,2021_04_NYG_NO,NO,,,,
2021,5,2021-10-10,2021_05_NO_WAS,NO,,,,
2021,7,2021-10-25,2021_07_NO_SEA,NO,,,,
2021,8,2021-10-31,2021_08_TB_NO,NO,-0.83470106,0.6272787097560567,29.604378,1.4633838
2021,9,2021-11-07,2021_09_ATL_NO,NO,-0.5695968,0.6250311373695954,31.21086,1.7828283
2021,10,2021-11-14,2021_10_NO_TEN,NO,-0.5995183,0.6407484764937973,31.436869,1.8308082
2021,11,2021-11-21,2021_11_NO_PHI,NO,-0.32706663,0.6354687820596912,31.270203,1.9987373
2021,12,2021-11-25,2021_12_BUF_NO,NO,-0.43097785,0.64361219308189,28.113638,1.9674243
2021,13,2021-12-02,2021_13_DAL_NO,NO,-0.23976274,0.628235393955091,28.949747,2.1785352
2021,14,2021-12-12,2021_14_NO_NYJ,NO,-0.15461655,0.6314907469074136,29.820456,2.2603536
2021,15,2021-12-19,2021_15_NO_TB,NO,-0.3038458,0.6454288150121484,27.528788,2.0103536
2021,16,2021-12-27,2021_16_MIA_NO,NO,-0.6530026,0.6434331255164589,25.855127,1.6012626
2021,17,2022-01-02,2021_17_CAR_NO,NO,-0.794432,0.6436907382740716,25.452353,1.4472222
2021,18,2022-01-09,2021_18_NO_ATL,NO,-1.1130843,0.6695718633218634,24.196795,1.236111
2022,1,2022-09-11,2022_01_NO_ATL,NO,,,,
2022,2,2022-09-18,2022_02_TB_NO,NO,,,,
2022,3,2022-09-25,2022_03_NO_CAR,NO,,,,
2022,4,2022-10-02,2022_04_MIN_NO,NO,,,,
2022,5,2022-10-09,2022_05_SEA_NO,NO,,,,
2022,6,2022-10-16,2022_06_CIN_NO,NO,,,,
2022,7,2022-10-20,2022_07_NO_ARI,NO,0.21228088,0.6196665966308824,28.005713,2.024975
2022,8,2022-10-30,2022_08_LV_NO,NO,0.31290248,0.6281619411556386,27.255713,2.1083083
2022,9,2022-11-07,2022_09_BAL_NO,NO,0.055343658,0.6405435410372385,27.549362,1.9416417
2022,10,2022-11-13,2022_10_NO_PIT,NO,0.29850838,0.6273149302887865,29.968674,2.2511656
2022,11,2022-11-20,2022_11_LA_NO,NO,0.10338948,0.6294507574246136,30.498978,2.1299534
2022,12,2022-11-27,2022_12_NO_SF,NO,0.093551606,0.621727924701781,30.512962,2.0227273
2022,13,2022-12-05,2022_13_NO_TB,NO,-0.22536623,0.6318319873058434,30.583334,1.7634681
2022,15,2022-12-18,2022_15_ATL_NO,NO,-0.39385843,0.6423341658561504,31.30303,1.6043772
2022,16,2022-12-24,2022_16_NO_CLE,NO,0.035784453,0.6220005180225026,33.280807,1.9043771
2022,17,2023-01-01,2022_17_NO_PHI,NO,-0.41261134,0.647440352175787,31.5234,1.5710438
2022,18,2023-01-08,2022_18_CAR_NO,NO,-0.69421965,0.6708536672557689,30.128199,1.4069023
2023,1,2023-09-10,2023_01_TEN_NO,NO,,,,
2023,2,2023-09-18,2023_02_NO_CAR,NO,,,,
2023,3,2023-09-24,2023_03_NO_GB,NO,,,,
2023,4,2023-10-01,2023_04_TB_NO,NO,,,,
2023,5,2023-10-08,2023_05_NO_NE,NO,,,,
2023,6,2023-10-15,2023_06_NO_HOU,NO,,,,
2023,7,2023-10-19,2023_07_JAX_NO,NO,-0.8633508,0.6828925151880979,23.690475,1.3876262
2023,8,2023-10-29,2023_08_NO_IND,NO,-0.7056008,0.6659797404628232,23.962912,1.4998058
2023,9,2023-11-05,2023_09_CHI_NO,NO,-0.6015775,0.678299557990974,25.464174,1.6172299
2023,10,2023-11-12,2023_10_NO_MIN,NO,-0.76490045,0.6803770816259843,26.289932,1.6248058
2023,12,2023-11-26,2023_12_NO_ATL,NO,-0.7407165,0.6813918766100775,26.330336,1.6058663
2023,13,2023-12-03,2023_13_DET_NO,NO,-0.16367587,0.6344058665883533,31.07319,1.9058663
2023,14,2023-12-10,2023_14_CAR_NO,NO,-0.1352029,0.6346005792830659,31.767637,2.086422
2023,15,2023-12-17,2023_15_NYG_NO,NO,-0.5691544,0.6463904098228964,31.745201,1.8492423
2023,16,2023-12-21,2023_16_NO_LA,NO,-0.89439684,0.6628754294329161,30.166498,1.5853535
2023,17,2023-12-31,2023_17_NO_TB,NO,-0.5432154,0.63220502536679,32.22407,1.8277777
2023,18,2024-01-07,2023_18_ATL_NO,NO,-0.6925256,0.6509690545474859,31.682405,1.6333333
2024,1,2024-09-08,2024_01_CAR_NO,NO,,,,
2024,2,2024-09-15,2024_02_NO_DAL,NO,,,,
2024,3,2024-09-22,2024_03_PHI_NO,NO,,,,
2024,4,2024-09-29,2024_04_NO_ATL,NO,,,,
2024,5,2024-10-07,2024_05_NO_KC,NO,,,,
2024,6,2024-10-13,2024_06_TB_NO,NO,,,,
2024,7,2024-10-17,2024_07_DEN_NO,NO,-0.2858753,0.578493442831678,35.57436,1.9615384
2024,8,2024-10-27,2024_08_NO_LAC,NO,0.1623466,0.5424737911870264,38.502777,2.2083333
2024,9,2024-11-03,2024_09_NO_CAR,NO,0.31398773,0.5555995871746645,37.4656,2.2250001
2024,10,2024-11-10,2024_10_ATL_NO,NO,0.48322842,0.5545937222483451,33.49287,2.3234847
2024,11,2024-11-17,2024_11_CLE_NO,NO,0.32912537,0.5401996567179159,35.333782,2.2477272
2024,13,2024-12-01,2024_13_LA_NO,NO,0.07603362,0.5619569690233567,34.40954,2.0265152
2024,14,2024-12-08,2024_14_NO_NYG,NO,0.14730762,0.5799075266961365,33.772503,1.915404
2024,15,2024-12-15,2024_15_WAS_NO,NO,-0.15678996,0.6193820567956666,32.56203,1.6814297
2024,16,2024-12-23,2024_16_NO_GB,NO,-0.14160179,0.5896891011158688,33.752914,1.7184668
2024,17,2024-12-29,2024_17_LV_NO,NO,0.21234785,0.5747699574088463,37.507122,1.9996115
2024,18,2025-01-05,2024_18_NO_TB,NO,0.3331804,0.5972432686979471,36.295002,2.1208236
2016,1,2016-09-11,2016_01_NYG_DAL,NYG,,,,
2016,2,2016-09-18,2016_02_NO_NYG,NYG,,,,
2016,3,2016-09-25,2016_03_WAS_NYG,NYG,,,,
2016,4,2016-10-03,2016_04_NYG_MIN,NYG,,,,
2016,5,2016-10-09,2016_05_NYG_GB,NYG,,,,
2016,6,2016-10-16,2016_06_BAL_NYG,NYG,,,,
2016,7,2016-10-23,2016_07_NYG_LA,NYG,0.08367608,0.6347792092403904,31.698114,1.8996115
2016,9,2016-11-06,2016_09_PHI_NYG,NYG,-0.10774437,0.6289240543609144,30.654526,1.71115
2016,10,2016-11-14,2016_10_CIN_NYG,NYG,-0.04348879,0.641559196996057,31.213112,1.7697358
2016,11,2016-11-20,2016_11_CHI_NYG,NYG,-0.297509,0.66273173360977,28.491667,1.586752
2016,12,2016-11-27,2016_12_NYG_CLE,NYG,-0.2929633,0.6499631696174298,28.572084,1.521484
2016,13,2016-12-04,2016_13_NYG_PIT,NYG,-0.47491834,0.6395670793529185,26.744308,1.3464841
2016,14,2016-12-11,2016_14_DAL_NYG,NYG,-0.5845597,0.6419430213121938,26.71653,1.3325952
2016,15,2016-12-18,2016_15_DET_NYG,NYG,-0.74482745,0.6674146721684601,25.182343,1.2821678
2016,16,2016-12-22,2016_16_NYG_PHI,NYG,-0.7476488,0.6638454635992515,25.169212,1.1175214
2016,17,2017-01-01,2016_17_NYG_WAS,NYG,-0.6962835,0.6580075515113394,25.451263,1.0918804
2017,1,2017-09-10,2017_01_NYG_DAL,NYG,,,,
2017,2,2017-09-18,2017_02_DET_NYG,NYG,,,,
2017,3,2017-09-24,2017_03_NYG_PHI,NYG,,,,
2017,4,2017-10-01,2017_04_NYG_TB,NYG,,,,
2017,5,2017-10-08,2017_05_LAC_NYG,NYG,,,,
2017,6,2017-10-15,2017_06_NYG_DEN,NYG,,,,
2017,7,2017-10-22,2017_07_SEA_NYG,NYG,-0.22562222,0.6242692793659188,31.549109,1.767589
2017,9,2017-11-05,2017_09_LA_NYG,NYG,-0.29290983,0.6349908366152538,30.192627,1.7490703
2017,10,2017-11-12,2017_10_NYG_SF,NYG,0.14606273,0.6150185670217722,32.868134,2.1846764
2017,11,2017-11-19,2017_11_KC_NYG,NYG,0.32463974,0.6151732271764323,36.22967,2.355189
2017,12,2017-11-23,2017_12_NYG_WAS,NYG,0.1882361,0.6195813190845243,35.24356,2.132967
2017,13,2017-12-03,2017_13_NYG_OAK,NYG,0.005574893,0.616171418799624,34.54118,2.0496337
2017,14,2017-12-10,2017_14_DAL_NYG,NYG,0.26368186,0.5964217240499292,34.400154,2.229121
2017,15,2017-12-17,2017_15_PHI_NYG,NYG,0.3848978,0.6000811818760536,34.31789,2.280403
2017,16,2017-12-24,2017_16_NYG_ARI,NYG,0.17838198,0.6072816588681973,32.484554,2.0442917
2017,17,2017-12-31,2017_17_WAS_NYG,NYG,-0.19101828,0.6219552260417646,28.02503,1.7300061
2018,1,2018-09-09,2018_01_JAX_NYG,NYG,,,,
2018,2,2018-09-16,2018_02_NYG_DAL,NYG,,,,
2018,3,2018-09-23,2018_03_NYG_HOU,NYG,,,,
2018,4,2018-09-30,2018_04_NO_NYG,NYG,,,,
2018,5,2018-10-07,2018_05_NYG_CAR,NYG,,,,
2018,6,2018-10-11,2018_06_PHI_NYG,NYG,,,,
2018,7,2018-10-22,2018_07_NYG_ATL,NYG,0.51612264,0.6377110285968829,31.871103,2.316919
2018,8,2018-10-28,2018_08_WAS_NYG,NYG,0.7889032,0.6216048992764679,35.29015,2.5335858
2018,10,2018-11-12,2018_10_NYG_SF,NYG,0.8360603,0.6067555125520812,35.774998,2.5083334
2018,11,2018-11-18,2018_11_TB_NYG,NYG,0.79876876,0.6186181112328617,34.325,2.4901514
2018,12,2018-11-25,2018_12_NYG_PHI,NYG,0.7553664,0.5974535558437074,35.56894,2.4704545
2018,13,2018-12-02,2018_13_CHI_NYG,NYG,0.78060704,0.584796644853463,36.45783,2.428788
2018,14,2018-12-09,2018_14_NYG_WAS,NYG,0.48645797,0.6047591668993184,35.371716,2.2565656
2018,15,2018-12-16,2018_15_TEN_NYG,NYG,0.031129466,0.6183237240353042,31.797907,2.0637085
2018,16,2018-12-23,2018_16_NYG_IND,NYG,0.020509603,0.6155352162467963,31.814575,2.0692642
2018,17,2018-12-30,2018_17_DAL_NYG,NYG,0.26388243,0.5979673043607027,32.847908,2.1874459
2019,1,2019-09-08,2019_01_NYG_DAL,NYG,,,,
2019,2,2019-09-15,2019_02_BUF_NYG,NYG,,,,
2019,3,2019-09-22,2019_03_NYG_TB,NYG,,,,
2019,4,2019-09-29,2019_04_WAS_NYG,NYG,,,,
2019,5,2019-10-06,2019_05_MIN_NYG,NYG,,,,
2019,6,2019-10-10,2019_06_NYG_NE,NYG,,,,
2019,7,2019-10-20,2019_07_ARI_NYG,NYG,0.27154863,0.6136385433206529,35.936325,2.1222556
2019,8,2019-10-27,2019_08_NYG_DET,NYG,-0.17196481,0.6245057085628183,31.105768,1.9139222
2019,9,2019-11-04,2019_09_DAL_NYG,NYG,-0.29811177,0.617628961077782,31.398699,1.9038211
2019,10,2019-11-10,2019_10_NYG_NYJ,NYG,-0.31578448,0.6081337109575319,30.959595,1.9369408
2019,12,2019-11-24,2019_12_NYG_CHI,NYG,0.14950298,0.6008347599085808,31.792929,2.2248197
2019,13,2019-12-01,2019_13_GB_NYG,NYG,-0.28371736,0.6137133165371375,27.921135,2.035076
2019,14,2019-12-09,2019_14_NYG_PHI,NYG,0.20348905,0.6203401910472618,28.800764,2.3353405
2019,15,2019-12-15,2019_15_MIA_NYG,NYG,0.29399458,0.6062408479300615,30.374176,2.2341502
2019,16,2019-12-22,2019_16_NYG_WAS,NYG,0.20176482,0.6138914675124992,29.615435,2.1117725
2019,17,2019-12-29,2019_17_PHI_NYG,NYG,0.3661408,0.6237611129937758,28.67099,2.1673281
2020,1,2020-09-14,2020_01_PIT_NYG,NYG,,,,
2020,2,2020-09-20,2020_02_NYG_CHI,NYG,,,,
2020,3,2020-09-27,2020_03_SF_NYG,NYG,,,,
2020,4,2020-10-04,2020_04_NYG_LA,NYG,,,,
2020,5,2020-10-11,2020_05_NYG_DAL,NYG,,,,
2020,6,2020-10-18,2020_06_WAS_NYG,NYG,,,,
2020,7,2020-10-22,2020_07_NYG_PHI,NYG,0.33453047,0.6077429890144351,36.33582,2.5636785
2020,8,2020-11-02,2020_08_TB_NYG,NYG,0.13766503,0.6058153333367794,36.185818,2.4123964
2020,9,2020-11-08,2020_09_NYG_WAS,NYG,0.34672415,0.5836151569699364,35.768307,2.4763696
2020,10,2020-11-15,2020_10_PHI_NYG,NYG,-0.014774474,0.5851891847939642,34.690533,2.1430361
2020,12,2020-11-29,2020_12_NYG_CIN,NYG,0.12182384,0.5663160671708466,36.49053,2.1430361
2020,13,2020-12-06,2020_13_NYG_SEA,NYG,-0.03668641,0.5924469760223436,32.5524,1.9094502
2020,14,2020-12-13,2020_14_ARI_NYG,NYG,-0.20094691,0.6053012496762497,30.073233,1.6525059
2020,15,2020-12-20,2020_15_CLE_NYG,NYG,-0.18161075,0.5967495449706988,29.406565,1.7037878
2020,16,2020-12-27,2020_16_NYG_BAL,NYG,-0.004322463,0.6011043171826139,33.52778,1.8011905
2020,17,2021-01-03,2020_17_DAL_NYG,NYG,0.17855741,0.5999463085246052,34.827778,1.9678572
2021,1,2021-09-12,2021_01_DEN_NYG,NYG,,,,
2021,2,2021-09-16,2021_02_NYG_WAS,NYG,,,,
2021,3,2021-09-26,2021_03_ATL_NYG,NYG,,,,
2021,4,2021-10-03,2021_04_NYG_NO,NYG,,,,
2021,5,2021-10-10,2021_05_NYG_DAL,NYG,,,,
2021,6,2021-10-17,2021_06_LA_NYG,NYG,,,,
2021,7,2021-10-24,2021_07_CAR_NYG,NYG,0.9422734,0.5813477492563389,38.46888,2.6814976
2021,8,2021-11-01,2021_08_NYG_KC,NYG,0.18374462,0.6085547147445544,32.12166,2.1606643
2021,9,2021-11-07,2021_09_LV_NYG,NYG,-0.0014682574,0.6123874140317991,31.530748,2.0091493
2021,11,2021-11-22,2021_11_NYG_TB,NYG,-0.1578198,0.586471178850858,33.314083,1.9924825
2021,12,2021-11-28,2021_12_PHI_NYG,NYG,-0.05257548,0.5816212820156671,33.268627,2.1288462
2021,13,2021-12-05,2021_13_NYG_MIA,NYG,-0.55441433,0.6081846449994845,30.998932,1.6697553
2021,14,2021-12-12,2021_14_NYG_LAC,NYG,-0.74292403,0.621157416826423,30.444445,1.4603535
2021,15,2021-12-19,2021_15_DAL_NYG,NYG,-0.21118458,0.5989530008720071,33.916668,1.9325757
2021,16,2021-12-26,2021_16_NYG_PHI,NYG,-0.18559535,0.6090165694583031,33.310604,1.9477272
2021,17,2022-01-02,2021_17_NYG_CHI,NYG,-0.096180804,0.6157644729709123,30.747786,2.040035
2021,18,2022-01-09,2021_18_WAS_NYG,NYG,-0.2669518,0.6347304606869001,28.11521,1.9604894
2022,1,2022-09-11,2022_01_NYG_TEN,NYG,,,,
2022,2,2022-09-18,2022_02_CAR_NYG,NYG,,,,
2022,3,2022-09-26,2022_03_DAL_NYG,NYG,,,,
2022,4,2022-10-02,2022_04_CHI_NYG,NYG,,,,
2022,5,2022-10-09,2022_05_NYG_GB,NYG,,,,
2022,6,2022-10-16,2022_06_BAL_NYG,NYG,,,,
2022,7,2022-10-23,2022_07_NYG_JAX,NYG,0.2394468,0.6010848030103081,32.84512,1.8013468
2022,8,2022-10-30,2022_08_NYG_SEA,NYG,0.32187352,0.5974258170280898,35.81313,1.8131313
2022,10,2022-11-13,2022_10_HOU_NYG,NYG,0.5297027,0.6088690034712763,35.197746,1.9168609
2022,11,2022-11-20,2022_11_DET_NYG,NYG,0.4213612,0.6113861832611833,35.137142,1.8108004
2022,12,2022-11-24,2022_12_NYG_DAL,NYG,0.52565956,0.5909612903931086,35.83916,2.1138306
2022,13,2022-12-04,2022_13_WAS_NYG,NYG,0.4542766,0.593473727057592,37.43175,2.2101269
2022,14,2022-12-11,2022_14_PHI_NYG,NYG,0.40621555,0.6004323548495533,35.182465,2.0961668
2022,15,2022-12-18,2022_15_NYG_WAS,NYG,0.69497466,0.5844897968931063,32.8445,2.4480188
2022,16,2022-12-24,2022_16_NYG_MIN,NYG,0.4998864,0.5812475299008394,35.74322,2.3018649
2022,17,2023-01-01,2022_17_IND_NYG,NYG,0.50755256,0.575097352917329,34.78236,2.4344406
2022,18,2023-01-08,2022_18_NYG_PHI,NYG,0.12611522,0.598992630853011,34.524784,2.1499288
2023,1,2023-09-10,2023_01_DAL_NYG,NYG,,,,
2023,2,2023-09-17,2023_02_NYG_ARI,NYG,,,,
2023,3,2023-09-21,2023_03_NYG_SF,NYG,,,,
2023,4,2023-10-02,2023_04_SEA_NYG,NYG,,,,
2023,5,2023-10-08,2023_05_NYG_MIA,NYG,,,,
2023,6,2023-10-15,2023_06_NYG_BUF,NYG,,,,
2023,7,2023-10-22,2023_07_WAS_NYG,NYG,0.26871678,0.5952094824170847,34.38914,2.3244107
2023,8,2023-10-29,2023_08_NYJ_NYG,NYG,0.0029183428,0.6004729185075885,33.62399,1.9835018
2023,9,2023-11-05,2023_09_NYG_LV,NYG,-0.37948498,0.6026291092667204,29.734774,1.644286
2023,10,2023-11-12,2023_10_NYG_DAL,NYG,-0.5951932,0.588470910212688,27.691843,1.6064072
2023,11,2023-11-19,2023_11_NYG_WAS,NYG,-0.17448433,0.590247682822794,31.994196,1.9846123
2023,12,2023-11-26,2023_12_NE_NYG,NYG,-0.41389623,0.6092225076011902,28.864326,1.7411059
2023,14,2023-12-11,2023_14_GB_NYG,NYG,-0.5112047,0.6138730417107886,27.294882,1.5790688
2023,15,2023-12-17,2023_15_NYG_NO,NYG,-0.34106722,0.6190463490115737,28.984276,1.8290688
2023,16,2023-12-25,2023_16_NYG_PHI,NYG,0.0052901953,0.6208113142569313,32.00497,2.1460621
2023,17,2023-12-31,2023_17_LA_NYG,NYG,0.033037808,0.6080420426334928,33.824417,2.187729
2023,18,2024-01-07,2023_18_PHI_NYG,NYG,-0.31772777,0.6272288743203246,30.27405,1.8690476
2024,1,2024-09-08,2024_01_MIN_NYG,NYG,,,,
2024,2,2024-09-15,2024_02_NYG_WAS,NYG,,,,
2024,3,2024-09-22,2024_03_NYG_CLE,NYG,,,,
2024,4,2024-09-26,2024_04_DAL_NYG,NYG,,,,
2024,5,2024-10-06,2024_05_NYG_SEA,NYG,,,,
2024,6,2024-10-13,2024_06_CIN_NYG,NYG,,,,
2024,7,2024-10-20,2024_07_PHI_NYG,NYG,0.06794865,0.5565863201533817,30.845568,1.7717953
2024,8,2024-10-28,2024_08_NYG_PIT,NYG,0.112569235,0.5660634171304787,30.464449,1.7974364
2024,9,2024-11-03,2024_09_WAS_NYG,NYG,-0.07395554,0.5570059510828811,27.526949,1.637714
2024,10,2024-11-10,2024_10_NYG_CAR,NYG,0.5113799,0.5315716135949722,32.37814,2.0216427
2024,12,2024-11-24,2024_12_TB_NYG,NYG,0.35057423,0.5494269321447351,30.875292,1.9076825
2024,13,2024-11-28,2024_13_NYG_DAL,NYG,0.83807874,0.5696343803035722,34.602142,2.2687938
2024,14,2024-12-08,2024_14_NO_NYG,NYG,0.74668807,0.5657400212955768,34.39886,2.3028846
2024,15,2024-12-15,2024_15_BAL_NYG,NYG,0.45007288,0.5726593585720569,33.528896,2.1105769
2024,16,2024-12-22,2024_16_NYG_ATL,NYG,0.8044891,0.556894529265561,35.85297,2.4809473
2024,17,2024-12-29,2024_17_IND_NYG,NYG,0.5442259,0.5648661359169805,33.379486,2.2517807
2024,18,2025-01-05,2024_18_NYG_PHI,NYG,0.6587163,0.5348305657772437,35.650852,2.4537036
2016,1,2016-09-11,2016_01_CIN_NYJ,NYJ,,,,
2016,2,2016-09-15,2016_02_NYJ_BUF,NYJ,,,,
2016,3,2016-09-25,2016_03_NYJ_KC,NYJ,,,,
2016,4,2016-10-02,2016_04_SEA_NYJ,NYJ,,,,
2016,5,2016-10-09,2016_05_NYJ_PIT,NYJ,,,,
2016,6,2016-10-17,2016_06_NYJ_ARI,NYJ,,,,
2016,7,2016-10-23,2016_07_BAL_NYJ,NYJ,0.6121394,0.5830382194965529,33.319447,2.1628788
2016,8,2016-10-30,2016_08_NYJ_CLE,NYJ,0.33168197,0.5877466876665595,30.687742,1.9425989
2016,9,2016-11-06,2016_09_NYJ_MIA,NYJ,0.28045562,0.6106914126946178,30.413752,1.9527
2016,10,2016-11-13,2016_10_LA_NYJ,NYJ,0.44199753,0.615053212510963,30.495825,2.1951244
2016,12,2016-11-27,2016_12_NE_NYJ,NYJ,0.19989328,0.6354304538162346,29.82158,1.956488
2016,13,2016-12-05,2016_13_IND_NYJ,NYJ,0.08957672,0.6398861832719641,28.927643,1.8201243
2016,14,2016-12-11,2016_14_NYJ_SF,NYJ,0.15264668,0.6299302441493584,28.774864,1.9653263
2016,15,2016-12-17,2016_15_MIA_NYJ,NYJ,0.27069023,0.6237348369924128,29.96717,2.0395021
2016,16,2016-12-24,2016_16_NYJ_NE,NYJ,0.2233332,0.6023441135183559,28.171232,2.0095875
2016,17,2017-01-01,2016_17_BUF_NYJ,NYJ,0.3770051,0.5982213108160078,28.533606,2.1699412
2017,1,2017-09-10,2017_01_NYJ_BUF,NYJ,,,,
2017,2,2017-09-17,2017_02_NYJ_OAK,NYJ,,,,
2017,3,2017-09-24,2017_03_MIA_NYJ,NYJ,,,,
2017,4,2017-10-01,2017_04_JAX_NYJ,NYJ,,,,
2017,5,2017-10-08,2017_05_NYJ_CLE,NYJ,,,,
2017,6,2017-10-15,2017_06_NE_NYJ,NYJ,,,,
2017,7,2017-10-22,2017_07_NYJ_MIA,NYJ,-0.041154105,0.6282099227932562,31.272223,1.8472222
2017,8,2017-10-29,2017_08_ATL_NYJ,NYJ,-0.012192398,0.6092793163626496,29.855555,1.9246031
2017,9,2017-11-02,2017_09_BUF_NYJ,NYJ,-0.4773849,0.6363866321238115,27.97094,1.4951159
2017,10,2017-11-12,2017_10_NYJ_TB,NYJ,-0.31759396,0.624154129346437,28.781837,1.6810135
2017,12,2017-11-26,2017_12_CAR_NYJ,NYJ,-0.29521313,0.6481394029260089,29.090172,1.7337912
2017,13,2017-12-03,2017_13_KC_NYJ,NYJ,-0.11229489,0.6673488310640083,25.69017,1.7742673
2017,14,2017-12-10,2017_14_NYJ_DEN,NYJ,0.08947074,0.6385711735363508,28.381838,1.9576007
2017,15,2017-12-17,2017_15_NYJ_NO,NYJ,0.0423421,0.6571159774978215,27.923506,1.9079975
2017,16,2017-12-24,2017_16_LAC_NYJ,NYJ,0.006115999,0.6636561253841232,27.879549,1.9565324
2017,17,2017-12-31,2017_17_NYJ_NE,NYJ,0.103399955,0.6688247815143179,28.802626,1.8667887
2018,1,2018-09-10,2018_01_NYJ_DET,NYJ,,,,
2018,2,2018-09-16,2018_02_MIA_NYJ,NYJ,,,,
2018,3,2018-09-20,2018_03_NYJ_CLE,NYJ,,,,
2018,4,2018-09-30,2018_04_NYJ_JAX,NYJ,,,,
2018,5,2018-10-07,2018_05_DEN_NYJ,NYJ,,,,
2018,6,2018-10-14,2018_06_IND_NYJ,NYJ,,,,
2018,7,2018-10-21,2018_07_MIN_NYJ,NYJ,-0.8666752,0.6207989985885375,28.730799,1.6628205
2018,8,2018-10-28,2018_08_NYJ_CHI,NYJ,-0.41435316,0.617769850902527,28.062172,1.9033433
2018,9,2018-11-04,2018_09_NYJ_MIA,NYJ,-0.20611243,0.6314847471174232,31.07606,2.0255656
2018,10,2018-11-11,2018_10_BUF_NYJ,NYJ,-0.3218416,0.6356189007788878,29.207014,1.858899
2018,12,2018-11-25,2018_12_NE_NYJ,NYJ,-0.09320301,0.6264955692196589,29.022184,2.0565486
2018,13,2018-12-02,2018_13_NYJ_TEN,NYJ,0.31995443,0.6240312752446696,30.977896,2.2605112
2018,14,2018-12-09,2018_14_NYJ_BUF,NYJ,0.31176305,0.636694802193911,30.288336,2.1341376
2018,15,2018-12-15,2018_15_HOU_NYJ,NYJ,0.29605737,0.6324862829452848,32.766052,2.1198773
2018,16,2018-12-23,2018_16_GB_NYJ,NYJ,0.26656488,0.6475980384737069,30.154943,2.1226552
2018,17,2018-12-30,2018_17_NYJ_NE,NYJ,0.79295975,0.6168710350131871,35.10366,2.6034243
2019,1,2019-09-08,2019_01_BUF_NYJ,NYJ,,,,
2019,2,2019-09-16,2019_02_CLE_NYJ,NYJ,,,,
2019,3,2019-09-22,2019_03_NYJ_NE,NYJ,,,,
2019,5,2019-10-06,2019_05_NYJ_PHI,NYJ,,,,
2019,6,2019-10-13,2019_06_DAL_NYJ,NYJ,,,,
2019,7,2019-10-21,2019_07_NE_NYJ,NYJ,,,,
2019,8,2019-10-27,2019_08_NYJ_JAX,NYJ,0.027413512,0.610162013912014,28.77561,1.8920025
2019,9,2019-11-03,2019_09_NYJ_MIA,NYJ,0.1279431,0.6222621822621822,29.0395,2.058669
2019,10,2019-11-10,2019_10_NYG_NYJ,NYJ,0.16327414,0.6341292118375451,28.220055,2.072558
2019,11,2019-11-17,2019_11_NYJ_WAS,NYJ,0.1562133,0.65357451521142,27.312546,2.061569
2019,12,2019-11-24,2019_12_OAK_NYJ,NYJ,-0.019151505,0.6776028017397064,26.825365,2.035928
2019,13,2019-12-01,2019_13_NYJ_CIN,NYJ,-0.5053188,0.6991091194960243,22.842033,1.7077228
2019,14,2019-12-08,2019_14_MIA_NYJ,NYJ,-0.56155723,0.6982307044807046,22.844017,1.616453
2019,15,2019-12-12,2019_15_NYJ_BAL,NYJ,-0.5093271,0.677190564518996,23.474573,1.5636753
2019,16,2019-12-22,2019_16_PIT_NYJ,NYJ,-0.4049246,0.6678668309164161,24.624146,1.7688035
2019,17,2019-12-29,2019_17_NYJ_BUF,NYJ,-0.55419135,0.6599593834256353,24.60705,1.5615383
2020,1,2020-09-13,2020_01_NYJ_BUF,NYJ,,,,
2020,2,2020-09-20,2020_02_SF_NYJ,NYJ,,,,
2020,3,2020-09-27,2020_03_NYJ_IND,NYJ,,,,
2020,4,2020-10-01,2020_04_DEN_NYJ,NYJ,,,,
2020,5,2020-10-11,2020_05_ARI_NYJ,NYJ,,,,
2020,6,2020-10-18,2020_06_NYJ_MIA,NYJ,,,,
2020,7,2020-10-25,2020_07_BUF_NYJ,NYJ,0.4834548,0.5763633913867872,32.17634,2.3989623
2020,8,2020-11-01,2020_08_NYJ_KC,NYJ,0.466464,0.5734417801697214,33.08846,2.2898712
2020,9,2020-11-09,2020_09_NE_NYJ,NYJ,0.5410337,0.5549021117771117,35.91573,2.4035075
2020,11,2020-11-22,2020_11_NYJ_LAC,NYJ,0.8987488,0.5660387760387761,39.03147,2.6535075
2020,12,2020-11-29,2020_12_MIA_NYJ,NYJ,0.881381,0.5602063287589604,40.125877,2.603391
2020,13,2020-12-06,2020_13_LV_NYJ,NYJ,0.6317137,0.5719728030254346,37.838,2.451876
2020,14,2020-12-13,2020_14_NYJ_SEA,NYJ,0.81943345,0.5658275208384856,40.35387,2.5967171
2020,15,2020-12-20,2020_15_NYJ_LA,NYJ,1.0472598,0.5728033690643339,39.532658,2.9027777
2020,16,2020-12-27,2020_16_CLE_NYJ,NYJ,0.5531282,0.6036499299108948,35.856903,2.6224747
2020,17,2021-01-03,2020_17_NYJ_NE,NYJ,0.0026573043,0.6121349633959282,31.671717,2.2720473
2021,1,2021-09-12,2021_01_NYJ_CAR,NYJ,,,,
2021,2,2021-09-19,2021_02_NE_NYJ,NYJ,,,,
2021,3,2021-09-26,2021_03_NYJ_DEN,NYJ,,,,
2021,4,2021-10-03,2021_04_TEN_NYJ,NYJ,,,,
2021,5,2021-10-10,2021_05_NYJ_ATL,NYJ,,,,
2021,7,2021-10-24,2021_07_NYJ_NE,NYJ,,,,
2021,8,2021-10-31,2021_08_CIN_NYJ,NYJ,0.7651077,0.5707741048125663,35.814976,2.6124904
2021,9,2021-11-04,2021_09_NYJ_IND,NYJ,0.8665009,0.5740313799448414,34.939976,2.779157
2021,10,2021-11-14,2021_10_BUF_NYJ,NYJ,1.2716686,0.5529110860972749,39.061188,3.0821874
2021,11,2021-11-21,2021_11_MIA_NYJ,NYJ,1.5505,0.532421432653076,40.13345,3.265171
2021,12,2021-11-28,2021_12_NYJ_HOU,NYJ,1.6222878,0.5332658920248633,40.473774,3.3211148
2021,13,2021-12-05,2021_13_PHI_NYJ,NYJ,1.07572,0.5711535136624849,36.03438,3.083236
2021,14,2021-12-12,2021_14_NO_NYJ,NYJ,0.9911029,0.5674426263620255,36.39423,2.9525545
2021,15,2021-12-19,2021_15_NYJ_MIA,NYJ,1.1285604,0.558121738916138,37.189686,2.9765444
2021,16,2021-12-26,2021_16_JAX_NYJ,NYJ,0.6668796,0.6016779301996019,33.988052,2.6921623
2021,17,2022-01-02,2021_17_TB_NYJ,NYJ,0.5847691,0.615512629450968,34.829937,2.5041277
2021,18,2022-01-09,2021_18_NYJ_BUF,NYJ,0.7943317,0.5925076738802229,36.76781,2.607158
2022,1,2022-09-11,2022_01_BAL_NYJ,NYJ,,,,
2022,2,2022-09-18,2022_02_NYJ_CLE,NYJ,,,,
2022,3,2022-09-25,2022_03_CIN_NYJ,NYJ,,,,
2022,4,2022-10-02,2022_04_NYJ_PIT,NYJ,,,,
2022,5,2022-10-09,2022_05_MIA_NYJ,NYJ,,,,
2022,6,2022-10-16,2022_06_NYJ_GB,NYJ,,,,
2022,7,2022-10-23,2022_07_NYJ_DEN,NYJ,-0.304337,0.6250812844562844,26.018843,1.7793318
2022,8,2022-10-30,2022_08_NE_NYJ,NYJ,-0.52952033,0.6408275173900174,27.006021,1.5966395
2022,9,2022-11-06,2022_09_BUF_NYJ,NYJ,-0.831258,0.6402794543419543,24.561966,1.4241452
2022,11,2022-11-20,2022_11_NYJ_NE,NYJ,-0.82558936,0.6270995915093137,25.849005,1.3639601
2022,12,2022-11-27,2022_12_CHI_NYJ,NYJ,-1.0329865,0.6253231272328494,25.849005,1.1417378
2022,13,2022-12-04,2022_13_NYJ_MIN,NYJ,-0.9827976,0.6409450516047738,26.618446,1.0722934
2022,14,2022-12-11,2022_14_NYJ_BUF,NYJ,-0.6155518,0.6654629126610964,26.733831,1.2902422
2022,15,2022-12-18,2022_15_DET_NYJ,NYJ,-0.49521783,0.6606585156691994,25.20819,1.4216524
2022,16,2022-12-22,2022_16_JAX_NYJ,NYJ,-0.4775002,0.6609523653380491,27.499216,1.3729345
2022,17,2023-01-01,2022_17_NYJ_SEA,NYJ,-0.43349072,0.6798800682935298,27.71218,1.3747864
2022,18,2023-01-08,2022_18_NYJ_MIA,NYJ,-0.25564265,0.6798814557949173,28.829605,1.6677155
2023,1,2023-09-11,2023_01_BUF_NYJ,NYJ,,,,
2023,2,2023-09-17,2023_02_NYJ_DAL,NYJ,,,,
2023,3,2023-09-24,2023_03_NE_NYJ,NYJ,,,,
2023,4,2023-10-01,2023_04_KC_NYJ,NYJ,,,,
2023,5,2023-10-08,2023_05_NYJ_DEN,NYJ,,,,
2023,6,2023-10-15,2023_06_PHI_NYJ,NYJ,,,,
2023,8,2023-10-29,2023_08_NYJ_NYG,NYJ,-0.43045047,0.6565618529940054,30.861967,1.6992425
2023,9,2023-11-06,2023_09_LAC_NYJ,NYJ,-0.5668141,0.6841604971701897,27.900686,1.5494108
2023,10,2023-11-12,2023_10_NYJ_LV,NYJ,-0.7130971,0.6770085391647652,24.841162,1.3827442
2023,11,2023-11-19,2023_11_NYJ_BUF,NYJ,-0.7693991,0.6663479035041296,24.402933,1.4585017
2023,12,2023-11-24,2023_12_MIA_NYJ,NYJ,-0.7824154,0.6680227368077508,23.78551,1.5544614
2023,13,2023-12-03,2023_13_ATL_NYJ,NYJ,-0.5797917,0.6469248471243348,24.966064,1.6516834
2023,14,2023-12-10,2023_14_HOU_NYJ,NYJ,-0.54639983,0.6650890572528306,21.475588,1.573112
2023,15,2023-12-17,2023_15_NYJ_MIA,NYJ,-0.58088344,0.6561413328639298,21.410063,1.5574425
2023,16,2023-12-24,2023_16_WAS_NYJ,NYJ,-0.46519837,0.6560851565472493,23.969587,1.8074425
2023,17,2023-12-28,2023_17_NYJ_CLE,NYJ,-0.41337526,0.6664799777754038,22.540293,1.8761295
2023,18,2024-01-07,2023_18_NYJ_NE,NYJ,-0.5386664,0.6469695499316427,22.56914,1.8291208
2024,1,2024-09-09,2024_01_NYJ_SF,NYJ,,,,
2024,2,2024-09-15,2024_02_NYJ_TEN,NYJ,,,,
2024,3,2024-09-19,2024_03_NE_NYJ,NYJ,,,,
2024,4,2024-09-29,2024_04_DEN_NYJ,NYJ,,,,
2024,5,2024-10-06,2024_05_NYJ_MIN,NYJ,,,,
2024,6,2024-10-14,2024_06_BUF_NYJ,NYJ,,,,
2024,7,2024-10-20,2024_07_NYJ_PIT,NYJ,-0.18641251,0.6124124090195519,25.847528,1.6029767
2024,8,2024-10-27,2024_08_NYJ_NE,NYJ,-0.21706998,0.6081869459304524,25.361168,1.6302494
2024,9,2024-10-31,2024_09_HOU_NYJ,NYJ,-0.11708882,0.6027813330248395,24.982378,1.7893404
2024,10,2024-11-10,2024_10_NYJ_ARI,NYJ,0.1581908,0.6099714728293584,27.774971,1.9504514
2024,11,2024-11-17,2024_11_IND_NYJ,NYJ,0.9223435,0.5557197721490863,35.057022,2.5603416
2024,13,2024-12-01,2024_13_SEA_NYJ,NYJ,1.0533181,0.5607577676632722,36.65623,2.7468493
2024,14,2024-12-08,2024_14_NYJ_MIA,NYJ,0.80819124,0.5959862223361715,33.932323,2.7148628
2024,15,2024-12-15,2024_15_NYJ_JAX,NYJ,0.9214527,0.5708959548595404,34.01869,2.6875904
2024,16,2024-12-22,2024_16_LA_NYJ,NYJ,1.1229957,0.550364310577896,36.868687,2.6875904
2024,17,2024-12-29,2024_17_NYJ_BUF,NYJ,1.1946304,0.5339593436766056,36.543686,2.8667567
2024,18,2025-01-05,2024_18_MIA_NYJ,NYJ,0.85417944,0.5563950489045185,32.149746,2.7044191
2016,1,2016-09-11,2016_01_CLE_PHI,PHI,,,,
2016,2,2016-09-19,2016_02_PHI_CHI,PHI,,,,
2016,3,2016-09-25,2016_03_PIT_PHI,PHI,,,,
2016,5,2016-10-09,2016_05_PHI_DET,PHI,,,,
2016,6,2016-10-16,2016_06_PHI_WAS,PHI,,,,
2016,7,2016-10-23,2016_07_MIN_PHI,PHI,,,,
2016,8,2016-10-30,2016_08_PHI_DAL,PHI,-0.98324704,0.6684733347927793,27.344666,1.2771951
2016,9,2016-11-06,2016_09_PHI_NYG,PHI,-0.7225387,0.663333816191722,29.549791,1.5207849
2016,10,2016-11-13,2016_10_ATL_PHI,PHI,-0.5077888,0.6705788859367918,28.960905,1.7207848
2016,11,2016-11-20,2016_11_PHI_SEA,PHI,-0.35182348,0.6719271904100963,29.366205,1.8836635
2016,12,2016-11-28,2016_12_GB_PHI,PHI,-0.34768748,0.6728598687995908,30.073877,1.7487429
2016,13,2016-12-04,2016_13_PHI_CIN,PHI,0.031556807,0.6844008740905961,30.666681,1.9021521
2016,14,2016-12-11,2016_14_WAS_PHI,PHI,0.49740633,0.6599966903114124,32.99244,2.2481115
2016,15,2016-12-18,2016_15_PHI_BAL,PHI,0.55967623,0.6513486076248681,32.15561,2.2854078
2016,16,2016-12-22,2016_16_NYG_PHI,PHI,0.6755879,0.6519543676056281,33.522274,2.3492966
2016,17,2017-01-01,2016_17_DAL_PHI,PHI,0.7165002,0.6334944710207314,35.84172,2.4048522
2017,1,2017-09-10,2017_01_PHI_WAS,PHI,,,,
2017,2,2017-09-17,2017_02_PHI_KC,PHI,,,,
2017,3,2017-09-24,2017_03_NYG_PHI,PHI,,,,
2017,4,2017-10-01,2017_04_PHI_LAC,PHI,,,,
2017,5,2017-10-08,2017_05_ARI_PHI,PHI,,,,
2017,6,2017-10-12,2017_06_PHI_CAR,PHI,,,,
2017,7,2017-10-23,2017_07_WAS_PHI,PHI,-0.15993832,0.6020530106337574,30.945189,1.7544678
2017,8,2017-10-29,2017_08_SF_PHI,PHI,0.12387548,0.6002471491787732,31.722967,1.9211345
2017,9,2017-11-05,2017_09_DEN_PHI,PHI,-0.34314474,0.6185101361917602,29.344177,1.6310911
2017,11,2017-11-19,2017_11_PHI_DAL,PHI,-0.5428582,0.6414488427843129,26.477724,1.5157065
2017,12,2017-11-26,2017_12_CHI_PHI,PHI,-1.060661,0.6557068584312175,21.954933,1.1866467
2017,13,2017-12-03,2017_13_PHI_SEA,PHI,-1.1971215,0.6563942497436087,19.247862,1.1222528
2017,14,2017-12-10,2017_14_PHI_LA,PHI,-0.9437255,0.6708415367870496,20.504274,1.227381
2017,15,2017-12-17,2017_15_PHI_NYG,PHI,-0.9540704,0.6510172252960714,19.381258,1.2392857
2017,16,2017-12-25,2017_16_OAK_PHI,PHI,-0.6025119,0.6377020296892092,23.547926,1.523016
2017,17,2017-12-31,2017_17_DAL_PHI,PHI,-0.83683854,0.6489386847720181,23.694933,1.4161782
2018,1,2018-09-06,2018_01_ATL_PHI,PHI,,,,
2018,2,2018-09-16,2018_02_PHI_TB,PHI,,,,
2018,3,2018-09-23,2018_03_IND_PHI,PHI,,,,
2018,4,2018-09-30,2018_04_PHI_TEN,PHI,,,,
2018,5,2018-10-07,2018_05_MIN_PHI,PHI,,,,
2018,6,2018-10-11,2018_06_PHI_NYG,PHI,,,,
2018,7,2018-10-21,2018_07_CAR_PHI,PHI,-0.27048948,0.6128326184197396,28.846651,1.515873
2018,8,2018-10-28,2018_08_PHI_JAX,PHI,0.046102364,0.6027536541741088,31.601282,1.7380953
2018,10,2018-11-11,2018_10_DAL_PHI,PHI,0.0321499,0.6173892500597046,31.99414,1.7166667
2018,11,2018-11-18,2018_11_PHI_NO,PHI,0.2892166,0.6234898666148666,35.66081,1.9242424
2018,12,2018-11-25,2018_12_NYG_PHI,PHI,0.6091972,0.6097642018475352,38.419643,2.290404
2018,13,2018-12-03,2018_13_WAS_PHI,PHI,0.8142293,0.6276368847202181,39.437824,2.399495
2018,14,2018-12-09,2018_14_PHI_DAL,PHI,0.8791514,0.6203993999827333,38.213467,2.449495
2018,15,2018-12-16,2018_15_PHI_LA,PHI,0.6945998,0.6198669670785055,38.690678,2.432401
2018,16,2018-12-23,2018_16_HOU_PHI,PHI,0.57701874,0.605283942078814,38.76012,2.4518454
2018,17,2018-12-30,2018_17_PHI_WAS,PHI,0.52458984,0.5923760755345837,37.548,2.4563909
2019,1,2019-09-08,2019_01_WAS_PHI,PHI,,,,
2019,2,2019-09-15,2019_02_PHI_ATL,PHI,,,,
2019,3,2019-09-22,2019_03_DET_PHI,PHI,,,,
2019,4,2019-09-26,2019_04_PHI_GB,PHI,,,,
2019,5,2019-10-06,2019_05_NYJ_PHI,PHI,,,,
2019,6,2019-10-13,2019_06_PHI_MIN,PHI,,,,
2019,7,2019-10-20,2019_07_PHI_DAL,PHI,0.07828397,0.6255050931276421,31.632143,2.2075398
2019,8,2019-10-27,2019_08_PHI_BUF,PHI,0.034281287,0.6070526414398963,31.08972,2.3181458
2019,9,2019-11-03,2019_09_CHI_PHI,PHI,-0.023209527,0.6094665558730415,29.236086,2.151479
2019,11,2019-11-17,2019_11_NE_PHI,PHI,-0.15857844,0.6196354175124914,27.734823,1.9886003
2019,12,2019-11-24,2019_12_SEA_PHI,PHI,-0.4236885,0.6482966174236914,23.397644,1.756549
2019,13,2019-12-01,2019_13_PHI_MIA,PHI,-0.153877,0.6440261194031933,26.335373,1.9030691
2019,14,2019-12-09,2019_14_NYG_PHI,PHI,-0.049942095,0.652779610086274,25.835373,1.8891802
2019,15,2019-12-15,2019_15_PHI_WAS,PHI,-0.27559796,0.6890703346122926,23.013695,1.546523
2019,16,2019-12-22,2019_16_DAL_PHI,PHI,-0.02389252,0.6601285499012772,25.636772,1.8298563
2019,17,2019-12-29,2019_17_PHI_NYG,PHI,-0.06573036,0.6405693212511394,27.864044,1.7540988
2020,1,2020-09-13,2020_01_PHI_WAS,PHI,,,,
2020,2,2020-09-20,2020_02_LA_PHI,PHI,,,,
2020,3,2020-09-27,2020_03_CIN_PHI,PHI,,,,
2020,4,2020-10-04,2020_04_PHI_SF,PHI,,,,
2020,5,2020-10-11,2020_05_PHI_PIT,PHI,,,,
2020,6,2020-10-18,2020_06_BAL_PHI,PHI,,,,
2020,7,2020-10-22,2020_07_NYG_PHI,PHI,0.5322038,0.6128988123350868,29.651192,2.4404762
2020,8,2020-11-01,2020_08_DAL_PHI,PHI,0.6238492,0.6044602374749434,31.162302,2.4097068
2020,10,2020-11-15,2020_10_PHI_NYG,PHI,-0.15392238,0.6218087930587931,27.359526,1.9180403
2020,11,2020-11-22,2020_11_PHI_CLE,PHI,0.010804494,0.6148745335175817,29.769625,2.0715756
2020,12,2020-11-30,2020_12_SEA_PHI,PHI,-0.029509634,0.608882212346689,27.8351,1.9604645
2020,13,2020-12-06,2020_13_PHI_GB,PHI,-0.30502245,0.6209559492488573,25.898989,1.6465756
2020,14,2020-12-13,2020_14_NO_PHI,PHI,-0.12011254,0.6174972551651633,28.956133,1.7894329
2020,15,2020-12-20,2020_15_PHI_ARI,PHI,-0.15255131,0.6078665536226969,30.213709,1.8383838
2020,16,2020-12-27,2020_16_PHI_DAL,PHI,0.21915467,0.5907438615000049,33.276745,2.1108198
2020,17,2021-01-03,2020_17_WAS_PHI,PHI,0.23826897,0.595945238539103,34.06579,2.1760876
2021,1,2021-09-12,2021_01_PHI_ATL,PHI,,,,
2021,2,2021-09-19,2021_02_SF_PHI,PHI,,,,
2021,3,2021-09-27,2021_03_PHI_DAL,PHI,,,,
2021,4,2021-10-03,2021_04_KC_PHI,PHI,,,,
2021,5,2021-10-10,2021_05_PHI_CAR,PHI,,,,
2021,6,2021-10-14,2021_06_TB_PHI,PHI,,,,
2021,7,2021-10-24,2021_07_PHI_LV,PHI,0.4810306,0.619100767014111,32.838116,2.3045335
2021,8,2021-10-31,2021_08_PHI_DET,PHI,1.0061256,0.5813706383464823,36.59367,2.7712002
2021,9,2021-11-07,2021_09_LAC_PHI,PHI,0.36763442,0.5896886615621664,34.727,2.5563853
2021,10,2021-11-14,2021_10_PHI_DEN,PHI,0.712881,0.5861447787312563,39.515694,2.7022188
2021,11,2021-11-21,2021_11_NO_PHI,PHI,-0.1498632,0.6218217321937959,34.36986,2.0241883
2021,12,2021-11-28,2021_12_PHI_NYG,PHI,-0.008431395,0.6341942626615643,34.780178,2.1559343
2021,13,2021-12-05,2021_13_PHI_NYJ,PHI,-0.33065763,0.6504968826005479,33.134724,1.9483585
2021,15,2021-12-21,2021_15_WAS_PHI,PHI,-0.5173341,0.6743652364689018,30.971758,1.7316918
2021,16,2021-12-26,2021_16_NYG_PHI,PHI,-0.10647995,0.6611060461642569,30.762667,1.8892676
2021,17,2022-01-02,2021_17_PHI_WAS,PHI,-0.8946275,0.6998788153916359,23.911707,1.4549727
2021,18,2022-01-08,2021_18_DAL_PHI,PHI,-0.66376513,0.6678197444121103,25.74504,1.5913364
2022,1,2022-09-11,2022_01_PHI_DET,PHI,,,,
2022,2,2022-09-19,2022_02_MIN_PHI,PHI,,,,
2022,3,2022-09-25,2022_03_PHI_WAS,PHI,,,,
2022,4,2022-10-02,2022_04_JAX_PHI,PHI,,,,
2022,5,2022-10-09,2022_05_PHI_ARI,PHI,,,,
2022,6,2022-10-16,2022_06_DAL_PHI,PHI,,,,
2022,8,2022-10-30,2022_08_PIT_PHI,PHI,-0.5796254,0.6630447709898174,28.595705,1.5367845
2022,9,2022-11-03,2022_09_PHI_HOU,PHI,-0.7599831,0.6565231063799176,27.780556,1.2231481
2022,10,2022-11-14,2022_10_WAS_PHI,PHI,-0.6422049,0.6504088297100853,28.991667,1.4212962
2022,11,2022-11-20,2022_11_PHI_IND,PHI,-0.2705459,0.6388533649315814,31.158333,1.7712961
2022,12,2022-11-27,2022_12_GB_PHI,PHI,-0.3216965,0.6493840414660458,32.419697,1.8053871
2022,13,2022-12-04,2022_13_TEN_PHI,PHI,-0.17784202,0.6342235075555118,30.879293,1.9905723
2022,14,2022-12-11,2022_14_PHI_NYG,PHI,-0.28235745,0.6499811178346532,28.79596,1.8587542
2022,15,2022-12-18,2022_15_PHI_CHI,PHI,-0.29430285,0.6377258597237802,28.398989,1.9754208
2022,16,2022-12-24,2022_16_PHI_DAL,PHI,-0.32679704,0.630610958164434,26.232323,1.9383839
2022,17,2023-01-01,2022_17_NO_PHI,PHI,-0.35214415,0.6336870358177177,26.551767,2.060606
2022,18,2023-01-08,2022_18_NYG_PHI,PHI,-0.2076133,0.6083831309683583,26.59596,2.0126262
2023,1,2023-09-10,2023_01_PHI_NE,PHI,,,,
2023,2,2023-09-14,2023_02_MIN_PHI,PHI,,,,
2023,3,2023-09-25,2023_03_PHI_TB,PHI,,,,
2023,4,2023-10-01,2023_04_WAS_PHI,PHI,,,,
2023,5,2023-10-08,2023_05_PHI_LA,PHI,,,,
2023,6,2023-10-15,2023_06_PHI_NYJ,PHI,,,,
2023,7,2023-10-22,2023_07_MIA_PHI,PHI,-0.1413451,0.6566339297956946,28.821466,1.99572
2023,8,2023-10-29,2023_08_PHI_WAS,PHI,-0.09794418,0.6312648544266191,28.44255,1.9430135
2023,9,2023-11-05,2023_09_DAL_PHI,PHI,-0.11062179,0.6208438360510553,29.927399,1.988468
2023,11,2023-11-20,2023_11_PHI_KC,PHI,0.27154157,0.5947880399952593,33.434807,2.1680977
2023,12,2023-11-26,2023_12_BUF_PHI,PHI,-0.13016415,0.5992026341157358,32.01814,1.8875421
2023,13,2023-12-03,2023_13_SF_PHI,PHI,-0.049719393,0.5966815771303929,32.842545,2.0006373
2023,14,2023-12-10,2023_14_PHI_DAL,PHI,0.6504062,0.5728299657787816,37.55972,2.4753847
2023,15,2023-12-18,2023_15_PHI_SEA,PHI,1.0213574,0.5806322337117685,40.337494,2.8827922
2023,16,2023-12-25,2023_16_NYG_PHI,PHI,1.055256,0.6030431140771944,38.13598,2.7464285
2023,17,2023-12-31,2023_17_ARI_PHI,PHI,0.7238113,0.6086557169625245,35.823856,2.650974
2023,18,2024-01-07,2023_18_PHI_NYG,PHI,1.3469216,0.5655207609599214,40.553024,3.1440296
2024,1,2024-09-06,2024_01_GB_PHI,PHI,,,,
2024,2,2024-09-16,2024_02_ATL_PHI,PHI,,,,
2024,3,2024-09-22,2024_03_PHI_NO,PHI,,,,
2024,4,2024-09-29,2024_04_PHI_TB,PHI,,,,
2024,6,2024-10-13,2024_06_CLE_PHI,PHI,,,,
2024,7,2024-10-20,2024_07_PHI_NYG,PHI,,,,
2024,8,2024-10-27,2024_08_PHI_CIN,PHI,0.04524072,0.5894739828073162,29.838942,1.7704481
2024,9,2024-11-03,2024_09_JAX_PHI,PHI,-0.09457761,0.6012742114935098,28.751398,1.6458689
2024,10,2024-11-10,2024_10_PHI_DAL,PHI,-0.3478441,0.6103499223053316,24.663435,1.4745727
2024,11,2024-11-14,2024_11_WAS_PHI,PHI,-0.63899326,0.6023248917803011,22.885231,1.3514957
2024,12,2024-11-24,2024_12_PHI_LA,PHI,-0.93914837,0.6063740412839961,20.17311,1.124223
2024,13,2024-12-01,2024_13_PHI_BAL,PHI,-0.8607056,0.605052420517931,20.487925,1.2723712
2024,14,2024-12-08,2024_14_CAR_PHI,PHI,-0.6735487,0.5973425798535448,24.598646,1.5217885
2024,15,2024-12-15,2024_15_PIT_PHI,PHI,-0.6536487,0.6081704175454176,25.006056,1.5032698
2024,16,2024-12-22,2024_16_PHI_WAS,PHI,-0.68087226,0.5993400375344821,24.982904,1.5078994
2024,17,2024-12-29,2024_17_DAL_PHI,PHI,-0.15004459,0.5962204719149163,27.515875,1.859548
2024,18,2025-01-05,2024_18_NYG_PHI,PHI,-0.4516909,0.614312977052876,27.952238,1.7034873
2016,1,2016-09-12,2016_01_PIT_WAS,PIT,,,,
2016,2,2016-09-18,2016_02_CIN_PIT,PIT,,,,
2016,3,2016-09-25,2016_03_PIT_PHI,PIT,,,,
2016,4,2016-10-02,2016_04_KC_PIT,PIT,,,,
2016,5,2016-10-09,2016_05_NYJ_PIT,PIT,,,,
2016,6,2016-10-16,2016_06_PIT_MIA,PIT,,,,
2016,7,2016-10-23,2016_07_NE_PIT,PIT,0.06620353,0.6115644569043692,35.00581,1.8570708
2016,9,2016-11-06,2016_09_PIT_BAL,PIT,0.2296555,0.6361081076980201,33.633587,1.965404
2016,10,2016-11-13,2016_10_DAL_PIT,PIT,0.17360133,0.623477343400589,32.122475,1.9542929
2016,11,2016-11-20,2016_11_PIT_CLE,PIT,0.15113296,0.6159315558548015,31.416412,1.9179293
2016,12,2016-11-24,2016_12_PIT_IND,PIT,0.09559252,0.6345514497076997,30.812246,1.9109849
2016,13,2016-12-04,2016_13_NYG_PIT,PIT,-0.039215147,0.6411718868836925,31.765108,1.8436447
2016,14,2016-12-11,2016_14_PIT_BUF,PIT,-0.34510636,0.650945215407021,27.83329,1.5835438
2016,15,2016-12-18,2016_15_PIT_CIN,PIT,-0.5119152,0.6512819157437213,26.972181,1.5115741
2016,16,2016-12-25,2016_16_BAL_PIT,PIT,-0.309685,0.6418185241969964,28.016624,1.7152778
2016,17,2017-01-01,2016_17_CLE_PIT,PIT,-0.44839808,0.6593493519550969,27.228745,1.5940657
2017,1,2017-09-10,2017_01_PIT_CLE,PIT,,,,
2017,2,2017-09-17,2017_02_MIN_PIT,PIT,,,,
2017,3,2017-09-24,2017_03_PIT_CHI,PIT,,,,
2017,4,2017-10-01,2017_04_PIT_BAL,PIT,,,,
2017,5,2017-10-08,2017_05_JAX_PIT,PIT,,,,
2017,6,2017-10-15,2017_06_PIT_KC,PIT,,,,
2017,7,2017-10-22,2017_07_CIN_PIT,PIT,-0.71058226,0.6537303149992545,22.986208,1.2645687
2017,8,2017-10-29,2017_08_PIT_DET,PIT,-0.73698527,0.6675230037919433,22.077118,1.2039627
2017,10,2017-11-12,2017_10_PIT_IND,PIT,-0.6221313,0.6582013665347,26.08848,1.3062354
2017,11,2017-11-16,2017_11_TEN_PIT,PIT,-0.6145101,0.6657817491150825,25.58848,1.2293123
2017,12,2017-11-26,2017_12_GB_PIT,PIT,-0.51044965,0.6769132043170506,25.639763,1.322261
2017,13,2017-12-04,2017_13_PIT_CIN,PIT,-0.4495543,0.6581262042800505,25.944056,1.4965035
2017,14,2017-12-10,2017_14_BAL_PIT,PIT,-0.25132883,0.6400786607274563,28.024359,1.6328672
2017,15,2017-12-17,2017_15_NE_PIT,PIT,0.23748302,0.613129606695069,31.048347,1.9485236
2017,16,2017-12-25,2017_16_PIT_HOU,PIT,0.5952551,0.607446749989485,29.77865,2.171251
2017,17,2017-12-31,2017_17_CLE_PIT,PIT,0.3478502,0.6105155330582681,30.138908,2.0533023
2018,1,2018-09-09,2018_01_PIT_CLE,PIT,,,,
2018,2,2018-09-16,2018_02_KC_PIT,PIT,,,,
2018,3,2018-09-24,2018_03_PIT_TB,PIT,,,,
2018,4,2018-09-30,2018_04_BAL_PIT,PIT,,,,
2018,5,2018-10-07,2018_05_ATL_PIT,PIT,,,,
2018,6,2018-10-14,2018_06_PIT_CIN,PIT,,,,
2018,8,2018-10-28,2018_08_CLE_PIT,PIT,0.16624533,0.610062050670105,30.694178,2.0823846
2018,9,2018-11-04,2018_09_PIT_BAL,PIT,0.19406383,0.6264926473638596,30.86422,2.1289432
2018,10,2018-11-08,2018_10_CAR_PIT,PIT,-0.10230971,0.6360645569357691,29.554033,1.8419062
2018,11,2018-11-18,2018_11_PIT_JAX,PIT,-0.14493944,0.6314796847372606,27.387367,1.8139342
2018,12,2018-11-25,2018_12_PIT_DEN,PIT,-0.3502057,0.6508832037206115,23.823479,1.6306009
2018,13,2018-12-02,2018_13_LAC_PIT,PIT,-0.13226958,0.6407729856558478,23.581055,1.7366614
2018,14,2018-12-09,2018_14_PIT_OAK,PIT,-0.114981174,0.6494899168727791,24.67954,1.7957524
2018,15,2018-12-16,2018_15_NE_PIT,PIT,0.11072459,0.6325238274066897,27.004715,1.9286195
2018,16,2018-12-23,2018_16_PIT_NO,PIT,0.05536407,0.6294466667314897,28.893602,1.8175083
2018,17,2018-12-30,2018_17_CIN_PIT,PIT,0.27928957,0.6144314210344258,30.832998,1.9690236
2019,1,2019-09-08,2019_01_PIT_NE,PIT,,,,
2019,2,2019-09-15,2019_02_SEA_PIT,PIT,,,,
2019,3,2019-09-22,2019_03_PIT_SF,PIT,,,,
2019,4,2019-09-30,2019_04_CIN_PIT,PIT,,,,
2019,5,2019-10-06,2019_05_BAL_PIT,PIT,,,,
2019,6,2019-10-13,2019_06_PIT_LAC,PIT,,,,
2019,8,2019-10-28,2019_08_MIA_PIT,PIT,-0.44749746,0.6413915476290163,31.407143,1.9190477
2019,9,2019-11-03,2019_09_IND_PIT,PIT,-0.8938088,0.6642645465436819,26.851587,1.5634922
2019,10,2019-11-10,2019_10_LA_PIT,PIT,-1.0648959,0.6627333616791636,25.918505,1.5079365
2019,11,2019-11-14,2019_11_PIT_CLE,PIT,-1.241289,0.6712058746159624,23.91553,1.263889
2019,12,2019-11-24,2019_12_PIT_CIN,PIT,-1.0280373,0.6527565104648438,24.25442,1.4472222
2019,13,2019-12-01,2019_13_CLE_PIT,PIT,-1.2318095,0.6572763673885469,23.5354,1.2143162
2019,14,2019-12-08,2019_14_PIT_ARI,PIT,-1.17699,0.657778018515198,22.3854,1.1476495
2019,15,2019-12-15,2019_15_BUF_PIT,PIT,-1.251894,0.6415733512688641,23.561327,1.2680199
2019,16,2019-12-22,2019_16_PIT_NYJ,PIT,-1.2402738,0.6529018375973504,21.937784,1.1526353
2019,17,2019-12-29,2019_17_PIT_BAL,PIT,-0.9867685,0.6705173239628367,22.070799,1.3160969
2020,1,2020-09-14,2020_01_PIT_NYG,PIT,,,,
2020,2,2020-09-20,2020_02_DEN_PIT,PIT,,,,
2020,3,2020-09-27,2020_03_HOU_PIT,PIT,,,,
2020,5,2020-10-11,2020_05_PHI_PIT,PIT,,,,
2020,6,2020-10-18,2020_06_CLE_PIT,PIT,,,,
2020,7,2020-10-25,2020_07_PIT_TEN,PIT,,,,
2020,8,2020-11-01,2020_08_PIT_BAL,PIT,-0.5058003,0.6875540176198071,26.413366,1.8422107
2020,9,2020-11-08,2020_09_PIT_DAL,PIT,-0.5512183,0.6731048581048582,28.351496,1.9331197
2020,10,2020-11-15,2020_10_CIN_PIT,PIT,-0.49139476,0.6682435157435158,29.75126,1.9517678
2020,11,2020-11-22,2020_11_PIT_JAX,PIT,-0.7294782,0.6753234133591276,29.275072,1.7208153
2020,12,2020-12-02,2020_12_BAL_PIT,PIT,-1.1677881,0.6762473274080417,26.502848,1.2791487
2020,13,2020-12-07,2020_13_WAS_PIT,PIT,-0.88292295,0.6670012108702585,26.48896,1.3763709
2020,14,2020-12-13,2020_14_PIT_BUF,PIT,-0.8957599,0.6623479109538007,25.699217,1.2712426
2020,15,2020-12-21,2020_15_PIT_CIN,PIT,-0.8674269,0.6630435828033187,23.634047,1.1943196
2020,16,2020-12-27,2020_16_IND_PIT,PIT,-0.8909099,0.6679794207748709,20.856989,1.2278694
2020,17,2021-01-03,2020_17_PIT_CLE,PIT,-0.67783004,0.6489382436979796,22.069292,1.442155
2021,1,2021-09-12,2021_01_PIT_BUF,PIT,,,,
2021,2,2021-09-19,2021_02_LV_PIT,PIT,,,,
2021,3,2021-09-26,2021_03_CIN_PIT,PIT,,,,
2021,4,2021-10-03,2021_04_PIT_GB,PIT,,,,
2021,5,2021-10-10,2021_05_DEN_PIT,PIT,,,,
2021,6,2021-10-17,2021_06_SEA_PIT,PIT,,,,
2021,8,2021-10-31,2021_08_PIT_CLE,PIT,0.11533028,0.5868872913865381,32.59187,2.008129
2021,9,2021-11-08,2021_09_CHI_PIT,PIT,0.21167566,0.580540371845174,32.07066,1.9323713
2021,10,2021-11-14,2021_10_DET_PIT,PIT,0.049396414,0.6058379673143383,30.737326,1.8740381
2021,11,2021-11-21,2021_11_PIT_LAC,PIT,-0.1364666,0.6199826729173771,30.415102,1.7184825
2021,12,2021-11-28,2021_12_PIT_CIN,PIT,-0.051563393,0.6236903091116442,32.930256,1.9306036
2021,13,2021-12-05,2021_13_BAL_PIT,PIT,0.060256112,0.6101437733428864,31.61039,2.1090548
2021,14,2021-12-09,2021_14_PIT_MIN,PIT,0.2277134,0.6124085125719113,33.36515,2.1876261
2021,15,2021-12-19,2021_15_TEN_PIT,PIT,0.26050842,0.6172205531745502,34.136944,2.4824982
2021,16,2021-12-26,2021_16_PIT_KC,PIT,-0.098371744,0.616305376880586,33.205128,2.304468
2021,17,2022-01-03,2021_17_CLE_PIT,PIT,0.25024092,0.585105319222195,36.15513,2.72669
2021,18,2022-01-09,2021_18_PIT_BAL,PIT,-0.11931905,0.619059137734837,31.053728,2.284965
2022,1,2022-09-11,2022_01_PIT_CIN,PIT,,,,
2022,2,2022-09-18,2022_02_NE_PIT,PIT,,,,
2022,3,2022-09-22,2022_03_PIT_CLE,PIT,,,,
2022,4,2022-10-02,2022_04_NYJ_PIT,PIT,,,,
2022,5,2022-10-09,2022_05_PIT_BUF,PIT,,,,
2022,6,2022-10-16,2022_06_TB_PIT,PIT,,,,
2022,7,2022-10-23,2022_07_PIT_MIA,PIT,0.11690494,0.6095980740362751,34.202175,2.0048563
2022,8,2022-10-30,2022_08_PIT_PHI,PIT,0.27086762,0.6113311954122537,34.54662,2.0048563
2022,10,2022-11-13,2022_10_NO_PIT,PIT,0.5788713,0.5970088510899094,34.963287,2.3048563
2022,11,2022-11-20,2022_11_CIN_PIT,PIT,0.30692473,0.6079179882490465,32.366318,2.123038
2022,12,2022-11-28,2022_12_PIT_IND,PIT,0.48371112,0.5937760695616733,32.32436,2.2337606
2022,13,2022-12-04,2022_13_PIT_ATL,PIT,0.25385436,0.5952785485641523,30.08077,2.0299146
2022,14,2022-12-11,2022_14_BAL_PIT,PIT,0.23644786,0.5925743238243238,31.389101,2.063248
2022,15,2022-12-18,2022_15_PIT_CAR,PIT,0.3427374,0.5782390294890295,31.372437,2.1076922
2022,16,2022-12-24,2022_16_LV_PIT,PIT,0.09696401,0.6101501507751507,29.043268,1.8576922
2022,17,2023-01-01,2022_17_PIT_BAL,PIT,0.098827355,0.6111025317275317,29.293268,1.8576922
2022,18,2023-01-08,2022_18_CLE_PIT,PIT,-0.04783225,0.6155107664666488,29.0625,1.6541667
2023,1,2023-09-10,2023_01_SF_PIT,PIT,,,,
2023,2,2023-09-18,2023_02_CLE_PIT,PIT,,,,
2023,3,2023-09-24,2023_03_PIT_LV,PIT,,,,
2023,4,2023-10-01,2023_04_PIT_HOU,PIT,,,,
2023,5,2023-10-08,2023_05_BAL_PIT,PIT,,,,
2023,7,2023-10-22,2023_07_PIT_LA,PIT,,,,
2023,8,2023-10-29,2023_08_JAX_PIT,PIT,-0.4115468,0.6387097003396024,33.166668,1.8333334
2023,9,2023-11-02,2023_09_TEN_PIT,PIT,-0.5656923,0.612143740345612,33.478535,1.719697
2023,10,2023-11-12,2023_10_GB_PIT,PIT,-0.18871574,0.5928479060661176,35.197052,1.7715489
2023,11,2023-11-19,2023_11_PIT_CLE,PIT,-0.0243141,0.5918835155183938,36.186954,1.8094276
2023,12,2023-11-26,2023_12_PIT_CIN,PIT,-0.33629322,0.6092992406792169,32.267506,1.4899832
2023,13,2023-12-03,2023_13_ARI_PIT,PIT,-0.31428683,0.6141375042674805,31.31473,1.5177609
2023,14,2023-12-07,2023_14_NE_PIT,PIT,-0.05201888,0.610808678953361,30.081398,1.6344277
2023,15,2023-12-16,2023_15_PIT_IND,PIT,-0.15825956,0.6402113469923928,28.223589,1.600628
2023,16,2023-12-23,2023_16_CIN_PIT,PIT,-0.3572351,0.6325273401253794,27.563654,1.7588773
2023,17,2023-12-31,2023_17_PIT_SEA,PIT,-0.6225585,0.6247453493888432,27.124262,1.6376652
2023,18,2024-01-06,2023_18_PIT_BAL,PIT,-0.34641352,0.6182174636942909,30.360373,1.8830355
2024,1,2024-09-08,2024_01_PIT_ATL,PIT,,,,
2024,2,2024-09-15,2024_02_PIT_DEN,PIT,,,,
2024,3,2024-09-22,2024_03_LAC_PIT,PIT,,,,
2024,4,2024-09-29,2024_04_PIT_IND,PIT,,,,
2024,5,2024-10-06,2024_05_DAL_PIT,PIT,,,,
2024,6,2024-10-13,2024_06_PIT_LV,PIT,,,,
2024,7,2024-10-20,2024_07_NYJ_PIT,PIT,-0.6536207,0.593630120298116,28.83468,1.4006734
2024,8,2024-10-28,2024_08_NYG_PIT,PIT,-0.49913612,0.6040461857141813,29.581902,1.44234
2024,10,2024-11-10,2024_10_PIT_WAS,PIT,-0.3992902,0.610119524140461,31.081902,1.6241583
2024,11,2024-11-17,2024_11_BAL_PIT,PIT,-0.24836572,0.5838139855432557,31.676346,1.8324915
2024,12,2024-11-21,2024_12_PIT_CLE,PIT,-0.4459034,0.5929287732419596,30.470053,1.628529
2024,13,2024-12-01,2024_13_PIT_CIN,PIT,-0.67068624,0.6138264441761803,27.329313,1.6581584
2024,14,2024-12-08,2024_14_CLE_PIT,PIT,-0.24468811,0.5745504424001785,28.844461,1.9460373
2024,15,2024-12-15,2024_15_PIT_PHI,PIT,-0.35127577,0.579623320910557,28.49724,1.9321485
2024,16,2024-12-21,2024_16_PIT_BAL,PIT,-0.11597514,0.5687052917167392,29.95347,2.1594212
2024,17,2024-12-25,2024_17_KC_PIT,PIT,0.04738927,0.5602011030042172,32.925694,2.2086637
2024,18,2025-01-04,2024_18_CIN_PIT,PIT,0.45743302,0.5402935390581917,35.19108,2.4868686
2016,1,2016-09-11,2016_01_MIA_SEA,SEA,,,,
2016,2,2016-09-18,2016_02_SEA_LA,SEA,,,,
2016,3,2016-09-25,2016_03_SF_SEA,SEA,,,,
2016,4,2016-10-02,2016_04_SEA_NYJ,SEA,,,,
2016,6,2016-10-16,2016_06_ATL_SEA,SEA,,,,
2016,7,2016-10-23,2016_07_SEA_ARI,SEA,,,,
2016,8,2016-10-30,2016_08_SEA_NO,SEA,-0.6892343,0.6859370865025628,26.167244,1.2012266
2016,9,2016-11-07,2016_09_BUF_SEA,SEA,-0.5125468,0.6651713938618701,29.445023,1.4790044
2016,10,2016-11-13,2016_10_SEA_NE,SEA,-0.4087516,0.6371854446259207,31.845022,1.7456709
2016,11,2016-11-20,2016_11_PHI_SEA,SEA,-0.052287564,0.6184383275454705,34.706135,1.895671
2016,12,2016-11-27,2016_12_SEA_TB,SEA,-0.15351076,0.6136715665287094,34.05928,1.830403
2016,13,2016-12-04,2016_13_CAR_SEA,SEA,-0.31322902,0.6131185633409023,33.72595,1.691514
2016,14,2016-12-11,2016_14_SEA_GB,SEA,-0.2905635,0.6340427559912855,32.216026,1.7173077
2016,15,2016-12-15,2016_15_LA_SEA,SEA,-0.1914471,0.633542859062817,29.894598,1.7530221
2016,16,2016-12-24,2016_16_ARI_SEA,SEA,-0.6141122,0.6455264772964352,26.166819,1.3919109
2016,17,2017-01-01,2016_17_SEA_SF,SEA,-0.7269334,0.6451988419687998,24.154915,1.3966727
2017,1,2017-09-10,2017_01_SEA_GB,SEA,,,,
2017,2,2017-09-17,2017_02_SF_SEA,SEA,,,,
2017,3,2017-09-24,2017_03_SEA_TEN,SEA,,,,
2017,4,2017-10-01,2017_04_IND_SEA,SEA,,,,
2017,5,2017-10-08,2017_05_SEA_LA,SEA,,,,
2017,7,2017-10-22,2017_07_SEA_NYG,SEA,,,,
2017,8,2017-10-29,2017_08_HOU_SEA,SEA,-0.7908347,0.6295964747534012,26.356062,1.2835137
2017,9,2017-11-05,2017_09_WAS_SEA,SEA,-0.615513,0.6416060260486668,26.248917,1.4525614
2017,10,2017-11-09,2017_10_SEA_ARI,SEA,-0.6463806,0.6494789822170776,25.619547,1.5341464
2017,11,2017-11-20,2017_11_ATL_SEA,SEA,-0.9186942,0.6861241761263309,24.337496,1.3464174
2017,12,2017-11-26,2017_12_SEA_SF,SEA,-0.5703738,0.6753837205942087,24.92083,1.513084
2017,13,2017-12-03,2017_13_PHI_SEA,SEA,-0.52280027,0.6911633113737995,22.828756,1.5282356
2017,14,2017-12-10,2017_14_SEA_JAX,SEA,-0.31757084,0.6733693472969406,27.453756,1.5976801
2017,15,2017-12-17,2017_15_LA_SEA,SEA,-0.4480399,0.6840376802867022,26.441849,1.502442
2017,16,2017-12-24,2017_16_SEA_DAL,SEA,-0.23894767,0.657078297077319,27.50412,1.7606837
2017,17,2017-12-31,2017_17_ARI_SEA,SEA,-0.33068585,0.6331992811939838,28.058899,1.7373737
2018,1,2018-09-09,2018_01_SEA_DEN,SEA,,,,
2018,2,2018-09-17,2018_02_SEA_CHI,SEA,,,,
2018,3,2018-09-23,2018_03_DAL_SEA,SEA,,,,
2018,4,2018-09-30,2018_04_SEA_ARI,SEA,,,,
2018,5,2018-10-07,2018_05_LA_SEA,SEA,,,,
2018,6,2018-10-14,2018_06_SEA_OAK,SEA,,,,
2018,8,2018-10-28,2018_08_SEA_DET,SEA,-0.45946133,0.5795330806176394,28.501389,1.5791668
2018,9,2018-11-04,2018_09_LAC_SEA,SEA,-0.51306194,0.5999721323066911,28.795832,1.5124999
2018,10,2018-11-11,2018_10_SEA_LA,SEA,-0.35852826,0.6087444171206425,30.713762,1.5503788
2018,11,2018-11-15,2018_11_GB_SEA,SEA,0.056872815,0.6009444659494794,33.41452,1.9152778
2018,12,2018-11-25,2018_12_SEA_CAR,SEA,0.29366812,0.5892802042852177,35.201138,2.042803
2018,13,2018-12-02,2018_13_SF_SEA,SEA,0.16865097,0.5789973235856704,35.33447,1.942803
2018,14,2018-12-10,2018_14_MIN_SEA,SEA,0.47107247,0.5672627176415056,38.328785,2.1227272
2018,15,2018-12-16,2018_15_SEA_SF,SEA,0.2695894,0.5624411503199381,36.99394,1.9954547
2018,16,2018-12-23,2018_16_KC_SEA,SEA,0.30995178,0.553805804184592,35.812122,2.040909
2018,17,2018-12-30,2018_17_ARI_SEA,SEA,0.21055931,0.5471529873045025,35.28182,1.9651514
2019,1,2019-09-08,2019_01_CIN_SEA,SEA,,,,
2019,2,2019-09-15,2019_02_SEA_PIT,SEA,,,,
2019,3,2019-09-22,2019_03_NO_SEA,SEA,,,,
2019,4,2019-09-29,2019_04_SEA_ARI,SEA,,,,
2019,5,2019-10-03,2019_05_LA_SEA,SEA,,,,
2019,6,2019-10-13,2019_06_SEA_CLE,SEA,,,,
2019,7,2019-10-20,2019_07_BAL_SEA,SEA,-0.093078546,0.5968910333493667,31.569696,1.9482323
2019,8,2019-10-27,2019_08_SEA_ATL,SEA,-0.008713417,0.5945676622759956,30.762878,1.9431819
2019,9,2019-11-03,2019_09_TB_SEA,SEA,0.034260422,0.5937986627569961,35.341667,1.8825756
2019,10,2019-11-11,2019_10_SEA_SF,SEA,0.10616925,0.6044167483750817,37.13207,2.036616
2019,12,2019-11-24,2019_12_SEA_PHI,SEA,0.10474735,0.5993789756902502,34.762463,2.04642
2019,13,2019-12-02,2019_13_MIN_SEA,SEA,-0.31982797,0.58732748551376,32.547718,1.7590269
2019,14,2019-12-08,2019_14_SEA_LA,SEA,-0.3325999,0.6007339093368506,31.419516,1.6778303
2019,15,2019-12-15,2019_15_SEA_CAR,SEA,-0.31527874,0.590620411723353,33.161938,1.8293456
2019,16,2019-12-22,2019_16_ARI_SEA,SEA,-0.27536425,0.5943109425729747,30.90133,1.8596486
2019,17,2019-12-29,2019_17_SF_SEA,SEA,-0.44655153,0.5878595236215557,30.377829,1.7335801
2020,1,2020-09-13,2020_01_SEA_ATL,SEA,,,,
2020,2,2020-09-20,2020_02_NE_SEA,SEA,,,,
2020,3,2020-09-27,2020_03_DAL_SEA,SEA,,,,
2020,4,2020-10-04,2020_04_SEA_MIA,SEA,,,,
2020,5,2020-10-11,2020_05_MIN_SEA,SEA,,,,
2020,7,2020-10-25,2020_07_SEA_ARI,SEA,,,,
2020,8,2020-11-01,2020_08_SF_SEA,SEA,0.5464337,0.5921986182123742,40.67924,2.331538
2020,9,2020-11-08,2020_09_SEA_BUF,SEA,0.6669807,0.5892129359653283,38.969646,2.3934066
2020,10,2020-11-15,2020_10_SEA_LA,SEA,0.7466485,0.5818916692690616,37.77268,2.6408813
2020,11,2020-11-19,2020_11_ARI_SEA,SEA,0.6849373,0.5739203374819404,38.041725,2.6551669
2020,12,2020-11-30,2020_12_SEA_PHI,SEA,0.69459766,0.5846147819263848,36.90654,2.6607225
2020,13,2020-12-06,2020_13_NYG_SEA,SEA,0.43249473,0.5866475621888301,33.92169,2.524359
2020,14,2020-12-13,2020_14_NYJ_SEA,SEA,0.23251599,0.6086870967283646,31.3234,2.286111
2020,15,2020-12-20,2020_15_SEA_WAS,SEA,-0.24452627,0.62798204840968,28.80825,1.9224747
2020,16,2020-12-27,2020_16_LA_SEA,SEA,-0.49871054,0.6601605180881497,28.858248,1.5613636
2020,17,2021-01-03,2020_17_SEA_SF,SEA,-0.67752624,0.6757316136592452,27.941582,1.3280302
2021,1,2021-09-12,2021_01_SEA_IND,SEA,,,,
2021,2,2021-09-19,2021_02_TEN_SEA,SEA,,,,
2021,3,2021-09-26,2021_03_SEA_MIN,SEA,,,,
2021,4,2021-10-03,2021_04_SEA_SF,SEA,,,,
2021,5,2021-10-07,2021_05_LA_SEA,SEA,,,,
2021,6,2021-10-17,2021_06_SEA_PIT,SEA,,,,
2021,7,2021-10-25,2021_07_NO_SEA,SEA,0.40755787,0.5994514574477809,38.267727,2.2157147
2021,8,2021-10-31,2021_08_JAX_SEA,SEA,0.36502096,0.5967007359470594,37.78288,2.1702602
2021,10,2021-11-14,2021_10_SEA_GB,SEA,-0.012302148,0.6120464122553027,35.644184,1.853244
2021,11,2021-11-21,2021_11_ARI_SEA,SEA,-0.3317818,0.6194981732303478,32.756683,1.5115772
2021,12,2021-11-29,2021_12_SEA_WAS,SEA,-0.054813016,0.6020622159414495,33.7554,1.6256799
2021,13,2021-12-05,2021_13_SF_SEA,SEA,-0.2368875,0.6010284185841227,32.324844,1.5006799
2021,14,2021-12-12,2021_14_SEA_HOU,SEA,-0.2924413,0.6048553964495621,32.581257,1.5006799
2021,15,2021-12-21,2021_15_SEA_LA,SEA,-0.3051975,0.6048373589315245,33.73277,1.5006799
2021,16,2021-12-26,2021_16_CHI_SEA,SEA,-0.072783746,0.6130445186761174,34.081257,1.6976496
2021,17,2022-01-02,2021_17_DET_SEA,SEA,-0.03697646,0.6224301584539141,32.36459,1.7931042
2021,18,2022-01-09,2021_18_SEA_ARI,SEA,-0.15068348,0.6471951157188713,30.467367,1.8125486
2022,1,2022-09-12,2022_01_DEN_SEA,SEA,,,,
2022,2,2022-09-18,2022_02_SEA_SF,SEA,,,,
2022,3,2022-09-25,2022_03_ATL_SEA,SEA,,,,
2022,4,2022-10-02,2022_04_SEA_DET,SEA,,,,
2022,5,2022-10-09,2022_05_SEA_NO,SEA,,,,
2022,6,2022-10-16,2022_06_ARI_SEA,SEA,,,,
2022,7,2022-10-23,2022_07_SEA_LAC,SEA,0.65930897,0.6126408873989857,39.938137,2.471104
2022,8,2022-10-30,2022_08_NYG_SEA,SEA,0.34884724,0.6368929567031384,35.486748,2.4294374
2022,9,2022-11-06,2022_09_SEA_ARI,SEA,0.1278305,0.6668018575913172,32.679173,2.1764069
2022,10,2022-11-13,2022_10_SEA_TB,SEA,-0.4173845,0.6765925060316201,29.500723,1.9036797
2022,12,2022-11-27,2022_12_LV_SEA,SEA,-0.57149535,0.6798912616432101,28.544662,1.5718614
2022,13,2022-12-04,2022_13_SEA_LA,SEA,-0.47876468,0.6662989346580259,30.16371,1.5837663
2022,14,2022-12-11,2022_14_CAR_SEA,SEA,-0.18428074,0.6311453151294063,31.105375,1.9254328
2022,15,2022-12-15,2022_15_SF_SEA,SEA,0.1961679,0.6079641892967654,31.505629,2.0883117
2022,16,2022-12-24,2022_16_SEA_KC,SEA,0.31536928,0.589810539330504,33.388203,2.1830087
2022,17,2023-01-01,2022_17_NYJ_SEA,SEA,0.5216659,0.5758770313180486,33.918507,2.3193724
2022,18,2023-01-08,2022_18_LA_SEA,SEA,0.0594259,0.591702224643242,30.810173,2.0527055
2023,1,2023-09-10,2023_01_LA_SEA,SEA,,,,
2023,2,2023-09-17,2023_02_SEA_DET,SEA,,,,
2023,3,2023-09-24,2023_03_CAR_SEA,SEA,,,,
2023,4,2023-10-02,2023_04_SEA_NYG,SEA,,,,
2023,6,2023-10-15,2023_06_SEA_CIN,SEA,,,,
2023,7,2023-10-22,2023_07_ARI_SEA,SEA,,,,
2023,8,2023-10-29,2023_08_CLE_SEA,SEA,-0.3551748,0.6474090144175283,29.40404,1.8118687
2023,9,2023-11-05,2023_09_SEA_BAL,SEA,-0.7310548,0.6612755685672352,26.862373,1.5340909
2023,10,2023-11-12,2023_10_WAS_SEA,SEA,-0.5045026,0.6508262185345519,28.209595,1.6174241
2023,11,2023-11-19,2023_11_SEA_LA,SEA,-0.39403975,0.6416934951972831,28.353537,1.6363636
2023,12,2023-11-23,2023_12_SF_SEA,SEA,-0.004156915,0.6372747938088847,28.954546,1.8522726
2023,13,2023-11-30,2023_13_SEA_DAL,SEA,0.16319925,0.6233368027875604,30.948233,2.0252526
2023,14,2023-12-10,2023_14_SEA_SF,SEA,0.6508199,0.6071536681833732,33.43308,2.4949496
2023,15,2023-12-18,2023_15_PHI_SEA,SEA,0.8074115,0.5985705075168791,35.405304,2.6060605
2023,16,2023-12-24,2023_16_SEA_TEN,SEA,0.7073423,0.6070790995058633,33.602528,2.375505
2023,17,2023-12-31,2023_17_PIT_SEA,SEA,0.716455,0.5949190074713694,34.18775,2.3357322
2023,18,2024-01-07,2023_18_SEA_ARI,SEA,1.0810528,0.5695575738712993,37.9423,2.5781565
2024,1,2024-09-08,2024_01_DEN_SEA,SEA,,,,
2024,2,2024-09-15,2024_02_SEA_NE,SEA,,,,
2024,3,2024-09-22,2024_03_MIA_SEA,SEA,,,,
2024,4,2024-09-30,2024_04_SEA_DET,SEA,,,,
2024,5,2024-10-06,2024_05_NYG_SEA,SEA,,,,
2024,6,2024-10-10,2024_06_SF_SEA,SEA,,,,
2024,7,2024-10-20,2024_07_SEA_ATL,SEA,0.119269155,0.5916933439983797,27.706331,1.9284576
2024,8,2024-10-27,2024_08_BUF_SEA,SEA,0.061137285,0.5783509372468819,30.730576,1.962801
2024,9,2024-11-03,2024_09_LA_SEA,SEA,0.32162994,0.5730780729474908,33.841686,2.20169
2024,11,2024-11-17,2024_11_SEA_SF,SEA,0.68138367,0.5654007733951912,35.06113,2.3822455
2024,12,2024-11-24,2024_12_ARI_SEA,SEA,0.33183876,0.5752733339621963,34.29682,2.0606966
2024,13,2024-12-01,2024_13_SEA_NYJ,SEA,0.14271961,0.5762989287377911,33.878872,1.8658248
2024,14,2024-12-08,2024_14_SEA_ARI,SEA,-0.30295,0.5900146882868839,30.781649,1.6574916
2024,15,2024-12-15,2024_15_GB_SEA,SEA,-0.24610977,0.5947790527103393,30.162964,1.6953703
2024,16,2024-12-22,2024_16_MIN_SEA,SEA,-0.4401048,0.5987801961413072,27.871298,1.5953703
2024,17,2024-12-26,2024_17_SEA_CHI,SEA,-0.26559025,0.5963695512306623,27.625143,1.719302
2024,18,2025-01-05,2024_18_SEA_LA,SEA,-0.44372582,0.6002125112541778,25.478846,1.4544872
2016,1,2016-09-12,2016_01_LA_SF,SF,,,,
2016,2,2016-09-18,2016_02_SF_CAR,SF,,,,
2016,3,2016-09-25,2016_03_SF_SEA,SF,,,,
2016,4,2016-10-02,2016_04_DAL_SF,SF,,,,
2016,5,2016-10-06,2016_05_ARI_SF,SF,,,,
2016,6,2016-10-16,2016_06_SF_BUF,SF,,,,
2016,7,2016-10-23,2016_07_TB_SF,SF,0.1516745,0.5862098509157164,29.712797,2.212393
2016,9,2016-11-06,2016_09_NO_SF,SF,0.6643184,0.5552025645512871,34.08734,2.6482906
2016,10,2016-11-13,2016_10_SF_ARI,SF,0.9049721,0.5459918733994903,35.897434,2.757265
2016,11,2016-11-20,2016_11_NE_SF,SF,0.8008156,0.5470439970760483,36.21795,2.5777779
2016,12,2016-11-27,2016_12_SF_MIA,SF,0.8243854,0.5564021620592133,35.25128,2.5944445
2016,13,2016-12-04,2016_13_SF_CHI,SF,0.9304344,0.5604850544754391,37.475525,2.719697
2016,14,2016-12-11,2016_14_NYJ_SF,SF,0.6812269,0.5844565779661933,35.69561,2.4761074
2016,15,2016-12-18,2016_15_SF_ATL,SF,0.5317917,0.5999101059197213,34.323814,2.3350816
2016,16,2016-12-24,2016_16_SF_LA,SF,0.6346847,0.5944862562651024,35.336636,2.4306526
2016,17,2017-01-01,2016_17_SEA_SF,SF,0.5668349,0.5982720817542245,31.623816,2.3691142
2017,1,2017-09-10,2017_01_CAR_SF,SF,,,,
2017,2,2017-09-17,2017_02_SF_SEA,SF,,,,
2017,3,2017-09-21,2017_03_LA_SF,SF,,,,
2017,4,2017-10-01,2017_04_SF_ARI,SF,,,,
2017,5,2017-10-08,2017_05_SF_IND,SF,,,,
2017,6,2017-10-15,2017_06_SF_WAS,SF,,,,
2017,7,2017-10-22,2017_07_DAL_SF,SF,0.18386836,0.6318068474765944,30.418541,1.9933262
2017,8,2017-10-29,2017_08_SF_PHI,SF,0.5350036,0.6139673987659336,33.02839,2.2003968
2017,9,2017-11-05,2017_09_ARI_SF,SF,0.5933891,0.5844696203098217,32.337914,2.3551588
2017,10,2017-11-12,2017_10_NYG_SF,SF,0.263469,0.608210416550618,30.621246,2.0079365
2017,12,2017-11-26,2017_12_SEA_SF,SF,0.39030936,0.6063340191385063,32.50696,2.1436508
2017,13,2017-12-03,2017_13_SF_CHI,SF,0.3129364,0.5964536929120262,30.853113,2.1180098
2017,14,2017-12-10,2017_14_SF_HOU,SF,0.18069912,0.6118641183918961,27.75589,1.9050468
2017,15,2017-12-17,2017_15_TEN_SF,SF,-0.31855062,0.6375996482940928,25.117002,1.5717134
2017,16,2017-12-24,2017_16_JAX_SF,SF,-0.042931948,0.6416051046432991,28.307478,1.7294515
2017,17,2017-12-31,2017_17_SF_LA,SF,0.05870074,0.6260186540568485,30.295511,1.9046654
2018,1,2018-09-09,2018_01_SF_MIN,SF,,,,
2018,2,2018-09-16,2018_02_DET_SF,SF,,,,
2018,3,2018-09-23,2018_03_SF_KC,SF,,,,
2018,4,2018-09-30,2018_04_SF_LAC,SF,,,,
2018,5,2018-10-07,2018_05_ARI_SF,SF,,,,
2018,6,2018-10-15,2018_06_SF_GB,SF,,,,
2018,7,2018-10-21,2018_07_LA_SF,SF,0.34311524,0.5881541607388677,32.037853,2.401506
2018,8,2018-10-28,2018_08_SF_ARI,SF,0.6296741,0.562494741810218,31.98657,2.6450956
2018,9,2018-11-01,2018_09_OAK_SF,SF,0.3910314,0.5877893546048308,30.949953,2.5428228
2018,10,2018-11-12,2018_10_NYG_SF,SF,-0.35352898,0.6292374589696018,27.872175,1.8891191
2018,12,2018-11-25,2018_12_SF_TB,SF,-0.15019642,0.6339503386824815,27.325556,1.9264153
2018,13,2018-12-02,2018_13_SF_SEA,SF,0.12211323,0.6359605398809944,30.94893,2.0736015
2018,14,2018-12-09,2018_14_DEN_SF,SF,0.3490387,0.6343331549202761,28.310043,2.1291568
2018,15,2018-12-16,2018_15_SEA_SF,SF,0.16050525,0.6725867416113629,27.769445,1.8492423
2018,16,2018-12-23,2018_16_CHI_SF,SF,0.36205614,0.6529150938147151,28.222727,1.8959595
2018,17,2018-12-30,2018_17_SF_LA,SF,0.5993473,0.6231358761188307,30.20791,2.105219
2019,1,2019-09-08,2019_01_SF_TB,SF,,,,
2019,2,2019-09-15,2019_02_SF_CIN,SF,,,,
2019,3,2019-09-22,2019_03_PIT_SF,SF,,,,
2019,5,2019-10-07,2019_05_CLE_SF,SF,,,,
2019,6,2019-10-13,2019_06_SF_LA,SF,,,,
2019,7,2019-10-20,2019_07_SF_WAS,SF,,,,
2019,8,2019-10-27,2019_08_CAR_SF,SF,-1.8270773,0.6983960958319932,19.637335,0.79302645
2019,9,2019-10-31,2019_09_SF_ARI,SF,-1.8818145,0.703342384111615,18.302017,0.77120095
2019,10,2019-11-11,2019_10_SEA_SF,SF,-1.5998297,0.6816078429326292,20.561277,0.99805284
2019,11,2019-11-17,2019_11_ARI_SF,SF,-1.6478082,0.6698429989279662,20.791292,0.94752496
2019,12,2019-11-24,2019_12_GB_SF,SF,-1.3265142,0.6597114637964311,22.321594,1.2997977
2019,13,2019-12-01,2019_13_SF_BAL,SF,-1.1919216,0.6764438055287729,22.973108,1.3149492
2019,14,2019-12-08,2019_14_SF_NO,SF,-0.72068805,0.6289591278970365,25.660608,1.7316159
2019,15,2019-12-15,2019_15_ATL_SF,SF,-0.1273155,0.6040463092342178,28.860245,2.190407
2019,16,2019-12-21,2019_16_LA_SF,SF,-0.1346911,0.6120732617056147,27.045427,2.1107774
2019,17,2019-12-29,2019_17_SF_SEA,SF,0.08047211,0.6250324953662058,28.815414,2.302331
2020,1,2020-09-13,2020_01_ARI_SF,SF,,,,
2020,2,2020-09-20,2020_02_SF_NYJ,SF,,,,
2020,3,2020-09-27,2020_03_SF_NYG,SF,,,,
2020,4,2020-10-04,2020_04_PHI_SF,SF,,,,
2020,5,2020-10-11,2020_05_MIA_SF,SF,,,,
2020,6,2020-10-18,2020_06_LA_SF,SF,,,,
2020,7,2020-10-25,2020_07_SF_NE,SF,-0.020625612,0.6014644638429898,29.400505,1.8487374
2020,8,2020-11-01,2020_08_SF_SEA,SF,-0.27420774,0.5988556975280831,28.252357,1.626515
2020,9,2020-11-05,2020_09_GB_SF,SF,0.15473144,0.5815117199568328,29.35842,1.9901515
2020,10,2020-11-15,2020_10_SF_NO,SF,0.6997368,0.5723911360887742,31.217003,2.3386364
2020,12,2020-11-29,2020_12_SF_LA,SF,0.7406599,0.5889099491008,30.179708,2.3969114
2020,13,2020-12-07,2020_13_BUF_SF,SF,0.17191152,0.6064142330113339,27.14376,1.936944
2020,14,2020-12-13,2020_14_WAS_SF,SF,0.42164147,0.5866708976429985,29.443762,2.236944
2020,15,2020-12-20,2020_15_SF_DAL,SF,0.44185582,0.5953639792527468,26.991213,2.2404163
2020,16,2020-12-26,2020_16_SF_ARI,SF,0.29066747,0.5956685478203023,24.921516,2.1353657
2020,17,2021-01-03,2020_17_SEA_SF,SF,-0.24980666,0.6077038609919792,23.646263,1.786881
2021,1,2021-09-12,2021_01_SF_DET,SF,,,,
2021,2,2021-09-19,2021_02_SF_PHI,SF,,,,
2021,3,2021-09-26,2021_03_GB_SF,SF,,,,
2021,4,2021-10-03,2021_04_SEA_SF,SF,,,,
2021,5,2021-10-10,2021_05_SF_ARI,SF,,,,
2021,7,2021-10-24,2021_07_IND_SF,SF,,,,
2021,8,2021-10-31,2021_08_SF_CHI,SF,0.15942682,0.6209160952349381,28.795542,2.097843
2021,9,2021-11-07,2021_09_ARI_SF,SF,0.3390787,0.6107147167037277,30.378876,2.163319
2021,10,2021-11-15,2021_10_LA_SF,SF,0.56060475,0.6117939405102243,30.888977,2.4293125
2021,11,2021-11-21,2021_11_SF_JAX,SF,0.08464261,0.6359953409616247,29.638977,2.095979
2021,12,2021-11-28,2021_12_MIN_SF,SF,-0.009507248,0.6409437597230686,31.615168,2.000741
2021,13,2021-12-05,2021_13_SF_SEA,SF,0.05482604,0.6475134246260669,31.034613,2.0785186
2021,14,2021-12-12,2021_14_SF_CIN,SF,-0.0016493984,0.6445331427996313,31.44487,2.0528777
2021,15,2021-12-19,2021_15_ATL_SF,SF,-0.073022366,0.6559194416859301,30.208757,1.9139887
2021,16,2021-12-23,2021_16_SF_TEN,SF,-0.43914798,0.6677089148390397,27.754211,1.6412616
2021,17,2022-01-02,2021_17_HOU_SF,SF,-0.21272117,0.6517251352441489,28.269028,1.8449653
2021,18,2022-01-09,2021_18_SF_LA,SF,-0.36778462,0.6535550296598276,26.590456,1.7040921
2022,1,2022-09-11,2022_01_SF_CHI,SF,,,,
2022,2,2022-09-18,2022_02_SEA_SF,SF,,,,
2022,3,2022-09-25,2022_03_SF_DEN,SF,,,,
2022,4,2022-10-03,2022_04_LA_SF,SF,,,,
2022,5,2022-10-09,2022_05_SF_CAR,SF,,,,
2022,6,2022-10-16,2022_06_SF_ATL,SF,,,,
2022,7,2022-10-23,2022_07_KC_SF,SF,-0.95124847,0.6406277767517263,24.099905,1.1963685
2022,8,2022-10-30,2022_08_SF_LA,SF,-0.33469462,0.6073953610193106,29.82566,1.6084896
2022,10,2022-11-13,2022_10_LAC_SF,SF,-0.15750845,0.6349738576255849,30.355291,1.8510822
2022,11,2022-11-21,2022_11_SF_ARI,SF,-0.050969545,0.6320616904277035,30.85421,1.9863635
2022,12,2022-11-27,2022_12_NO_SF,SF,0.010130341,0.6450185187053874,31.328451,1.9878788
2022,13,2022-12-04,2022_13_MIA_SF,SF,-0.11731509,0.6497307817509838,31.4766,1.7606059
2022,14,2022-12-11,2022_14_TB_SF,SF,-0.41445282,0.690713339079695,30.073465,1.5711473
2022,15,2022-12-15,2022_15_SF_SEA,SF,-1.2218736,0.7101326108853304,26.135588,0.97720796
2022,16,2022-12-24,2022_16_WAS_SF,SF,-1.2661792,0.6853198207947626,26.202927,0.9149184
2022,17,2023-01-01,2022_17_SF_LV,SF,-1.3215576,0.677476074628648,27.44409,0.9502719
2022,18,2023-01-08,2022_18_ARI_SF,SF,-1.079266,0.6520109252998623,29.630959,1.270979
2023,1,2023-09-10,2023_01_SF_PIT,SF,,,,
2023,2,2023-09-17,2023_02_SF_LA,SF,,,,
2023,3,2023-09-21,2023_03_NYG_SF,SF,,,,
2023,4,2023-10-01,2023_04_ARI_SF,SF,,,,
2023,5,2023-10-08,2023_05_DAL_SF,SF,,,,
2023,6,2023-10-15,2023_06_SF_CLE,SF,,,,
2023,7,2023-10-23,2023_07_SF_MIN,SF,-0.7768886,0.6536871639756255,27.981285,1.4421412
2023,8,2023-10-29,2023_08_CIN_SF,SF,-0.36007467,0.6491802511353794,32.730442,1.743488
2023,10,2023-11-12,2023_10_SF_JAX,SF,-0.054159086,0.6229187348738631,32.96378,1.8768214
2023,11,2023-11-19,2023_11_TB_SF,SF,-0.29517874,0.6387724182275464,34.14711,1.7268213
2023,12,2023-11-23,2023_12_SF_SEA,SF,-0.5269805,0.6467967468401103,30.311396,1.5792023
2023,13,2023-12-03,2023_13_SF_PHI,SF,-0.42211983,0.620439983944886,31.11909,1.5570577
2023,14,2023-12-10,2023_14_SEA_SF,SF,-0.13298278,0.6249995538230833,33.003704,1.6653199
2023,15,2023-12-17,2023_15_SF_ARI,SF,-0.24458009,0.6221506280574909,29.133333,1.4801346
2023,16,2023-12-25,2023_16_BAL_SF,SF,-0.44385406,0.6566888675957304,29.733332,1.4468013
2023,17,2023-12-31,2023_17_SF_WAS,SF,0.015886346,0.6213611860180488,30.813889,1.8551346
2023,18,2024-01-07,2023_18_LA_SF,SF,-0.0641195,0.6282611306630914,30.197222,1.8069865
2024,1,2024-09-09,2024_01_NYJ_SF,SF,,,,
2024,2,2024-09-15,2024_02_SF_MIN,SF,,,,
2024,3,2024-09-22,2024_03_SF_LA,SF,,,,
2024,4,2024-09-29,2024_04_NE_SF,SF,,,,
2024,5,2024-10-06,2024_05_ARI_SF,SF,,,,
2024,6,2024-10-10,2024_06_SF_SEA,SF,,,,
2024,7,2024-10-20,2024_07_KC_SF,SF,-0.07266801,0.5433072326280531,29.951431,2.0790403
2024,8,2024-10-27,2024_08_DAL_SF,SF,-0.0024065722,0.5244205637413842,30.502945,2.1866162
2024,10,2024-11-10,2024_10_SF_TB,SF,0.08095187,0.5559772786314324,28.45244,2.1714647
2024,11,2024-11-17,2024_11_SEA_SF,SF,-0.06721673,0.557951067369927,26.228537,1.9744949
2024,12,2024-11-24,2024_12_SF_GB,SF,0.321731,0.5560148091836689,29.291037,2.210606
2024,13,2024-12-01,2024_13_SF_BUF,SF,0.4896823,0.5512033832358793,28.215279,2.3863637
2024,14,2024-12-08,2024_14_CHI_SF,SF,0.6221328,0.5426891136360834,29.443054,2.6363637
2024,15,2024-12-12,2024_15_LA_SF,SF,0.4777232,0.554651179348149,27.158209,2.428788
2024,16,2024-12-22,2024_16_SF_MIA,SF,0.38500455,0.5602302873893783,27.678408,2.2772727
2024,17,2024-12-30,2024_17_DET_SF,SF,0.5537489,0.5459404105995015,30.19356,2.4136364
2024,18,2025-01-05,2024_18_SF_ARI,SF,0.9287758,0.535447200106291,31.522728,2.6636364
2016,1,2016-09-11,2016_01_TB_ATL,TB,,,,
2016,2,2016-09-18,2016_02_TB_ARI,TB,,,,
2016,3,2016-09-25,2016_03_LA_TB,TB,,,,
2016,4,2016-10-02,2016_04_DEN_TB,TB,,,,
2016,5,2016-10-10,2016_05_TB_CAR,TB,,,,
2016,7,2016-10-23,2016_07_TB_SF,TB,,,,
2016,8,2016-10-30,2016_08_OAK_TB,TB,-0.064950205,0.6085626796043463,28.277458,1.9299173
2016,9,2016-11-03,2016_09_ATL_TB,TB,0.09352961,0.6032050301990778,30.507616,1.9537268
2016,10,2016-11-13,2016_10_CHI_TB,TB,0.3852466,0.5761611145187985,32.540085,2.2004802
2016,11,2016-11-20,2016_11_TB_KC,TB,0.070831895,0.5952725586302426,32.065727,1.9312493
2016,12,2016-11-27,2016_12_SEA_TB,TB,0.116258286,0.591140116997801,33.846497,1.8684288
2016,13,2016-12-04,2016_13_TB_SD,TB,-0.106282495,0.606660800018484,31.285889,1.7017622
2016,14,2016-12-11,2016_14_NO_TB,TB,-0.0866898,0.6185636579630086,32.99422,1.8156509
2016,15,2016-12-18,2016_15_TB_DAL,TB,-0.35584167,0.6249231912868276,30.441841,1.6085081
2016,16,2016-12-24,2016_16_TB_NO,TB,-0.777129,0.6417394873644874,29.693106,1.3181041
2016,17,2017-01-01,2016_17_CAR_TB,TB,-0.3186131,0.6050646344396344,33.048233,1.7065657
2017,2,2017-09-17,2017_02_CHI_TB,TB,,,,
2017,3,2017-09-24,2017_03_TB_MIN,TB,,,,
2017,4,2017-10-01,2017_04_NYG_TB,TB,,,,
2017,5,2017-10-05,2017_05_NE_TB,TB,,,,
2017,6,2017-10-15,2017_06_TB_ARI,TB,,,,
2017,7,2017-10-22,2017_07_TB_BUF,TB,,,,
2017,8,2017-10-29,2017_08_CAR_TB,TB,0.08883857,0.589885640866033,36.694607,2.1938293
2017,9,2017-11-05,2017_09_TB_NO,TB,0.37742785,0.5949581917719173,34.481644,2.3003109
2017,10,2017-11-12,2017_10_NYJ_TB,TB,0.18454826,0.5919531086197753,33.163464,2.1487956
2017,11,2017-11-19,2017_11_TB_MIA,TB,-0.027850106,0.6073162177328845,31.719017,1.9682401
2017,12,2017-11-26,2017_12_TB_ATL,TB,-0.24070746,0.6374151608125967,30.961441,1.9184566
2017,13,2017-12-03,2017_13_TB_GB,TB,0.029707097,0.6359689732552981,34.978535,2.0609066
2017,14,2017-12-10,2017_14_DET_TB,TB,-0.054010045,0.628906591192916,32.23611,1.8841391
2017,15,2017-12-18,2017_15_ATL_TB,TB,0.016686385,0.6146594571541153,34.73611,1.9813613
2017,16,2017-12-24,2017_16_TB_CAR,TB,0.23361868,0.6094376636970277,36.162037,2.0621693
2017,17,2017-12-31,2017_17_NO_TB,TB,0.44126785,0.5929964660058301,36.20623,2.2566137
2018,1,2018-09-09,2018_01_TB_NO,TB,,,,
2018,2,2018-09-16,2018_02_PHI_TB,TB,,,,
2018,3,2018-09-24,2018_03_PIT_TB,TB,,,,
2018,4,2018-09-30,2018_04_TB_CHI,TB,,,,
2018,6,2018-10-14,2018_06_TB_ATL,TB,,,,
2018,7,2018-10-21,2018_07_CLE_TB,TB,,,,
2018,8,2018-10-28,2018_08_TB_CIN,TB,0.8320927,0.5329288937444018,35.73363,2.726923
2018,9,2018-11-04,2018_09_TB_CAR,TB,0.73935366,0.5448388964966505,33.261772,2.4899101
2018,10,2018-11-11,2018_10_WAS_TB,TB,0.94979817,0.5287623804201343,33.19767,2.759141
2018,11,2018-11-18,2018_11_TB_NYG,TB,1.021018,0.5201185551096424,33.199093,2.7477448
2018,12,2018-11-25,2018_12_SF_TB,TB,0.7502213,0.5458829632604142,30.867022,2.4649165
2018,13,2018-12-02,2018_13_CAR_TB,TB,0.4051884,0.5612422501905567,29.09884,2.0346134
2018,14,2018-12-09,2018_14_NO_TB,TB,0.45239553,0.5552958817441883,31.634554,2.0207245
2018,15,2018-12-16,2018_15_TB_BAL,TB,0.39681554,0.566139524756949,31.015509,2.040566
2018,16,2018-12-23,2018_16_TB_DAL,TB,0.23513985,0.5726249124342871,32.64941,1.8724748
2018,17,2018-12-30,2018_17_ATL_TB,TB,0.12609825,0.580204986681028,30.868265,1.8943602
2019,1,2019-09-08,2019_01_SF_TB,TB,,,,
2019,2,2019-09-12,2019_02_TB_CAR,TB,,,,
2019,3,2019-09-22,2019_03_NYG_TB,TB,,,,
2019,4,2019-09-29,2019_04_TB_LA,TB,,,,
2019,5,2019-10-06,2019_05_TB_NO,TB,,,,
2019,6,2019-10-13,2019_06_CAR_TB,TB,,,,
2019,8,2019-10-27,2019_08_TB_TEN,TB,0.03886886,0.6086784933127316,29.649984,2.130519
2019,9,2019-11-03,2019_09_TB_SEA,TB,0.10124508,0.6279560191378765,28.995222,2.1880586
2019,10,2019-11-10,2019_10_ARI_TB,TB,0.4417087,0.6182971594790169,30.815735,2.547033
2019,11,2019-11-17,2019_11_NO_TB,TB,0.40140858,0.6160035743422945,30.80078,2.4487424
2019,12,2019-11-24,2019_12_TB_ATL,TB,0.5613734,0.599643882835544,29.62642,2.4795115
2019,13,2019-12-01,2019_13_TB_JAX,TB,0.3199608,0.6154523798940411,27.02269,2.291866
2019,14,2019-12-08,2019_14_IND_TB,TB,-0.1640956,0.631189928474727,27.784126,2.0818987
2019,15,2019-12-15,2019_15_TB_DET,TB,-0.1314396,0.6338227453932582,28.842735,2.1322649
2019,16,2019-12-21,2019_16_HOU_TB,TB,-0.5597047,0.6666935071101738,26.291452,1.8373932
2019,17,2019-12-29,2019_17_ATL_TB,TB,-0.80227304,0.6632576076921316,23.671488,1.6936202
2020,1,2020-09-13,2020_01_TB_NO,TB,,,,
2020,2,2020-09-20,2020_02_CAR_TB,TB,,,,
2020,3,2020-09-27,2020_03_TB_DEN,TB,,,,
2020,4,2020-10-04,2020_04_LAC_TB,TB,,,,
2020,5,2020-10-08,2020_05_TB_CHI,TB,,,,
2020,6,2020-10-18,2020_06_GB_TB,TB,,,,
2020,7,2020-10-25,2020_07_TB_LV,TB,-0.75430804,0.6847791531937348,23.554474,1.510101
2020,8,2020-11-02,2020_08_TB_NYG,TB,-0.7652003,0.6894817257534503,25.58586,1.479798
2020,9,2020-11-08,2020_09_NO_TB,TB,-0.6268475,0.6838681701872432,25.064394,1.5921717
2020,10,2020-11-15,2020_10_TB_CAR,TB,-0.08345587,0.6399506399060766,28.00379,2.0164142
2020,11,2020-11-23,2020_11_LA_TB,TB,-0.20813274,0.6254984073165891,26.337122,2.0176768
2020,12,2020-11-29,2020_12_KC_TB,TB,-0.18156521,0.632365614183796,27.950174,2.0608003
2020,14,2020-12-13,2020_14_MIN_TB,TB,0.337189,0.5926112187475824,33.38578,2.3310025
2020,15,2020-12-20,2020_15_TB_ATL,TB,0.40671587,0.5855675520241557,35.149036,2.3196387
2020,16,2020-12-26,2020_16_TB_DET,TB,0.4565736,0.5907346492367074,35.330856,2.3802447
2020,17,2021-01-03,2020_17_ATL_TB,TB,-0.22494298,0.6304597389617972,31.351835,1.8173076
2021,1,2021-09-09,2021_01_DAL_TB,TB,,,,
2021,2,2021-09-19,2021_02_ATL_TB,TB,,,,
2021,3,2021-09-26,2021_03_TB_LA,TB,,,,
2021,4,2021-10-03,2021_04_TB_NE,TB,,,,
2021,5,2021-10-10,2021_05_MIA_TB,TB,,,,
2021,6,2021-10-14,2021_06_TB_PHI,TB,,,,
2021,7,2021-10-24,2021_07_CHI_TB,TB,0.07708936,0.6305755505171938,30.344004,2.1751378
2021,8,2021-10-31,2021_08_TB_NO,TB,-0.44270468,0.6537125986542419,28.549133,1.8418045
2021,10,2021-11-14,2021_10_TB_WAS,TB,-0.12868957,0.6456849671147057,29.396355,1.9608521
2021,11,2021-11-22,2021_11_NYG_TB,TB,-0.25172338,0.6321943128887574,28.538948,1.9312224
2021,12,2021-11-28,2021_12_TB_IND,TB,-0.4861015,0.6332499837973694,27.341978,1.8251619
2021,13,2021-12-05,2021_13_TB_ATL,TB,-0.47650123,0.6268777038139783,27.212349,1.9409027
2021,14,2021-12-12,2021_14_BUF_TB,TB,-0.61783946,0.6001642321005066,29.962349,1.7575693
2021,15,2021-12-19,2021_15_NO_TB,TB,-0.10191277,0.5726510045872791,31.94953,2.0652616
2021,16,2021-12-26,2021_16_TB_CAR,TB,-0.33351198,0.5880430970627049,29.653587,1.7639796
2021,17,2022-01-02,2021_17_TB_NYJ,TB,-0.76851535,0.610217219236827,27.864023,1.3178517
2021,18,2022-01-09,2021_18_CAR_TB,TB,-0.3511509,0.5959949382498403,30.273117,1.5299729
2022,1,2022-09-11,2022_01_TB_DAL,TB,,,,
2022,2,2022-09-18,2022_02_TB_NO,TB,,,,
2022,3,2022-09-25,2022_03_GB_TB,TB,,,,
2022,4,2022-10-02,2022_04_KC_TB,TB,,,,
2022,5,2022-10-09,2022_05_ATL_TB,TB,,,,
2022,6,2022-10-16,2022_06_TB_PIT,TB,,,,
2022,7,2022-10-23,2022_07_TB_CAR,TB,-0.4745854,0.6363956541530357,27.709238,1.6004273
2022,8,2022-10-27,2022_08_BAL_TB,TB,0.038886633,0.615735573492955,29.728937,1.9049727
2022,9,2022-11-06,2022_09_LA_TB,TB,0.5972342,0.5873835302370657,32.071884,2.1517677
2022,10,2022-11-13,2022_10_SEA_TB,TB,0.555297,0.6122181863217216,30.149267,2.112085
2022,12,2022-11-27,2022_12_TB_CLE,TB,0.30544078,0.6167027262860597,29.071825,1.7871693
2022,13,2022-12-05,2022_13_NO_TB,TB,0.30260178,0.6261744788133677,28.906584,1.8042632
2022,14,2022-12-11,2022_14_TB_SF,TB,0.2363606,0.6319829296218185,28.921736,1.7133542
2022,15,2022-12-18,2022_15_CIN_TB,TB,0.24595337,0.6064150379175631,29.32628,1.8936572
2022,16,2022-12-25,2022_16_TB_ARI,TB,0.06774982,0.6084968681243934,26.354057,1.9908795
2022,17,2023-01-01,2022_17_CAR_TB,TB,-0.01379034,0.5944179245811642,27.512787,2.0138953
2022,18,2023-01-08,2022_18_TB_ATL,TB,-0.07995867,0.6258586546330053,27.03395,2.0033133
2023,1,2023-09-10,2023_01_TB_MIN,TB,,,,
2023,2,2023-09-17,2023_02_CHI_TB,TB,,,,
2023,3,2023-09-25,2023_03_PHI_TB,TB,,,,
2023,4,2023-10-01,2023_04_TB_NO,TB,,,,
2023,6,2023-10-15,2023_06_DET_TB,TB,,,,
2023,7,2023-10-22,2023_07_ATL_TB,TB,,,,
2023,8,2023-10-26,2023_08_TB_BUF,TB,-0.40803948,0.6360032644123553,32.816666,1.630303
2023,9,2023-11-05,2023_09_TB_HOU,TB,-0.16476539,0.6177595973050519,33.695454,1.7363638
2023,10,2023-11-12,2023_10_TEN_TB,TB,0.10821331,0.6210718868673415,36.146736,1.9530302
2023,11,2023-11-19,2023_11_TB_SF,TB,-0.25309804,0.6517651288105835,31.446737,1.660606
2023,12,2023-11-26,2023_12_TB_IND,TB,0.2227092,0.6021467841922388,35.461887,1.9742426
2023,13,2023-12-03,2023_13_CAR_TB,TB,0.1791525,0.5912725994544177,35.674007,2.080303
2023,14,2023-12-10,2023_14_TB_ATL,TB,0.097161,0.5965000571818754,32.631702,2.0444057
2023,15,2023-12-17,2023_15_TB_GB,TB,-0.074810356,0.6087505888842788,31.751747,2.001282
2023,16,2023-12-24,2023_16_JAX_TB,TB,-0.19138072,0.6034889780671123,31.311577,1.8716525
2023,17,2023-12-31,2023_17_NO_TB,TB,-0.18795729,0.5961627394908738,33.228245,1.9807434
2023,18,2024-01-07,2023_18_TB_CAR,TB,-0.3018326,0.6243524741389418,30.533798,1.8501878
2024,1,2024-09-08,2024_01_WAS_TB,TB,,,,
2024,2,2024-09-15,2024_02_TB_DET,TB,,,,
2024,3,2024-09-22,2024_03_DEN_TB,TB,,,,
2024,4,2024-09-29,2024_04_PHI_TB,TB,,,,
2024,5,2024-10-03,2024_05_TB_ATL,TB,,,,
2024,6,2024-10-13,2024_06_TB_NO,TB,,,,
2024,7,2024-10-21,2024_07_BAL_TB,TB,-0.0012624065,0.5313098048135927,33.902187,2.0582492
2024,8,2024-10-27,2024_08_ATL_TB,TB,0.26568356,0.5249240609278488,36.062122,2.3090909
2024,9,2024-11-04,2024_09_TB_KC,TB,0.59027815,0.5120548468086347,35.613636,2.5833333
2024,10,2024-11-10,2024_10_SF_TB,TB,0.6837127,0.5204910288678114,35.56515,2.6045454
2024,12,2024-11-24,2024_12_TB_NYG,TB,0.9015732,0.5017054312954491,38.66515,2.7545455
2024,13,2024-12-01,2024_13_TB_CAR,TB,0.4535633,0.5248643054971041,34.41515,2.3257575
2024,14,2024-12-08,2024_14_LV_TB,TB,0.63352,0.5284964757959411,35.417534,2.3662338
2024,15,2024-12-15,2024_15_TB_LAC,TB,0.14011486,0.5568918178276466,32.053898,1.9419913
2024,16,2024-12-22,2024_16_TB_DAL,TB,-0.29543313,0.5761564883423173,28.608442,1.6829004
2024,17,2024-12-29,2024_17_CAR_TB,TB,-0.44902197,0.5912815135943478,27.193037,1.5894661
2024,18,2025-01-05,2024_18_NO_TB,TB,-0.7714605,0.5988071905317894,23.709703,1.4394661
2016,1,2016-09-11,2016_01_MIN_TEN,TEN,,,,
2016,2,2016-09-18,2016_02_TEN_DET,TEN,,,,
2016,3,2016-09-25,2016_03_OAK_TEN,TEN,,,,
2016,4,2016-10-02,2016_04_TEN_HOU,TEN,,,,
2016,5,2016-10-09,2016_05_TEN_MIA,TEN,,,,
2016,6,2016-10-16,2016_06_CLE_TEN,TEN,,,,
2016,7,2016-10-23,2016_07_IND_TEN,TEN,-0.24720317,0.6311343915376892,28.294191,1.4527779
2016,8,2016-10-27,2016_08_JAX_TEN,TEN,0.029747183,0.6092386629017645,29.974747,1.661111
2016,9,2016-11-06,2016_09_TEN_SD,TEN,0.15382527,0.6015216059935311,29.92475,1.8111111
2016,10,2016-11-13,2016_10_GB_TEN,TEN,0.29839173,0.5777116318546097,30.9162,1.972436
2016,11,2016-11-20,2016_11_TEN_IND,TEN,0.4058187,0.6006821709309179,31.083937,2.001282
2016,12,2016-11-27,2016_12_TEN_CHI,TEN,0.64932615,0.6137158964646434,33.00818,2.1982517
2016,14,2016-12-11,2016_14_DEN_TEN,TEN,0.5420224,0.6027235323472794,34.49934,2.1553223
2016,15,2016-12-18,2016_15_TEN_KC,TEN,0.13969411,0.6242146922074231,33.910954,1.9179487
2016,16,2016-12-24,2016_16_TEN_JAX,TEN,-0.035011653,0.6152076807004117,32.099842,1.7873931
2016,17,2017-01-01,2016_17_HOU_TEN,TEN,-0.04329617,0.6274336370053154,31.317793,1.8002137
2017,1,2017-09-10,2017_01_OAK_TEN,TEN,,,,
2017,2,2017-09-17,2017_02_TEN_JAX,TEN,,,,
2017,3,2017-09-24,2017_03_SEA_TEN,TEN,,,,
2017,4,2017-10-01,2017_04_TEN_HOU,TEN,,,,
2017,5,2017-10-08,2017_05_TEN_MIA,TEN,,,,
2017,6,2017-10-16,2017_06_IND_TEN,TEN,,,,
2017,7,2017-10-22,2017_07_TEN_CLE,TEN,0.2763648,0.6005032351949908,28.414492,2.0292928
2017,9,2017-11-05,2017_09_BAL_TEN,TEN,-0.27167872,0.6366772561058539,26.072184,1.7113442
2017,10,2017-11-12,2017_10_CIN_TEN,TEN,-0.076689474,0.6392089415920849,26.54188,1.7719502
2017,11,2017-11-16,2017_11_TEN_PIT,TEN,-0.22149819,0.6249911081434821,24.939316,1.6822066
2017,12,2017-11-26,2017_12_TEN_IND,TEN,-0.42332038,0.6338755941028669,24.19252,1.5839161
2017,13,2017-12-03,2017_13_HOU_TEN,TEN,-0.37227932,0.6329184249104035,26.448076,1.7394716
2017,14,2017-12-10,2017_14_TEN_ARI,TEN,-0.32265437,0.6247099741217389,27.766258,1.694017
2017,15,2017-12-17,2017_15_TEN_SF,TEN,-0.3204055,0.6122129803747451,27.750235,1.7452992
2017,16,2017-12-24,2017_16_LA_TEN,TEN,-0.04799405,0.6011909262971354,30.250235,1.9052318
2017,17,2017-12-31,2017_17_JAX_TEN,TEN,0.034968387,0.6165043166105257,31.45536,1.9949754
2018,1,2018-09-09,2018_01_TEN_MIA,TEN,,,,
2018,2,2018-09-16,2018_02_HOU_TEN,TEN,,,,
2018,3,2018-09-23,2018_03_TEN_JAX,TEN,,,,
2018,4,2018-09-30,2018_04_PHI_TEN,TEN,,,,
2018,5,2018-10-07,2018_05_TEN_BUF,TEN,,,,
2018,6,2018-10-14,2018_06_BAL_TEN,TEN,,,,
2018,7,2018-10-21,2018_07_TEN_LAC,TEN,-0.21368808,0.6395392593865339,30.603247,1.581782
2018,9,2018-11-05,2018_09_TEN_DAL,TEN,0.04651809,0.6292170749572066,32.902187,1.630724
2018,10,2018-11-11,2018_10_NE_TEN,TEN,-0.24249102,0.6332097797832447,31.118856,1.6066499
2018,11,2018-11-18,2018_11_TEN_IND,TEN,-0.246967,0.6366965013949664,31.548147,1.6546296
2018,12,2018-11-26,2018_12_TEN_HOU,TEN,0.04430442,0.6034144246753896,32.164814,1.9685186
2018,13,2018-12-02,2018_13_NYJ_TEN,TEN,0.45276287,0.5793157224516874,34.864815,2.2240741
2018,14,2018-12-06,2018_14_JAX_TEN,TEN,0.25114325,0.5750152008485342,32.18148,2.0645502
2018,15,2018-12-16,2018_15_TEN_NYG,TEN,-0.17678075,0.5964167160000494,29.67475,1.8305435
2018,16,2018-12-22,2018_16_WAS_TEN,TEN,-0.25079966,0.6226917295667296,28.508081,1.5712843
2018,17,2018-12-30,2018_17_IND_TEN,TEN,-0.03543575,0.6016936882561882,30.64697,1.7657286
2019,1,2019-09-08,2019_01_TEN_CLE,TEN,,,,
2019,2,2019-09-15,2019_02_IND_TEN,TEN,,,,
2019,3,2019-09-19,2019_03_TEN_JAX,TEN,,,,
2019,4,2019-09-29,2019_04_TEN_ATL,TEN,,,,
2019,5,2019-10-06,2019_05_BUF_TEN,TEN,,,,
2019,6,2019-10-13,2019_06_TEN_DEN,TEN,,,,
2019,7,2019-10-20,2019_07_LAC_TEN,TEN,-0.73570466,0.6516029427181388,26.13005,1.2328644
2019,8,2019-10-27,2019_08_TB_TEN,TEN,-0.30131066,0.6398965935117896,28.770264,1.4484729
2019,9,2019-11-03,2019_09_TEN_CAR,TEN,-0.31337342,0.6302941048555084,29.783083,1.4794558
2019,10,2019-11-10,2019_10_KC_TEN,TEN,-0.2908103,0.6443876501990538,30.866417,1.6183447
2019,12,2019-11-24,2019_12_JAX_TEN,TEN,0.034645095,0.6118414926528962,31.833588,1.911274
2019,13,2019-12-01,2019_13_TEN_IND,TEN,0.1237216,0.6063751033323402,32.639145,1.9946073
2019,14,2019-12-08,2019_14_TEN_OAK,TEN,-0.084425904,0.6071869517403424,34.43768,2.0220797
2019,15,2019-12-15,2019_15_HOU_TEN,TEN,-0.27991942,0.6029132174532391,33.05721,1.9698912
2019,16,2019-12-22,2019_16_NO_TEN,TEN,-0.06823316,0.5889598706051554,34.27772,2.0750196
2019,17,2019-12-29,2019_17_TEN_HOU,TEN,0.041503217,0.5715265589989115,33.626926,2.1107337
2020,1,2020-09-14,2020_01_TEN_DEN,TEN,,,,
2020,2,2020-09-20,2020_02_JAX_TEN,TEN,,,,
2020,3,2020-09-27,2020_03_TEN_MIN,TEN,,,,
2020,5,2020-10-13,2020_05_BUF_TEN,TEN,,,,
2020,6,2020-10-18,2020_06_HOU_TEN,TEN,,,,
2020,7,2020-10-25,2020_07_PIT_TEN,TEN,,,,
2020,8,2020-11-01,2020_08_TEN_CIN,TEN,0.509731,0.6109747079638631,37.625484,2.3735044
2020,9,2020-11-08,2020_09_CHI_TEN,TEN,1.013683,0.5960213111922844,40.37738,2.8072164
2020,10,2020-11-12,2020_10_IND_TEN,TEN,0.49915266,0.6282749689361383,36.296185,2.4696095
2020,11,2020-11-22,2020_11_TEN_BAL,TEN,0.81048846,0.5882868646852135,38.31043,2.6035128
2020,12,2020-11-29,2020_12_TEN_IND,TEN,1.0327669,0.5752490302000105,36.81043,2.7004824
2020,13,2020-12-06,2020_13_CLE_TEN,TEN,0.7712658,0.5914534412573628,35.23467,2.516139
2020,14,2020-12-13,2020_14_TEN_JAX,TEN,0.9414282,0.5820268339140888,36.110935,2.6764927
2020,15,2020-12-20,2020_15_DET_TEN,TEN,0.3480837,0.6099547982056894,33.828735,2.1821744
2020,16,2020-12-27,2020_16_TEN_GB,TEN,0.7474468,0.5722727090530121,36.98401,2.3901515
2020,17,2021-01-03,2020_17_TEN_HOU,TEN,0.8446868,0.5827081224050921,36.487713,2.5382998
2021,1,2021-09-12,2021_01_ARI_TEN,TEN,,,,
2021,2,2021-09-19,2021_02_TEN_SEA,TEN,,,,
2021,3,2021-09-26,2021_03_IND_TEN,TEN,,,,
2021,4,2021-10-03,2021_04_TEN_NYJ,TEN,,,,
2021,5,2021-10-10,2021_05_TEN_JAX,TEN,,,,
2021,6,2021-10-18,2021_06_BUF_TEN,TEN,,,,
2021,7,2021-10-24,2021_07_KC_TEN,TEN,0.2879728,0.6181224180811911,33.86324,2.3346636
2021,8,2021-10-31,2021_08_TEN_IND,TEN,-0.021110214,0.6189750248365756,34.27065,1.8624412
2021,9,2021-11-07,2021_09_TEN_LA,TEN,-0.17147397,0.5942395751011259,33.116802,1.8752618
2021,10,2021-11-14,2021_10_NO_TEN,TEN,-0.45571008,0.6085976558334756,33.46697,1.8213897
2021,11,2021-11-21,2021_11_HOU_TEN,TEN,-0.52782506,0.6143982299032804,34.892296,1.8181429
2021,12,2021-11-28,2021_12_TEN_NE,TEN,-0.44169858,0.6454100631878409,30.652397,1.8358197
2021,14,2021-12-12,2021_14_JAX_TEN,TEN,-0.40189222,0.6323182896415219,29.638758,1.8646077
2021,15,2021-12-19,2021_15_TEN_PIT,TEN,-0.5985081,0.6546093216547761,26.362665,1.8090521
2021,16,2021-12-23,2021_16_SF_TEN,TEN,-0.7143371,0.6812973327177873,24.760101,1.675505
2021,17,2022-01-02,2021_17_MIA_TEN,TEN,-0.4021739,0.6806385008089553,25.985857,1.7164141
2021,18,2022-01-09,2021_18_TEN_HOU,TEN,-0.74121135,0.6964940257553893,24.213133,1.443687
2022,1,2022-09-11,2022_01_NYG_TEN,TEN,,,,
2022,2,2022-09-19,2022_02_TEN_BUF,TEN,,,,
2022,3,2022-09-25,2022_03_LV_TEN,TEN,,,,
2022,4,2022-10-02,2022_04_TEN_IND,TEN,,,,
2022,5,2022-10-09,2022_05_TEN_WAS,TEN,,,,
2022,7,2022-10-23,2022_07_IND_TEN,TEN,,,,
2022,8,2022-10-30,2022_08_TEN_HOU,TEN,-0.080877416,0.6152112479931108,35.556484,1.9027778
2022,9,2022-11-06,2022_09_TEN_KC,TEN,-0.34081292,0.6465040678275972,32.29259,1.75
2022,10,2022-11-13,2022_10_DEN_TEN,TEN,-0.6138883,0.6725002816527584,32.506878,1.5019841
2022,11,2022-11-17,2022_11_TEN_GB,TEN,-0.89147335,0.6876109879399354,29.186365,1.2227818
2022,12,2022-11-27,2022_12_CIN_TEN,TEN,-0.7893855,0.6959850213139687,26.977106,1.1913004
2022,13,2022-12-04,2022_13_TEN_PHI,TEN,-0.6570847,0.6841178375717849,27.296549,1.2582196
2022,14,2022-12-11,2022_14_JAX_TEN,TEN,-0.14787887,0.6870613797198725,29.29352,1.6218559
2022,15,2022-12-18,2022_15_TEN_LAC,TEN,0.24292618,0.6516567085921622,33.001854,1.982967
2022,16,2022-12-24,2022_16_HOU_TEN,TEN,0.15368485,0.6444656094054491,32.107014,1.9809829
2022,17,2022-12-29,2022_17_DAL_TEN,TEN,0.17909501,0.6415897815296211,32.052525,2.1166666
2022,18,2023-01-07,2022_18_TEN_JAX,TEN,0.36918476,0.6205168729567125,32.97222,2.2424242
2023,1,2023-09-10,2023_01_TEN_NO,TEN,,,,
2023,2,2023-09-17,2023_02_LAC_TEN,TEN,,,,
2023,3,2023-09-24,2023_03_TEN_CLE,TEN,,,,
2023,4,2023-10-01,2023_04_CIN_TEN,TEN,,,,
2023,5,2023-10-08,2023_05_TEN_IND,TEN,,,,
2023,6,2023-10-15,2023_06_BAL_TEN,TEN,,,,
2023,8,2023-10-29,2023_08_ATL_TEN,TEN,0.1918128,0.5911521865830578,34.246845,1.9539142
2023,9,2023-11-02,2023_09_TEN_PIT,TEN,0.39608243,0.5895382581834151,33.44327,2.0055015
2023,10,2023-11-12,2023_10_TEN_TB,TEN,0.52577275,0.5931445377997958,34.26819,2.0122354
2023,11,2023-11-19,2023_11_TEN_JAX,TEN,0.28242597,0.6266937046822959,33.10489,1.8152658
2023,12,2023-11-26,2023_12_CAR_TEN,TEN,0.98940426,0.6143293200956891,36.401184,2.3893397
2023,13,2023-12-03,2023_13_IND_TEN,TEN,0.63732433,0.6189722755198945,31.763685,2.0768397
2023,14,2023-12-11,2023_14_TEN_MIA,TEN,0.5752527,0.6377796806368234,30.989874,2.0411255
2023,15,2023-12-17,2023_15_HOU_TEN,TEN,0.61366767,0.6027352887242997,31.610754,2.0365467
2023,16,2023-12-24,2023_16_SEA_TEN,TEN,0.33983135,0.5930955773751867,29.932692,1.9097662
2023,17,2023-12-31,2023_17_TEN_HOU,TEN,0.6629971,0.5626888692373861,31.281176,2.0829263
2023,18,2024-01-07,2023_18_JAX_TEN,TEN,0.25349215,0.5617570592777984,29.85525,1.823667
2024,1,2024-09-08,2024_01_TEN_CHI,TEN,,,,
2024,2,2024-09-15,2024_02_NYJ_TEN,TEN,,,,
2024,3,2024-09-22,2024_03_GB_TEN,TEN,,,,
2024,4,2024-09-30,2024_04_TEN_MIA,TEN,,,,
2024,6,2024-10-13,2024_06_IND_TEN,TEN,,,,
2024,7,2024-10-20,2024_07_TEN_BUF,TEN,,,,
2024,8,2024-10-27,2024_08_TEN_DET,TEN,-0.06439019,0.6128371379332919,24.401749,1.8834499
2024,9,2024-11-03,2024_09_NE_TEN,TEN,0.26787412,0.5837994479065908,25.157242,2.2772229
2024,10,2024-11-10,2024_10_TEN_LAC,TEN,0.05920757,0.5778730090256065,25.611788,2.1711621
2024,11,2024-11-17,2024_11_MIN_TEN,TEN,0.24005096,0.5786503181362489,25.606737,2.3075259
2024,12,2024-11-24,2024_12_TEN_HOU,TEN,0.5313664,0.5645072852432159,27.664429,2.473124
2024,13,2024-12-01,2024_13_TEN_WAS,TEN,0.40683547,0.5536649397580133,26.276335,2.3897908
2024,14,2024-12-08,2024_14_JAX_TEN,TEN,0.43584895,0.5353392839323575,26.81295,2.4579725
2024,15,2024-12-15,2024_15_CIN_TEN,TEN,0.26344,0.5788210116402758,29.523268,2.0955389
2024,16,2024-12-22,2024_16_TEN_IND,TEN,0.53312236,0.5658646422963466,31.220238,2.3546298
2024,17,2024-12-29,2024_17_TEN_JAX,TEN,0.42126608,0.5405908805642515,31.36981,2.341809
2024,18,2025-01-05,2024_18_HOU_TEN,TEN,0.5843905,0.5354011628745338,33.098976,2.4390314
2016,1,2016-09-12,2016_01_PIT_WAS,WAS,,,,
2016,2,2016-09-18,2016_02_DAL_WAS,WAS,,,,
2016,3,2016-09-25,2016_03_WAS_NYG,WAS,,,,
2016,4,2016-10-02,2016_04_CLE_WAS,WAS,,,,
2016,5,2016-10-09,2016_05_WAS_BAL,WAS,,,,
2016,6,2016-10-16,2016_06_PHI_WAS,WAS,,,,
2016,7,2016-10-23,2016_07_WAS_DET,WAS,0.46753907,0.5724291827700919,34.41853,2.166084
2016,8,2016-10-30,2016_08_WAS_CIN,WAS,0.17185034,0.5911229658388749,34.301865,1.9494172
2016,10,2016-11-13,2016_10_MIN_WAS,WAS,0.11283126,0.5759081652074077,33.289043,1.845571
2016,11,2016-11-20,2016_11_GB_WAS,WAS,0.054779302,0.5785247153239578,31.881468,1.7698135
2016,12,2016-11-24,2016_12_WAS_DAL,WAS,0.09867587,0.6066396449705079,31.972376,1.8001165
2016,13,2016-12-04,2016_13_WAS_ARI,WAS,0.6712623,0.5784125993823512,34.586338,2.2459855
2016,14,2016-12-11,2016_14_WAS_PHI,WAS,0.7996519,0.5922064609970684,37.115124,2.550531
2016,15,2016-12-19,2016_15_CAR_WAS,WAS,0.72457427,0.5896965403621478,36.33179,2.400531
2016,16,2016-12-24,2016_16_WAS_CHI,WAS,0.54928,0.6051265688874145,36.225567,2.363901
2016,17,2017-01-01,2016_17_NYG_WAS,WAS,0.48443803,0.5999345639226822,37.648293,2.3487494
2017,1,2017-09-10,2017_01_PHI_WAS,WAS,,,,
2017,2,2017-09-17,2017_02_WAS_LA,WAS,,,,
2017,3,2017-09-24,2017_03_OAK_WAS,WAS,,,,
2017,4,2017-10-02,2017_04_WAS_KC,WAS,,,,
2017,6,2017-10-15,2017_06_SF_WAS,WAS,,,,
2017,7,2017-10-23,2017_07_WAS_PHI,WAS,,,,
2017,8,2017-10-29,2017_08_DAL_WAS,WAS,0.09527537,0.6169343079759747,28.099411,1.9186591
2017,9,2017-11-05,2017_09_WAS_SEA,WAS,0.052902948,0.6131879771463105,27.773558,1.9859668
2017,10,2017-11-12,2017_10_MIN_WAS,WAS,-0.13787271,0.6169945211314259,27.945635,1.8257936
2017,11,2017-11-19,2017_11_WAS_NO,WAS,0.31066266,0.5868931830755424,32.57334,2.2825036
2017,12,2017-11-23,2017_12_NYG_WAS,WAS,0.3436855,0.5712503831145607,33.559704,2.4143217
2017,13,2017-11-30,2017_13_WAS_DAL,WAS,0.042379174,0.5975519471874833,30.930735,2.1286075
2017,14,2017-12-10,2017_14_WAS_LAC,WAS,0.02718164,0.5814805186160547,29.597403,2.1008298
2017,15,2017-12-17,2017_15_ARI_WAS,WAS,0.0673927,0.5772972790161484,31.589922,2.1104453
2017,16,2017-12-24,2017_16_DEN_WAS,WAS,0.087420695,0.5768273493970592,30.054209,2.1598957
2017,17,2017-12-31,2017_17_WAS_NYG,WAS,-0.4046469,0.6109657828361919,28.159103,1.7251638
2018,1,2018-09-09,2018_01_WAS_ARI,WAS,,,,
2018,2,2018-09-16,2018_02_IND_WAS,WAS,,,,
2018,3,2018-09-23,2018_03_GB_WAS,WAS,,,,
2018,5,2018-10-08,2018_05_WAS_NO,WAS,,,,
2018,6,2018-10-14,2018_06_CAR_WAS,WAS,,,,
2018,7,2018-10-21,2018_07_DAL_WAS,WAS,,,,
2018,8,2018-10-28,2018_08_WAS_NYG,WAS,-0.09916443,0.6511696645765274,30.385605,1.8853536
2018,9,2018-11-04,2018_09_ATL_WAS,WAS,-0.034966547,0.6461102409754371,31.04394,1.9659091
2018,10,2018-11-11,2018_10_WAS_TB,WAS,0.45603824,0.6010898292883587,36.233753,2.3779461
2018,11,2018-11-18,2018_11_HOU_WAS,WAS,0.3115124,0.5781963406963407,39.86153,2.1918352
2018,12,2018-11-22,2018_12_WAS_DAL,WAS,-0.11434659,0.5916947173197172,36.855976,1.7112795
2018,13,2018-12-03,2018_13_WAS_PHI,WAS,-0.06718879,0.5956515012765012,36.168797,1.8253821
2018,14,2018-12-09,2018_14_NYG_WAS,WAS,0.22824317,0.5769479825729825,37.91122,1.9920487
2018,15,2018-12-16,2018_15_WAS_JAX,WAS,0.42524073,0.5546769588436254,38.16955,2.189271
2018,16,2018-12-22,2018_16_WAS_TEN,WAS,-0.30437008,0.5743490768490769,31.986053,1.5916277
2018,17,2018-12-30,2018_17_PHI_WAS,WAS,0.0739878,0.5860339313464313,29.02494,1.8934797
2019,1,2019-09-08,2019_01_WAS_PHI,WAS,,,,
2019,2,2019-09-15,2019_02_DAL_WAS,WAS,,,,
2019,3,2019-09-23,2019_03_CHI_WAS,WAS,,,,
2019,4,2019-09-29,2019_04_WAS_NYG,WAS,,,,
2019,5,2019-10-06,2019_05_NE_WAS,WAS,,,,
2019,6,2019-10-13,2019_06_WAS_MIA,WAS,,,,
2019,7,2019-10-20,2019_07_SF_WAS,WAS,0.50902784,0.5739057513059614,35.47302,2.3891535
2019,8,2019-10-24,2019_08_WAS_MIN,WAS,0.10546595,0.5773599013226114,34.06885,2.0433202
2019,9,2019-11-03,2019_09_WAS_BUF,WAS,-0.21337129,0.5944196355698457,34.332737,1.8650794
2019,11,2019-11-17,2019_11_NYJ_WAS,WAS,-0.13174291,0.6025359405611507,33.832737,1.8484126
2019,12,2019-11-24,2019_12_DET_WAS,WAS,-0.040417213,0.6191030911497944,33.558167,2.03431
2019,13,2019-12-01,2019_13_WAS_CAR,WAS,-0.28397337,0.6290267602767603,32.962925,1.8465811
2019,14,2019-12-08,2019_14_WAS_GB,WAS,-0.27774504,0.6344111906611908,32.76314,1.8935899
2019,15,2019-12-15,2019_15_PHI_WAS,WAS,-0.12082557,0.6470451949145132,32.033974,2.00912
2019,16,2019-12-22,2019_16_NYG_WAS,WAS,0.18985182,0.6267764950686073,29.908974,2.1299534
2019,17,2019-12-29,2019_17_WAS_DAL,WAS,0.42620242,0.616695603737716,33.108974,2.2993977
2020,1,2020-09-13,2020_01_PHI_WAS,WAS,,,,
2020,2,2020-09-20,2020_02_WAS_ARI,WAS,,,,
2020,3,2020-09-27,2020_03_WAS_CLE,WAS,,,,
2020,4,2020-10-04,2020_04_BAL_WAS,WAS,,,,
2020,5,2020-10-11,2020_05_LA_WAS,WAS,,,,
2020,6,2020-10-18,2020_06_WAS_NYG,WAS,,,,
2020,7,2020-10-25,2020_07_DAL_WAS,WAS,0.3037528,0.6139273922035361,28.820707,2.2342787
2020,9,2020-11-08,2020_09_NYG_WAS,WAS,0.2727557,0.603092989980245,28.505892,2.1009452
2020,10,2020-11-15,2020_10_WAS_DET,WAS,0.2370268,0.5997881747881749,27.28367,2.0037231
2020,11,2020-11-22,2020_11_CIN_WAS,WAS,0.37015927,0.5911289636289637,28.938215,1.9885716
2020,12,2020-11-26,2020_12_WAS_DAL,WAS,-0.052087028,0.6064909164909166,27.412964,1.6438746
2020,13,2020-12-07,2020_13_WAS_PIT,WAS,-0.5490746,0.6068136997682453,25.655388,1.5016836
2020,14,2020-12-13,2020_14_WAS_SF,WAS,-0.63083684,0.6303150756272308,25.091896,1.4448051
2020,15,2020-12-20,2020_15_SEA_WAS,WAS,-0.6993618,0.6367344696334304,26.066431,1.5454997
2020,16,2020-12-27,2020_16_CAR_WAS,WAS,-0.68410426,0.6352037472693747,25.78108,1.5290855
2020,17,2021-01-03,2020_17_WAS_PHI,WAS,-0.8715914,0.6594563927720202,23.469969,1.3068633
2021,1,2021-09-12,2021_01_LAC_WAS,WAS,,,,
2021,2,2021-09-16,2021_02_NYG_WAS,WAS,,,,
2021,3,2021-09-26,2021_03_WAS_BUF,WAS,,,,
2021,4,2021-10-03,2021_04_WAS_ATL,WAS,,,,
2021,5,2021-10-10,2021_05_NO_WAS,WAS,,,,
2021,6,2021-10-17,2021_06_KC_WAS,WAS,,,,
2021,7,2021-10-24,2021_07_WAS_GB,WAS,0.7972142,0.6018315315627446,38.467472,2.7538204
2021,8,2021-10-31,2021_08_WAS_DEN,WAS,0.84198284,0.5977123482768946,36.245247,2.8278942
2021,10,2021-11-14,2021_10_TB_WAS,WAS,0.63494176,0.5881051152321616,35.37656,2.703315
2021,11,2021-11-21,2021_11_WAS_CAR,WAS,0.4317509,0.5979210741270679,33.75989,2.4686997
2021,12,2021-11-29,2021_12_SEA_WAS,WAS,0.32047674,0.5939267188091832,32.47656,2.3186998
2021,13,2021-12-05,2021_13_WAS_LV,WAS,0.21223415,0.5973196222020866,31.791246,2.0925925
2021,14,2021-12-12,2021_14_DAL_WAS,WAS,0.10636067,0.5893692637095415,29.97138,1.9006734
2021,15,2021-12-21,2021_15_WAS_PHI,WAS,-0.1414303,0.6023766883836329,27.95286,1.6895622
2021,16,2021-12-26,2021_16_WAS_DAL,WAS,-0.053930294,0.5914349333793779,31.547308,1.8247474
2021,17,2022-01-02,2021_17_PHI_WAS,WAS,0.34768525,0.5692273475179458,33.369102,2.0721834
2021,18,2022-01-09,2021_18_WAS_NYG,WAS,0.42785117,0.5810459851862567,34.530212,2.0925539
2022,1,2022-09-11,2022_01_JAX_WAS,WAS,,,,
2022,2,2022-09-18,2022_02_WAS_DET,WAS,,,,
2022,3,2022-09-25,2022_03_PHI_WAS,WAS,,,,
2022,4,2022-10-02,2022_04_WAS_DAL,WAS,,,,
2022,5,2022-10-09,2022_05_TEN_WAS,WAS,,,,
2022,6,2022-10-13,2022_06_WAS_CHI,WAS,,,,
2022,7,2022-10-23,2022_07_GB_WAS,WAS,0.042595923,0.6190788103570058,29.43157,1.7746338
2022,8,2022-10-30,2022_08_WAS_IND,WAS,-0.07054723,0.6233301146083101,27.143692,1.668573
2022,9,2022-11-06,2022_09_MIN_WAS,WAS,-0.218975,0.6195775950819811,26.584167,1.4860334
2022,10,2022-11-14,2022_10_WAS_PHI,WAS,-0.2811961,0.6192018134561995,26.01657,1.4813714
2022,11,2022-11-20,2022_11_WAS_HOU,WAS,-0.36778018,0.612271185604519,26.839645,1.5108585
2022,12,2022-11-27,2022_12_ATL_WAS,WAS,-0.6971004,0.6501284672118005,25.734848,1.370707
2022,13,2022-12-04,2022_13_WAS_NYG,WAS,-0.5516086,0.6473421691477247,25.366331,1.4947811
2022,15,2022-12-18,2022_15_NYG_WAS,WAS,-0.56922334,0.6551416448043432,25.613083,1.5056037
2022,16,2022-12-24,2022_16_WAS_SF,WAS,-0.43404648,0.6507605320898971,25.47672,1.4955026
2022,17,2023-01-01,2022_17_CLE_WAS,WAS,-0.33245304,0.6610955288832273,26.068892,1.7063612
2022,18,2023-01-08,2022_18_DAL_WAS,WAS,-0.08476951,0.6653324031201016,26.685556,1.7563611
2023,1,2023-09-10,2023_01_ARI_WAS,WAS,,,,
2023,2,2023-09-17,2023_02_WAS_DEN,WAS,,,,
2023,3,2023-09-24,2023_03_BUF_WAS,WAS,,,,
2023,4,2023-10-01,2023_04_WAS_PHI,WAS,,,,
2023,5,2023-10-05,2023_05_CHI_WAS,WAS,,,,
2023,6,2023-10-15,2023_06_WAS_ATL,WAS,,,,
2023,7,2023-10-22,2023_07_WAS_NYG,WAS,0.44971982,0.592736009657801,34.68485,2.5237374
2023,8,2023-10-29,2023_08_PHI_WAS,WAS,0.6413788,0.5812201280526338,36.006275,2.5515153
2023,9,2023-11-05,2023_09_WAS_NE,WAS,0.7500325,0.5864247477793123,35.15527,2.579293
2023,10,2023-11-12,2023_10_WAS_SEA,WAS,0.5403431,0.6067775816738129,33.84845,2.3457072
2023,11,2023-11-19,2023_11_NYG_WAS,WAS,0.40413842,0.6109462833425146,33.690113,2.1818182
2023,12,2023-11-23,2023_12_WAS_DAL,WAS,0.08634227,0.615735055176741,30.600372,1.8962704
2023,13,2023-12-03,2023_13_MIA_WAS,WAS,0.6569564,0.5773390057913869,31.72613,2.3038461
2023,15,2023-12-17,2023_15_WAS_LA,WAS,1.163156,0.5553436070102737,34.2547,2.7871797
2023,16,2023-12-24,2023_16_WAS_NYJ,WAS,0.8664786,0.5523638321554989,35.26859,2.6482906
2023,17,2023-12-31,2023_17_SF_WAS,WAS,0.7594821,0.5454929156491657,34.695675,2.7246797
2023,18,2024-01-07,2023_18_DAL_WAS,WAS,0.86706704,0.5291647222376389,35.45956,2.8219016
2024,1,2024-09-08,2024_01_WAS_TB,WAS,,,,
2024,2,2024-09-15,2024_02_NYG_WAS,WAS,,,,
2024,3,2024-09-23,2024_03_WAS_CIN,WAS,,,,
2024,4,2024-09-29,2024_04_WAS_ARI,WAS,,,,
2024,5,2024-10-06,2024_05_CLE_WAS,WAS,,,,
2024,6,2024-10-13,2024_06_WAS_BAL,WAS,,,,
2024,7,2024-10-20,2024_07_CAR_WAS,WAS,1.099233,0.5171433445471907,42.0407,2.8809526
2024,8,2024-10-27,2024_08_CHI_WAS,WAS,0.37005854,0.5385815257075941,37.78144,2.312434
2024,9,2024-11-03,2024_09_WAS_NYG,WAS,0.12564187,0.5465506729624556,35.225163,2.1111352
2024,10,2024-11-10,2024_10_PIT_WAS,WAS,-0.22110283,0.5786319232947563,31.63588,1.7837542
2024,11,2024-11-14,2024_11_WAS_PHI,WAS,-0.07545561,0.6061907915282277,29.868683,1.8578283
2024,12,2024-11-24,2024_12_DAL_WAS,WAS,0.22161119,0.5867390020589558,33.72649,2.085101
2024,13,2024-12-01,2024_13_TEN_WAS,WAS,-0.034138832,0.5910149627238054,28.452417,1.9073232
2024,15,2024-12-15,2024_15_WAS_NO,WAS,0.14733921,0.6051869018957445,29.164537,2.0785353
2024,16,2024-12-22,2024_16_PHI_WAS,WAS,0.23163368,0.6095172423371961,29.019758,2.2031145
2024,17,2024-12-29,2024_17_ATL_WAS,WAS,0.1471483,0.6161373369562403,26.2519,2.1376383
2024,18,2025-01-05,2024_18_WAS_DAL,WAS,0.23032606,0.5851554000219225,28.778353,2.2487495
