season,week,game_date,game_id,team,epa_allowed_roll6,stop_rate_roll6,yards_allowed_roll6,points_allowed_roll6
2016,1,2016-09-11,2016_01_NE_ARI,ARI,,,,
2016,2,2016-09-18,2016_02_TB_ARI,ARI,,,,
2016,3,2016-09-25,2016_03_ARI_BUF,ARI,,,,
2016,4,2016-10-02,2016_04_LA_ARI,ARI,,,,
2016,5,2016-10-06,2016_05_ARI_SF,ARI,,,,
2016,6,2016-10-17,2016_06_NYJ_ARI,ARI,,,,
2016,7,2016-10-23,2016_07_SEA_ARI,ARI,-0.8129485,0.6609154712130904,25.816414,1.4193991
2016,8,2016-10-30,2016_08_ARI_CAR,ARI,-1.2455815,0.6722493148386005,22.297897,1.0768065
2016,10,2016-11-13,2016_10_SF_ARI,ARI,-0.8481627,0.6448970374863232,23.544983,1.3506993
2016,11,2016-11-20,2016_11_ARI_MIN,ARI,-0.7925579,0.6536441454981371,24.238457,1.3075758
2016,12,2016-11-27,2016_12_ARI_ATL,ARI,-0.71371084,0.6214356553351015,23.177849,1.4136363
2016,13,2016-12-04,2016_13_WAS_ARI,ARI,-0.21060985,0.5699371097889369,26.607744,1.8673401
2016,14,2016-12-11,2016_14_ARI_MIA,ARI,0.119969696,0.5459793751367578,28.959595,2.243266
2016,15,2016-12-18,2016_15_NO_ARI,ARI,0.2461828,0.5446070206394032,29.47547,2.445647
2016,16,2016-12-24,2016_16_ARI_SEA,ARI,0.5925017,0.5379862108935936,32.052742,2.8820107
2016,17,2017-01-01,2016_17_ARI_LA,ARI,0.5712581,0.5373344797271565,32.83363,2.9635956
2017,1,2017-09-10,2017_01_ARI_DET,ARI,,,,
2017,2,2017-09-17,2017_02_ARI_IND,ARI,,,,
2017,3,2017-09-25,2017_03_DAL_ARI,ARI,,,,
2017,4,2017-10-01,2017_04_SF_ARI,ARI,,,,
2017,5,2017-10-08,2017_05_ARI_PHI,ARI,,,,
2017,6,2017-10-15,2017_06_TB_ARI,ARI,,,,
2017,7,2017-10-22,2017_07_ARI_LA,ARI,-0.06213485,0.6264346512598644,29.289782,2.1269815
2017,9,2017-11-05,2017_09_ARI_SF,ARI,0.4093082,0.6063739640837927,31.591064,2.3051865
2017,10,2017-11-09,2017_10_SEA_ARI,ARI,0.27354208,0.6038243172672285,31.68955,2.2272644
2017,11,2017-11-19,2017_11_ARI_HOU,ARI,0.11534246,0.6225314098379574,31.538034,2.0807998
2017,12,2017-11-26,2017_12_JAX_ARI,ARI,0.20188153,0.616123928430476,32.2047,2.285928
2017,13,2017-12-03,2017_13_LA_ARI,ARI,-0.1329298,0.6214322312387789,27.621368,1.9192613
2017,14,2017-12-10,2017_14_TEN_ARI,ARI,-0.17587025,0.6103539383896527,26.051924,1.9053725
2017,15,2017-12-17,2017_15_ARI_WAS,ARI,-0.7725051,0.6396436533043676,21.96859,1.4525946
2017,16,2017-12-24,2017_16_NYG_ARI,ARI,-0.6675367,0.6444802959386293,21.09359,1.6113248
2017,17,2017-12-31,2017_17_ARI_SEA,ARI,-1.104981,0.63516553662387,20.785898,1.333547
2018,1,2018-09-09,2018_01_WAS_ARI,ARI,,,,
2018,2,2018-09-16,2018_02_ARI_LA,ARI,,,,
2018,3,2018-09-23,2018_03_CHI_ARI,ARI,,,,
2018,4,2018-09-30,2018_04_SEA_ARI,ARI,,,,
2018,5,2018-10-07,2018_05_ARI_SF,ARI,,,,
2018,6,2018-10-14,2018_06_ARI_MIN,ARI,,,,
2018,7,2018-10-18,2018_07_DEN_ARI,ARI,-0.27406463,0.5737377437377438,35.90119,2.107731
2018,8,2018-10-28,2018_08_SF_ARI,ARI,-0.48754263,0.5714407351907352,31.652514,2.056144
2018,10,2018-11-11,2018_10_ARI_KC,ARI,-0.8499198,0.596971546971547,28.185846,1.7561439
2018,11,2018-11-18,2018_11_OAK_ARI,ARI,-0.58420795,0.5867645317645317,28.502516,1.9228106
2018,12,2018-11-25,2018_12_ARI_LAC,ARI,-0.5737979,0.598349492387954,27.487364,1.914652
2018,13,2018-12-02,2018_13_ARI_GB,ARI,0.039047,0.5788581041465657,28.689926,2.4338827
2018,14,2018-12-09,2018_14_DET_ARI,ARI,0.17412305,0.573564218739044,28.92186,2.3453047
2018,15,2018-12-16,2018_15_ARI_ATL,ARI,0.061211538,0.5893530595278847,28.510605,2.1191142
2018,16,2018-12-23,2018_16_LA_ARI,ARI,0.31644234,0.5789875454123706,30.254196,2.3383448
2018,17,2018-12-30,2018_17_ARI_SEA,ARI,0.5437406,0.5458164161301303,33.07086,2.4790857
2019,1,2019-09-08,2019_01_DET_ARI,ARI,,,,
2019,2,2019-09-15,2019_02_ARI_BAL,ARI,,,,
2019,3,2019-09-22,2019_03_CAR_ARI,ARI,,,,
2019,4,2019-09-29,2019_04_SEA_ARI,ARI,,,,
2019,5,2019-10-06,2019_05_ARI_CIN,ARI,,,,
2019,6,2019-10-13,2019_06_ATL_ARI,ARI,,,,
2019,7,2019-10-20,2019_07_ARI_NYG,ARI,1.050249,0.5238231213231214,40.620373,2.785185
2019,8,2019-10-27,2019_08_ARI_NO,ARI,0.80342895,0.5087579858413193,39.305218,2.712458
2019,9,2019-10-31,2019_09_SF_ARI,ARI,0.83581394,0.5010728469061804,39.805218,2.8606062
2019,10,2019-11-10,2019_10_ARI_TB,ARI,0.80162185,0.5160346340901897,39.892254,2.7457912
2019,11,2019-11-17,2019_11_ARI_SF,ARI,0.7749684,0.5413612365001255,39.94318,2.773569
2019,13,2019-12-01,2019_13_LA_ARI,ARI,0.7265369,0.5593657756852202,39.230217,2.76431
2019,14,2019-12-08,2019_14_PIT_ARI,ARI,0.46190476,0.5614717201522758,38.632996,2.5420876
2019,15,2019-12-15,2019_15_CLE_ARI,ARI,0.64906794,0.56555284992785,39.75926,2.6296296
2019,16,2019-12-22,2019_16_ARI_SEA,ARI,0.5043174,0.5783318147901482,39.351852,2.5
2019,17,2019-12-29,2019_17_ARI_LA,ARI,0.012600559,0.6018455567066678,35.60648,2.1620371
2020,1,2020-09-13,2020_01_ARI_SF,ARI,,,,
2020,2,2020-09-20,2020_02_WAS_ARI,ARI,,,,
2020,3,2020-09-27,2020_03_DET_ARI,ARI,,,,
2020,4,2020-10-04,2020_04_ARI_CAR,ARI,,,,
2020,5,2020-10-11,2020_05_ARI_NYJ,ARI,,,,
2020,6,2020-10-19,2020_06_ARI_DAL,ARI,,,,
2020,7,2020-10-25,2020_07_SEA_ARI,ARI,-0.1895898,0.5987645591833571,35.51212,1.9655303
2020,9,2020-11-08,2020_09_MIA_ARI,ARI,-0.036457602,0.5897051001238981,37.911114,2.1347222
2020,10,2020-11-15,2020_10_BUF_ARI,ARI,0.34088695,0.5734930550883236,38.29074,2.4032407
2020,11,2020-11-19,2020_11_ARI_SEA,ARI,0.27932724,0.5780288896241582,38.049076,2.386574
2020,12,2020-11-29,2020_12_ARI_NE,ARI,0.16199704,0.5812473441906519,35.410187,2.222222
2020,13,2020-12-06,2020_13_LA_ARI,ARI,0.20957707,0.5669700135571122,33.975002,2.425926
2020,14,2020-12-13,2020_14_ARI_NYG,ARI,0.70766276,0.5195402171055766,36.025,2.7925928
2020,15,2020-12-20,2020_15_PHI_ARI,ARI,0.21328945,0.5644959558113154,30.288889,2.4175928
2020,16,2020-12-26,2020_16_SF_ARI,ARI,-0.11609041,0.5975944477333367,29.867594,2.2601852
2020,17,2021-01-03,2020_17_ARI_LA,ARI,-0.19705196,0.5997348998737889,30.788048,2.146549
2021,1,2021-09-12,2021_01_ARI_TEN,ARI,,,,
2021,2,2021-09-19,2021_02_MIN_ARI,ARI,,,,
2021,3,2021-09-26,2021_03_ARI_JAX,ARI,,,,
2021,4,2021-10-03,2021_04_ARI_LA,ARI,,,,
2021,5,2021-10-10,2021_05_SF_ARI,ARI,,,,
2021,6,2021-10-17,2021_06_ARI_CLE,ARI,,,,
2021,7,2021-10-24,2021_07_HOU_ARI,ARI,-0.9927385,0.6164567591554371,32.575596,1.5275253
2021,8,2021-10-28,2021_08_GB_ARI,ARI,-1.0203692,0.6383332833046885,31.40893,1.3760101
2021,9,2021-11-07,2021_09_ARI_SF,ARI,-0.93635386,0.6462039877031708,31.811707,1.4454546
2021,10,2021-11-14,2021_10_CAR_ARI,ARI,-0.79879016,0.641236408985592,32.500168,1.5621213
2021,11,2021-11-21,2021_11_ARI_SEA,ARI,-0.70183486,0.6470099473571697,29.819613,1.6500841
2021,13,2021-12-05,2021_13_ARI_CHI,ARI,-0.5626278,0.6373906057933835,28.46776,1.7056397
2021,14,2021-12-13,2021_14_LA_ARI,ARI,-0.42426994,0.6287183517154277,29.560354,1.8611952
2021,15,2021-12-19,2021_15_ARI_DET,ARI,0.21233165,0.599512269731568,33.728703,2.3712962
2021,16,2021-12-25,2021_16_IND_ARI,ARI,0.11621188,0.5970343588141146,33.139816,2.426852
2021,17,2022-01-02,2021_17_ARI_DAL,ARI,0.14108472,0.6043249231880123,34.249073,2.5138888
2021,18,2022-01-09,2021_18_SEA_ARI,ARI,0.0824239,0.6067750193881084,35.0963,2.4444444
2022,1,2022-09-11,2022_01_KC_ARI,ARI,,,,
2022,2,2022-09-18,2022_02_ARI_LV,ARI,,,,
2022,3,2022-09-25,2022_03_LA_ARI,ARI,,,,
2022,4,2022-10-02,2022_04_ARI_CAR,ARI,,,,
2022,5,2022-10-09,2022_05_PHI_ARI,ARI,,,,
2022,6,2022-10-16,2022_06_ARI_SEA,ARI,,,,
2022,7,2022-10-20,2022_07_NO_ARI,ARI,0.33079603,0.552853192332359,35.8625,2.3953702
2022,8,2022-10-30,2022_08_ARI_MIN,ARI,-0.13565765,0.5608127778053135,35.229168,2.1771886
2022,9,2022-11-06,2022_09_SEA_ARI,ARI,-0.07063773,0.5566764227074199,34.11378,2.18716
2022,10,2022-11-13,2022_10_ARI_LA,ARI,-0.055572737,0.5613105351907971,33.192947,2.2871602
2022,11,2022-11-21,2022_11_SF_ARI,ARI,-0.0023332362,0.582633587138849,34.420727,2.4316046
2022,12,2022-11-27,2022_12_LAC_ARI,ARI,0.19519126,0.57799944812971,33.27906,2.648271
2022,14,2022-12-12,2022_14_NE_ARI,ARI,0.33292693,0.5832535304671258,34.40128,2.784382
2022,15,2022-12-18,2022_15_ARI_DEN,ARI,0.19082223,0.5996738397907327,31.234613,2.5608976
2022,16,2022-12-25,2022_16_TB_ARI,ARI,0.09427249,0.5920320039437686,30.877777,2.4583333
2022,17,2023-01-01,2022_17_ARI_ATL,ARI,-0.16387542,0.5946649938755203,29.784187,2.1852565
2022,18,2023-01-08,2022_18_ARI_SF,ARI,-0.0019873616,0.582008468302328,31.019373,2.2722933
2023,1,2023-09-10,2023_01_ARI_WAS,ARI,,,,
2023,2,2023-09-17,2023_02_NYG_ARI,ARI,,,,
2023,3,2023-09-24,2023_03_DAL_ARI,ARI,,,,
2023,4,2023-10-01,2023_04_ARI_SF,ARI,,,,
2023,5,2023-10-08,2023_05_CIN_ARI,ARI,,,,
2023,6,2023-10-15,2023_06_ARI_LA,ARI,,,,
2023,7,2023-10-22,2023_07_ARI_SEA,ARI,0.9504178,0.5528095086101953,41.98276,2.9283476
2023,8,2023-10-29,2023_08_BAL_ARI,ARI,1.1994339,0.5240990215663749,44.729202,3.0423079
2023,9,2023-11-05,2023_09_ARI_CLE,ARI,0.98423654,0.5319573669247203,40.594944,2.8987892
2023,10,2023-11-12,2023_10_ATL_ARI,ARI,0.81668377,0.549709739824152,35.80923,2.8868845
2023,11,2023-11-19,2023_11_ARI_HOU,ARI,0.055397872,0.602141896749773,29.503675,2.340588
2023,12,2023-11-26,2023_12_LA_ARI,ARI,0.03649949,0.6058107672405058,31.63188,2.3316138
2023,13,2023-12-03,2023_13_ARI_PIT,ARI,0.2516904,0.5725694714992101,32.881878,2.5149472
2023,15,2023-12-17,2023_15_SF_ARI,ARI,0.0018420009,0.5988099748230468,32.255955,2.3112433
2023,16,2023-12-24,2023_16_ARI_CHI,ARI,0.44286656,0.5789472244047408,35.29762,2.60291
2023,17,2023-12-31,2023_17_ARI_PHI,ARI,0.6502508,0.5578819470894634,37.780304,2.6905725
2023,18,2024-01-07,2023_18_SEA_ARI,ARI,0.95940894,0.5301904418959157,38.787247,2.7854798
2024,1,2024-09-08,2024_01_ARI_BUF,ARI,,,,
2024,2,2024-09-15,2024_02_LA_ARI,ARI,,,,
2024,3,2024-09-22,2024_03_DET_ARI,ARI,,,,
2024,4,2024-09-29,2024_04_WAS_ARI,ARI,,,,
2024,5,2024-10-06,2024_05_ARI_SF,ARI,,,,
2024,6,2024-10-13,2024_06_ARI_GB,ARI,,,,
2024,7,2024-10-21,2024_07_LAC_ARI,ARI,0.9343684,0.44985971786625384,37.987038,2.8203704
2024,8,2024-10-27,2024_08_ARI_MIA,ARI,0.82327485,0.4687186367251727,39.679165,2.5032408
2024,9,2024-11-03,2024_09_CHI_ARI,ARI,1.3006437,0.47912154400308,43.514816,2.8805554
2024,10,2024-11-10,2024_10_NYJ_ARI,ARI,1.047006,0.5100328930026642,41.34815,2.697222
2024,12,2024-11-24,2024_12_ARI_SEA,ARI,0.37286207,0.5353134365634366,38.746296,2.1046298
2024,13,2024-12-01,2024_13_ARI_MIN,ARI,0.39062116,0.5523519433241656,37.42037,2.0064814
2024,14,2024-12-08,2024_14_SEA_ARI,ARI,0.1337836,0.5601207691485469,35.531483,1.8027778
2024,15,2024-12-15,2024_15_NE_ARI,ARI,0.07857356,0.5554851270129048,33.499287,1.9448233
2024,16,2024-12-22,2024_16_ARI_CAR,ARI,-0.2327522,0.535559913337691,32.08262,1.7364899
2024,17,2024-12-28,2024_17_ARI_LA,ARI,0.25494024,0.5008968424904098,34.487164,2.1319444
2024,18,2025-01-05,2024_18_SF_ARI,ARI,0.29060718,0.5116398160806056,33.49642,2.2060184
2016,1,2016-09-11,2016_01_TB_ATL,ATL,,,,
2016,2,2016-09-18,2016_02_ATL_OAK,ATL,,,,
2016,3,2016-09-26,2016_03_ATL_NO,ATL,,,,
2016,4,2016-10-02,2016_04_CAR_ATL,ATL,,,,
2016,5,2016-10-09,2016_05_ATL_DEN,ATL,,,,
2016,6,2016-10-16,2016_06_ATL_SEA,ATL,,,,
2016,7,2016-10-23,2016_07_SD_ATL,ATL,0.5717589,0.574872525061919,35.18195,2.4248898
2016,8,2016-10-30,2016_08_GB_ATL,ATL,0.45778957,0.565312178001572,35.954674,2.4551928
2016,9,2016-11-03,2016_09_ATL_TB,ATL,0.58111656,0.5731367865206249,35.484978,2.6050246
2016,10,2016-11-13,2016_10_ATL_PHI,ATL,0.4542164,0.5856114723286441,33.303497,2.4809506
2016,12,2016-11-27,2016_12_ARI_ATL,ATL,0.4086727,0.5860543165214883,34.981815,2.5089226
2016,13,2016-12-04,2016_13_KC_ATL,ATL,0.42445937,0.583628062220234,36.469696,2.583165
2016,14,2016-12-11,2016_14_ATL_LA,ATL,0.54229796,0.5766803592498038,38.94697,2.6267254
2016,15,2016-12-18,2016_15_SF_ATL,ATL,0.13541932,0.5948095680040125,36.05195,2.2933922
2016,16,2016-12-24,2016_16_ATL_CAR,ATL,-0.26061243,0.6121016021016021,34.201946,1.9359847
2016,17,2017-01-01,2016_17_NO_ATL,ATL,-0.4706045,0.6215729640729641,32.55195,1.7526516
2017,1,2017-09-10,2017_01_ATL_CHI,ATL,,,,
2017,2,2017-09-17,2017_02_GB_ATL,ATL,,,,
2017,3,2017-09-24,2017_03_ATL_DET,ATL,,,,
2017,4,2017-10-01,2017_04_BUF_ATL,ATL,,,,
2017,6,2017-10-15,2017_06_MIA_ATL,ATL,,,,
2017,7,2017-10-22,2017_07_ATL_NE,ATL,,,,
2017,8,2017-10-29,2017_08_ATL_NYJ,ATL,0.510014,0.5708637570434373,35.56764,2.3228714
2017,9,2017-11-05,2017_09_ATL_CAR,ATL,0.36128068,0.5736947256720887,33.70569,2.3110871
2017,10,2017-11-12,2017_10_DAL_ATL,ATL,0.24436946,0.5909945040829782,32.029762,2.1629388
2017,11,2017-11-20,2017_11_ATL_SEA,ATL,0.03777364,0.5860966241850982,32.464108,1.9895382
2017,12,2017-11-26,2017_12_TB_ATL,ATL,-0.007735645,0.5751608007492748,32.782288,2.129269
2017,13,2017-12-03,2017_13_MIN_ATL,ATL,0.03672805,0.5685033378418118,33.469788,2.129269
2017,14,2017-12-07,2017_14_NO_ATL,ATL,-0.22177441,0.5925254719479796,29.32693,1.9149832
2017,15,2017-12-18,2017_15_ATL_TB,ATL,-0.12582314,0.567464618099247,31.281477,1.9267677
2017,16,2017-12-24,2017_16_ATL_NO,ATL,0.059349503,0.5547965762645384,33.531475,2.0378788
2017,17,2017-12-31,2017_17_CAR_ATL,ATL,0.24124591,0.5567247792344081,33.850918,2.2276936
2018,1,2018-09-06,2018_01_ATL_PHI,ATL,,,,
2018,2,2018-09-16,2018_02_CAR_ATL,ATL,,,,
2018,3,2018-09-23,2018_03_NO_ATL,ATL,,,,
2018,4,2018-09-30,2018_04_CIN_ATL,ATL,,,,
2018,5,2018-10-07,2018_05_ATL_PIT,ATL,,,,
2018,6,2018-10-14,2018_06_TB_ATL,ATL,,,,
2018,7,2018-10-22,2018_07_NYG_ATL,ATL,1.2421776,0.5221606402180233,40.476852,3.1305554
2018,9,2018-11-04,2018_09_ATL_WAS,ATL,1.457131,0.524219088457027,44.682407,3.199074
2018,10,2018-11-11,2018_10_ATL_CLE,ATL,1.2848276,0.5488758617249114,43.24954,3.0462964
2018,11,2018-11-18,2018_11_DAL_ATL,ATL,1.243698,0.5398777803309966,43.763428,2.9675925
2018,12,2018-11-22,2018_12_ATL_NO,ATL,1.0827888,0.5446249448097895,42.580555,2.7407408
2018,13,2018-12-02,2018_13_BAL_ATL,ATL,0.90842444,0.5650166261736932,42.032406,2.7314816
2018,14,2018-12-09,2018_14_ATL_GB,ATL,0.64351815,0.5646110903514907,39.57685,2.527778
2018,15,2018-12-16,2018_15_ARI_ATL,ATL,0.68554074,0.5463961365809813,36.537964,2.6425927
2018,16,2018-12-23,2018_16_ATL_CAR,ATL,0.38552275,0.5531951246299694,33.961575,2.5453703
2018,17,2018-12-30,2018_17_ATL_TB,ATL,-0.06552332,0.5786538970584388,32.50198,2.178367
2019,1,2019-09-08,2019_01_ATL_MIN,ATL,,,,
2019,2,2019-09-15,2019_02_PHI_ATL,ATL,,,,
2019,3,2019-09-22,2019_03_ATL_IND,ATL,,,,
2019,4,2019-09-29,2019_04_TEN_ATL,ATL,,,,
2019,5,2019-10-06,2019_05_ATL_HOU,ATL,,,,
2019,6,2019-10-13,2019_06_ATL_ARI,ATL,,,,
2019,7,2019-10-20,2019_07_LA_ATL,ATL,1.5167179,0.533852414832807,41.201855,3.3453703
2019,8,2019-10-27,2019_08_SEA_ATL,ATL,1.6781167,0.5305732942620197,42.466667,3.4435186
2019,10,2019-11-10,2019_10_ATL_NO,ATL,2.0277348,0.5063048158268747,44.466663,3.6796296
2019,11,2019-11-17,2019_11_ATL_CAR,ATL,1.1307074,0.53893456806447,40.68889,3.0796297
2019,12,2019-11-24,2019_12_TB_ATL,ATL,0.5596432,0.5729030025810329,40.0798,2.725084
2019,13,2019-11-28,2019_13_NO_ATL,ATL,0.097785115,0.584730295658326,37.01313,2.3445287
2019,14,2019-12-08,2019_14_CAR_ATL,ATL,-0.3100479,0.6070271346218316,32.54732,2.0482323
2019,15,2019-12-15,2019_15_ATL_SF,ATL,-0.70036525,0.6082672640911277,31.055655,1.7093434
2019,16,2019-12-22,2019_16_JAX_ATL,ATL,-0.88919425,0.6291146266051569,29.798079,1.5426768
2019,17,2019-12-29,2019_17_ATL_TB,ATL,-0.68677264,0.6289715289620592,29.448076,1.5926768
2020,1,2020-09-13,2020_01_SEA_ATL,ATL,,,,
2020,2,2020-09-20,2020_02_ATL_DAL,ATL,,,,
2020,3,2020-09-27,2020_03_CHI_ATL,ATL,,,,
2020,4,2020-10-05,2020_04_ATL_GB,ATL,,,,
2020,5,2020-10-11,2020_05_CAR_ATL,ATL,,,,
2020,6,2020-10-18,2020_06_ATL_MIN,ATL,,,,
2020,7,2020-10-25,2020_07_DET_ATL,ATL,0.80837303,0.551819350682987,41.712994,2.895542
2020,8,2020-10-29,2020_08_ATL_CAR,ATL,0.6516187,0.5488559252195616,42.328144,2.7031176
2020,9,2020-11-08,2020_09_DEN_ATL,ATL,0.6297114,0.5458891581902946,41.353786,2.5444639
2020,11,2020-11-22,2020_11_ATL_NO,ATL,0.6896066,0.5591860464871828,41.046097,2.5060022
2020,12,2020-11-29,2020_12_LV_ATL,ATL,0.28927058,0.5824205319091683,38.896095,2.2810023
2020,13,2020-12-06,2020_13_NO_ATL,ATL,-0.5433711,0.6289650886700712,32.88648,1.8787588
2020,14,2020-12-13,2020_14_ATL_LAC,ATL,-0.46013057,0.6310487793901255,33.76527,1.8787588
2020,15,2020-12-20,2020_15_TB_ATL,ATL,-0.49160632,0.6359934344083099,33.1236,1.9120921
2020,16,2020-12-27,2020_16_ATL_KC,ATL,-0.2734128,0.6371086270860027,33.590267,2.074592
2020,17,2021-01-03,2020_17_ATL_TB,ATL,-0.22342382,0.6176598145816347,35.731293,2.0432532
2021,1,2021-09-12,2021_01_PHI_ATL,ATL,,,,
2021,2,2021-09-19,2021_02_ATL_TB,ATL,,,,
2021,3,2021-09-26,2021_03_ATL_NYG,ATL,,,,
2021,4,2021-10-03,2021_04_WAS_ATL,ATL,,,,
2021,5,2021-10-10,2021_05_NYJ_ATL,ATL,,,,
2021,7,2021-10-24,2021_07_ATL_MIA,ATL,,,,
2021,8,2021-10-31,2021_08_CAR_ATL,ATL,0.69851655,0.547790325747842,36.307056,2.6201243
2021,9,2021-11-07,2021_09_ATL_NO,ATL,0.58715457,0.5747659998558691,35.250996,2.467094
2021,10,2021-11-14,2021_10_ATL_DAL,ATL,0.4735841,0.5876295714694407,37.107407,2.4222221
2021,11,2021-11-18,2021_11_NE_ATL,ATL,0.691375,0.5824090061255837,37.11414,2.7420874
2021,12,2021-11-28,2021_12_ATL_JAX,ATL,0.33134708,0.5809773616383836,34.193264,2.4003367
2021,13,2021-12-05,2021_13_TB_ATL,ATL,0.112737894,0.5850487955300789,35.880302,2.2651515
2021,14,2021-12-12,2021_14_ATL_CAR,ATL,0.31811526,0.5956398608433665,36.88586,2.3540404
2021,15,2021-12-19,2021_15_ATL_SF,ATL,0.12443113,0.5830436253794841,36.902523,2.3873737
2021,16,2021-12-26,2021_16_DET_ATL,ATL,0.3210584,0.5879261040119627,37.252525,2.4873736
2021,17,2022-01-02,2021_17_ATL_BUF,ATL,0.17668378,0.5933614975491803,37.824497,2.260101
2021,18,2022-01-09,2021_18_NO_ATL,ATL,0.3843988,0.5874979827570942,40.81151,2.6388888
2022,1,2022-09-11,2022_01_NO_ATL,ATL,,,,
2022,2,2022-09-18,2022_02_ATL_LA,ATL,,,,
2022,3,2022-09-25,2022_03_ATL_SEA,ATL,,,,
2022,4,2022-10-02,2022_04_CLE_ATL,ATL,,,,
2022,5,2022-10-09,2022_05_ATL_TB,ATL,,,,
2022,6,2022-10-16,2022_06_SF_ATL,ATL,,,,
2022,7,2022-10-23,2022_07_ATL_CIN,ATL,0.14569356,0.5558740388510125,39.10648,2.3199074
2022,8,2022-10-30,2022_08_CAR_ATL,ATL,0.5097107,0.531115695342669,43.002316,2.6879628
2022,9,2022-11-06,2022_09_LAC_ATL,ATL,0.6320256,0.5395515419035156,43.593983,2.6296296
2022,10,2022-11-10,2022_10_ATL_CAR,ATL,0.34678137,0.5764117534512271,40.44398,2.4837964
2022,11,2022-11-20,2022_11_CHI_ATL,ATL,0.36214128,0.5762892249076459,38.77277,2.5292509
2022,12,2022-11-27,2022_12_ATL_WAS,ATL,0.2649332,0.5873440188791066,36.387585,2.5588806
2022,13,2022-12-04,2022_13_PIT_ATL,ATL,0.578859,0.5958133192343719,37.320454,2.6954546
2022,15,2022-12-18,2022_15_ATL_NO,ATL,0.46052417,0.6091872799297612,36.335335,2.4186687
2022,16,2022-12-24,2022_16_ATL_BAL,ATL,0.4789213,0.5918041229632709,36.589966,2.3492243
2022,17,2023-01-01,2022_17_ARI_ATL,ATL,0.45843217,0.5814327004043484,37.09413,2.3492243
2022,18,2023-01-08,2022_18_TB_ATL,ATL,0.39660895,0.5702095749268369,38.326458,2.3222883
2023,1,2023-09-10,2023_01_CAR_ATL,ATL,,,,
2023,2,2023-09-17,2023_02_GB_ATL,ATL,,,,
2023,3,2023-09-24,2023_03_ATL_DET,ATL,,,,
2023,4,2023-10-01,2023_04_ATL_JAX,ATL,,,,
2023,5,2023-10-08,2023_05_HOU_ATL,ATL,,,,
2023,6,2023-10-15,2023_06_WAS_ATL,ATL,,,,
2023,7,2023-10-22,2023_07_ATL_TB,ATL,-0.1960078,0.6460362192054111,26.733416,1.8890573
2023,8,2023-10-29,2023_08_ATL_TEN,ATL,-0.04207739,0.6314176904937451,28.941751,1.9909091
2023,9,2023-11-05,2023_09_MIN_ATL,ATL,-0.076437615,0.6173505847599727,29.621239,1.905439
2023,10,2023-11-12,2023_10_ATL_ARI,ATL,-0.0328832,0.6117540208300755,29.234873,2.0190754
2023,12,2023-11-26,2023_12_NO_ATL,ATL,-0.1853398,0.6160913758618749,29.74969,2.120927
2023,13,2023-12-03,2023_13_ATL_NYJ,ATL,-0.19407886,0.5926710166497747,33.248005,2.1108263
2023,14,2023-12-10,2023_14_TB_ATL,ATL,-0.44380057,0.6112119486522453,33.468517,1.7877493
2023,15,2023-12-17,2023_15_ATL_CAR,ATL,-0.334237,0.6193362000363006,31.385185,1.9220085
2023,16,2023-12-24,2023_16_IND_ATL,ATL,-0.59488374,0.6348010130011136,31.255697,1.7130342
2023,17,2023-12-31,2023_17_ATL_CHI,ATL,-0.7778526,0.6467978895813234,29.950142,1.4815527
2023,18,2024-01-07,2023_18_ATL_NO,ATL,-0.7138331,0.6573077678796633,29.621939,1.539245
2024,1,2024-09-08,2024_01_PIT_ATL,ATL,,,,
2024,2,2024-09-16,2024_02_ATL_PHI,ATL,,,,
2024,3,2024-09-22,2024_03_KC_ATL,ATL,,,,
2024,4,2024-09-29,2024_04_NO_ATL,ATL,,,,
2024,5,2024-10-03,2024_05_TB_ATL,ATL,,,,
2024,6,2024-10-13,2024_06_ATL_CAR,ATL,,,,
2024,7,2024-10-20,2024_07_SEA_ATL,ATL,0.44577804,0.5210563943312482,37.342594,2.4574072
2024,8,2024-10-27,2024_08_ATL_TB,ATL,0.7215492,0.5110393743142282,38.492596,2.624074
2024,9,2024-11-03,2024_09_DAL_ATL,ATL,0.6468453,0.503446048522373,38.27037,2.651852
2024,10,2024-11-10,2024_10_ATL_NO,ATL,0.4534041,0.5248402488639418,37.39832,2.5474746
2024,11,2024-11-17,2024_11_ATL_DEN,ATL,0.3531808,0.5452379478727518,36.72054,2.4363637
2024,13,2024-12-01,2024_13_LAC_ATL,ATL,0.510732,0.545734981703119,37.94276,2.5845118
2024,14,2024-12-08,2024_14_ATL_MIN,ATL,0.47456825,0.545558785803884,35.91498,2.4548821
2024,15,2024-12-16,2024_15_ATL_LV,ATL,0.6944149,0.5322333458117773,38.339058,2.765993
2024,16,2024-12-22,2024_16_NYG_ATL,ATL,0.25252578,0.5727345780910844,34.303703,2.4579124
2024,17,2024-12-29,2024_17_ATL_WAS,ATL,-0.13629948,0.5633163859890687,32.446125,2.2715487
2024,18,2025-01-05,2024_18_CAR_ATL,ATL,0.1264063,0.5434283383069034,33.994274,2.493771
2016,1,2016-09-11,2016_01_BUF_BAL,BAL,,,,
2016,2,2016-09-18,2016_02_BAL_CLE,BAL,,,,
2016,3,2016-09-25,2016_03_BAL_JAX,BAL,,,,
2016,4,2016-10-02,2016_04_OAK_BAL,BAL,,,,
2016,5,2016-10-09,2016_05_WAS_BAL,BAL,,,,
2016,6,2016-10-16,2016_06_BAL_NYG,BAL,,,,
2016,7,2016-10-23,2016_07_BAL_NYJ,BAL,-0.5628664,0.636562196311128,24.996473,1.5127882
2016,9,2016-11-06,2016_09_PIT_BAL,BAL,-0.42868415,0.6117515645560517,26.418123,1.6908509
2016,10,2016-11-10,2016_10_CLE_BAL,BAL,-0.5768433,0.6164962246578547,23.864012,1.5544872
2016,11,2016-11-20,2016_11_BAL_DAL,BAL,-0.70016426,0.6292983086137848,23.276598,1.4425992
2016,12,2016-11-27,2016_12_CIN_BAL,BAL,-0.40118894,0.6171533548021643,27.627024,1.5836247
2016,13,2016-12-04,2016_13_MIA_BAL,BAL,-0.44713435,0.6426257990246086,28.564089,1.6372377
2016,14,2016-12-12,2016_14_BAL_NE,BAL,-0.8713615,0.6544496198446416,26.71939,1.3531469
2016,15,2016-12-18,2016_15_PHI_BAL,BAL,-0.64114004,0.6570131442831659,28.876442,1.4343435
2016,16,2016-12-25,2016_16_BAL_PIT,BAL,-0.3996029,0.6280449317281455,30.58207,1.6464647
2016,17,2017-01-01,2016_17_BAL_CIN,BAL,0.06106435,0.5838118499950637,35.183586,2.0570707
2017,1,2017-09-10,2017_01_BAL_CIN,BAL,,,,
2017,2,2017-09-17,2017_02_CLE_BAL,BAL,,,,
2017,3,2017-09-24,2017_03_BAL_JAX,BAL,,,,
2017,4,2017-10-01,2017_04_PIT_BAL,BAL,,,,
2017,5,2017-10-08,2017_05_BAL_OAK,BAL,,,,
2017,6,2017-10-15,2017_06_CHI_BAL,BAL,,,,
2017,7,2017-10-22,2017_07_BAL_MIN,BAL,-0.6887772,0.6327804779746068,28.767363,1.7330598
2017,8,2017-10-26,2017_08_MIA_BAL,BAL,-0.20546816,0.6062989039930328,31.232513,2.1330597
2017,9,2017-11-05,2017_09_BAL_TEN,BAL,-0.51908964,0.6187349633040921,28.538069,1.9941708
2017,11,2017-11-19,2017_11_BAL_GB,BAL,-0.86649877,0.6221189362335197,26.744127,1.7108375
2017,12,2017-11-27,2017_12_HOU_BAL,BAL,-1.392774,0.6306492947638782,24.353685,1.3168982
2017,13,2017-12-03,2017_13_DET_BAL,BAL,-1.2510698,0.619879431910682,24.444595,1.2445077
2017,14,2017-12-10,2017_14_BAL_PIT,BAL,-1.2490958,0.6429263791763792,25.64091,1.2821678
2017,15,2017-12-17,2017_15_BAL_CLE,BAL,-0.89931965,0.6220980190833133,27.948486,1.4730769
2017,16,2017-12-23,2017_16_IND_BAL,BAL,-0.6729765,0.6087453223972833,28.976263,1.6119658
2017,17,2017-12-31,2017_17_CIN_BAL,BAL,-0.63427895,0.6161715689901964,30.191078,1.5249287
2018,1,2018-09-09,2018_01_BUF_BAL,BAL,,,,
2018,2,2018-09-13,2018_02_BAL_CIN,BAL,,,,
2018,3,2018-09-23,2018_03_DEN_BAL,BAL,,,,
2018,4,2018-09-30,2018_04_BAL_PIT,BAL,,,,
2018,5,2018-10-07,2018_05_BAL_CLE,BAL,,,,
2018,6,2018-10-14,2018_06_BAL_TEN,BAL,,,,
2018,7,2018-10-21,2018_07_NO_BAL,BAL,-1.2397543,0.6794860893408874,21.822851,1.053108
2018,8,2018-10-28,2018_08_BAL_CAR,BAL,-0.35487053,0.6326524335786602,28.648857,1.586075
2018,9,2018-11-04,2018_09_PIT_BAL,BAL,-0.21353042,0.6146092036604301,29.934969,1.7138528
2018,11,2018-11-18,2018_11_CIN_BAL,BAL,0.22036731,0.6105289404892579,33.412243,1.9808983
2018,12,2018-11-25,2018_12_OAK_BAL,BAL,0.2988635,0.6185255734858909,32.927395,2.1021104
2018,13,2018-12-02,2018_13_BAL_ATL,BAL,0.27152556,0.6242927692530867,32.488506,2.2521102
2018,14,2018-12-09,2018_14_BAL_KC,BAL,0.33586398,0.6007517680731966,32.72554,2.418777
2018,15,2018-12-16,2018_15_TB_BAL,BAL,0.018047756,0.620076085530631,31.327272,2.2564394
2018,16,2018-12-22,2018_16_BAL_LAC,BAL,-0.3291709,0.6400474927242604,29.342087,1.8786616
2018,17,2018-12-30,2018_17_CLE_BAL,BAL,-0.9950559,0.663315197241965,24.17542,1.5383838
2019,1,2019-09-08,2019_01_BAL_MIA,BAL,,,,
2019,2,2019-09-15,2019_02_ARI_BAL,BAL,,,,
2019,3,2019-09-22,2019_03_BAL_KC,BAL,,,,
2019,4,2019-09-29,2019_04_CLE_BAL,BAL,,,,
2019,5,2019-10-06,2019_05_BAL_PIT,BAL,,,,
2019,6,2019-10-13,2019_06_CIN_BAL,BAL,,,,
2019,7,2019-10-20,2019_07_BAL_SEA,BAL,0.4728031,0.6032965209346671,35.32155,2.3434343
2019,9,2019-11-03,2019_09_NE_BAL,BAL,0.42814612,0.5889994060125522,37.77155,2.4434345
2019,10,2019-11-10,2019_10_BAL_CIN,BAL,0.35362756,0.5637770974569103,36.768185,2.4501684
2019,11,2019-11-17,2019_11_HOU_BAL,BAL,-0.37517545,0.5824165855408429,33.2867,2.079798
2019,12,2019-11-25,2019_12_BAL_LA,BAL,-1.0580679,0.5872394298088742,29.107912,1.590404
2019,13,2019-12-01,2019_13_SF_BAL,BAL,-1.157909,0.6007348160016288,29.642004,1.3669192
2019,14,2019-12-08,2019_14_BAL_BUF,BAL,-1.1577716,0.6052418573142258,31.908209,1.406271
2019,15,2019-12-12,2019_15_NYJ_BAL,BAL,-1.1030531,0.622311897316958,28.830002,1.3447326
2019,16,2019-12-22,2019_16_BAL_CLE,BAL,-1.2152346,0.63925698926205,27.981516,1.2361467
2019,17,2019-12-29,2019_17_PIT_BAL,BAL,-0.8668123,0.6583573333623941,26.907442,1.2731837
2020,1,2020-09-13,2020_01_CLE_BAL,BAL,,,,
2020,2,2020-09-20,2020_02_BAL_HOU,BAL,,,,
2020,3,2020-09-28,2020_03_KC_BAL,BAL,,,,
2020,4,2020-10-04,2020_04_BAL_WAS,BAL,,,,
2020,5,2020-10-11,2020_05_CIN_BAL,BAL,,,,
2020,6,2020-10-18,2020_06_BAL_PHI,BAL,,,,
2020,8,2020-11-01,2020_08_PIT_BAL,BAL,-0.7894326,0.6448062329970224,31.225143,1.5420996
2020,9,2020-11-08,2020_09_BAL_IND,BAL,-0.40417314,0.6278146807781976,29.456963,1.775433
2020,10,2020-11-15,2020_10_BAL_NE,BAL,-0.56293327,0.6333132100267268,28.67363,1.6754328
2020,11,2020-11-22,2020_11_TEN_BAL,BAL,-0.66022116,0.6362827867463036,26.515297,1.587933
2020,12,2020-12-02,2020_12_BAL_PIT,BAL,-0.28199348,0.6390733833599995,29.207214,1.8673941
2020,13,2020-12-08,2020_13_DAL_BAL,BAL,0.046871018,0.6159772665138827,31.22666,2.0423942
2020,14,2020-12-14,2020_14_BAL_CLE,BAL,0.011148532,0.5945066075432237,32.9383,2.0476851
2020,15,2020-12-20,2020_15_JAX_BAL,BAL,0.25331345,0.6009594337821462,36.801937,2.335564
2020,16,2020-12-27,2020_16_NYG_BAL,BAL,0.5014879,0.6022493989610003,37.463047,2.4281566
2020,17,2021-01-03,2020_17_BAL_CIN,BAL,0.20951752,0.6250007217123231,36.608883,2.2198231
2021,1,2021-09-13,2021_01_BAL_LV,BAL,,,,
2021,2,2021-09-19,2021_02_KC_BAL,BAL,,,,
2021,3,2021-09-26,2021_03_BAL_DET,BAL,,,,
2021,4,2021-10-03,2021_04_BAL_DEN,BAL,,,,
2021,5,2021-10-11,2021_05_IND_BAL,BAL,,,,
2021,6,2021-10-17,2021_06_LAC_BAL,BAL,,,,
2021,7,2021-10-24,2021_07_CIN_BAL,BAL,-0.22428267,0.616387424304091,32.521164,1.8048941
2021,9,2021-11-07,2021_09_MIN_BAL,BAL,0.021585891,0.5968625047791715,33.342594,1.937678
2021,10,2021-11-11,2021_10_BAL_MIA,BAL,0.07891855,0.6137804941971609,31.892593,1.9710113
2021,11,2021-11-21,2021_11_BAL_CHI,BAL,0.07061597,0.6071522281137666,31.744444,1.8613248
2021,12,2021-11-28,2021_12_CLE_BAL,BAL,0.18295129,0.5937822647438032,33.933334,1.9807692
2021,13,2021-12-05,2021_13_BAL_PIT,BAL,-0.2634807,0.6281886299835018,29.022223,1.7029915
2021,14,2021-12-12,2021_14_BAL_CLE,BAL,0.22223659,0.606813256385906,31.822222,1.9548434
2021,15,2021-12-19,2021_15_GB_BAL,BAL,-0.11096412,0.6227649744209572,29.211111,1.6792022
2021,16,2021-12-26,2021_16_BAL_CIN,BAL,-0.001143992,0.6264117616614946,31.161112,1.808369
2021,17,2022-01-02,2021_17_LA_BAL,BAL,0.63831204,0.5936847264104209,37.411114,2.4574075
2021,18,2022-01-09,2021_18_PIT_BAL,BAL,0.75504446,0.5852600235412736,38.620373,2.6111112
2022,1,2022-09-11,2022_01_BAL_NYJ,BAL,,,,
2022,2,2022-09-18,2022_02_MIA_BAL,BAL,,,,
2022,3,2022-09-25,2022_03_BAL_NE,BAL,,,,
2022,4,2022-10-02,2022_04_BUF_BAL,BAL,,,,
2022,5,2022-10-09,2022_05_CIN_BAL,BAL,,,,
2022,6,2022-10-16,2022_06_BAL_NYG,BAL,,,,
2022,7,2022-10-23,2022_07_CLE_BAL,BAL,0.32871512,0.6107307886678802,35.652775,2.3287036
2022,8,2022-10-27,2022_08_BAL_TB,BAL,0.61594266,0.6028076964188075,35.975,2.5370371
2022,9,2022-11-07,2022_09_BAL_NO,BAL,0.2326997,0.6322931184042295,32.725,2.2037036
2022,11,2022-11-20,2022_11_CAR_BAL,BAL,0.08612948,0.6397946446557558,30.924072,2.0833333
2022,12,2022-11-27,2022_12_BAL_JAX,BAL,-0.2599946,0.6550829169894826,28.596802,1.7454547
2022,13,2022-12-04,2022_13_DEN_BAL,BAL,-0.16503192,0.6510818614606493,28.77458,1.8806397
2022,14,2022-12-11,2022_14_BAL_PIT,BAL,-0.41931808,0.6554228908016787,28.618013,1.5725589
2022,15,2022-12-17,2022_15_BAL_CLE,BAL,-0.49316207,0.6416902037356582,29.110605,1.498485
2022,16,2022-12-24,2022_16_ATL_BAL,BAL,-0.7022837,0.6272775330729875,28.85644,1.4026514
2022,17,2023-01-01,2022_17_PIT_BAL,BAL,-0.7228158,0.6246898673274272,30.504587,1.3285774
2022,18,2023-01-08,2022_18_BAL_CIN,BAL,-0.18621375,0.5843794859169693,35.803288,1.6640754
2023,1,2023-09-10,2023_01_HOU_BAL,BAL,,,,
2023,2,2023-09-17,2023_02_BAL_CIN,BAL,,,,
2023,3,2023-09-24,2023_03_IND_BAL,BAL,,,,
2023,4,2023-10-01,2023_04_BAL_CLE,BAL,,,,
2023,5,2023-10-08,2023_05_BAL_PIT,BAL,,,,
2023,6,2023-10-15,2023_06_BAL_TEN,BAL,,,,
2023,7,2023-10-22,2023_07_DET_BAL,BAL,-0.87921596,0.6320166856563916,24.121717,1.3141414
2023,8,2023-10-29,2023_08_BAL_ARI,BAL,-0.7262681,0.6158566111629837,26.320372,1.2888889
2023,9,2023-11-05,2023_09_SEA_BAL,BAL,-0.90154845,0.6311263427930095,24.792593,1.2333333
2023,10,2023-11-12,2023_10_CLE_BAL,BAL,-1.1940888,0.6564096958036352,23.46229,1.0343434
2023,11,2023-11-16,2023_11_CIN_BAL,BAL,-0.7132048,0.648180036153521,26.824663,1.3866161
2023,12,2023-11-26,2023_12_BAL_LAC,BAL,-0.6651704,0.6548121077855926,26.474663,1.4699494
2023,14,2023-12-10,2023_14_LA_BAL,BAL,-0.9010696,0.6876594183033578,26.818604,1.354798
2023,15,2023-12-17,2023_15_BAL_JAX,BAL,-0.6313838,0.6820749950106011,26.767677,1.6464647
2023,16,2023-12-25,2023_16_BAL_SF,BAL,-0.8405326,0.6927742494598556,27.624159,1.4566498
2023,17,2023-12-31,2023_17_MIA_BAL,BAL,-0.66291493,0.6754251843835176,31.821127,1.6687711
2023,18,2024-01-06,2023_18_PIT_BAL,BAL,-0.86694866,0.67626461942527,31.347643,1.5387206
2024,1,2024-09-05,2024_01_BAL_KC,BAL,,,,
2024,2,2024-09-15,2024_02_LV_BAL,BAL,,,,
2024,3,2024-09-22,2024_03_BAL_DAL,BAL,,,,
2024,4,2024-09-29,2024_04_BUF_BAL,BAL,,,,
2024,5,2024-10-06,2024_05_BAL_CIN,BAL,,,,
2024,6,2024-10-13,2024_06_WAS_BAL,BAL,,,,
2024,7,2024-10-21,2024_07_BAL_TB,BAL,0.5636674,0.5583680039330292,32.250675,2.351431
2024,8,2024-10-27,2024_08_BAL_CLE,BAL,0.565461,0.5412714996143028,33.02845,2.351431
2024,9,2024-11-03,2024_09_DEN_BAL,BAL,0.7015242,0.5396465378757046,35.773907,2.440825
2024,10,2024-11-07,2024_10_CIN_BAL,BAL,0.42181078,0.5526655661725106,35.45741,2.2472222
2024,11,2024-11-17,2024_11_BAL_PIT,BAL,0.84105355,0.5204959260483251,38.895287,2.5957072
2024,12,2024-11-25,2024_12_BAL_LAC,BAL,0.47006917,0.5328130263862587,36.82584,2.359596
2024,13,2024-12-01,2024_13_PHI_BAL,BAL,0.4017788,0.5301931063643779,36.45547,2.359596
2024,15,2024-12-15,2024_15_BAL_NYG,BAL,0.29670978,0.5375743362456078,33.355473,2.259596
2024,16,2024-12-21,2024_16_PIT_BAL,BAL,0.064930595,0.5571790626595446,31.592972,2.0679293
2024,17,2024-12-25,2024_17_BAL_HOU,BAL,0.1546907,0.5462556239583283,30.439774,2.1403198
2024,18,2025-01-04,2024_18_CLE_BAL,BAL,-0.42643836,0.5702208656003376,26.670412,1.6251683
2016,1,2016-09-11,2016_01_BUF_BAL,BUF,,,,
2016,2,2016-09-15,2016_02_NYJ_BUF,BUF,,,,
2016,3,2016-09-25,2016_03_ARI_BUF,BUF,,,,
2016,4,2016-10-02,2016_04_BUF_NE,BUF,,,,
2016,5,2016-10-09,2016_05_BUF_LA,BUF,,,,
2016,6,2016-10-16,2016_06_SF_BUF,BUF,,,,
2016,7,2016-10-23,2016_07_BUF_MIA,BUF,-0.6934154,0.6315984924467067,31.811798,1.5880772
2016,8,2016-10-30,2016_08_NE_BUF,BUF,-0.4944708,0.640789960700675,33.54513,1.7672439
2016,9,2016-11-07,2016_09_BUF_SEA,BUF,-0.38242432,0.6534382927607717,31.278463,1.8339106
2016,11,2016-11-20,2016_11_BUF_CIN,BUF,0.05674529,0.61436060641126,32.302273,2.2175086
2016,12,2016-11-27,2016_12_JAX_BUF,BUF,0.21919906,0.6023570163194346,31.641161,2.4175084
2016,13,2016-12-04,2016_13_BUF_OAK,BUF,0.42085484,0.6074815676939861,31.447222,2.4796298
2016,14,2016-12-11,2016_14_PIT_BUF,BUF,0.7814076,0.5826213584587767,32.83611,2.7712963
2016,15,2016-12-18,2016_15_CLE_BUF,BUF,0.78357935,0.5624824695698879,33.219444,2.7712963
2016,16,2016-12-24,2016_16_MIA_BUF,BUF,0.24095649,0.5873079831086367,30.981943,2.3587964
2016,17,2017-01-01,2016_17_BUF_NYJ,BUF,0.26644695,0.6046484615602262,32.14861,2.2206197
2017,1,2017-09-10,2017_01_NYJ_BUF,BUF,,,,
2017,2,2017-09-17,2017_02_BUF_CAR,BUF,,,,
2017,3,2017-09-24,2017_03_DEN_BUF,BUF,,,,
2017,4,2017-10-01,2017_04_BUF_ATL,BUF,,,,
2017,5,2017-10-08,2017_05_BUF_CIN,BUF,,,,
2017,7,2017-10-22,2017_07_TB_BUF,BUF,,,,
2017,8,2017-10-29,2017_08_OAK_BUF,BUF,-0.46131372,0.6383005239407497,33.15135,1.6272727
2017,9,2017-11-02,2017_09_BUF_NYJ,BUF,-0.48763433,0.6216396847799105,35.560436,1.6787878
2017,10,2017-11-12,2017_10_NO_BUF,BUF,-0.27475083,0.6091867812322357,34.89662,1.9480187
2017,11,2017-11-19,2017_11_BUF_LAC,BUF,0.44654486,0.56244484004585,38.332645,2.5759647
2017,12,2017-11-26,2017_12_BUF_KC,BUF,0.74350053,0.5283079370627933,37.25957,2.8310928
2017,13,2017-12-03,2017_13_NE_BUF,BUF,0.5547926,0.5386828595589278,34.79366,2.6669514
2017,14,2017-12-10,2017_14_IND_BUF,BUF,0.70912284,0.5326202493296509,35.51959,2.6428773
2017,15,2017-12-17,2017_15_MIA_BUF,BUF,0.61805284,0.5500498483501591,33.30747,2.5156047
2017,16,2017-12-24,2017_16_BUF_NE,BUF,0.43000707,0.5642395801869499,34.39721,2.3221316
2017,17,2017-12-31,2017_17_BUF_MIA,BUF,0.13721724,0.5767343385150414,32.674988,2.1369464
2018,1,2018-09-09,2018_01_BUF_BAL,BUF,,,,
2018,2,2018-09-16,2018_02_LAC_BUF,BUF,,,,
2018,3,2018-09-23,2018_03_BUF_MIN,BUF,,,,
2018,4,2018-09-30,2018_04_BUF_GB,BUF,,,,
2018,5,2018-10-07,2018_05_TEN_BUF,BUF,,,,
2018,6,2018-10-14,2018_06_BUF_HOU,BUF,,,,
2018,7,2018-10-21,2018_07_BUF_IND,BUF,-0.62015855,0.6197401560339236,26.22434,1.8984127
2018,8,2018-10-29,2018_08_NE_BUF,BUF,-0.5779512,0.6110414555941517,27.081482,1.8388888
2018,9,2018-11-04,2018_09_CHI_BUF,BUF,-0.7552375,0.6086929707456669,27.392088,1.6101011
2018,10,2018-11-11,2018_10_BUF_NYJ,BUF,-0.3094376,0.5602444747971709,26.59978,1.8818959
2018,12,2018-11-25,2018_12_JAX_BUF,BUF,-0.58231664,0.5753268461295421,23.488668,1.7152292
2018,13,2018-12-02,2018_13_BUF_MIA,BUF,-0.40653193,0.5669356299564633,24.021078,1.7846737
2018,14,2018-12-09,2018_14_NYJ_BUF,BUF,-0.20924811,0.5761899173357506,23.689005,1.908411
2018,15,2018-12-16,2018_15_DET_BUF,BUF,-0.27744275,0.5931562496145829,22.555672,1.858411
2018,16,2018-12-23,2018_16_BUF_NE,BUF,-0.29048672,0.6160145024728358,21.8784,1.7871989
2018,17,2018-12-30,2018_17_MIA_BUF,BUF,-0.46415436,0.6412539455694217,24.070707,1.7011184
2019,1,2019-09-08,2019_01_BUF_NYJ,BUF,,,,
2019,2,2019-09-15,2019_02_BUF_NYG,BUF,,,,
2019,3,2019-09-22,2019_03_CIN_BUF,BUF,,,,
2019,4,2019-09-29,2019_04_NE_BUF,BUF,,,,
2019,5,2019-10-06,2019_05_BUF_TEN,BUF,,,,
2019,7,2019-10-20,2019_07_MIA_BUF,BUF,,,,
2019,8,2019-10-27,2019_08_PHI_BUF,BUF,-0.8513438,0.6581273460562677,24.525673,1.1504468
2019,9,2019-11-03,2019_09_WAS_BUF,BUF,-0.5434194,0.6453917195895805,27.052187,1.5077701
2019,10,2019-11-10,2019_10_BUF_CLE,BUF,-0.612621,0.6606775747744257,26.6734,1.4623154
2019,11,2019-11-17,2019_11_BUF_MIA,BUF,-0.40076685,0.6489660609795785,29.231806,1.5962186
2019,12,2019-11-24,2019_12_DEN_BUF,BUF,-0.2666936,0.628639301682231,30.206163,1.7244238
2019,13,2019-11-28,2019_13_BUF_DAL,BUF,-0.31428644,0.640031470119854,28.621315,1.6683631
2019,14,2019-12-08,2019_14_BAL_BUF,BUF,-0.48641396,0.6278640079523918,29.884277,1.5128075
2019,15,2019-12-15,2019_15_BUF_PIT,BUF,-0.69923514,0.6511761335372447,27.718874,1.3915955
2019,16,2019-12-21,2019_16_BUF_NE,BUF,-0.809382,0.6404780481863815,26.39943,1.3638177
2019,17,2019-12-29,2019_17_NYJ_BUF,BUF,-0.7419998,0.6207825521428463,27.65869,1.4378918
2020,1,2020-09-13,2020_01_NYJ_BUF,BUF,,,,
2020,2,2020-09-20,2020_02_BUF_MIA,BUF,,,,
2020,3,2020-09-27,2020_03_LA_BUF,BUF,,,,
2020,4,2020-10-04,2020_04_BUF_LV,BUF,,,,
2020,5,2020-10-13,2020_05_BUF_TEN,BUF,,,,
2020,6,2020-10-19,2020_06_KC_BUF,BUF,,,,
2020,7,2020-10-25,2020_07_BUF_NYJ,BUF,1.1566035,0.5371952659200133,41.748318,2.986111
2020,8,2020-11-01,2020_08_NE_BUF,BUF,1.0944368,0.519278432472877,41.43687,2.9137204
2020,9,2020-11-08,2020_09_SEA_BUF,BUF,0.9888043,0.5109917602973159,41.694447,2.875
2020,10,2020-11-15,2020_10_BUF_ARI,BUF,0.75488,0.5256139880508567,39.4133,2.8160775
2020,12,2020-11-29,2020_12_LAC_BUF,BUF,0.8001096,0.5365095286032601,38.612373,2.834596
2020,13,2020-12-07,2020_13_BUF_SF,BUF,0.3984259,0.5617877997148645,36.5484,2.2992425
2020,14,2020-12-13,2020_14_PIT_BUF,BUF,0.07722045,0.58849974517681,34.242844,2.2020204
2020,15,2020-12-19,2020_15_BUF_DEN,BUF,0.05503359,0.5949939454210101,33.761364,2.2112796
2020,16,2020-12-28,2020_16_BUF_NE,BUF,-0.12497759,0.6206491076923341,31.049242,2.1287878
2020,17,2021-01-03,2020_17_MIA_BUF,BUF,-0.28223673,0.6397373053158854,28.42298,1.780303
2021,1,2021-09-12,2021_01_PIT_BUF,BUF,,,,
2021,2,2021-09-19,2021_02_BUF_MIA,BUF,,,,
2021,3,2021-09-26,2021_03_WAS_BUF,BUF,,,,
2021,4,2021-10-03,2021_04_HOU_BUF,BUF,,,,
2021,5,2021-10-10,2021_05_BUF_KC,BUF,,,,
2021,6,2021-10-18,2021_06_BUF_TEN,BUF,,,,
2021,8,2021-10-31,2021_08_MIA_BUF,BUF,-1.1191828,0.632991853358015,25.212122,1.4824075
2021,9,2021-11-07,2021_09_BUF_JAX,BUF,-1.3155783,0.657293801409963,25.278788,1.3657408
2021,10,2021-11-14,2021_10_BUF_NYJ,BUF,-1.0260116,0.6478456317345207,26.046465,1.5324074
2021,11,2021-11-21,2021_11_IND_BUF,BUF,-1.0316995,0.6452658426963983,27.10202,1.4768518
2021,12,2021-11-25,2021_12_BUF_NO,BUF,-0.059644777,0.5772660683240749,32.362965,2.236111
2021,13,2021-12-06,2021_13_NE_BUF,BUF,-0.4246644,0.6148094148951992,29.77037,2.0694444
2021,14,2021-12-12,2021_14_BUF_TB,BUF,-0.75580364,0.6534579371548325,27.209259,1.6564814
2021,15,2021-12-19,2021_15_CAR_BUF,BUF,-0.355543,0.6342799276643231,29.698149,1.9481481
2021,16,2021-12-26,2021_16_BUF_NE,BUF,-0.3470763,0.6242311801155754,29.839561,1.9784511
2021,17,2022-01-02,2021_17_ATL_BUF,BUF,-0.07872023,0.6188702715071178,30.756227,2.17984
2021,18,2022-01-09,2021_18_NYJ_BUF,BUF,-0.5877185,0.65566791467731,28.811783,1.6983585
2022,1,2022-09-08,2022_01_BUF_LA,BUF,,,,
2022,2,2022-09-19,2022_02_TEN_BUF,BUF,,,,
2022,3,2022-09-25,2022_03_BUF_MIA,BUF,,,,
2022,4,2022-10-02,2022_04_BUF_BAL,BUF,,,,
2022,5,2022-10-09,2022_05_PIT_BUF,BUF,,,,
2022,6,2022-10-16,2022_06_BUF_KC,BUF,,,,
2022,8,2022-10-30,2022_08_GB_BUF,BUF,-0.88515157,0.6234947141033743,28.522223,1.4662037
2022,9,2022-11-06,2022_09_BUF_NYJ,BUF,-0.5909237,0.62045788981655,31.842592,1.6143519
2022,10,2022-11-13,2022_10_MIN_BUF,BUF,-0.14459006,0.587242025819436,35.27176,1.9143518
2022,11,2022-11-20,2022_11_CLE_BUF,BUF,-0.21734394,0.5767165114477678,37.03458,1.8230057
2022,12,2022-11-24,2022_12_BUF_DET,BUF,-0.13228811,0.5794542917018878,38.15125,1.8359686
2022,13,2022-12-01,2022_13_BUF_NE,BUF,0.2903758,0.5640463662939624,38.56236,2.1943018
2022,14,2022-12-11,2022_14_NYJ_BUF,BUF,0.11913902,0.5726944332205381,36.593838,2.0461538
2022,15,2022-12-17,2022_15_MIA_BUF,BUF,-0.08408084,0.5715291633052683,33.45958,1.8702279
2022,16,2022-12-24,2022_16_BUF_CHI,BUF,0.06383844,0.5859264847338397,33.73041,1.9368945
2022,18,2023-01-08,2022_18_NE_BUF,BUF,-0.261292,0.6105798851083939,30.467592,1.7712964
2023,1,2023-09-11,2023_01_BUF_NYJ,BUF,,,,
2023,2,2023-09-17,2023_02_LV_BUF,BUF,,,,
2023,3,2023-09-24,2023_03_BUF_WAS,BUF,,,,
2023,4,2023-10-01,2023_04_MIA_BUF,BUF,,,,
2023,5,2023-10-08,2023_05_JAX_BUF,BUF,,,,
2023,6,2023-10-15,2023_06_NYG_BUF,BUF,,,,
2023,7,2023-10-22,2023_07_BUF_NE,BUF,-0.53107196,0.6022827099247553,31.010984,1.3791667
2023,8,2023-10-26,2023_08_TB_BUF,BUF,-0.40716574,0.5919655579409367,32.901726,1.6495371
2023,9,2023-11-05,2023_09_BUF_CIN,BUF,-0.25621948,0.6093471115724903,32.90589,1.724537
2023,10,2023-11-13,2023_10_DEN_BUF,BUF,0.39488736,0.5865748953627742,36.65589,2.174537
2023,11,2023-11-19,2023_11_NYJ_BUF,BUF,0.41188696,0.5928141387232296,34.868015,2.20484
2023,12,2023-11-26,2023_12_BUF_PHI,BUF,-0.23436384,0.631399543217725,29.989225,1.9321128
2023,14,2023-12-10,2023_14_BUF_KC,BUF,-0.019805187,0.6406193164999984,30.264868,2.2189717
2023,15,2023-12-17,2023_15_DAL_BUF,BUF,-0.26356426,0.6470017920491405,29.290792,1.9652681
2023,16,2023-12-23,2023_16_BUF_LAC,BUF,-0.37958336,0.6473894483742969,28.619959,1.890268
2023,17,2023-12-31,2023_17_NE_BUF,BUF,-0.52369016,0.6629048473271958,25.66996,1.7569348
2023,18,2024-01-07,2023_18_BUF_MIA,BUF,-0.668891,0.6654475592449077,25.572737,1.7152681
2024,1,2024-09-08,2024_01_ARI_BUF,BUF,,,,
2024,2,2024-09-12,2024_02_BUF_MIA,BUF,,,,
2024,3,2024-09-23,2024_03_JAX_BUF,BUF,,,,
2024,4,2024-09-29,2024_04_BUF_BAL,BUF,,,,
2024,5,2024-10-06,2024_05_BUF_HOU,BUF,,,,
2024,6,2024-10-14,2024_06_BUF_NYJ,BUF,,,,
2024,7,2024-10-20,2024_07_TEN_BUF,BUF,-0.057034288,0.5459379572859965,34.71538,2.081909
2024,8,2024-10-27,2024_08_BUF_SEA,BUF,-0.45625272,0.5430618827432553,33.64316,1.7485756
2024,9,2024-11-03,2024_09_MIA_BUF,BUF,-0.24450372,0.5384706712586614,32.668163,1.7902422
2024,10,2024-11-10,2024_10_BUF_IND,BUF,0.39216825,0.5056902817135661,38.16102,2.2664325
2024,11,2024-11-17,2024_11_KC_BUF,BUF,-0.06047496,0.5260300808033652,36.530716,1.9861296
2024,13,2024-12-01,2024_13_SF_BUF,BUF,0.02244924,0.5278776159842337,35.878296,2.0801468
2024,14,2024-12-08,2024_14_BUF_LA,BUF,-0.36277208,0.5584977674377184,32.58385,1.876443
2024,15,2024-12-15,2024_15_BUF_DET,BUF,0.29883268,0.5363240460973305,36.82274,2.41348
2024,16,2024-12-22,2024_16_NE_BUF,BUF,0.71083957,0.526118480285147,39.84168,2.8415105
2024,17,2024-12-29,2024_17_NYJ_BUF,BUF,0.3739964,0.5462039936455141,36.34697,2.587542
2024,18,2025-01-05,2024_18_BUF_NE,BUF,0.33071932,0.5506036680451885,35.593937,2.5011785
2016,1,2016-09-08,2016_01_CAR_DEN,CAR,,,,
2016,2,2016-09-18,2016_02_SF_CAR,CAR,,,,
2016,3,2016-09-25,2016_03_MIN_CAR,CAR,,,,
2016,4,2016-10-02,2016_04_CAR_ATL,CAR,,,,
2016,5,2016-10-10,2016_05_TB_CAR,CAR,,,,
2016,6,2016-10-16,2016_06_CAR_NO,CAR,,,,
2016,8,2016-10-30,2016_08_ARI_CAR,CAR,0.22440577,0.6186495313515515,31.583664,2.2372572
2016,9,2016-11-06,2016_09_CAR_LA,CAR,0.039400056,0.6399284581860339,30.694773,2.1513987
2016,10,2016-11-13,2016_10_KC_CAR,CAR,0.054769173,0.6314470388433706,32.708916,2.0029137
2016,11,2016-11-17,2016_11_NO_CAR,CAR,0.10718804,0.5957879588661088,33.36043,2.0180652
2016,12,2016-11-27,2016_12_CAR_OAK,CAR,-0.23998302,0.6168561492660846,30.885431,1.7680653
2016,13,2016-12-04,2016_13_CAR_SEA,CAR,-0.25338647,0.6072141949001042,30.555346,1.8589745
2016,14,2016-12-11,2016_14_SD_CAR,CAR,-0.11744878,0.5853830588644227,31.941126,1.939394
2016,15,2016-12-19,2016_15_CAR_WAS,CAR,-0.18133228,0.5987210518899156,30.816126,1.8585858
2016,16,2016-12-24,2016_16_ATL_CAR,CAR,-0.26760295,0.6142425607726686,29.987455,1.8993784
2016,17,2017-01-01,2016_17_CAR_TB,CAR,-0.03423914,0.6241407854436206,32.26018,2.187257
2017,1,2017-09-10,2017_01_CAR_SF,CAR,,,,
2017,2,2017-09-17,2017_02_BUF_CAR,CAR,,,,
2017,3,2017-09-24,2017_03_NO_CAR,CAR,,,,
2017,4,2017-10-01,2017_04_CAR_NE,CAR,,,,
2017,5,2017-10-08,2017_05_CAR_DET,CAR,,,,
2017,6,2017-10-12,2017_06_PHI_CAR,CAR,,,,
2017,7,2017-10-22,2017_07_CAR_CHI,CAR,-0.28956398,0.6074799300493745,27.987541,1.9664141
2017,8,2017-10-29,2017_08_CAR_TB,CAR,-0.114830755,0.5842920993615438,26.587542,1.9997474
2017,9,2017-11-05,2017_09_ATL_CAR,CAR,-0.16687489,0.5726797919159031,27.503366,1.9896464
2017,10,2017-11-13,2017_10_MIA_CAR,CAR,-0.46887842,0.5790686808047919,26.863974,1.6805555
2017,12,2017-11-26,2017_12_CAR_NYJ,CAR,-0.6572968,0.5974168963752297,25.77138,1.5138888
2017,13,2017-12-03,2017_13_CAR_NO,CAR,-0.6449099,0.6029317518900852,26.690962,1.4964064
2017,14,2017-12-10,2017_14_MIN_CAR,CAR,-0.54183775,0.5876057584390918,28.11773,1.5911034
2017,15,2017-12-17,2017_15_GB_CAR,CAR,-0.4452345,0.6029723363056697,30.490807,1.8026417
2017,16,2017-12-24,2017_16_TB_CAR,CAR,-0.084667854,0.5985198443531777,32.096867,2.1208236
2017,17,2017-12-31,2017_17_CAR_ATL,CAR,-0.054021377,0.6032527503360837,33.23626,2.1799145
2018,1,2018-09-09,2018_01_DAL_CAR,CAR,,,,
2018,2,2018-09-16,2018_02_CAR_ATL,CAR,,,,
2018,3,2018-09-23,2018_03_CIN_CAR,CAR,,,,
2018,5,2018-10-07,2018_05_NYG_CAR,CAR,,,,
2018,6,2018-10-14,2018_06_CAR_WAS,CAR,,,,
2018,7,2018-10-21,2018_07_CAR_PHI,CAR,,,,
2018,8,2018-10-28,2018_08_BAL_CAR,CAR,0.32788023,0.5886607144468019,35.467426,2.1435606
2018,9,2018-11-04,2018_09_TB_CAR,CAR,0.57769185,0.5703556167667042,36.967426,2.3768938
2018,10,2018-11-08,2018_10_CAR_PIT,CAR,0.34070316,0.615093671921426,33.781315,2.2491162
2018,11,2018-11-18,2018_11_CAR_DET,CAR,0.788582,0.5769322962600504,34.98131,2.697601
2018,12,2018-11-25,2018_12_SEA_CAR,CAR,0.7234266,0.5972297765575307,33.605556,2.5763888
2018,13,2018-12-02,2018_13_CAR_TB,CAR,0.92530006,0.6135422987605758,36.140743,2.7486112
2018,14,2018-12-09,2018_14_CAR_CLE,CAR,0.82007855,0.616840850537746,34.1218,2.7580807
2018,15,2018-12-17,2018_15_NO_CAR,CAR,0.87410265,0.6191325172044128,34.538467,2.8414142
2018,16,2018-12-23,2018_16_ATL_CAR,CAR,0.815948,0.5938425808033652,36.802357,2.6747475
2018,17,2018-12-30,2018_17_CAR_NO,CAR,0.42867255,0.6286008780616624,35.178116,2.2717173
2019,1,2019-09-08,2019_01_LA_CAR,CAR,,,,
2019,2,2019-09-12,2019_02_TB_CAR,CAR,,,,
2019,3,2019-09-22,2019_03_CAR_ARI,CAR,,,,
2019,4,2019-09-29,2019_04_CAR_HOU,CAR,,,,
2019,5,2019-10-06,2019_05_JAX_CAR,CAR,,,,
2019,6,2019-10-13,2019_06_CAR_TB,CAR,,,,
2019,8,2019-10-27,2019_08_CAR_SF,CAR,-0.5495066,0.6147178296014081,26.716604,1.7891413
2019,9,2019-11-03,2019_09_TEN_CAR,CAR,-0.35675177,0.622546868788856,26.840536,2.026321
2019,10,2019-11-10,2019_10_CAR_GB,CAR,-0.37253428,0.6179959027795566,28.812757,2.026321
2019,11,2019-11-17,2019_11_ATL_CAR,CAR,-0.08029141,0.5934178766390305,31.680182,2.2232907
2019,12,2019-11-24,2019_12_CAR_NO,CAR,0.23665631,0.5869498539210078,33.79685,2.4399574
2019,13,2019-12-01,2019_13_WAS_CAR,CAR,0.3862418,0.5898052021362045,33.92185,2.580109
2019,14,2019-12-08,2019_14_CAR_ATL,CAR,0.4715186,0.5870849033822519,34.294445,2.7019036
2019,15,2019-12-15,2019_15_SEA_CAR,CAR,0.500355,0.5816777660039606,35.82329,2.6036131
2019,16,2019-12-22,2019_16_CAR_IND,CAR,0.8381205,0.5825352495697776,36.28718,2.8258352
2019,17,2019-12-29,2019_17_NO_CAR,CAR,0.81856316,0.5597941133911414,35.095512,2.7591686
2020,1,2020-09-13,2020_01_LV_CAR,CAR,,,,
2020,2,2020-09-20,2020_02_CAR_TB,CAR,,,,
2020,3,2020-09-27,2020_03_CAR_LAC,CAR,,,,
2020,4,2020-10-04,2020_04_ARI_CAR,CAR,,,,
2020,5,2020-10-11,2020_05_CAR_ATL,CAR,,,,
2020,6,2020-10-18,2020_06_CHI_CAR,CAR,,,,
2020,7,2020-10-25,2020_07_CAR_NO,CAR,0.43109575,0.570931426338726,36.352104,2.4715488
2020,8,2020-10-29,2020_08_ATL_CAR,CAR,0.51616913,0.569518958994886,40.713215,2.5919192
2020,9,2020-11-08,2020_09_CAR_KC,CAR,0.7477138,0.571897814356696,43.972687,2.6430557
2020,10,2020-11-15,2020_10_TB_CAR,CAR,1.295622,0.5496409641027696,44.057873,2.9875
2020,11,2020-11-22,2020_11_DET_CAR,CAR,1.6649728,0.5435722411590468,48.08935,3.3652775
2020,12,2020-11-29,2020_12_CAR_MIN,CAR,1.1435812,0.5794973403653959,43.397686,3.0319443
2020,14,2020-12-13,2020_14_DEN_CAR,CAR,1.0626658,0.5794994678675235,45.481018,3.098611
2020,15,2020-12-19,2020_15_CAR_GB,CAR,0.74929476,0.592677678545734,40.414352,2.7819443
2020,16,2020-12-27,2020_16_CAR_WAS,CAR,0.56657225,0.6000433255621164,36.885185,2.661111
2020,17,2021-01-03,2020_17_NO_CAR,CAR,0.11414498,0.6208031878252468,35.381817,2.2469697
2021,1,2021-09-12,2021_01_NYJ_CAR,CAR,,,,
2021,2,2021-09-19,2021_02_NO_CAR,CAR,,,,
2021,3,2021-09-23,2021_03_CAR_HOU,CAR,,,,
2021,4,2021-10-03,2021_04_CAR_DAL,CAR,,,,
2021,5,2021-10-10,2021_05_PHI_CAR,CAR,,,,
2021,6,2021-10-17,2021_06_MIN_CAR,CAR,,,,
2021,7,2021-10-24,2021_07_CAR_NYG,CAR,-0.73326516,0.6407968383762035,24.79442,1.6855699
2021,8,2021-10-31,2021_08_CAR_ATL,CAR,-0.5945122,0.617182994307814,25.400482,1.8370851
2021,9,2021-11-07,2021_09_NE_CAR,CAR,-0.4497355,0.614289776414596,26.995935,1.9476911
2021,10,2021-11-14,2021_10_CAR_ARI,CAR,-0.3845704,0.6006811114170422,27.83853,2.0810244
2021,11,2021-11-21,2021_11_WAS_CAR,CAR,-0.99073887,0.6402698560057868,23.696104,1.6325396
2021,12,2021-11-28,2021_12_CAR_MIA,CAR,-0.5103625,0.6039061462293785,27.685522,1.8944445
2021,14,2021-12-12,2021_14_ATL_CAR,CAR,-0.4426649,0.5861509076408066,26.48855,1.9257575
2021,15,2021-12-19,2021_15_CAR_BUF,CAR,-0.31189188,0.5942589612034056,27.008753,2.0031986
2021,16,2021-12-26,2021_16_TB_CAR,CAR,-0.0727844,0.5899338923328823,28.21633,2.256229
2021,17,2022-01-02,2021_17_CAR_NO,CAR,0.2622647,0.5902845139335039,30.332998,2.4895623
2021,18,2022-01-09,2021_18_CAR_TB,CAR,0.5531259,0.5802141676131575,32.62542,2.6380472
2022,1,2022-09-11,2022_01_CLE_CAR,CAR,,,,
2022,2,2022-09-18,2022_02_CAR_NYG,CAR,,,,
2022,3,2022-09-25,2022_03_NO_CAR,CAR,,,,
2022,4,2022-10-02,2022_04_ARI_CAR,CAR,,,,
2022,5,2022-10-09,2022_05_SF_CAR,CAR,,,,
2022,6,2022-10-16,2022_06_CAR_LA,CAR,,,,
2022,7,2022-10-23,2022_07_TB_CAR,CAR,-0.028363809,0.5966760813953327,32.075176,2.2006993
2022,8,2022-10-30,2022_08_CAR_ATL,CAR,-0.3542182,0.6046224708479611,31.955645,1.8623155
2022,9,2022-11-06,2022_09_CAR_CIN,CAR,-0.2856963,0.584661427617687,33.29026,1.9430847
2022,10,2022-11-10,2022_10_ATL_CAR,CAR,0.28936812,0.5539859919422513,35.612057,2.4635975
2022,11,2022-11-20,2022_11_CAR_BAL,CAR,0.20336144,0.5682200323126554,35.081753,2.2969308
2022,12,2022-11-27,2022_12_DEN_CAR,CAR,-0.18915266,0.5812007209150017,33.11357,1.9772339
2022,14,2022-12-11,2022_14_CAR_SEA,CAR,-0.34940496,0.6006636191278999,30.384085,1.705439
2022,15,2022-12-18,2022_15_PIT_CAR,CAR,-0.15305847,0.6099337126872092,29.908157,2.0498834
2022,16,2022-12-24,2022_16_DET_CAR,CAR,0.18753149,0.616977571307752,32.26164,2.2238762
2022,17,2023-01-01,2022_17_CAR_TB,CAR,0.0148267485,0.6393728149529956,30.828306,1.9072094
2022,18,2023-01-08,2022_18_CAR_NO,CAR,0.24155468,0.6163336907775078,32.69427,2.0517316
2023,1,2023-09-10,2023_01_CAR_ATL,CAR,,,,
2023,2,2023-09-18,2023_02_NO_CAR,CAR,,,,
2023,3,2023-09-24,2023_03_CAR_SEA,CAR,,,,
2023,4,2023-10-01,2023_04_MIN_CAR,CAR,,,,
2023,5,2023-10-08,2023_05_CAR_DET,CAR,,,,
2023,6,2023-10-15,2023_06_CAR_MIA,CAR,,,,
2023,8,2023-10-29,2023_08_HOU_CAR,CAR,0.67138475,0.527091127826422,33.35539,2.9065657
2023,9,2023-11-05,2023_09_IND_CAR,CAR,0.66786116,0.5359298281124907,34.20219,2.7836702
2023,10,2023-11-09,2023_10_CAR_CHI,CAR,0.6691143,0.5153240667714352,31.985521,2.7003367
2023,11,2023-11-19,2023_11_DAL_CAR,CAR,0.2975079,0.5303288767762452,30.271887,2.4215488
2023,12,2023-11-26,2023_12_CAR_TEN,CAR,0.65532094,0.5482205221678906,31.170034,2.6715488
2023,13,2023-12-03,2023_13_CAR_TB,CAR,0.3916349,0.5767287840585055,28.657072,2.1771042
2023,14,2023-12-10,2023_14_CAR_NO,CAR,0.093773335,0.6063403761700975,26.130556,1.8324075
2023,15,2023-12-17,2023_15_ATL_CAR,CAR,-0.00607687,0.5838981077350062,25.056482,1.9250001
2023,16,2023-12-24,2023_16_GB_CAR,CAR,-0.30639586,0.6104655218024203,25.502777,1.8046297
2023,17,2023-12-31,2023_17_CAR_JAX,CAR,0.20911306,0.6014432580579343,27.371298,2.149074
2023,18,2024-01-07,2023_18_TB_CAR,CAR,0.066071115,0.5998494814641577,27.72315,2.1305556
2024,1,2024-09-08,2024_01_CAR_NO,CAR,,,,
2024,2,2024-09-15,2024_02_LAC_CAR,CAR,,,,
2024,3,2024-09-22,2024_03_CAR_LV,CAR,,,,
2024,4,2024-09-29,2024_04_CIN_CAR,CAR,,,,
2024,5,2024-10-06,2024_05_CAR_CHI,CAR,,,,
2024,6,2024-10-13,2024_06_ATL_CAR,CAR,,,,
2024,7,2024-10-20,2024_07_CAR_WAS,CAR,1.1251076,0.5297159258678866,36.89857,3.2344277
2024,8,2024-10-27,2024_08_CAR_DEN,CAR,1.2429332,0.5060116979969921,38.69318,3.1519358
2024,9,2024-11-03,2024_09_NO_CAR,CAR,1.2236404,0.498624871860166,39.30985,3.1852694
2024,10,2024-11-10,2024_10_NYG_CAR,CAR,1.4165688,0.5126914225933835,40.96818,3.2602694
2024,12,2024-11-24,2024_12_KC_CAR,CAR,1.0564137,0.5025033930303539,39.515404,2.929714
2024,13,2024-12-01,2024_13_TB_CAR,CAR,1.3236265,0.4769665071364633,41.176388,3.0092592
2024,14,2024-12-08,2024_14_CAR_PHI,CAR,0.89954644,0.48784685254061816,38.511044,2.6335979
2024,15,2024-12-15,2024_15_DAL_CAR,CAR,0.61798614,0.526148635634068,37.119843,2.4414682
2024,16,2024-12-22,2024_16_ARI_CAR,CAR,0.80579853,0.516267960753393,36.88651,2.4748015
2024,17,2024-12-29,2024_17_CAR_TB,CAR,0.8600061,0.4991135326898741,36.391052,2.5626805
2024,18,2025-01-05,2024_18_CAR_ATL,CAR,1.5301213,0.4742708213888294,41.18272,3.104347
2016,1,2016-09-11,2016_01_CHI_HOU,CHI,,,,
2016,2,2016-09-19,2016_02_PHI_CHI,CHI,,,,
2016,3,2016-09-25,2016_03_CHI_DAL,CHI,,,,
2016,4,2016-10-02,2016_04_DET_CHI,CHI,,,,
2016,5,2016-10-09,2016_05_CHI_IND,CHI,,,,
2016,6,2016-10-16,2016_06_JAX_CHI,CHI,,,,
2016,7,2016-10-20,2016_07_CHI_GB,CHI,0.19236998,0.5719374375624375,32.94394,2.2045455
2016,8,2016-10-31,2016_08_MIN_CHI,CHI,0.3680891,0.5668156794103764,35.238552,2.337542
2016,10,2016-11-13,2016_10_CHI_TB,CHI,0.32105115,0.5833759990009989,35.475925,2.0833333
2016,11,2016-11-20,2016_11_CHI_NYG,CHI,0.22755466,0.5856658619158619,33.025925,1.9555556
2016,12,2016-11-27,2016_12_TEN_CHI,CHI,0.43795308,0.6067230685980686,34.142593,2.1888888
2016,13,2016-12-04,2016_13_SF_CHI,CHI,0.39725614,0.6096355265105265,33.892593,2.1555555
2016,14,2016-12-11,2016_14_CHI_DET,CHI,0.015688961,0.6499048867798868,30.86835,1.9631313
2016,15,2016-12-18,2016_15_GB_CHI,CHI,-0.08038384,0.6523957215623882,30.081314,1.8983165
2016,16,2016-12-24,2016_16_WAS_CHI,CHI,0.17901163,0.6224906658997568,32.525757,2.1676767
2016,17,2017-01-01,2016_17_CHI_MIN,CHI,0.5283872,0.5988837866678777,35.50909,2.4621212
2017,1,2017-09-10,2017_01_ATL_CHI,CHI,,,,
2017,2,2017-09-17,2017_02_CHI_TB,CHI,,,,
2017,3,2017-09-24,2017_03_PIT_CHI,CHI,,,,
2017,4,2017-09-28,2017_04_CHI_GB,CHI,,,,
2017,5,2017-10-09,2017_05_MIN_CHI,CHI,,,,
2017,6,2017-10-15,2017_06_CHI_BAL,CHI,,,,
2017,7,2017-10-22,2017_07_CAR_CHI,CHI,0.22381204,0.573209430676536,29.08005,2.232197
2017,8,2017-10-29,2017_08_CHI_NO,CHI,-0.5494308,0.594950198079068,25.038383,1.8030304
2017,10,2017-11-12,2017_10_GB_CHI,CHI,-0.6748839,0.5988255113622761,26.45505,1.7530303
2017,11,2017-11-19,2017_11_DET_CHI,CHI,-0.3806907,0.5972580510448157,27.621717,1.8530303
2017,12,2017-11-26,2017_12_CHI_PHI,CHI,-0.46508995,0.5802036008653656,29.15505,1.619697
2017,13,2017-12-03,2017_13_SF_CHI,CHI,-0.32058427,0.5724064987300281,31.977777,1.8333334
2017,14,2017-12-10,2017_14_CHI_CIN,CHI,-0.12915945,0.584650481599011,36.983334,1.9458333
2017,15,2017-12-16,2017_15_CHI_DET,CHI,0.09468671,0.5904683130050777,37.100002,2.0125
2017,16,2017-12-24,2017_16_CLE_CHI,CHI,0.09799287,0.5975384188251835,36.044445,2.049537
2017,17,2017-12-31,2017_17_CHI_MIN,CHI,-0.37087893,0.6137505400373048,34.115658,1.7116581
2018,1,2018-09-09,2018_01_CHI_GB,CHI,,,,
2018,2,2018-09-17,2018_02_SEA_CHI,CHI,,,,
2018,3,2018-09-23,2018_03_CHI_ARI,CHI,,,,
2018,4,2018-09-30,2018_04_TB_CHI,CHI,,,,
2018,6,2018-10-14,2018_06_CHI_MIA,CHI,,,,
2018,7,2018-10-21,2018_07_NE_CHI,CHI,,,,
2018,8,2018-10-28,2018_08_NYJ_CHI,CHI,-0.41609478,0.6290219289257751,29.797668,1.7946192
2018,9,2018-11-04,2018_09_CHI_BUF,CHI,-0.48843575,0.6505879609329835,27.146154,1.5976496
2018,10,2018-11-11,2018_10_DET_CHI,CHI,-0.79912925,0.6670452571979721,26.158974,1.4769231
2018,11,2018-11-18,2018_11_MIN_CHI,CHI,-0.7162506,0.6634293687291425,26.799883,1.576923
2018,12,2018-11-22,2018_12_CHI_DET,CHI,-0.687011,0.6460964365098466,25.707458,1.6981353
2018,13,2018-12-02,2018_13_CHI_NYG,CHI,-1.0091952,0.6653235057369159,23.791374,1.5559441
2018,14,2018-12-09,2018_14_LA_CHI,CHI,-1.2082566,0.6959632268894577,22.662315,1.4123544
2018,15,2018-12-16,2018_15_GB_CHI,CHI,-1.469101,0.6907140763032972,22.537315,1.329021
2018,16,2018-12-23,2018_16_CHI_SF,CHI,-1.0527419,0.6746166053981338,24.657827,1.4803032
2018,17,2018-12-30,2018_17_CHI_MIN,CHI,-1.0626928,0.6588336108569695,25.733587,1.3136364
2019,1,2019-09-05,2019_01_GB_CHI,CHI,,,,
2019,2,2019-09-15,2019_02_CHI_DEN,CHI,,,,
2019,3,2019-09-23,2019_03_CHI_WAS,CHI,,,,
2019,4,2019-09-29,2019_04_MIN_CHI,CHI,,,,
2019,5,2019-10-06,2019_05_CHI_OAK,CHI,,,,
2019,7,2019-10-20,2019_07_NO_CHI,CHI,,,,
2019,8,2019-10-27,2019_08_LAC_CHI,CHI,-0.47544348,0.6222492304703843,31.247915,1.5892644
2019,9,2019-11-03,2019_09_CHI_PHI,CHI,-0.5507426,0.6167778499990039,32.082764,1.7210827
2019,10,2019-11-10,2019_10_DET_CHI,CHI,-0.604811,0.6333503842185969,30.414413,1.8136753
2019,11,2019-11-17,2019_11_CHI_LA,CHI,-0.47756362,0.6467230994663121,29.711637,1.7442307
2019,12,2019-11-24,2019_12_NYG_CHI,CHI,-0.36835638,0.6290222817654945,29.913656,1.8906955
2019,13,2019-11-28,2019_13_CHI_DET,CHI,-0.68015075,0.6515764636946764,26.638657,1.6851398
2019,14,2019-12-05,2019_14_DAL_CHI,CHI,-0.77594274,0.6676716044962948,27.20404,1.5825758
2019,15,2019-12-15,2019_15_CHI_GB,CHI,-0.5857269,0.6783801366163104,29.55101,1.6628789
2019,16,2019-12-22,2019_16_KC_CHI,CHI,-0.7001943,0.6811666384224199,28.348991,1.6212121
2019,17,2019-12-29,2019_17_CHI_MIN,CHI,-0.117323704,0.6588508939428098,32.025578,2.059704
2020,1,2020-09-13,2020_01_CHI_DET,CHI,,,,
2020,2,2020-09-20,2020_02_NYG_CHI,CHI,,,,
2020,3,2020-09-27,2020_03_CHI_ATL,CHI,,,,
2020,4,2020-10-04,2020_04_IND_CHI,CHI,,,,
2020,5,2020-10-08,2020_05_TB_CHI,CHI,,,,
2020,6,2020-10-18,2020_06_CHI_CAR,CHI,,,,
2020,7,2020-10-26,2020_07_CHI_LA,CHI,-0.3996677,0.6417023558322578,29.408484,1.7937711
2020,8,2020-11-01,2020_08_NO_CHI,CHI,-0.47993526,0.6374318367890114,29.120604,1.8089226
2020,9,2020-11-08,2020_09_CHI_TEN,CHI,-0.40567484,0.6573374712779793,30.069677,1.929293
2020,10,2020-11-16,2020_10_MIN_CHI,CHI,-0.37353802,0.6620828416483496,28.815405,1.8459597
2020,12,2020-11-29,2020_12_CHI_GB,CHI,-0.4444119,0.6622478281769726,30.2851,1.8459597
2020,13,2020-12-06,2020_13_DET_CHI,CHI,0.02740705,0.6213406624260568,32.35177,2.2584596
2020,14,2020-12-13,2020_14_HOU_CHI,CHI,0.42896768,0.5976578256549848,34.5351,2.5584595
2020,15,2020-12-20,2020_15_CHI_MIN,CHI,0.2752906,0.617398839116094,33.392002,2.3244529
2020,16,2020-12-27,2020_16_CHI_JAX,CHI,0.35530868,0.6012640479813028,34.689228,2.4133418
2020,17,2021-01-03,2020_17_GB_CHI,CHI,0.29386148,0.5901431087353636,35.722054,2.4209175
2021,1,2021-09-12,2021_01_CHI_LA,CHI,,,,
2021,2,2021-09-19,2021_02_CIN_CHI,CHI,,,,
2021,3,2021-09-26,2021_03_CHI_CLE,CHI,,,,
2021,4,2021-10-03,2021_04_DET_CHI,CHI,,,,
2021,5,2021-10-10,2021_05_CHI_LV,CHI,,,,
2021,6,2021-10-17,2021_06_GB_CHI,CHI,,,,
2021,7,2021-10-24,2021_07_CHI_TB,CHI,0.38643226,0.5774274402845831,38.066666,2.523545
2021,8,2021-10-31,2021_08_SF_CHI,CHI,0.008772544,0.577497509104652,34.661907,2.241799
2021,9,2021-11-08,2021_09_CHI_PIT,CHI,0.78014153,0.5531614285185714,40.411907,2.6251323
2021,11,2021-11-21,2021_11_BAL_CHI,CHI,0.78857255,0.5581784527401411,37.852814,2.631193
2021,12,2021-11-25,2021_12_CHI_DET,CHI,0.7372578,0.5647810532821356,35.883118,2.614358
2021,13,2021-12-05,2021_13_ARI_CHI,CHI,0.8042674,0.5611949274737875,35.97571,2.7069504
2021,14,2021-12-12,2021_14_CHI_GB,CHI,0.56943333,0.5594963468069528,33.13973,2.7466328
2021,15,2021-12-20,2021_15_MIN_CHI,CHI,0.60772973,0.5544116167222227,33.584175,2.760522
2021,16,2021-12-26,2021_16_CHI_SEA,CHI,0.12255002,0.5818260618450012,26.431396,2.3299663
2021,17,2022-01-02,2021_17_NYG_CHI,CHI,0.036760002,0.5861529344673283,27.690489,2.2905724
2021,18,2022-01-09,2021_18_CHI_MIN,CHI,-0.42712796,0.5998232708649375,25.3117,2.0936027
2022,1,2022-09-11,2022_01_SF_CHI,CHI,,,,
2022,2,2022-09-18,2022_02_CHI_GB,CHI,,,,
2022,3,2022-09-25,2022_03_HOU_CHI,CHI,,,,
2022,4,2022-10-02,2022_04_CHI_NYG,CHI,,,,
2022,5,2022-10-09,2022_05_CHI_MIN,CHI,,,,
2022,6,2022-10-13,2022_06_WAS_CHI,CHI,,,,
2022,7,2022-10-24,2022_07_CHI_NE,CHI,0.3267166,0.5576146128702947,35.98447,2.1185606
2022,8,2022-10-30,2022_08_CHI_DAL,CHI,0.2947065,0.5512058827115646,35.38447,2.1852272
2022,9,2022-11-06,2022_09_MIA_CHI,CHI,0.39829704,0.5505294757851577,34.3678,2.3393939
2022,10,2022-11-13,2022_10_DET_CHI,CHI,0.7347693,0.5374824405159001,36.475548,2.5734007
2022,11,2022-11-20,2022_11_CHI_ATL,CHI,0.83179206,0.5154337213712213,37.244907,2.7333333
2022,12,2022-11-27,2022_12_CHI_NYJ,CHI,0.73075557,0.5221994671994672,32.90926,2.65
2022,13,2022-12-04,2022_13_GB_CHI,CHI,1.0124229,0.5044565619565619,37.305557,3.0240743
2022,15,2022-12-18,2022_15_PHI_CHI,CHI,1.4989157,0.5018024670802449,39.640743,3.2907407
2022,16,2022-12-24,2022_16_BUF_CHI,CHI,1.0508415,0.5339469639974691,38.43771,2.9377105
2022,17,2023-01-01,2022_17_CHI_DET,CHI,0.808441,0.5469178408572348,37.289562,2.8728955
2022,18,2023-01-08,2022_18_MIN_CHI,CHI,0.85239506,0.5595807858434121,39.156567,3.0311449
2023,1,2023-09-10,2023_01_GB_CHI,CHI,,,,
2023,2,2023-09-17,2023_02_CHI_TB,CHI,,,,
2023,3,2023-09-24,2023_03_CHI_KC,CHI,,,,
2023,4,2023-10-01,2023_04_DEN_CHI,CHI,,,,
2023,5,2023-10-05,2023_05_CHI_WAS,CHI,,,,
2023,6,2023-10-15,2023_06_MIN_CHI,CHI,,,,
2023,7,2023-10-22,2023_07_LV_CHI,CHI,0.47356793,0.5602913059163059,33.069447,2.4379628
2023,8,2023-10-29,2023_08_CHI_LAC,CHI,0.13512585,0.5759906566442514,32.851852,2.2157407
2023,9,2023-11-05,2023_09_CHI_NO,CHI,0.097857974,0.5877668434204383,31.401854,2.3657408
2023,10,2023-11-09,2023_10_CAR_CHI,CHI,-0.30845782,0.611083249236844,28.601852,2.0824075
2023,11,2023-11-19,2023_11_CHI_DET,CHI,-0.70979327,0.6280872174908122,26.374075,1.7361112
2023,12,2023-11-27,2023_12_CHI_MIN,CHI,-0.6016397,0.6180366199402147,26.824074,1.8861111
2023,14,2023-12-10,2023_14_DET_CHI,CHI,-0.7755549,0.6424479956015904,27.435186,1.8722223
2023,15,2023-12-17,2023_15_CHI_CLE,CHI,-0.8098754,0.6419486489941036,27.128786,1.8469697
2023,16,2023-12-24,2023_16_ARI_CHI,CHI,-1.1254879,0.6624284469739016,25.189203,1.5553031
2023,17,2023-12-31,2023_17_ATL_CHI,CHI,-1.0241467,0.6800932821387367,24.739204,1.4219698
2023,18,2024-01-07,2023_18_CHI_GB,CHI,-1.0183712,0.6958634841589387,25.411428,1.5414141
2024,1,2024-09-08,2024_01_TEN_CHI,CHI,,,,
2024,2,2024-09-15,2024_02_CHI_HOU,CHI,,,,
2024,3,2024-09-22,2024_03_CHI_IND,CHI,,,,
2024,4,2024-09-29,2024_04_LA_CHI,CHI,,,,
2024,5,2024-10-06,2024_05_CAR_CHI,CHI,,,,
2024,6,2024-10-13,2024_06_JAX_CHI,CHI,,,,
2024,8,2024-10-27,2024_08_CHI_WAS,CHI,-0.6109247,0.6059157057844591,27.198654,1.5867003
2024,9,2024-11-03,2024_09_CHI_ARI,CHI,-0.29914078,0.604153646516419,30.159513,1.6233164
2024,10,2024-11-10,2024_10_NE_CHI,CHI,-0.20342946,0.5936271359899085,31.143097,1.7685184
2024,11,2024-11-17,2024_11_GB_CHI,CHI,-0.10886824,0.5855200915192277,31.688553,1.7382154
2024,12,2024-11-24,2024_12_MIN_CHI,CHI,0.23792736,0.5606637236073042,35.901516,1.9604378
2024,13,2024-11-28,2024_13_CHI_DET,CHI,0.6025244,0.5547452919677187,37.64083,2.2061641
2024,14,2024-12-08,2024_14_CHI_SF,CHI,0.6743653,0.545023575520856,39.974163,2.3357937
2024,15,2024-12-16,2024_15_CHI_MIN,CHI,1.117882,0.5239149936799509,42.166084,2.7667704
2024,16,2024-12-22,2024_16_DET_CHI,CHI,1.1441339,0.5148088683238257,42.346386,2.8576794
2024,17,2024-12-26,2024_17_SEA_CHI,CHI,1.5956506,0.4881501874984781,45.93561,3.1994302
2024,18,2025-01-05,2024_18_CHI_GB,CHI,1.0615608,0.5079593906410146,40.667095,2.7549858
2016,1,2016-09-11,2016_01_CIN_NYJ,CIN,,,,
2016,2,2016-09-18,2016_02_CIN_PIT,CIN,,,,
2016,3,2016-09-25,2016_03_DEN_CIN,CIN,,,,
2016,4,2016-09-29,2016_04_MIA_CIN,CIN,,,,
2016,5,2016-10-09,2016_05_CIN_DAL,CIN,,,,
2016,6,2016-10-16,2016_06_CIN_NE,CIN,,,,
2016,7,2016-10-23,2016_07_CLE_CIN,CIN,0.7452204,0.5922758339012208,36.32636,2.4756134
2016,8,2016-10-30,2016_08_WAS_CIN,CIN,0.8071713,0.5938913942667813,36.52636,2.3922799
2016,10,2016-11-14,2016_10_CIN_NYG,CIN,0.9371751,0.5961334604794356,39.0868,2.4527194
2016,11,2016-11-20,2016_11_BUF_CIN,CIN,0.65717995,0.5933939852812402,38.06786,2.3049922
2016,12,2016-11-27,2016_12_CIN_BAL,CIN,0.8571019,0.5681626806381709,40.35422,2.4655983
2016,13,2016-12-04,2016_13_PHI_CIN,CIN,0.40344048,0.6015405296410198,35.316525,2.0628207
2016,14,2016-12-11,2016_14_CIN_CLE,CIN,-0.09099176,0.6181490028671401,33.223934,1.6850427
2016,15,2016-12-18,2016_15_PIT_CIN,CIN,-0.39415073,0.6353761018997948,31.598007,1.5868946
2016,16,2016-12-24,2016_16_CIN_HOU,CIN,-0.25524032,0.6200378147784193,31.314352,1.7407408
2016,17,2017-01-01,2016_17_BAL_CIN,CIN,-0.2930987,0.6210119586447201,30.727232,1.6308923
2017,1,2017-09-10,2017_01_BAL_CIN,CIN,,,,
2017,2,2017-09-14,2017_02_HOU_CIN,CIN,,,,
2017,3,2017-09-24,2017_03_CIN_GB,CIN,,,,
2017,4,2017-10-01,2017_04_CIN_CLE,CIN,,,,
2017,5,2017-10-08,2017_05_BUF_CIN,CIN,,,,
2017,7,2017-10-22,2017_07_CIN_PIT,CIN,,,,
2017,8,2017-10-29,2017_08_IND_CIN,CIN,-0.55124825,0.6465158873113419,24.885605,1.6368688
2017,9,2017-11-05,2017_09_CIN_JAX,CIN,-0.5407358,0.6458665366619912,25.785858,1.6532828
2017,10,2017-11-12,2017_10_CIN_TEN,CIN,-0.26102507,0.6133994410004512,29.64697,1.787542
2017,11,2017-11-19,2017_11_CIN_DEN,CIN,-0.32696345,0.613275923729498,30.202524,1.7202344
2017,12,2017-11-26,2017_12_CLE_CIN,CIN,-0.22813551,0.6060276974187717,31.655304,1.8396788
2017,13,2017-12-04,2017_13_PIT_CIN,CIN,-0.13959433,0.6038810015220757,36.085857,1.9137529
2017,14,2017-12-10,2017_14_CHI_CIN,CIN,-0.037002727,0.5966249747205944,35.955555,1.8576922
2017,15,2017-12-17,2017_15_CIN_MIN,CIN,0.34766904,0.5720657920731764,39.391666,2.0882478
2017,16,2017-12-24,2017_16_DET_CIN,CIN,0.18932183,0.6018452975471263,36.683334,2.1623218
2017,17,2017-12-31,2017_17_CIN_BAL,CIN,0.1367588,0.6009296533622513,35.53182,2.1122053
2018,1,2018-09-09,2018_01_CIN_IND,CIN,,,,
2018,2,2018-09-13,2018_02_BAL_CIN,CIN,,,,
2018,3,2018-09-23,2018_03_CIN_CAR,CIN,,,,
2018,4,2018-09-30,2018_04_CIN_ATL,CIN,,,,
2018,5,2018-10-07,2018_05_MIA_CIN,CIN,,,,
2018,6,2018-10-14,2018_06_PIT_CIN,CIN,,,,
2018,7,2018-10-21,2018_07_CIN_KC,CIN,0.32170704,0.5676186365075254,38.48443,2.5527778
2018,8,2018-10-28,2018_08_TB_CIN,CIN,0.8504739,0.5465594641983531,41.48443,2.8194444
2018,10,2018-11-11,2018_10_NO_CIN,CIN,0.96685416,0.5503152762874985,43.658573,2.9230769
2018,11,2018-11-18,2018_11_CIN_BAL,CIN,1.4946946,0.5128393263115486,46.184498,3.3508546
2018,12,2018-11-25,2018_12_CLE_CIN,CIN,1.1670921,0.5090735961569296,44.421875,3.032673
2018,13,2018-12-02,2018_13_DEN_CIN,CIN,1.7310482,0.5050849921683255,46.62726,3.5141544
2018,14,2018-12-09,2018_14_CIN_LAC,CIN,1.4675633,0.4949672164255498,42.692074,3.3474877
2018,15,2018-12-16,2018_15_OAK_CIN,CIN,1.1929467,0.5163371427954763,38.308743,3.130821
2018,16,2018-12-23,2018_16_CIN_CLE,CIN,0.97183985,0.5176450941034275,34.73182,2.9299662
2018,17,2018-12-30,2018_17_CIN_PIT,CIN,0.5441434,0.543950183689767,34.72256,2.5271885
2019,1,2019-09-08,2019_01_CIN_SEA,CIN,,,,
2019,2,2019-09-15,2019_02_SF_CIN,CIN,,,,
2019,3,2019-09-22,2019_03_CIN_BUF,CIN,,,,
2019,4,2019-09-30,2019_04_CIN_PIT,CIN,,,,
2019,5,2019-10-06,2019_05_ARI_CIN,CIN,,,,
2019,6,2019-10-13,2019_06_CIN_BAL,CIN,,,,
2019,7,2019-10-20,2019_07_JAX_CIN,CIN,0.7587219,0.5651925400920285,41.910522,2.6031566
2019,8,2019-10-27,2019_08_CIN_LA,CIN,0.7924318,0.5409972908967792,44.59642,2.5679002
2019,10,2019-11-10,2019_10_BAL_CIN,CIN,0.7912908,0.5644308018302902,44.618305,2.3911326
2019,11,2019-11-17,2019_11_CIN_OAK,CIN,1.3016626,0.5108355159433375,45.521084,2.7985399
2019,12,2019-11-24,2019_12_PIT_CIN,CIN,1.153975,0.5269624497091602,45.911823,2.5818732
2019,13,2019-12-01,2019_13_NYJ_CIN,CIN,0.8838497,0.5499033205666978,41.872936,2.370762
2019,14,2019-12-08,2019_14_CIN_CLE,CIN,0.39036655,0.5834134748528688,36.478992,1.9825045
2019,15,2019-12-15,2019_15_NE_CIN,CIN,0.46106228,0.5878703348652844,36.728283,2.1149833
2019,16,2019-12-22,2019_16_CIN_MIA,CIN,0.2444082,0.5771728147927643,31.719025,2.0594275
2019,17,2019-12-29,2019_17_CLE_CIN,CIN,-0.0384398,0.634342034461984,30.585691,1.7964646
2020,1,2020-09-13,2020_01_LAC_CIN,CIN,,,,
2020,2,2020-09-17,2020_02_CIN_CLE,CIN,,,,
2020,3,2020-09-27,2020_03_CIN_PHI,CIN,,,,
2020,4,2020-10-04,2020_04_JAX_CIN,CIN,,,,
2020,5,2020-10-11,2020_05_CIN_BAL,CIN,,,,
2020,6,2020-10-18,2020_06_CIN_IND,CIN,,,,
2020,7,2020-10-25,2020_07_CLE_CIN,CIN,0.45394632,0.5966549279968397,37.95032,2.4712608
2020,8,2020-11-01,2020_08_TEN_CIN,CIN,1.0642976,0.5630410881329999,41.221153,3.0198717
2020,10,2020-11-15,2020_10_CIN_PIT,CIN,0.9202675,0.5570507243301361,41.56937,2.7668955
2020,11,2020-11-22,2020_11_CIN_WAS,CIN,1.0660983,0.5385224894153465,41.211308,2.9005954
2020,12,2020-11-29,2020_12_NYG_CIN,CIN,0.943562,0.5348019506948078,38.864338,2.786959
2020,13,2020-12-06,2020_13_CIN_MIA,CIN,0.9732301,0.5480860361379841,40.11813,2.783171
2020,14,2020-12-13,2020_14_DAL_CIN,CIN,0.8417061,0.5363890988160468,39.534794,2.5831711
2020,15,2020-12-21,2020_15_PIT_CIN,CIN,0.6038245,0.5365579794996335,36.909794,2.3123376
2020,16,2020-12-27,2020_16_CIN_HOU,CIN,0.13396016,0.5749741929158468,30.59844,2.054096
2020,17,2021-01-03,2020_17_BAL_CIN,CIN,0.18165393,0.5727798660786628,33.543674,2.1421912
2021,1,2021-09-12,2021_01_MIN_CIN,CIN,,,,
2021,2,2021-09-19,2021_02_CIN_CHI,CIN,,,,
2021,3,2021-09-26,2021_03_CIN_PIT,CIN,,,,
2021,4,2021-09-30,2021_04_JAX_CIN,CIN,,,,
2021,5,2021-10-10,2021_05_GB_CIN,CIN,,,,
2021,6,2021-10-17,2021_06_CIN_DET,CIN,,,,
2021,7,2021-10-24,2021_07_CIN_BAL,CIN,-0.448898,0.6497379419244701,30.99154,1.6439296
2021,8,2021-10-31,2021_08_CIN_NYJ,CIN,-0.6115535,0.6613580558598675,31.199875,1.5723485
2021,9,2021-11-07,2021_09_CLE_CIN,CIN,-0.30680856,0.6377262016030132,35.671085,1.8390151
2021,11,2021-11-21,2021_11_CIN_LV,CIN,0.08565735,0.6005332013665348,35.958965,2.217803
2021,12,2021-11-28,2021_12_PIT_CIN,CIN,-0.4235597,0.6094395342312009,33.743687,2.0210438
2021,13,2021-12-05,2021_13_LAC_CIN,CIN,-0.7917843,0.6331278058361391,31.554796,1.8404883
2021,14,2021-12-12,2021_14_SF_CIN,CIN,-0.57051396,0.5969790736159784,32.0667,2.0785835
2021,15,2021-12-19,2021_15_CIN_DEN,CIN,-0.3153822,0.5840099825218873,31.242983,2.1758058
2021,16,2021-12-26,2021_16_BAL_CIN,CIN,-0.48336354,0.6003230886077207,28.046015,1.8273209
2021,17,2022-01-02,2021_17_KC_CIN,CIN,-0.54451317,0.6099488896857276,29.076319,1.7345177
2021,18,2022-01-09,2021_18_CIN_CLE,CIN,0.14269637,0.58739873536474,32.354095,2.1396105
2022,1,2022-09-11,2022_01_PIT_CIN,CIN,,,,
2022,2,2022-09-18,2022_02_CIN_DAL,CIN,,,,
2022,3,2022-09-25,2022_03_CIN_NYJ,CIN,,,,
2022,4,2022-09-29,2022_04_MIA_CIN,CIN,,,,
2022,5,2022-10-09,2022_05_CIN_BAL,CIN,,,,
2022,6,2022-10-16,2022_06_CIN_NO,CIN,,,,
2022,7,2022-10-23,2022_07_ATL_CIN,CIN,-0.28654775,0.6108068266588341,31.777008,1.7148389
2022,8,2022-10-31,2022_08_CIN_CLE,CIN,-0.1601651,0.6044182527107363,32.549496,1.8272728
2022,9,2022-11-06,2022_09_CAR_CIN,CIN,-0.016078766,0.5844065514490352,33.96616,2.010606
2022,11,2022-11-20,2022_11_CIN_PIT,CIN,0.26433745,0.6031255323839252,32.865154,2.162121
2022,12,2022-11-27,2022_12_CIN_TEN,CIN,0.37690568,0.5989701017579063,31.637878,2.319464
2022,13,2022-12-04,2022_13_KC_CIN,CIN,0.3337206,0.6090703706490249,31.334175,2.2342787
2022,14,2022-12-11,2022_14_CLE_CIN,CIN,0.45572504,0.6057433504470047,32.541317,2.3723738
2022,15,2022-12-18,2022_15_CIN_TB,CIN,0.3058886,0.6089844303547512,33.811687,2.2242258
2022,16,2022-12-24,2022_16_CIN_NE,CIN,-0.08230491,0.6349734119119145,32.778355,2.0560439
2022,18,2023-01-08,2022_18_BAL_CIN,CIN,-0.23139298,0.6249305927781863,33.490475,1.9196802
2023,1,2023-09-10,2023_01_CIN_CLE,CIN,,,,
2023,2,2023-09-17,2023_02_BAL_CIN,CIN,,,,
2023,3,2023-09-25,2023_03_LA_CIN,CIN,,,,
2023,4,2023-10-01,2023_04_CIN_TEN,CIN,,,,
2023,5,2023-10-08,2023_05_CIN_ARI,CIN,,,,
2023,6,2023-10-15,2023_06_SEA_CIN,CIN,,,,
2023,8,2023-10-29,2023_08_CIN_SF,CIN,-0.10639878,0.6191660895843226,34.22659,2.1154761
2023,9,2023-11-05,2023_09_BUF_CIN,CIN,-0.038304362,0.6106689870396012,36.350925,2.1564815
2023,10,2023-11-12,2023_10_HOU_CIN,CIN,-0.1415907,0.6318042464561106,34.24676,1.9481481
2023,11,2023-11-16,2023_11_CIN_BAL,CIN,0.09070029,0.6078371256139897,37.16556,2.1105413
2023,12,2023-11-26,2023_12_PIT_CIN,CIN,0.0137874065,0.6106446138737806,36.45306,2.114708
2023,13,2023-12-04,2023_13_CIN_JAX,CIN,0.34778234,0.5793744694091917,40.24936,2.1332266
2023,14,2023-12-10,2023_14_IND_CIN,CIN,0.52818996,0.5770971171318393,39.396328,2.386257
2023,15,2023-12-16,2023_15_MIN_CIN,CIN,0.38721752,0.5745833243402688,37.933365,2.2195902
2023,16,2023-12-23,2023_16_CIN_PIT,CIN,0.4382669,0.5679366261310705,39.125034,2.2654235
2023,17,2023-12-31,2023_17_CIN_KC,CIN,0.4981015,0.5679098011042455,38.165825,2.3959596
2023,18,2024-01-07,2023_18_CLE_CIN,CIN,0.43067086,0.5801014623236845,38.426937,2.2922559
2024,1,2024-09-08,2024_01_NE_CIN,CIN,,,,
2024,2,2024-09-15,2024_02_CIN_KC,CIN,,,,
2024,3,2024-09-23,2024_03_WAS_CIN,CIN,,,,
2024,4,2024-09-29,2024_04_CIN_CAR,CIN,,,,
2024,5,2024-10-06,2024_05_BAL_CIN,CIN,,,,
2024,6,2024-10-13,2024_06_CIN_NYG,CIN,,,,
2024,7,2024-10-20,2024_07_CIN_CLE,CIN,1.2435043,0.498805401207362,38.48426,2.8157408
2024,8,2024-10-27,2024_08_PHI_CIN,CIN,0.8667121,0.5245038857293759,37.91731,2.6861112
2024,9,2024-11-03,2024_09_LV_CIN,CIN,1.3676478,0.5069655961322629,41.421474,3.1236112
2024,10,2024-11-07,2024_10_CIN_BAL,CIN,0.35445595,0.5374905881155881,34.490917,2.3180556
2024,11,2024-11-17,2024_11_CIN_LAC,CIN,0.56140083,0.5416762481345815,34.196476,2.4402778
2024,13,2024-12-01,2024_13_PIT_CIN,CIN,0.27508083,0.5605676131797926,32.53729,2.3067307
2024,14,2024-12-09,2024_14_CIN_DAL,CIN,0.74893826,0.523998441610621,35.08274,2.7658217
2024,15,2024-12-15,2024_15_CIN_TEN,CIN,1.0202651,0.500597629459809,36.090435,2.9324884
2024,16,2024-12-22,2024_16_CLE_CIN,CIN,0.4849011,0.49594464355682305,33.486267,2.570746
2024,17,2024-12-28,2024_17_DEN_CIN,CIN,0.31922436,0.5252660551699013,35.02238,2.420746
2024,18,2025-01-04,2024_18_CIN_PIT,CIN,0.2056558,0.5411233151938281,34.668674,2.2985237
2016,1,2016-09-11,2016_01_CLE_PHI,CLE,,,,
2016,2,2016-09-18,2016_02_BAL_CLE,CLE,,,,
2016,3,2016-09-25,2016_03_CLE_MIA,CLE,,,,
2016,4,2016-10-02,2016_04_CLE_WAS,CLE,,,,
2016,5,2016-10-09,2016_05_NE_CLE,CLE,,,,
2016,6,2016-10-16,2016_06_CLE_TEN,CLE,,,,
2016,7,2016-10-23,2016_07_CLE_CIN,CLE,0.53114355,0.589801250136748,34.069023,2.4741461
2016,8,2016-10-30,2016_08_NYJ_CLE,CLE,0.8703745,0.5754596889201868,38.60143,2.6732204
2016,9,2016-11-06,2016_09_DAL_CLE,CLE,1.0195276,0.5956710011769536,38.78325,2.7944324
2016,10,2016-11-10,2016_10_CLE_BAL,CLE,1.6976393,0.5634890957807625,43.49753,3.270623
2016,11,2016-11-20,2016_11_PIT_CLE,CLE,1.5627775,0.5602921384171384,43.802246,3.1056397
2016,12,2016-11-27,2016_12_NYG_CLE,CLE,1.5259267,0.5457139606036665,43.406414,3.0292509
2016,14,2016-12-11,2016_14_CIN_CLE,CLE,1.4521389,0.5429083942564334,41.56026,2.9095926
2016,15,2016-12-18,2016_15_CLE_BUF,CLE,1.203733,0.5432711025358085,37.43063,2.718852
2016,16,2016-12-24,2016_16_SD_CLE,CLE,1.2587627,0.5118958419938813,39.827938,2.860266
2016,17,2017-01-01,2016_17_CLE_PIT,CLE,0.6319795,0.553604133702173,36.00759,2.2845085
2017,1,2017-09-10,2017_01_PIT_CLE,CLE,,,,
2017,2,2017-09-17,2017_02_CLE_BAL,CLE,,,,
2017,3,2017-09-24,2017_03_CLE_IND,CLE,,,,
2017,4,2017-10-01,2017_04_CIN_CLE,CLE,,,,
2017,5,2017-10-08,2017_05_NYJ_CLE,CLE,,,,
2017,6,2017-10-15,2017_06_CLE_HOU,CLE,,,,
2017,7,2017-10-22,2017_07_TEN_CLE,CLE,0.064394005,0.6002623071373071,26.207266,2.0884616
2017,8,2017-10-29,2017_08_MIN_CLE,CLE,-0.05412558,0.6053204993412212,26.439081,2.0202796
2017,10,2017-11-12,2017_10_CLE_DET,CLE,0.09088453,0.6084562359591007,26.232735,2.0678988
2017,11,2017-11-19,2017_11_JAX_CLE,CLE,0.09568161,0.5918570943599591,27.182617,2.1553113
2017,12,2017-11-26,2017_12_CLE_CIN,CLE,-0.27533558,0.6248726282088263,24.71595,1.7830892
2017,13,2017-12-03,2017_13_CLE_LAC,CLE,0.08029013,0.6138784834646815,28.71595,2.1247559
2017,14,2017-12-10,2017_14_GB_CLE,CLE,0.29359755,0.5822191705553686,33.65666,2.2128968
2017,15,2017-12-17,2017_15_BAL_CLE,CLE,0.7166268,0.5629410007981437,35.80817,2.5310786
2017,16,2017-12-24,2017_16_CLE_CHI,CLE,0.6363736,0.5526983664483666,36.410984,2.4683082
2017,17,2017-12-31,2017_17_CLE_PIT,CLE,0.55066556,0.5730289617789618,35.0625,2.28649
2018,1,2018-09-09,2018_01_PIT_CLE,CLE,,,,
2018,2,2018-09-16,2018_02_CLE_NO,CLE,,,,
2018,3,2018-09-20,2018_03_NYJ_CLE,CLE,,,,
2018,4,2018-09-30,2018_04_CLE_OAK,CLE,,,,
2018,5,2018-10-07,2018_05_BAL_CLE,CLE,,,,
2018,6,2018-10-14,2018_06_LAC_CLE,CLE,,,,
2018,7,2018-10-21,2018_07_CLE_TB,CLE,-0.5480675,0.5906921469067768,28.202255,1.6951154
2018,8,2018-10-28,2018_08_CLE_PIT,CLE,-0.427218,0.5861602536003737,28.642776,1.778122
2018,9,2018-11-04,2018_09_KC_CLE,CLE,-0.2687171,0.5905933836016856,30.291765,1.9056472
2018,10,2018-11-11,2018_10_ATL_CLE,CLE,0.31521147,0.5575536352841595,36.096607,2.3728836
2018,12,2018-11-25,2018_12_CLE_CIN,CLE,0.41203317,0.5530143014319601,37.928967,2.3358467
2018,13,2018-12-02,2018_13_CLE_HOU,CLE,0.48754457,0.5570091161410606,39.40278,2.562037
2018,14,2018-12-09,2018_14_CAR_CLE,CLE,0.5071607,0.5598696930641375,39.61111,2.4175925
2018,15,2018-12-15,2018_15_CLE_DEN,CLE,0.53116953,0.577662394190172,40.083332,2.462037
2018,16,2018-12-23,2018_16_CIN_CLE,CLE,0.46558276,0.5904483119760898,38.72222,2.2981482
2018,17,2018-12-30,2018_17_CLE_BAL,CLE,0.06174649,0.6064745182800738,33.898148,1.9671297
2019,1,2019-09-08,2019_01_TEN_CLE,CLE,,,,
2019,2,2019-09-16,2019_02_CLE_NYJ,CLE,,,,
2019,3,2019-09-22,2019_03_LA_CLE,CLE,,,,
2019,4,2019-09-29,2019_04_CLE_BAL,CLE,,,,
2019,5,2019-10-07,2019_05_CLE_SF,CLE,,,,
2019,6,2019-10-13,2019_06_SEA_CLE,CLE,,,,
2019,8,2019-10-27,2019_08_CLE_NE,CLE,0.07060472,0.6131650861764498,32.08644,2.1065462
2019,9,2019-11-03,2019_09_CLE_DEN,CLE,-0.18138985,0.6232623509305774,32.131313,1.949495
2019,10,2019-11-10,2019_10_BUF_CLE,CLE,0.23484127,0.5843323765839363,34.276096,2.3484848
2019,11,2019-11-14,2019_11_PIT_CLE,CLE,0.21565326,0.5777908625424223,34.259426,2.2484848
2019,12,2019-11-24,2019_12_MIA_CLE,CLE,-0.15688977,0.5861022931752815,31.038649,1.9681817
2019,13,2019-12-01,2019_13_CLE_PIT,CLE,-0.2723538,0.5977860954840838,29.286123,1.9012626
2019,14,2019-12-08,2019_14_CIN_CLE,CLE,-0.4012576,0.6059867192150105,28.762556,1.7867845
2019,15,2019-12-15,2019_15_CLE_ARI,CLE,-0.34690914,0.6001419935581934,32.123665,1.8469697
2019,16,2019-12-22,2019_16_BAL_CLE,CLE,-0.10571229,0.5874514947565834,34.901443,2.106229
2019,17,2019-12-29,2019_17_CLE_CIN,CLE,0.22781996,0.5625886878104432,37.705147,2.4469697
2020,1,2020-09-13,2020_01_CLE_BAL,CLE,,,,
2020,2,2020-09-17,2020_02_CIN_CLE,CLE,,,,
2020,3,2020-09-27,2020_03_WAS_CLE,CLE,,,,
2020,4,2020-10-04,2020_04_CLE_DAL,CLE,,,,
2020,5,2020-10-11,2020_05_IND_CLE,CLE,,,,
2020,6,2020-10-18,2020_06_CLE_PIT,CLE,,,,
2020,7,2020-10-25,2020_07_CLE_CIN,CLE,0.65956813,0.5435173262951041,34.713974,2.8888047
2020,8,2020-11-01,2020_08_LV_CLE,CLE,0.79481816,0.5329408888436666,38.48064,2.963805
2020,10,2020-11-15,2020_10_HOU_CLE,CLE,0.76621634,0.5270126406467566,39.776936,2.8526936
2020,11,2020-11-22,2020_11_PHI_CLE,CLE,0.7588355,0.5037770799111959,40.87001,2.7163298
2020,12,2020-11-29,2020_12_CLE_JAX,CLE,0.4287665,0.5232316993658154,36.964027,2.4481676
2020,13,2020-12-06,2020_13_CLE_TEN,CLE,0.5728776,0.5294916945146994,38.5381,2.4852047
2020,14,2020-12-14,2020_14_BAL_CLE,CLE,0.60573304,0.5414164981061697,40.294415,2.4725783
2020,15,2020-12-20,2020_15_CLE_NYG,CLE,0.61577445,0.5637044479509377,36.40805,2.4309118
2020,16,2020-12-27,2020_16_CLE_NYJ,CLE,0.31188038,0.5838714923310883,36.04694,2.1531339
2020,17,2021-01-03,2020_17_PIT_CLE,CLE,0.3634485,0.5966403978083271,34.99932,2.3059118
2021,1,2021-09-12,2021_01_CLE_KC,CLE,,,,
2021,2,2021-09-19,2021_02_HOU_CLE,CLE,,,,
2021,3,2021-09-26,2021_03_CHI_CLE,CLE,,,,
2021,4,2021-10-03,2021_04_CLE_MIN,CLE,,,,
2021,5,2021-10-10,2021_05_CLE_LAC,CLE,,,,
2021,6,2021-10-17,2021_06_ARI_CLE,CLE,,,,
2021,7,2021-10-21,2021_07_DEN_CLE,CLE,0.5583298,0.6392604226141808,32.251728,2.6752102
2021,8,2021-10-31,2021_08_PIT_CLE,CLE,0.2619798,0.6641169794560318,29.082083,2.3210437
2021,9,2021-11-07,2021_09_CLE_CIN,CLE,0.24619256,0.6552314976538832,30.341341,2.2099326
2021,10,2021-11-14,2021_10_CLE_NE,CLE,0.23888302,0.6414027338251195,34.730736,2.352357
2021,11,2021-11-21,2021_11_DET_CLE,CLE,1.1715825,0.5781505346354203,40.38907,3.17319
2021,12,2021-11-28,2021_12_CLE_BAL,CLE,0.66484773,0.5770216961536406,36.657253,2.6428874
2021,14,2021-12-12,2021_14_BAL_CLE,CLE,0.22747333,0.5900696283934921,34.96365,2.2001264
2021,15,2021-12-20,2021_15_LV_CLE,CLE,0.021727482,0.5810494818733455,34.807972,2.1488442
2021,16,2021-12-25,2021_16_CLE_GB,CLE,-0.041589025,0.5608035703774341,33.422787,2.1377332
2021,17,2022-01-03,2021_17_CLE_PIT,CLE,0.44512773,0.5475212765395846,33.927837,2.3397534
2021,18,2022-01-09,2021_18_CIN_CLE,CLE,-0.26867604,0.6020263201071282,28.315657,1.7355866
2022,1,2022-09-11,2022_01_CLE_CAR,CLE,,,,
2022,2,2022-09-18,2022_02_NYJ_CLE,CLE,,,,
2022,3,2022-09-22,2022_03_PIT_CLE,CLE,,,,
2022,4,2022-10-02,2022_04_CLE_ATL,CLE,,,,
2022,5,2022-10-09,2022_05_LAC_CLE,CLE,,,,
2022,6,2022-10-16,2022_06_NE_CLE,CLE,,,,
2022,7,2022-10-23,2022_07_CLE_BAL,CLE,0.79314375,0.5799990595823928,36.331482,2.7092593
2022,8,2022-10-31,2022_08_CIN_CLE,CLE,0.77458644,0.5756974198640865,36.637035,2.7351854
2022,10,2022-11-13,2022_10_CLE_MIA,CLE,0.2811453,0.5900292916959583,33.737038,2.4351852
2022,11,2022-11-20,2022_11_CLE_BUF,CLE,0.8809262,0.5529809812101478,38.58287,2.964352
2022,12,2022-11-27,2022_12_TB_CLE,CLE,1.0733403,0.531844941324108,38.327316,3.0550926
2022,13,2022-12-04,2022_13_CLE_HOU,CLE,0.6598305,0.556636122365289,33.818058,2.7356482
2022,14,2022-12-11,2022_14_CLE_CIN,CLE,0.12719874,0.5846793974323736,31.659325,2.3507276
2022,15,2022-12-17,2022_15_BAL_CLE,CLE,0.14924371,0.5743498812695241,32.82044,2.3081348
2022,16,2022-12-24,2022_16_NO_CLE,CLE,0.03270525,0.5741336571644111,35.00377,2.147024
2022,17,2023-01-01,2022_17_CLE_WAS,CLE,-0.57566357,0.6247870662553202,29.441269,1.6178571
2022,18,2023-01-08,2022_18_CLE_PIT,CLE,-1.0438066,0.6743137484208912,28.196825,1.2863756
2023,1,2023-09-10,2023_01_CIN_CLE,CLE,,,,
2023,2,2023-09-18,2023_02_CLE_PIT,CLE,,,,
2023,3,2023-09-24,2023_03_TEN_CLE,CLE,,,,
2023,4,2023-10-01,2023_04_BAL_CLE,CLE,,,,
2023,6,2023-10-15,2023_06_SF_CLE,CLE,,,,
2023,7,2023-10-22,2023_07_CLE_IND,CLE,,,,
2023,8,2023-10-29,2023_08_CLE_SEA,CLE,-1.2391905,0.6718620720108816,17.549528,1.2884616
2023,9,2023-11-05,2023_09_ARI_CLE,CLE,-0.77924776,0.6366042742530836,21.203373,1.6136364
2023,10,2023-11-12,2023_10_CLE_BAL,CLE,-1.0186516,0.6647690658107325,18.952457,1.4469696
2023,11,2023-11-19,2023_11_PIT_CLE,CLE,-0.7249693,0.6414745520332642,22.817987,1.7632575
2023,12,2023-11-26,2023_12_CLE_DEN,CLE,-0.90418357,0.6654760906181361,22.297785,1.5258838
2023,13,2023-12-03,2023_13_CLE_LA,CLE,-0.6504237,0.656228920675779,23.76748,1.6988636
2023,14,2023-12-10,2023_14_JAX_CLE,CLE,-0.45898083,0.6421794477721394,24.586927,1.7752525
2023,15,2023-12-17,2023_15_CHI_CLE,CLE,-0.65318274,0.6591403514517932,22.149427,1.6928662
2023,16,2023-12-24,2023_16_CLE_HOU,CLE,-0.45046493,0.6516016228193144,23.787247,1.8074495
2023,17,2023-12-28,2023_17_NYJ_CLE,CLE,-0.5947006,0.6574818957450419,22.381653,1.6978923
2023,18,2024-01-07,2023_18_CLE_CIN,CLE,-0.673053,0.6412654554901401,22.508692,1.7258644
2024,1,2024-09-08,2024_01_DAL_CLE,CLE,,,,
2024,2,2024-09-15,2024_02_CLE_JAX,CLE,,,,
2024,3,2024-09-22,2024_03_NYG_CLE,CLE,,,,
2024,4,2024-09-29,2024_04_CLE_LV,CLE,,,,
2024,5,2024-10-06,2024_05_CLE_WAS,CLE,,,,
2024,6,2024-10-13,2024_06_CLE_PHI,CLE,,,,
2024,7,2024-10-20,2024_07_CIN_CLE,CLE,-0.27515167,0.6055355989745129,29.802885,2.1454773
2024,8,2024-10-27,2024_08_BAL_CLE,CLE,-0.32902277,0.6087677300912594,29.44391,2.0685542
2024,9,2024-11-03,2024_09_LAC_CLE,CLE,-0.21486686,0.5852999431124432,29.870047,2.1613572
2024,11,2024-11-17,2024_11_CLE_NO,CLE,-0.124667265,0.5928837173628839,29.66385,2.2671263
2024,12,2024-11-21,2024_12_PIT_CLE,CLE,0.23988213,0.5701421071212738,32.858295,2.4800894
2024,13,2024-12-02,2024_13_CLE_DEN,CLE,0.119728975,0.5660790405582072,32.90459,2.359719
2024,14,2024-12-08,2024_14_CLE_PIT,CLE,0.2317933,0.5543997889235984,31.190306,2.2882903
2024,15,2024-12-15,2024_15_KC_CLE,CLE,0.33240095,0.5491435482506911,31.737312,2.3940597
2024,16,2024-12-22,2024_16_CLE_CIN,CLE,0.21308511,0.5656440451083308,29.599867,2.2804234
2024,17,2024-12-29,2024_17_MIA_CLE,CLE,0.34188804,0.5291250856727048,31.397089,2.3054233
2024,18,2025-01-04,2024_18_CLE_BAL,CLE,-0.0011313172,0.5583481773957965,27.383202,1.9998678
2016,1,2016-09-11,2016_01_NYG_DAL,DAL,,,,
2016,2,2016-09-18,2016_02_DAL_WAS,DAL,,,,
2016,3,2016-09-25,2016_03_CHI_DAL,DAL,,,,
2016,4,2016-10-02,2016_04_DAL_SF,DAL,,,,
2016,5,2016-10-09,2016_05_CIN_DAL,DAL,,,,
2016,6,2016-10-16,2016_06_DAL_GB,DAL,,,,
2016,8,2016-10-30,2016_08_PHI_DAL,DAL,-0.069480926,0.6114603040991929,36.16713,1.9842592
2016,9,2016-11-06,2016_09_DAL_CLE,DAL,-0.1251374,0.6070596507402063,34.356945,1.9333334
2016,10,2016-11-13,2016_10_DAL_PIT,DAL,-0.37379566,0.6234380254519144,31.981943,1.7157407
2016,11,2016-11-20,2016_11_BAL_DAL,DAL,-0.16742711,0.5985123618898872,32.473526,1.8554713
2016,12,2016-11-24,2016_12_WAS_DAL,DAL,-0.039773047,0.5853375415970112,33.53371,1.8948232
2016,13,2016-12-01,2016_13_DAL_MIN,DAL,0.2651495,0.5924375596345294,36.867046,2.1448233
2016,14,2016-12-11,2016_14_DAL_NYG,DAL,0.23186271,0.5795833515530485,36.501896,2.1054294
2016,15,2016-12-18,2016_15_TB_DAL,DAL,0.00041808686,0.5899923594322946,35.579273,1.9050325
2016,16,2016-12-26,2016_16_DET_DAL,DAL,0.03961897,0.589689652879588,34.78761,1.9744769
2016,17,2017-01-01,2016_17_DAL_PHI,DAL,-0.090869226,0.6009302515065502,33.88306,1.8699313
2017,1,2017-09-10,2017_01_NYG_DAL,DAL,,,,
2017,2,2017-09-17,2017_02_DAL_DEN,DAL,,,,
2017,3,2017-09-25,2017_03_DAL_ARI,DAL,,,,
2017,4,2017-10-01,2017_04_LA_DAL,DAL,,,,
2017,5,2017-10-08,2017_05_GB_DAL,DAL,,,,
2017,7,2017-10-22,2017_07_DAL_SF,DAL,,,,
2017,8,2017-10-29,2017_08_DAL_WAS,DAL,0.287321,0.568762236315595,32.16288,2.1212122
2017,9,2017-11-05,2017_09_KC_DAL,DAL,0.2050749,0.5728461426053836,32.810604,2.346591
2017,10,2017-11-12,2017_10_DAL_ATL,DAL,0.20027208,0.5805743690191106,32.64857,2.1614058
2017,11,2017-11-19,2017_11_PHI_DAL,DAL,0.4050177,0.5778159676198892,33.84049,2.4038298
2017,12,2017-11-23,2017_12_LAC_DAL,DAL,0.21369684,0.6070015968055184,33.027355,2.2763047
2017,13,2017-11-30,2017_13_WAS_DAL,DAL,0.22177534,0.6166005626544843,37.16426,2.1959476
2017,14,2017-12-10,2017_14_DAL_NYG,DAL,0.15012263,0.6315272100811317,36.797596,2.2626143
2017,15,2017-12-17,2017_15_DAL_OAK,DAL,0.28356463,0.6134053798455973,37.1082,2.1136243
2017,16,2017-12-24,2017_16_SEA_DAL,DAL,0.20677705,0.6230352561421402,37.4045,2.1136243
2017,17,2017-12-31,2017_17_DAL_PHI,DAL,0.011686362,0.6080975164127338,33.51561,1.8636242
2018,1,2018-09-09,2018_01_DAL_CAR,DAL,,,,
2018,2,2018-09-16,2018_02_NYG_DAL,DAL,,,,
2018,3,2018-09-23,2018_03_DAL_SEA,DAL,,,,
2018,4,2018-09-30,2018_04_DET_DAL,DAL,,,,
2018,5,2018-10-07,2018_05_DAL_HOU,DAL,,,,
2018,6,2018-10-14,2018_06_JAX_DAL,DAL,,,,
2018,7,2018-10-21,2018_07_DAL_WAS,DAL,-0.44197825,0.6504407783574451,30.952776,1.6972222
2018,9,2018-11-05,2018_09_TEN_DAL,DAL,-0.48597994,0.6557935190510948,30.590658,1.6426768
2018,10,2018-11-11,2018_10_DAL_PHI,DAL,-0.23230205,0.6404064871015629,33.444824,2.0093434
2018,11,2018-11-18,2018_11_DAL_ATL,DAL,-0.26008543,0.6078634000445869,35.704082,2.0463805
2018,12,2018-11-22,2018_12_WAS_DAL,DAL,-0.49417034,0.589445591001778,35.120747,1.9422139
2018,13,2018-11-29,2018_13_NO_DAL,DAL,-0.42529157,0.5746286563931767,33.315193,1.9977694
2018,14,2018-12-09,2018_14_PHI_DAL,DAL,-0.2198651,0.5550771893417096,33.748528,2.089436
2018,15,2018-12-16,2018_15_DAL_IND,DAL,-0.16529763,0.5425066790439266,33.006104,2.2257998
2018,16,2018-12-23,2018_16_TB_DAL,DAL,-0.065120816,0.5420928650140411,34.16384,2.1900854
2018,17,2018-12-30,2018_17_DAL_NYG,DAL,-0.24905474,0.5545462346896329,34.176804,2.1530483
2019,1,2019-09-08,2019_01_NYG_DAL,DAL,,,,
2019,2,2019-09-15,2019_02_DAL_WAS,DAL,,,,
2019,3,2019-09-22,2019_03_MIA_DAL,DAL,,,,
2019,4,2019-09-29,2019_04_DAL_NO,DAL,,,,
2019,5,2019-10-06,2019_05_GB_DAL,DAL,,,,
2019,6,2019-10-13,2019_06_DAL_NYJ,DAL,,,,
2019,7,2019-10-20,2019_07_PHI_DAL,DAL,-0.01153627,0.5803846735475523,34.236954,1.9506313
2019,9,2019-11-04,2019_09_DAL_NYG,DAL,-0.3967569,0.6135682954811742,30.503618,1.8339647
2019,10,2019-11-10,2019_10_MIN_DAL,DAL,-0.76898164,0.6262209206337994,29.276346,1.669192
2019,11,2019-11-17,2019_11_DAL_DET,DAL,-0.18478602,0.6074170813754147,31.766245,2.0782828
2019,12,2019-11-24,2019_12_DAL_NE,DAL,0.06471053,0.599234018976666,32.056988,2.3060606
2019,13,2019-11-28,2019_13_BUF_DAL,DAL,-0.30572703,0.6163632246475382,31.26532,2.014394
2019,14,2019-12-05,2019_14_DAL_CHI,DAL,-0.28705963,0.620526551033087,30.543098,2.051431
2019,15,2019-12-15,2019_15_LA_DAL,DAL,0.1775101,0.5829432601409724,32.246128,2.3544614
2019,16,2019-12-22,2019_16_DAL_PHI,DAL,0.43020132,0.5777953633754286,33.006733,2.4150674
2019,17,2019-12-29,2019_17_WAS_DAL,DAL,0.085511915,0.5731631899932553,32.478954,2.1984007
2020,1,2020-09-13,2020_01_DAL_LA,DAL,,,,
2020,2,2020-09-20,2020_02_ATL_DAL,DAL,,,,
2020,3,2020-09-27,2020_03_DAL_SEA,DAL,,,,
2020,4,2020-10-04,2020_04_CLE_DAL,DAL,,,,
2020,5,2020-10-11,2020_05_NYG_DAL,DAL,,,,
2020,6,2020-10-19,2020_06_ARI_DAL,DAL,,,,
2020,7,2020-10-25,2020_07_DAL_WAS,DAL,0.9883513,0.5416676225009559,37.11453,3.0690882
2020,8,2020-11-01,2020_08_DAL_PHI,DAL,1.1961318,0.536431808931809,37.565918,3.1778848
2020,9,2020-11-08,2020_09_PIT_DAL,DAL,0.8881612,0.5575724107542289,36.103214,2.8900058
2020,11,2020-11-22,2020_11_DAL_MIN,DAL,0.7567618,0.5674269501542228,36.16149,2.8049242
2020,12,2020-11-26,2020_12_WAS_DAL,DAL,0.3882974,0.6032604916127643,36.383713,2.6049242
2020,13,2020-12-08,2020_13_DAL_BAL,DAL,0.42411268,0.5811162415273378,36.80038,2.7382576
2020,14,2020-12-13,2020_14_DAL_CIN,DAL,0.3685604,0.5678170715615012,36.909637,2.734554
2020,15,2020-12-20,2020_15_SF_DAL,DAL,-0.22684775,0.5725192270449067,35.097137,2.4012206
2020,16,2020-12-27,2020_16_PHI_DAL,DAL,0.055394243,0.5615831109077416,37.50856,2.6121762
2020,17,2021-01-03,2020_17_DAL_NYG,DAL,-0.039389133,0.5560994321286082,38.240883,2.4846509
2021,1,2021-09-09,2021_01_DAL_TB,DAL,,,,
2021,2,2021-09-19,2021_02_DAL_LAC,DAL,,,,
2021,3,2021-09-27,2021_03_PHI_DAL,DAL,,,,
2021,4,2021-10-03,2021_04_CAR_DAL,DAL,,,,
2021,5,2021-10-10,2021_05_NYG_DAL,DAL,,,,
2021,6,2021-10-17,2021_06_DAL_NE,DAL,,,,
2021,8,2021-10-31,2021_08_DAL_MIN,DAL,-0.29823598,0.5974993787037258,37.25328,2.1949384
2021,9,2021-11-07,2021_09_DEN_DAL,DAL,-0.507093,0.6218564480782777,35.667034,2.0399268
2021,10,2021-11-14,2021_10_ATL_DAL,DAL,-0.36532453,0.6395180640067004,32.33846,2.1423078
2021,11,2021-11-21,2021_11_DAL_KC,DAL,-0.62131566,0.6464754584640948,30.936363,1.9954547
2021,12,2021-11-25,2021_12_LV_DAL,DAL,-0.7474859,0.6428683353683354,30.239393,1.8166667
2021,13,2021-12-02,2021_13_DAL_NO,DAL,-0.40016636,0.6264379850918312,30.71888,1.9448719
2021,14,2021-12-12,2021_14_DAL_WAS,DAL,-0.6028031,0.6495195662091267,30.479704,1.7230104
2021,15,2021-12-19,2021_15_DAL_NYG,DAL,-0.7957211,0.6555626903529,29.242691,1.635348
2021,16,2021-12-26,2021_16_WAS_DAL,DAL,-1.2950286,0.6627650713052811,27.84269,1.2520146
2021,17,2022-01-02,2021_17_ARI_DAL,DAL,-1.0920944,0.6628181046916478,28.122993,1.4010047
2021,18,2022-01-08,2021_18_DAL_PHI,DAL,-0.8488713,0.667983697609766,28.912558,1.5760888
2022,1,2022-09-11,2022_01_TB_DAL,DAL,,,,
2022,2,2022-09-18,2022_02_CIN_DAL,DAL,,,,
2022,3,2022-09-26,2022_03_DAL_NYG,DAL,,,,
2022,4,2022-10-02,2022_04_WAS_DAL,DAL,,,,
2022,5,2022-10-09,2022_05_DAL_LA,DAL,,,,
2022,6,2022-10-16,2022_06_DAL_PHI,DAL,,,,
2022,7,2022-10-23,2022_07_DET_DAL,DAL,-0.5877661,0.6327659300575967,29.293518,1.6388888
2022,8,2022-10-30,2022_08_CHI_DAL,DAL,-0.8952498,0.648004025295692,28.310186,1.4222221
2022,10,2022-11-13,2022_10_DAL_GB,DAL,-0.92085844,0.6453808496333006,29.172136,1.5653199
2022,11,2022-11-20,2022_11_DAL_MIN,DAL,-0.7521667,0.6331990709742492,29.860016,1.7683501
2022,12,2022-11-24,2022_12_NYG_DAL,DAL,-0.92466074,0.6490922955480293,28.860016,1.6850168
2022,13,2022-12-04,2022_13_IND_DAL,DAL,-0.55478764,0.6485135533026204,29.373907,1.8794613
2022,14,2022-12-11,2022_14_HOU_DAL,DAL,-0.98022294,0.6665490082253304,28.586868,1.6618687
2022,15,2022-12-18,2022_15_DAL_JAX,DAL,-0.66429096,0.6669089260852482,27.96251,1.8567405
2022,16,2022-12-24,2022_16_PHI_DAL,DAL,-0.57499486,0.6448555437377482,28.328476,1.853244
2022,17,2022-12-29,2022_17_DAL_TEN,DAL,-0.6572203,0.6445444491084718,28.73757,1.8077894
2022,18,2023-01-08,2022_18_DAL_WAS,DAL,-0.3654776,0.6191700035951374,30.368881,1.9492035
2023,1,2023-09-10,2023_01_DAL_NYG,DAL,,,,
2023,2,2023-09-17,2023_02_NYJ_DAL,DAL,,,,
2023,3,2023-09-24,2023_03_DAL_ARI,DAL,,,,
2023,4,2023-10-01,2023_04_NE_DAL,DAL,,,,
2023,5,2023-10-08,2023_05_DAL_SF,DAL,,,,
2023,6,2023-10-16,2023_06_DAL_LAC,DAL,,,,
2023,8,2023-10-29,2023_08_LA_DAL,DAL,-1.0370337,0.6280486350523115,28.081186,1.6469697
2023,9,2023-11-05,2023_09_DAL_PHI,DAL,-0.5074535,0.6235223562212199,29.48725,1.9348484
2023,10,2023-11-12,2023_10_NYG_DAL,DAL,0.11231938,0.6124769111071473,31.63708,2.301852
2023,11,2023-11-19,2023_11_DAL_CAR,DAL,-0.4228495,0.6482717614546937,26.31069,1.9546295
2023,12,2023-11-23,2023_12_WAS_DAL,DAL,-0.16970818,0.6290457713953703,25.95884,2.0943604
2023,13,2023-11-30,2023_13_SEA_DAL,DAL,-0.65532136,0.661795911294203,26.116247,1.6962122
2023,14,2023-12-10,2023_14_PHI_DAL,DAL,-0.36852607,0.6530923694656613,28.349579,1.9962121
2023,15,2023-12-17,2023_15_DAL_BUF,DAL,-0.42305747,0.6168382195751477,30.368517,1.8541666
2023,16,2023-12-24,2023_16_DAL_MIA,DAL,-0.2742205,0.6048643559556258,33.08016,2.0737433
2023,17,2023-12-30,2023_17_DET_DAL,DAL,0.09173737,0.5673413533590937,37.621826,2.2450397
2023,18,2024-01-07,2023_18_DAL_WAS,DAL,0.30027613,0.5569026057991341,40.50398,2.3477333
2024,1,2024-09-08,2024_01_DAL_CLE,DAL,,,,
2024,2,2024-09-15,2024_02_NO_DAL,DAL,,,,
2024,3,2024-09-22,2024_03_BAL_DAL,DAL,,,,
2024,4,2024-09-26,2024_04_DAL_NYG,DAL,,,,
2024,5,2024-10-06,2024_05_DAL_PIT,DAL,,,,
2024,6,2024-10-13,2024_06_DET_DAL,DAL,,,,
2024,8,2024-10-27,2024_08_DAL_SF,DAL,0.8820707,0.5405300960011726,35.61958,2.8630292
2024,9,2024-11-03,2024_09_DAL_ATL,DAL,1.3397549,0.49805088209338727,39.66936,3.1151936
2024,10,2024-11-10,2024_10_PHI_DAL,DAL,0.9275512,0.5306116428649323,37.371212,2.7503788
2024,11,2024-11-18,2024_11_HOU_DAL,DAL,0.7231684,0.5341334682617578,34.582325,2.7559345
2024,12,2024-11-24,2024_12_DAL_WAS,DAL,0.82635397,0.5202114278818825,34.173233,2.8676767
2024,13,2024-11-28,2024_13_NYG_DAL,DAL,0.7215331,0.5229866156570702,35.156567,2.8621213
2024,14,2024-12-09,2024_14_CIN_DAL,DAL,0.086921,0.5602565426997245,30.63687,2.381818
2024,15,2024-12-15,2024_15_DAL_CAR,DAL,0.11283952,0.5516314259863725,31.09899,2.3772728
2024,16,2024-12-22,2024_16_TB_DAL,DAL,-0.041924223,0.5448766919290069,29.665657,2.1606061
2024,17,2024-12-29,2024_17_DAL_PHI,DAL,0.008847219,0.5349395226168375,31.433334,2.0520203
2024,18,2025-01-05,2024_18_WAS_DAL,DAL,0.1759987,0.5212205143523747,31.809092,2.211111
2016,1,2016-09-08,2016_01_CAR_DEN,DEN,,,,
2016,2,2016-09-18,2016_02_IND_DEN,DEN,,,,
2016,3,2016-09-25,2016_03_DEN_CIN,DEN,,,,
2016,4,2016-10-02,2016_04_DEN_TB,DEN,,,,
2016,5,2016-10-09,2016_05_ATL_DEN,DEN,,,,
2016,6,2016-10-13,2016_06_DEN_SD,DEN,,,,
2016,7,2016-10-24,2016_07_HOU_DEN,DEN,-0.44977045,0.6556153889754895,27.730555,1.6944445
2016,8,2016-10-30,2016_08_SD_DEN,DEN,-0.74609774,0.6644557769825443,25.944445,1.4861112
2016,9,2016-11-06,2016_09_DEN_OAK,DEN,-0.89346415,0.6752505753337337,26.63968,1.3075397
2016,10,2016-11-13,2016_10_DEN_NO,DEN,-0.7152646,0.6516655485067282,27.15029,1.4787518
2016,12,2016-11-27,2016_12_KC_DEN,DEN,-0.5869423,0.635445560932574,29.330843,1.700974
2016,13,2016-12-04,2016_13_DEN_JAX,DEN,-0.57911086,0.6379974402701675,26.399893,1.6390692
2016,14,2016-12-11,2016_14_DEN_TEN,DEN,-0.78848004,0.637265758708654,26.481241,1.494228
2016,15,2016-12-18,2016_15_NE_DEN,DEN,-0.64475954,0.6439436487198774,26.984018,1.5858946
2016,16,2016-12-25,2016_16_DEN_KC,DEN,-0.34354913,0.6180686308805738,26.916557,1.653355
2016,17,2017-01-01,2016_17_OAK_DEN,DEN,-0.37346438,0.6280727261119418,27.550398,1.6571428
2017,1,2017-09-11,2017_01_LAC_DEN,DEN,,,,
2017,2,2017-09-17,2017_02_DAL_DEN,DEN,,,,
2017,3,2017-09-24,2017_03_DEN_BUF,DEN,,,,
2017,4,2017-10-01,2017_04_OAK_DEN,DEN,,,,
2017,6,2017-10-15,2017_06_NYG_DEN,DEN,,,,
2017,7,2017-10-22,2017_07_DEN_LAC,DEN,,,,
2017,8,2017-10-30,2017_08_DEN_KC,DEN,-0.6724587,0.6448363470143773,22.037878,1.5315657
2017,9,2017-11-05,2017_09_DEN_PHI,DEN,-0.6673894,0.6390876314442332,21.562769,1.4871932
2017,10,2017-11-12,2017_10_NE_DEN,DEN,-0.17790441,0.6262794519693871,23.336275,1.9049283
2017,11,2017-11-19,2017_11_CIN_DEN,DEN,0.291538,0.5848132075285436,25.754456,2.1943223
2017,12,2017-11-26,2017_12_DEN_OAK,DEN,0.37609673,0.5878209636612999,25.13577,2.3584638
2017,13,2017-12-03,2017_13_DEN_MIA,DEN,0.40189728,0.5780720635714907,25.911024,2.4405344
2017,14,2017-12-10,2017_14_NYJ_DEN,DEN,0.33826885,0.5565202765785272,26.259062,2.496907
2017,15,2017-12-14,2017_15_DEN_IND,DEN,-0.04545598,0.596376593301727,24.491745,2.2230976
2017,16,2017-12-24,2017_16_DEN_WAS,DEN,-0.3258882,0.6226591648967986,23.877962,1.8400847
2017,17,2017-12-31,2017_17_KC_DEN,DEN,-0.8118847,0.661057209299745,22.666853,1.5317513
2018,1,2018-09-09,2018_01_SEA_DEN,DEN,,,,
2018,2,2018-09-16,2018_02_OAK_DEN,DEN,,,,
2018,3,2018-09-23,2018_03_DEN_BAL,DEN,,,,
2018,4,2018-10-01,2018_04_KC_DEN,DEN,,,,
2018,5,2018-10-07,2018_05_DEN_NYJ,DEN,,,,
2018,6,2018-10-14,2018_06_LA_DEN,DEN,,,,
2018,7,2018-10-18,2018_07_DEN_ARI,DEN,0.5752196,0.5671953575525004,38.148884,2.4022126
2018,8,2018-10-28,2018_08_DEN_KC,DEN,0.058197428,0.5950912381269524,37.160786,2.2355459
2018,9,2018-11-04,2018_09_HOU_DEN,DEN,0.062285155,0.6077741570598714,35.645634,2.3382394
2018,11,2018-11-18,2018_11_DEN_LAC,DEN,0.026220566,0.6068331998689142,35.02442,2.2170274
2018,12,2018-11-25,2018_12_PIT_DEN,DEN,-0.12463688,0.6091984786230819,35.32072,2.1244347
2018,13,2018-12-02,2018_13_DEN_CIN,DEN,-0.27618194,0.5911922214122791,36.18057,1.9097883
2018,14,2018-12-09,2018_14_DEN_SF,DEN,-0.5910925,0.6143528612774645,33.338142,1.6779703
2018,15,2018-12-15,2018_15_CLE_DEN,DEN,-0.024383297,0.5918334074268418,36.589226,1.8619529
2018,16,2018-12-24,2018_16_DEN_OAK,DEN,-0.13260369,0.5833032338966683,36.604378,1.6907407
2018,17,2018-12-30,2018_17_LAC_DEN,DEN,-0.07050622,0.588067543660978,36.59377,1.852862
2019,1,2019-09-09,2019_01_DEN_OAK,DEN,,,,
2019,2,2019-09-15,2019_02_CHI_DEN,DEN,,,,
2019,3,2019-09-22,2019_03_DEN_GB,DEN,,,,
2019,4,2019-09-29,2019_04_JAX_DEN,DEN,,,,
2019,5,2019-10-06,2019_05_DEN_LAC,DEN,,,,
2019,6,2019-10-13,2019_06_TEN_DEN,DEN,,,,
2019,7,2019-10-17,2019_07_KC_DEN,DEN,0.05123936,0.6093135290678474,30.131777,1.7760582
2019,8,2019-10-27,2019_08_DEN_IND,DEN,-0.3145718,0.611375967291,25.980982,1.5379629
2019,9,2019-11-03,2019_09_CLE_DEN,DEN,-0.5451748,0.5950606981979532,26.076942,1.4689394
2019,11,2019-11-17,2019_11_DEN_MIN,DEN,-0.6206259,0.6041990135862685,26.810274,1.3356061
2019,12,2019-11-24,2019_12_DEN_BUF,DEN,-0.77447724,0.598382912599713,25.354467,1.3835859
2019,13,2019-12-01,2019_13_LAC_DEN,DEN,-0.43309498,0.5990065083213479,28.4378,1.656734
2019,14,2019-12-08,2019_14_DEN_HOU,DEN,-0.11567035,0.5837637935198096,31.792929,1.9900674
2019,15,2019-12-15,2019_15_DEN_KC,DEN,-0.18309413,0.5973532827342988,34.548485,2.056734
2019,16,2019-12-22,2019_16_DET_DEN,DEN,0.13435486,0.6055310424745585,38.001137,2.2877946
2019,17,2019-12-29,2019_17_OAK_DEN,DEN,0.05621394,0.5977959740450456,35.74373,2.1748316
2020,1,2020-09-14,2020_01_TEN_DEN,DEN,,,,
2020,2,2020-09-20,2020_02_DEN_PIT,DEN,,,,
2020,3,2020-09-27,2020_03_TB_DEN,DEN,,,,
2020,4,2020-10-01,2020_04_DEN_NYJ,DEN,,,,
2020,6,2020-10-18,2020_06_DEN_NE,DEN,,,,
2020,7,2020-10-25,2020_07_KC_DEN,DEN,,,,
2020,8,2020-11-01,2020_08_LAC_DEN,DEN,-0.183297,0.587073828948829,29.783333,2.0527778
2020,9,2020-11-08,2020_09_DEN_ATL,DEN,-0.12049737,0.594387965429632,30.236113,2.2027776
2020,10,2020-11-15,2020_10_DEN_LV,DEN,0.13957101,0.5982438317854984,30.527779,2.3416667
2020,11,2020-11-22,2020_11_MIA_DEN,DEN,0.16592775,0.5963901761818429,30.533838,2.4689393
2020,12,2020-11-29,2020_12_NO_DEN,DEN,0.18555005,0.6025254991921659,29.792173,2.3800504
2020,13,2020-12-06,2020_13_DEN_KC,DEN,0.47674417,0.6019581151872818,29.031061,2.610606
2020,14,2020-12-13,2020_14_DEN_CAR,DEN,0.51701725,0.6013217916342917,33.31347,2.5041244
2020,15,2020-12-19,2020_15_BUF_DEN,DEN,0.43185854,0.5985242959201292,32.427357,2.5374577
2020,16,2020-12-27,2020_16_DEN_LAC,DEN,0.84996,0.5642747029205363,36.25791,2.7652357
2020,17,2021-01-03,2020_17_LV_DEN,DEN,0.7044801,0.5758968770427104,36.448147,2.5564814
2021,1,2021-09-12,2021_01_DEN_NYG,DEN,,,,
2021,2,2021-09-19,2021_02_DEN_JAX,DEN,,,,
2021,3,2021-09-26,2021_03_NYJ_DEN,DEN,,,,
2021,4,2021-10-03,2021_04_BAL_DEN,DEN,,,,
2021,5,2021-10-10,2021_05_DEN_PIT,DEN,,,,
2021,6,2021-10-17,2021_06_LV_DEN,DEN,,,,
2021,7,2021-10-21,2021_07_DEN_CLE,DEN,-0.045585345,0.6025946925487367,31.333334,1.8416667
2021,8,2021-10-31,2021_08_WAS_DEN,DEN,0.09875231,0.5929453182788266,32.151783,1.9755951
2021,9,2021-11-07,2021_09_DEN_DAL,DEN,0.07513809,0.6008429453431203,35.335117,1.9441137
2021,10,2021-11-14,2021_10_PHI_DEN,DEN,0.36884785,0.5920334215335966,37.88512,2.177447
2021,12,2021-11-28,2021_12_LAC_DEN,DEN,0.4777495,0.5796954585706336,38.415676,2.2580025
2021,13,2021-12-05,2021_13_DEN_KC,DEN,-0.007938981,0.5859049228989704,37.25595,1.9362434
2021,14,2021-12-12,2021_14_DET_DEN,DEN,-0.0836278,0.5996582297772773,35.80873,1.7306877
2021,15,2021-12-19,2021_15_CIN_DEN,DEN,-0.43688926,0.6198561700645034,34.073612,1.5342593
2021,16,2021-12-26,2021_16_DEN_LV,DEN,-0.29039916,0.6068758983721105,31.528158,1.5763469
2021,17,2022-01-02,2021_17_DEN_LAC,DEN,-0.2107984,0.5869648127257306,32.732323,1.6971802
2021,18,2022-01-08,2021_18_KC_DEN,DEN,-0.031064378,0.5804701037310217,32.28047,1.9268098
2022,1,2022-09-12,2022_01_DEN_SEA,DEN,,,,
2022,2,2022-09-18,2022_02_HOU_DEN,DEN,,,,
2022,3,2022-09-25,2022_03_SF_DEN,DEN,,,,
2022,4,2022-10-02,2022_04_DEN_LV,DEN,,,,
2022,5,2022-10-06,2022_05_IND_DEN,DEN,,,,
2022,6,2022-10-17,2022_06_DEN_LAC,DEN,,,,
2022,7,2022-10-23,2022_07_NYJ_DEN,DEN,-0.46770486,0.6297409567886395,27.131079,1.4946414
2022,8,2022-10-30,2022_08_DEN_JAX,DEN,-0.68511504,0.6519376258603086,24.660841,1.3121017
2022,10,2022-11-13,2022_10_DEN_TEN,DEN,-0.58411616,0.6388397255431569,25.365385,1.4196776
2022,11,2022-11-20,2022_11_LV_DEN,DEN,-0.41216013,0.6338030955065269,26.25641,1.5275835
2022,12,2022-11-27,2022_12_DEN_CAR,DEN,-0.3231372,0.6222114340485553,27.327621,1.5003108
2022,13,2022-12-04,2022_13_DEN_BAL,DEN,-0.0532234,0.6187484408128348,28.35909,1.6949495
2022,14,2022-12-11,2022_14_KC_DEN,DEN,-0.13298815,0.6216690956271944,28.400757,1.5977273
2022,15,2022-12-18,2022_15_ARI_DEN,DEN,0.04757306,0.6037752996083985,30.164648,1.7643939
2022,16,2022-12-25,2022_16_DEN_LA,DEN,-0.11116013,0.6334671615195117,28.620356,1.6991259
2022,17,2023-01-01,2022_17_DEN_KC,DEN,0.4133041,0.588187749573433,31.59258,2.296348
2022,18,2023-01-08,2022_18_LAC_DEN,DEN,0.39509305,0.58307830910303,30.324396,2.3387723
2023,1,2023-09-10,2023_01_LV_DEN,DEN,,,,
2023,2,2023-09-17,2023_02_WAS_DEN,DEN,,,,
2023,3,2023-09-24,2023_03_DEN_MIA,DEN,,,,
2023,4,2023-10-01,2023_04_DEN_CHI,DEN,,,,
2023,5,2023-10-08,2023_05_NYJ_DEN,DEN,,,,
2023,6,2023-10-12,2023_06_DEN_KC,DEN,,,,
2023,7,2023-10-22,2023_07_GB_DEN,DEN,1.3241853,0.5118559260604715,42.524708,3.1110723
2023,8,2023-10-29,2023_08_KC_DEN,DEN,1.1077386,0.512683917513463,41.262207,2.8985722
2023,10,2023-11-13,2023_10_DEN_BUF,DEN,0.6495139,0.5113318857068857,39.769783,2.5334208
2023,11,2023-11-19,2023_11_MIN_DEN,DEN,-0.035223756,0.5535133153883154,36.16023,1.9541665
2023,12,2023-11-26,2023_12_CLE_DEN,DEN,-0.20665962,0.5643921818921819,34.726894,1.8208333
2023,13,2023-12-03,2023_13_DEN_HOU,DEN,-0.57145053,0.600101800556346,33.666286,1.6541667
2023,14,2023-12-10,2023_14_DEN_LAC,DEN,-0.686554,0.6331904248949703,32.066288,1.6430556
2023,15,2023-12-16,2023_15_DEN_DET,DEN,-1.2448931,0.6476236768282222,29.392677,1.3861111
2023,16,2023-12-24,2023_16_NE_DEN,DEN,-0.63779044,0.644039529494075,32.442677,1.9361111
2023,17,2023-12-31,2023_17_LAC_DEN,DEN,-0.6595356,0.6494945903062787,30.26194,1.8560246
2023,18,2024-01-07,2023_18_DEN_LV,DEN,-0.7500712,0.6534702211569096,28.86194,1.6726912
2024,1,2024-09-08,2024_01_DEN_SEA,DEN,,,,
2024,2,2024-09-15,2024_02_PIT_DEN,DEN,,,,
2024,3,2024-09-22,2024_03_DEN_TB,DEN,,,,
2024,4,2024-09-29,2024_04_DEN_NYJ,DEN,,,,
2024,5,2024-10-06,2024_05_LV_DEN,DEN,,,,
2024,6,2024-10-13,2024_06_LAC_DEN,DEN,,,,
2024,7,2024-10-17,2024_07_DEN_NO,DEN,-0.6982928,0.6157326291941677,26.032373,1.4373542
2024,8,2024-10-27,2024_08_CAR_DEN,DEN,-1.0411185,0.6183536193151578,26.216524,1.2555362
2024,9,2024-11-03,2024_09_DEN_BAL,DEN,-1.1743027,0.6103711976963725,26.716524,1.2706877
2024,10,2024-11-10,2024_10_DEN_KC,DEN,-0.39243665,0.5907560905812654,29.957266,1.9003172
2024,11,2024-11-17,2024_11_ATL_DEN,DEN,-0.09179553,0.5843488871187735,33.02778,2.1182659
2024,12,2024-11-24,2024_12_DEN_LV,DEN,-0.110839546,0.5714148593409957,32.020832,2.0071547
2024,13,2024-12-02,2024_13_CLE_DEN,DEN,-0.38774347,0.5788128625723322,30.226221,1.8691077
2024,15,2024-12-15,2024_15_IND_DEN,DEN,-0.02843993,0.5631251552179583,32.351475,2.062037
2024,16,2024-12-19,2024_16_DEN_LAC,DEN,-0.2739909,0.5783370140661808,31.492887,1.9943603
2024,17,2024-12-28,2024_17_DEN_CIN,DEN,-0.4648051,0.5849272111866809,29.984468,1.7351011
2024,18,2025-01-05,2024_18_KC_DEN,DEN,-0.28769803,0.5448591947124144,32.067802,1.9017677
2016,1,2016-09-11,2016_01_DET_IND,DET,,,,
2016,2,2016-09-18,2016_02_TEN_DET,DET,,,,
2016,3,2016-09-25,2016_03_DET_GB,DET,,,,
2016,4,2016-10-02,2016_04_DET_CHI,DET,,,,
2016,5,2016-10-09,2016_05_PHI_DET,DET,,,,
2016,6,2016-10-16,2016_06_LA_DET,DET,,,,
2016,7,2016-10-23,2016_07_WAS_DET,DET,1.0984484,0.579263596994212,41.512836,2.8438551
2016,8,2016-10-30,2016_08_DET_HOU,DET,0.8492742,0.5571640845537905,43.226852,2.6828701
2016,9,2016-11-06,2016_09_DET_MIN,DET,0.7935372,0.5499265266626377,41.060184,2.7569444
2016,11,2016-11-20,2016_11_JAX_DET,DET,0.2834979,0.5718770298631409,41.050926,2.3449075
2016,12,2016-11-24,2016_12_MIN_DET,DET,0.19920123,0.5995480214230214,37.526707,2.2736824
2016,13,2016-12-04,2016_13_DET_NO,DET,0.051991653,0.6024188388771722,36.78597,2.0884972
2016,14,2016-12-11,2016_14_CHI_DET,DET,-0.5093588,0.6107687066020399,34.87347,1.7218305
2016,15,2016-12-18,2016_15_DET_NYG,DET,-0.50327057,0.6145686104019438,32.331802,1.5968305
2016,16,2016-12-26,2016_16_DET_DAL,DET,-0.51240015,0.6223341781675115,32.20773,1.5097934
2016,17,2017-01-01,2016_17_GB_DET,DET,-0.033062834,0.600525662608996,32.20032,1.9134971
2017,1,2017-09-10,2017_01_ARI_DET,DET,,,,
2017,2,2017-09-18,2017_02_DET_NYG,DET,,,,
2017,3,2017-09-24,2017_03_ATL_DET,DET,,,,
2017,4,2017-10-01,2017_04_DET_MIN,DET,,,,
2017,5,2017-10-08,2017_05_CAR_DET,DET,,,,
2017,6,2017-10-15,2017_06_DET_NO,DET,,,,
2017,8,2017-10-29,2017_08_PIT_DET,DET,-1.1894811,0.6803676201277211,27.80478,1.6691271
2017,9,2017-11-06,2017_09_DET_GB,DET,-0.8240288,0.6824653834754845,30.139395,1.7845117
2017,10,2017-11-12,2017_10_CLE_DET,DET,-0.5504883,0.6442103668871346,31.648653,1.93266
2017,11,2017-11-19,2017_11_DET_CHI,DET,-0.67808133,0.6522671249438927,30.588049,1.8417507
2017,12,2017-11-23,2017_12_MIN_DET,DET,-0.32433504,0.6273243825011502,32.83502,2.1356902
2017,13,2017-12-03,2017_13_DET_BAL,DET,-0.15836969,0.6032370535842758,34.248653,2.2265995
2017,14,2017-12-10,2017_14_DET_TB,DET,0.18009967,0.5628055200971868,35.505062,2.398964
2017,15,2017-12-16,2017_15_CHI_DET,DET,0.08783835,0.5397740608157275,35.31264,2.3838124
2017,16,2017-12-24,2017_16_DET_CIN,DET,-0.012486246,0.555853428978429,35.370045,2.2356644
2017,17,2017-12-31,2017_17_GB_DET,DET,0.16390483,0.5511095617345617,35.47611,2.2659674
2018,1,2018-09-10,2018_01_NYJ_DET,DET,,,,
2018,2,2018-09-16,2018_02_DET_SF,DET,,,,
2018,3,2018-09-23,2018_03_NE_DET,DET,,,,
2018,4,2018-09-30,2018_04_DET_DAL,DET,,,,
2018,5,2018-10-07,2018_05_GB_DET,DET,,,,
2018,7,2018-10-21,2018_07_DET_MIA,DET,,,,
2018,8,2018-10-28,2018_08_SEA_DET,DET,0.37449434,0.534013244007621,36.739662,2.4471025
2018,9,2018-11-04,2018_09_DET_MIN,DET,0.6431283,0.5499788153150726,39.80804,2.5040824
2018,10,2018-11-11,2018_10_DET_CHI,DET,0.37425396,0.5514371328260217,39.26713,2.3495371
2018,11,2018-11-18,2018_11_CAR_DET,DET,0.68325776,0.5546428309812148,42.480934,2.6643517
2018,12,2018-11-22,2018_12_CHI_DET,DET,0.4193171,0.5849786294420133,40.2851,2.4393518
2018,13,2018-12-02,2018_13_LA_DET,DET,0.3386635,0.5860257998641837,35.7851,2.3560185
2018,14,2018-12-09,2018_14_DET_ARI,DET,0.26516375,0.565150610238994,34.31919,2.373064
2018,15,2018-12-16,2018_15_DET_BUF,DET,-0.39813614,0.5850416502689231,30.546968,1.9045454
2018,16,2018-12-23,2018_16_MIN_DET,DET,-0.3472818,0.600818866879473,30.73771,1.8638047
2018,17,2018-12-30,2018_17_DET_GB,DET,-0.4514532,0.6168556289389623,29.33872,1.7388047
2019,1,2019-09-08,2019_01_DET_ARI,DET,,,,
2019,2,2019-09-15,2019_02_LAC_DET,DET,,,,
2019,3,2019-09-22,2019_03_DET_PHI,DET,,,,
2019,4,2019-09-29,2019_04_KC_DET,DET,,,,
2019,6,2019-10-14,2019_06_DET_GB,DET,,,,
2019,7,2019-10-20,2019_07_MIN_DET,DET,,,,
2019,8,2019-10-27,2019_08_NYG_DET,DET,0.37827885,0.5637791590682341,39.952526,2.369192
2019,9,2019-11-03,2019_09_DET_OAK,DET,0.34948233,0.5583773386664136,41.86919,2.5136364
2019,10,2019-11-10,2019_10_DET_CHI,DET,0.69880396,0.5779672857563607,42.302525,2.8636363
2019,11,2019-11-17,2019_11_DAL_DET,DET,0.66817194,0.5853244452915505,39.744442,2.7777777
2019,12,2019-11-24,2019_12_DET_WAS,DET,0.9462785,0.576984960702066,41.844444,2.9555557
2019,13,2019-11-28,2019_13_CHI_DET,DET,0.7730284,0.585338681380348,37.616665,2.836111
2019,14,2019-12-08,2019_14_DET_MIN,DET,0.25523415,0.6066126774460107,35.22778,2.4583333
2019,15,2019-12-15,2019_15_TB_DET,DET,0.24201,0.6114532072865406,34.423233,2.3280303
2019,16,2019-12-22,2019_16_DET_DEN,DET,0.14968273,0.6002156331322998,33.576008,2.255808
2019,17,2019-12-29,2019_17_GB_DET,DET,0.39963627,0.5900259385676052,36.733418,2.4780304
2020,1,2020-09-13,2020_01_CHI_DET,DET,,,,
2020,2,2020-09-20,2020_02_DET_GB,DET,,,,
2020,3,2020-09-27,2020_03_DET_ARI,DET,,,,
2020,4,2020-10-04,2020_04_NO_DET,DET,,,,
2020,6,2020-10-18,2020_06_DET_JAX,DET,,,,
2020,7,2020-10-25,2020_07_DET_ATL,DET,,,,
2020,8,2020-11-01,2020_08_IND_DET,DET,0.7309645,0.5553833554212342,39.491627,2.8030722
2020,9,2020-11-08,2020_09_DET_MIN,DET,0.8337179,0.5579714659638901,39.203747,2.909133
2020,10,2020-11-15,2020_10_WAS_DET,DET,0.41000637,0.5772291106760803,38.582535,2.8409512
2020,11,2020-11-22,2020_11_DET_CAR,DET,0.6363899,0.5798136146494732,40.39735,2.915025
2020,12,2020-11-26,2020_12_HOU_DET,DET,0.25949383,0.5959505795364382,39.13485,2.519192
2020,13,2020-12-06,2020_13_DET_CHI,DET,0.602555,0.562271745743968,40.44394,2.7676766
2020,14,2020-12-13,2020_14_GB_DET,DET,0.6608911,0.5434850026516693,39.115658,2.8333333
2020,15,2020-12-20,2020_15_DET_TEN,DET,1.0356575,0.534783283116047,43.557217,3.056277
2020,16,2020-12-26,2020_16_TB_DET,DET,1.6475315,0.5188347161573789,44.845093,3.374459
2020,17,2021-01-03,2020_17_MIN_DET,DET,1.6810732,0.5125935807495768,44.27565,3.5272367
2021,1,2021-09-12,2021_01_SF_DET,DET,,,,
2021,2,2021-09-20,2021_02_DET_GB,DET,,,,
2021,3,2021-09-26,2021_03_BAL_DET,DET,,,,
2021,4,2021-10-03,2021_04_DET_CHI,DET,,,,
2021,5,2021-10-10,2021_05_DET_MIN,DET,,,,
2021,6,2021-10-17,2021_06_CIN_DET,DET,,,,
2021,7,2021-10-24,2021_07_DET_LA,DET,0.87445694,0.5873314827008009,38.173428,2.8490965
2021,8,2021-10-31,2021_08_PHI_DET,DET,0.9853484,0.5924814253507436,40.36894,2.962879
2021,10,2021-11-14,2021_10_DET_PIT,DET,0.98182344,0.5757115439975289,40.05644,2.9374158
2021,11,2021-11-21,2021_11_DET_CLE,DET,0.7907192,0.5893984802806189,38.5808,2.8258774
2021,12,2021-11-25,2021_12_CHI_DET,DET,0.43495074,0.6092050278996667,36.676632,2.5425441
2021,13,2021-12-05,2021_13_MIN_DET,DET,0.4520661,0.5973022934730087,37.24936,2.521332
2021,14,2021-12-12,2021_14_DET_DEN,DET,0.1809975,0.5956139817846969,37.23572,2.3637562
2021,15,2021-12-19,2021_15_ARI_DET,DET,0.3494569,0.5785728439102259,35.990353,2.5049598
2021,16,2021-12-26,2021_16_DET_ATL,DET,-0.24168326,0.6195323987586696,35.675537,2.0234783
2021,17,2022-01-02,2021_17_DET_SEA,DET,0.051472396,0.611154274034391,36.772606,2.2945406
2021,18,2022-01-09,2021_18_GB_DET,DET,0.5969136,0.561148388654174,38.53473,2.8506012
2022,1,2022-09-11,2022_01_PHI_DET,DET,,,,
2022,2,2022-09-18,2022_02_WAS_DET,DET,,,,
2022,3,2022-09-25,2022_03_DET_MIN,DET,,,,
2022,4,2022-10-02,2022_04_SEA_DET,DET,,,,
2022,5,2022-10-09,2022_05_DET_NE,DET,,,,
2022,7,2022-10-23,2022_07_DET_DAL,DET,,,,
2022,8,2022-10-30,2022_08_MIA_DET,DET,0.8409641,0.5209474394523413,38.952732,2.8520203
2022,9,2022-11-06,2022_09_GB_DET,DET,1.0896736,0.526921810552763,42.481304,3.056782
2022,10,2022-11-13,2022_10_DET_CHI,DET,0.90093595,0.5200288770973295,45.50374,2.9109488
2022,11,2022-11-20,2022_11_DET_NYG,DET,1.028323,0.5359791713564473,47.04616,2.9867065
2022,12,2022-11-24,2022_12_BUF_DET,DET,0.36382818,0.575492466703076,43.42024,2.5089285
2022,13,2022-12-04,2022_13_JAX_DET,DET,0.36228442,0.5889390201496294,44.036907,2.5589285
2022,14,2022-12-11,2022_14_MIN_DET,DET,0.20928831,0.6240469288101695,43.92024,2.429762
2022,15,2022-12-18,2022_15_DET_NYJ,DET,-0.2094332,0.6463512779002331,40.308334,2.075
2022,16,2022-12-24,2022_16_DET_CAR,DET,-0.16061206,0.6416083724471002,37.289394,2.1450758
2022,17,2023-01-01,2022_17_CHI_DET,DET,0.23876233,0.6216516679315722,40.00606,2.2617424
2022,18,2023-01-08,2022_18_DET_GB,DET,0.124277286,0.6296161263126973,36.733837,2.1006312
2023,1,2023-09-07,2023_01_DET_KC,DET,,,,
2023,2,2023-09-17,2023_02_SEA_DET,DET,,,,
2023,3,2023-09-24,2023_03_ATL_DET,DET,,,,
2023,4,2023-09-28,2023_04_DET_GB,DET,,,,
2023,5,2023-10-08,2023_05_CAR_DET,DET,,,,
2023,6,2023-10-15,2023_06_DET_TB,DET,,,,
2023,7,2023-10-22,2023_07_DET_BAL,DET,-0.805639,0.6418821318860018,26.474243,1.6515151
2023,8,2023-10-30,2023_08_LV_DET,DET,-0.23606093,0.6148683791778047,31.019697,2.0521886
2023,10,2023-11-12,2023_10_DET_LAC,DET,-0.7656811,0.6461199979294235,27.337877,1.7037038
2023,11,2023-11-19,2023_11_CHI_DET,DET,-0.04267318,0.6190918082804608,32.67963,2.3164985
2023,12,2023-11-23,2023_12_GB_DET,DET,0.16878127,0.6148735959372486,34.869022,2.461953
2023,13,2023-12-03,2023_13_DET_NO,DET,0.2976075,0.6125658248756075,34.881145,2.4104378
2023,14,2023-12-10,2023_14_DET_CHI,DET,0.4584075,0.6120177291804529,36.19781,2.7346802
2023,15,2023-12-16,2023_15_DEN_DET,DET,0.026205303,0.6471518800090483,32.41448,2.4976432
2023,16,2023-12-24,2023_16_DET_MIN,DET,0.34012553,0.6434621027081598,34.993603,2.6912458
2023,17,2023-12-30,2023_17_DET_DAL,DET,-0.006608259,0.6566645347813649,33.697308,2.387542
2023,18,2024-01-07,2023_18_MIN_DET,DET,-0.12137225,0.6425494137912439,34.513973,2.287542
2024,1,2024-09-08,2024_01_LA_DET,DET,,,,
2024,2,2024-09-15,2024_02_TB_DET,DET,,,,
2024,3,2024-09-22,2024_03_DET_ARI,DET,,,,
2024,4,2024-09-30,2024_04_SEA_DET,DET,,,,
2024,6,2024-10-13,2024_06_DET_DAL,DET,,,,
2024,7,2024-10-20,2024_07_DET_MIN,DET,,,,
2024,8,2024-10-27,2024_08_TEN_DET,DET,-0.27546167,0.5823629484993121,32.560776,1.8294612
2024,9,2024-11-03,2024_09_DET_GB,DET,-0.7687847,0.5902564438928075,29.993822,1.638578
2024,10,2024-11-10,2024_10_DET_HOU,DET,-0.8349251,0.5803391158504795,33.752155,1.576078
2024,11,2024-11-17,2024_11_JAX_DET,DET,-0.8235386,0.5793410398524035,32.734676,1.6739802
2024,12,2024-11-24,2024_12_DET_IND,DET,-1.1940624,0.5921403056819724,28.064642,1.3760004
2024,13,2024-11-28,2024_13_CHI_DET,DET,-1.0611802,0.60483779337946,29.26161,1.350748
2024,14,2024-12-05,2024_14_GB_DET,DET,-1.0701703,0.5979530114946782,28.006056,1.3377849
2024,15,2024-12-15,2024_15_BUF_DET,DET,-0.5249378,0.5854248805841943,28.850784,1.7323718
2024,16,2024-12-22,2024_16_DET_CHI,DET,0.13384528,0.556280853315167,30.342451,2.2615385
2024,17,2024-12-30,2024_17_DET_SF,DET,0.26588318,0.5427627356303827,34.237038,2.2814815
2024,18,2025-01-05,2024_18_MIN_DET,DET,0.815829,0.5146907561695143,39.885185,2.8
2016,1,2016-09-11,2016_01_GB_JAX,GB,,,,
2016,2,2016-09-18,2016_02_GB_MIN,GB,,,,
2016,3,2016-09-25,2016_03_DET_GB,GB,,,,
2016,5,2016-10-09,2016_05_NYG_GB,GB,,,,
2016,6,2016-10-16,2016_06_DAL_GB,GB,,,,
2016,7,2016-10-20,2016_07_CHI_GB,GB,,,,
2016,8,2016-10-30,2016_08_GB_ATL,GB,0.1268713,0.578732625399292,32.240406,2.0
2016,9,2016-11-06,2016_09_IND_GB,GB,0.3571612,0.577035117017756,33.444107,2.261574
2016,10,2016-11-13,2016_10_GB_TEN,GB,0.66923714,0.5469764774002928,33.731987,2.4736953
2016,11,2016-11-20,2016_11_GB_WAS,GB,0.8040917,0.5463574976146462,31.722015,2.5762594
2016,12,2016-11-28,2016_12_GB_PHI,GB,1.3345927,0.5346115583687071,36.990196,3.0338352
2016,13,2016-12-04,2016_13_HOU_GB,GB,1.2145449,0.5371034183605671,37.075912,2.843359
2016,14,2016-12-11,2016_14_SEA_GB,GB,1.2334286,0.539911926724631,38.94628,3.0100257
2016,15,2016-12-18,2016_15_GB_CHI,GB,0.6084409,0.5577427359616902,35.818077,2.4507306
2016,16,2016-12-24,2016_16_MIN_GB,GB,0.48975626,0.562296051778375,38.030197,2.3901246
2016,17,2017-01-01,2016_17_GB_DET,GB,0.095983006,0.5805913367403267,38.39665,2.1347828
2017,1,2017-09-10,2017_01_SEA_GB,GB,,,,
2017,2,2017-09-17,2017_02_GB_ATL,GB,,,,
2017,3,2017-09-24,2017_03_CIN_GB,GB,,,,
2017,4,2017-09-28,2017_04_CHI_GB,GB,,,,
2017,5,2017-10-08,2017_05_GB_DAL,GB,,,,
2017,6,2017-10-15,2017_06_GB_MIN,GB,,,,
2017,7,2017-10-22,2017_07_NO_GB,GB,0.026288034,0.6026672065308428,32.052147,2.088005
2017,9,2017-11-06,2017_09_DET_GB,GB,0.4731771,0.5890377752625228,36.654,2.4194865
2017,10,2017-11-12,2017_10_GB_CHI,GB,0.5939167,0.6022931310178785,39.27483,2.5778198
2017,11,2017-11-19,2017_11_BAL_GB,GB,0.5205839,0.6232445281056392,39.593014,2.5475168
2017,12,2017-11-26,2017_12_GB_PIT,GB,0.5565644,0.6045939657050768,37.74686,2.6090553
2017,13,2017-12-03,2017_13_TB_GB,GB,0.39205852,0.5842063777038524,36.672997,2.4177673
2017,14,2017-12-10,2017_14_GB_CLE,GB,0.5121899,0.5802386093610842,38.367443,2.4316564
2017,15,2017-12-17,2017_15_GB_CAR,GB,0.30672738,0.591622133244608,36.422997,2.3390636
2017,16,2017-12-23,2017_16_MIN_GB,GB,0.1595806,0.599727546350021,33.535496,2.2307303
2017,17,2017-12-31,2017_17_GB_DET,GB,0.17317373,0.5985671326896075,32.27792,2.2307303
2018,1,2018-09-09,2018_01_CHI_GB,GB,,,,
2018,2,2018-09-16,2018_02_MIN_GB,GB,,,,
2018,3,2018-09-23,2018_03_GB_WAS,GB,,,,
2018,4,2018-09-30,2018_04_BUF_GB,GB,,,,
2018,5,2018-10-07,2018_05_GB_DET,GB,,,,
2018,6,2018-10-15,2018_06_SF_GB,GB,,,,
2018,8,2018-10-28,2018_08_GB_LA,GB,-0.07227907,0.617176440282501,28.14287,1.9726108
2018,9,2018-11-04,2018_09_GB_NE,GB,-0.020445751,0.6182351038411645,29.0473,2.0483682
2018,10,2018-11-11,2018_10_MIA_GB,GB,0.37149903,0.5986649106598602,30.367813,2.263468
2018,11,2018-11-15,2018_11_GB_SEA,GB,0.0068117357,0.6008498867827448,29.340876,2.0159934
2018,12,2018-11-25,2018_12_GB_MIN,GB,0.5206385,0.574593273026131,32.478756,2.4659932
2018,13,2018-12-02,2018_13_ARI_GB,GB,0.4271946,0.5738941825543132,34.584816,2.3599327
2018,14,2018-12-09,2018_14_ATL_GB,GB,0.36501983,0.5851198010715984,34.28204,2.2765994
2018,15,2018-12-16,2018_15_GB_CHI,GB,0.24078105,0.5766038725556699,34.6564,2.2765994
2018,16,2018-12-23,2018_16_GB_NYJ,GB,-0.1437294,0.5934732942862028,32.706398,2.1025252
2018,17,2018-12-30,2018_17_DET_GB,GB,0.3345594,0.5664935842776752,33.460606,2.4560606
2019,1,2019-09-05,2019_01_GB_CHI,GB,,,,
2019,2,2019-09-15,2019_02_MIN_GB,GB,,,,
2019,3,2019-09-22,2019_03_DEN_GB,GB,,,,
2019,4,2019-09-26,2019_04_PHI_GB,GB,,,,
2019,5,2019-10-06,2019_05_GB_DAL,GB,,,,
2019,6,2019-10-14,2019_06_DET_GB,GB,,,,
2019,7,2019-10-20,2019_07_OAK_GB,GB,-0.078204125,0.6205921588612998,32.469578,1.8284391
2019,8,2019-10-27,2019_08_GB_KC,GB,0.45089337,0.5859193166774928,37.923283,2.231217
2019,9,2019-11-03,2019_09_GB_LAC,GB,0.68534094,0.5811744583612058,39.175926,2.4851851
2019,10,2019-11-10,2019_10_CAR_GB,GB,1.0230485,0.5413254297346036,43.238422,2.7601852
2019,12,2019-11-24,2019_12_GB_SF,GB,0.6444283,0.5496081256909108,43.604168,2.463889
2019,13,2019-12-01,2019_13_GB_NYG,GB,0.86997515,0.5378233406106712,41.212753,2.6911614
2019,14,2019-12-08,2019_14_WAS_GB,GB,0.61463386,0.537945498545329,42.81692,2.5953283
2019,15,2019-12-15,2019_15_CHI_GB,GB,0.29883757,0.5717522392380348,38.202106,2.400884
2019,16,2019-12-23,2019_16_GB_MIN,GB,0.042433064,0.5777268202126157,37.281876,2.123106
2019,17,2019-12-29,2019_17_GB_DET,GB,-0.6311104,0.6252755388550844,29.83476,1.7096444
2020,1,2020-09-13,2020_01_GB_MIN,GB,,,,
2020,2,2020-09-20,2020_02_DET_GB,GB,,,,
2020,3,2020-09-27,2020_03_GB_NO,GB,,,,
2020,4,2020-10-05,2020_04_ATL_GB,GB,,,,
2020,6,2020-10-18,2020_06_GB_TB,GB,,,,
2020,7,2020-10-25,2020_07_GB_HOU,GB,,,,
2020,8,2020-11-01,2020_08_MIN_GB,GB,0.45553315,0.59964427092268,34.060604,2.4560606
2020,9,2020-11-05,2020_09_GB_SF,GB,0.6385056,0.5974462110460487,35.308224,2.6060607
2020,10,2020-11-15,2020_10_JAX_GB,GB,0.60278326,0.5801634264905369,36.273376,2.571212
2020,11,2020-11-22,2020_11_GB_IND,GB,0.36800393,0.5732133857904961,33.267822,2.2656567
2020,12,2020-11-29,2020_12_CHI_GB,GB,0.23378988,0.5620278699174803,32.55949,2.3906567
2020,13,2020-12-06,2020_13_PHI_GB,GB,0.15279369,0.5801083596891466,34.82043,2.3502524
2020,14,2020-12-13,2020_14_GB_DET,GB,0.23317742,0.5828466757073201,34.131878,2.2324073
2020,15,2020-12-19,2020_15_CAR_GB,GB,0.060844764,0.5910972892680839,32.798546,2.1371694
2020,16,2020-12-27,2020_16_TEN_GB,GB,0.07422803,0.5855417337125285,33.248547,2.1205027
2020,17,2021-01-03,2020_17_GB_CHI,GB,0.12783043,0.5938507857715806,34.45225,2.1853175
2021,1,2021-09-12,2021_01_GB_NO,GB,,,,
2021,2,2021-09-20,2021_02_DET_GB,GB,,,,
2021,3,2021-09-26,2021_03_GB_SF,GB,,,,
2021,4,2021-10-03,2021_04_PIT_GB,GB,,,,
2021,5,2021-10-10,2021_05_GB_CIN,GB,,,,
2021,6,2021-10-17,2021_06_GB_CHI,GB,,,,
2021,7,2021-10-24,2021_07_WAS_GB,GB,0.4488969,0.5750383858758042,33.662037,2.4398148
2021,8,2021-10-28,2021_08_GB_ARI,GB,-0.18728368,0.5824560329074219,34.557873,1.8564816
2021,9,2021-11-07,2021_09_GB_KC,GB,-0.09662638,0.5896999335541002,35.145832,1.9791666
2021,10,2021-11-14,2021_10_SEA_GB,GB,-0.2886011,0.5954068573492594,33.329166,1.7291666
2021,11,2021-11-21,2021_11_GB_MIN,GB,-0.46247542,0.5879116673540693,31.925463,1.4458333
2021,12,2021-11-28,2021_12_LA_GB,GB,0.02726218,0.5822068012325365,34.393055,1.7652779
2021,14,2021-12-12,2021_14_CHI_GB,GB,-0.057255063,0.5857430219562573,33.186325,1.819765
2021,15,2021-12-19,2021_15_GB_BAL,GB,0.024188943,0.5978143551814367,30.010042,1.919124
2021,16,2021-12-25,2021_16_CLE_GB,GB,0.21004678,0.5923058012353827,30.447542,2.106624
2021,17,2022-01-02,2021_17_MIN_GB,GB,0.3324915,0.5790375396011079,34.871616,2.2973647
2021,18,2022-01-09,2021_18_GB_DET,GB,0.39788163,0.5991012721648405,34.696533,2.44888
2022,1,2022-09-11,2022_01_GB_MIN,GB,,,,
2022,2,2022-09-18,2022_02_CHI_GB,GB,,,,
2022,3,2022-09-25,2022_03_GB_TB,GB,,,,
2022,4,2022-10-02,2022_04_NE_GB,GB,,,,
2022,5,2022-10-09,2022_05_NYG_GB,GB,,,,
2022,6,2022-10-16,2022_06_NYJ_GB,GB,,,,
2022,7,2022-10-23,2022_07_GB_WAS,GB,0.13088614,0.6000143866086379,30.3125,1.8776516
2022,8,2022-10-30,2022_08_GB_BUF,GB,0.00038058808,0.6002887208602449,29.244318,1.842803
2022,9,2022-11-06,2022_09_GB_DET,GB,0.2571143,0.5695938755820663,31.40867,2.1344697
2022,10,2022-11-13,2022_10_DAL_GB,GB,0.2704961,0.570995062778708,32.429504,2.2443182
2022,11,2022-11-17,2022_11_TEN_GB,GB,0.37970996,0.5820851301187755,34.248947,2.383207
2022,12,2022-11-27,2022_12_GB_PHI,GB,0.22569537,0.5789766350372411,33.873947,2.320707
2022,13,2022-12-04,2022_13_GB_CHI,GB,0.5546023,0.5590690657546719,38.137836,2.695707
2022,15,2022-12-19,2022_15_LA_GB,GB,0.58527964,0.5420095259678593,40.21528,2.699074
2022,16,2022-12-25,2022_16_GB_MIA,GB,0.30058503,0.5717656687448355,36.613426,2.449074
2022,17,2023-01-01,2022_17_MIN_GB,GB,0.2870583,0.5721023690815358,37.525925,2.4907408
2022,18,2023-01-08,2022_18_DET_GB,GB,-0.08520946,0.5799015459148036,37.185017,2.3594277
2023,1,2023-09-10,2023_01_GB_CHI,GB,,,,
2023,2,2023-09-17,2023_02_GB_ATL,GB,,,,
2023,3,2023-09-24,2023_03_NO_GB,GB,,,,
2023,4,2023-09-28,2023_04_DET_GB,GB,,,,
2023,5,2023-10-09,2023_05_GB_LV,GB,,,,
2023,7,2023-10-22,2023_07_GB_DEN,GB,,,,
2023,8,2023-10-29,2023_08_MIN_GB,GB,-0.13969325,0.5922964063895436,33.05707,2.067845
2023,9,2023-11-05,2023_09_LA_GB,GB,0.1651927,0.5749067744165783,35.149662,2.2244108
2023,10,2023-11-12,2023_10_GB_PIT,GB,-0.37581626,0.6145734258479357,29.705221,1.8069024
2023,11,2023-11-19,2023_11_LAC_GB,GB,-0.14285824,0.6075478125723224,31.287039,2.023569
2023,12,2023-11-23,2023_12_GB_DET,GB,-0.23678131,0.6240632823966158,32.203705,1.841751
2023,13,2023-12-03,2023_13_KC_GB,GB,-0.22480567,0.6337139431836402,34.61128,1.8614478
2023,14,2023-12-11,2023_14_GB_NYG,GB,-0.096177705,0.6176418979449282,36.381123,1.9619769
2023,15,2023-12-17,2023_15_TB_GB,GB,-0.1662366,0.6162420071510981,35.530952,1.8811688
2023,16,2023-12-24,2023_16_GB_CAR,GB,0.7438221,0.5800471834562744,41.364285,2.5440476
2023,17,2023-12-31,2023_17_GB_MIN,GB,0.91665834,0.5779017208941452,42.482803,2.6977513
2023,18,2024-01-07,2023_18_CHI_GB,GB,0.6780022,0.5735310915235158,39.432804,2.5310848
2024,1,2024-09-06,2024_01_GB_PHI,GB,,,,
2024,2,2024-09-15,2024_02_IND_GB,GB,,,,
2024,3,2024-09-22,2024_03_GB_TEN,GB,,,,
2024,4,2024-09-29,2024_04_MIN_GB,GB,,,,
2024,5,2024-10-06,2024_05_GB_LA,GB,,,,
2024,6,2024-10-13,2024_06_ARI_GB,GB,,,,
2024,7,2024-10-20,2024_07_HOU_GB,GB,-0.50621295,0.5348198099920372,31.162123,1.7459207
2024,8,2024-10-27,2024_08_GB_JAX,GB,-0.6073343,0.5303701071008763,27.949999,1.5641025
2024,9,2024-11-03,2024_09_DET_GB,GB,-0.42803755,0.5373619501343861,27.733332,1.7724358
2024,11,2024-11-17,2024_11_GB_CHI,GB,0.023392325,0.53019531638687,29.133333,1.9141026
2024,12,2024-11-24,2024_12_SF_GB,GB,0.2914984,0.5221528551850682,33.609524,1.9690475
2024,13,2024-11-28,2024_13_MIA_GB,GB,0.10604793,0.534391311173524,31.609522,1.9190477
2024,14,2024-12-05,2024_14_GB_DET,GB,0.42793846,0.5221507276829406,33.788692,2.0357144
2024,15,2024-12-15,2024_15_GB_SEA,GB,0.50039387,0.5344281724603853,37.305355,2.2690475
2024,16,2024-12-23,2024_16_NO_GB,GB,0.22300808,0.541682033218034,34.88869,2.0910172
2024,17,2024-12-29,2024_17_GB_MIN,GB,-0.33645585,0.5713031337950168,33.930355,1.7160172
2024,18,2025-01-05,2024_18_CHI_GB,GB,-0.63183475,0.5781419233123779,31.570833,1.7136364
2016,1,2016-09-11,2016_01_CHI_HOU,HOU,,,,
2016,2,2016-09-18,2016_02_KC_HOU,HOU,,,,
2016,3,2016-09-22,2016_03_HOU_NE,HOU,,,,
2016,4,2016-10-02,2016_04_TEN_HOU,HOU,,,,
2016,5,2016-10-09,2016_05_HOU_MIN,HOU,,,,
2016,6,2016-10-16,2016_06_IND_HOU,HOU,,,,
2016,7,2016-10-24,2016_07_HOU_DEN,HOU,-0.57748586,0.6067193223443224,26.34794,1.762432
2016,8,2016-10-30,2016_08_DET_HOU,HOU,-0.35586992,0.6087079587079587,27.719152,1.9770784
2016,10,2016-11-13,2016_10_HOU_JAX,HOU,-0.20574175,0.6034792603910251,28.805052,2.039899
2016,11,2016-11-21,2016_11_HOU_OAK,HOU,-0.34514853,0.6151119563987212,30.621717,1.9982324
2016,12,2016-11-27,2016_12_SD_HOU,HOU,-0.026840901,0.6042834330701977,30.682322,2.145202
2016,13,2016-12-04,2016_13_HOU_GB,HOU,-0.058174457,0.6076083488951136,29.560102,2.020202
2016,14,2016-12-11,2016_14_HOU_IND,HOU,-0.082033336,0.6210826754944402,29.265656,2.0507576
2016,15,2016-12-18,2016_15_JAX_HOU,HOU,-0.24284919,0.6230475624593272,30.127777,1.9250001
2016,16,2016-12-24,2016_16_CIN_HOU,HOU,-0.24448682,0.6292170578709041,27.118805,1.9647436
2016,17,2017-01-01,2016_17_HOU_TEN,HOU,-0.25999653,0.6196385576674038,25.718803,1.7702991
2017,1,2017-09-10,2017_01_JAX_HOU,HOU,,,,
2017,2,2017-09-14,2017_02_HOU_CIN,HOU,,,,
2017,3,2017-09-24,2017_03_HOU_NE,HOU,,,,
2017,4,2017-10-01,2017_04_TEN_HOU,HOU,,,,
2017,5,2017-10-08,2017_05_KC_HOU,HOU,,,,
2017,6,2017-10-15,2017_06_CLE_HOU,HOU,,,,
2017,8,2017-10-29,2017_08_HOU_SEA,HOU,-0.40409175,0.6231316985852472,26.073051,1.8304473
2017,9,2017-11-05,2017_09_IND_HOU,HOU,-0.24781446,0.6067189446724933,27.96699,1.9306804
2017,10,2017-11-12,2017_10_HOU_LA,HOU,-0.016399615,0.5889915885181037,29.723305,2.1087108
2017,11,2017-11-19,2017_11_ARI_HOU,HOU,-0.019032164,0.5724186167367985,30.112192,2.0809329
2017,12,2017-11-27,2017_12_HOU_BAL,HOU,0.18453734,0.5478926026274511,31.209414,2.1781552
2017,13,2017-12-03,2017_13_HOU_TEN,HOU,-0.0861757,0.5651402960115081,28.497293,1.9811854
2017,14,2017-12-10,2017_14_SF_HOU,HOU,0.3771385,0.5530127630506418,31.927187,2.2946775
2017,15,2017-12-17,2017_15_HOU_JAX,HOU,0.303758,0.56635493785115,31.593855,2.2070706
2017,16,2017-12-25,2017_16_PIT_HOU,HOU,0.5588163,0.563788102329769,31.518097,2.4809635
2017,17,2017-12-31,2017_17_HOU_IND,HOU,0.8012908,0.5714463905436128,31.698654,2.6522598
2018,1,2018-09-09,2018_01_HOU_NE,HOU,,,,
2018,2,2018-09-16,2018_02_HOU_TEN,HOU,,,,
2018,3,2018-09-23,2018_03_NYG_HOU,HOU,,,,
2018,4,2018-09-30,2018_04_HOU_IND,HOU,,,,
2018,5,2018-10-07,2018_05_DAL_HOU,HOU,,,,
2018,6,2018-10-14,2018_06_BUF_HOU,HOU,,,,
2018,7,2018-10-21,2018_07_HOU_JAX,HOU,-0.29183108,0.6537219102281492,30.76712,2.0487754
2018,8,2018-10-25,2018_08_MIA_HOU,HOU,-0.5851374,0.6443965134027523,29.704185,1.8086821
2018,9,2018-11-04,2018_09_HOU_DEN,HOU,-0.6812032,0.6325837610596969,29.91799,1.7867966
2018,11,2018-11-18,2018_11_HOU_WAS,HOU,-0.9222827,0.6416649576408935,28.153679,1.5443722
2018,12,2018-11-26,2018_12_TEN_HOU,HOU,-1.1134863,0.6434821491639674,26.5,1.469697
2018,13,2018-12-02,2018_13_CLE_HOU,HOU,-0.9705315,0.6266657164384437,27.59091,1.4848485
2018,14,2018-12-09,2018_14_IND_HOU,HOU,-0.7948814,0.5996016231243505,31.209091,1.5045453
2018,15,2018-12-15,2018_15_HOU_NYJ,HOU,-0.42273533,0.5847340832568105,33.618183,1.7621212
2018,16,2018-12-23,2018_16_HOU_PHI,HOU,-0.49627697,0.610042907429271,33.148487,1.7469697
2018,17,2018-12-30,2018_17_JAX_HOU,HOU,-0.31730404,0.6021484870348507,35.02727,1.9742423
2019,1,2019-09-09,2019_01_HOU_NO,HOU,,,,
2019,2,2019-09-15,2019_02_JAX_HOU,HOU,,,,
2019,3,2019-09-22,2019_03_HOU_LAC,HOU,,,,
2019,4,2019-09-29,2019_04_CAR_HOU,HOU,,,,
2019,5,2019-10-06,2019_05_ATL_HOU,HOU,,,,
2019,6,2019-10-13,2019_06_HOU_KC,HOU,,,,
2019,7,2019-10-20,2019_07_HOU_IND,HOU,0.116709836,0.606275423510272,35.221043,2.189899
2019,8,2019-10-27,2019_08_OAK_HOU,HOU,-0.07695056,0.6399767441194874,33.13771,2.1565657
2019,9,2019-11-03,2019_09_HOU_JAX,HOU,0.24143119,0.626114217756961,34.754375,2.3565657
2019,11,2019-11-17,2019_11_HOU_BAL,HOU,-0.08974428,0.6394706992384425,34.30438,2.0732324
2019,12,2019-11-21,2019_12_IND_HOU,HOU,0.43177685,0.6223908281181673,38.65623,2.5900674
2019,13,2019-12-01,2019_13_NE_HOU,HOU,0.2644127,0.6113190295463687,38.44074,2.4351852
2019,14,2019-12-08,2019_14_DEN_HOU,HOU,0.30977666,0.6082534223140948,40.166668,2.3574073
2019,15,2019-12-15,2019_15_HOU_TEN,HOU,0.5226138,0.5907424391452168,40.283333,2.424074
2019,16,2019-12-21,2019_16_HOU_TB,HOU,0.42851993,0.5880923628840296,42.149998,2.412963
2019,17,2019-12-29,2019_17_TEN_HOU,HOU,0.46818638,0.5982305784266568,41.961536,2.619373
2020,1,2020-09-10,2020_01_HOU_KC,HOU,,,,
2020,2,2020-09-20,2020_02_BAL_HOU,HOU,,,,
2020,3,2020-09-27,2020_03_HOU_PIT,HOU,,,,
2020,4,2020-10-04,2020_04_MIN_HOU,HOU,,,,
2020,5,2020-10-11,2020_05_JAX_HOU,HOU,,,,
2020,6,2020-10-18,2020_06_HOU_TEN,HOU,,,,
2020,7,2020-10-25,2020_07_GB_HOU,HOU,1.2484585,0.5364617399529016,41.79579,3.0008419
2020,9,2020-11-08,2020_09_HOU_JAX,HOU,1.0594218,0.552517504240989,40.720036,2.901515
2020,10,2020-11-15,2020_10_HOU_CLE,HOU,0.8842867,0.5653992983727831,39.53948,2.7487373
2020,11,2020-11-22,2020_11_NE_HOU,HOU,0.6286122,0.5764628710434988,39.7035,2.4868326
2020,12,2020-11-26,2020_12_HOU_DET,HOU,0.55082464,0.5836161155816116,40.741,2.3868325
2020,13,2020-12-06,2020_13_IND_HOU,HOU,0.488438,0.5822732686137647,40.091,2.4868326
2020,14,2020-12-13,2020_14_HOU_CHI,HOU,0.225281,0.5856739167871402,37.09706,2.2656205
2020,15,2020-12-20,2020_15_HOU_IND,HOU,0.28817636,0.575299610958289,37.551605,2.250469
2020,16,2020-12-27,2020_16_CIN_HOU,HOU,0.5817885,0.5707079173785001,40.311527,2.546104
2020,17,2021-01-03,2020_17_TEN_HOU,HOU,0.9649572,0.5444489845124244,43.0901,2.9246752
2021,1,2021-09-12,2021_01_JAX_HOU,HOU,,,,
2021,2,2021-09-19,2021_02_HOU_CLE,HOU,,,,
2021,3,2021-09-23,2021_03_CAR_HOU,HOU,,,,
2021,4,2021-10-03,2021_04_HOU_BUF,HOU,,,,
2021,5,2021-10-10,2021_05_NE_HOU,HOU,,,,
2021,6,2021-10-17,2021_06_HOU_IND,HOU,,,,
2021,7,2021-10-24,2021_07_HOU_ARI,HOU,0.8072803,0.5462158470614353,39.77804,2.9289951
2021,8,2021-10-31,2021_08_LA_HOU,HOU,1.0001734,0.5417138675594558,40.50648,3.1294613
2021,9,2021-11-07,2021_09_HOU_MIA,HOU,0.97041863,0.5554360250316132,40.362965,3.083165
2021,11,2021-11-21,2021_11_HOU_TEN,HOU,0.57144403,0.5663502186357579,35.793518,2.819276
2021,12,2021-11-28,2021_12_NYJ_HOU,HOU,0.1455087,0.5854806252661645,34.945034,2.429882
2021,13,2021-12-05,2021_13_IND_HOU,HOU,-0.0655592,0.6097240914949248,32.909847,2.3002524
2021,14,2021-12-12,2021_14_SEA_HOU,HOU,-0.20128256,0.6023437403645736,32.94318,2.3002524
2021,15,2021-12-19,2021_15_HOU_JAX,HOU,-0.0033940375,0.5960546590754924,34.708332,2.363889
2021,16,2021-12-26,2021_16_LAC_HOU,HOU,-0.32620844,0.6259315877024211,32.205555,2.1027777
2021,17,2022-01-02,2021_17_HOU_SF,HOU,-0.031534057,0.5767954679065791,36.25185,2.3851852
2021,18,2022-01-09,2021_18_TEN_HOU,HOU,0.25506434,0.5858758551119662,36.02963,2.487963
2022,1,2022-09-11,2022_01_IND_HOU,HOU,,,,
2022,2,2022-09-18,2022_02_HOU_DEN,HOU,,,,
2022,3,2022-09-25,2022_03_HOU_CHI,HOU,,,,
2022,4,2022-10-02,2022_04_LAC_HOU,HOU,,,,
2022,5,2022-10-09,2022_05_HOU_JAX,HOU,,,,
2022,7,2022-10-23,2022_07_HOU_LV,HOU,,,,
2022,8,2022-10-30,2022_08_TEN_HOU,HOU,0.19132872,0.5911924418174418,39.067043,2.131818
2022,9,2022-11-03,2022_09_PHI_HOU,HOU,0.14038484,0.6028643347393348,38.094822,2.1373737
2022,10,2022-11-13,2022_10_HOU_NYG,HOU,0.36344573,0.5602224858474859,38.707787,2.3892257
2022,11,2022-11-20,2022_11_WAS_HOU,HOU,0.5110943,0.5507603276353277,39.469906,2.4407408
2022,12,2022-11-27,2022_12_HOU_MIA,HOU,0.40716806,0.5470166407666408,38.75046,2.2518518
2022,13,2022-12-04,2022_13_CLE_HOU,HOU,0.46917632,0.5420633248517864,35.896618,2.4595442
2022,14,2022-12-11,2022_14_HOU_DAL,HOU,-0.020861154,0.5620924689880734,30.971022,1.9000205
2022,15,2022-12-18,2022_15_KC_HOU,HOU,0.04923031,0.5679380543791134,31.19072,2.025778
2022,16,2022-12-24,2022_16_HOU_TEN,HOU,-0.077483155,0.5805347555174811,31.727755,1.9100372
2022,17,2023-01-01,2022_17_JAX_HOU,HOU,-0.42722026,0.5852569777397033,29.6222,1.7044816
2022,18,2023-01-08,2022_18_HOU_IND,HOU,-0.3836255,0.5670760614337871,28.661089,1.7683705
2023,1,2023-09-10,2023_01_HOU_BAL,HOU,,,,
2023,2,2023-09-17,2023_02_IND_HOU,HOU,,,,
2023,3,2023-09-24,2023_03_HOU_JAX,HOU,,,,
2023,4,2023-10-01,2023_04_PIT_HOU,HOU,,,,
2023,5,2023-10-08,2023_05_HOU_ATL,HOU,,,,
2023,6,2023-10-15,2023_06_NO_HOU,HOU,,,,
2023,8,2023-10-29,2023_08_HOU_CAR,HOU,-0.539439,0.6154103079860656,33.97441,1.7944444
2023,9,2023-11-05,2023_09_TB_HOU,HOU,-0.50025624,0.6145916084034106,34.003033,1.7085859
2023,10,2023-11-12,2023_10_HOU_CIN,HOU,-0.46498248,0.6242063570806593,32.73081,1.705808
2023,11,2023-11-19,2023_11_ARI_HOU,HOU,-0.23579882,0.6260026703353059,31.53914,1.7974747
2023,12,2023-11-26,2023_12_JAX_HOU,HOU,0.014434221,0.616993366881558,33.5021,1.9826599
2023,13,2023-12-03,2023_13_DEN_HOU,HOU,0.19872378,0.6221449306189802,33.810184,2.1055555
2023,14,2023-12-10,2023_14_HOU_NYJ,HOU,0.13866283,0.628327914301964,30.574074,2.125
2023,15,2023-12-17,2023_15_HOU_TEN,HOU,0.21475351,0.6322212959365737,31.333334,2.2638888
2023,16,2023-12-24,2023_16_CLE_HOU,HOU,-0.16510022,0.6411912033439812,29.555555,1.8888888
2023,17,2023-12-31,2023_17_TEN_HOU,HOU,-0.1239204,0.6472953941436849,29.686966,1.9497863
2023,18,2024-01-06,2023_18_HOU_IND,HOU,-0.48798367,0.6666938860567965,27.39067,1.7090455
2024,1,2024-09-08,2024_01_HOU_IND,HOU,,,,
2024,2,2024-09-15,2024_02_CHI_HOU,HOU,,,,
2024,3,2024-09-22,2024_03_HOU_MIN,HOU,,,,
2024,4,2024-09-29,2024_04_JAX_HOU,HOU,,,,
2024,5,2024-10-06,2024_05_BUF_HOU,HOU,,,,
2024,6,2024-10-13,2024_06_HOU_NE,HOU,,,,
2024,7,2024-10-20,2024_07_HOU_GB,HOU,0.008538644,0.5674283972200639,25.626282,2.1275642
2024,8,2024-10-27,2024_08_IND_HOU,HOU,-0.06048268,0.5839427470677471,24.212141,1.9912004
2024,9,2024-10-31,2024_09_HOU_NYJ,HOU,0.06570994,0.5950648811065479,25.587141,2.0884228
2024,10,2024-11-10,2024_10_DET_HOU,HOU,0.07348921,0.6086491348460302,26.464918,1.9106449
2024,11,2024-11-18,2024_11_HOU_DAL,HOU,-0.14971253,0.6212787472970713,25.188728,1.8868355
2024,12,2024-11-24,2024_12_TEN_HOU,HOU,-0.44242057,0.6179613471046711,26.461456,1.7605728
2024,13,2024-12-01,2024_13_HOU_JAX,HOU,-0.23190646,0.604932922537785,27.83325,1.8759574
2024,15,2024-12-15,2024_15_MIA_HOU,HOU,-0.25595716,0.625210063697279,29.886282,1.8289876
2024,16,2024-12-21,2024_16_HOU_KC,HOU,-0.4532639,0.6046741258696745,29.397392,1.7512099
2024,17,2024-12-25,2024_17_BAL_HOU,HOU,-0.40064546,0.5898648716404857,30.807114,1.924821
2024,18,2025-01-05,2024_18_HOU_TEN,HOU,-0.00045415037,0.5705255799797655,33.89997,2.131964
2016,1,2016-09-11,2016_01_DET_IND,IND,,,,
2016,2,2016-09-18,2016_02_IND_DEN,IND,,,,
2016,3,2016-09-25,2016_03_SD_IND,IND,,,,
2016,4,2016-10-02,2016_04_IND_JAX,IND,,,,
2016,5,2016-10-09,2016_05_CHI_IND,IND,,,,
2016,6,2016-10-16,2016_06_IND_HOU,IND,,,,
2016,7,2016-10-23,2016_07_IND_TEN,IND,0.7813036,0.5503394703929464,38.730305,2.4242423
2016,8,2016-10-30,2016_08_KC_IND,IND,0.4127015,0.5752213695395514,36.26212,2.2015152
2016,9,2016-11-06,2016_09_IND_GB,IND,0.45061287,0.6068380518191124,36.046215,2.2848485
2016,11,2016-11-20,2016_11_TEN_IND,IND,0.59369564,0.5868885568696175,36.864395,2.4363635
2016,12,2016-11-24,2016_12_PIT_IND,IND,0.32371005,0.5934960949544283,37.69924,2.2651515
2016,13,2016-12-05,2016_13_IND_NYJ,IND,0.51702577,0.583231995627829,36.35758,2.4651515
2016,14,2016-12-11,2016_14_HOU_IND,IND,0.17086188,0.6070071682666379,34.0697,2.2227273
2016,15,2016-12-18,2016_15_IND_MIN,IND,0.1277645,0.5972788410383107,34.354546,2.1954546
2016,16,2016-12-24,2016_16_IND_OAK,IND,-0.30160472,0.6021259615104312,32.609173,1.8898989
2016,17,2017-01-01,2016_17_JAX_IND,IND,-0.23745067,0.6195051101395798,33.200085,1.9959596
2017,1,2017-09-10,2017_01_IND_LA,IND,,,,
2017,2,2017-09-17,2017_02_ARI_IND,IND,,,,
2017,3,2017-09-24,2017_03_CLE_IND,IND,,,,
2017,4,2017-10-01,2017_04_IND_SEA,IND,,,,
2017,5,2017-10-08,2017_05_SF_IND,IND,,,,
2017,6,2017-10-16,2017_06_IND_TEN,IND,,,,
2017,7,2017-10-22,2017_07_JAX_IND,IND,0.57359475,0.5603075352777734,34.87064,2.3726301
2017,8,2017-10-29,2017_08_IND_CIN,IND,0.68746805,0.5676510251212632,38.815514,2.4123738
2017,9,2017-11-05,2017_09_IND_HOU,IND,0.645171,0.5635179783840498,38.04607,2.4901514
2017,10,2017-11-12,2017_10_PIT_IND,IND,0.4952775,0.564444086006586,37.92702,2.2679293
2017,12,2017-11-26,2017_12_TEN_IND,IND,0.26784745,0.5825379712879714,35.69091,2.073485
2017,13,2017-12-03,2017_13_IND_JAX,IND,0.14729811,0.5767248800582134,33.933334,2.0953705
2017,14,2017-12-10,2017_14_IND_BUF,IND,0.27359274,0.5806519252352585,34.825,2.0995371
2017,15,2017-12-14,2017_15_DEN_IND,IND,-0.16546197,0.6188973757723758,30.327776,1.8300925
2017,16,2017-12-23,2017_16_IND_BAL,IND,0.15456514,0.6212367236672792,34.287037,1.974537
2017,17,2017-12-31,2017_17_HOU_IND,IND,0.4588478,0.6209894106732557,37.078705,2.3425925
2018,1,2018-09-09,2018_01_CIN_IND,IND,,,,
2018,2,2018-09-16,2018_02_IND_WAS,IND,,,,
2018,3,2018-09-23,2018_03_IND_PHI,IND,,,,
2018,4,2018-09-30,2018_04_HOU_IND,IND,,,,
2018,5,2018-10-04,2018_05_IND_NE,IND,,,,
2018,6,2018-10-14,2018_06_IND_NYJ,IND,,,,
2018,7,2018-10-21,2018_07_BUF_IND,IND,0.08563716,0.5309289144499082,33.069336,2.2947276
2018,8,2018-10-28,2018_08_IND_OAK,IND,-0.42549908,0.5631579354289291,32.160244,1.8735155
2018,10,2018-11-11,2018_10_JAX_IND,IND,-0.04512925,0.5727560235781537,34.307972,2.320485
2018,11,2018-11-18,2018_11_TEN_IND,IND,0.19494842,0.5562028507149122,35.207973,2.420485
2018,12,2018-11-25,2018_12_MIA_IND,IND,-0.07051331,0.5954098498561219,34.043686,2.2181041
2018,13,2018-12-02,2018_13_IND_JAX,IND,-0.2194358,0.6153040479700168,32.705303,2.0539627
2018,14,2018-12-09,2018_14_IND_HOU,IND,-0.5164476,0.6479764218923908,30.921968,1.6924243
2018,15,2018-12-16,2018_15_DAL_IND,IND,-0.11993116,0.647469472701231,31.103788,1.9651514
2018,16,2018-12-23,2018_16_NYG_IND,IND,-0.76862127,0.6440417627477859,30.847834,1.3818182
2018,17,2018-12-30,2018_17_IND_TEN,IND,-0.60878986,0.6462509951982464,31.208946,1.4484849
2019,1,2019-09-08,2019_01_IND_LAC,IND,,,,
2019,2,2019-09-15,2019_02_IND_TEN,IND,,,,
2019,3,2019-09-22,2019_03_ATL_IND,IND,,,,
2019,4,2019-09-29,2019_04_OAK_IND,IND,,,,
2019,5,2019-10-06,2019_05_IND_KC,IND,,,,
2019,7,2019-10-20,2019_07_HOU_IND,IND,,,,
2019,8,2019-10-27,2019_08_DEN_IND,IND,0.7186148,0.5751623871131643,40.829758,2.5172558
2019,9,2019-11-03,2019_09_IND_PIT,IND,0.25167298,0.60341737286815,36.892258,2.1089225
2019,10,2019-11-10,2019_10_MIA_IND,IND,0.2280087,0.6030940850448622,37.377106,2.1543772
2019,11,2019-11-17,2019_11_JAX_IND,IND,-0.54460555,0.6414705101763183,29.515993,1.7099327
2019,12,2019-11-21,2019_12_IND_HOU,IND,-0.77722377,0.6605973849850112,28.16751,1.5281144
2019,13,2019-12-01,2019_13_TEN_IND,IND,-0.6303603,0.6522680599890196,29.482323,1.657744
2019,14,2019-12-08,2019_14_IND_TB,IND,-0.67759687,0.6707968691428289,27.55808,1.6564814
2019,15,2019-12-16,2019_15_IND_NO,IND,-0.5435352,0.6488271875898138,30.294191,1.9675926
2019,16,2019-12-22,2019_16_CAR_IND,IND,-0.074156485,0.623470599733226,34.606693,2.3728955
2019,17,2019-12-29,2019_17_IND_JAX,IND,-0.22362985,0.6209708541084804,36.112247,2.2506735
2020,1,2020-09-13,2020_01_IND_JAX,IND,,,,
2020,2,2020-09-20,2020_02_MIN_IND,IND,,,,
2020,3,2020-09-27,2020_03_NYJ_IND,IND,,,,
2020,4,2020-10-04,2020_04_IND_CHI,IND,,,,
2020,5,2020-10-11,2020_05_IND_CLE,IND,,,,
2020,6,2020-10-18,2020_06_CIN_IND,IND,,,,
2020,8,2020-11-01,2020_08_IND_DET,IND,-0.35640457,0.6244278325160678,29.57273,1.8518939
2020,9,2020-11-08,2020_09_BAL_IND,IND,-0.7937398,0.6538114504413525,29.017172,1.5810605
2020,10,2020-11-12,2020_10_IND_TEN,IND,-0.60593086,0.6247852031196506,30.097475,1.6871213
2020,11,2020-11-22,2020_11_GB_IND,IND,-0.29239476,0.5872288358757833,31.908081,1.9352273
2020,12,2020-11-29,2020_12_TEN_IND,IND,-0.26829022,0.5633476707446182,32.079876,2.1659966
2020,13,2020-12-06,2020_13_IND_HOU,IND,0.08158881,0.5603490571577693,32.541996,2.4478147
2020,14,2020-12-13,2020_14_IND_LV,IND,-0.11880252,0.5559437528661014,31.9223,2.300845
2020,15,2020-12-20,2020_15_HOU_IND,IND,0.108867206,0.547637976851992,35.246372,2.5091784
2020,16,2020-12-27,2020_16_IND_PIT,IND,0.32418147,0.5347805060399757,40.07024,2.6531177
2020,17,2021-01-03,2020_17_JAX_IND,IND,0.47462034,0.5346056230525927,39.13842,2.7231934
2021,1,2021-09-12,2021_01_SEA_IND,IND,,,,
2021,2,2021-09-19,2021_02_LA_IND,IND,,,,
2021,3,2021-09-26,2021_03_IND_TEN,IND,,,,
2021,4,2021-10-03,2021_04_IND_MIA,IND,,,,
2021,5,2021-10-11,2021_05_IND_BAL,IND,,,,
2021,6,2021-10-17,2021_06_HOU_IND,IND,,,,
2021,7,2021-10-24,2021_07_IND_SF,IND,0.43525514,0.5906882893341227,38.874073,2.2648149
2021,8,2021-10-31,2021_08_TEN_IND,IND,0.12990788,0.6000335274293608,36.45463,2.0481482
2021,9,2021-11-04,2021_09_NYJ_IND,IND,0.10238535,0.5901214324437364,35.11852,1.9870371
2021,10,2021-11-14,2021_10_JAX_IND,IND,0.1619366,0.5944991033839073,35.485188,1.9870371
2021,11,2021-11-21,2021_11_IND_BUF,IND,-0.07413206,0.5990234370749077,35.84701,1.8773504
2021,12,2021-11-28,2021_12_TB_IND,IND,-0.63342947,0.6226365163824313,32.711826,1.6532763
2021,13,2021-12-05,2021_13_IND_HOU,IND,-0.17334564,0.5904603900396385,31.811823,2.1310542
2021,15,2021-12-18,2021_15_NE_IND,IND,-0.51967436,0.6192261318735621,30.017632,1.881054
2021,16,2021-12-25,2021_16_IND_ARI,IND,-0.8195894,0.6319404246613842,31.253744,1.7754985
2021,17,2022-01-02,2021_17_LV_IND,IND,-1.209332,0.6375666965376562,30.137075,1.5717949
2021,18,2022-01-09,2021_18_IND_JAX,IND,-0.9558434,0.6239855246231508,31.904882,1.7925926
2022,1,2022-09-11,2022_01_IND_HOU,IND,,,,
2022,2,2022-09-18,2022_02_IND_JAX,IND,,,,
2022,3,2022-09-25,2022_03_KC_IND,IND,,,,
2022,4,2022-10-02,2022_04_TEN_IND,IND,,,,
2022,5,2022-10-06,2022_05_IND_DEN,IND,,,,
2022,6,2022-10-16,2022_06_JAX_IND,IND,,,,
2022,7,2022-10-23,2022_07_IND_TEN,IND,0.0946214,0.604049656467957,31.169907,2.0990741
2022,8,2022-10-30,2022_08_WAS_IND,IND,0.064908646,0.5904604633444502,31.78102,2.062037
2022,9,2022-11-06,2022_09_IND_NE,IND,-0.11726415,0.5761221545943769,31.732534,1.9196128
2022,10,2022-11-13,2022_10_IND_LV,IND,-0.3059921,0.5786069199759677,28.41375,1.8614117
2022,11,2022-11-20,2022_11_PHI_IND,IND,-0.46952716,0.6086063418503895,29.626251,1.6947451
2022,12,2022-11-28,2022_12_PIT_IND,IND,-0.40973362,0.6017829491936635,29.656807,1.8530784
2022,13,2022-12-04,2022_13_IND_DAL,IND,-0.48281765,0.6042317349757826,28.675323,1.7790045
2022,15,2022-12-17,2022_15_IND_MIN,IND,-0.19646637,0.6179326114971719,29.333445,2.1536481
2022,16,2022-12-26,2022_16_LAC_IND,IND,-0.28939655,0.6152805567617838,28.67267,2.2479243
2022,17,2023-01-01,2022_17_IND_NYG,IND,-0.22055031,0.6131730016185145,31.515528,2.3431623
2022,18,2023-01-08,2022_18_HOU_IND,IND,0.11994457,0.5673139249955489,33.661823,2.6024218
2023,1,2023-09-10,2023_01_JAX_IND,IND,,,,
2023,2,2023-09-17,2023_02_IND_HOU,IND,,,,
2023,3,2023-09-24,2023_03_IND_BAL,IND,,,,
2023,4,2023-10-01,2023_04_LA_IND,IND,,,,
2023,5,2023-10-08,2023_05_TEN_IND,IND,,,,
2023,6,2023-10-15,2023_06_IND_JAX,IND,,,,
2023,7,2023-10-22,2023_07_CLE_IND,IND,-0.0428828,0.6177817590603539,32.700397,2.239418
2023,8,2023-10-29,2023_08_NO_IND,IND,0.13127035,0.6184028724046815,31.931051,2.2141204
2023,9,2023-11-05,2023_09_IND_CAR,IND,0.46371064,0.603769831950934,33.29974,2.4195077
2023,10,2023-11-12,2023_10_IND_NE,IND,0.37387577,0.609731240672083,33.4058,2.4140964
2023,12,2023-11-26,2023_12_TB_IND,IND,0.16823609,0.5970175903971582,32.660427,2.1224296
2023,13,2023-12-03,2023_13_IND_TEN,IND,-0.10507829,0.5858793549942168,29.317572,2.0748107
2023,14,2023-12-10,2023_14_IND_CIN,IND,-0.2679105,0.6009965129685177,30.587412,1.8704456
2023,15,2023-12-16,2023_15_PIT_IND,IND,-0.033361826,0.5953270088615136,33.118664,2.041847
2023,16,2023-12-24,2023_16_IND_ATL,IND,-0.6893301,0.6190562257725486,28.594421,1.6827561
2023,17,2023-12-31,2023_17_LV_IND,IND,-0.2896118,0.5950134440593124,31.088358,1.9691197
2023,18,2024-01-06,2023_18_HOU_IND,IND,-0.09051186,0.6050086241267318,32.19947,2.228379
2024,1,2024-09-08,2024_01_HOU_IND,IND,,,,
2024,2,2024-09-15,2024_02_IND_GB,IND,,,,
2024,3,2024-09-22,2024_03_CHI_IND,IND,,,,
2024,4,2024-09-29,2024_04_PIT_IND,IND,,,,
2024,5,2024-10-06,2024_05_IND_JAX,IND,,,,
2024,6,2024-10-13,2024_06_IND_TEN,IND,,,,
2024,7,2024-10-20,2024_07_MIA_IND,IND,0.29116383,0.5619749330832687,35.477272,2.3352273
2024,8,2024-10-27,2024_08_IND_HOU,IND,-0.25861642,0.5798487350256981,33.36616,1.8699495
2024,9,2024-11-03,2024_09_IND_MIN,IND,-0.29633972,0.575743375364783,31.518938,1.8930975
2024,10,2024-11-10,2024_10_BUF_IND,IND,-0.28749436,0.5516579836323324,33.84621,2.0006733
2024,11,2024-11-17,2024_11_IND_NYJ,IND,-0.24187557,0.5477150336332327,34.02803,2.0006733
2024,12,2024-11-24,2024_12_DET_IND,IND,-0.49338865,0.5762052933734924,31.01919,1.8958755
2024,13,2024-12-01,2024_13_IND_NE,IND,-0.25259134,0.5587626618226736,33.185856,2.025505
2024,15,2024-12-15,2024_15_IND_DEN,IND,0.1536979,0.542684912411591,36.357155,2.3125422
2024,16,2024-12-22,2024_16_TEN_IND,IND,-0.0031338155,0.5419282286191929,33.6012,2.2907166
2024,17,2024-12-29,2024_17_IND_NYG,IND,0.23159742,0.5288420092829736,31.001204,2.3296056
2024,18,2025-01-05,2024_18_JAX_IND,IND,0.55261743,0.5272993674328451,30.66787,2.6477873
2016,1,2016-09-11,2016_01_GB_JAX,JAX,,,,
2016,2,2016-09-18,2016_02_JAX_SD,JAX,,,,
2016,3,2016-09-25,2016_03_BAL_JAX,JAX,,,,
2016,4,2016-10-02,2016_04_IND_JAX,JAX,,,,
2016,6,2016-10-16,2016_06_JAX_CHI,JAX,,,,
2016,7,2016-10-23,2016_07_OAK_JAX,JAX,,,,
2016,8,2016-10-27,2016_08_JAX_TEN,JAX,0.6694754,0.5947210405788838,28.98446,2.449495
2016,9,2016-11-06,2016_09_JAX_KC,JAX,0.84284353,0.5820495454073885,31.552643,2.4949496
2016,10,2016-11-13,2016_10_HOU_JAX,JAX,0.51263756,0.5980011863590294,29.170067,2.183081
2016,11,2016-11-20,2016_11_JAX_DET,JAX,0.57409066,0.5866479100057532,29.77904,2.2191918
2016,12,2016-11-27,2016_12_JAX_BUF,JAX,0.2722307,0.5961621997283763,29.337122,2.0045455
2016,13,2016-12-04,2016_13_DEN_JAX,JAX,0.4183751,0.585857683982684,28.193182,2.2121212
2016,14,2016-12-11,2016_14_MIN_JAX,JAX,-0.0012216568,0.5998469200552534,25.676516,1.9093434
2016,15,2016-12-18,2016_15_JAX_HOU,JAX,-0.09815651,0.6059170844587511,25.210184,1.8268518
2016,16,2016-12-24,2016_16_TEN_JAX,JAX,-0.1371591,0.6084274658152864,27.168518,1.8065528
2016,17,2017-01-01,2016_17_JAX_IND,JAX,-0.2341593,0.6300892015154836,26.303133,1.7426639
2017,1,2017-09-10,2017_01_JAX_HOU,JAX,,,,
2017,2,2017-09-17,2017_02_TEN_JAX,JAX,,,,
2017,3,2017-09-24,2017_03_BAL_JAX,JAX,,,,
2017,4,2017-10-01,2017_04_JAX_NYJ,JAX,,,,
2017,5,2017-10-08,2017_05_JAX_PIT,JAX,,,,
2017,6,2017-10-15,2017_06_LA_JAX,JAX,,,,
2017,7,2017-10-22,2017_07_JAX_IND,JAX,-1.0519902,0.5917948841884684,25.3673,1.4432927
2017,9,2017-11-05,2017_09_CIN_JAX,JAX,-0.8564808,0.5882694263926757,26.488512,1.3372322
2017,10,2017-11-12,2017_10_LAC_JAX,JAX,-1.3152056,0.6238416216870931,23.581106,0.9224594
2017,11,2017-11-19,2017_11_JAX_CLE,JAX,-1.1426495,0.6181202288823671,24.58666,1.0141262
2017,12,2017-11-26,2017_12_JAX_ARI,JAX,-1.3876791,0.6472674433236992,21.253326,0.82364994
2017,13,2017-12-03,2017_13_IND_JAX,JAX,-1.1227942,0.6474455313939441,19.624033,0.97617525
2017,14,2017-12-10,2017_14_SEA_JAX,JAX,-1.1945914,0.658332792281205,21.135252,0.9152778
2017,15,2017-12-17,2017_15_HOU_JAX,JAX,-0.96830565,0.6410113637097764,21.90906,1.2229701
2017,16,2017-12-24,2017_16_JAX_SF,JAX,-0.9953721,0.6516295521057426,21.470314,1.1668804
2017,17,2017-12-31,2017_17_JAX_TEN,JAX,-0.7449171,0.6385778969707542,23.020315,1.5057693
2018,1,2018-09-09,2018_01_JAX_NYG,JAX,,,,
2018,2,2018-09-16,2018_02_NE_JAX,JAX,,,,
2018,3,2018-09-23,2018_03_TEN_JAX,JAX,,,,
2018,4,2018-09-30,2018_04_NYJ_JAX,JAX,,,,
2018,5,2018-10-07,2018_05_JAX_KC,JAX,,,,
2018,6,2018-10-14,2018_06_JAX_DAL,JAX,,,,
2018,7,2018-10-21,2018_07_HOU_JAX,JAX,-0.3271498,0.676189477351758,27.553787,1.8280302
2018,8,2018-10-28,2018_08_PHI_JAX,JAX,-0.18410595,0.6676224271180411,27.023483,1.9530302
2018,10,2018-11-11,2018_10_JAX_IND,JAX,0.039567832,0.6516842346520709,28.899412,2.0641415
2018,11,2018-11-18,2018_11_PIT_JAX,JAX,0.39370456,0.638211698957313,32.35059,2.4326599
2018,12,2018-11-25,2018_12_JAX_BUF,JAX,0.46780792,0.6278060552183359,33.64781,2.5040886
2018,13,2018-12-02,2018_13_IND_JAX,JAX,0.45481953,0.6262668536791344,32.04175,2.5040886
2018,14,2018-12-06,2018_14_JAX_TEN,JAX,-0.12690438,0.6404748800582134,29.731146,1.8980279
2018,15,2018-12-16,2018_15_WAS_JAX,JAX,0.19245405,0.6044352509630287,33.33552,2.12025
2018,16,2018-12-23,2018_16_JAX_MIA,JAX,-0.14711082,0.6177199979466063,30.121717,1.9424723
2018,17,2018-12-30,2018_17_JAX_HOU,JAX,-0.78070134,0.6379613666601971,26.190237,1.5406204
2019,1,2019-09-08,2019_01_KC_JAX,JAX,,,,
2019,2,2019-09-15,2019_02_JAX_HOU,JAX,,,,
2019,3,2019-09-19,2019_03_TEN_JAX,JAX,,,,
2019,4,2019-09-29,2019_04_JAX_DEN,JAX,,,,
2019,5,2019-10-06,2019_05_JAX_CAR,JAX,,,,
2019,6,2019-10-13,2019_06_NO_JAX,JAX,,,,
2019,7,2019-10-20,2019_07_JAX_CIN,JAX,0.2161631,0.5952550012651022,33.687786,2.0374255
2019,8,2019-10-27,2019_08_NYJ_JAX,JAX,-0.44047484,0.6264402768948223,28.881521,1.5146335
2019,9,2019-11-03,2019_09_HOU_JAX,JAX,-0.5132766,0.6320113724659179,27.67849,1.5100881
2019,11,2019-11-17,2019_11_JAX_IND,JAX,-0.15542497,0.594286296615842,30.195158,1.8267547
2019,12,2019-11-24,2019_12_JAX_TEN,JAX,0.015295528,0.5962676906426906,31.07546,1.979785
2019,13,2019-12-01,2019_13_TB_JAX,JAX,0.2670334,0.5687012755762756,32.567303,2.2571743
2019,14,2019-12-08,2019_14_LAC_JAX,JAX,0.2606913,0.5560870379620378,31.944405,2.349767
2019,15,2019-12-15,2019_15_JAX_OAK,JAX,1.0983864,0.5120182980599647,37.121044,2.9651515
2019,16,2019-12-22,2019_16_JAX_ATL,JAX,1.3591696,0.4815039307400418,40.47963,3.0493267
2019,17,2019-12-29,2019_17_IND_JAX,JAX,1.2456163,0.4806240004851116,41.079628,3.015993
2020,1,2020-09-13,2020_01_IND_JAX,JAX,,,,
2020,2,2020-09-20,2020_02_JAX_TEN,JAX,,,,
2020,3,2020-09-24,2020_03_MIA_JAX,JAX,,,,
2020,4,2020-10-04,2020_04_JAX_CIN,JAX,,,,
2020,5,2020-10-11,2020_05_JAX_HOU,JAX,,,,
2020,6,2020-10-18,2020_06_DET_JAX,JAX,,,,
2020,7,2020-10-25,2020_07_JAX_LAC,JAX,1.419967,0.5367790143770536,44.20926,3.288889
2020,9,2020-11-08,2020_09_HOU_JAX,JAX,1.376492,0.5439464868223037,42.399075,3.4601853
2020,10,2020-11-15,2020_10_JAX_GB,JAX,1.1577708,0.5637754323865435,41.518604,3.2581651
2020,11,2020-11-22,2020_11_PIT_JAX,JAX,0.810872,0.574331722803945,41.870453,3.0174243
2020,12,2020-11-29,2020_12_CLE_JAX,JAX,0.6237069,0.5825255994005994,37.717678,2.7813132
2020,13,2020-12-06,2020_13_JAX_MIN,JAX,0.7227254,0.5672182601349268,38.432957,2.7882576
2020,14,2020-12-13,2020_14_TEN_JAX,JAX,0.31433228,0.5618172414005747,36.360733,2.4993687
2020,15,2020-12-20,2020_15_JAX_BAL,JAX,0.54516786,0.5343942014775348,36.808964,2.427399
2020,16,2020-12-27,2020_16_CHI_JAX,JAX,0.8106764,0.5256760677594011,38.61536,2.7220118
2020,17,2021-01-03,2020_17_JAX_IND,JAX,1.2712408,0.5044397493639917,39.06991,3.0098906
2021,1,2021-09-12,2021_01_JAX_HOU,JAX,,,,
2021,2,2021-09-19,2021_02_DEN_JAX,JAX,,,,
2021,3,2021-09-26,2021_03_ARI_JAX,JAX,,,,
2021,4,2021-09-30,2021_04_JAX_CIN,JAX,,,,
2021,5,2021-10-10,2021_05_TEN_JAX,JAX,,,,
2021,6,2021-10-17,2021_06_MIA_JAX,JAX,,,,
2021,8,2021-10-31,2021_08_JAX_SEA,JAX,0.89229983,0.5597644117864706,38.78935,2.567204
2021,9,2021-11-07,2021_09_BUF_JAX,JAX,0.9421766,0.5521710791931381,36.836784,2.6095116
2021,10,2021-11-14,2021_10_JAX_IND,JAX,0.49441552,0.5634252571139826,36.37382,2.294697
2021,11,2021-11-21,2021_11_SF_JAX,JAX,0.353501,0.5792401520955442,34.859932,2.183586
2021,12,2021-11-28,2021_12_ATL_JAX,JAX,0.5674959,0.5675871110946772,32.943264,2.308586
2021,13,2021-12-05,2021_13_JAX_LA,JAX,0.48399243,0.5791659900346673,32.995117,2.180808
2021,14,2021-12-12,2021_14_JAX_TEN,JAX,0.77265716,0.54711842159004,33.43148,2.4944444
2021,15,2021-12-19,2021_15_HOU_JAX,JAX,0.6012946,0.5640496385212569,34.048145,2.3111112
2021,16,2021-12-26,2021_16_JAX_NYJ,JAX,0.96627283,0.5543989010196421,32.731647,2.6545455
2021,17,2022-01-02,2021_17_JAX_NE,JAX,1.3312216,0.5359550377841122,36.321926,2.9601011
2021,18,2022-01-09,2021_18_IND_JAX,JAX,1.3961407,0.506177839785296,37.868225,3.261027
2022,1,2022-09-11,2022_01_JAX_WAS,JAX,,,,
2022,2,2022-09-18,2022_02_IND_JAX,JAX,,,,
2022,3,2022-09-25,2022_03_JAX_LAC,JAX,,,,
2022,4,2022-10-02,2022_04_JAX_PHI,JAX,,,,
2022,5,2022-10-09,2022_05_HOU_JAX,JAX,,,,
2022,6,2022-10-16,2022_06_JAX_IND,JAX,,,,
2022,7,2022-10-23,2022_07_NYG_JAX,JAX,-0.27936706,0.6700190594571908,34.13973,1.9079126
2022,8,2022-10-30,2022_08_DEN_JAX,JAX,-0.10749737,0.6427774815906129,36.773064,1.9370791
2022,9,2022-11-06,2022_09_LV_JAX,JAX,0.312844,0.6199818512949826,37.953365,2.255261
2022,10,2022-11-13,2022_10_JAX_KC,JAX,0.6946297,0.6045541539922853,38.103367,2.4219277
2022,12,2022-11-27,2022_12_BAL_JAX,JAX,0.8484668,0.5964606355578578,39.065487,2.4325337
2022,13,2022-12-04,2022_13_JAX_DET,JAX,0.9730578,0.5736172289644511,41.421043,2.6251261
2022,14,2022-12-11,2022_14_JAX_TEN,JAX,1.1912748,0.5460442682317682,42.47197,2.8473485
2022,15,2022-12-18,2022_15_DAL_JAX,JAX,0.7877984,0.5685667688792689,38.691666,2.6863635
2022,16,2022-12-22,2022_16_JAX_NYJ,JAX,0.809906,0.5535069829861498,39.34192,2.8404038
2022,17,2023-01-01,2022_17_JAX_HOU,JAX,0.4551935,0.561795306862709,37.775253,2.5570707
2022,18,2023-01-07,2022_18_TEN_JAX,JAX,-0.15837267,0.6019143544817565,33.650253,2.1487372
2023,1,2023-09-10,2023_01_JAX_IND,JAX,,,,
2023,2,2023-09-17,2023_02_KC_JAX,JAX,,,,
2023,3,2023-09-24,2023_03_HOU_JAX,JAX,,,,
2023,4,2023-10-01,2023_04_ATL_JAX,JAX,,,,
2023,5,2023-10-08,2023_05_JAX_BUF,JAX,,,,
2023,6,2023-10-15,2023_06_IND_JAX,JAX,,,,
2023,7,2023-10-19,2023_07_JAX_NO,JAX,-0.39231732,0.6326862892975701,29.986055,1.7300996
2023,8,2023-10-29,2023_08_JAX_PIT,JAX,-0.14974344,0.617996789237191,32.044666,1.8463999
2023,10,2023-11-12,2023_10_SF_JAX,JAX,-0.38923106,0.6209944474431826,29.706701,1.6704739
2023,11,2023-11-19,2023_11_TEN_JAX,JAX,-0.3278133,0.6169867001399807,31.494581,1.6765347
2023,12,2023-11-26,2023_12_JAX_HOU,JAX,-0.04512256,0.6139233283266089,32.354107,1.8932012
2023,13,2023-12-04,2023_13_CIN_JAX,JAX,-0.21416342,0.6150596919629726,32.32683,1.9401709
2023,14,2023-12-10,2023_14_JAX_CLE,JAX,0.17500548,0.5916844996171919,35.538372,2.2504275
2023,15,2023-12-17,2023_15_BAL_JAX,JAX,0.21469341,0.584934798997299,34.30119,2.2784722
2023,16,2023-12-24,2023_16_JAX_TB,JAX,0.49759495,0.5554720934929268,37.139156,2.5655093
2023,17,2023-12-31,2023_17_CAR_JAX,JAX,0.33110008,0.5750412948676837,35.453968,2.5543983
2023,18,2024-01-07,2023_18_JAX_TEN,JAX,-0.16813613,0.5938298102738462,31.877777,2.2210648
2024,1,2024-09-08,2024_01_JAX_MIA,JAX,,,,
2024,2,2024-09-15,2024_02_CLE_JAX,JAX,,,,
2024,3,2024-09-23,2024_03_JAX_BUF,JAX,,,,
2024,4,2024-09-29,2024_04_JAX_HOU,JAX,,,,
2024,5,2024-10-06,2024_05_IND_JAX,JAX,,,,
2024,6,2024-10-13,2024_06_JAX_CHI,JAX,,,,
2024,7,2024-10-20,2024_07_NE_JAX,JAX,1.3514427,0.5267451671549539,40.022728,3.0329964
2024,8,2024-10-27,2024_08_GB_JAX,JAX,1.3496013,0.5358574957985326,39.316288,3.0633
2024,9,2024-11-03,2024_09_JAX_PHI,JAX,1.4359275,0.5237904158801455,39.691288,3.18367
2024,10,2024-11-10,2024_10_MIN_JAX,JAX,0.95754176,0.5406114035344665,38.723698,2.7021885
2024,11,2024-11-17,2024_11_JAX_DET,JAX,0.78332406,0.5374698745363843,38.769993,2.5244107
2024,13,2024-12-01,2024_13_HOU_JAX,JAX,1.4078239,0.4995949905266319,44.182873,3.0925925
2024,14,2024-12-08,2024_14_JAX_TEN,JAX,1.1543797,0.5126478070516706,42.775463,2.8703701
2024,15,2024-12-15,2024_15_NYJ_JAX,JAX,1.0234967,0.5135311812346771,43.358795,2.6620371
2024,16,2024-12-22,2024_16_JAX_LV,JAX,1.2747537,0.5176574304998153,44.92824,2.8194444
2024,17,2024-12-29,2024_17_TEN_JAX,JAX,1.1147294,0.5239404992828841,43.540615,2.7184343
2024,18,2025-01-05,2024_18_JAX_IND,JAX,1.167292,0.5246142761257141,43.265152,2.7670453
2016,1,2016-09-11,2016_01_SD_KC,KC,,,,
2016,2,2016-09-18,2016_02_KC_HOU,KC,,,,
2016,3,2016-09-25,2016_03_NYJ_KC,KC,,,,
2016,4,2016-10-02,2016_04_KC_PIT,KC,,,,
2016,6,2016-10-16,2016_06_KC_OAK,KC,,,,
2016,7,2016-10-23,2016_07_NO_KC,KC,,,,
2016,8,2016-10-30,2016_08_KC_IND,KC,-0.35977617,0.5584898028099271,34.473648,1.8900543
2016,9,2016-11-06,2016_09_JAX_KC,KC,-0.6650986,0.5782033068984312,32.44082,1.6754079
2016,10,2016-11-13,2016_10_KC_CAR,KC,-0.6923867,0.5807384824304016,34.13847,1.6262627
2016,11,2016-11-20,2016_11_TB_KC,KC,-0.32564986,0.5887029758494405,35.21726,1.8641415
2016,12,2016-11-27,2016_12_KC_DEN,KC,-0.4391056,0.5850086115016672,37.774075,1.6236111
2016,13,2016-12-04,2016_13_KC_ATL,KC,-0.09995169,0.6099114010198412,38.985615,1.8030983
2016,14,2016-12-08,2016_14_OAK_KC,KC,-0.10422901,0.6095140874280832,38.707836,1.9327279
2016,15,2016-12-18,2016_15_TEN_KC,KC,-0.13585357,0.6122926881846251,37.97493,1.9049501
2016,16,2016-12-25,2016_16_DEN_KC,KC,0.050757933,0.6050555194891231,37.66306,1.9983845
2016,17,2017-01-01,2016_17_KC_SD,KC,-0.074001044,0.6012992757328793,35.116905,1.8432564
2017,1,2017-09-07,2017_01_KC_NE,KC,,,,
2017,2,2017-09-17,2017_02_PHI_KC,KC,,,,
2017,3,2017-09-24,2017_03_KC_LAC,KC,,,,
2017,4,2017-10-02,2017_04_WAS_KC,KC,,,,
2017,5,2017-10-08,2017_05_KC_HOU,KC,,,,
2017,6,2017-10-15,2017_06_PIT_KC,KC,,,,
2017,7,2017-10-19,2017_07_KC_OAK,KC,0.06911951,0.6029556944285965,35.26132,1.9998575
2017,8,2017-10-30,2017_08_DEN_KC,KC,0.35699257,0.6004979385093022,38.908752,2.1703703
2017,9,2017-11-05,2017_09_KC_DAL,KC,0.090714596,0.6160133205631457,36.43696,2.0806267
2017,11,2017-11-19,2017_11_KC_NYG,KC,0.54237795,0.6036979044977296,38.881405,2.4324787
2017,12,2017-11-26,2017_12_BUF_KC,KC,0.34560224,0.6248766836310543,37.536285,2.2439263
2017,13,2017-12-03,2017_13_KC_NYJ,KC,0.18616332,0.6302522774536178,35.559013,1.9661487
2017,14,2017-12-10,2017_14_OAK_KC,KC,0.56029063,0.6159249766679836,37.320126,2.3680005
2017,15,2017-12-16,2017_15_LAC_KC,KC,0.10001572,0.6360629868059938,32.653458,2.0457783
2017,16,2017-12-24,2017_16_MIA_KC,KC,0.15376975,0.6289658737259748,33.506733,2.0429294
2017,17,2017-12-31,2017_17_KC_DEN,KC,-0.29289302,0.6382383604984615,32.328957,1.7410774
2018,1,2018-09-09,2018_01_KC_LAC,KC,,,,
2018,2,2018-09-16,2018_02_KC_PIT,KC,,,,
2018,3,2018-09-23,2018_03_SF_KC,KC,,,,
2018,4,2018-10-01,2018_04_KC_DEN,KC,,,,
2018,5,2018-10-07,2018_05_JAX_KC,KC,,,,
2018,6,2018-10-14,2018_06_KC_NE,KC,,,,
2018,7,2018-10-21,2018_07_CIN_KC,KC,0.76149654,0.5591675105640417,44.312626,2.659259
2018,8,2018-10-28,2018_08_DEN_KC,KC,0.35930076,0.5869823772514574,39.188553,2.411111
2018,9,2018-11-04,2018_09_KC_CLE,KC,0.15732124,0.5805466833157634,38.1734,2.2444444
2018,10,2018-11-11,2018_10_ARI_KC,KC,-0.019010354,0.5832224462711316,38.51368,2.200463
2018,11,2018-11-19,2018_11_KC_LA,KC,-0.18943207,0.5900460393447248,36.44701,2.050463
2018,13,2018-12-02,2018_13_KC_OAK,KC,0.11843703,0.5812287994858182,34.552567,2.3226852
2018,14,2018-12-09,2018_14_BAL_KC,KC,-0.08973166,0.6069060455702612,33.100548,2.1295035
2018,15,2018-12-13,2018_15_LAC_KC,KC,0.23584402,0.5839174174590841,35.02462,2.3443182
2018,16,2018-12-23,2018_16_KC_SEA,KC,0.6058558,0.5912372966539633,37.1875,2.5791667
2018,17,2018-12-30,2018_17_OAK_KC,KC,0.86286217,0.5820747578039245,37.091667,2.7749999
2019,1,2019-09-08,2019_01_KC_JAX,KC,,,,
2019,2,2019-09-15,2019_02_KC_OAK,KC,,,,
2019,3,2019-09-22,2019_03_BAL_KC,KC,,,,
2019,4,2019-09-29,2019_04_KC_DET,KC,,,,
2019,5,2019-10-06,2019_05_IND_KC,KC,,,,
2019,6,2019-10-13,2019_06_HOU_KC,KC,,,,
2019,7,2019-10-17,2019_07_KC_DEN,KC,0.46971902,0.5546468500909975,40.962288,2.5286195
2019,8,2019-10-27,2019_08_GB_KC,KC,-0.08651254,0.5865956369008954,35.990067,2.1304715
2019,9,2019-11-03,2019_09_MIN_KC,KC,0.3798658,0.5642099323276908,38.506733,2.609638
2019,10,2019-11-10,2019_10_KC_TEN,KC,0.09364239,0.5831241906516713,34.414143,2.410564
2019,11,2019-11-18,2019_11_KC_LAC,KC,0.28255436,0.5793103697923959,33.762627,2.380261
2019,13,2019-12-01,2019_13_OAK_KC,KC,0.16044714,0.6100319758612243,33.707073,2.2506313
2019,14,2019-12-08,2019_14_KC_NE,KC,-0.45167348,0.6297311099394433,31.855219,1.8617424
2019,15,2019-12-15,2019_15_DEN_KC,KC,-0.24941133,0.6100038044166832,33.256733,2.0208333
2019,16,2019-12-22,2019_16_KC_CHI,KC,-0.80853647,0.6430440280819069,31.569235,1.4375
2019,17,2019-12-29,2019_17_LAC_KC,KC,-1.0381504,0.6316996102642748,32.07717,1.1894841
2020,1,2020-09-10,2020_01_HOU_KC,KC,,,,
2020,2,2020-09-20,2020_02_KC_LAC,KC,,,,
2020,3,2020-09-28,2020_03_KC_BAL,KC,,,,
2020,4,2020-10-05,2020_04_NE_KC,KC,,,,
2020,5,2020-10-11,2020_05_LV_KC,KC,,,,
2020,6,2020-10-19,2020_06_KC_BUF,KC,,,,
2020,7,2020-10-25,2020_07_KC_DEN,KC,0.4285202,0.56112101985339,35.83472,2.3055556
2020,8,2020-11-01,2020_08_NYJ_KC,KC,0.037131425,0.5714555156045524,33.355556,2.1111112
2020,9,2020-11-08,2020_09_CAR_KC,KC,-0.13294186,0.57996143139117,29.288889,1.8907408
2020,11,2020-11-22,2020_11_KC_LV,KC,0.16229926,0.5846916291769233,33.103703,2.0944445
2020,12,2020-11-29,2020_12_KC_TB,KC,0.7226963,0.5603558104477222,35.491203,2.573611
2020,13,2020-12-06,2020_13_DEN_KC,KC,0.49091318,0.5755528125197243,34.791203,2.3069446
2020,14,2020-12-13,2020_14_KC_MIA,KC,0.5227326,0.5856012426661936,37.087498,2.288426
2020,15,2020-12-20,2020_15_KC_NO,KC,0.7417846,0.5846112218845062,36.658012,2.4123576
2020,16,2020-12-27,2020_16_ATL_KC,KC,0.8399021,0.5882192804925649,36.878525,2.6341524
2020,17,2021-01-03,2020_17_LAC_KC,KC,0.53433543,0.5899004182848138,35.637783,2.3193376
2021,1,2021-09-12,2021_01_CLE_KC,KC,,,,
2021,2,2021-09-19,2021_02_KC_BAL,KC,,,,
2021,3,2021-09-26,2021_03_LAC_KC,KC,,,,
2021,4,2021-10-03,2021_04_KC_PHI,KC,,,,
2021,5,2021-10-10,2021_05_BUF_KC,KC,,,,
2021,6,2021-10-17,2021_06_KC_WAS,KC,,,,
2021,7,2021-10-24,2021_07_KC_TEN,KC,1.2138555,0.5309354707792208,43.46812,3.1846561
2021,8,2021-11-01,2021_08_NYG_KC,KC,1.252144,0.5219397500647501,43.634785,3.163823
2021,9,2021-11-07,2021_09_GB_KC,KC,1.0094814,0.5514277851777852,40.38479,2.8471563
2021,10,2021-11-14,2021_10_KC_LV,KC,0.6205315,0.570013030723815,39.38479,2.4397485
2021,11,2021-11-21,2021_11_DAL_KC,KC,0.029278874,0.6087095194203037,34.08241,1.9587964
2021,13,2021-12-05,2021_13_DEN_KC,KC,-0.45380798,0.631013311307429,30.982407,1.5504631
2021,14,2021-12-12,2021_14_LV_KC,KC,-0.41413602,0.6159366595641106,33.550926,1.500463
2021,15,2021-12-16,2021_15_KC_LAC,KC,-1.0253109,0.6411846523121033,30.675926,1.087963
2021,16,2021-12-26,2021_16_PIT_KC,KC,-0.92755365,0.6171409645184155,33.20926,1.2712963
2021,17,2022-01-02,2021_17_KC_CIN,KC,-1.1010536,0.6221481596700894,31.857407,1.3268518
2021,18,2022-01-08,2021_18_KC_DEN,KC,-0.56101954,0.5961133919686551,35.67037,1.7231482
2022,1,2022-09-11,2022_01_KC_ARI,KC,,,,
2022,2,2022-09-15,2022_02_LAC_KC,KC,,,,
2022,3,2022-09-25,2022_03_KC_IND,KC,,,,
2022,4,2022-10-02,2022_04_KC_TB,KC,,,,
2022,5,2022-10-10,2022_05_LV_KC,KC,,,,
2022,6,2022-10-16,2022_06_BUF_KC,KC,,,,
2022,7,2022-10-23,2022_07_KC_SF,KC,0.6073834,0.5790688249686319,35.898315,2.565488
2022,9,2022-11-06,2022_09_TEN_KC,KC,0.6572121,0.562230949699384,38.481647,2.5784512
2022,10,2022-11-13,2022_10_JAX_KC,KC,0.56869453,0.5859822404961293,35.585186,2.450926
2022,11,2022-11-20,2022_11_KC_LAC,KC,0.5214306,0.5895927527908523,36.02458,2.3751683
2022,12,2022-11-27,2022_12_LA_KC,KC,0.55073005,0.5820461558692553,36.707912,2.3085017
2022,13,2022-12-04,2022_13_KC_CIN,KC,0.15316115,0.6026301848274672,33.228745,1.979798
2022,14,2022-12-11,2022_14_KC_DEN,KC,0.3220978,0.5960693147745336,34.32134,2.1782107
2022,15,2022-12-18,2022_15_KC_HOU,KC,0.18317743,0.6144562592141097,31.007235,2.1538517
2022,16,2022-12-24,2022_16_SEA_KC,KC,0.21869051,0.6086827190288049,31.496124,2.3177407
2022,17,2023-01-01,2022_17_DEN_KC,KC,0.0608907,0.631119492781368,31.496124,2.2116802
2022,18,2023-01-07,2022_18_KC_LV,KC,-0.0031400633,0.6431254150997904,29.676682,2.0950134
2023,1,2023-09-07,2023_01_DET_KC,KC,,,,
2023,2,2023-09-17,2023_02_KC_JAX,KC,,,,
2023,3,2023-09-24,2023_03_CHI_KC,KC,,,,
2023,4,2023-10-01,2023_04_KC_NYJ,KC,,,,
2023,5,2023-10-08,2023_05_KC_MIN,KC,,,,
2023,6,2023-10-12,2023_06_DEN_KC,KC,,,,
2023,7,2023-10-22,2023_07_LAC_KC,KC,-0.6444009,0.6627991413419221,28.959091,1.4064935
2023,8,2023-10-29,2023_08_KC_DEN,KC,-0.58177775,0.6663579436507244,29.472727,1.4625541
2023,9,2023-11-05,2023_09_MIA_KC,KC,-0.4597695,0.6512553694572412,29.00303,1.6898268
2023,11,2023-11-20,2023_11_PHI_KC,KC,-0.24126868,0.6252532234550952,30.04394,1.7352815
2023,12,2023-11-26,2023_12_KC_LV,KC,-0.25092664,0.6174255418774135,28.178787,1.7701298
2023,13,2023-12-03,2023_13_KC_GB,KC,-0.43497586,0.6189896186865883,27.438047,1.6087542
2023,14,2023-12-10,2023_14_BUF_KC,KC,0.22671466,0.60194717039414,33.216618,2.1349447
2023,15,2023-12-17,2023_15_KC_NE,KC,0.17562942,0.5961998158967856,32.751804,2.2219818
2023,16,2023-12-25,2023_16_LV_KC,KC,-0.12427088,0.6199380095213428,31.879328,2.0944564
2023,17,2023-12-31,2023_17_CIN_KC,KC,-0.1972502,0.6356326158409491,29.905088,2.0156686
2023,18,2024-01-07,2023_18_KC_LAC,KC,-0.17810547,0.6516835311565704,30.66098,2.0123017
2024,1,2024-09-05,2024_01_BAL_KC,KC,,,,
2024,2,2024-09-15,2024_02_CIN_KC,KC,,,,
2024,3,2024-09-22,2024_03_KC_ATL,KC,,,,
2024,4,2024-09-29,2024_04_KC_LAC,KC,,,,
2024,5,2024-10-07,2024_05_NO_KC,KC,,,,
2024,7,2024-10-20,2024_07_KC_SF,KC,,,,
2024,8,2024-10-27,2024_08_KC_LV,KC,-0.3981422,0.5955262730106758,31.152527,1.8282828
2024,9,2024-11-04,2024_09_TB_KC,KC,-0.504333,0.5982451365802339,28.978914,1.8745791
2024,10,2024-11-10,2024_10_DEN_KC,KC,-0.4068235,0.6142952901303874,28.312248,1.8560606
2024,11,2024-11-17,2024_11_KC_BUF,KC,-0.41717508,0.6241021590058837,27.349283,1.800505
2024,12,2024-11-24,2024_12_KC_CAR,KC,0.08237674,0.6004339804765941,30.430765,2.189394
2024,13,2024-11-29,2024_13_LV_KC,KC,0.4264494,0.5753534797016489,33.356693,2.49032
2024,14,2024-12-08,2024_14_LAC_KC,KC,0.48012173,0.5696257478375534,35.235477,2.4751685
2024,15,2024-12-15,2024_15_KC_CLE,KC,0.6779584,0.5860030626523681,35.818813,2.4126685
2024,16,2024-12-21,2024_16_HOU_KC,KC,0.17578904,0.5723651573477962,33.98263,2.0579674
2024,17,2024-12-25,2024_17_KC_PIT,KC,0.2861338,0.5743785952987341,35.167816,2.1945417
2024,18,2025-01-05,2024_18_KC_DEN,KC,-0.15594284,0.5738616225595392,33.26041,1.8241712
2016,1,2016-09-12,2016_01_LA_SF,LA,,,,
2016,2,2016-09-18,2016_02_SEA_LA,LA,,,,
2016,3,2016-09-25,2016_03_LA_TB,LA,,,,
2016,4,2016-10-02,2016_04_LA_ARI,LA,,,,
2016,5,2016-10-09,2016_05_BUF_LA,LA,,,,
2016,6,2016-10-16,2016_06_LA_DET,LA,,,,
2016,7,2016-10-23,2016_07_NYG_LA,LA,0.15080036,0.598771693684654,33.840134,2.0579283
2016,9,2016-11-06,2016_09_CAR_LA,LA,0.06862939,0.5818506873405707,32.974747,1.8517317
2016,10,2016-11-13,2016_10_LA_NYJ,LA,0.10715983,0.5755455902825496,32.05808,2.0128427
2016,11,2016-11-20,2016_11_MIA_LA,LA,0.007226005,0.598368785605745,30.430304,1.7517315
2016,12,2016-11-27,2016_12_LA_NO,LA,0.09151945,0.6085582103785031,27.673891,1.7506633
2016,13,2016-12-04,2016_13_LA_NE,LA,0.27180997,0.6090174838491401,30.3797,2.0675824
2016,14,2016-12-11,2016_14_ATL_LA,LA,-0.105636,0.6199893393643393,27.657478,1.6905984
2016,15,2016-12-15,2016_15_LA_SEA,LA,0.026662705,0.6074017285624428,27.883669,1.8949634
2016,16,2016-12-24,2016_16_SF_LA,LA,0.287073,0.604937573708582,30.029503,2.1782968
2016,17,2017-01-01,2016_17_ARI_LA,LA,0.37710655,0.5857390761277316,29.665216,2.3282967
2017,1,2017-09-10,2017_01_IND_LA,LA,,,,
2017,2,2017-09-17,2017_02_WAS_LA,LA,,,,
2017,3,2017-09-21,2017_03_LA_SF,LA,,,,
2017,4,2017-10-01,2017_04_LA_DAL,LA,,,,
2017,5,2017-10-08,2017_05_SEA_LA,LA,,,,
2017,6,2017-10-15,2017_06_LA_JAX,LA,,,,
2017,7,2017-10-22,2017_07_ARI_LA,LA,-0.13316208,0.6508089208024709,30.196428,2.0234127
2017,9,2017-11-05,2017_09_LA_NYG,LA,-0.19358073,0.6557956932892434,30.77262,1.9162699
2017,10,2017-11-12,2017_10_HOU_LA,LA,-0.5811303,0.6710479949998783,28.88373,1.702381
2017,11,2017-11-19,2017_11_LA_MIN,LA,-1.0473515,0.6869666646562932,26.980951,1.2579365
2017,12,2017-11-26,2017_12_NO_LA,LA,-1.0978575,0.664494111855223,28.01799,1.202381
2017,13,2017-12-03,2017_13_LA_ARI,LA,-0.8695748,0.6547420130099869,29.899302,1.283189
2017,14,2017-12-10,2017_14_PHI_LA,LA,-1.0093793,0.6724879245058983,29.147139,1.3232323
2017,15,2017-12-17,2017_15_LA_SEA,LA,-0.4397343,0.651355408798484,31.713804,1.7975913
2017,16,2017-12-24,2017_16_LA_TEN,LA,-0.7009426,0.6689350899198317,28.936028,1.6512238
2017,17,2017-12-31,2017_17_SF_LA,LA,-0.4691459,0.650032124693337,30.074915,1.7901126
2018,1,2018-09-10,2018_01_LA_OAK,LA,,,,
2018,2,2018-09-16,2018_02_ARI_LA,LA,,,,
2018,3,2018-09-23,2018_03_LAC_LA,LA,,,,
2018,4,2018-09-27,2018_04_MIN_LA,LA,,,,
2018,5,2018-10-07,2018_05_LA_SEA,LA,,,,
2018,6,2018-10-14,2018_06_LA_DEN,LA,,,,
2018,7,2018-10-21,2018_07_LA_SF,LA,-0.12595896,0.6256567660734328,33.69343,2.0045455
2018,8,2018-10-28,2018_08_GB_LA,LA,-0.32466415,0.638231521564855,31.310102,1.9267677
2018,9,2018-11-04,2018_09_LA_NO,LA,0.1790132,0.6203890759446314,34.33788,2.3017676
2018,10,2018-11-11,2018_10_SEA_LA,LA,0.4920589,0.6087131901020789,35.711952,2.6258419
2018,11,2018-11-19,2018_11_KC_LA,LA,0.5344713,0.6019849183738072,35.824074,2.6879628
2018,13,2018-12-02,2018_13_LA_DET,LA,0.37315235,0.5797825708242375,34.604168,2.582639
2018,14,2018-12-09,2018_14_LA_CHI,LA,0.20065604,0.5957066929983597,32.943058,2.4715278
2018,15,2018-12-16,2018_15_PHI_LA,LA,0.30617544,0.589777861027861,33.859722,2.5131943
2018,16,2018-12-23,2018_16_LA_ARI,LA,0.33133176,0.567862160987161,34.234722,2.554861
2018,17,2018-12-30,2018_17_SF_LA,LA,-0.18820858,0.5958960715210715,31.138426,1.9715277
2019,1,2019-09-08,2019_01_LA_CAR,LA,,,,
2019,2,2019-09-15,2019_02_NO_LA,LA,,,,
2019,3,2019-09-22,2019_03_LA_CLE,LA,,,,
2019,4,2019-09-29,2019_04_TB_LA,LA,,,,
2019,5,2019-10-03,2019_05_LA_SEA,LA,,,,
2019,6,2019-10-13,2019_06_SF_LA,LA,,,,
2019,7,2019-10-20,2019_07_LA_ATL,LA,-0.21650141,0.6019171392333157,30.407286,2.131255
2019,8,2019-10-27,2019_08_CIN_LA,LA,-0.40005374,0.6176288349450113,29.75985,1.9517678
2019,10,2019-11-10,2019_10_LA_PIT,LA,-0.13861871,0.6157581702066997,33.119106,1.9869529
2019,11,2019-11-17,2019_11_CHI_LA,LA,-0.21197069,0.624598676106029,32.072643,1.9122053
2019,12,2019-11-25,2019_12_BAL_LA,LA,-0.840041,0.6594336328159858,29.322645,1.3288721
2019,13,2019-12-01,2019_13_LA_ARI,LA,-0.2490703,0.6445015741339271,32.85484,1.8118266
2019,14,2019-12-08,2019_14_SEA_LA,LA,-0.500027,0.663904141263767,30.976051,1.6148568
2019,15,2019-12-15,2019_15_LA_DAL,LA,-0.3385394,0.6639945369791627,32.076054,1.5481902
2019,16,2019-12-21,2019_16_LA_SF,LA,0.084679864,0.6291682657558325,32.58346,2.0963385
2019,17,2019-12-29,2019_17_ARI_LA,LA,0.34748456,0.6072485188360857,33.83389,2.3330905
2020,1,2020-09-13,2020_01_DAL_LA,LA,,,,
2020,2,2020-09-20,2020_02_LA_PHI,LA,,,,
2020,3,2020-09-27,2020_03_LA_BUF,LA,,,,
2020,4,2020-10-04,2020_04_NYG_LA,LA,,,,
2020,5,2020-10-11,2020_05_LA_WAS,LA,,,,
2020,6,2020-10-18,2020_06_LA_SF,LA,,,,
2020,7,2020-10-26,2020_07_CHI_LA,LA,-0.14194731,0.6029723236328314,32.01795,1.9707977
2020,8,2020-11-01,2020_08_LA_MIA,LA,-0.38279793,0.6197342885197964,29.559616,1.7430199
2020,10,2020-11-15,2020_10_SEA_LA,LA,-0.62334657,0.6330580018435097,25.14295,1.6041311
2020,11,2020-11-23,2020_11_LA_TB,LA,-1.0047656,0.6403725905469873,23.748505,1.2226496
2020,12,2020-11-29,2020_12_SF_LA,LA,-0.86159676,0.635325392374789,22.317947,1.405983
2020,13,2020-12-06,2020_13_LA_ARI,LA,-0.870941,0.631244210469088,24.527082,1.4548612
2020,14,2020-12-10,2020_14_NE_LA,LA,-1.093275,0.6323821656511608,21.360418,1.3993055
2020,15,2020-12-20,2020_15_NYJ_LA,LA,-1.1908,0.6289084403024354,20.697538,1.3892045
2020,16,2020-12-27,2020_16_LA_SEA,LA,-1.0149213,0.6424120663060614,23.580872,1.5947601
2020,17,2021-01-03,2020_17_ARI_LA,LA,-0.8246875,0.6617414611910118,22.975317,1.6984638
2021,1,2021-09-12,2021_01_CHI_LA,LA,,,,
2021,2,2021-09-19,2021_02_LA_IND,LA,,,,
2021,3,2021-09-26,2021_03_TB_LA,LA,,,,
2021,4,2021-10-03,2021_04_ARI_LA,LA,,,,
2021,5,2021-10-07,2021_05_LA_SEA,LA,,,,
2021,6,2021-10-17,2021_06_LA_NYG,LA,,,,
2021,7,2021-10-24,2021_07_DET_LA,LA,-0.024150273,0.5806370905329239,36.944107,2.05665
2021,8,2021-10-31,2021_08_LA_HOU,LA,0.19368213,0.5874399610919219,37.92096,2.116835
2021,9,2021-11-07,2021_09_TEN_LA,LA,0.14401479,0.5967163328682936,35.904293,2.1251683
2021,10,2021-11-15,2021_10_LA_SF,LA,0.015662195,0.5814538869808478,31.387627,2.091835
2021,12,2021-11-28,2021_12_LA_GB,LA,-0.16931437,0.5878578739403904,28.9617,1.8696128
2021,13,2021-12-05,2021_13_JAX_LA,LA,-0.12089598,0.5974956898282062,29.105057,1.9966525
2021,14,2021-12-13,2021_14_LA_ARI,LA,-0.13442294,0.5927858163683327,28.54487,1.9873933
2021,15,2021-12-21,2021_15_SEA_LA,LA,-0.18719546,0.5927754010392899,28.459686,2.0188746
2021,16,2021-12-26,2021_16_LA_MIN,LA,-0.3197517,0.6031006776145665,28.526352,1.8938746
2021,17,2022-01-02,2021_17_LA_BAL,LA,-0.45322177,0.6193512557401447,30.95817,1.8756928
2021,18,2022-01-09,2021_18_SF_LA,LA,-0.6886391,0.6131879694379695,30.18595,1.6293964
2022,1,2022-09-08,2022_01_BUF_LA,LA,,,,
2022,2,2022-09-18,2022_02_ATL_LA,LA,,,,
2022,3,2022-09-25,2022_03_LA_ARI,LA,,,,
2022,4,2022-10-03,2022_04_LA_SF,LA,,,,
2022,5,2022-10-09,2022_05_DAL_LA,LA,,,,
2022,6,2022-10-16,2022_06_CAR_LA,LA,,,,
2022,8,2022-10-30,2022_08_SF_LA,LA,-0.53329164,0.6286698024198024,30.881987,1.7220539
2022,9,2022-11-06,2022_09_LA_TB,LA,-0.34142613,0.6269060376352044,30.881987,1.7938131
2022,10,2022-11-13,2022_10_ARI_LA,LA,-0.30493787,0.6432306674213726,31.023012,1.6822747
2022,11,2022-11-20,2022_11_LA_NO,LA,-0.18275385,0.6378062847053232,29.247086,1.9100524
2022,12,2022-11-27,2022_12_LA_KC,LA,-0.11451324,0.6222350966341351,29.213753,2.0600526
2022,13,2022-12-04,2022_13_SEA_LA,LA,0.2630385,0.5871139677630062,34.711857,2.359295
2022,14,2022-12-08,2022_14_LV_LA,LA,0.77802664,0.5622291714893211,39.478527,2.7926283
2022,15,2022-12-19,2022_15_LA_GB,LA,0.45717934,0.5727909027107745,37.404453,2.4430912
2022,16,2022-12-25,2022_16_DEN_LA,LA,0.74214196,0.5516796574237051,38.882473,2.8093917
2022,17,2023-01-01,2022_17_LA_LAC,LA,0.46689895,0.5586571706512183,39.315807,2.5760581
2022,18,2023-01-08,2022_18_LA_SEA,LA,0.63396853,0.551215384042765,41.880623,2.7001324
2023,1,2023-09-10,2023_01_LA_SEA,LA,,,,
2023,2,2023-09-17,2023_02_SF_LA,LA,,,,
2023,3,2023-09-25,2023_03_LA_CIN,LA,,,,
2023,4,2023-10-01,2023_04_LA_IND,LA,,,,
2023,5,2023-10-08,2023_05_PHI_LA,LA,,,,
2023,6,2023-10-15,2023_06_ARI_LA,LA,,,,
2023,7,2023-10-22,2023_07_PIT_LA,LA,-0.010044233,0.5997647086709587,33.59028,2.0138888
2023,8,2023-10-29,2023_08_LA_DAL,LA,0.08335054,0.6059269845380957,34.805553,2.1875
2023,9,2023-11-05,2023_09_LA_GB,LA,0.2377612,0.5800770011881123,35.22222,2.2708333
2023,11,2023-11-19,2023_11_SEA_LA,LA,0.2158166,0.5652039218263966,36.13005,2.3099747
2023,12,2023-11-26,2023_12_LA_ARI,LA,0.19384873,0.5770439385348344,35.43005,2.2266414
2023,13,2023-12-03,2023_13_CLE_LA,LA,-0.27475408,0.6172663318822277,30.027273,1.9882154
2023,14,2023-12-10,2023_14_LA_BAL,LA,-0.18635629,0.6320489797898755,29.968939,2.1021044
2023,15,2023-12-17,2023_15_WAS_LA,LA,-0.043469373,0.6503914793289564,30.986032,2.0422752
2023,16,2023-12-21,2023_16_NO_LA,LA,-0.5176037,0.6966554005928777,28.986032,1.7619723
2023,17,2023-12-31,2023_17_LA_NYG,LA,-0.49386343,0.7056387292731761,30.092094,1.8478309
2023,18,2024-01-07,2023_18_LA_SF,LA,-0.5525803,0.6945747751265151,29.856379,1.8073546
2024,1,2024-09-08,2024_01_LA_DET,LA,,,,
2024,2,2024-09-15,2024_02_LA_ARI,LA,,,,
2024,3,2024-09-22,2024_03_SF_LA,LA,,,,
2024,4,2024-09-29,2024_04_LA_CHI,LA,,,,
2024,5,2024-10-06,2024_05_GB_LA,LA,,,,
2024,7,2024-10-20,2024_07_LV_LA,LA,,,,
2024,8,2024-10-24,2024_08_MIN_LA,LA,0.67321444,0.5230566319201014,37.874752,2.7293446
2024,9,2024-11-03,2024_09_LA_SEA,LA,0.6782749,0.5411665299197053,37.42058,2.712678
2024,10,2024-11-11,2024_10_MIA_LA,LA,0.015973138,0.572547617708356,33.424553,2.191514
2024,11,2024-11-17,2024_11_LA_NE,LA,-0.29041955,0.594728939067309,29.262053,2.0748475
2024,12,2024-11-24,2024_12_PHI_LA,LA,-0.3112351,0.6064545077373221,31.4102,2.0378103
2024,13,2024-12-01,2024_13_LA_NO,LA,0.15019487,0.5830619846225767,34.854645,2.3229954
2024,14,2024-12-08,2024_14_BUF_LA,LA,0.42858386,0.5580366153735085,37.64471,2.4015212
2024,15,2024-12-12,2024_15_LA_SF,LA,0.7567664,0.5371811205596803,40.156284,2.7626324
2024,16,2024-12-22,2024_16_LA_NYJ,LA,0.73569673,0.5520349307706333,38.380093,2.624537
2024,17,2024-12-28,2024_17_ARI_LA,LA,0.5621856,0.5477437541110356,42.039616,2.4554894
2024,18,2025-01-05,2024_18_SEA_LA,LA,0.34080675,0.5463907603969308,42.447025,2.2147486
2016,1,2016-09-11,2016_01_SD_KC,LAC,,,,
2016,2,2016-09-18,2016_02_JAX_SD,LAC,,,,
2016,3,2016-09-25,2016_03_SD_IND,LAC,,,,
2016,4,2016-10-02,2016_04_NO_SD,LAC,,,,
2016,5,2016-10-09,2016_05_SD_OAK,LAC,,,,
2016,6,2016-10-13,2016_06_DEN_SD,LAC,,,,
2016,7,2016-10-23,2016_07_SD_ATL,LAC,-0.18048106,0.6142511800109839,30.817892,2.214899
2016,8,2016-10-30,2016_08_SD_DEN,LAC,-0.34012273,0.6122029196293902,30.854507,2.120202
2016,9,2016-11-06,2016_09_TEN_SD,LAC,-0.33871982,0.608635583604071,29.523338,2.1580808
2016,10,2016-11-13,2016_10_MIA_SD,LAC,-0.26674744,0.6129640945992486,28.148338,2.2108586
2016,12,2016-11-27,2016_12_SD_HOU,LAC,-0.11850304,0.5948528077379618,29.890005,2.1414142
2016,13,2016-12-04,2016_13_TB_SD,LAC,-0.32482362,0.5984291243044744,29.362226,1.8636364
2016,14,2016-12-11,2016_14_SD_CAR,LAC,-0.014985328,0.5631344035930871,32.001827,2.0858586
2016,15,2016-12-18,2016_15_OAK_SD,LAC,-0.027632939,0.5784913460333628,29.937433,2.0833333
2016,16,2016-12-24,2016_16_SD_CLE,LAC,0.19805937,0.5623376623376622,31.956482,2.1499999
2016,17,2017-01-01,2016_17_KC_SD,LAC,0.19861823,0.581063180646514,30.864815,1.9972223
2017,1,2017-09-11,2017_01_LAC_DEN,LAC,,,,
2017,2,2017-09-17,2017_02_MIA_LAC,LAC,,,,
2017,3,2017-09-24,2017_03_KC_LAC,LAC,,,,
2017,4,2017-10-01,2017_04_PHI_LAC,LAC,,,,
2017,5,2017-10-08,2017_05_LAC_NYG,LAC,,,,
2017,6,2017-10-15,2017_06_LAC_OAK,LAC,,,,
2017,7,2017-10-22,2017_07_DEN_LAC,LAC,0.45571578,0.5708030626780626,33.71478,2.2165954
2017,8,2017-10-29,2017_08_LAC_NE,LAC,0.083693884,0.5873828486328486,31.65367,1.8165954
2017,10,2017-11-12,2017_10_LAC_JAX,LAC,0.04807164,0.5829377158788923,32.312927,1.8147436
2017,11,2017-11-19,2017_11_BUF_LAC,LAC,-0.15580165,0.6171834469996235,31.212927,1.6126603
2017,12,2017-11-23,2017_12_LAC_DAL,LAC,-0.82061094,0.6342480152661149,28.022223,1.378686
2017,13,2017-12-03,2017_13_CLE_LAC,LAC,-0.9773891,0.6197359070040066,28.873184,1.2472757
2017,14,2017-12-10,2017_14_WAS_LAC,LAC,-0.95849305,0.6353394527638023,30.369019,1.1889423
2017,15,2017-12-16,2017_15_LAC_KC,LAC,-0.80276495,0.6187464392957889,29.910685,1.2861645
2017,16,2017-12-24,2017_16_LAC_NYJ,LAC,-0.71464235,0.6107970928905601,29.62735,1.4361645
2017,17,2017-12-31,2017_17_OAK_LAC,LAC,-0.75915694,0.5935800671913916,29.055923,1.3215812
2018,1,2018-09-09,2018_01_KC_LAC,LAC,,,,
2018,2,2018-09-16,2018_02_LAC_BUF,LAC,,,,
2018,3,2018-09-23,2018_03_LAC_LA,LAC,,,,
2018,4,2018-09-30,2018_04_SF_LAC,LAC,,,,
2018,5,2018-10-07,2018_05_OAK_LAC,LAC,,,,
2018,6,2018-10-14,2018_06_LAC_CLE,LAC,,,,
2018,7,2018-10-21,2018_07_TEN_LAC,LAC,0.018698215,0.575778902167791,32.254726,1.9684343
2018,9,2018-11-04,2018_09_LAC_SEA,LAC,-0.09104178,0.5648411811197759,35.607,1.8794192
2018,10,2018-11-11,2018_10_LAC_OAK,LAC,-0.10405838,0.5419112379692446,36.364574,1.8339647
2018,11,2018-11-18,2018_11_DEN_LAC,LAC,-0.57039636,0.5630476311542488,33.69791,1.4219276
2018,12,2018-11-25,2018_12_ARI_LAC,LAC,-0.37223196,0.5624950818516995,34.05902,1.5135943
2018,13,2018-12-02,2018_13_LAC_PIT,LAC,-0.5767589,0.5766232684798862,31.207169,1.4950757
2018,14,2018-12-09,2018_14_CIN_LAC,LAC,-0.1928994,0.5601854239170415,32.717426,1.8284091
2018,15,2018-12-13,2018_15_LAC_KC,LAC,-0.34682658,0.5720250208669326,30.055387,1.8214645
2018,16,2018-12-22,2018_16_BAL_LAC,LAC,0.0792446,0.5724577852702853,31.437963,2.1472223
2018,17,2018-12-30,2018_17_LAC_DEN,LAC,0.124728,0.6029975579975579,29.85463,2.2444444
2019,1,2019-09-08,2019_01_IND_LAC,LAC,,,,
2019,2,2019-09-15,2019_02_LAC_DET,LAC,,,,
2019,3,2019-09-22,2019_03_HOU_LAC,LAC,,,,
2019,4,2019-09-29,2019_04_LAC_MIA,LAC,,,,
2019,5,2019-10-06,2019_05_DEN_LAC,LAC,,,,
2019,6,2019-10-13,2019_06_PIT_LAC,LAC,,,,
2019,7,2019-10-20,2019_07_LAC_TEN,LAC,0.06757211,0.5814733420023454,34.289017,1.9613637
2019,8,2019-10-27,2019_08_LAC_CHI,LAC,-0.028256506,0.5797856453187337,35.705685,2.0146043
2019,9,2019-11-03,2019_09_GB_LAC,LAC,-0.13421987,0.5779234362595549,35.49188,2.016288
2019,10,2019-11-07,2019_10_LAC_OAK,LAC,-0.40541586,0.5889999754610941,33.083546,1.7746211
2019,11,2019-11-18,2019_11_KC_LAC,LAC,-0.25476184,0.5895763088499274,32.28998,1.8693181
2019,13,2019-12-01,2019_13_LAC_DEN,LAC,-0.02555491,0.5764545820918371,31.683922,1.9299244
2019,14,2019-12-08,2019_14_LAC_JAX,LAC,-0.09587758,0.5943466528025353,29.443182,1.9450759
2019,15,2019-12-15,2019_15_MIN_LAC,LAC,-0.4072229,0.6212664007802896,25.693182,1.6510943
2019,16,2019-12-22,2019_16_OAK_LAC,LAC,-0.090294085,0.5993201651976904,25.07197,1.9086701
2019,17,2019-12-29,2019_17_LAC_KC,LAC,0.25793314,0.5899157193349113,27.734007,2.144781
2020,1,2020-09-13,2020_01_LAC_CIN,LAC,,,,
2020,2,2020-09-20,2020_02_KC_LAC,LAC,,,,
2020,3,2020-09-27,2020_03_CAR_LAC,LAC,,,,
2020,4,2020-10-04,2020_04_LAC_TB,LAC,,,,
2020,5,2020-10-12,2020_05_LAC_NO,LAC,,,,
2020,7,2020-10-25,2020_07_JAX_LAC,LAC,,,,
2020,8,2020-11-01,2020_08_LAC_DEN,LAC,-0.20770101,0.6079226160235776,32.251534,2.126826
2020,9,2020-11-08,2020_09_LV_LAC,LAC,0.045623194,0.6152976291277573,33.057087,2.376826
2020,10,2020-11-15,2020_10_LAC_MIA,LAC,0.16633661,0.6070337402388685,31.45709,2.526826
2020,11,2020-11-22,2020_11_NYJ_LAC,LAC,0.17102902,0.5869179994981277,31.15709,2.6601593
2020,12,2020-11-29,2020_12_LAC_BUF,LAC,-0.010908432,0.6210576098877382,28.887392,2.517735
2020,13,2020-12-06,2020_13_NE_LAC,LAC,0.09520089,0.6052056199972867,28.702078,2.5422106
2020,14,2020-12-13,2020_14_ATL_LAC,LAC,0.42728487,0.5781078440358743,29.32096,2.7729797
2020,15,2020-12-17,2020_15_LAC_LV,LAC,0.40838668,0.5568522092385729,31.064016,2.6965911
2020,16,2020-12-27,2020_16_DEN_LAC,LAC,0.36818936,0.5474742225915644,34.70985,2.7424242
2020,17,2021-01-03,2020_17_LAC_KC,LAC,0.34451604,0.5620939315862734,36.576515,2.5257576
2021,1,2021-09-12,2021_01_LAC_WAS,LAC,,,,
2021,2,2021-09-19,2021_02_DAL_LAC,LAC,,,,
2021,3,2021-09-26,2021_03_LAC_KC,LAC,,,,
2021,4,2021-10-04,2021_04_LV_LAC,LAC,,,,
2021,5,2021-10-10,2021_05_CLE_LAC,LAC,,,,
2021,6,2021-10-17,2021_06_LAC_BAL,LAC,,,,
2021,8,2021-10-31,2021_08_NE_LAC,LAC,0.31733966,0.56252405002405,37.18308,2.5651636
2021,9,2021-11-07,2021_09_LAC_PHI,LAC,0.38014162,0.5484487454184425,37.76557,2.5870492
2021,10,2021-11-14,2021_10_MIN_LAC,LAC,0.5026224,0.570554880024577,36.81319,2.6822872
2021,11,2021-11-21,2021_11_PIT_LAC,LAC,0.51006806,0.5751915242445546,34.94282,2.7378428
2021,12,2021-11-28,2021_12_LAC_DEN,LAC,0.8792756,0.5475619547399849,36.745853,3.1423883
2021,13,2021-12-05,2021_13_LAC_CIN,LAC,0.78483003,0.5476422756536393,34.468075,3.031277
2021,14,2021-12-12,2021_14_NYG_LAC,LAC,0.32876047,0.5661205566319203,33.153973,2.746662
2021,15,2021-12-16,2021_15_KC_LAC,LAC,0.2420854,0.5824175592925593,32.320637,2.7315102
2021,16,2021-12-26,2021_16_LAC_HOU,LAC,0.15257217,0.5827783096533097,32.589687,2.7100818
2021,17,2022-01-02,2021_17_DEN_LAC,LAC,0.4000084,0.5754659370223095,34.867466,2.8582296
2021,18,2022-01-09,2021_18_LAC_LV,LAC,0.16793077,0.5788798045333993,35.77487,2.4823039
2022,1,2022-09-11,2022_01_LV_LAC,LAC,,,,
2022,2,2022-09-15,2022_02_LAC_KC,LAC,,,,
2022,3,2022-09-25,2022_03_JAX_LAC,LAC,,,,
2022,4,2022-10-02,2022_04_LAC_HOU,LAC,,,,
2022,5,2022-10-09,2022_05_LAC_CLE,LAC,,,,
2022,6,2022-10-17,2022_06_DEN_LAC,LAC,,,,
2022,7,2022-10-23,2022_07_SEA_LAC,LAC,0.2281028,0.5771203025369692,34.39192,2.392761
2022,9,2022-11-06,2022_09_LAC_ATL,LAC,0.48280254,0.5609164625173397,34.999496,2.6367004
2022,10,2022-11-13,2022_10_LAC_SF,LAC,0.32545137,0.577643983032739,35.984344,2.6333334
2022,11,2022-11-20,2022_11_KC_LAC,LAC,0.0142206475,0.5924615111836005,34.728786,2.3148148
2022,12,2022-11-27,2022_12_LAC_ARI,LAC,0.4277315,0.5721940214716664,37.97963,2.506734
2022,13,2022-12-04,2022_13_LAC_LV,LAC,0.23014623,0.5892104391498487,36.696297,2.4400673
2022,14,2022-12-11,2022_14_MIA_LAC,LAC,0.25222358,0.5804504911853553,38.398315,2.572643
2022,15,2022-12-18,2022_15_TEN_LAC,LAC,0.038596585,0.608136321436975,35.99074,2.2953703
2022,16,2022-12-26,2022_16_LAC_IND,LAC,-0.062052343,0.6179424104097306,34.47559,2.1926768
2022,17,2023-01-01,2022_17_LA_LAC,LAC,-0.5432319,0.6282064519237721,30.908922,1.8760101
2022,18,2023-01-08,2022_18_LAC_DEN,LAC,-0.99725395,0.649590880252645,28.112625,1.528788
2023,1,2023-09-10,2023_01_MIA_LAC,LAC,,,,
2023,2,2023-09-17,2023_02_LAC_TEN,LAC,,,,
2023,3,2023-09-24,2023_03_LAC_MIN,LAC,,,,
2023,4,2023-10-01,2023_04_LV_LAC,LAC,,,,
2023,6,2023-10-16,2023_06_DAL_LAC,LAC,,,,
2023,7,2023-10-22,2023_07_LAC_KC,LAC,,,,
2023,8,2023-10-29,2023_08_CHI_LAC,LAC,0.57932466,0.5607083797235313,40.103703,2.5537035
2023,9,2023-11-06,2023_09_LAC_NYJ,LAC,-0.048744034,0.5965228031359939,36.637035,2.1944444
2023,10,2023-11-12,2023_10_DET_LAC,LAC,-0.52096134,0.612508562390984,34.931908,1.8622766
2023,11,2023-11-19,2023_11_LAC_GB,LAC,-0.02109549,0.5934609895934112,37.19302,2.221536
2023,12,2023-11-26,2023_12_BAL_LAC,LAC,0.2115757,0.5907648518036904,39.82635,2.3472934
2023,13,2023-12-03,2023_13_LAC_NE,LAC,0.10781038,0.5778171205226258,39.50598,2.3102562
2023,14,2023-12-10,2023_14_DEN_LAC,LAC,-0.5046859,0.6031478083533136,35.605984,1.7935897
2023,15,2023-12-14,2023_15_LAC_LV,LAC,-0.31307042,0.5924886078044072,34.633762,1.8861823
2023,16,2023-12-23,2023_16_BUF_LAC,LAC,0.29669595,0.5617782213247899,35.372223,2.3759258
2023,17,2023-12-31,2023_17_LAC_DEN,LAC,-0.2025423,0.5969074439540125,31.177778,2.0166667
2023,18,2024-01-07,2023_18_KC_LAC,LAC,-0.29819492,0.5892256894340228,29.794443,1.9000001
2024,1,2024-09-08,2024_01_LV_LAC,LAC,,,,
2024,2,2024-09-15,2024_02_LAC_CAR,LAC,,,,
2024,3,2024-09-22,2024_03_LAC_PIT,LAC,,,,
2024,4,2024-09-29,2024_04_KC_LAC,LAC,,,,
2024,6,2024-10-13,2024_06_LAC_DEN,LAC,,,,
2024,7,2024-10-21,2024_07_LAC_ARI,LAC,,,,
2024,8,2024-10-27,2024_08_NO_LAC,LAC,-0.6644251,0.5702839007700119,28.18872,1.4195286
2024,9,2024-11-03,2024_09_LAC_CLE,LAC,-0.6000564,0.5648856724551169,28.341497,1.3639731
2024,10,2024-11-10,2024_10_TEN_LAC,LAC,-0.5504099,0.5496607557596119,29.675997,1.4467236
2024,11,2024-11-17,2024_11_CIN_LAC,LAC,-0.57663506,0.5440721314209876,30.097292,1.4305199
2024,12,2024-11-25,2024_12_BAL_LAC,LAC,-0.43272817,0.572327602801459,30.783403,1.5221866
2024,13,2024-12-01,2024_13_LAC_ATL,LAC,0.012033629,0.5738156096203482,33.66257,1.8805199
2024,14,2024-12-08,2024_14_LAC_KC,LAC,-0.35970077,0.5786681850284792,33.458866,1.7823719
2024,15,2024-12-15,2024_15_TB_LAC,LAC,0.03345489,0.5548043816507868,34.769054,2.0508902
2024,16,2024-12-19,2024_16_DEN_LAC,LAC,0.66920996,0.5169148202318137,39.275463,2.589352
2024,17,2024-12-28,2024_17_LAC_NE,LAC,0.7966823,0.5252547673217608,39.567127,2.6851852
2024,18,2025-01-05,2024_18_LAC_LV,LAC,0.44579706,0.5169620184040119,36.07176,2.4398148
2016,1,2016-09-11,2016_01_OAK_NO,LV,,,,
2016,2,2016-09-18,2016_02_ATL_OAK,LV,,,,
2016,3,2016-09-25,2016_03_OAK_TEN,LV,,,,
2016,4,2016-10-02,2016_04_OAK_BAL,LV,,,,
2016,5,2016-10-09,2016_05_SD_OAK,LV,,,,
2016,6,2016-10-16,2016_06_KC_OAK,LV,,,,
2016,7,2016-10-23,2016_07_OAK_JAX,LV,0.58748335,0.5573016436625744,40.62596,2.4814093
2016,8,2016-10-30,2016_08_OAK_TB,LV,0.32299215,0.5827532122959612,38.171417,2.208682
2016,9,2016-11-06,2016_09_DEN_OAK,LV,-0.010316628,0.6181583472844295,32.99086,1.9614598
2016,11,2016-11-21,2016_11_HOU_OAK,LV,0.06333488,0.6281285853796676,31.685305,2.1003487
2016,12,2016-11-27,2016_12_CAR_OAK,LV,0.21199131,0.6434141728081122,32.790066,2.1241581
2016,13,2016-12-04,2016_13_BUF_OAK,LV,0.17073482,0.6495778744263593,30.906616,2.0647175
2016,14,2016-12-08,2016_14_OAK_KC,LV,-0.039617304,0.6539940600925449,29.167559,1.9468726
2016,15,2016-12-18,2016_15_OAK_SD,LV,-0.10649568,0.6511490515657182,28.728165,1.9317211
2016,16,2016-12-24,2016_16_IND_OAK,LV,-0.27640238,0.666047640630974,29.37539,1.8789433
2016,17,2017-01-01,2016_17_OAK_DEN,LV,-0.13786697,0.6327547915047914,31.772612,2.0011656
2017,1,2017-09-10,2017_01_OAK_TEN,LV,,,,
2017,2,2017-09-17,2017_02_NYJ_OAK,LV,,,,
2017,3,2017-09-24,2017_03_OAK_WAS,LV,,,,
2017,4,2017-10-01,2017_04_OAK_DEN,LV,,,,
2017,5,2017-10-08,2017_05_BAL_OAK,LV,,,,
2017,6,2017-10-15,2017_06_LAC_OAK,LV,,,,
2017,7,2017-10-19,2017_07_KC_OAK,LV,0.35870802,0.6059890780282194,35.585144,2.058165
2017,8,2017-10-29,2017_08_OAK_BUF,LV,0.66720504,0.5910292950128809,36.974033,2.3174243
2017,9,2017-11-05,2017_09_OAK_MIA,LV,0.6990371,0.573874385528426,36.551685,2.325
2017,11,2017-11-19,2017_11_NE_OAK,LV,0.7162132,0.567355287342661,36.01128,2.2984848
2017,12,2017-11-26,2017_12_DEN_OAK,LV,1.3153814,0.5320179282382194,39.246967,2.6671717
2017,13,2017-12-03,2017_13_NYG_OAK,LV,0.93921334,0.5709013091670548,35.62576,2.4348485
2017,14,2017-12-10,2017_14_OAK_KC,LV,0.8684916,0.5635566014056804,33.589645,2.3876262
2017,15,2017-12-17,2017_15_DAL_OAK,LV,0.4925636,0.584341777531023,31.719276,2.22601
2017,16,2017-12-25,2017_16_OAK_PHI,LV,0.42844808,0.6058422257360166,33.599957,2.2184343
2017,17,2017-12-31,2017_17_OAK_LAC,LV,0.09291715,0.6332299306237215,29.984808,2.014394
2018,1,2018-09-10,2018_01_LA_OAK,LV,,,,
2018,2,2018-09-16,2018_02_OAK_DEN,LV,,,,
2018,3,2018-09-23,2018_03_OAK_MIA,LV,,,,
2018,4,2018-09-30,2018_04_CLE_OAK,LV,,,,
2018,5,2018-10-07,2018_05_OAK_LAC,LV,,,,
2018,6,2018-10-14,2018_06_SEA_OAK,LV,,,,
2018,8,2018-10-28,2018_08_IND_OAK,LV,0.81522447,0.5490009825024446,36.482494,2.701389
2018,9,2018-11-01,2018_09_OAK_SF,LV,1.2806083,0.5398937691963148,40.56204,3.1055555
2018,10,2018-11-11,2018_10_LAC_OAK,LV,1.5396825,0.5136494887853678,41.61759,3.3648148
2018,11,2018-11-18,2018_11_OAK_ARI,LV,1.4840684,0.5397760319952443,41.587963,3.2685184
2018,12,2018-11-25,2018_12_OAK_BAL,LV,1.3631086,0.547551688491661,40.647793,3.1673787
2018,13,2018-12-02,2018_13_KC_OAK,LV,1.2356832,0.5381577439588275,39.432976,3.052564
2018,14,2018-12-09,2018_14_PIT_OAK,LV,1.3066307,0.5390686386197222,40.08449,3.0961246
2018,15,2018-12-16,2018_15_OAK_CIN,LV,0.7024226,0.5661504236504237,36.12616,2.591958
2018,16,2018-12-24,2018_16_DEN_OAK,LV,0.42575464,0.5896778901925961,32.403934,2.3789952
2018,17,2018-12-30,2018_17_OAK_KC,LV,0.09728623,0.5978530763980854,30.745687,2.2207458
2019,1,2019-09-09,2019_01_DEN_OAK,LV,,,,
2019,2,2019-09-15,2019_02_KC_OAK,LV,,,,
2019,3,2019-09-22,2019_03_OAK_MIN,LV,,,,
2019,4,2019-09-29,2019_04_OAK_IND,LV,,,,
2019,5,2019-10-06,2019_05_CHI_OAK,LV,,,,
2019,7,2019-10-20,2019_07_OAK_GB,LV,,,,
2019,8,2019-10-27,2019_08_OAK_HOU,LV,1.22353,0.540513723484516,39.55387,2.9997475
2019,9,2019-11-03,2019_09_DET_OAK,LV,1.2787771,0.5338327097357025,38.757576,3.1664143
2019,10,2019-11-07,2019_10_LAC_OAK,LV,1.2619597,0.5204606363963089,40.687206,3.1441917
2019,11,2019-11-17,2019_11_CIN_OAK,LV,0.80730325,0.5349423692603947,38.187206,2.8358586
2019,12,2019-11-24,2019_12_OAK_NYJ,LV,0.72444797,0.5342667822211713,36.656902,2.6237373
2019,13,2019-12-01,2019_13_OAK_KC,LV,0.8166278,0.5296769276313168,38.781147,2.69798
2019,14,2019-12-08,2019_14_TEN_OAK,LV,0.5061516,0.5204855017732243,34.632996,2.5127947
2019,15,2019-12-15,2019_15_JAX_OAK,LV,0.6577658,0.5090799666542388,37.16263,2.6127946
2019,16,2019-12-22,2019_16_OAK_LAC,LV,0.62922925,0.5287660162013994,33.551517,2.5387206
2019,17,2019-12-29,2019_17_OAK_DEN,LV,0.7589839,0.5320210219073855,33.662624,2.4535353
2020,1,2020-09-13,2020_01_LV_CAR,LV,,,,
2020,2,2020-09-21,2020_02_NO_LV,LV,,,,
2020,3,2020-09-27,2020_03_LV_NE,LV,,,,
2020,4,2020-10-04,2020_04_BUF_LV,LV,,,,
2020,5,2020-10-11,2020_05_LV_KC,LV,,,,
2020,7,2020-10-25,2020_07_TB_LV,LV,,,,
2020,8,2020-11-01,2020_08_LV_CLE,LV,1.3879417,0.544500338676475,42.23325,3.381734
2020,9,2020-11-08,2020_09_LV_LAC,LV,1.0589727,0.5544715493829798,41.557323,3.0113637
2020,10,2020-11-15,2020_10_DEN_LV,LV,0.9911866,0.564492662529093,40.37214,2.9928453
2020,11,2020-11-22,2020_11_KC_LV,LV,0.4768771,0.595028330564761,37.91936,2.6595118
2020,12,2020-11-29,2020_12_LV_ATL,LV,0.69701433,0.5744812272051577,40.66936,2.7636786
2020,13,2020-12-06,2020_13_LV_NYJ,LV,0.56828696,0.5694986998295821,38.3302,2.7683403
2020,14,2020-12-13,2020_14_IND_LV,LV,0.19918324,0.5962844141152965,36.490807,2.4274313
2020,15,2020-12-17,2020_15_LAC_LV,LV,0.7696814,0.5625876234332117,38.777843,2.9644682
2020,16,2020-12-26,2020_16_MIA_LV,LV,0.89182734,0.563452216658916,39.57414,3.0385425
2020,17,2021-01-03,2020_17_LV_DEN,LV,1.2615682,0.5579248946543213,41.0451,3.265815
2021,1,2021-09-13,2021_01_BAL_LV,LV,,,,
2021,2,2021-09-19,2021_02_LV_PIT,LV,,,,
2021,3,2021-09-26,2021_03_MIA_LV,LV,,,,
2021,4,2021-10-04,2021_04_LV_LAC,LV,,,,
2021,5,2021-10-10,2021_05_CHI_LV,LV,,,,
2021,6,2021-10-17,2021_06_LV_DEN,LV,,,,
2021,7,2021-10-24,2021_07_PHI_LV,LV,-0.01882097,0.6170699358793537,32.49158,2.1094277
2021,9,2021-11-07,2021_09_LV_NYG,LV,0.011321475,0.6093832809704764,33.52399,2.1233165
2021,10,2021-11-14,2021_10_KC_LV,LV,-0.038409702,0.5819482160354116,32.190655,2.1233165
2021,11,2021-11-21,2021_11_CIN_LV,LV,0.5035992,0.5620302353535419,36.838806,2.590909
2021,12,2021-11-25,2021_12_LV_DAL,LV,0.6695846,0.5389243050885208,35.850925,2.7
2021,13,2021-12-05,2021_13_WAS_LV,LV,0.72371715,0.5455674803591469,36.52156,2.710582
2021,14,2021-12-12,2021_14_LV_KC,LV,0.8600306,0.5399705888247555,36.792393,2.7314155
2021,15,2021-12-20,2021_15_LV_CLE,LV,1.3450319,0.5021896454882566,37.033134,3.120304
2021,16,2021-12-26,2021_16_DEN_LV,LV,1.265417,0.5428980857105857,36.373875,3.038823
2021,17,2022-01-02,2021_17_LV_IND,LV,0.565708,0.5690554931179932,30.040543,2.5203042
2021,18,2022-01-09,2021_18_LAC_LV,LV,0.3501891,0.594425317254157,30.092394,2.3573413
2022,1,2022-09-11,2022_01_LV_LAC,LV,,,,
2022,2,2022-09-18,2022_02_ARI_LV,LV,,,,
2022,3,2022-09-25,2022_03_LV_TEN,LV,,,,
2022,4,2022-10-02,2022_04_DEN_LV,LV,,,,
2022,5,2022-10-10,2022_05_LV_KC,LV,,,,
2022,7,2022-10-23,2022_07_HOU_LV,LV,,,,
2022,8,2022-10-30,2022_08_LV_NO,LV,0.29835764,0.5936020528760427,40.116413,2.5540404
2022,9,2022-11-06,2022_09_LV_JAX,LV,0.41605482,0.5820238047352947,41.99558,2.6540403
2022,10,2022-11-13,2022_10_IND_LV,LV,0.4940965,0.5754075506190405,41.00669,2.7151515
2022,11,2022-11-20,2022_11_LV_DEN,LV,0.42989072,0.5760119462234362,41.23447,2.6873739
2022,12,2022-11-27,2022_12_LV_SEA,LV,0.62697923,0.5516966431202542,42.333797,2.6351852
2022,13,2022-12-04,2022_13_LAC_LV,LV,0.40789282,0.5464406850865184,40.68102,2.551852
2022,14,2022-12-08,2022_14_LV_LA,LV,0.20845926,0.5589507444715779,37.38178,2.3473065
2022,15,2022-12-18,2022_15_NE_LV,LV,0.06369512,0.5644905171988506,35.52761,2.201473
2022,16,2022-12-24,2022_16_LV_PIT,LV,-0.24000482,0.5810068181636809,33.25261,1.9875841
2022,17,2023-01-01,2022_17_SF_LV,LV,-0.46166733,0.5895975484210778,32.395203,1.8116583
2022,18,2023-01-07,2022_18_KC_LV,LV,-0.25315502,0.5726654205041014,33.65951,2.075968
2023,1,2023-09-10,2023_01_LV_DEN,LV,,,,
2023,2,2023-09-17,2023_02_LV_BUF,LV,,,,
2023,3,2023-09-24,2023_03_PIT_LV,LV,,,,
2023,4,2023-10-01,2023_04_LV_LAC,LV,,,,
2023,5,2023-10-09,2023_05_GB_LV,LV,,,,
2023,6,2023-10-15,2023_06_NE_LV,LV,,,,
2023,7,2023-10-22,2023_07_LV_CHI,LV,0.3960868,0.596392254940049,35.196087,2.5554292
2023,8,2023-10-30,2023_08_LV_DET,LV,0.41827658,0.6057051914588679,34.02942,2.5554292
2023,9,2023-11-05,2023_09_NYG_LV,LV,-0.25111753,0.6317761792945616,32.622223,2.157702
2023,10,2023-11-12,2023_10_NYJ_LV,LV,-0.7371413,0.6453297553481377,31.819191,1.9001263
2023,11,2023-11-19,2023_11_LV_MIA,LV,-0.88298994,0.6445757870941694,32.88586,1.7001263
2023,12,2023-11-26,2023_12_KC_LV,LV,-0.7741105,0.6541206403890228,33.777527,1.7612373
2023,14,2023-12-10,2023_14_MIN_LV,LV,-0.47994244,0.6410829771777484,35.064564,1.9811448
2023,15,2023-12-14,2023_15_LAC_LV,LV,-0.9746143,0.6440952154841044,32.509007,1.5821549
2023,16,2023-12-25,2023_16_LV_KC,LV,-1.160276,0.6551254601681952,29.401781,1.4574462
2023,17,2023-12-31,2023_17_LV_IND,LV,-1.019472,0.6484927200127278,29.901781,1.5786585
2023,18,2024-01-07,2023_18_DEN_LV,LV,-0.56415635,0.6348038972614051,31.480947,1.8578249
2024,1,2024-09-08,2024_01_LV_LAC,LV,,,,
2024,2,2024-09-15,2024_02_LV_BAL,LV,,,,
2024,3,2024-09-22,2024_03_CAR_LV,LV,,,,
2024,4,2024-09-29,2024_04_CLE_LV,LV,,,,
2024,5,2024-10-06,2024_05_LV_DEN,LV,,,,
2024,6,2024-10-13,2024_06_PIT_LV,LV,,,,
2024,7,2024-10-20,2024_07_LV_LA,LV,0.17233443,0.5762286303763576,28.859848,2.2593434
2024,8,2024-10-27,2024_08_KC_LV,LV,0.016528254,0.5477819613046886,28.068182,2.1482322
2024,9,2024-11-03,2024_09_LV_CIN,LV,0.20411186,0.5349066807210747,30.116793,2.3912878
2024,11,2024-11-17,2024_11_LV_MIA,LV,0.12572907,0.5305764991181657,29.147095,2.4670455
2024,12,2024-11-24,2024_12_DEN_LV,LV,0.9910507,0.48517617232078014,34.241543,3.2448232
2024,13,2024-11-29,2024_13_LV_KC,LV,1.0039517,0.49441375011896405,35.09634,3.2953281
2024,14,2024-12-08,2024_14_LV_TB,LV,0.8109009,0.5215591047643187,35.363003,3.0498736
2024,15,2024-12-16,2024_15_ATL_LV,LV,1.1797601,0.5281836838888978,38.738003,3.3220959
2024,16,2024-12-22,2024_16_JAX_LV,LV,0.7997013,0.5462136862939001,35.67172,2.9565656
2024,17,2024-12-29,2024_17_LV_NO,LV,0.37830415,0.5769977170779309,34.267677,2.5297978
2024,18,2025-01-05,2024_18_LAC_LV,LV,-0.63888615,0.6150501602774331,29.232323,1.7368687
2016,1,2016-09-11,2016_01_MIA_SEA,MIA,,,,
2016,2,2016-09-18,2016_02_MIA_NE,MIA,,,,
2016,3,2016-09-25,2016_03_CLE_MIA,MIA,,,,
2016,4,2016-09-29,2016_04_MIA_CIN,MIA,,,,
2016,5,2016-10-09,2016_05_TEN_MIA,MIA,,,,
2016,6,2016-10-16,2016_06_PIT_MIA,MIA,,,,
2016,7,2016-10-23,2016_07_BUF_MIA,MIA,-0.09466696,0.5950288656349262,34.07114,1.89329
2016,9,2016-11-06,2016_09_NYJ_MIA,MIA,0.15214264,0.5962729283985969,33.258007,2.0902598
2016,10,2016-11-13,2016_10_MIA_SD,MIA,0.059975747,0.5988786560043244,31.744371,2.003896
2016,11,2016-11-20,2016_11_MIA_LA,MIA,0.17390698,0.6056986107409459,31.865402,2.1348484
2016,12,2016-11-27,2016_12_SF_MIA,MIA,-0.10262469,0.6263161876085227,28.765404,1.9070706
2016,13,2016-12-04,2016_13_MIA_BAL,MIA,-0.07748282,0.6326781841977921,29.52298,1.8525252
2016,14,2016-12-11,2016_14_ARI_MIA,MIA,0.24288408,0.607553124072732,31.90177,2.1949494
2016,15,2016-12-17,2016_15_MIA_NYJ,MIA,0.02460239,0.6133847622835719,31.433153,2.0932178
2016,16,2016-12-24,2016_16_MIA_BUF,MIA,-0.3326155,0.6170408995935553,30.53187,1.8765513
2016,17,2017-01-01,2016_17_NE_MIA,MIA,-0.2536939,0.6093138272831496,33.101315,1.9737735
2017,2,2017-09-17,2017_02_MIA_LAC,MIA,,,,
2017,3,2017-09-24,2017_03_MIA_NYJ,MIA,,,,
2017,4,2017-10-01,2017_04_NO_MIA,MIA,,,,
2017,5,2017-10-08,2017_05_TEN_MIA,MIA,,,,
2017,6,2017-10-15,2017_06_MIA_ATL,MIA,,,,
2017,7,2017-10-22,2017_07_NYJ_MIA,MIA,,,,
2017,8,2017-10-26,2017_08_MIA_BAL,MIA,-0.27351362,0.6268353780258542,30.117966,1.7810522
2017,9,2017-11-05,2017_09_OAK_MIA,MIA,-0.22638647,0.6283620920525682,27.142181,1.8252119
2017,10,2017-11-13,2017_10_MIA_CAR,MIA,-0.035491195,0.6336874485142884,27.824,1.9312725
2017,11,2017-11-19,2017_11_TB_MIA,MIA,0.3912817,0.6062929294531026,30.638815,2.3942354
2017,12,2017-11-26,2017_12_MIA_NE,MIA,0.64869195,0.5823544290036132,32.742294,2.5828803
2017,13,2017-12-03,2017_13_DEN_MIA,MIA,0.7580924,0.5796380096205271,32.843304,2.7983685
2017,14,2017-12-11,2017_14_NE_MIA,MIA,0.36529008,0.5962070597833273,31.457888,2.470644
2017,15,2017-12-17,2017_15_MIA_BUF,MIA,0.2279814,0.6116457877220552,30.816862,2.36808
2017,16,2017-12-24,2017_16_MIA_KC,MIA,0.09093767,0.6155380654779694,30.013832,2.3226254
2017,17,2017-12-31,2017_17_BUF_MIA,MIA,-0.3504075,0.6398058809957848,27.539759,1.9726254
2018,1,2018-09-09,2018_01_TEN_MIA,MIA,,,,
2018,2,2018-09-16,2018_02_MIA_NYJ,MIA,,,,
2018,3,2018-09-23,2018_03_OAK_MIA,MIA,,,,
2018,4,2018-09-30,2018_04_MIA_NE,MIA,,,,
2018,5,2018-10-07,2018_05_MIA_CIN,MIA,,,,
2018,6,2018-10-14,2018_06_CHI_MIA,MIA,,,,
2018,7,2018-10-21,2018_07_DET_MIA,MIA,-0.056233227,0.5805575364691983,35.378902,2.0564103
2018,8,2018-10-25,2018_08_MIA_HOU,MIA,0.5796911,0.5692367525522606,40.633713,2.4666667
2018,9,2018-11-04,2018_09_NYJ_MIA,MIA,1.0605763,0.5508843978362695,42.754925,2.9212122
2018,10,2018-11-11,2018_10_MIA_GB,MIA,0.68453914,0.575863770315642,39.10364,2.6648018
2018,12,2018-11-25,2018_12_MIA_IND,MIA,0.6382303,0.5595907459543823,39.253643,2.6773016
2018,13,2018-12-02,2018_13_BUF_MIA,MIA,0.7716763,0.5650818037181674,40.527634,2.8250291
2018,14,2018-12-09,2018_14_NE_MIA,MIA,0.68413776,0.5834030868121778,39.800358,2.643211
2018,15,2018-12-16,2018_15_MIA_MIN,MIA,0.44400695,0.593971361130452,37.154526,2.5265443
2018,16,2018-12-23,2018_16_JAX_MIA,MIA,0.2293374,0.5898008683235956,36.745434,2.5113928
2018,17,2018-12-30,2018_17_MIA_BUF,MIA,0.33746526,0.5694575311052584,36.313385,2.617803
2019,1,2019-09-08,2019_01_BAL_MIA,MIA,,,,
2019,2,2019-09-15,2019_02_NE_MIA,MIA,,,,
2019,3,2019-09-22,2019_03_MIA_DAL,MIA,,,,
2019,4,2019-09-29,2019_04_LAC_MIA,MIA,,,,
2019,6,2019-10-13,2019_06_WAS_MIA,MIA,,,,
2019,7,2019-10-20,2019_07_MIA_BUF,MIA,,,,
2019,8,2019-10-28,2019_08_MIA_PIT,MIA,1.6672038,0.515701335247904,41.37108,3.4579725
2019,9,2019-11-03,2019_09_NYJ_MIA,MIA,0.85010785,0.564549448414199,37.82411,2.88373
2019,10,2019-11-10,2019_10_MIA_IND,MIA,0.70016176,0.5908839970025354,37.423855,2.6955988
2019,11,2019-11-17,2019_11_BUF_MIA,MIA,0.19313405,0.6264923469858853,34.304413,2.345599
2019,12,2019-11-24,2019_12_MIA_CLE,MIA,-0.028148895,0.6558600067268482,30.657892,2.1056721
2019,13,2019-12-01,2019_13_PHI_MIA,MIA,0.38913965,0.6050138621307036,34.003345,2.5314295
2019,14,2019-12-08,2019_14_MIA_NYJ,MIA,0.31650144,0.6103750133251881,34.14139,2.4304197
2019,15,2019-12-15,2019_15_MIA_NYG,MIA,0.33632794,0.5985712447032377,34.421696,2.3879955
2019,16,2019-12-22,2019_16_CIN_MIA,MIA,0.4954009,0.5826893992759378,34.840115,2.5814686
2019,17,2019-12-29,2019_17_MIA_NE,MIA,0.9629522,0.5648203470318856,35.481777,2.7814684
2020,1,2020-09-13,2020_01_MIA_NE,MIA,,,,
2020,2,2020-09-20,2020_02_BUF_MIA,MIA,,,,
2020,3,2020-09-24,2020_03_MIA_JAX,MIA,,,,
2020,4,2020-10-04,2020_04_SEA_MIA,MIA,,,,
2020,5,2020-10-11,2020_05_MIA_SF,MIA,,,,
2020,6,2020-10-18,2020_06_NYJ_MIA,MIA,,,,
2020,8,2020-11-01,2020_08_LA_MIA,MIA,0.057192802,0.5787914222529608,36.334354,2.0024831
2020,9,2020-11-08,2020_09_MIA_ARI,MIA,-0.50380313,0.602662828624367,33.9288,1.753872
2020,10,2020-11-15,2020_10_LAC_MIA,MIA,-0.72598404,0.5962054280002999,33.380653,1.8112794
2020,11,2020-11-22,2020_11_MIA_DEN,MIA,-0.7460893,0.6050483905932624,32.64732,1.9446129
2020,12,2020-11-29,2020_12_MIA_NYJ,MIA,-1.0286249,0.6440643746092464,31.22695,1.7038721
2020,13,2020-12-06,2020_13_CIN_MIA,MIA,-1.2039303,0.671983719574046,31.242102,1.4917508
2020,14,2020-12-13,2020_14_KC_MIA,MIA,-0.9897352,0.6515758582046461,31.419024,1.6084175
2020,15,2020-12-20,2020_15_NE_MIA,MIA,-0.57944494,0.6361122477410356,32.33099,1.7400414
2020,16,2020-12-26,2020_16_MIA_LV,MIA,-0.6834256,0.6406140056282102,30.458303,1.4159673
2020,17,2021-01-03,2020_17_MIA_BUF,MIA,-0.46831915,0.6363248148806862,31.697191,1.4131895
2021,1,2021-09-12,2021_01_MIA_NE,MIA,,,,
2021,2,2021-09-19,2021_02_BUF_MIA,MIA,,,,
2021,3,2021-09-26,2021_03_MIA_LV,MIA,,,,
2021,4,2021-10-03,2021_04_IND_MIA,MIA,,,,
2021,5,2021-10-10,2021_05_MIA_TB,MIA,,,,
2021,6,2021-10-17,2021_06_MIA_JAX,MIA,,,,
2021,7,2021-10-24,2021_07_ATL_MIA,MIA,1.0542642,0.5483829345808512,40.17824,2.9040403
2021,8,2021-10-31,2021_08_MIA_BUF,MIA,1.1394731,0.5579394371061038,38.005894,3.0252526
2021,9,2021-11-07,2021_09_HOU_MIA,MIA,1.0633742,0.564687304344167,39.48367,2.9724748
2021,10,2021-11-11,2021_10_BAL_MIA,MIA,0.86280876,0.5744225536627497,36.053112,2.6946971
2021,11,2021-11-21,2021_11_MIA_NYJ,MIA,0.27998236,0.5944751506384237,34.481888,2.322902
2021,12,2021-11-28,2021_12_CAR_MIA,MIA,-0.39591977,0.61789005363666,31.611519,1.772902
2021,13,2021-12-05,2021_13_NYG_MIA,MIA,-0.7854826,0.6325139713855777,28.361519,1.5633062
2021,15,2021-12-19,2021_15_NYJ_MIA,MIA,-1.0410458,0.6529985793701857,26.028185,1.2451243
2021,16,2021-12-27,2021_16_MIA_NO,MIA,-1.2237146,0.6566955142435912,23.328186,1.0617911
2021,17,2022-01-02,2021_17_MIA_TEN,MIA,-1.5103134,0.6762211275192045,22.236013,0.9822455
2021,18,2022-01-09,2021_18_NE_MIA,MIA,-1.0875912,0.6619170875420876,23.309092,1.4207071
2022,1,2022-09-11,2022_01_NE_MIA,MIA,,,,
2022,2,2022-09-18,2022_02_MIA_BAL,MIA,,,,
2022,3,2022-09-25,2022_03_BUF_MIA,MIA,,,,
2022,4,2022-09-29,2022_04_MIA_CIN,MIA,,,,
2022,5,2022-10-09,2022_05_MIA_NYJ,MIA,,,,
2022,6,2022-10-16,2022_06_MIN_MIA,MIA,,,,
2022,7,2022-10-23,2022_07_PIT_MIA,MIA,0.5479943,0.5645545009604055,36.864124,2.4834957
2022,8,2022-10-30,2022_08_MIA_DET,MIA,0.6075955,0.5700318939377984,36.34329,2.4891775
2022,9,2022-11-06,2022_09_MIA_CHI,MIA,0.47109053,0.5684116391925437,37.04746,2.4183443
2022,10,2022-11-13,2022_10_CLE_MIA,MIA,0.47113562,0.5779254927171594,34.25116,2.5876563
2022,12,2022-11-27,2022_12_HOU_MIA,MIA,0.32009354,0.5768760560427227,34.226162,2.491823
2022,13,2022-12-04,2022_13_MIA_SF,MIA,-0.17328131,0.6257295173961841,31.994225,2.1083732
2022,14,2022-12-11,2022_14_MIA_LAC,MIA,-0.07374353,0.5990640532307199,34.041843,2.2095635
2022,15,2022-12-17,2022_15_MIA_BUF,MIA,0.16076197,0.5953070150619171,36.10851,2.4413817
2022,16,2022-12-25,2022_16_GB_MIA,MIA,0.12238074,0.6135603371755333,34.70889,2.3485787
2022,17,2023-01-01,2022_17_MIA_NE,MIA,0.010898356,0.610445473644003,32.905186,2.2078378
2022,18,2023-01-08,2022_18_NYJ_MIA,MIA,-0.053610537,0.6499224549959844,30.546854,2.1370046
2023,1,2023-09-10,2023_01_MIA_LAC,MIA,,,,
2023,2,2023-09-17,2023_02_MIA_NE,MIA,,,,
2023,3,2023-09-24,2023_03_DEN_MIA,MIA,,,,
2023,4,2023-10-01,2023_04_MIA_BUF,MIA,,,,
2023,5,2023-10-08,2023_05_NYG_MIA,MIA,,,,
2023,6,2023-10-15,2023_06_CAR_MIA,MIA,,,,
2023,7,2023-10-22,2023_07_MIA_PHI,MIA,0.20362978,0.555858416275083,31.725212,2.2814105
2023,8,2023-10-29,2023_08_NE_MIA,MIA,0.18354541,0.566220762262429,31.800215,2.3605769
2023,9,2023-11-05,2023_09_MIA_KC,MIA,0.058758765,0.5913097936014603,30.650213,2.3605769
2023,11,2023-11-19,2023_11_LV_MIA,MIA,0.23077635,0.5613189293458901,30.586111,2.3541667
2023,12,2023-11-24,2023_12_MIA_NYJ,MIA,-0.41697657,0.6018582048851656,27.830984,1.7208333
2023,13,2023-12-03,2023_13_MIA_WAS,MIA,-0.5657192,0.6271996332379577,25.773407,1.6602273
2023,14,2023-12-11,2023_14_TEN_MIA,MIA,-0.6433342,0.6527475421191998,26.014147,1.7111531
2023,15,2023-12-17,2023_15_NYJ_MIA,MIA,-0.7891819,0.660147318268976,24.361368,1.4403199
2023,16,2023-12-24,2023_16_DAL_MIA,MIA,-1.1402292,0.6804052547769125,22.41137,1.1569866
2023,17,2023-12-31,2023_17_MIA_BAL,MIA,-0.96377176,0.6978382123279041,24.994703,1.3236532
2023,18,2024-01-07,2023_18_BUF_MIA,MIA,-0.29800794,0.6655720357435458,28.669527,2.0054715
2024,1,2024-09-08,2024_01_JAX_MIA,MIA,,,,
2024,2,2024-09-12,2024_02_BUF_MIA,MIA,,,,
2024,3,2024-09-22,2024_03_MIA_SEA,MIA,,,,
2024,4,2024-09-30,2024_04_TEN_MIA,MIA,,,,
2024,5,2024-10-06,2024_05_MIA_NE,MIA,,,,
2024,7,2024-10-20,2024_07_MIA_IND,MIA,,,,
2024,8,2024-10-27,2024_08_ARI_MIA,MIA,-0.31466484,0.5785796568751114,25.2628,1.8448588
2024,9,2024-11-03,2024_09_MIA_BUF,MIA,0.1165029,0.5593688487438487,29.342346,2.1289499
2024,10,2024-11-11,2024_10_MIA_LA,MIA,0.33764124,0.5514574042515219,31.710402,2.2701535
2024,11,2024-11-17,2024_11_LV_MIA,MIA,0.14831823,0.5522577402791307,31.195251,2.1337898
2024,12,2024-11-24,2024_12_NE_MIA,MIA,0.40234688,0.5371802524075251,35.90038,2.2897727
2024,13,2024-11-28,2024_13_MIA_GB,MIA,0.3583405,0.5331530527553254,35.46149,2.248106
2024,14,2024-12-08,2024_14_NYJ_MIA,MIA,0.86581403,0.5009949330972058,37.969822,2.525884
2024,15,2024-12-15,2024_15_MIA_HOU,MIA,0.85193014,0.4937487462094748,37.969822,2.525884
2024,16,2024-12-22,2024_16_SF_MIA,MIA,0.3709487,0.5194247409663518,34.207325,2.2550504
2024,17,2024-12-29,2024_17_MIA_CLE,MIA,0.64708453,0.5022960111103493,35.48611,2.3111112
2024,18,2025-01-05,2024_18_MIA_NYJ,MIA,-0.021300787,0.531268726847771,31.486113,1.8249999
2016,1,2016-09-11,2016_01_MIN_TEN,MIN,,,,
2016,2,2016-09-18,2016_02_GB_MIN,MIN,,,,
2016,3,2016-09-25,2016_03_MIN_CAR,MIN,,,,
2016,4,2016-10-03,2016_04_NYG_MIN,MIN,,,,
2016,5,2016-10-09,2016_05_HOU_MIN,MIN,,,,
2016,7,2016-10-23,2016_07_MIN_PHI,MIN,,,,
2016,8,2016-10-31,2016_08_MIN_CHI,MIN,-1.3882576,0.6369625674549917,24.62626,1.219697
2016,9,2016-11-06,2016_09_DET_MIN,MIN,-0.9587731,0.6446711047089835,26.690237,1.347643
2016,10,2016-11-13,2016_10_MIN_WAS,MIN,-0.8220484,0.6560222535601323,27.553871,1.4688553
2016,11,2016-11-20,2016_11_ARI_MIN,MIN,-0.33212528,0.6385536881749003,30.507576,1.8114477
2016,12,2016-11-24,2016_12_MIN_DET,MIN,-0.29106924,0.6369553216144125,29.398989,1.993266
2016,13,2016-12-01,2016_13_DAL_MIN,MIN,-0.05218172,0.6177884152884153,31.2899,2.062963
2016,14,2016-12-11,2016_14_MIN_JAX,MIN,-0.018065555,0.6150977417644085,31.989393,2.042761
2016,15,2016-12-18,2016_15_IND_MIN,MIN,-0.21016864,0.6366433258099925,30.387543,1.9390572
2016,16,2016-12-24,2016_16_MIN_GB,MIN,0.041417718,0.6266599105324595,32.52542,2.1723907
2016,17,2017-01-01,2016_17_CHI_MIN,MIN,-0.012545188,0.6125079745055234,30.15505,2.2186868
2017,1,2017-09-11,2017_01_NO_MIN,MIN,,,,
2017,2,2017-09-17,2017_02_MIN_PIT,MIN,,,,
2017,3,2017-09-24,2017_03_TB_MIN,MIN,,,,
2017,4,2017-10-01,2017_04_DET_MIN,MIN,,,,
2017,5,2017-10-09,2017_05_MIN_CHI,MIN,,,,
2017,6,2017-10-15,2017_06_GB_MIN,MIN,,,,
2017,7,2017-10-22,2017_07_BAL_MIN,MIN,-0.40618375,0.6401741489430883,29.095201,1.6210858
2017,8,2017-10-29,2017_08_MIN_CLE,MIN,-0.72513413,0.6648733386422782,24.945204,1.4919192
2017,10,2017-11-12,2017_10_MIN_WAS,MIN,-0.92229635,0.6698175842115236,23.158585,1.320202
2017,11,2017-11-19,2017_11_LA_MIN,MIN,-0.7934186,0.6694677488616882,24.041918,1.5368687
2017,12,2017-11-23,2017_12_MIN_DET,MIN,-0.8777048,0.6754201298140692,24.885353,1.4695287
2017,13,2017-12-03,2017_13_MIN_ATL,MIN,-0.8368514,0.6598639477806145,25.173233,1.6058922
2017,14,2017-12-10,2017_14_MIN_CAR,MIN,-0.6149412,0.6648511741526447,27.74962,1.6545033
2017,15,2017-12-17,2017_15_CIN_MIN,MIN,-0.4718194,0.6541309521088933,29.594065,1.8183923
2017,16,2017-12-23,2017_16_MIN_GB,MIN,-0.7693276,0.6725184673714085,28.338724,1.6859136
2017,17,2017-12-31,2017_17_CHI_MIN,MIN,-1.2643634,0.699611492191706,25.376602,1.1859136
2018,1,2018-09-09,2018_01_SF_MIN,MIN,,,,
2018,2,2018-09-16,2018_02_MIN_GB,MIN,,,,
2018,3,2018-09-23,2018_03_BUF_MIN,MIN,,,,
2018,4,2018-09-27,2018_04_MIN_LA,MIN,,,,
2018,5,2018-10-07,2018_05_MIN_PHI,MIN,,,,
2018,6,2018-10-14,2018_06_ARI_MIN,MIN,,,,
2018,7,2018-10-21,2018_07_MIN_NYJ,MIN,-0.2805265,0.5922739360268497,32.068474,2.0338771
2018,8,2018-10-28,2018_08_NO_MIN,MIN,-0.3264963,0.5923560394943699,30.26639,1.9887384
2018,9,2018-11-04,2018_09_DET_MIN,MIN,-0.25679705,0.5792384096566546,30.76639,2.1383111
2018,11,2018-11-18,2018_11_MIN_CHI,MIN,-0.5703545,0.5790544567617689,30.212517,1.8958868
2018,12,2018-11-25,2018_12_GB_MIN,MIN,-0.9484493,0.5852611667184787,26.34585,1.5625534
2018,13,2018-12-02,2018_13_MIN_NE,MIN,-0.9907429,0.6005503682576804,24.529184,1.5125533
2018,14,2018-12-10,2018_14_MIN_SEA,MIN,-0.59559506,0.5736651701224821,28.12662,1.7715278
2018,15,2018-12-16,2018_15_MIA_MIN,MIN,-0.30462366,0.5470866618252239,30.02037,1.8277779
2018,16,2018-12-23,2018_16_MIN_DET,MIN,-0.7962219,0.5888929522426255,27.700926,1.5361112
2018,17,2018-12-30,2018_17_CHI_MIN,MIN,-0.83261067,0.5986713090500969,26.800253,1.505808
2019,1,2019-09-08,2019_01_ATL_MIN,MIN,,,,
2019,2,2019-09-15,2019_02_MIN_GB,MIN,,,,
2019,3,2019-09-22,2019_03_OAK_MIN,MIN,,,,
2019,4,2019-09-29,2019_04_MIN_CHI,MIN,,,,
2019,5,2019-10-06,2019_05_MIN_NYG,MIN,,,,
2019,6,2019-10-13,2019_06_PHI_MIN,MIN,,,,
2019,7,2019-10-20,2019_07_MIN_DET,MIN,-0.70691514,0.6480633188698081,29.299711,1.4863638
2019,8,2019-10-24,2019_08_WAS_MIN,MIN,-0.27343717,0.6311878512304516,30.794157,1.7641414
2019,9,2019-11-03,2019_09_MIN_KC,MIN,-0.3697265,0.6226045033613894,31.687014,1.728427
2019,10,2019-11-10,2019_10_MIN_DAL,MIN,-0.18590762,0.5995339479787426,31.33053,1.830279
2019,11,2019-11-17,2019_11_DEN_MIN,MIN,0.018914828,0.5811980996102144,35.0509,2.0080569
2019,13,2019-12-02,2019_13_MIN_SEA,MIN,0.1021018,0.5762440618783989,36.52683,2.206205
2019,14,2019-12-08,2019_14_DET_MIN,MIN,0.26312473,0.5634633240976612,36.613075,2.3775337
2019,15,2019-12-15,2019_15_MIN_LAC,MIN,-0.23806153,0.5968585841406485,32.72974,1.9835943
2019,16,2019-12-23,2019_16_GB_MIN,MIN,-0.47209427,0.6036904697874692,32.894245,1.9208236
2019,17,2019-12-29,2019_17_CHI_MIN,MIN,-0.70177025,0.6219417446563912,32.632492,1.8417639
2020,1,2020-09-13,2020_01_GB_MIN,MIN,,,,
2020,2,2020-09-20,2020_02_MIN_IND,MIN,,,,
2020,3,2020-09-27,2020_03_TEN_MIN,MIN,,,,
2020,4,2020-10-04,2020_04_MIN_HOU,MIN,,,,
2020,5,2020-10-11,2020_05_MIN_SEA,MIN,,,,
2020,6,2020-10-18,2020_06_ATL_MIN,MIN,,,,
2020,8,2020-11-01,2020_08_MIN_GB,MIN,1.071414,0.5043752646530425,40.266582,3.11069
2020,9,2020-11-08,2020_09_DET_MIN,MIN,0.8127787,0.5234731861319163,39.94383,2.851431
2020,10,2020-11-16,2020_10_MIN_CHI,MIN,0.5494845,0.5234031015928774,39.266052,2.7032826
2020,11,2020-11-22,2020_11_DAL_MIN,MIN,0.28037822,0.5422422100153192,35.343075,2.469697
2020,12,2020-11-29,2020_12_CAR_MIN,MIN,0.36734805,0.5329368394599486,35.243073,2.5863636
2020,13,2020-12-06,2020_13_JAX_MIN,MIN,0.27932417,0.5212460134509409,36.026405,2.3636363
2020,14,2020-12-13,2020_14_MIN_TB,MIN,-0.13715155,0.5412370717753325,33.427418,1.9464647
2020,15,2020-12-20,2020_15_CHI_MIN,MIN,-0.09727054,0.5408180215794967,29.963133,1.9881314
2020,16,2020-12-25,2020_16_MIN_NO,MIN,0.3296671,0.5262355261881777,31.826096,2.265909
2020,17,2021-01-03,2020_17_MIN_DET,MIN,1.0566714,0.4760124622151138,39.335186,2.935606
2021,1,2021-09-12,2021_01_MIN_CIN,MIN,,,,
2021,2,2021-09-19,2021_02_MIN_ARI,MIN,,,,
2021,3,2021-09-26,2021_03_SEA_MIN,MIN,,,,
2021,4,2021-10-03,2021_04_CLE_MIN,MIN,,,,
2021,5,2021-10-10,2021_05_DET_MIN,MIN,,,,
2021,6,2021-10-17,2021_06_MIN_CAR,MIN,,,,
2021,8,2021-10-31,2021_08_DAL_MIN,MIN,-0.19494009,0.6068143220041354,31.380621,1.9125319
2021,9,2021-11-07,2021_09_MIN_BAL,MIN,-0.27360484,0.6047402208915728,33.036797,1.8694082
2021,10,2021-11-14,2021_10_MIN_LAC,MIN,-0.14266281,0.6054379028392547,33.756493,1.9123377
2021,11,2021-11-21,2021_11_GB_MIN,MIN,-0.34135863,0.6317444996815659,30.925539,1.840909
2021,12,2021-11-28,2021_12_MIN_SF,MIN,0.16832304,0.6045279786351214,35.690693,2.2897727
2021,13,2021-12-05,2021_13_MIN_DET,MIN,0.42182,0.5851444381989495,37.73615,2.5625
2021,14,2021-12-09,2021_14_PIT_MIN,MIN,0.5644235,0.582793333615702,39.224243,2.7152777
2021,15,2021-12-20,2021_15_MIN_CHI,MIN,0.4397757,0.5806471002194686,36.486866,2.7872474
2021,16,2021-12-26,2021_16_LA_MIN,MIN,0.009335092,0.593711687147692,34.789898,2.4084597
2021,17,2022-01-02,2021_17_MIN_GB,MIN,0.06611403,0.5782454404314452,35.982323,2.4387627
2021,18,2022-01-09,2021_18_CHI_MIN,MIN,-0.05345684,0.5570907155267203,34.265656,2.409596
2022,1,2022-09-11,2022_01_GB_MIN,MIN,,,,
2022,2,2022-09-19,2022_02_MIN_PHI,MIN,,,,
2022,3,2022-09-25,2022_03_DET_MIN,MIN,,,,
2022,4,2022-10-02,2022_04_MIN_NO,MIN,,,,
2022,5,2022-10-09,2022_05_CHI_MIN,MIN,,,,
2022,6,2022-10-16,2022_06_MIN_MIA,MIN,,,,
2022,8,2022-10-30,2022_08_ARI_MIN,MIN,-0.16823058,0.6022760123107346,35.716732,1.9117726
2022,9,2022-11-06,2022_09_MIN_WAS,MIN,0.022243343,0.5907544717487899,35.71842,2.1760824
2022,10,2022-11-13,2022_10_MIN_BUF,MIN,-0.11597938,0.5972740632683814,31.851751,2.0594156
2022,11,2022-11-20,2022_11_DAL_MIN,MIN,-0.054570843,0.573183454802773,32.30474,2.1106975
2022,12,2022-11-24,2022_12_NE_MIN,MIN,0.17003725,0.5623392989586172,34.271408,2.3773644
2022,13,2022-12-04,2022_13_NYJ_MIN,MIN,0.14611767,0.5651815608633791,34.925575,2.3523643
2022,14,2022-12-11,2022_14_MIN_DET,MIN,0.2975217,0.5638977752045934,36.223194,2.4674437
2022,15,2022-12-17,2022_15_IND_MIN,MIN,0.5642273,0.5511209392459392,38.88077,2.6401708
2022,16,2022-12-24,2022_16_NYG_MIN,MIN,0.5160505,0.5390127369906782,38.000378,2.5921319
2022,17,2023-01-01,2022_17_MIN_GB,MIN,0.561209,0.5511640116419528,38.542336,2.5560012
2022,18,2023-01-08,2022_18_MIN_CHI,MIN,0.30413648,0.5335605965385377,35.69688,2.4196374
2023,1,2023-09-10,2023_01_TB_MIN,MIN,,,,
2023,2,2023-09-14,2023_02_MIN_PHI,MIN,,,,
2023,3,2023-09-24,2023_03_LAC_MIN,MIN,,,,
2023,4,2023-10-01,2023_04_MIN_CAR,MIN,,,,
2023,5,2023-10-08,2023_05_KC_MIN,MIN,,,,
2023,6,2023-10-15,2023_06_MIN_CHI,MIN,,,,
2023,7,2023-10-23,2023_07_SF_MIN,MIN,-0.15516952,0.5849627256725425,32.44154,2.1483586
2023,8,2023-10-29,2023_08_MIN_GB,MIN,-0.1044425,0.5566642082786304,35.68321,2.1691918
2023,9,2023-11-05,2023_09_MIN_ATL,MIN,-0.50985736,0.5827750259000258,34.210987,1.8636364
2023,10,2023-11-12,2023_10_NO_MIN,MIN,-0.6650429,0.6097346789013456,31.194319,1.7580808
2023,11,2023-11-19,2023_11_MIN_DEN,MIN,-0.48094323,0.6296089628665387,31.433714,1.8989898
2023,12,2023-11-27,2023_12_CHI_MIN,MIN,-0.7505711,0.631076280271356,29.429544,1.6864899
2023,14,2023-12-10,2023_14_MIN_LV,MIN,-0.6833167,0.6486252998791991,30.531061,1.6895202
2023,15,2023-12-16,2023_15_MIN_CIN,MIN,-1.1106321,0.7004625251539244,26.406061,1.3353535
2023,16,2023-12-24,2023_16_DET_MIN,MIN,-0.7433912,0.6771877960703718,28.122726,1.6186868
2023,17,2023-12-31,2023_17_GB_MIN,MIN,-0.43839455,0.6540129475891509,30.224579,1.8131313
2023,18,2024-01-07,2023_18_MIN_DET,MIN,-0.035238534,0.6186007447527055,33.74815,2.1666667
2024,1,2024-09-08,2024_01_MIN_NYG,MIN,,,,
2024,2,2024-09-15,2024_02_SF_MIN,MIN,,,,
2024,3,2024-09-22,2024_03_HOU_MIN,MIN,,,,
2024,4,2024-09-29,2024_04_MIN_GB,MIN,,,,
2024,5,2024-10-06,2024_05_NYJ_MIN,MIN,,,,
2024,7,2024-10-20,2024_07_DET_MIN,MIN,,,,
2024,8,2024-10-24,2024_08_MIN_LA,MIN,-1.0901035,0.5988800859634194,29.472572,1.4896659
2024,9,2024-11-03,2024_09_IND_MIN,MIN,-0.48090878,0.5779574033219866,33.96121,1.9820901
2024,10,2024-11-10,2024_10_MIN_JAX,MIN,-0.6129549,0.57756959668418,31.16121,1.8154235
2024,11,2024-11-17,2024_11_MIN_TEN,MIN,-0.4245099,0.5634273808752975,28.998245,1.8283864
2024,12,2024-11-24,2024_12_MIN_CHI,MIN,-0.51201695,0.5868725496234966,28.2639,1.714245
2024,13,2024-12-01,2024_13_ARI_MIN,MIN,-0.27094665,0.5709384836894307,30.135696,1.8296295
2024,14,2024-12-08,2024_14_ATL_MIN,MIN,-0.28086737,0.5677186017195486,30.978119,1.7265993
2024,15,2024-12-16,2024_15_CHI_MIN,MIN,-0.57306874,0.5616599323796293,31.15312,1.4765993
2024,16,2024-12-22,2024_16_MIN_SEA,MIN,-0.5044231,0.5669402796044211,32.48275,1.5821549
2024,17,2024-12-29,2024_17_GB_MIN,MIN,-0.2737149,0.5572496230387644,34.792934,1.7858586
2024,18,2025-01-05,2024_18_MIN_DET,MIN,-0.15334575,0.5294271340799118,34.88839,1.9888889
2016,1,2016-09-11,2016_01_NE_ARI,NE,,,,
2016,2,2016-09-18,2016_02_MIA_NE,NE,,,,
2016,3,2016-09-22,2016_03_HOU_NE,NE,,,,
2016,4,2016-10-02,2016_04_BUF_NE,NE,,,,
2016,5,2016-10-09,2016_05_NE_CLE,NE,,,,
2016,6,2016-10-16,2016_06_CIN_NE,NE,,,,
2016,7,2016-10-23,2016_07_NE_PIT,NE,-0.37715223,0.6275496108829443,33.715908,1.530303
2016,8,2016-10-30,2016_08_NE_BUF,NE,-0.500208,0.6374498957832291,32.405724,1.3636364
2016,10,2016-11-13,2016_10_SEA_NE,NE,-0.44218206,0.6533105860189193,32.3585,1.4303031
2016,11,2016-11-20,2016_11_NE_SF,NE,0.38461742,0.6181959450015005,36.3585,2.0043771
2016,12,2016-11-27,2016_12_NE_NYJ,NE,0.19878463,0.6394601745990635,33.888805,1.9656566
2016,13,2016-12-04,2016_13_LA_NE,NE,0.27996838,0.6231452395341285,35.697895,2.0520203
2016,14,2016-12-12,2016_14_BAL_NE,NE,0.0042908587,0.637853833409389,31.64697,1.8760943
2016,15,2016-12-18,2016_15_NE_DEN,NE,0.13441338,0.640413872576571,30.581495,1.9276816
2016,16,2016-12-24,2016_16_NYJ_NE,NE,-0.20488155,0.6335614194741179,28.857252,1.5731362
2016,17,2017-01-01,2016_17_NE_MIA,NE,-1.005206,0.6823683131042438,24.65523,1.0445166
2017,1,2017-09-07,2017_01_KC_NE,NE,,,,
2017,2,2017-09-17,2017_02_NE_NO,NE,,,,
2017,3,2017-09-24,2017_03_HOU_NE,NE,,,,
2017,4,2017-10-01,2017_04_CAR_NE,NE,,,,
2017,5,2017-10-05,2017_05_NE_TB,NE,,,,
2017,6,2017-10-15,2017_06_NE_NYJ,NE,,,,
2017,7,2017-10-22,2017_07_ATL_NE,NE,0.63240546,0.5567161708187349,38.72468,2.3357937
2017,8,2017-10-29,2017_08_LAC_NE,NE,0.21559148,0.5697912367784163,39.16241,1.9639989
2017,10,2017-11-12,2017_10_NE_DEN,NE,0.2242095,0.5662526457398253,38.717968,1.8343693
2017,11,2017-11-19,2017_11_NE_OAK,NE,0.052867312,0.5810316034274368,40.371815,1.8215488
2017,12,2017-11-26,2017_12_MIA_NE,NE,-0.3499608,0.5799797436133222,39.253757,1.3562711
2017,13,2017-12-03,2017_13_NE_BUF,NE,-0.4510256,0.5736014768183886,37.050476,1.2969276
2017,14,2017-12-11,2017_14_NE_MIA,NE,-0.69070965,0.5920688119523904,35.723873,1.0949074
2017,15,2017-12-17,2017_15_NE_PIT,NE,-0.5141748,0.5919035836621621,33.469906,1.3032408
2017,16,2017-12-24,2017_16_BUF_NE,NE,-0.35552767,0.5972521203832478,34.747684,1.5069445
2017,17,2017-12-31,2017_17_NYJ_NE,NE,-0.4379872,0.5940519987456262,33.18102,1.3402778
2018,1,2018-09-09,2018_01_HOU_NE,NE,,,,
2018,2,2018-09-16,2018_02_NE_JAX,NE,,,,
2018,3,2018-09-23,2018_03_NE_DET,NE,,,,
2018,4,2018-09-30,2018_04_MIA_NE,NE,,,,
2018,5,2018-10-04,2018_05_IND_NE,NE,,,,
2018,6,2018-10-14,2018_06_KC_NE,NE,,,,
2018,7,2018-10-21,2018_07_NE_CHI,NE,0.037765946,0.6111493329650867,33.431652,2.310619
2018,8,2018-10-29,2018_08_NE_BUF,NE,0.08266886,0.6098420724430825,34.209427,2.4847643
2018,9,2018-11-04,2018_09_GB_NE,NE,-0.4378364,0.6278314084437823,31.920034,2.0590067
2018,10,2018-11-11,2018_10_NE_TEN,NE,-0.45837462,0.6227972707707556,31.01818,1.8608586
2018,12,2018-11-25,2018_12_NE_NYJ,NE,0.07286752,0.5811736208516513,34.351513,2.2593434
2018,13,2018-12-02,2018_13_MIN_NE,NE,0.10817442,0.5920703784150754,34.012627,2.1426768
2018,14,2018-12-09,2018_14_NE_MIA,NE,-0.3756558,0.6139822207814633,31.46717,1.6881313
2018,15,2018-12-16,2018_15_NE_PIT,NE,-0.15329342,0.6044138185047276,33.098484,1.7727274
2018,16,2018-12-23,2018_16_BUF_NE,NE,0.38579154,0.5735101052146506,35.933712,2.0359848
2018,17,2018-12-30,2018_17_NYJ_NE,NE,-0.019293526,0.5852645544690999,33.197998,1.8955086
2019,1,2019-09-08,2019_01_PIT_NE,NE,,,,
2019,2,2019-09-15,2019_02_NE_MIA,NE,,,,
2019,3,2019-09-22,2019_03_NYJ_NE,NE,,,,
2019,4,2019-09-29,2019_04_NE_BUF,NE,,,,
2019,5,2019-10-06,2019_05_NE_WAS,NE,,,,
2019,6,2019-10-10,2019_06_NYG_NE,NE,,,,
2019,7,2019-10-21,2019_07_NE_NYJ,NE,-2.1712894,0.6911400034415908,17.762007,0.469475
2019,8,2019-10-27,2019_08_CLE_NE,NE,-2.38048,0.7039395624217053,15.488858,0.41391945
2019,9,2019-11-03,2019_09_NE_BAL,NE,-2.0608237,0.6986224048318205,17.49352,0.61088914
2019,11,2019-11-17,2019_11_NE_PHI,NE,-1.4769987,0.6593190127506506,23.194376,1.082399
2019,12,2019-11-24,2019_12_DAL_NE,NE,-1.3433799,0.6568040673785623,21.98009,1.1022403
2019,13,2019-12-01,2019_13_NE_HOU,NE,-1.3726602,0.6479501687519366,24.121115,1.1488603
2019,14,2019-12-08,2019_14_KC_NE,NE,-0.78109854,0.6389136291598413,26.544191,1.5648149
2019,15,2019-12-15,2019_15_NE_CIN,NE,-0.34841347,0.6205969395363334,29.679293,1.9132996
2019,16,2019-12-21,2019_16_BUF_NE,NE,-0.33756843,0.612574154240821,30.103537,1.9132996
2019,17,2019-12-29,2019_17_MIA_NE,NE,-0.6361175,0.645845291539736,27.625757,1.622559
2020,1,2020-09-13,2020_01_MIA_NE,NE,,,,
2020,2,2020-09-20,2020_02_NE_SEA,NE,,,,
2020,3,2020-09-27,2020_03_LV_NE,NE,,,,
2020,4,2020-10-05,2020_04_NE_KC,NE,,,,
2020,6,2020-10-18,2020_06_DEN_NE,NE,,,,
2020,7,2020-10-25,2020_07_SF_NE,NE,,,,
2020,8,2020-11-01,2020_08_NE_BUF,NE,0.46821234,0.5633862690807135,37.679966,2.3391414
2020,9,2020-11-09,2020_09_NE_NYJ,NE,0.67261606,0.5601197439391884,39.1383,2.630808
2020,10,2020-11-15,2020_10_BAL_NE,NE,0.8116146,0.5675759913954359,38.696632,2.6099746
2020,11,2020-11-22,2020_11_NE_HOU,NE,0.9727867,0.5529131850659629,39.625927,2.6217592
2020,12,2020-11-29,2020_12_ARI_NE,NE,1.1427022,0.562472067541512,41.531483,2.7884262
2020,13,2020-12-06,2020_13_NE_LAC,NE,1.0852607,0.5479979511229511,42.0,2.8032408
2020,14,2020-12-10,2020_14_NE_LA,NE,-0.05910824,0.5956751850375588,37.260944,2.1921296
2020,15,2020-12-20,2020_15_NE_MIA,NE,-0.3275827,0.6144996371006473,34.969276,1.964857
2020,16,2020-12-28,2020_16_BUF_NE,NE,-0.4836824,0.6290334828844929,36.11511,1.839857
2020,17,2021-01-03,2020_17_NYJ_NE,NE,0.12688081,0.6193017601319369,38.920666,2.3167088
2021,1,2021-09-12,2021_01_MIA_NE,NE,,,,
2021,2,2021-09-19,2021_02_NE_NYJ,NE,,,,
2021,3,2021-09-26,2021_03_NO_NE,NE,,,,
2021,4,2021-10-03,2021_04_TB_NE,NE,,,,
2021,5,2021-10-10,2021_05_NE_HOU,NE,,,,
2021,6,2021-10-17,2021_06_DAL_NE,NE,,,,
2021,7,2021-10-24,2021_07_NYJ_NE,NE,-0.2739069,0.5918273954653813,34.385986,1.9143518
2021,8,2021-10-31,2021_08_NE_LAC,NE,-0.4465499,0.5857695875325734,34.60682,1.7768518
2021,9,2021-11-07,2021_09_NE_CAR,NE,-0.20247085,0.599865399128385,35.51288,2.0404882
2021,10,2021-11-14,2021_10_CLE_NE,NE,-0.6739529,0.6341078233708093,35.58106,1.807155
2021,11,2021-11-18,2021_11_NE_ATL,NE,-0.9062905,0.6322189150296951,33.889393,1.6363215
2021,12,2021-11-28,2021_12_TEN_NE,NE,-1.4461693,0.6390318403002226,29.722727,1.2289141
2021,13,2021-12-06,2021_13_NE_BUF,NE,-1.7209777,0.6507084099179687,27.781061,1.042803
2021,15,2021-12-18,2021_15_NE_IND,NE,-1.7287235,0.6591679133774723,26.497726,0.99280304
2021,16,2021-12-26,2021_16_BUF_NE,NE,-1.6371235,0.6271780411098221,25.706482,1.0180556
2021,17,2022-01-02,2021_17_JAX_NE,NE,-0.5803724,0.5883452453652617,31.742195,1.7037698
2021,18,2022-01-09,2021_18_NE_MIA,NE,-0.6705517,0.6087247474747475,31.422752,1.7431217
2022,1,2022-09-11,2022_01_NE_MIA,NE,,,,
2022,2,2022-09-18,2022_02_NE_PIT,NE,,,,
2022,3,2022-09-25,2022_03_BAL_NE,NE,,,,
2022,4,2022-10-02,2022_04_NE_GB,NE,,,,
2022,5,2022-10-09,2022_05_DET_NE,NE,,,,
2022,6,2022-10-16,2022_06_NE_CLE,NE,,,,
2022,7,2022-10-24,2022_07_CHI_NE,NE,-0.49932143,0.618060741750767,32.464226,1.7064394
2022,8,2022-10-30,2022_08_NE_NYJ,NE,-0.47120366,0.629201505448349,32.95665,1.9147726
2022,9,2022-11-06,2022_09_IND_NE,NE,-0.60519356,0.6316789084465853,33.623318,1.8800505
2022,11,2022-11-20,2022_11_NYJ_NE,NE,-1.3227478,0.6565637728606705,28.989119,1.3551587
2022,12,2022-11-24,2022_12_NE_MIN,NE,-1.6872716,0.6777542721761698,24.45629,1.0256133
2022,13,2022-12-01,2022_13_BUF_NE,NE,-1.0716451,0.6630373236683716,24.643326,1.5756134
2022,14,2022-12-12,2022_14_NE_ARI,NE,-0.59157556,0.6388076295244618,27.566938,1.86728
2022,15,2022-12-18,2022_15_NE_LV,NE,-1.0823944,0.6453486439253248,26.143957,1.5478355
2022,16,2022-12-24,2022_16_CIN_NE,NE,-1.0066911,0.6471390217573691,24.717676,1.6194167
2022,17,2023-01-01,2022_17_MIA_NE,NE,-0.55122334,0.6115367602622505,30.048843,1.9170357
2022,18,2023-01-08,2022_18_NE_BUF,NE,-0.2625106,0.5931745669000571,33.654903,2.189763
2023,1,2023-09-10,2023_01_PHI_NE,NE,,,,
2023,2,2023-09-17,2023_02_MIA_NE,NE,,,,
2023,3,2023-09-24,2023_03_NE_NYJ,NE,,,,
2023,4,2023-10-01,2023_04_NE_DAL,NE,,,,
2023,5,2023-10-08,2023_05_NO_NE,NE,,,,
2023,6,2023-10-15,2023_06_NE_LV,NE,,,,
2023,7,2023-10-22,2023_07_BUF_NE,NE,-0.054505,0.5949157362699029,28.82126,1.9909188
2023,8,2023-10-29,2023_08_NE_MIA,NE,0.11770558,0.5880868319226162,31.640707,2.1714745
2023,9,2023-11-05,2023_09_WAS_NE,NE,0.13825288,0.6136955668695865,31.690704,2.288141
2023,10,2023-11-12,2023_10_IND_NE,NE,0.48132694,0.5843494798056964,36.279087,2.4522824
2023,12,2023-11-26,2023_12_NE_NYG,NE,0.35889176,0.6095066066294899,35.569828,2.2041342
2023,13,2023-12-03,2023_13_LAC_NE,NE,0.13860385,0.6203429924658758,34.956776,1.9966751
2023,14,2023-12-07,2023_14_NE_PIT,NE,-0.049248453,0.6091000340354172,31.327608,1.7008418
2023,15,2023-12-17,2023_15_KC_NE,NE,-0.36648548,0.6182652787398776,28.133165,1.4925084
2023,16,2023-12-24,2023_16_NE_DEN,NE,-0.5996963,0.6297829643808665,25.762651,1.3219956
2023,17,2023-12-31,2023_17_NE_BUF,NE,-0.9053512,0.637520933482472,22.53538,1.2689654
2023,18,2024-01-07,2023_18_NYJ_NE,NE,-0.9717922,0.6147696107311492,21.04464,1.3754468
2024,1,2024-09-08,2024_01_NE_CIN,NE,,,,
2024,2,2024-09-15,2024_02_SEA_NE,NE,,,,
2024,3,2024-09-19,2024_03_NE_NYJ,NE,,,,
2024,4,2024-09-29,2024_04_NE_SF,NE,,,,
2024,5,2024-10-06,2024_05_MIA_NE,NE,,,,
2024,6,2024-10-13,2024_06_HOU_NE,NE,,,,
2024,7,2024-10-20,2024_07_NE_JAX,NE,0.2861844,0.5494816396838456,35.170162,2.1960957
2024,8,2024-10-27,2024_08_NYJ_NE,NE,0.6820902,0.5264567479089538,38.003498,2.529429
2024,9,2024-11-03,2024_09_NE_TEN,NE,0.6299075,0.5335868092056817,38.49003,2.5883515
2024,10,2024-11-10,2024_10_NE_CHI,NE,0.34096453,0.5561803719981081,36.2173,2.3913817
2024,11,2024-11-17,2024_11_LA_NE,NE,-0.0035077084,0.5774929819470818,32.535484,2.0732
2024,12,2024-11-24,2024_12_NE_MIA,NE,0.35901687,0.5448892367452974,33.868816,2.3417184
2024,13,2024-12-01,2024_13_IND_NE,NE,0.2707498,0.538641202372263,34.34638,2.2882998
2024,15,2024-12-15,2024_15_NE_ARI,NE,0.105053134,0.549382544363605,32.179714,2.246633
2024,16,2024-12-22,2024_16_NE_BUF,NE,0.40522882,0.5487533895677835,34.253788,2.4642255
2024,17,2024-12-28,2024_17_LAC_NE,NE,0.5913741,0.5197328496886578,33.767254,2.4945285
2024,18,2025-01-05,2024_18_BUF_NE,NE,1.342507,0.48613234245178694,38.749073,3.1157408
2016,1,2016-09-11,2016_01_OAK_NO,NO,,,,
2016,2,2016-09-18,2016_02_NO_NYG,NO,,,,
2016,3,2016-09-26,2016_03_ATL_NO,NO,,,,
2016,4,2016-10-02,2016_04_NO_SD,NO,,,,
2016,6,2016-10-16,2016_06_CAR_NO,NO,,,,
2016,7,2016-10-23,2016_07_NO_KC,NO,,,,
2016,8,2016-10-30,2016_08_SEA_NO,NO,1.0307055,0.532471692251104,36.525784,2.7228825
2016,9,2016-11-06,2016_09_NO_SF,NO,0.69048446,0.5255338615632733,34.957264,2.432142
2016,10,2016-11-13,2016_10_DEN_NO,NO,0.8139772,0.5288982055526174,35.37393,2.6000712
2016,11,2016-11-17,2016_11_NO_CAR,NO,0.14580244,0.567602963196769,33.45474,2.2263339
2016,12,2016-11-27,2016_12_LA_NO,NO,0.13735445,0.5507127727771667,32.39763,2.1389213
2016,13,2016-12-04,2016_13_DET_NO,NO,-0.17810504,0.5470940920751527,30.459595,1.9562289
2016,14,2016-12-11,2016_14_NO_TB,NO,-0.14091267,0.561574210721938,32.200336,2.0858586
2016,15,2016-12-18,2016_15_NO_ARI,NO,-0.09964448,0.5718034876178816,31.42256,2.1228955
2016,16,2016-12-24,2016_16_TB_NO,NO,0.08246874,0.5670603036133339,31.111954,2.3337543
2016,17,2017-01-01,2016_17_NO_ATL,NO,0.25458482,0.5588749237107823,32.438553,2.429714
2017,1,2017-09-11,2017_01_NO_MIN,NO,,,,
2017,2,2017-09-17,2017_02_NE_NO,NO,,,,
2017,3,2017-09-24,2017_03_NO_CAR,NO,,,,
2017,4,2017-10-01,2017_04_NO_MIA,NO,,,,
2017,6,2017-10-15,2017_06_DET_NO,NO,,,,
2017,7,2017-10-22,2017_07_NO_GB,NO,,,,
2017,8,2017-10-29,2017_08_CHI_NO,NO,-0.06285113,0.6070401936026936,34.145832,1.9689814
2017,9,2017-11-05,2017_09_TB_NO,NO,-0.5376828,0.6350364029909484,29.693182,1.5466329
2017,10,2017-11-12,2017_10_NO_BUF,NO,-1.2024581,0.6686939743757926,23.473486,1.0981482
2017,11,2017-11-19,2017_11_WAS_NO,NO,-1.2454615,0.676195176876995,21.977188,1.0240741
2017,12,2017-11-26,2017_12_NO_LA,NO,-0.69587725,0.6808176839995022,25.63552,1.5407408
2017,13,2017-12-03,2017_13_CAR_NO,NO,-0.23094416,0.6672324266642448,28.765152,1.6939393
2017,14,2017-12-07,2017_14_NO_ATL,NO,-0.31198072,0.6668006362324544,29.015152,1.7606059
2017,15,2017-12-17,2017_15_NYJ_NO,NO,-0.14511834,0.6344279794062843,30.678452,1.9491582
2017,16,2017-12-24,2017_16_ATL_NO,NO,-0.0030489936,0.625776017879991,31.41738,2.0412328
2017,17,2017-12-31,2017_17_NO_TB,NO,-0.0030167475,0.6280120688660421,32.981014,2.0715358
2018,1,2018-09-09,2018_01_TB_NO,NO,,,,
2018,2,2018-09-16,2018_02_CLE_NO,NO,,,,
2018,3,2018-09-23,2018_03_NO_ATL,NO,,,,
2018,4,2018-09-30,2018_04_NO_NYG,NO,,,,
2018,5,2018-10-08,2018_05_WAS_NO,NO,,,,
2018,7,2018-10-21,2018_07_NO_BAL,NO,,,,
2018,8,2018-10-28,2018_08_NO_MIN,NO,0.47456482,0.5601686144160521,37.91553,2.6488636
2018,9,2018-11-04,2018_09_LA_NO,NO,-0.17192404,0.5904898369707304,36.844696,2.3655303
2018,10,2018-11-11,2018_10_NO_CIN,NO,0.16849625,0.5784435919699401,39.299244,2.6079545
2018,11,2018-11-18,2018_11_PHI_NO,NO,-0.18098192,0.5834099884396045,38.31608,2.3369107
2018,12,2018-11-22,2018_12_ATL_NO,NO,-0.40294537,0.5950596864781914,35.99015,2.1387627
2018,13,2018-11-29,2018_13_NO_DAL,NO,-0.40778854,0.5982786074748901,36.84941,2.070244
2018,14,2018-12-09,2018_14_NO_TB,NO,-0.74518853,0.6085220983249986,35.995243,1.8619108
2018,15,2018-12-17,2018_15_NO_CAR,NO,-0.8211066,0.6222215857001211,32.660015,1.6573653
2018,16,2018-12-23,2018_16_PIT_NO,NO,-1.1959876,0.641688137666673,29.428198,1.2588805
2018,17,2018-12-30,2018_17_CAR_NO,NO,-0.9038959,0.6455534677493233,31.36894,1.4496212
2019,1,2019-09-09,2019_01_HOU_NO,NO,,,,
2019,2,2019-09-15,2019_02_NO_LA,NO,,,,
2019,3,2019-09-22,2019_03_NO_SEA,NO,,,,
2019,4,2019-09-29,2019_04_DAL_NO,NO,,,,
2019,5,2019-10-06,2019_05_TB_NO,NO,,,,
2019,6,2019-10-13,2019_06_NO_JAX,NO,,,,
2019,7,2019-10-20,2019_07_NO_CHI,NO,-0.17553036,0.6562786416258639,33.41389,2.0398147
2019,8,2019-10-27,2019_08_ARI_NO,NO,-0.55204123,0.655724154960266,28.771032,1.8070107
2019,10,2019-11-10,2019_10_ATL_NO,NO,-0.90253973,0.6787537642398753,26.337698,1.5070106
2019,11,2019-11-17,2019_11_NO_TB,NO,-0.7832472,0.683921344632129,25.944181,1.613492
2019,12,2019-11-24,2019_12_CAR_NO,NO,-0.7594554,0.6773110619107351,26.751587,1.7116402
2019,13,2019-11-28,2019_13_NO_ATL,NO,-0.62308943,0.6699748795745527,28.33492,1.8283068
2019,14,2019-12-08,2019_14_SF_NO,NO,-0.6204835,0.6502595640259039,28.722383,1.947965
2019,15,2019-12-16,2019_15_IND_NO,NO,-0.23330157,0.6384396256128283,32.865242,2.3289173
2019,16,2019-12-22,2019_16_NO_TEN,NO,-0.26865008,0.6415976943958971,33.186077,2.3247507
2019,17,2019-12-29,2019_17_NO_CAR,NO,-0.35526577,0.6234997187815815,32.40545,2.2022436
2020,1,2020-09-13,2020_01_TB_NO,NO,,,,
2020,2,2020-09-21,2020_02_NO_LV,NO,,,,
2020,3,2020-09-27,2020_03_GB_NO,NO,,,,
2020,4,2020-10-04,2020_04_NO_DET,NO,,,,
2020,5,2020-10-12,2020_05_LAC_NO,NO,,,,
2020,7,2020-10-25,2020_07_CAR_NO,NO,,,,
2020,8,2020-11-01,2020_08_NO_CHI,NO,0.8636655,0.5622056006671391,35.26852,3.1410255
2020,9,2020-11-08,2020_09_NO_TB,NO,0.9752746,0.5524142524142523,36.420033,3.1946385
2020,10,2020-11-15,2020_10_SF_NO,NO,0.24245639,0.5865108759553204,32.688553,2.615009
2020,11,2020-11-22,2020_11_ATL_NO,NO,-0.24402575,0.6196597650385529,30.094276,2.1267936
2020,12,2020-11-29,2020_12_NO_DEN,NO,-0.6348307,0.6465607961062506,28.120201,1.758275
2020,13,2020-12-06,2020_13_NO_ATL,NO,-1.0113508,0.6669792665247211,24.953535,1.4575758
2020,14,2020-12-13,2020_14_NO_PHI,NO,-1.4886953,0.7136352199988564,21.789392,1.0333333
2020,15,2020-12-20,2020_15_KC_NO,NO,-1.4028991,0.7083682647319011,23.122726,1.0484849
2020,16,2020-12-25,2020_16_MIN_NO,NO,-0.93015695,0.6902577641214004,25.34495,1.4290404
2020,17,2021-01-03,2020_17_NO_CAR,NO,-0.60741687,0.6775332243514062,26.80404,1.7820706
2021,1,2021-09-12,2021_01_GB_NO,NO,,,,
2021,2,2021-09-19,2021_02_NO_CAR,NO,,,,
2021,3,2021-09-26,2021_03_NO_NE,NO,,,,
2021,4,2021-10-03,2021_04_NYG_NO,NO,,,,
2021,5,2021-10-10,2021_05_NO_WAS,NO,,,,
2021,7,2021-10-25,2021_07_NO_SEA,NO,,,,
2021,8,2021-10-31,2021_08_TB_NO,NO,-0.84705883,0.6273541897490947,30.071297,1.4962121
2021,9,2021-11-07,2021_09_ATL_NO,NO,-0.5827056,0.6197202318626116,32.118435,1.8497475
2021,10,2021-11-14,2021_10_NO_TEN,NO,-0.61492944,0.6340427285380494,32.209343,1.864899
2021,11,2021-11-21,2021_11_NO_PHI,NO,-0.33388993,0.6283621849530941,32.47601,2.0676768
2021,12,2021-11-25,2021_12_BUF_NO,NO,-0.43599573,0.6357290665082873,29.644842,2.0784993
2021,13,2021-12-02,2021_13_DAL_NO,NO,-0.24478066,0.6203522673814882,30.480951,2.2896104
2021,14,2021-12-12,2021_14_NO_NYJ,NO,-0.14375013,0.6260028205320414,31.235716,2.3729436
2021,15,2021-12-19,2021_15_NO_TB,NO,-0.30486816,0.6513089958382167,28.00844,2.1002164
2021,16,2021-12-27,2021_16_MIA_NO,NO,-0.6821522,0.6482631605007146,26.087988,1.6911255
2021,17,2022-01-02,2021_17_CAR_NO,NO,-0.83216935,0.6489216224091766,25.251877,1.5022367
2021,18,2022-01-09,2021_18_NO_ATL,NO,-1.1526271,0.6755792769239739,23.670923,1.2641414
2022,1,2022-09-11,2022_01_NO_ATL,NO,,,,
2022,2,2022-09-18,2022_02_TB_NO,NO,,,,
2022,3,2022-09-25,2022_03_NO_CAR,NO,,,,
2022,4,2022-10-02,2022_04_MIN_NO,NO,,,,
2022,5,2022-10-09,2022_05_SEA_NO,NO,,,,
2022,6,2022-10-16,2022_06_CIN_NO,NO,,,,
2022,7,2022-10-20,2022_07_NO_ARI,NO,0.27079293,0.590884501301168,30.698767,2.209499
2022,8,2022-10-30,2022_08_LV_NO,NO,0.38996625,0.6008043596167482,30.380585,2.3155594
2022,9,2022-11-07,2022_09_BAL_NO,NO,0.06273231,0.6209573657816592,29.598839,2.121115
2022,10,2022-11-13,2022_10_NO_PIT,NO,0.30718195,0.6115816977254355,31.339579,2.3988926
2022,11,2022-11-20,2022_11_LA_NO,NO,0.1350122,0.6143070587841298,32.257088,2.3450208
2022,12,2022-11-27,2022_12_NO_SF,NO,0.12517433,0.6065842260612971,32.271072,2.2377946
2022,13,2022-12-05,2022_13_NO_TB,NO,-0.26201352,0.6338124376645088,30.646072,1.883628
2022,15,2022-12-18,2022_15_ATL_NO,NO,-0.45160994,0.6371739521155955,31.48092,1.7275673
2022,16,2022-12-24,2022_16_NO_CLE,NO,0.05607143,0.6109714655956486,34.1423,2.0423822
2022,17,2023-01-01,2022_17_NO_PHI,NO,-0.39232436,0.6364112997489331,32.38489,1.7090489
2022,18,2023-01-08,2022_18_CAR_NO,NO,-0.7142348,0.6613522118110573,30.391624,1.4901937
2023,1,2023-09-10,2023_01_TEN_NO,NO,,,,
2023,2,2023-09-18,2023_02_NO_CAR,NO,,,,
2023,3,2023-09-24,2023_03_NO_GB,NO,,,,
2023,4,2023-10-01,2023_04_TB_NO,NO,,,,
2023,5,2023-10-08,2023_05_NO_NE,NO,,,,
2023,6,2023-10-15,2023_06_NO_HOU,NO,,,,
2023,7,2023-10-19,2023_07_JAX_NO,NO,-0.87099457,0.6544735468513664,26.87987,1.5439395
2023,8,2023-10-29,2023_08_NO_IND,NO,-0.70319206,0.6364630850909047,27.079367,1.6638889
2023,9,2023-11-05,2023_09_CHI_NO,NO,-0.587428,0.6504762941041137,28.673304,1.8063132
2023,10,2023-11-12,2023_10_NO_MIN,NO,-0.730894,0.662808701744008,28.482397,1.7805556
2023,12,2023-11-26,2023_12_NO_ATL,NO,-0.72611785,0.6669896507495183,27.921286,1.7222222
2023,13,2023-12-03,2023_13_DET_NO,NO,-0.14436118,0.6114272788180988,33.415993,2.0555556
2023,14,2023-12-10,2023_14_CAR_NO,NO,-0.08993434,0.6143396442304642,33.40993,2.222222
2023,15,2023-12-17,2023_15_NYG_NO,NO,-0.521825,0.630967692108512,32.979374,1.9583334
2023,16,2023-12-21,2023_16_NO_LA,NO,-0.85419935,0.6520668090409624,30.992844,1.6603535
2023,17,2023-12-31,2023_17_NO_TB,NO,-0.4812498,0.6204587684162847,33.620792,1.9583334
2023,18,2024-01-07,2023_18_ATL_NO,NO,-0.64227706,0.6351122476530974,33.53493,1.780303
2024,1,2024-09-08,2024_01_CAR_NO,NO,,,,
2024,2,2024-09-15,2024_02_NO_DAL,NO,,,,
2024,3,2024-09-22,2024_03_PHI_NO,NO,,,,
2024,4,2024-09-29,2024_04_NO_ATL,NO,,,,
2024,5,2024-10-07,2024_05_NO_KC,NO,,,,
2024,6,2024-10-13,2024_06_TB_NO,NO,,,,
2024,7,2024-10-17,2024_07_DEN_NO,NO,-0.23847127,0.5480472556155329,38.039417,2.102381
2024,8,2024-10-27,2024_08_NO_LAC,NO,0.22866857,0.5133982346028755,41.296993,2.372583
2024,9,2024-11-03,2024_09_NO_CAR,NO,0.3852631,0.5219355026467225,40.677547,2.4170275
2024,10,2024-11-10,2024_10_ATL_NO,NO,0.59645677,0.5215163641720285,36.197918,2.5411015
2024,11,2024-11-17,2024_11_CLE_NO,NO,0.42984965,0.5146009311202319,37.62216,2.4283068
2024,13,2024-12-01,2024_13_LA_NO,NO,0.13854997,0.5459196448661588,35.790512,2.143795
2024,14,2024-12-08,2024_14_NO_NYG,NO,0.2565898,0.5469037467431179,36.647655,2.1080809
2024,15,2024-12-15,2024_15_WAS_NO,NO,-0.07059621,0.5894666131696207,34.91572,1.827195
2024,16,2024-12-23,2024_16_NO_GB,NO,-0.052298736,0.5676566629468415,36.0685,1.8827505
2024,17,2024-12-29,2024_17_LV_NO,NO,0.36594716,0.5493010255287041,40.37683,2.2077506
2024,18,2025-01-05,2024_18_NO_TB,NO,0.5235678,0.5658514921629028,39.785923,2.3668416
2016,1,2016-09-11,2016_01_NYG_DAL,NYG,,,,
2016,2,2016-09-18,2016_02_NO_NYG,NYG,,,,
2016,3,2016-09-25,2016_03_WAS_NYG,NYG,,,,
2016,4,2016-10-03,2016_04_NYG_MIN,NYG,,,,
2016,5,2016-10-09,2016_05_NYG_GB,NYG,,,,
2016,6,2016-10-16,2016_06_BAL_NYG,NYG,,,,
2016,7,2016-10-23,2016_07_NYG_LA,NYG,0.28087208,0.611854854130821,34.2258,2.1904461
2016,9,2016-11-06,2016_09_PHI_NYG,NYG,0.06964548,0.6147866996284188,32.753044,1.9228178
2016,10,2016-11-14,2016_10_CIN_NYG,NYG,0.13344653,0.6234288511277132,33.806072,1.9996578
2016,11,2016-11-20,2016_11_CHI_NYG,NYG,-0.22044487,0.6538122295503073,30.074593,1.7403984
2016,12,2016-11-27,2016_12_NYG_CLE,NYG,-0.2571076,0.6447788386987346,29.34732,1.6191864
2016,13,2016-12-04,2016_13_NYG_PIT,NYG,-0.4525731,0.6367459487639309,27.158432,1.415146
2016,14,2016-12-11,2016_14_DAL_NYG,NYG,-0.5793412,0.6400265906809364,27.582672,1.3999945
2016,15,2016-12-18,2016_15_DET_NYG,NYG,-0.73960894,0.6654982415372027,26.048485,1.349567
2016,16,2016-12-22,2016_16_NYG_PHI,NYG,-0.7547694,0.6683082489900672,25.48182,1.1757575
2016,17,2017-01-01,2016_17_NYG_WAS,NYG,-0.7045817,0.6566650310968494,26.110605,1.1707071
2017,1,2017-09-10,2017_01_NYG_DAL,NYG,,,,
2017,2,2017-09-18,2017_02_DET_NYG,NYG,,,,
2017,3,2017-09-24,2017_03_NYG_PHI,NYG,,,,
2017,4,2017-10-01,2017_04_NYG_TB,NYG,,,,
2017,5,2017-10-08,2017_05_LAC_NYG,NYG,,,,
2017,6,2017-10-15,2017_06_NYG_DEN,NYG,,,,
2017,7,2017-10-22,2017_07_SEA_NYG,NYG,-0.26006082,0.6145181152878317,32.548695,1.8444704
2017,9,2017-11-05,2017_09_LA_NYG,NYG,-0.3257169,0.6191024455666064,31.743979,1.8562549
2017,10,2017-11-12,2017_10_NYG_SF,NYG,0.11325565,0.5991301759731247,34.419483,2.2918608
2017,11,2017-11-19,2017_11_KC_NYG,NYG,0.32535386,0.6020183243473841,38.33615,2.490935
2017,12,2017-11-23,2017_12_NYG_WAS,NYG,0.18029489,0.6008399782826744,37.641705,2.2800763
2017,13,2017-12-03,2017_13_NYG_OAK,NYG,-0.016417166,0.5971677779758587,36.885296,2.190333
2017,14,2017-12-10,2017_14_DAL_NYG,NYG,0.29589736,0.5779938963019772,37.082264,2.4024541
2017,15,2017-12-17,2017_15_PHI_NYG,NYG,0.4407841,0.5761814831259277,37.55196,2.4933631
2017,16,2017-12-24,2017_16_NYG_ARI,NYG,0.2542546,0.5769951756062867,36.164337,2.3001812
2017,17,2017-12-31,2017_17_WAS_NYG,NYG,-0.16361542,0.5905174241712704,31.04895,1.9440559
2018,1,2018-09-09,2018_01_JAX_NYG,NYG,,,,
2018,2,2018-09-16,2018_02_NYG_DAL,NYG,,,,
2018,3,2018-09-23,2018_03_NYG_HOU,NYG,,,,
2018,4,2018-09-30,2018_04_NO_NYG,NYG,,,,
2018,5,2018-10-07,2018_05_NYG_CAR,NYG,,,,
2018,6,2018-10-11,2018_06_PHI_NYG,NYG,,,,
2018,7,2018-10-22,2018_07_NYG_ATL,NYG,0.6299393,0.605853329979147,34.77744,2.5148149
2018,8,2018-10-28,2018_08_WAS_NYG,NYG,0.8967175,0.5908561358152861,38.365406,2.7462962
2018,10,2018-11-12,2018_10_NYG_SF,NYG,0.949322,0.5807511173769344,38.279545,2.6789563
2018,11,2018-11-18,2018_11_TB_NYG,NYG,0.9200645,0.5946871813129984,36.662876,2.6956227
2018,12,2018-11-25,2018_12_NYG_PHI,NYG,0.8045159,0.5805375306511671,37.130894,2.6148148
2018,13,2018-12-02,2018_13_CHI_NYG,NYG,0.83395743,0.5651778902915267,38.22012,2.5407407
2018,14,2018-12-09,2018_14_NYG_WAS,NYG,0.53980833,0.585140412337382,37.134007,2.3685186
2018,15,2018-12-16,2018_15_TEN_NYG,NYG,0.06282463,0.6062915495599478,32.758343,2.1092594
2018,16,2018-12-23,2018_16_NYG_IND,NYG,0.05008487,0.6019556334184761,32.88124,2.121044
2018,17,2018-12-30,2018_17_DAL_NYG,NYG,0.31140068,0.5744356636762841,34.844204,2.256229
2019,1,2019-09-08,2019_01_NYG_DAL,NYG,,,,
2019,2,2019-09-15,2019_02_BUF_NYG,NYG,,,,
2019,3,2019-09-22,2019_03_NYG_TB,NYG,,,,
2019,4,2019-09-29,2019_04_WAS_NYG,NYG,,,,
2019,5,2019-10-06,2019_05_MIN_NYG,NYG,,,,
2019,6,2019-10-10,2019_06_NYG_NE,NYG,,,,
2019,7,2019-10-20,2019_07_ARI_NYG,NYG,0.46306682,0.5901679399073673,39.02376,2.3518195
2019,8,2019-10-27,2019_08_NYG_DET,NYG,0.04725116,0.5976659614331666,34.038578,2.1536713
2019,9,2019-11-04,2019_09_DAL_NYG,NYG,-0.07814155,0.5896368303592494,34.429485,2.1460955
2019,10,2019-11-10,2019_10_NYG_NYJ,NYG,-0.095814265,0.5801415802389993,33.990383,2.1792152
2019,12,2019-11-24,2019_12_NYG_CHI,NYG,0.37748972,0.5679414539763731,35.42094,2.5226495
2019,13,2019-12-01,2019_13_GB_NYG,NYG,-0.18005592,0.5850783487174345,30.365385,2.2448719
2019,14,2019-12-09,2019_14_NYG_PHI,NYG,0.34909368,0.5854809118350784,31.979166,2.5958333
2019,15,2019-12-15,2019_15_MIA_NYG,NYG,0.37329638,0.5816789333902429,32.755356,2.4196427
2019,16,2019-12-22,2019_16_NYG_WAS,NYG,0.2655065,0.5909336832699928,31.719246,2.2807539
2019,17,2019-12-29,2019_17_PHI_NYG,NYG,0.47983196,0.5977839639805677,31.627579,2.4335318
2020,1,2020-09-14,2020_01_PIT_NYG,NYG,,,,
2020,2,2020-09-20,2020_02_NYG_CHI,NYG,,,,
2020,3,2020-09-27,2020_03_SF_NYG,NYG,,,,
2020,4,2020-10-04,2020_04_NYG_LA,NYG,,,,
2020,5,2020-10-11,2020_05_NYG_DAL,NYG,,,,
2020,6,2020-10-18,2020_06_WAS_NYG,NYG,,,,
2020,7,2020-10-22,2020_07_NYG_PHI,NYG,0.4022086,0.5938038102662285,38.239056,2.7266414
2020,8,2020-11-02,2020_08_TB_NYG,NYG,0.21100341,0.5870649858190707,38.20665,2.5507154
2020,9,2020-11-08,2020_09_NYG_WAS,NYG,0.43412134,0.5652297685671869,38.327023,2.6525674
2020,10,2020-11-15,2020_10_PHI_NYG,NYG,0.025037656,0.575783618652287,36.21452,2.2359006
2020,12,2020-11-29,2020_12_NYG_CIN,NYG,0.17395966,0.5619534621832416,37.514523,2.1877525
2020,13,2020-12-06,2020_13_NYG_SEA,NYG,0.0084040025,0.5825678967682645,33.787247,1.9756314
2020,14,2020-12-13,2020_14_ARI_NYG,NYG,-0.17249203,0.5934756216006216,31.43308,1.7313131
2020,15,2020-12-20,2020_15_CLE_NYG,NYG,-0.15289752,0.5838425463425464,30.780304,1.8196969
2020,16,2020-12-27,2020_16_NYG_BAL,NYG,0.010331948,0.5878323594395023,34.363636,1.8792208
2020,17,2021-01-03,2020_17_DAL_NYG,NYG,0.24958952,0.5777465309161738,36.684467,2.1083875
2021,1,2021-09-12,2021_01_DEN_NYG,NYG,,,,
2021,2,2021-09-16,2021_02_NYG_WAS,NYG,,,,
2021,3,2021-09-26,2021_03_ATL_NYG,NYG,,,,
2021,4,2021-10-03,2021_04_NYG_NO,NYG,,,,
2021,5,2021-10-10,2021_05_NYG_DAL,NYG,,,,
2021,6,2021-10-17,2021_06_LA_NYG,NYG,,,,
2021,7,2021-10-24,2021_07_CAR_NYG,NYG,0.95319146,0.5684475965767745,40.143772,2.792803
2021,8,2021-11-01,2021_08_NYG_KC,NYG,0.1946627,0.5956545620649899,33.79655,2.2719698
2021,9,2021-11-07,2021_09_LV_NYG,NYG,0.06118219,0.5923164187268465,33.77988,2.1507576
2021,11,2021-11-22,2021_11_NYG_TB,NYG,-0.09516934,0.5664001835459055,35.563213,2.134091
2021,12,2021-11-28,2021_12_PHI_NYG,NYG,0.06761011,0.5645756845155241,34.68914,2.245202
2021,13,2021-12-05,2021_13_NYG_MIA,NYG,-0.4342287,0.5911390474993417,32.419445,1.7861112
2021,14,2021-12-12,2021_14_NYG_LAC,NYG,-0.6387448,0.6047844298947239,31.851263,1.5613637
2021,15,2021-12-19,2021_15_DAL_NYG,NYG,-0.09276489,0.5765420704023646,35.88788,2.080303
2021,16,2021-12-26,2021_16_NYG_PHI,NYG,-0.11836162,0.58761199584729,35.22121,2.0969696
2021,17,2022-01-02,2021_17_NYG_CHI,NYG,-0.032141693,0.5885703185703186,32.9351,2.2191918
2021,18,2022-01-09,2021_18_WAS_NYG,NYG,-0.25892588,0.6118370055870056,29.860102,2.0941918
2022,1,2022-09-11,2022_01_NYG_TEN,NYG,,,,
2022,2,2022-09-18,2022_02_CAR_NYG,NYG,,,,
2022,3,2022-09-26,2022_03_DAL_NYG,NYG,,,,
2022,4,2022-10-02,2022_04_CHI_NYG,NYG,,,,
2022,5,2022-10-09,2022_05_NYG_GB,NYG,,,,
2022,6,2022-10-16,2022_06_BAL_NYG,NYG,,,,
2022,7,2022-10-23,2022_07_NYG_JAX,NYG,0.31098697,0.5919508901942614,34.678368,1.8976431
2022,8,2022-10-30,2022_08_NYG_SEA,NYG,0.41801584,0.5857425888155054,37.572308,1.9279461
2022,10,2022-11-13,2022_10_HOU_NYG,NYG,0.63355863,0.5921118368514202,37.26675,2.0605218
2022,11,2022-11-20,2022_11_DET_NYG,NYG,0.4819421,0.6016951701847536,36.580387,1.9196129
2022,12,2022-11-24,2022_12_NYG_DAL,NYG,0.61141914,0.5773685708581543,37.134933,2.2544613
2022,13,2022-12-04,2022_13_WAS_NYG,NYG,0.5299842,0.583468154246663,38.65808,2.356313
2022,14,2022-12-11,2022_14_PHI_NYG,NYG,0.47893354,0.5856987939773027,36.861786,2.2637205
2022,15,2022-12-18,2022_15_NYG_WAS,NYG,0.82832164,0.5638476590011678,35.82845,2.7303874
2022,16,2022-12-24,2022_16_NYG_MIN,NYG,0.6255198,0.5656793304161726,38.41734,2.5553873
2022,17,2023-01-01,2022_17_IND_NYG,NYG,0.63986605,0.5618660141028563,37.841583,2.7220538
2022,18,2023-01-08,2022_18_NYG_PHI,NYG,0.21683364,0.5900691766810188,37.637417,2.4137206
2023,1,2023-09-10,2023_01_DAL_NYG,NYG,,,,
2023,2,2023-09-17,2023_02_NYG_ARI,NYG,,,,
2023,3,2023-09-21,2023_03_NYG_SF,NYG,,,,
2023,4,2023-10-02,2023_04_SEA_NYG,NYG,,,,
2023,5,2023-10-08,2023_05_NYG_MIA,NYG,,,,
2023,6,2023-10-15,2023_06_NYG_BUF,NYG,,,,
2023,7,2023-10-22,2023_07_WAS_NYG,NYG,0.35772336,0.5733860715406435,36.75707,2.5284512
2023,8,2023-10-29,2023_08_NYJ_NYG,NYG,0.091924906,0.5786495076311473,35.991917,2.1875422
2023,9,2023-11-05,2023_09_NYG_LV,NYG,-0.30756328,0.5815549234450599,31.749,1.814993
2023,10,2023-11-12,2023_10_NYG_DAL,NYG,-0.59075266,0.5757173646561121,28.36937,1.6761042
2023,11,2023-11-19,2023_11_NYG_WAS,NYG,-0.13522027,0.576054884879996,33.302452,2.0839326
2023,12,2023-11-26,2023_12_NE_NYG,NYG,-0.4056889,0.5998087429046874,30.14134,1.8311547
2023,14,2023-12-11,2023_14_GB_NYG,NYG,-0.5222104,0.5995245232158958,28.92922,1.6779561
2023,15,2023-12-17,2023_15_NYG_NO,NYG,-0.35207298,0.6046978305166807,30.618612,1.9279561
2023,16,2023-12-25,2023_16_NYG_PHI,NYG,0.0057667843,0.5991656176315266,34.40783,2.300505
2023,17,2023-12-31,2023_17_LA_NYG,NYG,0.03573678,0.5863963460080884,36.814396,2.3838384
2023,18,2024-01-07,2023_18_PHI_NYG,NYG,-0.34465563,0.6075360858978284,32.937256,2.036616
2024,1,2024-09-08,2024_01_MIN_NYG,NYG,,,,
2024,2,2024-09-15,2024_02_NYG_WAS,NYG,,,,
2024,3,2024-09-22,2024_03_NYG_CLE,NYG,,,,
2024,4,2024-09-26,2024_04_DAL_NYG,NYG,,,,
2024,5,2024-10-06,2024_05_NYG_SEA,NYG,,,,
2024,6,2024-10-13,2024_06_CIN_NYG,NYG,,,,
2024,7,2024-10-20,2024_07_PHI_NYG,NYG,0.11490337,0.5179774324319281,34.030037,1.9405984
2024,8,2024-10-28,2024_08_NYG_PIT,NYG,0.1619171,0.5294188074149697,33.535595,1.9628205
2024,9,2024-11-03,2024_09_WAS_NYG,NYG,-0.046623845,0.5228293369439203,30.226068,1.7961539
2024,10,2024-11-10,2024_10_NYG_CAR,NYG,0.6275301,0.5033367263798811,34.619843,2.2595239
2024,12,2024-11-24,2024_12_TB_NYG,NYG,0.4473766,0.5257667558411606,32.744843,2.1206348
2024,13,2024-11-28,2024_13_NYG_DAL,NYG,0.93488115,0.5459742039999976,36.47169,2.481746
2024,14,2024-12-08,2024_14_NO_NYG,NYG,0.8534022,0.5461201691459628,36.12927,2.5165946
2024,15,2024-12-15,2024_15_BAL_NYG,NYG,0.5327984,0.553962750946878,35.163456,2.3071928
2024,16,2024-12-22,2024_16_NYG_ATL,NYG,0.98880816,0.5443106322322592,37.413456,2.703026
2024,17,2024-12-29,2024_17_IND_NYG,NYG,0.6660483,0.5429455601739098,35.732502,2.4268358
2024,18,2025-01-05,2024_18_NYG_PHI,NYG,0.7818575,0.5175955822197652,37.67695,2.607391
2016,1,2016-09-11,2016_01_CIN_NYJ,NYJ,,,,
2016,2,2016-09-15,2016_02_NYJ_BUF,NYJ,,,,
2016,3,2016-09-25,2016_03_NYJ_KC,NYJ,,,,
2016,4,2016-10-02,2016_04_SEA_NYJ,NYJ,,,,
2016,5,2016-10-09,2016_05_NYJ_PIT,NYJ,,,,
2016,6,2016-10-17,2016_06_NYJ_ARI,NYJ,,,,
2016,7,2016-10-23,2016_07_BAL_NYJ,NYJ,0.82372814,0.5491736812570146,37.081482,2.4851851
2016,8,2016-10-30,2016_08_NYJ_CLE,NYJ,0.49541906,0.5601014856463574,33.87251,2.230057
2016,9,2016-11-06,2016_09_NYJ_MIA,NYJ,0.43256655,0.5740364704146755,33.46973,2.1883903
2016,10,2016-11-13,2016_10_LA_NYJ,NYJ,0.67064697,0.5889530969979687,32.886395,2.4883902
2016,12,2016-11-27,2016_12_NE_NYJ,NYJ,0.41327718,0.6179929922878641,31.65306,2.1883903
2016,13,2016-12-05,2016_13_IND_NYJ,NYJ,0.31876275,0.6256720724669442,30.186396,2.0383904
2016,14,2016-12-11,2016_14_NYJ_SF,NYJ,0.39540276,0.6159425833813946,29.962488,2.141084
2016,15,2016-12-17,2016_15_MIA_NYJ,NYJ,0.49669054,0.6072182622372017,31.432577,2.2489898
2016,16,2016-12-24,2016_16_NYJ_NE,NYJ,0.45323431,0.5888355261461322,29.960352,2.2628787
2016,17,2017-01-01,2016_17_BUF_NYJ,NYJ,0.5516991,0.5765461460537219,30.748232,2.384091
2017,1,2017-09-10,2017_01_NYJ_BUF,NYJ,,,,
2017,2,2017-09-17,2017_02_NYJ_OAK,NYJ,,,,
2017,3,2017-09-24,2017_03_MIA_NYJ,NYJ,,,,
2017,4,2017-10-01,2017_04_JAX_NYJ,NYJ,,,,
2017,5,2017-10-08,2017_05_NYJ_CLE,NYJ,,,,
2017,6,2017-10-15,2017_06_NE_NYJ,NYJ,,,,
2017,7,2017-10-22,2017_07_NYJ_MIA,NYJ,-0.024155574,0.6145006594736032,32.580196,1.9151516
2017,8,2017-10-29,2017_08_ATL_NYJ,NYJ,-0.014893663,0.5997487447216884,30.929846,1.9944056
2017,9,2017-11-02,2017_09_BUF_NYJ,NYJ,-0.48008618,0.6268560604828503,29.045229,1.5649184
2017,10,2017-11-12,2017_10_NYJ_TB,NYJ,-0.32029524,0.6146235577054758,29.856127,1.7508159
2017,12,2017-11-26,2017_12_CAR_NYJ,NYJ,-0.29655412,0.6471533687212745,30.263054,1.8114219
2017,13,2017-12-03,2017_13_KC_NYJ,NYJ,-0.10222742,0.6626002793604928,27.061773,1.8729604
2017,14,2017-12-10,2017_14_NYJ_DEN,NYJ,0.12766264,0.6341241398995049,29.679617,2.083398
2017,15,2017-12-17,2017_15_NYJ_NO,NYJ,0.07620317,0.6484551792305442,29.25421,2.034447
2017,16,2017-12-24,2017_16_LAC_NYJ,NYJ,0.042060878,0.6503807287522476,30.041603,2.1444898
2017,17,2017-12-31,2017_17_NYJ_NE,NYJ,0.13934483,0.6555493848824422,30.964678,2.0547462
2018,1,2018-09-10,2018_01_NYJ_DET,NYJ,,,,
2018,2,2018-09-16,2018_02_MIA_NYJ,NYJ,,,,
2018,3,2018-09-20,2018_03_NYJ_CLE,NYJ,,,,
2018,4,2018-09-30,2018_04_NYJ_JAX,NYJ,,,,
2018,5,2018-10-07,2018_05_DEN_NYJ,NYJ,,,,
2018,6,2018-10-14,2018_06_IND_NYJ,NYJ,,,,
2018,7,2018-10-21,2018_07_MIN_NYJ,NYJ,-0.90928596,0.6071035602992617,29.13008,1.7245809
2018,8,2018-10-28,2018_08_NYJ_CHI,NYJ,-0.4243864,0.6043441958211472,28.384542,1.9790453
2018,9,2018-11-04,2018_09_NYJ_MIA,NYJ,-0.2214488,0.6200915503185017,31.952723,2.076015
2018,10,2018-11-11,2018_10_BUF_NYJ,NYJ,-0.3544134,0.6249147295902104,29.77217,1.8954593
2018,12,2018-11-25,2018_12_NE_NYJ,NYJ,-0.0599219,0.6141760380822882,30.081026,2.1448767
2018,13,2018-12-02,2018_13_NYJ_TEN,NYJ,0.41041663,0.6020286085328977,33.23202,2.4397485
2018,14,2018-12-09,2018_14_NYJ_BUF,NYJ,0.3947551,0.6104942169985063,32.92433,2.3371844
2018,15,2018-12-15,2018_15_HOU_NYJ,NYJ,0.39189813,0.6076691658922052,34.95558,2.335101
2018,16,2018-12-23,2018_16_GB_NYJ,NYJ,0.40599784,0.61125433072737,33.305584,2.4184344
2018,17,2018-12-30,2018_17_NYJ_NE,NYJ,0.991743,0.5816173010903403,38.486137,2.9184344
2019,1,2019-09-08,2019_01_BUF_NYJ,NYJ,,,,
2019,2,2019-09-16,2019_02_CLE_NYJ,NYJ,,,,
2019,3,2019-09-22,2019_03_NYJ_NE,NYJ,,,,
2019,5,2019-10-06,2019_05_NYJ_PHI,NYJ,,,,
2019,6,2019-10-13,2019_06_DAL_NYJ,NYJ,,,,
2019,7,2019-10-21,2019_07_NE_NYJ,NYJ,,,,
2019,8,2019-10-27,2019_08_NYJ_JAX,NYJ,0.01926935,0.5896123302795797,30.251982,1.989627
2019,9,2019-11-03,2019_09_NYJ_MIA,NYJ,0.12780863,0.6069651514202796,30.033546,2.134829
2019,10,2019-11-10,2019_10_NYG_NYJ,NYJ,0.17528768,0.6134859762744378,30.208548,2.2153847
2019,11,2019-11-17,2019_11_NYJ_WAS,NYJ,0.16659008,0.6375318378202993,28.939316,2.1641026
2019,12,2019-11-24,2019_12_OAK_NYJ,NYJ,-0.017401205,0.6663402593370542,28.092094,2.1224358
2019,13,2019-12-01,2019_13_NYJ_CIN,NYJ,-0.52034575,0.6835497550882166,24.344872,1.7974359
2019,14,2019-12-08,2019_14_MIA_NYJ,NYJ,-0.5806107,0.6753758741258742,24.894873,1.7333335
2019,15,2019-12-12,2019_15_NYJ_BAL,NYJ,-0.5283805,0.6543357341641656,25.525427,1.6805555
2019,16,2019-12-22,2019_16_PIT_NYJ,NYJ,-0.3791306,0.6438027948812263,26.09664,1.9017677
2019,17,2019-12-29,2019_17_NYJ_BUF,NYJ,-0.5283974,0.6358953473904454,26.079544,1.7073232
2020,1,2020-09-13,2020_01_NYJ_BUF,NYJ,,,,
2020,2,2020-09-20,2020_02_SF_NYJ,NYJ,,,,
2020,3,2020-09-27,2020_03_NYJ_IND,NYJ,,,,
2020,4,2020-10-01,2020_04_DEN_NYJ,NYJ,,,,
2020,5,2020-10-11,2020_05_ARI_NYJ,NYJ,,,,
2020,6,2020-10-18,2020_06_NYJ_MIA,NYJ,,,,
2020,7,2020-10-25,2020_07_BUF_NYJ,NYJ,0.69205743,0.5505116098498452,35.24184,2.6682985
2020,8,2020-11-01,2020_08_NYJ_KC,NYJ,0.73734456,0.5408243526625879,36.327026,2.5516317
2020,9,2020-11-09,2020_09_NE_NYJ,NYJ,0.782502,0.5283873071373072,38.577026,2.6182983
2020,11,2020-11-22,2020_11_NYJ_LAC,NYJ,1.1343082,0.5381058398672035,42.270206,2.9099648
2020,12,2020-11-29,2020_12_MIA_NYJ,NYJ,1.0531781,0.5395312862089178,42.452026,2.7736015
2020,13,2020-12-06,2020_13_LV_NYJ,NYJ,0.80720496,0.5508871063147379,39.68536,2.6069348
2020,14,2020-12-13,2020_14_NYJ_SEA,NYJ,1.0224987,0.5445674999951317,42.648064,2.7689393
2020,15,2020-12-20,2020_15_NYJ_LA,NYJ,1.2000338,0.5531588623364939,41.646214,3.1022727
2020,16,2020-12-27,2020_16_CLE_NYJ,NYJ,0.7059021,0.5840054231830548,37.970455,2.8219697
2020,17,2021-01-03,2020_17_NYJ_NE,NYJ,0.102600016,0.6014024937051253,32.76212,2.402098
2021,1,2021-09-12,2021_01_NYJ_CAR,NYJ,,,,
2021,2,2021-09-19,2021_02_NE_NYJ,NYJ,,,,
2021,3,2021-09-26,2021_03_NYJ_DEN,NYJ,,,,
2021,4,2021-10-03,2021_04_TEN_NYJ,NYJ,,,,
2021,5,2021-10-10,2021_05_NYJ_ATL,NYJ,,,,
2021,7,2021-10-24,2021_07_NYJ_NE,NYJ,,,,
2021,8,2021-10-31,2021_08_CIN_NYJ,NYJ,0.8942315,0.5585311255102922,38.321045,2.8194444
2021,9,2021-11-04,2021_09_NYJ_IND,NYJ,0.99391764,0.5570340115131782,37.56347,3.0012627
2021,10,2021-11-14,2021_10_BUF_NYJ,NYJ,1.4410071,0.5268951226242894,42.50741,3.3724747
2021,11,2021-11-21,2021_11_MIA_NYJ,NYJ,1.747955,0.5001848421640088,44.077103,3.6209595
2021,12,2021-11-28,2021_12_NYJ_HOU,NYJ,1.8280253,0.4996785857092875,45.088215,3.7015152
2021,13,2021-12-05,2021_13_PHI_NYJ,NYJ,1.2232908,0.5329817331791017,39.919697,3.4348485
2021,14,2021-12-12,2021_14_NO_NYJ,NYJ,1.0836681,0.537642701295952,39.394695,3.2223485
2021,15,2021-12-19,2021_15_NYJ_MIA,NYJ,1.2190877,0.5338337787370295,39.773487,3.207197
2021,16,2021-12-26,2021_16_JAX_NYJ,NYJ,0.72842497,0.5779304270382233,36.67803,2.926894
2021,17,2022-01-02,2021_17_TB_NYJ,NYJ,0.6064579,0.5954655250420713,37.395832,2.682576
2021,18,2022-01-09,2021_18_NYJ_BUF,NYJ,0.8392183,0.5793737383362495,39.597683,2.7825756
2022,1,2022-09-11,2022_01_BAL_NYJ,NYJ,,,,
2022,2,2022-09-18,2022_02_NYJ_CLE,NYJ,,,,
2022,3,2022-09-25,2022_03_CIN_NYJ,NYJ,,,,
2022,4,2022-10-02,2022_04_NYJ_PIT,NYJ,,,,
2022,5,2022-10-09,2022_05_MIA_NYJ,NYJ,,,,
2022,6,2022-10-16,2022_06_NYJ_GB,NYJ,,,,
2022,7,2022-10-23,2022_07_NYJ_DEN,NYJ,-0.2662451,0.6072098608462245,27.704506,1.9148213
2022,8,2022-10-30,2022_08_NE_NYJ,NYJ,-0.50479585,0.6297382005620642,28.068144,1.676185
2022,9,2022-11-06,2022_09_BUF_NYJ,NYJ,-0.8310585,0.6336156425645062,25.38481,1.4817405
2022,11,2022-11-20,2022_11_NYJ_NE,NYJ,-0.82529753,0.6255313680660902,26.240028,1.3874644
2022,12,2022-11-27,2022_12_CHI_NYJ,NYJ,-1.0326947,0.6237549037896261,26.240028,1.1652422
2022,13,2022-12-04,2022_13_NYJ_MIN,NYJ,-0.9918442,0.6343080851761408,27.568733,1.1143162
2022,14,2022-12-11,2022_14_NYJ_BUF,NYJ,-0.62157565,0.6503910762591318,28.383417,1.395202
2022,15,2022-12-18,2022_15_DET_NYJ,NYJ,-0.46294615,0.6410752185057741,27.11953,1.5479798
2022,16,2022-12-22,2022_16_JAX_NYJ,NYJ,-0.44552025,0.6429372916178472,29.01953,1.4757576
2022,17,2023-01-01,2022_17_NYJ_SEA,NYJ,-0.3961037,0.65627570217848,29.963974,1.5127946
2022,18,2023-01-08,2022_18_NYJ_MIA,NYJ,-0.21825564,0.6562770896798676,31.081398,1.8057238
2023,1,2023-09-11,2023_01_BUF_NYJ,NYJ,,,,
2023,2,2023-09-17,2023_02_NYJ_DAL,NYJ,,,,
2023,3,2023-09-24,2023_03_NE_NYJ,NYJ,,,,
2023,4,2023-10-01,2023_04_KC_NYJ,NYJ,,,,
2023,5,2023-10-08,2023_05_NYJ_DEN,NYJ,,,,
2023,6,2023-10-15,2023_06_PHI_NYJ,NYJ,,,,
2023,8,2023-10-29,2023_08_NYJ_NYG,NYJ,-0.3179213,0.6551341921595932,31.501863,1.8121213
2023,9,2023-11-06,2023_09_LAC_NYJ,NYJ,-0.47082648,0.6827328363357775,28.64625,1.6677362
2023,10,2023-11-12,2023_10_NYJ_LV,NYJ,-0.68439716,0.675482917137329,24.8283,1.4536337
2023,11,2023-11-19,2023_11_NYJ_BUF,NYJ,-0.7406991,0.6648222814766932,24.390074,1.5293912
2023,12,2023-11-24,2023_12_MIA_NYJ,NYJ,-0.7727595,0.6645034567828685,24.317345,1.6309065
2023,13,2023-12-03,2023_13_ATL_NYJ,NYJ,-0.5323121,0.6339118195524753,26.044617,1.7521185
2023,14,2023-12-10,2023_14_HOU_NYJ,NYJ,-0.48726353,0.648810578201234,22.74462,1.6854519
2023,15,2023-12-17,2023_15_NYJ_MIA,NYJ,-0.521674,0.6394978253223046,22.620436,1.6707458
2023,16,2023-12-24,2023_16_WAS_NYJ,NYJ,-0.4005996,0.6444410846773286,25.00505,1.9015151
2023,17,2023-12-28,2023_17_NYJ_CLE,NYJ,-0.35909542,0.651253253989498,23.710678,1.9924244
2023,18,2024-01-07,2023_18_NYJ_NE,NYJ,-0.52147704,0.633279561015805,23.470583,1.9050117
2024,1,2024-09-09,2024_01_NYJ_SF,NYJ,,,,
2024,2,2024-09-15,2024_02_NYJ_TEN,NYJ,,,,
2024,3,2024-09-19,2024_03_NE_NYJ,NYJ,,,,
2024,4,2024-09-29,2024_04_DEN_NYJ,NYJ,,,,
2024,5,2024-10-06,2024_05_NYJ_MIN,NYJ,,,,
2024,6,2024-10-14,2024_06_BUF_NYJ,NYJ,,,,
2024,7,2024-10-20,2024_07_NYJ_PIT,NYJ,-0.17719649,0.5905454737796008,27.515694,1.7757635
2024,8,2024-10-27,2024_08_NYJ_NE,NYJ,-0.24004763,0.5945187358336709,26.268219,1.7437769
2024,9,2024-10-31,2024_09_HOU_NYJ,NYJ,-0.13241398,0.5813892727042078,26.185728,1.9306458
2024,10,2024-11-10,2024_10_NYJ_ARI,NYJ,0.17150734,0.5799123631974196,30.238638,2.099958
2024,11,2024-11-17,2024_11_IND_NYJ,NYJ,1.0485741,0.5249189769540333,38.016415,2.82218
2024,13,2024-12-01,2024_13_SEA_NYJ,NYJ,1.1867417,0.5362522809956708,38.960857,2.9749577
2024,14,2024-12-08,2024_14_NYJ_MIA,NYJ,0.907475,0.5734259175443074,36.002525,2.9291246
2024,15,2024-12-15,2024_15_NYJ_JAX,NYJ,1.0207363,0.5483356500676763,36.08889,2.8851852
2024,16,2024-12-22,2024_16_LA_NYJ,NYJ,1.2146269,0.5355278560098822,38.642593,2.8574073
2024,17,2024-12-29,2024_17_NYJ_BUF,NYJ,1.3879522,0.514940784524118,38.518253,3.0690477
2024,18,2025-01-05,2024_18_MIA_NYJ,NYJ,0.9876251,0.5342156762990097,33.85159,2.8412697
2016,1,2016-09-11,2016_01_CLE_PHI,PHI,,,,
2016,2,2016-09-19,2016_02_PHI_CHI,PHI,,,,
2016,3,2016-09-25,2016_03_PIT_PHI,PHI,,,,
2016,5,2016-10-09,2016_05_PHI_DET,PHI,,,,
2016,6,2016-10-16,2016_06_PHI_WAS,PHI,,,,
2016,7,2016-10-23,2016_07_MIN_PHI,PHI,,,,
2016,8,2016-10-30,2016_08_PHI_DAL,PHI,-1.0714761,0.6396653629876483,28.836449,1.429798
2016,9,2016-11-06,2016_09_PHI_NYG,PHI,-0.7784319,0.6277666556343956,32.10665,1.6810607
2016,10,2016-11-13,2016_10_ATL_PHI,PHI,-0.5420709,0.6367912709901797,31.446478,1.8931818
2016,11,2016-11-20,2016_11_PHI_SEA,PHI,-0.34121522,0.644355671610136,31.407755,2.064899
2016,12,2016-11-28,2016_12_GB_PHI,PHI,-0.32538962,0.6431349758888275,32.157757,1.9260101
2016,13,2016-12-04,2016_13_PHI_CIN,PHI,0.25154254,0.6377436619558469,35.757755,2.22601
2016,14,2016-12-11,2016_14_WAS_PHI,PHI,0.7605743,0.6104740796862645,38.35321,2.6078284
2016,15,2016-12-18,2016_15_PHI_BAL,PHI,0.84350634,0.5931612998734848,38.047657,2.7050505
2016,16,2016-12-22,2016_16_NYG_PHI,PHI,0.96758914,0.6002769836125451,39.571465,2.7808082
2016,17,2017-01-01,2016_17_DAL_PHI,PHI,1.012788,0.5859131067486683,41.508335,2.817424
2017,1,2017-09-10,2017_01_PHI_WAS,PHI,,,,
2017,2,2017-09-17,2017_02_PHI_KC,PHI,,,,
2017,3,2017-09-24,2017_03_NYG_PHI,PHI,,,,
2017,4,2017-10-01,2017_04_PHI_LAC,PHI,,,,
2017,5,2017-10-08,2017_05_ARI_PHI,PHI,,,,
2017,6,2017-10-12,2017_06_PHI_CAR,PHI,,,,
2017,7,2017-10-23,2017_07_WAS_PHI,PHI,-0.12836081,0.595137426218173,31.4664,1.7953768
2017,8,2017-10-29,2017_08_SF_PHI,PHI,0.16195314,0.587485404750362,32.693676,1.9923466
2017,9,2017-11-05,2017_09_DEN_PHI,PHI,-0.3510752,0.6135568333217906,29.588545,1.6705517
2017,11,2017-11-19,2017_11_PHI_DAL,PHI,-0.55078864,0.6364955399143434,26.722092,1.5551671
2017,12,2017-11-26,2017_12_CHI_PHI,PHI,-1.0923668,0.6462985969396225,22.453575,1.2357227
2017,13,2017-12-03,2017_13_PHI_SEA,PHI,-1.2620736,0.6426863632137525,19.938423,1.1751165
2017,14,2017-12-10,2017_14_PHI_LA,PHI,-0.9904763,0.6512626693862125,21.787424,1.3246893
2017,15,2017-12-17,2017_15_PHI_NYG,PHI,-1.0034376,0.6302735119387216,20.83793,1.3638306
2017,16,2017-12-25,2017_16_OAK_PHI,PHI,-0.6341129,0.61780412106024,25.740028,1.6750194
2017,17,2017-12-31,2017_17_DAL_PHI,PHI,-0.89647144,0.6255317058482642,26.116402,1.5761184
2018,1,2018-09-06,2018_01_ATL_PHI,PHI,,,,
2018,2,2018-09-16,2018_02_PHI_TB,PHI,,,,
2018,3,2018-09-23,2018_03_IND_PHI,PHI,,,,
2018,4,2018-09-30,2018_04_PHI_TEN,PHI,,,,
2018,5,2018-10-07,2018_05_MIN_PHI,PHI,,,,
2018,6,2018-10-11,2018_06_PHI_NYG,PHI,,,,
2018,7,2018-10-21,2018_07_CAR_PHI,PHI,-0.27743095,0.5972370853052672,29.995203,1.6977272
2018,8,2018-10-28,2018_08_PHI_JAX,PHI,0.06405269,0.5774251264308083,34.241413,1.9325757
2018,10,2018-11-11,2018_10_DAL_PHI,PHI,0.05143361,0.5918091477592741,34.375675,1.8909091
2018,11,2018-11-18,2018_11_PHI_NO,PHI,0.31964472,0.5944444291445554,38.309006,2.0742424
2018,12,2018-11-25,2018_12_NYG_PHI,PHI,0.67141277,0.5787610216429661,41.39537,2.480303
2018,13,2018-12-03,2018_13_WAS_PHI,PHI,0.8928501,0.5967847571667017,42.426853,2.604377
2018,14,2018-12-09,2018_14_PHI_DAL,PHI,0.9779926,0.595713328595273,41.176853,2.6240742
2018,15,2018-12-16,2018_15_PHI_LA,PHI,0.78415614,0.6042891470669248,41.010185,2.6101854
2018,16,2018-12-23,2018_16_HOU_PHI,PHI,0.6684366,0.59810837030534,40.382236,2.6253366
2018,17,2018-12-30,2018_17_PHI_WAS,PHI,0.6160077,0.5852005037611098,39.170116,2.629882
2019,1,2019-09-08,2019_01_WAS_PHI,PHI,,,,
2019,2,2019-09-15,2019_02_PHI_ATL,PHI,,,,
2019,3,2019-09-22,2019_03_DET_PHI,PHI,,,,
2019,4,2019-09-26,2019_04_PHI_GB,PHI,,,,
2019,5,2019-10-06,2019_05_NYJ_PHI,PHI,,,,
2019,6,2019-10-13,2019_06_PHI_MIN,PHI,,,,
2019,7,2019-10-20,2019_07_PHI_DAL,PHI,0.09037582,0.605648871578016,33.174473,2.325408
2019,8,2019-10-27,2019_08_PHI_BUF,PHI,0.046373133,0.5871964198902702,32.632053,2.436014
2019,9,2019-11-03,2019_09_CHI_PHI,PHI,-0.00807714,0.5902021473278157,30.347961,2.2529333
2019,11,2019-11-17,2019_11_NE_PHI,PHI,-0.1770521,0.6053030594875514,28.45402,2.0559635
2019,12,2019-11-24,2019_12_SEA_PHI,PHI,-0.44525954,0.6293602985447905,24.451242,1.8281857
2019,13,2019-12-01,2019_13_PHI_MIA,PHI,-0.15943386,0.6313911380756301,27.68308,1.9873737
2019,14,2019-12-09,2019_14_NYG_PHI,PHI,-0.018519616,0.6403410233557293,27.76187,2.011616
2019,15,2019-12-15,2019_15_PHI_WAS,PHI,-0.2505939,0.6726787564287564,25.226517,1.6871213
2019,16,2019-12-22,2019_16_DAL_PHI,PHI,0.0072765,0.6478330003330004,27.801516,1.9565657
2019,17,2019-12-29,2019_17_PHI_NYG,PHI,-0.03456134,0.6282737716828627,30.028788,1.880808
2020,1,2020-09-13,2020_01_PHI_WAS,PHI,,,,
2020,2,2020-09-20,2020_02_LA_PHI,PHI,,,,
2020,3,2020-09-27,2020_03_CIN_PHI,PHI,,,,
2020,4,2020-10-04,2020_04_PHI_SF,PHI,,,,
2020,5,2020-10-11,2020_05_PHI_PIT,PHI,,,,
2020,6,2020-10-18,2020_06_BAL_PHI,PHI,,,,
2020,7,2020-10-22,2020_07_NYG_PHI,PHI,0.7404198,0.5897950995990212,33.164707,2.8030558
2020,8,2020-11-01,2020_08_DAL_PHI,PHI,0.8383265,0.5800213289796624,34.83534,2.7732937
2020,10,2020-11-15,2020_10_PHI_NYG,PHI,-0.1111877,0.613120399645578,28.72928,2.1388242
2020,11,2020-11-22,2020_11_PHI_CLE,PHI,0.086137556,0.6034912896488209,30.840391,2.2693799
2020,12,2020-11-30,2020_12_SEA_PHI,PHI,0.045009296,0.6004290740866053,28.961603,2.1458366
2020,13,2020-12-06,2020_13_PHI_GB,PHI,-0.27609658,0.604994641054133,27.381973,1.8254662
2020,14,2020-12-13,2020_14_NO_PHI,PHI,-0.05474485,0.5938268736363657,31.082827,1.9964064
2020,15,2020-12-20,2020_15_PHI_ARI,PHI,-0.08519029,0.5893232549783353,31.979294,2.0229216
2020,16,2020-12-27,2020_16_PHI_DAL,PHI,0.31304356,0.5717470601294131,35.321465,2.3171134
2020,17,2021-01-03,2020_17_WAS_PHI,PHI,0.31076255,0.5719252815086149,36.127018,2.3810022
2021,1,2021-09-12,2021_01_PHI_ATL,PHI,,,,
2021,2,2021-09-19,2021_02_SF_PHI,PHI,,,,
2021,3,2021-09-27,2021_03_PHI_DAL,PHI,,,,
2021,4,2021-10-03,2021_04_KC_PHI,PHI,,,,
2021,5,2021-10-10,2021_05_PHI_CAR,PHI,,,,
2021,6,2021-10-14,2021_06_TB_PHI,PHI,,,,
2021,7,2021-10-24,2021_07_PHI_LV,PHI,0.66892767,0.5745428844222703,36.54028,2.6492727
2021,8,2021-10-31,2021_08_PHI_DET,PHI,1.3041542,0.5363087908409546,40.627316,3.1603835
2021,9,2021-11-07,2021_09_LAC_PHI,PHI,0.5986469,0.5470571940783929,38.421295,2.9173281
2021,10,2021-11-14,2021_10_PHI_DEN,PHI,0.9599001,0.5448104157374268,43.482803,3.0502646
2021,11,2021-11-21,2021_11_NO_PHI,PHI,-0.017655214,0.5878334724634912,37.161373,2.2669313
2021,12,2021-11-28,2021_12_PHI_NYG,PHI,0.11429746,0.5971007594093495,37.839947,2.421693
2021,13,2021-12-05,2021_13_PHI_NYJ,PHI,-0.2830285,0.6151582163556953,36.247356,2.1439154
2021,15,2021-12-21,2021_15_WAS_PHI,PHI,-0.50308055,0.6379658613855627,33.734127,1.9613756
2021,16,2021-12-26,2021_16_NYG_PHI,PHI,-0.05290638,0.6189244090107769,33.67857,2.1650794
2021,17,2022-01-02,2021_17_PHI_WAS,PHI,-0.9175218,0.6702772510411399,25.589285,1.6849207
2021,18,2022-01-08,2021_18_DAL_PHI,PHI,-0.6672241,0.6434667698556588,27.172617,1.8015872
2022,1,2022-09-11,2022_01_PHI_DET,PHI,,,,
2022,2,2022-09-19,2022_02_MIN_PHI,PHI,,,,
2022,3,2022-09-25,2022_03_PHI_WAS,PHI,,,,
2022,4,2022-10-02,2022_04_JAX_PHI,PHI,,,,
2022,5,2022-10-09,2022_05_PHI_ARI,PHI,,,,
2022,6,2022-10-16,2022_06_DAL_PHI,PHI,,,,
2022,8,2022-10-30,2022_08_PIT_PHI,PHI,-0.60136336,0.6585011678065084,28.602356,1.6217171
2022,9,2022-11-03,2022_09_PHI_HOU,PHI,-0.8002388,0.6507418247530476,27.911615,1.2791246
2022,10,2022-11-14,2022_10_WAS_PHI,PHI,-0.6601274,0.6388954406844414,29.948654,1.4643097
2022,11,2022-11-20,2022_11_PHI_IND,PHI,-0.28846842,0.6273399759059374,32.115322,1.8143097
2022,12,2022-11-27,2022_12_GB_PHI,PHI,-0.32709143,0.6435289216403376,33.145622,1.8294612
2022,13,2022-12-04,2022_13_TEN_PHI,PHI,-0.16548055,0.6210884454498614,32.140068,2.0646465
2022,14,2022-12-11,2022_14_PHI_NYG,PHI,-0.27452853,0.6330968756161863,30.140068,1.9479798
2022,15,2022-12-18,2022_15_PHI_CHI,PHI,-0.28107896,0.6266967373310214,29.017172,2.025421
2022,16,2022-12-24,2022_16_PHI_DAL,PHI,-0.31944165,0.6129680791579187,27.28485,2.0136364
2022,17,2023-01-01,2022_17_NO_PHI,PHI,-0.31669542,0.602722397551943,28.801514,2.2469697
2022,18,2023-01-08,2022_18_NYG_PHI,PHI,-0.15026158,0.577151209480755,28.771212,2.2166667
2023,1,2023-09-10,2023_01_PHI_NE,PHI,,,,
2023,2,2023-09-14,2023_02_MIN_PHI,PHI,,,,
2023,3,2023-09-25,2023_03_PHI_TB,PHI,,,,
2023,4,2023-10-01,2023_04_WAS_PHI,PHI,,,,
2023,5,2023-10-08,2023_05_PHI_LA,PHI,,,,
2023,6,2023-10-15,2023_06_PHI_NYJ,PHI,,,,
2023,7,2023-10-22,2023_07_MIA_PHI,PHI,-0.08642294,0.6559698914530847,29.79717,2.0749288
2023,8,2023-10-29,2023_08_PHI_WAS,PHI,-0.043022025,0.6306008160840094,29.418253,2.0222223
2023,9,2023-11-05,2023_09_DAL_PHI,PHI,-0.06541958,0.6103661853948332,30.336435,2.0252526
2023,11,2023-11-20,2023_11_PHI_KC,PHI,0.3417087,0.5765531876929466,34.614212,2.2659934
2023,12,2023-11-26,2023_12_BUF_PHI,PHI,-0.059997004,0.5809677818134231,33.197544,1.9854378
2023,13,2023-12-03,2023_13_SF_PHI,PHI,0.022543317,0.5775136555570991,34.49425,2.0880017
2023,14,2023-12-10,2023_14_PHI_DAL,PHI,0.7816734,0.5490497005306441,39.652584,2.6463351
2023,15,2023-12-18,2023_15_PHI_SEA,PHI,1.1526246,0.5568519684636309,42.430363,3.0537424
2023,16,2023-12-25,2023_16_NYG_PHI,PHI,1.2002238,0.5729805508800921,40.815884,2.954416
2023,17,2023-12-31,2023_17_ARI_PHI,PHI,0.8438143,0.5863503554115127,37.73339,2.8163688
2023,18,2024-01-07,2023_18_PHI_NYG,PHI,1.5339581,0.5300510174945278,43.590534,3.3897817
2024,1,2024-09-06,2024_01_GB_PHI,PHI,,,,
2024,2,2024-09-16,2024_02_ATL_PHI,PHI,,,,
2024,3,2024-09-22,2024_03_PHI_NO,PHI,,,,
2024,4,2024-09-29,2024_04_PHI_TB,PHI,,,,
2024,6,2024-10-13,2024_06_CLE_PHI,PHI,,,,
2024,7,2024-10-20,2024_07_PHI_NYG,PHI,,,,
2024,8,2024-10-27,2024_08_PHI_CIN,PHI,0.12171992,0.565631396638341,31.646759,1.9407407
2024,9,2024-11-03,2024_09_JAX_PHI,PHI,-0.017557256,0.5693897508572217,31.74914,1.8621693
2024,10,2024-11-10,2024_10_PHI_DAL,PHI,-0.29761392,0.5817438792624864,27.019974,1.6462603
2024,11,2024-11-14,2024_11_WAS_PHI,PHI,-0.56911844,0.5797902773088844,24.817694,1.5009612
2024,12,2024-11-24,2024_12_PHI_LA,PHI,-0.9461563,0.5825776750962822,21.851028,1.2342944
2024,13,2024-12-01,2024_13_PHI_BAL,PHI,-0.8610564,0.5733209338950966,22.869545,1.4194797
2024,14,2024-12-08,2024_14_CAR_PHI,PHI,-0.656611,0.5703119479315651,26.88091,1.6656917
2024,15,2024-12-15,2024_15_PIT_PHI,PHI,-0.65041554,0.5867878559781969,26.741028,1.5942632
2024,16,2024-12-22,2024_16_PHI_WAS,PHI,-0.674432,0.5836746859458349,26.426214,1.5925797
2024,17,2024-12-29,2024_17_DAL_PHI,PHI,-0.14360426,0.585254224132516,28.95918,1.9323233
2024,18,2025-01-05,2024_18_NYG_PHI,PHI,-0.4443706,0.6044605733388652,29.375847,1.7656566
2016,1,2016-09-12,2016_01_PIT_WAS,PIT,,,,
2016,2,2016-09-18,2016_02_CIN_PIT,PIT,,,,
2016,3,2016-09-25,2016_03_PIT_PHI,PIT,,,,
2016,4,2016-10-02,2016_04_KC_PIT,PIT,,,,
2016,5,2016-10-09,2016_05_NYJ_PIT,PIT,,,,
2016,6,2016-10-16,2016_06_PIT_MIA,PIT,,,,
2016,7,2016-10-23,2016_07_NE_PIT,PIT,0.086226344,0.5899293892970794,36.81389,1.9518518
2016,9,2016-11-06,2016_09_PIT_BAL,PIT,0.2724702,0.6130260971160094,35.919445,2.1055555
2016,10,2016-11-13,2016_10_DAL_PIT,PIT,0.21178496,0.5999223996670738,34.651188,2.1063492
2016,11,2016-11-20,2016_11_PIT_CLE,PIT,0.18931659,0.5923766121212863,33.94513,2.0699856
2016,12,2016-11-24,2016_12_PIT_IND,PIT,0.12349983,0.6122203193631766,32.7487,2.0898268
2016,13,2016-12-04,2016_13_NYG_PIT,PIT,-0.019750774,0.6251135372563944,33.119534,2.0189936
2016,14,2016-12-11,2016_14_PIT_BUF,PIT,-0.36044312,0.6364747686176258,28.763474,1.7311147
2016,15,2016-12-18,2016_15_PIT_CIN,PIT,-0.5772025,0.6470964617393188,26.73014,1.6144481
2016,16,2016-12-25,2016_16_BAL_PIT,PIT,-0.36003718,0.6291510019411805,28.045616,1.8525434
2016,17,2017-01-01,2016_17_CLE_PIT,PIT,-0.49875024,0.646681829699281,27.257738,1.7161797
2017,1,2017-09-10,2017_01_PIT_CLE,PIT,,,,
2017,2,2017-09-17,2017_02_MIN_PIT,PIT,,,,
2017,3,2017-09-24,2017_03_PIT_CHI,PIT,,,,
2017,4,2017-10-01,2017_04_PIT_BAL,PIT,,,,
2017,5,2017-10-08,2017_05_JAX_PIT,PIT,,,,
2017,6,2017-10-15,2017_06_PIT_KC,PIT,,,,
2017,7,2017-10-22,2017_07_CIN_PIT,PIT,-0.7179677,0.6524596545429878,24.15035,1.3289627
2017,8,2017-10-29,2017_08_PIT_DET,PIT,-0.7554791,0.6592982788816123,23.383682,1.2789627
2017,10,2017-11-12,2017_10_PIT_IND,PIT,-0.6213719,0.6477882821443428,27.201864,1.3698717
2017,11,2017-11-16,2017_11_TEN_PIT,PIT,-0.6233194,0.6504985348545954,27.339394,1.3325757
2017,12,2017-11-26,2017_12_GB_PIT,PIT,-0.5497913,0.652391009663737,28.18788,1.4651514
2017,13,2017-12-04,2017_13_PIT_CIN,PIT,-0.48047435,0.6424043759271032,28.245453,1.6590909
2017,14,2017-12-10,2017_14_BAL_PIT,PIT,-0.27916607,0.6255685163134658,30.549158,1.8127947
2017,15,2017-12-17,2017_15_NE_PIT,PIT,0.3012941,0.5911264768714264,34.332493,2.2127945
2017,16,2017-12-25,2017_16_PIT_HOU,PIT,0.72975296,0.5668771519118742,34.612797,2.5271885
2017,17,2017-12-31,2017_17_CLE_PIT,PIT,0.49191678,0.5748160648507871,34.33552,2.369613
2018,1,2018-09-09,2018_01_PIT_CLE,PIT,,,,
2018,2,2018-09-16,2018_02_KC_PIT,PIT,,,,
2018,3,2018-09-24,2018_03_PIT_TB,PIT,,,,
2018,4,2018-09-30,2018_04_BAL_PIT,PIT,,,,
2018,5,2018-10-07,2018_05_ATL_PIT,PIT,,,,
2018,6,2018-10-14,2018_06_PIT_CIN,PIT,,,,
2018,8,2018-10-28,2018_08_CLE_PIT,PIT,0.31430313,0.5876855770258548,33.104713,2.3356059
2018,9,2018-11-04,2018_09_PIT_BAL,PIT,0.32084218,0.603938215847938,33.23897,2.3911617
2018,10,2018-11-08,2018_10_CAR_PIT,PIT,-0.06050493,0.6250753811517701,30.948233,1.9874579
2018,11,2018-11-18,2018_11_PIT_JAX,PIT,-0.10763255,0.6191994091299647,28.614899,1.9624578
2018,12,2018-11-25,2018_12_PIT_DEN,PIT,-0.3795155,0.644952134462522,24.628967,1.7589947
2018,13,2018-12-02,2018_13_LAC_PIT,PIT,-0.14080991,0.622719783480171,25.145636,1.8756614
2018,14,2018-12-09,2018_14_PIT_OAK,PIT,-0.12144071,0.6270459151674138,26.527117,1.9201058
2018,15,2018-12-16,2018_15_NE_PIT,PIT,0.13171732,0.6071039358504345,29.809525,2.1145504
2018,16,2018-12-23,2018_16_PIT_NO,PIT,0.076356806,0.6040267751752346,31.698412,2.0034392
2018,17,2018-12-30,2018_17_CIN_PIT,PIT,0.3215684,0.5875100049084644,33.88175,2.1701057
2019,1,2019-09-08,2019_01_PIT_NE,PIT,,,,
2019,2,2019-09-15,2019_02_SEA_PIT,PIT,,,,
2019,3,2019-09-22,2019_03_PIT_SF,PIT,,,,
2019,4,2019-09-30,2019_04_CIN_PIT,PIT,,,,
2019,5,2019-10-06,2019_05_BAL_PIT,PIT,,,,
2019,6,2019-10-13,2019_06_PIT_LAC,PIT,,,,
2019,8,2019-10-28,2019_08_MIA_PIT,PIT,-0.44969615,0.637012573836072,32.05926,2.0075758
2019,9,2019-11-03,2019_09_IND_PIT,PIT,-0.9110201,0.6531333512068493,28.142593,1.690909
2019,10,2019-11-10,2019_10_LA_PIT,PIT,-1.0968764,0.6518909488280834,27.445623,1.6
2019,11,2019-11-14,2019_11_PIT_CLE,PIT,-1.2932798,0.6646860241231586,24.563677,1.3083333
2019,12,2019-11-24,2019_12_PIT_CIN,PIT,-1.0455451,0.6434876697376697,25.304419,1.5220085
2019,13,2019-12-01,2019_13_CLE_PIT,PIT,-1.2493173,0.6480075266613728,24.585402,1.2891026
2019,14,2019-12-08,2019_14_PIT_ARI,PIT,-1.1944977,0.648509177788024,23.435402,1.2224358
2019,15,2019-12-15,2019_15_BUF_PIT,PIT,-1.2543892,0.6390567320855781,23.972437,1.3039173
2019,16,2019-12-22,2019_16_PIT_NYJ,PIT,-1.2696978,0.6508674802599628,22.79062,1.2281598
2019,17,2019-12-29,2019_17_PIT_BAL,PIT,-1.0280777,0.6609349590774416,23.542513,1.4289174
2020,1,2020-09-14,2020_01_PIT_NYG,PIT,,,,
2020,2,2020-09-20,2020_02_DEN_PIT,PIT,,,,
2020,3,2020-09-27,2020_03_HOU_PIT,PIT,,,,
2020,5,2020-10-11,2020_05_PHI_PIT,PIT,,,,
2020,6,2020-10-18,2020_06_CLE_PIT,PIT,,,,
2020,7,2020-10-25,2020_07_PIT_TEN,PIT,,,,
2020,8,2020-11-01,2020_08_PIT_BAL,PIT,-0.48507616,0.6834036183926534,26.3302,1.8888177
2020,9,2020-11-08,2020_09_PIT_DAL,PIT,-0.5227793,0.6730770688346447,27.781715,1.9857874
2020,10,2020-11-15,2020_10_CIN_PIT,PIT,-0.4667106,0.6715803248379006,28.766329,2.0460436
2020,11,2020-11-22,2020_11_PIT_JAX,PIT,-0.70340925,0.6797382779958537,28.304792,1.8242489
2020,12,2020-12-02,2020_12_BAL_PIT,PIT,-1.166053,0.6805702777861868,26.07331,1.347397
2020,13,2020-12-07,2020_13_WAS_PIT,PIT,-0.8858652,0.6707490804649895,25.290482,1.462296
2020,14,2020-12-13,2020_14_PIT_BUF,PIT,-0.89870214,0.6660957805485317,24.500738,1.3571678
2020,15,2020-12-21,2020_15_PIT_CIN,PIT,-0.8596932,0.6681821516689938,21.960335,1.2713093
2020,16,2020-12-27,2020_16_IND_PIT,PIT,-0.8871706,0.6653952163820585,19.834692,1.3007964
2020,17,2021-01-03,2020_17_PIT_CLE,PIT,-0.67547566,0.6452759837628258,21.032343,1.5059246
2021,1,2021-09-12,2021_01_PIT_BUF,PIT,,,,
2021,2,2021-09-19,2021_02_LV_PIT,PIT,,,,
2021,3,2021-09-26,2021_03_CIN_PIT,PIT,,,,
2021,4,2021-10-03,2021_04_PIT_GB,PIT,,,,
2021,5,2021-10-10,2021_05_DEN_PIT,PIT,,,,
2021,6,2021-10-17,2021_06_SEA_PIT,PIT,,,,
2021,8,2021-10-31,2021_08_PIT_CLE,PIT,0.15283997,0.5628215282055151,34.288166,2.1340196
2021,9,2021-11-08,2021_09_CHI_PIT,PIT,0.23878334,0.5564746086641511,34.33362,2.0767806
2021,10,2021-11-14,2021_10_DET_PIT,PIT,0.07650409,0.5817722041333152,33.000286,2.0184474
2021,11,2021-11-21,2021_11_PIT_LAC,PIT,-0.15837182,0.6047305883416995,31.847906,1.8089236
2021,12,2021-11-28,2021_12_PIT_CIN,PIT,0.033324465,0.6088089881553934,34.631237,2.0422568
2021,13,2021-12-05,2021_13_BAL_PIT,PIT,0.14514397,0.5952624523866353,33.31137,2.2207081
2021,14,2021-12-09,2021_14_PIT_MIN,PIT,0.3334227,0.5958169904411735,35.225903,2.3161495
2021,15,2021-12-19,2021_15_TEN_PIT,PIT,0.37661973,0.6006290310438124,35.43103,2.5925028
2021,16,2021-12-26,2021_16_PIT_KC,PIT,0.017739564,0.5997138547498482,34.49921,2.4144726
2021,17,2022-01-03,2021_17_CLE_PIT,PIT,0.37702087,0.5718386512496446,37.468258,2.8239963
2021,18,2022-01-09,2021_18_PIT_BAL,PIT,-0.10344904,0.6129347991104984,31.509285,2.3201501
2022,1,2022-09-11,2022_01_PIT_CIN,PIT,,,,
2022,2,2022-09-18,2022_02_NE_PIT,PIT,,,,
2022,3,2022-09-22,2022_03_PIT_CLE,PIT,,,,
2022,4,2022-10-02,2022_04_NYJ_PIT,PIT,,,,
2022,5,2022-10-09,2022_05_PIT_BUF,PIT,,,,
2022,6,2022-10-16,2022_06_TB_PIT,PIT,,,,
2022,7,2022-10-23,2022_07_PIT_MIA,PIT,0.1629234,0.6028407965214219,35.538048,2.128884
2022,8,2022-10-30,2022_08_PIT_PHI,PIT,0.3267826,0.5997737517335978,36.022896,2.1451178
2022,10,2022-11-13,2022_10_NO_PIT,PIT,0.6499954,0.5832495352093814,36.763638,2.478451
2022,11,2022-11-20,2022_11_CIN_PIT,PIT,0.37804878,0.5883250615349077,34.166668,2.296633
2022,12,2022-11-28,2022_12_PIT_IND,PIT,0.5751004,0.5728260508654425,34.588383,2.4468853
2022,13,2022-12-04,2022_13_PIT_ATL,PIT,0.307066,0.587516352146653,31.012627,2.1544611
2022,14,2022-12-11,2022_14_BAL_PIT,PIT,0.28965947,0.5848121274068244,32.32096,2.1877947
2022,15,2022-12-18,2022_15_PIT_CAR,PIT,0.43439403,0.5584927187010521,32.96111,2.2787037
2022,16,2022-12-24,2022_16_LV_PIT,PIT,0.15053727,0.5920087782587783,30.648611,1.9638888
2022,17,2023-01-01,2022_17_PIT_BAL,PIT,0.1524006,0.5929611592111592,30.898611,1.9638888
2022,18,2023-01-08,2022_18_CLE_PIT,PIT,-0.014524239,0.5987264859323683,30.204168,1.7208333
2023,1,2023-09-10,2023_01_SF_PIT,PIT,,,,
2023,2,2023-09-18,2023_02_CLE_PIT,PIT,,,,
2023,3,2023-09-24,2023_03_PIT_LV,PIT,,,,
2023,4,2023-10-01,2023_04_PIT_HOU,PIT,,,,
2023,5,2023-10-08,2023_05_BAL_PIT,PIT,,,,
2023,7,2023-10-22,2023_07_PIT_LA,PIT,,,,
2023,8,2023-10-29,2023_08_JAX_PIT,PIT,-0.38492092,0.6274769130651484,34.302776,1.8638889
2023,9,2023-11-02,2023_09_TEN_PIT,PIT,-0.5656923,0.612143740345612,33.478535,1.6517677
2023,10,2023-11-12,2023_10_GB_PIT,PIT,-0.18871574,0.5928479060661176,35.197052,1.7258416
2023,11,2023-11-19,2023_11_PIT_CLE,PIT,-0.014306073,0.5941567052915835,36.72483,1.8063973
2023,12,2023-11-26,2023_12_PIT_CIN,PIT,-0.32628518,0.6115724304524067,32.805386,1.4869529
2023,13,2023-12-03,2023_13_ARI_PIT,PIT,-0.3174146,0.6101324352624115,32.282238,1.5332493
2023,14,2023-12-07,2023_14_NE_PIT,PIT,-0.028434938,0.6061393589245639,30.700758,1.711027
2023,15,2023-12-16,2023_15_PIT_IND,PIT,-0.1346756,0.6355420269635957,28.842949,1.692379
2023,16,2023-12-23,2023_16_CIN_PIT,PIT,-0.33365116,0.6278580200965822,28.183016,1.850628
2023,17,2023-12-31,2023_17_PIT_SEA,PIT,-0.5958163,0.6192978302863924,27.51635,1.7006282
2023,18,2024-01-06,2023_18_PIT_BAL,PIT,-0.31967136,0.6127699445918401,30.752459,1.9459985
2024,1,2024-09-08,2024_01_PIT_ATL,PIT,,,,
2024,2,2024-09-15,2024_02_PIT_DEN,PIT,,,,
2024,3,2024-09-22,2024_03_LAC_PIT,PIT,,,,
2024,4,2024-09-29,2024_04_PIT_IND,PIT,,,,
2024,5,2024-10-06,2024_05_DAL_PIT,PIT,,,,
2024,6,2024-10-13,2024_06_PIT_LV,PIT,,,,
2024,7,2024-10-20,2024_07_NYJ_PIT,PIT,-0.64869493,0.577592938250833,30.156733,1.4786196
2024,8,2024-10-28,2024_08_NYG_PIT,PIT,-0.48664007,0.5875261326284718,31.217844,1.5267677
2024,10,2024-11-10,2024_10_PIT_WAS,PIT,-0.3867941,0.5935994710547514,32.717846,1.7085859
2024,11,2024-11-17,2024_11_BAL_PIT,PIT,-0.22829042,0.5738244800992048,33.004883,1.8984007
2024,12,2024-11-21,2024_12_PIT_CLE,PIT,-0.47837046,0.5847486716483964,31.604881,1.6706228
2024,13,2024-12-01,2024_13_PIT_CIN,PIT,-0.7031533,0.6056463425826171,28.464142,1.6835858
2024,14,2024-12-08,2024_14_CLE_PIT,PIT,-0.27715516,0.5663703408066153,29.979294,1.9714646
2024,15,2024-12-15,2024_15_PIT_PHI,PIT,-0.36461222,0.5751336955074701,28.862625,1.9325757
2024,16,2024-12-21,2024_16_PIT_BAL,PIT,-0.06592661,0.5646982587064869,30.27388,2.3027055
2024,17,2024-12-25,2024_17_KC_PIT,PIT,0.11699756,0.5468356043854994,33.929436,2.3943722
2024,18,2025-01-04,2024_18_CIN_PIT,PIT,0.5403778,0.5314176658425609,35.829437,2.6554835
2016,1,2016-09-11,2016_01_MIA_SEA,SEA,,,,
2016,2,2016-09-18,2016_02_SEA_LA,SEA,,,,
2016,3,2016-09-25,2016_03_SF_SEA,SEA,,,,
2016,4,2016-10-02,2016_04_SEA_NYJ,SEA,,,,
2016,6,2016-10-16,2016_06_ATL_SEA,SEA,,,,
2016,7,2016-10-23,2016_07_SEA_ARI,SEA,,,,
2016,8,2016-10-30,2016_08_SEA_NO,SEA,-0.72396827,0.6797548288552075,27.694445,1.2588384
2016,9,2016-11-07,2016_09_BUF_SEA,SEA,-0.5351016,0.6600308028811818,31.138891,1.5702862
2016,10,2016-11-13,2016_10_SEA_NE,SEA,-0.429013,0.6376742242746031,32.97778,1.8036195
2016,11,2016-11-20,2016_11_PHI_SEA,SEA,-0.055954784,0.6118280025950481,36.551853,2.0119529
2016,12,2016-11-27,2016_12_SEA_TB,SEA,-0.15717798,0.6070612415782871,35.905,1.9338642
2016,13,2016-12-04,2016_13_CAR_SEA,SEA,-0.3418419,0.6070196041703395,35.576214,1.8035612
2016,14,2016-12-11,2016_14_SEA_GB,SEA,-0.3262798,0.6224401905284259,34.2151,1.8368946
2016,15,2016-12-15,2016_15_LA_SEA,SEA,-0.2109881,0.6095418620050973,31.895655,1.9017094
2016,16,2016-12-24,2016_16_ARI_SEA,SEA,-0.6336532,0.6215254802387156,28.167877,1.5572649
2016,17,2017-01-01,2016_17_SEA_SF,SEA,-0.75934106,0.6233569820702174,25.794657,1.548718
2017,1,2017-09-10,2017_01_SEA_GB,SEA,,,,
2017,2,2017-09-17,2017_02_SF_SEA,SEA,,,,
2017,3,2017-09-24,2017_03_SEA_TEN,SEA,,,,
2017,4,2017-10-01,2017_04_IND_SEA,SEA,,,,
2017,5,2017-10-08,2017_05_SEA_LA,SEA,,,,
2017,7,2017-10-22,2017_07_SEA_NYG,SEA,,,,
2017,8,2017-10-29,2017_08_HOU_SEA,SEA,-0.7775769,0.6251001466230681,26.75382,1.3742553
2017,9,2017-11-05,2017_09_WAS_SEA,SEA,-0.6193783,0.6391182089546225,26.942972,1.5118214
2017,10,2017-11-09,2017_10_SEA_ARI,SEA,-0.65024585,0.6469911651230332,26.313604,1.5934066
2017,11,2017-11-20,2017_11_ATL_SEA,SEA,-0.9562593,0.6797715142778168,25.03369,1.3925519
2017,12,2017-11-26,2017_12_SEA_SF,SEA,-0.5763178,0.6558001153064179,26.29278,1.6167942
2017,13,2017-12-03,2017_13_PHI_SEA,SEA,-0.5287444,0.6715797060860087,24.200705,1.6319457
2017,14,2017-12-10,2017_14_SEA_JAX,SEA,-0.30068484,0.6581775488973017,28.729324,1.7110704
2017,15,2017-12-17,2017_15_LA_SEA,SEA,-0.39125976,0.6631643500150551,28.461466,1.675356
2017,16,2017-12-24,2017_16_SEA_DAL,SEA,-0.18216753,0.6362049668056721,29.523737,1.9335979
2017,17,2017-12-31,2017_17_ARI_SEA,SEA,-0.2618461,0.6158807933063648,29.768686,1.8931938
2018,1,2018-09-09,2018_01_SEA_DEN,SEA,,,,
2018,2,2018-09-17,2018_02_SEA_CHI,SEA,,,,
2018,3,2018-09-23,2018_03_DAL_SEA,SEA,,,,
2018,4,2018-09-30,2018_04_SEA_ARI,SEA,,,,
2018,5,2018-10-07,2018_05_LA_SEA,SEA,,,,
2018,6,2018-10-14,2018_06_SEA_OAK,SEA,,,,
2018,8,2018-10-28,2018_08_SEA_DET,SEA,-0.4301264,0.5764251623013877,30.056726,1.7058983
2018,9,2018-11-04,2018_09_LAC_SEA,SEA,-0.4899317,0.5903866894573594,30.424454,1.6437289
2018,10,2018-11-11,2018_10_SEA_LA,SEA,-0.32761464,0.5974361215067915,31.969908,1.6588806
2018,11,2018-11-15,2018_11_GB_SEA,SEA,0.15849704,0.5726054737594771,36.224537,2.1449916
2018,12,2018-11-25,2018_12_SEA_CAR,SEA,0.4109205,0.5609412120952154,37.67908,2.2510521
2018,13,2018-12-02,2018_13_SF_SEA,SEA,0.25259742,0.5554891024764391,38.21612,2.139941
2018,14,2018-12-10,2018_14_MIN_SEA,SEA,0.55501896,0.5437544965322744,41.210438,2.3198655
2018,15,2018-12-16,2018_15_SEA_SF,SEA,0.33340538,0.5390985249318584,39.86414,2.1772728
2018,16,2018-12-23,2018_16_KC_SEA,SEA,0.39242253,0.5187822671156005,39.530807,2.2833333
2018,17,2018-12-30,2018_17_ARI_SEA,SEA,0.22231942,0.5291601468116619,37.446632,2.071212
2019,1,2019-09-08,2019_01_CIN_SEA,SEA,,,,
2019,2,2019-09-15,2019_02_SEA_PIT,SEA,,,,
2019,3,2019-09-22,2019_03_NO_SEA,SEA,,,,
2019,4,2019-09-29,2019_04_SEA_ARI,SEA,,,,
2019,5,2019-10-03,2019_05_LA_SEA,SEA,,,,
2019,6,2019-10-13,2019_06_SEA_CLE,SEA,,,,
2019,7,2019-10-20,2019_07_BAL_SEA,SEA,-0.11831292,0.5905167748917749,31.969696,2.010101
2019,8,2019-10-27,2019_08_SEA_ATL,SEA,0.0013901094,0.5743393566310233,32.15951,2.0656564
2019,9,2019-11-03,2019_09_TB_SEA,SEA,0.04436395,0.5735703571120238,36.7383,1.9883839
2019,10,2019-11-11,2019_10_SEA_SF,SEA,0.11627278,0.5841884427301095,38.528706,2.1424243
2019,12,2019-11-24,2019_12_SEA_PHI,SEA,0.106081076,0.5818042365223738,36.112038,2.134091
2019,13,2019-12-02,2019_13_MIN_SEA,SEA,-0.3385829,0.5678266631698005,34.153706,1.8563131
2019,14,2019-12-08,2019_14_SEA_LA,SEA,-0.35109565,0.5847934926366299,32.85883,1.7549146
2019,15,2019-12-15,2019_15_SEA_CAR,SEA,-0.34803176,0.5812883712148418,33.977352,1.8882478
2019,16,2019-12-22,2019_16_ARI_SEA,SEA,-0.30811724,0.5849789020644636,31.716743,1.9352175
2019,17,2019-12-29,2019_17_SF_SEA,SEA,-0.4362249,0.5754130049985664,31.5223,1.8379954
2020,1,2020-09-13,2020_01_SEA_ATL,SEA,,,,
2020,2,2020-09-20,2020_02_NE_SEA,SEA,,,,
2020,3,2020-09-27,2020_03_DAL_SEA,SEA,,,,
2020,4,2020-10-04,2020_04_SEA_MIA,SEA,,,,
2020,5,2020-10-11,2020_05_MIN_SEA,SEA,,,,
2020,7,2020-10-25,2020_07_SEA_ARI,SEA,,,,
2020,8,2020-11-01,2020_08_SF_SEA,SEA,0.61989635,0.5814967463373334,42.64786,2.5042021
2020,9,2020-11-08,2020_09_SEA_BUF,SEA,0.7481429,0.5799942673348544,41.420086,2.60698
2020,10,2020-11-15,2020_10_SEA_LA,SEA,0.8198285,0.5663250661656533,40.531197,2.8292024
2020,11,2020-11-19,2020_11_ARI_SEA,SEA,0.7596159,0.5617830557194593,41.066807,2.8576925
2020,12,2020-11-30,2020_12_SEA_PHI,SEA,0.75610733,0.5809472857389525,39.1594,2.8391736
2020,13,2020-12-06,2020_13_NYG_SEA,SEA,0.48287773,0.5829560713003695,35.660915,2.6482646
2020,14,2020-12-13,2020_14_NYJ_SEA,SEA,0.2960004,0.600327168216921,33.446465,2.41633
2020,15,2020-12-20,2020_15_SEA_WAS,SEA,-0.20899872,0.6173849483997013,30.26313,2.01633
2020,16,2020-12-27,2020_16_LA_SEA,SEA,-0.49673596,0.6539873506271034,29.813131,1.5996633
2020,17,2021-01-03,2020_17_SEA_SF,SEA,-0.6846821,0.670309207782294,28.13906,1.3237374
2021,1,2021-09-12,2021_01_SEA_IND,SEA,,,,
2021,2,2021-09-19,2021_02_TEN_SEA,SEA,,,,
2021,3,2021-09-26,2021_03_SEA_MIN,SEA,,,,
2021,4,2021-10-03,2021_04_SEA_SF,SEA,,,,
2021,5,2021-10-07,2021_05_LA_SEA,SEA,,,,
2021,6,2021-10-17,2021_06_SEA_PIT,SEA,,,,
2021,7,2021-10-25,2021_07_NO_SEA,SEA,0.43664455,0.5862556948770185,39.341908,2.2952216
2021,8,2021-10-31,2021_08_JAX_SEA,SEA,0.45732728,0.5776743456706691,39.49191,2.2452214
2021,10,2021-11-14,2021_10_SEA_GB,SEA,0.024659889,0.6047547951775893,37.070614,1.9165177
2021,11,2021-11-21,2021_11_ARI_SEA,SEA,-0.28993955,0.6122065561526345,34.910892,1.6063324
2021,12,2021-11-29,2021_12_SEA_WAS,SEA,-0.012970768,0.5947705988637361,35.90961,1.7332555
2021,13,2021-12-05,2021_13_SF_SEA,SEA,-0.21128835,0.5914196524245544,34.93234,1.6059829
2021,14,2021-12-12,2021_14_SEA_HOU,SEA,-0.27414644,0.5905957078506098,35.592594,1.6305555
2021,15,2021-12-21,2021_15_SEA_LA,SEA,-0.35111284,0.5998351258400278,35.625927,1.6305555
2021,16,2021-12-26,2021_16_CHI_SEA,SEA,-0.07675678,0.5913475803426783,36.84815,1.8712963
2021,17,2022-01-02,2021_17_DET_SEA,SEA,-0.0014511328,0.5871908559245161,35.274075,2.000926
2021,18,2022-01-09,2021_18_SEA_ARI,SEA,-0.11515814,0.6119558131894733,33.37685,2.0064814
2022,1,2022-09-12,2022_01_DEN_SEA,SEA,,,,
2022,2,2022-09-18,2022_02_SEA_SF,SEA,,,,
2022,3,2022-09-25,2022_03_ATL_SEA,SEA,,,,
2022,4,2022-10-02,2022_04_SEA_DET,SEA,,,,
2022,5,2022-10-09,2022_05_SEA_NO,SEA,,,,
2022,6,2022-10-16,2022_06_ARI_SEA,SEA,,,,
2022,7,2022-10-23,2022_07_SEA_LAC,SEA,0.7341728,0.5936768881680313,41.498863,2.5705807
2022,8,2022-10-30,2022_08_NYG_SEA,SEA,0.42371106,0.6179289574721839,37.047474,2.5289142
2022,9,2022-11-06,2022_09_SEA_ARI,SEA,0.19599949,0.6455728862558184,34.530807,2.2955809
2022,10,2022-11-13,2022_10_SEA_TB,SEA,-0.4052929,0.6638470136657115,30.625505,1.9603535
2022,12,2022-11-27,2022_12_LV_SEA,SEA,-0.5086436,0.6603455556020877,30.144445,1.7463384
2022,13,2022-12-04,2022_13_SEA_LA,SEA,-0.4372398,0.6547941803391739,31.612394,1.731381
2022,14,2022-12-11,2022_14_CAR_SEA,SEA,-0.13041945,0.6225053832776496,32.23209,2.06926
2022,15,2022-12-15,2022_15_SF_SEA,SEA,0.29034427,0.5911334630168404,33.755238,2.3331487
2022,16,2022-12-24,2022_16_SEA_KC,SEA,0.4357053,0.5670841109527825,35.23857,2.4664822
2022,17,2023-01-01,2022_17_NYJ_SEA,SEA,0.64200187,0.5531506029403271,35.768875,2.602846
2022,18,2023-01-08,2022_18_LA_SEA,SEA,0.10964897,0.5792873134520377,31.901451,2.256255
2023,1,2023-09-10,2023_01_LA_SEA,SEA,,,,
2023,2,2023-09-17,2023_02_SEA_DET,SEA,,,,
2023,3,2023-09-24,2023_03_CAR_SEA,SEA,,,,
2023,4,2023-10-02,2023_04_SEA_NYG,SEA,,,,
2023,6,2023-10-15,2023_06_SEA_CIN,SEA,,,,
2023,7,2023-10-22,2023_07_ARI_SEA,SEA,,,,
2023,8,2023-10-29,2023_08_CLE_SEA,SEA,-0.39112046,0.6373090330296681,30.49495,1.8805555
2023,9,2023-11-05,2023_09_SEA_BAL,SEA,-0.76993924,0.6452323896642079,28.454544,1.6280303
2023,10,2023-11-12,2023_10_WAS_SEA,SEA,-0.54082376,0.6347830396315245,29.273989,1.6722223
2023,11,2023-11-19,2023_11_SEA_LA,SEA,-0.4303609,0.6256503162942557,29.417929,1.6911616
2023,12,2023-11-23,2023_12_SF_SEA,SEA,-0.01852495,0.6203457639442488,30.234596,1.9290404
2023,13,2023-11-30,2023_13_SEA_DAL,SEA,0.17505108,0.6132310016022138,31.742172,2.115404
2023,14,2023-12-10,2023_14_SEA_SF,SEA,0.75850934,0.5825008372463184,35.636112,2.7046297
2023,15,2023-12-18,2023_15_PHI_SEA,SEA,0.9450868,0.5817953979045154,37.075504,2.825842
2023,16,2023-12-24,2023_16_SEA_TEN,SEA,0.8450176,0.5903039898934995,35.272724,2.5952861
2023,17,2023-12-31,2023_17_PIT_SEA,SEA,0.9147203,0.5725343879731799,36.71212,2.673569
2023,18,2024-01-07,2023_18_SEA_ARI,SEA,1.3819147,0.5432607738558158,40.999622,3.0152357
2024,1,2024-09-08,2024_01_DEN_SEA,SEA,,,,
2024,2,2024-09-15,2024_02_SEA_NE,SEA,,,,
2024,3,2024-09-22,2024_03_MIA_SEA,SEA,,,,
2024,4,2024-09-30,2024_04_SEA_DET,SEA,,,,
2024,5,2024-10-06,2024_05_NYG_SEA,SEA,,,,
2024,6,2024-10-10,2024_06_SF_SEA,SEA,,,,
2024,7,2024-10-20,2024_07_SEA_ATL,SEA,0.17864895,0.5630708925160796,30.265152,2.120202
2024,8,2024-10-27,2024_08_BUF_SEA,SEA,0.084011085,0.5418722660396753,33.86515,2.2016835
2024,9,2024-11-03,2024_09_LA_SEA,SEA,0.41843092,0.5325552319724302,37.260777,2.4727273
2024,11,2024-11-17,2024_11_SEA_SF,SEA,0.8051495,0.5223409422938549,38.86034,2.6653678
2024,12,2024-11-24,2024_12_ARI_SEA,SEA,0.42417073,0.5398497364097918,38.367485,2.3701298
2024,13,2024-12-01,2024_13_SEA_NYJ,SEA,0.20976289,0.5522024300124855,36.940212,2.121645
2024,14,2024-12-08,2024_14_SEA_ARI,SEA,-0.27497533,0.5671650767933141,33.561424,1.8792208
2024,15,2024-12-15,2024_15_GB_SEA,SEA,-0.18856013,0.5762473011533161,32.594757,1.9032949
2024,16,2024-12-22,2024_16_MIN_SEA,SEA,-0.45936203,0.5842926143521382,29.627165,1.7458874
2024,17,2024-12-26,2024_17_SEA_CHI,SEA,-0.23328435,0.5746932580807039,29.830627,1.9168831
2024,18,2025-01-05,2024_18_SEA_LA,SEA,-0.43139407,0.5838706327342691,27.121634,1.5676769
2016,1,2016-09-12,2016_01_LA_SF,SF,,,,
2016,2,2016-09-18,2016_02_SF_CAR,SF,,,,
2016,3,2016-09-25,2016_03_SF_SEA,SF,,,,
2016,4,2016-10-02,2016_04_DAL_SF,SF,,,,
2016,5,2016-10-06,2016_05_ARI_SF,SF,,,,
2016,6,2016-10-16,2016_06_SF_BUF,SF,,,,
2016,7,2016-10-23,2016_07_TB_SF,SF,0.23145302,0.5617669827173941,31.599096,2.4157648
2016,9,2016-11-06,2016_09_NO_SF,SF,0.7846379,0.5279068613572728,36.35337,2.8879871
2016,10,2016-11-13,2016_10_SF_ARI,SF,1.0998873,0.5185644820930185,38.63462,3.0407648
2016,11,2016-11-20,2016_11_NE_SF,SF,0.9650214,0.5270932794227208,37.905018,2.7750304
2016,12,2016-11-27,2016_12_SF_MIA,SF,1.0112859,0.5430570841365255,36.6902,2.8305862
2016,13,2016-12-04,2016_13_SF_CHI,SF,1.1305692,0.5539032089112217,39.304485,2.978205
2016,14,2016-12-11,2016_14_NYJ_SF,SF,0.8679146,0.5797687872862699,37.564587,2.7168415
2016,15,2016-12-18,2016_15_SF_ATL,SF,0.71037364,0.5965101092359251,35.911808,2.550175
2016,16,2016-12-24,2016_16_SF_LA,SF,0.7768815,0.5821842036600194,37.30348,2.6640637
2016,17,2017-01-01,2016_17_SEA_SF,SF,0.69447947,0.5810422188641885,33.90604,2.6384227
2017,1,2017-09-10,2017_01_CAR_SF,SF,,,,
2017,2,2017-09-17,2017_02_SF_SEA,SF,,,,
2017,3,2017-09-21,2017_03_LA_SF,SF,,,,
2017,4,2017-10-01,2017_04_SF_ARI,SF,,,,
2017,5,2017-10-08,2017_05_SF_IND,SF,,,,
2017,6,2017-10-15,2017_06_SF_WAS,SF,,,,
2017,7,2017-10-22,2017_07_DAL_SF,SF,0.24214886,0.6075047805729624,32.592678,2.2424242
2017,8,2017-10-29,2017_08_SF_PHI,SF,0.74567246,0.5878523034204852,36.392677,2.5257576
2017,9,2017-11-05,2017_09_ARI_SF,SF,0.8223176,0.5604784735466554,35.340115,2.6719112
2017,10,2017-11-12,2017_10_NYG_SF,SF,0.44558504,0.5756979471577374,34.051067,2.3071096
2017,12,2017-11-26,2017_12_SEA_SF,SF,0.5931006,0.5721679123777026,36.15755,2.42748
2017,13,2017-12-03,2017_13_SF_CHI,SF,0.49852964,0.5677948548796451,33.785076,2.366874
2017,14,2017-12-10,2017_14_SF_HOU,SF,0.3404485,0.575846189067343,30.87382,2.1634107
2017,15,2017-12-17,2017_15_TEN_SF,SF,-0.29454312,0.6038193732905272,27.393265,1.7189664
2017,16,2017-12-24,2017_16_JAX_SF,SF,-0.02978909,0.6084124364773403,30.662497,1.8519791
2017,17,2017-12-31,2017_17_SF_LA,SF,0.05966885,0.6009569230923398,31.878305,2.0122354
2018,1,2018-09-09,2018_01_SF_MIN,SF,,,,
2018,2,2018-09-16,2018_02_DET_SF,SF,,,,
2018,3,2018-09-23,2018_03_SF_KC,SF,,,,
2018,4,2018-09-30,2018_04_SF_LAC,SF,,,,
2018,5,2018-10-07,2018_05_ARI_SF,SF,,,,
2018,6,2018-10-15,2018_06_SF_GB,SF,,,,
2018,7,2018-10-21,2018_07_LA_SF,SF,0.4470321,0.5796429650596318,32.36111,2.5694444
2018,8,2018-10-28,2018_08_SF_ARI,SF,0.7722623,0.5422715506995811,33.291668,2.8800504
2018,9,2018-11-01,2018_09_OAK_SF,SF,0.5336196,0.5675661634941939,32.25505,2.7626264
2018,10,2018-11-12,2018_10_NYG_SF,SF,-0.31255287,0.6095845617625921,29.171717,2.0265152
2018,12,2018-11-25,2018_12_SF_TB,SF,-0.14459215,0.6108722401336037,28.802275,2.0876262
2018,13,2018-12-02,2018_13_SF_SEA,SF,0.14865384,0.6058829701443338,33.146717,2.2320707
2018,14,2018-12-09,2018_14_DEN_SF,SF,0.40778068,0.5981761672670763,30.94091,2.3343434
2018,15,2018-12-16,2018_15_SEA_SF,SF,0.17857744,0.6395122280917734,30.174242,2.0070708
2018,16,2018-12-23,2018_16_CHI_SF,SF,0.3801283,0.6198405802951258,30.627525,2.0689394
2018,17,2018-12-30,2018_17_SF_LA,SF,0.6422163,0.5857413461958916,32.940025,2.3050506
2019,1,2019-09-08,2019_01_SF_TB,SF,,,,
2019,2,2019-09-15,2019_02_SF_CIN,SF,,,,
2019,3,2019-09-22,2019_03_PIT_SF,SF,,,,
2019,5,2019-10-07,2019_05_CLE_SF,SF,,,,
2019,6,2019-10-13,2019_06_SF_LA,SF,,,,
2019,7,2019-10-20,2019_07_SF_WAS,SF,,,,
2019,8,2019-10-27,2019_08_CAR_SF,SF,-1.9500285,0.6799799721128393,21.371462,0.83216786
2019,9,2019-10-31,2019_09_SF_ARI,SF,-1.9726568,0.6899093524967652,19.648518,0.78454876
2019,10,2019-11-11,2019_10_SEA_SF,SF,-1.6792402,0.6731220105831607,21.508787,0.9714175
2019,11,2019-11-17,2019_11_ARI_SF,SF,-1.7405586,0.6567294821714014,21.944685,0.93375725
2019,12,2019-11-24,2019_12_GB_SF,SF,-1.3929672,0.6503218746274302,23.247717,1.2822421
2019,13,2019-12-01,2019_13_SF_BAL,SF,-1.2803832,0.6708401526457082,23.385595,1.2928481
2019,14,2019-12-08,2019_14_SF_NO,SF,-0.75603646,0.6281173797758766,25.352858,1.7095147
2019,15,2019-12-15,2019_15_ATL_SF,SF,-0.11840468,0.6001942086708872,29.348526,2.2874367
2019,16,2019-12-21,2019_16_LA_SF,SF,-0.107493825,0.6006515188504197,28.08927,2.2689183
2019,17,2019-12-29,2019_17_SF_SEA,SF,0.12100926,0.618238436918107,29.653372,2.4476042
2020,1,2020-09-13,2020_01_ARI_SF,SF,,,,
2020,2,2020-09-20,2020_02_SF_NYJ,SF,,,,
2020,3,2020-09-27,2020_03_SF_NYG,SF,,,,
2020,4,2020-10-04,2020_04_PHI_SF,SF,,,,
2020,5,2020-10-11,2020_05_MIA_SF,SF,,,,
2020,6,2020-10-18,2020_06_LA_SF,SF,,,,
2020,7,2020-10-25,2020_07_SF_NE,SF,0.01721775,0.5852273784983818,31.25038,1.9587121
2020,8,2020-11-01,2020_08_SF_SEA,SF,-0.26258186,0.585438947564616,29.013636,1.7200757
2020,9,2020-11-05,2020_09_GB_SF,SF,0.21478967,0.5705272389029074,30.263636,2.120076
2020,10,2020-11-15,2020_10_SF_NO,SF,0.86566037,0.5548088138094822,33.17336,2.5622053
2020,12,2020-11-29,2020_12_SF_LA,SF,0.9364813,0.5594442110919383,32.627903,2.698569
2020,13,2020-12-07,2020_13_BUF_SF,SF,0.25425285,0.5749512293262293,29.606691,2.2026093
2020,14,2020-12-13,2020_14_WAS_SF,SF,0.5444779,0.5551820324736991,32.75669,2.5655725
2020,15,2020-12-20,2020_15_SF_DAL,SF,0.5734688,0.5594754628087962,31.069191,2.5627944
2020,16,2020-12-26,2020_16_SF_ARI,SF,0.39684188,0.5627115653306131,28.650145,2.4342232
2020,17,2021-01-03,2020_17_SEA_SF,SF,-0.22959323,0.5832125290133948,26.155195,1.9864117
2021,1,2021-09-12,2021_01_SF_DET,SF,,,,
2021,2,2021-09-19,2021_02_SF_PHI,SF,,,,
2021,3,2021-09-26,2021_03_GB_SF,SF,,,,
2021,4,2021-10-03,2021_04_SEA_SF,SF,,,,
2021,5,2021-10-10,2021_05_SF_ARI,SF,,,,
2021,7,2021-10-24,2021_07_IND_SF,SF,,,,
2021,8,2021-10-31,2021_08_SF_CHI,SF,0.17599635,0.6090141169697479,30.602173,2.1940882
2021,9,2021-11-07,2021_09_ARI_SF,SF,0.35914847,0.6034369599220026,31.78807,2.2549858
2021,10,2021-11-15,2021_10_LA_SF,SF,0.60232073,0.6062808521408949,32.192234,2.563319
2021,11,2021-11-21,2021_11_SF_JAX,SF,0.10807874,0.6251366003021986,31.327423,2.2485044
2021,12,2021-11-28,2021_12_MIN_SF,SF,0.006805614,0.6265584695549501,32.90877,2.0977106
2021,13,2021-12-05,2021_13_SF_SEA,SF,0.06167685,0.6404967946043864,32.294292,2.1768353
2021,14,2021-12-12,2021_14_SF_CIN,SF,0.0003985328,0.6327797372078418,33.0678,2.1811087
2021,15,2021-12-19,2021_15_ATL_SF,SF,-0.05903903,0.6382730402011448,32.95113,2.1061087
2021,16,2021-12-23,2021_16_SF_TEN,SF,-0.47132418,0.6447146541427587,30.688166,1.8301827
2021,17,2022-01-02,2021_17_HOU_SF,SF,-0.22661756,0.6340765268379648,30.817797,2.015368
2021,18,2022-01-09,2021_18_SF_LA,SF,-0.39643934,0.6351994507550064,28.555893,1.8833333
2022,1,2022-09-11,2022_01_SF_CHI,SF,,,,
2022,2,2022-09-18,2022_02_SEA_SF,SF,,,,
2022,3,2022-09-25,2022_03_SF_DEN,SF,,,,
2022,4,2022-10-03,2022_04_LA_SF,SF,,,,
2022,5,2022-10-09,2022_05_SF_CAR,SF,,,,
2022,6,2022-10-16,2022_06_SF_ATL,SF,,,,
2022,7,2022-10-23,2022_07_KC_SF,SF,-0.92939085,0.6423998308231905,23.67906,1.2542315
2022,8,2022-10-30,2022_08_SF_LA,SF,-0.2920347,0.6050030506486327,30.097578,1.7153425
2022,10,2022-11-13,2022_10_LAC_SF,SF,-0.07132051,0.6219725973056792,32.490437,2.0278425
2022,11,2022-11-21,2022_11_SF_ARI,SF,0.010135899,0.6217571432440714,32.71188,2.1548822
2022,12,2022-11-27,2022_12_NO_SF,SF,0.071343414,0.6244183491405714,33.535954,2.1548822
2022,13,2022-12-04,2022_13_MIA_SF,SF,-0.09627989,0.636016935739158,33.99429,1.9276094
2022,14,2022-12-11,2022_14_TB_SF,SF,-0.41128418,0.6732862636334859,32.920216,1.7563132
2022,15,2022-12-15,2022_15_SF_SEA,SF,-1.3040174,0.6954885854885854,28.451696,1.0952021
2022,16,2022-12-24,2022_16_WAS_SF,SF,-1.3628589,0.6773710548710549,27.839142,0.9588384
2022,17,2023-01-01,2022_17_SF_LV,SF,-1.4195156,0.6710442919653445,28.73308,1.0194445
2022,18,2023-01-08,2022_18_ARI_SF,SF,-1.1612121,0.6510728240393312,31.058838,1.3679293
2023,1,2023-09-10,2023_01_SF_PIT,SF,,,,
2023,2,2023-09-17,2023_02_SF_LA,SF,,,,
2023,3,2023-09-21,2023_03_NYG_SF,SF,,,,
2023,4,2023-10-01,2023_04_ARI_SF,SF,,,,
2023,5,2023-10-08,2023_05_DAL_SF,SF,,,,
2023,6,2023-10-15,2023_06_SF_CLE,SF,,,,
2023,7,2023-10-23,2023_07_SF_MIN,SF,-0.80851895,0.6455137802012803,28.57637,1.4731241
2023,8,2023-10-29,2023_08_CIN_SF,SF,-0.38084742,0.6338965779590781,34.39266,1.8253969
2023,10,2023-11-12,2023_10_SF_JAX,SF,-0.0749318,0.6076350616975618,34.62599,1.9587302
2023,11,2023-11-19,2023_11_TB_SF,SF,-0.31595144,0.6234887450512451,35.809326,1.8087301
2023,12,2023-11-23,2023_12_SF_SEA,SF,-0.5543294,0.624801158128364,32.52361,1.687037
2023,13,2023-12-03,2023_13_SF_PHI,SF,-0.43295267,0.6023146168918228,33.106945,1.6542088
2023,14,2023-12-10,2023_14_SEA_SF,SF,-0.10830877,0.6052925519469637,35.329166,1.7861532
2023,15,2023-12-17,2023_15_SF_ARI,SF,-0.23238496,0.6116995603426085,30.755302,1.5702442
2023,16,2023-12-25,2023_16_BAL_SF,SF,-0.43165895,0.6462377998808481,31.355303,1.5369109
2023,17,2023-12-31,2023_17_SF_WAS,SF,0.04527088,0.6037494969379996,32.641666,1.9869108
2023,18,2024-01-07,2023_18_LA_SF,SF,-0.043941747,0.610672945221742,32.016666,1.935985
2024,1,2024-09-09,2024_01_NYJ_SF,SF,,,,
2024,2,2024-09-15,2024_02_SF_MIN,SF,,,,
2024,3,2024-09-22,2024_03_SF_LA,SF,,,,
2024,4,2024-09-29,2024_04_NE_SF,SF,,,,
2024,5,2024-10-06,2024_05_ARI_SF,SF,,,,
2024,6,2024-10-10,2024_06_SF_SEA,SF,,,,
2024,7,2024-10-20,2024_07_KC_SF,SF,0.00047374982,0.5138462125297781,32.57639,2.2375
2024,8,2024-10-27,2024_08_DAL_SF,SF,0.08927915,0.49930103548460103,33.14861,2.3523147
2024,10,2024-11-10,2024_10_SF_TB,SF,0.16908763,0.5290561646147302,30.838005,2.332618
2024,11,2024-11-17,2024_11_SEA_SF,SF,-0.016454326,0.5406173362861959,28.192171,2.1034513
2024,12,2024-11-24,2024_12_SF_GB,SF,0.37249342,0.5386810780999378,31.254671,2.3395622
2024,13,2024-12-01,2024_13_SF_BUF,SF,0.5177919,0.5428158602650229,29.45669,2.489394
2024,14,2024-12-08,2024_14_CHI_SF,SF,0.68913764,0.5321875935512299,30.669655,2.8042088
2024,15,2024-12-12,2024_15_LA_SF,SF,0.53437024,0.5436683966986997,27.98632,2.5782828
2024,16,2024-12-22,2024_16_SF_MIA,SF,0.43513587,0.5492071172374202,28.446928,2.4146464
2024,17,2024-12-30,2024_17_DET_SF,SF,0.65649486,0.5225435030738061,31.622854,2.6183503
2024,18,2025-01-05,2024_18_SF_ARI,SF,1.1584331,0.49831830697360996,34.85202,3.0141838
2016,1,2016-09-11,2016_01_TB_ATL,TB,,,,
2016,2,2016-09-18,2016_02_TB_ARI,TB,,,,
2016,3,2016-09-25,2016_03_LA_TB,TB,,,,
2016,4,2016-10-02,2016_04_DEN_TB,TB,,,,
2016,5,2016-10-10,2016_05_TB_CAR,TB,,,,
2016,7,2016-10-23,2016_07_TB_SF,TB,,,,
2016,8,2016-10-30,2016_08_OAK_TB,TB,-0.035950843,0.5916365361630512,30.215948,2.0477273
2016,9,2016-11-03,2016_09_ATL_TB,TB,0.12117463,0.5917162874603351,31.956207,2.0563853
2016,10,2016-11-13,2016_10_CHI_TB,TB,0.51294106,0.5617467713797079,34.69695,2.416784
2016,11,2016-11-20,2016_11_TB_KC,TB,0.1786998,0.582328504461441,33.608273,2.1582372
2016,12,2016-11-27,2016_12_SEA_TB,TB,0.21049434,0.574881013680617,36.455494,2.1374037
2016,13,2016-12-04,2016_13_TB_SD,TB,-0.005683899,0.5904016967012998,33.267616,1.949525
2016,14,2016-12-11,2016_14_NO_TB,TB,0.014570097,0.6023178155618631,35.400616,2.080838
2016,15,2016-12-18,2016_15_TB_DAL,TB,-0.25458178,0.6086773488856823,32.848232,1.8736953
2016,16,2016-12-24,2016_16_TB_NO,TB,-0.7863249,0.6224380317120216,31.607492,1.4713383
2016,17,2017-01-01,2016_17_CAR_TB,TB,-0.2677987,0.5827073919813819,36.05657,1.8880049
2017,2,2017-09-17,2017_02_CHI_TB,TB,,,,
2017,3,2017-09-24,2017_03_TB_MIN,TB,,,,
2017,4,2017-10-01,2017_04_NYG_TB,TB,,,,
2017,5,2017-10-05,2017_05_NE_TB,TB,,,,
2017,6,2017-10-15,2017_06_TB_ARI,TB,,,,
2017,7,2017-10-22,2017_07_TB_BUF,TB,,,,
2017,8,2017-10-29,2017_08_CAR_TB,TB,0.21145721,0.5612689036140462,39.061615,2.4713805
2017,9,2017-11-05,2017_09_TB_NO,TB,0.50936115,0.5608079448197542,37.017845,2.5993266
2017,10,2017-11-12,2017_10_NYJ_TB,TB,0.29852042,0.5571350654115806,35.647476,2.4141414
2017,11,2017-11-19,2017_11_TB_MIA,TB,0.08111877,0.575040203203082,34.057827,2.2045455
2017,12,2017-11-26,2017_12_TB_ATL,TB,-0.15499355,0.6062437219066007,34.17525,2.1944444
2017,13,2017-12-03,2017_13_TB_GB,TB,0.09061456,0.6163226254198476,37.12475,2.2483165
2017,14,2017-12-10,2017_14_DET_TB,TB,-0.006517291,0.6018467540689764,34.70808,2.0816498
2017,15,2017-12-18,2017_15_ATL_TB,TB,0.054864507,0.593133129730352,37.03889,2.1574075
2017,16,2017-12-24,2017_16_TB_CAR,TB,0.23638475,0.5971277371563319,37.853703,2.1574075
2017,17,2017-12-31,2017_17_NO_TB,TB,0.5206507,0.5668257089376371,38.793518,2.425926
2018,1,2018-09-09,2018_01_TB_NO,TB,,,,
2018,2,2018-09-16,2018_02_PHI_TB,TB,,,,
2018,3,2018-09-24,2018_03_PIT_TB,TB,,,,
2018,4,2018-09-30,2018_04_TB_CHI,TB,,,,
2018,6,2018-10-14,2018_06_TB_ATL,TB,,,,
2018,7,2018-10-21,2018_07_CLE_TB,TB,,,,
2018,8,2018-10-28,2018_08_TB_CIN,TB,0.90523547,0.5216776632128682,36.49558,2.7949884
2018,9,2018-11-04,2018_09_TB_CAR,TB,0.81865287,0.5276164313174118,34.39185,2.6166668
2018,10,2018-11-11,2018_10_WAS_TB,TB,1.0754955,0.5010605797615603,35.140102,2.9837997
2018,11,2018-11-18,2018_11_TB_NYG,TB,1.1253805,0.49370728490826526,35.144733,2.9467623
2018,12,2018-11-25,2018_12_SF_TB,TB,0.85310155,0.5146638746148551,32.978065,2.680096
2018,13,2018-12-02,2018_13_CAR_TB,TB,0.5013028,0.5238098294225745,31.74473,2.2634292
2018,14,2018-12-09,2018_14_NO_TB,TB,0.54753786,0.5104169722797175,35.230446,2.2967625
2018,15,2018-12-16,2018_15_TB_BAL,TB,0.49280825,0.5138753684587019,35.109936,2.3493266
2018,16,2018-12-23,2018_16_TB_DAL,TB,0.32238945,0.5287864997107773,35.600464,2.1296296
2018,17,2018-12-30,2018_17_ATL_TB,TB,0.22114468,0.5370097579340355,34.156017,2.222222
2019,1,2019-09-08,2019_01_SF_TB,TB,,,,
2019,2,2019-09-12,2019_02_TB_CAR,TB,,,,
2019,3,2019-09-22,2019_03_NYG_TB,TB,,,,
2019,4,2019-09-29,2019_04_TB_LA,TB,,,,
2019,5,2019-10-06,2019_05_TB_NO,TB,,,,
2019,6,2019-10-13,2019_06_CAR_TB,TB,,,,
2019,8,2019-10-27,2019_08_TB_TEN,TB,0.058143515,0.6000839685110989,30.957077,2.246586
2019,9,2019-11-03,2019_09_TB_SEA,TB,0.1250871,0.6166754788526093,30.462126,2.333707
2019,10,2019-11-10,2019_10_ARI_TB,TB,0.46555078,0.6070166191937496,32.28264,2.679861
2019,11,2019-11-17,2019_11_NO_TB,TB,0.45169798,0.5965858429652907,33.179104,2.6583965
2019,12,2019-11-24,2019_12_TB_ATL,TB,0.63950545,0.5733943694061701,32.470768,2.7046928
2019,13,2019-12-01,2019_13_TB_JAX,TB,0.38718745,0.5877182399800407,29.15795,2.4700773
2019,14,2019-12-08,2019_14_IND_TB,TB,-0.10121739,0.6068461992121664,29.744757,2.2235496
2019,15,2019-12-15,2019_15_TB_DET,TB,-0.065088,0.6192437553597226,30.28749,2.207524
2019,16,2019-12-21,2019_16_HOU_TB,TB,-0.5152922,0.648344675806797,28.065268,1.9436351
2019,17,2019-12-29,2019_17_ATL_TB,TB,-0.796583,0.6485377277043943,24.75641,1.7524929
2020,1,2020-09-13,2020_01_TB_NO,TB,,,,
2020,2,2020-09-20,2020_02_CAR_TB,TB,,,,
2020,3,2020-09-27,2020_03_TB_DEN,TB,,,,
2020,4,2020-10-04,2020_04_LAC_TB,TB,,,,
2020,5,2020-10-08,2020_05_TB_CHI,TB,,,,
2020,6,2020-10-18,2020_06_GB_TB,TB,,,,
2020,7,2020-10-25,2020_07_TB_LV,TB,-0.7605625,0.6759029233769568,24.950815,1.6574593
2020,8,2020-11-02,2020_08_TB_NYG,TB,-0.76262754,0.6754007822765251,27.315489,1.6688552
2020,9,2020-11-08,2020_09_NO_TB,TB,-0.61180645,0.6656102256109683,27.24882,1.7688552
2020,10,2020-11-15,2020_10_TB_CAR,TB,-0.042962898,0.6131465192836256,30.857912,2.2506735
2020,11,2020-11-23,2020_11_LA_TB,TB,-0.17483681,0.60312293720122,28.767004,2.2203703
2020,12,2020-11-29,2020_12_KC_TB,TB,-0.16856433,0.608451405029688,29.995209,2.2331908
2020,14,2020-12-13,2020_14_MIN_TB,TB,0.40475157,0.5674421617477173,35.480057,2.5316756
2020,15,2020-12-20,2020_15_TB_ATL,TB,0.46977925,0.5703124493826893,36.649036,2.4321387
2020,16,2020-12-26,2020_16_TB_DET,TB,0.51787764,0.5816845158683922,36.27328,2.4578962
2020,17,2021-01-03,2020_17_ATL_TB,TB,-0.21072517,0.6307740220412317,31.406614,1.8384519
2021,1,2021-09-09,2021_01_DAL_TB,TB,,,,
2021,2,2021-09-19,2021_02_ATL_TB,TB,,,,
2021,3,2021-09-26,2021_03_TB_LA,TB,,,,
2021,4,2021-10-03,2021_04_TB_NE,TB,,,,
2021,5,2021-10-10,2021_05_MIA_TB,TB,,,,
2021,6,2021-10-14,2021_06_TB_PHI,TB,,,,
2021,7,2021-10-24,2021_07_CHI_TB,TB,0.12508096,0.6189960730471935,31.925926,2.26627
2021,8,2021-10-31,2021_08_TB_NO,TB,-0.472091,0.639870491838279,29.481482,1.9089465
2021,10,2021-11-14,2021_10_TB_WAS,TB,-0.0984599,0.6251995807387964,30.799662,2.0777776
2021,11,2021-11-22,2021_11_NYG_TB,TB,-0.2661322,0.6178164530942308,29.151514,1.9851851
2021,12,2021-11-28,2021_12_TB_IND,TB,-0.49630782,0.6252802529109719,27.492424,1.853367
2021,13,2021-12-05,2021_13_TB_ATL,TB,-0.48670754,0.6189079729275807,27.362795,1.9691077
2021,14,2021-12-12,2021_14_BUF_TB,TB,-0.6189898,0.5945666352529098,29.612795,1.8228115
2021,15,2021-12-19,2021_15_NO_TB,TB,-0.0332408,0.5683798590661335,31.920486,2.1235108
2021,16,2021-12-26,2021_16_TB_CAR,TB,-0.3438309,0.599497121433396,29.213417,1.7939653
2021,17,2022-01-02,2021_17_TB_NYJ,TB,-0.80802876,0.6253761498124243,26.470823,1.3569282
2021,18,2022-01-09,2021_18_CAR_TB,TB,-0.37733665,0.6111538688254374,29.44658,1.6054131
2022,1,2022-09-11,2022_01_TB_DAL,TB,,,,
2022,2,2022-09-18,2022_02_TB_NO,TB,,,,
2022,3,2022-09-25,2022_03_GB_TB,TB,,,,
2022,4,2022-10-02,2022_04_KC_TB,TB,,,,
2022,5,2022-10-09,2022_05_ATL_TB,TB,,,,
2022,6,2022-10-16,2022_06_TB_PIT,TB,,,,
2022,7,2022-10-23,2022_07_TB_CAR,TB,-0.4702296,0.6357818562412579,28.731041,1.7032894
2022,8,2022-10-27,2022_08_BAL_TB,TB,0.079797916,0.6192325259419277,30.364374,2.0032892
2022,9,2022-11-06,2022_09_LA_TB,TB,0.66136235,0.5889972018254847,33.309597,2.2841752
2022,10,2022-11-13,2022_10_SEA_TB,TB,0.60895765,0.6061989815272644,31.299494,2.2526095
2022,12,2022-11-27,2022_12_TB_CLE,TB,0.32727322,0.6117279484451201,29.4069,1.8655725
2022,13,2022-12-05,2022_13_NO_TB,TB,0.32443422,0.6211997009724283,29.241661,1.9011849
2022,14,2022-12-11,2022_14_TB_SF,TB,0.23939246,0.6198131297247459,30.234253,1.7974812
2022,15,2022-12-18,2022_15_CIN_TB,TB,0.31841245,0.5921783570899732,31.050919,2.0308144
2022,16,2022-12-25,2022_16_TB_ARI,TB,0.12432607,0.5944494445883334,27.808495,2.1217237
2022,17,2023-01-01,2022_17_CAR_TB,TB,0.04542038,0.5854630936376969,28.899765,2.1316442
2022,18,2023-01-08,2022_18_TB_ATL,TB,-0.021968832,0.6175818493675637,27.979538,2.1430404
2023,1,2023-09-10,2023_01_TB_MIN,TB,,,,
2023,2,2023-09-17,2023_02_CHI_TB,TB,,,,
2023,3,2023-09-25,2023_03_PHI_TB,TB,,,,
2023,4,2023-10-01,2023_04_TB_NO,TB,,,,
2023,6,2023-10-15,2023_06_DET_TB,TB,,,,
2023,7,2023-10-22,2023_07_ATL_TB,TB,,,,
2023,8,2023-10-26,2023_08_TB_BUF,TB,-0.3635647,0.619795960212627,33.748318,1.753872
2023,9,2023-11-05,2023_09_TB_HOU,TB,-0.110571824,0.5945703987370654,35.29074,1.8962964
2023,10,2023-11-12,2023_10_TEN_TB,TB,0.2017851,0.600997166413833,38.614983,2.1887205
2023,11,2023-11-19,2023_11_TB_SF,TB,-0.2198569,0.64547648339315,34.5835,1.8627948
2023,12,2023-11-26,2023_12_TB_IND,TB,0.2996284,0.5900147640425418,39.098316,2.2127945
2023,13,2023-12-03,2023_13_CAR_TB,TB,0.27685335,0.5931265442376553,38.705723,2.2924242
2023,14,2023-12-10,2023_14_TB_ATL,TB,0.19486187,0.598354001965113,35.663418,2.2437065
2023,15,2023-12-17,2023_15_TB_GB,TB,0.013590087,0.6207255683072677,33.58564,2.1770396
2023,16,2023-12-24,2023_16_JAX_TB,TB,-0.13504998,0.6044001113568107,33.036396,2.0179489
2023,17,2023-12-31,2023_17_NO_TB,TB,-0.10638843,0.5862886394953388,34.669727,2.1179488
2023,18,2024-01-07,2023_18_TB_CAR,TB,-0.22425227,0.6224317565727994,31.597338,1.9664335
2024,1,2024-09-08,2024_01_WAS_TB,TB,,,,
2024,2,2024-09-15,2024_02_TB_DET,TB,,,,
2024,3,2024-09-22,2024_03_DEN_TB,TB,,,,
2024,4,2024-09-29,2024_04_PHI_TB,TB,,,,
2024,5,2024-10-03,2024_05_TB_ATL,TB,,,,
2024,6,2024-10-13,2024_06_TB_NO,TB,,,,
2024,7,2024-10-21,2024_07_BAL_TB,TB,0.022058556,0.5127531459741957,34.769245,2.1713805
2024,8,2024-10-27,2024_08_ATL_TB,TB,0.2787526,0.5154139689475187,36.195385,2.3759258
2024,9,2024-11-04,2024_09_TB_KC,TB,0.582193,0.5034873307708806,35.828716,2.6259258
2024,10,2024-11-10,2024_10_SF_TB,TB,0.6987098,0.5095449088137527,36.26205,2.6925926
2024,12,2024-11-24,2024_12_TB_NYG,TB,0.940777,0.48867202262223913,39.706493,2.8592594
2024,13,2024-12-01,2024_13_TB_CAR,TB,0.45803463,0.5099742791768351,35.62316,2.4596379
2024,14,2024-12-08,2024_14_LV_TB,TB,0.635355,0.5148073429384704,37.185432,2.5045097
2024,15,2024-12-15,2024_15_TB_LAC,TB,0.12523448,0.5387449279871666,34.062534,2.1240385
2024,16,2024-12-22,2024_16_TB_DAL,TB,-0.32217702,0.5565954570876956,30.929201,1.8907051
2024,17,2024-12-29,2024_17_CAR_TB,TB,-0.4589421,0.5682612163136153,29.492838,1.7846445
2024,18,2025-01-05,2024_18_NO_TB,TB,-0.80102086,0.5852408044451641,25.226171,1.5920519
2016,1,2016-09-11,2016_01_MIN_TEN,TEN,,,,
2016,2,2016-09-18,2016_02_TEN_DET,TEN,,,,
2016,3,2016-09-25,2016_03_OAK_TEN,TEN,,,,
2016,4,2016-10-02,2016_04_TEN_HOU,TEN,,,,
2016,5,2016-10-09,2016_05_TEN_MIA,TEN,,,,
2016,6,2016-10-16,2016_06_CLE_TEN,TEN,,,,
2016,7,2016-10-23,2016_07_IND_TEN,TEN,-0.24596934,0.622024595747115,29.974747,1.5147306
2016,8,2016-10-27,2016_08_JAX_TEN,TEN,0.09251592,0.5895328994853654,32.465656,1.7844276
2016,9,2016-11-06,2016_09_TEN_SD,TEN,0.21608907,0.5877905719750639,31.610102,1.8936869
2016,10,2016-11-13,2016_10_GB_TEN,TEN,0.40446305,0.5598031907580177,32.352528,2.105808
2016,11,2016-11-20,2016_11_TEN_IND,TEN,0.51189,0.582773729834326,32.52026,2.1346543
2016,12,2016-11-27,2016_12_TEN_CHI,TEN,0.7868561,0.5874451480158452,35.32329,2.412432
2016,14,2016-12-11,2016_14_DEN_TEN,TEN,0.6795524,0.5764527838984811,36.814453,2.3695028
2016,15,2016-12-18,2016_15_TEN_KC,TEN,0.21497826,0.6024258304597628,34.88112,2.0695026
2016,16,2016-12-24,2016_16_TEN_JAX,TEN,0.031949844,0.5934188189527514,33.468998,1.9770784
2016,17,2017-01-01,2016_17_HOU_TEN,TEN,-0.008798462,0.6092650830097411,32.91344,1.951826
2017,1,2017-09-10,2017_01_OAK_TEN,TEN,,,,
2017,2,2017-09-17,2017_02_TEN_JAX,TEN,,,,
2017,3,2017-09-24,2017_03_SEA_TEN,TEN,,,,
2017,4,2017-10-01,2017_04_TEN_HOU,TEN,,,,
2017,5,2017-10-08,2017_05_TEN_MIA,TEN,,,,
2017,6,2017-10-16,2017_06_IND_TEN,TEN,,,,
2017,7,2017-10-22,2017_07_TEN_CLE,TEN,0.30186602,0.586440035140107,29.367666,2.10962
2017,9,2017-11-05,2017_09_BAL_TEN,TEN,-0.32304108,0.6275113390503264,27.01918,1.7645022
2017,10,2017-11-12,2017_10_CIN_TEN,TEN,-0.12805183,0.6300430245365574,27.488878,1.8251082
2017,11,2017-11-16,2017_11_TEN_PIT,TEN,-0.2745721,0.6160212912840549,25.798706,1.7567321
2017,12,2017-11-26,2017_12_TEN_IND,TEN,-0.4763943,0.6249057772434397,25.051912,1.6584415
2017,13,2017-12-03,2017_13_HOU_TEN,TEN,-0.4096024,0.6277656904394873,27.154291,1.8060607
2017,14,2017-12-10,2017_14_TEN_ARI,TEN,-0.34818864,0.6160243852668096,29.630219,1.7801347
2017,15,2017-12-17,2017_15_TEN_SF,TEN,-0.28131536,0.6023913011791799,29.296885,1.8255892
2017,16,2017-12-24,2017_16_LA_TEN,TEN,0.026794827,0.5821982419236207,32.734386,2.0433922
2017,17,2017-12-31,2017_17_JAX_TEN,TEN,0.13891412,0.5875406268114601,34.858124,2.1747053
2018,1,2018-09-09,2018_01_TEN_MIA,TEN,,,,
2018,2,2018-09-16,2018_02_HOU_TEN,TEN,,,,
2018,3,2018-09-23,2018_03_TEN_JAX,TEN,,,,
2018,4,2018-09-30,2018_04_PHI_TEN,TEN,,,,
2018,5,2018-10-07,2018_05_TEN_BUF,TEN,,,,
2018,6,2018-10-14,2018_06_BAL_TEN,TEN,,,,
2018,7,2018-10-21,2018_07_TEN_LAC,TEN,-0.14188795,0.623976073573113,32.8875,1.7875
2018,9,2018-11-05,2018_09_TEN_DAL,TEN,0.19648665,0.607736939030407,36.300198,1.8886905
2018,10,2018-11-11,2018_10_NE_TEN,TEN,-0.10462275,0.6158357846292527,34.707607,1.833135
2018,11,2018-11-18,2018_11_TEN_IND,TEN,-0.093113594,0.6192235542670224,34.957607,1.8998016
2018,12,2018-11-26,2018_12_TEN_HOU,TEN,0.25425208,0.5748130971829541,36.365013,2.2840607
2018,13,2018-12-02,2018_13_NYJ_TEN,TEN,0.7038209,0.549631138288874,39.250534,2.5584717
2018,14,2018-12-06,2018_14_JAX_TEN,TEN,0.40009496,0.5448764798746762,35.729702,2.3260999
2018,15,2018-12-16,2018_15_TEN_NYG,TEN,-0.12101742,0.5707981540999219,31.805893,1.9999094
2018,16,2018-12-22,2018_16_WAS_TEN,TEN,-0.22803466,0.597873316591751,30.639227,1.7406502
2018,17,2018-12-30,2018_17_IND_TEN,TEN,-0.009298429,0.5769742272551616,32.605892,1.9073168
2019,1,2019-09-08,2019_01_TEN_CLE,TEN,,,,
2019,2,2019-09-15,2019_02_IND_TEN,TEN,,,,
2019,3,2019-09-19,2019_03_TEN_JAX,TEN,,,,
2019,4,2019-09-29,2019_04_TEN_ATL,TEN,,,,
2019,5,2019-10-06,2019_05_BUF_TEN,TEN,,,,
2019,6,2019-10-13,2019_06_TEN_DEN,TEN,,,,
2019,7,2019-10-20,2019_07_LAC_TEN,TEN,-0.7748578,0.6401886331632322,26.19522,1.3914919
2019,8,2019-10-27,2019_08_TB_TEN,TEN,-0.30115786,0.6207867965738955,29.839453,1.6414919
2019,9,2019-11-03,2019_09_TEN_CAR,TEN,-0.30741683,0.6157553863489867,30.718939,1.6068765
2019,10,2019-11-10,2019_10_KC_TEN,TEN,-0.28252846,0.6235544055116423,32.128033,1.7583917
2019,12,2019-11-24,2019_12_JAX_TEN,TEN,0.06779254,0.597089140978196,33.946213,2.0765734
2019,13,2019-12-01,2019_13_TEN_IND,TEN,0.15062077,0.5958437312952863,34.815655,2.107129
2019,14,2019-12-08,2019_14_TEN_OAK,TEN,-0.07548346,0.5963804630820181,36.772923,2.1381118
2019,15,2019-12-15,2019_15_HOU_TEN,TEN,-0.28945372,0.6002499166256027,34.610043,2.039627
2019,16,2019-12-22,2019_16_NO_TEN,TEN,-0.077767454,0.586296569777519,35.830555,2.1575758
2019,17,2019-12-29,2019_17_TEN_HOU,TEN,0.05879663,0.5618578323453606,35.3053,2.230808
2020,1,2020-09-14,2020_01_TEN_DEN,TEN,,,,
2020,2,2020-09-20,2020_02_JAX_TEN,TEN,,,,
2020,3,2020-09-27,2020_03_TEN_MIN,TEN,,,,
2020,5,2020-10-13,2020_05_BUF_TEN,TEN,,,,
2020,6,2020-10-18,2020_06_HOU_TEN,TEN,,,,
2020,7,2020-10-25,2020_07_PIT_TEN,TEN,,,,
2020,8,2020-11-01,2020_08_TEN_CIN,TEN,0.53924733,0.5870356619453627,39.752316,2.6148148
2020,9,2020-11-08,2020_09_CHI_TEN,TEN,1.047325,0.5729728728825737,42.36111,3.0013888
2020,10,2020-11-12,2020_10_IND_TEN,TEN,0.5435164,0.6038763648154774,38.5,2.6819446
2020,11,2020-11-22,2020_11_TEN_BAL,TEN,0.8509345,0.5688360579001704,40.032406,2.7837963
2020,12,2020-11-29,2020_12_TEN_IND,TEN,1.1098474,0.5599114332774463,39.182873,2.8763888
2020,13,2020-12-06,2020_13_CLE_TEN,TEN,0.82391304,0.5781794071336556,37.422264,2.6703281
2020,14,2020-12-13,2020_14_TEN_JAX,TEN,1.0114695,0.5760584683081712,38.32681,2.8415403
2020,15,2020-12-20,2020_15_DET_TEN,TEN,0.41649893,0.6097442269939298,35.980976,2.3623736
2020,16,2020-12-27,2020_16_TEN_GB,TEN,0.8051403,0.5734123036522026,38.916164,2.5521886
2020,17,2021-01-03,2020_17_TEN_HOU,TEN,1.0094565,0.5668244856060513,39.932365,2.8670034
2021,1,2021-09-12,2021_01_ARI_TEN,TEN,,,,
2021,2,2021-09-19,2021_02_TEN_SEA,TEN,,,,
2021,3,2021-09-26,2021_03_IND_TEN,TEN,,,,
2021,4,2021-10-03,2021_04_TEN_NYJ,TEN,,,,
2021,5,2021-10-10,2021_05_TEN_JAX,TEN,,,,
2021,6,2021-10-18,2021_06_BUF_TEN,TEN,,,,
2021,7,2021-10-24,2021_07_KC_TEN,TEN,0.31772193,0.6131519891640839,34.93973,2.518266
2021,8,2021-10-31,2021_08_TEN_IND,TEN,-0.029023342,0.6070695194452506,36.34314,2.0050085
2021,9,2021-11-07,2021_09_TEN_LA,TEN,-0.20427604,0.58158851896425,35.22824,1.9810185
2021,10,2021-11-14,2021_10_NO_TEN,TEN,-0.4885122,0.5959465996965997,35.57841,1.9271464
2021,11,2021-11-21,2021_11_HOU_TEN,TEN,-0.5544545,0.6076254763754764,36.3173,1.9021465
2021,12,2021-11-28,2021_12_TEN_NE,TEN,-0.46274483,0.6393352943352943,31.806189,1.8910354
2021,14,2021-12-12,2021_14_JAX_TEN,TEN,-0.39716223,0.6181209531209532,31.406187,1.9910353
2021,15,2021-12-19,2021_15_TEN_PIT,TEN,-0.60376424,0.6440799478299478,27.110353,1.9285353
2021,16,2021-12-23,2021_16_SF_TEN,TEN,-0.73061544,0.6656304091531364,25.407072,1.7858586
2021,17,2022-01-02,2021_17_MIA_TEN,TEN,-0.41509664,0.6570749021601294,27.545328,1.897601
2021,18,2022-01-09,2021_18_TEN_HOU,TEN,-0.78689975,0.6715993129345402,25.895327,1.5976009
2022,1,2022-09-11,2022_01_NYG_TEN,TEN,,,,
2022,2,2022-09-19,2022_02_TEN_BUF,TEN,,,,
2022,3,2022-09-25,2022_03_LV_TEN,TEN,,,,
2022,4,2022-10-02,2022_04_TEN_IND,TEN,,,,
2022,5,2022-10-09,2022_05_TEN_WAS,TEN,,,,
2022,7,2022-10-23,2022_07_IND_TEN,TEN,,,,
2022,8,2022-10-30,2022_08_TEN_HOU,TEN,-0.033515587,0.6118343394078688,35.45926,1.979798
2022,9,2022-11-06,2022_09_TEN_KC,TEN,-0.31853834,0.6368810519545813,32.74714,1.8282828
2022,10,2022-11-13,2022_10_DEN_TEN,TEN,-0.64112604,0.6665657830373387,33.76229,1.5618687
2022,11,2022-11-17,2022_11_TEN_GB,TEN,-0.9284759,0.6777133228613491,30.790068,1.2933501
2022,12,2022-11-27,2022_12_CIN_TEN,TEN,-0.82869935,0.6812225708150416,28.845621,1.2748317
2022,13,2022-12-04,2022_13_TEN_PHI,TEN,-0.65631515,0.6667424521682563,28.84899,1.3876263
2022,14,2022-12-11,2022_14_JAX_TEN,TEN,-0.12062156,0.6666986533744574,30.582323,1.804293
2022,15,2022-12-18,2022_15_TEN_LAC,TEN,0.31592932,0.6280753757805917,34.430805,2.1982324
2022,16,2022-12-24,2022_16_HOU_TEN,TEN,0.23120487,0.6187950859356088,33.00025,2.1704545
2022,17,2022-12-29,2022_17_DAL_TEN,TEN,0.25717643,0.6152975313016905,32.972473,2.3194444
2022,18,2023-01-07,2022_18_TEN_JAX,TEN,0.44957748,0.5990894081491229,33.627354,2.432239
2023,1,2023-09-10,2023_01_TEN_NO,TEN,,,,
2023,2,2023-09-17,2023_02_LAC_TEN,TEN,,,,
2023,3,2023-09-24,2023_03_TEN_CLE,TEN,,,,
2023,4,2023-10-01,2023_04_CIN_TEN,TEN,,,,
2023,5,2023-10-08,2023_05_TEN_IND,TEN,,,,
2023,6,2023-10-15,2023_06_BAL_TEN,TEN,,,,
2023,8,2023-10-29,2023_08_ATL_TEN,TEN,0.23393469,0.5748757956009037,35.92412,2.0646646
2023,9,2023-11-02,2023_09_TEN_PIT,TEN,0.4385576,0.5678737067806332,36.048832,2.117112
2023,10,2023-11-12,2023_10_TEN_TB,TEN,0.59241647,0.5639150076514795,37.649208,2.185294
2023,11,2023-11-19,2023_11_TEN_JAX,TEN,0.37537977,0.5932217502915554,37.017727,2.0186272
2023,12,2023-11-26,2023_12_CAR_TEN,TEN,1.1090442,0.589135584399834,39.804764,2.5857568
2023,13,2023-12-03,2023_13_IND_TEN,TEN,0.69911647,0.6026428773714126,33.86667,2.2048044
2023,14,2023-12-11,2023_14_TEN_MIA,TEN,0.62706316,0.6164893003087447,32.99954,2.161681
2023,15,2023-12-17,2023_15_HOU_TEN,TEN,0.6666627,0.5859503236159219,33.294407,2.13604
2023,16,2023-12-24,2023_16_SEA_TEN,TEN,0.3630971,0.5826585921991905,31.134687,1.9832621
2023,17,2023-12-31,2023_17_TEN_HOU,TEN,0.6599528,0.5564943083038142,31.951353,2.1261194
2023,18,2024-01-07,2023_18_JAX_TEN,TEN,0.25044787,0.5555624983442264,30.525427,1.86686
2024,1,2024-09-08,2024_01_TEN_CHI,TEN,,,,
2024,2,2024-09-15,2024_02_NYJ_TEN,TEN,,,,
2024,3,2024-09-22,2024_03_GB_TEN,TEN,,,,
2024,4,2024-09-30,2024_04_TEN_MIA,TEN,,,,
2024,6,2024-10-13,2024_06_IND_TEN,TEN,,,,
2024,7,2024-10-20,2024_07_TEN_BUF,TEN,,,,
2024,8,2024-10-27,2024_08_TEN_DET,TEN,-0.09048886,0.6012995569245569,24.99621,1.9454546
2024,9,2024-11-03,2024_09_NE_TEN,TEN,0.26900414,0.5704730917230917,25.756897,2.3685315
2024,10,2024-11-10,2024_10_TEN_LAC,TEN,0.05063365,0.5708752779207324,25.793259,2.2261074
2024,11,2024-11-17,2024_11_MIN_TEN,TEN,0.27812192,0.569643870439325,26.545153,2.4249709
2024,12,2024-11-24,2024_12_TEN_HOU,TEN,0.6135893,0.542365639411094,29.414597,2.6416376
2024,13,2024-12-01,2024_13_TEN_WAS,TEN,0.48905838,0.5315232939258913,28.026503,2.558304
2024,14,2024-12-08,2024_14_JAX_TEN,TEN,0.59048516,0.5120433294459268,29.49923,2.7431526
2024,15,2024-12-15,2024_15_CIN_TEN,TEN,0.449096,0.5562275306613781,32.7316,2.3617423
2024,16,2024-12-22,2024_16_TEN_IND,TEN,0.7187784,0.5432711613174489,34.42857,2.6208332
2024,17,2024-12-29,2024_17_TEN_JAX,TEN,0.5724162,0.5200061161774038,34.310516,2.586111
2024,18,2025-01-05,2024_18_HOU_TEN,TEN,0.73906213,0.5176637363350239,36.141468,2.6789682
2016,1,2016-09-12,2016_01_PIT_WAS,WAS,,,,
2016,2,2016-09-18,2016_02_DAL_WAS,WAS,,,,
2016,3,2016-09-25,2016_03_WAS_NYG,WAS,,,,
2016,4,2016-10-02,2016_04_CLE_WAS,WAS,,,,
2016,5,2016-10-09,2016_05_WAS_BAL,WAS,,,,
2016,6,2016-10-16,2016_06_PHI_WAS,WAS,,,,
2016,7,2016-10-23,2016_07_WAS_DET,WAS,0.5360699,0.5437581078900523,36.535355,2.3553872
2016,8,2016-10-30,2016_08_WAS_CIN,WAS,0.19829081,0.5717875758500758,35.57239,2.06835
2016,10,2016-11-13,2016_10_MIN_WAS,WAS,0.124346875,0.56383665331582,34.373318,1.9433502
2016,11,2016-11-20,2016_11_GB_WAS,WAS,0.066294916,0.56645320343237,32.96574,1.8675927
2016,12,2016-11-24,2016_12_WAS_DAL,WAS,0.11164886,0.5900361516167676,34.01389,1.8972222
2016,13,2016-12-04,2016_13_WAS_ARI,WAS,0.8252968,0.5516418656778388,37.871033,2.4964285
2016,14,2016-12-11,2016_14_WAS_PHI,WAS,0.9671497,0.5661574312064762,40.72288,2.8371694
2016,15,2016-12-19,2016_15_CAR_WAS,WAS,0.892072,0.5636475105715556,39.93955,2.6871693
2016,16,2016-12-24,2016_16_WAS_CHI,WAS,0.71951956,0.5740652564059681,39.803867,2.6455026
2016,17,2017-01-01,2016_17_NYG_WAS,WAS,0.6603469,0.5610399483806601,41.503864,2.6621692
2017,1,2017-09-10,2017_01_PHI_WAS,WAS,,,,
2017,2,2017-09-17,2017_02_WAS_LA,WAS,,,,
2017,3,2017-09-24,2017_03_OAK_WAS,WAS,,,,
2017,4,2017-10-02,2017_04_WAS_KC,WAS,,,,
2017,6,2017-10-15,2017_06_SF_WAS,WAS,,,,
2017,7,2017-10-23,2017_07_WAS_PHI,WAS,,,,
2017,8,2017-10-29,2017_08_DAL_WAS,WAS,0.098030455,0.5966868933535601,29.308586,2.0373738
2017,9,2017-11-05,2017_09_WAS_SEA,WAS,0.05513415,0.5987947777531111,28.586365,2.0790403
2017,10,2017-11-12,2017_10_MIN_WAS,WAS,-0.14349344,0.6075690412389131,28.267134,1.8995532
2017,11,2017-11-19,2017_11_WAS_NO,WAS,0.37148896,0.5778822928021646,33.7338,2.3939977
2017,12,2017-11-23,2017_12_NYG_WAS,WAS,0.40451184,0.5622394928411828,34.72016,2.5106642
2017,13,2017-11-30,2017_13_WAS_DAL,WAS,0.08173294,0.5849791193185544,32.259693,2.2286131
2017,14,2017-12-10,2017_14_WAS_LAC,WAS,0.027153427,0.5739255895150245,30.442774,2.157906
2017,15,2017-12-17,2017_15_ARI_WAS,WAS,0.07611521,0.57017178159455,31.831663,2.1995728
2017,16,2017-12-24,2017_16_DEN_WAS,WAS,0.10728582,0.5711031800938218,30.267561,2.2380342
2017,17,2017-12-31,2017_17_WAS_NYG,WAS,-0.42320117,0.6085184268840685,27.606447,1.7435898
2018,1,2018-09-09,2018_01_WAS_ARI,WAS,,,,
2018,2,2018-09-16,2018_02_IND_WAS,WAS,,,,
2018,3,2018-09-23,2018_03_GB_WAS,WAS,,,,
2018,5,2018-10-08,2018_05_WAS_NO,WAS,,,,
2018,6,2018-10-14,2018_06_CAR_WAS,WAS,,,,
2018,7,2018-10-21,2018_07_DAL_WAS,WAS,,,,
2018,8,2018-10-28,2018_08_WAS_NYG,WAS,-0.0044966955,0.6190845389027578,32.90227,2.1683922
2018,9,2018-11-04,2018_09_ATL_WAS,WAS,0.07603546,0.6145079286443295,33.63628,2.2542508
2018,10,2018-11-11,2018_10_WAS_TB,WAS,0.56018114,0.5779084787115462,38.012203,2.6079545
2018,11,2018-11-18,2018_11_HOU_WAS,WAS,0.36420393,0.5646598792037555,42.65804,2.4128788
2018,12,2018-11-22,2018_12_WAS_DAL,WAS,-0.18024904,0.5841233860252169,39.396675,1.7746211
2018,13,2018-12-03,2018_13_WAS_PHI,WAS,-0.118883274,0.5901643486634017,38.498528,1.9088804
2018,14,2018-12-09,2018_14_NYG_WAS,WAS,0.22843759,0.5547984799641997,41.474957,2.1513047
2018,15,2018-12-16,2018_15_WAS_JAX,WAS,0.44195268,0.5367062246966198,41.254177,2.3590968
2018,16,2018-12-22,2018_16_WAS_TEN,WAS,-0.3080892,0.5563783427020711,35.361584,1.7720599
2018,17,2018-12-30,2018_17_PHI_WAS,WAS,0.12665367,0.5660743854710305,31.437975,2.0614116
2019,1,2019-09-08,2019_01_WAS_PHI,WAS,,,,
2019,2,2019-09-15,2019_02_DAL_WAS,WAS,,,,
2019,3,2019-09-23,2019_03_CHI_WAS,WAS,,,,
2019,4,2019-09-29,2019_04_WAS_NYG,WAS,,,,
2019,5,2019-10-06,2019_05_NE_WAS,WAS,,,,
2019,6,2019-10-13,2019_06_WAS_MIA,WAS,,,,
2019,7,2019-10-20,2019_07_SF_WAS,WAS,0.6114872,0.5719719965168145,36.46868,2.5243807
2019,8,2019-10-24,2019_08_WAS_MIN,WAS,0.18199556,0.572423639230362,34.862858,2.1645925
2019,9,2019-11-03,2019_09_WAS_BUF,WAS,-0.19892699,0.5907294653486881,34.967026,1.9145924
2019,11,2019-11-17,2019_11_NYJ_WAS,WAS,-0.070702165,0.5890561386753613,35.646194,1.9979258
2019,12,2019-11-24,2019_12_DET_WAS,WAS,0.021289965,0.6071989435828721,35.834324,2.1974206
2019,13,2019-12-01,2019_13_WAS_CAR,WAS,-0.22226618,0.617122612709838,35.239086,2.0096917
2019,14,2019-12-08,2019_14_WAS_GB,WAS,-0.21603787,0.6225070430942684,35.039303,2.0567002
2019,15,2019-12-15,2019_15_PHI_WAS,WAS,-0.05093469,0.6310260593513798,34.88586,2.212785
2019,16,2019-12-22,2019_16_NYG_WAS,WAS,0.29142424,0.6198751811355506,33.436787,2.3910258
2019,17,2019-12-29,2019_17_WAS_DAL,WAS,0.5163685,0.6176328632682327,35.700047,2.5122378
2020,1,2020-09-13,2020_01_PHI_WAS,WAS,,,,
2020,2,2020-09-20,2020_02_WAS_ARI,WAS,,,,
2020,3,2020-09-27,2020_03_WAS_CLE,WAS,,,,
2020,4,2020-10-04,2020_04_BAL_WAS,WAS,,,,
2020,5,2020-10-11,2020_05_LA_WAS,WAS,,,,
2020,6,2020-10-18,2020_06_WAS_NYG,WAS,,,,
2020,7,2020-10-25,2020_07_DAL_WAS,WAS,0.36860088,0.597732803176367,31.464178,2.4387445
2020,9,2020-11-08,2020_09_NYG_WAS,WAS,0.352821,0.5866927446164673,31.117617,2.2919192
2020,10,2020-11-15,2020_10_WAS_DET,WAS,0.38104066,0.5763025426219871,30.319132,2.2207072
2020,11,2020-11-22,2020_11_CIN_WAS,WAS,0.5141731,0.5676433314627759,31.973677,2.2055557
2020,12,2020-11-26,2020_12_WAS_DAL,WAS,0.05683376,0.5837376075570521,30.234789,1.8138889
2020,13,2020-12-07,2020_13_WAS_PIT,WAS,-0.46567047,0.5889366488356388,28.01888,1.6396465
2020,14,2020-12-13,2020_14_WAS_SF,WAS,-0.5689024,0.6093614854369459,26.455389,1.5424242
2020,15,2020-12-20,2020_15_SEA_WAS,WAS,-0.658057,0.6119747877724705,27.425758,1.6424242
2020,16,2020-12-27,2020_16_CAR_WAS,WAS,-0.69359857,0.6087217856305794,27.190573,1.6294613
2020,17,2021-01-03,2020_17_WAS_PHI,WAS,-0.8685155,0.621777341186135,25.70724,1.4627947
2021,1,2021-09-12,2021_01_LAC_WAS,WAS,,,,
2021,2,2021-09-16,2021_02_NYG_WAS,WAS,,,,
2021,3,2021-09-26,2021_03_WAS_BUF,WAS,,,,
2021,4,2021-10-03,2021_04_WAS_ATL,WAS,,,,
2021,5,2021-10-10,2021_05_NO_WAS,WAS,,,,
2021,6,2021-10-17,2021_06_KC_WAS,WAS,,,,
2021,7,2021-10-24,2021_07_WAS_GB,WAS,0.92736393,0.5917006583223513,38.635605,2.980808
2021,8,2021-10-31,2021_08_WAS_DEN,WAS,0.9586671,0.5882848226148489,37.140236,3.008586
2021,10,2021-11-14,2021_10_TB_WAS,WAS,0.7298241,0.5848613132538395,36.294403,2.8794193
2021,11,2021-11-21,2021_11_WAS_CAR,WAS,0.49800006,0.5952075703106229,34.882366,2.6340487
2021,12,2021-11-29,2021_12_SEA_WAS,WAS,0.36501682,0.5845965582290226,34.17866,2.4673822
2021,13,2021-12-05,2021_13_WAS_LV,WAS,0.22003181,0.5886720352211663,33.238007,2.2060184
2021,14,2021-12-12,2021_14_DAL_WAS,WAS,0.13375719,0.5757379773004773,31.760733,2.0488217
2021,15,2021-12-21,2021_15_WAS_PHI,WAS,-0.08464247,0.5864982047273714,29.904913,1.8424724
2021,16,2021-12-26,2021_16_WAS_DAL,WAS,0.00029450655,0.5755564497231164,32.867413,1.9383057
2021,17,2022-01-02,2021_17_PHI_WAS,WAS,0.44958234,0.5499340782674117,34.848896,2.1975648
2021,18,2022-01-09,2021_18_WAS_NYG,WAS,0.5652209,0.5533487943221838,37.21133,2.2848666
2022,1,2022-09-11,2022_01_JAX_WAS,WAS,,,,
2022,2,2022-09-18,2022_02_WAS_DET,WAS,,,,
2022,3,2022-09-25,2022_03_PHI_WAS,WAS,,,,
2022,4,2022-10-02,2022_04_WAS_DAL,WAS,,,,
2022,5,2022-10-09,2022_05_TEN_WAS,WAS,,,,
2022,6,2022-10-13,2022_06_WAS_CHI,WAS,,,,
2022,7,2022-10-23,2022_07_GB_WAS,WAS,0.08356685,0.6163654735059573,30.79212,1.8975978
2022,8,2022-10-30,2022_08_WAS_IND,WAS,-0.046394378,0.6288566859971698,28.396498,1.8420421
2022,9,2022-11-06,2022_09_MIN_WAS,WAS,-0.23626725,0.6174026770431608,28.122139,1.6728115
2022,10,2022-11-14,2022_10_WAS_PHI,WAS,-0.31453872,0.6183220894209066,27.307745,1.6425084
2022,11,2022-11-20,2022_11_WAS_HOU,WAS,-0.3989756,0.6156180403023838,27.87441,1.6452862
2022,12,2022-11-27,2022_12_ATL_WAS,WAS,-0.75895333,0.641475844114733,26.736532,1.4937711
2022,13,2022-12-04,2022_13_WAS_NYG,WAS,-0.60770893,0.6403513513235736,26.199495,1.6048821
2022,15,2022-12-18,2022_15_NYG_WAS,WAS,-0.6145765,0.634816145788368,26.856192,1.5835147
2022,16,2022-12-24,2022_16_WAS_SF,WAS,-0.4555283,0.6281230240952463,27.04508,1.5761071
2022,17,2023-01-01,2022_17_CLE_WAS,WAS,-0.3412899,0.6336214608436831,28.07538,1.833683
2022,18,2023-01-08,2022_18_DAL_WAS,WAS,-0.077353135,0.6319235908124797,29.267975,1.9281274
2023,1,2023-09-10,2023_01_ARI_WAS,WAS,,,,
2023,2,2023-09-17,2023_02_WAS_DEN,WAS,,,,
2023,3,2023-09-24,2023_03_BUF_WAS,WAS,,,,
2023,4,2023-10-01,2023_04_WAS_PHI,WAS,,,,
2023,5,2023-10-05,2023_05_CHI_WAS,WAS,,,,
2023,6,2023-10-15,2023_06_WAS_ATL,WAS,,,,
2023,7,2023-10-22,2023_07_WAS_NYG,WAS,0.47632393,0.5841309110527025,35.30303,2.5540404
2023,8,2023-10-29,2023_08_PHI_WAS,WAS,0.667589,0.5647681364815945,37.205807,2.609596
2023,9,2023-11-05,2023_09_WAS_NE,WAS,0.83132124,0.5627442208547379,37.410355,2.7429292
2023,10,2023-11-12,2023_10_WAS_SEA,WAS,0.5939249,0.5857295940673837,35.928535,2.4838383
2023,11,2023-11-19,2023_11_NYG_WAS,WAS,0.480298,0.5921694042571939,35.73611,2.3732324
2023,12,2023-11-23,2023_12_WAS_DAL,WAS,0.16250189,0.5969581760914203,32.646366,2.0876844
2023,13,2023-12-03,2023_13_MIA_WAS,WAS,0.733116,0.5585621267060662,33.772125,2.4785936
2023,15,2023-12-17,2023_15_WAS_LA,WAS,1.2397095,0.5444136208908937,35.71935,2.934149
2023,16,2023-12-24,2023_16_WAS_NYJ,WAS,0.89975935,0.5476310474037747,35.923893,2.7099068
2023,17,2023-12-31,2023_17_SF_WAS,WAS,0.7926433,0.5474503078290958,34.950153,2.7856643
2023,18,2024-01-07,2023_18_DAL_WAS,WAS,0.97555137,0.5180279940317819,36.734245,2.9087703
2024,1,2024-09-08,2024_01_WAS_TB,WAS,,,,
2024,2,2024-09-15,2024_02_NYG_WAS,WAS,,,,
2024,3,2024-09-23,2024_03_WAS_CIN,WAS,,,,
2024,4,2024-09-29,2024_04_WAS_ARI,WAS,,,,
2024,5,2024-10-06,2024_05_CLE_WAS,WAS,,,,
2024,6,2024-10-13,2024_06_WAS_BAL,WAS,,,,
2024,7,2024-10-20,2024_07_CAR_WAS,WAS,1.2314917,0.5134819462944463,43.007935,3.0823412
2024,8,2024-10-27,2024_08_CHI_WAS,WAS,0.40358397,0.5315615968393747,38.151455,2.4411376
2024,9,2024-11-03,2024_09_WAS_NYG,WAS,0.15916727,0.5395307440942362,35.595177,2.2246873
2024,10,2024-11-10,2024_10_PIT_WAS,WAS,-0.15818883,0.5617559686829061,32.97613,1.9627825
2024,11,2024-11-14,2024_11_WAS_PHI,WAS,0.0039078495,0.58127892258086,31.97613,2.060005
2024,12,2024-11-24,2024_12_DAL_WAS,WAS,0.32057178,0.5637879644649019,36.587242,2.3127825
2024,13,2024-12-01,2024_13_TEN_WAS,WAS,0.006033095,0.5679961174230549,30.984465,2.0655603
2024,15,2024-12-15,2024_15_WAS_NO,WAS,0.22187598,0.5894171860663457,31.344734,2.2238095
2024,16,2024-12-22,2024_16_PHI_WAS,WAS,0.30617046,0.5937475265077973,31.199951,2.3635402
2024,17,2024-12-29,2024_17_ATL_WAS,WAS,0.19229649,0.6102236468704723,27.461855,2.2325878
2024,18,2025-01-05,2024_18_WAS_DAL,WAS,0.2434098,0.5858129495431083,29.452597,2.2881434
