season,week,game_id,team,sack_rate_roll6,qb_hit_rate_roll6,tfl_rate_roll6
2016,1,2016_01_NE_ARI,ARI,,,
2016,2,2016_02_TB_ARI,ARI,,,
2016,3,2016_03_ARI_BUF,ARI,,,
2016,4,2016_04_LA_ARI,ARI,,,
2016,5,2016_05_ARI_SF,ARI,,,
2016,6,2016_06_NYJ_ARI,ARI,,,
2016,7,2016_07_SEA_ARI,ARI,0.08710761032675733,0.15041534577038207,0.13208543897534078
2016,8,2016_08_ARI_CAR,ARI,0.0819697657152285,0.15329755128416653,0.1422721961909605
2016,10,2016_10_SF_ARI,ARI,0.07883123757670037,0.15286465085126608,0.14161082052958482
2016,11,2016_11_ARI_MIN,ARI,0.07099424698108908,0.14868492253360674,0.15053939195815627
2016,12,2016_12_ARI_ATL,ARI,0.07168869142553352,0.17194881142249563,0.14238721804511278
2016,13,2016_13_WAS_ARI,ARI,0.054500450553082135,0.16827408406355773,0.1572020328599276
2016,14,2016_14_ARI_MIA,ARI,0.05866149418780998,0.1761463287779077,0.14265176830966306
2016,15,2016_15_NO_ARI,ARI,0.06068578568578569,0.17985752985752987,0.15934673152415088
2016,16,2016_16_ARI_SEA,ARI,0.06453732630203218,0.16911990147284264,0.14140691670933606
2016,17,2016_17_ARI_LA,ARI,0.06861658038128626,0.180483537836479,0.13633636997212265
2017,1,2017_01_ARI_DET,ARI,,,
2017,2,2017_02_ARI_IND,ARI,,,
2017,3,2017_03_DAL_ARI,ARI,,,
2017,4,2017_04_SF_ARI,ARI,,,
2017,5,2017_05_ARI_PHI,ARI,,,
2017,6,2017_06_TB_ARI,ARI,,,
2017,7,2017_07_ARI_LA,ARI,0.05105807672706653,0.15286946193055367,0.14328158006318925
2017,9,2017_09_ARI_SF,ARI,0.05165616285146845,0.15526180642816131,0.13197205625366545
2017,10,2017_10_SEA_ARI,ARI,0.05027695263079481,0.16738433836776645,0.10323642406975742
2017,11,2017_11_ARI_HOU,ARI,0.06402754532875593,0.15505622077649095,0.09933452886351436
2017,12,2017_12_JAX_ARI,ARI,0.059462665763876356,0.16156360228387243,0.10405493554470537
2017,13,2017_13_LA_ARI,ARI,0.06797521056674376,0.16932943263034794,0.10910544059521042
2017,14,2017_14_TEN_ARI,ARI,0.06593716708848288,0.1684236355288987,0.10784281433258415
2017,15,2017_15_ARI_WAS,ARI,0.07625708452914336,0.1753895798013445,0.11049432948409932
2017,16,2017_16_NYG_ARI,ARI,0.06754897165436381,0.1677837596955244,0.12716099615076598
2017,17,2017_17_ARI_SEA,ARI,0.05211864771340157,0.139798327454773,0.12208853238265004
2018,1,2018_01_WAS_ARI,ARI,,,
2018,2,2018_02_ARI_LA,ARI,,,
2018,3,2018_03_CHI_ARI,ARI,,,
2018,4,2018_04_SEA_ARI,ARI,,,
2018,5,2018_05_ARI_SF,ARI,,,
2018,6,2018_06_ARI_MIN,ARI,,,
2018,7,2018_07_DEN_ARI,ARI,0.0783929520771626,0.15042530568846357,0.11981011490617753
2018,8,2018_08_SF_ARI,ARI,0.07713032581453634,0.1327485380116959,0.12006613129122617
2018,10,2018_10_ARI_KC,ARI,0.08843984962406015,0.1453973475355054,0.11837642314990514
2018,11,2018_11_OAK_ARI,ARI,0.09979175880878666,0.16216721337657872,0.13310293086379013
2018,12,2018_12_ARI_LAC,ARI,0.10693461595164382,0.1776434038527692,0.1484029902814966
2018,13,2018_13_ARI_GB,ARI,0.11434202335905123,0.1859767371861025,0.12618076805927436
2018,14,2018_14_DET_ARI,ARI,0.10006613756613757,0.1727328431372549,0.1395412753056512
2018,15,2018_15_ARI_ATL,ARI,0.09312169312169312,0.15884395424836603,0.13954127530565116
2018,16,2018_16_LA_ARI,ARI,0.08083536833536832,0.1352061337355455,0.13735091290023502
2018,17,2018_17_ARI_SEA,ARI,0.06914607723431253,0.12653343388637506,0.1051840694926705
2019,1,2019_01_DET_ARI,ARI,,,
2019,2,2019_02_ARI_BAL,ARI,,,
2019,3,2019_03_CAR_ARI,ARI,,,
2019,4,2019_04_SEA_ARI,ARI,,,
2019,5,2019_05_ARI_CIN,ARI,,,
2019,6,2019_06_ATL_ARI,ARI,,,
2019,7,2019_07_ARI_NYG,ARI,0.06474720454983612,0.12630434258723733,0.10568169225368851
2019,8,2019_08_ARI_NO,ARI,0.08533828982115395,0.1419697172642399,0.1075756316476279
2019,9,2019_09_SF_ARI,ARI,0.07679128127414542,0.14892658468622363,0.10461499075595253
2019,10,2019_10_ARI_TB,ARI,0.0692724842816642,0.15299926639048425,0.13687305527208157
2019,11,2019_11_ARI_SF,ARI,0.061259663768843696,0.15580375356997142,0.131649883382243
2019,13,2019_13_LA_ARI,ARI,0.06393060393978388,0.16381657408279196,0.14499847224570603
2019,14,2019_14_PIT_ARI,ARI,0.05878186252101957,0.14837034982649905,0.154998472245706
2019,15,2019_15_CLE_ARI,ARI,0.05050138331030779,0.12828578323030454,0.1560807233279571
2019,16,2019_16_ARI_SEA,ARI,0.05428926209818658,0.12035766483706985,0.13883934401761228
2019,17,2019_17_ARI_LA,ARI,0.07305144533405403,0.13083524768307375,0.15953826874879506
2020,1,2020_01_ARI_SF,ARI,,,
2020,2,2020_02_WAS_ARI,ARI,,,
2020,3,2020_03_DET_ARI,ARI,,,
2020,4,2020_04_ARI_CAR,ARI,,,
2020,5,2020_05_ARI_NYJ,ARI,,,
2020,6,2020_06_ARI_DAL,ARI,,,
2020,7,2020_07_SEA_ARI,ARI,0.07314118629908103,0.15612002980424033,0.06766754850088184
2020,9,2020_09_MIA_ARI,ARI,0.06566255382044855,0.1571884058726164,0.07211199294532629
2020,10,2020_10_BUF_ARI,ARI,0.06424772642939026,0.13822971883243532,0.0779453262786596
2020,11,2020_11_ARI_SEA,ARI,0.045200107381771215,0.12299162359434006,0.10263668430335098
2020,12,2020_12_ARI_NE,ARI,0.061329139639835724,0.1524888627689986,0.09848921886556294
2020,13,2020_13_LA_ARI,ARI,0.07124977456047064,0.15645711673725257,0.10920350457984866
2020,14,2020_14_ARI_NYG,ARI,0.06595006695813146,0.15737085942731105,0.12373954599761051
2020,15,2020_15_PHI_ARI,ARI,0.10120647721454172,0.18581637224782388,0.12243235645512686
2020,16,2020_16_SF_ARI,ARI,0.1050774449564772,0.1930206733230927,0.11189472204652469
2020,17,2020_17_ARI_LA,ARI,0.1250774449564772,0.206354006656426,0.08596879612059878
2021,1,2021_01_ARI_TEN,ARI,,,
2021,2,2021_02_MIN_ARI,ARI,,,
2021,3,2021_03_ARI_JAX,ARI,,,
2021,4,2021_04_ARI_LA,ARI,,,
2021,5,2021_05_SF_ARI,ARI,,,
2021,6,2021_06_ARI_CLE,ARI,,,
2021,7,2021_07_HOU_ARI,ARI,0.07627437869373353,0.17715348104805226,0.10938443432393825
2021,8,2021_08_GB_ARI,ARI,0.062268776452837175,0.1619807452870812,0.10130362624313018
2021,9,2021_09_ARI_SF,ARI,0.06160423631461282,0.1593225847341838,0.10003274752127106
2021,10,2021_10_CAR_ARI,ARI,0.06660924131961783,0.15742068283228192,0.11675166079190846
2021,11,2021_11_ARI_SEA,ARI,0.06660924131961783,0.15180136193319055,0.13927418331443098
2021,13,2021_13_ARI_CHI,ARI,0.07807877536979703,0.14750028666437334,0.13018897028184953
2021,14,2021_14_LA_ARI,ARI,0.06604173833276,0.1382410274051141,0.116218859820511
2021,15,2021_15_ARI_DET,ARI,0.07138933191564771,0.13393324368556567,0.10986965347130466
2021,16,2021_16_IND_ARI,ARI,0.0789081289081289,0.14615128879834763,0.1196735750399321
2021,17,2021_17_ARI_DAL,ARI,0.0715007215007215,0.1554105480576069,0.11462306998942706
2021,18,2021_18_SEA_ARI,ARI,0.075565762151128,0.16509490960710474,0.12151231217278691
2022,1,2022_01_KC_ARI,ARI,,,
2022,2,2022_02_ARI_LV,ARI,,,
2022,3,2022_03_LA_ARI,ARI,,,
2022,4,2022_04_ARI_CAR,ARI,,,
2022,5,2022_05_PHI_ARI,ARI,,,
2022,6,2022_06_ARI_SEA,ARI,,,
2022,7,2022_07_NO_ARI,ARI,0.05104400959664118,0.1540167191482981,0.10883221716555051
2022,8,2022_08_ARI_MIN,ARI,0.05104400959664118,0.1385797751399255,0.11444388944388945
2022,9,2022_09_SEA_ARI,ARI,0.059697855750487326,0.14787464693479732,0.11800163438094474
2022,10,2022_10_ARI_LA,ARI,0.06254685859949018,0.14823077229092266,0.10280555594957219
2022,11,2022_11_SF_ARI,ARI,0.06649985005248164,0.18541025947040982,0.10665170979572602
2022,12,2022_12_LAC_ARI,ARI,0.05772792022792023,0.18646894065613276,0.11350596664998287
2022,14,2022_14_NE_ARI,ARI,0.047400284900284896,0.19572819991539203,0.09299314613716236
2022,15,2022_15_ARI_DEN,ARI,0.05202991452991453,0.19015374791236858,0.07856313170714793
2022,16,2022_16_TB_ARI,ARI,0.07456293706293705,0.1971467549053756,0.0817747611865259
2022,17,2022_17_ARI_ATL,ARI,0.0653036778036778,0.17862823638685707,0.09419306184012066
2022,18,2022_18_ARI_SF,ARI,0.05897651730985065,0.1471467549053756,0.10203619909502264
2023,1,2023_01_ARI_WAS,ARI,,,
2023,2,2023_02_NYG_ARI,ARI,,,
2023,3,2023_03_DAL_ARI,ARI,,,
2023,4,2023_04_ARI_SF,ARI,,,
2023,5,2023_05_CIN_ARI,ARI,,,
2023,6,2023_06_ARI_LA,ARI,,,
2023,7,2023_07_ARI_SEA,ARI,0.08376189269046412,0.0992664278378564,0.07418061826663977
2023,8,2023_08_BAL_ARI,ARI,0.06955537848394991,0.0850599136313422,0.07790085636187787
2023,9,2023_09_ARI_CLE,ARI,0.07856075482803593,0.09527496739478307,0.07130230378631379
2023,10,2023_10_ATL_ARI,ARI,0.0760005909775495,0.10090732786585321,0.09125179873580874
2023,11,2023_11_ARI_HOU,ARI,0.08842483340179193,0.12666490362342897,0.08456415121417223
2023,12,2023_12_LA_ARI,ARI,0.09409376764215473,0.13290073128782806,0.07567526232528336
2023,13,2023_13_ARI_PIT,ARI,0.07557524912363622,0.1295337279208247,0.0688210054710265
2023,15,2023_15_SF_ARI,ARI,0.06275473630312339,0.14757741263117607,0.05857234955704801
2023,16,2023_16_ARI_CHI,ARI,0.04124935995903738,0.1266480731534495,0.07205599235103562
2023,17,2023_17_ARI_PHI,ARI,0.04182539682539682,0.11109507776174443,0.0513294966245399
2023,18,2023_18_SEA_ARI,ARI,0.02182539682539682,0.09165063331729999,0.069003586408916
2024,1,2024_01_ARI_BUF,ARI,,,
2024,2,2024_02_LA_ARI,ARI,,,
2024,3,2024_03_DET_ARI,ARI,,,
2024,4,2024_04_WAS_ARI,ARI,,,
2024,5,2024_05_ARI_SF,ARI,,,
2024,6,2024_06_ARI_GB,ARI,,,
2024,7,2024_07_LAC_ARI,ARI,0.06171734234234235,0.11852386660854403,0.11618880823287188
2024,8,2024_08_ARI_MIA,ARI,0.06028877091377091,0.1263016443863218,0.11113830318236684
2024,9,2024_09_CHI_ARI,ARI,0.03852060852060852,0.09224715720683463,0.08113830318236682
2024,10,2024_10_NYJ_ARI,ARI,0.04646387093195603,0.11082871749052257,0.08012718083656299
2024,12,2024_12_ARI_SEA,ARI,0.05962176566879814,0.12738219796590458,0.08542659790068592
2024,13,2024_13_ARI_MIN,ARI,0.07376090480793727,0.1326374532211598,0.10593941841350644
2024,14,2024_14_SEA_ARI,ARI,0.09690905295608543,0.1592578235915302,0.10389263478777545
2024,15,2024_15_NE_ARI,ARI,0.08500429105132352,0.14259115692486352,0.1102464959803463
2024,16,2024_16_ARI_CAR,ARI,0.09406412011115257,0.14310397743768405,0.11107982931367966
2024,17,2024_17_ARI_LA,ARI,0.09002890367681655,0.1284304631310076,0.09658707569049126
2024,18,2024_18_SF_ARI,ARI,0.07687100893997446,0.11691730523627075,0.10951042684913652
2016,1,2016_01_TB_ATL,ATL,,,
2016,2,2016_02_ATL_OAK,ATL,,,
2016,3,2016_03_ATL_NO,ATL,,,
2016,4,2016_04_CAR_ATL,ATL,,,
2016,5,2016_05_ATL_DEN,ATL,,,
2016,6,2016_06_ATL_SEA,ATL,,,
2016,7,2016_07_SD_ATL,ATL,0.04168511150623111,0.1274529144972718,0.04508377425044091
2016,8,2016_08_GB_ATL,ATL,0.05529055368310185,0.11661107776257794,0.06523029439696106
2016,9,2016_09_ATL_TB,ATL,0.06386248722852426,0.12562486355260974,0.0735636277302944
2016,10,2016_10_ATL_PHI,ATL,0.06444605398856161,0.1365959186413119,0.08943664360331027
2016,12,2016_12_ARI_ATL,ATL,0.06988465047978969,0.11870118179920663,0.0728768145434812
2016,13,2016_13_KC_ATL,ATL,0.0524388510217951,0.1214958972463611,0.09668633835300501
2016,14,2016_14_ATL_LA,ATL,0.05446314251977082,0.105976329095214,0.10706793206793207
2016,15,2016_15_SF_ATL,ATL,0.05222133670653643,0.1082954385571806,0.08950940363983843
2016,16,2016_16_ATL_CAR,ATL,0.04955002427912644,0.10155908547936411,0.10617607030650507
2016,17,2016_17_NO_ATL,ATL,0.05042148397411555,0.09349808330071487,0.10479580805667761
2017,1,2017_01_ATL_CHI,ATL,,,
2017,2,2017_02_GB_ATL,ATL,,,
2017,3,2017_03_ATL_DET,ATL,,,
2017,4,2017_04_BUF_ATL,ATL,,,
2017,6,2017_06_MIA_ATL,ATL,,,
2017,7,2017_07_ATL_NE,ATL,,,
2017,8,2017_08_ATL_NYJ,ATL,0.06399479159916031,0.11610677379131518,0.09085235490159088
2017,9,2017_09_ATL_CAR,ATL,0.06273216533653404,0.10600576369030508,0.11995921295581735
2017,10,2017_10_DAL_ATL,ATL,0.06013957274394146,0.10440082541870015,0.12200599658154836
2017,11,2017_11_ATL_SEA,ATL,0.0881350934606268,0.1225979138845456,0.11949973091738796
2017,12,2017_12_TB_ATL,ATL,0.07703426089818459,0.13647395458759834,0.11547396602205784
2017,13,2017_13_MIN_ATL,ATL,0.08073796460188831,0.15600257411621785,0.10121496648956603
2017,14,2017_14_NO_ATL,ATL,0.08040194309651195,0.15566655261084153,0.10196168094595791
2017,15,2017_15_ATL_TB,ATL,0.07552206321663209,0.14140228834657728,0.07519400417828113
2017,16,2017_16_ATL_NO,ATL,0.07786440555897443,0.14392481086909978,0.07129536870069829
2017,17,2017_17_CAR_ATL,ATL,0.04852381269751042,0.11594537953213668,0.07436756532128201
2018,1,2018_01_ATL_PHI,ATL,,,
2018,2,2018_02_CAR_ATL,ATL,,,
2018,3,2018_03_NO_ATL,ATL,,,
2018,4,2018_04_CIN_ATL,ATL,,,
2018,5,2018_05_ATL_PIT,ATL,,,
2018,6,2018_06_TB_ATL,ATL,,,
2018,7,2018_07_NYG_ATL,ATL,0.03812140961077131,0.09891611614282193,0.03345205704026294
2018,9,2018_09_ATL_WAS,ATL,0.044616276570754544,0.11190585006278841,0.04337269196089786
2018,10,2018_10_ATL_CLE,ATL,0.04772815962184732,0.107636057039196,0.07670602529423119
2018,11,2018_11_DAL_ATL,ATL,0.04439482628851399,0.10096939037252933,0.07053318578805835
2018,12,2018_12_ATL_NO,ATL,0.04308763674603033,0.11556634026359687,0.06903393541324576
2018,13,2018_13_BAL_ATL,ATL,0.05697652563491922,0.11341116784980378,0.07403949714850717
2018,14,2018_14_ATL_GB,ATL,0.06130552996392355,0.11016441460305053,0.0725088849036092
2018,15,2018_15_ARI_ATL,ATL,0.06432017251344982,0.10230481081321419,0.08330253569726
2018,16,2018_16_ATL_CAR,ATL,0.0812478738265332,0.1201817290223583,0.07269647509119938
2018,17,2018_17_ATL_TB,ATL,0.0868975913406575,0.14278059907885546,0.07269647509119938
2019,1,2019_01_ATL_MIN,ATL,,,
2019,2,2019_02_PHI_ATL,ATL,,,
2019,3,2019_03_ATL_IND,ATL,,,
2019,4,2019_04_TEN_ATL,ATL,,,
2019,5,2019_05_ATL_HOU,ATL,,,
2019,6,2019_06_ATL_ARI,ATL,,,
2019,7,2019_07_LA_ATL,ATL,0.029152864679180473,0.10964003507863157,0.11660104838283551
2019,8,2019_08_SEA_ATL,ATL,0.014001349527665317,0.09249489951244337,0.1358505610534008
2019,10,2019_10_ATL_NO,ATL,0.019537480063795853,0.09074664776419163,0.1257495509523907
2019,11,2019_11_ATL_CAR,ATL,0.034382284382284384,0.10525407016635087,0.09797177317461292
2019,12,2019_12_TB_ATL,ATL,0.04953379953379953,0.11389604547499284,0.07476915879552797
2019,13,2019_13_NO_ATL,ATL,0.04953379953379953,0.11479792137686877,0.08457308036415541
2019,14,2019_14_CAR_ATL,ATL,0.04953379953379953,0.12017426546289027,0.0915973460091107
2019,15,2019_15_ATL_SF,ATL,0.06764974156278504,0.13237868956662788,0.07434145375321845
2019,16,2019_16_JAX_ATL,ATL,0.057260131173174654,0.11636137354931185,0.09398230672740476
2019,17,2019_17_ATL_TB,ATL,0.05191825083129431,0.1028286100165483,0.10092675117184922
2020,1,2020_01_SEA_ATL,ATL,,,
2020,2,2020_02_ATL_DAL,ATL,,,
2020,3,2020_03_CHI_ATL,ATL,,,
2020,4,2020_04_ATL_GB,ATL,,,
2020,5,2020_05_CAR_ATL,ATL,,,
2020,6,2020_06_ATL_MIN,ATL,,,
2020,7,2020_07_DET_ATL,ATL,0.03183953263416628,0.13819330881250386,0.13781042260208928
2020,8,2020_08_ATL_CAR,ATL,0.027453567721885574,0.12503541407566177,0.14495327974494643
2020,9,2020_09_DEN_ATL,ATL,0.040786901055218906,0.14503541407566176,0.15489646156312822
2020,11,2020_11_ATL_NO,ATL,0.03801542209326376,0.15127124174006085,0.13580555247221915
2020,12,2020_12_LV_ATL,ATL,0.05234423053971926,0.17842056300702916,0.11479415646082314
2020,13,2020_13_NO_ATL,ATL,0.0712836244791132,0.18262931721578338,0.11435323935323936
2020,14,2020_14_ATL_LAC,ATL,0.07555712875261747,0.1655353001217663,0.07233044733044733
2020,15,2020_15_TB_ATL,ATL,0.07048890263175978,0.15033062175919318,0.06775169275169275
2020,16,2020_16_ATL_KC,ATL,0.06423890263175978,0.14130284398141543,0.0526001776001776
2020,17,2020_17_ATL_TB,ATL,0.060837542087542086,0.12580775705775707,0.05296092796092796
2021,1,2021_01_PHI_ATL,ATL,,,
2021,2,2021_02_ATL_TB,ATL,,,
2021,3,2021_03_ATL_NYG,ATL,,,
2021,4,2021_04_WAS_ATL,ATL,,,
2021,5,2021_05_NYJ_ATL,ATL,,,
2021,7,2021_07_ATL_MIA,ATL,,,
2021,8,2021_08_CAR_ATL,ATL,0.04480990639527225,0.1124750722311698,0.07689062214924285
2021,9,2021_09_ATL_NO,ATL,0.04018027676564262,0.12321581297191053,0.06669558668824993
2021,10,2021_10_ATL_DAL,ATL,0.0310634676488335,0.1160933058494034,0.07951609950876275
2021,11,2021_11_NE_ATL,ATL,0.022054458639824498,0.1030945928506904,0.06447850552380034
2021,12,2021_12_ATL_JAX,ATL,0.03453393318826456,0.1070354795501978,0.05834823732456663
2021,13,2021_13_TB_ATL,ATL,0.028798002452333823,0.1059532284679467,0.055041359017688314
2021,14,2021_14_ATL_CAR,ATL,0.024732961801927317,0.09702608037293636,0.059098154149534156
2021,15,2021_15_ATL_SF,ATL,0.029362591431556947,0.09554459889145488,0.08051113832847578
2021,16,2021_16_DET_ATL,ATL,0.02565888772785324,0.09785941370626967,0.06769062550796297
2021,17,2021_17_ATL_BUF,ATL,0.02565888772785324,0.09785941370626967,0.06901970578441168
2021,18,2021_18_NO_ATL,ATL,0.014369889369889371,0.0927280508162861,0.061696473461179346
2022,1,2022_01_NO_ATL,ATL,,,
2022,2,2022_02_ATL_LA,ATL,,,
2022,3,2022_03_ATL_SEA,ATL,,,
2022,4,2022_04_CLE_ATL,ATL,,,
2022,5,2022_05_ATL_TB,ATL,,,
2022,6,2022_06_SF_ATL,ATL,,,
2022,7,2022_07_ATL_CIN,ATL,0.03347452803974543,0.11828566731375911,0.08498367574454531
2022,8,2022_08_CAR_ATL,ATL,0.027491622056839447,0.1105933596214514,0.09292018368105324
2022,9,2022_09_LAC_ATL,ATL,0.027491622056839447,0.1105933596214514,0.07628816704903661
2022,10,2022_10_ATL_CAR,ATL,0.020245245245245246,0.10022935557696204,0.061493481058698445
2022,11,2022_11_CHI_ATL,ATL,0.025419537184243068,0.08742979130680954,0.07324626727956977
2022,12,2022_12_ATL_WAS,ATL,0.05208620385090973,0.10818450828794161,0.08226005306960159
2022,13,2022_13_PIT_ATL,ATL,0.05208620385090973,0.106417099309504,0.06593122424077276
2022,15,2022_15_ATL_NO,ATL,0.04097509273979862,0.10800440089680559,0.07150822981777834
2022,16,2022_16_ATL_BAL,ATL,0.05234360410830999,0.11486840776081243,0.07230314237739678
2022,17,2022_17_ARI_ATL,ATL,0.05234360410830999,0.10711646977631632,0.07488250745676185
2022,18,2022_18_TB_ATL,ATL,0.05047619047619048,0.11528640441683918,0.05360591171208101
2023,1,2023_01_CAR_ATL,ATL,,,
2023,2,2023_02_GB_ATL,ATL,,,
2023,3,2023_03_ATL_DET,ATL,,,
2023,4,2023_04_ATL_JAX,ATL,,,
2023,5,2023_05_HOU_ATL,ATL,,,
2023,6,2023_06_WAS_ATL,ATL,,,
2023,7,2023_07_ATL_TB,ATL,0.05492216117216117,0.18819721944721945,0.07909271410761592
2023,8,2023_08_ATL_TEN,ATL,0.057699938949938946,0.181252775002775,0.08325938077428259
2023,9,2023_09_MIN_ATL,ATL,0.062042370711725546,0.22116179071824235,0.07995250246740429
2023,10,2023_10_ATL_ARI,ATL,0.07830253331335156,0.19196740786532293,0.08907599546186502
2023,12,2023_12_NO_ATL,ATL,0.07740967617049442,0.17024121738913245,0.0838676621285317
2023,13,2023_13_ATL_NYJ,ATL,0.08168318044399869,0.17353792068583573,0.07869167869167869
2023,14,2023_14_TB_ATL,ATL,0.06779429155510981,0.14377601592393097,0.11869167869167868
2023,15,2023_15_ATL_CAR,ATL,0.062238735999554255,0.12710934925726428,0.09819618319618317
2023,16,2023_16_IND_ATL,ATL,0.07000456634602976,0.09883376184189192,0.12134433134433135
2023,17,2023_17_ATL_CHI,ATL,0.07700021769789211,0.12133328916274654,0.11609180609180608
2023,18,2023_18_ATL_NO,ATL,0.08176212245979687,0.1356190034484608,0.1296053196053196
2024,1,2024_01_PIT_ATL,ATL,,,
2024,2,2024_02_ATL_PHI,ATL,,,
2024,3,2024_03_KC_ATL,ATL,,,
2024,4,2024_04_NO_ATL,ATL,,,
2024,5,2024_05_TB_ATL,ATL,,,
2024,6,2024_06_ATL_CAR,ATL,,,
2024,7,2024_07_SEA_ATL,ATL,0.029880848590526008,0.1168009919283264,0.08733896434474098
2024,8,2024_08_ATL_TB,ATL,0.022103070812748232,0.12346765859499305,0.07342401750296487
2024,9,2024_09_DAL_ATL,ATL,0.016726726726726728,0.09658593816488553,0.06784188034188035
2024,10,2024_10_ATL_NO,ATL,0.025985985985985987,0.09136276627504697,0.07072788322788323
2024,11,2024_11_ATL_DEN,ATL,0.02148148148148148,0.08451591942820014,0.06792204708871376
2024,13,2024_13_LAC_ATL,ATL,0.01971677559912854,0.09255513511447465,0.06792204708871376
2024,14,2024_14_ATL_MIN,ATL,0.047494553376906314,0.12384168482207697,0.04708871375538043
2024,15,2024_15_ATL_LV,ATL,0.0627723311546841,0.126966684822077,0.06151179067845735
2024,16,2024_16_NYG_ATL,ATL,0.07827620712367635,0.15022249877556534,0.09181482098148763
2024,17,2024_17_ATL_WAS,ATL,0.08092170976917899,0.1493406645603978,0.08387831304497972
2024,18,2024_18_CAR_ATL,ATL,0.10124691302121151,0.16299920114576363,0.07616226366226365
2016,1,2016_01_BUF_BAL,BAL,,,
2016,2,2016_02_BAL_CLE,BAL,,,
2016,3,2016_03_BAL_JAX,BAL,,,
2016,4,2016_04_OAK_BAL,BAL,,,
2016,5,2016_05_WAS_BAL,BAL,,,
2016,6,2016_06_BAL_NYG,BAL,,,
2016,7,2016_07_BAL_NYJ,BAL,0.051165146909827756,0.1334149499043116,0.1488335341764471
2016,9,2016_09_PIT_BAL,BAL,0.06814045555180308,0.14113099928702766,0.12693182477473766
2016,10,2016_10_CLE_BAL,BAL,0.061343765244474456,0.11827835941311117,0.10720557678762012
2016,11,2016_11_BAL_DAL,BAL,0.06451836841907764,0.11827835941311117,0.0882800578621012
2016,12,2016_12_CIN_BAL,BAL,0.06902287292358213,0.1408008819356337,0.09061923914865093
2016,13,2016_13_MIA_BAL,BAL,0.07485854052395562,0.1300632535509465,0.08228590581531758
2016,14,2016_14_BAL_NE,BAL,0.07906437921767161,0.1578547758996188,0.09392806267806268
2016,15,2016_15_PHI_BAL,BAL,0.05247368596031168,0.138386589764766,0.09392806267806268
2016,16,2016_16_BAL_PIT,BAL,0.049169366166630195,0.14314158654103934,0.10176282051282053
2016,17,2016_17_BAL_CIN,BAL,0.03012174711901114,0.1344835778830307,0.10409382284382285
2017,1,2017_01_BAL_CIN,BAL,,,
2017,2,2017_02_CLE_BAL,BAL,,,
2017,3,2017_03_BAL_JAX,BAL,,,
2017,4,2017_04_PIT_BAL,BAL,,,
2017,5,2017_05_BAL_OAK,BAL,,,
2017,6,2017_06_CHI_BAL,BAL,,,
2017,7,2017_07_BAL_MIN,BAL,0.08845500364896917,0.1970121473354232,0.10458714125380791
2017,8,2017_08_MIA_BAL,BAL,0.065306855500821,0.1853634018157099,0.10963764630431296
2017,9,2017_09_BAL_TEN,BAL,0.06483404226205033,0.1768527635178376,0.14639620937866551
2017,11,2017_11_BAL_GB,BAL,0.08096307452011485,0.1939593128824515,0.15274541572787184
2017,12,2017_12_HOU_BAL,BAL,0.09956426499630533,0.20115177319991182,0.1395708125532687
2017,13,2017_13_DET_BAL,BAL,0.09086989423296904,0.20660417520403793,0.14623747921993535
2017,14,2017_14_BAL_PIT,BAL,0.07263737600045081,0.1690666376665004,0.1223177261335156
2017,15,2017_15_BAL_CLE,BAL,0.079883752812045,0.17226127690602042,0.1021157059314954
2017,16,2017_16_IND_BAL,BAL,0.07779246348671313,0.18162661605859362,0.05825605680868839
2017,17,2017_17_CIN_BAL,BAL,0.07118724075245815,0.16365426582817888,0.0701608187134503
2018,1,2018_01_BUF_BAL,BAL,,,
2018,2,2018_02_BAL_CIN,BAL,,,
2018,3,2018_03_DEN_BAL,BAL,,,
2018,4,2018_04_BAL_PIT,BAL,,,
2018,5,2018_05_BAL_CLE,BAL,,,
2018,6,2018_06_BAL_TEN,BAL,,,
2018,7,2018_07_NO_BAL,BAL,0.13042983132268846,0.18951697969555115,0.13014069264069264
2018,8,2018_08_BAL_CAR,BAL,0.11016514976768432,0.16718447349207718,0.11596042846042846
2018,9,2018_09_PIT_BAL,BAL,0.11016514976768432,0.17281683396314731,0.0962995337995338
2018,11,2018_11_CIN_BAL,BAL,0.10005299679838849,0.15718896119241743,0.08781187947854614
2018,12,2018_12_OAK_BAL,BAL,0.10103760116645151,0.16452873920888714,0.09349369766036432
2018,13,2018_13_BAL_ATL,BAL,0.09719000356885392,0.15580126173140968,0.07250372272302096
2018,14,2018_14_BAL_KC,BAL,0.04280621531409792,0.14111970672727403,0.1050434052627035
2018,15,2018_15_TB_BAL,BAL,0.04635844265664785,0.16665734113587619,0.11501491523421348
2018,16,2018_16_BAL_LAC,BAL,0.052768699066904255,0.1643827340225594,0.11248966270896095
2018,17,2018_17_CLE_BAL,BAL,0.06562750112431258,0.1724298553100988,0.11056065036328194
2019,1,2019_01_BAL_MIA,BAL,,,
2019,2,2019_02_ARI_BAL,BAL,,,
2019,3,2019_03_BAL_KC,BAL,,,
2019,4,2019_04_CLE_BAL,BAL,,,
2019,5,2019_05_BAL_PIT,BAL,,,
2019,6,2019_06_CIN_BAL,BAL,,,
2019,7,2019_07_BAL_SEA,BAL,0.04842423524628275,0.16353431504667063,0.14588192005614872
2019,9,2019_09_NE_BAL,BAL,0.038106774928822425,0.13813748964984524,0.12878790296213163
2019,10,2019_10_BAL_CIN,BAL,0.033687583009630505,0.14255668156903714,0.09848487265910133
2019,11,2019_11_HOU_BAL,BAL,0.039718284764016475,0.13871896227079153,0.09765153932576802
2019,12,2019_12_BAL_LA,BAL,0.06619931124504295,0.17871350226533153,0.08874349334875652
2019,13,2019_13_SF_BAL,BAL,0.06953798645871817,0.19300303217986145,0.08971815221815221
2019,14,2019_14_BAL_BUF,BAL,0.07590065878109357,0.19441695936261158,0.08930764318695354
2019,15,2019_15_NYJ_BAL,BAL,0.09367153524762221,0.2025260000803479,0.08707798878338607
2019,16,2019_16_BAL_CLE,BAL,0.09162905158749148,0.19721554256400806,0.08707798878338607
2019,17,2019_17_PIT_BAL,BAL,0.08597428968272958,0.1850131616116271,0.1008937782570703
2020,1,2020_01_CLE_BAL,BAL,,,
2020,2,2020_02_BAL_HOU,BAL,,,
2020,3,2020_03_KC_BAL,BAL,,,
2020,4,2020_04_BAL_WAS,BAL,,,
2020,5,2020_05_CIN_BAL,BAL,,,
2020,6,2020_06_BAL_PHI,BAL,,,
2020,8,2020_08_PIT_BAL,BAL,0.0875782794990112,0.2439419384541336,0.07564719816459221
2020,9,2020_09_BAL_IND,BAL,0.08925211976682566,0.2440614984732632,0.10072435865841937
2020,10,2020_10_BAL_NE,BAL,0.07258545310015899,0.20580392271568745,0.09092043708979192
2020,11,2020_11_TEN_BAL,BAL,0.08135738292472039,0.21624669631635574,0.097261766011766
2020,12,2020_12_BAL_PIT,BAL,0.08074463782668118,0.2193104218065519,0.0840583028083028
2020,13,2020_13_DAL_BAL,BAL,0.04921310629514963,0.17135069737623917,0.07453449328449328
2020,14,2020_14_BAL_CLE,BAL,0.03178113350603399,0.12932972231954984,0.07810592185592186
2020,15,2020_15_JAX_BAL,BAL,0.021977211937406538,0.12182672111906963,0.05280830280830281
2020,16,2020_16_NYG_BAL,BAL,0.04648701585897517,0.14366272824919443,0.07553557553557554
2020,17,2020_17_BAL_CIN,BAL,0.05899168177909461,0.15635403097409176,0.05844155844155844
2021,1,2021_01_BAL_LV,BAL,,,
2021,2,2021_02_KC_BAL,BAL,,,
2021,3,2021_03_BAL_DET,BAL,,,
2021,4,2021_04_BAL_DEN,BAL,,,
2021,5,2021_05_IND_BAL,BAL,,,
2021,6,2021_06_LAC_BAL,BAL,,,
2021,7,2021_07_CIN_BAL,BAL,0.05531886733884079,0.15681878449891443,0.15834410687351863
2021,9,2021_09_MIN_BAL,BAL,0.05111779534115862,0.16268579884050505,0.17024886877828052
2021,10,2021_10_BAL_MIA,BAL,0.05111779534115862,0.18227105229672624,0.16793405396346572
2021,11,2021_11_BAL_CHI,BAL,0.05727694784177454,0.2048135504489805,0.16456705059646234
2021,12,2021_12_CLE_BAL,BAL,0.050593572737346805,0.19186451118415174,0.16162587412587412
2021,13,2021_13_BAL_PIT,BAL,0.054321642912785406,0.18199609013152018,0.1752005347593583
2021,14,2021_14_BAL_CLE,BAL,0.051242066662477444,0.1808874426814093,0.14686720142602497
2021,15,2021_15_GB_BAL,BAL,0.04696856238897317,0.160454750373717,0.1305836765218104
2021,16,2021_16_BAL_CIN,BAL,0.06167444474191435,0.13944634701237246,0.10252812096625484
2021,17,2021_17_LA_BAL,BAL,0.05561836377294139,0.10700898182239403,0.09531311375124762
2021,18,2021_18_PIT_BAL,BAL,0.0469649735406038,0.09432524545444713,0.09531311375124762
2022,1,2022_01_BAL_NYJ,BAL,,,
2022,2,2022_02_MIA_BAL,BAL,,,
2022,3,2022_03_BAL_NE,BAL,,,
2022,4,2022_04_BUF_BAL,BAL,,,
2022,5,2022_05_CIN_BAL,BAL,,,
2022,6,2022_06_BAL_NYG,BAL,,,
2022,7,2022_07_CLE_BAL,BAL,0.06438915445956293,0.12058208213206716,0.07167369456743271
2022,8,2022_08_BAL_TB,BAL,0.08236630499719734,0.12243020041163705,0.07575866188769415
2022,9,2022_09_BAL_NO,BAL,0.08973662901332861,0.1371708484438996,0.06765681003584229
2022,11,2022_11_CAR_BAL,BAL,0.09545558326169462,0.14806409463126344,0.08392665130568355
2022,12,2022_12_BAL_JAX,BAL,0.10896909677520812,0.15256859913576795,0.09020116110960513
2022,13,2022_13_DEN_BAL,BAL,0.1116842179113819,0.1544482983838882,0.11559798650643054
2022,14,2022_14_BAL_PIT,BAL,0.10406773045618477,0.1553443557315585,0.12327847805788981
2022,15,2022_15_BAL_CLE,BAL,0.08812707389052821,0.15455521431741706,0.11772292250233428
2022,16,2022_16_ATL_BAL,BAL,0.09361780827625231,0.15478399491682224,0.12245777098718276
2022,17,2022_17_PIT_BAL,BAL,0.08353377466280693,0.13965794449665417,0.11538706391647569
2022,18,2022_18_BAL_CIN,BAL,0.07701000951835212,0.16435505540066161,0.1039093020800338
2023,1,2023_01_HOU_BAL,BAL,,,
2023,2,2023_02_BAL_CIN,BAL,,,
2023,3,2023_03_IND_BAL,BAL,,,
2023,4,2023_04_BAL_CLE,BAL,,,
2023,5,2023_05_BAL_PIT,BAL,,,
2023,6,2023_06_BAL_TEN,BAL,,,
2023,7,2023_07_DET_BAL,BAL,0.10557445200302344,0.18321365583270344,0.0822087828266318
2023,8,2023_08_BAL_ARI,BAL,0.10269194306724572,0.17179892044702375,0.0749624060150376
2023,9,2023_09_SEA_BAL,BAL,0.10705702243232508,0.1811243172724206,0.0951644262170578
2023,10,2023_10_CLE_BAL,BAL,0.11088355304456998,0.18154948734044782,0.1078628389154705
2023,11,2023_11_CIN_BAL,BAL,0.11131090347192041,0.18240418819514861,0.072367343419975
2023,12,2023_12_BAL_LAC,BAL,0.12057016273117967,0.2009227067136672,0.05570067675330833
2023,14,2023_14_LA_BAL,BAL,0.09417142356648307,0.1675631059781799,0.06447260657786974
2023,15,2023_15_BAL_JAX,BAL,0.08762288735692991,0.1828430238004706,0.0811392732445364
2023,16,2023_16_BAL_SF,BAL,0.08307743281147537,0.16882787228531912,0.08054509617977111
2023,17,2023_17_MIA_BAL,BAL,0.07557743281147537,0.17799453895198578,0.06758213321680813
2023,18,2023_18_PIT_BAL,BAL,0.07038817762222017,0.15967952063696744,0.07641096204563697
2024,1,2024_01_BAL_KC,BAL,,,
2024,2,2024_02_LV_BAL,BAL,,,
2024,3,2024_03_BAL_DAL,BAL,,,
2024,4,2024_04_BUF_BAL,BAL,,,
2024,5,2024_05_BAL_CIN,BAL,,,
2024,6,2024_06_WAS_BAL,BAL,,,
2024,7,2024_07_BAL_TB,BAL,0.07918806649546804,0.19468211397165966,0.0684415553661078
2024,8,2024_08_BAL_CLE,BAL,0.07807695538435692,0.17468211397165967,0.07121933314388558
2024,9,2024_09_DEN_BAL,BAL,0.06627286799887419,0.16631354455657862,0.07803945249597423
2024,10,2024_10_CIN_BAL,BAL,0.07488815621942556,0.16741003578464878,0.08359500805152979
2024,11,2024_11_BAL_PIT,BAL,0.06851560719981774,0.1643054606212501,0.06910225442834138
2024,12,2024_12_BAL_LAC,BAL,0.07327751196172248,0.15775784157363104,0.07196173155252437
2024,13,2024_13_PHI_BAL,BAL,0.07678628389154706,0.1562227538543328,0.07936913895993179
2024,15,2024_15_BAL_NYG,BAL,0.08265929976456292,0.15876243639401533,0.09351055310134593
2024,16,2024_16_PIT_BAL,BAL,0.08758354218880536,0.16141395154553048,0.06561200237670826
2024,17,2024_17_BAL_HOU,BAL,0.08392857142857142,0.16263227513227513,0.0739453357100416
2024,18,2024_18_CLE_BAL,BAL,0.09811776061776062,0.16706170456170455,0.09355317884729648
2016,1,2016_01_BUF_BAL,BUF,,,
2016,2,2016_02_NYJ_BUF,BUF,,,
2016,3,2016_03_ARI_BUF,BUF,,,
2016,4,2016_04_BUF_NE,BUF,,,
2016,5,2016_05_BUF_LA,BUF,,,
2016,6,2016_06_SF_BUF,BUF,,,
2016,7,2016_07_BUF_MIA,BUF,0.08900016087516088,0.16594675032175032,0.09596996234927269
2016,8,2016_08_NE_BUF,BUF,0.0771549823633157,0.1484292328042328,0.0921952817453238
2016,9,2016_09_BUF_SEA,BUF,0.09432290216281443,0.17837910749094957,0.10467515292084716
2016,11,2016_11_BUF_CIN,BUF,0.10166417200408429,0.1904822820941242,0.10341252665822087
2016,12,2016_12_JAX_BUF,BUF,0.08878538412529641,0.16472470633654845,0.08545517536753626
2016,13,2016_13_BUF_OAK,BUF,0.08164252698243928,0.16472470633654843,0.08747443600748656
2016,14,2016_14_PIT_BUF,BUF,0.06601752698243928,0.13752563226247436,0.06961729315034369
2016,15,2016_15_CLE_BUF,BUF,0.05984468747626642,0.12438345782997735,0.06545546581778465
2016,16,2016_16_MIA_BUF,BUF,0.06316738816738816,0.11016229887197627,0.0754623671290338
2016,17,2016_17_BUF_NYJ,BUF,0.040945165945165944,0.08238452109419851,0.07034540806470631
2017,1,2017_01_NYJ_BUF,BUF,,,
2017,2,2017_02_BUF_CAR,BUF,,,
2017,3,2017_03_DEN_BUF,BUF,,,
2017,4,2017_04_BUF_ATL,BUF,,,
2017,5,2017_05_BUF_CIN,BUF,,,
2017,7,2017_07_TB_BUF,BUF,,,
2017,8,2017_08_OAK_BUF,BUF,0.05409291430129117,0.14165479477746248,0.11637244869628677
2017,9,2017_09_BUF_NYJ,BUF,0.05002787365088466,0.12473095206964764,0.14018197250581058
2017,10,2017_10_NO_BUF,BUF,0.03164859211370839,0.12577522942971447,0.11695316878920199
2017,11,2017_11_BUF_LAC,BUF,0.020020685136964207,0.11306205113514084,0.12359568086649668
2017,12,2017_12_BUF_KC,BUF,0.020530681056996847,0.10837008867084054,0.11965479416698928
2017,13,2017_13_NE_BUF,BUF,0.024798106377053746,0.11666786012650675,0.1449959247712778
2017,14,2017_14_IND_BUF,BUF,0.03624591782486519,0.11969816315680977,0.13928163905699206
2017,15,2017_15_MIA_BUF,BUF,0.04349229463645939,0.13078955623578048,0.12634168046485955
2017,16,2017_16_BUF_NE,BUF,0.04517117131533607,0.11506916551538977,0.13369746830845228
2017,17,2017_17_BUF_MIA,BUF,0.05628228242644719,0.11951360995983422,0.12858050924412479
2018,1,2018_01_BUF_BAL,BUF,,,
2018,2,2018_02_LAC_BUF,BUF,,,
2018,3,2018_03_BUF_MIN,BUF,,,
2018,4,2018_04_BUF_GB,BUF,,,
2018,5,2018_05_TEN_BUF,BUF,,,
2018,6,2018_06_BUF_HOU,BUF,,,
2018,7,2018_07_BUF_IND,BUF,0.08593025048029253,0.16563071542045468,0.1609913901458019
2018,8,2018_08_NE_BUF,BUF,0.07780016917947953,0.16386330644201708,0.1545414417453891
2018,9,2018_09_CHI_BUF,BUF,0.07325036075036075,0.14901656314699793,0.14864400584795323
2018,10,2018_10_BUF_NYJ,BUF,0.07007575757575758,0.16131815044858522,0.16086622807017545
2018,12,2018_12_JAX_BUF,BUF,0.07565276315276315,0.18148117061160537,0.1718615984405458
2018,13,2018_13_BUF_MIA,BUF,0.08297877047877049,0.1965910607214955,0.16228894886789624
2018,14,2018_14_NYJ_BUF,BUF,0.06614375364375365,0.1965910607214955,0.1568541662592006
2018,15,2018_15_DET_BUF,BUF,0.06614375364375365,0.1820983070983071,0.1683876295470498
2018,16,2018_16_BUF_NE,BUF,0.05919930919930919,0.1904316404316404,0.18069532185474213
2018,17,2018_17_MIA_BUF,BUF,0.05767305767305767,0.17791637791637793,0.15133361972708256
2019,1,2019_01_BUF_NYJ,BUF,,,
2019,2,2019_02_BUF_NYG,BUF,,,
2019,3,2019_03_CIN_BUF,BUF,,,
2019,4,2019_04_NE_BUF,BUF,,,
2019,5,2019_05_BUF_TEN,BUF,,,
2019,7,2019_07_MIA_BUF,BUF,,,
2019,8,2019_08_PHI_BUF,BUF,0.06238169901404073,0.1472674781217878,0.14851995124687725
2019,9,2019_09_WAS_BUF,BUF,0.06640746390937084,0.14914616840627518,0.1445516972786233
2019,10,2019_10_BUF_CLE,BUF,0.08842530114459939,0.16391762882990954,0.15071111756847835
2019,11,2019_11_BUF_MIA,BUF,0.08798670465337133,0.1674264007597341,0.132492494086697
2019,12,2019_12_DEN_BUF,BUF,0.10999928326972352,0.19121288681037107,0.14364076610453422
2019,13,2019_13_BUF_DAL,BUF,0.10212359148598577,0.17631292938167806,0.12875332964847033
2019,14,2019_14_BAL_BUF,BUF,0.10983964086870181,0.16705367012241876,0.11296385596425979
2019,15,2019_15_BUF_PIT,BUF,0.0977313787604397,0.17465101105309302,0.1082741012745051
2019,16,2019_16_BUF_NE,BUF,0.08796336899242994,0.17678776318984515,0.1175908714608405
2019,17,2019_17_NYJ_BUF,BUF,0.0796300356590966,0.17972893966043338,0.10147365534362439
2020,1,2020_01_NYJ_BUF,BUF,,,
2020,2,2020_02_BUF_MIA,BUF,,,
2020,3,2020_03_LA_BUF,BUF,,,
2020,4,2020_04_BUF_LV,BUF,,,
2020,5,2020_05_BUF_TEN,BUF,,,
2020,6,2020_06_KC_BUF,BUF,,,
2020,7,2020_07_BUF_NYJ,BUF,0.04590484214704612,0.12988390033528455,0.07708954958795113
2020,8,2020_08_NE_BUF,BUF,0.06722970603089368,0.152569925743633,0.0851703576687592
2020,9,2020_09_SEA_BUF,BUF,0.06933054636702812,0.14965209194344628,0.09497427923738665
2020,10,2020_10_BUF_ARI,BUF,0.07792267887220411,0.1609357358357858,0.12898163217856312
2020,12,2020_12_LAC_BUF,BUF,0.08496201634632418,0.16549060126021645,0.11851464345070484
2020,13,2020_13_BUF_SF,BUF,0.09389058777489562,0.1744191726887879,0.1573218329931885
2020,14,2020_14_PIT_BUF,BUF,0.08771774826872279,0.17964234457862646,0.17026179158532098
2020,15,2020_15_BUF_DEN,BUF,0.057508493921537396,0.16077998088867654,0.14976268285091812
2020,16,2020_16_BUF_NE,BUF,0.059889446302489775,0.1500656951743908,0.1399587612822907
2020,17,2020_17_MIA_BUF,BUF,0.0626068376068376,0.14493284493284492,0.11463196389666978
2021,1,2021_01_PIT_BUF,BUF,,,
2021,2,2021_02_BUF_MIA,BUF,,,
2021,3,2021_03_WAS_BUF,BUF,,,
2021,4,2021_04_HOU_BUF,BUF,,,
2021,5,2021_05_BUF_KC,BUF,,,
2021,6,2021_06_BUF_TEN,BUF,,,
2021,8,2021_08_MIA_BUF,BUF,0.0632563025210084,0.13831981068289387,0.13846111215676432
2021,9,2021_09_BUF_JAX,BUF,0.06138888888888888,0.1327175697865353,0.12914434197042893
2021,10,2021_10_BUF_NYJ,BUF,0.05249999999999999,0.11827312534209085,0.13500853950129313
2021,11,2021_11_IND_BUF,BUF,0.049305555555555554,0.12924534756431308,0.13864490313765676
2021,12,2021_12_BUF_NO,BUF,0.02847222222222222,0.12507868089764643,0.13099594983652954
2021,13,2021_13_NE_BUF,BUF,0.03262085137085138,0.12949787281683833,0.12925681940174694
2021,14,2021_14_BUF_TB,BUF,0.03262085137085138,0.11225649350649351,0.13489834100071535
2021,15,2021_15_CAR_BUF,BUF,0.03162878787878788,0.10233585858585859,0.13189984025109017
2021,16,2021_16_BUF_NE,BUF,0.036021552736669016,0.10336945031712474,0.11770230938689263
2021,17,2021_17_ATL_BUF,BUF,0.03759983556495184,0.09926591496358939,0.08739927908386232
2021,18,2021_18_NYJ_BUF,BUF,0.0673617403268566,0.13021829591597034,0.09168122901798618
2022,1,2022_01_BUF_LA,BUF,,,
2022,2,2022_02_TEN_BUF,BUF,,,
2022,3,2022_03_BUF_MIA,BUF,,,
2022,4,2022_04_BUF_BAL,BUF,,,
2022,5,2022_05_PIT_BUF,BUF,,,
2022,6,2022_06_BUF_KC,BUF,,,
2022,8,2022_08_GB_BUF,BUF,0.08374908776727981,0.1640668362020575,0.10066349772232125
2022,9,2022_09_BUF_NYJ,BUF,0.06986019887839091,0.1328168362020575,0.102156926635105
2022,10,2022_10_MIN_BUF,BUF,0.06938536507022379,0.13210458548980678,0.07492381116669541
2022,11,2022_11_CLE_BUF,BUF,0.0665795289310543,0.14473084811606943,0.09531596802944052
2022,12,2022_12_BUF_DET,BUF,0.05970280975125936,0.1426053167332237,0.11862599133946383
2022,13,2022_13_BUF_NE,BUF,0.05915890920735881,0.15985473398264097,0.12200665394933535
2022,14,2022_14_NYJ_BUF,BUF,0.052035506735119134,0.1429890310704264,0.14581617775885916
2022,15,2022_15_MIA_BUF,BUF,0.05469073549328907,0.14829948858676628,0.16536651988984646
2022,16,2022_16_BUF_CHI,BUF,0.0524460665819535,0.14493248521976293,0.15556259832121902
2022,18,2022_18_NE_BUF,BUF,0.05121149868071893,0.13937692966420737,0.15004535694190865
2023,1,2023_01_BUF_NYJ,BUF,,,
2023,2,2023_02_LV_BUF,BUF,,,
2023,3,2023_03_BUF_WAS,BUF,,,
2023,4,2023_04_MIA_BUF,BUF,,,
2023,5,2023_05_JAX_BUF,BUF,,,
2023,6,2023_06_NYG_BUF,BUF,,,
2023,7,2023_07_BUF_NE,BUF,0.10880213353897565,0.2125726174410385,0.13317915692000115
2023,8,2023_08_TB_BUF,BUF,0.09417847762499715,0.18741132711845784,0.12270296644381068
2023,9,2023_09_BUF_CIN,BUF,0.10504804284238844,0.20975432228753998,0.08936963311047734
2023,10,2023_10_DEN_BUF,BUF,0.06927806233556584,0.17057303573783236,0.09170063544147966
2023,11,2023_11_NYJ_BUF,BUF,0.07281341587091937,0.16842657109136772,0.07843028006586113
2023,12,2023_12_BUF_PHI,BUF,0.07999917305667657,0.16821207087686751,0.07142937672349438
2023,14,2023_14_BUF_KC,BUF,0.07727967033717384,0.1518950545598512,0.057642612017612026
2023,15,2023_15_DAL_BUF,BUF,0.07569120503903112,0.15690482973091668,0.05356853794353794
2023,16,2023_16_BUF_LAC,BUF,0.07833515333515334,0.1476999726999727,0.0702352046102046
2023,17,2023_17_NE_BUF,BUF,0.09656127419285314,0.1517935399514347,0.06742936847103514
2023,18,2023_18_BUF_MIA,BUF,0.09360063330117778,0.16241701609215223,0.07704475308641975
2024,1,2024_01_ARI_BUF,BUF,,,
2024,2,2024_02_BUF_MIA,BUF,,,
2024,3,2024_03_JAX_BUF,BUF,,,
2024,4,2024_04_BUF_BAL,BUF,,,
2024,5,2024_05_BUF_HOU,BUF,,,
2024,6,2024_06_BUF_NYJ,BUF,,,
2024,7,2024_07_TEN_BUF,BUF,0.06928230197315752,0.14938531582607698,0.11086870645694175
2024,8,2024_08_BUF_SEA,BUF,0.06186258990228266,0.1643354819390338,0.13223622782446312
2024,9,2024_09_MIA_BUF,BUF,0.0592880641570252,0.17178805646477904,0.13223622782446312
2024,10,2024_10_BUF_IND,BUF,0.04869532131276106,0.15060257077625075,0.14836526008252762
2024,11,2024_11_KC_BUF,BUF,0.05745600507344482,0.15124359641727642,0.14390893209678787
2024,13,2024_13_SF_BUF,BUF,0.06270631032375007,0.1589359041095841,0.11414702733488313
2024,14,2024_14_BUF_LA,BUF,0.06621508225357463,0.14533941288151392,0.1229653694865586
2024,15,2024_15_BUF_DET,BUF,0.05458717527683044,0.12324638962569996,0.1110606075817967
2024,16,2024_16_NE_BUF,BUF,0.05709613585030715,0.12235033227802972,0.08295603241839801
2024,17,2024_17_NYJ_BUF,BUF,0.060120939238086944,0.1283999390535893,0.07793811127144461
2024,18,2024_18_BUF_NE,BUF,0.06057078179319266,0.12907470288624787,0.07865961199294531
2016,1,2016_01_CAR_DEN,CAR,,,
2016,2,2016_02_SF_CAR,CAR,,,
2016,3,2016_03_MIN_CAR,CAR,,,
2016,4,2016_04_CAR_ATL,CAR,,,
2016,5,2016_05_TB_CAR,CAR,,,
2016,6,2016_06_CAR_NO,CAR,,,
2016,8,2016_08_ARI_CAR,CAR,0.05772214627477785,0.12077181590339485,0.11968502037467554
2016,9,2016_09_CAR_LA,CAR,0.07005980861244018,0.13927830940988836,0.16393789393789396
2016,10,2016_10_KC_CAR,CAR,0.07462121212121212,0.1406818181818182,0.14810078986549577
2016,11,2016_11_NO_CAR,CAR,0.0754148629148629,0.14782467532467533,0.12143412319882908
2016,12,2016_12_CAR_OAK,CAR,0.07355316078720332,0.13284240582112924,0.10810078986549575
2016,13,2016_13_CAR_SEA,CAR,0.06751719133659974,0.1380160939216466,0.10795548326857625
2016,14,2016_14_SD_CAR,CAR,0.0760886199080283,0.13388910979466248,0.12300748107919474
2016,15,2016_15_CAR_WAS,CAR,0.07036471418412259,0.12715510306065572,0.10634081441252807
2016,16,2016_16_ATL_CAR,CAR,0.060503603073011475,0.10729399194954463,0.12217791848492628
2016,17,2016_17_CAR_TB,CAR,0.0666168591862676,0.12402500868056136,0.1430112518182596
2017,1,2017_01_CAR_SF,CAR,,,
2017,2,2017_02_BUF_CAR,CAR,,,
2017,3,2017_03_NO_CAR,CAR,,,
2017,4,2017_04_CAR_NE,CAR,,,
2017,5,2017_05_CAR_DET,CAR,,,
2017,6,2017_06_PHI_CAR,CAR,,,
2017,7,2017_07_CAR_CHI,CAR,0.09046514122733634,0.1812243819865771,0.15653818523765128
2017,8,2017_08_CAR_TB,CAR,0.13397718473937986,0.20764240840460355,0.1646578433573094
2017,9,2017_09_ATL_CAR,CAR,0.1283151638334565,0.2003834072431633,0.15082385126244777
2017,10,2017_10_MIA_CAR,CAR,0.13109294161123428,0.21149451835427446,0.1261324932377564
2017,12,2017_12_CAR_NYJ,CAR,0.12067627494456762,0.1961979718077279,0.13800039829451594
2017,13,2017_13_CAR_NO,CAR,0.1091065438626414,0.19317524927281027,0.12560723590135356
2017,14,2017_14_MIN_CAR,CAR,0.10321428797038552,0.18054898664654762,0.1196548549489726
2017,15,2017_15_GB_CAR,CAR,0.062216070501579825,0.1460867168901602,0.1321701174642351
2017,16,2017_16_TB_CAR,CAR,0.06043761521702698,0.1349925434484258,0.11701860231271995
2017,17,2017_17_CAR_ATL,CAR,0.08240731218672395,0.13196224041812277,0.13785193564605328
2018,1,2018_01_DAL_CAR,CAR,,,
2018,2,2018_02_CAR_ATL,CAR,,,
2018,3,2018_03_CIN_CAR,CAR,,,
2018,5,2018_05_NYG_CAR,CAR,,,
2018,6,2018_06_CAR_WAS,CAR,,,
2018,7,2018_07_CAR_PHI,CAR,,,
2018,8,2018_08_BAL_CAR,CAR,0.06887005271151612,0.12316403109086034,0.16240560466103945
2018,9,2018_09_TB_CAR,CAR,0.04754500095168176,0.10566920707429721,0.16643136955636958
2018,10,2018_10_CAR_PIT,CAR,0.05890863731531812,0.13543111183620196,0.1641992266992267
2018,11,2018_11_CAR_DET,CAR,0.05791657382325462,0.13344698485207498,0.16078042328042327
2018,12,2018_12_SEA_CAR,CAR,0.05802903446203106,0.12928594121734713,0.13674196174196174
2018,13,2018_13_CAR_TB,CAR,0.05530953174252834,0.12889744082884674,0.1665038665038665
2018,14,2018_14_CAR_CLE,CAR,0.05865721227815721,0.13308204149838285,0.17205942205942204
2018,15,2018_15_NO_CAR,CAR,0.05835527991100747,0.1146641671022476,0.1694139194139194
2018,16,2018_16_ATL_CAR,CAR,0.0557635733719325,0.08615539517242303,0.15602106227106227
2018,17,2018_17_CAR_NO,CAR,0.05598403192572438,0.09276915178617966,0.14967185592185592
2019,1,2019_01_LA_CAR,CAR,,,
2019,2,2019_02_TB_CAR,CAR,,,
2019,3,2019_03_CAR_ARI,CAR,,,
2019,4,2019_04_CAR_HOU,CAR,,,
2019,5,2019_05_JAX_CAR,CAR,,,
2019,6,2019_06_CAR_TB,CAR,,,
2019,8,2019_08_CAR_SF,CAR,0.09923118148615219,0.17097073752362094,0.06100317693059629
2019,9,2019_09_TEN_CAR,CAR,0.11429528405025476,0.17161176316464657,0.06813036991305242
2019,10,2019_10_CAR_GB,CAR,0.11158965634462707,0.1505078670607505,0.049185157419452834
2019,11,2019_11_ATL_CAR,CAR,0.09619855366699687,0.14260147869895415,0.06153083643179851
2019,12,2019_12_CAR_NO,CAR,0.08508744255588575,0.14676814536562083,0.06677559167655375
2019,13,2019_13_WAS_CAR,CAR,0.08597114704510456,0.15578193115565264,0.0599058186777485
2019,14,2019_14_CAR_ATL,CAR,0.09403566317413681,0.1745991354567279,0.0599058186777485
2019,15,2019_15_SEA_CAR,CAR,0.07956679870527235,0.1822914431490356,0.05277862569529237
2019,16,2019_16_CAR_IND,CAR,0.07590953642732041,0.19600617669135534,0.054646039327411876
2019,17,2019_17_NO_CAR,CAR,0.08182351492194408,0.20783413368060266,0.047508693648399526
2020,1,2020_01_LV_CAR,CAR,,,
2020,2,2020_02_CAR_TB,CAR,,,
2020,3,2020_03_CAR_LAC,CAR,,,
2020,4,2020_04_ARI_CAR,CAR,,,
2020,5,2020_05_CAR_ATL,CAR,,,
2020,6,2020_06_CHI_CAR,CAR,,,
2020,7,2020_07_CAR_NO,CAR,0.020165598290598292,0.10158348595848597,0.08751243146755068
2020,8,2020_08_ATL_CAR,CAR,0.02455156320287899,0.11474138069532806,0.07713052564626777
2020,9,2020_09_CAR_KC,CAR,0.034968229869545654,0.13602114260009,0.07123826975401189
2020,10,2020_10_TB_CAR,CAR,0.03565017204084953,0.13874891128530545,0.05674551613082348
2020,11,2020_11_DET_CAR,CAR,0.03460850537418286,0.15229057795197212,0.053024403714058886
2020,12,2020_12_CAR_MIN,CAR,0.04799132138857783,0.17028428015620065,0.06282832528268634
2020,14,2020_14_DEN_CAR,CAR,0.05493576583302228,0.16307274169466218,0.04977276972713079
2020,15,2020_15_CAR_GB,CAR,0.056296927357523174,0.17865047914172813,0.060692309957015834
2020,16,2020_16_CAR_WAS,CAR,0.07039006461242514,0.1771186163966301,0.05760589020392942
2020,17,2020_17_NO_CAR,CAR,0.07329786603086486,0.1720831554037223,0.07514974985305223
2021,1,2021_01_NYJ_CAR,CAR,,,
2021,2,2021_02_NO_CAR,CAR,,,
2021,3,2021_03_CAR_HOU,CAR,,,
2021,4,2021_04_CAR_DAL,CAR,,,
2021,5,2021_05_PHI_CAR,CAR,,,
2021,6,2021_06_MIN_CAR,CAR,,,
2021,7,2021_07_CAR_NYG,CAR,0.07753496503496503,0.17367533260390403,0.07327380856792622
2021,8,2021_08_CAR_ATL,CAR,0.06406695156695157,0.1627325716611431,0.09089626973877447
2021,9,2021_09_NE_CAR,CAR,0.05509259259259259,0.13751889644746787,0.0977590148368137
2021,10,2021_10_CAR_ARI,CAR,0.05092592592592593,0.11251889644746789,0.0952451887935759
2021,11,2021_11_WAS_CAR,CAR,0.07112794612794614,0.14597849240706387,0.11191185546024256
2021,12,2021_12_CAR_MIA,CAR,0.0827946127946128,0.1693118257403972,0.11266943121781832
2021,14,2021_14_ATL_CAR,CAR,0.0928956228956229,0.16920875420875423,0.08991590846429558
2021,15,2021_15_CAR_BUF,CAR,0.08363636363636363,0.18629049111807736,0.07692307692307693
2021,16,2021_16_TB_CAR,CAR,0.08451355661881978,0.17371739170287268,0.06642924976258309
2021,17,2021_17_CAR_NO,CAR,0.06784688995215311,0.16746739170287264,0.08159329718469503
2021,18,2021_18_CAR_TB,CAR,0.05875598086124401,0.16039668463216558,0.10659329718469503
2022,1,2022_01_CLE_CAR,CAR,,,
2022,2,2022_02_CAR_NYG,CAR,,,
2022,3,2022_03_NO_CAR,CAR,,,
2022,4,2022_04_ARI_CAR,CAR,,,
2022,5,2022_05_SF_CAR,CAR,,,
2022,6,2022_06_CAR_LA,CAR,,,
2022,7,2022_07_TB_CAR,CAR,0.04246426047896636,0.128907137179196,0.11209883623676727
2022,8,2022_08_CAR_ATL,CAR,0.04103568905039493,0.11509761336967221,0.12438516102309205
2022,9,2022_09_CAR_CIN,CAR,0.03863328664799253,0.11344596171802053,0.1126461492840803
2022,10,2022_10_ATL_CAR,CAR,0.04476604278074866,0.10478795306001189,0.09089012752805857
2022,11,2022_11_CAR_BAL,CAR,0.06367360580595875,0.14750503989474578,0.09737661401454505
2022,12,2022_12_DEN_CAR,CAR,0.06714582802818096,0.135352262116968,0.10216588604519639
2022,14,2022_14_CAR_SEA,CAR,0.07540176198070934,0.16940798967114756,0.09944356299619457
2022,15,2022_15_PIT_CAR,CAR,0.08488894146788883,0.17650200676516467,0.10241975347238504
2022,16,2022_16_DET_CAR,CAR,0.08102420716837193,0.15210587149946417,0.10001735106998265
2022,17,2022_17_CAR_TB,CAR,0.0784989546431194,0.16346950786310052,0.10998886104149262
2022,18,2022_18_CAR_NO,CAR,0.06468943083359559,0.14251712691071958,0.10998886104149262
2023,1,2023_01_CAR_ATL,CAR,,,
2023,2,2023_02_NO_CAR,CAR,,,
2023,3,2023_03_CAR_SEA,CAR,,,
2023,4,2023_04_MIN_CAR,CAR,,,
2023,5,2023_05_CAR_DET,CAR,,,
2023,6,2023_06_CAR_MIA,CAR,,,
2023,8,2023_08_HOU_CAR,CAR,0.08209432843579186,0.16065952171135098,0.06047093003614743
2023,9,2023_09_IND_CAR,CAR,0.06413697714510723,0.1488750099268392,0.05876152832674572
2023,10,2023_10_CAR_CHI,CAR,0.054049654049654054,0.15324116469949803,0.06532718489240229
2023,11,2023_11_DAL_CAR,CAR,0.045502645502645496,0.13925515071348404,0.06423518380040119
2023,12,2023_12_CAR_TEN,CAR,0.029629629629629627,0.12376928156907831,0.06933448600115266
2023,13,2023_13_CAR_TB,CAR,0.02426564495530013,0.10786889842731588,0.08322337489004156
2023,14,2023_14_CAR_NO,CAR,0.029821200510855683,0.1193272317606492,0.06897373564040231
2023,15,2023_15_ATL_CAR,CAR,0.023648361004682844,0.1378457502791677,0.06452929119595786
2023,16,2023_16_GB_CAR,CAR,0.017475521498510005,0.1214877255878097,0.08549703313144173
2023,17,2023_17_CAR_JAX,CAR,0.02322264793529161,0.1127799582593527,0.08138998490674644
2023,18,2023_18_TB_CAR,CAR,0.04174116645381013,0.13355683269476373,0.08333002018011505
2024,1,2024_01_CAR_NO,CAR,,,
2024,2,2024_02_LAC_CAR,CAR,,,
2024,3,2024_03_CAR_LV,CAR,,,
2024,4,2024_04_CIN_CAR,CAR,,,
2024,5,2024_05_CAR_CHI,CAR,,,
2024,6,2024_06_ATL_CAR,CAR,,,
2024,7,2024_07_CAR_WAS,CAR,0.03134315505283247,0.08343899827770795,0.032327584746939586
2024,8,2024_08_CAR_DEN,CAR,0.031086744796422216,0.08959284443155412,0.027823080242435082
2024,9,2024_09_NO_CAR,CAR,0.03128031816072729,0.08184990985935124,0.03445186812122296
2024,10,2024_10_NYG_CAR,CAR,0.02481864258140465,0.08363244105364714,0.05071203072284897
2024,12,2024_12_KC_CAR,CAR,0.0333656511284132,0.0942472742491255,0.059567185688060874
2024,13,2024_13_TB_CAR,CAR,0.047830576883661526,0.11127236385486027,0.06811419423506941
2024,14,2024_14_CAR_PHI,CAR,0.06537443653278434,0.12092148666187781,0.08093470705558224
2024,15,2024_15_DAL_CAR,CAR,0.0856308467891946,0.13476764050803167,0.07713403137990656
2024,16,2024_16_ARI_CAR,CAR,0.08305632104393713,0.14330422587388533,0.0667173647132399
2024,17,2024_17_CAR_TB,CAR,0.0924400745453377,0.13308013623803097,0.050457202111613884
2024,18,2024_18_CAR_ATL,CAR,0.09369698756695662,0.12641849722345078,0.04334935897435898
2016,1,2016_01_CHI_HOU,CHI,,,
2016,2,2016_02_PHI_CHI,CHI,,,
2016,3,2016_03_CHI_DAL,CHI,,,
2016,4,2016_04_DET_CHI,CHI,,,
2016,5,2016_05_CHI_IND,CHI,,,
2016,6,2016_06_JAX_CHI,CHI,,,
2016,7,2016_07_CHI_GB,CHI,0.05527848027848028,0.10135661385661386,0.07372201251774423
2016,8,2016_08_MIN_CHI,CHI,0.05201659770625288,0.09568715129059957,0.06896010775583945
2016,10,2016_10_CHI_TB,CHI,0.06259860828826347,0.12214217774562601,0.04291844108917279
2016,11,2016_11_CHI_NYG,CHI,0.08061662630628148,0.1422247603282086,0.056293736132445815
2016,12,2016_12_TEN_CHI,CHI,0.07206961775927294,0.14792276602621432,0.04926947048749051
2016,13,2016_13_SF_CHI,CHI,0.053130223819878995,0.12140761451106279,0.06432146829810902
2016,14,2016_14_CHI_DET,CHI,0.09122546191511709,0.1468044399078882,0.07559597810203057
2016,15,2016_15_GB_CHI,CHI,0.09863623021517759,0.13848623059149376,0.08154835905441153
2016,16,2016_16_WAS_CHI,CHI,0.0978425794215268,0.13610527821054139,0.11053386630078833
2016,17,2016_17_CHI_MIN,CHI,0.07982456140350878,0.12631963049385916,0.09855229948051185
2017,1,2017_01_ATL_CHI,CHI,,,
2017,2,2017_02_CHI_TB,CHI,,,
2017,3,2017_03_PIT_CHI,CHI,,,
2017,4,2017_04_CHI_GB,CHI,,,
2017,5,2017_05_MIN_CHI,CHI,,,
2017,6,2017_06_CHI_BAL,CHI,,,
2017,7,2017_07_CAR_CHI,CHI,0.07354632117563152,0.15426421439352475,0.04683596386013678
2017,8,2017_08_CHI_NO,CHI,0.08449717587648621,0.16574925712856747,0.04345432134805949
2017,10,2017_10_GB_CHI,CHI,0.08550727688658723,0.15211289349220383,0.03920595533498759
2017,11,2017_11_DET_CHI,CHI,0.09145965783896819,0.16401765539696575,0.0482149643439966
2017,12,2017_12_CHI_PHI,CHI,0.09467128731834613,0.1868371280135986,0.07599274212177437
2017,13,2017_13_SF_CHI,CHI,0.08031943546649428,0.1655408317173023,0.07501522501522502
2017,14,2017_14_CHI_CIN,CHI,0.07775533290239173,0.17579724197371258,0.08821281174222351
2017,15,2017_15_CHI_DET,CHI,0.06888781153487035,0.15806219923866982,0.0771017006311124
2017,16,2017_16_CLE_CHI,CHI,0.07579471844177726,0.16842255959903019,0.07154614507555684
2017,17,2017_17_CHI_MIN,CHI,0.06244208008913891,0.17324881442528503,0.06253713606654783
2018,1,2018_01_CHI_GB,CHI,,,
2018,2,2018_02_SEA_CHI,CHI,,,
2018,3,2018_03_CHI_ARI,CHI,,,
2018,4,2018_04_TB_CHI,CHI,,,
2018,6,2018_06_CHI_MIA,CHI,,,
2018,7,2018_07_NE_CHI,CHI,,,
2018,8,2018_08_NYJ_CHI,CHI,0.08266942901089243,0.15430587381806893,0.06991057528691937
2018,9,2018_09_CHI_BUF,CHI,0.07196482196482196,0.14102674102674104,0.06759576047210455
2018,10,2018_10_DET_CHI,CHI,0.060500977167643834,0.14102674102674104,0.07625376913011321
2018,11,2018_11_MIN_CHI,CHI,0.05827875494542161,0.11769340769340768,0.07393895431529839
2018,12,2018_12_CHI_DET,CHI,0.0490724057390724,0.10721721721721722,0.1268490072253513
2018,13,2018_13_CHI_NYG,CHI,0.05720248703988542,0.10866256500402842,0.1214726631393298
2018,14,2018_14_LA_CHI,CHI,0.06551849535589373,0.12079007713154055,0.12636836343732896
2018,15,2018_15_GB_CHI,CHI,0.07037960646700485,0.133984521575985,0.14506494463391015
2018,16,2018_16_CHI_SF,CHI,0.07539503856577028,0.13398452157598498,0.13002735064894774
2018,17,2018_17_CHI_MIN,CHI,0.05966854283927455,0.13295888055034397,0.14530512842672552
2019,1,2019_01_GB_CHI,CHI,,,
2019,2,2019_02_CHI_DEN,CHI,,,
2019,3,2019_03_CHI_WAS,CHI,,,
2019,4,2019_04_MIN_CHI,CHI,,,
2019,5,2019_05_CHI_OAK,CHI,,,
2019,7,2019_07_NO_CHI,CHI,,,
2019,8,2019_08_LAC_CHI,CHI,0.07123359238948783,0.12109433760396744,0.04237012987012986
2019,9,2019_09_CHI_PHI,CHI,0.05297962413551958,0.12109433760396747,0.03353174603174603
2019,10,2019_10_DET_CHI,CHI,0.0621941919284112,0.12548222702915393,0.040873015873015874
2019,11,2019_11_CHI_LA,CHI,0.05553319419598488,0.12604912045319022,0.03910934744268078
2019,12,2019_12_NYG_CHI,CHI,0.032277380242496524,0.11592853475120918,0.053815229795621956
2019,13,2019_13_CHI_DET,CHI,0.036781884747001024,0.1467562374539119,0.07762475360514576
2019,14,2019_14_DAL_CHI,CHI,0.040841713806830084,0.1421622203598948,0.07903568834941384
2019,15,2019_15_CHI_GB,CHI,0.04182210596369284,0.13170470402002551,0.07272255703628253
2019,16,2019_16_KC_CHI,CHI,0.03122019077901431,0.12805673320379202,0.06538128719501268
2019,17,2019_17_CHI_MIN,CHI,0.02917770711888359,0.10518091621032798,0.07070270056240306
2020,1,2020_01_CHI_DET,CHI,,,
2020,2,2020_02_NYG_CHI,CHI,,,
2020,3,2020_03_CHI_ATL,CHI,,,
2020,4,2020_04_IND_CHI,CHI,,,
2020,5,2020_05_TB_CHI,CHI,,,
2020,6,2020_06_CHI_CAR,CHI,,,
2020,7,2020_07_CHI_LA,CHI,0.06448202959830866,0.1397962179938924,0.09462257175505813
2020,8,2020_08_NO_CHI,CHI,0.06550802139037433,0.14105020796197268,0.11744204437169099
2020,9,2020_09_CHI_TEN,CHI,0.05432476020711314,0.13383520074696545,0.1211457480753947
2020,10,2020_10_MIN_CHI,CHI,0.06682476020711314,0.14633520074696546,0.1211457480753947
2020,12,2020_12_CHI_GB,CHI,0.0656551695638383,0.1515983586417023,0.09549449873993483
2020,13,2020_13_DET_CHI,CHI,0.054291533200201934,0.12129532833867197,0.08310133634677246
2020,14,2020_14_HOU_CHI,CHI,0.04166527057393931,0.1074064394497831,0.06585995703642762
2020,15,2020_15_CHI_MIN,CHI,0.06829484132115711,0.132446185077764,0.03154623154623155
2020,16,2020_16_CHI_JAX,CHI,0.07748448208974525,0.1639833613517824,0.009324009324009324
2020,17,2020_17_GB_CHI,CHI,0.061037113668692626,0.13986055433423852,0.01974067599067599
2021,1,2021_01_CHI_LA,CHI,,,
2021,2,2021_02_CIN_CHI,CHI,,,
2021,3,2021_03_CHI_CLE,CHI,,,
2021,4,2021_04_DET_CHI,CHI,,,
2021,5,2021_05_CHI_LV,CHI,,,
2021,6,2021_06_GB_CHI,CHI,,,
2021,7,2021_07_CHI_TB,CHI,0.10105480938814272,0.15106837606837606,0.06480165307654788
2021,8,2021_08_SF_CHI,CHI,0.09488196988196988,0.13682336182336183,0.0790606526090397
2021,9,2021_09_CHI_PIT,CHI,0.07107244607244607,0.09396621896621897,0.08162475517314227
2021,11,2021_11_BAL_CHI,CHI,0.06753214106155282,0.09532787473963944,0.08410491390330099
2021,12,2021_12_CHI_DET,CHI,0.07546864899806076,0.10326438267614739,0.07881079625624217
2021,13,2021_13_ARI_CHI,CHI,0.06905839258780434,0.10540113481289952,0.080006968505046
2021,14,2021_14_CHI_GB,CHI,0.05963154492566256,0.08956403074050133,0.0984401482285483
2021,15,2021_15_MIN_CHI,CHI,0.07213154492566257,0.10195719313366373,0.07693477188446228
2021,16,2021_16_CHI_SEA,CHI,0.09594106873518637,0.13767147884794942,0.06780501275470316
2021,17,2021_17_NYG_CHI,CHI,0.08782747847149469,0.14764443354707046,0.06433279053248094
2021,18,2021_18_CHI_MIN,CHI,0.10846239910641535,0.17145395735659427,0.06629357484620642
2022,1,2022_01_SF_CHI,CHI,,,
2022,2,2022_02_CHI_GB,CHI,,,
2022,3,2022_03_HOU_CHI,CHI,,,
2022,4,2022_04_CHI_NYG,CHI,,,
2022,5,2022_05_CHI_MIN,CHI,,,
2022,6,2022_06_WAS_CHI,CHI,,,
2022,7,2022_07_CHI_NE,CHI,0.06684132860603449,0.10582995435936611,0.07704337277766819
2022,8,2022_08_CHI_DAL,CHI,0.06147734393170499,0.1064046670030443,0.06803436376865918
2022,9,2022_09_MIA_CHI,CHI,0.049572582026943084,0.09449990509828238,0.0619847569930996
2022,10,2022_10_DET_CHI,CHI,0.04452207697643803,0.0960150566134339,0.04839780047136046
2022,11,2022_11_CHI_ATL,CHI,0.04662291731257249,0.09426435633332185,0.07308010741173192
2022,12,2022_12_CHI_NYJ,CHI,0.04283503852469369,0.09123405330301883,0.0670520852546775
2022,13,2022_13_GB_CHI,CHI,0.02915982484948002,0.08866995073891626,0.08714137096896322
2022,15,2022_15_PHI_CHI,CHI,0.023412698412698413,0.07142857142857144,0.10797470430229655
2022,16,2022_16_BUF_CHI,CHI,0.02184628237259816,0.06390977443609022,0.10138241221304706
2022,17,2022_17_CHI_DET,CHI,0.027798663324979114,0.06510025062656642,0.09413603540145286
2022,18,2022_18_MIN_CHI,CHI,0.026646589592260222,0.06337214002748807,0.08324549225284518
2023,1,2023_01_GB_CHI,CHI,,,
2023,2,2023_02_CHI_TB,CHI,,,
2023,3,2023_03_CHI_KC,CHI,,,
2023,4,2023_04_DEN_CHI,CHI,,,
2023,5,2023_05_CHI_WAS,CHI,,,
2023,6,2023_06_MIN_CHI,CHI,,,
2023,7,2023_07_LV_CHI,CHI,0.036420400531108336,0.12004319684206521,0.14751812483043134
2023,8,2023_08_CHI_LAC,CHI,0.034014118869507524,0.11282435185726279,0.13338122006852657
2023,9,2023_09_CHI_NO,CHI,0.034014118869507524,0.11625572440628239,0.14044004359793832
2023,10,2023_10_CAR_CHI,CHI,0.034014118869507524,0.10384970936868838,0.1302632000877615
2023,11,2023_11_CHI_DET,CHI,0.040462114383945424,0.11744656947522049,0.12478074394741061
2023,12,2023_12_CHI_MIN,CHI,0.034614161167571156,0.12037054608340762,0.10962922879589547
2023,14,2023_14_DET_CHI,CHI,0.03431707263518851,0.13938421215589725,0.08155436248573504
2023,15,2023_15_CHI_CLE,CHI,0.04786499043842546,0.1586604441980867,0.08353848946986202
2023,16,2023_16_ARI_CHI,CHI,0.0614704326152962,0.1707352741300595,0.09390885984023238
2023,17,2023_17_ATL_CHI,CHI,0.06960051391610922,0.17747162720787601,0.09822984749455337
2023,18,2023_18_CHI_GB,CHI,0.06692920148869923,0.1742195946875508,0.08434095860566448
2024,1,2024_01_TEN_CHI,CHI,,,
2024,2,2024_02_CHI_HOU,CHI,,,
2024,3,2024_03_CHI_IND,CHI,,,
2024,4,2024_04_LA_CHI,CHI,,,
2024,5,2024_05_CAR_CHI,CHI,,,
2024,6,2024_06_JAX_CHI,CHI,,,
2024,8,2024_08_CHI_WAS,CHI,0.0835484298898933,0.18146893756649854,0.07845765345765346
2024,9,2024_09_CHI_ARI,CHI,0.07759604893751235,0.1630165566141176,0.08006021756021757
2024,10,2024_10_NE_CHI,CHI,0.08651466655178214,0.1676616699548831,0.07471262397732986
2024,11,2024_11_GB_CHI,CHI,0.08498841502553062,0.18872394101715417,0.06461161387631977
2024,12,2024_12_MIN_CHI,CHI,0.07909615913327472,0.1769394292326424,0.06461161387631977
2024,13,2024_13_CHI_DET,CHI,0.07516003677609974,0.1822250792551345,0.08930297190101111
2024,14,2024_14_CHI_SF,CHI,0.06815913343373298,0.16765868359117786,0.08602014361818283
2024,15,2024_15_CHI_MIN,CHI,0.06599863960657248,0.1570105354430297,0.07989269263779068
2024,16,2024_16_DET_CHI,CHI,0.052196017108297806,0.16701743675427885,0.10457152968985288
2024,17,2024_17_SEA_CHI,CHI,0.05083626574854644,0.13729715703399914,0.12019652968985288
2024,18,2024_18_CHI_GB,CHI,0.06080777572005642,0.16365043338727547,0.10788883738216058
2016,1,2016_01_CIN_NYJ,CIN,,,
2016,2,2016_02_CIN_PIT,CIN,,,
2016,3,2016_03_DEN_CIN,CIN,,,
2016,4,2016_04_MIA_CIN,CIN,,,
2016,5,2016_05_CIN_DAL,CIN,,,
2016,6,2016_06_CIN_NE,CIN,,,
2016,7,2016_07_CLE_CIN,CIN,0.06562694273220589,0.16237790422000947,0.0962454670100847
2016,8,2016_08_WAS_CIN,CIN,0.07000632211158526,0.19803856488067015,0.09880956957418728
2016,10,2016_10_CIN_NYG,CIN,0.0685443338074917,0.19657657657657657,0.10104971294336289
2016,11,2016_11_BUF_CIN,CIN,0.06323902850218639,0.19177177177177174,0.087160824054474
2016,12,2016_12_CIN_BAL,CIN,0.04695550359797183,0.17031583307445375,0.08414423280258863
2016,13,2016_13_PHI_CIN,CIN,0.04906076675586657,0.15908776289901516,0.09468063127002158
2016,14,2016_14_CIN_CLE,CIN,0.03863511245618293,0.15132244797235425,0.09925729030892318
2016,15,2016_15_PIT_CIN,CIN,0.045755135705238446,0.1447836511109767,0.08760227865391151
2016,16,2016_16_CIN_HOU,CIN,0.04721712400933201,0.1418596745027896,0.09446175214297343
2016,17,2016_17_BAL_CIN,CIN,0.0637154405076485,0.16509199773511282,0.1014061965874179
2017,1,2017_01_BAL_CIN,CIN,,,
2017,2,2017_02_HOU_CIN,CIN,,,
2017,3,2017_03_CIN_GB,CIN,,,
2017,4,2017_04_CIN_CLE,CIN,,,
2017,5,2017_05_BUF_CIN,CIN,,,
2017,7,2017_07_CIN_PIT,CIN,,,
2017,8,2017_08_IND_CIN,CIN,0.07944268264035706,0.16057004150027407,0.11069637157188457
2017,9,2017_09_CIN_JAX,CIN,0.08568729935009005,0.1599240466682327,0.10275986363537663
2017,10,2017_10_CIN_TEN,CIN,0.06716878083157153,0.1448168341925992,0.0968074826829957
2017,11,2017_11_CIN_DEN,CIN,0.06022433638712709,0.1448168341925992,0.09626282037362749
2017,12,2017_12_CLE_CIN,CIN,0.06375968992248061,0.15525454463030963,0.09136085958931377
2017,13,2017_13_PIT_CIN,CIN,0.05902239448751077,0.1659134593589918,0.0797121140696005
2017,14,2017_14_CHI_CIN,CIN,0.06308743513791727,0.17550695529395113,0.08305954183563292
2017,15,2017_15_CIN_MIN,CIN,0.057387480737552475,0.1630810547011559,0.10185653431683593
2017,16,2017_16_DET_CIN,CIN,0.06973315974989815,0.16584258816444375,0.10332712255213006
2017,17,2017_17_CIN_BAL,CIN,0.06485327987001828,0.16509183741369296,0.10921937844438594
2018,1,2018_01_CIN_IND,CIN,,,
2018,2,2018_02_BAL_CIN,CIN,,,
2018,3,2018_03_CIN_CAR,CIN,,,
2018,4,2018_04_CIN_ATL,CIN,,,
2018,5,2018_05_MIA_CIN,CIN,,,
2018,6,2018_06_PIT_CIN,CIN,,,
2018,7,2018_07_CIN_KC,CIN,0.04862418555197012,0.14241137382312932,0.07170573329109914
2018,8,2018_08_TB_CIN,CIN,0.050693660792177075,0.1354638498024346,0.05655421813958398
2018,10,2018_10_NO_CIN,CIN,0.057126409330188775,0.13107788489015387,0.06132413957617209
2018,11,2018_11_CIN_BAL,CIN,0.05045974266352211,0.13009023056916622,0.06080519821654573
2018,12,2018_12_CLE_CIN,CIN,0.06155910841405065,0.13696126650996962,0.04691630932765684
2018,13,2018_13_DEN_CIN,CIN,0.048401213677208545,0.10389783870969971,0.06033622274757026
2018,14,2018_14_CIN_LAC,CIN,0.06289396730039695,0.12933724666529636,0.06897301079612302
2018,15,2018_15_OAK_CIN,CIN,0.06551657417162694,0.11976473158530687,0.08230634412945635
2018,16,2018_16_CIN_CLE,CIN,0.06735255948374445,0.12350470166554622,0.090793998450444
2018,17,2018_17_CIN_PIT,CIN,0.06735255948374445,0.11115902265320055,0.09915266106442577
2019,1,2019_01_CIN_SEA,CIN,,,
2019,2,2019_02_SF_CIN,CIN,,,
2019,3,2019_03_CIN_BUF,CIN,,,
2019,4,2019_04_CIN_PIT,CIN,,,
2019,5,2019_05_ARI_CIN,CIN,,,
2019,6,2019_06_CIN_BAL,CIN,,,
2019,7,2019_07_JAX_CIN,CIN,0.04211620852487725,0.13046170805458732,0.0778392687144217
2019,8,2019_08_CIN_LA,CIN,0.023862240270909,0.07748551757839683,0.07299078386593687
2019,10,2019_10_BAL_CIN,CIN,0.023862240270909,0.08079403701594852,0.07146453233968535
2019,11,2019_11_CIN_OAK,CIN,0.026722652170222502,0.07469182496407972,0.07206839707398487
2019,12,2019_12_PIT_CIN,CIN,0.042347652170222495,0.10594182496407972,0.07657820099555349
2019,13,2019_13_NYJ_CIN,CIN,0.05396381378638412,0.12412364314589791,0.08535013082011489
2019,14,2019_14_CIN_CLE,CIN,0.06188236582258322,0.14806783620773803,0.08352614541199815
2019,15,2019_15_NE_CIN,CIN,0.059025222965440355,0.16521069335059518,0.07454746976665584
2019,16,2019_16_CIN_MIA,CIN,0.06977791113748337,0.1867160696946812,0.07334554668973275
2019,17,2019_17_CLE_CIN,CIN,0.068704373832062,0.19785401923842785,0.06865671463517181
2020,1,2020_01_LAC_CIN,CIN,,,
2020,2,2020_02_CIN_CLE,CIN,,,
2020,3,2020_03_CIN_PHI,CIN,,,
2020,4,2020_04_JAX_CIN,CIN,,,
2020,5,2020_05_CIN_BAL,CIN,,,
2020,6,2020_06_CIN_IND,CIN,,,
2020,7,2020_07_CLE_CIN,CIN,0.03986997164628744,0.09007841573631048,0.07373321123321123
2020,8,2020_08_TEN_CIN,CIN,0.02945330497962077,0.10372784102366679,0.08363997113997114
2020,10,2020_10_CIN_PIT,CIN,0.0346616383129541,0.12976950769033346,0.07411616161616162
2020,11,2020_11_CIN_WAS,CIN,0.024661638312954103,0.14147163534990795,0.09356060606060607
2020,12,2020_12_NYG_CIN,CIN,0.025643680961663418,0.15718431772925698,0.09503119429590018
2020,13,2020_13_CIN_MIA,CIN,0.021257716049382716,0.14402642299241486,0.10395976572447162
2020,14,2020_14_DAL_CIN,CIN,0.01755401234567901,0.1414623204283123,0.08173754350224939
2020,15,2020_15_PIT_CIN,CIN,0.030887345679012346,0.1336462284742893,0.07901027077497665
2020,16,2020_16_CIN_HOU,CIN,0.029952516619183286,0.14606610026916111,0.10799577802135346
2020,17,2020_17_BAL_CIN,CIN,0.03485447740349701,0.14710907064880233,0.07466244468802014
2021,1,2021_01_MIN_CIN,CIN,,,
2021,2,2021_02_CIN_CHI,CIN,,,
2021,3,2021_03_CIN_PIT,CIN,,,
2021,4,2021_04_JAX_CIN,CIN,,,
2021,5,2021_05_GB_CIN,CIN,,,
2021,6,2021_06_CIN_DET,CIN,,,
2021,7,2021_07_CIN_BAL,CIN,0.05728979571007093,0.11410323172776844,0.10494157258863142
2021,8,2021_08_CIN_NYJ,CIN,0.0655863298998207,0.11022259476804679,0.09547187561893444
2021,9,2021_09_CLE_CIN,CIN,0.05335711955740282,0.09508166767743415,0.09311167227833894
2021,11,2021_11_CIN_LV,CIN,0.05709718500854821,0.1124963474343299,0.11098606841360464
2021,12,2021_12_PIT_CIN,CIN,0.061924771215444756,0.14123197961823794,0.1202453276728639
2021,13,2021_13_LAC_CIN,CIN,0.0651583262782681,0.14363404909347816,0.10105340848094473
2021,14,2021_14_SF_CIN,CIN,0.078037114157056,0.1621946551540842,0.09768640511394135
2021,15,2021_15_CIN_DEN,CIN,0.07842255973214078,0.1735267550615773,0.09134582540379642
2021,16,2021_16_BAL_CIN,CIN,0.08564676506955367,0.18483051164835274,0.09370602874439192
2021,17,2021_17_KC_CIN,CIN,0.07521905209677178,0.16892383084241425,0.08555385483134843
2021,18,2021_18_CIN_CLE,CIN,0.06372479922320855,0.15923581770612524,0.08354097238368337
2022,1,2022_01_PIT_CIN,CIN,,,
2022,2,2022_02_CIN_DAL,CIN,,,
2022,3,2022_03_CIN_NYJ,CIN,,,
2022,4,2022_04_MIA_CIN,CIN,,,
2022,5,2022_05_CIN_BAL,CIN,,,
2022,6,2022_06_CIN_NO,CIN,,,
2022,7,2022_07_ATL_CIN,CIN,0.03532757397888977,0.15486481522665732,0.10218760905035414
2022,8,2022_08_CIN_CLE,CIN,0.06230406970538549,0.1855806271924693,0.09095458919664463
2022,9,2022_09_CAR_CIN,CIN,0.0704290697053855,0.19953896052580264,0.09589286080158292
2022,11,2022_11_CIN_PIT,CIN,0.058524307800623586,0.17533261131945344,0.07089286080158291
2022,12,2022_12_CIN_TEN,CIN,0.06171410046410047,0.16237407862407863,0.06205447696319907
2022,13,2022_13_KC_CIN,CIN,0.06142550017550017,0.170743486993487,0.07197511188383399
2022,14,2022_14_CLE_CIN,CIN,0.0684152485445589,0.19870248046972186,0.05903393541324576
2022,15,2022_15_CIN_TB,CIN,0.0445726559519663,0.17624877676601813,0.06753968253968252
2022,16,2022_16_CIN_NE,CIN,0.03486251102443006,0.16161109560659787,0.05642857142857142
2022,18,2022_18_BAL_CIN,CIN,0.05240637067355287,0.18237132952472654,0.07726190476190475
2023,1,2023_01_CIN_CLE,CIN,,,
2023,2,2023_02_BAL_CIN,CIN,,,
2023,3,2023_03_LA_CIN,CIN,,,
2023,4,2023_04_CIN_TEN,CIN,,,
2023,5,2023_05_CIN_ARI,CIN,,,
2023,6,2023_06_SEA_CIN,CIN,,,
2023,8,2023_08_CIN_SF,CIN,0.08760793405189958,0.19553858099116717,0.08143933119542876
2023,9,2023_09_BUF_CIN,CIN,0.08208394415290966,0.20485044967803587,0.08373696286739767
2023,10,2023_10_HOU_CIN,CIN,0.08625061081957634,0.22063327796086415,0.08964912502955981
2023,11,2023_11_CIN_BAL,CIN,0.06477625184521736,0.1945649018924881,0.08173057299336071
2023,12,2023_12_PIT_CIN,CIN,0.06477625184521736,0.1830706490189249,0.08238225106439363
2023,13,2023_13_CIN_JAX,CIN,0.0600143470833126,0.16878493473321057,0.07228124096338352
2023,14,2023_14_IND_CIN,CIN,0.06070340823749002,0.1477685695307989,0.05894790763005019
2023,15,2023_15_MIN_CIN,CIN,0.06223030511322412,0.12404294115400771,0.07223293178463956
2023,16,2023_16_CIN_PIT,CIN,0.07157715196007096,0.14825465286571943,0.06737182067352845
2023,17,2023_17_CIN_KC,CIN,0.07336286624578525,0.1494451290561956,0.07358097100032585
2023,18,2023_18_CLE_CIN,CIN,0.06687417510748343,0.1475912173023951,0.06282828282828283
2024,1,2024_01_NE_CIN,CIN,,,
2024,2,2024_02_CIN_KC,CIN,,,
2024,3,2024_03_WAS_CIN,CIN,,,
2024,4,2024_04_CIN_CAR,CIN,,,
2024,5,2024_05_BAL_CIN,CIN,,,
2024,6,2024_06_CIN_NYG,CIN,,,
2024,7,2024_07_CIN_CLE,CIN,0.04353266888150609,0.1489938686762283,0.028000778475161775
2024,8,2024_08_PHI_CIN,CIN,0.04856190864758796,0.1344909446996201,0.02311677359115689
2024,9,2024_09_LV_CIN,CIN,0.03665714674282606,0.11901475422342961,0.03593728641166971
2024,10,2024_10_CIN_BAL,CIN,0.04525363797089623,0.15603229808307875,0.03593728641166971
2024,11,2024_11_CIN_LAC,CIN,0.04525363797089623,0.15295272183277078,0.048757799232182535
2024,13,2024_13_PIT_CIN,CIN,0.05014959880320957,0.14775076344843785,0.05895387766355508
2024,14,2024_14_CIN_DAL,CIN,0.050730994152046786,0.1619949494949495,0.0663980463980464
2024,15,2024_15_CIN_TEN,CIN,0.053740970072239415,0.1641449322950871,0.06512820512820514
2024,16,2024_16_CLE_CIN,CIN,0.058014474345743694,0.17717912032927516,0.08435897435897437
2024,17,2024_17_DEN_CIN,CIN,0.057452171151861554,0.16289661920466872,0.1051923076923077
2024,18,2024_18_CIN_PIT,CIN,0.06755318125287164,0.17804813435618386,0.09854463437796772
2016,1,2016_01_CLE_PHI,CLE,,,
2016,2,2016_02_BAL_CLE,CLE,,,
2016,3,2016_03_CLE_MIA,CLE,,,
2016,4,2016_04_CLE_WAS,CLE,,,
2016,5,2016_05_NE_CLE,CLE,,,
2016,6,2016_06_CLE_TEN,CLE,,,
2016,7,2016_07_CLE_CIN,CLE,0.04616910866910867,0.1483007733007733,0.0516903337017189
2016,8,2016_08_NYJ_CLE,CLE,0.053751132380164636,0.13134461118332086,0.05234392847296073
2016,9,2016_09_DAL_CLE,CLE,0.0630103916394239,0.1285668334055431,0.06333293946197172
2016,10,2016_10_CLE_BAL,CLE,0.05884372497275723,0.10951921435792404,0.06857103470006697
2016,11,2016_11_PIT_CLE,CLE,0.04975281588184815,0.10446870930741899,0.07686666064275173
2016,12,2016_12_NYG_CLE,CLE,0.045784561913594174,0.11058196542067511,0.07210475588084696
2016,14,2016_14_CIN_CLE,CLE,0.0389164300454623,0.11516071999942967,0.07449424214130097
2016,15,2016_15_CLE_BUF,CLE,0.043620731120731115,0.11969701032201031,0.06893868658574541
2016,16,2016_16_SD_CLE,CLE,0.04077172827172827,0.12218988781488781,0.04929582944288827
2016,17,2016_17_CLE_PIT,CLE,0.04077172827172827,0.13435344889149237,0.06370685701181057
2017,1,2017_01_PIT_CLE,CLE,,,
2017,2,2017_02_CLE_BAL,CLE,,,
2017,3,2017_03_CLE_IND,CLE,,,
2017,4,2017_04_CIN_CLE,CLE,,,
2017,5,2017_05_NYJ_CLE,CLE,,,
2017,6,2017_06_CLE_HOU,CLE,,,
2017,7,2017_07_TEN_CLE,CLE,0.0679616566713341,0.15282914879689072,0.13520622895622894
2017,8,2017_08_MIN_CLE,CLE,0.07271641142608885,0.16221353318127513,0.16645622895622894
2017,10,2017_10_CLE_DET,CLE,0.06724503095470837,0.1580047789725209,0.1780633718133718
2017,11,2017_11_JAX_CLE,CLE,0.07094873465841207,0.1654121863799283,0.18074368370421
2017,12,2017_12_CLE_CIN,CLE,0.0662138861735636,0.17614450961225156,0.17148442444495074
2017,13,2017_13_CLE_LAC,CLE,0.056809497458830044,0.15872897495533758,0.17518812814865445
2017,14,2017_14_GB_CLE,CLE,0.055221032160687335,0.1324582027168234,0.1899356028961292
2017,15,2017_15_BAL_CLE,CLE,0.04950787219220821,0.13275371099105507,0.17720412141464773
2017,16,2017_16_CLE_CHI,CLE,0.049595962396577487,0.13319416201290143,0.15047601081556938
2017,17,2017_17_CLE_PIT,CLE,0.057135644936260034,0.13041638423512367,0.1476463560334528
2018,1,2018_01_PIT_CLE,CLE,,,
2018,2,2018_02_CLE_NO,CLE,,,
2018,3,2018_03_NYJ_CLE,CLE,,,
2018,4,2018_04_CLE_OAK,CLE,,,
2018,5,2018_05_BAL_CLE,CLE,,,
2018,6,2018_06_LAC_CLE,CLE,,,
2018,7,2018_07_CLE_TB,CLE,0.05936371087158115,0.13997145832200938,0.1360308337894545
2018,8,2018_08_CLE_PIT,CLE,0.056453657961528236,0.14526246361301468,0.14213202426564495
2018,9,2018_09_KC_CLE,CLE,0.04780026772919064,0.12783714355611567,0.14437216763482055
2018,10,2018_10_ATL_CLE,CLE,0.04750317919680799,0.1368983437937865,0.11381661207926502
2018,12,2018_12_CLE_CIN,CLE,0.04549926912838179,0.12482600752790185,0.11714389580582281
2018,13,2018_13_CLE_HOU,CLE,0.043395650905037636,0.11569029410080724,0.1071438958058228
2018,14,2018_14_CAR_CLE,CLE,0.05486751237689911,0.11395869236920553,0.10144589010781709
2018,15,2018_15_CLE_DEN,CLE,0.046750629260016,0.10530068371119684,0.09915422344115044
2018,16,2018_16_CIN_CLE,CLE,0.04891279142217816,0.12412951254002567,0.11635852451641926
2018,17,2018_17_CLE_BAL,CLE,0.060848000288333315,0.1260476711078006,0.13024741340530813
2019,1,2019_01_TEN_CLE,CLE,,,
2019,2,2019_02_CLE_NYJ,CLE,,,
2019,3,2019_03_LA_CLE,CLE,,,
2019,4,2019_04_CLE_BAL,CLE,,,
2019,5,2019_05_CLE_SF,CLE,,,
2019,6,2019_06_SEA_CLE,CLE,,,
2019,8,2019_08_CLE_NE,CLE,0.09337591290053089,0.17368095417755858,0.08455433455433455
2019,9,2019_09_CLE_DEN,CLE,0.08238690191151991,0.14315592365252808,0.09734093067426401
2019,10,2019_10_BUF_CLE,CLE,0.08507841329868347,0.14605447437716573,0.10011870845204178
2019,11,2019_11_PIT_CLE,CLE,0.0807133339336041,0.15339574421843558,0.0862298195631529
2019,12,2019_12_MIA_CLE,CLE,0.07705836317337018,0.16527439918919581,0.09595204178537513
2019,13,2019_13_CLE_PIT,CLE,0.08180955097031942,0.16702483679859817,0.08761870845204178
2019,14,2019_14_CIN_CLE,CLE,0.0754964196571881,0.16492045969422106,0.08094135802469136
2019,15,2019_15_CLE_ARI,CLE,0.0708059881374883,0.1681516458522365,0.0616263440860215
2019,16,2019_16_BAL_CLE,CLE,0.04906685770270569,0.13191976179426548,0.05924539170506913
2019,17,2019_17_CLE_CIN,CLE,0.045098603734451716,0.13358386829708166,0.06757872503840247
2020,1,2020_01_CLE_BAL,CLE,,,
2020,2,2020_02_CIN_CLE,CLE,,,
2020,3,2020_03_WAS_CLE,CLE,,,
2020,4,2020_04_CLE_DAL,CLE,,,
2020,5,2020_05_IND_CLE,CLE,,,
2020,6,2020_06_CLE_PIT,CLE,,,
2020,7,2020_07_CLE_CIN,CLE,0.05851707215144122,0.09775817181711394,0.0888069888069888
2020,8,2020_08_LV_CLE,CLE,0.05943282306719214,0.09317941723835937,0.07690222690222691
2020,10,2020_10_HOU_CLE,CLE,0.06444083588770495,0.08777076339220552,0.052828152828152834
2020,11,2020_11_PHI_CLE,CLE,0.062357502554371634,0.09089576339220552,0.0604039104039104
2020,12,2020_12_CLE_JAX,CLE,0.07512631975867269,0.12718608597285067,0.057070577070577076
2020,13,2020_13_CLE_TEN,CLE,0.07022435897435897,0.11168529106029106,0.057070577070577076
2020,14,2020_14_BAL_CLE,CLE,0.0673076923076923,0.11571306883806885,0.06472823472823473
2020,15,2020_15_CLE_NYG,CLE,0.08115384615384615,0.12314896627396628,0.05390572390572391
2020,16,2020_16_CLE_NYJ,CLE,0.07338383838383838,0.13053047365547366,0.06607503607503608
2020,17,2020_17_PIT_CLE,CLE,0.07249098124098124,0.13871499746499746,0.06072744249214838
2021,1,2021_01_CLE_KC,CLE,,,
2021,2,2021_02_HOU_CLE,CLE,,,
2021,3,2021_03_CHI_CLE,CLE,,,
2021,4,2021_04_CLE_MIN,CLE,,,
2021,5,2021_05_CLE_LAC,CLE,,,
2021,6,2021_06_ARI_CLE,CLE,,,
2021,7,2021_07_DEN_CLE,CLE,0.0918230788451928,0.20702753591153142,0.07462455288542245
2021,8,2021_08_PIT_CLE,CLE,0.09279987982199378,0.19616062504462053,0.06737817607382825
2021,9,2021_09_CLE_CIN,CLE,0.09579133281344676,0.20086147974547522,0.05919365226430443
2021,10,2021_10_CLE_NE,CLE,0.06179769133631299,0.1651559282658959,0.04637313944379162
2021,11,2021_11_DET_CLE,CLE,0.06536911990774157,0.13956069017065778,0.03933989136195019
2021,12,2021_12_CLE_BAL,CLE,0.058122743096147365,0.12144474814167229,0.061079021796732795
2021,14,2021_14_BAL_CLE,CLE,0.05750999799810814,0.1254275912789272,0.05207001278772378
2021,15,2021_15_LV_CLE,CLE,0.062170585637419194,0.12765656797598898,0.06656276641091219
2021,16,2021_16_CLE_GB,CLE,0.06195691042374397,0.11462237994180095,0.06427109974424552
2021,17,2021_17_CLE_PIT,CLE,0.04422641396984326,0.0952231308804743,0.0781599886331344
2021,18,2021_18_CIN_CLE,CLE,0.039266096509525804,0.09720725786460128,0.06883045036621473
2022,1,2022_01_CLE_CAR,CLE,,,
2022,2,2022_02_NYJ_CLE,CLE,,,
2022,3,2022_03_PIT_CLE,CLE,,,
2022,4,2022_04_CLE_ATL,CLE,,,
2022,5,2022_05_LAC_CLE,CLE,,,
2022,6,2022_06_NE_CLE,CLE,,,
2022,7,2022_07_CLE_BAL,CLE,0.05600257733064871,0.10978661834873228,0.07754909586339072
2022,8,2022_08_CIN_CLE,CLE,0.0608129904602469,0.13214089112745328,0.08771655997822327
2022,10,2022_10_CLE_MIA,CLE,0.07455412521201994,0.13941039467355257,0.054383226644889926
2022,11,2022_11_CLE_BUF,CLE,0.07440558094582862,0.1342113453568562,0.05943373169539498
2022,12,2022_12_TB_CLE,CLE,0.07756650048605851,0.11553318443731596,0.05509199500071712
2022,13,2022_13_CLE_HOU,CLE,0.08367416094154506,0.12412531694249195,0.07519003421640338
2022,14,2022_14_CLE_CIN,CLE,0.07441490168228579,0.123199391016566,0.07127153891859775
2022,15,2022_15_BAL_CLE,CLE,0.057622921732411105,0.09838736094137805,0.058742401389460214
2022,16,2022_16_NO_CLE,CLE,0.05194110355059293,0.09863988619390329,0.07064716329422212
2022,17,2022_17_CLE_WAS,CLE,0.047039142766279206,0.09373792540958958,0.06987016251722133
2022,18,2022_18_CLE_PIT,CLE,0.0516739221507805,0.09763114009257068,0.06417328917328917
2023,1,2023_01_CIN_CLE,CLE,,,
2023,2,2023_02_CLE_PIT,CLE,,,
2023,3,2023_03_TEN_CLE,CLE,,,
2023,4,2023_04_BAL_CLE,CLE,,,
2023,6,2023_06_SF_CLE,CLE,,,
2023,7,2023_07_CLE_IND,CLE,,,
2023,8,2023_08_CLE_SEA,CLE,0.11208366343170266,0.23922723971743579,0.14083333333333334
2023,9,2023_09_ARI_CLE,CLE,0.1066657067753559,0.20336552661114063,0.16191176470588234
2023,10,2023_10_CLE_BAL,CLE,0.1394589166518991,0.21725441550002952,0.17129127408539171
2023,11,2023_11_PIT_CLE,CLE,0.13091190810489056,0.20400655225216627,0.14768016297428063
2023,12,2023_12_CLE_DEN,CLE,0.12431366763568234,0.18005738314170686,0.16088917618329382
2023,13,2023_13_CLE_LA,CLE,0.11489337778060989,0.17570955705475033,0.1622566975508152
2023,14,2023_14_JAX_CLE,CLE,0.09020201975591853,0.15385436853289514,0.15642336421748188
2023,15,2023_15_CHI_CLE,CLE,0.09793726696484994,0.1770601101596894,0.16034493284493284
2023,16,2023_16_CLE_HOU,CLE,0.06635529739838426,0.1486363375498703,0.17004510921177587
2023,17,2023_17_NYJ_CLE,CLE,0.05655849043176597,0.14186323643714652,0.17004510921177587
2023,18,2023_18_CLE_CIN,CLE,0.04752165675526174,0.13808835654696122,0.15539309455976122
2024,1,2024_01_DAL_CLE,CLE,,,
2024,2,2024_02_CLE_JAX,CLE,,,
2024,3,2024_03_NYG_CLE,CLE,,,
2024,4,2024_04_CLE_LV,CLE,,,
2024,5,2024_05_CLE_WAS,CLE,,,
2024,6,2024_06_CLE_PHI,CLE,,,
2024,7,2024_07_CIN_CLE,CLE,0.07826236792081194,0.14849245579795864,0.11522694039301544
2024,8,2024_08_BAL_CLE,CLE,0.08183379649224051,0.1651591224646253,0.1285602737263488
2024,9,2024_09_LAC_CLE,CLE,0.07442107530620512,0.15930068152727475,0.12062376578984085
2024,11,2024_11_CLE_NO,CLE,0.09571509660022642,0.16926519149178473,0.14123064984781183
2024,12,2024_12_PIT_CLE,CLE,0.08845013933526914,0.1547352769618702,0.15354592078377247
2024,13,2024_13_CLE_DEN,CLE,0.09192895021445953,0.18272389176262924,0.16825180313671362
2024,14,2024_14_CLE_PIT,CLE,0.08551869380420313,0.17942718846592595,0.17537431025922076
2024,15,2024_15_KC_CLE,CLE,0.0738343904532331,0.1869227792948501,0.16299335787826838
2024,16,2024_16_CLE_CIN,CLE,0.0616392685020136,0.20846749474200454,0.16299335787826835
2024,17,2024_17_MIA_CLE,CLE,0.0509440813362382,0.19717813051146385,0.1419129889718125
2024,18,2024_18_CLE_BAL,CLE,0.06761074800290486,0.23051146384479718,0.1674861812116714
2016,1,2016_01_NYG_DAL,DAL,,,
2016,2,2016_02_DAL_WAS,DAL,,,
2016,3,2016_03_CHI_DAL,DAL,,,
2016,4,2016_04_DAL_SF,DAL,,,
2016,5,2016_05_CIN_DAL,DAL,,,
2016,6,2016_06_DAL_GB,DAL,,,
2016,8,2016_08_PHI_DAL,DAL,0.047024117140396206,0.09308893195521102,0.12679327629418372
2016,9,2016_09_DAL_CLE,DAL,0.04655130390162552,0.10325441658878076,0.1545710540719615
2016,10,2016_10_DAL_PIT,DAL,0.0611122358012671,0.10426248110490981,0.1930325925335
2016,11,2016_11_BAL_DAL,DAL,0.061046876324142914,0.1107330693402039,0.18050126421269796
2016,12,2016_12_WAS_DAL,DAL,0.0587320615093281,0.1107330693402039,0.17259896536212327
2016,13,2016_13_DAL_MIN,DAL,0.04391724669451328,0.09344911872291996,0.19891475483580748
2016,14,2016_14_DAL_NYG,DAL,0.049845199270892676,0.11898491443655425,0.18685335132703554
2016,15,2016_15_TB_DAL,DAL,0.055335933656616765,0.11921369503595942,0.15339375536743957
2016,16,2016_16_DET_DAL,DAL,0.050924574406547844,0.12541716898136884,0.14826555023923446
2016,17,2016_17_DAL_PHI,DAL,0.06098993388367202,0.14561324741274143,0.12151116427432218
2017,1,2017_01_NYG_DAL,DAL,,,
2017,2,2017_02_DAL_DEN,DAL,,,
2017,3,2017_03_DAL_ARI,DAL,,,
2017,4,2017_04_LA_DAL,DAL,,,
2017,5,2017_05_GB_DAL,DAL,,,
2017,7,2017_07_DAL_SF,DAL,,,
2017,8,2017_08_DAL_WAS,DAL,0.08400975464136519,0.15623917490165976,0.13525895251701703
2017,9,2017_09_KC_DAL,DAL,0.08731850865913793,0.17486273323026633,0.14359228585035036
2017,10,2017_10_DAL_ATL,DAL,0.08677384634976974,0.17404573976621399,0.14831563267896034
2017,11,2017_11_PHI_DAL,DAL,0.07381088338680679,0.1623173447044856,0.15578528720743842
2017,12,2017_12_LAC_DAL,DAL,0.06930637888230227,0.1686236510107919,0.14313506582856428
2017,13,2017_13_WAS_DAL,DAL,0.04969853574504737,0.15436340145642471,0.15161991431341276
2017,14,2017_14_DAL_NYG,DAL,0.046578853385433085,0.15606504637985066,0.1488288457328705
2017,15,2017_15_DAL_OAK,DAL,0.031074977416440833,0.13929726747860363,0.1381008763842115
2017,16,2017_16_SEA_DAL,DAL,0.021815718157181575,0.14733820315111826,0.1495425239814655
2017,17,2017_17_DAL_PHI,DAL,0.03709349593495935,0.16678264759556272,0.14366017104028903
2018,1,2018_01_DAL_CAR,DAL,,,
2018,2,2018_02_NYG_DAL,DAL,,,
2018,3,2018_03_DAL_SEA,DAL,,,
2018,4,2018_04_DET_DAL,DAL,,,
2018,5,2018_05_DAL_HOU,DAL,,,
2018,6,2018_06_JAX_DAL,DAL,,,
2018,7,2018_07_DAL_WAS,DAL,0.08524273938067041,0.17709127398782573,0.1266164417492691
2018,9,2018_09_TEN_DAL,DAL,0.07441161648058199,0.17333353747146849,0.15297376498159232
2018,10,2018_10_DAL_PHI,DAL,0.0746136366826022,0.1719193960573271,0.13282125953496923
2018,11,2018_11_DAL_ATL,DAL,0.0699552515894345,0.15794424077782399,0.14083408004778972
2018,12,2018_12_WAS_DAL,DAL,0.06831724995143286,0.17377825661183985,0.1436118578255675
2018,13,2018_13_NO_DAL,DAL,0.07680866819894867,0.16519650412764833,0.1304398148148148
2018,14,2018_14_PHI_DAL,DAL,0.07067839999971495,0.15849152328473645,0.11143396686159844
2018,15,2018_15_DAL_IND,DAL,0.074072065158086,0.16377055797553583,0.13449944305207462
2018,16,2018_16_TB_DAL,DAL,0.05387004495606579,0.1570365512415291,0.13806069661332818
2018,17,2018_17_DAL_NYG,DAL,0.056427589713099045,0.1614412116564197,0.13111625216888376
2019,1,2019_01_NYG_DAL,DAL,,,
2019,2,2019_02_DAL_WAS,DAL,,,
2019,3,2019_03_MIA_DAL,DAL,,,
2019,4,2019_04_DAL_NO,DAL,,,
2019,5,2019_05_GB_DAL,DAL,,,
2019,6,2019_06_DAL_NYJ,DAL,,,
2019,7,2019_07_PHI_DAL,DAL,0.062023666457545264,0.13296834416914027,0.0702198056745048
2019,9,2019_09_DAL_NYG,DAL,0.07586368522367241,0.1412958130877422,0.07232064601063924
2019,10,2019_10_MIN_DAL,DAL,0.0895936623403772,0.16436980240887109,0.07766823959352695
2019,11,2019_11_DAL_DET,DAL,0.08313198676105459,0.1608047400202793,0.09387194329723066
2019,12,2019_12_DAL_NE,DAL,0.07598912961819744,0.16556664478218405,0.09938340714202783
2019,13,2019_13_BUF_DAL,DAL,0.07527687890594673,0.16805952227506157,0.10108625941959275
2019,14,2019_14_DAL_CHI,DAL,0.0884614630844457,0.18699123289034217,0.11726273000782804
2019,15,2019_15_LA_DAL,DAL,0.08132109387511098,0.17340711585794924,0.12006385045600731
2019,16,2019_16_DAL_PHI,DAL,0.06926575790673153,0.15535704998179645,0.1271345575267144
2019,17,2019_17_WAS_DAL,DAL,0.06842883777282431,0.13323844644281987,0.12620863160078846
2020,1,2020_01_DAL_LA,DAL,,,
2020,2,2020_02_ATL_DAL,DAL,,,
2020,3,2020_03_DAL_SEA,DAL,,,
2020,4,2020_04_CLE_DAL,DAL,,,
2020,5,2020_05_NYG_DAL,DAL,,,
2020,6,2020_06_ARI_DAL,DAL,,,
2020,7,2020_07_DAL_WAS,DAL,0.05032358844858845,0.12078299015799016,0.06173106168323767
2020,8,2020_08_DAL_PHI,DAL,0.05702001702001702,0.12896751396751396,0.07027807023024622
2020,9,2020_09_PIT_DAL,DAL,0.07294853294853294,0.14217652717652718,0.06918874561150982
2020,11,2020_11_DAL_MIN,DAL,0.05813371813371813,0.11979327435849174,0.07488675130951553
2020,12,2020_12_WAS_DAL,DAL,0.0584493746993747,0.14615059759081497,0.07418588223185925
2020,13,2020_13_DAL_BAL,DAL,0.0658567821067821,0.13781726425748167,0.06646983284914319
2020,14,2020_14_DAL_CIN,DAL,0.05919011544011544,0.131150597590815,0.07071693709624743
2020,15,2020_15_SF_DAL,DAL,0.055618686868686866,0.12400774044795783,0.06772548410479445
2020,16,2020_16_PHI_DAL,DAL,0.04282407407407407,0.11592693236714975,0.06309585447516482
2020,17,2020_17_DAL_NYG,DAL,0.05472883597883597,0.12455357142857144,0.05607158883020952
2021,1,2021_01_DAL_TB,DAL,,,
2021,2,2021_02_DAL_LAC,DAL,,,
2021,3,2021_03_PHI_DAL,DAL,,,
2021,4,2021_04_CAR_DAL,DAL,,,
2021,5,2021_05_NYG_DAL,DAL,,,
2021,6,2021_06_DAL_NE,DAL,,,
2021,8,2021_08_DAL_MIN,DAL,0.04871030211359196,0.16032609021406527,0.06950617283950618
2021,9,2021_09_DEN_DAL,DAL,0.053214806618096466,0.19419996408793913,0.09033950617283949
2021,10,2021_10_ATL_DAL,DAL,0.06566488883562055,0.18456876841023184,0.1023313760915387
2021,11,2021_11_DAL_KC,DAL,0.06902906040837074,0.19704423799251383,0.10233137609153868
2021,12,2021_12_LV_DAL,DAL,0.06258966646897682,0.18833211678039263,0.08737411113427374
2021,13,2021_13_DAL_NO,DAL,0.07449442837373871,0.1861953646436405,0.08356458732474992
2021,14,2021_14_DAL_WAS,DAL,0.06835747746934595,0.17472895637490668,0.0902122606390899
2021,15,2021_15_DAL_NYG,DAL,0.0846863062981748,0.17168841583436611,0.06937892730575657
2021,16,2021_16_WAS_DAL,DAL,0.06898879060065909,0.16445390859985887,0.055998168498168494
2021,17,2021_17_ARI_DAL,DAL,0.0800170602496184,0.17625881695649137,0.042109279609279605
2021,18,2021_18_DAL_PHI,DAL,0.0715821009000249,0.16335231289145072,0.03970543345543345
2022,1,2022_01_TB_DAL,DAL,,,
2022,2,2022_02_CIN_DAL,DAL,,,
2022,3,2022_03_DAL_NYG,DAL,,,
2022,4,2022_04_WAS_DAL,DAL,,,
2022,5,2022_05_DAL_LA,DAL,,,
2022,6,2022_06_DAL_PHI,DAL,,,
2022,7,2022_07_DET_DAL,DAL,0.10216240271229388,0.20756141269659426,0.10872053872053872
2022,8,2022_08_CHI_DAL,DAL,0.11754987026883817,0.21145462737957535,0.10851851851851851
2022,10,2022_10_DAL_GB,DAL,0.11651627853757203,0.20434868422712058,0.10681309216192937
2022,11,2022_11_DAL_MIN,DAL,0.11182652384781734,0.1718811517595881,0.10869343404227126
2022,12,2022_12_NYG_DAL,DAL,0.1357822978035913,0.18877304365147998,0.10978275866100766
2022,13,2022_13_IND_DAL,DAL,0.13193338981934497,0.18205983205105036,0.08438593326418224
2022,14,2022_14_HOU_DAL,DAL,0.12114000602343805,0.18752661085676947,0.08438593326418224
2022,15,2022_15_DAL_JAX,DAL,0.09425828559333053,0.16681772993283475,0.08240395128220025
2022,16,2022_16_PHI_DAL,DAL,0.07591203236335636,0.1584197971162973,0.07694888381162891
2022,17,2022_17_DAL_TEN,DAL,0.060760517211841204,0.14326828196478214,0.08564325457496519
2022,18,2022_18_DAL_WAS,DAL,0.037359066981122686,0.12536012991028864,0.08686874477104362
2023,1,2023_01_DAL_NYG,DAL,,,
2023,2,2023_02_NYJ_DAL,DAL,,,
2023,3,2023_03_DAL_ARI,DAL,,,
2023,4,2023_04_NE_DAL,DAL,,,
2023,5,2023_05_DAL_SF,DAL,,,
2023,6,2023_06_DAL_LAC,DAL,,,
2023,8,2023_08_LA_DAL,DAL,0.08329997507629087,0.16793450839503468,0.09915311992480774
2023,9,2023_09_DAL_PHI,DAL,0.06102770280401859,0.13702860248912882,0.10808169135337918
2023,10,2023_10_NYG_DAL,DAL,0.06359180536812116,0.12848159394212025,0.08188219640388422
2023,11,2023_11_DAL_CAR,DAL,0.07574458314589894,0.1371621494976758,0.07837588504343541
2023,12,2023_12_WAS_DAL,DAL,0.09773532388663968,0.1684121494976758,0.07837588504343541
2023,13,2023_13_SEA_DAL,DAL,0.10521395636527216,0.17989719223271852,0.06828856194798223
2023,14,2023_14_PHI_DAL,DAL,0.10479624542124544,0.16861899674399675,0.06861794271214561
2023,15,2023_15_DAL_BUF,DAL,0.10128411259876778,0.1569651014694118,0.06952373981359489
2023,16,2023_16_DAL_MIA,DAL,0.0924700100346652,0.17940099890530925,0.06787459530730754
2023,17,2023_17_DET_DAL,DAL,0.07081430828027924,0.1604865252210987,0.08626924413673896
2023,18,2023_18_DAL_WAS,DAL,0.04291140537737634,0.15035139008596357,0.09678817821808539
2024,1,2024_01_DAL_CLE,DAL,,,
2024,2,2024_02_NO_DAL,DAL,,,
2024,3,2024_03_BAL_DAL,DAL,,,
2024,4,2024_04_DAL_NYG,DAL,,,
2024,5,2024_05_DAL_PIT,DAL,,,
2024,6,2024_06_DET_DAL,DAL,,,
2024,8,2024_08_DAL_SF,DAL,0.06627250428102004,0.154257108035976,0.05649272754535912
2024,9,2024_09_DAL_ATL,DAL,0.058569423048527046,0.11060631438518236,0.047720797720797715
2024,10,2024_10_PHI_DAL,DAL,0.061111180492245266,0.12549375084124625,0.06566951566951566
2024,11,2024_11_HOU_DAL,DAL,0.09197537802310947,0.15759251627334503,0.07005548058179636
2024,12,2024_12_DAL_WAS,DAL,0.09267224213460773,0.15015929908403028,0.048944369470685256
2024,13,2024_13_NYG_DAL,DAL,0.09241622574955909,0.149647266313933,0.05535462588094168
2024,14,2024_14_CIN_DAL,DAL,0.10206534855657662,0.17333147684024877,0.04609536662168242
2024,15,2024_15_DAL_CAR,DAL,0.09740696346340892,0.19041222218186368,0.05486729644624381
2024,16,2024_16_TB_DAL,DAL,0.1144730491569456,0.21474047200030957,0.04306174089068826
2024,17,2024_17_DAL_PHI,DAL,0.09779324878920197,0.18571499262022026,0.03867577597840756
2024,18,2024_18_WAS_DAL,DAL,0.0930313440272972,0.18972501768287695,0.04788212518475676
2016,1,2016_01_CAR_DEN,DEN,,,
2016,2,2016_02_IND_DEN,DEN,,,
2016,3,2016_03_DEN_CIN,DEN,,,
2016,4,2016_04_DEN_TB,DEN,,,
2016,5,2016_05_ATL_DEN,DEN,,,
2016,6,2016_06_DEN_SD,DEN,,,
2016,7,2016_07_HOU_DEN,DEN,0.0941521590715139,0.22569124423963136,0.06346706454465074
2016,8,2016_08_SD_DEN,DEN,0.08423152415087899,0.2131251066734938,0.06346706454465074
2016,9,2016_09_DEN_OAK,DEN,0.07853351845287329,0.2177547363031234,0.06987732095490716
2016,10,2016_10_DEN_NO,DEN,0.06958690950626435,0.2040462225946097,0.06225903707359201
2016,12,2016_12_KC_DEN,DEN,0.05430913172848656,0.15960177815016524,0.05737503218958712
2016,13,2016_13_DEN_JAX,DEN,0.06280586375463036,0.14685668011094957,0.04695836552292045
2016,14,2016_14_DEN_TEN,DEN,0.05592914457483541,0.15485868061107458,0.022608698251293108
2016,15,2016_15_NE_DEN,DEN,0.06645364422976985,0.14951016439299314,0.022608698251293108
2016,16,2016_16_DEN_KC,DEN,0.06343705297788448,0.1323533016478951,0.020471946114540975
2016,17,2016_17_OAK_DEN,DEN,0.05333604287687438,0.14027030956490302,0.03911849964481543
2017,1,2017_01_LAC_DEN,DEN,,,
2017,2,2017_02_DAL_DEN,DEN,,,
2017,3,2017_03_DEN_BUF,DEN,,,
2017,4,2017_04_OAK_DEN,DEN,,,
2017,6,2017_06_NYG_DEN,DEN,,,
2017,7,2017_07_DEN_LAC,DEN,,,
2017,8,2017_08_DEN_KC,DEN,0.08666098619125201,0.14961022424190995,0.08766719391719391
2017,9,2017_09_DEN_PHI,DEN,0.08680953045744334,0.13029946963703767,0.09815670440670439
2017,10,2017_10_NE_DEN,DEN,0.09151038515829805,0.11897468331225136,0.10877446502446503
2017,11,2017_11_CIN_DEN,DEN,0.07367412784835652,0.10201561898476598,0.1051172027465131
2017,12,2017_12_DEN_OAK,DEN,0.0728619121238601,0.11354908227261523,0.12135651898582933
2017,13,2017_13_DEN_MIA,DEN,0.0629551522171002,0.10364232236585531,0.1334623748416852
2017,14,2017_14_NYJ_DEN,DEN,0.055517694475382816,0.11006558132461125,0.13730852868783902
2017,15,2017_15_DEN_IND,DEN,0.07713385609154443,0.1332979045569345,0.1406530102931902
2017,16,2017_16_DEN_WAS,DEN,0.07139908906645481,0.1490685138759309,0.12570624534642524
2017,17,2017_17_KC_DEN,DEN,0.06701312415417411,0.14966121183704992,0.13720049821998848
2018,1,2018_01_SEA_DEN,DEN,,,
2018,2,2018_02_OAK_DEN,DEN,,,
2018,3,2018_03_DEN_BAL,DEN,,,
2018,4,2018_04_KC_DEN,DEN,,,
2018,5,2018_05_DEN_NYJ,DEN,,,
2018,6,2018_06_LA_DEN,DEN,,,
2018,7,2018_07_DEN_ARI,DEN,0.07475012909795518,0.13204428421819725,0.067329336517933
2018,8,2018_08_DEN_KC,DEN,0.07133132567915178,0.13004998222389527,0.05988886032745682
2018,9,2018_09_HOU_DEN,DEN,0.07554007988790598,0.14814762532153838,0.08149379859906175
2018,11,2018_11_DEN_LAC,DEN,0.09141309576092187,0.16005238722630025,0.11089495300021616
2018,12,2018_12_PIT_DEN,DEN,0.09865947257251606,0.14918282200890895,0.11730520941047258
2018,13,2018_13_DEN_CIN,DEN,0.0969686513164774,0.14857895727460946,0.09976134976134976
2018,14,2018_14_DEN_SF,DEN,0.08797628866557816,0.15991179787574272,0.10700772657294398
2018,15,2018_15_CLE_DEN,DEN,0.07964295533224484,0.16083772380166866,0.09430931387453127
2018,16,2018_16_DEN_OAK,DEN,0.08048470617399568,0.15284109080503566,0.0784362980015154
2018,17,2018_17_LAC_DEN,DEN,0.06284802187064471,0.14755008551403037,0.04863831820353559
2019,1,2019_01_DEN_OAK,DEN,,,
2019,2,2019_02_CHI_DEN,DEN,,,
2019,3,2019_03_DEN_GB,DEN,,,
2019,4,2019_04_JAX_DEN,DEN,,,
2019,5,2019_05_DEN_LAC,DEN,,,
2019,6,2019_06_TEN_DEN,DEN,,,
2019,7,2019_07_KC_DEN,DEN,0.05038510911424904,0.11772641691682091,0.10248372837390829
2019,8,2019_08_DEN_IND,DEN,0.05576145320027054,0.13385544917488543,0.10292464548149205
2019,9,2019_09_CLE_DEN,DEN,0.07874995894739699,0.15599252878322942,0.12368845712405786
2019,11,2019_11_DEN_MIN,DEN,0.08632571652315456,0.16539691749796295,0.1176914556248075
2019,12,2019_12_DEN_BUF,DEN,0.08472109521378357,0.13715558245303353,0.12695071488406676
2019,13,2019_13_LAC_DEN,DEN,0.09113135162403997,0.1459696850171361,0.13781064396208095
2019,14,2019_14_DEN_HOU,DEN,0.07830106707119446,0.14063431916347757,0.12111661002666768
2019,15,2019_15_DEN_KC,DEN,0.08235868524932388,0.14337321143371495,0.108770931014322
2019,16,2019_16_DET_DEN,DEN,0.07219069232271028,0.13025797418054666,0.08984619983152631
2019,17,2019_17_OAK_DEN,DEN,0.08842445855647652,0.15082074474331722,0.06685769408439989
2020,1,2020_01_TEN_DEN,DEN,,,
2020,2,2020_02_DEN_PIT,DEN,,,
2020,3,2020_03_TB_DEN,DEN,,,
2020,4,2020_04_DEN_NYJ,DEN,,,
2020,6,2020_06_DEN_NE,DEN,,,
2020,7,2020_07_KC_DEN,DEN,,,
2020,8,2020_08_LAC_DEN,DEN,0.08019119131793345,0.1760723158714391,0.048783993783993784
2020,9,2020_09_DEN_ATL,DEN,0.08364968934164886,0.16404991797947596,0.05755592360855519
2020,10,2020_10_DEN_LV,DEN,0.08869044438240391,0.1926856966152546,0.05802940845704004
2020,11,2020_11_MIA_DEN,DEN,0.08035711104907058,0.1676856966152546,0.04876111577411321
2020,12,2020_12_NO_DEN,DEN,0.0834765406390884,0.16478908342452378,0.04467614845385177
2020,13,2020_13_DEN_KC,DEN,0.0882869537686866,0.14809412021003596,0.045841649619352935
2020,14,2020_14_DEN_CAR,DEN,0.06936348867196665,0.1241243977541907,0.05341740719511051
2020,15,2020_15_BUF_DEN,DEN,0.0772686270118876,0.13235891685827503,0.052581985307057044
2020,16,2020_16_DEN_LAC,DEN,0.07232465865328509,0.11214357956976699,0.036956985307057044
2020,17,2020_17_LV_DEN,DEN,0.08184846817709461,0.1454769129031003,0.04955861132331721
2021,1,2021_01_DEN_NYG,DEN,,,
2021,2,2021_02_DEN_JAX,DEN,,,
2021,3,2021_03_NYJ_DEN,DEN,,,
2021,4,2021_04_BAL_DEN,DEN,,,
2021,5,2021_05_DEN_PIT,DEN,,,
2021,6,2021_06_LV_DEN,DEN,,,
2021,7,2021_07_DEN_CLE,DEN,0.06454675592606628,0.12383478590375142,0.07561813186813186
2021,8,2021_08_WAS_DEN,DEN,0.060901708163371454,0.1355240770048072,0.06400197025197026
2021,9,2021_09_DEN_DAL,DEN,0.07507919734086062,0.14396563544636568,0.05358530358530359
2021,10,2021_10_PHI_DEN,DEN,0.06237594530834031,0.12679083869839816,0.05928330928330928
2021,12,2021_12_LAC_DEN,DEN,0.06320927864167364,0.11762417203173152,0.05543715543715543
2021,13,2021_13_DEN_KC,DEN,0.0672156888980839,0.1360536592112187,0.04619345795816384
2021,14,2021_14_DET_DEN,DEN,0.06127699158007623,0.13547894656754053,0.05313790240260829
2021,15,2021_15_CIN_DEN,DEN,0.06450511209657551,0.12722930524759793,0.0639604132251191
2021,16,2021_16_DEN_LV,DEN,0.06479648738795081,0.14296357098186366,0.07037066963537551
2021,17,2021_17_DEN_LAC,DEN,0.06901208509948348,0.14115688624834968,0.060185484450190334
2021,18,2021_18_KC_DEN,DEN,0.05567875176615015,0.1372859185064142,0.06641259067729656
2022,1,2022_01_DEN_SEA,DEN,,,
2022,2,2022_02_HOU_DEN,DEN,,,
2022,3,2022_03_SF_DEN,DEN,,,
2022,4,2022_04_DEN_LV,DEN,,,
2022,5,2022_05_IND_DEN,DEN,,,
2022,6,2022_06_DEN_LAC,DEN,,,
2022,7,2022_07_NYJ_DEN,DEN,0.07969382578241523,0.16166960683091844,0.0848984105563053
2022,8,2022_08_DEN_JAX,DEN,0.08582409398164896,0.16243589035582265,0.0848984105563053
2022,10,2022_10_DEN_TEN,DEN,0.08372998213143952,0.1481466565543937,0.07679655870445344
2022,11,2022_11_LV_DEN,DEN,0.06803246643392384,0.13586164426938144,0.07527100569148625
2022,12,2022_12_DEN_CAR,DEN,0.06315917208694527,0.1302573557703561,0.07161603493125232
2022,13,2022_13_DEN_BAL,DEN,0.04188257634226442,0.10879412322089733,0.0596316425120773
2022,14,2022_14_KC_DEN,DEN,0.05249302142976616,0.1065204564164327,0.044750690131124905
2022,15,2022_15_ARI_DEN,DEN,0.0428273996951789,0.10247134460870018,0.044750690131124905
2022,16,2022_16_DEN_LA,DEN,0.0452263895941688,0.11737033450769009,0.03433402346445825
2022,17,2022_17_DEN_KC,DEN,0.040721885089664296,0.10530469744205302,0.03171727628249368
2022,18,2022_18_LAC_DEN,DEN,0.036335920177383595,0.09966559969769212,0.017828387393604785
2023,1,2023_01_LV_DEN,DEN,,,
2023,2,2023_02_WAS_DEN,DEN,,,
2023,3,2023_03_DEN_MIA,DEN,,,
2023,4,2023_04_DEN_CHI,DEN,,,
2023,5,2023_05_NYJ_DEN,DEN,,,
2023,6,2023_06_DEN_KC,DEN,,,
2023,7,2023_07_GB_DEN,DEN,0.06257205326972769,0.14181006332169124,0.08046473523712984
2023,8,2023_08_KC_DEN,DEN,0.06257205326972769,0.138204294090922,0.09195898811069307
2023,10,2023_10_DEN_BUF,DEN,0.05926329925195495,0.14784694865700254,0.0989034325551375
2023,11,2023_11_MIN_DEN,DEN,0.05926329925195495,0.1604130862231401,0.0795235875938972
2023,12,2023_12_CLE_DEN,DEN,0.05197320372656531,0.17097115560473888,0.07877687313750532
2023,13,2023_13_DEN_HOU,DEN,0.04393537866746366,0.16446997357164198,0.07356853980417198
2023,14,2023_14_DEN_LAC,DEN,0.06069324460453616,0.16959993253197028,0.059371008939974455
2023,15,2023_15_DEN_DET,DEN,0.0815265779378695,0.18522493253197028,0.059673489278752434
2023,16,2023_16_NE_DEN,DEN,0.07859071524590923,0.17698193343531265,0.04479253689780006
2023,17,2023_17_LAC_DEN,DEN,0.08811452476971876,0.18227293872631792,0.04479253689780006
2023,18,2023_18_DEN_LV,DEN,0.08258410747459557,0.14180033943018924,0.04710735171261487
2024,1,2024_01_DEN_SEA,DEN,,,
2024,2,2024_02_PIT_DEN,DEN,,,
2024,3,2024_03_DEN_TB,DEN,,,
2024,4,2024_04_DEN_NYJ,DEN,,,
2024,5,2024_05_LV_DEN,DEN,,,
2024,6,2024_06_LAC_DEN,DEN,,,
2024,7,2024_07_DEN_NO,DEN,0.09996695369035795,0.22274752992838098,0.08661528741620274
2024,8,2024_08_CAR_DEN,DEN,0.11028441400781826,0.21811790029875136,0.06929927010018544
2024,9,2024_09_DEN_BAL,DEN,0.10346623218963645,0.19349668817753926,0.08504001084092616
2024,10,2024_10_DEN_KC,DEN,0.08263289885630311,0.1643300215108726,0.09974589319386734
2024,11,2024_11_ATL_DEN,DEN,0.07939515602559082,0.15083942638290462,0.08677869258364614
2024,12,2024_12_DEN_LV,DEN,0.08594277507320985,0.1544108549543332,0.0898311956361492
2024,13,2024_13_CLE_DEN,DEN,0.08679707765165036,0.15037233367443262,0.08270400265369306
2024,15,2024_15_IND_DEN,DEN,0.07263937155846041,0.1402170170675031,0.07476749471718512
2024,16,2024_16_DEN_LAC,DEN,0.0726393715584604,0.15688368373416978,0.06539249471718513
2024,17,2024_17_DEN_CIN,DEN,0.07410995979375452,0.18776603667534628,0.06792799167458877
2024,18,2024_18_KC_DEN,DEN,0.08045053950389945,0.19087162673745806,0.07106082375478927
2016,1,2016_01_DET_IND,DET,,,
2016,2,2016_02_TEN_DET,DET,,,
2016,3,2016_03_DET_GB,DET,,,
2016,4,2016_04_DET_CHI,DET,,,
2016,5,2016_05_PHI_DET,DET,,,
2016,6,2016_06_LA_DET,DET,,,
2016,7,2016_07_WAS_DET,DET,0.060712016764648345,0.10286139101928576,0.09040724852884563
2016,8,2016_08_DET_HOU,DET,0.06217543139879469,0.12278009020627763,0.08738244514106581
2016,9,2016_09_DET_MIN,DET,0.06428691788528117,0.13080373885492627,0.082678144065797
2016,11,2016_11_JAX_DET,DET,0.05940291300127629,0.14179274984393728,0.07517814406579701
2016,12,2016_12_MIN_DET,DET,0.05063098317671488,0.13928648417977688,0.0764552832739707
2016,13,2016_13_DET_NO,DET,0.036742094287825995,0.1389111088044015,0.08687194994063736
2016,14,2016_14_CHI_DET,DET,0.03539529294102465,0.14227811217140485,0.06414467721336464
2016,15,2016_15_DET_NYG,DET,0.03231571669071669,0.12084426146926147,0.08780931548246539
2016,16,2016_16_DET_DAL,DET,0.0278018278018278,0.11146926146926146,0.08209694989106754
2016,17,2016_17_GB_DET,DET,0.027441077441077443,0.09523549523549524,0.08543028322440087
2017,1,2017_01_ARI_DET,DET,,,
2017,2,2017_02_DET_NYG,DET,,,
2017,3,2017_03_ATL_DET,DET,,,
2017,4,2017_04_DET_MIN,DET,,,
2017,5,2017_05_CAR_DET,DET,,,
2017,6,2017_06_DET_NO,DET,,,
2017,8,2017_08_PIT_DET,DET,0.05917042042042042,0.13906781781781782,0.09961747461747461
2017,9,2017_09_DET_GB,DET,0.05583708708708709,0.131863516742549,0.11334672110534179
2017,10,2017_10_CLE_DET,DET,0.045509686515784076,0.1242827652593585,0.085568943327564
2017,11,2017_11_DET_CHI,DET,0.05165219265829022,0.14342690940350264,0.08971757247619316
2017,12,2017_12_MIN_DET,DET,0.04661187007764506,0.13368228574758864,0.10082868358730428
2017,13,2017_13_DET_BAL,DET,0.04313964785542284,0.16608969315499608,0.08166492052110219
2017,14,2017_14_DET_TB,DET,0.04313964785542284,0.15868228574758866,0.09734726953678453
2017,15,2017_15_CHI_DET,DET,0.05533476980664235,0.17507357869277618,0.08031114474203906
2017,16,2017_16_DET_CIN,DET,0.050084092299867274,0.16050718302881953,0.10253336696426128
2017,17,2017_17_GB_DET,DET,0.04629621351198849,0.13020415272578922,0.10713823921619235
2018,1,2018_01_NYJ_DET,DET,,,
2018,2,2018_02_DET_SF,DET,,,
2018,3,2018_03_NE_DET,DET,,,
2018,4,2018_04_DET_DAL,DET,,,
2018,5,2018_05_GB_DET,DET,,,
2018,7,2018_07_DET_MIA,DET,,,
2018,8,2018_08_SEA_DET,DET,0.10485605411579924,0.15802039456462244,0.06352687273739906
2018,9,2018_09_DET_MIN,DET,0.10790716014173364,0.17861536023967964,0.06683375104427736
2018,10,2018_10_DET_CHI,DET,0.08390353695332785,0.1441950703846072,0.07537412371508481
2018,11,2018_11_CAR_DET,DET,0.07720710838189927,0.12410578467032148,0.08055753679323473
2018,12,2018_12_CHI_DET,DET,0.07244520361999451,0.11775657832111514,0.07103372726942521
2018,13,2018_13_LA_DET,DET,0.07645482671542354,0.13252535672261206,0.07381150504720298
2018,14,2018_14_DET_ARI,DET,0.06693101719161401,0.1277634519607073,0.06201477183486179
2018,15,2018_15_DET_BUF,DET,0.060750793906127566,0.12297876296549198,0.06201477183486179
2018,16,2018_16_MIN_DET,DET,0.05967725660070622,0.12807806516624345,0.052026522716177886
2018,17,2018_17_DET_GB,DET,0.06558003437848399,0.12911973183291012,0.05310877379842897
2019,1,2019_01_DET_ARI,DET,,,
2019,2,2019_02_LAC_DET,DET,,,
2019,3,2019_03_DET_PHI,DET,,,
2019,4,2019_04_KC_DET,DET,,,
2019,6,2019_06_DET_GB,DET,,,
2019,7,2019_07_MIN_DET,DET,,,
2019,8,2019_08_NYG_DET,DET,0.035380572880572884,0.0949318500789089,0.06970883927405667
2019,9,2019_09_DET_OAK,DET,0.0326027951027951,0.10048740563446446,0.06940690690690692
2019,10,2019_10_DET_CHI,DET,0.03330662393162393,0.0973905587876176,0.06070320320320321
2019,11,2019_11_DAL_DET,DET,0.05024801587301587,0.11341619981325864,0.05653653653653653
2019,12,2019_12_DET_WAS,DET,0.053794115163796015,0.12278803365317759,0.03653653653653654
2019,13,2019_13_CHI_DET,DET,0.0647789636486445,0.13554055890570285,0.05042542542542542
2019,14,2019_14_DET_MIN,DET,0.06905246792214877,0.13365518937327447,0.032407407407407406
2019,15,2019_15_TB_DET,DET,0.06331770089705917,0.12756199940911678,0.029736467236467237
2019,16,2019_16_DET_DEN,DET,0.06568512513948341,0.13987260546972283,0.036601090480400826
2019,17,2019_17_GB_DET,DET,0.03592322037757865,0.10310789958736989,0.034707151086461434
2020,1,2020_01_CHI_DET,DET,,,
2020,2,2020_02_DET_GB,DET,,,
2020,3,2020_03_DET_ARI,DET,,,
2020,4,2020_04_NO_DET,DET,,,
2020,6,2020_06_DET_JAX,DET,,,
2020,7,2020_07_DET_ATL,DET,,,
2020,8,2020_08_IND_DET,DET,0.03788675304570583,0.12166282692229397,0.0790683082349749
2020,9,2020_09_DET_MIN,DET,0.04264150780046058,0.11765882291828994,0.08383021299687966
2020,10,2020_10_WAS_DET,DET,0.04520167165094701,0.11740280653324131,0.0745709537376204
2020,11,2020_11_DET_CAR,DET,0.04641999523769164,0.1315353601394791,0.07504578754578754
2020,12,2020_12_HOU_DET,DET,0.0387039458549756,0.09912795273207171,0.06804298642533936
2020,13,2020_13_DET_CHI,DET,0.04698551935394041,0.10249234196602619,0.05445602990360023
2020,14,2020_14_GB_DET,DET,0.048837371205792256,0.0895293790030632,0.05776454934115194
2020,15,2020_15_DET_TEN,DET,0.039578111946533,0.07606136553504975,0.046474226760506776
2020,16,2020_16_TB_DET,DET,0.03759398496240601,0.06614073061441482,0.06356824385452386
2020,17,2020_17_MIN_DET,DET,0.03932178932178932,0.05032467532467532,0.06356824385452386
2021,1,2021_01_SF_DET,DET,,,
2021,2,2021_02_DET_GB,DET,,,
2021,3,2021_03_BAL_DET,DET,,,
2021,4,2021_04_DET_CHI,DET,,,
2021,5,2021_05_DET_MIN,DET,,,
2021,6,2021_06_CIN_DET,DET,,,
2021,7,2021_07_DET_LA,DET,0.07082231040564374,0.14799933862433862,0.06981399723335206
2021,8,2021_08_PHI_DET,DET,0.06852543989171896,0.13335678909806817,0.07263354610553252
2021,10,2021_10_DET_PIT,DET,0.0518587732250523,0.10002345576473483,0.07275042315088082
2021,11,2021_11_DET_CLE,DET,0.032811154177433244,0.07621393195521102,0.06517466557512323
2021,12,2021_12_CHI_DET,DET,0.029107450473729545,0.0502880060292851,0.052710278110735774
2021,13,2021_13_MIN_DET,DET,0.024014857881136952,0.05769541343669251,0.034647880737993575
2021,14,2021_14_DET_DEN,DET,0.024709302325581394,0.061283376399655476,0.041512503981927164
2021,15,2021_15_ARI_DET,DET,0.027243589743589744,0.08304843304843305,0.045561086977878584
2021,16,2021_16_DET_ATL,DET,0.03353289791969037,0.092482395312584,0.03469152176048728
2021,17,2021_17_DET_SEA,DET,0.052051416438208896,0.11717375333727535,0.04395078101974653
2021,18,2021_18_GB_DET,DET,0.052051416438208896,0.12272930889283092,0.04745123269092991
2022,1,2022_01_PHI_DET,DET,,,
2022,2,2022_02_WAS_DET,DET,,,
2022,3,2022_03_DET_MIN,DET,,,
2022,4,2022_04_SEA_DET,DET,,,
2022,5,2022_05_DET_NE,DET,,,
2022,7,2022_07_DET_DAL,DET,,,
2022,8,2022_08_MIA_DET,DET,0.03708770847135627,0.13515236219638735,0.08757749195249194
2022,9,2022_09_GB_DET,DET,0.040809133245412625,0.1186717667684235,0.09185099622599623
2022,10,2022_10_DET_CHI,DET,0.028789566508864755,0.10259909031838856,0.08931131368631369
2022,11,2022_11_DET_NYG,DET,0.04656044297539339,0.1038068197869876,0.08073988511488511
2022,12,2022_12_BUF_DET,DET,0.05365264155695368,0.12260114602812235,0.08481913919413919
2022,13,2022_13_JAX_DET,DET,0.06476375266806479,0.15223077565775198,0.07151864658330176
2022,14,2022_14_MIN_DET,DET,0.06142708266472812,0.1348800916404013,0.06466557640786315
2022,15,2022_15_DET_NYJ,DET,0.06714790646335513,0.1587168574680138,0.09106074986186014
2022,16,2022_16_DET_CAR,DET,0.0805382198536685,0.18293338168453802,0.10045468925579953
2022,17,2022_17_CHI_DET,DET,0.0587990894188859,0.1539478744381612,0.11119666046288702
2022,18,2022_18_DET_GB,DET,0.09337355750399227,0.17205831010178838,0.09196589123211779
2023,1,2023_01_DET_KC,DET,,,
2023,2,2023_02_SEA_DET,DET,,,
2023,3,2023_03_ATL_DET,DET,,,
2023,4,2023_04_DET_GB,DET,,,
2023,5,2023_05_CAR_DET,DET,,,
2023,6,2023_06_DET_TB,DET,,,
2023,7,2023_07_DET_BAL,DET,0.058089668615984406,0.1445483366535998,0.11061733556298774
2023,8,2023_08_LV_DET,DET,0.058089668615984406,0.12058618769145084,0.10229742144597219
2023,10,2023_10_DET_LAC,DET,0.09115845168476748,0.17217348927875245,0.10489001403856478
2023,11,2023_11_CHI_DET,DET,0.06523252575884154,0.16337719298245615,0.07155668070523143
2023,12,2023_12_GB_DET,DET,0.05872458925090504,0.1503613199665831,0.05845746108427268
2023,13,2023_13_DET_NO,DET,0.05475633528265108,0.14675381635907953,0.06636259942419363
2023,14,2023_14_DET_CHI,DET,0.06112305854241338,0.16684436531210725,0.07446445127604547
2023,15,2023_15_DEN_DET,DET,0.0746365720559269,0.19692802039576232,0.0738471673254282
2023,16,2023_16_DET_MIN,DET,0.0474034565875173,0.18058815111471657,0.07054028901854989
2023,17,2023_17_DET_DAL,DET,0.06407012325418397,0.2055881511147166,0.08569180417006504
2023,18,2023_18_MIN_DET,DET,0.06293191187207016,0.20737676900089544,0.10794853294853295
2024,1,2024_01_LA_DET,DET,,,
2024,2,2024_02_TB_DET,DET,,,
2024,3,2024_03_DET_ARI,DET,,,
2024,4,2024_04_SEA_DET,DET,,,
2024,6,2024_06_DET_DAL,DET,,,
2024,7,2024_07_DET_MIN,DET,,,
2024,8,2024_08_TEN_DET,DET,0.08907563025210084,0.17617588702147524,0.09811649043039539
2024,9,2024_09_DET_GB,DET,0.08681318681318682,0.16159569597069598,0.08158569332894612
2024,10,2024_10_DET_HOU,DET,0.05209096459096459,0.13520680708180707,0.05984656289416351
2024,11,2024_11_JAX_DET,DET,0.06534707784707784,0.14769071956571958,0.0651375681851688
2024,12,2024_12_DET_IND,DET,0.06256930006930007,0.13657960845460845,0.05842962184873949
2024,13,2024_13_CHI_DET,DET,0.048680411180411186,0.13409944972444973,0.05656220821661998
2024,14,2024_14_GB_DET,DET,0.04636559636559636,0.14139111639111637,0.08989554154995331
2024,15,2024_15_BUF_DET,DET,0.050028600028600025,0.17557915057915055,0.09163165266106443
2024,16,2024_16_DET_CHI,DET,0.050028600028600025,0.18195169959875843,0.1063375350140056
2024,17,2024_17_DET_SF,DET,0.039947089947089946,0.1702614379084967,0.11193977591036415
2024,18,2024_18_MIN_DET,DET,0.042328042328042326,0.18295985060690945,0.09233193277310925
2016,1,2016_01_GB_JAX,GB,,,
2016,2,2016_02_GB_MIN,GB,,,
2016,3,2016_03_DET_GB,GB,,,
2016,5,2016_05_NYG_GB,GB,,,
2016,6,2016_06_DAL_GB,GB,,,
2016,7,2016_07_CHI_GB,GB,,,
2016,8,2016_08_GB_ATL,GB,0.07707712678977047,0.14565783301415483,0.19154307849960026
2016,9,2016_09_IND_GB,GB,0.07418137389401758,0.1523073396636615,0.16974820670472845
2016,10,2016_10_GB_TEN,GB,0.06390568467095993,0.13062814166867404,0.13619842315494488
2016,11,2016_11_GB_WAS,GB,0.058289174744105166,0.12122375295394049,0.11235550590389302
2016,12,2016_12_GB_PHI,GB,0.05161182431675474,0.10599939397958151,0.09985550590389299
2016,13,2016_13_HOU_GB,GB,0.05678423810985819,0.13358560087613325,0.1040642601126472
2016,14,2016_14_SEA_GB,GB,0.05962040761269436,0.12524392586779157,0.1040642601126472
2016,15,2016_15_GB_CHI,GB,0.06251616050844726,0.13843568905955475,0.10021810626649336
2016,16,2016_16_MIN_GB,GB,0.057532109471764646,0.11152181346146862,0.08831334436173145
2016,17,2016_17_GB_DET,GB,0.06413066204732872,0.1304660450493784,0.061431623931623935
2017,1,2017_01_SEA_GB,GB,,,
2017,2,2017_02_GB_ATL,GB,,,
2017,3,2017_03_CIN_GB,GB,,,
2017,4,2017_04_CHI_GB,GB,,,
2017,5,2017_05_GB_DAL,GB,,,
2017,6,2017_06_GB_MIN,GB,,,
2017,7,2017_07_NO_GB,GB,0.05886883088021608,0.14958994748268692,0.15709325396825397
2017,9,2017_09_DET_GB,GB,0.04647566848705368,0.12352157141431085,0.1293154761904762
2017,10,2017_10_GB_CHI,GB,0.0352485970133029,0.10106742846680927,0.14109998797498796
2017,11,2017_11_BAL_GB,GB,0.039415263679969566,0.10245631735569816,0.1567862624847919
2017,12,2017_12_GB_PIT,GB,0.05064233515372035,0.11510653873457229,0.16020506590359532
2017,13,2017_13_TB_GB,GB,0.049683929939995986,0.10868522380261904,0.15762570082423025
2017,14,2017_14_GB_CLE,GB,0.0795984598545259,0.1424234154355475,0.1211673674908969
2017,15,2017_15_GB_CAR,GB,0.08643606669213273,0.1573806803928125,0.12425378724398332
2017,16,2017_16_MIN_GB,GB,0.08674243924115237,0.16320175882418506,0.10710865167779514
2017,17,2017_17_GB_DET,GB,0.08376624876496187,0.16974937787180408,0.05808904383465787
2018,1,2018_01_CHI_GB,GB,,,
2018,2,2018_02_MIN_GB,GB,,,
2018,3,2018_03_GB_WAS,GB,,,
2018,4,2018_04_BUF_GB,GB,,,
2018,5,2018_05_GB_DET,GB,,,
2018,6,2018_06_SF_GB,GB,,,
2018,8,2018_08_GB_LA,GB,0.08337134411678022,0.1471695185589709,0.04476410934744268
2018,9,2018_09_GB_NE,GB,0.08611859686403296,0.16182153321098555,0.057638888888888885
2018,10,2018_10_MIA_GB,GB,0.08835457897617606,0.1586395586667819,0.057638888888888885
2018,11,2018_11_GB_SEA,GB,0.11161039292966445,0.1768566129303478,0.052876984126984126
2018,12,2018_12_GB_MIN,GB,0.09714960861593895,0.15969975018524973,0.05198412698412699
2018,13,2018_13_ARI_GB,GB,0.08824156263892746,0.14763078466800839,0.05711548987411056
2018,14,2018_14_ATL_GB,GB,0.08681299121035603,0.13882126085848456,0.05730706075533662
2018,15,2018_15_GB_CHI,GB,0.07454747894484376,0.12222674426396797,0.0590927750410509
2018,16,2018_16_GB_NYJ,GB,0.07152267555706397,0.11481597596390747,0.07633415435139573
2018,17,2018_17_DET_GB,GB,0.05727587061258461,0.08894126404268392,0.0930008210180624
2019,1,2019_01_GB_CHI,GB,,,
2019,2,2019_02_MIN_GB,GB,,,
2019,3,2019_03_DEN_GB,GB,,,
2019,4,2019_04_PHI_GB,GB,,,
2019,5,2019_05_GB_DAL,GB,,,
2019,6,2019_06_DET_GB,GB,,,
2019,7,2019_07_OAK_GB,GB,0.075212612446655,0.14647846243590926,0.033992388378353285
2019,8,2019_08_GB_KC,GB,0.05854594577998834,0.1131451291025759,0.02825762135326369
2019,9,2019_09_GB_LAC,GB,0.06226737055404469,0.11859435823601557,0.02208478184709085
2019,10,2019_10_CAR_GB,GB,0.04480705309372723,0.11303880268046002,0.013312852022529442
2019,12,2019_12_GB_SF,GB,0.05544535096606765,0.13304893439271936,0.013312852022529442
2019,13,2019_13_GB_NYG,GB,0.06654618352850984,0.14091202412444928,0.012952101661779082
2019,14,2019_14_WAS_GB,GB,0.052260469242795544,0.1581578413702665,0.031470620180297594
2019,15,2019_15_CHI_GB,GB,0.07376584558688157,0.19579224997241704,0.04333565540462092
2019,16,2019_16_GB_MIN,GB,0.07392248719089159,0.17699525749121403,0.0556813344169666
2019,17,2019_17_GB_DET,GB,0.085333898602303,0.1762445067404633,0.07651466775029993
2020,1,2020_01_GB_MIN,GB,,,
2020,2,2020_02_DET_GB,GB,,,
2020,3,2020_03_GB_NO,GB,,,
2020,4,2020_04_ATL_GB,GB,,,
2020,6,2020_06_GB_TB,GB,,,
2020,7,2020_07_GB_HOU,GB,,,
2020,8,2020_08_MIN_GB,GB,0.06610334762109547,0.12642280328938835,0.056100288600288595
2020,9,2020_09_GB_SF,GB,0.06530969682744468,0.11372439059097565,0.0589597657244716
2020,10,2020_10_JAX_GB,GB,0.05192130843905629,0.10984551171209678,0.0785676088617265
2020,11,2020_11_GB_IND,GB,0.056307273351337006,0.11861744153665817,0.07748065233998737
2020,12,2020_12_CHI_GB,GB,0.04530790188684925,0.11400818111344425,0.07730521374349615
2020,13,2020_13_PHI_GB,GB,0.05530790188684925,0.11019865730392046,0.08295997564825806
2020,14,2020_14_GB_DET,GB,0.07771686547228343,0.13844328848972812,0.07356603625431866
2020,15,2020_15_CAR_GB,GB,0.08175726951268747,0.15005945010588972,0.0637621146856912
2020,16,2020_16_TEN_GB,GB,0.09028553461989992,0.1532270914314258,0.05649995056078198
2020,17,2020_17_GB_CHI,GB,0.08903240178781974,0.16544513654420775,0.05542641325536063
2021,1,2021_01_GB_NO,GB,,,
2021,2,2021_02_DET_GB,GB,,,
2021,3,2021_03_GB_SF,GB,,,
2021,4,2021_04_PIT_GB,GB,,,
2021,5,2021_05_GB_CIN,GB,,,
2021,6,2021_06_GB_CHI,GB,,,
2021,7,2021_07_WAS_GB,GB,0.061002665841375515,0.15405188389059357,0.05139652014652015
2021,8,2021_08_GB_ARI,GB,0.07726282844300153,0.15869764463391528,0.04712301587301587
2021,9,2021_09_GB_KC,GB,0.08228213346230655,0.14595633189260254,0.055456349206349204
2021,10,2021_10_SEA_GB,GB,0.07151658322307211,0.12502331753853557,0.05958333333333333
2021,11,2021_11_GB_MIN,GB,0.07520798226330837,0.12456189265850603,0.049166666666666664
2021,12,2021_12_LA_GB,GB,0.07231222936755545,0.11930663740325077,0.045000000000000005
2021,14,2021_14_CHI_GB,GB,0.05874336095997738,0.1176425309004346,0.045000000000000005
2021,15,2021_15_GB_BAL,GB,0.05200700788216089,0.1320443892047319,0.045000000000000005
2021,16,2021_16_CLE_GB,GB,0.04645145232660533,0.12569518285552558,0.04948717948717949
2021,17,2021_17_MIN_GB,GB,0.06190675725559446,0.13634681192820727,0.029487179487179493
2021,18,2021_18_GB_DET,GB,0.05840893157966329,0.13729217021899948,0.0597902097902098
2022,1,2022_01_GB_MIN,GB,,,
2022,2,2022_02_CHI_GB,GB,,,
2022,3,2022_03_GB_TB,GB,,,
2022,4,2022_04_NE_GB,GB,,,
2022,5,2022_05_NYG_GB,GB,,,
2022,6,2022_06_NYJ_GB,GB,,,
2022,7,2022_07_GB_WAS,GB,0.10092007026789634,0.18823012736056213,0.056107025193046695
2022,8,2022_08_GB_BUF,GB,0.10077152600170503,0.19194373401534529,0.055793741985026644
2022,9,2022_09_GB_DET,GB,0.07740291929976499,0.15093844301005424,0.061966581491199484
2022,10,2022_10_DAL_GB,GB,0.0665333540823737,0.1556764586176351,0.07238324815786615
2022,11,2022_11_TEN_GB,GB,0.04681113186015146,0.1431764586176351,0.0673327431073611
2022,12,2022_12_GB_PHI,GB,0.05648375090777052,0.14020026814144462,0.06699672160198476
2022,13,2022_13_GB_CHI,GB,0.050928195352214954,0.13464471258588906,0.06369843258941003
2022,15,2022_15_LA_GB,GB,0.046026234567901225,0.11052706552706552,0.052821239606953896
2022,16,2022_16_GB_MIA,GB,0.06573183760683761,0.1432905982905983,0.06371448579431772
2022,17,2022_17_MIN_GB,GB,0.07807751661918329,0.1610968660968661,0.06255707838691033
2022,18,2022_18_DET_GB,GB,0.08014208118374784,0.1762995687995688,0.07922374505357699
2023,1,2023_01_GB_CHI,GB,,,
2023,2,2023_02_GB_ATL,GB,,,
2023,3,2023_03_NO_GB,GB,,,
2023,4,2023_04_DET_GB,GB,,,
2023,5,2023_05_GB_LV,GB,,,
2023,7,2023_07_GB_DEN,GB,,,
2023,8,2023_08_MIN_GB,GB,0.07418166628692945,0.15394926710716184,0.08609397908515792
2023,9,2023_09_LA_GB,GB,0.07146654515075568,0.16522746259588364,0.09093268876257728
2023,10,2023_10_GB_PIT,GB,0.07216316653703224,0.16296344309048483,0.1118728597027482
2023,11,2023_11_LAC_GB,GB,0.061563751332353873,0.1644254313945784,0.10892673175662027
2023,12,2023_12_GB_DET,GB,0.05922457004580416,0.15302192262264858,0.12200812710545746
2023,13,2023_13_KC_GB,GB,0.050593617664851785,0.16611716071788665,0.09901962135833103
2023,14,2023_14_GB_NYG,GB,0.05892695099818512,0.17259864219936816,0.08542987776858744
2023,15,2023_15_TB_GB,GB,0.04576905626134301,0.1533839387741384,0.08353234456175633
2023,16,2023_16_GB_CAR,GB,0.06527445507708667,0.15059745322903217,0.06382674152281996
2023,17,2023_17_GB_MIN,GB,0.06710194045720362,0.1622933596617807,0.06560736830344673
2023,18,2023_18_CHI_GB,GB,0.07684852915116074,0.1959190906559328,0.0447740349701134
2024,1,2024_01_GB_PHI,GB,,,
2024,2,2024_02_IND_GB,GB,,,
2024,3,2024_03_GB_TEN,GB,,,
2024,4,2024_04_MIN_GB,GB,,,
2024,5,2024_05_GB_LA,GB,,,
2024,6,2024_06_ARI_GB,GB,,,
2024,7,2024_07_HOU_GB,GB,0.06729497354497353,0.13024140211640212,0.08465336475209247
2024,8,2024_08_GB_JAX,GB,0.08470238095238096,0.15375992063492064,0.09213530489657133
2024,9,2024_09_DET_GB,GB,0.08499098124098124,0.15967622655122657,0.07885028074198196
2024,11,2024_11_GB_CHI,GB,0.0604913263065437,0.14173281730346948,0.09447528074198196
2024,12,2024_12_SF_GB,GB,0.06366592948114687,0.15363757920823137,0.0846713591733545
2024,13,2024_13_MIA_GB,GB,0.06400195098652321,0.1385166114662959,0.09975756606990623
2024,14,2024_14_GB_DET,GB,0.07972522142677478,0.15217620266126444,0.13288386006576544
2024,15,2024_15_GB_SEA,GB,0.0570268087283621,0.11741429789935968,0.11817797771282425
2024,16,2024_16_NO_GB,GB,0.08114297034452371,0.1472122776973395,0.12451855742296919
2024,17,2024_17_GB_MIN,GB,0.08904810868444464,0.15577617756558718,0.12556022408963585
2024,18,2024_18_CHI_GB,GB,0.07855027318660915,0.14235626414567376,0.165530058177117
2016,1,2016_01_CHI_HOU,HOU,,,
2016,2,2016_02_KC_HOU,HOU,,,
2016,3,2016_03_HOU_NE,HOU,,,
2016,4,2016_04_TEN_HOU,HOU,,,
2016,5,2016_05_HOU_MIN,HOU,,,
2016,6,2016_06_IND_HOU,HOU,,,
2016,7,2016_07_HOU_DEN,HOU,0.07936123636446449,0.1909942127257407,0.11155806616332932
2016,8,2016_08_DET_HOU,HOU,0.054851432442895864,0.15217068331397599,0.078224732829996
2016,10,2016_10_HOU_JAX,HOU,0.042559523809523804,0.12749007936507936,0.07258563508563509
2016,11,2016_11_HOU_OAK,HOU,0.04063644688644689,0.13838751526251528,0.07491663741663741
2016,12,2016_12_SD_HOU,HOU,0.03508089133089133,0.11616529304029304,0.08637497074997075
2016,13,2016_13_HOU_GB,HOU,0.03004056875024617,0.11196502422308874,0.10564424001924001
2016,14,2016_14_HOU_IND,HOU,0.021131198550553388,0.11027531608176767,0.10925000925000926
2016,15,2016_15_JAX_HOU,HOU,0.024754386956350488,0.13737676535713,0.12036112036112036
2016,16,2016_16_CIN_HOU,HOU,0.03189724409920763,0.15324978123014588,0.12512302512302512
2016,17,2016_17_HOU_TEN,HOU,0.036850624052587586,0.145382648363013,0.1450592292697556
2017,1,2017_01_JAX_HOU,HOU,,,
2017,2,2017_02_HOU_CIN,HOU,,,
2017,3,2017_03_HOU_NE,HOU,,,
2017,4,2017_04_TEN_HOU,HOU,,,
2017,5,2017_05_KC_HOU,HOU,,,
2017,6,2017_06_CLE_HOU,HOU,,,
2017,8,2017_08_HOU_SEA,HOU,0.06916828001552007,0.1378767787625297,0.09599720454983612
2017,9,2017_09_IND_HOU,HOU,0.0769202180000162,0.1373230689064943,0.13079573934837094
2017,10,2017_10_HOU_LA,HOU,0.07891383841468923,0.1500822395604018,0.12781954887218044
2017,11,2017_11_ARI_HOU,HOU,0.07078375711387623,0.14195215825958876,0.14281954887218043
2017,12,2017_12_HOU_BAL,HOU,0.06489150122162034,0.13311377442120495,0.1710846560846561
2017,13,2017_13_HOU_TEN,HOU,0.06551995773242979,0.1300971831693196,0.169394947943335
2017,14,2017_14_SF_HOU,HOU,0.0625931284641371,0.11497523194980737,0.18939494794333503
2017,15,2017_15_HOU_JAX,HOU,0.06436500000345051,0.1298146560915571,0.15790493258235191
2017,16,2017_16_PIT_HOU,HOU,0.054769040407490914,0.121733848010749,0.14443375463748978
2017,17,2017_17_HOU_IND,HOU,0.0425739184562714,0.10289915966386555,0.1103861355898707
2018,1,2018_01_HOU_NE,HOU,,,
2018,2,2018_02_HOU_TEN,HOU,,,
2018,3,2018_03_NYG_HOU,HOU,,,
2018,4,2018_04_HOU_IND,HOU,,,
2018,5,2018_05_DAL_HOU,HOU,,,
2018,6,2018_06_BUF_HOU,HOU,,,
2018,7,2018_07_HOU_JAX,HOU,0.06688777622714089,0.13296738282350837,0.11394711141161445
2018,8,2018_08_MIA_HOU,HOU,0.07325044854951629,0.15249725203524395,0.11394711141161445
2018,9,2018_09_HOU_DEN,HOU,0.07433740507125541,0.15883783174538887,0.12590789572533995
2018,11,2018_11_HOU_WAS,HOU,0.06171114244499278,0.16010045800801512,0.13238937720682142
2018,12,2018_12_TEN_HOU,HOU,0.07084661481575927,0.16210580560159804,0.09892081736909324
2018,13,2018_13_CLE_HOU,HOU,0.09457668526440592,0.16970684379218015,0.0976714420567494
2018,14,2018_14_IND_HOU,HOU,0.08382399709236292,0.1519893462359729,0.13470847909378644
2018,15,2018_15_HOU_NYJ,HOU,0.07708318145367064,0.13151411873344512,0.14195485590538062
2018,16,2018_16_HOU_PHI,HOU,0.08094497007155681,0.13913606995295733,0.13679356558279998
2018,17,2018_17_JAX_HOU,HOU,0.07657434070092745,0.1254414312583186,0.14209659588583032
2019,1,2019_01_HOU_NO,HOU,,,
2019,2,2019_02_JAX_HOU,HOU,,,
2019,3,2019_03_HOU_LAC,HOU,,,
2019,4,2019_04_CAR_HOU,HOU,,,
2019,5,2019_05_ATL_HOU,HOU,,,
2019,6,2019_06_HOU_KC,HOU,,,
2019,7,2019_07_HOU_IND,HOU,0.06309163031852108,0.13783554644899185,0.07222222222222223
2019,8,2019_08_OAK_HOU,HOU,0.0633687921810488,0.154927194638201,0.06275946275946276
2019,9,2019_09_HOU_JAX,HOU,0.04535077416303077,0.128951218662225,0.09899134681743377
2019,11,2019_11_HOU_BAL,HOU,0.04208280030682162,0.10934337552497013,0.07121356903965599
2019,12,2019_12_IND_HOU,HOU,0.028569286793308103,0.09299369250862044,0.0683178161439031
2019,13,2019_13_NE_HOU,HOU,0.028176822115129146,0.09142383379590457,0.06019815802424499
2019,14,2019_14_DEN_HOU,HOU,0.03335111405412697,0.11811228695494598,0.0774395373345898
2019,15,2019_15_HOU_TEN,HOU,0.03523845435610141,0.13727605002114807,0.07720212043050624
2019,16,2019_16_HOU_TB,HOU,0.04378546290310995,0.15736152010661816,0.040970236372535225
2019,17,2019_17_TEN_HOU,HOU,0.040517489046900806,0.15736152010661816,0.04890674430904316
2020,1,2020_01_HOU_KC,HOU,,,
2020,2,2020_02_BAL_HOU,HOU,,,
2020,3,2020_03_HOU_PIT,HOU,,,
2020,4,2020_04_MIN_HOU,HOU,,,
2020,5,2020_05_JAX_HOU,HOU,,,
2020,6,2020_06_HOU_TEN,HOU,,,
2020,7,2020_07_GB_HOU,HOU,0.07756141133499624,0.1580648177817989,0.04683331422237511
2020,9,2020_09_HOU_JAX,HOU,0.0725109062844912,0.14781526341459747,0.03957115009746589
2020,10,2020_10_HOU_CLE,HOU,0.05683146377578038,0.13431352125431875,0.03957115009746589
2020,11,2020_11_NE_HOU,HOU,0.056220963165279775,0.12881901575981325,0.0473803071364047
2020,12,2020_12_HOU_DET,HOU,0.044157471101787714,0.10723171417251165,0.06821364046973803
2020,13,2020_13_IND_HOU,HOU,0.04546774363847534,0.11928622151003787,0.05729410023985298
2020,14,2020_14_HOU_CHI,HOU,0.051049880799559876,0.11848877334416864,0.07410976648080657
2020,15,2020_15_HOU_IND,HOU,0.06493876968844876,0.13673496070800306,0.0835032179032435
2020,16,2020_16_CIN_HOU,HOU,0.06236424394319131,0.1371414647730437,0.1052423483380261
2020,17,2020_17_TEN_HOU,HOU,0.054427736006683373,0.13881230854915066,0.09304722638680658
2021,1,2021_01_JAX_HOU,HOU,,,
2021,2,2021_02_HOU_CLE,HOU,,,
2021,3,2021_03_CAR_HOU,HOU,,,
2021,4,2021_04_HOU_BUF,HOU,,,
2021,5,2021_05_NE_HOU,HOU,,,
2021,6,2021_06_HOU_IND,HOU,,,
2021,7,2021_07_HOU_ARI,HOU,0.05694758791270011,0.13005328652243098,0.07243132684309155
2021,8,2021_08_LA_HOU,HOU,0.07457579304090524,0.1380661070352515,0.09495384936561407
2021,9,2021_09_HOU_MIA,HOU,0.0648449441796216,0.13309716293587262,0.07582038953006694
2021,11,2021_11_HOU_TEN,HOU,0.06551582782922866,0.13894343473959123,0.09238604609572353
2021,12,2021_12_NYJ_HOU,HOU,0.06648033400206815,0.14280145943094924,0.11738604609572352
2021,13,2021_13_IND_HOU,HOU,0.08491351372557045,0.14510560689638705,0.11500509371477113
2021,14,2021_14_SEA_HOU,HOU,0.07700837538564952,0.12896594945238177,0.1160734697831472
2021,15,2021_15_HOU_JAX,HOU,0.05617504205231618,0.11387974255583004,0.1165394530077511
2021,16,2021_16_LAC_HOU,HOU,0.06360825924163092,0.12061609563364654,0.13116310892172964
2021,17,2021_17_HOU_SF,HOU,0.053809826990791065,0.0966332662196861,0.11207219983082052
2021,18,2021_18_TEN_HOU,HOU,0.05458143192906267,0.08583079708388364,0.0967568845155052
2022,1,2022_01_IND_HOU,HOU,,,
2022,2,2022_02_HOU_DEN,HOU,,,
2022,3,2022_03_HOU_CHI,HOU,,,
2022,4,2022_04_LAC_HOU,HOU,,,
2022,5,2022_05_HOU_JAX,HOU,,,
2022,7,2022_07_HOU_LV,HOU,,,
2022,8,2022_08_TEN_HOU,HOU,0.06911397426103309,0.13044787398667249,0.11917234209961997
2022,9,2022_09_PHI_HOU,HOU,0.10116525631231514,0.15929402783282634,0.10835362864932757
2022,10,2022_10_HOU_NYG,HOU,0.10796475030345998,0.1567639835570515,0.11305792972459638
2022,11,2022_11_WAS_HOU,HOU,0.0950859624246721,0.14540034719341513,0.11828842617849711
2022,12,2022_12_HOU_MIA,HOU,0.09091929575800543,0.1782707175637855,0.10409089531429956
2022,13,2022_13_CLE_HOU,HOU,0.10903523778699094,0.19646374870778796,0.09768063890404316
2022,14,2022_14_HOU_DAL,HOU,0.11032923364620419,0.19309935947383353,0.09670598003464746
2022,15,2022_15_KC_HOU,HOU,0.0760343618513324,0.16265064152511557,0.10172390118160086
2022,16,2022_16_HOU_TEN,HOU,0.062104743083003955,0.1471325574586444,0.09099157794927763
2022,17,2022_17_JAX_HOU,HOU,0.06179610110769531,0.14250292782901477,0.09476645783946293
2022,18,2022_18_HOU_IND,HOU,0.07254878927973832,0.12159492305004226,0.1010882969199227
2023,1,2023_01_HOU_BAL,HOU,,,
2023,2,2023_02_IND_HOU,HOU,,,
2023,3,2023_03_HOU_JAX,HOU,,,
2023,4,2023_04_PIT_HOU,HOU,,,
2023,5,2023_05_HOU_ATL,HOU,,,
2023,6,2023_06_NO_HOU,HOU,,,
2023,8,2023_08_HOU_CAR,HOU,0.04805936607519079,0.1411282299900681,0.09233445566778901
2023,9,2023_09_TB_HOU,HOU,0.04944536746119218,0.13229247115430928,0.12895061728395063
2023,10,2023_10_HOU_CIN,HOU,0.05986203412785884,0.15328363277047086,0.14507964954201513
2023,11,2023_11_ARI_HOU,HOU,0.075013549279374,0.16753327202011012,0.1597401433691756
2023,12,2023_12_JAX_HOU,HOU,0.07403603217282463,0.16052773275650634,0.1587145023435346
2023,13,2023_13_DEN_HOU,HOU,0.07403603217282463,0.1519807242094978,0.1587145023435346
2023,14,2023_14_HOU_NYJ,HOU,0.08498810330706881,0.17594515708739844,0.14315894678797905
2023,15,2023_15_HOU_TEN,HOU,0.07462774294670846,0.17740912105136242,0.12072304935208161
2023,16,2023_16_CLE_HOU,HOU,0.09956461163357716,0.20187250488974628,0.13237179487179487
2023,17,2023_17_TEN_HOU,HOU,0.0880362848878591,0.19676710304521397,0.13758012820512822
2023,18,2023_18_HOU_IND,HOU,0.10413476973634395,0.2288062444593554,0.1436851343101343
2024,1,2024_01_HOU_IND,HOU,,,
2024,2,2024_02_CHI_HOU,HOU,,,
2024,3,2024_03_HOU_MIN,HOU,,,
2024,4,2024_04_JAX_HOU,HOU,,,
2024,5,2024_05_BUF_HOU,HOU,,,
2024,6,2024_06_HOU_NE,HOU,,,
2024,7,2024_07_HOU_GB,HOU,0.09151782360985398,0.18413081891497451,0.12467092086657304
2024,8,2024_08_IND_HOU,HOU,0.08953369662572698,0.19603558081973646,0.13626512376512376
2024,9,2024_09_HOU_NYJ,HOU,0.08554106763309799,0.19869733348148907,0.12635836385836385
2024,10,2024_10_DET_HOU,HOU,0.07451165586839212,0.18705517661874396,0.1323107448107448
2024,11,2024_11_HOU_DAL,HOU,0.0696096950840784,0.2001270720435806,0.14051781551781553
2024,12,2024_12_TEN_HOU,HOU,0.07789455318384923,0.16813341789233785,0.12927442927442928
2024,13,2024_13_HOU_JAX,HOU,0.10028057556987162,0.17755192731084726,0.1187849187849188
2024,15,2024_15_MIA_HOU,HOU,0.08639168668098272,0.16113778589670588,0.10545158545158545
2024,16,2024_16_HOU_KC,HOU,0.07549707113520439,0.1322251523329095,0.10140300245563404
2024,17,2024_17_BAL_HOU,HOU,0.0696614035348309,0.12849032506867047,0.08354585959849116
2024,18,2024_18_HOU_TEN,HOU,0.07892066279409017,0.13774958432792972,0.09165015840046438
2016,1,2016_01_DET_IND,IND,,,
2016,2,2016_02_IND_DEN,IND,,,
2016,3,2016_03_SD_IND,IND,,,
2016,4,2016_04_IND_JAX,IND,,,
2016,5,2016_05_CHI_IND,IND,,,
2016,6,2016_06_IND_HOU,IND,,,
2016,7,2016_07_IND_TEN,IND,0.03511420828493999,0.13306064248350125,0.09560257420689722
2016,8,2016_08_KC_IND,IND,0.04314266356949284,0.13245088638594027,0.08072162182594483
2016,9,2016_09_IND_GB,IND,0.04974439517122444,0.13136863530368917,0.07773476400037732
2016,11,2016_11_TEN_IND,IND,0.05225261174275186,0.1292928698651837,0.06793084243174986
2016,12,2016_12_PIT_IND,IND,0.05774356781510328,0.1286468750331424,0.05771372876636035
2016,13,2016_13_IND_NYJ,IND,0.05774356781510328,0.11720353800841003,0.04894179894179893
2016,14,2016_14_HOU_IND,IND,0.0579628660607173,0.13145792397332232,0.05489417989417989
2016,15,2016_15_IND_MIN,IND,0.05858825693001063,0.12629844930165252,0.04894179894179893
2016,16,2016_16_IND_OAK,IND,0.06495511702027497,0.12839387160984078,0.03042328042328042
2016,17,2016_17_JAX_IND,IND,0.05907872390983931,0.11897137920862498,0.04393679393679393
2017,1,2017_01_IND_LA,IND,,,
2017,2,2017_02_ARI_IND,IND,,,
2017,3,2017_03_CLE_IND,IND,,,
2017,4,2017_04_IND_SEA,IND,,,
2017,5,2017_05_SF_IND,IND,,,
2017,6,2017_06_IND_TEN,IND,,,
2017,7,2017_07_JAX_IND,IND,0.05417684913652656,0.1656972955360052,0.07238689415160003
2017,8,2017_08_IND_CIN,IND,0.054752886002886005,0.17395382395382397,0.0662443880090939
2017,9,2017_09_IND_HOU,IND,0.053711219336219335,0.16770382395382397,0.09926026102496692
2017,10,2017_10_PIT_IND,IND,0.05748537392559131,0.16543933120020077,0.09132375308845897
2017,12,2017_12_TEN_IND,IND,0.0458692123094297,0.15281306857393814,0.09788940965411554
2017,13,2017_13_IND_JAX,IND,0.038924767864985256,0.13545195746282704,0.10492404168874758
2017,14,2017_14_IND_BUF,IND,0.03814776708798447,0.109422431433301,0.1259843176509843
2017,15,2017_15_DEN_IND,IND,0.03219538613560353,0.07966052667139624,0.13658315177923022
2017,16,2017_16_IND_BAL,IND,0.028064639009166743,0.06565190598174107,0.11139336571987894
2017,17,2017_17_HOU_IND,IND,0.025091766471076814,0.0452134072823728,0.12701836571987893
2018,1,2018_01_CIN_IND,IND,,,
2018,2,2018_02_IND_WAS,IND,,,
2018,3,2018_03_IND_PHI,IND,,,
2018,4,2018_04_HOU_IND,IND,,,
2018,5,2018_05_IND_NE,IND,,,
2018,6,2018_06_IND_NYJ,IND,,,
2018,7,2018_07_BUF_IND,IND,0.07538265306122449,0.1166782622139765,0.12611362067883805
2018,8,2018_08_IND_OAK,IND,0.07437255205112348,0.1252641207998351,0.13217422673944412
2018,10,2018_10_JAX_IND,IND,0.06416847041847042,0.11080833848690991,0.08671968128489867
2018,11,2018_11_TEN_IND,IND,0.044327200577200576,0.09127231895089037,0.10212584374988466
2018,12,2018_12_MIA_IND,IND,0.04502748068924539,0.09157243899890959,0.10974489136893228
2018,13,2018_13_IND_JAX,IND,0.05143773709950181,0.1250805975070681,0.11583184789067143
2018,14,2018_14_IND_HOU,IND,0.05953958895135366,0.15787380738361131,0.12663431702647387
2018,15,2018_15_DAL_IND,IND,0.06881842381158386,0.16362903406907056,0.1372403776325345
2018,16,2018_16_NYG_IND,IND,0.08072318571634578,0.17751792295795943,0.14481613520829206
2018,17,2018_17_IND_TEN,IND,0.08072318571634578,0.1883959338359703,0.1400832075544719
2019,1,2019_01_IND_LAC,IND,,,
2019,2,2019_02_IND_TEN,IND,,,
2019,3,2019_03_ATL_IND,IND,,,
2019,4,2019_04_OAK_IND,IND,,,
2019,5,2019_05_IND_KC,IND,,,
2019,7,2019_07_HOU_IND,IND,,,
2019,8,2019_08_DEN_IND,IND,0.07260291579829524,0.13571840749598327,0.10287698412698414
2019,9,2019_09_IND_PIT,IND,0.06934477043488672,0.12406427215763742,0.10486111111111111
2019,10,2019_10_MIA_IND,IND,0.05314106673118301,0.11191149437985963,0.11791666666666667
2019,11,2019_11_JAX_IND,IND,0.0670299556200719,0.12471105865001213,0.11214743589743591
2019,12,2019_12_IND_HOU,IND,0.06848828895340524,0.13616939198334546,0.12024928774928774
2019,13,2019_13_TEN_IND,IND,0.058360757070434484,0.13054298538169506,0.12421754171754174
2019,14,2019_14_IND_TB,IND,0.08056152927120669,0.13923024406895376,0.10893976393976396
2019,15,2019_15_IND_NO,IND,0.06960914831882574,0.1401826250213347,0.09703500203500204
2019,16,2019_16_CAR_IND,IND,0.06497951868919612,0.13740484724355692,0.0921865171865172
2019,17,2019_17_IND_JAX,IND,0.06775729646697388,0.12833077316948283,0.07295574795574795
2020,1,2020_01_IND_JAX,IND,,,
2020,2,2020_02_MIN_IND,IND,,,
2020,3,2020_03_NYJ_IND,IND,,,
2020,4,2020_04_IND_CHI,IND,,,
2020,5,2020_05_IND_CLE,IND,,,
2020,6,2020_06_CIN_IND,IND,,,
2020,8,2020_08_IND_DET,IND,0.07205139982673096,0.15242050603440363,0.08583991599635964
2020,9,2020_09_BAL_IND,IND,0.062004118502853894,0.153011522582867,0.12262921365522252
2020,10,2020_10_IND_TEN,IND,0.058096072525842396,0.13186209729551066,0.14455903821662602
2020,11,2020_11_GB_IND,IND,0.05329576530618033,0.12398959345526488,0.14815099223961453
2020,12,2020_12_TEN_IND,IND,0.05369330058743655,0.10888325276752885,0.12854314910235964
2020,13,2020_13_IND_HOU,IND,0.05666617312552647,0.11055549357020443,0.12214584270505323
2020,14,2020_14_IND_LV,IND,0.06791593678595377,0.1212380422561564,0.10652084270505323
2020,15,2020_15_HOU_IND,IND,0.05018544033205308,0.10011562474150948,0.07796606415027467
2020,16,2020_16_IND_PIT,IND,0.054968049027705246,0.11214461024875584,0.047264309764309766
2020,17,2020_17_JAX_IND,IND,0.05234900140865762,0.08904937215351776,0.06214526214526214
2021,1,2021_01_SEA_IND,IND,,,
2021,2,2021_02_LA_IND,IND,,,
2021,3,2021_03_IND_TEN,IND,,,
2021,4,2021_04_IND_MIA,IND,,,
2021,5,2021_05_IND_BAL,IND,,,
2021,6,2021_06_HOU_IND,IND,,,
2021,7,2021_07_IND_SF,IND,0.060210615409654535,0.11940026850802417,0.0963275999951741
2021,8,2021_08_TEN_IND,IND,0.05209095728999641,0.1087165078242635,0.09787080987171731
2021,9,2021_09_NYJ_IND,IND,0.06022812671748842,0.11510999808872148,0.09675846281943701
2021,10,2021_10_JAX_IND,IND,0.0604485852712803,0.12789659420865093,0.09556229057063316
2021,11,2021_11_IND_BUF,IND,0.058117582940277975,0.15042961674167346,0.08167340168174429
2021,12,2021_12_TB_IND,IND,0.0550904250091242,0.1484403415297724,0.056032376040718646
2021,13,2021_13_IND_HOU,IND,0.05694227686097605,0.1438107119001428,0.05071096267332826
2021,15,2021_15_NE_IND,IND,0.06733654209395096,0.17517271906860157,0.03682207378443937
2021,16,2021_16_IND_ARI,IND,0.057446216986234554,0.17076613857506454,0.047008831000059065
2021,17,2021_17_LV_IND,IND,0.051273377480061715,0.1460747805503732,0.03943307342430149
2021,18,2021_18_IND_JAX,IND,0.04825678622817634,0.13275150252121282,0.04483430799220273
2022,1,2022_01_IND_HOU,IND,,,
2022,2,2022_02_IND_JAX,IND,,,
2022,3,2022_03_KC_IND,IND,,,
2022,4,2022_04_TEN_IND,IND,,,
2022,5,2022_05_IND_DEN,IND,,,
2022,6,2022_06_JAX_IND,IND,,,
2022,7,2022_07_IND_TEN,IND,0.07791453223929763,0.14041963219849798,0.12414835784401002
2022,8,2022_08_WAS_IND,IND,0.08056604739081279,0.17261660189546765,0.12057692927258146
2022,9,2022_09_IND_NE,IND,0.0906670574918229,0.19685902613789188,0.0919411506368028
2022,10,2022_10_IND_LV,IND,0.1058889357167971,0.19943900549805704,0.10591630591630591
2022,11,2022_11_PHI_IND,IND,0.09318568368427677,0.18097694587746083,0.1079004329004329
2022,12,2022_12_PIT_IND,IND,0.09553895057242738,0.17170230578886725,0.10609668109668109
2022,13,2022_13_IND_DAL,IND,0.08647259254773602,0.16263594776417586,0.09515392015392016
2022,15,2022_15_IND_MIN,IND,0.0765294107295542,0.11481397806720618,0.08577016665251959
2022,16,2022_16_LAC_IND,IND,0.08494691914706261,0.10856097181419992,0.09469873808109103
2022,17,2022_17_IND_NYG,IND,0.08438669505742676,0.11738450122596465,0.06940111903347197
2022,18,2022_18_HOU_IND,IND,0.07625661375661376,0.11501322751322751,0.06452123915359209
2023,1,2023_01_JAX_IND,IND,,,
2023,2,2023_02_IND_HOU,IND,,,
2023,3,2023_03_IND_BAL,IND,,,
2023,4,2023_04_LA_IND,IND,,,
2023,5,2023_05_TEN_IND,IND,,,
2023,6,2023_06_IND_JAX,IND,,,
2023,7,2023_07_CLE_IND,IND,0.0754371178622011,0.1609929430129208,0.12288511771270393
2023,8,2023_08_NO_IND,IND,0.0741802048405822,0.17129962979019583,0.12372545384715772
2023,9,2023_09_IND_CAR,IND,0.06086783586783587,0.1541088541088541,0.11838357350527735
2023,10,2023_10_IND_NE,IND,0.05732409278920907,0.15831704901472343,0.10631793643964031
2023,12,2023_12_TB_IND,IND,0.0754292515193678,0.1734460172686917,0.10631793643964028
2023,13,2023_13_IND_TEN,IND,0.0978266489167652,0.16794051176318617,0.10751410868844413
2023,14,2023_14_IND_CIN,IND,0.10831615940627569,0.17687602069869512,0.08315723950398873
2023,15,2023_15_PIT_IND,IND,0.09976915085926714,0.1669614907841652,0.06937047479810637
2023,16,2023_16_IND_ATL,IND,0.1164358175259338,0.19473926856194299,0.06937047479810637
2023,17,2023_17_LV_IND,IND,0.10583390234125528,0.18618933696139575,0.08564031606794764
2023,18,2023_18_HOU_IND,IND,0.08659495676302399,0.1597225002267019,0.0897143901420217
2024,1,2024_01_HOU_IND,IND,,,
2024,2,2024_02_IND_GB,IND,,,
2024,3,2024_03_CHI_IND,IND,,,
2024,4,2024_04_PIT_IND,IND,,,
2024,5,2024_05_IND_JAX,IND,,,
2024,6,2024_06_IND_TEN,IND,,,
2024,7,2024_07_MIA_IND,IND,0.04775828460038986,0.1116796621182586,0.07644807644607561
2024,8,2024_08_IND_HOU,IND,0.04114452798663325,0.0997749002134967,0.0848830357956691
2024,9,2024_09_IND_MIN,IND,0.0496915365336418,0.13823643867503518,0.1151367768496704
2024,10,2024_10_BUF_IND,IND,0.05508964719491035,0.1535310855486294,0.10695225304014659
2024,11,2024_11_IND_NYJ,IND,0.046092796092796096,0.14419685253018585,0.10121748601505698
2024,12,2024_12_DET_IND,IND,0.061717796092796096,0.17023851919685254,0.07947835558027438
2024,13,2024_13_IND_NE,IND,0.07453830891330891,0.18400869963369962,0.09462987073178952
2024,15,2024_15_IND_DEN,IND,0.08168116605616606,0.16853250915750917,0.09288255890383253
2024,16,2024_16_TEN_IND,IND,0.07803611829347123,0.1349729314802844,0.05307838691575251
2024,17,2024_17_IND_NYG,IND,0.06557173082908377,0.12357692008427303,0.04469976372734671
2024,18,2024_18_JAX_IND,IND,0.057024722282075224,0.10945577552834586,0.07265675297465854
2016,1,2016_01_GB_JAX,JAX,,,
2016,2,2016_02_JAX_SD,JAX,,,
2016,3,2016_03_BAL_JAX,JAX,,,
2016,4,2016_04_IND_JAX,JAX,,,
2016,6,2016_06_JAX_CHI,JAX,,,
2016,7,2016_07_OAK_JAX,JAX,,,
2016,8,2016_08_JAX_TEN,JAX,0.05472222222222222,0.10170688545688544,0.09526921879863055
2016,9,2016_09_JAX_KC,JAX,0.049960317460317455,0.10191392479435957,0.09077309476762281
2016,10,2016_10_HOU_JAX,JAX,0.04162698412698412,0.12334249622293099,0.08211508610961415
2016,11,2016_11_JAX_DET,JAX,0.03964285714285714,0.12532662320705798,0.09221609621062425
2016,12,2016_12_JAX_BUF,JAX,0.0326984126984127,0.09870625283668762,0.14237482636935442
2016,13,2016_13_DEN_JAX,JAX,0.06559696342305038,0.11769176008306442,0.15718964118416923
2016,14,2016_14_MIN_JAX,JAX,0.0784174762435632,0.14523853762984199,0.1554389409040572
2016,15,2016_15_JAX_HOU,JAX,0.0784174762435632,0.14054970557528101,0.15142931780862814
2016,16,2016_16_TEN_JAX,JAX,0.06889366671975367,0.12494686869584841,0.16315952308722054
2016,17,2016_17_JAX_IND,JAX,0.07357958363971315,0.1283663215833864,0.16139184631954376
2017,1,2017_01_JAX_HOU,JAX,,,
2017,2,2017_02_TEN_JAX,JAX,,,
2017,3,2017_03_BAL_JAX,JAX,,,
2017,4,2017_04_JAX_NYJ,JAX,,,
2017,5,2017_05_JAX_PIT,JAX,,,
2017,6,2017_06_LA_JAX,JAX,,,
2017,7,2017_07_JAX_IND,JAX,0.1028823269561453,0.15492276511273592,0.10782709339774559
2017,9,2017_09_CIN_JAX,JAX,0.10211143580597572,0.17542846970724715,0.10275462962962963
2017,10,2017_10_LAC_JAX,JAX,0.11282572152026143,0.18019037446915195,0.12753676470588235
2017,11,2017_11_JAX_CLE,JAX,0.10133146864669822,0.179724391244548,0.13531454248366012
2017,12,2017_12_JAX_ARI,JAX,0.10133146864669822,0.17071538223553903,0.12894880174291937
2017,13,2017_13_IND_JAX,JAX,0.09965018209699061,0.16150485591974956,0.10932514582894091
2017,14,2017_14_SEA_JAX,JAX,0.09548351543032395,0.155949300364194,0.09490206890586396
2017,15,2017_15_HOU_JAX,JAX,0.07012353262353263,0.12951474201474203,0.10601318001697507
2017,16,2017_16_JAX_SF,JAX,0.072504485004485,0.16046712296712298,0.07660141531109273
2017,17,2017_17_JAX_TEN,JAX,0.07788082909050652,0.15944997678868647,0.06310935181902924
2018,1,2018_01_JAX_NYG,JAX,,,
2018,2,2018_02_NE_JAX,JAX,,,
2018,3,2018_03_TEN_JAX,JAX,,,
2018,4,2018_04_NYJ_JAX,JAX,,,
2018,5,2018_05_JAX_KC,JAX,,,
2018,6,2018_06_JAX_DAL,JAX,,,
2018,7,2018_07_HOU_JAX,JAX,0.07248741656636394,0.13812598023124337,0.10595238095238095
2018,8,2018_08_PHI_JAX,JAX,0.07060707468602205,0.1458182879235511,0.07573466323466323
2018,10,2018_10_JAX_IND,JAX,0.08120590881426795,0.17191791696435657,0.07474259974259974
2018,11,2018_11_PIT_JAX,JAX,0.060372575480934616,0.15563439206014204,0.07652831402831402
2018,12,2018_12_JAX_BUF,JAX,0.05388134741075918,0.15809053241101922,0.06787030537030538
2018,13,2018_13_IND_JAX,JAX,0.04960784313725491,0.18935458999086627,0.0766004641004641
2018,14,2018_14_JAX_TEN,JAX,0.042032085561497325,0.18884953948581576,0.08156078156078156
2018,15,2018_15_WAS_JAX,JAX,0.042032085561497325,0.1621828728191491,0.0978896103896104
2018,16,2018_16_JAX_MIA,JAX,0.040281385281385286,0.16568427337937316,0.12224025974025976
2018,17,2018_17_JAX_HOU,JAX,0.06028138528138529,0.20085668717247662,0.1291847041847042
2019,1,2019_01_KC_JAX,JAX,,,
2019,2,2019_02_JAX_HOU,JAX,,,
2019,3,2019_03_TEN_JAX,JAX,,,
2019,4,2019_04_JAX_DEN,JAX,,,
2019,5,2019_05_JAX_CAR,JAX,,,
2019,6,2019_06_NO_JAX,JAX,,,
2019,7,2019_07_JAX_CIN,JAX,0.07834066027343338,0.14548891572332526,0.0815289648622982
2019,8,2019_08_NYJ_JAX,JAX,0.0857480676808408,0.1518069985119963,0.11037511870845203
2019,9,2019_09_HOU_JAX,JAX,0.09973408166685478,0.17278601949101727,0.10481956315289649
2019,11,2019_11_JAX_IND,JAX,0.07486896320567721,0.1721995780178763,0.09539271549075469
2019,12,2019_12_JAX_TEN,JAX,0.09338748172419571,0.19607872031807125,0.10002234512038433
2019,13,2019_13_TB_JAX,JAX,0.08745352919581595,0.1891127760456254,0.08543199719670308
2019,14,2019_14_LAC_JAX,JAX,0.09265103439332113,0.20805479498764434,0.08182622796593385
2019,15,2019_15_JAX_OAK,JAX,0.09119600793829467,0.2237955357283851,0.040159561299267184
2019,16,2019_16_JAX_ATL,JAX,0.07367464041692717,0.19334681777966714,0.05578456129926718
2019,17,2019_17_IND_JAX,JAX,0.07155070238594266,0.17485606315697846,0.06449915824915825
2020,1,2020_01_IND_JAX,JAX,,,
2020,2,2020_02_JAX_TEN,JAX,,,
2020,3,2020_03_MIA_JAX,JAX,,,
2020,4,2020_04_JAX_CIN,JAX,,,
2020,5,2020_05_JAX_HOU,JAX,,,
2020,6,2020_06_DET_JAX,JAX,,,
2020,7,2020_07_JAX_LAC,JAX,0.027283408028088877,0.1548018491086439,0.06637072078248549
2020,9,2020_09_HOU_JAX,JAX,0.02744101244101244,0.15204377188248155,0.07899698340874811
2020,10,2020_10_JAX_GB,JAX,0.030578267342973225,0.1449849483530698,0.0821482439129498
2020,11,2020_11_PIT_JAX,JAX,0.02740366416837005,0.1195881229562444,0.07492602169072757
2020,12,2020_12_CLE_JAX,JAX,0.022899159663865548,0.10793516565111318,0.07129493962827296
2020,13,2020_13_JAX_MIN,JAX,0.029022218206278927,0.09016336158898652,0.07382019215352549
2020,14,2020_14_TEN_JAX,JAX,0.043206615369399494,0.11830337531582251,0.06977160915757406
2020,15,2020_15_JAX_BAL,JAX,0.04616957833236246,0.14645152346397064,0.06623625562222053
2020,16,2020_16_CHI_JAX,JAX,0.04253849626990785,0.13918935933906143,0.052883617269582184
2020,17,2020_17_JAX_IND,JAX,0.04228109601250759,0.15193067208037417,0.06136846575443067
2021,1,2021_01_JAX_HOU,JAX,,,
2021,2,2021_02_DEN_JAX,JAX,,,
2021,3,2021_03_ARI_JAX,JAX,,,
2021,4,2021_04_JAX_CIN,JAX,,,
2021,5,2021_05_TEN_JAX,JAX,,,
2021,6,2021_06_MIA_JAX,JAX,,,
2021,8,2021_08_JAX_SEA,JAX,0.043465979348332295,0.1425846100110806,0.04794489611562782
2021,9,2021_09_BUF_JAX,JAX,0.05708253708253708,0.13169136382371677,0.06648148148148149
2021,10,2021_10_JAX_IND,JAX,0.056640918993860166,0.12179911863735393,0.07917989417989417
2021,11,2021_11_SF_JAX,JAX,0.061402823755764925,0.1549923959482783,0.07424162257495591
2021,12,2021_12_ATL_JAX,JAX,0.07024120759414877,0.16761865857454095,0.09011463844797178
2021,13,2021_13_JAX_LA,JAX,0.05579676314970433,0.14317421413009648,0.08660250562549414
2021,14,2021_14_JAX_TEN,JAX,0.0600702674232086,0.1370310517369341,0.09061485130450647
2021,15,2021_15_HOU_JAX,JAX,0.06059936795230913,0.16613158083746318,0.07865406699078098
2021,16,2021_16_JAX_NYJ,JAX,0.052903816613494026,0.1561168222458545,0.06125479959151359
2021,17,2021_17_JAX_NE,JAX,0.05538828866318347,0.1325143377738048,0.05971158971497038
2021,18,2021_18_IND_JAX,JAX,0.041499399774294586,0.10473655999602705,0.04834307834645901
2022,1,2022_01_JAX_WAS,JAX,,,
2022,2,2022_02_IND_JAX,JAX,,,
2022,3,2022_03_JAX_LAC,JAX,,,
2022,4,2022_04_JAX_PHI,JAX,,,
2022,5,2022_05_HOU_JAX,JAX,,,
2022,6,2022_06_JAX_IND,JAX,,,
2022,7,2022_07_NYG_JAX,JAX,0.049792019574628275,0.16336360765248018,0.0917693396630778
2022,8,2022_08_DEN_JAX,JAX,0.05138048487277099,0.16434112475902954,0.09695859485233299
2022,9,2022_09_LV_JAX,JAX,0.04272247621476233,0.1473137077316125,0.08413808203182016
2022,10,2022_10_JAX_KC,JAX,0.047871217633526635,0.138732472033672,0.10021995337684941
2022,12,2022_12_BAL_JAX,JAX,0.035966455728764724,0.13397056727176723,0.09305945954968893
2022,13,2022_13_JAX_DET,JAX,0.034201749846411784,0.11534311629137507,0.10073995110114821
2022,14,2022_14_JAX_TEN,JAX,0.04195368783090791,0.11389783971799446,0.10168871770456378
2022,15,2022_15_DAL_JAX,JAX,0.052081219713878656,0.13265252839016248,0.09292803394388001
2022,16,2022_16_JAX_NYJ,JAX,0.052081219713878656,0.13770303344066753,0.11325323719591253
2022,17,2022_17_JAX_HOU,JAX,0.057198178778206134,0.15695254611123285,0.10272692140643884
2022,18,2022_18_TEN_JAX,JAX,0.06444455558980035,0.181383187933179,0.10449058983677395
2023,1,2023_01_JAX_IND,JAX,,,
2023,2,2023_02_KC_JAX,JAX,,,
2023,3,2023_03_HOU_JAX,JAX,,,
2023,4,2023_04_ATL_JAX,JAX,,,
2023,5,2023_05_JAX_BUF,JAX,,,
2023,6,2023_06_IND_JAX,JAX,,,
2023,7,2023_07_JAX_NO,JAX,0.047140438640037675,0.13918957181323446,0.11428277604748194
2023,8,2023_08_JAX_PIT,JAX,0.03456053927923256,0.13640159411705602,0.11221495139901212
2023,10,2023_10_SF_JAX,JAX,0.0414618505283699,0.15313727389621407,0.10463919382325454
2023,11,2023_11_TEN_JAX,JAX,0.052572961639481004,0.16980394056288073,0.08455372373778446
2023,12,2023_12_JAX_HOU,JAX,0.05106920224098477,0.1627863967032316,0.06182645101051173
2023,13,2023_13_CIN_JAX,JAX,0.06773586890765144,0.1633961528007926,0.035371424555485274
2023,14,2023_14_JAX_CLE,JAX,0.06724526055329204,0.16360641352408947,0.04169653524492234
2023,15,2023_15_BAL_JAX,JAX,0.067944472350902,0.15400814248417083,0.04880098993002219
2023,16,2023_16_JAX_TB,JAX,0.07559342565202921,0.17695500238755246,0.04880098993002219
2023,17,2023_17_CAR_JAX,JAX,0.07349132354992712,0.15608413151668157,0.06176395289298515
2023,18,2023_18_JAX_TEN,JAX,0.08226325337448852,0.164856061341243,0.06176395289298515
2024,1,2024_01_JAX_MIA,JAX,,,
2024,2,2024_02_CLE_JAX,JAX,,,
2024,3,2024_03_JAX_BUF,JAX,,,
2024,4,2024_04_JAX_HOU,JAX,,,
2024,5,2024_05_IND_JAX,JAX,,,
2024,6,2024_06_JAX_CHI,JAX,,,
2024,7,2024_07_NE_JAX,JAX,0.05892620937263795,0.12072970765367079,0.07997347480106101
2024,8,2024_08_GB_JAX,JAX,0.054759542705971276,0.11656304098700411,0.0688623636899499
2024,9,2024_09_JAX_PHI,JAX,0.05145266439909297,0.09738314680710995,0.0701886236368995
2024,10,2024_10_MIN_JAX,JAX,0.06930980725623583,0.1098639455782313,0.057616784556439725
2024,11,2024_11_JAX_DET,JAX,0.06564680359323216,0.09887493458922031,0.06283443512292751
2024,13,2024_13_HOU_JAX,JAX,0.05204136141636142,0.09196914196914197,0.07446234209967169
2024,14,2024_14_JAX_TEN,JAX,0.04567562067562067,0.08502469752469753,0.08204854899622341
2024,15,2024_15_NYJ_JAX,JAX,0.04714620891091479,0.0872305798776387,0.06577870772638215
2024,16,2024_16_JAX_LV,JAX,0.046402161291867174,0.08499843702049585,0.06745094852905774
2024,17,2024_17_TEN_JAX,JAX,0.03667509973553732,0.08746649741538552,0.08172563988708242
2024,18,2024_18_JAX_IND,JAX,0.04710747781497423,0.09915578851644131,0.0867643995770049
2016,1,2016_01_SD_KC,KC,,,
2016,2,2016_02_KC_HOU,KC,,,
2016,3,2016_03_NYJ_KC,KC,,,
2016,4,2016_04_KC_PIT,KC,,,
2016,6,2016_06_KC_OAK,KC,,,
2016,7,2016_07_NO_KC,KC,,,
2016,8,2016_08_KC_IND,KC,0.03780004494290209,0.0864503650217936,0.06526592280268752
2016,9,2016_09_JAX_KC,KC,0.0576857843408366,0.11765229866275162,0.06799409740586211
2016,10,2016_10_KC_CAR,KC,0.0559139128015232,0.1170985888067162,0.07412154838625427
2016,11,2016_11_TB_KC,KC,0.06424724613485654,0.11861374032186771,0.07804004368405991
2016,12,2016_12_KC_DEN,KC,0.057302801690412096,0.12833596254408994,0.09463129556942945
2016,13,2016_13_KC_ATL,KC,0.06941106379867419,0.14899123319936058,0.1111431634744862
2016,14,2016_14_OAK_KC,KC,0.07478163307901792,0.17924544014529686,0.11821387054519328
2016,15,2016_15_TEN_KC,KC,0.05435964314483286,0.14643475489558722,0.11027736260868536
2016,16,2016_16_DEN_KC,KC,0.051369609922241495,0.1279408457040036,0.0951911557121336
2016,17,2016_17_KC_SD,KC,0.043036276588908164,0.13065402399857726,0.10750642664809422
2017,1,2017_01_KC_NE,KC,,,
2017,2,2017_02_PHI_KC,KC,,,
2017,3,2017_03_KC_LAC,KC,,,
2017,4,2017_04_WAS_KC,KC,,,
2017,5,2017_05_KC_HOU,KC,,,
2017,6,2017_06_PIT_KC,KC,,,
2017,7,2017_07_KC_OAK,KC,0.06028693528693529,0.1283831908831909,0.10712147991559756
2017,8,2017_08_DEN_KC,KC,0.047466422466422464,0.10594729344729344,0.1166452894394071
2017,9,2017_09_KC_DAL,KC,0.04073565323565324,0.09472934472934473,0.10336255699158925
2017,11,2017_11_KC_NYG,KC,0.03770110608345902,0.08655941008882186,0.0874403071983717
2017,12,2017_12_BUF_KC,KC,0.03770110608345902,0.08424459527400703,0.0966550507881153
2017,13,2017_13_KC_NYJ,KC,0.03456490536661314,0.08260182346994492,0.1212421378752024
2017,14,2017_14_OAK_KC,KC,0.028154648956356738,0.09292945879758023,0.12655745319051773
2017,15,2017_15_LAC_KC,KC,0.03926576006746785,0.10824284911097055,0.1330509596840242
2017,16,2017_16_MIA_KC,KC,0.035537689892029246,0.10933934033904073,0.12449768500171726
2017,17,2017_17_KC_DEN,KC,0.03063572910771552,0.08973149720178582,0.11878531941031943
2018,1,2018_01_KC_LAC,KC,,,
2018,2,2018_02_KC_PIT,KC,,,
2018,3,2018_03_SF_KC,KC,,,
2018,4,2018_04_KC_DEN,KC,,,
2018,5,2018_05_JAX_KC,KC,,,
2018,6,2018_06_KC_NE,KC,,,
2018,7,2018_07_CIN_KC,KC,0.06447550049700587,0.1309540583734132,0.061623034636527886
2018,8,2018_08_DEN_KC,KC,0.07091289026772897,0.126721254140609,0.05437665782493369
2018,9,2018_09_KC_CLE,KC,0.0895922395922396,0.15015660015660015,0.03948832035595106
2018,10,2018_10_ARI_KC,KC,0.07748906498906499,0.13676374301374303,0.024086021505376348
2018,11,2018_11_KC_LA,KC,0.07841044091044092,0.1454656267156267,0.03075268817204301
2018,13,2018_13_KC_OAK,KC,0.08121627704961039,0.13424228215894882,0.05456221198156682
2018,14,2018_14_BAL_KC,KC,0.08440238999182088,0.15006298090647685,0.07180359129191165
2018,15,2018_15_LAC_KC,KC,0.08678334237277326,0.14768202852552445,0.07597025795857831
2018,16,2018_16_KC_SEA,KC,0.08435521494464583,0.15516066100415696,0.07216201423097975
2018,17,2018_17_OAK_KC,KC,0.0930357705002014,0.18641066100415693,0.07433255686663866
2019,1,2019_01_KC_JAX,KC,,,
2019,2,2019_02_KC_OAK,KC,,,
2019,3,2019_03_BAL_KC,KC,,,
2019,4,2019_04_KC_DET,KC,,,
2019,5,2019_05_IND_KC,KC,,,
2019,6,2019_06_HOU_KC,KC,,,
2019,7,2019_07_KC_DEN,KC,0.04513918423458751,0.09888861599826791,0.056419206892570184
2019,8,2019_08_GB_KC,KC,0.07526100040291529,0.12424852740469094,0.05357829780166109
2019,9,2019_09_MIN_KC,KC,0.08499570301309929,0.15655490310002684,0.044806367977099686
2019,10,2019_10_KC_TEN,KC,0.07863090941426314,0.15591842374014322,0.057152046989445364
2019,11,2019_11_KC_LAC,KC,0.09007255701151713,0.18757364875921265,0.04286633270373108
2019,13,2019_13_OAK_KC,KC,0.0961331630721232,0.19154439066098902,0.04559537753803907
2019,14,2019_14_KC_NE,KC,0.10654982973878986,0.19420911934315954,0.050798629570559396
2019,15,2019_15_DEN_KC,KC,0.08416610880855731,0.18432539841292703,0.06496200242958443
2019,16,2019_16_KC_CHI,KC,0.07017279218366175,0.17137635914809826,0.08718422465180664
2019,17,2019_17_LAC_KC,KC,0.07941280142367098,0.1813093690811082,0.07483854563946096
2020,1,2020_01_HOU_KC,KC,,,
2020,2,2020_02_KC_LAC,KC,,,
2020,3,2020_03_KC_BAL,KC,,,
2020,4,2020_04_NE_KC,KC,,,
2020,5,2020_05_LV_KC,KC,,,
2020,6,2020_06_KC_BUF,KC,,,
2020,7,2020_07_KC_DEN,KC,0.062130502755502755,0.1637405835322502,0.043600602296254475
2020,8,2020_08_NYJ_KC,KC,0.05574039171422892,0.15996937045871154,0.053701612397264564
2020,9,2020_09_CAR_KC,KC,0.0515929262764409,0.15351775755548575,0.046125854821506995
2020,11,2020_11_KC_LV,KC,0.03716984935336398,0.15632224473497291,0.06001474371039588
2020,12,2020_12_KC_TB,KC,0.028622840806355437,0.13605756317996878,0.05690119059684277
2020,13,2020_13_DEN_KC,KC,0.027382761441276073,0.14300200762441323,0.05213928583493801
2020,14,2020_14_KC_MIA,KC,0.027382761441276066,0.13512631584067547,0.03545066045066045
2020,15,2020_15_KC_NO,KC,0.028333470816733142,0.1370277345915896,0.03923853923853924
2020,16,2020_16_ATL_KC,KC,0.027586756360341264,0.14255342156888948,0.049042460807166684
2020,17,2020_17_LAC_KC,KC,0.03827051704410195,0.16498931900478694,0.04239994872987201
2021,1,2021_01_CLE_KC,KC,,,
2021,2,2021_02_KC_BAL,KC,,,
2021,3,2021_03_LAC_KC,KC,,,
2021,4,2021_04_KC_PHI,KC,,,
2021,5,2021_05_BUF_KC,KC,,,
2021,6,2021_06_KC_WAS,KC,,,
2021,7,2021_07_KC_TEN,KC,0.03082882578318684,0.11445753367660061,0.07552052299591881
2021,8,2021_08_NYG_KC,KC,0.02546484110885734,0.10966826164594928,0.08222246303119217
2021,9,2021_09_GB_KC,KC,0.033606603560964614,0.1270692833573158,0.07836067441330599
2021,10,2021_10_KC_LV,KC,0.03420184165620271,0.13540261669064915,0.061390977443609024
2021,11,2021_11_DAL_KC,KC,0.03340692909658426,0.13831729607591678,0.07642857142857143
2021,13,2021_13_DEN_KC,KC,0.050768040207695375,0.15621259522121592,0.07494047619047618
2021,14,2021_14_LV_KC,KC,0.05473629417594935,0.1540758430844638,0.08569316436251921
2021,15,2021_15_KC_LAC,KC,0.06259460991603848,0.15829822169107885,0.08053443420378904
2021,16,2021_16_PIT_KC,KC,0.048705721027149596,0.1479705863634435,0.07647460514395998
2021,17,2021_17_KC_CIN,KC,0.05135122367265224,0.12204466043751756,0.07647460514395998
2021,18,2021_18_KC_DEN,KC,0.05749372981515838,0.13740092579378294,0.05266508133443617
2022,1,2022_01_KC_ARI,KC,,,
2022,2,2022_02_LAC_KC,KC,,,
2022,3,2022_03_KC_IND,KC,,,
2022,4,2022_04_KC_TB,KC,,,
2022,5,2022_05_LV_KC,KC,,,
2022,6,2022_06_BUF_KC,KC,,,
2022,7,2022_07_KC_SF,KC,0.05576220488980418,0.15283845334457233,0.11753792404330038
2022,9,2022_09_TEN_KC,KC,0.060474167194105734,0.14919048252833883,0.12583518234055868
2022,10,2022_10_JAX_KC,KC,0.08012329000112328,0.14883960533535637,0.1176934198884514
2022,11,2022_11_KC_LAC,KC,0.07880053867837196,0.1276755841713352,0.12618107420943905
2022,12,2022_12_LA_KC,KC,0.09946540839984545,0.15957136135013125,0.08173662976499461
2022,13,2022_13_KC_CIN,KC,0.10756726025169731,0.15918555888099548,0.09292710595547081
2022,14,2022_14_KC_DEN,KC,0.10871055293462413,0.14813372961270277,0.08122565118001224
2022,15,2022_15_KC_HOU,KC,0.11237068365357838,0.1618592198087812,0.06535263530699637
2022,16,2022_16_SEA_KC,KC,0.09161044973544974,0.16332120811287476,0.07151027077497667
2022,17,2022_17_DEN_KC,KC,0.08102843915343914,0.17258046737213403,0.08293500195777236
2022,18,2022_18_KC_LV,KC,0.07309193121693121,0.15670745149911816,0.07876833529110569
2023,1,2023_01_DET_KC,KC,,,
2023,2,2023_02_KC_JAX,KC,,,
2023,3,2023_03_CHI_KC,KC,,,
2023,4,2023_04_KC_NYJ,KC,,,
2023,5,2023_05_KC_MIN,KC,,,
2023,6,2023_06_DEN_KC,KC,,,
2023,7,2023_07_LAC_KC,KC,0.08289349019465668,0.1796260041753149,0.061819172113289765
2023,8,2023_08_KC_DEN,KC,0.10207338437455087,0.19920272375203443,0.05201525054466231
2023,9,2023_09_MIA_KC,KC,0.12758063075136247,0.23746359331725186,0.055255991285403046
2023,11,2023_11_PHI_KC,KC,0.12109414426487597,0.23782395367761222,0.06319249922191099
2023,12,2023_12_KC_LV,KC,0.14382826049492717,0.22186490519823854,0.07444885361552027
2023,13,2023_13_KC_GB,KC,0.13859016525683193,0.2009125242458576,0.07968234797944942
2023,14,2023_14_BUF_KC,KC,0.12172106944036769,0.18640510184369832,0.0724601257572272
2023,15,2023_15_KC_NE,KC,0.10902265674195499,0.1853469007854973,0.0724601257572272
2023,16,2023_16_LV_KC,KC,0.08807027578957403,0.15391832935692584,0.08079345909056053
2023,17,2023_17_CIN_KC,KC,0.08904951589924892,0.17036956319946403,0.07823329524007411
2023,18,2023_18_KC_LAC,KC,0.08382634400941036,0.20123376073032825,0.06299409770920991
2024,1,2024_01_BAL_KC,KC,,,
2024,2,2024_02_CIN_KC,KC,,,
2024,3,2024_03_KC_ATL,KC,,,
2024,4,2024_04_KC_LAC,KC,,,
2024,5,2024_05_NO_KC,KC,,,
2024,7,2024_07_KC_SF,KC,,,
2024,8,2024_08_KC_LV,KC,0.048715842514507696,0.21281368180700774,0.09222853535353535
2024,9,2024_09_TB_KC,KC,0.06855711235577754,0.2469406659339919,0.11876623376623378
2024,10,2024_10_DEN_KC,KC,0.06583760963627482,0.23645115544448136,0.11119047619047621
2024,11,2024_11_KC_BUF,KC,0.06550158813089847,0.208729381250933,0.09901656314699793
2024,12,2024_12_KC_CAR,KC,0.054007335257335254,0.16792478354978357,0.08893591798570762
2024,13,2024_13_LV_KC,KC,0.05838671463671463,0.15328514391014392,0.0778248068745965
2024,14,2024_14_LAC_KC,KC,0.0664941043230517,0.14052597325623642,0.07032480687459651
2024,15,2024_15_KC_CLE,KC,0.05783609566504303,0.13778427051453368,0.0455232195730092
2024,16,2024_16_HOU_KC,KC,0.0691026069315543,0.16536779809806126,0.06139623544602507
2024,17,2024_17_KC_PIT,KC,0.06681602156570064,0.18404157858586614,0.07631524652871903
2024,18,2024_18_KC_DEN,KC,0.08665729140697048,0.20308919763348518,0.07093890244269752
2016,1,2016_01_LA_SF,LA,,,
2016,2,2016_02_SEA_LA,LA,,,
2016,3,2016_03_LA_TB,LA,,,
2016,4,2016_04_LA_ARI,LA,,,
2016,5,2016_05_BUF_LA,LA,,,
2016,6,2016_06_LA_DET,LA,,,
2016,7,2016_07_NYG_LA,LA,0.04292701976169718,0.14699599368954208,0.14606375106375105
2016,9,2016_09_CAR_LA,LA,0.04292701976169718,0.16926111595466434,0.13455581455581456
2016,10,2016_10_LA_NYJ,LA,0.056440533275210696,0.15574760244115085,0.11955581455581456
2016,11,2016_11_MIA_LA,LA,0.05611469423969423,0.15175607425607426,0.13864672364672367
2016,12,2016_12_LA_NO,LA,0.06365855388881704,0.16351046022098653,0.15373444294496927
2016,13,2016_13_LA_NE,LA,0.05887222910249226,0.1643651610756874,0.16646592442645075
2016,14,2016_14_ATL_LA,LA,0.05366389576915893,0.16164776977133957,0.15099289171203872
2016,15,2016_15_LA_SEA,LA,0.06408056243582559,0.1606624094109792,0.15599289171203873
2016,16,2016_16_SF_LA,LA,0.053462801818064974,0.1693496680982379,0.16265955837870538
2016,17,2016_17_ARI_LA,LA,0.06467245936918595,0.17760293244906322,0.14710400282314984
2017,1,2017_01_IND_LA,LA,,,
2017,2,2017_02_WAS_LA,LA,,,
2017,3,2017_03_LA_SF,LA,,,
2017,4,2017_04_LA_DAL,LA,,,
2017,5,2017_05_SEA_LA,LA,,,
2017,6,2017_06_LA_JAX,LA,,,
2017,7,2017_07_ARI_LA,LA,0.09560939924480716,0.19206292726057236,0.1089234222567556
2017,9,2017_09_LA_NYG,LA,0.08322844686385476,0.18253911773676282,0.09503453336786671
2017,10,2017_10_HOU_LA,LA,0.08006752732362489,0.17621727865630307,0.0950345333678667
2017,11,2017_11_LA_MIN,LA,0.07701502427112183,0.18262753506655946,0.09826685660018993
2017,12,2017_12_NO_LA,LA,0.06846801572411329,0.17464282971343303,0.11114163614163614
2017,13,2017_13_LA_ARI,LA,0.07055860805860806,0.1442130968446758,0.09114163614163613
2017,14,2017_14_PHI_LA,LA,0.07963980463980465,0.14934130197288092,0.05909035409035409
2017,15,2017_15_LA_SEA,LA,0.07164339853019099,0.15068901086775963,0.06540348540348541
2017,16,2017_16_LA_TEN,LA,0.09484159672838917,0.17005838023712902,0.062386894151600036
2017,17,2017_17_SF_LA,LA,0.08618775057454303,0.15670367938242813,0.055463817228523116
2018,1,2018_01_LA_OAK,LA,,,
2018,2,2018_02_ARI_LA,LA,,,
2018,3,2018_03_LAC_LA,LA,,,
2018,4,2018_04_MIN_LA,LA,,,
2018,5,2018_05_LA_SEA,LA,,,
2018,6,2018_06_LA_DEN,LA,,,
2018,7,2018_07_LA_SF,LA,0.054799991998350776,0.13032978998793507,0.07689062944018187
2018,8,2018_08_GB_LA,LA,0.08504867683814034,0.17695819744848026,0.0832312091503268
2018,9,2018_09_LA_NO,LA,0.09424781103727455,0.18760033309061588,0.0896639576883385
2018,10,2018_10_SEA_LA,LA,0.08383114437060789,0.18007718494246774,0.08280121259029928
2018,11,2018_11_KC_LA,LA,0.09393215447161797,0.20330950817479101,0.06319336945304438
2018,13,2018_13_LA_DET,LA,0.08964348248108263,0.19857718046109682,0.06631836945304438
2018,14,2018_14_LA_CHI,LA,0.09943540414570932,0.2318289144472249,0.09836965150432642
2018,15,2018_15_PHI_LA,LA,0.07049802274153474,0.18375807320750323,0.08229822293289786
2018,16,2018_16_LA_ARI,LA,0.0553465075900196,0.15948306506152735,0.0703099188393306
2018,17,2018_17_SF_LA,LA,0.07439412663763866,0.17905978463824693,0.07902451578922166
2019,1,2019_01_LA_CAR,LA,,,
2019,2,2019_02_NO_LA,LA,,,
2019,3,2019_03_LA_CLE,LA,,,
2019,4,2019_04_TB_LA,LA,,,
2019,5,2019_05_LA_SEA,LA,,,
2019,6,2019_06_SF_LA,LA,,,
2019,7,2019_07_LA_ATL,LA,0.057967057955713656,0.1231819316901563,0.09358064043228904
2019,8,2019_08_CIN_LA,LA,0.06770176056589765,0.1511023424732115,0.10131010903132287
2019,10,2019_10_LA_PIT,LA,0.07331263459782432,0.15220871200063368,0.09979495751617136
2019,11,2019_11_CHI_LA,LA,0.07268724372853101,0.17597356503377937,0.12988755010876393
2019,12,2019_12_BAL_LA,LA,0.07493530574403488,0.17326038673920574,0.1229431056643195
2019,13,2019_13_LA_ARI,LA,0.08749940830813745,0.18479884827766727,0.10743922969532727
2019,14,2019_14_SEA_LA,LA,0.10297559878432794,0.1818226578014768,0.10318061568061566
2019,15,2019_15_LA_DAL,LA,0.10137097747495694,0.17422745027045414,0.08095839345839345
2019,16,2019_16_LA_SF,LA,0.08675109443402125,0.16685394404111265,0.07691798941798941
2019,17,2019_17_ARI_LA,LA,0.10485900278583205,0.16562211354098946,0.047127329192546585
2020,1,2020_01_DAL_LA,LA,,,
2020,2,2020_02_LA_PHI,LA,,,
2020,3,2020_03_LA_BUF,LA,,,
2020,4,2020_04_NYG_LA,LA,,,
2020,5,2020_05_LA_WAS,LA,,,
2020,6,2020_06_LA_SF,LA,,,
2020,7,2020_07_CHI_LA,LA,0.08533570247305805,0.1536967759390663,0.03101244101244101
2020,8,2020_08_LA_MIA,LA,0.08858245571981131,0.15243414967644003,0.040816362581068466
2020,10,2020_10_SEA_LA,LA,0.0958288325314055,0.15529899632288424,0.04748302924773513
2020,11,2020_11_LA_TB,LA,0.10106662846687586,0.1741550616905775,0.047122278886984774
2020,12,2020_12_SF_LA,LA,0.08414278575906103,0.15864153920841392,0.049714871479577365
2020,13,2020_13_LA_ARI,LA,0.05806407546982443,0.15508535144169985,0.05296162472633061
2020,14,2020_14_NE_LA,LA,0.06619415677063743,0.1602590395422172,0.05639362815833404
2020,15,2020_15_NYJ_LA,LA,0.08552540023981192,0.1854680259581002,0.05808395946326981
2020,16,2020_16_LA_SEA,LA,0.08838003352922784,0.1810762824359219,0.05679363688262465
2020,17,2020_17_ARI_LA,LA,0.087646742098262,0.1667247215727331,0.04921787930686707
2021,1,2021_01_CHI_LA,LA,,,
2021,2,2021_02_LA_IND,LA,,,
2021,3,2021_03_TB_LA,LA,,,
2021,4,2021_04_ARI_LA,LA,,,
2021,5,2021_05_LA_SEA,LA,,,
2021,6,2021_06_LA_NYG,LA,,,
2021,7,2021_07_DET_LA,LA,0.0684628823462023,0.11885286592584106,0.0713105413105413
2021,8,2021_08_LA_HOU,LA,0.06538198391646667,0.12431897604311397,0.06444240944240943
2021,9,2021_09_TEN_LA,LA,0.07182137785586061,0.10537958210372005,0.05803215303215303
2021,10,2021_10_LA_SF,LA,0.07986735486735486,0.12434509934509934,0.05803215303215303
2021,12,2021_12_LA_GB,LA,0.07391497391497391,0.12315462315462317,0.06409275909275909
2021,13,2021_13_JAX_LA,LA,0.06793726368194453,0.11707559579900005,0.06638442575942576
2021,14,2021_14_LA_ARI,LA,0.06714361288829374,0.12144067516407941,0.08379183316683318
2021,15,2021_15_SEA_LA,LA,0.07117522069348646,0.12321458259836422,0.07783945221445222
2021,16,2021_16_LA_MIN,LA,0.06694170910703369,0.12989907457697383,0.0866113820390136
2021,17,2021_17_LA_BAL,LA,0.062470164391586536,0.11282590384526653,0.11924541467304624
2021,18,2021_18_SF_LA,LA,0.07665935358077572,0.13151959753896023,0.11214314194577353
2022,1,2022_01_BUF_LA,LA,,,
2022,2,2022_02_ATL_LA,LA,,,
2022,3,2022_03_LA_ARI,LA,,,
2022,4,2022_04_LA_SF,LA,,,
2022,5,2022_05_DAL_LA,LA,,,
2022,6,2022_06_CAR_LA,LA,,,
2022,8,2022_08_SF_LA,LA,0.07313177542010495,0.13786678121155618,0.06699535032868366
2022,9,2022_09_LA_TB,LA,0.08027214462943967,0.15075427685767254,0.08148810395187206
2022,10,2022_10_ARI_LA,LA,0.06643033671983514,0.12589551979552563,0.0919819311123659
2022,11,2022_11_LA_NO,LA,0.06942178971128814,0.14192116082116665,0.0745826637130985
2022,12,2022_12_LA_KC,LA,0.09025512304462147,0.16699832131499381,0.06574427987471466
2022,13,2022_13_SEA_LA,LA,0.06393933357093727,0.12230325030413335,0.05701412114455593
2022,14,2022_14_LV_LA,LA,0.0649504559167411,0.13157187180733523,0.07216563629607109
2022,15,2022_15_LA_GB,LA,0.047709076606396277,0.1335833660602088,0.06205884758516337
2022,16,2022_16_DEN_LA,LA,0.06003573300084927,0.1503613150415476,0.059677895204211
2022,17,2022_17_LA_LAC,LA,0.07587896835627976,0.16516223228148924,0.06914065466697046
2022,18,2022_18_LA_SEA,LA,0.055045635022946425,0.14466492045353227,0.06600445395012457
2023,1,2023_01_LA_SEA,LA,,,
2023,2,2023_02_SF_LA,LA,,,
2023,3,2023_03_LA_CIN,LA,,,
2023,4,2023_04_LA_IND,LA,,,
2023,5,2023_05_PHI_LA,LA,,,
2023,6,2023_06_ARI_LA,LA,,,
2023,7,2023_07_PIT_LA,LA,0.04837066115900023,0.12600465206130568,0.09737556090992276
2023,8,2023_08_LA_DAL,LA,0.048811578266584,0.13945262384261078,0.09386342808744509
2023,9,2023_09_LA_GB,LA,0.05591483536984112,0.13373536812535505,0.10027368449770152
2023,11,2023_11_SEA_LA,LA,0.07160110987964503,0.1451732766220871,0.07853455406291891
2023,12,2023_12_LA_ARI,LA,0.06804336494258975,0.15570967508952005,0.06496568565534082
2023,13,2023_13_CLE_LA,LA,0.07710319400241882,0.16716266654251152,0.04787166856132372
2023,14,2023_14_LA_BAL,LA,0.07659763282951688,0.14677169923546735,0.04183302121832857
2023,15,2023_15_WAS_LA,LA,0.07149833062876541,0.12167776472124299,0.04249615119180337
2023,16,2023_16_NO_LA,LA,0.062489321619756406,0.1261822692257475,0.05195891065456284
2023,17,2023_17_LA_NYG,LA,0.048019037382030304,0.1100323984247139,0.07279224398789617
2023,18,2023_18_LA_SF,LA,0.060915862778855696,0.11350462064693612,0.08985573605138823
2024,1,2024_01_LA_DET,LA,,,
2024,2,2024_02_LA_ARI,LA,,,
2024,3,2024_03_SF_LA,LA,,,
2024,4,2024_04_LA_CHI,LA,,,
2024,5,2024_05_GB_LA,LA,,,
2024,7,2024_07_LV_LA,LA,,,
2024,8,2024_08_MIN_LA,LA,0.06244512072001553,0.12480236375748298,0.06391774915379574
2024,9,2024_09_LA_SEA,LA,0.06919115246604728,0.12678649074160997,0.0736929202192894
2024,10,2024_10_MIA_LA,LA,0.09007067944313522,0.1598611396699174,0.06801110203747121
2024,11,2024_11_LA_NE,LA,0.10082336761517824,0.16523748375593894,0.09875976513907547
2024,12,2024_12_PHI_LA,LA,0.09349736028917092,0.16584798436643952,0.10391849529780565
2024,13,2024_13_LA_NO,LA,0.08883897519600321,0.1624835951324851,0.1057703471496575
2024,14,2024_14_BUF_LA,LA,0.081592598384409,0.13940960581135617,0.10502878244813729
2024,15,2024_15_LA_SF,LA,0.06373545552726616,0.1141522055539559,0.08987726729662211
2024,16,2024_16_LA_NYJ,LA,0.0499860533273618,0.08820768140283204,0.09226961179422978
2024,17,2024_17_ARI_LA,LA,0.037732990061545346,0.07445424304324215,0.04681506633968433
2024,18,2024_18_SEA_LA,LA,0.038648740977296266,0.07384374243274155,0.035703955228573225
2016,1,2016_01_SD_KC,LAC,,,
2016,2,2016_02_JAX_SD,LAC,,,
2016,3,2016_03_SD_IND,LAC,,,
2016,4,2016_04_NO_SD,LAC,,,
2016,5,2016_05_SD_OAK,LAC,,,
2016,6,2016_06_DEN_SD,LAC,,,
2016,7,2016_07_SD_ATL,LAC,0.05109333391067137,0.09663520174356088,0.11159173901433965
2016,8,2016_08_SD_DEN,LAC,0.05480292585555743,0.11756789914684651,0.11091697518168105
2016,9,2016_09_TEN_SD,LAC,0.052666173718805304,0.13359354017248753,0.12909879336349925
2016,10,2016_10_MIA_SD,LAC,0.04433284038547197,0.12080284249806894,0.15136599984123203
2016,12,2016_12_SD_HOU,LAC,0.04222757722757723,0.16097828109456017,0.1815620782726046
2016,13,2016_13_TB_SD,LAC,0.035249905776221564,0.18091448524129064,0.17341393012445647
2016,14,2016_14_SD_CAR,LAC,0.03404798269929849,0.18452025447205989,0.16369170790223422
2016,15,2016_15_OAK_SD,LAC,0.032028722059348196,0.16696821967864575,0.16436647173489277
2016,16,2016_16_SD_CLE,LAC,0.03817188445251059,0.16216052737095343,0.14827451771190428
2016,17,2016_17_KC_SD,LAC,0.07871242499305113,0.20783410792825494,0.1419224305975667
2017,1,2017_01_LAC_DEN,LAC,,,
2017,2,2017_02_MIA_LAC,LAC,,,
2017,3,2017_03_KC_LAC,LAC,,,
2017,4,2017_04_PHI_LAC,LAC,,,
2017,5,2017_05_LAC_NYG,LAC,,,
2017,6,2017_06_LAC_OAK,LAC,,,
2017,7,2017_07_DEN_LAC,LAC,0.09256982190449932,0.15771265771265772,0.10781325156325157
2017,8,2017_08_LAC_NE,LAC,0.09256982190449932,0.1452126577126577,0.12072748158274475
2017,10,2017_10_LAC_JAX,LAC,0.09331056264524007,0.14336080586080585,0.10510248158274475
2017,11,2017_11_BUF_LAC,LAC,0.0703501896848671,0.1416125541125541,0.09744816059509043
2017,12,2017_12_LAC_DAL,LAC,0.06930852301820044,0.12077922077922076,0.11187817502510485
2017,13,2017_13_CLE_LAC,LAC,0.0605783642880417,0.1191919191919192,0.10687817502510487
2017,14,2017_14_WAS_LAC,LAC,0.06948773448773449,0.14776334776334776,0.1296054477523776
2017,15,2017_15_LAC_KC,LAC,0.06014865402796438,0.14158518684380753,0.12793460397627063
2017,16,2017_16_LAC_NYJ,LAC,0.055524998113985875,0.13567120834918386,0.11751793730960396
2017,17,2017_17_OAK_LAC,LAC,0.06256312128114129,0.1268735543902396,0.12183892496392497
2018,1,2018_01_KC_LAC,LAC,,,
2018,2,2018_02_LAC_BUF,LAC,,,
2018,3,2018_03_LAC_LA,LAC,,,
2018,4,2018_04_SF_LAC,LAC,,,
2018,5,2018_05_OAK_LAC,LAC,,,
2018,6,2018_06_LAC_CLE,LAC,,,
2018,7,2018_07_TEN_LAC,LAC,0.0672799028062186,0.1717694415062836,0.08758402091735425
2018,9,2018_09_LAC_SEA,LAC,0.07085133137764717,0.14438848912533123,0.0830946830946831
2018,10,2018_10_LAC_OAK,LAC,0.0638326848241169,0.14386470953178418,0.08356816794316795
2018,11,2018_11_DEN_LAC,LAC,0.07558834292123841,0.1588064805711162,0.07967206404706405
2018,12,2018_12_ARI_LAC,LAC,0.07120237800895769,0.13448431151210505,0.06379904817404818
2018,13,2018_13_LAC_PIT,LAC,0.07318650499308468,0.12720917923697275,0.06486742424242424
2018,14,2018_14_CIN_LAC,LAC,0.060784052373240756,0.11201965861266953,0.06486742424242424
2018,15,2018_15_LAC_KC,LAC,0.06688524284943123,0.11856727766028859,0.06029040404040403
2018,16,2018_16_BAL_LAC,LAC,0.06064062613969825,0.10607804424082261,0.06427324717765893
2018,17,2018_17_LAC_DEN,LAC,0.06438046353807224,0.10428942635464374,0.07226988017429194
2019,1,2019_01_IND_LAC,LAC,,,
2019,2,2019_02_LAC_DET,LAC,,,
2019,3,2019_03_HOU_LAC,LAC,,,
2019,4,2019_04_LAC_MIA,LAC,,,
2019,5,2019_05_DEN_LAC,LAC,,,
2019,6,2019_06_PIT_LAC,LAC,,,
2019,7,2019_07_LAC_TEN,LAC,0.07122827475151312,0.14002998500749625,0.08670624682621586
2019,8,2019_08_LAC_CHI,LAC,0.07015068854461658,0.13733601949025487,0.09414370456793324
2019,9,2019_09_GB_LAC,LAC,0.08724470563863367,0.1488744810287164,0.09978280231229414
2019,10,2019_10_LAC_OAK,LAC,0.09114334111621653,0.14741249272462284,0.09612783155206023
2019,11,2019_11_KC_LAC,LAC,0.07711359128524965,0.1374395380255018,0.07628656171079039
2019,13,2019_13_LAC_DEN,LAC,0.0604249659009721,0.11921380240846186,0.07204273455029656
2019,14,2019_14_LAC_JAX,LAC,0.06042496590097209,0.11921380240846186,0.08945014195770397
2019,15,2019_15_MIN_LAC,LAC,0.05834163256763875,0.10983880240846185,0.08670151627054755
2019,16,2019_16_OAK_LAC,LAC,0.041247615473621664,0.09941145198111144,0.07366216112592923
2019,17,2019_17_LAC_KC,LAC,0.04324123588829471,0.10339869281045751,0.07126752511060357
2020,1,2020_01_LAC_CIN,LAC,,,
2020,2,2020_02_KC_LAC,LAC,,,
2020,3,2020_03_CAR_LAC,LAC,,,
2020,4,2020_04_LAC_TB,LAC,,,
2020,5,2020_05_LAC_NO,LAC,,,
2020,7,2020_07_JAX_LAC,LAC,,,
2020,8,2020_08_LAC_DEN,LAC,0.05850945506407692,0.14334921036419027,0.08120891454224786
2020,9,2020_09_LV_LAC,LAC,0.05344088022806021,0.13708802968440495,0.09460177168510502
2020,10,2020_10_LAC_MIA,LAC,0.05698396412828697,0.1307104786639968,0.08702601410934745
2020,11,2020_11_NYJ_LAC,LAC,0.04587285301717586,0.12600962396314208,0.07611331569664903
2020,12,2020_12_LAC_BUF,LAC,0.051249197103197364,0.14728124621653152,0.07688492063492063
2020,13,2020_13_NE_LAC,LAC,0.06243967329367356,0.17156696050224576,0.09910714285714285
2020,14,2020_14_ATL_LAC,LAC,0.045176246183699136,0.15174598863523814,0.08512596899224806
2020,15,2020_15_LAC_LV,LAC,0.04694811772301253,0.16093757224542637,0.062209302325581396
2020,16,2020_16_DEN_LAC,LAC,0.04490563406288182,0.1548101212650342,0.07846946492720741
2020,17,2020_17_LAC_KC,LAC,0.05170835515131719,0.16540666757586625,0.06358851254625503
2021,1,2021_01_LAC_WAS,LAC,,,
2021,2,2021_02_DAL_LAC,LAC,,,
2021,3,2021_03_LAC_KC,LAC,,,
2021,4,2021_04_LV_LAC,LAC,,,
2021,5,2021_05_CLE_LAC,LAC,,,
2021,6,2021_06_LAC_BAL,LAC,,,
2021,8,2021_08_NE_LAC,LAC,0.0654288743610182,0.17205897239015355,0.07331650512182487
2021,9,2021_09_LAC_PHI,LAC,0.062357621289765124,0.13704668737786854,0.061445659917646334
2021,10,2021_10_MIN_LAC,LAC,0.06012262767546117,0.13832382658604223,0.050692971745603325
2021,11,2021_11_PIT_LAC,LAC,0.06142325941087551,0.14222572179228526,0.060288931341562914
2021,12,2021_12_LAC_DEN,LAC,0.05451769763409312,0.1328005631510012,0.060288931341562914
2021,13,2021_13_LAC_CIN,LAC,0.0560259932600358,0.1471293715974567,0.056104227156858734
2021,14,2021_14_NYG_LAC,LAC,0.061098457028151754,0.13891681121098326,0.060152810152810154
2021,15,2021_15_KC_LAC,LAC,0.06492728585698058,0.15006545985963193,0.05967797634464301
2021,16,2021_16_LAC_HOU,LAC,0.05906938714193901,0.14855374406220184,0.06801130967797635
2021,17,2021_17_DEN_LAC,LAC,0.05647475954731141,0.1348174803259381,0.05748942415609082
2021,18,2021_18_LAC_LV,LAC,0.0515835881117526,0.13078226389160208,0.06674868341535008
2022,1,2022_01_LV_LAC,LAC,,,
2022,2,2022_02_LAC_KC,LAC,,,
2022,3,2022_03_JAX_LAC,LAC,,,
2022,4,2022_04_LAC_HOU,LAC,,,
2022,5,2022_05_LAC_CLE,LAC,,,
2022,6,2022_06_DEN_LAC,LAC,,,
2022,7,2022_07_SEA_LAC,LAC,0.06528425278425277,0.14963368603074487,0.08050809120234086
2022,9,2022_09_LAC_ATL,LAC,0.05405123293054328,0.13853128268696221,0.08729542151908293
2022,10,2022_10_LAC_SF,LAC,0.06275493663424697,0.1400127641684437,0.08755997178363319
2022,11,2022_11_KC_LAC,LAC,0.06850206307102859,0.13742655727189196,0.08067198623711107
2022,12,2022_12_LAC_ARI,LAC,0.05616995073891626,0.12326294310827779,0.07494006383852199
2022,13,2022_13_LAC_LV,LAC,0.061725506294471814,0.11411261631089219,0.06861495314908493
2022,14,2022_14_MIA_LAC,LAC,0.04089217296113848,0.09397372742200329,0.06136857633749073
2022,15,2022_15_TEN_LAC,LAC,0.040509031198686374,0.09320744389709908,0.050532663024797225
2022,16,2022_16_LAC_IND,LAC,0.04939792008757526,0.10098522167487685,0.053354532513333386
2022,17,2022_17_LA_LAC,LAC,0.07605820105820105,0.13690476190476192,0.03709436991170737
2022,18,2022_18_LAC_DEN,LAC,0.09402356902356902,0.13863636363636364,0.050152299636303764
2023,1,2023_01_MIA_LAC,LAC,,,
2023,2,2023_02_LAC_TEN,LAC,,,
2023,3,2023_03_LAC_MIN,LAC,,,
2023,4,2023_04_LV_LAC,LAC,,,
2023,6,2023_06_DAL_LAC,LAC,,,
2023,7,2023_07_LAC_KC,LAC,,,
2023,8,2023_08_CHI_LAC,LAC,0.0941291228386053,0.14729128914071327,0.11057504941776042
2023,9,2023_09_LAC_NYJ,LAC,0.09840262711210958,0.14843089028031442,0.10057504941776041
2023,10,2023_10_DET_LAC,LAC,0.09305880779369861,0.1344159679169347,0.08586916706481923
2023,11,2023_11_LAC_GB,LAC,0.08071312878135294,0.10130710147473493,0.08116486598955042
2023,12,2023_12_BAL_LAC,LAC,0.0669787169175174,0.11032294239148584,0.07728287841191066
2023,13,2023_13_LAC_NE,LAC,0.052973114676621046,0.09645739617299846,0.0692242703533026
2023,14,2023_14_DEN_LAC,LAC,0.07687492346215076,0.11428685353733954,0.06624807987711213
2023,15,2023_15_LAC_LV,LAC,0.08212522871245602,0.1295493687998548,0.07033410138248848
2023,16,2023_16_BUF_LAC,LAC,0.06323792035146344,0.12259504605605838,0.0831546142030013
2023,17,2023_17_LAC_DEN,LAC,0.07081367792722101,0.12006979353080584,0.07813669305604788
2023,18,2023_18_KC_LAC,LAC,0.06898969251910428,0.11254585372232433,0.0754310653504202
2024,1,2024_01_LV_LAC,LAC,,,
2024,2,2024_02_LAC_CAR,LAC,,,
2024,3,2024_03_LAC_PIT,LAC,,,
2024,4,2024_04_KC_LAC,LAC,,,
2024,6,2024_06_LAC_DEN,LAC,,,
2024,7,2024_07_LAC_ARI,LAC,,,
2024,8,2024_08_NO_LAC,LAC,0.06461096075066664,0.10412049290725761,0.04408751961588447
2024,9,2024_09_LAC_CLE,LAC,0.06432343918654933,0.10642066542019608,0.04444826997663482
2024,10,2024_10_TEN_LAC,LAC,0.07164944651255666,0.12015692915645983,0.056022344050708904
2024,11,2024_11_CIN_LAC,LAC,0.1007344138328181,0.14564712523489118,0.04245347564313082
2024,12,2024_12_BAL_LAC,LAC,0.09454337609696904,0.17090262837954528,0.062453475643130814
2024,13,2024_13_LAC_ATL,LAC,0.09222856128215422,0.161643369120286,0.07596698915664434
2024,14,2024_14_LAC_KC,LAC,0.09639522794882088,0.1718997793766963,0.08823788073788073
2024,15,2024_15_TB_LAC,LAC,0.09116473149492017,0.19707708434123528,0.0803013728013728
2024,16,2024_16_DEN_LAC,LAC,0.07788634321653189,0.18334082060497156,0.06374154374154374
2024,17,2024_17_LAC_NE,LAC,0.04693396226415094,0.14921383647798742,0.07961455961455961
2024,18,2024_18_LAC_LV,LAC,0.061309523809523814,0.13809523809523808,0.07628122628122629
2016,1,2016_01_OAK_NO,LV,,,
2016,2,2016_02_ATL_OAK,LV,,,
2016,3,2016_03_OAK_TEN,LV,,,
2016,4,2016_04_OAK_BAL,LV,,,
2016,5,2016_05_SD_OAK,LV,,,
2016,6,2016_06_KC_OAK,LV,,,
2016,7,2016_07_OAK_JAX,LV,0.036853326601958614,0.10232402069354873,0.06022498120955471
2016,8,2016_08_OAK_TB,LV,0.036765236397589336,0.1171231750275868,0.06306589030046379
2016,9,2016_09_DEN_OAK,LV,0.0415271411594941,0.1266469845513963,0.07047329770787121
2016,11,2016_11_HOU_OAK,LV,0.04517218892218892,0.12840666278166277,0.07286793372319689
2016,12,2016_12_CAR_OAK,LV,0.047349889270620976,0.12383349204995546,0.0930699539252171
2016,13,2016_13_BUF_OAK,LV,0.04703423270496441,0.14861253245399586,0.07552609427609429
2016,14,2016_14_OAK_KC,LV,0.057183805354537064,0.1630356093770728,0.06858164983164984
2016,15,2016_15_OAK_SD,LV,0.05956876607283112,0.13273257907404248,0.06433782267115601
2016,16,2016_16_IND_OAK,LV,0.06519647170053673,0.13475278109424452,0.06854657687991021
2016,17,2016_17_OAK_DEN,LV,0.0566494631535282,0.15227414861561203,0.06160213243546576
2017,1,2017_01_OAK_TEN,LV,,,
2017,2,2017_02_NYJ_OAK,LV,,,
2017,3,2017_03_OAK_WAS,LV,,,
2017,4,2017_04_OAK_DEN,LV,,,
2017,5,2017_05_BAL_OAK,LV,,,
2017,6,2017_06_LAC_OAK,LV,,,
2017,7,2017_07_KC_OAK,LV,0.059880848590526004,0.13769976995783448,0.08227950154420742
2017,8,2017_08_OAK_BUF,LV,0.06041709912677654,0.1438130260710906,0.07296273135787203
2017,9,2017_09_OAK_MIA,LV,0.036607575317252734,0.14469486028625814,0.08665642505156572
2017,11,2017_11_NE_OAK,LV,0.035107200223479296,0.1240647027468733,0.08562443330749965
2017,12,2017_12_DEN_OAK,LV,0.017270942913537774,0.1027196735071072,0.08979109997416633
2017,13,2017_13_NYG_OAK,LV,0.038104276246871106,0.11073249401992773,0.09104801299578524
2017,14,2017_14_OAK_KC,LV,0.04711328525588012,0.11073249401992773,0.10592896537673763
2017,15,2017_15_DAL_OAK,LV,0.06015264040049842,0.12341623038787462,0.09143621175354921
2017,16,2017_16_OAK_PHI,LV,0.07164689327406164,0.12746050454709132,0.0751618728985652
2017,17,2017_17_OAK_LAC,LV,0.07610425761514691,0.14083259757034713,0.08154145822551895
2018,1,2018_01_LA_OAK,LV,,,
2018,2,2018_02_OAK_DEN,LV,,,
2018,3,2018_03_OAK_MIA,LV,,,
2018,4,2018_04_CLE_OAK,LV,,,
2018,5,2018_05_OAK_LAC,LV,,,
2018,6,2018_06_SEA_OAK,LV,,,
2018,8,2018_08_IND_OAK,LV,0.036670840053192995,0.10750834677305265,0.0621820420207517
2018,9,2018_09_OAK_SF,LV,0.031768879268879266,0.10291275853775854,0.06410511894382862
2018,10,2018_10_LAC_OAK,LV,0.02713924963924964,0.09491612554112554,0.07749797608668577
2018,11,2018_11_OAK_ARI,LV,0.02664542247875581,0.1052864959114959,0.07200347059218026
2018,12,2018_12_OAK_BAL,LV,0.02700617283950617,0.0980714886964887,0.08813250285024478
2018,13,2018_13_KC_OAK,LV,0.027464048297381635,0.0925769832019832,0.06662712650615876
2018,14,2018_14_PIT_OAK,LV,0.020519603852937187,0.09367347443005336,0.07323373311276536
2018,15,2018_15_OAK_CIN,LV,0.02479310812644146,0.10128565391723286,0.08244425942855484
2018,16,2018_16_DEN_OAK,LV,0.029695068910755185,0.10574198190297261,0.07964954398140038
2018,17,2018_17_OAK_KC,LV,0.027908194316863047,0.07747687469049698,0.08712817646003286
2019,1,2019_01_DEN_OAK,LV,,,
2019,2,2019_02_KC_OAK,LV,,,
2019,3,2019_03_OAK_MIN,LV,,,
2019,4,2019_04_OAK_IND,LV,,,
2019,5,2019_05_CHI_OAK,LV,,,
2019,7,2019_07_OAK_GB,LV,,,
2019,8,2019_08_OAK_HOU,LV,0.04676843563512362,0.11019326208744366,0.12741936799683468
2019,9,2019_09_DET_OAK,LV,0.043967315186944335,0.10645843482320465,0.1337599477069796
2019,10,2019_10_LAC_OAK,LV,0.044472876359846265,0.10721677658255752,0.09707733207699554
2019,11,2019_11_CIN_OAK,LV,0.06762102450799441,0.12044428981007076,0.10935803383138153
2019,12,2019_12_OAK_NYJ,LV,0.09076917265614255,0.13735250237045724,0.08070190734916809
2019,13,2019_13_OAK_KC,LV,0.07671688507444321,0.11349629322013043,0.08887184198969096
2019,14,2019_14_TEN_OAK,LV,0.07706410729666544,0.10898240433124155,0.11036109736200479
2019,15,2019_15_JAX_OAK,LV,0.06515934539190353,0.11162790697674418,0.09473609736200479
2019,16,2019_16_OAK_LAC,LV,0.06816009557945042,0.12688172043010754,0.11626719784047372
2019,17,2019_17_OAK_DEN,LV,0.04917861409796894,0.1023446833930705,0.1412671978404737
2020,1,2020_01_LV_CAR,LV,,,
2020,2,2020_02_NO_LV,LV,,,
2020,3,2020_03_LV_NE,LV,,,
2020,4,2020_04_BUF_LV,LV,,,
2020,5,2020_05_LV_KC,LV,,,
2020,7,2020_07_TB_LV,LV,,,
2020,8,2020_08_LV_CLE,LV,0.031140943374985925,0.116818494226109,0.11676900584795323
2020,9,2020_09_LV_LAC,LV,0.026511313745356296,0.10959627200388677,0.11878920786815524
2020,10,2020_10_DEN_LV,LV,0.034087071321113875,0.10540966913307338,0.12399754120148858
2020,11,2020_11_KC_LV,LV,0.029642626876669426,0.1065207802441845,0.12838350611376928
2020,12,2020_12_LV_ATL,LV,0.024880722114764664,0.09606529370174142,0.11217980241006557
2020,13,2020_13_LV_NYJ,LV,0.01840909090909091,0.11166813058117404,0.11113813574339891
2020,14,2020_14_IND_LV,LV,0.03692760942760943,0.15117430342068022,0.06447146907673224
2020,15,2020_15_LAC_LV,LV,0.03692760942760943,0.15046001770639453,0.07840108784506068
2020,16,2020_16_MIA_LV,LV,0.0344023569023569,0.14919739144376828,0.09043413382207217
2020,17,2020_17_LV_DEN,LV,0.04089358497253234,0.15217984758411912,0.09955694083961604
2021,1,2021_01_BAL_LV,LV,,,
2021,2,2021_02_LV_PIT,LV,,,
2021,3,2021_03_MIA_LV,LV,,,
2021,4,2021_04_LV_LAC,LV,,,
2021,5,2021_05_CHI_LV,LV,,,
2021,6,2021_06_LV_DEN,LV,,,
2021,7,2021_07_PHI_LV,LV,0.06755321318771301,0.20740609756162956,0.07129888992634091
2021,9,2021_09_LV_NYG,LV,0.06141070704520687,0.19853358868912066,0.06149496835771345
2021,10,2021_10_KC_LV,LV,0.07521332954348155,0.21354394065599439,0.036533370815470756
2021,11,2021_11_CIN_LV,LV,0.06880307313322513,0.2041170929938526,0.04369386464263125
2021,12,2021_12_LV_DAL,LV,0.07629799183241212,0.20170347510767375,0.05040181097906057
2021,13,2021_13_WAS_LV,LV,0.06520659875344141,0.175232016959197,0.05833831891556849
2021,14,2021_14_LV_KC,LV,0.05515084407403081,0.16199028059918105,0.07500498558223516
2021,15,2021_15_LV_CLE,LV,0.06466035358354032,0.15515010709234087,0.08056054113779072
2021,16,2021_16_DEN_LV,LV,0.04292122314875771,0.12664769163340364,0.09064118629908104
2021,17,2021_17_LV_IND,LV,0.0568101120376466,0.13767710339810954,0.10855785296574771
2021,18,2021_18_LAC_LV,LV,0.04713749299002754,0.15330210339810954,0.09506257631257631
2022,1,2022_01_LV_LAC,LV,,,
2022,2,2022_02_ARI_LV,LV,,,
2022,3,2022_03_LV_TEN,LV,,,
2022,4,2022_04_DEN_LV,LV,,,
2022,5,2022_05_LV_KC,LV,,,
2022,7,2022_07_HOU_LV,LV,,,
2022,8,2022_08_LV_NO,LV,0.04168404950632735,0.13763980769612807,0.08783656260280852
2022,9,2022_09_LV_JAX,LV,0.04168404950632735,0.12293392534318692,0.07674785292538916
2022,10,2022_10_IND_LV,LV,0.0384160756501182,0.1280994324062272,0.09026136643890266
2022,11,2022_11_LV_DEN,LV,0.03784003878375875,0.10371387173034392,0.08347124298211255
2022,12,2022_12_LV_SEA,LV,0.034688778279557075,0.12892395576395738,0.0763283858392554
2022,13,2022_13_LAC_LV,LV,0.03655048040721665,0.14098069335260985,0.09082113946244381
2022,14,2022_14_LV_LA,LV,0.04860786746460371,0.15090132827324476,0.08390414341501297
2022,15,2022_15_NE_LV,LV,0.0657018845586208,0.16799534536726188,0.09621474947561903
2022,16,2022_16_LV_PIT,LV,0.0657018845586208,0.17253163568984253,0.08270123596210553
2022,17,2022_17_SF_LV,LV,0.060325540472599304,0.18424930869783815,0.10183703843124133
2022,18,2022_18_KC_LV,LV,0.045619658119658124,0.1542773199023199,0.102498414092617
2023,1,2023_01_LV_DEN,LV,,,
2023,2,2023_02_LV_BUF,LV,,,
2023,3,2023_03_PIT_LV,LV,,,
2023,4,2023_04_LV_LAC,LV,,,
2023,5,2023_05_GB_LV,LV,,,
2023,6,2023_06_NE_LV,LV,,,
2023,7,2023_07_LV_CHI,LV,0.06480859174824692,0.10987686957514543,0.08636088119959089
2023,8,2023_08_LV_DET,LV,0.06630202066103068,0.10748738331469145,0.07998129587263712
2023,9,2023_09_NYG_LV,LV,0.06214097702630283,0.1208701993290864,0.07820942433332373
2023,10,2023_10_NYJ_LV,LV,0.09148156988776683,0.12722228644342395,0.06337071465590437
2023,11,2023_11_LV_MIA,LV,0.08659756500376196,0.12142253064366816,0.057793709078898796
2023,12,2023_12_KC_LV,LV,0.08034756500376196,0.12350586397700149,0.03707942336461308
2023,14,2023_14_MIN_LV,LV,0.06709145174764868,0.115011655482793,0.03707942336461308
2023,15,2023_15_LAC_LV,LV,0.0766639668276382,0.14359807037920003,0.04497416020671835
2023,16,2023_16_LV_KC,LV,0.08656371620107178,0.15023967438922511,0.04317460317460317
2023,17,2023_17_LV_IND,LV,0.06508143907969692,0.14916556053315635,0.05650793650793651
2023,18,2023_18_DEN_LV,LV,0.06408937558763343,0.1432131795807754,0.06006568144499178
2024,1,2024_01_LV_LAC,LV,,,
2024,2,2024_02_LV_BAL,LV,,,
2024,3,2024_03_CAR_LV,LV,,,
2024,4,2024_04_CLE_LV,LV,,,
2024,5,2024_05_LV_DEN,LV,,,
2024,6,2024_06_PIT_LV,LV,,,
2024,7,2024_07_LV_LA,LV,0.07257495590828923,0.1563932980599647,0.08504204875172616
2024,8,2024_08_KC_LV,LV,0.07334656084656084,0.1394179894179894,0.08504204875172616
2024,9,2024_09_LV_CIN,LV,0.06836080586080585,0.142979242979243,0.07227065666998926
2024,11,2024_11_LV_MIA,LV,0.06419413919413919,0.1513125763125763,0.07764700075601076
2024,12,2024_12_DEN_LV,LV,0.05868035473298631,0.1124654585180901,0.11494303805204807
2024,13,2024_13_LV_KC,LV,0.04588965705856771,0.09799517428036399,0.1365880596970697
2024,14,2024_14_LV_TB,LV,0.0443723834824706,0.1041809819367599,0.13361186922087923
2024,15,2024_15_ATL_LV,LV,0.05762995924004636,0.12564562840140636,0.14048000108901113
2024,16,2024_16_JAX_LV,LV,0.07835645496654209,0.13782511558089353,0.148246388165743
2024,17,2024_17_LV_NO,LV,0.07835645496654209,0.1294917822475602,0.15336671586671588
2024,18,2024_18_LAC_LV,LV,0.08625119180864736,0.14155318575633213,0.12131543381543382
2016,1,2016_01_MIA_SEA,MIA,,,
2016,2,2016_02_MIA_NE,MIA,,,
2016,3,2016_03_CLE_MIA,MIA,,,
2016,4,2016_04_MIA_CIN,MIA,,,
2016,5,2016_05_TEN_MIA,MIA,,,
2016,6,2016_06_PIT_MIA,MIA,,,
2016,7,2016_07_BUF_MIA,MIA,0.0493627133532873,0.13482674171407796,0.08757654477327136
2016,9,2016_09_NYJ_MIA,MIA,0.058695168337916194,0.14624527487174155,0.09467881750054408
2016,10,2016_10_MIA_SD,MIA,0.06531115932890719,0.14596374334021,0.07713495785142127
2016,11,2016_11_MIA_LA,MIA,0.06044558123225536,0.1397786864376865,0.08928773562919905
2016,12,2016_12_SF_MIA,MIA,0.06044558123225536,0.14498701977101983,0.09057473691620033
2016,13,2016_13_MIA_BAL,MIA,0.06739002567669981,0.17048989333423825,0.09431457431457431
2016,14,2016_14_ARI_MIA,MIA,0.058618095852138404,0.1552267354395014,0.09431457431457431
2016,15,2016_15_MIA_NYJ,MIA,0.05192958916363172,0.15085873107149703,0.08393298059964727
2016,16,2016_16_MIA_BUF,MIA,0.04650867079628477,0.14681961542523853,0.09842573422283567
2016,17,2016_17_NE_MIA,MIA,0.04400045422475737,0.14638716429221657,0.10466156188723476
2017,2,2017_02_MIA_LAC,MIA,,,
2017,3,2017_03_MIA_NYJ,MIA,,,
2017,4,2017_04_NO_MIA,MIA,,,
2017,5,2017_05_TEN_MIA,MIA,,,
2017,6,2017_06_MIA_ATL,MIA,,,
2017,7,2017_07_NYJ_MIA,MIA,,,
2017,8,2017_08_MIA_BAL,MIA,0.07345971911761386,0.16261233037548828,0.11125976706472063
2017,9,2017_09_OAK_MIA,MIA,0.06929305245094719,0.16351812747693753,0.07614071944567301
2017,10,2017_10_MIA_CAR,MIA,0.06133606320363536,0.14093748231564723,0.0737805161050775
2017,11,2017_11_TB_MIA,MIA,0.057367809235381394,0.13062002199818692,0.07245776478232618
2017,12,2017_12_MIA_NE,MIA,0.035437984673977886,0.11307616234906409,0.09051332033788174
2017,13,2017_13_DEN_MIA,MIA,0.03217610210175048,0.13653065132079442,0.08612735542560103
2017,14,2017_14_NE_MIA,MIA,0.026620546546194928,0.14393805872820184,0.10062010904878944
2017,15,2017_15_MIA_BUF,MIA,0.034027953953602336,0.14442115051564144,0.10478677571545612
2017,16,2017_16_MIA_KC,MIA,0.03940429803962384,0.16055018277370597,0.13132998559199932
2017,17,2017_17_BUF_MIA,MIA,0.04357096470629051,0.17602637324989645,0.15121015988393832
2018,1,2018_01_TEN_MIA,MIA,,,
2018,2,2018_02_MIA_NYJ,MIA,,,
2018,3,2018_03_OAK_MIA,MIA,,,
2018,4,2018_04_MIA_NE,MIA,,,
2018,5,2018_05_MIA_CIN,MIA,,,
2018,6,2018_06_CHI_MIA,MIA,,,
2018,7,2018_07_DET_MIA,MIA,0.04378607503607503,0.11565941368572948,0.10451466447950114
2018,8,2018_08_MIA_HOU,MIA,0.05103245184766924,0.1257662023966372,0.09765004123556754
2018,9,2018_09_NYJ_MIA,MIA,0.03966881548403287,0.11516014179057658,0.07684803622303622
2018,10,2018_10_MIA_GB,MIA,0.043267929548263216,0.11451414695853523,0.08503256003256003
2018,12,2018_12_MIA_IND,MIA,0.05437904065937433,0.10260938505377333,0.07503256003256002
2018,13,2018_13_BUF_MIA,MIA,0.04823587826621193,0.09459656454095282,0.062212047212047206
2018,14,2018_14_NE_MIA,MIA,0.04739412742446109,0.11185245679684508,0.08371742355613322
2018,15,2018_15_MIA_MIN,MIA,0.047555158020274296,0.1158782216921752,0.08464334948205915
2018,16,2018_16_JAX_MIA,MIA,0.062047911643462704,0.13653039560521865,0.07035763519634487
2018,17,2018_17_MIA_BUF,MIA,0.07987736900780379,0.16495416821503775,0.06217311138682106
2019,1,2019_01_BAL_MIA,MIA,,,
2019,2,2019_02_NE_MIA,MIA,,,
2019,3,2019_03_MIA_DAL,MIA,,,
2019,4,2019_04_LAC_MIA,MIA,,,
2019,6,2019_06_WAS_MIA,MIA,,,
2019,7,2019_07_MIA_BUF,MIA,,,
2019,8,2019_08_MIA_PIT,MIA,0.039447550905884234,0.10247605018438351,0.03801602986385595
2019,9,2019_09_NYJ_MIA,MIA,0.0420466412242728,0.1270049650641756,0.044387843956809475
2019,10,2019_10_MIA_IND,MIA,0.0428402920179236,0.1500208380800486,0.05232435189331741
2019,11,2019_11_BUF_MIA,MIA,0.041956453634085206,0.1548188178780284,0.06956573120366223
2019,12,2019_12_MIA_CLE,MIA,0.03674812030075188,0.1492948279790385,0.05931617683646081
2019,13,2019_13_PHI_MIA,MIA,0.04151002506265664,0.14358054226475278,0.05426567178595576
2019,14,2019_14_MIA_NYJ,MIA,0.036407984246330106,0.13677782117631743,0.04732122734151131
2019,15,2019_15_MIA_NYG,MIA,0.03214055892627321,0.11958958030386602,0.03528818136449982
2019,16,2019_16_CIN_MIA,MIA,0.02579135257706686,0.0854625961768819,0.047553693630012085
2019,17,2019_17_MIA_NE,MIA,0.032377374082443205,0.07121528434892489,0.03672257072992367
2020,1,2020_01_MIA_NE,MIA,,,
2020,2,2020_02_BUF_MIA,MIA,,,
2020,3,2020_03_MIA_JAX,MIA,,,
2020,4,2020_04_SEA_MIA,MIA,,,
2020,5,2020_05_MIA_SF,MIA,,,
2020,6,2020_06_NYJ_MIA,MIA,,,
2020,8,2020_08_LA_MIA,MIA,0.07572628959076692,0.16641624940653618,0.06999665281399027
2020,9,2020_09_MIA_ARI,MIA,0.06514427900875634,0.16641624940653618,0.06561788981453763
2020,10,2020_10_LAC_MIA,MIA,0.06668748888529955,0.17721871854233864,0.07913140332805113
2020,11,2020_11_MIA_DEN,MIA,0.061998656830738595,0.18382570916467456,0.08656886106976851
2020,12,2020_12_MIA_NYJ,MIA,0.052739397571479336,0.1828997832387486,0.09900087350178094
2020,13,2020_13_CIN_MIA,MIA,0.04857273090481268,0.1731775610165264,0.09747532048881374
2020,14,2020_14_KC_MIA,MIA,0.06823746333550255,0.1932721236642805,0.10415981246742338
2020,15,2020_15_NE_MIA,MIA,0.07645997155801078,0.19648962688178373,0.12044333737163793
2020,16,2020_16_MIA_LV,MIA,0.08695379871850462,0.18846493552375906,0.12208133900963958
2020,17,2020_17_MIA_BUF,MIA,0.09066339066339067,0.16726726726726726,0.11178440414373919
2021,1,2021_01_MIA_NE,MIA,,,
2021,2,2021_02_BUF_MIA,MIA,,,
2021,3,2021_03_MIA_LV,MIA,,,
2021,4,2021_04_IND_MIA,MIA,,,
2021,5,2021_05_MIA_TB,MIA,,,
2021,6,2021_06_MIA_JAX,MIA,,,
2021,7,2021_07_ATL_MIA,MIA,0.044740429033089474,0.1876070600130851,0.06878635983899141
2021,8,2021_08_MIA_BUF,MIA,0.04463880301682931,0.17449730391552412,0.0576752487278803
2021,9,2021_09_HOU_MIA,MIA,0.039736842232515585,0.15956342338656837,0.08684191539454698
2021,10,2021_10_BAL_MIA,MIA,0.045874079736212714,0.15756697263235364,0.08208001063264221
2021,11,2021_11_MIA_NYJ,MIA,0.05025455533070583,0.14452984288683843,0.07132023900330538
2021,12,2021_12_CAR_MIA,MIA,0.05113825981992465,0.15531103765530785,0.0672461649292313
2021,13,2021_13_NYG_MIA,MIA,0.06653446998357666,0.17910518063549732,0.07699275362318841
2021,15,2021_15_NYJ_MIA,MIA,0.07310772720551058,0.18308373105929945,0.08679667519181587
2021,16,2021_16_MIA_NO,MIA,0.1064410605388439,0.20259277498694803,0.06596334185848252
2021,17,2021_17_MIA_TEN,MIA,0.13705330543680308,0.23745672056517933,0.07320971867007672
2021,18,2021_18_NE_MIA,MIA,0.13164083809824392,0.23372398446962128,0.07955029838022165
2022,1,2022_01_NE_MIA,MIA,,,
2022,2,2022_02_MIA_BAL,MIA,,,
2022,3,2022_03_BUF_MIA,MIA,,,
2022,4,2022_04_MIA_CIN,MIA,,,
2022,5,2022_05_MIA_NYJ,MIA,,,
2022,6,2022_06_MIN_MIA,MIA,,,
2022,7,2022_07_PIT_MIA,MIA,0.0546160564495202,0.10680303218272737,0.09070862073419618
2022,8,2022_08_MIA_DET,MIA,0.051445766594447745,0.10929397421171289,0.09004985920586943
2022,9,2022_09_MIA_CHI,MIA,0.05583173150672844,0.1268378338608357,0.08092705218832558
2022,10,2022_10_CLE_MIA,MIA,0.056634170922552546,0.11271490014233143,0.05610821160861543
2022,12,2022_12_HOU_MIA,MIA,0.06474156060888961,0.14580899902590402,0.06999710049750431
2022,13,2022_13_MIA_SF,MIA,0.06876732550421973,0.14999579451704734,0.07100720150760532
2022,14,2022_14_MIA_LAC,MIA,0.06887625796609335,0.1502136594407946,0.07590916229191906
2022,15,2022_15_MIA_BUF,MIA,0.07375109327571126,0.1533098386239303,0.07590916229191906
2022,16,2022_16_GB_MIA,MIA,0.07730163629993851,0.1595755027843313,0.07503196930946292
2022,17,2022_17_MIA_NE,MIA,0.07488228146122883,0.1613228146122883,0.08419863597612959
2022,18,2022_18_NYJ_MIA,MIA,0.07561327561327562,0.13622534872534872,0.07030974708724069
2023,1,2023_01_MIA_LAC,MIA,,,
2023,2,2023_02_MIA_NE,MIA,,,
2023,3,2023_03_DEN_MIA,MIA,,,
2023,4,2023_04_MIA_BUF,MIA,,,
2023,5,2023_05_NYG_MIA,MIA,,,
2023,6,2023_06_CAR_MIA,MIA,,,
2023,7,2023_07_MIA_PHI,MIA,0.0904192316814494,0.20774387205125325,0.09514367816091955
2023,8,2023_08_NE_MIA,MIA,0.09123622514550171,0.21373515745430335,0.10078093306288032
2023,9,2023_09_MIA_KC,MIA,0.0923684715223133,0.2212079835412599,0.08078093306288033
2023,11,2023_11_LV_MIA,MIA,0.09851163391547568,0.18648576131903769,0.055780933062880324
2023,12,2023_12_MIA_NYJ,MIA,0.09391789288762613,0.1912230567540075,0.05362576064908722
2023,13,2023_13_MIA_WAS,MIA,0.08992928889902214,0.18068174621269695,0.04730392156862745
2023,14,2023_14_TEN_MIA,MIA,0.09294393144854841,0.19518074133184712,0.0532563025210084
2023,15,2023_15_NYJ_MIA,MIA,0.08240471576227391,0.20400427074361183,0.05494663382594417
2023,16,2023_16_DAL_MIA,MIA,0.09003552971576227,0.2140575653172552,0.08272441160372195
2023,17,2023_17_MIA_BAL,MIA,0.09813738156761413,0.24415015790984784,0.08272441160372195
2023,18,2023_18_BUF_MIA,MIA,0.0976318203947122,0.23538709757954787,0.0775160782703886
2024,1,2024_01_JAX_MIA,MIA,,,
2024,2,2024_02_BUF_MIA,MIA,,,
2024,3,2024_03_MIA_SEA,MIA,,,
2024,4,2024_04_TEN_MIA,MIA,,,
2024,5,2024_05_MIA_NE,MIA,,,
2024,7,2024_07_MIA_IND,MIA,,,
2024,8,2024_08_ARI_MIA,MIA,0.05118186368186368,0.1514810264810265,0.0932304377956552
2024,9,2024_09_MIA_BUF,MIA,0.030348530348530346,0.12833287833287835,0.08634534757723163
2024,10,2024_10_MIA_LA,MIA,0.034413570998936854,0.14052800028409784,0.08465843799558521
2024,11,2024_11_LV_MIA,MIA,0.03423339081875667,0.1289964687525663,0.08667132044325027
2024,12,2024_12_NE_MIA,MIA,0.037527198460390404,0.12076194964848198,0.07147524201187772
2024,13,2024_13_MIA_GB,MIA,0.043771815170123386,0.10622706592755175,0.08734825788489359
2024,14,2024_14_NYJ_MIA,MIA,0.043771815170123386,0.09630643100691684,0.0781590686957044
2024,15,2024_15_MIA_HOU,MIA,0.05567657707488529,0.11548632518681101,0.08168640555637459
2024,16,2024_16_SF_MIA,MIA,0.07383375864670101,0.13106898101336928,0.08914254590725179
2024,17,2024_17_MIA_CLE,MIA,0.07212833229011187,0.13432479496685765,0.07988328664799253
2024,18,2024_18_MIA_NYJ,MIA,0.06473098929494278,0.14066537467700257,0.08793650793650794
2016,1,2016_01_MIN_TEN,MIN,,,
2016,2,2016_02_GB_MIN,MIN,,,
2016,3,2016_03_MIN_CAR,MIN,,,
2016,4,2016_04_NYG_MIN,MIN,,,
2016,5,2016_05_HOU_MIN,MIN,,,
2016,7,2016_07_MIN_PHI,MIN,,,
2016,8,2016_08_MIN_CHI,MIN,0.07269674475400881,0.17049008491214215,0.06747425950324501
2016,9,2016_09_DET_MIN,MIN,0.07032932051158457,0.18658856976062702,0.04866548207377793
2016,10,2016_10_MIN_WAS,MIN,0.05450862176405655,0.17208626257539303,0.04692635163899531
2016,11,2016_11_ARI_MIN,MIN,0.02910755224533997,0.15604348182672992,0.052878732591376265
2016,12,2016_12_MIN_DET,MIN,0.044980568118355845,0.20445618023942833,0.05552423523687891
2016,13,2016_13_DAL_MIN,MIN,0.03842432243167537,0.17788613193024957,0.05552423523687892
2016,14,2016_14_MIN_JAX,MIN,0.06223384624119918,0.22153692558104324,0.05530377668308702
2016,15,2016_15_IND_MIN,MIN,0.07328567550949187,0.21874221013388875,0.05075396825396825
2016,16,2016_16_MIN_GB,MIN,0.06878117100498736,0.2185813349730136,0.030753968253968252
2016,17,2016_17_CHI_MIN,MIN,0.07938308618966589,0.2240532911973638,0.05813492063492063
2017,1,2017_01_NO_MIN,MIN,,,
2017,2,2017_02_MIN_PIT,MIN,,,
2017,3,2017_03_TB_MIN,MIN,,,
2017,4,2017_04_DET_MIN,MIN,,,
2017,5,2017_05_MIN_CHI,MIN,,,
2017,6,2017_06_GB_MIN,MIN,,,
2017,7,2017_07_BAL_MIN,MIN,0.07008027343928071,0.152056497477978,0.06520577316948285
2017,8,2017_08_MIN_CLE,MIN,0.08463370246639396,0.16162587546840862,0.08226926523297491
2017,10,2017_10_MIN_WAS,MIN,0.08913820697089846,0.17964389348642665,0.07706093189964157
2017,11,2017_11_LA_MIN,MIN,0.08482488744018761,0.17791856567414233,0.09557945041816009
2017,12,2017_12_MIN_DET,MIN,0.06705610651351196,0.15981240283113737,0.10348583877995643
2017,13,2017_13_MIN_ATL,MIN,0.07404116174418122,0.1781684782047566,0.09793028322440088
2017,14,2017_14_MIN_CAR,MIN,0.05778099914255521,0.14494728392384826,0.09161715191126955
2017,15,2017_15_CIN_MIN,MIN,0.051187284215506945,0.1469113692212669,0.08050604080015845
2017,16,2017_16_MIN_GB,MIN,0.05380280296005794,0.12249986093879088,0.09717270746682512
2017,17,2017_17_CHI_MIN,MIN,0.05424465520466735,0.1206440815114314,0.0925430778371955
2018,1,2018_01_SF_MIN,MIN,,,
2018,2,2018_02_MIN_GB,MIN,,,
2018,3,2018_03_BUF_MIN,MIN,,,
2018,4,2018_04_MIN_LA,MIN,,,
2018,5,2018_05_MIN_PHI,MIN,,,
2018,6,2018_06_ARI_MIN,MIN,,,
2018,7,2018_07_MIN_NYJ,MIN,0.0853490610584432,0.1725388350102309,0.09284600389863547
2018,8,2018_08_NO_MIN,MIN,0.08257128328066543,0.14661290908430497,0.08006822612085769
2018,9,2018_09_DET_MIN,MIN,0.06807852965747703,0.13151629072681703,0.08342071654231364
2018,11,2018_11_MIN_CHI,MIN,0.08431041371544805,0.15253078348044025,0.08159323116219667
2018,12,2018_12_GB_MIN,MIN,0.08445046973785701,0.15281089552525814,0.0991145986835642
2018,13,2018_13_MIN_NE,MIN,0.09212590833434824,0.14376484289367922,0.08059608016504567
2018,14,2018_14_MIN_SEA,MIN,0.07307828928672917,0.12040174765558398,0.07653625110521661
2018,15,2018_15_MIA_MIN,MIN,0.07645993179880649,0.13102976697925547,0.0666156161845817
2018,16,2018_16_MIN_DET,MIN,0.12191447725335193,0.17269643364592216,0.06604090354090354
2018,17,2018_17_CHI_MIN,MIN,0.09655215841277222,0.14733411480534242,0.1025747199660243
2019,1,2019_01_ATL_MIN,MIN,,,
2019,2,2019_02_MIN_GB,MIN,,,
2019,3,2019_03_OAK_MIN,MIN,,,
2019,4,2019_04_MIN_CHI,MIN,,,
2019,5,2019_05_MIN_NYG,MIN,,,
2019,6,2019_06_PHI_MIN,MIN,,,
2019,7,2019_07_MIN_DET,MIN,0.06815054637072061,0.15676610850849457,0.09229055258467023
2019,8,2019_08_WAS_MIN,MIN,0.06227447799465224,0.14821909996148602,0.07121212121212121
2019,9,2019_09_MIN_KC,MIN,0.07968188540205964,0.1398857666281527,0.07689393939393939
2019,10,2019_10_MIN_DAL,MIN,0.08297135908627017,0.1554559420667492,0.07781986531986533
2019,11,2019_11_DEN_MIN,MIN,0.08154162052417867,0.16362587670727205,0.0853956228956229
2019,13,2019_13_MIN_SEA,MIN,0.07360511258767073,0.1556893687707641,0.08893097643097643
2019,14,2019_14_DET_MIN,MIN,0.0759541847041847,0.15651154401154402,0.09298312583196304
2019,15,2019_15_MIN_LAC,MIN,0.08752825877825877,0.17225228475228474,0.10737706522590242
2019,16,2019_16_GB_MIN,MIN,0.07276635401635402,0.15876022126022127,0.10408759154169189
2019,17,2019_17_CHI_MIN,MIN,0.06329665704665705,0.14019961519961519,0.10524499894909932
2020,1,2020_01_GB_MIN,MIN,,,
2020,2,2020_02_MIN_IND,MIN,,,
2020,3,2020_03_TEN_MIN,MIN,,,
2020,4,2020_04_MIN_HOU,MIN,,,
2020,5,2020_05_MIN_SEA,MIN,,,
2020,6,2020_06_ATL_MIN,MIN,,,
2020,8,2020_08_MIN_GB,MIN,0.06052242718909386,0.12798843215509884,0.0647502140149199
2020,9,2020_09_DET_MIN,MIN,0.06449068115734782,0.12834918251584918,0.0647502140149199
2020,10,2020_10_MIN_CHI,MIN,0.05923720072656243,0.13373399995740423,0.06459589302726558
2020,11,2020_11_DAL_MIN,MIN,0.0610048774942392,0.1601228888462931,0.07439981459589302
2020,12,2020_12_CAR_MIN,MIN,0.05216649365585535,0.15170538042878468,0.06798955818563662
2020,13,2020_13_JAX_MIN,MIN,0.03414847563783734,0.12505372877713303,0.09775146294754138
2020,14,2020_14_MIN_TB,MIN,0.03361937510873681,0.1237309774543817,0.068382093578172
2020,15,2020_15_CHI_MIN,MIN,0.02965112114048284,0.13753359995265638,0.07479234998842842
2020,16,2020_16_MIN_NO,MIN,0.030134680134680136,0.13495461865027084,0.07038317891259067
2020,17,2020_17_MIN_DET,MIN,0.020033670033670032,0.09130382499947716,0.05077533577533577
2021,1,2021_01_MIN_CIN,MIN,,,
2021,2,2021_02_MIN_ARI,MIN,,,
2021,3,2021_03_SEA_MIN,MIN,,,
2021,4,2021_04_CLE_MIN,MIN,,,
2021,5,2021_05_DET_MIN,MIN,,,
2021,6,2021_06_MIN_CAR,MIN,,,
2021,8,2021_08_DAL_MIN,MIN,0.09333903485917554,0.14076550544741082,0.03700828157349897
2021,9,2021_09_MIN_BAL,MIN,0.07866100455614522,0.1270344448413502,0.02311939268461008
2021,10,2021_10_MIN_LAC,MIN,0.07720412809926876,0.14072908353598892,0.007246376811594203
2021,11,2021_11_GB_MIN,MIN,0.07665946578990057,0.1341931358235706,0.007246376811594203
2021,12,2021_12_MIN_SF,MIN,0.07266976180019658,0.13972724135767614,0.007246376811594203
2021,13,2021_13_MIN_DET,MIN,0.06790785703829182,0.14627486040529517,0.015793385358602748
2021,14,2021_14_PIT_MIN,MIN,0.06477873977873978,0.1582972582972583,0.014719848053181385
2021,15,2021_15_MIN_CHI,MIN,0.07114559986900412,0.16039268060544656,0.04249762583095917
2021,16,2021_16_LA_MIN,MIN,0.07168672541012967,0.1616553068680728,0.07821191154524487
2021,17,2021_17_MIN_GB,MIN,0.06242746615087041,0.15640005161281756,0.08326241659574991
2021,18,2021_18_CHI_MIN,MIN,0.05290365662706089,0.1492571944699604,0.09367908326241658
2022,1,2022_01_GB_MIN,MIN,,,
2022,2,2022_02_MIN_PHI,MIN,,,
2022,3,2022_03_DET_MIN,MIN,,,
2022,4,2022_04_MIN_NO,MIN,,,
2022,5,2022_05_CHI_MIN,MIN,,,
2022,6,2022_06_MIN_MIA,MIN,,,
2022,8,2022_08_ARI_MIN,MIN,0.07336985390138384,0.12910555256514325,0.07883727565100114
2022,9,2022_09_MIN_WAS,MIN,0.07147142010926234,0.13013387086920905,0.10156454837827388
2022,10,2022_10_MIN_BUF,MIN,0.07289457001438568,0.14325847554979096,0.09241422158088825
2022,11,2022_11_DAL_MIN,MIN,0.08030197742179308,0.14994320906379277,0.10281986531986531
2022,12,2022_12_NE_MIN,MIN,0.06954928924975008,0.13936973236128383,0.11130751964085296
2022,13,2022_13_NYJ_MIN,MIN,0.06756516226562309,0.13044116093271238,0.10329469912803246
2022,14,2022_14_MIN_DET,MIN,0.05187150250416672,0.11291657419908609,0.09357247690581023
2022,15,2022_15_IND_MIN,MIN,0.03826606032729598,0.1053289237542928,0.08751187084520418
2022,16,2022_16_NYG_MIN,MIN,0.036025916958120345,0.10010192255954968,0.0935842222663928
2022,17,2022_17_MIN_GB,MIN,0.03948807476810424,0.11789580339690876,0.07682937217820938
2022,18,2022_18_MIN_CHI,MIN,0.0454404557204852,0.1301973906984961,0.061046543895381104
2023,1,2023_01_TB_MIN,MIN,,,
2023,2,2023_02_MIN_PHI,MIN,,,
2023,3,2023_03_LAC_MIN,MIN,,,
2023,4,2023_04_MIN_CAR,MIN,,,
2023,5,2023_05_KC_MIN,MIN,,,
2023,6,2023_06_MIN_CHI,MIN,,,
2023,7,2023_07_SF_MIN,MIN,0.09186471602174051,0.1591097297211018,0.0661392147279244
2023,8,2023_08_MIN_GB,MIN,0.09247915534585725,0.16571495245535675,0.07624022482893451
2023,9,2023_09_MIN_ATL,MIN,0.0826026121359807,0.16324581665288762,0.07276800260671228
2023,10,2023_10_NO_MIN,MIN,0.08347475586526727,0.15905952675231202,0.06840292324163291
2023,11,2023_11_MIN_DEN,MIN,0.07182179856013608,0.1573948185658647,0.056701468466174354
2023,12,2023_12_CHI_MIN,MIN,0.07307886958464895,0.15404262916716369,0.06711813513284103
2023,14,2023_14_MIN_LV,MIN,0.056843237400740904,0.1330656176729108,0.06513400814871402
2023,15,2023_15_MIN_CIN,MIN,0.0699854118332379,0.14008473356299445,0.05978641456582633
2023,16,2023_16_DET_MIN,MIN,0.07290109347232382,0.14268520637623322,0.06736217214158391
2023,17,2023_17_GB_MIN,MIN,0.07269262984922605,0.14205981550693988,0.06339391817332994
2023,18,2023_18_MIN_DET,MIN,0.061823064631834734,0.13140337901930135,0.05358999660470248
2024,1,2024_01_MIN_NYG,MIN,,,
2024,2,2024_02_SF_MIN,MIN,,,
2024,3,2024_03_HOU_MIN,MIN,,,
2024,4,2024_04_MIN_GB,MIN,,,
2024,5,2024_05_NYJ_MIN,MIN,,,
2024,7,2024_07_DET_MIN,MIN,,,
2024,8,2024_08_MIN_LA,MIN,0.09328344903239127,0.19969738613031549,0.10593892137751787
2024,9,2024_09_IND_MIN,MIN,0.07555295257849055,0.16694811620958125,0.1240440801076766
2024,10,2024_10_MIN_JAX,MIN,0.06841009543563342,0.17805922732069235,0.09737741344100993
2024,11,2024_11_MIN_TEN,MIN,0.07140329271454499,0.17751500963361752,0.08018164624524272
2024,12,2024_12_MIN_CHI,MIN,0.09157525038650266,0.1894197715383794,0.10649743571892695
2024,13,2024_13_ARI_MIN,MIN,0.09223728282609218,0.1698346452005222,0.11731994654143778
2024,14,2024_14_ATL_MIN,MIN,0.07287196548476287,0.14047432536044224,0.12727613929332945
2024,15,2024_15_CHI_MIN,MIN,0.07725793039704355,0.14821426344093758,0.11638598777817792
2024,16,2024_16_MIN_SEA,MIN,0.07011507325418642,0.12361108883776296,0.11638598777817792
2024,17,2024_17_GB_MIN,MIN,0.05752248066159383,0.12657405180072595,0.10897858037077053
2024,18,2024_18_MIN_DET,MIN,0.049080214866386855,0.11922111062425537,0.07206337569240795
2016,1,2016_01_NE_ARI,NE,,,
2016,2,2016_02_MIA_NE,NE,,,
2016,3,2016_03_HOU_NE,NE,,,
2016,4,2016_04_BUF_NE,NE,,,
2016,5,2016_05_NE_CLE,NE,,,
2016,6,2016_06_CIN_NE,NE,,,
2016,7,2016_07_NE_PIT,NE,0.04725495921088063,0.11659010194289472,0.08884347864611024
2016,8,2016_08_NE_BUF,NE,0.034754959210880634,0.10284896719112167,0.08764730639730639
2016,10,2016_10_SEA_NE,NE,0.04250689719537676,0.10017885521868412,0.08764730639730639
2016,11,2016_11_NE_SF,NE,0.046950081162100143,0.1050001825017244,0.06912878787878789
2016,12,2016_12_NE_NYJ,NE,0.06262952367081094,0.1166145843600287,0.06584946689113357
2016,13,2016_13_LA_NE,NE,0.0589080988967546,0.09973526484913024,0.042792813399697455
2016,14,2016_14_BAL_NE,NE,0.06732560731426301,0.1211999113137767,0.052808839040723095
2016,15,2016_15_NE_DEN,NE,0.07349844682043584,0.12028055223838925,0.06904260527448933
2016,16,2016_16_NYJ_NE,NE,0.08089802398745488,0.11596413222429482,0.07884652684311678
2016,17,2016_17_NE_MIA,NE,0.08152341485674819,0.12127995461328796,0.09608790615346159
2017,1,2017_01_KC_NE,NE,,,
2017,2,2017_02_NE_NO,NE,,,
2017,3,2017_03_HOU_NE,NE,,,
2017,4,2017_04_CAR_NE,NE,,,
2017,5,2017_05_NE_TB,NE,,,
2017,6,2017_06_NE_NYJ,NE,,,
2017,7,2017_07_ATL_NE,NE,0.057073920707772785,0.14302383307841973,0.044178921568627454
2017,8,2017_08_LAC_NE,NE,0.0488179867552444,0.1401858557822381,0.0593304367201426
2017,10,2017_10_NE_DEN,NE,0.050403131682780634,0.12524020360832505,0.07333603896103896
2017,11,2017_11_NE_OAK,NE,0.04087932215897112,0.10676978513790658,0.07408008658008658
2017,12,2017_12_MIA_NE,NE,0.033394607843137254,0.09833630421865715,0.07408008658008658
2017,13,2017_13_NE_BUF,NE,0.054905447951538344,0.11756055896120458,0.09206254272043746
2017,14,2017_14_NE_MIA,NE,0.05937741217582454,0.1199685396973587,0.07122920938710413
2017,15,2017_15_NE_PIT,NE,0.06280878472484415,0.11359599067775085,0.08385547201336674
2017,16,2017_16_BUF_NE,NE,0.06801711805817749,0.1396376573444175,0.06004594820384294
2017,17,2017_17_NYJ_NE,NE,0.09074439078545021,0.15983967754643771,0.08187134502923976
2018,1,2018_01_HOU_NE,NE,,,
2018,2,2018_02_NE_JAX,NE,,,
2018,3,2018_03_NE_DET,NE,,,
2018,4,2018_04_MIA_NE,NE,,,
2018,5,2018_05_IND_NE,NE,,,
2018,6,2018_06_KC_NE,NE,,,
2018,7,2018_07_NE_CHI,NE,0.033141474808141475,0.13399232565899233,0.06686967716379481
2018,8,2018_08_NE_BUF,NE,0.026038217704884372,0.1004684171350838,0.053928500693206566
2018,9,2018_09_GB_NE,NE,0.037401854068520736,0.10467717134383801,0.0751273311025633
2018,10,2018_10_NE_TEN,NE,0.03668522835189502,0.11911206077872744,0.08341015938539159
2018,12,2018_12_NE_NYJ,NE,0.03668522835189502,0.10676638176638176,0.08341015938539159
2018,13,2018_13_MIN_NE,NE,0.040999649155677526,0.13619900587985695,0.0945212704965027
2018,14,2018_14_NE_MIA,NE,0.048246025967271726,0.14404924742575068,0.08471734892787525
2018,15,2018_15_NE_PIT,NE,0.07655799177923754,0.19052360640010965,0.09392369813422445
2018,16,2018_16_BUF_NE,NE,0.07445361467486045,0.2002037410802443,0.05883597883597883
2018,17,2018_17_NYJ_NE,NE,0.07066573588698165,0.20110561698212023,0.05476190476190476
2019,1,2019_01_PIT_NE,NE,,,
2019,2,2019_02_NE_MIA,NE,,,
2019,3,2019_03_NYJ_NE,NE,,,
2019,4,2019_04_NE_BUF,NE,,,
2019,5,2019_05_NE_WAS,NE,,,
2019,6,2019_06_NYG_NE,NE,,,
2019,7,2019_07_NE_NYJ,NE,0.1122169049511182,0.20213332551583071,0.10095182595182595
2019,8,2019_08_CLE_NE,NE,0.11379518777940102,0.20181766895017414,0.09646464646464648
2019,9,2019_09_NE_BAL,NE,0.11158101708696948,0.18511074463455415,0.08181818181818182
2019,11,2019_11_NE_PHI,NE,0.08766126400054973,0.15656136191850478,0.060679970436067994
2019,12,2019_12_DAL_NE,NE,0.08917297979797979,0.18059764309764312,0.06104072079681836
2019,13,2019_13_NE_HOU,NE,0.05886994949494948,0.16544612794612795,0.04245097720707477
2019,14,2019_14_KC_NE,NE,0.07090299547196098,0.1467679670265877,0.04245097720707477
2019,15,2019_15_NE_CIN,NE,0.06991753107186244,0.16105720082801664,0.039864770310523046
2019,16,2019_16_BUF_NE,NE,0.04676938292371429,0.154038084937933,0.0374973460680988
2019,17,2019_17_MIA_NE,NE,0.06204716070149208,0.166538084937933,0.03979497774006769
2020,1,2020_01_MIA_NE,NE,,,
2020,2,2020_02_NE_SEA,NE,,,
2020,3,2020_03_LV_NE,NE,,,
2020,4,2020_04_NE_KC,NE,,,
2020,6,2020_06_DEN_NE,NE,,,
2020,7,2020_07_SF_NE,NE,,,
2020,8,2020_08_NE_BUF,NE,0.05107770155208485,0.13429750725765907,0.07192114192114192
2020,9,2020_09_NE_NYJ,NE,0.054473287290624756,0.14250350612579715,0.07317427475322212
2020,10,2020_10_BAL_NE,NE,0.049772432589770044,0.1292556428779339,0.07317427475322212
2020,11,2020_11_NE_HOU,NE,0.04922777028040185,0.11400509821562455,0.06992752150646887
2020,12,2020_12_ARI_NE,NE,0.0436722147248463,0.11745855166907798,0.07413804782225834
2020,13,2020_13_NE_LAC,NE,0.040110961163592744,0.11033604454657085,0.06592395137286777
2020,14,2020_14_NE_LA,NE,0.04262927618190776,0.1302536269641533,0.06352154897046537
2020,15,2020_15_NE_MIA,NE,0.040267602767602766,0.11439667689667689,0.05962291349288253
2020,16,2020_16_BUF_NE,NE,0.04535159923090957,0.10599703056599608,0.05962291349288253
2020,17,2020_17_NYJ_NE,NE,0.03609233997165032,0.09673777130673682,0.05309449567414213
2021,1,2021_01_MIA_NE,NE,,,
2021,2,2021_02_NE_NYJ,NE,,,
2021,3,2021_03_NO_NE,NE,,,
2021,4,2021_04_TB_NE,NE,,,
2021,5,2021_05_NE_HOU,NE,,,
2021,6,2021_06_DAL_NE,NE,,,
2021,7,2021_07_NYJ_NE,NE,0.06975848301279336,0.14641251979614048,0.08013623352443755
2021,8,2021_08_NE_LAC,NE,0.06583998771498771,0.14615128677628678,0.06040998553732
2021,9,2021_09_NE_CAR,NE,0.06097986443381181,0.14532150963072016,0.044280953279255485
2021,10,2021_10_CLE_NE,NE,0.0450484918847922,0.11836072531699467,0.03836943535400758
2021,11,2021_11_NE_ATL,NE,0.0631904376583169,0.13769884333932322,0.043924990909563144
2021,12,2021_12_TEN_NE,NE,0.06608395617683543,0.16721273222821212,0.06475832424289647
2021,13,2021_13_NE_BUF,NE,0.08057670980002384,0.18337772665407606,0.05827914034435774
2021,15,2021_15_NE_IND,NE,0.08341761889093292,0.18669212059347004,0.04901988108509847
2021,16,2021_16_BUF_NE,NE,0.08308023697460365,0.16881087902801795,0.05756688963210702
2021,17,2021_17_JAX_NE,NE,0.07817827619028993,0.16799388556396566,0.056272893772893774
2021,18,2021_18_NE_MIA,NE,0.06774270450244964,0.15453351048834557,0.039606227106227104
2022,1,2022_01_NE_MIA,NE,,,
2022,2,2022_02_NE_PIT,NE,,,
2022,3,2022_03_BAL_NE,NE,,,
2022,4,2022_04_NE_GB,NE,,,
2022,5,2022_05_DET_NE,NE,,,
2022,6,2022_06_NE_CLE,NE,,,
2022,7,2022_07_CHI_NE,NE,0.07457639457639458,0.13875602875602874,0.04975432511664396
2022,8,2022_08_NE_NYJ,NE,0.08735417235417235,0.13301528801528803,0.031718898385565054
2022,9,2022_09_IND_NE,NE,0.08159259682515496,0.12725371248627063,0.04283000949667617
2022,11,2022_11_NYJ_NE,NE,0.10086426083366107,0.15024680126883308,0.03641975308641975
2022,12,2022_12_NE_MIN,NE,0.12187565684505708,0.16840919443122626,0.06540526033279656
2022,13,2022_13_BUF_NE,NE,0.11714015210955235,0.15847618449821632,0.07775093934514224
2022,14,2022_14_NE_ARI,NE,0.11333062830002855,0.16038094640297823,0.0820051935993965
2022,15,2022_15_NE_LV,NE,0.10794055737804271,0.1620830740625527,0.07830148989569279
2022,16,2022_16_CIN_NE,NE,0.11238374134476613,0.1705912986796826,0.06719037878458169
2022,17,2022_17_MIA_NE,NE,0.07908289664041264,0.1285185241507677,0.07385704545124834
2022,18,2022_18_NE_BUF,NE,0.061378378935894935,0.12424501987726344,0.04487153820487153
2023,1,2023_01_PHI_NE,NE,,,
2023,2,2023_02_MIA_NE,NE,,,
2023,3,2023_03_NE_NYJ,NE,,,
2023,4,2023_04_NE_DAL,NE,,,
2023,5,2023_05_NO_NE,NE,,,
2023,6,2023_06_NE_LV,NE,,,
2023,7,2023_07_BUF_NE,NE,0.05649050770018512,0.11588216517652002,0.08595959595959596
2023,8,2023_08_NE_MIA,NE,0.046477587803544294,0.12061946061148986,0.08623737373737374
2023,9,2023_09_WAS_NE,NE,0.04819344229908307,0.11695897102100715,0.08239121989121989
2023,10,2023_10_IND_NE,NE,0.045789596145236915,0.10787777443981056,0.057835316024971196
2023,12,2023_12_NE_NYG,NE,0.03328959614523692,0.08466348872552486,0.04843360662326179
2023,13,2023_13_LAC_NE,NE,0.053642898756604045,0.10501679133689197,0.074749396096946
2023,14,2023_14_NE_PIT,NE,0.053642898756604045,0.09840080034590099,0.09242616377371367
2023,15,2023_15_KC_NE,NE,0.05831393831136453,0.09651250775993397,0.115243624091174
2023,16,2023_16_NE_DEN,NE,0.06341686168102376,0.10568047177999972,0.11908977793732783
2023,17,2023_17_NE_BUF,NE,0.07193958895375104,0.11893804753757548,0.12783540512373465
2023,18,2023_18_NYJ_NE,NE,0.07731593303977254,0.13449104292928055,0.12402390131223083
2024,1,2024_01_NE_CIN,NE,,,
2024,2,2024_02_SEA_NE,NE,,,
2024,3,2024_03_NE_NYJ,NE,,,
2024,4,2024_04_NE_SF,NE,,,
2024,5,2024_05_MIA_NE,NE,,,
2024,6,2024_06_HOU_NE,NE,,,
2024,7,2024_07_NE_JAX,NE,0.06531432368807212,0.11383850046631648,0.07074400246736574
2024,8,2024_08_NYJ_NE,NE,0.04968932368807213,0.09821350046631648,0.06887434434770763
2024,9,2024_09_NE_TEN,NE,0.04460658137128726,0.10826078179019355,0.060102414523146235
2024,10,2024_10_NE_CHI,NE,0.04049953314659197,0.10985060690943044,0.06204491646564817
2024,11,2024_11_LA_NE,NE,0.07300869065574948,0.14159663865546215,0.08496158313231483
2024,12,2024_12_NE_MIA,NE,0.058722976370035186,0.14724037763253447,0.07683150183150182
2024,13,2024_13_IND_NE,NE,0.05685556273791568,0.1355690424317875,0.07286324786324785
2024,15,2024_15_NE_ARI,NE,0.05685556273791568,0.1494579313206764,0.08336385836385836
2024,16,2024_16_NE_BUF,NE,0.05130000718236013,0.12168015354289863,0.09378052503052503
2024,17,2024_17_LAC_NE,NE,0.05195360195360196,0.11318342151675483,0.08263888888888889
2024,18,2024_18_BUF_NE,NE,0.013492063492063494,0.07429453262786596,0.05381006006006006
2016,1,2016_01_OAK_NO,NO,,,
2016,2,2016_02_NO_NYG,NO,,,
2016,3,2016_03_ATL_NO,NO,,,
2016,4,2016_04_NO_SD,NO,,,
2016,6,2016_06_CAR_NO,NO,,,
2016,7,2016_07_NO_KC,NO,,,
2016,8,2016_08_SEA_NO,NO,0.03570483653522076,0.13988365413861417,0.08997574135342952
2016,9,2016_09_NO_SF,NO,0.04020934103972527,0.1457065502054127,0.08054889369128775
2016,10,2016_10_DEN_NO,NO,0.03662406972189581,0.15878794555424988,0.054507227024621074
2016,11,2016_11_NO_CAR,NO,0.047946533490011746,0.19751077164120642,0.05276354786158708
2016,12,2016_12_LA_NO,NO,0.04660077779642997,0.18736584410497456,0.0677547295194354
2016,13,2016_13_DET_NO,NO,0.05421982541547759,0.18546108220021262,0.07138581158189002
2016,14,2016_14_NO_TB,NO,0.06162723282288499,0.18314626738539783,0.08122018011191072
2016,15,2016_15_NO_ARI,NO,0.0690274902231424,0.19489015412928457,0.1047495918766166
2016,16,2016_16_TB_NO,NO,0.06892586420688222,0.20251210534879674,0.11586070298772772
2016,17,2016_17_NO_ATL,NO,0.056195742781108636,0.16618229727985825,0.12272470985173457
2017,1,2017_01_NO_MIN,NO,,,
2017,2,2017_02_NE_NO,NO,,,
2017,3,2017_03_NO_CAR,NO,,,
2017,4,2017_04_NO_MIA,NO,,,
2017,6,2017_06_DET_NO,NO,,,
2017,7,2017_07_NO_GB,NO,,,
2017,8,2017_08_CHI_NO,NO,0.0730620771538615,0.11348067469697765,0.08801877004338804
2017,9,2017_09_TB_NO,NO,0.07753538162716596,0.13195109316739614,0.09787540086776081
2017,10,2017_10_NO_BUF,NO,0.09023863365968628,0.14808422324869694,0.10712271269571778
2017,11,2017_11_WAS_NO,NO,0.08333172675277938,0.1422283673928411,0.14045604602905112
2017,12,2017_12_NO_LA,NO,0.0723023149880735,0.14100287719676266,0.14954695511996022
2017,13,2017_13_CAR_NO,NO,0.07157132083602671,0.1378961520505638,0.1320030954708374
2017,14,2017_14_NO_ATL,NO,0.07627217553688143,0.1408876050420168,0.11116976213750407
2017,15,2017_15_NYJ_NO,NO,0.07270074696545285,0.142078081232493,0.09155337155337155
2017,16,2017_16_ATL_NO,NO,0.055932454282526016,0.11781486985037919,0.08345813345813347
2017,17,2017_17_NO_TB,NO,0.06514654642344743,0.14179860968777755,0.08345813345813347
2018,1,2018_01_TB_NO,NO,,,
2018,2,2018_02_CLE_NO,NO,,,
2018,3,2018_03_NO_ATL,NO,,,
2018,4,2018_04_NO_NYG,NO,,,
2018,5,2018_05_WAS_NO,NO,,,
2018,7,2018_07_NO_BAL,NO,,,
2018,8,2018_08_NO_MIN,NO,0.054455573889776954,0.10043379395336287,0.13247321179972502
2018,9,2018_09_LA_NO,NO,0.06927038870459178,0.1218623653819343,0.12044112623822767
2018,10,2018_10_NO_CIN,NO,0.05411887355307662,0.11693504338144158,0.10809544722588199
2018,11,2018_11_PHI_NO,NO,0.06631023157776798,0.1289720804184786,0.08063332601376079
2018,12,2018_12_ATL_NO,NO,0.06908800935554575,0.13360171004810822,0.11118888156931635
2018,13,2018_13_NO_DAL,NO,0.07632802690710346,0.16285430621601812,0.11581851119894598
2018,14,2018_14_NO_TB,NO,0.10559631959003028,0.18805755824853845,0.12283113391984359
2018,15,2018_15_NO_CAR,NO,0.10665452064823133,0.19440676459774478,0.12250175315568022
2018,16,2018_16_PIT_NO,NO,0.12626236378548625,0.19859136526728094,0.12250175315568022
2018,17,2018_17_CAR_NO,NO,0.11083026502005415,0.1831592665018488,0.13060360500753207
2019,1,2019_01_HOU_NO,NO,,,
2019,2,2019_02_NO_LA,NO,,,
2019,3,2019_03_NO_SEA,NO,,,
2019,4,2019_04_DAL_NO,NO,,,
2019,5,2019_05_TB_NO,NO,,,
2019,6,2019_06_NO_JAX,NO,,,
2019,7,2019_07_NO_CHI,NO,0.08986448929522933,0.1844516640152314,0.049028749028749034
2019,8,2019_08_ARI_NO,NO,0.06793466473382583,0.15862320397624502,0.07283827283827284
2019,10,2019_10_ATL_NO,NO,0.06934949212488412,0.1351370692846774,0.06728271728271729
2019,11,2019_11_NO_TB,NO,0.07397912175451375,0.14828521743282555,0.057855869620575505
2019,12,2019_12_CAR_NO,NO,0.07536646914630064,0.1485626869111829,0.04118920295390884
2019,13,2019_13_NO_ATL,NO,0.06132360144489637,0.12749838535907648,0.06234907756205931
2019,14,2019_14_SF_NO,NO,0.07557091327285335,0.1474804642121231,0.07516959038257214
2019,15,2019_15_IND_NO,NO,0.0825434728769919,0.1526536535958388,0.0791378443508261
2019,16,2019_16_NO_TEN,NO,0.06976151798977386,0.17721505710461072,0.09874568748808099
2019,17,2019_17_NO_CAR,NO,0.0911735550268109,0.18531690895646258,0.1145827915604792
2020,1,2020_01_TB_NO,NO,,,
2020,2,2020_02_NO_LV,NO,,,
2020,3,2020_03_GB_NO,NO,,,
2020,4,2020_04_NO_DET,NO,,,
2020,5,2020_05_LAC_NO,NO,,,
2020,7,2020_07_CAR_NO,NO,,,
2020,8,2020_08_NO_CHI,NO,0.06329198123773397,0.15078881350958728,0.11445325507825509
2020,9,2020_09_NO_TB,NO,0.06890792326671948,0.151151132350167,0.12337187269252485
2020,10,2020_10_SF_NO,NO,0.06890792326671948,0.17147633560219952,0.09956234888300104
2020,11,2020_11_ATL_NO,NO,0.07198749951702743,0.1888451456539364,0.12674183606248823
2020,12,2020_12_NO_DEN,NO,0.08733141486094277,0.1999562567650475,0.1115903209109731
2020,13,2020_13_NO_ATL,NO,0.09048456801409593,0.23374004054883127,0.11080117949683167
2020,14,2020_14_NO_PHI,NO,0.09664220348207624,0.25399181942129984,0.10286467156032374
2020,15,2020_15_KC_NO,NO,0.07852626145309073,0.2452961672473868,0.09038480038480039
2020,16,2020_16_MIN_NO,NO,0.07915165232238404,0.24396721165013846,0.09444984103520689
2020,17,2020_17_NO_CAR,NO,0.07859732859732861,0.24174991674991675,0.0740576841724618
2021,1,2021_01_GB_NO,NO,,,
2021,2,2021_02_NO_CAR,NO,,,
2021,3,2021_03_NO_NE,NO,,,
2021,4,2021_04_NYG_NO,NO,,,
2021,5,2021_05_NO_WAS,NO,,,
2021,7,2021_07_NO_SEA,NO,,,
2021,8,2021_08_TB_NO,NO,0.062071605625064745,0.183308472852498,0.10286902639843816
2021,9,2021_09_ATL_NO,NO,0.06442623297969209,0.16692845647248164,0.12509124862066037
2021,10,2021_10_NO_TEN,NO,0.06650956631302543,0.20130345647248163,0.11983872336813511
2021,11,2021_11_NO_PHI,NO,0.07171451101048802,0.20119502012461785,0.11172513310444344
2021,12,2021_12_BUF_NO,NO,0.09023302952900654,0.2194048966678277,0.11712195850126883
2021,13,2021_13_DAL_NO,NO,0.09376838306436007,0.2057685330314641,0.1332204433497537
2021,14,2021_14_NO_NYJ,NO,0.06696922618390237,0.18484110153492686,0.11635536398467433
2021,15,2021_15_NO_TB,NO,0.06671670093137712,0.18450440119822656,0.09282595221996844
2021,16,2021_16_MIA_NO,NO,0.06912054708522329,0.16006529863412397,0.08076246015647638
2021,17,2021_17_CAR_NO,NO,0.0748676735220049,0.15431817219734237,0.08037931839402428
2021,18,2021_18_NO_ATL,NO,0.09170269035702172,0.14646183100766785,0.08627675429146016
2022,1,2022_01_NO_ATL,NO,,,
2022,2,2022_02_TB_NO,NO,,,
2022,3,2022_03_NO_CAR,NO,,,
2022,4,2022_04_MIN_NO,NO,,,
2022,5,2022_05_SEA_NO,NO,,,
2022,6,2022_06_CIN_NO,NO,,,
2022,7,2022_07_NO_ARI,NO,0.06396031078537386,0.11949274676356257,0.04797827903091061
2022,8,2022_08_LV_NO,NO,0.07437697745204053,0.12485890837972419,0.06142857142857142
2022,9,2022_09_BAL_NO,NO,0.08511894865912802,0.15021881978614723,0.08322344322344323
2022,10,2022_10_NO_PIT,NO,0.08726180580198517,0.13379024835757578,0.0998901098901099
2022,11,2022_11_LA_NO,NO,0.10313482167500103,0.1337902483575758,0.10097538120793935
2022,12,2022_12_NO_SF,NO,0.10672677569798954,0.13684340927711602,0.09621347644603458
2022,13,2022_13_NO_TB,NO,0.09891761865905073,0.13876895484836121,0.10770772931959781
2022,15,2022_15_ATL_NO,NO,0.09153125502268707,0.1435038033332097,0.09381884043070893
2022,16,2022_16_NO_CLE,NO,0.09824960127591707,0.13084230462519936,0.06785730196917045
2022,17,2022_17_NO_PHI,NO,0.08835061137692717,0.1326604864433812,0.07079847843975869
2022,18,2022_18_CAR_NO,NO,0.08688862307283361,0.13558446305156832,0.07415765156637368
2023,1,2023_01_TEN_NO,NO,,,
2023,2,2023_02_NO_CAR,NO,,,
2023,3,2023_03_NO_GB,NO,,,
2023,4,2023_04_TB_NO,NO,,,
2023,5,2023_05_NO_NE,NO,,,
2023,6,2023_06_NO_HOU,NO,,,
2023,7,2023_07_JAX_NO,NO,0.061037729304911505,0.12428596438696653,0.08434361023495147
2023,8,2023_08_NO_IND,NO,0.04752421579139798,0.08824992835093048,0.08958836547970672
2023,9,2023_09_CHI_NO,NO,0.03773229412677131,0.084679956910702,0.08776088009958977
2023,10,2023_10_NO_MIN,NO,0.044525772387640876,0.09464372502664403,0.08535703394574362
2023,12,2023_12_NO_ATL,NO,0.044525772387640876,0.09940562978854879,0.09545804404675373
2023,13,2023_13_DET_NO,NO,0.03442476228663077,0.09219062257354156,0.08506960682904822
2023,14,2023_14_CAR_NO,NO,0.02910334891924039,0.0996406012878881,0.07467534159607331
2023,15,2023_15_NYG_NO,NO,0.04577001558590706,0.12880726795455477,0.07467534159607331
2023,16,2023_16_NO_LA,NO,0.06394400352733687,0.131305114638448,0.07814756381829552
2023,17,2023_17_NO_TB,NO,0.058289241622574955,0.12475749559082894,0.07814756381829552
2023,18,2023_18_ATL_NO,NO,0.06278659611992946,0.11959876543209876,0.0751172607879925
2024,1,2024_01_CAR_NO,NO,,,
2024,2,2024_02_NO_DAL,NO,,,
2024,3,2024_03_PHI_NO,NO,,,
2024,4,2024_04_NO_ATL,NO,,,
2024,5,2024_05_NO_KC,NO,,,
2024,6,2024_06_TB_NO,NO,,,
2024,7,2024_07_DEN_NO,NO,0.06317742187446937,0.11067540124022794,0.051923076923076926
2024,8,2024_08_NO_LAC,NO,0.04412980282685033,0.08686587743070413,0.05787545787545787
2024,9,2024_09_NO_CAR,NO,0.0473044060014535,0.1080298985947253,0.06143320281251316
2024,10,2024_10_ATL_NO,NO,0.03738377108081858,0.09810926367409038,0.07035182042678295
2024,11,2024_11_CLE_NO,NO,0.04494926340240846,0.11617611100923038,0.08076848709344962
2024,13,2024_13_LA_NO,NO,0.04643456671698007,0.10460637992730419,0.08888814521310773
2024,14,2024_14_NO_NYG,NO,0.054869114625212184,0.13429598856428124,0.07460243092739345
2024,15,2024_15_WAS_NO,NO,0.0612793710354686,0.1759626552309479,0.06031671664167917
2024,16,2024_16_NO_GB,NO,0.0811816909377885,0.17303225230054498,0.07263198757763975
2024,17,2024_17_LV_NO,NO,0.07522930998540754,0.1718417761100688,0.059439865689865694
2024,18,2024_18_NO_TB,NO,0.06766381766381767,0.14451566951566952,0.05779512884776042
2016,1,2016_01_NYG_DAL,NYG,,,
2016,2,2016_02_NO_NYG,NYG,,,
2016,3,2016_03_WAS_NYG,NYG,,,
2016,4,2016_04_NYG_MIN,NYG,,,
2016,5,2016_05_NYG_GB,NYG,,,
2016,6,2016_06_BAL_NYG,NYG,,,
2016,7,2016_07_NYG_LA,NYG,0.022684973302822275,0.103922366302229,0.0965107808857809
2016,9,2016_09_PHI_NYG,NYG,0.031613544731393696,0.10769220757207026,0.0937330031080031
2016,10,2016_10_CIN_NYG,NYG,0.031169889008234874,0.10636124040259377,0.09424582362082362
2016,11,2016_11_CHI_NYG,NYG,0.03802295918367347,0.10170115268329553,0.10487384294449513
2016,12,2016_12_NYG_CLE,NYG,0.057630802320928376,0.1169516973456049,0.09800515607580824
2016,13,2016_13_NYG_PIT,NYG,0.08050661931439242,0.1385203247965853,0.09825317194882412
2016,14,2016_14_DAL_NYG,NYG,0.0821732859810591,0.1310203247965853,0.07816770186335405
2016,15,2016_15_DET_NYG,NYG,0.08574471455248767,0.15363937241563294,0.08983436853002069
2016,16,2016_16_NYG_PHI,NYG,0.08310866013071895,0.1457312091503268,0.07650103519668737
2016,17,2016_17_NYG_WAS,NYG,0.06748366013071895,0.13968954248366014,0.09365079365079365
2017,1,2017_01_NYG_DAL,NYG,,,
2017,2,2017_02_DET_NYG,NYG,,,
2017,3,2017_03_NYG_PHI,NYG,,,
2017,4,2017_04_NYG_TB,NYG,,,
2017,5,2017_05_LAC_NYG,NYG,,,
2017,6,2017_06_NYG_DEN,NYG,,,
2017,7,2017_07_SEA_NYG,NYG,0.05536680189317106,0.10660714651586863,0.08447059205885793
2017,9,2017_09_LA_NYG,NYG,0.05536680189317106,0.12327381318253529,0.07909424797283643
2017,10,2017_10_NYG_SF,NYG,0.03453346855983773,0.11064755055627268,0.06066476079334924
2017,11,2017_11_KC_NYG,NYG,0.019827586206896553,0.1043730407523511,0.07231977244836091
2017,12,2017_12_NYG_WAS,NYG,0.019629173508483855,0.09980954868885904,0.06507339563676671
2017,13,2017_13_NYG_OAK,NYG,0.04665620053551089,0.10410930298861336,0.06433183093524648
2017,14,2017_14_DAL_NYG,NYG,0.03966645216645217,0.10162405912405914,0.08326354155052708
2017,15,2017_15_PHI_NYG,NYG,0.035499785499785504,0.0835685035685036,0.08863988563654861
2017,16,2017_16_NYG_ARI,NYG,0.039773289773289776,0.09833151833151836,0.08816505182838145
2017,17,2017_17_WAS_NYG,NYG,0.04878229878229879,0.09851169851169854,0.08648155014487975
2018,1,2018_01_JAX_NYG,NYG,,,
2018,2,2018_02_NYG_DAL,NYG,,,
2018,3,2018_03_NYG_HOU,NYG,,,
2018,4,2018_04_NO_NYG,NYG,,,
2018,5,2018_05_NYG_CAR,NYG,,,
2018,6,2018_06_PHI_NYG,NYG,,,
2018,7,2018_07_NYG_ATL,NYG,0.030161636043988985,0.11740580917051506,0.08909117551944377
2018,8,2018_08_WAS_NYG,NYG,0.03716443716443716,0.12744315744315746,0.11647212790039614
2018,10,2018_10_NYG_SF,NYG,0.03716443716443716,0.13348482410982412,0.1316236430519113
2018,11,2018_11_TB_NYG,NYG,0.0258008008008008,0.10463867026367026,0.11377730306401052
2018,12,2018_12_NYG_PHI,NYG,0.02542486095117674,0.11704468530126426,0.11447174750845496
2018,13,2018_13_CHI_NYG,NYG,0.03692426357961163,0.1354138609285044,0.10371905933641196
2018,14,2018_14_NYG_WAS,NYG,0.050938277593625646,0.1351135606282041,0.11379970449770227
2018,15,2018_15_TEN_NYG,NYG,0.061556038211386256,0.14680382231846578,0.11076940146739926
2018,16,2018_16_NYG_IND,NYG,0.06913179578714383,0.13591367080331426,0.1104327011306989
2018,17,2018_17_DAL_NYG,NYG,0.07260401800936606,0.147398713538357,0.11402465515368743
2019,1,2019_01_NYG_DAL,NYG,,,
2019,2,2019_02_BUF_NYG,NYG,,,
2019,3,2019_03_NYG_TB,NYG,,,
2019,4,2019_04_WAS_NYG,NYG,,,
2019,5,2019_05_MIN_NYG,NYG,,,
2019,6,2019_06_NYG_NE,NYG,,,
2019,7,2019_07_ARI_NYG,NYG,0.07557101304150872,0.13913321849494156,0.06013071895424837
2019,8,2019_08_NYG_DET,NYG,0.09006376666469712,0.13596292863986909,0.07533539731682147
2019,9,2019_09_DAL_NYG,NYG,0.09343077003170049,0.13890905658599703,0.07886480908152735
2019,10,2019_10_NYG_NYJ,NYG,0.07717060743007446,0.1220681738914558,0.08997592019263845
2019,12,2019_12_NYG_CHI,NYG,0.07145824183867662,0.13147677604199345,0.09741337793435584
2019,13,2019_13_GB_NYG,NYG,0.06254351315650608,0.13418995433656708,0.09854459965381285
2019,14,2019_14_NYG_PHI,NYG,0.05117987679286971,0.12535157049818324,0.11287340810026836
2019,15,2019_15_MIA_NYG,NYG,0.046121085433832254,0.14955173456709217,0.0969742852932508
2019,16,2019_16_NYG_WAS,NYG,0.0389662032789501,0.16428237429773193,0.11030761862658416
2019,17,2019_17_PHI_NYG,NYG,0.051161325230169606,0.18112325699227314,0.1312477895667551
2020,1,2020_01_PIT_NYG,NYG,,,
2020,2,2020_02_NYG_CHI,NYG,,,
2020,3,2020_03_SF_NYG,NYG,,,
2020,4,2020_04_NYG_LA,NYG,,,
2020,5,2020_05_NYG_DAL,NYG,,,
2020,6,2020_06_WAS_NYG,NYG,,,
2020,7,2020_07_NYG_PHI,NYG,0.06938155975879762,0.16517912767113535,0.08877778372718402
2020,8,2020_08_TB_NYG,NYG,0.07021593606251059,0.17613031665736814,0.07766667261607292
2020,9,2020_09_NYG_WAS,NYG,0.057134540713673375,0.16559252595969373,0.0741944503938507
2020,10,2020_10_PHI_NYG,NYG,0.056717613467477834,0.1515212314005943,0.06414154034094065
2020,12,2020_12_NYG_CIN,NYG,0.05910881385006989,0.1757919152839037,0.07048212005108556
2020,13,2020_13_NYG_SEA,NYG,0.06033769249830339,0.1997550489244567,0.07546296296296297
2020,14,2020_14_ARI_NYG,NYG,0.06682923839202319,0.19839635327228278,0.06851851851851852
2020,15,2020_15_CLE_NYG,NYG,0.06082057014931241,0.18145387888299988,0.08789836347975882
2020,16,2020_16_NYG_BAL,NYG,0.058119137215321325,0.1710005079645127,0.10873169681309218
2020,17,2020_17_DAL_NYG,NYG,0.049989055914508314,0.1722512897030993,0.09021317829457365
2021,1,2021_01_DEN_NYG,NYG,,,
2021,2,2021_02_NYG_WAS,NYG,,,
2021,3,2021_03_ATL_NYG,NYG,,,
2021,4,2021_04_NYG_NO,NYG,,,
2021,5,2021_05_NYG_DAL,NYG,,,
2021,6,2021_06_LA_NYG,NYG,,,
2021,7,2021_07_CAR_NYG,NYG,0.045079018126330556,0.09372163274388919,0.030463980463980463
2021,8,2021_08_NYG_KC,NYG,0.05852931052399137,0.1007391766035383,0.042018602312719956
2021,9,2021_09_LV_NYG,NYG,0.06164987789987791,0.1103136446886447,0.06670996033741132
2021,11,2021_11_NYG_TB,NYG,0.052375464370145224,0.09531091691995948,0.058376627004077995
2021,12,2021_12_PHI_NYG,NYG,0.0557768249143629,0.10551499855261254,0.0768951455225965
2021,13,2021_13_NYG_MIA,NYG,0.05146134872388672,0.09688404617166015,0.07767214629959728
2021,14,2021_14_NYG_LAC,NYG,0.04879662004171617,0.09288695314840434,0.07767214629959728
2021,15,2021_15_DAL_NYG,NYG,0.036675407920504055,0.0898566501181013,0.052764886098219436
2021,16,2021_16_NYG_PHI,NYG,0.042508741253837384,0.09818998345143465,0.039184639184639186
2021,17,2021_17_NYG_CHI,NYG,0.0445181975186128,0.115329463356872,0.039184639184639186
2021,18,2021_18_WAS_NYG,NYG,0.04988876679895651,0.12705520628562242,0.03301179967846635
2022,1,2022_01_NYG_TEN,NYG,,,
2022,2,2022_02_CAR_NYG,NYG,,,
2022,3,2022_03_DAL_NYG,NYG,,,
2022,4,2022_04_CHI_NYG,NYG,,,
2022,5,2022_05_NYG_GB,NYG,,,
2022,6,2022_06_BAL_NYG,NYG,,,
2022,7,2022_07_NYG_JAX,NYG,0.06930293754008292,0.14453346248019272,0.07245215533259011
2022,8,2022_08_NYG_SEA,NYG,0.06440097675576918,0.12759941613438167,0.05963164251207729
2022,10,2022_10_HOU_NYG,NYG,0.0671618020972397,0.1511390848353407,0.058472222222222224
2022,11,2022_11_DET_NYG,NYG,0.0834219646988657,0.18103680316736273,0.07923245614035088
2022,12,2022_12_NYG_DAL,NYG,0.04770767898457998,0.14669614382670337,0.07782479848269322
2022,13,2022_13_WAS_NYG,NYG,0.03957759768376698,0.17230589992426434,0.09085898651688125
2022,14,2022_14_PHI_NYG,NYG,0.04788961814412504,0.1987338624136079,0.07465528281317756
2022,15,2022_15_NYG_WAS,NYG,0.06693723719174409,0.21496762864737415,0.08003162689919906
2022,16,2022_16_NYG_MIN,NYG,0.06904872367823058,0.21158925026899578,0.08592906279663494
2022,17,2022_17_IND_NYG,NYG,0.06560907389711737,0.20619525402134095,0.07715713297207355
2022,18,2022_18_NYG_PHI,NYG,0.0771033267706806,0.2099529905376982,0.07432096346923737
2023,1,2023_01_DAL_NYG,NYG,,,
2023,2,2023_02_NYG_ARI,NYG,,,
2023,3,2023_03_NYG_SF,NYG,,,
2023,4,2023_04_SEA_NYG,NYG,,,
2023,5,2023_05_NYG_MIA,NYG,,,
2023,6,2023_06_NYG_BUF,NYG,,,
2023,7,2023_07_WAS_NYG,NYG,0.025828114537791953,0.10779097246839181,0.09178039185535437
2023,8,2023_08_NYJ_NYG,NYG,0.046661447871125285,0.12251319469061404,0.08066928074424327
2023,9,2023_09_NYG_LV,NYG,0.06332811453779195,0.12775513017448503,0.06450766458262709
2023,10,2023_10_NYG_DAL,NYG,0.05478110599078342,0.11305427547363033,0.08047045995718718
2023,11,2023_11_NYG_WAS,NYG,0.0428763440860215,0.11034864776800261,0.06883233962341467
2023,12,2023_12_NE_NYG,NYG,0.05110544217687075,0.12000412286126573,0.07478472057579562
2023,14,2023_14_GB_NYG,NYG,0.06011445118587976,0.1279620808192237,0.07404315587427542
2023,15,2023_15_NYG_NO,NYG,0.04741119915335943,0.12169514314984699,0.08045341228453183
2023,16,2023_16_NYG_PHI,NYG,0.03630008804224832,0.09530625426095811,0.06367852050964005
2023,17,2023_17_LA_NYG,NYG,0.04057359231575259,0.09718659614129999,0.0677401451595
2023,18,2023_18_PHI_NYG,NYG,0.058117451964875395,0.11273683537574974,0.0721318886816783
2024,1,2024_01_MIN_NYG,NYG,,,
2024,2,2024_02_NYG_WAS,NYG,,,
2024,3,2024_03_NYG_CLE,NYG,,,
2024,4,2024_04_DAL_NYG,NYG,,,
2024,5,2024_05_NYG_SEA,NYG,,,
2024,6,2024_06_CIN_NYG,NYG,,,
2024,7,2024_07_PHI_NYG,NYG,0.1117703871557874,0.18105596702140617,0.1166746699355395
2024,8,2024_08_NYG_PIT,NYG,0.14677038715578739,0.22605596702140615,0.10485130811217767
2024,9,2024_09_WAS_NYG,NYG,0.1430939165675521,0.23340890819787674,0.09118003315058014
2024,10,2024_10_NYG_CAR,NYG,0.11410840932117527,0.19783578566823246,0.09507866862816299
2024,12,2024_12_TB_NYG,NYG,0.11456628477905073,0.20561966845211524,0.08171816138178617
2024,13,2024_13_NYG_DAL,NYG,0.08974358974358976,0.18836198523698522,0.08219164623027102
2024,14,2024_14_NO_NYG,NYG,0.0689102564102564,0.1657925407925408,0.07281664623027102
2024,15,2024_15_BAL_NYG,NYG,0.03734459984459985,0.12766122766122767,0.1159142893279141
2024,16,2024_16_NYG_ATL,NYG,0.03436840936840937,0.10980408480408481,0.11591428932791413
2024,17,2024_17_IND_NYG,NYG,0.03436840936840937,0.10699824866491532,0.1290721840647562
2024,18,2024_18_NYG_PHI,NYG,0.036088234258965964,0.0976173856255157,0.13364920426677643
2016,1,2016_01_CIN_NYJ,NYJ,,,
2016,2,2016_02_NYJ_BUF,NYJ,,,
2016,3,2016_03_NYJ_KC,NYJ,,,
2016,4,2016_04_SEA_NYJ,NYJ,,,
2016,5,2016_05_NYJ_PIT,NYJ,,,
2016,6,2016_06_NYJ_ARI,NYJ,,,
2016,7,2016_07_BAL_NYJ,NYJ,0.054331484846190735,0.131181823935619,0.13818815200394147
2016,8,2016_08_NYJ_CLE,NYJ,0.030046330126253396,0.10875722542406396,0.12702387768177242
2016,9,2016_09_NYJ_MIA,NYJ,0.03319098421430371,0.12224880586634435,0.11922660672660673
2016,10,2016_10_LA_NYJ,NYJ,0.02922273024604975,0.13574086935840787,0.12385623635623637
2016,12,2016_12_NE_NYJ,NYJ,0.034570323828937446,0.14168264000606084,0.11141279744220921
2016,13,2016_13_IND_NYJ,NYJ,0.031098101606715226,0.15128231320867522,0.12034136887078062
2016,14,2016_14_NYJ_SF,NYJ,0.03665365716227078,0.14652040844677047,0.12748422601363776
2016,15,2016_15_MIA_NYJ,NYJ,0.04131204225543848,0.14030922832254686,0.11850555036829546
2016,16,2016_16_NYJ_NE,NYJ,0.046939317991949565,0.1565290230924906,0.11850555036829546
2016,17,2016_17_BUF_NYJ,NYJ,0.046939317991949565,0.13986235642582392,0.08517221703496214
2017,1,2017_01_NYJ_BUF,NYJ,,,
2017,2,2017_02_NYJ_OAK,NYJ,,,
2017,3,2017_03_MIA_NYJ,NYJ,,,
2017,4,2017_04_JAX_NYJ,NYJ,,,
2017,5,2017_05_NYJ_CLE,NYJ,,,
2017,6,2017_06_NE_NYJ,NYJ,,,
2017,7,2017_07_NYJ_MIA,NYJ,0.03066191191191191,0.1189949818239292,0.11923002923002922
2017,8,2017_08_ATL_NYJ,NYJ,0.0320508008008008,0.15093942626837364,0.12605542605542605
2017,9,2017_09_BUF_NYJ,NYJ,0.037606356356356355,0.17871720404615143,0.11258741258741257
2017,10,2017_10_NYJ_TB,NYJ,0.052012384725150684,0.1898726413983973,0.08733488733488733
2017,12,2017_12_CAR_NYJ,NYJ,0.05214465985742581,0.19542819695395286,0.10482954545454544
2017,13,2017_13_KC_NYJ,NYJ,0.06279167050443646,0.20430070582646173,0.09963049613784906
2017,14,2017_14_NYJ_DEN,NYJ,0.07231548002824598,0.21495233489914342,0.09296382947118241
2017,15,2017_15_NYJ_NO,NYJ,0.06991649012925608,0.18603819348500197,0.08058287709023003
2017,16,2017_16_LAC_NYJ,NYJ,0.06436093457370053,0.16289004533685386,0.08148475299210593
2017,17,2017_17_NYJ_NE,NYJ,0.03953823953823954,0.1482623857623858,0.07340394491129784
2018,1,2018_01_NYJ_DET,NYJ,,,
2018,2,2018_02_MIA_NYJ,NYJ,,,
2018,3,2018_03_NYJ_CLE,NYJ,,,
2018,4,2018_04_NYJ_JAX,NYJ,,,
2018,5,2018_05_DEN_NYJ,NYJ,,,
2018,6,2018_06_IND_NYJ,NYJ,,,
2018,7,2018_07_MIN_NYJ,NYJ,0.060599217103282144,0.14831030095021397,0.11430904207490299
2018,8,2018_08_NYJ_CHI,NYJ,0.06466425775368864,0.16394507268254668,0.14069793096379188
2018,9,2018_09_NYJ_MIA,NYJ,0.050725587901040294,0.15299326065546584,0.1343728202743548
2018,10,2018_10_BUF_NYJ,NYJ,0.058662095837548243,0.15497738763959282,0.1427903286918632
2018,12,2018_12_NE_NYJ,NYJ,0.05670485404290807,0.16340858306265815,0.14875793312494082
2018,13,2018_13_NYJ_TEN,NYJ,0.044800092138146154,0.16945697015943237,0.109542246850431
2018,14,2018_14_NYJ_BUF,NYJ,0.057957986874988265,0.18465484857640502,0.10295463156716352
2018,15,2018_15_HOU_NYJ,NYJ,0.06639294622458176,0.2020328973568928,0.06509620862809544
2018,16,2018_16_GB_NYJ,NYJ,0.0850520227584211,0.2236964014682148,0.08470405176535034
2018,17,2018_17_NYJ_NE,NYJ,0.07254193397714588,0.21592803988629386,0.06618553324683181
2019,1,2019_01_BUF_NYJ,NYJ,,,
2019,2,2019_02_CLE_NYJ,NYJ,,,
2019,3,2019_03_NYJ_NE,NYJ,,,
2019,5,2019_05_NYJ_PHI,NYJ,,,
2019,6,2019_06_DAL_NYJ,NYJ,,,
2019,7,2019_07_NE_NYJ,NYJ,,,
2019,8,2019_08_NYJ_JAX,NYJ,0.03069085757872943,0.1560549925538484,0.13779537868787362
2019,9,2019_09_NYJ_MIA,NYJ,0.03556415192570799,0.1350998268618406,0.15387381006042264
2019,10,2019_10_NYG_NYJ,NYJ,0.03907292385553255,0.13817000230043708,0.15585793704454962
2019,11,2019_11_NYJ_WAS,NYJ,0.05628306878306879,0.1549272486772487,0.17655510480054093
2019,12,2019_12_OAK_NYJ,NYJ,0.0739833271810016,0.1564776362741479,0.1676470588235294
2019,13,2019_13_NYJ_CIN,NYJ,0.0747769779746524,0.144572874369386,0.16319073083778968
2019,14,2019_14_MIA_NYJ,NYJ,0.0791629428869331,0.1422336930828363,0.16044563279857396
2019,15,2019_15_NYJ_BAL,NYJ,0.07845069217468238,0.17499722584636904,0.15667489373371726
2019,16,2019_16_PIT_NYJ,NYJ,0.06845069217468237,0.16999722584636903,0.11977013182895535
2019,17,2019_17_NYJ_BUF,NYJ,0.06387752144297507,0.1672025103992146,0.1138877788877789
2020,1,2020_01_NYJ_BUF,NYJ,,,
2020,2,2020_02_SF_NYJ,NYJ,,,
2020,3,2020_03_NYJ_IND,NYJ,,,
2020,4,2020_04_DEN_NYJ,NYJ,,,
2020,5,2020_05_ARI_NYJ,NYJ,,,
2020,6,2020_06_NYJ_MIA,NYJ,,,
2020,7,2020_07_BUF_NYJ,NYJ,0.041896940744867016,0.12866747691632482,0.12863266283524905
2020,8,2020_08_NYJ_KC,NYJ,0.03910026651962136,0.1261731458505652,0.10972834184759472
2020,9,2020_09_NE_NYJ,NYJ,0.022433599852954695,0.07570033261179453,0.08616512345679012
2020,11,2020_11_NYJ_LAC,NYJ,0.022433599852954695,0.08808128499274691,0.09836024540800963
2020,12,2020_12_MIA_NYJ,NYJ,0.03204898446833931,0.08363546199853682,0.11719037361313783
2020,13,2020_13_LV_NYJ,NYJ,0.043279356163827276,0.11036970966301703,0.11941259583536006
2020,14,2020_14_NYJ_SEA,NYJ,0.03932938908021964,0.11464884067025864,0.10607926250202672
2020,15,2020_15_NYJ_LA,NYJ,0.03697248672331729,0.11868924471066267,0.11688173163782918
2020,16,2020_16_CLE_NYJ,NYJ,0.0504860002368308,0.14408698287435828,0.10898699479572393
2020,17,2020_17_NYJ_NE,NYJ,0.06218190666957934,0.1455072000840492,0.12456965062228219
2021,1,2021_01_NYJ_CAR,NYJ,,,
2021,2,2021_02_NE_NYJ,NYJ,,,
2021,3,2021_03_NYJ_DEN,NYJ,,,
2021,4,2021_04_TEN_NYJ,NYJ,,,
2021,5,2021_05_NYJ_ATL,NYJ,,,
2021,7,2021_07_NYJ_NE,NYJ,,,
2021,8,2021_08_CIN_NYJ,NYJ,0.05656291401905437,0.1550739496963753,0.09900705303004154
2021,9,2021_09_NYJ_IND,NYJ,0.06509117912626684,0.1399667372207418,0.14491754685720204
2021,10,2021_10_BUF_NYJ,NYJ,0.0553160080607732,0.1459947593777962,0.11019532463497982
2021,11,2021_11_MIA_NYJ,NYJ,0.054081440159538634,0.14969846308149992,0.08316829760795279
2021,12,2021_12_NYJ_HOU,NYJ,0.03361360390222869,0.11856671213550747,0.09381530825496343
2021,13,2021_13_PHI_NYJ,NYJ,0.06049532433233621,0.1289687691715056,0.1019570707070707
2021,14,2021_14_NO_NYJ,NYJ,0.06887274937642791,0.13161427181700827,0.08925381867455039
2021,15,2021_15_NYJ_MIA,NYJ,0.07654818797291917,0.12357333614449363,0.05989775806848977
2021,16,2021_16_JAX_NYJ,NYJ,0.0771242248392786,0.13125382769595292,0.05989775806848977
2021,17,2021_17_TB_NYJ,NYJ,0.070078154378574,0.12529176807535672,0.05989775806848977
2021,18,2021_18_NYJ_BUF,NYJ,0.07334612823478315,0.12855974193156589,0.07504927322000492
2022,1,2022_01_BAL_NYJ,NYJ,,,
2022,2,2022_02_NYJ_CLE,NYJ,,,
2022,3,2022_03_CIN_NYJ,NYJ,,,
2022,4,2022_04_NYJ_PIT,NYJ,,,
2022,5,2022_05_MIA_NYJ,NYJ,,,
2022,6,2022_06_NYJ_GB,NYJ,,,
2022,7,2022_07_NYJ_DEN,NYJ,0.06524705819008385,0.21919478241992504,0.09210620581588325
2022,8,2022_08_NE_NYJ,NYJ,0.05837649081419733,0.22484637816460587,0.07623318994286736
2022,9,2022_09_BUF_NYJ,NYJ,0.0768143537642554,0.2335571795583341,0.08762693663073169
2022,11,2022_11_NYJ_NE,NYJ,0.08940994530721535,0.2239980252623377,0.05786503186882693
2022,12,2022_12_CHI_NYJ,NYJ,0.10247159629990084,0.21407117050789673,0.07812971342383107
2022,13,2022_13_NYJ_MIN,NYJ,0.10555801605298726,0.16931808408814364,0.08321370988713789
2022,14,2022_14_NYJ_BUF,NYJ,0.10096158288512552,0.179246379730725,0.08378842253081605
2022,15,2022_15_DET_NYJ,NYJ,0.11408215026101204,0.19130311731937752,0.09767731141970493
2022,16,2022_16_JAX_NYJ,NYJ,0.089691906358573,0.18071261667752894,0.09207507052334639
2022,17,2022_17_NYJ_SEA,NYJ,0.073532718324385,0.18204808676299902,0.10489558334385919
2022,18,2022_18_NYJ_MIA,NYJ,0.06343170822337489,0.19214909686400916,0.08802648752739496
2023,1,2023_01_BUF_NYJ,NYJ,,,
2023,2,2023_02_NYJ_DAL,NYJ,,,
2023,3,2023_03_NE_NYJ,NYJ,,,
2023,4,2023_04_KC_NYJ,NYJ,,,
2023,5,2023_05_NYJ_DEN,NYJ,,,
2023,6,2023_06_PHI_NYJ,NYJ,,,
2023,8,2023_08_NYJ_NYG,NYJ,0.053905608017690614,0.16542072882394485,0.10955047368090846
2023,9,2023_09_LAC_NYJ,NYJ,0.07282670302574214,0.19762684798658578,0.11246422659466138
2023,10,2023_10_NYJ_LV,NYJ,0.09236272256176169,0.2376756880354258,0.0981785123089471
2023,11,2023_11_NYJ_BUF,NYJ,0.10902938922842835,0.2422733891848511,0.10547017897561377
2023,12,2023_12_MIA_NYJ,NYJ,0.10870355019291189,0.21946465669869927,0.10835238448939821
2023,13,2023_13_ATL_NYJ,NYJ,0.1000725978119595,0.1965479900320326,0.10286863987521883
2023,14,2023_14_HOU_NYJ,NYJ,0.1096470658970659,0.22479858104858105,0.10465117106951471
2023,15,2023_15_NYJ_MIA,NYJ,0.09786255411255412,0.19028679653679656,0.07901014542848908
2023,16,2023_16_WAS_NYJ,NYJ,0.09129440961337514,0.15613244514106583,0.09488316130150494
2023,17,2023_17_NYJ_CLE,NYJ,0.0792573725763381,0.13668800069662138,0.10198543402877769
2023,18,2023_18_NYJ_NE,NYJ,0.0797624230813886,0.12204153605015673,0.09791275232451703
2024,1,2024_01_NYJ_SF,NYJ,,,
2024,2,2024_02_NYJ_TEN,NYJ,,,
2024,3,2024_03_NE_NYJ,NYJ,,,
2024,4,2024_04_DEN_NYJ,NYJ,,,
2024,5,2024_05_NYJ_MIN,NYJ,,,
2024,6,2024_06_BUF_NYJ,NYJ,,,
2024,7,2024_07_NYJ_PIT,NYJ,0.10267606621773288,0.17077581369248038,0.059692486347834396
2024,8,2024_08_NYJ_NE,NYJ,0.09260662177328843,0.1777202581369248,0.06919541032444258
2024,9,2024_09_HOU_NYJ,NYJ,0.08187429854096522,0.16162177328843996,0.0787960247637667
2024,10,2024_10_NYJ_ARI,NYJ,0.08070879737546403,0.14375075541742208,0.0862034321711741
2024,11,2024_11_IND_NYJ,NYJ,0.0873754640421307,0.14375075541742208,0.07528273324644293
2024,13,2024_13_SEA_NYJ,NYJ,0.0789579556246223,0.1365958732625399,0.08269014065385033
2024,14,2024_14_NYJ_MIA,NYJ,0.08131815896521778,0.1536619589560766,0.0993787660381279
2024,15,2024_15_NYJ_JAX,NYJ,0.07576260340966223,0.12588418117829883,0.12057759644748461
2024,16,2024_16_LA_NYJ,NYJ,0.0724643143970875,0.11753538711521903,0.0990722201033986
2024,17,2024_17_NYJ_BUF,NYJ,0.03827628020905332,0.08357227420473771,0.08055370158488007
2024,18,2024_18_MIA_NYJ,NYJ,0.03160961354238665,0.08809608372854723,0.09985517217311536
2016,1,2016_01_CLE_PHI,PHI,,,
2016,2,2016_02_PHI_CHI,PHI,,,
2016,3,2016_03_PIT_PHI,PHI,,,
2016,5,2016_05_PHI_DET,PHI,,,
2016,6,2016_06_PHI_WAS,PHI,,,
2016,7,2016_07_MIN_PHI,PHI,,,
2016,8,2016_08_PHI_DAL,PHI,0.09102036969104099,0.18042428514570416,0.1398027898027898
2016,9,2016_09_PHI_NYG,PHI,0.08171549831720411,0.18343468470782787,0.1405030699148346
2016,10,2016_10_ATL_PHI,PHI,0.07059500282170862,0.16119369371683687,0.14976232917409388
2016,11,2016_11_PHI_SEA,PHI,0.06622992345662926,0.1654595667327099,0.1843777137894785
2016,12,2016_12_GB_PHI,PHI,0.048291922760007856,0.15553271197826893,0.15783450391293527
2016,13,2016_13_PHI_CIN,PHI,0.048291922760007856,0.15000229468314577,0.1504391215175529
2016,14,2016_14_WAS_PHI,PHI,0.027015327015327013,0.1146556920750469,0.1582954627072274
2016,15,2016_15_PHI_BAL,PHI,0.03296770796770797,0.1037429936623485,0.14827841240884718
2016,16,2016_16_NYG_PHI,PHI,0.04361471861471861,0.10988549980485464,0.1482784124088472
2016,17,2016_17_DAL_PHI,PHI,0.034090909090909095,0.10776909768845251,0.11032969446012925
2017,1,2017_01_PHI_WAS,PHI,,,
2017,2,2017_02_PHI_KC,PHI,,,
2017,3,2017_03_NYG_PHI,PHI,,,
2017,4,2017_04_PHI_LAC,PHI,,,
2017,5,2017_05_ARI_PHI,PHI,,,
2017,6,2017_06_PHI_CAR,PHI,,,
2017,7,2017_07_WAS_PHI,PHI,0.05773739813594886,0.14483609348703397,0.21213565588178593
2017,8,2017_08_SF_PHI,PHI,0.05773739813594886,0.15619972985067035,0.2105016689536813
2017,9,2017_09_DEN_PHI,PHI,0.0535707314692822,0.16453306318400365,0.22585254614666375
2017,11,2017_11_PHI_DAL,PHI,0.06576585342050172,0.18745297323416799,0.2403004305635885
2017,12,2017_12_CHI_PHI,PHI,0.0759510386056869,0.20689741767861244,0.20753689780005571
2017,13,2017_13_PHI_SEA,PHI,0.07822847131790221,0.20172143424175945,0.2075368978000557
2017,14,2017_14_PHI_LA,PHI,0.08215664191273947,0.2154700313236899,0.18753689780005567
2017,15,2017_15_PHI_NYG,PHI,0.07890988866598624,0.21330552915918768,0.17936696315953282
2017,16,2017_16_OAK_PHI,PHI,0.0650680807563817,0.17178010543037414,0.15219305011605455
2017,17,2017_17_DAL_PHI,PHI,0.05842851436071774,0.17557414337075353,0.13358592624577278
2018,1,2018_01_ATL_PHI,PHI,,,
2018,2,2018_02_PHI_TB,PHI,,,
2018,3,2018_03_IND_PHI,PHI,,,
2018,4,2018_04_PHI_TEN,PHI,,,
2018,5,2018_05_MIN_PHI,PHI,,,
2018,6,2018_06_PHI_NYG,PHI,,,
2018,7,2018_07_CAR_PHI,PHI,0.06090007196421879,0.22353437807888046,0.11995371777980474
2018,8,2018_08_PHI_JAX,PHI,0.05465218273760616,0.20124461110826242,0.11178378313928188
2018,10,2018_10_DAL_PHI,PHI,0.05962112683698504,0.19213488025940118,0.10965249584175414
2018,11,2018_11_PHI_NO,PHI,0.06853585551915557,0.20637906630591277,0.09591623210549043
2018,12,2018_12_NYG_PHI,PHI,0.05766629030176427,0.18984826920446352,0.07912671531597364
2018,13,2018_13_WAS_PHI,PHI,0.06161365872281691,0.16243598850270913,0.08315248021130374
2018,14,2018_14_PHI_DAL,PHI,0.0652864044168392,0.16990812629399588,0.14267628973511326
2018,15,2018_15_PHI_LA,PHI,0.06612182630489266,0.16949041534996914,0.1415869651163769
2018,16,2018_16_HOU_PHI,PHI,0.05758145363408521,0.16133824143692566,0.15901615901615898
2018,17,2018_17_PHI_WAS,PHI,0.0560663021189337,0.15414127173995595,0.16465525676051992
2019,1,2019_01_WAS_PHI,PHI,,,
2019,2,2019_02_PHI_ATL,PHI,,,
2019,3,2019_03_DET_PHI,PHI,,,
2019,4,2019_04_PHI_GB,PHI,,,
2019,5,2019_05_NYJ_PHI,PHI,,,
2019,6,2019_06_PHI_MIN,PHI,,,
2019,7,2019_07_PHI_DAL,PHI,0.06117860284526951,0.17365736949070285,0.1504108120981186
2019,8,2019_08_PHI_BUF,PHI,0.07414156580823249,0.16069440652773984,0.14684955853686502
2019,9,2019_09_CHI_PHI,PHI,0.08789754666947648,0.17744081801099343,0.13557504873294346
2019,11,2019_11_NE_PHI,PHI,0.10873088000280982,0.19132970689988235,0.12102478418267891
2019,12,2019_12_SEA_PHI,PHI,0.1090458207939411,0.20556503065901563,0.11051753780586732
2019,13,2019_13_PHI_MIA,PHI,0.09625884026502507,0.17650371127511558,0.09702226115269592
2019,14,2019_14_NYG_PHI,PHI,0.10181439582058065,0.19131852608993039,0.0874984516288864
2019,15,2019_15_PHI_WAS,PHI,0.09556439582058064,0.20069352608993038,0.08657252570296048
2019,16,2019_16_DAL_PHI,PHI,0.08376766260823944,0.1669669683161857,0.10096646509689988
2019,17,2019_17_PHI_NYG,PHI,0.0701807060865003,0.1467374997171519,0.12295720583764062
2020,1,2020_01_PHI_WAS,PHI,,,
2020,2,2020_02_LA_PHI,PHI,,,
2020,3,2020_03_CIN_PHI,PHI,,,
2020,4,2020_04_PHI_SF,PHI,,,
2020,5,2020_05_PHI_PIT,PHI,,,
2020,6,2020_06_BAL_PHI,PHI,,,
2020,7,2020_07_NYG_PHI,PHI,0.08406772965596494,0.18350211879623646,0.11344974782474782
2020,8,2020_08_DAL_PHI,PHI,0.08451336245453893,0.18469047292576704,0.11765850203350203
2020,10,2020_10_PHI_NYG,PHI,0.09371249665367314,0.1933484815837757,0.1291359135109135
2020,11,2020_11_PHI_CLE,PHI,0.084200503270712,0.17649571069874673,0.11987665425165427
2020,12,2020_12_SEA_PHI,PHI,0.08786063398966626,0.14407741004515198,0.13237665425165426
2020,13,2020_13_PHI_GB,PHI,0.09319973932877158,0.16990713587487782,0.1500849875849876
2020,14,2020_14_NO_PHI,PHI,0.08579233192136419,0.1810182469859889,0.12972462722462721
2020,15,2020_15_PHI_ARI,PHI,0.09002066173108934,0.18712583448892525,0.10699735449735448
2020,16,2020_16_PHI_DAL,PHI,0.07925511149185488,0.16499664788605442,0.10064814814814815
2020,17,2020_17_WAS_PHI,PHI,0.07354274590045703,0.16382057261723723,0.1109967320261438
2021,1,2021_01_PHI_ATL,PHI,,,
2021,2,2021_02_SF_PHI,PHI,,,
2021,3,2021_03_PHI_DAL,PHI,,,
2021,4,2021_04_KC_PHI,PHI,,,
2021,5,2021_05_PHI_CAR,PHI,,,
2021,6,2021_06_TB_PHI,PHI,,,
2021,7,2021_07_PHI_LV,PHI,0.05325646104508583,0.14510604468159646,0.06662679667151902
2021,8,2021_08_PHI_DET,PHI,0.04009856630824373,0.1154362820396976,0.0531431538775314
2021,9,2021_09_LAC_PHI,PHI,0.06448881021068274,0.15310565873346452,0.05850377765920781
2021,10,2021_10_PHI_DEN,PHI,0.04226658798846052,0.12532788095568673,0.05865433472033397
2021,11,2021_11_NO_PHI,PHI,0.04139474840694352,0.11733601812511425,0.06791359397959323
2021,12,2021_12_PHI_NYG,PHI,0.028894748406943522,0.10432788804381343,0.07397420004019929
2021,13,2021_13_PHI_NYJ,PHI,0.034271092492965026,0.11930484656915906,0.10563489299121483
2021,15,2021_15_WAS_PHI,PHI,0.04240117379377804,0.12576108760215762,0.09988776655443321
2021,16,2021_16_NYG_PHI,PHI,0.02811193999234911,0.11233413515081493,0.1051787718454385
2021,17,2021_17_PHI_WAS,PHI,0.03535831680394332,0.13045007717980042,0.11135161135161135
2021,18,2021_18_DAL_PHI,PHI,0.04367432511995164,0.13403058076030402,0.10209235209235208
2022,1,2022_01_PHI_DET,PHI,,,
2022,2,2022_02_MIN_PHI,PHI,,,
2022,3,2022_03_PHI_WAS,PHI,,,
2022,4,2022_04_JAX_PHI,PHI,,,
2022,5,2022_05_PHI_ARI,PHI,,,
2022,6,2022_06_DAL_PHI,PHI,,,
2022,8,2022_08_PIT_PHI,PHI,0.0681996231661174,0.13721950758985121,0.1021982403561351
2022,9,2022_09_PHI_HOU,PHI,0.0855527886886193,0.15514475549221585,0.10319030384819859
2022,10,2022_10_WAS_PHI,PHI,0.09860834424417486,0.15750586660332697,0.10366378869668343
2022,11,2022_11_PHI_IND,PHI,0.08593145745172204,0.13116938861590557,0.0843378765136284
2022,12,2022_12_GB_PHI,PHI,0.07975861794554918,0.14505827750479447,0.070842599860457
2022,13,2022_13_TEN_PHI,PHI,0.09373979181044396,0.16111586332982214,0.046727825745682884
2022,14,2022_14_PHI_NYG,PHI,0.12498979181044396,0.18003033701403268,0.05466433368219082
2022,15,2022_15_PHI_CHI,PHI,0.13241732804232806,0.19017526455026457,0.06160877812663526
2022,16,2022_16_PHI_DAL,PHI,0.14813161375661374,0.19922288359788362,0.06265044479330194
2022,17,2022_17_NO_PHI,PHI,0.15689685765905279,0.2068448348173958,0.07000177242112726
2022,18,2022_18_NYG_PHI,PHI,0.1760127477426848,0.21744818009816044,0.061943164362519204
2023,1,2023_01_PHI_NE,PHI,,,
2023,2,2023_02_MIN_PHI,PHI,,,
2023,3,2023_03_PHI_TB,PHI,,,
2023,4,2023_04_WAS_PHI,PHI,,,
2023,5,2023_05_PHI_LA,PHI,,,
2023,6,2023_06_PHI_NYJ,PHI,,,
2023,7,2023_07_MIA_PHI,PHI,0.08074271793086327,0.18285470351245872,0.09085957615369379
2023,8,2023_08_PHI_WAS,PHI,0.09341328323300752,0.18845899201148406,0.1312636165577342
2023,9,2023_09_DAL_PHI,PHI,0.08931156050946364,0.17109503248181493,0.13357843137254902
2023,11,2023_11_PHI_KC,PHI,0.09441360132579017,0.16854401207365166,0.10416666666666667
2023,12,2023_12_BUF_PHI,PHI,0.08008553808468344,0.17002622551238686,0.10972222222222222
2023,13,2023_13_SF_PHI,PHI,0.06703050368818562,0.15032641312964765,0.11031746031746033
2023,14,2023_14_PHI_DAL,PHI,0.057157235194227475,0.13337975825195827,0.10634920634920636
2023,15,2023_15_PHI_SEA,PHI,0.05054347858047087,0.12213637200857203,0.0507936507936508
2023,16,2023_16_NYG_PHI,PHI,0.05692263401623007,0.11755416176598443,0.0507936507936508
2023,17,2023_17_ARI_PHI,PHI,0.044966336345646694,0.12064630771527324,0.06313932980599647
2023,18,2023_18_PHI_NYG,PHI,0.04622896260827295,0.1017069137758793,0.06591710758377425
2024,1,2024_01_GB_PHI,PHI,,,
2024,2,2024_02_ATL_PHI,PHI,,,
2024,3,2024_03_PHI_NO,PHI,,,
2024,4,2024_04_PHI_TB,PHI,,,
2024,6,2024_06_CLE_PHI,PHI,,,
2024,7,2024_07_PHI_NYG,PHI,,,
2024,8,2024_08_PHI_CIN,PHI,0.09315885448757953,0.16193788697628944,0.09334121178948766
2024,9,2024_09_JAX_PHI,PHI,0.08853581039085122,0.15257325919060902,0.07061393906221493
2024,10,2024_10_PHI_DAL,PHI,0.09268327582863924,0.15610628530428028,0.07392081736909323
2024,11,2024_11_WAS_PHI,PHI,0.1021354363224664,0.15745659394625558,0.05907407407407408
2024,12,2024_12_PHI_LA,PHI,0.10922160412291992,0.1645427617467091,0.06955026455026454
2024,13,2024_13_PHI_BAL,PHI,0.09930096920228498,0.16057450777845514,0.083994708994709
2024,14,2024_14_CAR_PHI,PHI,0.07608544598676177,0.13239247959642697,0.09036044973544972
2024,15,2024_15_PIT_PHI,PHI,0.07646138583638584,0.15732982295482295,0.10996829287270464
2024,16,2024_16_PHI_WAS,PHI,0.0808264652014652,0.17082188644688645,0.11051295518207283
2024,17,2024_17_DAL_PHI,PHI,0.06936813186813186,0.1531135531135531,0.10995739962651728
2024,18,2024_18_NYG_PHI,PHI,0.06103479853479854,0.1558913308913309,0.09725898692810457
2016,1,2016_01_PIT_WAS,PIT,,,
2016,2,2016_02_CIN_PIT,PIT,,,
2016,3,2016_03_PIT_PHI,PIT,,,
2016,4,2016_04_KC_PIT,PIT,,,
2016,5,2016_05_NYJ_PIT,PIT,,,
2016,6,2016_06_PIT_MIA,PIT,,,
2016,7,2016_07_NE_PIT,PIT,0.027571103993868223,0.10359220864282344,0.12145969498910675
2016,9,2016_09_PIT_BAL,PIT,0.027571103993868223,0.12148129629935296,0.09942904364811057
2016,10,2016_10_DAL_PIT,PIT,0.03882651524927947,0.14399211881017546,0.12465254300954098
2016,11,2016_11_PIT_CLE,PIT,0.04808577450853874,0.14175197544099985,0.10354143189842986
2016,12,2016_12_PIT_IND,PIT,0.06295097984993454,0.17085250454152892,0.13630496466196262
2016,13,2016_13_NYG_PIT,PIT,0.06325585789871503,0.17197039072039075,0.12394349833630192
2016,14,2016_14_PIT_BUF,PIT,0.07138593919952804,0.17781388665535006,0.11732974172254533
2016,15,2016_15_PIT_CIN,PIT,0.09916371697730582,0.1910617499032133,0.13010113380428223
2016,16,2016_16_BAL_PIT,PIT,0.09083038364397249,0.18034746418892758,0.11942789899311639
2016,17,2016_17_CLE_PIT,PIT,0.08866332296627351,0.173550773881599,0.12558174514696255
2017,1,2017_01_PIT_CLE,PIT,,,
2017,2,2017_02_MIN_PIT,PIT,,,
2017,3,2017_03_PIT_CHI,PIT,,,
2017,4,2017_04_PIT_BAL,PIT,,,
2017,5,2017_05_JAX_PIT,PIT,,,
2017,6,2017_06_PIT_KC,PIT,,,
2017,7,2017_07_CIN_PIT,PIT,0.10067921695280185,0.19854984701682818,0.12800642241431714
2017,8,2017_08_PIT_DET,PIT,0.08875552855852524,0.19192557568667448,0.12498983116243179
2017,10,2017_10_PIT_IND,PIT,0.08751439380675219,0.17632273880724184,0.13862619479879543
2017,11,2017_11_TEN_PIT,PIT,0.0921440234363818,0.2110449610294641,0.14104603750901926
2017,12,2017_12_GB_PIT,PIT,0.10093292845170192,0.23378322905075097,0.12070873592171767
2017,13,2017_13_PIT_CIN,PIT,0.1023218173405908,0.20947767349519542,0.13253306024604197
2017,14,2017_14_BAL_PIT,PIT,0.0975802336516387,0.18209502769149696,0.12899770671068847
2017,15,2017_15_NE_PIT,PIT,0.08260202014401342,0.1804610407633924,0.13201429796257383
2017,16,2017_16_PIT_HOU,PIT,0.08428175138701455,0.1890463337831759,0.11048319748410494
2017,17,2017_17_CLE_PIT,PIT,0.11242989953516269,0.17349077822762035,0.08769994625257782
2018,1,2018_01_PIT_CLE,PIT,,,
2018,2,2018_02_KC_PIT,PIT,,,
2018,3,2018_03_PIT_TB,PIT,,,
2018,4,2018_04_BAL_PIT,PIT,,,
2018,5,2018_05_ATL_PIT,PIT,,,
2018,6,2018_06_PIT_CIN,PIT,,,
2018,8,2018_08_CLE_PIT,PIT,0.07829849556051714,0.17349746004843503,0.13958726945569053
2018,9,2018_09_PIT_BAL,PIT,0.06202280907206469,0.16440489776438338,0.15295401966454597
2018,10,2018_10_CAR_PIT,PIT,0.06460901596861642,0.1565025989138087,0.16045401966454598
2018,11,2018_11_PIT_JAX,PIT,0.0796848576260341,0.14993582125935068,0.1471964439069702
2018,12,2018_12_PIT_DEN,PIT,0.11377576671694319,0.19097117479470418,0.15326879532815885
2018,13,2018_13_LAC_PIT,PIT,0.1052790346907994,0.17070973688620747,0.11818107602991323
2018,14,2018_14_PIT_OAK,PIT,0.1025012569130216,0.19339492207139264,0.08729529514413235
2018,15,2018_15_NE_PIT,PIT,0.11149810801513588,0.18541021671826627,0.060946088794926
2018,16,2018_16_PIT_NO,PIT,0.10766927918630705,0.19610841491646444,0.040112755461592674
2018,17,2018_17_CIN_PIT,PIT,0.09109598320124634,0.1816359592675382,0.041308927710396494
2019,1,2019_01_PIT_NE,PIT,,,
2019,2,2019_02_SEA_PIT,PIT,,,
2019,3,2019_03_PIT_SF,PIT,,,
2019,4,2019_04_CIN_PIT,PIT,,,
2019,5,2019_05_BAL_PIT,PIT,,,
2019,6,2019_06_PIT_LAC,PIT,,,
2019,8,2019_08_MIA_PIT,PIT,0.08511634564266142,0.1775371801687591,0.09380380156242225
2019,9,2019_09_IND_PIT,PIT,0.09827424037950354,0.19946700473016263,0.07958722563985722
2019,10,2019_10_LA_PIT,PIT,0.10370274580800898,0.209862015125173,0.08672759484919194
2019,11,2019_11_PIT_CLE,PIT,0.11314499438069232,0.2020666703733065,0.09705368180571368
2019,12,2019_12_PIT_CIN,PIT,0.08856586980156773,0.17647744478408092,0.13038701513904702
2019,13,2019_13_CLE_PIT,PIT,0.08553556677126473,0.19617441448105064,0.12542669767872955
2019,14,2019_14_PIT_ARI,PIT,0.10319938443508236,0.20757042587706206,0.10360130085333273
2019,15,2019_15_BUF_PIT,PIT,0.10946504859548338,0.1922822053256836,0.12513240133180162
2019,16,2019_16_PIT_NYJ,PIT,0.09335278248321727,0.18188719493067318,0.1298208465828603
2019,17,2019_17_PIT_BAL,PIT,0.09076479076479076,0.19094516594516595,0.1309530929596719
2020,1,2020_01_PIT_NYG,PIT,,,
2020,2,2020_02_DEN_PIT,PIT,,,
2020,3,2020_03_HOU_PIT,PIT,,,
2020,5,2020_05_PHI_PIT,PIT,,,
2020,6,2020_06_CLE_PIT,PIT,,,
2020,7,2020_07_PIT_TEN,PIT,,,
2020,8,2020_08_PIT_BAL,PIT,0.11275108608885204,0.2622454918997472,0.18299994088037566
2020,9,2020_09_PIT_DAL,PIT,0.12247330831107427,0.2794908622701176,0.12342547279526928
2020,10,2020_10_CIN_PIT,PIT,0.10598394660894661,0.24899440836940834,0.12466616758435116
2020,11,2020_11_PIT_JAX,PIT,0.0950937950937951,0.2257936507936508,0.11038045329863688
2020,12,2020_12_BAL_PIT,PIT,0.0837995337995338,0.21602564102564104,0.07913045329863688
2020,13,2020_13_WAS_PIT,PIT,0.08677572427572428,0.2192498473748474,0.08021270438088797
2020,14,2020_14_PIT_BUF,PIT,0.08687879580736724,0.2179099174634889,0.08159296663071543
2020,15,2020_15_PIT_CIN,PIT,0.0698333412619127,0.18997431140288282,0.08684644706150084
2020,16,2020_16_IND_PIT,PIT,0.08372223015080156,0.2233076447362162,0.0762248892330193
2020,17,2020_17_PIT_CLE,PIT,0.0899382363668078,0.22340476983334126,0.08019314320127328
2021,1,2021_01_PIT_BUF,PIT,,,
2021,2,2021_02_LV_PIT,PIT,,,
2021,3,2021_03_CIN_PIT,PIT,,,
2021,4,2021_04_PIT_GB,PIT,,,
2021,5,2021_05_DEN_PIT,PIT,,,
2021,6,2021_06_SEA_PIT,PIT,,,
2021,8,2021_08_PIT_CLE,PIT,0.06127938445011616,0.12783014409030669,0.13091189674523007
2021,9,2021_09_CHI_PIT,PIT,0.07106774423847594,0.12694830987513914,0.13931769384667936
2021,10,2021_10_DET_PIT,PIT,0.07814573569146739,0.14724745517428445,0.10598436051334602
2021,11,2021_11_PIT_LAC,PIT,0.10113424143859384,0.18173021379497412,0.10224504427402976
2021,12,2021_12_PIT_CIN,PIT,0.09606566660257715,0.16731955984943644,0.08845328048226599
2021,13,2021_13_BAL_PIT,PIT,0.10028126431410982,0.16551287511592241,0.08309265670058957
2021,14,2021_14_PIT_MIN,PIT,0.10368466771751321,0.16731467691772425,0.08506796534256489
2021,15,2021_15_TEN_PIT,PIT,0.08463704866989415,0.17576321762432945,0.08184735342630078
2021,16,2021_16_PIT_KC,PIT,0.08753056718841268,0.16650395836507018,0.08184735342630078
2021,17,2021_17_CLE_PIT,PIT,0.07495872810795291,0.14764619974438054,0.06951524109418845
2021,18,2021_18_PIT_BAL,PIT,0.09912168374047807,0.17114941597396985,0.07977165135059873
2022,1,2022_01_PIT_CIN,PIT,,,
2022,2,2022_02_NE_PIT,PIT,,,
2022,3,2022_03_PIT_CLE,PIT,,,
2022,4,2022_04_NYJ_PIT,PIT,,,
2022,5,2022_05_PIT_BUF,PIT,,,
2022,6,2022_06_TB_PIT,PIT,,,
2022,7,2022_07_PIT_MIA,PIT,0.04136459605789622,0.10981713831052675,0.09013661206930645
2022,8,2022_08_PIT_PHI,PIT,0.022238912997786926,0.08452439826368835,0.08414532666625635
2022,10,2022_10_NO_PIT,PIT,0.037390428149302074,0.09044070417999427,0.07876898258023485
2022,11,2022_11_CIN_PIT,PIT,0.038400529159403084,0.08640030013959021,0.08110816386678456
2022,12,2022_12_PIT_IND,PIT,0.04214464554793539,0.08447475456834504,0.07895299145299145
2022,13,2022_13_PIT_ATL,PIT,0.05565815906144891,0.11588116097475144,0.06969373219373219
2022,14,2022_14_BAL_PIT,PIT,0.05457288774361946,0.12316798268017781,0.06236772486772487
2022,15,2022_15_PIT_CAR,PIT,0.07211674739274226,0.14472186739195725,0.047817460317460314
2022,16,2022_16_LV_PIT,PIT,0.08165659026591847,0.15538404472080125,0.09990079365079364
2022,17,2022_17_PIT_BAL,PIT,0.0856969943063225,0.1695254588622154,0.11510547201336674
2022,18,2022_18_CLE_PIT,PIT,0.08514267058126707,0.16786248768704906,0.10022451963241437
2023,1,2023_01_SF_PIT,PIT,,,
2023,2,2023_02_CLE_PIT,PIT,,,
2023,3,2023_03_PIT_LV,PIT,,,
2023,4,2023_04_PIT_HOU,PIT,,,
2023,5,2023_05_BAL_PIT,PIT,,,
2023,7,2023_07_PIT_LA,PIT,,,
2023,8,2023_08_JAX_PIT,PIT,0.0772592551513359,0.1804252118098291,0.08187700133969983
2023,9,2023_09_TEN_PIT,PIT,0.07591996943705018,0.16301449752411482,0.07887257376221722
2023,10,2023_10_GB_PIT,PIT,0.06968471497125982,0.16191911498282732,0.0608545557441992
2023,11,2023_11_PIT_CLE,PIT,0.06014431344479557,0.15503343388111834,0.0659715148085267
2023,12,2023_12_PIT_CIN,PIT,0.06393219223267436,0.13792688451650448,0.0643078729452478
2023,13,2023_13_ARI_PIT,PIT,0.07028139858188072,0.14189513848475843,0.05764120627858114
2023,14,2023_14_NE_PIT,PIT,0.07319806524854738,0.14772847181809176,0.06881834266794164
2023,15,2023_15_PIT_IND,PIT,0.0700234620739442,0.13979196388158385,0.06731296632385562
2023,16,2023_16_CIN_PIT,PIT,0.07064861836301649,0.12791399438921078,0.07221492710816935
2023,17,2023_17_PIT_SEA,PIT,0.07745314293000127,0.13657429838355503,0.05832603821928045
2023,18,2023_18_PIT_BAL,PIT,0.07856722492643621,0.16554043029086343,0.05794289645682835
2024,1,2024_01_PIT_ATL,PIT,,,
2024,2,2024_02_PIT_DEN,PIT,,,
2024,3,2024_03_LAC_PIT,PIT,,,
2024,4,2024_04_PIT_IND,PIT,,,
2024,5,2024_05_DAL_PIT,PIT,,,
2024,6,2024_06_PIT_LV,PIT,,,
2024,7,2024_07_NYJ_PIT,PIT,0.07620778245778247,0.1857468994968995,0.12260829860575191
2024,8,2024_08_NYG_PIT,PIT,0.06836806120342706,0.17660055803348487,0.15947698547443878
2024,10,2024_10_PIT_WAS,PIT,0.0748629281634103,0.1915806544089301,0.1377225995095265
2024,11,2024_11_BAL_PIT,PIT,0.055043108343590476,0.17194101476929044,0.15135896314589015
2024,12,2024_12_PIT_CLE,PIT,0.05388570093618308,0.16846879254706823,0.1392975596371182
2024,13,2024_13_PIT_CIN,PIT,0.05186549891598105,0.17907485315312885,0.12934136688522654
2024,14,2024_14_CLE_PIT,PIT,0.06377026082074295,0.2108208848991606,0.12524779963376456
2024,15,2024_15_PIT_PHI,PIT,0.07106885653397281,0.20102783242318126,0.10747002185598677
2024,16,2024_16_PIT_BAL,PIT,0.06985069485069485,0.17832572832572832,0.10604145042741535
2024,17,2024_17_KC_PIT,PIT,0.06328162578162579,0.1512987012987013,0.08451034994894645
2024,18,2024_18_CIN_PIT,PIT,0.05402236652236653,0.13206793206793208,0.09240508679105171
2016,1,2016_01_MIA_SEA,SEA,,,
2016,2,2016_02_SEA_LA,SEA,,,
2016,3,2016_03_SF_SEA,SEA,,,
2016,4,2016_04_SEA_NYJ,SEA,,,
2016,6,2016_06_ATL_SEA,SEA,,,
2016,7,2016_07_SEA_ARI,SEA,,,
2016,8,2016_08_SEA_NO,SEA,0.08154750386328825,0.19144017504583058,0.08794419419419419
2016,9,2016_09_BUF_SEA,SEA,0.06580962976628103,0.1604804227238492,0.08913467038467038
2016,10,2016_10_SEA_NE,SEA,0.06959750855415982,0.17310668535011178,0.0643483455983456
2016,11,2016_11_PHI_SEA,SEA,0.07940143012278728,0.17447923436971965,0.07178882178882179
2016,12,2016_12_SEA_TB,SEA,0.0715310597524169,0.16545145659194185,0.08268625768625769
2016,13,2016_13_CAR_SEA,SEA,0.05703830612922849,0.1362071501737224,0.08797726297726298
2016,14,2016_14_SEA_GB,SEA,0.04445968977702724,0.1281072835832898,0.09484126984126984
2016,15,2016_15_LA_SEA,SEA,0.04209801636272225,0.13418015807721692,0.1130952380952381
2016,16,2016_16_ARI_SEA,SEA,0.040252639517345395,0.12194239583945465,0.15356783739136678
2016,17,2016_17_SEA_SF,SEA,0.036401098901098904,0.1429507992007992,0.1586992002813504
2017,1,2017_01_SEA_GB,SEA,,,
2017,2,2017_02_SF_SEA,SEA,,,
2017,3,2017_03_SEA_TEN,SEA,,,
2017,4,2017_04_IND_SEA,SEA,,,
2017,5,2017_05_SEA_LA,SEA,,,
2017,7,2017_07_SEA_NYG,SEA,,,
2017,8,2017_08_HOU_SEA,SEA,0.05210790940336882,0.14124233395825278,0.0998732794553228
2017,9,2017_09_WAS_SEA,SEA,0.06142467958970422,0.1455901600452093,0.11352874164019676
2017,10,2017_10_SEA_ARI,SEA,0.07695745374316804,0.1676466993431279,0.12649594225041794
2017,11,2017_11_ATL_SEA,SEA,0.08376017483160342,0.19645197145197146,0.13959118034565607
2017,12,2017_12_SEA_SF,SEA,0.0745610406324692,0.1748069498069498,0.16070229145676715
2017,13,2017_13_PHI_SEA,SEA,0.07938622652077802,0.2077131355370558,0.1512325944870702
2017,14,2017_14_SEA_JAX,SEA,0.08563622652077801,0.22785202442594468,0.15726577699084093
2017,15,2017_15_LA_SEA,SEA,0.061826702711254206,0.2006915305987842,0.15047844667409885
2017,16,2017_16_SEA_DAL,SEA,0.04813300901756051,0.16897981888707247,0.1403672232160604
2017,17,2017_17_ARI_SEA,SEA,0.058874147578247944,0.1700539327431412,0.10425611210494933
2018,1,2018_01_SEA_DEN,SEA,,,
2018,2,2018_02_SEA_CHI,SEA,,,
2018,3,2018_03_DAL_SEA,SEA,,,
2018,4,2018_04_SEA_ARI,SEA,,,
2018,5,2018_05_LA_SEA,SEA,,,
2018,6,2018_06_SEA_OAK,SEA,,,
2018,8,2018_08_SEA_DET,SEA,0.07282336032336033,0.16513585263585265,0.10877280005569478
2018,9,2018_09_LAC_SEA,SEA,0.08028460063343784,0.15980639527151155,0.11638497954287429
2018,10,2018_10_SEA_LA,SEA,0.0825195942477418,0.17928276819616032,0.12059373375162848
2018,11,2018_11_GB_SEA,SEA,0.06928215418103345,0.15280788806274362,0.11876624837151152
2018,12,2018_12_SEA_CAR,SEA,0.0871392970381763,0.13971264996750551,0.08396771357297672
2018,13,2018_13_SF_SEA,SEA,0.08208879198767126,0.13516719542205097,0.08520228147421129
2018,14,2018_14_MIN_SEA,SEA,0.06486568652927167,0.14037828886843853,0.08154731071397738
2018,15,2018_15_SEA_SF,SEA,0.06276158907633701,0.15820774623277964,0.0766633058299725
2018,16,2018_16_KC_SEA,SEA,0.0668923362027738,0.18155544738220494,0.07316680233346899
2018,17,2018_17_ARI_SEA,SEA,0.06282729555236728,0.21001073193505046,0.07455569122235789
2019,1,2019_01_CIN_SEA,SEA,,,
2019,2,2019_02_SEA_PIT,SEA,,,
2019,3,2019_03_NO_SEA,SEA,,,
2019,4,2019_04_SEA_ARI,SEA,,,
2019,5,2019_05_LA_SEA,SEA,,,
2019,6,2019_06_SEA_CLE,SEA,,,
2019,7,2019_07_BAL_SEA,SEA,0.03802910052910053,0.07805061595788414,0.0929406850459482
2019,8,2019_08_SEA_ATL,SEA,0.031084656084656086,0.07408236198963015,0.05484544695071011
2019,9,2019_09_TB_SEA,SEA,0.032407407407407406,0.08565643606370422,0.09406113322521992
2019,10,2019_10_SEA_SF,SEA,0.03965378421900161,0.08418032226874987,0.11275771442180112
2019,12,2019_12_SEA_PHI,SEA,0.03716090672612412,0.08987832796675554,0.12510339343414678
2019,13,2019_13_MIN_SEA,SEA,0.047577573392790784,0.10412152524566713,0.12144842267391287
2019,14,2019_14_SEA_LA,SEA,0.047577573392790784,0.13043731471935133,0.11251985124534143
2019,15,2019_15_SEA_CAR,SEA,0.03964106545628285,0.1433341401161767,0.10775794648343667
2019,16,2019_16_ARI_SEA,SEA,0.03756465349614996,0.13412871375958757,0.08003651308249009
2019,17,2019_17_SF_SEA,SEA,0.041812529558118976,0.1347534014157595,0.06272882077479779
2020,1,2020_01_SEA_ATL,SEA,,,
2020,2,2020_02_NE_SEA,SEA,,,
2020,3,2020_03_DAL_SEA,SEA,,,
2020,4,2020_04_SEA_MIA,SEA,,,
2020,5,2020_05_MIN_SEA,SEA,,,
2020,7,2020_07_SEA_ARI,SEA,,,
2020,8,2020_08_SF_SEA,SEA,0.030558073671175575,0.10329162148870995,0.10472860472860472
2020,9,2020_09_SEA_BUF,SEA,0.035821231565912416,0.1095294382528425,0.09607059607059608
2020,10,2020_10_SEA_LA,SEA,0.058043453788134636,0.12434425306765733,0.09438368648894964
2020,11,2020_11_ARI_SEA,SEA,0.06498789823257908,0.11323314195654621,0.1014991763630602
2020,12,2020_12_SEA_PHI,SEA,0.07255291005291005,0.12142857142857144,0.097290422154306
2020,13,2020_13_NYG_SEA,SEA,0.07987891737891738,0.14401709401709403,0.08935391421779808
2020,14,2020_14_NYJ_SEA,SEA,0.09321225071225071,0.1706837606837607,0.08495508723832591
2020,15,2020_15_SEA_WAS,SEA,0.09934251891148443,0.17553688967482073,0.09154270252159337
2020,16,2020_16_LA_SEA,SEA,0.08471602801380711,0.16197756764092242,0.08987185874548644
2020,17,2020_17_SEA_SF,SEA,0.08308559323119839,0.17791959662642964,0.08412473230870483
2021,1,2021_01_SEA_IND,SEA,,,
2021,2,2021_02_TEN_SEA,SEA,,,
2021,3,2021_03_SEA_MIN,SEA,,,
2021,4,2021_04_SEA_SF,SEA,,,
2021,5,2021_05_LA_SEA,SEA,,,
2021,6,2021_06_SEA_PIT,SEA,,,
2021,7,2021_07_NO_SEA,SEA,0.044299476748651305,0.12923092487680363,0.07410067104335245
2021,8,2021_08_JAX_SEA,SEA,0.041113363806440796,0.09758952738174759,0.07947701512937395
2021,10,2021_10_SEA_GB,SEA,0.03251575985999964,0.08779389665588429,0.07114368179604062
2021,11,2021_11_ARI_SEA,SEA,0.03262822049877607,0.0926297041232707,0.06654809356074651
2021,12,2021_12_SEA_WAS,SEA,0.03212265932587415,0.09111302060456494,0.06048748750014044
2021,13,2021_13_SF_SEA,SEA,0.03236632404322308,0.0872143851269821,0.037498981753014006
2021,14,2021_14_SEA_HOU,SEA,0.03367762747883808,0.09927837673464011,0.03305453730856957
2021,15,2021_15_SEA_LA,SEA,0.03120456618224737,0.1033412631504677,0.050258838383838385
2021,16,2021_16_CHI_SEA,SEA,0.048376283353964544,0.1124321722413768,0.0617530912574016
2021,17,2021_17_DET_SEA,SEA,0.06065698510835051,0.1280023476799733,0.08987809125740161
2021,18,2021_18_SEA_ARI,SEA,0.05341060829675631,0.1281930418065942,0.10755485893416929
2022,1,2022_01_DEN_SEA,SEA,,,
2022,2,2022_02_SEA_SF,SEA,,,
2022,3,2022_03_ATL_SEA,SEA,,,
2022,4,2022_04_SEA_DET,SEA,,,
2022,5,2022_05_SEA_NO,SEA,,,
2022,6,2022_06_ARI_SEA,SEA,,,
2022,7,2022_07_SEA_LAC,SEA,0.0696158790092056,0.17153578474104259,0.07473544973544972
2022,8,2022_08_NYG_SEA,SEA,0.07129938069270729,0.16592411246270364,0.06084656084656084
2022,9,2022_09_SEA_ARI,SEA,0.08778086217418878,0.176294482833074,0.05873015873015872
2022,10,2022_10_SEA_TB,SEA,0.0868750650727395,0.15364955529684213,0.05873015873015872
2022,12,2022_12_LV_SEA,SEA,0.08290681110448551,0.14730034894763577,0.06251803751803751
2022,13,2022_13_SEA_LA,SEA,0.08100105919873363,0.13326708491437175,0.07085137085137085
2022,14,2022_14_CAR_SEA,SEA,0.07996746746746747,0.15613530196863531,0.05714285714285714
2022,15,2022_15_SF_SEA,SEA,0.08352872102872104,0.15708496958496956,0.04965493443754313
2022,16,2022_16_SEA_KC,SEA,0.06655341238674573,0.13856645106645107,0.030747371412333052
2022,17,2022_17_NYJ_SEA,SEA,0.051467205490194005,0.13497449704346257,0.03832312898809063
2022,18,2022_18_LA_SEA,SEA,0.06480053882352732,0.159418941487907,0.0639470149060942
2023,1,2023_01_LA_SEA,SEA,,,
2023,2,2023_02_SEA_DET,SEA,,,
2023,3,2023_03_CAR_SEA,SEA,,,
2023,4,2023_04_SEA_NYG,SEA,,,
2023,6,2023_06_SEA_CIN,SEA,,,
2023,7,2023_07_ARI_SEA,SEA,,,
2023,8,2023_08_CLE_SEA,SEA,0.08864822544719007,0.1676047920223934,0.08067657969956821
2023,9,2023_09_SEA_BAL,SEA,0.10293393973290436,0.20645190981687964,0.07650991303290154
2023,10,2023_10_WAS_SEA,SEA,0.09882689150820907,0.17942488278985258,0.06401367695942968
2023,11,2023_11_SEA_LA,SEA,0.10126846806907408,0.1698329748721686,0.05210891505466778
2023,12,2023_12_SF_SEA,SEA,0.06573606066166669,0.13360612302031674,0.05870746763023185
2023,13,2023_13_SEA_DAL,SEA,0.05778649925815791,0.14292629845891325,0.06880847773124195
2023,14,2023_14_SEA_SF,SEA,0.054735393232223505,0.13758686291352804,0.0701810267508498
2023,15,2023_15_PHI_SEA,SEA,0.05711634561317589,0.1288567041833693,0.06384044704070488
2023,16,2023_16_SEA_TEN,SEA,0.05221438482886217,0.1288567041833693,0.056031290001766064
2023,17,2023_17_PIT_SEA,SEA,0.07187911725955204,0.151530248133509,0.07753666634585209
2023,18,2023_18_SEA_ARI,SEA,0.07333745059288538,0.14923858146684232,0.08693011776828902
2024,1,2024_01_DEN_SEA,SEA,,,
2024,2,2024_02_SEA_NE,SEA,,,
2024,3,2024_03_MIA_SEA,SEA,,,
2024,4,2024_04_SEA_DET,SEA,,,
2024,5,2024_05_NYG_SEA,SEA,,,
2024,6,2024_06_SF_SEA,SEA,,,
2024,7,2024_07_SEA_ATL,SEA,0.0867989999568947,0.19845857477436424,0.0823249299719888
2024,8,2024_08_BUF_SEA,SEA,0.09204375520164994,0.2066170829328724,0.0779499299719888
2024,9,2024_09_LA_SEA,SEA,0.08013899329688803,0.1677281940439835,0.06406104108309991
2024,11,2024_11_SEA_SF,SEA,0.053823203823203825,0.1416117666117666,0.05711659663865546
2024,12,2024_12_ARI_SEA,SEA,0.04220704220704221,0.13353095853095853,0.06350989469862019
2024,13,2024_13_SEA_NYJ,SEA,0.04853479853479853,0.13481795981795983,0.07541465660338209
2024,14,2024_14_SEA_ARI,SEA,0.05666487983561155,0.13539867991087504,0.0682845318261985
2024,15,2024_15_GB_SEA,SEA,0.052177700348432055,0.1177704747826699,0.06654842071508738
2024,16,2024_16_MIN_SEA,SEA,0.04741579558652729,0.15480751181970695,0.07635234228371483
2024,17,2024_17_SEA_CHI,SEA,0.0605736903233694,0.15899411469052036,0.0555190089503815
2024,18,2024_18_SEA_LA,SEA,0.08279591254559161,0.18439094008734572,0.06491246037281843
2016,1,2016_01_LA_SF,SF,,,
2016,2,2016_02_SF_CAR,SF,,,
2016,3,2016_03_SF_SEA,SF,,,
2016,4,2016_04_DAL_SF,SF,,,
2016,5,2016_05_ARI_SF,SF,,,
2016,6,2016_06_SF_BUF,SF,,,
2016,7,2016_07_TB_SF,SF,0.055095685900118686,0.1453441939441049,0.06532295101720066
2016,9,2016_09_NO_SF,SF,0.056503343557776343,0.16448833808824903,0.07433673680723248
2016,10,2016_10_SF_ARI,SF,0.05660496957403651,0.15229321613702954,0.06532772779822348
2016,11,2016_11_NE_SF,SF,0.05333699571782737,0.1359533468559838,0.07093782597494157
2016,12,2016_12_SF_MIA,SF,0.04759811479960641,0.12363866488563467,0.07221987725699285
2016,13,2016_13_SF_CHI,SF,0.05226765502949147,0.09957257293161166,0.09716790220501781
2016,14,2016_14_NYJ_SF,SF,0.04437291818738621,0.09489421035851225,0.09451638705350264
2016,15,2016_15_SF_ATL,SF,0.05834649542315856,0.09387795019591061,0.09451638705350264
2016,16,2016_16_SF_LA,SF,0.06084649542315856,0.11387795019591063,0.11890663095594167
2016,17,2016_17_SEA_SF,SF,0.07812007152026407,0.14842510239012163,0.11440887983150388
2017,1,2017_01_CAR_SF,SF,,,
2017,2,2017_02_SF_SEA,SF,,,
2017,3,2017_03_LA_SF,SF,,,
2017,4,2017_04_SF_ARI,SF,,,
2017,5,2017_05_SF_IND,SF,,,
2017,6,2017_06_SF_WAS,SF,,,
2017,7,2017_07_DAL_SF,SF,0.05137844611528822,0.18344611528822055,0.13971419514182673
2017,8,2017_08_SF_PHI,SF,0.05137844611528822,0.1820175438596491,0.1425701722940095
2017,9,2017_09_ARI_SF,SF,0.0533625730994152,0.17474241158451684,0.15056203512458202
2017,10,2017_10_NYG_SF,SF,0.0533625730994152,0.1957741576162629,0.1465649421013262
2017,12,2017_12_SEA_SF,SF,0.04831871345029239,0.16982386521860207,0.1225750431114272
2017,13,2017_13_SF_CHI,SF,0.03077485380116959,0.1597619457139581,0.12178139231777642
2017,14,2017_14_SF_HOU,SF,0.045996732026143794,0.1530539993775288,0.09519978678880246
2017,15,2017_15_TEN_SF,SF,0.058191853977363296,0.1696045220256124,0.10531101024684088
2017,16,2017_16_JAX_SF,SF,0.04920492587278814,0.1568049577554599,0.09571039580751677
2017,17,2017_17_SF_LA,SF,0.052410054077916345,0.13394170989221205,0.09598725073553449
2018,1,2018_01_SF_MIN,SF,,,
2018,2,2018_02_DET_SF,SF,,,
2018,3,2018_03_SF_KC,SF,,,
2018,4,2018_04_SF_LAC,SF,,,
2018,5,2018_05_ARI_SF,SF,,,
2018,6,2018_06_SF_GB,SF,,,
2018,7,2018_07_LA_SF,SF,0.04789383090776819,0.13263440489050246,0.09137647611379496
2018,8,2018_08_SF_ARI,SF,0.04173998475392204,0.13126688352298108,0.0850107353730542
2018,9,2018_09_OAK_SF,SF,0.04704301505695233,0.14566082291692048,0.09294724330956215
2018,10,2018_10_NYG_SF,SF,0.08037634839028567,0.15503582291692047,0.08233647726401348
2018,12,2018_12_SF_TB,SF,0.0815196410732125,0.15846570096570098,0.09172992868645041
2018,13,2018_13_SF_SEA,SF,0.07938288893646037,0.15846570096570095,0.09149617459575383
2018,14,2018_14_DEN_SF,SF,0.0941788073038073,0.1929895104895105,0.07343377722301163
2018,15,2018_15_SEA_SF,SF,0.0950878982128982,0.21086829836829837,0.0826930364822709
2018,16,2018_16_CHI_SF,SF,0.09843014420220303,0.20886295077471548,0.08904224283147726
2018,17,2018_17_SF_LA,SF,0.07238847753553636,0.18802961744138214,0.09370062792464495
2019,1,2019_01_SF_TB,SF,,,
2019,2,2019_02_SF_CIN,SF,,,
2019,3,2019_03_PIT_SF,SF,,,
2019,5,2019_05_CLE_SF,SF,,,
2019,6,2019_06_SF_LA,SF,,,
2019,7,2019_07_SF_WAS,SF,,,
2019,8,2019_08_CAR_SF,SF,0.11975990026964539,0.1785485004750372,0.1270975613080876
2019,9,2019_09_SF_ARI,SF,0.13345453896428408,0.18699838392492066,0.12453345874398507
2019,10,2019_10_SEA_SF,SF,0.13681892819823854,0.17949320794148382,0.10393849306892784
2019,11,2019_11_ARI_SF,SF,0.14669219669219669,0.18494560994560993,0.10349286027035388
2019,12,2019_12_GB_SF,SF,0.1409006909006909,0.16129696129696128,0.1209002676777613
2019,13,2019_13_SF_BAL,SF,0.1364710120524074,0.168495189425422,0.11007775685525047
2019,14,2019_14_SF_NO,SF,0.11008212316351851,0.14905074498097753,0.09320866103878622
2019,15,2019_15_ATL_SF,SF,0.08356697164836698,0.12686459779483034,0.10035151818164335
2019,16,2019_16_LA_SF,SF,0.07383991009203715,0.14152778014093953,0.09379527249496289
2019,17,2019_17_SF_SEA,SF,0.05247238872451578,0.11820931117029664,0.0929782790309106
2020,1,2020_01_ARI_SF,SF,,,
2020,2,2020_02_SF_NYJ,SF,,,
2020,3,2020_03_SF_NYG,SF,,,
2020,4,2020_04_PHI_SF,SF,,,
2020,5,2020_05_MIA_SF,SF,,,
2020,6,2020_06_LA_SF,SF,,,
2020,7,2020_07_SF_NE,SF,0.049527045666751555,0.16059982007156928,0.08444284256443967
2020,8,2020_08_SF_SEA,SF,0.053936216742589284,0.1610407371791531,0.08275934088093796
2020,9,2020_09_GB_SF,SF,0.057432720239092794,0.1435582196966356,0.083375104427736
2020,10,2020_10_SF_NO,SF,0.05283713200379867,0.11935478832408657,0.0776403374026464
2020,12,2020_12_SF_LA,SF,0.056442901234567903,0.10453107037536863,0.06533875010105909
2020,13,2020_13_BUF_SF,SF,0.05543280022446689,0.10655127239557065,0.06894625370856271
2020,14,2020_14_WAS_SF,SF,0.0594978408748734,0.10997446452222875,0.07869284240251982
2020,15,2020_15_SF_DAL,SF,0.05695608343115518,0.12213858943145171,0.08302184673152414
2020,16,2020_16_SF_ARI,SF,0.05766833414340588,0.12320696549982778,0.08031621902589645
2020,17,2020_17_SEA_SF,SF,0.06171926006933181,0.13343073093192653,0.09345839345839346
2021,1,2021_01_SF_DET,SF,,,
2021,2,2021_02_SF_PHI,SF,,,
2021,3,2021_03_GB_SF,SF,,,
2021,4,2021_04_SEA_SF,SF,,,
2021,5,2021_05_SF_ARI,SF,,,
2021,7,2021_07_IND_SF,SF,,,
2021,8,2021_08_SF_CHI,SF,0.061071150018019084,0.12469843565668993,0.10129549462882796
2021,9,2021_09_ARI_SF,SF,0.07451201023307284,0.1273866076997007,0.09666586499919834
2021,10,2021_10_LA_SF,SF,0.07318575028612324,0.1368914706528395,0.09281971115304449
2021,11,2021_11_SF_JAX,SF,0.07585954707756709,0.14223906423572721,0.08615304448637782
2021,12,2021_12_MIN_SF,SF,0.07448592070394072,0.13949181148847445,0.08317685401018736
2021,13,2021_13_SF_SEA,SF,0.06914681536483538,0.13862601062267357,0.08626327376327377
2021,14,2021_14_SF_CIN,SF,0.07945459701408045,0.14922415231837624,0.08457977207977208
2021,15,2021_15_ATL_SF,SF,0.07931674203751579,0.14798345752929437,0.06784188034188034
2021,16,2021_16_SF_TEN,SF,0.08210820344966686,0.16686687296443395,0.06226774433296172
2021,17,2021_17_HOU_SF,SF,0.09414028901116418,0.1909310440874286,0.08310107766629506
2021,18,2021_18_SF_LA,SF,0.09056886043973561,0.1885500917064762,0.08695910235765308
2022,1,2022_01_SF_CHI,SF,,,
2022,2,2022_02_SEA_SF,SF,,,
2022,3,2022_03_SF_DEN,SF,,,
2022,4,2022_04_LA_SF,SF,,,
2022,5,2022_05_SF_CAR,SF,,,
2022,6,2022_06_SF_ATL,SF,,,
2022,7,2022_07_KC_SF,SF,0.10806751727804359,0.19666068580542265,0.12110844610844611
2022,8,2022_08_SF_LA,SF,0.09502816213342528,0.18385840984525192,0.10309042809042808
2022,10,2022_10_LAC_SF,SF,0.09445096155622472,0.1622133882002303,0.05547138047138047
2022,11,2022_11_SF_ARI,SF,0.0894071019071019,0.160239703989704,0.0662037037037037
2022,12,2022_12_NO_SF,SF,0.07883327856732113,0.15882126427339194,0.08935185185185185
2022,13,2022_13_MIA_SF,SF,0.06337628932000929,0.15445298470349947,0.08598484848484848
2022,14,2022_14_TB_SF,SF,0.05605646950018947,0.15614217389268867,0.07765151515151515
2022,15,2022_15_SF_SEA,SF,0.051551964995684964,0.16384078159129634,0.08642344497607655
2022,16,2022_16_WAS_SF,SF,0.05266645334421586,0.1719461513987938,0.09832820688083847
2022,17,2022_17_SF_LV,SF,0.049175462353224876,0.16597768293032533,0.09769689374952532
2022,18,2022_18_ARI_SF,SF,0.038537164480884456,0.17818043637212763,0.061238560416191995
2023,1,2023_01_SF_PIT,SF,,,
2023,2,2023_02_SF_LA,SF,,,
2023,3,2023_03_NYG_SF,SF,,,
2023,4,2023_04_ARI_SF,SF,,,
2023,5,2023_05_DAL_SF,SF,,,
2023,6,2023_06_SF_CLE,SF,,,
2023,7,2023_07_SF_MIN,SF,0.06402505446623093,0.19191176470588234,0.0765456421803171
2023,8,2023_08_CIN_SF,SF,0.047685185185185185,0.18472222222222223,0.09162500725968219
2023,10,2023_10_SF_JAX,SF,0.058994708994708996,0.19722222222222222,0.10256776820244311
2023,11,2023_11_TB_SF,SF,0.07225797225797226,0.20998498498498497,0.08741625305092797
2023,12,2023_12_SF_SEA,SF,0.08189516046658904,0.20601673101673101,0.08741625305092797
2023,13,2023_13_SF_PHI,SF,0.08997596854739713,0.20702683202683203,0.0778089013383131
2023,14,2023_14_SEA_SF,SF,0.09033209390352247,0.19420631920631923,0.06746031746031746
2023,15,2023_15_SF_ARI,SF,0.10885061242204098,0.1905026155026155,0.06904761904761904
2023,16,2023_16_BAL_SF,SF,0.10619280511307089,0.1726731581382744,0.05608465608465609
2023,17,2023_17_SF_WAS,SF,0.09267929159955739,0.14564613111124738,0.08172568172568173
2023,18,2023_18_LA_SF,SF,0.08482097585946824,0.15631936592241322,0.10553520553520553
2024,1,2024_01_NYJ_SF,SF,,,
2024,2,2024_02_SF_MIN,SF,,,
2024,3,2024_03_SF_LA,SF,,,
2024,4,2024_04_NE_SF,SF,,,
2024,5,2024_05_ARI_SF,SF,,,
2024,6,2024_06_SF_SEA,SF,,,
2024,7,2024_07_KC_SF,SF,0.07967673326634458,0.153909949596429,0.0626661918328585
2024,8,2024_08_DAL_SF,SF,0.08579464205388627,0.16688733187303262,0.06693969610636277
2024,10,2024_10_SF_TB,SF,0.07190575316499741,0.16688733187303265,0.06876718148647973
2024,11,2024_11_SEA_SF,SF,0.06541706202669559,0.14890438786116758,0.06829234767831259
2024,12,2024_12_SF_GB,SF,0.0576197910715299,0.13282251651613836,0.0544034587894237
2024,13,2024_13_SF_BUF,SF,0.06557678031884172,0.14206982834409534,0.05396254168183993
2024,14,2024_14_CHI_SF,SF,0.06243212623079141,0.13560581716310302,0.05045376975201537
2024,15,2024_15_LA_SF,SF,0.08739620669056153,0.13758139187574672,0.06205328135152696
2024,16,2024_16_SF_MIA,SF,0.0790628733572282,0.13511225607327756,0.057667316439246254
2024,17,2024_17_DET_SF,SF,0.06831018518518518,0.12926152868554827,0.06198830409356725
2024,18,2024_18_SF_ARI,SF,0.05880067567567568,0.11950176892578852,0.08724082934609251
2016,1,2016_01_TB_ATL,TB,,,
2016,2,2016_02_TB_ARI,TB,,,
2016,3,2016_03_LA_TB,TB,,,
2016,4,2016_04_DEN_TB,TB,,,
2016,5,2016_05_TB_CAR,TB,,,
2016,7,2016_07_TB_SF,TB,,,
2016,8,2016_08_OAK_TB,TB,0.05915412994156364,0.10617035698635045,0.09464545666751549
2016,9,2016_09_ATL_TB,TB,0.05299070383913639,0.09886320232883361,0.0927515172735761
2016,10,2016_10_CHI_TB,TB,0.057237808086240634,0.11585161931725062,0.09634628851540616
2016,11,2016_11_TB_KC,TB,0.0706728117173227,0.13291770501078728,0.08997373949579833
2016,12,2016_12_SEA_TB,TB,0.05162519266970365,0.12047530869742322,0.0902217553688142
2016,13,2016_13_TB_SD,TB,0.07726621831072929,0.1674838557059702,0.09113084627790509
2016,14,2016_14_NO_TB,TB,0.0716271205663684,0.17249638703429104,0.0873213224683813
2016,15,2016_15_TB_DAL,TB,0.07013089366030544,0.19207744350059341,0.09773798913504796
2016,16,2016_16_TB_NO,TB,0.07394239747180924,0.17740892883207873,0.09344877344877345
2016,17,2016_17_CAR_TB,TB,0.0635938135938136,0.16188605301508527,0.0851154401154401
2017,2,2017_02_CHI_TB,TB,,,
2017,3,2017_03_TB_MIN,TB,,,
2017,4,2017_04_NYG_TB,TB,,,
2017,5,2017_05_NE_TB,TB,,,
2017,6,2017_06_TB_ARI,TB,,,
2017,7,2017_07_TB_BUF,TB,,,
2017,8,2017_08_CAR_TB,TB,0.0340419450557439,0.14340461655753395,0.13702144408666148
2017,9,2017_09_TB_NO,TB,0.0304187566499468,0.11079592090536004,0.09065047634472599
2017,10,2017_10_NYJ_TB,TB,0.036371137602327755,0.09744815755759668,0.08614597184022148
2017,11,2017_11_TB_MIA,TB,0.058593359824549975,0.14300371311315221,0.08865223750438189
2017,12,2017_12_TB_ATL,TB,0.05103049349821229,0.14413814306210287,0.11649357999103331
2017,13,2017_13_TB_GB,TB,0.0371416046093234,0.13487888380284363,0.10458881808627139
2017,14,2017_14_DET_TB,TB,0.04612853271389857,0.14509130210349722,0.10093155580831946
2017,15,2017_15_ATL_TB,TB,0.04612853271389857,0.15645493846713357,0.11258030132803272
2017,16,2017_16_TB_CAR,TB,0.045384485094850956,0.17059184322903834,0.11734220608993749
2017,17,2017_17_NO_TB,TB,0.03506702477739063,0.1388458114830066,0.09102641661625327
2018,1,2018_01_TB_NO,TB,,,
2018,2,2018_02_PHI_TB,TB,,,
2018,3,2018_03_PIT_TB,TB,,,
2018,4,2018_04_TB_CHI,TB,,,
2018,6,2018_06_TB_ATL,TB,,,
2018,7,2018_07_CLE_TB,TB,,,
2018,8,2018_08_TB_CIN,TB,0.057053757652575275,0.15316207162722625,0.15017207741611668
2018,9,2018_09_TB_CAR,TB,0.0627669176210544,0.14469083443258476,0.16913151304221896
2018,10,2018_10_WAS_TB,TB,0.06530867506477263,0.13016650618276634,0.1604509574866634
2018,11,2018_11_TB_NYG,TB,0.06978021978021977,0.13097951431284766,0.15590550294120886
2018,12,2018_12_SF_TB,TB,0.09391041057707723,0.15033978367311698,0.13440012659712286
2018,13,2018_13_CAR_TB,TB,0.1084606751273418,0.16819692653025986,0.11735467205166832
2018,14,2018_14_NO_TB,TB,0.10158590738300882,0.18306128922070952,0.09561554161688572
2018,15,2018_15_TB_BAL,TB,0.0975349814570829,0.18942702996145025,0.08088037634408601
2018,16,2018_16_TB_DAL,TB,0.09852263577807056,0.19806900527009222,0.08247476409918807
2018,17,2018_17_ATL_TB,TB,0.0882662255216603,0.17755618475727172,0.08386365298807696
2019,1,2019_01_SF_TB,TB,,,
2019,2,2019_02_TB_CAR,TB,,,
2019,3,2019_03_NYG_TB,TB,,,
2019,4,2019_04_TB_LA,TB,,,
2019,5,2019_05_TB_NO,TB,,,
2019,6,2019_06_CAR_TB,TB,,,
2019,8,2019_08_TB_TEN,TB,0.04934641278668933,0.11697659474992846,0.14361800857944232
2019,9,2019_09_TB_SEA,TB,0.0574881752387966,0.13900724609092463,0.18875689746833121
2019,10,2019_10_ARI_TB,TB,0.058867213851877785,0.15240362118942738,0.19394031054648117
2019,11,2019_11_NO_TB,TB,0.046118142592168225,0.12251507002428048,0.18614303959131548
2019,12,2019_12_TB_ATL,TB,0.046052936541046675,0.11527719834978907,0.1314893599376358
2019,13,2019_13_TB_JAX,TB,0.0621819687991112,0.14365234769268037,0.1490332195867586
2019,14,2019_14_IND_TB,TB,0.07010854368438445,0.16795355753832075,0.15951327367736037
2019,15,2019_15_TB_DET,TB,0.06060561970777626,0.17087753414650786,0.12668499084907753
2019,16,2019_16_HOU_TB,TB,0.05737472924284325,0.16118486275170882,0.13173549589958258
2019,17,2019_17_ATL_TB,TB,0.0728050531838055,0.17048139332483514,0.1388580030220897
2020,1,2020_01_TB_NO,TB,,,
2020,2,2020_02_CAR_TB,TB,,,
2020,3,2020_03_TB_DEN,TB,,,
2020,4,2020_04_LAC_TB,TB,,,
2020,5,2020_05_TB_CHI,TB,,,
2020,6,2020_06_GB_TB,TB,,,
2020,7,2020_07_TB_LV,TB,0.08945117546624638,0.190447695035461,0.1165687289408517
2020,8,2020_08_TB_NYG,TB,0.09706335495342588,0.19619021640298237,0.09614389233954451
2020,9,2020_09_NO_TB,TB,0.09020242371691646,0.21122259383128947,0.08919944789510008
2020,10,2020_10_TB_CAR,TB,0.07260983112432388,0.18807444568314133,0.08791244660809878
2020,11,2020_11_LA_TB,TB,0.0758891521119782,0.19270407531277098,0.08700664950664949
2020,12,2020_12_KC_TB,TB,0.06477804100086709,0.17658207095547251,0.12867331617331615
2020,14,2020_14_MIN_TB,TB,0.050354964077790165,0.14901796839136994,0.12113363363363362
2020,15,2020_15_TB_ATL,TB,0.06026172398455007,0.17310499247839403,0.10724474474474475
2020,16,2020_16_TB_DET,TB,0.05900754338254338,0.1460704328351387,0.13181739431739434
2020,17,2020_17_ATL_TB,TB,0.0734255328005328,0.1845624963272022,0.12040598290598292
2021,1,2021_01_DAL_TB,TB,,,
2021,2,2021_02_ATL_TB,TB,,,
2021,3,2021_03_TB_LA,TB,,,
2021,4,2021_04_TB_NE,TB,,,
2021,5,2021_05_MIA_TB,TB,,,
2021,6,2021_06_TB_PHI,TB,,,
2021,7,2021_07_CHI_TB,TB,0.048391491976297635,0.156700969065973,0.10883110554163185
2021,8,2021_08_TB_NO,TB,0.064085151737754,0.16470473554431575,0.11681322559271741
2021,10,2021_10_TB_WAS,TB,0.06485045786020299,0.17006187840145862,0.10614854305303488
2021,11,2021_11_NYG_TB,TB,0.08309947610922123,0.18900389734347756,0.12777552718001903
2021,12,2021_12_TB_IND,TB,0.07673680378684584,0.18211100232757085,0.08610886051335236
2021,13,2021_13_TB_ATL,TB,0.07547033975442435,0.18312417355350807,0.09444219384668567
2021,14,2021_14_BUF_TB,TB,0.08209202890984664,0.1942436138333681,0.05935447454844006
2021,15,2021_15_NO_TB,TB,0.07234544021588953,0.1957056021374617,0.05965695488721804
2021,16,2021_16_TB_CAR,TB,0.07967302642278608,0.18378031478113988,0.09745937424205675
2021,17,2021_17_TB_NYJ,TB,0.079586401336161,0.1830006890015141,0.09111016789285041
2021,18,2021_18_CAR_TB,TB,0.07635828081966171,0.16602316628511046,0.11034093712361963
2022,1,2022_01_TB_DAL,TB,,,
2022,2,2022_02_TB_NO,TB,,,
2022,3,2022_03_GB_TB,TB,,,
2022,4,2022_04_KC_TB,TB,,,
2022,5,2022_05_ATL_TB,TB,,,
2022,6,2022_06_TB_PIT,TB,,,
2022,7,2022_07_TB_CAR,TB,0.09065990078437484,0.1749288997974131,0.10035474295207332
2022,8,2022_08_BAL_TB,TB,0.08341352397278064,0.1676825229858189,0.10652758245824616
2022,9,2022_09_LA_TB,TB,0.07386951548921754,0.15089213769066162,0.11334576427642797
2022,10,2022_10_SEA_TB,TB,0.09074526220367392,0.1661251126010559,0.1141790976097613
2022,12,2022_12_TB_CLE,TB,0.09175877571718745,0.16815213962808293,0.1170748505055142
2022,13,2022_13_NO_TB,TB,0.08113721788870594,0.1509740646215264,0.11517731729868308
2022,14,2022_14_TB_SF,TB,0.08147323939408228,0.15668643021292425,0.09218881155155666
2022,15,2022_15_CIN_TB,TB,0.07422686258248808,0.16393280702451843,0.0860159720453838
2022,16,2022_16_TB_ARI,TB,0.06978367861576469,0.1749934990267873,0.07086445689386865
2022,17,2022_17_CAR_TB,TB,0.0518244015624588,0.15680544137407623,0.06854964207905384
2022,18,2022_18_TB_ATL,TB,0.046857896595953845,0.15541943998807486,0.07179639532580709
2023,1,2023_01_TB_MIN,TB,,,
2023,2,2023_02_CHI_TB,TB,,,
2023,3,2023_03_PHI_TB,TB,,,
2023,4,2023_04_TB_NO,TB,,,
2023,6,2023_06_DET_TB,TB,,,
2023,7,2023_07_ATL_TB,TB,,,
2023,8,2023_08_TB_BUF,TB,0.06915708648266221,0.12989952228230625,0.08569166901210246
2023,9,2023_09_TB_HOU,TB,0.06984721760757594,0.10919558853489424,0.06910041712673291
2023,10,2023_10_TEN_TB,TB,0.051914086908487804,0.08761504142243222,0.08335480309164518
2023,11,2023_11_TB_SF,TB,0.06303199796519934,0.12045877867253423,0.12710480309164518
2023,12,2023_12_TB_IND,TB,0.07411574180756388,0.12935314101517245,0.15488258086942297
2023,13,2023_13_CAR_TB,TB,0.07122938191971957,0.1303427501195762,0.1445009871544959
2023,14,2023_14_TB_ATL,TB,0.0838667445570822,0.14298011275693884,0.15916264128983426
2023,15,2023_15_TB_GB,TB,0.08729387298421064,0.1424389872158133,0.14634212846932143
2023,16,2023_16_JAX_TB,TB,0.08478565641268322,0.14555263537357147,0.14066617387695818
2023,17,2023_17_NO_TB,TB,0.08261511377702431,0.11183170514101333,0.10140335336413768
2023,18,2023_18_TB_CAR,TB,0.06438851279180265,0.08309607295710529,0.09267319463397894
2024,1,2024_01_WAS_TB,TB,,,
2024,2,2024_02_TB_DET,TB,,,
2024,3,2024_03_DEN_TB,TB,,,
2024,4,2024_04_PHI_TB,TB,,,
2024,5,2024_05_TB_ATL,TB,,,
2024,6,2024_06_TB_NO,TB,,,
2024,7,2024_07_BAL_TB,TB,0.06922398589065255,0.1415784832451499,0.0787037037037037
2024,8,2024_08_ATL_TB,TB,0.07076719576719577,0.14312169312169312,0.09537037037037037
2024,9,2024_09_TB_KC,TB,0.08151988393923877,0.13486516470387436,0.08834610472541506
2024,10,2024_10_SF_TB,TB,0.09540877282812765,0.14991146100017066,0.08596515234446268
2024,12,2024_12_TB_NYG,TB,0.0804515078708627,0.15204821313692282,0.0927833341626445
2024,13,2024_13_TB_CAR,TB,0.08838801580737066,0.16461435070306038,0.08259814897745932
2024,14,2024_14_LV_TB,TB,0.07341559657963226,0.17028810956830862,0.07466164104095138
2024,15,2024_15_TB_LAC,TB,0.06807371623775192,0.18204024632044535,0.05243941881872916
2024,16,2024_16_TB_DAL,TB,0.07083454157922243,0.2010754105168999,0.040945165945165944
2024,17,2024_17_CAR_TB,TB,0.061575282319963176,0.1906587438502332,0.05642135642135643
2024,18,2024_18_NO_TB,TB,0.07400729475197561,0.19609774928923865,0.06691086691086691
2016,1,2016_01_MIN_TEN,TEN,,,
2016,2,2016_02_TEN_DET,TEN,,,
2016,3,2016_03_OAK_TEN,TEN,,,
2016,4,2016_04_TEN_HOU,TEN,,,
2016,5,2016_05_TEN_MIA,TEN,,,
2016,6,2016_06_CLE_TEN,TEN,,,
2016,7,2016_07_IND_TEN,TEN,0.08624193962539828,0.18266354920490258,0.10801364023870418
2016,8,2016_08_JAX_TEN,TEN,0.09437202092621128,0.17872169160450838,0.0663469735720375
2016,9,2016_09_TEN_SD,TEN,0.08517288672707708,0.1649229903058071,0.07238562091503267
2016,10,2016_10_GB_TEN,TEN,0.08544521788176118,0.18017353496811647,0.08520613373554549
2016,11,2016_11_TEN_IND,TEN,0.09494814185836936,0.16613844724881824,0.07131724484665661
2016,12,2016_12_TEN_CHI,TEN,0.0643925863028138,0.16613844724881824,0.05766178266178266
2016,14,2016_14_DEN_TEN,TEN,0.04398442303750768,0.134266439186334,0.04655067155067155
2016,15,2016_15_TEN_KC,TEN,0.04494525082760376,0.14830930688773825,0.06506919006919007
2016,16,2016_16_TEN_JAX,TEN,0.044739996312004426,0.15087498833273005,0.0491961741961742
2016,17,2016_17_HOU_TEN,TEN,0.04796811682850371,0.13449526571197443,0.06613756613756613
2017,1,2017_01_OAK_TEN,TEN,,,
2017,2,2017_02_TEN_JAX,TEN,,,
2017,3,2017_03_SEA_TEN,TEN,,,
2017,4,2017_04_TEN_HOU,TEN,,,
2017,5,2017_05_TEN_MIA,TEN,,,
2017,6,2017_06_IND_TEN,TEN,,,
2017,7,2017_07_TEN_CLE,TEN,0.04167850955776652,0.13011994745740876,0.07851930615293416
2017,9,2017_09_BAL_TEN,TEN,0.040004669289952076,0.1398043090069066,0.07918243612640896
2017,10,2017_10_CIN_TEN,TEN,0.037056266341549134,0.12334239254499013,0.08766728461125745
2017,11,2017_11_TEN_PIT,TEN,0.03841792211496961,0.0933859655297396,0.108230055174028
2017,12,2017_12_TEN_IND,TEN,0.03936274448836341,0.09650387936193915,0.11219830914228197
2017,13,2017_13_HOU_TEN,TEN,0.0694463995720185,0.12369178154984133,0.10458182168708484
2017,14,2017_14_TEN_ARI,TEN,0.07763905101193905,0.12377453560479003,0.10976523476523477
2017,15,2017_15_TEN_SF,TEN,0.10872465598563585,0.13369801719254706,0.11484923122854157
2017,16,2017_16_LA_TEN,TEN,0.1135336151424211,0.14575335316092652,0.13000074638005674
2017,17,2017_17_JAX_TEN,TEN,0.11307065217945812,0.1573274272350006,0.11992748630679666
2018,1,2018_01_TEN_MIA,TEN,,,
2018,2,2018_02_HOU_TEN,TEN,,,
2018,3,2018_03_TEN_JAX,TEN,,,
2018,4,2018_04_PHI_TEN,TEN,,,
2018,5,2018_05_TEN_BUF,TEN,,,
2018,6,2018_06_BAL_TEN,TEN,,,
2018,7,2018_07_TEN_LAC,TEN,0.058061345417667255,0.13807321278585646,0.06909101323696352
2018,9,2018_09_TEN_DAL,TEN,0.06421898088564755,0.15634086467419803,0.05077204771972214
2018,10,2018_10_NE_TEN,TEN,0.06822298488965155,0.13707159540492875,0.08585976701796776
2018,11,2018_11_TEN_IND,TEN,0.06557903659352934,0.1407927078216933,0.11217555649165195
2018,12,2018_12_TEN_HOU,TEN,0.053233357581183666,0.1068420905377427,0.11055217986827533
2018,13,2018_13_NYJ_TEN,TEN,0.06910637345419954,0.10684209053774273,0.09219832669910068
2018,14,2018_14_JAX_TEN,TEN,0.07952304012086621,0.1335875860332382,0.08267451717529116
2018,15,2018_15_TEN_NYG,TEN,0.08180267537922488,0.1357405748883547,0.0722578505086245
2018,16,2018_16_WAS_TEN,TEN,0.06991845072904278,0.13708234218756885,0.05800346454371222
2018,17,2018_17_IND_TEN,TEN,0.0723822188449848,0.1353432117527862,0.03658963585434174
2019,1,2019_01_TEN_CLE,TEN,,,
2019,2,2019_02_IND_TEN,TEN,,,
2019,3,2019_03_TEN_JAX,TEN,,,
2019,4,2019_04_TEN_ATL,TEN,,,
2019,5,2019_05_BUF_TEN,TEN,,,
2019,6,2019_06_TEN_DEN,TEN,,,
2019,7,2019_07_LAC_TEN,TEN,0.07414233826655897,0.11749426820306609,0.09878358750907772
2019,8,2019_08_TB_TEN,TEN,0.05903599757882294,0.11560597561709908,0.10632327004876024
2019,9,2019_09_TEN_CAR,TEN,0.05332363198742509,0.11493393260634639,0.11318601514679948
2019,10,2019_10_KC_TEN,TEN,0.06760934627313937,0.13239425006666386,0.08995369191447622
2019,12,2019_12_JAX_TEN,TEN,0.05953083835728598,0.11336367101656626,0.08054192720859386
2019,13,2019_13_TEN_IND,TEN,0.050446282102918405,0.1262916933785509,0.07436908770242104
2019,14,2019_14_TEN_OAK,TEN,0.05632706264288099,0.1535571304274683,0.08270242103575436
2019,15,2019_15_HOU_TEN,TEN,0.06131281762863597,0.1414488683192062,0.08766273849607183
2019,16,2019_16_NO_TEN,TEN,0.05684853191435025,0.1265679159382538,0.07099607182940516
2019,17,2019_17_TEN_HOU,TEN,0.05419072460538016,0.10962439434356942,0.07538781535158347
2020,1,2020_01_TEN_DEN,TEN,,,
2020,2,2020_02_JAX_TEN,TEN,,,
2020,3,2020_03_TEN_MIN,TEN,,,
2020,5,2020_05_BUF_TEN,TEN,,,
2020,6,2020_06_HOU_TEN,TEN,,,
2020,7,2020_07_PIT_TEN,TEN,,,
2020,8,2020_08_TEN_CIN,TEN,0.029805613215706628,0.15184280545732468,0.07635413968747302
2020,9,2020_09_CHI_TEN,TEN,0.029805613215706628,0.13559928921380845,0.08036054994388327
2020,10,2020_10_IND_TEN,TEN,0.031804323725055435,0.145141520032635,0.09702721661054993
2020,11,2020_11_TEN_BAL,TEN,0.02485987928061099,0.09236374225485726,0.09842045938310306
2020,12,2020_12_TEN_IND,TEN,0.02676400114441027,0.09269976376023359,0.08831944928209295
2020,13,2020_13_CLE_TEN,TEN,0.02572611842515755,0.09365115625288191,0.0636280912574016
2020,14,2020_14_TEN_JAX,TEN,0.02572611842515755,0.0815463143161072,0.057516980146290496
2020,15,2020_15_DET_TEN,TEN,0.02572611842515755,0.07562372506018461,0.06932253570184604
2020,16,2020_16_TEN_GB,TEN,0.01663520933424846,0.07028082234886085,0.06500154804752506
2020,17,2020_17_TEN_HOU,TEN,0.0188787990778382,0.07476800183604033,0.06666518991080395
2021,1,2021_01_ARI_TEN,TEN,,,
2021,2,2021_02_TEN_SEA,TEN,,,
2021,3,2021_03_IND_TEN,TEN,,,
2021,4,2021_04_TEN_NYJ,TEN,,,
2021,5,2021_05_TEN_JAX,TEN,,,
2021,6,2021_06_BUF_TEN,TEN,,,
2021,7,2021_07_KC_TEN,TEN,0.05688189805836865,0.1317310684957744,0.08836943535400758
2021,8,2021_08_TEN_IND,TEN,0.05919918861095331,0.14429791341556047,0.10118994817452041
2021,9,2021_09_TEN_LA,TEN,0.04769843446314035,0.14222400692988926,0.08267142965600188
2021,10,2021_10_NO_TEN,TEN,0.05487469635638337,0.13520900934885396,0.06415291113748338
2021,11,2021_11_HOU_TEN,TEN,0.06637295419610462,0.15483734848938824,0.030819577804150036
2021,12,2021_12_TEN_NE,TEN,0.05711369493684537,0.13863364478568455,0.046382679105791226
2021,14,2021_14_JAX_TEN,TEN,0.057113694936845365,0.14190161864189368,0.053025191183085914
2021,15,2021_15_TEN_PIT,TEN,0.056620389792377435,0.13788470532265476,0.08187134502923976
2021,16,2021_16_SF_TEN,TEN,0.07127240444439208,0.13925833169628116,0.10147918816649466
2021,17,2021_17_MIA_TEN,TEN,0.06455814301314952,0.12132530432929152,0.10147918816649466
2021,18,2021_18_TEN_HOU,TEN,0.06380185638051575,0.10856296740359668,0.10147918816649466
2022,1,2022_01_NYG_TEN,TEN,,,
2022,2,2022_02_TEN_BUF,TEN,,,
2022,3,2022_03_LV_TEN,TEN,,,
2022,4,2022_04_TEN_IND,TEN,,,
2022,5,2022_05_TEN_WAS,TEN,,,
2022,7,2022_07_IND_TEN,TEN,,,
2022,8,2022_08_TEN_HOU,TEN,0.07380875729561077,0.15999290459807672,0.07441073475364766
2022,9,2022_09_TEN_KC,TEN,0.05809607491626173,0.14091321885172428,0.1013467616896746
2022,10,2022_10_DEN_TEN,TEN,0.06329029352511449,0.14955143023383813,0.09440231724523014
2022,11,2022_11_TEN_GB,TEN,0.08057752756766769,0.19084871155771518,0.11229705408733541
2022,12,2022_12_CIN_TEN,TEN,0.07214256821807417,0.18221050017560136,0.1183992661392042
2022,13,2022_13_TEN_PHI,TEN,0.06433341117913537,0.17536411592228515,0.13030402804396612
2022,14,2022_14_JAX_TEN,TEN,0.06144705129129107,0.15153102999122792,0.13152951824004455
2022,15,2022_15_TEN_LAC,TEN,0.04629553613977592,0.12510396868044568,0.13449248120300752
2022,16,2022_16_HOU_TEN,TEN,0.048147387991627766,0.13390026497674198,0.14143692564745197
2022,17,2022_17_DAL_TEN,TEN,0.032216015442608166,0.10428425190484654,0.13699248120300753
2022,18,2022_18_TEN_JAX,TEN,0.03211922876045563,0.10399389185838896,0.1175297619047619
2023,1,2023_01_TEN_NO,TEN,,,
2023,2,2023_02_LAC_TEN,TEN,,,
2023,3,2023_03_TEN_CLE,TEN,,,
2023,4,2023_04_CIN_TEN,TEN,,,
2023,5,2023_05_TEN_IND,TEN,,,
2023,6,2023_06_BAL_TEN,TEN,,,
2023,8,2023_08_ATL_TEN,TEN,0.06971871676172751,0.13637476675111085,0.08723594207465175
2023,9,2023_09_TEN_PIT,TEN,0.0767006987437095,0.1423432352195793,0.08153793637664605
2023,10,2023_10_TEN_TB,TEN,0.06558958763259838,0.1349358278121719,0.08233158717029686
2023,11,2023_11_TEN_JAX,TEN,0.06732569874370949,0.1378293463306904,0.06657333726299243
2023,12,2023_12_CAR_TEN,TEN,0.057224688642699396,0.10247581097715504,0.07120296689262207
2023,13,2023_13_IND_TEN,TEN,0.0700994681841456,0.11870156053623797,0.10245296689262207
2023,14,2023_14_TEN_MIA,TEN,0.0755926893155154,0.13868753529079617,0.09687883088370346
2023,15,2023_15_HOU_TEN,TEN,0.07252251387691891,0.13188928967676108,0.08943466214921214
2023,16,2023_16_SEA_TEN,TEN,0.08918918054358559,0.14577817856564998,0.08839299548254546
2023,17,2023_17_TEN_HOU,TEN,0.08638469336409839,0.13255702471949612,0.1159792023790972
2023,18,2023_18_JAX_TEN,TEN,0.08638469336409842,0.13255702471949612,0.11068819708809191
2024,1,2024_01_TEN_CHI,TEN,,,
2024,2,2024_02_NYJ_TEN,TEN,,,
2024,3,2024_03_GB_TEN,TEN,,,
2024,4,2024_04_TEN_MIA,TEN,,,
2024,6,2024_06_IND_TEN,TEN,,,
2024,7,2024_07_TEN_BUF,TEN,,,
2024,8,2024_08_TEN_DET,TEN,0.06179590017825312,0.12089871235575571,0.1753051753051753
2024,9,2024_09_NE_TEN,TEN,0.08036474075796325,0.1362972630803934,0.15889103389103387
2024,10,2024_10_TEN_LAC,TEN,0.0847628889061114,0.150301892710023,0.1561132561132561
2024,11,2024_11_MIN_TEN,TEN,0.06203561617883868,0.1460931385012688,0.1509157509157509
2024,12,2024_12_TEN_HOU,TEN,0.0585062044141328,0.13236764830519035,0.13828948828948828
2024,13,2024_13_TEN_WAS,TEN,0.07652422243215082,0.150622745507656,0.12813542666483843
2024,14,2024_14_JAX_TEN,TEN,0.08203892831450375,0.14143156903706774,0.09387616740557915
2024,15,2024_15_CIN_TEN,TEN,0.05826175440146029,0.13644968497909674,0.10562830415771592
2024,16,2024_16_TEN_IND,TEN,0.04783290449892617,0.13313584482315133,0.09344881697822875
2024,17,2024_17_TEN_JAX,TEN,0.06172179338781506,0.1285062151935217,0.08396163749104925
2024,18,2024_18_HOU_TEN,TEN,0.06580676070807649,0.12973170538960013,0.07386062739003915
2016,1,2016_01_PIT_WAS,WAS,,,
2016,2,2016_02_DAL_WAS,WAS,,,
2016,3,2016_03_WAS_NYG,WAS,,,
2016,4,2016_04_CLE_WAS,WAS,,,
2016,5,2016_05_WAS_BAL,WAS,,,
2016,6,2016_06_PHI_WAS,WAS,,,
2016,7,2016_07_WAS_DET,WAS,0.07725637956413964,0.18527297207096596,0.10925229741019214
2016,8,2016_08_WAS_CIN,WAS,0.08849541465185894,0.18856244575517653,0.11246867167919798
2016,10,2016_10_MIN_WAS,WAS,0.07999868262571515,0.18758205359831373,0.08469089390142022
2016,11,2016_11_GB_WAS,WAS,0.083293256269126,0.20608980553629827,0.10850041771094403
2016,12,2016_12_WAS_DAL,WAS,0.08647459243031369,0.19168542236203176,0.10818713450292396
2016,13,2016_13_WAS_ARI,WAS,0.08314125909698036,0.17168542236203174,0.09298245614035087
2016,14,2016_14_WAS_PHI,WAS,0.05922150601056061,0.13079036063363667,0.10488721804511277
2016,15,2016_15_CAR_WAS,WAS,0.05666840143539722,0.14263676586239485,0.12816657027183345
2016,16,2016_16_WAS_CHI,WAS,0.05410429887129465,0.13067095389658287,0.14331808542334856
2016,17,2016_17_NYG_WAS,WAS,0.04654143254495696,0.1077932832594114,0.11645605856132173
2017,1,2017_01_PHI_WAS,WAS,,,
2017,2,2017_02_WAS_LA,WAS,,,
2017,3,2017_03_OAK_WAS,WAS,,,
2017,4,2017_04_WAS_KC,WAS,,,
2017,6,2017_06_SF_WAS,WAS,,,
2017,7,2017_07_WAS_PHI,WAS,,,
2017,8,2017_08_DAL_WAS,WAS,0.08344711145524153,0.1746543640039575,0.10019910644910646
2017,9,2017_09_WAS_SEA,WAS,0.08939949240762247,0.16374166559125908,0.09485722610722609
2017,10,2017_10_MIN_WAS,WAS,0.08385653448371218,0.16348971295835404,0.09485722610722609
2017,11,2017_11_WAS_NO,WAS,0.06480891543609314,0.15593634678429824,0.08534523272426497
2017,12,2017_12_NYG_WAS,WAS,0.05630069081896324,0.15442377351903072,0.1027063438353761
2017,13,2017_13_WAS_DAL,WAS,0.07234235748562991,0.15421544018569736,0.09159523272426497
2017,14,2017_14_WAS_LAC,WAS,0.06173159144008126,0.15939142362255038,0.07427921540824765
2017,15,2017_15_ARI_WAS,WAS,0.05710196181045163,0.17096549769662447,0.07049411162314388
2017,16,2017_16_DEN_WAS,WAS,0.06841518275100177,0.1729619484508392,0.0753960724074576
2017,17,2017_17_WAS_NYG,WAS,0.083919058719994,0.19635141650750854,0.0707612930229563
2018,1,2018_01_WAS_ARI,WAS,,,
2018,2,2018_02_IND_WAS,WAS,,,
2018,3,2018_03_GB_WAS,WAS,,,
2018,5,2018_05_WAS_NO,WAS,,,
2018,6,2018_06_CAR_WAS,WAS,,,
2018,7,2018_07_DAL_WAS,WAS,,,
2018,8,2018_08_WAS_NYG,WAS,0.05963774375352716,0.1458537088577411,0.05700209376679965
2018,9,2018_09_ATL_WAS,WAS,0.07223367301612309,0.14660445960849186,0.06890685567156156
2018,10,2018_10_WAS_TB,WAS,0.07535867301612309,0.1268127929418252,0.0629544747191806
2018,11,2018_11_HOU_WAS,WAS,0.06950516882374848,0.13013505207803786,0.06009499759499759
2018,12,2018_12_WAS_DAL,WAS,0.07727099917022398,0.13869737784466465,0.0708476857670406
2018,13,2018_13_WAS_PHI,WAS,0.09235036424958905,0.16806245720974403,0.06213308881714954
2018,14,2018_14_NYG_WAS,WAS,0.07525634715557196,0.14626758541487223,0.054557331241391956
2018,15,2018_15_WAS_JAX,WAS,0.06514566175753024,0.1472254398210025,0.0524564909052575
2018,16,2018_16_WAS_TEN,WAS,0.10029058929376211,0.18852978764708947,0.05886674731551391
2018,17,2018_17_PHI_WAS,WAS,0.11039579416640886,0.18520752851087682,0.07661366089576083
2019,1,2019_01_WAS_PHI,WAS,,,
2019,2,2019_02_DAL_WAS,WAS,,,
2019,3,2019_03_CHI_WAS,WAS,,,
2019,4,2019_04_WAS_NYG,WAS,,,
2019,5,2019_05_NE_WAS,WAS,,,
2019,6,2019_06_WAS_MIA,WAS,,,
2019,7,2019_07_SF_WAS,WAS,0.055440092989838353,0.11921029221571951,0.06924505913476502
2019,8,2019_08_WAS_MIN,WAS,0.06576617994636008,0.12428275598383544,0.056023905288611175
2019,9,2019_09_WAS_BUF,WAS,0.07763121517068342,0.13651857355891886,0.05060594863226442
2019,11,2019_11_NYJ_WAS,WAS,0.07807684796925739,0.13696420635749285,0.05220851273482852
2019,12,2019_12_DET_WAS,WAS,0.0881778580702675,0.13566085021542704,0.05220851273482852
2019,13,2019_13_WAS_CAR,WAS,0.09963448654817257,0.16284761144474144,0.049314994216310006
2019,14,2019_14_WAS_GB,WAS,0.10464026244343633,0.16708326797150308,0.06637848627980207
2019,15,2019_15_PHI_WAS,WAS,0.11098084215358127,0.18180247087005383,0.05951035441167019
2019,16,2019_16_NYG_WAS,WAS,0.10114687025064382,0.1810361873451496,0.0670291514041514
2019,17,2019_17_WAS_DAL,WAS,0.08987132409137676,0.1930164551393709,0.08412316849816849
2020,1,2020_01_PHI_WAS,WAS,,,
2020,2,2020_02_WAS_ARI,WAS,,,
2020,3,2020_03_WAS_CLE,WAS,,,
2020,4,2020_04_BAL_WAS,WAS,,,
2020,5,2020_05_LA_WAS,WAS,,,
2020,6,2020_06_WAS_NYG,WAS,,,
2020,7,2020_07_DAL_WAS,WAS,0.0728492438150188,0.14600642538683453,0.10314783917725094
2020,9,2020_09_NYG_WAS,WAS,0.08189686286263785,0.1502921396725488,0.08353999603999603
2020,10,2020_10_WAS_DET,WAS,0.0910692622789397,0.17635009255976997,0.0826471388971389
2020,11,2020_11_CIN_WAS,WAS,0.08263788972992009,0.15458538667741703,0.07256562881562882
2020,12,2020_12_WAS_DAL,WAS,0.08958233417436452,0.17194649778852814,0.07140822140822141
2020,13,2020_13_WAS_PIT,WAS,0.10130000718236011,0.19221117934353227,0.08013838013838014
2020,14,2020_14_WAS_SF,WAS,0.09296667384902678,0.15683382085296624,0.07830687830687831
2020,15,2020_15_SEA_WAS,WAS,0.0705857214680744,0.14921477323391863,0.09065255731922399
2020,16,2020_16_CAR_WAS,WAS,0.049218200100553035,0.13354525756440297,0.09394926061592727
2020,17,2020_17_WAS_PHI,WAS,0.06514957264957265,0.1546849634467559,0.1050603717270384
2021,1,2021_01_LAC_WAS,WAS,,,
2021,2,2021_02_NYG_WAS,WAS,,,
2021,3,2021_03_WAS_BUF,WAS,,,
2021,4,2021_04_WAS_ATL,WAS,,,
2021,5,2021_05_NO_WAS,WAS,,,
2021,6,2021_06_KC_WAS,WAS,,,
2021,7,2021_07_WAS_GB,WAS,0.04952578506149934,0.1787302875695733,0.08836544930997704
2021,8,2021_08_WAS_DEN,WAS,0.05588095870990608,0.18803927432216905,0.08798230754752494
2021,10,2021_10_TB_WAS,WAS,0.05958466241360979,0.19452075580365055,0.07210929167450907
2021,11,2021_11_WAS_CAR,WAS,0.05958466241360979,0.1734967906620383,0.06200828157349897
2021,12,2021_12_SEA_WAS,WAS,0.06174916457811195,0.17079116295641064,0.04613526570048309
2021,13,2021_13_WAS_LV,WAS,0.061136419480072736,0.1729357707995479,0.05277777777777778
2021,14,2021_14_DAL_WAS,WAS,0.05926650078088574,0.15513089275076739,0.051289682539682545
2021,15,2021_15_WAS_PHI,WAS,0.06161248201303588,0.1481949482383235,0.04017857142857143
2021,16,2021_16_WAS_DAL,WAS,0.05663163910115848,0.12654743865977944,0.036307104142469994
2021,17,2021_17_PHI_WAS,WAS,0.0677427502122696,0.14016399639398422,0.0482118660472319
2021,18,2021_18_WAS_NYG,WAS,0.06796320876606149,0.13487299110297893,0.05007927967935141
2022,1,2022_01_JAX_WAS,WAS,,,
2022,2,2022_02_WAS_DET,WAS,,,
2022,3,2022_03_PHI_WAS,WAS,,,
2022,4,2022_04_WAS_DAL,WAS,,,
2022,5,2022_05_TEN_WAS,WAS,,,
2022,6,2022_06_WAS_CHI,WAS,,,
2022,7,2022_07_GB_WAS,WAS,0.09385064105458842,0.26137406203195673,0.08088541127334231
2022,8,2022_08_WAS_IND,WAS,0.08644323364718103,0.22909892975682447,0.09940392979186082
2022,9,2022_09_MIN_WAS,WAS,0.08626305346700082,0.23072055137844613,0.11089818266542405
2022,10,2022_10_WAS_PHI,WAS,0.08085709671465484,0.2470404208194906,0.14170626347350485
2022,11,2022_11_WAS_HOU,WAS,0.08107755526844673,0.22940373651613963,0.10722350485281519
2022,12,2022_12_ATL_WAS,WAS,0.07522960205207248,0.20221075405999925,0.12805683818614852
2022,13,2022_13_WAS_NYG,WAS,0.05559819179566222,0.1653517797010249,0.14079371299198884
2022,15,2022_15_NYG_WAS,WAS,0.07464581084328127,0.1796374939867392,0.1352381574364333
2022,16,2022_16_WAS_SF,WAS,0.06131247750994793,0.15380416065340585,0.12929946011842564
2022,17,2022_17_CLE_WAS,WAS,0.07356053952545182,0.1311685017386772,0.08267941349837903
2022,18,2022_18_DAL_WAS,WAS,0.10361958407724998,0.16122754629047537,0.09379052460949013
2023,1,2023_01_ARI_WAS,WAS,,,
2023,2,2023_02_WAS_DEN,WAS,,,
2023,3,2023_03_BUF_WAS,WAS,,,
2023,4,2023_04_WAS_PHI,WAS,,,
2023,5,2023_05_CHI_WAS,WAS,,,
2023,6,2023_06_WAS_ATL,WAS,,,
2023,7,2023_07_WAS_NYG,WAS,0.08244318181818182,0.17962752525252523,0.09337913294435034
2023,8,2023_08_PHI_WAS,WAS,0.08749368686868686,0.17457702020202018,0.06754579961101699
2023,9,2023_09_WAS_NE,WAS,0.06666035353535354,0.1370770202020202,0.07545093795093795
2023,10,2023_10_WAS_SEA,WAS,0.06666035353535354,0.13565656565656564,0.07412185767448924
2023,11,2023_11_NYG_WAS,WAS,0.057632575757575764,0.11968434343434342,0.06954310309573468
2023,12,2023_12_WAS_DAL,WAS,0.08486471861471861,0.12087481962481961,0.11340275221854168
2023,13,2023_13_MIA_WAS,WAS,0.07486471861471862,0.11097582972582971,0.1356249744407639
2023,15,2023_15_WAS_LA,WAS,0.05466269841269841,0.10410714285714284,0.13439948424468548
2023,16,2023_16_WAS_NYJ,WAS,0.06021825396825397,0.11521825396825396,0.12363393400545103
2023,17,2023_17_SF_WAS,WAS,0.060218253968253956,0.12503581735724592,0.12412126344014889
2023,18,2023_18_DAL_WAS,WAS,0.06249315818281335,0.1134218326829164,0.12198451130339673
2024,1,2024_01_WAS_TB,WAS,,,
2024,2,2024_02_NYG_WAS,WAS,,,
2024,3,2024_03_WAS_CIN,WAS,,,
2024,4,2024_04_WAS_ARI,WAS,,,
2024,5,2024_05_CLE_WAS,WAS,,,
2024,6,2024_06_WAS_BAL,WAS,,,
2024,7,2024_07_CAR_WAS,WAS,0.08883596442605098,0.16142801744690022,0.08076620345642084
2024,8,2024_08_CHI_WAS,WAS,0.10012628700669614,0.15658930776948085,0.05637006819072036
2024,9,2024_09_WAS_NYG,WAS,0.11260708577781747,0.18270297904444247,0.058895320715972886
2024,10,2024_10_PIT_WAS,WAS,0.11558811558811559,0.18866503866503867,0.05056198738263956
2024,11,2024_11_WAS_PHI,WAS,0.10557208994708994,0.18786375661375662,0.05310559203380235
2024,12,2024_12_DAL_WAS,WAS,0.08427579365079364,0.1637896825396825,0.05002588188887482
2024,13,2024_13_TEN_WAS,WAS,0.0774215367965368,0.15008116883116882,0.05436951123250416
2024,15,2024_15_WAS_NO,WAS,0.06908820346320348,0.16674783549783548,0.05502827276083091
2024,16,2024_16_PHI_WAS,WAS,0.0651199494949495,0.1515361952861953,0.08659392932648746
2024,17,2024_17_ATL_WAS,WAS,0.07484217171717172,0.16577230639730642,0.10796145069400882
2024,18,2024_18_WAS_DAL,WAS,0.06822618072618074,0.14353131540631542,0.10020951270951271
