season,week,game_id,team,touchback_rate_roll6,return_yards_roll6
2016,1,2016_01_NE_ARI,ARI,,
2016,2,2016_02_TB_ARI,ARI,,
2016,3,2016_03_ARI_BUF,ARI,,
2016,4,2016_04_LA_ARI,ARI,,
2016,5,2016_05_ARI_SF,ARI,,
2016,6,2016_06_NYJ_ARI,ARI,,
2016,7,2016_07_SEA_ARI,ARI,0.6097222222222222,6.836111
2016,8,2016_08_ARI_CAR,ARI,0.7208333333333332,5.141667
2016,10,2016_10_SF_ARI,ARI,0.6970238095238095,5.5226192
2016,11,2016_11_ARI_MIN,ARI,0.6595238095238095,5.3309526
2016,12,2016_12_ARI_ATL,ARI,0.7150793650793651,5.1087303
2016,13,2016_13_WAS_ARI,ARI,0.8484126984126984,3.3420637
2016,14,2016_14_ARI_MIA,ARI,0.8484126984126984,3.3420637
2016,15,2016_15_NO_ARI,ARI,0.8067460317460317,4.300397
2016,16,2016_16_ARI_SEA,ARI,0.7194444444444444,6.5675926
2016,17,2016_17_ARI_LA,ARI,0.763888888888889,5.7175927
2017,1,2017_01_ARI_DET,ARI,,
2017,2,2017_02_ARI_IND,ARI,,
2017,3,2017_03_DAL_ARI,ARI,,
2017,4,2017_04_SF_ARI,ARI,,
2017,5,2017_05_ARI_PHI,ARI,,
2017,6,2017_06_TB_ARI,ARI,,
2017,7,2017_07_ARI_LA,ARI,0.6158730158730159,6.609127
2017,9,2017_09_ARI_SF,ARI,0.6238095238095238,6.4265876
2017,10,2017_10_SEA_ARI,ARI,0.6515873015873016,6.2460313
2017,11,2017_11_ARI_HOU,ARI,0.6849206349206348,4.9460316
2017,12,2017_12_JAX_ARI,ARI,0.6015873015873016,6.612698
2017,13,2017_13_LA_ARI,ARI,0.6301587301587303,6.5174603
2017,14,2017_14_TEN_ARI,ARI,0.6658730158730158,6.525397
2017,15,2017_15_ARI_WAS,ARI,0.5468253968253968,7.6801586
2017,16,2017_16_NYG_ARI,ARI,0.5357142857142857,7.3357143
2017,17,2017_17_ARI_SEA,ARI,0.569047619047619,7.302381
2018,1,2018_01_WAS_ARI,ARI,,
2018,2,2018_02_ARI_LA,ARI,,
2018,3,2018_03_CHI_ARI,ARI,,
2018,4,2018_04_SEA_ARI,ARI,,
2018,5,2018_05_ARI_SF,ARI,,
2018,6,2018_06_ARI_MIN,ARI,,
2018,7,2018_07_DEN_ARI,ARI,0.6916666666666668,5.5916667
2018,8,2018_08_SF_ARI,ARI,0.5875,7.195833
2018,10,2018_10_ARI_KC,ARI,0.6875,5.5625
2018,11,2018_11_OAK_ARI,ARI,0.6041666666666666,8.034722
2018,12,2018_12_ARI_LAC,ARI,0.6541666666666667,6.8097224
2018,13,2018_13_ARI_GB,ARI,0.5708333333333333,9.705556
2018,14,2018_14_DET_ARI,ARI,0.6541666666666667,8.038889
2018,15,2018_15_ARI_ATL,ARI,0.7166666666666667,7.1430554
2018,16,2018_16_LA_ARI,ARI,0.7166666666666667,7.1430554
2018,17,2018_17_ARI_SEA,ARI,0.7999999999999999,4.670833
2019,1,2019_01_DET_ARI,ARI,,
2019,2,2019_02_ARI_BAL,ARI,,
2019,3,2019_03_CAR_ARI,ARI,,
2019,4,2019_04_SEA_ARI,ARI,,
2019,5,2019_05_ARI_CIN,ARI,,
2019,6,2019_06_ATL_ARI,ARI,,
2019,7,2019_07_ARI_NYG,ARI,0.6666666666666666,7.0833335
2019,8,2019_08_ARI_NO,ARI,0.7202380952380952,5.035714
2019,9,2019_09_SF_ARI,ARI,0.8035714285714285,4.480159
2019,10,2019_10_ARI_TB,ARI,0.7023809523809524,6.3194447
2019,11,2019_11_ARI_SF,ARI,0.6547619047619048,7.343254
2019,13,2019_13_LA_ARI,ARI,0.6436507936507937,7.265476
2019,14,2019_14_PIT_ARI,ARI,0.6912698412698411,5.765476
2019,15,2019_15_CLE_ARI,ARI,0.6329365079365079,8.032143
2019,16,2019_16_ARI_SEA,ARI,0.49404761904761907,9.648809
2019,17,2019_17_ARI_LA,ARI,0.4523809523809524,11.107143
2020,1,2020_01_ARI_SF,ARI,,
2020,2,2020_02_WAS_ARI,ARI,,
2020,3,2020_03_DET_ARI,ARI,,
2020,4,2020_04_ARI_CAR,ARI,,
2020,5,2020_05_ARI_NYJ,ARI,,
2020,6,2020_06_ARI_DAL,ARI,,
2020,7,2020_07_SEA_ARI,ARI,0.7305555555555555,5.8722224
2020,9,2020_09_MIA_ARI,ARI,0.7400793650793651,4.972222
2020,10,2020_10_BUF_ARI,ARI,0.7261904761904763,5.8055553
2020,11,2020_11_ARI_SEA,ARI,0.8095238095238094,4.138889
2020,12,2020_12_ARI_NE,ARI,0.6428571428571428,7.472222
2020,13,2020_13_LA_ARI,ARI,0.6567460317460317,6.5
2020,14,2020_14_ARI_NYG,ARI,0.6329365079365079,7.7857146
2020,15,2020_15_PHI_ARI,ARI,0.5734126984126984,9.119048
2020,16,2020_16_SF_ARI,ARI,0.6011904761904762,8.8412695
2020,17,2020_17_ARI_LA,ARI,0.6150793650793651,8.6329365
2021,1,2021_01_ARI_TEN,ARI,,
2021,2,2021_02_MIN_ARI,ARI,,
2021,3,2021_03_ARI_JAX,ARI,,
2021,4,2021_04_ARI_LA,ARI,,
2021,5,2021_05_SF_ARI,ARI,,
2021,6,2021_06_ARI_CLE,ARI,,
2021,7,2021_07_HOU_ARI,ARI,0.7801587301587302,4.272222
2021,8,2021_08_GB_ARI,ARI,0.7523809523809524,4.883333
2021,9,2021_09_ARI_SF,ARI,0.7000000000000001,6.0499997
2021,10,2021_10_CAR_ARI,ARI,0.5333333333333333,9.716666
2021,11,2021_11_ARI_SEA,ARI,0.5190476190476191,10.72619
2021,13,2021_13_ARI_CHI,ARI,0.39404761904761915,12.642857
2021,14,2021_14_LA_ARI,ARI,0.3107142857142857,13.684524
2021,15,2021_15_ARI_DET,ARI,0.39404761904761904,11.85119
2021,16,2021_16_IND_ARI,ARI,0.3988095238095238,11.732143
2021,17,2021_17_ARI_DAL,ARI,0.43214285714285716,10.765476
2021,18,2021_18_SEA_ARI,ARI,0.4797619047619048,9.455953
2022,1,2022_01_KC_ARI,ARI,,
2022,2,2022_02_ARI_LV,ARI,,
2022,3,2022_03_LA_ARI,ARI,,
2022,4,2022_04_ARI_CAR,ARI,,
2022,5,2022_05_PHI_ARI,ARI,,
2022,6,2022_06_ARI_SEA,ARI,,
2022,7,2022_07_NO_ARI,ARI,0.6361111111111111,7.0166664
2022,8,2022_08_ARI_MIN,ARI,0.5825396825396826,6.742857
2022,9,2022_09_SEA_ARI,ARI,0.6103174603174604,6.1317463
2022,10,2022_10_ARI_LA,ARI,0.4992063492063492,8.381746
2022,11,2022_11_SF_ARI,ARI,0.5825396825396826,6.5761905
2022,12,2022_12_LAC_ARI,ARI,0.6158730158730159,5.9428573
2022,14,2022_14_NE_ARI,ARI,0.6492063492063492,5.109524
2022,15,2022_15_ARI_DEN,ARI,0.5777777777777778,8.433333
2022,16,2022_16_TB_ARI,ARI,0.5722222222222223,8.7
2022,17,2022_17_ARI_ATL,ARI,0.6555555555555556,6.922222
2022,18,2022_18_ARI_SF,ARI,0.6972222222222223,7.3805556
2023,1,2023_01_ARI_WAS,ARI,,
2023,2,2023_02_NYG_ARI,ARI,,
2023,3,2023_03_DAL_ARI,ARI,,
2023,4,2023_04_ARI_SF,ARI,,
2023,5,2023_05_CIN_ARI,ARI,,
2023,6,2023_06_ARI_LA,ARI,,
2023,7,2023_07_ARI_SEA,ARI,0.8833333333333333,1.8222222
2023,8,2023_08_BAL_ARI,ARI,0.7833333333333333,2.7555554
2023,9,2023_09_ARI_CLE,ARI,0.7833333333333333,2.838889
2023,10,2023_10_ATL_ARI,ARI,0.75,2.738889
2023,11,2023_11_ARI_HOU,ARI,0.7722222222222221,3.111111
2023,12,2023_12_LA_ARI,ARI,0.7305555555555555,4.069444
2023,13,2023_13_ARI_PIT,ARI,0.7305555555555555,4.069444
2023,15,2023_15_SF_ARI,ARI,0.7194444444444444,4.4694448
2023,16,2023_16_ARI_CHI,ARI,0.7472222222222222,3.8583333
2023,17,2023_17_ARI_PHI,ARI,0.7305555555555556,5.441667
2023,18,2023_18_SEA_ARI,ARI,0.6805555555555555,6.763889
2024,1,2024_01_ARI_BUF,ARI,,
2024,2,2024_02_LA_ARI,ARI,,
2024,3,2024_03_DET_ARI,ARI,,
2024,4,2024_04_WAS_ARI,ARI,,
2024,5,2024_05_ARI_SF,ARI,,
2024,6,2024_06_ARI_GB,ARI,,
2024,7,2024_07_LAC_ARI,ARI,0.5761904761904763,11.938095
2024,8,2024_08_ARI_MIA,ARI,0.6047619047619048,10.809525
2024,9,2024_09_CHI_ARI,ARI,0.580952380952381,11.309525
2024,10,2024_10_NYJ_ARI,ARI,0.5476190476190477,11.309525
2024,12,2024_12_ARI_SEA,ARI,0.6666666666666666,8.214286
2024,13,2024_13_ARI_MIN,ARI,0.6083333333333334,9.305953
2024,14,2024_14_SEA_ARI,ARI,0.7234126984126984,6.313889
2024,15,2024_15_NE_ARI,ARI,0.790079365079365,4.513889
2024,16,2024_16_ARI_CAR,ARI,0.7722222222222223,4.013889
2024,17,2024_17_ARI_LA,ARI,0.75,4.736111
2024,18,2024_18_SF_ARI,ARI,0.7083333333333334,5.902778
2016,1,2016_01_TB_ATL,ATL,,
2016,2,2016_02_ATL_OAK,ATL,,
2016,3,2016_03_ATL_NO,ATL,,
2016,4,2016_04_CAR_ATL,ATL,,
2016,5,2016_05_ATL_DEN,ATL,,
2016,6,2016_06_ATL_SEA,ATL,,
2016,7,2016_07_SD_ATL,ATL,0.5944444444444444,7.1666665
2016,8,2016_08_GB_ATL,ATL,0.6569444444444444,5.0972223
2016,9,2016_09_ATL_TB,ATL,0.6569444444444444,5.4305553
2016,10,2016_10_ATL_PHI,ATL,0.5902777777777778,5.4305553
2016,12,2016_12_ARI_ATL,ATL,0.5625,6.597222
2016,13,2016_13_KC_ATL,ATL,0.5902777777777778,7.0833335
2016,14,2016_14_ATL_LA,ATL,0.6124999999999999,6.3722224
2016,15,2016_15_SF_ATL,ATL,0.5777777777777777,6.9694443
2016,16,2016_16_ATL_CAR,ATL,0.611111111111111,6.269445
2016,17,2016_17_NO_ATL,ATL,0.7111111111111111,4.802778
2017,1,2017_01_ATL_CHI,ATL,,
2017,2,2017_02_GB_ATL,ATL,,
2017,3,2017_03_ATL_DET,ATL,,
2017,4,2017_04_BUF_ATL,ATL,,
2017,6,2017_06_MIA_ATL,ATL,,
2017,7,2017_07_ATL_NE,ATL,,
2017,8,2017_08_ATL_NYJ,ATL,0.5551587301587302,8.549603
2017,9,2017_09_ATL_CAR,ATL,0.5301587301587302,9.49127
2017,10,2017_10_DAL_ATL,ATL,0.5968253968253968,8.457936
2017,11,2017_11_ATL_SEA,ATL,0.561111111111111,9.338889
2017,12,2017_12_TB_ATL,ATL,0.5015873015873015,9.787301
2017,13,2017_13_MIN_ATL,ATL,0.40158730158730155,12.953968
2017,14,2017_14_NO_ATL,ATL,0.42936507936507934,13.17619
2017,15,2017_15_ATL_TB,ATL,0.41269841269841273,14.317857
2017,16,2017_16_ATL_NO,ATL,0.24603174603174605,18.817858
2017,17,2017_17_CAR_ATL,ATL,0.2738095238095238,17.90119
2018,1,2018_01_ATL_PHI,ATL,,
2018,2,2018_02_CAR_ATL,ATL,,
2018,3,2018_03_NO_ATL,ATL,,
2018,4,2018_04_CIN_ATL,ATL,,
2018,5,2018_05_ATL_PIT,ATL,,
2018,6,2018_06_TB_ATL,ATL,,
2018,7,2018_07_NYG_ATL,ATL,0.7001984126984127,7.0456347
2018,9,2018_09_ATL_WAS,ATL,0.6335317460317461,7.7789683
2018,10,2018_10_ATL_CLE,ATL,0.7001984126984127,6.1123013
2018,11,2018_11_DAL_ATL,ATL,0.6960317460317461,5.970635
2018,12,2018_12_ATL_NO,ATL,0.7246031746031747,4.775397
2018,13,2018_13_BAL_ATL,ATL,0.6888888888888888,6.644444
2018,14,2018_14_ATL_GB,ATL,0.7166666666666667,6.116667
2018,15,2018_15_ARI_ATL,ATL,0.6444444444444445,8.411111
2018,16,2018_16_ATL_CAR,ATL,0.5888888888888889,8.8
2018,17,2018_17_ATL_TB,ATL,0.6,7.9555554
2019,1,2019_01_ATL_MIN,ATL,,
2019,2,2019_02_PHI_ATL,ATL,,
2019,3,2019_03_ATL_IND,ATL,,
2019,4,2019_04_TEN_ATL,ATL,,
2019,5,2019_05_ATL_HOU,ATL,,
2019,6,2019_06_ATL_ARI,ATL,,
2019,7,2019_07_LA_ATL,ATL,0.6492063492063492,7.1595235
2019,8,2019_08_SEA_ATL,ATL,0.6742063492063491,7.047024
2019,10,2019_10_ATL_NO,ATL,0.6464285714285715,7.658135
2019,11,2019_11_ATL_CAR,ATL,0.701984126984127,6.408135
2019,12,2019_12_TB_ATL,ATL,0.7686507936507936,5.008135
2019,13,2019_13_NO_ATL,ATL,0.8353174603174605,3.9414682
2019,14,2019_14_CAR_ATL,ATL,0.8829365079365079,3.7748015
2019,15,2019_15_ATL_SF,ATL,0.857936507936508,2.420635
2019,16,2019_16_JAX_ATL,ATL,0.8023809523809525,3.7539682
2019,17,2019_17_ATL_TB,ATL,0.6773809523809523,5.545635
2020,1,2020_01_SEA_ATL,ATL,,
2020,2,2020_02_ATL_DAL,ATL,,
2020,3,2020_03_CHI_ATL,ATL,,
2020,4,2020_04_ATL_GB,ATL,,
2020,5,2020_05_CAR_ATL,ATL,,
2020,6,2020_06_ATL_MIN,ATL,,
2020,7,2020_07_DET_ATL,ATL,0.5714285714285714,6.5873017
2020,8,2020_08_ATL_CAR,ATL,0.4047619047619047,9.837302
2020,9,2020_09_DEN_ATL,ATL,0.5,8.361112
2020,11,2020_11_ATL_NO,ATL,0.5,7.638889
2020,12,2020_12_LV_ATL,ATL,0.5222222222222223,7.1555557
2020,13,2020_13_NO_ATL,ATL,0.5222222222222223,6.738889
2020,14,2020_14_ATL_LAC,ATL,0.688888888888889,4.738889
2020,15,2020_15_TB_ATL,ATL,0.813888888888889,2.4055555
2020,16,2020_16_ATL_KC,ATL,0.813888888888889,2.4055555
2020,17,2020_17_ATL_TB,ATL,0.8694444444444445,2.4055555
2021,1,2021_01_PHI_ATL,ATL,,
2021,2,2021_02_ATL_TB,ATL,,
2021,3,2021_03_ATL_NYG,ATL,,
2021,4,2021_04_WAS_ATL,ATL,,
2021,5,2021_05_NYJ_ATL,ATL,,
2021,7,2021_07_ATL_MIA,ATL,,
2021,8,2021_08_CAR_ATL,ATL,0.4771825396825397,9.471032
2021,9,2021_09_ATL_NO,ATL,0.4994047619047619,9.49881
2021,10,2021_10_ATL_DAL,ATL,0.5202380952380953,9.512698
2021,11,2021_11_NE_ATL,ATL,0.6452380952380953,7.429365
2021,12,2021_12_ATL_JAX,ATL,0.5499999999999999,8.877778
2021,13,2021_13_TB_ATL,ATL,0.48333333333333334,11.169445
2021,14,2021_14_ATL_CAR,ATL,0.5222222222222223,10.569445
2021,15,2021_15_ATL_SF,ATL,0.513888888888889,11.319444
2021,16,2021_16_DET_ATL,ATL,0.4861111111111111,12.375
2021,17,2021_17_ATL_BUF,ATL,0.3861111111111111,15.008334
2021,18,2021_18_NO_ATL,ATL,0.49722222222222223,12.397222
2022,1,2022_01_NO_ATL,ATL,,
2022,2,2022_02_ATL_LA,ATL,,
2022,3,2022_03_ATL_SEA,ATL,,
2022,4,2022_04_CLE_ATL,ATL,,
2022,5,2022_05_ATL_TB,ATL,,
2022,6,2022_06_SF_ATL,ATL,,
2022,7,2022_07_ATL_CIN,ATL,0.7718253968253969,5.0734124
2022,8,2022_08_CAR_ATL,ATL,0.7718253968253969,5.0734124
2022,9,2022_09_LAC_ATL,ATL,0.736111111111111,5.972222
2022,10,2022_10_ATL_CAR,ATL,0.736111111111111,5.972222
2022,11,2022_11_CHI_ATL,ATL,0.6408730158730158,8.2579365
2022,12,2022_12_ATL_WAS,ATL,0.6658730158730158,10.282936
2022,13,2022_13_PIT_ATL,ATL,0.6547619047619048,9.660714
2022,15,2022_15_ATL_NO,ATL,0.5714285714285715,11.188492
2022,16,2022_16_ATL_BAL,ATL,0.6130952380952381,9.771825
2022,17,2022_17_ARI_ATL,ATL,0.4797619047619048,12.005158
2022,18,2022_18_TB_ATL,ATL,0.5472222222222223,10.358333
2023,1,2023_01_CAR_ATL,ATL,,
2023,2,2023_02_GB_ATL,ATL,,
2023,3,2023_03_ATL_DET,ATL,,
2023,4,2023_04_ATL_JAX,ATL,,
2023,5,2023_05_HOU_ATL,ATL,,
2023,6,2023_06_WAS_ATL,ATL,,
2023,7,2023_07_ATL_TB,ATL,0.8444444444444444,2.5055556
2023,8,2023_08_ATL_TEN,ATL,0.8027777777777777,3.5472221
2023,9,2023_09_MIN_ATL,ATL,0.7694444444444444,4.2138886
2023,10,2023_10_ATL_ARI,ATL,0.8152777777777777,3.4180555
2023,12,2023_12_NO_ATL,ATL,0.8152777777777778,3.4180555
2023,13,2023_13_ATL_NYJ,ATL,0.8152777777777778,3.6402779
2023,14,2023_14_TB_ATL,ATL,0.8152777777777778,3.6402779
2023,15,2023_15_ATL_CAR,ATL,0.8569444444444444,2.598611
2023,16,2023_16_IND_ATL,ATL,0.7569444444444445,3.6875
2023,17,2023_17_ATL_CHI,ATL,0.7777777777777778,3.5833333
2023,18,2023_18_ATL_NO,ATL,0.7777777777777778,3.5833333
2024,1,2024_01_PIT_ATL,ATL,,
2024,2,2024_02_ATL_PHI,ATL,,
2024,3,2024_03_KC_ATL,ATL,,
2024,4,2024_04_NO_ATL,ATL,,
2024,5,2024_05_TB_ATL,ATL,,
2024,6,2024_06_ATL_CAR,ATL,,
2024,7,2024_07_SEA_ATL,ATL,0.7555555555555555,5.9777775
2024,8,2024_08_ATL_TB,ATL,0.7634920634920634,5.4460316
2024,9,2024_09_DAL_ATL,ATL,0.7301587301587301,6.7460313
2024,10,2024_10_ATL_NO,ATL,0.6190476190476191,8.357142
2024,11,2024_11_ATL_DEN,ATL,0.5190476190476191,11.82381
2024,13,2024_13_LAC_ATL,ATL,0.5190476190476191,11.82381
2024,14,2024_14_ATL_MIN,ATL,0.5523809523809524,10.990476
2024,15,2024_15_ATL_LV,ATL,0.5761904761904763,10.7047615
2024,16,2024_16_NYG_ATL,ATL,0.5595238095238094,11.421429
2024,17,2024_17_ATL_WAS,ATL,0.7261904761904762,8.254762
2024,18,2024_18_CAR_ATL,ATL,0.8261904761904763,5.4214287
2016,1,2016_01_BUF_BAL,BAL,,
2016,2,2016_02_BAL_CLE,BAL,,
2016,3,2016_03_BAL_JAX,BAL,,
2016,4,2016_04_OAK_BAL,BAL,,
2016,5,2016_05_WAS_BAL,BAL,,
2016,6,2016_06_BAL_NYG,BAL,,
2016,7,2016_07_BAL_NYJ,BAL,0.5472222222222222,12.030556
2016,9,2016_09_PIT_BAL,BAL,0.7138888888888889,8.947223
2016,10,2016_10_CLE_BAL,BAL,0.7138888888888889,6.7805557
2016,11,2016_11_BAL_DAL,BAL,0.5472222222222222,10.280556
2016,12,2016_12_CIN_BAL,BAL,0.6527777777777778,6.652778
2016,13,2016_13_MIA_BAL,BAL,0.5694444444444445,8.486112
2016,14,2016_14_BAL_NE,BAL,0.513888888888889,9.180555
2016,15,2016_15_PHI_BAL,BAL,0.44722222222222224,10.513888
2016,16,2016_16_BAL_PIT,BAL,0.3876984126984127,11.871032
2016,17,2016_17_BAL_CIN,BAL,0.4710317460317461,8.898809
2017,1,2017_01_BAL_CIN,BAL,,
2017,2,2017_02_CLE_BAL,BAL,,
2017,3,2017_03_BAL_JAX,BAL,,
2017,4,2017_04_PIT_BAL,BAL,,
2017,5,2017_05_BAL_OAK,BAL,,
2017,6,2017_06_CHI_BAL,BAL,,
2017,7,2017_07_BAL_MIN,BAL,0.7037037037037037,9.033334
2017,8,2017_08_MIA_BAL,BAL,0.5995370370370371,11.3875
2017,9,2017_09_BAL_TEN,BAL,0.4328703703703704,15.720833
2017,11,2017_11_BAL_GB,BAL,0.41805555555555557,16.454166
2017,12,2017_12_HOU_BAL,BAL,0.3625,19.620832
2017,13,2017_13_DET_BAL,BAL,0.29583333333333334,21.2875
2017,14,2017_14_BAL_PIT,BAL,0.33749999999999997,18.254168
2017,15,2017_15_BAL_CLE,BAL,0.33055555555555555,18.233334
2017,16,2017_16_IND_BAL,BAL,0.49722222222222223,13.900001
2017,17,2017_17_CIN_BAL,BAL,0.5305555555555556,13.166667
2018,1,2018_01_BUF_BAL,BAL,,
2018,2,2018_02_BAL_CIN,BAL,,
2018,3,2018_03_DEN_BAL,BAL,,
2018,4,2018_04_BAL_PIT,BAL,,
2018,5,2018_05_BAL_CLE,BAL,,
2018,6,2018_06_BAL_TEN,BAL,,
2018,7,2018_07_NO_BAL,BAL,0.43452380952380953,12.803571
2018,8,2018_08_BAL_CAR,BAL,0.41785714285714287,12.470238
2018,9,2018_09_PIT_BAL,BAL,0.41785714285714287,12.636905
2018,11,2018_11_CIN_BAL,BAL,0.5511904761904761,9.336905
2018,12,2018_12_OAK_BAL,BAL,0.5095238095238095,9.7535715
2018,13,2018_13_BAL_ATL,BAL,0.4261904761904762,12.2119055
2018,14,2018_14_BAL_KC,BAL,0.5095238095238095,10.3785715
2018,15,2018_15_TB_BAL,BAL,0.5761904761904763,9.711905
2018,16,2018_16_BAL_LAC,BAL,0.43333333333333335,12.616666
2018,17,2018_17_CLE_BAL,BAL,0.30000000000000004,14.638889
2019,1,2019_01_BAL_MIA,BAL,,
2019,2,2019_02_ARI_BAL,BAL,,
2019,3,2019_03_BAL_KC,BAL,,
2019,4,2019_04_CLE_BAL,BAL,,
2019,5,2019_05_BAL_PIT,BAL,,
2019,6,2019_06_CIN_BAL,BAL,,
2019,7,2019_07_BAL_SEA,BAL,0.6148809523809523,6.534325
2019,9,2019_09_NE_BAL,BAL,0.5871031746031746,6.909325
2019,10,2019_10_BAL_CIN,BAL,0.5537698412698413,6.6426587
2019,11,2019_11_HOU_BAL,BAL,0.5597222222222222,6.273611
2019,12,2019_12_BAL_LA,BAL,0.49722222222222223,5.5027776
2019,13,2019_13_SF_BAL,BAL,0.525,4.225
2019,14,2019_14_BAL_BUF,BAL,0.525,5.6416664
2019,15,2019_15_NYJ_BAL,BAL,0.6083333333333334,4.766667
2019,16,2019_16_BAL_CLE,BAL,0.625,3.7083333
2019,17,2019_17_PIT_BAL,BAL,0.5416666666666666,5.5416665
2020,1,2020_01_CLE_BAL,BAL,,
2020,2,2020_02_BAL_HOU,BAL,,
2020,3,2020_03_KC_BAL,BAL,,
2020,4,2020_04_BAL_WAS,BAL,,
2020,5,2020_05_CIN_BAL,BAL,,
2020,6,2020_06_BAL_PHI,BAL,,
2020,8,2020_08_PIT_BAL,BAL,0.4472222222222222,14.66389
2020,9,2020_09_BAL_IND,BAL,0.5805555555555556,9.997222
2020,10,2020_10_BAL_NE,BAL,0.65,8.983334
2020,11,2020_11_TEN_BAL,BAL,0.6722222222222222,6.477778
2020,12,2020_12_BAL_PIT,BAL,0.6801587301587301,7.763492
2020,13,2020_13_DAL_BAL,BAL,0.6968253968253967,6.7301583
2020,14,2020_14_BAL_CLE,BAL,0.6801587301587301,6.663492
2020,15,2020_15_JAX_BAL,BAL,0.642063492063492,7.6873016
2020,16,2020_16_NYG_BAL,BAL,0.655952380952381,6.6178575
2020,17,2020_17_BAL_CIN,BAL,0.605952380952381,7.4428573
2021,1,2021_01_BAL_LV,BAL,,
2021,2,2021_02_KC_BAL,BAL,,
2021,3,2021_03_BAL_DET,BAL,,
2021,4,2021_04_BAL_DEN,BAL,,
2021,5,2021_05_IND_BAL,BAL,,
2021,6,2021_06_LAC_BAL,BAL,,
2021,7,2021_07_CIN_BAL,BAL,0.6944444444444445,8.916667
2021,9,2021_09_MIN_BAL,BAL,0.6527777777777778,9.854167
2021,10,2021_10_BAL_MIA,BAL,0.628968253968254,10.425595
2021,11,2021_11_BAL_CHI,BAL,0.6011904761904762,11.008929
2021,12,2021_12_CLE_BAL,BAL,0.49007936507936506,13.786706
2021,13,2021_13_BAL_PIT,BAL,0.628968253968254,10.703373
2021,14,2021_14_BAL_CLE,BAL,0.6956349206349207,6.9033732
2021,15,2021_15_GB_BAL,BAL,0.6373015873015874,7.765873
2021,16,2021_16_BAL_CIN,BAL,0.55,10.111111
2021,17,2021_17_LA_BAL,BAL,0.47361111111111115,10.798611
2021,18,2021_18_PIT_BAL,BAL,0.5430555555555556,8.9375
2022,1,2022_01_BAL_NYJ,BAL,,
2022,2,2022_02_MIA_BAL,BAL,,
2022,3,2022_03_BAL_NE,BAL,,
2022,4,2022_04_BUF_BAL,BAL,,
2022,5,2022_05_CIN_BAL,BAL,,
2022,6,2022_06_BAL_NYG,BAL,,
2022,7,2022_07_CLE_BAL,BAL,0.7373015873015873,5.2440476
2022,8,2022_08_BAL_TB,BAL,0.7928571428571428,5.2440476
2022,9,2022_09_BAL_NO,BAL,0.7055555555555556,4.7916665
2022,11,2022_11_CAR_BAL,BAL,0.6833333333333332,4.4583335
2022,12,2022_12_BAL_JAX,BAL,0.75,3.125
2022,13,2022_13_DEN_BAL,BAL,0.75,3.4722223
2022,14,2022_14_BAL_PIT,BAL,0.625,6.0555553
2022,15,2022_15_BAL_CLE,BAL,0.4583333333333333,9.277778
2022,16,2022_16_ATL_BAL,BAL,0.4861111111111111,8.986112
2022,17,2022_17_PIT_BAL,BAL,0.375,12.097222
2022,18,2022_18_BAL_CIN,BAL,0.30833333333333335,14.863889
2023,1,2023_01_HOU_BAL,BAL,,
2023,2,2023_02_BAL_CIN,BAL,,
2023,3,2023_03_IND_BAL,BAL,,
2023,4,2023_04_BAL_CLE,BAL,,
2023,5,2023_05_BAL_PIT,BAL,,
2023,6,2023_06_BAL_TEN,BAL,,
2023,7,2023_07_DET_BAL,BAL,0.6301587301587301,6.509524
2023,8,2023_08_BAL_ARI,BAL,0.6023809523809524,5.509524
2023,9,2023_09_SEA_BAL,BAL,0.5023809523809524,5.509524
2023,10,2023_10_CLE_BAL,BAL,0.5499999999999999,5.0333333
2023,11,2023_11_CIN_BAL,BAL,0.6214285714285714,2.0809524
2023,12,2023_12_BAL_LAC,BAL,0.5880952380952381,2.0809524
2023,14,2023_14_LA_BAL,BAL,0.6880952380952382,0.7142857
2023,15,2023_15_BAL_JAX,BAL,0.7505952380952382,1.1517857
2023,16,2023_16_BAL_SF,BAL,0.8505952380952381,1.1517857
2023,17,2023_17_MIA_BAL,BAL,0.7672619047619048,2.9851189
2023,18,2023_18_PIT_BAL,BAL,0.7958333333333334,5.6375003
2024,1,2024_01_BAL_KC,BAL,,
2024,2,2024_02_LV_BAL,BAL,,
2024,3,2024_03_BAL_DAL,BAL,,
2024,4,2024_04_BUF_BAL,BAL,,
2024,5,2024_05_BAL_CIN,BAL,,
2024,6,2024_06_WAS_BAL,BAL,,
2024,7,2024_07_BAL_TB,BAL,0.6825396825396824,5.924603
2024,8,2024_08_BAL_CLE,BAL,0.5714285714285715,7.924603
2024,9,2024_09_DEN_BAL,BAL,0.4761904761904762,10.019841
2024,10,2024_10_CIN_BAL,BAL,0.5317460317460317,10.269841
2024,11,2024_11_BAL_PIT,BAL,0.4761904761904762,11.103175
2024,12,2024_12_BAL_LAC,BAL,0.4285714285714286,13.174603
2024,13,2024_13_PHI_BAL,BAL,0.5063492063492063,10.285714
2024,15,2024_15_BAL_NYG,BAL,0.5507936507936508,10.352381
2024,16,2024_16_PIT_BAL,BAL,0.5825396825396825,11.661904
2024,17,2024_17_BAL_HOU,BAL,0.5825396825396826,9.995238
2024,18,2024_18_CLE_BAL,BAL,0.47142857142857136,12.995238
2016,1,2016_01_BUF_BAL,BUF,,
2016,2,2016_02_NYJ_BUF,BUF,,
2016,3,2016_03_ARI_BUF,BUF,,
2016,4,2016_04_BUF_NE,BUF,,
2016,5,2016_05_BUF_LA,BUF,,
2016,6,2016_06_SF_BUF,BUF,,
2016,7,2016_07_BUF_MIA,BUF,0.6180555555555555,7.2291665
2016,8,2016_08_NE_BUF,BUF,0.5763888888888888,8.4375
2016,9,2016_09_BUF_SEA,BUF,0.6091269841269841,7.452381
2016,11,2016_11_BUF_CIN,BUF,0.7063492063492064,6.2301583
2016,12,2016_12_JAX_BUF,BUF,0.5952380952380952,9.896825
2016,13,2016_13_BUF_OAK,BUF,0.6646825396825397,8.438492
2016,14,2016_14_PIT_BUF,BUF,0.5694444444444444,10.414682
2016,15,2016_15_CLE_BUF,BUF,0.5694444444444445,9.998015
2016,16,2016_16_MIA_BUF,BUF,0.5158730158730159,10.962302
2016,17,2016_17_BUF_NYJ,BUF,0.47222222222222215,11.886905
2017,1,2017_01_NYJ_BUF,BUF,,
2017,2,2017_02_BUF_CAR,BUF,,
2017,3,2017_03_DEN_BUF,BUF,,
2017,4,2017_04_BUF_ATL,BUF,,
2017,5,2017_05_BUF_CIN,BUF,,
2017,7,2017_07_TB_BUF,BUF,,
2017,8,2017_08_OAK_BUF,BUF,0.6861111111111112,6.336111
2017,9,2017_09_BUF_NYJ,BUF,0.7277777777777779,5.3777776
2017,10,2017_10_NO_BUF,BUF,0.703968253968254,5.949207
2017,11,2017_11_BUF_LAC,BUF,0.7484126984126984,5.7492065
2017,12,2017_12_BUF_KC,BUF,0.7150793650793651,6.0658727
2017,13,2017_13_NE_BUF,BUF,0.7484126984126984,5.4992065
2017,14,2017_14_IND_BUF,BUF,0.7206349206349206,6.0269837
2017,15,2017_15_MIA_BUF,BUF,0.5539682539682539,8.915874
2017,16,2017_16_BUF_NE,BUF,0.4444444444444444,9.611112
2017,17,2017_17_BUF_MIA,BUF,0.4583333333333333,9.111112
2018,1,2018_01_BUF_BAL,BUF,,
2018,2,2018_02_LAC_BUF,BUF,,
2018,3,2018_03_BUF_MIN,BUF,,
2018,4,2018_04_BUF_GB,BUF,,
2018,5,2018_05_TEN_BUF,BUF,,
2018,6,2018_06_BUF_HOU,BUF,,
2018,7,2018_07_BUF_IND,BUF,0.5601851851851852,8.180556
2018,8,2018_08_NE_BUF,BUF,0.5813492063492064,6.267857
2018,9,2018_09_CHI_BUF,BUF,0.5744047619047619,6.247024
2018,10,2018_10_BUF_NYJ,BUF,0.6577380952380952,6.247024
2018,12,2018_12_JAX_BUF,BUF,0.6410714285714286,7.7636905
2018,13,2018_13_BUF_MIA,BUF,0.5160714285714286,9.38869
2018,14,2018_14_NYJ_BUF,BUF,0.5327380952380952,9.247024
2018,15,2018_15_DET_BUF,BUF,0.46527777777777773,10.909722
2018,16,2018_16_BUF_NE,BUF,0.4166666666666667,11.208333
2018,17,2018_17_MIA_BUF,BUF,0.2833333333333333,13.608334
2019,1,2019_01_BUF_NYJ,BUF,,
2019,2,2019_02_BUF_NYG,BUF,,
2019,3,2019_03_CIN_BUF,BUF,,
2019,4,2019_04_NE_BUF,BUF,,
2019,5,2019_05_BUF_TEN,BUF,,
2019,7,2019_07_MIA_BUF,BUF,,
2019,8,2019_08_PHI_BUF,BUF,0.75,7.2916665
2019,9,2019_09_WAS_BUF,BUF,0.6944444444444445,8.680555
2019,10,2019_10_BUF_CLE,BUF,0.611111111111111,12.430556
2019,11,2019_11_BUF_MIA,BUF,0.513888888888889,14.666667
2019,12,2019_12_DEN_BUF,BUF,0.5138888888888888,13.541667
2019,13,2019_13_BUF_DAL,BUF,0.4305555555555555,15.458333
2019,14,2019_14_BAL_BUF,BUF,0.3055555555555555,16.694445
2019,15,2019_15_BUF_PIT,BUF,0.19444444444444442,18.038889
2019,16,2019_16_BUF_NE,BUF,0.16666666666666666,16.788889
2019,17,2019_17_NYJ_BUF,BUF,0.25,15.177777
2020,1,2020_01_NYJ_BUF,BUF,,
2020,2,2020_02_BUF_MIA,BUF,,
2020,3,2020_03_LA_BUF,BUF,,
2020,4,2020_04_BUF_LV,BUF,,
2020,5,2020_05_BUF_TEN,BUF,,
2020,6,2020_06_KC_BUF,BUF,,
2020,7,2020_07_BUF_NYJ,BUF,0.5793650793650794,7.813492
2020,8,2020_08_NE_BUF,BUF,0.5793650793650793,10.535714
2020,9,2020_09_SEA_BUF,BUF,0.5349206349206349,12.163491
2020,10,2020_10_BUF_ARI,BUF,0.49523809523809526,12.040477
2020,12,2020_12_LAC_BUF,BUF,0.41884920634920636,14.227977
2020,13,2020_13_BUF_SF,BUF,0.3950396825396825,15.567262
2020,14,2020_14_PIT_BUF,BUF,0.35615079365079366,15.595039
2020,15,2020_15_BUF_DEN,BUF,0.3005952380952381,16.317263
2020,16,2020_16_BUF_NE,BUF,0.23392857142857137,18.967262
2020,17,2020_17_MIA_BUF,BUF,0.2736111111111111,19.784723
2021,1,2021_01_PIT_BUF,BUF,,
2021,2,2021_02_BUF_MIA,BUF,,
2021,3,2021_03_WAS_BUF,BUF,,
2021,4,2021_04_HOU_BUF,BUF,,
2021,5,2021_05_BUF_KC,BUF,,
2021,6,2021_06_BUF_TEN,BUF,,
2021,8,2021_08_MIA_BUF,BUF,0.5424603174603174,9.2722225
2021,9,2021_09_BUF_JAX,BUF,0.5424603174603174,7.355555
2021,10,2021_10_BUF_NYJ,BUF,0.3757936507936508,12.730556
2021,11,2021_11_IND_BUF,BUF,0.3757936507936508,13.313889
2021,12,2021_12_BUF_NO,BUF,0.3966269841269841,12.855556
2021,13,2021_13_NE_BUF,BUF,0.46329365079365076,12.722222
2021,14,2021_14_BUF_TB,BUF,0.4930555555555556,12.013889
2021,15,2021_15_CAR_BUF,BUF,0.5803571428571429,10.648809
2021,16,2021_16_BUF_NE,BUF,0.5803571428571429,7.996032
2021,17,2021_17_ATL_BUF,BUF,0.5386904761904762,9.454366
2021,18,2021_18_NYJ_BUF,BUF,0.5178571428571429,10.690476
2022,1,2022_01_BUF_LA,BUF,,
2022,2,2022_02_TEN_BUF,BUF,,
2022,3,2022_03_BUF_MIA,BUF,,
2022,4,2022_04_BUF_BAL,BUF,,
2022,5,2022_05_PIT_BUF,BUF,,
2022,6,2022_06_BUF_KC,BUF,,
2022,8,2022_08_GB_BUF,BUF,0.6916666666666668,6.183333
2022,9,2022_09_BUF_NYJ,BUF,0.5666666666666667,9.183333
2022,10,2022_10_MIN_BUF,BUF,0.5333333333333333,9.183333
2022,11,2022_11_CLE_BUF,BUF,0.4000000000000001,12.354762
2022,12,2022_12_BUF_DET,BUF,0.30000000000000004,13.354762
2022,13,2022_13_BUF_NE,BUF,0.43888888888888894,11.076984
2022,14,2022_14_NYJ_BUF,BUF,0.31388888888888894,11.438095
2022,15,2022_15_MIA_BUF,BUF,0.3277777777777778,10.660317
2022,16,2022_16_BUF_CHI,BUF,0.28968253968253965,12.469841
2022,18,2022_18_NE_BUF,BUF,0.2896825396825397,11.856746
2023,1,2023_01_BUF_NYJ,BUF,,
2023,2,2023_02_LV_BUF,BUF,,
2023,3,2023_03_BUF_WAS,BUF,,
2023,4,2023_04_MIA_BUF,BUF,,
2023,5,2023_05_JAX_BUF,BUF,,
2023,6,2023_06_NYG_BUF,BUF,,
2023,7,2023_07_BUF_NE,BUF,0.7944444444444444,4.0694447
2023,8,2023_08_TB_BUF,BUF,0.723015873015873,5.450397
2023,9,2023_09_BUF_CIN,BUF,0.736904761904762,3.5476189
2023,10,2023_10_DEN_BUF,BUF,0.6369047619047619,5.0142856
2023,11,2023_11_NYJ_BUF,BUF,0.686904761904762,3.8559523
2023,12,2023_12_BUF_PHI,BUF,0.6702380952380952,3.8559523
2023,14,2023_14_BUF_KC,BUF,0.6464285714285715,4.4511905
2023,15,2023_15_DAL_BUF,BUF,0.6761904761904761,4.0285716
2023,16,2023_16_BUF_LAC,BUF,0.6067460317460317,5.209127
2023,17,2023_17_NE_BUF,BUF,0.6829365079365081,4.147222
2023,18,2023_18_BUF_MIA,BUF,0.6329365079365079,5.263889
2024,1,2024_01_ARI_BUF,BUF,,
2024,2,2024_02_BUF_MIA,BUF,,
2024,3,2024_03_JAX_BUF,BUF,,
2024,4,2024_04_BUF_BAL,BUF,,
2024,5,2024_05_BUF_HOU,BUF,,
2024,6,2024_06_BUF_NYJ,BUF,,
2024,7,2024_07_TEN_BUF,BUF,0.75,6.722222
2024,8,2024_08_BUF_SEA,BUF,0.75,6.75
2024,9,2024_09_MIA_BUF,BUF,0.6944444444444443,7.6388893
2024,10,2024_10_BUF_IND,BUF,0.75,5.861111
2024,11,2024_11_KC_BUF,BUF,0.6833333333333332,7.4944444
2024,13,2024_13_SF_BUF,BUF,0.6833333333333332,7.3694444
2024,14,2024_14_BUF_LA,BUF,0.6138888888888888,8.758333
2024,15,2024_15_BUF_DET,BUF,0.6277777777777778,7.9666667
2024,16,2024_16_NE_BUF,BUF,0.6912698412698411,6.593651
2024,17,2024_17_NYJ_BUF,BUF,0.5662698412698413,8.510318
2024,18,2024_18_BUF_NE,BUF,0.507936507936508,10.085318
2016,1,2016_01_CAR_DEN,CAR,,
2016,2,2016_02_SF_CAR,CAR,,
2016,3,2016_03_MIN_CAR,CAR,,
2016,4,2016_04_CAR_ATL,CAR,,
2016,5,2016_05_TB_CAR,CAR,,
2016,6,2016_06_CAR_NO,CAR,,
2016,8,2016_08_ARI_CAR,CAR,0.5837962962962963,8.906482
2016,9,2016_09_CAR_LA,CAR,0.5421296296296296,10.073148
2016,10,2016_10_KC_CAR,CAR,0.5976851851851852,6.9064813
2016,11,2016_11_NO_CAR,CAR,0.5976851851851852,6.806482
2016,12,2016_12_CAR_OAK,CAR,0.5347222222222222,7.4694443
2016,13,2016_13_CAR_SEA,CAR,0.5287698412698413,7.28492
2016,14,2016_14_SD_CAR,CAR,0.5171957671957672,7.5580688
2016,15,2016_15_CAR_WAS,CAR,0.5338624338624339,7.7497354
2016,16,2016_16_ATL_CAR,CAR,0.5783068783068783,8.338624
2016,17,2016_17_CAR_TB,CAR,0.6033068783068783,8.721957
2017,1,2017_01_CAR_SF,CAR,,
2017,2,2017_02_BUF_CAR,CAR,,
2017,3,2017_03_NO_CAR,CAR,,
2017,4,2017_04_CAR_NE,CAR,,
2017,5,2017_05_CAR_DET,CAR,,
2017,6,2017_06_PHI_CAR,CAR,,
2017,7,2017_07_CAR_CHI,CAR,0.7055555555555556,5.7166667
2017,8,2017_08_CAR_TB,CAR,0.6222222222222222,7.508333
2017,9,2017_09_ATL_CAR,CAR,0.45555555555555555,12.175
2017,10,2017_10_MIA_CAR,CAR,0.48333333333333334,11.341667
2017,12,2017_12_CAR_NYJ,CAR,0.39999999999999997,13.105556
2017,13,2017_13_CAR_NO,CAR,0.4444444444444444,13.0
2017,14,2017_14_MIN_CAR,CAR,0.47222222222222215,12.361111
2017,15,2017_15_GB_CAR,CAR,0.47222222222222215,11.958333
2017,16,2017_16_TB_CAR,CAR,0.5388888888888889,8.791667
2017,17,2017_17_CAR_ATL,CAR,0.37222222222222223,13.736111
2018,1,2018_01_DAL_CAR,CAR,,
2018,2,2018_02_CAR_ATL,CAR,,
2018,3,2018_03_CIN_CAR,CAR,,
2018,5,2018_05_NYG_CAR,CAR,,
2018,6,2018_06_CAR_WAS,CAR,,
2018,7,2018_07_CAR_PHI,CAR,,
2018,8,2018_08_BAL_CAR,CAR,0.7678571428571428,4.625
2018,9,2018_09_TB_CAR,CAR,0.6845238095238094,5.2083335
2018,10,2018_10_CAR_PIT,CAR,0.7123015873015873,4.486111
2018,11,2018_11_CAR_DET,CAR,0.6197089947089948,6.4675927
2018,12,2018_12_SEA_CAR,CAR,0.5768518518518518,7.600926
2018,13,2018_13_CAR_TB,CAR,0.549074074074074,8.656482
2018,14,2018_14_CAR_CLE,CAR,0.6074074074074074,6.9481483
2018,15,2018_15_NO_CAR,CAR,0.6351851851851852,7.753704
2018,16,2018_16_ATL_CAR,CAR,0.5935185185185184,8.837037
2018,17,2018_17_CAR_NO,CAR,0.5527777777777778,10.488889
2019,1,2019_01_LA_CAR,CAR,,
2019,2,2019_02_TB_CAR,CAR,,
2019,3,2019_03_CAR_ARI,CAR,,
2019,4,2019_04_CAR_HOU,CAR,,
2019,5,2019_05_JAX_CAR,CAR,,
2019,6,2019_06_CAR_TB,CAR,,
2019,8,2019_08_CAR_SF,CAR,0.6674603174603174,6.747619
2019,9,2019_09_TEN_CAR,CAR,0.6222222222222222,7.9833336
2019,10,2019_10_CAR_GB,CAR,0.525,9.566667
2019,11,2019_11_ATL_CAR,CAR,0.4583333333333333,11.033333
2019,12,2019_12_CAR_NO,CAR,0.498015873015873,9.985714
2019,13,2019_13_WAS_CAR,CAR,0.5257936507936508,9.652381
2019,14,2019_14_CAR_ATL,CAR,0.501984126984127,10.033334
2019,15,2019_15_SEA_CAR,CAR,0.5561507936507937,8.979167
2019,16,2019_16_CAR_IND,CAR,0.6811507936507937,6.8125
2019,17,2019_17_NO_CAR,CAR,0.814484126984127,4.1458335
2020,1,2020_01_LV_CAR,CAR,,
2020,2,2020_02_CAR_TB,CAR,,
2020,3,2020_03_CAR_LAC,CAR,,
2020,4,2020_04_ARI_CAR,CAR,,
2020,5,2020_05_CAR_ATL,CAR,,
2020,6,2020_06_CHI_CAR,CAR,,
2020,7,2020_07_CAR_NO,CAR,0.5214285714285715,9.936905
2020,8,2020_08_ATL_CAR,CAR,0.5611111111111111,7.952778
2020,9,2020_09_CAR_KC,CAR,0.5055555555555555,9.230556
2020,10,2020_10_TB_CAR,CAR,0.49960317460317455,8.86746
2020,11,2020_11_DET_CAR,CAR,0.5746031746031747,9.634128
2020,12,2020_12_CAR_MIN,CAR,0.707936507936508,7.5007935
2020,14,2020_14_DEN_CAR,CAR,0.7579365079365079,5.800794
2020,15,2020_15_CAR_GB,CAR,0.7857142857142857,5.634127
2020,16,2020_16_CAR_WAS,CAR,0.7412698412698413,6.756349
2020,17,2020_17_NO_CAR,CAR,0.7055555555555556,6.8694444
2021,1,2021_01_NYJ_CAR,CAR,,
2021,2,2021_02_NO_CAR,CAR,,
2021,3,2021_03_CAR_HOU,CAR,,
2021,4,2021_04_CAR_DAL,CAR,,
2021,5,2021_05_PHI_CAR,CAR,,
2021,6,2021_06_MIN_CAR,CAR,,
2021,7,2021_07_CAR_NYG,CAR,0.7095238095238096,5.2380953
2021,8,2021_08_CAR_ATL,CAR,0.7928571428571428,3.9880953
2021,9,2021_09_NE_CAR,CAR,0.7511904761904762,3.9880953
2021,10,2021_10_CAR_ARI,CAR,0.6845238095238094,5.4214287
2021,11,2021_11_WAS_CAR,CAR,0.5734126984126984,6.8658733
2021,12,2021_12_CAR_MIA,CAR,0.6456349206349207,5.115873
2021,14,2021_14_ATL_CAR,CAR,0.6694444444444444,4.5444446
2021,15,2021_15_CAR_BUF,CAR,0.6575396825396825,5.2468257
2021,16,2021_16_TB_CAR,CAR,0.5658730158730159,7.5801587
2021,17,2021_17_CAR_NO,CAR,0.5700396825396825,7.7301583
2021,18,2021_18_CAR_TB,CAR,0.6478174603174603,6.885714
2022,1,2022_01_CLE_CAR,CAR,,
2022,2,2022_02_CAR_NYG,CAR,,
2022,3,2022_03_NO_CAR,CAR,,
2022,4,2022_04_ARI_CAR,CAR,,
2022,5,2022_05_SF_CAR,CAR,,
2022,6,2022_06_CAR_LA,CAR,,
2022,7,2022_07_TB_CAR,CAR,0.39126984126984127,13.200793
2022,8,2022_08_CAR_ATL,CAR,0.4388888888888889,12.367459
2022,9,2022_09_CAR_CIN,CAR,0.5222222222222223,10.284127
2022,10,2022_10_ATL_CAR,CAR,0.6174603174603175,9.569841
2022,11,2022_11_CAR_BAL,CAR,0.673015873015873,8.347619
2022,12,2022_12_DEN_CAR,CAR,0.7841269841269841,4.0301585
2022,14,2022_14_CAR_SEA,CAR,0.7619047619047619,3.2301588
2022,15,2022_15_PIT_CAR,CAR,0.6952380952380951,4.0301585
2022,16,2022_16_DET_CAR,CAR,0.6285714285714286,6.030159
2022,17,2022_17_CAR_TB,CAR,0.5666666666666667,5.2777777
2022,18,2022_18_CAR_NO,CAR,0.5944444444444444,5.777778
2023,1,2023_01_CAR_ATL,CAR,,
2023,2,2023_02_NO_CAR,CAR,,
2023,3,2023_03_CAR_SEA,CAR,,
2023,4,2023_04_MIN_CAR,CAR,,
2023,5,2023_05_CAR_DET,CAR,,
2023,6,2023_06_CAR_MIA,CAR,,
2023,8,2023_08_HOU_CAR,CAR,0.8445767195767195,4.2089944
2023,9,2023_09_IND_CAR,CAR,0.6779100529100529,10.1534395
2023,10,2023_10_CAR_CHI,CAR,0.6501322751322751,11.431217
2023,11,2023_11_DAL_CAR,CAR,0.626984126984127,11.871032
2023,12,2023_12_CAR_TEN,CAR,0.6448412698412699,11.561508
2023,13,2023_13_CAR_TB,CAR,0.5496031746031745,13.720238
2023,14,2023_14_CAR_NO,CAR,0.5734126984126985,12.982143
2023,15,2023_15_ATL_CAR,CAR,0.6734126984126984,8.271031
2023,16,2023_16_GB_CAR,CAR,0.6178571428571429,6.9932537
2023,17,2023_17_CAR_JAX,CAR,0.5404761904761904,8.58254
2023,18,2023_18_TB_CAR,CAR,0.5642857142857143,7.8920636
2024,1,2024_01_CAR_NO,CAR,,
2024,2,2024_02_LAC_CAR,CAR,,
2024,3,2024_03_CAR_LV,CAR,,
2024,4,2024_04_CIN_CAR,CAR,,
2024,5,2024_05_CAR_CHI,CAR,,
2024,6,2024_06_ATL_CAR,CAR,,
2024,7,2024_07_CAR_WAS,CAR,0.4591269841269841,12.667262
2024,8,2024_08_CAR_DEN,CAR,0.498015873015873,11.263558
2024,9,2024_09_NO_CAR,CAR,0.6091269841269842,9.013558
2024,10,2024_10_NYG_CAR,CAR,0.6507936507936508,8.194114
2024,12,2024_12_KC_CAR,CAR,0.5674603174603176,10.319114
2024,13,2024_13_TB_CAR,CAR,0.6388888888888888,7.914352
2024,14,2024_14_CAR_PHI,CAR,0.6888888888888888,6.060185
2024,15,2024_15_DAL_CAR,CAR,0.6749999999999999,6.597222
2024,16,2024_16_ARI_CAR,CAR,0.6035714285714285,8.69246
2024,17,2024_17_CAR_TB,CAR,0.6154761904761904,9.267858
2024,18,2024_18_CAR_ATL,CAR,0.6802910052910054,7.494709
2016,1,2016_01_CHI_HOU,CHI,,
2016,2,2016_02_PHI_CHI,CHI,,
2016,3,2016_03_CHI_DAL,CHI,,
2016,4,2016_04_DET_CHI,CHI,,
2016,5,2016_05_CHI_IND,CHI,,
2016,6,2016_06_JAX_CHI,CHI,,
2016,7,2016_07_CHI_GB,CHI,0.5684523809523809,8.344246
2016,8,2016_08_MIN_CHI,CHI,0.6517857142857143,6.2609124
2016,10,2016_10_CHI_TB,CHI,0.7152777777777778,4.506944
2016,11,2016_11_CHI_NYG,CHI,0.6716269841269842,5.1815476
2016,12,2016_12_TEN_CHI,CHI,0.6216269841269841,7.8398814
2016,13,2016_13_SF_CHI,CHI,0.6285714285714286,7.4023814
2016,14,2016_14_CHI_DET,CHI,0.5035714285714286,8.777381
2016,15,2016_15_GB_CHI,CHI,0.4924603174603175,9.4662695
2016,16,2016_16_WAS_CHI,CHI,0.43690476190476185,11.494048
2016,17,2016_17_CHI_MIN,CHI,0.4458333333333333,11.5625
2017,1,2017_01_ATL_CHI,CHI,,
2017,2,2017_02_CHI_TB,CHI,,
2017,3,2017_03_PIT_CHI,CHI,,
2017,4,2017_04_CHI_GB,CHI,,
2017,5,2017_05_MIN_CHI,CHI,,
2017,6,2017_06_CHI_BAL,CHI,,
2017,7,2017_07_CAR_CHI,CHI,0.4595238095238095,10.760318
2017,8,2017_08_CHI_NO,CHI,0.5428571428571428,8.815873
2017,10,2017_10_GB_CHI,CHI,0.5650793650793652,9.154761
2017,11,2017_11_DET_CHI,CHI,0.4984126984126984,10.410317
2017,12,2017_12_CHI_PHI,CHI,0.430952380952381,12.505555
2017,13,2017_13_SF_CHI,CHI,0.40317460317460313,12.977778
2017,14,2017_14_CHI_CIN,CHI,0.49444444444444446,10.533334
2017,15,2017_15_CHI_DET,CHI,0.3277777777777778,13.783333
2017,16,2017_16_CLE_CHI,CHI,0.2611111111111111,14.316667
2017,17,2017_17_CHI_MIN,CHI,0.2611111111111111,13.677777
2018,1,2018_01_CHI_GB,CHI,,
2018,2,2018_02_SEA_CHI,CHI,,
2018,3,2018_03_CHI_ARI,CHI,,
2018,4,2018_04_TB_CHI,CHI,,
2018,6,2018_06_CHI_MIA,CHI,,
2018,7,2018_07_NE_CHI,CHI,,
2018,8,2018_08_NYJ_CHI,CHI,0.6680555555555555,5.2944446
2018,9,2018_09_CHI_BUF,CHI,0.6458333333333334,5.75
2018,10,2018_10_DET_CHI,CHI,0.7013888888888888,4.9722223
2018,11,2018_11_MIN_CHI,CHI,0.5625,5.611111
2018,12,2018_12_CHI_DET,CHI,0.5180555555555556,5.4555554
2018,13,2018_13_CHI_NYG,CHI,0.5041666666666667,5.7194443
2018,14,2018_14_LA_CHI,CHI,0.5527777777777777,4.4694443
2018,15,2018_15_GB_CHI,CHI,0.525,4.2472224
2018,16,2018_16_CHI_SF,CHI,0.44722222222222224,6.7472224
2018,17,2018_17_CHI_MIN,CHI,0.4749999999999999,8.997222
2019,1,2019_01_GB_CHI,CHI,,
2019,2,2019_02_CHI_DEN,CHI,,
2019,3,2019_03_CHI_WAS,CHI,,
2019,4,2019_04_MIN_CHI,CHI,,
2019,5,2019_05_CHI_OAK,CHI,,
2019,7,2019_07_NO_CHI,CHI,,
2019,8,2019_08_LAC_CHI,CHI,0.6103174603174603,9.869842
2019,9,2019_09_CHI_PHI,CHI,0.44365079365079363,14.411508
2019,10,2019_10_DET_CHI,CHI,0.3603174603174603,15.355953
2019,11,2019_11_CHI_LA,CHI,0.3047619047619048,16.675398
2019,12,2019_12_NYG_CHI,CHI,0.2630952380952381,20.217064
2019,13,2019_13_CHI_DET,CHI,0.30753968253968256,17.117064
2019,14,2019_14_DAL_CHI,CHI,0.2916666666666667,15.736111
2019,15,2019_15_CHI_GB,CHI,0.2916666666666667,12.894444
2019,16,2019_16_KC_CHI,CHI,0.2916666666666667,13.783333
2019,17,2019_17_CHI_MIN,CHI,0.40277777777777773,10.6027775
2020,1,2020_01_CHI_DET,CHI,,
2020,2,2020_02_NYG_CHI,CHI,,
2020,3,2020_03_CHI_ATL,CHI,,
2020,4,2020_04_IND_CHI,CHI,,
2020,5,2020_05_TB_CHI,CHI,,
2020,6,2020_06_CHI_CAR,CHI,,
2020,7,2020_07_CHI_LA,CHI,0.4444444444444444,14.791667
2020,8,2020_08_NO_CHI,CHI,0.39444444444444443,14.869445
2020,9,2020_09_CHI_TEN,CHI,0.44999999999999996,12.688889
2020,10,2020_10_MIN_CHI,CHI,0.4611111111111111,11.927777
2020,12,2020_12_CHI_GB,CHI,0.47222222222222227,14.633334
2020,13,2020_13_DET_CHI,CHI,0.4603174603174603,13.089683
2020,14,2020_14_HOU_CHI,CHI,0.34920634920634924,14.950793
2020,15,2020_15_CHI_MIN,CHI,0.37142857142857144,13.150794
2020,16,2020_16_CHI_JAX,CHI,0.3992063492063492,13.373016
2020,17,2020_17_GB_CHI,CHI,0.4575396825396825,12.523015
2021,1,2021_01_CHI_LA,CHI,,
2021,2,2021_02_CIN_CHI,CHI,,
2021,3,2021_03_CHI_CLE,CHI,,
2021,4,2021_04_DET_CHI,CHI,,
2021,5,2021_05_CHI_LV,CHI,,
2021,6,2021_06_GB_CHI,CHI,,
2021,7,2021_07_CHI_TB,CHI,0.41230158730158734,14.535714
2021,8,2021_08_SF_CHI,CHI,0.5075396825396825,12.011905
2021,9,2021_09_CHI_PIT,CHI,0.4063492063492064,15.309525
2021,11,2021_11_BAL_CHI,CHI,0.35873015873015873,16.261904
2021,12,2021_12_CHI_DET,CHI,0.34761904761904755,14.995238
2021,13,2021_13_ARI_CHI,CHI,0.34761904761904755,14.439683
2021,14,2021_14_CHI_GB,CHI,0.43333333333333335,11.939683
2021,15,2021_15_MIN_CHI,CHI,0.30833333333333335,14.60635
2021,16,2021_16_CHI_SEA,CHI,0.3678571428571429,13.43373
2021,17,2021_17_NYG_CHI,CHI,0.3440476190476191,13.352778
2021,18,2021_18_CHI_MIN,CHI,0.2996031746031746,14.008332
2022,1,2022_01_SF_CHI,CHI,,
2022,2,2022_02_CHI_GB,CHI,,
2022,3,2022_03_HOU_CHI,CHI,,
2022,4,2022_04_CHI_NYG,CHI,,
2022,5,2022_05_CHI_MIN,CHI,,
2022,6,2022_06_WAS_CHI,CHI,,
2022,7,2022_07_CHI_NE,CHI,0.47500000000000003,11.277778
2022,8,2022_08_CHI_DAL,CHI,0.4749999999999999,11.333333
2022,9,2022_09_MIA_CHI,CHI,0.5930555555555556,8.597222
2022,10,2022_10_DET_CHI,CHI,0.6652777777777777,7.697222
2022,11,2022_11_CHI_ATL,CHI,0.6763888888888889,8.091667
2022,12,2022_12_CHI_NYJ,CHI,0.7097222222222221,8.625
2022,13,2022_13_GB_CHI,CHI,0.7513888888888888,7.7083335
2022,15,2022_15_PHI_CHI,CHI,0.7236111111111111,8.930555
2022,16,2022_16_BUF_CHI,CHI,0.6611111111111111,9.944444
2022,17,2022_17_CHI_DET,CHI,0.5777777777777778,12.25
2022,18,2022_18_MIN_CHI,CHI,0.6124999999999999,11.701389
2023,1,2023_01_GB_CHI,CHI,,
2023,2,2023_02_CHI_TB,CHI,,
2023,3,2023_03_CHI_KC,CHI,,
2023,4,2023_04_DEN_CHI,CHI,,
2023,5,2023_05_CHI_WAS,CHI,,
2023,6,2023_06_MIN_CHI,CHI,,
2023,7,2023_07_LV_CHI,CHI,0.7888888888888889,5.3333335
2023,8,2023_08_CHI_LAC,CHI,0.775,5.0416665
2023,9,2023_09_CHI_NO,CHI,0.7273809523809525,5.613095
2023,10,2023_10_CAR_CHI,CHI,0.7273809523809525,5.613095
2023,11,2023_11_CHI_DET,CHI,0.6857142857142858,6.613095
2023,12,2023_12_CHI_MIN,CHI,0.6190476190476191,6.613095
2023,14,2023_14_DET_CHI,CHI,0.6357142857142857,5.9464283
2023,15,2023_15_CHI_CLE,CHI,0.6496031746031746,6.738095
2023,16,2023_16_ARI_CHI,CHI,0.6972222222222223,6.1666665
2023,17,2023_17_ATL_CHI,CHI,0.6555555555555556,7.25
2023,18,2023_18_CHI_GB,CHI,0.6138888888888889,8.5
2024,1,2024_01_TEN_CHI,CHI,,
2024,2,2024_02_CHI_HOU,CHI,,
2024,3,2024_03_CHI_IND,CHI,,
2024,4,2024_04_LA_CHI,CHI,,
2024,5,2024_05_CAR_CHI,CHI,,
2024,6,2024_06_JAX_CHI,CHI,,
2024,8,2024_08_CHI_WAS,CHI,0.5833333333333334,10.458333
2024,9,2024_09_CHI_ARI,CHI,0.5666666666666667,10.5
2024,10,2024_10_NE_CHI,CHI,0.6222222222222222,9.111111
2024,11,2024_11_GB_CHI,CHI,0.5972222222222222,9.194444
2024,12,2024_12_MIN_CHI,CHI,0.5416666666666666,10.736111
2024,13,2024_13_CHI_DET,CHI,0.6845238095238094,7.6011906
2024,14,2024_14_CHI_SF,CHI,0.6984126984126985,8.267858
2024,15,2024_15_CHI_MIN,CHI,0.726984126984127,6.029762
2024,16,2024_16_DET_CHI,CHI,0.7031746031746032,6.720238
2024,17,2024_17_SEA_CHI,CHI,0.6984126984126983,7.267857
2024,18,2024_18_CHI_GB,CHI,0.7261904761904762,6.1984124
2016,1,2016_01_CIN_NYJ,CIN,,
2016,2,2016_02_CIN_PIT,CIN,,
2016,3,2016_03_DEN_CIN,CIN,,
2016,4,2016_04_MIA_CIN,CIN,,
2016,5,2016_05_CIN_DAL,CIN,,
2016,6,2016_06_CIN_NE,CIN,,
2016,7,2016_07_CLE_CIN,CIN,0.6063492063492063,7.9071426
2016,8,2016_08_WAS_CIN,CIN,0.648015873015873,7.4765873
2016,10,2016_10_CIN_NYG,CIN,0.6202380952380953,9.282143
2016,11,2016_11_BUF_CIN,CIN,0.5091269841269842,14.212699
2016,12,2016_12_CIN_BAL,CIN,0.4924603174603175,14.862699
2016,13,2016_13_PHI_CIN,CIN,0.4591269841269841,15.962699
2016,14,2016_14_CIN_CLE,CIN,0.41944444444444445,15.661111
2016,15,2016_15_PIT_CIN,CIN,0.29444444444444445,17.647223
2016,16,2016_16_CIN_HOU,CIN,0.21805555555555556,19.3
2016,17,2016_17_BAL_CIN,CIN,0.21805555555555556,17.716665
2017,1,2017_01_BAL_CIN,CIN,,
2017,2,2017_02_HOU_CIN,CIN,,
2017,3,2017_03_CIN_GB,CIN,,
2017,4,2017_04_CIN_CLE,CIN,,
2017,5,2017_05_BUF_CIN,CIN,,
2017,7,2017_07_CIN_PIT,CIN,,
2017,8,2017_08_IND_CIN,CIN,0.6007936507936508,8.69127
2017,9,2017_09_CIN_JAX,CIN,0.5674603174603174,9.324603
2017,10,2017_10_CIN_TEN,CIN,0.4841269841269842,9.574603
2017,11,2017_11_CIN_DEN,CIN,0.4702380952380953,10.102381
2017,12,2017_12_CLE_CIN,CIN,0.5535714285714286,9.519048
2017,13,2017_13_PIT_CIN,CIN,0.611904761904762,7.9940476
2017,14,2017_14_CHI_CIN,CIN,0.6,7.75
2017,15,2017_15_CIN_MIN,CIN,0.5476190476190476,9.059524
2017,16,2017_16_DET_CIN,CIN,0.6666666666666666,6.690476
2017,17,2017_17_CIN_BAL,CIN,0.625,6.732143
2018,1,2018_01_CIN_IND,CIN,,
2018,2,2018_02_BAL_CIN,CIN,,
2018,3,2018_03_CIN_CAR,CIN,,
2018,4,2018_04_CIN_ATL,CIN,,
2018,5,2018_05_MIA_CIN,CIN,,
2018,6,2018_06_PIT_CIN,CIN,,
2018,7,2018_07_CIN_KC,CIN,0.7134920634920635,8.374603
2018,8,2018_08_TB_CIN,CIN,0.6857142857142856,8.562103
2018,10,2018_10_NO_CIN,CIN,0.738095238095238,7.433532
2018,11,2018_11_CIN_BAL,CIN,0.638095238095238,9.216865
2018,12,2018_12_CLE_CIN,CIN,0.6190476190476191,8.431151
2018,13,2018_13_DEN_CIN,CIN,0.5634920634920635,9.792262
2018,14,2018_14_CIN_LAC,CIN,0.6134920634920635,7.3700395
2018,15,2018_15_OAK_CIN,CIN,0.5301587301587302,9.376985
2018,16,2018_16_CIN_CLE,CIN,0.4444444444444444,14.238889
2018,17,2018_17_CIN_PIT,CIN,0.4611111111111111,14.594444
2019,1,2019_01_CIN_SEA,CIN,,
2019,2,2019_02_SF_CIN,CIN,,
2019,3,2019_03_CIN_BUF,CIN,,
2019,4,2019_04_CIN_PIT,CIN,,
2019,5,2019_05_ARI_CIN,CIN,,
2019,6,2019_06_CIN_BAL,CIN,,
2019,7,2019_07_JAX_CIN,CIN,0.5902777777777778,12.008334
2019,8,2019_08_CIN_LA,CIN,0.49503968253968256,14.341667
2019,10,2019_10_BAL_CIN,CIN,0.5992063492063492,11.966667
2019,11,2019_11_CIN_OAK,CIN,0.6033730158730158,12.712501
2019,12,2019_12_PIT_CIN,CIN,0.575595238095238,13.906944
2019,13,2019_13_NYJ_CIN,CIN,0.5422619047619047,13.806945
2019,14,2019_14_CIN_CLE,CIN,0.5005952380952381,11.945834
2019,15,2019_15_NE_CIN,CIN,0.4569444444444444,12.779167
2019,16,2019_16_CIN_MIA,CIN,0.38551587301587303,13.63631
2019,17,2019_17_CLE_CIN,CIN,0.39246031746031745,13.046032
2020,1,2020_01_LAC_CIN,CIN,,
2020,2,2020_02_CIN_CLE,CIN,,
2020,3,2020_03_CIN_PHI,CIN,,
2020,4,2020_04_JAX_CIN,CIN,,
2020,5,2020_05_CIN_BAL,CIN,,
2020,6,2020_06_CIN_IND,CIN,,
2020,7,2020_07_CLE_CIN,CIN,0.7003968253968255,6.90873
2020,8,2020_08_TEN_CIN,CIN,0.6468253968253969,6.861111
2020,10,2020_10_CIN_PIT,CIN,0.5634920634920635,8.486112
2020,11,2020_11_CIN_WAS,CIN,0.548611111111111,8.87004
2020,12,2020_12_NYG_CIN,CIN,0.6200396825396824,8.250992
2020,13,2020_13_CIN_MIA,CIN,0.48115079365079366,12.806548
2020,14,2020_14_DAL_CIN,CIN,0.5033730158730159,12.495437
2020,15,2020_15_PIT_CIN,CIN,0.5509920634920634,11.82877
2020,16,2020_16_CIN_HOU,CIN,0.71765873015873,7.787103
2020,17,2020_17_BAL_CIN,CIN,0.7523809523809524,7.1412697
2021,1,2021_01_MIN_CIN,CIN,,
2021,2,2021_02_CIN_CHI,CIN,,
2021,3,2021_03_CIN_PIT,CIN,,
2021,4,2021_04_JAX_CIN,CIN,,
2021,5,2021_05_GB_CIN,CIN,,
2021,6,2021_06_CIN_DET,CIN,,
2021,7,2021_07_CIN_BAL,CIN,0.4658730158730158,9.871032
2021,8,2021_08_CIN_NYJ,CIN,0.4992063492063492,9.504365
2021,9,2021_09_CLE_CIN,CIN,0.5753968253968255,8.1329365
2021,11,2021_11_CIN_LV,CIN,0.6031746031746031,6.7301583
2021,12,2021_12_PIT_CIN,CIN,0.6031746031746031,7.313492
2021,13,2021_13_LAC_CIN,CIN,0.6428571428571429,5.123016
2021,14,2021_14_SF_CIN,CIN,0.691468253968254,6.095238
2021,15,2021_15_CIN_DEN,CIN,0.6081349206349206,7.206349
2021,16,2021_16_BAL_CIN,CIN,0.5763888888888888,8.055555
2021,17,2021_17_KC_CIN,CIN,0.5347222222222222,8.388888
2021,18,2021_18_CIN_CLE,CIN,0.6180555555555555,6.013889
2022,1,2022_01_PIT_CIN,CIN,,
2022,2,2022_02_CIN_DAL,CIN,,
2022,3,2022_03_CIN_NYJ,CIN,,
2022,4,2022_04_MIA_CIN,CIN,,
2022,5,2022_05_CIN_BAL,CIN,,
2022,6,2022_06_CIN_NO,CIN,,
2022,7,2022_07_ATL_CIN,CIN,0.861904761904762,3.2761905
2022,8,2022_08_CIN_CLE,CIN,0.7507936507936508,4.9984126
2022,9,2022_09_CAR_CIN,CIN,0.6507936507936508,6.8650794
2022,11,2022_11_CIN_PIT,CIN,0.5257936507936508,8.406746
2022,12,2022_12_CIN_TEN,CIN,0.35912698412698413,11.85119
2022,13,2022_13_KC_CIN,CIN,0.3924603174603174,10.517857
2022,14,2022_14_CLE_CIN,CIN,0.3972222222222222,9.941667
2022,15,2022_15_CIN_TB,CIN,0.5083333333333333,8.219444
2022,16,2022_16_CIN_NE,CIN,0.5083333333333333,7.952778
2022,18,2022_18_BAL_CIN,CIN,0.4666666666666666,10.369445
2023,1,2023_01_CIN_CLE,CIN,,
2023,2,2023_02_BAL_CIN,CIN,,
2023,3,2023_03_LA_CIN,CIN,,
2023,4,2023_04_CIN_TEN,CIN,,
2023,5,2023_05_CIN_ARI,CIN,,
2023,6,2023_06_SEA_CIN,CIN,,
2023,8,2023_08_CIN_SF,CIN,0.8416666666666667,3.0694444
2023,9,2023_09_BUF_CIN,CIN,0.8138888888888888,4.0277777
2023,10,2023_10_HOU_CIN,CIN,0.688888888888889,6.5694447
2023,11,2023_11_CIN_BAL,CIN,0.6666666666666666,7.263889
2023,12,2023_12_PIT_CIN,CIN,0.6944444444444445,6.5694447
2023,13,2023_13_CIN_JAX,CIN,0.6277777777777778,8.769444
2023,14,2023_14_IND_CIN,CIN,0.6138888888888889,8.783334
2023,15,2023_15_MIN_CIN,CIN,0.6972222222222223,6.5750003
2023,16,2023_16_CIN_PIT,CIN,0.8222222222222223,4.0333333
2023,17,2023_17_CIN_KC,CIN,0.8777777777777778,3.338889
2023,18,2023_18_CLE_CIN,CIN,0.8777777777777778,3.338889
2024,1,2024_01_NE_CIN,CIN,,
2024,2,2024_02_CIN_KC,CIN,,
2024,3,2024_03_WAS_CIN,CIN,,
2024,4,2024_04_CIN_CAR,CIN,,
2024,5,2024_05_BAL_CIN,CIN,,
2024,6,2024_06_CIN_NYG,CIN,,
2024,7,2024_07_CIN_CLE,CIN,0.5434523809523809,11.350596
2024,8,2024_08_PHI_CIN,CIN,0.43234126984126986,16.90615
2024,9,2024_09_LV_CIN,CIN,0.45734126984126977,16.18115
2024,10,2024_10_CIN_BAL,CIN,0.5097222222222222,14.543056
2024,11,2024_11_CIN_LAC,CIN,0.6486111111111111,11.481944
2024,13,2024_13_PIT_CIN,CIN,0.6138888888888888,12.724999
2024,14,2024_14_CIN_DAL,CIN,0.5930555555555556,13.183333
2024,15,2024_15_CIN_TEN,CIN,0.6375,9.861112
2024,16,2024_16_CLE_CIN,CIN,0.6375000000000001,10.319445
2024,17,2024_17_DEN_CIN,CIN,0.5375,12.969444
2024,18,2024_18_CIN_PIT,CIN,0.48194444444444445,15.219444
2016,1,2016_01_CLE_PHI,CLE,,
2016,2,2016_02_BAL_CLE,CLE,,
2016,3,2016_03_CLE_MIA,CLE,,
2016,4,2016_04_CLE_WAS,CLE,,
2016,5,2016_05_NE_CLE,CLE,,
2016,6,2016_06_CLE_TEN,CLE,,
2016,7,2016_07_CLE_CIN,CLE,0.6611111111111111,5.6222224
2016,8,2016_08_NYJ_CLE,CLE,0.6277777777777778,6.222222
2016,9,2016_09_DAL_CLE,CLE,0.638888888888889,6.238889
2016,10,2016_10_CLE_BAL,CLE,0.6555555555555556,6.011111
2016,11,2016_11_PIT_CLE,CLE,0.6833333333333332,5.538889
2016,12,2016_12_NYG_CLE,CLE,0.7277777777777779,4.888889
2016,14,2016_14_CIN_CLE,CLE,0.6944444444444445,5.7555556
2016,15,2016_15_CLE_BUF,CLE,0.5944444444444444,7.1888885
2016,16,2016_16_SD_CLE,CLE,0.530952380952381,8.176984
2016,17,2016_17_CLE_PIT,CLE,0.530952380952381,9.038095
2017,1,2017_01_PIT_CLE,CLE,,
2017,2,2017_02_CLE_BAL,CLE,,
2017,3,2017_03_CLE_IND,CLE,,
2017,4,2017_04_CIN_CLE,CLE,,
2017,5,2017_05_NYJ_CLE,CLE,,
2017,6,2017_06_CLE_HOU,CLE,,
2017,7,2017_07_TEN_CLE,CLE,0.7527777777777778,4.4055557
2017,8,2017_08_MIN_CLE,CLE,0.7611111111111111,4.822222
2017,10,2017_10_CLE_DET,CLE,0.7563492063492063,6.722223
2017,11,2017_11_JAX_CLE,CLE,0.7087301587301588,7.555556
2017,12,2017_12_CLE_CIN,CLE,0.7087301587301588,6.8055553
2017,13,2017_13_CLE_LAC,CLE,0.5896825396825397,9.2579365
2017,14,2017_14_GB_CLE,CLE,0.523015873015873,10.957936
2017,15,2017_15_BAL_CLE,CLE,0.48968253968253966,10.757937
2017,16,2017_16_CLE_CHI,CLE,0.4777777777777778,10.396825
2017,17,2017_17_CLE_PIT,CLE,0.44206349206349205,10.646825
2018,1,2018_01_PIT_CLE,CLE,,
2018,2,2018_02_CLE_NO,CLE,,
2018,3,2018_03_NYJ_CLE,CLE,,
2018,4,2018_04_CLE_OAK,CLE,,
2018,5,2018_05_BAL_CLE,CLE,,
2018,6,2018_06_LAC_CLE,CLE,,
2018,7,2018_07_CLE_TB,CLE,0.5351190476190476,9.748809
2018,8,2018_08_CLE_PIT,CLE,0.5875,9.215476
2018,9,2018_09_KC_CLE,CLE,0.6041666666666666,8.204365
2018,10,2018_10_ATL_CLE,CLE,0.6220238095238094,7.793651
2018,12,2018_12_CLE_CIN,CLE,0.5595238095238094,8.835318
2018,13,2018_13_CLE_HOU,CLE,0.4345238095238095,10.210318
2018,14,2018_14_CAR_CLE,CLE,0.44940476190476186,9.582341
2018,15,2018_15_CLE_DEN,CLE,0.46369047619047615,8.649008
2018,16,2018_16_CIN_CLE,CLE,0.48035714285714287,8.526786
2018,17,2018_17_CLE_BAL,CLE,0.37916666666666665,9.895833
2019,1,2019_01_TEN_CLE,CLE,,
2019,2,2019_02_CLE_NYJ,CLE,,
2019,3,2019_03_LA_CLE,CLE,,
2019,4,2019_04_CLE_BAL,CLE,,
2019,5,2019_05_CLE_SF,CLE,,
2019,6,2019_06_SEA_CLE,CLE,,
2019,8,2019_08_CLE_NE,CLE,0.5690476190476191,10.102182
2019,9,2019_09_CLE_DEN,CLE,0.5571428571428572,9.051587
2019,10,2019_10_BUF_CLE,CLE,0.5738095238095239,9.034921
2019,11,2019_11_PIT_CLE,CLE,0.49603174603174605,10.857143
2019,12,2019_12_MIA_CLE,CLE,0.42936507936507934,13.590476
2019,13,2019_13_CLE_PIT,CLE,0.42936507936507934,12.646031
2019,14,2019_14_CIN_CLE,CLE,0.376984126984127,11.41746
2019,15,2019_15_CLE_ARI,CLE,0.38888888888888884,11.627777
2019,16,2019_16_BAL_CLE,CLE,0.3603174603174603,11.323016
2019,17,2019_17_CLE_CIN,CLE,0.4158730158730159,9.795238
2020,1,2020_01_CLE_BAL,CLE,,
2020,2,2020_02_CIN_CLE,CLE,,
2020,3,2020_03_WAS_CLE,CLE,,
2020,4,2020_04_CLE_DAL,CLE,,
2020,5,2020_05_IND_CLE,CLE,,
2020,6,2020_06_CLE_PIT,CLE,,
2020,7,2020_07_CLE_CIN,CLE,0.5853174603174603,8.327381
2020,8,2020_08_LV_CLE,CLE,0.5376984126984127,9.351191
2020,10,2020_10_HOU_CLE,CLE,0.5198412698412698,10.72619
2020,11,2020_11_PHI_CLE,CLE,0.4781746031746031,9.517858
2020,12,2020_12_CLE_JAX,CLE,0.45595238095238094,9.601191
2020,13,2020_13_CLE_TEN,CLE,0.49166666666666664,9.827381
2020,14,2020_14_BAL_CLE,CLE,0.5551587301587301,7.3988094
2020,15,2020_15_CLE_NYG,CLE,0.5819444444444444,6.7083335
2020,16,2020_16_CLE_NYJ,CLE,0.4569444444444444,6.8333335
2020,17,2020_17_PIT_CLE,CLE,0.4069444444444444,9.383333
2021,1,2021_01_CLE_KC,CLE,,
2021,2,2021_02_HOU_CLE,CLE,,
2021,3,2021_03_CHI_CLE,CLE,,
2021,4,2021_04_CLE_MIN,CLE,,
2021,5,2021_05_CLE_LAC,CLE,,
2021,6,2021_06_ARI_CLE,CLE,,
2021,7,2021_07_DEN_CLE,CLE,0.6636904761904762,7.580357
2021,8,2021_08_PIT_CLE,CLE,0.6319444444444444,8.715278
2021,9,2021_09_CLE_CIN,CLE,0.6319444444444444,7.423611
2021,10,2021_10_CLE_NE,CLE,0.5902777777777778,7.8819447
2021,11,2021_11_DET_CLE,CLE,0.5069444444444444,9.069445
2021,12,2021_12_CLE_BAL,CLE,0.5555555555555555,8.243056
2021,14,2021_14_BAL_CLE,CLE,0.5638888888888889,7.618056
2021,15,2021_15_LV_CLE,CLE,0.48055555555555557,7.284722
2021,16,2021_16_CLE_GB,CLE,0.5222222222222223,7.8680553
2021,17,2021_17_CLE_PIT,CLE,0.4305555555555556,10.176389
2021,18,2021_18_CIN_CLE,CLE,0.45436507936507936,10.155556
2022,1,2022_01_CLE_CAR,CLE,,
2022,2,2022_02_NYJ_CLE,CLE,,
2022,3,2022_03_PIT_CLE,CLE,,
2022,4,2022_04_CLE_ATL,CLE,,
2022,5,2022_05_LAC_CLE,CLE,,
2022,6,2022_06_NE_CLE,CLE,,
2022,7,2022_07_CLE_BAL,CLE,0.478968253968254,8.944841
2022,8,2022_08_CIN_CLE,CLE,0.5178571428571428,8.728175
2022,10,2022_10_CLE_MIA,CLE,0.49007936507936506,7.4781747
2022,11,2022_11_CLE_BUF,CLE,0.552579365079365,8.332341
2022,12,2022_12_TB_CLE,CLE,0.5710978835978836,8.295304
2022,13,2022_13_CLE_HOU,CLE,0.5591931216931217,9.563161
2022,14,2022_14_CLE_CIN,CLE,0.5115740740740741,9.039351
2022,15,2022_15_BAL_CLE,CLE,0.4060185185185185,11.189351
2022,16,2022_16_NO_CLE,CLE,0.4337962962962963,12.32824
2022,17,2022_17_CLE_WAS,CLE,0.32962962962962966,15.626851
2022,18,2022_18_CLE_PIT,CLE,0.3111111111111111,15.997222
2023,1,2023_01_CIN_CLE,CLE,,
2023,2,2023_02_CLE_PIT,CLE,,
2023,3,2023_03_TEN_CLE,CLE,,
2023,4,2023_04_BAL_CLE,CLE,,
2023,6,2023_06_SF_CLE,CLE,,
2023,7,2023_07_CLE_IND,CLE,,
2023,8,2023_08_CLE_SEA,CLE,0.7857142857142857,5.0119047
2023,9,2023_09_ARI_CLE,CLE,0.719047619047619,5.511905
2023,10,2023_10_CLE_BAL,CLE,0.719047619047619,5.511905
2023,11,2023_11_PIT_CLE,CLE,0.7746031746031746,4.2619047
2023,12,2023_12_CLE_DEN,CLE,0.7746031746031746,4.2619047
2023,13,2023_13_CLE_LA,CLE,0.857936507936508,2.5119047
2023,14,2023_14_JAX_CLE,CLE,0.9055555555555556,1.4166666
2023,15,2023_15_CHI_CLE,CLE,0.9055555555555556,1.8833333
2023,16,2023_16_CLE_HOU,CLE,0.8638888888888889,2.5083334
2023,17,2023_17_NYJ_CLE,CLE,0.7666666666666666,3.0916665
2023,18,2023_18_CLE_CIN,CLE,0.7666666666666666,3.0916665
2024,1,2024_01_DAL_CLE,CLE,,
2024,2,2024_02_CLE_JAX,CLE,,
2024,3,2024_03_NYG_CLE,CLE,,
2024,4,2024_04_CLE_LV,CLE,,
2024,5,2024_05_CLE_WAS,CLE,,
2024,6,2024_06_CLE_PHI,CLE,,
2024,7,2024_07_CIN_CLE,CLE,0.5738095238095239,9.56369
2024,8,2024_08_BAL_CLE,CLE,0.5738095238095239,8.834523
2024,9,2024_09_LAC_CLE,CLE,0.5404761904761904,9.967857
2024,11,2024_11_CLE_NO,CLE,0.47380952380952374,11.534524
2024,12,2024_12_PIT_CLE,CLE,0.5515873015873016,9.495635
2024,13,2024_13_CLE_DEN,CLE,0.5944444444444444,8.252778
2024,14,2024_14_CLE_PIT,CLE,0.5736111111111111,8.690278
2024,15,2024_15_KC_CLE,CLE,0.6291666666666667,8.954166
2024,16,2024_16_CLE_CIN,CLE,0.5625,11.862499
2024,17,2024_17_MIA_CLE,CLE,0.5041666666666668,12.879167
2024,18,2024_18_CLE_BAL,CLE,0.5180555555555556,12.809722
2016,1,2016_01_NYG_DAL,DAL,,
2016,2,2016_02_DAL_WAS,DAL,,
2016,3,2016_03_CHI_DAL,DAL,,
2016,4,2016_04_DAL_SF,DAL,,
2016,5,2016_05_CIN_DAL,DAL,,
2016,6,2016_06_DAL_GB,DAL,,
2016,8,2016_08_PHI_DAL,DAL,0.5611111111111111,7.519445
2016,9,2016_09_DAL_CLE,DAL,0.5750000000000001,7.0055556
2016,10,2016_10_DAL_PIT,DAL,0.6305555555555555,5.561111
2016,11,2016_11_BAL_DAL,DAL,0.6496031746031746,5.442064
2016,12,2016_12_WAS_DAL,DAL,0.6579365079365079,4.275397
2016,13,2016_13_DAL_MIN,DAL,0.7412698412698413,1.7753968
2016,14,2016_14_DAL_NYG,DAL,0.707936507936508,2.3420634
2016,15,2016_15_TB_DAL,DAL,0.6246031746031747,3.5365078
2016,16,2016_16_DET_DAL,DAL,0.5246031746031746,5.9365077
2016,17,2016_17_DAL_PHI,DAL,0.44722222222222224,8.305555
2017,1,2017_01_NYG_DAL,DAL,,
2017,2,2017_02_DAL_DEN,DAL,,
2017,3,2017_03_DAL_ARI,DAL,,
2017,4,2017_04_LA_DAL,DAL,,
2017,5,2017_05_GB_DAL,DAL,,
2017,7,2017_07_DAL_SF,DAL,,
2017,8,2017_08_DAL_WAS,DAL,0.6567460317460317,6.2896824
2017,9,2017_09_KC_DAL,DAL,0.790079365079365,2.9896824
2017,10,2017_10_DAL_ATL,DAL,0.790079365079365,2.9896824
2017,11,2017_11_PHI_DAL,DAL,0.7761904761904761,3.6563492
2017,12,2017_12_LAC_DAL,DAL,0.692857142857143,6.850794
2017,13,2017_13_WAS_DAL,DAL,0.6055555555555555,9.088889
2017,14,2017_14_DAL_NYG,DAL,0.6611111111111111,9.088889
2017,15,2017_15_DAL_OAK,DAL,0.5833333333333334,11.666667
2017,16,2017_16_SEA_DAL,DAL,0.5416666666666666,12.583333
2017,17,2017_17_DAL_PHI,DAL,0.5138888888888888,13.041667
2018,1,2018_01_DAL_CAR,DAL,,
2018,2,2018_02_NYG_DAL,DAL,,
2018,3,2018_03_DAL_SEA,DAL,,
2018,4,2018_04_DET_DAL,DAL,,
2018,5,2018_05_DAL_HOU,DAL,,
2018,6,2018_06_JAX_DAL,DAL,,
2018,7,2018_07_DAL_WAS,DAL,0.7583333333333333,3.9416666
2018,9,2018_09_TEN_DAL,DAL,0.725,4.8083334
2018,10,2018_10_DAL_PHI,DAL,0.775,5.5750003
2018,11,2018_11_DAL_ATL,DAL,0.9,2.2
2018,12,2018_12_WAS_DAL,DAL,0.9333333333333335,1.6333332
2018,13,2018_13_NO_DAL,DAL,0.8666666666666667,2.2666667
2018,14,2018_14_PHI_DAL,DAL,0.8666666666666667,2.2666667
2018,15,2018_15_DAL_IND,DAL,0.8444444444444446,2.1499999
2018,16,2018_16_TB_DAL,DAL,0.8777777777777778,1.3833333
2018,17,2018_17_DAL_NYG,DAL,0.811111111111111,2.05
2019,1,2019_01_NYG_DAL,DAL,,
2019,2,2019_02_DAL_WAS,DAL,,
2019,3,2019_03_MIA_DAL,DAL,,
2019,4,2019_04_DAL_NO,DAL,,
2019,5,2019_05_GB_DAL,DAL,,
2019,6,2019_06_DAL_NYJ,DAL,,
2019,7,2019_07_PHI_DAL,DAL,0.8035714285714285,2.1964285
2019,9,2019_09_DAL_NYG,DAL,0.8452380952380952,2.1964285
2019,10,2019_10_MIN_DAL,DAL,0.8035714285714285,2.5992062
2019,11,2019_11_DAL_DET,DAL,0.8452380952380952,2.5992062
2019,12,2019_12_DAL_NE,DAL,0.7785714285714286,3.9992063
2019,13,2019_13_BUF_DAL,DAL,0.7250000000000001,2.511111
2019,14,2019_14_DAL_CHI,DAL,0.7250000000000001,2.511111
2019,15,2019_15_LA_DAL,DAL,0.6416666666666667,4.288889
2019,16,2019_16_DAL_PHI,DAL,0.6833333333333332,3.4277775
2019,17,2019_17_WAS_DAL,DAL,0.6,5.136111
2020,1,2020_01_DAL_LA,DAL,,
2020,2,2020_02_ATL_DAL,DAL,,
2020,3,2020_03_DAL_SEA,DAL,,
2020,4,2020_04_CLE_DAL,DAL,,
2020,5,2020_05_NYG_DAL,DAL,,
2020,6,2020_06_ARI_DAL,DAL,,
2020,7,2020_07_DAL_WAS,DAL,0.6641534391534392,6.625463
2020,8,2020_08_DAL_PHI,DAL,0.6641534391534392,8.258796
2020,9,2020_09_PIT_DAL,DAL,0.6317460317460317,8.337501
2020,11,2020_11_DAL_MIN,DAL,0.5928571428571429,11.2375
2020,12,2020_12_WAS_DAL,DAL,0.6428571428571429,9.958333
2020,13,2020_13_DAL_BAL,DAL,0.6845238095238094,9.375
2020,14,2020_14_DAL_CIN,DAL,0.613095238095238,11.708333
2020,15,2020_15_SF_DAL,DAL,0.513095238095238,14.891666
2020,16,2020_16_PHI_DAL,DAL,0.49920634920634915,17.155556
2020,17,2020_17_DAL_NYG,DAL,0.565873015873016,14.255555
2021,1,2021_01_DAL_TB,DAL,,
2021,2,2021_02_DAL_LAC,DAL,,
2021,3,2021_03_PHI_DAL,DAL,,
2021,4,2021_04_CAR_DAL,DAL,,
2021,5,2021_05_NYG_DAL,DAL,,
2021,6,2021_06_DAL_NE,DAL,,
2021,8,2021_08_DAL_MIN,DAL,0.7333333333333334,5.2999997
2021,9,2021_09_DEN_DAL,DAL,0.7000000000000001,6.0333333
2021,10,2021_10_ATL_DAL,DAL,0.7523809523809524,5.7857146
2021,11,2021_11_DAL_KC,DAL,0.669047619047619,8.202381
2021,12,2021_12_LV_DAL,DAL,0.6357142857142858,9.035714
2021,13,2021_13_DAL_NO,DAL,0.6134920634920635,11.424603
2021,14,2021_14_DAL_WAS,DAL,0.6301587301587301,9.874603
2021,15,2021_15_DAL_NYG,DAL,0.5384920634920635,10.76627
2021,16,2021_16_WAS_DAL,DAL,0.4749999999999999,11.425
2021,17,2021_17_ARI_DAL,DAL,0.5027777777777778,10.119445
2021,18,2021_18_DAL_PHI,DAL,0.48611111111111116,10.430555
2022,1,2022_01_TB_DAL,DAL,,
2022,2,2022_02_CIN_DAL,DAL,,
2022,3,2022_03_DAL_NYG,DAL,,
2022,4,2022_04_WAS_DAL,DAL,,
2022,5,2022_05_DAL_LA,DAL,,
2022,6,2022_06_DAL_PHI,DAL,,
2022,7,2022_07_DET_DAL,DAL,0.7722222222222221,5.605555
2022,8,2022_08_CHI_DAL,DAL,0.8833333333333334,3.4666665
2022,10,2022_10_DAL_GB,DAL,0.8500000000000001,4.1666665
2022,11,2022_11_DAL_MIN,DAL,0.8000000000000002,5.172222
2022,12,2022_12_NYG_DAL,DAL,0.7999999999999999,5.172222
2022,13,2022_13_IND_DAL,DAL,0.7583333333333333,5.172222
2022,14,2022_14_HOU_DAL,DAL,0.7416666666666667,4.638889
2022,15,2022_15_DAL_JAX,DAL,0.7083333333333334,5.538889
2022,16,2022_16_PHI_DAL,DAL,0.6583333333333333,6.7833333
2022,17,2022_17_DAL_TEN,DAL,0.7178571428571429,5.7158732
2022,18,2022_18_DAL_WAS,DAL,0.7178571428571429,5.7158732
2023,1,2023_01_DAL_NYG,DAL,,
2023,2,2023_02_NYJ_DAL,DAL,,
2023,3,2023_03_DAL_ARI,DAL,,
2023,4,2023_04_NE_DAL,DAL,,
2023,5,2023_05_DAL_SF,DAL,,
2023,6,2023_06_DAL_LAC,DAL,,
2023,8,2023_08_LA_DAL,DAL,0.8075396825396824,2.4940476
2023,9,2023_09_DAL_PHI,DAL,0.7242063492063492,5.1607146
2023,10,2023_10_NYG_DAL,DAL,0.7130952380952381,7.794048
2023,11,2023_11_DAL_CAR,DAL,0.6714285714285714,8.252381
2023,12,2023_12_WAS_DAL,DAL,0.6158730158730159,8.252381
2023,13,2023_13_SEA_DAL,DAL,0.7111111111111111,6.633333
2023,14,2023_14_PHI_DAL,DAL,0.7250000000000001,6.1749997
2023,15,2023_15_DAL_BUF,DAL,0.7666666666666667,4.758333
2023,16,2023_16_DAL_MIA,DAL,0.7777777777777777,3.3194444
2023,17,2023_17_DET_DAL,DAL,0.7916666666666666,2.888889
2023,18,2023_18_DAL_WAS,DAL,0.8138888888888888,2.888889
2024,1,2024_01_DAL_CLE,DAL,,
2024,2,2024_02_NO_DAL,DAL,,
2024,3,2024_03_BAL_DAL,DAL,,
2024,4,2024_04_DAL_NYG,DAL,,
2024,5,2024_05_DAL_PIT,DAL,,
2024,6,2024_06_DET_DAL,DAL,,
2024,8,2024_08_DAL_SF,DAL,0.6791666666666667,10.6875
2024,9,2024_09_DAL_ATL,DAL,0.5779761904761905,12.008929
2024,10,2024_10_PHI_DAL,DAL,0.6488095238095238,10.421429
2024,11,2024_11_HOU_DAL,DAL,0.6678571428571428,10.464286
2024,12,2024_12_DAL_WAS,DAL,0.6202380952380953,11.797619
2024,13,2024_13_NYG_DAL,DAL,0.49523809523809526,16.380953
2024,14,2024_14_CIN_DAL,DAL,0.561904761904762,13.147618
2024,15,2024_15_DAL_CAR,DAL,0.7047619047619048,10.409524
2024,16,2024_16_TB_DAL,DAL,0.5714285714285715,13.031746
2024,17,2024_17_DAL_PHI,DAL,0.6190476190476191,11.055556
2024,18,2024_18_WAS_DAL,DAL,0.619047619047619,10.865079
2016,1,2016_01_CAR_DEN,DEN,,
2016,2,2016_02_IND_DEN,DEN,,
2016,3,2016_03_DEN_CIN,DEN,,
2016,4,2016_04_DEN_TB,DEN,,
2016,5,2016_05_ATL_DEN,DEN,,
2016,6,2016_06_DEN_SD,DEN,,
2016,7,2016_07_HOU_DEN,DEN,0.7361111111111112,6.5416665
2016,8,2016_08_SD_DEN,DEN,0.6944444444444445,7.3333335
2016,9,2016_09_DEN_OAK,DEN,0.6944444444444445,7.3333335
2016,10,2016_10_DEN_NO,DEN,0.7242063492063492,5.7559524
2016,12,2016_12_KC_DEN,DEN,0.6825396825396824,5.7559524
2016,13,2016_13_DEN_JAX,DEN,0.7658730158730158,3.9503968
2016,14,2016_14_DEN_TEN,DEN,0.8214285714285715,2.6726189
2016,15,2016_15_NE_DEN,DEN,0.8630952380952381,1.8809524
2016,16,2016_16_DEN_KC,DEN,0.7964285714285714,3.6142857
2016,17,2016_17_OAK_DEN,DEN,0.7964285714285714,4.4238095
2017,1,2017_01_LAC_DEN,DEN,,
2017,2,2017_02_DAL_DEN,DEN,,
2017,3,2017_03_DEN_BUF,DEN,,
2017,4,2017_04_OAK_DEN,DEN,,
2017,6,2017_06_NYG_DEN,DEN,,
2017,7,2017_07_DEN_LAC,DEN,,
2017,8,2017_08_DEN_KC,DEN,0.5853174603174603,11.095238
2017,9,2017_09_DEN_PHI,DEN,0.5436507936507936,11.032738
2017,10,2017_10_NE_DEN,DEN,0.4927248677248677,11.954034
2017,11,2017_11_CIN_DEN,DEN,0.4421296296296296,12.81713
2017,12,2017_12_DEN_OAK,DEN,0.4976851851851851,12.150463
2017,13,2017_13_DEN_MIA,DEN,0.5115740740740741,10.650463
2017,14,2017_14_NYJ_DEN,DEN,0.5810185185185185,7.1921296
2017,15,2017_15_DEN_IND,DEN,0.6643518518518519,5.7546296
2017,16,2017_16_DEN_WAS,DEN,0.7152777777777777,4.75
2017,17,2017_17_KC_DEN,DEN,0.8055555555555555,2.6805556
2018,1,2018_01_SEA_DEN,DEN,,
2018,2,2018_02_OAK_DEN,DEN,,
2018,3,2018_03_DEN_BAL,DEN,,
2018,4,2018_04_KC_DEN,DEN,,
2018,5,2018_05_DEN_NYJ,DEN,,
2018,6,2018_06_LA_DEN,DEN,,
2018,7,2018_07_DEN_ARI,DEN,0.7984126984126984,4.453968
2018,8,2018_08_DEN_KC,DEN,0.6873015873015872,6.565079
2018,9,2018_09_HOU_DEN,DEN,0.6039682539682539,8.481746
2018,11,2018_11_DEN_LAC,DEN,0.6706349206349206,7.1150794
2018,12,2018_12_PIT_DEN,DEN,0.615079365079365,7.781746
2018,13,2018_13_DEN_CIN,DEN,0.6388888888888888,7.1388893
2018,14,2018_14_DEN_SF,DEN,0.6944444444444443,5.805556
2018,15,2018_15_CLE_DEN,DEN,0.6388888888888888,5.894445
2018,16,2018_16_DEN_OAK,DEN,0.6805555555555555,5.4361115
2018,17,2018_17_LAC_DEN,DEN,0.5138888888888888,8.658334
2019,1,2019_01_DEN_OAK,DEN,,
2019,2,2019_02_CHI_DEN,DEN,,
2019,3,2019_03_DEN_GB,DEN,,
2019,4,2019_04_JAX_DEN,DEN,,
2019,5,2019_05_DEN_LAC,DEN,,
2019,6,2019_06_TEN_DEN,DEN,,
2019,7,2019_07_KC_DEN,DEN,0.8472222222222223,3.5833333
2019,8,2019_08_DEN_IND,DEN,0.8472222222222223,3.5833333
2019,9,2019_09_CLE_DEN,DEN,0.7805555555555556,4.883333
2019,11,2019_11_DEN_MIN,DEN,0.7527777777777778,4.577778
2019,12,2019_12_DEN_BUF,DEN,0.8027777777777777,4.061111
2019,13,2019_13_LAC_DEN,DEN,0.7444444444444445,6.0944443
2019,14,2019_14_DEN_HOU,DEN,0.6777777777777777,7.961111
2019,15,2019_15_DEN_KC,DEN,0.611111111111111,9.0611105
2019,16,2019_16_DET_DEN,DEN,0.611111111111111,9.427777
2019,17,2019_17_OAK_DEN,DEN,0.625,10.025
2020,1,2020_01_TEN_DEN,DEN,,
2020,2,2020_02_DEN_PIT,DEN,,
2020,3,2020_03_TB_DEN,DEN,,
2020,4,2020_04_DEN_NYJ,DEN,,
2020,6,2020_06_DEN_NE,DEN,,
2020,7,2020_07_KC_DEN,DEN,,
2020,8,2020_08_LAC_DEN,DEN,0.7958333333333334,3.3875
2020,9,2020_09_DEN_ATL,DEN,0.7720238095238096,3.935119
2020,10,2020_10_DEN_LV,DEN,0.7291666666666665,5.5208335
2020,11,2020_11_MIA_DEN,DEN,0.6666666666666666,6.7083335
2020,12,2020_12_NO_DEN,DEN,0.6458333333333334,7.2708335
2020,13,2020_13_DEN_KC,DEN,0.7291666666666666,6.1041665
2020,14,2020_14_DEN_CAR,DEN,0.6458333333333334,8.243055
2020,15,2020_15_BUF_DEN,DEN,0.6418650793650794,7.8343253
2020,16,2020_16_DEN_LAC,DEN,0.7847222222222222,4.381944
2020,17,2020_17_LV_DEN,DEN,0.7083333333333334,6.277778
2021,1,2021_01_DEN_NYG,DEN,,
2021,2,2021_02_DEN_JAX,DEN,,
2021,3,2021_03_NYJ_DEN,DEN,,
2021,4,2021_04_BAL_DEN,DEN,,
2021,5,2021_05_DEN_PIT,DEN,,
2021,6,2021_06_LV_DEN,DEN,,
2021,7,2021_07_DEN_CLE,DEN,0.6992063492063493,3.8825397
2021,8,2021_08_WAS_DEN,DEN,0.5742063492063492,6.2158732
2021,9,2021_09_DEN_DAL,DEN,0.6575396825396825,6.2158732
2021,10,2021_10_PHI_DEN,DEN,0.4908730158730159,7.5492063
2021,12,2021_12_LAC_DEN,DEN,0.5575396825396824,6.3492064
2021,13,2021_13_DEN_KC,DEN,0.5575396825396826,5.626984
2021,14,2021_14_DET_DEN,DEN,0.5972222222222222,5.2777777
2021,15,2021_15_CIN_DEN,DEN,0.7222222222222223,2.9444444
2021,16,2021_16_DEN_LV,DEN,0.7222222222222223,2.9444444
2021,17,2021_17_DEN_LAC,DEN,0.8472222222222223,2.3611112
2021,18,2021_18_KC_DEN,DEN,0.8472222222222223,2.3611112
2022,1,2022_01_DEN_SEA,DEN,,
2022,2,2022_02_HOU_DEN,DEN,,
2022,3,2022_03_SF_DEN,DEN,,
2022,4,2022_04_DEN_LV,DEN,,
2022,5,2022_05_IND_DEN,DEN,,
2022,6,2022_06_DEN_LAC,DEN,,
2022,7,2022_07_NYJ_DEN,DEN,0.7123015873015873,4.694444
2022,8,2022_08_DEN_JAX,DEN,0.8373015873015873,2.5694444
2022,10,2022_10_DEN_TEN,DEN,0.7956349206349206,3.3194444
2022,11,2022_11_LV_DEN,DEN,0.753968253968254,3.486111
2022,12,2022_12_DEN_CAR,DEN,0.6777777777777777,4.852778
2022,13,2022_13_DEN_BAL,DEN,0.6222222222222222,6.2138886
2022,14,2022_14_KC_DEN,DEN,0.48333333333333334,7.269445
2022,15,2022_15_ARI_DEN,DEN,0.4595238095238095,7.959921
2022,16,2022_16_DEN_LA,DEN,0.5011904761904762,7.2932544
2022,17,2022_17_DEN_KC,DEN,0.5678571428571428,7.026587
2022,18,2022_18_LAC_DEN,DEN,0.6345238095238096,6.3265877
2023,1,2023_01_LV_DEN,DEN,,
2023,2,2023_02_WAS_DEN,DEN,,
2023,3,2023_03_DEN_MIA,DEN,,
2023,4,2023_04_DEN_CHI,DEN,,
2023,5,2023_05_NYJ_DEN,DEN,,
2023,6,2023_06_DEN_KC,DEN,,
2023,7,2023_07_GB_DEN,DEN,0.853030303030303,4.125
2023,8,2023_08_KC_DEN,DEN,0.9363636363636364,1.8333334
2023,10,2023_10_DEN_BUF,DEN,0.8808080808080808,3.3888886
2023,11,2023_11_MIN_DEN,DEN,0.8277777777777778,2.847222
2023,12,2023_12_CLE_DEN,DEN,0.8611111111111112,2.847222
2023,13,2023_13_DEN_HOU,DEN,0.8277777777777778,2.847222
2023,14,2023_14_DEN_LAC,DEN,0.7722222222222221,4.069444
2023,15,2023_15_DEN_DET,DEN,0.7722222222222221,4.069444
2023,16,2023_16_NE_DEN,DEN,0.7801587301587302,3.3472223
2023,17,2023_17_LAC_DEN,DEN,0.7801587301587302,2.8611114
2023,18,2023_18_DEN_LV,DEN,0.7384920634920635,2.8611114
2024,1,2024_01_DEN_SEA,DEN,,
2024,2,2024_02_PIT_DEN,DEN,,
2024,3,2024_03_DEN_TB,DEN,,
2024,4,2024_04_DEN_NYJ,DEN,,
2024,5,2024_05_LV_DEN,DEN,,
2024,6,2024_06_LAC_DEN,DEN,,
2024,7,2024_07_DEN_NO,DEN,0.7847222222222222,4.8402777
2024,8,2024_08_CAR_DEN,DEN,0.6805555555555555,6.736111
2024,9,2024_09_DEN_BAL,DEN,0.625,6.736111
2024,10,2024_10_DEN_KC,DEN,0.5416666666666666,9.152778
2024,11,2024_11_ATL_DEN,DEN,0.5083333333333333,9.152778
2024,12,2024_12_DEN_LV,DEN,0.6333333333333333,6.611111
2024,13,2024_13_CLE_DEN,DEN,0.6611111111111111,5.75
2024,15,2024_15_IND_DEN,DEN,0.8277777777777778,2.4166667
2024,16,2024_16_DEN_LAC,DEN,0.8833333333333334,2.4166667
2024,17,2024_17_DEN_CIN,DEN,0.9666666666666668,0.0
2024,18,2024_18_KC_DEN,DEN,0.9666666666666667,0.90000004
2016,1,2016_01_DET_IND,DET,,
2016,2,2016_02_TEN_DET,DET,,
2016,3,2016_03_DET_GB,DET,,
2016,4,2016_04_DET_CHI,DET,,
2016,5,2016_05_PHI_DET,DET,,
2016,6,2016_06_LA_DET,DET,,
2016,7,2016_07_WAS_DET,DET,0.5559523809523809,9.334523
2016,8,2016_08_DET_HOU,DET,0.5797619047619047,8.810714
2016,9,2016_09_DET_MIN,DET,0.47976190476190467,12.110714
2016,11,2016_11_JAX_DET,DET,0.4749999999999999,11.658333
2016,12,2016_12_MIN_DET,DET,0.6,8.7
2016,13,2016_13_DET_NO,DET,0.5833333333333334,9.641666
2016,14,2016_14_CHI_DET,DET,0.5388888888888889,10.897222
2016,15,2016_15_DET_NYG,DET,0.45555555555555555,12.938889
2016,16,2016_16_DET_DAL,DET,0.49722222222222223,9.805556
2016,17,2016_17_GB_DET,DET,0.5496031746031745,9.662699
2017,1,2017_01_ARI_DET,DET,,
2017,2,2017_02_DET_NYG,DET,,
2017,3,2017_03_ATL_DET,DET,,
2017,4,2017_04_DET_MIN,DET,,
2017,5,2017_05_CAR_DET,DET,,
2017,6,2017_06_DET_NO,DET,,
2017,8,2017_08_PIT_DET,DET,0.6484126984126984,4.1544976
2017,9,2017_09_DET_GB,DET,0.7484126984126984,3.1878307
2017,10,2017_10_CLE_DET,DET,0.7761904761904762,3.3544972
2017,11,2017_11_DET_CHI,DET,0.7999999999999999,3.0925925
2017,12,2017_12_MIN_DET,DET,0.6333333333333333,6.0592594
2017,13,2017_13_DET_BAL,DET,0.6333333333333333,6.42037
2017,14,2017_14_DET_TB,DET,0.6472222222222223,6.480555
2017,15,2017_15_CHI_DET,DET,0.5138888888888888,8.730556
2017,16,2017_16_DET_CIN,DET,0.4305555555555555,9.619445
2017,17,2017_17_GB_DET,DET,0.2916666666666667,12.786111
2018,1,2018_01_NYJ_DET,DET,,
2018,2,2018_02_DET_SF,DET,,
2018,3,2018_03_NE_DET,DET,,
2018,4,2018_04_DET_DAL,DET,,
2018,5,2018_05_GB_DET,DET,,
2018,7,2018_07_DET_MIA,DET,,
2018,8,2018_08_SEA_DET,DET,0.7865079365079365,5.0674605
2018,9,2018_09_DET_MIN,DET,0.6865079365079364,7.6341267
2018,10,2018_10_DET_CHI,DET,0.7055555555555556,6.138889
2018,11,2018_11_CAR_DET,DET,0.6222222222222222,7.8333335
2018,12,2018_12_CHI_DET,DET,0.5666666666666667,8.027778
2018,13,2018_13_LA_DET,DET,0.6333333333333333,7.027778
2018,14,2018_14_DET_ARI,DET,0.6333333333333333,7.027778
2018,15,2018_15_DET_BUF,DET,0.7333333333333334,4.461111
2018,16,2018_16_MIN_DET,DET,0.7777777777777777,3.638889
2018,17,2018_17_DET_GB,DET,0.7944444444444443,3.5777779
2019,1,2019_01_DET_ARI,DET,,
2019,2,2019_02_LAC_DET,DET,,
2019,3,2019_03_DET_PHI,DET,,
2019,4,2019_04_KC_DET,DET,,
2019,6,2019_06_DET_GB,DET,,
2019,7,2019_07_MIN_DET,DET,,
2019,8,2019_08_NYG_DET,DET,0.7571428571428571,7.690476
2019,9,2019_09_DET_OAK,DET,0.7952380952380952,6.547619
2019,10,2019_10_DET_CHI,DET,0.6841269841269842,8.6587305
2019,11,2019_11_DAL_DET,DET,0.5924603174603175,8.075397
2019,12,2019_12_DET_WAS,DET,0.5448412698412698,9.2420635
2019,13,2019_13_CHI_DET,DET,0.555952380952381,8.603175
2019,14,2019_14_DET_MIN,DET,0.5464285714285714,8.479365
2019,15,2019_15_TB_DET,DET,0.5464285714285714,9.246032
2019,16,2019_16_DET_DEN,DET,0.6575396825396825,7.1349206
2019,17,2019_17_GB_DET,DET,0.7825396825396825,4.3849206
2020,1,2020_01_CHI_DET,DET,,
2020,2,2020_02_DET_GB,DET,,
2020,3,2020_03_DET_ARI,DET,,
2020,4,2020_04_NO_DET,DET,,
2020,6,2020_06_DET_JAX,DET,,
2020,7,2020_07_DET_ATL,DET,,
2020,8,2020_08_IND_DET,DET,0.6763888888888889,7.0791664
2020,9,2020_09_DET_MIN,DET,0.6843253968253968,6.7220235
2020,10,2020_10_WAS_DET,DET,0.6218253968253968,6.8261905
2020,11,2020_11_DET_CAR,DET,0.6884920634920636,5.2261906
2020,12,2020_12_HOU_DET,DET,0.7440476190476191,3.8095238
2020,13,2020_13_DET_CHI,DET,0.7023809523809524,5.684524
2020,14,2020_14_GB_DET,DET,0.6468253968253969,5.9900794
2020,15,2020_15_DET_TEN,DET,0.6388888888888888,7.152777
2020,16,2020_16_TB_DET,DET,0.6388888888888888,8.902778
2020,17,2020_17_MIN_DET,DET,0.5972222222222222,9.861111
2021,1,2021_01_SF_DET,DET,,
2021,2,2021_02_DET_GB,DET,,
2021,3,2021_03_BAL_DET,DET,,
2021,4,2021_04_DET_CHI,DET,,
2021,5,2021_05_DET_MIN,DET,,
2021,6,2021_06_CIN_DET,DET,,
2021,7,2021_07_DET_LA,DET,0.6166666666666666,8.251389
2021,8,2021_08_PHI_DET,DET,0.6722222222222222,7.855555
2021,10,2021_10_DET_PIT,DET,0.6537037037037038,8.688889
2021,11,2021_11_DET_CLE,DET,0.5148148148148148,12.077778
2021,12,2021_12_CHI_DET,DET,0.48148148148148145,12.166667
2021,13,2021_13_MIN_DET,DET,0.3148148148148148,16.833334
2021,14,2021_14_DET_DEN,DET,0.40211640211640215,15.0753975
2021,15,2021_15_ARI_DET,DET,0.42989417989417983,14.3253975
2021,16,2021_16_DET_ATL,DET,0.42063492063492064,12.7003975
2021,17,2021_17_DET_SEA,DET,0.5261904761904762,10.144841
2021,18,2021_18_GB_DET,DET,0.6595238095238095,8.155952
2022,1,2022_01_PHI_DET,DET,,
2022,2,2022_02_WAS_DET,DET,,
2022,3,2022_03_DET_MIN,DET,,
2022,4,2022_04_SEA_DET,DET,,
2022,5,2022_05_DET_NE,DET,,
2022,7,2022_07_DET_DAL,DET,,
2022,8,2022_08_MIA_DET,DET,0.7134920634920635,7.1044974
2022,9,2022_09_GB_DET,DET,0.6857142857142856,7.5767193
2022,10,2022_10_DET_CHI,DET,0.6023809523809524,8.882276
2022,11,2022_11_DET_NYG,DET,0.6468253968253969,7.9656086
2022,12,2022_12_BUF_DET,DET,0.5773809523809524,9.400794
2022,13,2022_13_JAX_DET,DET,0.4916666666666667,10.038889
2022,14,2022_14_MIN_DET,DET,0.4083333333333334,12.997222
2022,15,2022_15_DET_NYJ,DET,0.36944444444444446,13.224999
2022,16,2022_16_DET_CAR,DET,0.48055555555555557,10.947223
2022,17,2022_17_CHI_DET,DET,0.39325396825396824,13.197223
2022,18,2022_18_DET_GB,DET,0.5182539682539683,10.613889
2023,1,2023_01_DET_KC,DET,,
2023,2,2023_02_SEA_DET,DET,,
2023,3,2023_03_ATL_DET,DET,,
2023,4,2023_04_DET_GB,DET,,
2023,5,2023_05_CAR_DET,DET,,
2023,6,2023_06_DET_TB,DET,,
2023,7,2023_07_DET_BAL,DET,0.7000000000000001,3.777778
2023,8,2023_08_LV_DET,DET,0.6523809523809524,4.7539682
2023,10,2023_10_DET_LAC,DET,0.5412698412698412,6.4761906
2023,11,2023_11_CHI_DET,DET,0.5968253968253968,6.4761906
2023,12,2023_12_GB_DET,DET,0.6218253968253968,6.18869
2023,13,2023_13_DET_NO,DET,0.5773809523809523,8.177579
2023,14,2023_14_DET_CHI,DET,0.5884920634920635,7.9998016
2023,15,2023_15_DEN_DET,DET,0.6123015873015872,7.5474205
2023,16,2023_16_DET_MIN,DET,0.640079365079365,6.9085317
2023,17,2023_17_DET_DAL,DET,0.640079365079365,6.9085317
2023,18,2023_18_MIN_DET,DET,0.6817460317460317,6.2626987
2024,1,2024_01_LA_DET,DET,,
2024,2,2024_02_TB_DET,DET,,
2024,3,2024_03_DET_ARI,DET,,
2024,4,2024_04_SEA_DET,DET,,
2024,6,2024_06_DET_DAL,DET,,
2024,7,2024_07_DET_MIN,DET,,
2024,8,2024_08_TEN_DET,DET,0.8250000000000001,4.9833336
2024,9,2024_09_DET_GB,DET,0.7694444444444444,8.983334
2024,10,2024_10_DET_HOU,DET,0.7444444444444444,9.033334
2024,11,2024_11_JAX_DET,DET,0.7444444444444445,9.033334
2024,12,2024_12_DET_IND,DET,0.7777777777777777,8.166667
2024,13,2024_13_CHI_DET,DET,0.8194444444444443,6.75
2024,14,2024_14_GB_DET,DET,0.7777777777777777,7.7083335
2024,15,2024_15_BUF_DET,DET,0.8333333333333334,3.7083333
2024,16,2024_16_DET_CHI,DET,0.9583333333333334,0.9583333
2024,17,2024_17_DET_SF,DET,0.8333333333333334,4.4166665
2024,18,2024_18_MIN_DET,DET,0.7222222222222222,6.8055553
2016,1,2016_01_GB_JAX,GB,,
2016,2,2016_02_GB_MIN,GB,,
2016,3,2016_03_DET_GB,GB,,
2016,5,2016_05_NYG_GB,GB,,
2016,6,2016_06_DAL_GB,GB,,
2016,7,2016_07_CHI_GB,GB,,
2016,8,2016_08_GB_ATL,GB,0.6496031746031746,6.7988095
2016,9,2016_09_IND_GB,GB,0.6773809523809523,6.409921
2016,10,2016_10_GB_TEN,GB,0.6357142857142857,7.3126984
2016,11,2016_11_GB_WAS,GB,0.6357142857142857,7.5904765
2016,12,2016_12_GB_PHI,GB,0.619047619047619,6.857143
2016,13,2016_13_HOU_GB,GB,0.625,6.0833335
2016,14,2016_14_SEA_GB,GB,0.5694444444444444,7.861111
2016,15,2016_15_GB_CHI,GB,0.40277777777777773,9.861112
2016,16,2016_16_MIN_GB,GB,0.34722222222222227,10.25
2016,17,2016_17_GB_DET,GB,0.2638888888888889,11.666667
2017,1,2017_01_SEA_GB,GB,,
2017,2,2017_02_GB_ATL,GB,,
2017,3,2017_03_CIN_GB,GB,,
2017,4,2017_04_CHI_GB,GB,,
2017,5,2017_05_GB_DAL,GB,,
2017,6,2017_06_GB_MIN,GB,,
2017,7,2017_07_NO_GB,GB,0.8555555555555556,2.3055556
2017,9,2017_09_DET_GB,GB,0.7999999999999999,3.75
2017,10,2017_10_GB_CHI,GB,0.6333333333333333,7.0833335
2017,11,2017_11_BAL_GB,GB,0.5833333333333334,9.208333
2017,12,2017_12_GB_PIT,GB,0.5166666666666667,10.808333
2017,13,2017_13_TB_GB,GB,0.4444444444444445,12.302777
2017,14,2017_14_GB_CLE,GB,0.4166666666666667,13.830556
2017,15,2017_15_GB_CAR,GB,0.34722222222222227,15.511111
2017,16,2017_16_MIN_GB,GB,0.5138888888888888,12.177777
2017,17,2017_17_GB_DET,GB,0.4305555555555555,13.252778
2018,1,2018_01_CHI_GB,GB,,
2018,2,2018_02_MIN_GB,GB,,
2018,3,2018_03_GB_WAS,GB,,
2018,4,2018_04_BUF_GB,GB,,
2018,5,2018_05_GB_DET,GB,,
2018,6,2018_06_SF_GB,GB,,
2018,8,2018_08_GB_LA,GB,0.7444444444444445,4.7944446
2018,9,2018_09_GB_NE,GB,0.7444444444444445,4.7944446
2018,10,2018_10_MIA_GB,GB,0.7222222222222222,5.722222
2018,11,2018_11_GB_SEA,GB,0.65,6.1611114
2018,12,2018_12_GB_MIN,GB,0.6222222222222222,6.7166667
2018,13,2018_13_ARI_GB,GB,0.6444444444444445,6.677778
2018,14,2018_14_ATL_GB,GB,0.6000000000000001,7.9388885
2018,15,2018_15_GB_CHI,GB,0.6000000000000001,7.133333
2018,16,2018_16_GB_NYJ,GB,0.6555555555555556,5.9388885
2018,17,2018_17_DET_GB,GB,0.6930555555555555,6.388889
2019,1,2019_01_GB_CHI,GB,,
2019,2,2019_02_MIN_GB,GB,,
2019,3,2019_03_DEN_GB,GB,,
2019,4,2019_04_PHI_GB,GB,,
2019,5,2019_05_GB_DAL,GB,,
2019,6,2019_06_DET_GB,GB,,
2019,7,2019_07_OAK_GB,GB,0.6611111111111111,4.302381
2019,8,2019_08_GB_KC,GB,0.611111111111111,6.302381
2019,9,2019_09_GB_LAC,GB,0.5111111111111112,7.9023814
2019,10,2019_10_CAR_GB,GB,0.37222222222222223,11.319047
2019,12,2019_12_GB_SF,GB,0.4277777777777778,10.069048
2019,13,2019_13_GB_NYG,GB,0.4134920634920635,10.254762
2019,14,2019_14_WAS_GB,GB,0.45515873015873015,10.969048
2019,15,2019_15_CHI_GB,GB,0.5468253968253969,8.969048
2019,16,2019_16_GB_MIN,GB,0.5634920634920635,10.327381
2019,17,2019_17_GB_DET,GB,0.7023809523809524,6.9107146
2020,1,2020_01_GB_MIN,GB,,
2020,2,2020_02_DET_GB,GB,,
2020,3,2020_03_GB_NO,GB,,
2020,4,2020_04_ATL_GB,GB,,
2020,6,2020_06_GB_TB,GB,,
2020,7,2020_07_GB_HOU,GB,,
2020,8,2020_08_MIN_GB,GB,0.6063492063492063,6.080952
2020,9,2020_09_GB_SF,GB,0.5952380952380952,7.3476195
2020,10,2020_10_JAX_GB,GB,0.636904761904762,6.139286
2020,11,2020_11_GB_IND,GB,0.6416666666666666,5.8583336
2020,12,2020_12_CHI_GB,GB,0.5791666666666666,6.4833336
2020,13,2020_13_PHI_GB,GB,0.5125,6.75
2020,14,2020_14_GB_DET,GB,0.4458333333333333,9.716666
2020,15,2020_15_CAR_GB,GB,0.4458333333333333,8.616667
2020,16,2020_16_TEN_GB,GB,0.4875,8.408334
2020,17,2020_17_GB_CHI,GB,0.3875,9.919444
2021,1,2021_01_GB_NO,GB,,
2021,2,2021_02_DET_GB,GB,,
2021,3,2021_03_GB_SF,GB,,
2021,4,2021_04_PIT_GB,GB,,
2021,5,2021_05_GB_CIN,GB,,
2021,6,2021_06_GB_CHI,GB,,
2021,7,2021_07_WAS_GB,GB,0.6051587301587301,7.968254
2021,8,2021_08_GB_ARI,GB,0.5972222222222222,7.277778
2021,9,2021_09_GB_KC,GB,0.6388888888888888,5.319444
2021,10,2021_10_SEA_GB,GB,0.5555555555555555,6.4444447
2021,11,2021_11_GB_MIN,GB,0.5138888888888888,9.819445
2021,12,2021_12_LA_GB,GB,0.5555555555555555,9.152778
2021,14,2021_14_CHI_GB,GB,0.5,8.930555
2021,15,2021_15_GB_BAL,GB,0.47222222222222227,9.458333
2021,16,2021_16_CLE_GB,GB,0.34722222222222227,11.027778
2021,17,2021_17_MIN_GB,GB,0.4055555555555556,10.494445
2021,18,2021_18_GB_DET,GB,0.48888888888888893,6.577778
2022,1,2022_01_GB_MIN,GB,,
2022,2,2022_02_CHI_GB,GB,,
2022,3,2022_03_GB_TB,GB,,
2022,4,2022_04_NE_GB,GB,,
2022,5,2022_05_NYG_GB,GB,,
2022,6,2022_06_NYJ_GB,GB,,
2022,7,2022_07_GB_WAS,GB,0.6924603174603176,5.706349
2022,8,2022_08_GB_BUF,GB,0.7202380952380952,5.3174605
2022,9,2022_09_GB_DET,GB,0.6424603174603175,6.2174606
2022,10,2022_10_DAL_GB,GB,0.6285714285714286,8.050794
2022,11,2022_11_TEN_GB,GB,0.5452380952380952,9.650794
2022,12,2022_12_GB_PHI,GB,0.45,11.988889
2022,13,2022_13_GB_CHI,GB,0.3736111111111111,14.683333
2022,15,2022_15_LA_GB,GB,0.24027777777777778,18.083334
2022,16,2022_16_GB_MIA,GB,0.20694444444444446,19.808332
2022,17,2022_17_MIN_GB,GB,0.09583333333333333,23.041666
2022,18,2022_18_DET_GB,GB,0.22083333333333333,23.983332
2023,1,2023_01_GB_CHI,GB,,
2023,2,2023_02_GB_ATL,GB,,
2023,3,2023_03_NO_GB,GB,,
2023,4,2023_04_DET_GB,GB,,
2023,5,2023_05_GB_LV,GB,,
2023,7,2023_07_GB_DEN,GB,,
2023,8,2023_08_MIN_GB,GB,0.6916666666666668,6.904762
2023,9,2023_09_LA_GB,GB,0.6583333333333333,7.1380954
2023,10,2023_10_GB_PIT,GB,0.6226190476190476,10.078571
2023,11,2023_11_LAC_GB,GB,0.5253968253968254,12.939682
2023,12,2023_12_GB_DET,GB,0.5444444444444444,12.21111
2023,13,2023_13_KC_GB,GB,0.5027777777777778,12.21111
2023,14,2023_14_GB_NYG,GB,0.4361111111111111,14.21111
2023,15,2023_15_TB_GB,GB,0.5277777777777778,13.186111
2023,16,2023_16_GB_CAR,GB,0.5634920634920635,9.6027775
2023,17,2023_17_GB_MIN,GB,0.6468253968253969,7.491667
2023,18,2023_18_CHI_GB,GB,0.6912698412698414,6.736111
2024,1,2024_01_GB_PHI,GB,,
2024,2,2024_02_IND_GB,GB,,
2024,3,2024_03_GB_TEN,GB,,
2024,4,2024_04_MIN_GB,GB,,
2024,5,2024_05_GB_LA,GB,,
2024,6,2024_06_ARI_GB,GB,,
2024,7,2024_07_HOU_GB,GB,0.8333333333333334,3.1666667
2024,8,2024_08_GB_JAX,GB,0.7777777777777778,4.111111
2024,9,2024_09_DET_GB,GB,0.8333333333333334,4.111111
2024,11,2024_11_GB_CHI,GB,0.7666666666666666,5.8777776
2024,12,2024_12_SF_GB,GB,0.7000000000000001,7.577778
2024,13,2024_13_MIA_GB,GB,0.6444444444444445,8.744445
2024,14,2024_14_GB_DET,GB,0.6027777777777777,9.286111
2024,15,2024_15_GB_SEA,GB,0.686111111111111,7.6749997
2024,16,2024_16_NO_GB,GB,0.5611111111111111,11.758334
2024,17,2024_17_GB_MIN,GB,0.4611111111111111,16.324999
2024,18,2024_18_CHI_GB,GB,0.49444444444444446,14.625
2016,1,2016_01_CHI_HOU,HOU,,
2016,2,2016_02_KC_HOU,HOU,,
2016,3,2016_03_HOU_NE,HOU,,
2016,4,2016_04_TEN_HOU,HOU,,
2016,5,2016_05_HOU_MIN,HOU,,
2016,6,2016_06_IND_HOU,HOU,,
2016,7,2016_07_HOU_DEN,HOU,0.47222222222222227,10.066667
2016,8,2016_08_DET_HOU,HOU,0.5555555555555556,7.177778
2016,10,2016_10_HOU_JAX,HOU,0.6055555555555555,6.2944446
2016,11,2016_11_HOU_OAK,HOU,0.6222222222222222,5.644444
2016,12,2016_12_SD_HOU,HOU,0.6,5.7944446
2016,13,2016_13_HOU_GB,HOU,0.6833333333333332,3.9055555
2016,14,2016_14_HOU_IND,HOU,0.5861111111111111,6.183333
2016,15,2016_15_JAX_HOU,HOU,0.5861111111111111,6.5166664
2016,16,2016_16_CIN_HOU,HOU,0.6138888888888888,7.1
2016,17,2016_17_HOU_TEN,HOU,0.6805555555555555,6.3333335
2017,1,2017_01_JAX_HOU,HOU,,
2017,2,2017_02_HOU_CIN,HOU,,
2017,3,2017_03_HOU_NE,HOU,,
2017,4,2017_04_TEN_HOU,HOU,,
2017,5,2017_05_KC_HOU,HOU,,
2017,6,2017_06_CLE_HOU,HOU,,
2017,8,2017_08_HOU_SEA,HOU,0.6345238095238095,7.813095
2017,9,2017_09_IND_HOU,HOU,0.575,8.825
2017,10,2017_10_HOU_LA,HOU,0.6166666666666666,8.116667
2017,11,2017_11_ARI_HOU,HOU,0.7277777777777779,6.0333333
2017,12,2017_12_HOU_BAL,HOU,0.6999999999999998,5.0333333
2017,13,2017_13_HOU_TEN,HOU,0.65,6.0444446
2017,14,2017_14_SF_HOU,HOU,0.6833333333333332,6.177778
2017,15,2017_15_HOU_JAX,HOU,0.7666666666666666,4.5944443
2017,16,2017_16_PIT_HOU,HOU,0.725,5.115278
2017,17,2017_17_HOU_IND,HOU,0.6773809523809523,6.0914683
2018,1,2018_01_HOU_NE,HOU,,
2018,2,2018_02_HOU_TEN,HOU,,
2018,3,2018_03_NYG_HOU,HOU,,
2018,4,2018_04_HOU_IND,HOU,,
2018,5,2018_05_DAL_HOU,HOU,,
2018,6,2018_06_BUF_HOU,HOU,,
2018,7,2018_07_HOU_JAX,HOU,0.7103174603174603,7.1150794
2018,8,2018_08_MIA_HOU,HOU,0.8492063492063492,2.781746
2018,9,2018_09_HOU_DEN,HOU,0.8214285714285713,2.781746
2018,11,2018_11_HOU_WAS,HOU,0.8769841269841271,1.6428571
2018,12,2018_12_TEN_HOU,HOU,0.9305555555555557,0.75
2018,13,2018_13_CLE_HOU,HOU,0.888888888888889,2.0
2018,14,2018_14_IND_HOU,HOU,0.763888888888889,2.9583333
2018,15,2018_15_HOU_NYJ,HOU,0.763888888888889,2.9583333
2018,16,2018_16_HOU_PHI,HOU,0.7583333333333333,3.8916667
2018,17,2018_17_JAX_HOU,HOU,0.6194444444444445,7.2805557
2019,1,2019_01_HOU_NO,HOU,,
2019,2,2019_02_JAX_HOU,HOU,,
2019,3,2019_03_HOU_LAC,HOU,,
2019,4,2019_04_CAR_HOU,HOU,,
2019,5,2019_05_ATL_HOU,HOU,,
2019,6,2019_06_HOU_KC,HOU,,
2019,7,2019_07_HOU_IND,HOU,0.813888888888889,1.6111112
2019,8,2019_08_OAK_HOU,HOU,0.7416666666666667,3.3777778
2019,9,2019_09_HOU_JAX,HOU,0.75,4.111111
2019,11,2019_11_HOU_BAL,HOU,0.6666666666666666,5.6944447
2019,12,2019_12_IND_HOU,HOU,0.6041666666666666,7.152778
2019,13,2019_13_NE_HOU,HOU,0.6875,6.5416665
2019,14,2019_14_DEN_HOU,HOU,0.6541666666666667,5.875
2019,15,2019_15_HOU_TEN,HOU,0.7303571428571428,4.3940477
2019,16,2019_16_HOU_TB,HOU,0.6386904761904763,5.9107146
2019,17,2019_17_TEN_HOU,HOU,0.7220238095238095,4.3273807
2020,1,2020_01_HOU_KC,HOU,,
2020,2,2020_02_BAL_HOU,HOU,,
2020,3,2020_03_HOU_PIT,HOU,,
2020,4,2020_04_MIN_HOU,HOU,,
2020,5,2020_05_JAX_HOU,HOU,,
2020,6,2020_06_HOU_TEN,HOU,,
2020,7,2020_07_GB_HOU,HOU,0.7013888888888888,6.2708335
2020,9,2020_09_HOU_JAX,HOU,0.7847222222222222,4.4375
2020,10,2020_10_HOU_CLE,HOU,0.7388888888888888,4.75
2020,11,2020_11_NE_HOU,HOU,0.7111111111111111,5.3333335
2020,12,2020_12_HOU_DET,HOU,0.7333333333333334,4.65
2020,13,2020_13_IND_HOU,HOU,0.6333333333333333,5.7833333
2020,14,2020_14_HOU_CHI,HOU,0.5555555555555556,7.6
2020,15,2020_15_HOU_IND,HOU,0.4603174603174603,9.12381
2020,16,2020_16_CIN_HOU,HOU,0.3880952380952381,11.12381
2020,17,2020_17_TEN_HOU,HOU,0.4575396825396825,9.68631
2021,1,2021_01_JAX_HOU,HOU,,
2021,2,2021_02_HOU_CLE,HOU,,
2021,3,2021_03_CAR_HOU,HOU,,
2021,4,2021_04_HOU_BUF,HOU,,
2021,5,2021_05_NE_HOU,HOU,,
2021,6,2021_06_HOU_IND,HOU,,
2021,7,2021_07_HOU_ARI,HOU,0.45846560846560847,11.543518
2021,8,2021_08_LA_HOU,HOU,0.4941798941798942,10.585185
2021,9,2021_09_HOU_MIA,HOU,0.5814814814814815,9.382804
2021,11,2021_11_HOU_TEN,HOU,0.6064814814814815,8.232804
2021,12,2021_12_NYJ_HOU,HOU,0.625,7.936508
2021,13,2021_13_IND_HOU,HOU,0.6535714285714286,7.936508
2021,14,2021_14_SEA_HOU,HOU,0.7091269841269842,6.7420635
2021,15,2021_15_HOU_JAX,HOU,0.6615079365079365,7.6468253
2021,16,2021_16_LAC_HOU,HOU,0.5853174603174602,10.63254
2021,17,2021_17_HOU_SF,HOU,0.5793650793650794,9.88254
2021,18,2021_18_TEN_HOU,HOU,0.4682539682539682,12.204762
2022,1,2022_01_IND_HOU,HOU,,
2022,2,2022_02_HOU_DEN,HOU,,
2022,3,2022_03_HOU_CHI,HOU,,
2022,4,2022_04_LAC_HOU,HOU,,
2022,5,2022_05_HOU_JAX,HOU,,
2022,7,2022_07_HOU_LV,HOU,,
2022,8,2022_08_TEN_HOU,HOU,0.7325396825396826,4.5904765
2022,9,2022_09_PHI_HOU,HOU,0.7047619047619048,6.2154765
2022,10,2022_10_HOU_NYG,HOU,0.7380952380952381,5.482143
2022,11,2022_11_WAS_HOU,HOU,0.7047619047619048,6.5488095
2022,12,2022_12_HOU_MIA,HOU,0.7325396825396826,5.882143
2022,13,2022_13_CLE_HOU,HOU,0.7325396825396825,5.4654765
2022,14,2022_14_HOU_DAL,HOU,0.7563492063492063,5.7988095
2022,15,2022_15_KC_HOU,HOU,0.8396825396825397,4.1738095
2022,16,2022_16_HOU_TEN,HOU,0.8396825396825397,4.1738095
2022,17,2022_17_JAX_HOU,HOU,0.7619047619047619,5.940476
2022,18,2022_18_HOU_IND,HOU,0.6507936507936508,8.690476
2023,1,2023_01_HOU_BAL,HOU,,
2023,2,2023_02_IND_HOU,HOU,,
2023,3,2023_03_HOU_JAX,HOU,,
2023,4,2023_04_PIT_HOU,HOU,,
2023,5,2023_05_HOU_ATL,HOU,,
2023,6,2023_06_NO_HOU,HOU,,
2023,8,2023_08_HOU_CAR,HOU,0.7638888888888888,7.847222
2023,9,2023_09_TB_HOU,HOU,0.6805555555555555,9.680555
2023,10,2023_10_HOU_CIN,HOU,0.6736111111111112,9.736112
2023,11,2023_11_ARI_HOU,HOU,0.7291666666666666,5.611111
2023,12,2023_12_JAX_HOU,HOU,0.7847222222222222,3.6666667
2023,13,2023_13_DEN_HOU,HOU,0.7847222222222222,3.6666667
2023,14,2023_14_HOU_NYJ,HOU,0.7847222222222222,3.875
2023,15,2023_15_HOU_TEN,HOU,0.8680555555555555,2.0416667
2023,16,2023_16_CLE_HOU,HOU,0.8055555555555555,3.9166667
2023,17,2023_17_TEN_HOU,HOU,0.6666666666666666,9.0
2023,18,2023_18_HOU_IND,HOU,0.5,12.5
2024,1,2024_01_HOU_IND,HOU,,
2024,2,2024_02_CHI_HOU,HOU,,
2024,3,2024_03_HOU_MIN,HOU,,
2024,4,2024_04_JAX_HOU,HOU,,
2024,5,2024_05_BUF_HOU,HOU,,
2024,6,2024_06_HOU_NE,HOU,,
2024,7,2024_07_HOU_GB,HOU,0.7761904761904762,6.801191
2024,8,2024_08_IND_HOU,HOU,0.7345238095238096,8.55119
2024,9,2024_09_HOU_NYJ,HOU,0.7928571428571428,7.0678573
2024,10,2024_10_DET_HOU,HOU,0.65,10.841667
2024,11,2024_11_HOU_DAL,HOU,0.65,10.841667
2024,12,2024_12_TEN_HOU,HOU,0.5722222222222223,11.252778
2024,13,2024_13_HOU_JAX,HOU,0.5027777777777778,14.294445
2024,15,2024_15_MIA_HOU,HOU,0.5444444444444444,12.544445
2024,16,2024_16_HOU_KC,HOU,0.611111111111111,9.944445
2024,17,2024_17_BAL_HOU,HOU,0.75,6.388889
2024,18,2024_18_HOU_TEN,HOU,0.7261904761904762,7.4603176
2016,1,2016_01_DET_IND,IND,,
2016,2,2016_02_IND_DEN,IND,,
2016,3,2016_03_SD_IND,IND,,
2016,4,2016_04_IND_JAX,IND,,
2016,5,2016_05_CHI_IND,IND,,
2016,6,2016_06_IND_HOU,IND,,
2016,7,2016_07_IND_TEN,IND,0.5496031746031745,9.407739
2016,8,2016_08_KC_IND,IND,0.5416666666666666,9.673612
2016,9,2016_09_IND_GB,IND,0.5595238095238094,8.694445
2016,11,2016_11_TEN_IND,IND,0.5595238095238094,12.222222
2016,12,2016_12_PIT_IND,IND,0.5317460317460317,11.986111
2016,13,2016_13_IND_NYJ,IND,0.5484126984126984,12.191667
2016,14,2016_14_HOU_IND,IND,0.6595238095238095,10.608333
2016,15,2016_15_IND_MIN,IND,0.6674603174603174,10.509127
2016,16,2016_16_IND_OAK,IND,0.5801587301587302,12.564682
2016,17,2016_17_JAX_IND,IND,0.5523809523809523,9.731349
2017,1,2017_01_IND_LA,IND,,
2017,2,2017_02_ARI_IND,IND,,
2017,3,2017_03_CLE_IND,IND,,
2017,4,2017_04_IND_SEA,IND,,
2017,5,2017_05_SF_IND,IND,,
2017,6,2017_06_IND_TEN,IND,,
2017,7,2017_07_JAX_IND,IND,0.6481481481481481,7.077778
2017,8,2017_08_IND_CIN,IND,0.5648148148148148,9.161111
2017,9,2017_09_IND_HOU,IND,0.5648148148148148,8.327778
2017,10,2017_10_PIT_IND,IND,0.575925925925926,9.2722225
2017,12,2017_12_TEN_IND,IND,0.6685185185185185,7.735185
2017,13,2017_13_IND_JAX,IND,0.6685185185185185,7.735185
2017,14,2017_14_IND_BUF,IND,0.6896825396825396,6.0658727
2017,15,2017_15_DEN_IND,IND,0.6063492063492063,6.8158727
2017,16,2017_16_IND_BAL,IND,0.7063492063492064,5.015873
2017,17,2017_17_HOU_IND,IND,0.7341269841269841,5.015873
2018,1,2018_01_CIN_IND,IND,,
2018,2,2018_02_IND_WAS,IND,,
2018,3,2018_03_IND_PHI,IND,,
2018,4,2018_04_HOU_IND,IND,,
2018,5,2018_05_IND_NE,IND,,
2018,6,2018_06_IND_NYJ,IND,,
2018,7,2018_07_BUF_IND,IND,0.7482142857142856,5.0565476
2018,8,2018_08_IND_OAK,IND,0.7958333333333334,3.7708333
2018,10,2018_10_JAX_IND,IND,0.8041666666666667,3.5458333
2018,11,2018_11_TEN_IND,IND,0.8430555555555556,2.573611
2018,12,2018_12_MIA_IND,IND,0.8013888888888889,3.490278
2018,13,2018_13_IND_JAX,IND,0.8222222222222223,3.177778
2018,14,2018_14_IND_HOU,IND,0.8555555555555555,2.3444445
2018,15,2018_15_DAL_IND,IND,0.8138888888888888,2.7611113
2018,16,2018_16_NYG_IND,IND,0.8472222222222222,2.1944444
2018,17,2018_17_IND_TEN,IND,0.8472222222222222,2.6666667
2019,1,2019_01_IND_LAC,IND,,
2019,2,2019_02_IND_TEN,IND,,
2019,3,2019_03_ATL_IND,IND,,
2019,4,2019_04_OAK_IND,IND,,
2019,5,2019_05_IND_KC,IND,,
2019,7,2019_07_HOU_IND,IND,,
2019,8,2019_08_DEN_IND,IND,0.5686507936507936,8.464286
2019,9,2019_09_IND_PIT,IND,0.5519841269841269,10.164286
2019,10,2019_10_MIA_IND,IND,0.5162698412698413,11.4619055
2019,11,2019_11_JAX_IND,IND,0.5496031746031746,10.428572
2019,12,2019_12_IND_HOU,IND,0.41071428571428575,12.928571
2019,13,2019_13_TEN_IND,IND,0.4357142857142857,12.595238
2019,14,2019_14_IND_TB,IND,0.5031746031746033,11.130952
2019,15,2019_15_IND_NO,IND,0.5865079365079365,7.9642854
2019,16,2019_16_CAR_IND,IND,0.6777777777777777,5.611111
2019,17,2019_17_IND_JAX,IND,0.6777777777777777,5.611111
2020,1,2020_01_IND_JAX,IND,,
2020,2,2020_02_MIN_IND,IND,,
2020,3,2020_03_NYJ_IND,IND,,
2020,4,2020_04_IND_CHI,IND,,
2020,5,2020_05_IND_CLE,IND,,
2020,6,2020_06_CIN_IND,IND,,
2020,8,2020_08_IND_DET,IND,0.4226190476190476,12.922619
2020,9,2020_09_BAL_IND,IND,0.33928571428571425,14.630952
2020,10,2020_10_IND_TEN,IND,0.33095238095238094,16.939285
2020,11,2020_11_GB_IND,IND,0.2615079365079365,19.286509
2020,12,2020_12_TEN_IND,IND,0.3448412698412699,18.203175
2020,13,2020_13_IND_HOU,IND,0.4222222222222222,14.176389
2020,14,2020_14_IND_LV,IND,0.33888888888888885,16.148611
2020,15,2020_15_HOU_IND,IND,0.45,13.579166
2020,16,2020_16_IND_PIT,IND,0.5416666666666666,10.9375
2020,17,2020_17_JAX_IND,IND,0.5,11.579166
2021,1,2021_01_SEA_IND,IND,,
2021,2,2021_02_LA_IND,IND,,
2021,3,2021_03_IND_TEN,IND,,
2021,4,2021_04_IND_MIA,IND,,
2021,5,2021_05_IND_BAL,IND,,
2021,6,2021_06_HOU_IND,IND,,
2021,7,2021_07_IND_SF,IND,0.4388888888888889,11.805556
2021,8,2021_08_TEN_IND,IND,0.47222222222222215,10.905556
2021,9,2021_09_NYJ_IND,IND,0.42857142857142855,11.576191
2021,10,2021_10_JAX_IND,IND,0.35634920634920636,12.170635
2021,11,2021_11_IND_BUF,IND,0.35634920634920636,14.337302
2021,12,2021_12_TB_IND,IND,0.3119047619047619,15.692857
2021,13,2021_13_IND_HOU,IND,0.45476190476190476,12.57381
2021,15,2021_15_NE_IND,IND,0.4880952380952381,12.107143
2021,16,2021_16_IND_ARI,IND,0.4345238095238095,12.922619
2021,17,2021_17_LV_IND,IND,0.5067460317460317,11.761508
2021,18,2021_18_IND_JAX,IND,0.6067460317460317,8.428175
2022,1,2022_01_IND_HOU,IND,,
2022,2,2022_02_IND_JAX,IND,,
2022,3,2022_03_KC_IND,IND,,
2022,4,2022_04_TEN_IND,IND,,
2022,5,2022_05_IND_DEN,IND,,
2022,6,2022_06_JAX_IND,IND,,
2022,7,2022_07_IND_TEN,IND,0.7166666666666667,6.5750003
2022,8,2022_08_WAS_IND,IND,0.6333333333333333,7.9083333
2022,9,2022_09_IND_NE,IND,0.7333333333333334,5.975
2022,10,2022_10_IND_LV,IND,0.769047619047619,4.695238
2022,11,2022_11_PHI_IND,IND,0.7273809523809524,5.570238
2022,12,2022_12_PIT_IND,IND,0.7273809523809524,5.570238
2022,13,2022_13_IND_DAL,IND,0.6884920634920636,9.553572
2022,15,2022_15_IND_MIN,IND,0.6236772486772487,12.146164
2022,16,2022_16_LAC_IND,IND,0.4847883597883598,17.007275
2022,17,2022_17_IND_NYG,IND,0.40740740740740744,19.412037
2022,18,2022_18_HOU_IND,IND,0.33796296296296297,21.731482
2023,1,2023_01_JAX_IND,IND,,
2023,2,2023_02_IND_HOU,IND,,
2023,3,2023_03_IND_BAL,IND,,
2023,4,2023_04_LA_IND,IND,,
2023,5,2023_05_TEN_IND,IND,,
2023,6,2023_06_IND_JAX,IND,,
2023,7,2023_07_CLE_IND,IND,0.8180555555555555,1.1611111
2023,8,2023_08_NO_IND,IND,0.7833333333333333,1.4250001
2023,9,2023_09_IND_CAR,IND,0.85,1.4250001
2023,10,2023_10_IND_NE,IND,0.85,1.4250001
2023,12,2023_12_TB_IND,IND,0.7944444444444444,3.7583332
2023,13,2023_13_IND_TEN,IND,0.8277777777777778,3.125
2023,14,2023_14_IND_CIN,IND,0.8208333333333333,4.125
2023,15,2023_15_PIT_IND,IND,0.8357142857142857,3.7380953
2023,16,2023_16_IND_ATL,IND,0.8357142857142857,3.7380953
2023,17,2023_17_LV_IND,IND,0.8357142857142857,3.7380953
2023,18,2023_18_HOU_IND,IND,0.8246031746031744,1.4047619
2024,1,2024_01_HOU_IND,IND,,
2024,2,2024_02_IND_GB,IND,,
2024,3,2024_03_CHI_IND,IND,,
2024,4,2024_04_PIT_IND,IND,,
2024,5,2024_05_IND_JAX,IND,,
2024,6,2024_06_IND_TEN,IND,,
2024,7,2024_07_MIA_IND,IND,0.8005952380952381,5.5744042
2024,8,2024_08_IND_HOU,IND,0.8402777777777777,4.0902777
2024,9,2024_09_IND_MIN,IND,0.7847222222222222,6.6180553
2024,10,2024_10_BUF_IND,IND,0.8263888888888888,5.3680553
2024,11,2024_11_IND_NYJ,IND,0.8263888888888888,5.3680553
2024,12,2024_12_DET_IND,IND,0.736111111111111,7.9305553
2024,13,2024_13_IND_NE,IND,0.7444444444444445,7.638889
2024,15,2024_15_IND_DEN,IND,0.7166666666666667,8.527778
2024,16,2024_16_TEN_IND,IND,0.7722222222222221,6.0
2024,17,2024_17_IND_NYG,IND,0.638888888888889,10.233334
2024,18,2024_18_JAX_IND,IND,0.6388888888888888,10.233334
2016,1,2016_01_GB_JAX,JAX,,
2016,2,2016_02_JAX_SD,JAX,,
2016,3,2016_03_BAL_JAX,JAX,,
2016,4,2016_04_IND_JAX,JAX,,
2016,6,2016_06_JAX_CHI,JAX,,
2016,7,2016_07_OAK_JAX,JAX,,
2016,8,2016_08_JAX_TEN,JAX,0.5026455026455027,9.756349
2016,9,2016_09_JAX_KC,JAX,0.5105820105820106,9.411111
2016,10,2016_10_HOU_JAX,JAX,0.49867724867724866,10.232539
2016,11,2016_11_JAX_DET,JAX,0.5653439153439154,9.399206
2016,12,2016_12_JAX_BUF,JAX,0.6486772486772486,8.343651
2016,13,2016_13_DEN_JAX,JAX,0.582010582010582,9.510318
2016,14,2016_14_MIN_JAX,JAX,0.6079365079365079,7.788095
2016,15,2016_15_JAX_HOU,JAX,0.5841269841269842,8.288095
2016,16,2016_16_TEN_JAX,JAX,0.6119047619047618,9.565873
2016,17,2016_17_JAX_IND,JAX,0.6785714285714285,8.465873
2017,1,2017_01_JAX_HOU,JAX,,
2017,2,2017_02_TEN_JAX,JAX,,
2017,3,2017_03_BAL_JAX,JAX,,
2017,4,2017_04_JAX_NYJ,JAX,,
2017,5,2017_05_JAX_PIT,JAX,,
2017,6,2017_06_LA_JAX,JAX,,
2017,7,2017_07_JAX_IND,JAX,0.751984126984127,4.234127
2017,9,2017_09_CIN_JAX,JAX,0.751984126984127,4.234127
2017,10,2017_10_LAC_JAX,JAX,0.7638888888888888,4.555556
2017,11,2017_11_JAX_CLE,JAX,0.7805555555555554,5.2555556
2017,12,2017_12_JAX_ARI,JAX,0.8083333333333332,4.7000003
2017,13,2017_13_IND_JAX,JAX,0.7875,5.5333333
2017,14,2017_14_SEA_JAX,JAX,0.6763888888888889,8.088889
2017,15,2017_15_HOU_JAX,JAX,0.576388888888889,9.822223
2017,16,2017_16_JAX_SF,JAX,0.4930555555555556,11.072223
2017,17,2017_17_JAX_TEN,JAX,0.49722222222222223,10.705555
2018,1,2018_01_JAX_NYG,JAX,,
2018,2,2018_02_NE_JAX,JAX,,
2018,3,2018_03_TEN_JAX,JAX,,
2018,4,2018_04_NYJ_JAX,JAX,,
2018,5,2018_05_JAX_KC,JAX,,
2018,6,2018_06_JAX_DAL,JAX,,
2018,7,2018_07_HOU_JAX,JAX,0.6588624338624339,5.7300262
2018,8,2018_08_PHI_JAX,JAX,0.6921957671957673,4.3966928
2018,10,2018_10_JAX_IND,JAX,0.7588624338624338,4.1633596
2018,11,2018_11_PIT_JAX,JAX,0.7005291005291006,6.721693
2018,12,2018_12_JAX_BUF,JAX,0.6838624338624338,7.0633597
2018,13,2018_13_IND_JAX,JAX,0.6314814814814814,8.415741
2018,14,2018_14_JAX_TEN,JAX,0.65,7.8416667
2018,15,2018_15_WAS_JAX,JAX,0.6208333333333333,8.716666
2018,16,2018_16_JAX_MIA,JAX,0.6124999999999999,8.791667
2018,17,2018_17_JAX_HOU,JAX,0.7125,5.1916666
2019,1,2019_01_KC_JAX,JAX,,
2019,2,2019_02_JAX_HOU,JAX,,
2019,3,2019_03_TEN_JAX,JAX,,
2019,4,2019_04_JAX_DEN,JAX,,
2019,5,2019_05_JAX_CAR,JAX,,
2019,6,2019_06_NO_JAX,JAX,,
2019,7,2019_07_JAX_CIN,JAX,0.9074074074074074,1.8148149
2019,8,2019_08_NYJ_JAX,JAX,0.9027777777777778,1.111111
2019,9,2019_09_HOU_JAX,JAX,0.8472222222222222,2.7222223
2019,11,2019_11_JAX_IND,JAX,0.7916666666666666,3.8333333
2019,12,2019_12_JAX_TEN,JAX,0.7638888888888888,4.4722223
2019,13,2019_13_TB_JAX,JAX,0.5972222222222222,8.210318
2019,14,2019_14_LAC_JAX,JAX,0.5694444444444444,8.904762
2019,15,2019_15_JAX_OAK,JAX,0.5277777777777778,10.446429
2019,16,2019_16_JAX_ATL,JAX,0.5972222222222222,9.18254
2019,17,2019_17_IND_JAX,JAX,0.5861111111111111,9.971429
2020,1,2020_01_IND_JAX,JAX,,
2020,2,2020_02_JAX_TEN,JAX,,
2020,3,2020_03_MIA_JAX,JAX,,
2020,4,2020_04_JAX_CIN,JAX,,
2020,5,2020_05_JAX_HOU,JAX,,
2020,6,2020_06_DET_JAX,JAX,,
2020,7,2020_07_JAX_LAC,JAX,0.7587301587301587,4.690476
2020,9,2020_09_HOU_JAX,JAX,0.7420634920634921,4.877976
2020,10,2020_10_JAX_GB,JAX,0.6587301587301587,7.4890876
2020,11,2020_11_PIT_JAX,JAX,0.6198412698412699,7.4890876
2020,12,2020_12_CLE_JAX,JAX,0.6198412698412699,7.4890876
2020,13,2020_13_JAX_MIN,JAX,0.5880952380952381,7.481151
2020,14,2020_14_TEN_JAX,JAX,0.6833333333333332,6.076389
2020,15,2020_15_JAX_BAL,JAX,0.7333333333333334,4.7555556
2020,16,2020_16_CHI_JAX,JAX,0.8206349206349207,2.5968254
2020,17,2020_17_JAX_IND,JAX,0.7682539682539682,4.4301586
2021,1,2021_01_JAX_HOU,JAX,,
2021,2,2021_02_DEN_JAX,JAX,,
2021,3,2021_03_ARI_JAX,JAX,,
2021,4,2021_04_JAX_CIN,JAX,,
2021,5,2021_05_TEN_JAX,JAX,,
2021,6,2021_06_MIA_JAX,JAX,,
2021,8,2021_08_JAX_SEA,JAX,0.6797619047619047,8.815476
2021,9,2021_09_BUF_JAX,JAX,0.5408730158730158,11.065476
2021,10,2021_10_JAX_IND,JAX,0.5964285714285714,7.732143
2021,11,2021_11_SF_JAX,JAX,0.4853174603174603,10.037699
2021,12,2021_12_ATL_JAX,JAX,0.47142857142857136,10.329366
2021,13,2021_13_JAX_LA,JAX,0.4416666666666667,11.388889
2021,14,2021_14_JAX_TEN,JAX,0.5,10.055556
2021,15,2021_15_HOU_JAX,JAX,0.6055555555555555,8.338889
2021,16,2021_16_JAX_NYJ,JAX,0.5499999999999999,9.338889
2021,17,2021_17_JAX_NE,JAX,0.6611111111111111,7.172222
2021,18,2021_18_IND_JAX,JAX,0.6240740740740741,7.3851852
2022,1,2022_01_JAX_WAS,JAX,,
2022,2,2022_02_IND_JAX,JAX,,
2022,3,2022_03_JAX_LAC,JAX,,
2022,4,2022_04_JAX_PHI,JAX,,
2022,5,2022_05_HOU_JAX,JAX,,
2022,6,2022_06_JAX_IND,JAX,,
2022,7,2022_07_NYG_JAX,JAX,0.6964285714285715,6.3849206
2022,8,2022_08_DEN_JAX,JAX,0.613095238095238,8.273809
2022,9,2022_09_LV_JAX,JAX,0.5130952380952382,9.973809
2022,10,2022_10_JAX_KC,JAX,0.44642857142857145,12.040477
2022,12,2022_12_BAL_JAX,JAX,0.46309523809523806,12.496032
2022,13,2022_13_JAX_DET,JAX,0.5880952380952381,9.912698
2022,14,2022_14_JAX_TEN,JAX,0.6462962962962963,8.907407
2022,15,2022_15_DAL_JAX,JAX,0.6462962962962963,8.768518
2022,16,2022_16_JAX_NYJ,JAX,0.7462962962962963,7.068518
2022,17,2022_17_JAX_HOU,JAX,0.7296296296296297,7.0851855
2022,18,2022_18_TEN_JAX,JAX,0.7129629629629629,6.351852
2023,1,2023_01_JAX_IND,JAX,,
2023,2,2023_02_KC_JAX,JAX,,
2023,3,2023_03_HOU_JAX,JAX,,
2023,4,2023_04_ATL_JAX,JAX,,
2023,5,2023_05_JAX_BUF,JAX,,
2023,6,2023_06_IND_JAX,JAX,,
2023,7,2023_07_JAX_NO,JAX,0.7702380952380953,4.7309527
2023,8,2023_08_JAX_PIT,JAX,0.811904761904762,3.8976192
2023,10,2023_10_SF_JAX,JAX,0.7007936507936509,6.5642858
2023,11,2023_11_TEN_JAX,JAX,0.7166666666666668,6.072222
2023,12,2023_12_JAX_HOU,JAX,0.6055555555555556,7.072222
2023,13,2023_13_CIN_JAX,JAX,0.6472222222222223,7.488889
2023,14,2023_14_JAX_CLE,JAX,0.6329365079365079,6.936508
2023,15,2023_15_BAL_JAX,JAX,0.5773809523809524,7.8809524
2023,16,2023_16_JAX_TB,JAX,0.6051587301587301,7.7420635
2023,17,2023_17_CAR_JAX,JAX,0.5416666666666666,9.043651
2023,18,2023_18_JAX_TEN,JAX,0.4861111111111111,11.710317
2024,1,2024_01_JAX_MIA,JAX,,
2024,2,2024_02_CLE_JAX,JAX,,
2024,3,2024_03_JAX_BUF,JAX,,
2024,4,2024_04_JAX_HOU,JAX,,
2024,5,2024_05_IND_JAX,JAX,,
2024,6,2024_06_JAX_CHI,JAX,,
2024,7,2024_07_NE_JAX,JAX,0.6314814814814814,8.205556
2024,8,2024_08_GB_JAX,JAX,0.6731481481481482,7.4972224
2024,9,2024_09_JAX_PHI,JAX,0.6731481481481482,8.580556
2024,10,2024_10_MIN_JAX,JAX,0.6361111111111111,9.997222
2024,11,2024_11_JAX_DET,JAX,0.7027777777777778,8.730556
2024,13,2024_13_HOU_JAX,JAX,0.6657407407407406,9.804629
2024,14,2024_14_JAX_TEN,JAX,0.6657407407407407,8.776852
2024,15,2024_15_NYJ_JAX,JAX,0.5962962962962962,9.540741
2024,16,2024_16_JAX_LV,JAX,0.5962962962962963,9.874074
2024,17,2024_17_TEN_JAX,JAX,0.6518518518518519,7.9574075
2024,18,2024_18_JAX_IND,JAX,0.5740740740740741,10.601851
2016,1,2016_01_SD_KC,KC,,
2016,2,2016_02_KC_HOU,KC,,
2016,3,2016_03_NYJ_KC,KC,,
2016,4,2016_04_KC_PIT,KC,,
2016,6,2016_06_KC_OAK,KC,,
2016,7,2016_07_NO_KC,KC,,
2016,8,2016_08_KC_IND,KC,0.38095238095238093,11.930556
2016,9,2016_09_JAX_KC,KC,0.3253968253968254,13.097222
2016,10,2016_10_KC_CAR,KC,0.38095238095238093,10.541667
2016,11,2016_11_TB_KC,KC,0.5059523809523809,9.666667
2016,12,2016_12_KC_DEN,KC,0.4861111111111111,10.083333
2016,13,2016_13_KC_ATL,KC,0.5218253968253969,10.607142
2016,14,2016_14_OAK_KC,KC,0.4384920634920635,13.426587
2016,15,2016_15_TEN_KC,KC,0.36904761904761907,15.301587
2016,16,2016_16_DEN_KC,KC,0.3968253968253968,14.384921
2016,17,2016_17_KC_SD,KC,0.3829365079365079,14.454365
2017,1,2017_01_KC_NE,KC,,
2017,2,2017_02_PHI_KC,KC,,
2017,3,2017_03_KC_LAC,KC,,
2017,4,2017_04_WAS_KC,KC,,
2017,5,2017_05_KC_HOU,KC,,
2017,6,2017_06_PIT_KC,KC,,
2017,7,2017_07_KC_OAK,KC,0.33888888888888885,16.105555
2017,8,2017_08_DEN_KC,KC,0.3833333333333333,14.95
2017,9,2017_09_KC_DAL,KC,0.3833333333333333,13.783333
2017,11,2017_11_KC_NYG,KC,0.44999999999999996,10.983334
2017,12,2017_12_BUF_KC,KC,0.3499999999999999,13.216667
2017,13,2017_13_KC_NYJ,KC,0.35000000000000003,13.616668
2017,14,2017_14_OAK_KC,KC,0.32916666666666666,13.804168
2017,15,2017_15_LAC_KC,KC,0.28472222222222227,13.681945
2017,16,2017_16_MIA_KC,KC,0.2513888888888889,16.04861
2017,17,2017_17_KC_DEN,KC,0.2263888888888889,16.515278
2018,1,2018_01_KC_LAC,KC,,
2018,2,2018_02_KC_PIT,KC,,
2018,3,2018_03_SF_KC,KC,,
2018,4,2018_04_KC_DEN,KC,,
2018,5,2018_05_JAX_KC,KC,,
2018,6,2018_06_KC_NE,KC,,
2018,7,2018_07_CIN_KC,KC,0.7074074074074074,5.8796296
2018,8,2018_08_DEN_KC,KC,0.7074074074074074,6.2407403
2018,9,2018_09_KC_CLE,KC,0.5740740740740741,9.14074
2018,10,2018_10_ARI_KC,KC,0.5407407407407407,10.074074
2018,11,2018_11_KC_LA,KC,0.37407407407407406,11.296296
2018,13,2018_13_KC_OAK,KC,0.3685185185185185,14.135185
2018,14,2018_14_BAL_KC,KC,0.3420634920634921,12.521428
2018,15,2018_15_LAC_KC,KC,0.3976190476190476,11.243651
2018,16,2018_16_KC_SEA,KC,0.36428571428571427,11.810318
2018,17,2018_17_OAK_KC,KC,0.3119047619047619,12.757937
2019,1,2019_01_KC_JAX,KC,,
2019,2,2019_02_KC_OAK,KC,,
2019,3,2019_03_BAL_KC,KC,,
2019,4,2019_04_KC_DET,KC,,
2019,5,2019_05_IND_KC,KC,,
2019,6,2019_06_HOU_KC,KC,,
2019,7,2019_07_KC_DEN,KC,0.44047619047619047,10.214286
2019,8,2019_08_GB_KC,KC,0.5515873015873015,8.964286
2019,9,2019_09_MIN_KC,KC,0.5515873015873016,9.547619
2019,10,2019_10_KC_TEN,KC,0.44603174603174606,12.914287
2019,11,2019_11_KC_LAC,KC,0.4777777777777778,12.033333
2019,13,2019_13_OAK_KC,KC,0.5055555555555555,11.422222
2019,14,2019_14_KC_NE,KC,0.5888888888888889,9.783334
2019,15,2019_15_DEN_KC,KC,0.46388888888888885,12.825
2019,16,2019_16_KC_CHI,KC,0.4916666666666667,11.852778
2019,17,2019_17_LAC_KC,KC,0.4583333333333333,13.236111
2020,1,2020_01_HOU_KC,KC,,
2020,2,2020_02_KC_LAC,KC,,
2020,3,2020_03_KC_BAL,KC,,
2020,4,2020_04_NE_KC,KC,,
2020,5,2020_05_LV_KC,KC,,
2020,6,2020_06_KC_BUF,KC,,
2020,7,2020_07_KC_DEN,KC,0.725,5.9791665
2020,8,2020_08_NYJ_KC,KC,0.725,9.104167
2020,9,2020_09_CAR_KC,KC,0.6333333333333334,11.320834
2020,11,2020_11_KC_LV,KC,0.611111111111111,10.6875
2020,12,2020_12_KC_TB,KC,0.5277777777777778,12.548611
2020,13,2020_13_DEN_KC,KC,0.5694444444444444,11.611111
2020,14,2020_14_KC_MIA,KC,0.6527777777777778,10.236112
2020,15,2020_15_KC_NO,KC,0.6884920634920634,5.468254
2020,16,2020_16_ATL_KC,KC,0.8134920634920636,2.218254
2020,17,2020_17_LAC_KC,KC,0.8134920634920634,3.3849208
2021,1,2021_01_CLE_KC,KC,,
2021,2,2021_02_KC_BAL,KC,,
2021,3,2021_03_LAC_KC,KC,,
2021,4,2021_04_KC_PHI,KC,,
2021,5,2021_05_BUF_KC,KC,,
2021,6,2021_06_KC_WAS,KC,,
2021,7,2021_07_KC_TEN,KC,0.5543650793650793,9.94881
2021,8,2021_08_NYG_KC,KC,0.621031746031746,8.482142
2021,9,2021_09_GB_KC,KC,0.7400793650793651,6.577381
2021,10,2021_10_KC_LV,KC,0.6845238095238094,6.7440476
2021,11,2021_11_DAL_KC,KC,0.6686507936507936,6.0376983
2021,13,2021_13_DEN_KC,KC,0.6388888888888888,8.180555
2021,14,2021_14_LV_KC,KC,0.625,7.222222
2021,15,2021_15_KC_LAC,KC,0.5416666666666666,9.222222
2021,16,2021_16_PIT_KC,KC,0.5138888888888888,9.75
2021,17,2021_17_KC_CIN,KC,0.5416666666666666,9.861112
2021,18,2021_18_KC_DEN,KC,0.513888888888889,10.972222
2022,1,2022_01_KC_ARI,KC,,
2022,2,2022_02_LAC_KC,KC,,
2022,3,2022_03_KC_IND,KC,,
2022,4,2022_04_KC_TB,KC,,
2022,5,2022_05_LV_KC,KC,,
2022,6,2022_06_BUF_KC,KC,,
2022,7,2022_07_KC_SF,KC,0.44841269841269843,9.721826
2022,9,2022_09_TEN_KC,KC,0.3888888888888889,10.942063
2022,10,2022_10_JAX_KC,KC,0.35555555555555557,12.242063
2022,11,2022_11_KC_LAC,KC,0.3972222222222222,9.942063
2022,12,2022_12_LA_KC,KC,0.4527777777777777,7.969841
2022,13,2022_13_KC_CIN,KC,0.4765873015873015,7.5174603
2022,14,2022_14_KC_DEN,KC,0.47103174603174597,9.00635
2022,15,2022_15_KC_HOU,KC,0.6138888888888888,5.9111114
2022,16,2022_16_SEA_KC,KC,0.5972222222222222,5.9166665
2022,17,2022_17_DEN_KC,KC,0.5555555555555555,6.6666665
2022,18,2022_18_KC_LV,KC,0.611111111111111,6.111111
2023,1,2023_01_DET_KC,KC,,
2023,2,2023_02_KC_JAX,KC,,
2023,3,2023_03_CHI_KC,KC,,
2023,4,2023_04_KC_NYJ,KC,,
2023,5,2023_05_KC_MIN,KC,,
2023,6,2023_06_DEN_KC,KC,,
2023,7,2023_07_LAC_KC,KC,0.9111111111111111,1.4444443
2023,8,2023_08_KC_DEN,KC,0.9111111111111111,1.4444443
2023,9,2023_09_MIA_KC,KC,0.9333333333333332,1.1333333
2023,11,2023_11_PHI_KC,KC,0.8777777777777778,2.2444444
2023,12,2023_12_KC_LV,KC,0.8777777777777778,2.2444444
2023,13,2023_13_KC_GB,KC,0.8694444444444445,2.786111
2023,14,2023_14_BUF_KC,KC,0.7861111111111111,4.258333
2023,15,2023_15_KC_NE,KC,0.6194444444444444,4.258333
2023,16,2023_16_LV_KC,KC,0.6527777777777778,3.7916667
2023,17,2023_17_CIN_KC,KC,0.6083333333333333,4.947222
2023,18,2023_18_KC_LAC,KC,0.5666666666666665,4.947222
2024,1,2024_01_BAL_KC,KC,,
2024,2,2024_02_CIN_KC,KC,,
2024,3,2024_03_KC_ATL,KC,,
2024,4,2024_04_KC_LAC,KC,,
2024,5,2024_05_NO_KC,KC,,
2024,7,2024_07_KC_SF,KC,,
2024,8,2024_08_KC_LV,KC,0.5583333333333333,10.316667
2024,9,2024_09_TB_KC,KC,0.5583333333333333,8.883333
2024,10,2024_10_DEN_KC,KC,0.5583333333333333,8.883333
2024,11,2024_11_KC_BUF,KC,0.5861111111111111,8.147222
2024,12,2024_12_KC_CAR,KC,0.5861111111111111,8.147222
2024,13,2024_13_LV_KC,KC,0.6416666666666667,7.980555
2024,14,2024_14_LAC_KC,KC,0.6833333333333332,7.605555
2024,15,2024_15_KC_CLE,KC,0.5833333333333334,10.680556
2024,16,2024_16_HOU_KC,KC,0.5833333333333334,10.680556
2024,17,2024_17_KC_PIT,KC,0.47222222222222215,13.591667
2024,18,2024_18_KC_DEN,KC,0.3055555555555555,17.925001
2016,1,2016_01_LA_SF,LA,,
2016,2,2016_02_SEA_LA,LA,,
2016,3,2016_03_LA_TB,LA,,
2016,4,2016_04_LA_ARI,LA,,
2016,5,2016_05_BUF_LA,LA,,
2016,6,2016_06_LA_DET,LA,,
2016,7,2016_07_NYG_LA,LA,0.6472222222222223,8.327778
2016,9,2016_09_CAR_LA,LA,0.5888888888888889,8.944445
2016,10,2016_10_LA_NYJ,LA,0.5472222222222222,9.569445
2016,11,2016_11_MIA_LA,LA,0.5194444444444445,9.708333
2016,12,2016_12_LA_NO,LA,0.45,13.402778
2016,13,2016_13_LA_NE,LA,0.4583333333333333,13.965278
2016,14,2016_14_ATL_LA,LA,0.41865079365079366,15.072421
2016,15,2016_15_LA_SEA,LA,0.40079365079365076,15.298611
2016,16,2016_16_SF_LA,LA,0.27579365079365076,17.940279
2016,17,2016_17_ARI_LA,LA,0.19246031746031744,21.815277
2017,1,2017_01_IND_LA,LA,,
2017,2,2017_02_WAS_LA,LA,,
2017,3,2017_03_LA_SF,LA,,
2017,4,2017_04_LA_DAL,LA,,
2017,5,2017_05_SEA_LA,LA,,
2017,6,2017_06_LA_JAX,LA,,
2017,7,2017_07_ARI_LA,LA,0.4305555555555556,16.118055
2017,9,2017_09_LA_NYG,LA,0.34722222222222227,17.118055
2017,10,2017_10_HOU_LA,LA,0.4305555555555555,15.479167
2017,11,2017_11_LA_MIN,LA,0.34722222222222215,17.833334
2017,12,2017_12_NO_LA,LA,0.39166666666666666,16.416666
2017,13,2017_13_LA_ARI,LA,0.35000000000000003,17.916666
2017,14,2017_14_PHI_LA,LA,0.26666666666666666,14.791667
2017,15,2017_15_LA_SEA,LA,0.35000000000000003,13.333333
2017,16,2017_16_LA_TEN,LA,0.2388888888888889,16.222223
2017,17,2017_17_SF_LA,LA,0.29444444444444445,14.555556
2018,1,2018_01_LA_OAK,LA,,
2018,2,2018_02_ARI_LA,LA,,
2018,3,2018_03_LAC_LA,LA,,
2018,4,2018_04_MIN_LA,LA,,
2018,5,2018_05_LA_SEA,LA,,
2018,6,2018_06_LA_DEN,LA,,
2018,7,2018_07_LA_SF,LA,0.30357142857142855,15.14246
2018,8,2018_08_GB_LA,LA,0.3452380952380952,13.975793
2018,9,2018_09_LA_NO,LA,0.4166666666666667,11.832936
2018,10,2018_10_SEA_LA,LA,0.45416666666666666,11.16627
2018,11,2018_11_KC_LA,LA,0.44226190476190474,10.765476
2018,13,2018_13_LA_DET,LA,0.5348544973544973,8.654365
2018,14,2018_14_LA_CHI,LA,0.4681878306878307,9.354365
2018,15,2018_15_PHI_LA,LA,0.4265211640211641,9.854365
2018,16,2018_16_LA_ARI,LA,0.47414021164021164,9.06865
2018,17,2018_17_SF_LA,LA,0.5366402116402117,7.235317
2019,1,2019_01_LA_CAR,LA,,
2019,2,2019_02_NO_LA,LA,,
2019,3,2019_03_LA_CLE,LA,,
2019,4,2019_04_TB_LA,LA,,
2019,5,2019_05_LA_SEA,LA,,
2019,6,2019_06_SF_LA,LA,,
2019,7,2019_07_LA_ATL,LA,0.85,2.8333333
2019,8,2019_08_CIN_LA,LA,0.8277777777777778,2.8333333
2019,10,2019_10_LA_PIT,LA,0.7722222222222223,3.611111
2019,11,2019_11_CHI_LA,LA,0.638888888888889,6.7444444
2019,12,2019_12_BAL_LA,LA,0.5722222222222222,8.627778
2019,13,2019_13_LA_ARI,LA,0.5305555555555556,9.544444
2019,14,2019_14_SEA_LA,LA,0.5472222222222222,8.244445
2019,15,2019_15_LA_DAL,LA,0.5194444444444445,9.702778
2019,16,2019_16_LA_SF,LA,0.5194444444444445,9.350926
2019,17,2019_17_ARI_LA,LA,0.625,6.9675927
2020,1,2020_01_DAL_LA,LA,,
2020,2,2020_02_LA_PHI,LA,,
2020,3,2020_03_LA_BUF,LA,,
2020,4,2020_04_NYG_LA,LA,,
2020,5,2020_05_LA_WAS,LA,,
2020,6,2020_06_LA_SF,LA,,
2020,7,2020_07_CHI_LA,LA,0.6861111111111112,7.238889
2020,8,2020_08_LA_MIA,LA,0.6166666666666667,8.683333
2020,10,2020_10_SEA_LA,LA,0.55,9.016667
2020,11,2020_11_LA_TB,LA,0.4527777777777778,10.141667
2020,12,2020_12_SF_LA,LA,0.5638888888888889,7.086111
2020,13,2020_13_LA_ARI,LA,0.5638888888888889,7.086111
2020,14,2020_14_NE_LA,LA,0.5638888888888889,6.2861114
2020,15,2020_15_NYJ_LA,LA,0.5916666666666667,5.0916667
2020,16,2020_16_LA_SEA,LA,0.6361111111111111,5.4583335
2020,17,2020_17_ARI_LA,LA,0.6611111111111111,5.9833336
2021,1,2021_01_CHI_LA,LA,,
2021,2,2021_02_LA_IND,LA,,
2021,3,2021_03_TB_LA,LA,,
2021,4,2021_04_ARI_LA,LA,,
2021,5,2021_05_LA_SEA,LA,,
2021,6,2021_06_LA_NYG,LA,,
2021,7,2021_07_DET_LA,LA,0.5333333333333333,7.8194447
2021,8,2021_08_LA_HOU,LA,0.39444444444444443,9.763889
2021,9,2021_09_TEN_LA,LA,0.36944444444444446,7.7638893
2021,10,2021_10_LA_SF,LA,0.3361111111111111,8.8972225
2021,12,2021_12_LA_GB,LA,0.22499999999999998,11.008334
2021,13,2021_13_JAX_LA,LA,0.28750000000000003,10.1125
2021,14,2021_14_LA_ARI,LA,0.28750000000000003,14.418056
2021,15,2021_15_SEA_LA,LA,0.3597222222222222,13.373611
2021,16,2021_16_LA_MIN,LA,0.3736111111111111,15.595833
2021,17,2021_17_LA_BAL,LA,0.4124999999999999,14.462501
2021,18,2021_18_SF_LA,LA,0.49583333333333335,12.851388
2022,1,2022_01_BUF_LA,LA,,
2022,2,2022_02_ATL_LA,LA,,
2022,3,2022_03_LA_ARI,LA,,
2022,4,2022_04_LA_SF,LA,,
2022,5,2022_05_DAL_LA,LA,,
2022,6,2022_06_CAR_LA,LA,,
2022,8,2022_08_SF_LA,LA,0.6055555555555555,6.5499997
2022,9,2022_09_LA_TB,LA,0.688888888888889,6.077778
2022,10,2022_10_ARI_LA,LA,0.6222222222222222,7.677778
2022,11,2022_11_LA_NO,LA,0.6333333333333334,7.5333333
2022,12,2022_12_LA_KC,LA,0.7055555555555556,6.5444446
2022,13,2022_13_SEA_LA,LA,0.6341269841269841,8.4015875
2022,14,2022_14_LV_LA,LA,0.6619047619047619,7.651587
2022,15,2022_15_LA_GB,LA,0.5841269841269842,8.696033
2022,16,2022_16_DEN_LA,LA,0.5174603174603174,9.896031
2022,17,2022_17_LA_LAC,LA,0.5174603174603174,9.396031
2022,18,2022_18_LA_SEA,LA,0.5452380952380952,8.451587
2023,1,2023_01_LA_SEA,LA,,
2023,2,2023_02_SF_LA,LA,,
2023,3,2023_03_LA_CIN,LA,,
2023,4,2023_04_LA_IND,LA,,
2023,5,2023_05_PHI_LA,LA,,
2023,6,2023_06_ARI_LA,LA,,
2023,7,2023_07_PIT_LA,LA,0.7194444444444444,1.4222221
2023,8,2023_08_LA_DAL,LA,0.7694444444444445,1.4888889
2023,9,2023_09_LA_GB,LA,0.8250000000000001,0.9333334
2023,11,2023_11_SEA_LA,LA,0.7916666666666666,2.2666667
2023,12,2023_12_LA_ARI,LA,0.8250000000000001,2.2666667
2023,13,2023_13_CLE_LA,LA,0.7694444444444444,2.2666667
2023,14,2023_14_LA_BAL,LA,0.7277777777777777,2.488889
2023,15,2023_15_WAS_LA,LA,0.7402777777777777,2.5472221
2023,16,2023_16_NO_LA,LA,0.6986111111111111,2.5472221
2023,17,2023_17_LA_NYG,LA,0.6319444444444445,0.8055556
2023,18,2023_18_LA_SF,LA,0.46527777777777785,0.8055556
2024,1,2024_01_LA_DET,LA,,
2024,2,2024_02_LA_ARI,LA,,
2024,3,2024_03_SF_LA,LA,,
2024,4,2024_04_LA_CHI,LA,,
2024,5,2024_05_GB_LA,LA,,
2024,7,2024_07_LV_LA,LA,,
2024,8,2024_08_MIN_LA,LA,0.8208333333333333,4.6041665
2024,9,2024_09_LA_SEA,LA,0.826388888888889,3.9375
2024,10,2024_10_MIA_LA,LA,0.7222222222222223,5.9583335
2024,11,2024_11_LA_NE,LA,0.6666666666666666,7.0694447
2024,12,2024_12_PHI_LA,LA,0.5833333333333334,9.347222
2024,13,2024_13_LA_NO,LA,0.6666666666666666,7.5555553
2024,14,2024_14_BUF_LA,LA,0.5416666666666666,11.722222
2024,15,2024_15_LA_SF,LA,0.47420634920634924,13.674603
2024,16,2024_16_LA_NYJ,LA,0.48809523809523814,13.632937
2024,17,2024_17_ARI_LA,LA,0.376984126984127,15.688492
2024,18,2024_18_SEA_LA,LA,0.4047619047619047,15.244048
2016,1,2016_01_SD_KC,LAC,,
2016,2,2016_02_JAX_SD,LAC,,
2016,3,2016_03_SD_IND,LAC,,
2016,4,2016_04_NO_SD,LAC,,
2016,5,2016_05_SD_OAK,LAC,,
2016,6,2016_06_DEN_SD,LAC,,
2016,7,2016_07_SD_ATL,LAC,0.4992063492063492,6.4357142
2016,8,2016_08_SD_DEN,LAC,0.5071428571428571,5.6936507
2016,9,2016_09_TEN_SD,LAC,0.5626984126984127,6.860317
2016,10,2016_10_MIA_SD,LAC,0.6460317460317461,5.2214284
2016,12,2016_12_SD_HOU,LAC,0.6738095238095237,4.3880954
2016,13,2016_13_TB_SD,LAC,0.6857142857142858,3.6857145
2016,14,2016_14_SD_CAR,LAC,0.7857142857142857,3.2857141
2016,15,2016_15_OAK_SD,LAC,0.8095238095238094,3.2142859
2016,16,2016_16_SD_CLE,LAC,0.753968253968254,3.6309526
2016,17,2016_17_KC_SD,LAC,0.753968253968254,3.6309526
2017,1,2017_01_LAC_DEN,LAC,,
2017,2,2017_02_MIA_LAC,LAC,,
2017,3,2017_03_KC_LAC,LAC,,
2017,4,2017_04_PHI_LAC,LAC,,
2017,5,2017_05_LAC_NYG,LAC,,
2017,6,2017_06_LAC_OAK,LAC,,
2017,7,2017_07_DEN_LAC,LAC,0.65,6.6194444
2017,8,2017_08_LAC_NE,LAC,0.65,6.6194444
2017,10,2017_10_LAC_JAX,LAC,0.65,6.7861114
2017,11,2017_11_BUF_LAC,LAC,0.5833333333333334,7.152778
2017,12,2017_12_LAC_DAL,LAC,0.48333333333333334,7.686111
2017,13,2017_13_CLE_LAC,LAC,0.48333333333333334,7.4777775
2017,14,2017_14_WAS_LAC,LAC,0.37222222222222223,10.922222
2017,15,2017_15_LAC_KC,LAC,0.31666666666666665,12.033333
2017,16,2017_16_LAC_NYJ,LAC,0.4039682539682539,10.533334
2017,17,2017_17_OAK_LAC,LAC,0.4873015873015873,8.033334
2018,1,2018_01_KC_LAC,LAC,,
2018,2,2018_02_LAC_BUF,LAC,,
2018,3,2018_03_LAC_LA,LAC,,
2018,4,2018_04_SF_LAC,LAC,,
2018,5,2018_05_OAK_LAC,LAC,,
2018,6,2018_06_LAC_CLE,LAC,,
2018,7,2018_07_TEN_LAC,LAC,0.5857142857142857,8.051587
2018,9,2018_09_LAC_SEA,LAC,0.5333333333333333,8.761111
2018,10,2018_10_LAC_OAK,LAC,0.39999999999999997,9.038889
2018,11,2018_11_DEN_LAC,LAC,0.3444444444444444,10.400001
2018,12,2018_12_ARI_LAC,LAC,0.21944444444444444,13.316667
2018,13,2018_13_LAC_PIT,LAC,0.21944444444444444,15.316667
2018,14,2018_14_CIN_LAC,LAC,0.3027777777777778,13.288888
2018,15,2018_15_LAC_KC,LAC,0.2916666666666667,14.027778
2018,16,2018_16_BAL_LAC,LAC,0.3916666666666666,14.483334
2018,17,2018_17_LAC_DEN,LAC,0.44722222222222224,13.455555
2019,1,2019_01_IND_LAC,LAC,,
2019,2,2019_02_LAC_DET,LAC,,
2019,3,2019_03_HOU_LAC,LAC,,
2019,4,2019_04_LAC_MIA,LAC,,
2019,5,2019_05_DEN_LAC,LAC,,
2019,6,2019_06_PIT_LAC,LAC,,
2019,7,2019_07_LAC_TEN,LAC,0.5388888888888889,10.638888
2019,8,2019_08_LAC_CHI,LAC,0.5333333333333333,9.711111
2019,9,2019_09_GB_LAC,LAC,0.6027777777777779,7.933333
2019,10,2019_10_LAC_OAK,LAC,0.5111111111111111,8.583333
2019,11,2019_11_KC_LAC,LAC,0.4833333333333334,9.361112
2019,13,2019_13_LAC_DEN,LAC,0.5166666666666666,8.661111
2019,14,2019_14_LAC_JAX,LAC,0.65,5.427778
2019,15,2019_15_MIN_LAC,LAC,0.5166666666666666,8.55
2019,16,2019_16_OAK_LAC,LAC,0.5027777777777777,8.605556
2019,17,2019_17_LAC_KC,LAC,0.5277777777777778,9.622222
2020,1,2020_01_LAC_CIN,LAC,,
2020,2,2020_02_KC_LAC,LAC,,
2020,3,2020_03_CAR_LAC,LAC,,
2020,4,2020_04_LAC_TB,LAC,,
2020,5,2020_05_LAC_NO,LAC,,
2020,7,2020_07_JAX_LAC,LAC,,
2020,8,2020_08_LAC_DEN,LAC,0.6103174603174604,7.638889
2020,9,2020_09_LV_LAC,LAC,0.6103174603174604,6.972222
2020,10,2020_10_LAC_MIA,LAC,0.6603174603174603,6.0833335
2020,11,2020_11_NYJ_LAC,LAC,0.5928571428571429,7.3492064
2020,12,2020_12_LAC_BUF,LAC,0.5595238095238095,7.915873
2020,13,2020_13_NE_LAC,LAC,0.511904761904762,7.9873013
2020,14,2020_14_ATL_LAC,LAC,0.469047619047619,9.996825
2020,15,2020_15_LAC_LV,LAC,0.3773809523809524,13.671825
2020,16,2020_16_DEN_LAC,LAC,0.4051587301587302,12.810715
2020,17,2020_17_LAC_KC,LAC,0.4003968253968255,14.472619
2021,1,2021_01_LAC_WAS,LAC,,
2021,2,2021_02_DAL_LAC,LAC,,
2021,3,2021_03_LAC_KC,LAC,,
2021,4,2021_04_LV_LAC,LAC,,
2021,5,2021_05_CLE_LAC,LAC,,
2021,6,2021_06_LAC_BAL,LAC,,
2021,8,2021_08_NE_LAC,LAC,0.5246031746031746,7.9694443
2021,9,2021_09_LAC_PHI,LAC,0.5365079365079365,8.201588
2021,10,2021_10_MIN_LAC,LAC,0.40317460317460313,11.4015875
2021,11,2021_11_PIT_LAC,LAC,0.44206349206349205,10.557143
2021,12,2021_12_LAC_DEN,LAC,0.5115079365079366,9.550199
2021,13,2021_13_LAC_CIN,LAC,0.6067460317460317,8.169246
2021,14,2021_14_NYG_LAC,LAC,0.6257936507936508,9.516866
2021,15,2021_15_KC_LAC,LAC,0.5305555555555556,9.034722
2021,16,2021_16_LAC_HOU,LAC,0.6361111111111112,7.918055
2021,17,2021_17_DEN_LAC,LAC,0.5597222222222222,9.716666
2021,18,2021_18_LAC_LV,LAC,0.4902777777777778,17.001389
2022,1,2022_01_LV_LAC,LAC,,
2022,2,2022_02_LAC_KC,LAC,,
2022,3,2022_03_JAX_LAC,LAC,,
2022,4,2022_04_LAC_HOU,LAC,,
2022,5,2022_05_LAC_CLE,LAC,,
2022,6,2022_06_DEN_LAC,LAC,,
2022,7,2022_07_SEA_LAC,LAC,0.5369047619047619,7.819643
2022,9,2022_09_LAC_ATL,LAC,0.548015873015873,8.301125
2022,10,2022_10_LAC_SF,LAC,0.5777777777777778,8.027315
2022,11,2022_11_KC_LAC,LAC,0.5638888888888889,8.006482
2022,12,2022_12_LAC_ARI,LAC,0.6496031746031746,7.0255294
2022,13,2022_13_LAC_LV,LAC,0.7162698412698413,5.725529
2022,14,2022_14_MIA_LAC,LAC,0.6607142857142857,6.3227515
2022,15,2022_15_TEN_LAC,LAC,0.6746031746031745,5.34127
2022,16,2022_16_LAC_IND,LAC,0.6607142857142857,5.5357146
2022,17,2022_17_LA_LAC,LAC,0.7162698412698413,4.7023807
2022,18,2022_18_LAC_DEN,LAC,0.7638888888888888,3.4166667
2023,1,2023_01_MIA_LAC,LAC,,
2023,2,2023_02_LAC_TEN,LAC,,
2023,3,2023_03_LAC_MIN,LAC,,
2023,4,2023_04_LV_LAC,LAC,,
2023,6,2023_06_DAL_LAC,LAC,,
2023,7,2023_07_LAC_KC,LAC,,
2023,8,2023_08_CHI_LAC,LAC,0.9249999999999999,1.4250001
2023,9,2023_09_LAC_NYJ,LAC,0.8694444444444445,1.4250001
2023,10,2023_10_DET_LAC,LAC,0.9027777777777778,0.625
2023,11,2023_11_LAC_GB,LAC,0.8551587301587302,1.2678572
2023,12,2023_12_BAL_LAC,LAC,0.7968253968253968,2.5761907
2023,13,2023_13_LAC_NE,LAC,0.7634920634920636,3.2761905
2023,14,2023_14_DEN_LAC,LAC,0.7634920634920636,3.2761905
2023,15,2023_15_LAC_LV,LAC,0.7523809523809524,4.7428575
2023,16,2023_16_BUF_LAC,LAC,0.669047619047619,6.676191
2023,17,2023_17_LAC_DEN,LAC,0.6166666666666666,6.566667
2023,18,2023_18_KC_LAC,LAC,0.7166666666666667,4.6333337
2024,1,2024_01_LV_LAC,LAC,,
2024,2,2024_02_LAC_CAR,LAC,,
2024,3,2024_03_LAC_PIT,LAC,,
2024,4,2024_04_KC_LAC,LAC,,
2024,6,2024_06_LAC_DEN,LAC,,
2024,7,2024_07_LAC_ARI,LAC,,
2024,8,2024_08_NO_LAC,LAC,0.7277777777777777,4.2611113
2024,9,2024_09_LAC_CLE,LAC,0.6722222222222222,5.4833336
2024,10,2024_10_TEN_LAC,LAC,0.7555555555555555,4.4
2024,11,2024_11_CIN_LAC,LAC,0.7388888888888889,5.5
2024,12,2024_12_BAL_LAC,LAC,0.7111111111111111,6.388889
2024,13,2024_13_LAC_ATL,LAC,0.75,7.6666665
2024,14,2024_14_LAC_KC,LAC,0.75,7.6666665
2024,15,2024_15_TB_LAC,LAC,0.7277777777777779,8.033334
2024,16,2024_16_DEN_LAC,LAC,0.5981481481481482,11.403705
2024,17,2024_17_LAC_NE,LAC,0.6537037037037037,9.070371
2024,18,2024_18_LAC_LV,LAC,0.5981481481481482,9.598148
2016,1,2016_01_OAK_NO,LV,,
2016,2,2016_02_ATL_OAK,LV,,
2016,3,2016_03_OAK_TEN,LV,,
2016,4,2016_04_OAK_BAL,LV,,
2016,5,2016_05_SD_OAK,LV,,
2016,6,2016_06_KC_OAK,LV,,
2016,7,2016_07_OAK_JAX,LV,0.5515873015873015,7.9603176
2016,8,2016_08_OAK_TB,LV,0.5896825396825397,6.793651
2016,9,2016_09_DEN_OAK,LV,0.6333333333333333,6.4166665
2016,11,2016_11_HOU_OAK,LV,0.6611111111111111,7.236111
2016,12,2016_12_CAR_OAK,LV,0.7444444444444445,5.402778
2016,13,2016_13_BUF_OAK,LV,0.6888888888888888,6.6805553
2016,14,2016_14_OAK_KC,LV,0.7666666666666666,4.413889
2016,15,2016_15_OAK_SD,LV,0.6749999999999999,6.5805554
2016,16,2016_16_IND_OAK,LV,0.6194444444444445,6.7194443
2016,17,2016_17_OAK_DEN,LV,0.6361111111111111,6.477778
2017,1,2017_01_OAK_TEN,LV,,
2017,2,2017_02_NYJ_OAK,LV,,
2017,3,2017_03_OAK_WAS,LV,,
2017,4,2017_04_OAK_DEN,LV,,
2017,5,2017_05_BAL_OAK,LV,,
2017,6,2017_06_LAC_OAK,LV,,
2017,7,2017_07_KC_OAK,LV,0.48174603174603176,10.854762
2017,8,2017_08_OAK_BUF,LV,0.5246031746031746,9.940476
2017,9,2017_09_OAK_MIA,LV,0.5329365079365079,9.023809
2017,11,2017_11_NE_OAK,LV,0.42738095238095236,10.307143
2017,12,2017_12_DEN_OAK,LV,0.5035714285714286,7.8547616
2017,13,2017_13_NYG_OAK,LV,0.4162698412698413,7.394444
2017,14,2017_14_OAK_KC,LV,0.4162698412698413,6.4777775
2017,15,2017_15_DAL_OAK,LV,0.440079365079365,6.025397
2017,16,2017_16_OAK_PHI,LV,0.4317460317460317,8.042064
2017,17,2017_17_OAK_LAC,LV,0.3984126984126984,8.88373
2018,1,2018_01_LA_OAK,LV,,
2018,2,2018_02_OAK_DEN,LV,,
2018,3,2018_03_OAK_MIA,LV,,
2018,4,2018_04_CLE_OAK,LV,,
2018,5,2018_05_OAK_LAC,LV,,
2018,6,2018_06_SEA_OAK,LV,,
2018,8,2018_08_IND_OAK,LV,0.8777777777777778,2.5222223
2018,9,2018_09_OAK_SF,LV,0.8569444444444444,3.1055555
2018,10,2018_10_LAC_OAK,LV,0.8093253968253968,4.3198414
2018,11,2018_11_OAK_ARI,LV,0.7093253968253969,6.2198415
2018,12,2018_12_OAK_BAL,LV,0.6259920634920635,8.428175
2018,13,2018_13_KC_OAK,LV,0.6339285714285715,8.2535715
2018,14,2018_14_PIT_OAK,LV,0.5505952380952381,9.6285715
2018,15,2018_15_OAK_CIN,LV,0.48809523809523814,10.4619055
2018,16,2018_16_DEN_OAK,LV,0.46428571428571425,10.938095
2018,17,2018_17_OAK_KC,LV,0.5198412698412699,10.293651
2019,1,2019_01_DEN_OAK,LV,,
2019,2,2019_02_KC_OAK,LV,,
2019,3,2019_03_OAK_MIN,LV,,
2019,4,2019_04_OAK_IND,LV,,
2019,5,2019_05_CHI_OAK,LV,,
2019,7,2019_07_OAK_GB,LV,,
2019,8,2019_08_OAK_HOU,LV,0.7440476190476191,8.8
2019,9,2019_09_DET_OAK,LV,0.7829365079365079,5.933333
2019,10,2019_10_LAC_OAK,LV,0.7162698412698413,7.633333
2019,11,2019_11_CIN_OAK,LV,0.5496031746031745,10.766666
2019,12,2019_12_OAK_NYJ,LV,0.6162698412698413,9.666667
2019,13,2019_13_OAK_KC,LV,0.5626984126984127,9.166667
2019,14,2019_14_TEN_OAK,LV,0.4912698412698413,10.190476
2019,15,2019_15_JAX_OAK,LV,0.4238095238095238,11.857143
2019,16,2019_16_OAK_LAC,LV,0.4571428571428571,10.390476
2019,17,2019_17_OAK_DEN,LV,0.4988095238095238,9.382143
2020,1,2020_01_LV_CAR,LV,,
2020,2,2020_02_NO_LV,LV,,
2020,3,2020_03_LV_NE,LV,,
2020,4,2020_04_BUF_LV,LV,,
2020,5,2020_05_LV_KC,LV,,
2020,7,2020_07_TB_LV,LV,,
2020,8,2020_08_LV_CLE,LV,0.7319444444444444,4.8805556
2020,9,2020_09_LV_LAC,LV,0.6208333333333333,6.7138886
2020,10,2020_10_DEN_LV,LV,0.6319444444444444,7.2916665
2020,11,2020_11_KC_LV,LV,0.548611111111111,8.041667
2020,12,2020_12_LV_ATL,LV,0.576388888888889,6.736111
2020,13,2020_13_LV_NYJ,LV,0.6097222222222222,6.136111
2020,14,2020_14_IND_LV,LV,0.5972222222222222,7.1194444
2020,15,2020_15_LAC_LV,LV,0.6875,5.7861114
2020,16,2020_16_MIA_LV,LV,0.7430555555555555,3.675
2020,17,2020_17_LV_DEN,LV,0.8442460317460317,2.2880952
2021,1,2021_01_BAL_LV,LV,,
2021,2,2021_02_LV_PIT,LV,,
2021,3,2021_03_MIA_LV,LV,,
2021,4,2021_04_LV_LAC,LV,,
2021,5,2021_05_CHI_LV,LV,,
2021,6,2021_06_LV_DEN,LV,,
2021,7,2021_07_PHI_LV,LV,0.656547619047619,6.2815475
2021,9,2021_09_LV_NYG,LV,0.6208333333333332,5.495833
2021,10,2021_10_KC_LV,LV,0.5236111111111111,7.551389
2021,11,2021_11_CIN_LV,LV,0.4611111111111111,8.884723
2021,12,2021_12_LV_DAL,LV,0.5319444444444444,6.847223
2021,13,2021_13_WAS_LV,LV,0.5986111111111111,5.680556
2021,14,2021_14_LV_KC,LV,0.5486111111111112,7.472223
2021,15,2021_15_LV_CLE,LV,0.5578703703703703,8.824074
2021,16,2021_16_DEN_LV,LV,0.5856481481481481,7.9074073
2021,17,2021_17_LV_IND,LV,0.6273148148148148,7.2199073
2021,18,2021_18_LAC_LV,LV,0.6231481481481481,7.5907407
2022,1,2022_01_LV_LAC,LV,,
2022,2,2022_02_ARI_LV,LV,,
2022,3,2022_03_LV_TEN,LV,,
2022,4,2022_04_DEN_LV,LV,,
2022,5,2022_05_LV_KC,LV,,
2022,7,2022_07_HOU_LV,LV,,
2022,8,2022_08_LV_NO,LV,0.725,5.558334
2022,9,2022_09_LV_JAX,LV,0.6583333333333333,6.9583335
2022,10,2022_10_IND_LV,LV,0.5916666666666667,7.6583333
2022,11,2022_11_LV_DEN,LV,0.5333333333333333,9.566667
2022,12,2022_12_LV_SEA,LV,0.5166666666666666,9.85
2022,13,2022_13_LAC_LV,LV,0.4875,10.837501
2022,14,2022_14_LV_LA,LV,0.6208333333333332,8.404166
2022,15,2022_15_NE_LV,LV,0.6458333333333334,7.629167
2022,16,2022_16_LV_PIT,LV,0.5458333333333334,10.429167
2022,17,2022_17_SF_LV,LV,0.5208333333333334,9.645833
2022,18,2022_18_KC_LV,LV,0.6041666666666666,7.7291665
2023,1,2023_01_LV_DEN,LV,,
2023,2,2023_02_LV_BUF,LV,,
2023,3,2023_03_PIT_LV,LV,,
2023,4,2023_04_LV_LAC,LV,,
2023,5,2023_05_GB_LV,LV,,
2023,6,2023_06_NE_LV,LV,,
2023,7,2023_07_LV_CHI,LV,0.8261904761904763,3.0892859
2023,8,2023_08_LV_DET,LV,0.8123015873015872,4.5059524
2023,9,2023_09_NYG_LV,LV,0.8123015873015874,4.0059524
2023,10,2023_10_NYJ_LV,LV,0.8123015873015872,4.0059524
2023,11,2023_11_LV_MIA,LV,0.8123015873015874,3.5059526
2023,12,2023_12_KC_LV,LV,0.853968253968254,2.297619
2023,14,2023_14_MIN_LV,LV,0.8595238095238096,2.9920635
2023,15,2023_15_LAC_LV,LV,0.8317460317460318,2.9087303
2023,16,2023_16_LV_KC,LV,0.8138888888888888,3.9027777
2023,17,2023_17_LV_IND,LV,0.8138888888888888,3.9027777
2023,18,2023_18_DEN_LV,LV,0.8472222222222223,3.0694444
2024,1,2024_01_LV_LAC,LV,,
2024,2,2024_02_LV_BAL,LV,,
2024,3,2024_03_CAR_LV,LV,,
2024,4,2024_04_CLE_LV,LV,,
2024,5,2024_05_LV_DEN,LV,,
2024,6,2024_06_PIT_LV,LV,,
2024,7,2024_07_LV_LA,LV,0.6785714285714285,6.6369042
2024,8,2024_08_KC_LV,LV,0.7063492063492064,5.859127
2024,9,2024_09_LV_CIN,LV,0.7777777777777778,4.430556
2024,11,2024_11_LV_MIA,LV,0.8402777777777778,3.326389
2024,12,2024_12_DEN_LV,LV,0.8998015873015873,2.0228174
2024,13,2024_13_LV_KC,LV,0.9345238095238094,2.6130953
2024,14,2024_14_LV_TB,LV,0.816468253968254,6.217262
2024,15,2024_15_ATL_LV,LV,0.7498015873015872,8.1839285
2024,16,2024_16_JAX_LV,LV,0.7081349206349206,9.1839285
2024,17,2024_17_LV_NO,LV,0.7081349206349206,9.1839285
2024,18,2024_18_LAC_LV,LV,0.5652777777777778,12.779167
2016,1,2016_01_MIA_SEA,MIA,,
2016,2,2016_02_MIA_NE,MIA,,
2016,3,2016_03_CLE_MIA,MIA,,
2016,4,2016_04_MIA_CIN,MIA,,
2016,5,2016_05_TEN_MIA,MIA,,
2016,6,2016_06_PIT_MIA,MIA,,
2016,7,2016_07_BUF_MIA,MIA,0.5992063492063492,8.222222
2016,9,2016_09_NYJ_MIA,MIA,0.626984126984127,5.194444
2016,10,2016_10_MIA_SD,MIA,0.5595238095238094,8.515873
2016,11,2016_11_MIA_LA,MIA,0.5166666666666667,9.673016
2016,12,2016_12_SF_MIA,MIA,0.5325396825396825,9.482539
2016,13,2016_13_MIA_BAL,MIA,0.42142857142857143,12.643651
2016,14,2016_14_ARI_MIA,MIA,0.4492063492063492,13.143651
2016,15,2016_15_MIA_NYJ,MIA,0.5214285714285715,12.971428
2016,16,2016_16_MIA_BUF,MIA,0.44999999999999996,11.400001
2016,17,2016_17_NE_MIA,MIA,0.4611111111111111,11.822223
2017,2,2017_02_MIA_LAC,MIA,,
2017,3,2017_03_MIA_NYJ,MIA,,
2017,4,2017_04_NO_MIA,MIA,,
2017,5,2017_05_TEN_MIA,MIA,,
2017,6,2017_06_MIA_ATL,MIA,,
2017,7,2017_07_NYJ_MIA,MIA,,
2017,8,2017_08_MIA_BAL,MIA,0.49722222222222223,11.102778
2017,9,2017_09_OAK_MIA,MIA,0.6013888888888889,8.456944
2017,10,2017_10_MIA_CAR,MIA,0.5680555555555555,9.523611
2017,11,2017_11_TB_MIA,MIA,0.5680555555555555,9.461111
2017,12,2017_12_MIA_NE,MIA,0.5680555555555555,9.127778
2017,13,2017_13_DEN_MIA,MIA,0.5402777777777777,10.363889
2017,14,2017_14_NE_MIA,MIA,0.4680555555555555,10.080556
2017,15,2017_15_MIA_BUF,MIA,0.35555555555555557,11.334722
2017,16,2017_16_MIA_KC,MIA,0.35555555555555557,11.201389
2017,17,2017_17_BUF_MIA,MIA,0.3763888888888889,10.222222
2018,1,2018_01_TEN_MIA,MIA,,
2018,2,2018_02_MIA_NYJ,MIA,,
2018,3,2018_03_OAK_MIA,MIA,,
2018,4,2018_04_MIA_NE,MIA,,
2018,5,2018_05_MIA_CIN,MIA,,
2018,6,2018_06_CHI_MIA,MIA,,
2018,7,2018_07_DET_MIA,MIA,0.5607142857142857,12.531746
2018,8,2018_08_MIA_HOU,MIA,0.5982142857142857,9.906746
2018,9,2018_09_NYJ_MIA,MIA,0.5565476190476191,10.156746
2018,10,2018_10_MIA_GB,MIA,0.6676587301587302,7.9900794
2018,12,2018_12_MIA_IND,MIA,0.576388888888889,9.708333
2018,13,2018_13_BUF_MIA,MIA,0.6263888888888889,7.636111
2018,14,2018_14_NE_MIA,MIA,0.5847222222222223,7.636111
2018,15,2018_15_MIA_MIN,MIA,0.5996031746031746,6.9992065
2018,16,2018_16_JAX_MIA,MIA,0.6412698412698413,6.27004
2018,17,2018_17_MIA_BUF,MIA,0.5718253968253969,7.27004
2019,1,2019_01_BAL_MIA,MIA,,
2019,2,2019_02_NE_MIA,MIA,,
2019,3,2019_03_MIA_DAL,MIA,,
2019,4,2019_04_LAC_MIA,MIA,,
2019,6,2019_06_WAS_MIA,MIA,,
2019,7,2019_07_MIA_BUF,MIA,,
2019,8,2019_08_MIA_PIT,MIA,0.7168650793650794,6.0954366
2019,9,2019_09_NYJ_MIA,MIA,0.6557539682539683,7.4176583
2019,10,2019_10_MIA_IND,MIA,0.5376984126984127,7.9940476
2019,11,2019_11_BUF_MIA,MIA,0.5654761904761905,7.2718253
2019,12,2019_12_MIA_CLE,MIA,0.5803571428571428,8.730159
2019,13,2019_13_PHI_MIA,MIA,0.5178571428571428,9.813492
2019,14,2019_14_MIA_NYJ,MIA,0.49404761904761907,9.670634
2019,15,2019_15_MIA_NYG,MIA,0.5718253968253968,7.7984123
2019,16,2019_16_CIN_MIA,MIA,0.6551587301587302,7.9373016
2019,17,2019_17_MIA_NE,MIA,0.5837301587301588,8.603969
2020,1,2020_01_MIA_NE,MIA,,
2020,2,2020_02_BUF_MIA,MIA,,
2020,3,2020_03_MIA_JAX,MIA,,
2020,4,2020_04_SEA_MIA,MIA,,
2020,5,2020_05_MIA_SF,MIA,,
2020,6,2020_06_NYJ_MIA,MIA,,
2020,8,2020_08_LA_MIA,MIA,0.6527777777777778,6.3194447
2020,9,2020_09_MIA_ARI,MIA,0.6111111111111112,8.194445
2020,10,2020_10_LAC_MIA,MIA,0.5277777777777778,9.611112
2020,11,2020_11_MIA_DEN,MIA,0.5972222222222222,7.888889
2020,12,2020_12_MIA_NYJ,MIA,0.625,7.75
2020,13,2020_13_CIN_MIA,MIA,0.6666666666666666,7.125
2020,14,2020_14_KC_MIA,MIA,0.8333333333333334,3.2916667
2020,15,2020_15_NE_MIA,MIA,0.875,1.4166666
2020,16,2020_16_MIA_LV,MIA,0.8583333333333334,1.5
2020,17,2020_17_MIA_BUF,MIA,0.9,1.5
2021,1,2021_01_MIA_NE,MIA,,
2021,2,2021_02_BUF_MIA,MIA,,
2021,3,2021_03_MIA_LV,MIA,,
2021,4,2021_04_IND_MIA,MIA,,
2021,5,2021_05_MIA_TB,MIA,,
2021,6,2021_06_MIA_JAX,MIA,,
2021,7,2021_07_ATL_MIA,MIA,0.8777777777777778,2.5444443
2021,8,2021_08_MIA_BUF,MIA,0.8222222222222223,3.3500001
2021,9,2021_09_HOU_MIA,MIA,0.7944444444444444,3.1833334
2021,10,2021_10_BAL_MIA,MIA,0.7388888888888888,4.725
2021,11,2021_11_MIA_NYJ,MIA,0.7388888888888889,4.725
2021,12,2021_12_CAR_MIA,MIA,0.6555555555555556,5.475
2021,13,2021_13_NYG_MIA,MIA,0.7222222222222223,4.2083335
2021,15,2021_15_NYJ_MIA,MIA,0.6944444444444443,4.736111
2021,16,2021_16_MIA_NO,MIA,0.75,4.0416665
2021,17,2021_17_MIA_TEN,MIA,0.75,4.0
2021,18,2021_18_NE_MIA,MIA,0.7023809523809524,4.809524
2022,1,2022_01_NE_MIA,MIA,,
2022,2,2022_02_MIA_BAL,MIA,,
2022,3,2022_03_BUF_MIA,MIA,,
2022,4,2022_04_MIA_CIN,MIA,,
2022,5,2022_05_MIA_NYJ,MIA,,
2022,6,2022_06_MIN_MIA,MIA,,
2022,7,2022_07_PIT_MIA,MIA,0.5873015873015873,7.220238
2022,8,2022_08_MIA_DET,MIA,0.6428571428571429,6.4424605
2022,9,2022_09_MIA_CHI,MIA,0.6333333333333333,6.447222
2022,10,2022_10_CLE_MIA,MIA,0.7305555555555555,4.697222
2022,12,2022_12_HOU_MIA,MIA,0.6611111111111111,6.0305557
2022,13,2022_13_MIA_SF,MIA,0.6611111111111111,6.0305557
2022,14,2022_14_MIA_LAC,MIA,0.6611111111111111,5.697222
2022,15,2022_15_MIA_BUF,MIA,0.7722222222222221,4.141667
2022,16,2022_16_GB_MIA,MIA,0.7638888888888888,4.875
2022,17,2022_17_MIA_NE,MIA,0.625,7.2797623
2022,18,2022_18_NYJ_MIA,MIA,0.65,7.4130955
2023,1,2023_01_MIA_LAC,MIA,,
2023,2,2023_02_MIA_NE,MIA,,
2023,3,2023_03_DEN_MIA,MIA,,
2023,4,2023_04_MIA_BUF,MIA,,
2023,5,2023_05_NYG_MIA,MIA,,
2023,6,2023_06_CAR_MIA,MIA,,
2023,7,2023_07_MIA_PHI,MIA,0.850925925925926,2.5185184
2023,8,2023_08_NE_MIA,MIA,0.7398148148148148,5.435185
2023,9,2023_09_MIA_KC,MIA,0.6981481481481482,6.476852
2023,11,2023_11_LV_MIA,MIA,0.6981481481481482,6.476852
2023,12,2023_12_MIA_NYJ,MIA,0.7722222222222223,4.7916665
2023,13,2023_13_MIA_WAS,MIA,0.6944444444444445,5.180556
2023,14,2023_14_TEN_MIA,MIA,0.736111111111111,5.180556
2023,15,2023_15_NYJ_MIA,MIA,0.7138888888888889,5.5638885
2023,16,2023_16_DAL_MIA,MIA,0.7555555555555555,4.522222
2023,17,2023_17_MIA_BAL,MIA,0.7555555555555555,4.522222
2023,18,2023_18_BUF_MIA,MIA,0.6814814814814815,5.892593
2024,1,2024_01_JAX_MIA,MIA,,
2024,2,2024_02_BUF_MIA,MIA,,
2024,3,2024_03_MIA_SEA,MIA,,
2024,4,2024_04_TEN_MIA,MIA,,
2024,5,2024_05_MIA_NE,MIA,,
2024,7,2024_07_MIA_IND,MIA,,
2024,8,2024_08_ARI_MIA,MIA,0.8027777777777777,5.1722226
2024,9,2024_09_MIA_BUF,MIA,0.7694444444444444,6.3388886
2024,10,2024_10_MIA_LA,MIA,0.7218253968253968,7.6484127
2024,11,2024_11_LV_MIA,MIA,0.7884920634920635,4.6150794
2024,12,2024_12_NE_MIA,MIA,0.6884920634920636,6.348413
2024,13,2024_13_MIA_GB,MIA,0.7440476190476191,5.292857
2024,14,2024_14_NYJ_MIA,MIA,0.6746031746031745,7.2095237
2024,15,2024_15_MIA_HOU,MIA,0.6246031746031746,8.605357
2024,16,2024_16_SF_MIA,MIA,0.5472222222222222,10.337501
2024,17,2024_17_MIA_CLE,MIA,0.5388888888888889,11.670834
2024,18,2024_18_MIA_NYJ,MIA,0.638888888888889,9.9375
2016,1,2016_01_MIN_TEN,MIN,,
2016,2,2016_02_GB_MIN,MIN,,
2016,3,2016_03_MIN_CAR,MIN,,
2016,4,2016_04_NYG_MIN,MIN,,
2016,5,2016_05_HOU_MIN,MIN,,
2016,7,2016_07_MIN_PHI,MIN,,
2016,8,2016_08_MIN_CHI,MIN,0.40277777777777773,12.097222
2016,9,2016_09_DET_MIN,MIN,0.41944444444444445,10.755555
2016,10,2016_10_MIN_WAS,MIN,0.4055555555555555,10.936111
2016,11,2016_11_ARI_MIN,MIN,0.48293650793650783,9.567063
2016,12,2016_12_MIN_DET,MIN,0.5607142857142857,11.422619
2016,13,2016_13_DAL_MIN,MIN,0.6857142857142856,10.172619
2016,14,2016_14_MIN_JAX,MIN,0.5190476190476191,13.964286
2016,15,2016_15_IND_MIN,MIN,0.5023809523809524,14.736507
2016,16,2016_16_MIN_GB,MIN,0.5162698412698413,14.555951
2016,17,2016_17_CHI_MIN,MIN,0.5162698412698413,14.222618
2017,1,2017_01_NO_MIN,MIN,,
2017,2,2017_02_MIN_PIT,MIN,,
2017,3,2017_03_TB_MIN,MIN,,
2017,4,2017_04_DET_MIN,MIN,,
2017,5,2017_05_MIN_CHI,MIN,,
2017,6,2017_06_GB_MIN,MIN,,
2017,7,2017_07_BAL_MIN,MIN,0.4801587301587302,12.335317
2017,8,2017_08_MIN_CLE,MIN,0.5773809523809524,10.168651
2017,10,2017_10_MIN_WAS,MIN,0.5833333333333334,9.930555
2017,11,2017_11_LA_MIN,MIN,0.5535714285714285,10.454366
2017,12,2017_12_MIN_DET,MIN,0.6785714285714285,7.0793653
2017,13,2017_13_MIN_ATL,MIN,0.7341269841269841,5.5238094
2017,14,2017_14_MIN_CAR,MIN,0.7063492063492064,6.593254
2017,15,2017_15_CIN_MIN,MIN,0.6924603174603176,6.982143
2017,16,2017_16_MIN_GB,MIN,0.7341269841269842,5.982143
2017,17,2017_17_CHI_MIN,MIN,0.638888888888889,8.291667
2018,1,2018_01_SF_MIN,MIN,,
2018,2,2018_02_MIN_GB,MIN,,
2018,3,2018_03_BUF_MIN,MIN,,
2018,4,2018_04_MIN_LA,MIN,,
2018,5,2018_05_MIN_PHI,MIN,,
2018,6,2018_06_ARI_MIN,MIN,,
2018,7,2018_07_MIN_NYJ,MIN,0.7722222222222221,4.527778
2018,8,2018_08_NO_MIN,MIN,0.6888888888888888,6.902778
2018,9,2018_09_DET_MIN,MIN,0.6829365079365078,6.2420635
2018,11,2018_11_MIN_CHI,MIN,0.7107142857142857,4.5892854
2018,12,2018_12_GB_MIN,MIN,0.6273809523809524,6.172619
2018,13,2018_13_MIN_NE,MIN,0.6190476190476191,6.172619
2018,14,2018_14_MIN_SEA,MIN,0.594047619047619,7.497619
2018,15,2018_15_MIA_MIN,MIN,0.5773809523809524,7.2559524
2018,16,2018_16_MIN_DET,MIN,0.5833333333333334,7.375
2018,17,2018_17_CHI_MIN,MIN,0.5833333333333334,8.916667
2019,1,2019_01_ATL_MIN,MIN,,
2019,2,2019_02_MIN_GB,MIN,,
2019,3,2019_03_OAK_MIN,MIN,,
2019,4,2019_04_MIN_CHI,MIN,,
2019,5,2019_05_MIN_NYG,MIN,,
2019,6,2019_06_PHI_MIN,MIN,,
2019,7,2019_07_MIN_DET,MIN,0.75,3.861111
2019,8,2019_08_WAS_MIN,MIN,0.75,6.0555553
2019,9,2019_09_MIN_KC,MIN,0.75,6.0555553
2019,10,2019_10_MIN_DAL,MIN,0.8055555555555555,4.6666665
2019,11,2019_11_DEN_MIN,MIN,0.7722222222222221,5.633333
2019,13,2019_13_MIN_SEA,MIN,0.7999999999999999,5.0499997
2019,14,2019_14_DET_MIN,MIN,0.7374999999999999,6.2374997
2019,15,2019_15_MIN_LAC,MIN,0.6819444444444445,4.4874997
2019,16,2019_16_GB_MIN,MIN,0.626388888888889,5.8763885
2019,17,2019_17_CHI_MIN,MIN,0.626388888888889,5.8763885
2020,1,2020_01_GB_MIN,MIN,,
2020,2,2020_02_MIN_IND,MIN,,
2020,3,2020_03_TEN_MIN,MIN,,
2020,4,2020_04_MIN_HOU,MIN,,
2020,5,2020_05_MIN_SEA,MIN,,
2020,6,2020_06_ATL_MIN,MIN,,
2020,8,2020_08_MIN_GB,MIN,0.6482804232804232,7.7333336
2020,9,2020_09_DET_MIN,MIN,0.5232804232804232,9.150001
2020,10,2020_10_MIN_CHI,MIN,0.4518518518518519,10.583333
2020,11,2020_11_DAL_MIN,MIN,0.4888888888888889,9.712963
2020,12,2020_12_CAR_MIN,MIN,0.5166666666666667,9.157407
2020,13,2020_13_JAX_MIN,MIN,0.5833333333333334,7.924074
2020,14,2020_14_MIN_TB,MIN,0.5436507936507936,8.072223
2020,15,2020_15_CHI_MIN,MIN,0.7103174603174603,5.322222
2020,16,2020_16_MIN_NO,MIN,0.8561507936507936,2.6805556
2020,17,2020_17_MIN_DET,MIN,0.8561507936507936,2.6805556
2021,1,2021_01_MIN_CIN,MIN,,
2021,2,2021_02_MIN_ARI,MIN,,
2021,3,2021_03_SEA_MIN,MIN,,
2021,4,2021_04_CLE_MIN,MIN,,
2021,5,2021_05_DET_MIN,MIN,,
2021,6,2021_06_MIN_CAR,MIN,,
2021,8,2021_08_DAL_MIN,MIN,0.6329365079365079,7.9468255
2021,9,2021_09_MIN_BAL,MIN,0.6662698412698412,7.2468257
2021,10,2021_10_MIN_LAC,MIN,0.6384920634920636,9.996825
2021,11,2021_11_GB_MIN,MIN,0.6884920634920636,9.096826
2021,12,2021_12_MIN_SF,MIN,0.7023809523809524,8.430159
2021,13,2021_13_MIN_DET,MIN,0.7166666666666667,10.663492
2021,14,2021_14_PIT_MIN,MIN,0.7087301587301588,10.849999
2021,15,2021_15_MIN_CHI,MIN,0.7087301587301588,10.849999
2021,16,2021_16_LA_MIN,MIN,0.5976190476190476,11.738889
2021,17,2021_17_MIN_GB,MIN,0.5595238095238095,11.353175
2021,18,2021_18_CHI_MIN,MIN,0.5248015873015873,12.728175
2022,1,2022_01_GB_MIN,MIN,,
2022,2,2022_02_MIN_PHI,MIN,,
2022,3,2022_03_DET_MIN,MIN,,
2022,4,2022_04_MIN_NO,MIN,,
2022,5,2022_05_CHI_MIN,MIN,,
2022,6,2022_06_MIN_MIA,MIN,,
2022,8,2022_08_ARI_MIN,MIN,0.44722222222222224,11.433333
2022,9,2022_09_MIN_WAS,MIN,0.5305555555555556,9.349999
2022,10,2022_10_MIN_BUF,MIN,0.5722222222222223,8.141666
2022,11,2022_11_DAL_MIN,MIN,0.6763888888888889,6.1
2022,12,2022_12_NE_MIN,MIN,0.7013888888888888,5.3333335
2022,13,2022_13_NYJ_MIN,MIN,0.6696428571428572,7.2857146
2022,14,2022_14_MIN_DET,MIN,0.7113095238095238,7.2857146
2022,15,2022_15_IND_MIN,MIN,0.7113095238095238,7.2857146
2022,16,2022_16_NYG_MIN,MIN,0.6529761904761905,9.394048
2022,17,2022_17_MIN_GB,MIN,0.7154761904761905,7.6023808
2022,18,2022_18_MIN_CHI,MIN,0.638095238095238,9.959523
2023,1,2023_01_TB_MIN,MIN,,
2023,2,2023_02_MIN_PHI,MIN,,
2023,3,2023_03_LAC_MIN,MIN,,
2023,4,2023_04_MIN_CAR,MIN,,
2023,5,2023_05_KC_MIN,MIN,,
2023,6,2023_06_MIN_CHI,MIN,,
2023,7,2023_07_SF_MIN,MIN,0.8555555555555555,3.5555556
2023,8,2023_08_MIN_GB,MIN,0.763888888888889,4.763889
2023,9,2023_09_MIN_ATL,MIN,0.6805555555555557,7.0138893
2023,10,2023_10_NO_MIN,MIN,0.6805555555555557,7.0138893
2023,11,2023_11_MIN_DEN,MIN,0.7916666666666666,3.9583333
2023,12,2023_12_CHI_MIN,MIN,0.7916666666666666,3.9583333
2023,14,2023_14_MIN_LV,MIN,0.7583333333333333,5.225
2023,15,2023_15_MIN_CIN,MIN,0.7166666666666667,8.683333
2023,16,2023_16_DET_MIN,MIN,0.7666666666666666,6.9
2023,17,2023_17_GB_MIN,MIN,0.7111111111111111,7.9833336
2023,18,2023_18_MIN_DET,MIN,0.5682539682539682,11.935715
2024,1,2024_01_MIN_NYG,MIN,,
2024,2,2024_02_SF_MIN,MIN,,
2024,3,2024_03_HOU_MIN,MIN,,
2024,4,2024_04_MIN_GB,MIN,,
2024,5,2024_05_NYJ_MIN,MIN,,
2024,7,2024_07_DET_MIN,MIN,,
2024,8,2024_08_MIN_LA,MIN,0.6361111111111111,3.8666668
2024,9,2024_09_IND_MIN,MIN,0.6361111111111111,3.8666668
2024,10,2024_10_MIN_JAX,MIN,0.6361111111111111,3.8666668
2024,11,2024_11_MIN_TEN,MIN,0.8027777777777777,2.8111112
2024,12,2024_12_MIN_CHI,MIN,0.861111111111111,2.902778
2024,13,2024_13_ARI_MIN,MIN,0.736111111111111,4.986111
2024,14,2024_14_ATL_MIN,MIN,0.7916666666666666,3.5416667
2024,15,2024_15_CHI_MIN,MIN,0.725,5.0750003
2024,16,2024_16_MIN_SEA,MIN,0.6833333333333332,6.3250003
2024,17,2024_17_GB_MIN,MIN,0.65,6.991667
2024,18,2024_18_MIN_DET,MIN,0.6249999999999999,7.133333
2016,1,2016_01_NE_ARI,NE,,
2016,2,2016_02_MIA_NE,NE,,
2016,3,2016_03_HOU_NE,NE,,
2016,4,2016_04_BUF_NE,NE,,
2016,5,2016_05_NE_CLE,NE,,
2016,6,2016_06_CIN_NE,NE,,
2016,7,2016_07_NE_PIT,NE,0.5333333333333333,9.116667
2016,8,2016_08_NE_BUF,NE,0.5416666666666666,8.233334
2016,10,2016_10_SEA_NE,NE,0.45,11.216667
2016,11,2016_11_NE_SF,NE,0.5750000000000001,8.2375
2016,12,2016_12_NE_NYJ,NE,0.4749999999999999,9.279166
2016,13,2016_13_LA_NE,NE,0.5166666666666666,9.529166
2016,14,2016_14_BAL_NE,NE,0.47222222222222227,9.884723
2016,15,2016_15_NE_DEN,NE,0.41031746031746036,11.018055
2016,16,2016_16_NYJ_NE,NE,0.4603174603174603,9.201388
2016,17,2016_17_NE_MIA,NE,0.501984126984127,8.180555
2017,1,2017_01_KC_NE,NE,,
2017,2,2017_02_NE_NO,NE,,
2017,3,2017_03_HOU_NE,NE,,
2017,4,2017_04_CAR_NE,NE,,
2017,5,2017_05_NE_TB,NE,,
2017,6,2017_06_NE_NYJ,NE,,
2017,7,2017_07_ATL_NE,NE,0.673015873015873,4.7083335
2017,8,2017_08_LAC_NE,NE,0.5777777777777778,4.7083335
2017,10,2017_10_NE_DEN,NE,0.4777777777777778,8.441667
2017,11,2017_11_NE_OAK,NE,0.48611111111111116,10.958333
2017,12,2017_12_MIA_NE,NE,0.4305555555555555,11.319444
2017,13,2017_13_NE_BUF,NE,0.4583333333333333,11.5
2017,14,2017_14_NE_MIA,NE,0.4166666666666667,12.208333
2017,15,2017_15_NE_PIT,NE,0.5,12.402778
2017,16,2017_16_BUF_NE,NE,0.5,11.136111
2017,17,2017_17_NYJ_NE,NE,0.45,9.494445
2018,1,2018_01_HOU_NE,NE,,
2018,2,2018_02_NE_JAX,NE,,
2018,3,2018_03_NE_DET,NE,,
2018,4,2018_04_MIA_NE,NE,,
2018,5,2018_05_IND_NE,NE,,
2018,6,2018_06_KC_NE,NE,,
2018,7,2018_07_NE_CHI,NE,0.7068783068783069,6.4801583
2018,8,2018_08_NE_BUF,NE,0.629100529100529,10.819047
2018,9,2018_09_GB_NE,NE,0.629100529100529,10.68016
2018,10,2018_10_NE_TEN,NE,0.6648148148148149,10.227778
2018,12,2018_12_NE_NYJ,NE,0.5933862433862434,11.989682
2018,13,2018_13_MIN_NE,NE,0.6183862433862434,11.748016
2018,14,2018_14_NE_MIA,NE,0.5257936507936508,14.248016
2018,15,2018_15_NE_PIT,NE,0.6035714285714285,10.275794
2018,16,2018_16_BUF_NE,NE,0.6174603174603175,10.06746
2018,17,2018_17_NYJ_NE,NE,0.5341269841269841,9.109127
2019,1,2019_01_PIT_NE,NE,,
2019,2,2019_02_NE_MIA,NE,,
2019,3,2019_03_NYJ_NE,NE,,
2019,4,2019_04_NE_BUF,NE,,
2019,5,2019_05_NE_WAS,NE,,
2019,6,2019_06_NYG_NE,NE,,
2019,7,2019_07_NE_NYJ,NE,0.611111111111111,6.8611107
2019,8,2019_08_CLE_NE,NE,0.611111111111111,7.694444
2019,9,2019_09_NE_BAL,NE,0.4861111111111111,9.444444
2019,11,2019_11_NE_PHI,NE,0.49404761904761907,10.706349
2019,12,2019_12_DAL_NE,NE,0.49404761904761907,10.650794
2019,13,2019_13_NE_HOU,NE,0.4523809523809524,11.484127
2019,14,2019_14_KC_NE,NE,0.47460317460317464,10.428572
2019,15,2019_15_NE_CIN,NE,0.5023809523809524,9.373015
2019,16,2019_16_BUF_NE,NE,0.5023809523809524,9.373015
2019,17,2019_17_MIA_NE,NE,0.3833333333333333,11.236111
2020,1,2020_01_MIA_NE,NE,,
2020,2,2020_02_NE_SEA,NE,,
2020,3,2020_03_LV_NE,NE,,
2020,4,2020_04_NE_KC,NE,,
2020,6,2020_06_DEN_NE,NE,,
2020,7,2020_07_SF_NE,NE,,
2020,8,2020_08_NE_BUF,NE,0.6079365079365079,8.840476
2020,9,2020_09_NE_NYJ,NE,0.5079365079365079,10.607142
2020,10,2020_10_BAL_NE,NE,0.5079365079365079,10.634921
2020,11,2020_11_NE_HOU,NE,0.5746031746031747,10.0682535
2020,12,2020_12_ARI_NE,NE,0.5468253968253969,10.4015875
2020,13,2020_13_NE_LAC,NE,0.5349206349206349,11.6932535
2020,14,2020_14_NE_LA,NE,0.6777777777777777,8.002778
2020,15,2020_15_NE_MIA,NE,0.7444444444444445,6.2361107
2020,16,2020_16_BUF_NE,NE,0.8555555555555555,3.4583333
2020,17,2020_17_NYJ_NE,NE,0.7603174603174603,5.220238
2021,1,2021_01_MIA_NE,NE,,
2021,2,2021_02_NE_NYJ,NE,,
2021,3,2021_03_NO_NE,NE,,
2021,4,2021_04_TB_NE,NE,,
2021,5,2021_05_NE_HOU,NE,,
2021,6,2021_06_DAL_NE,NE,,
2021,7,2021_07_NYJ_NE,NE,0.6027777777777777,7.0625
2021,8,2021_08_NE_LAC,NE,0.6027777777777777,8.006945
2021,9,2021_09_NE_CAR,NE,0.5916666666666667,7.873611
2021,10,2021_10_CLE_NE,NE,0.5361111111111111,9.5402775
2021,11,2021_11_NE_ATL,NE,0.425,12.095833
2021,12,2021_12_TEN_NE,NE,0.5583333333333332,9.929167
2021,13,2021_13_NE_BUF,NE,0.4333333333333333,13.616666
2021,15,2021_15_NE_IND,NE,0.5444444444444444,10.45
2021,16,2021_16_BUF_NE,NE,0.5833333333333333,10.138888
2021,17,2021_17_JAX_NE,NE,0.5912698412698413,8.924603
2021,18,2021_18_NE_MIA,NE,0.5912698412698413,8.452381
2022,1,2022_01_NE_MIA,NE,,
2022,2,2022_02_NE_PIT,NE,,
2022,3,2022_03_BAL_NE,NE,,
2022,4,2022_04_NE_GB,NE,,
2022,5,2022_05_DET_NE,NE,,
2022,6,2022_06_NE_CLE,NE,,
2022,7,2022_07_CHI_NE,NE,0.5607142857142857,10.546429
2022,8,2022_08_NE_NYJ,NE,0.4749999999999999,12.303571
2022,9,2022_09_IND_NE,NE,0.5166666666666666,9.428572
2022,11,2022_11_NYJ_NE,NE,0.480952380952381,11.02381
2022,12,2022_12_NE_MIN,NE,0.530952380952381,8.57381
2022,13,2022_13_BUF_NE,NE,0.5071428571428571,9.669047
2022,14,2022_14_NE_ARI,NE,0.5071428571428571,10.535714
2022,15,2022_15_NE_LV,NE,0.5428571428571428,9.803572
2022,16,2022_16_CIN_NE,NE,0.6261904761904762,9.136905
2022,17,2022_17_MIA_NE,NE,0.5428571428571428,10.1702385
2022,18,2022_18_NE_BUF,NE,0.5428571428571428,9.7952385
2023,1,2023_01_PHI_NE,NE,,
2023,2,2023_02_MIA_NE,NE,,
2023,3,2023_03_NE_NYJ,NE,,
2023,4,2023_04_NE_DAL,NE,,
2023,5,2023_05_NO_NE,NE,,
2023,6,2023_06_NE_LV,NE,,
2023,7,2023_07_BUF_NE,NE,0.7936507936507936,3.5734127
2023,8,2023_08_NE_MIA,NE,0.8412698412698413,2.097222
2023,9,2023_09_WAS_NE,NE,0.8134920634920636,2.763889
2023,10,2023_10_IND_NE,NE,0.8968253968253969,2.3055556
2023,12,2023_12_NE_NYG,NE,0.8412698412698413,3.5277777
2023,13,2023_13_LAC_NE,NE,0.7777777777777778,3.75
2023,14,2023_14_NE_PIT,NE,0.75,3.2222223
2023,15,2023_15_KC_NE,NE,0.7083333333333334,4.2222223
2023,16,2023_16_NE_DEN,NE,0.6527777777777778,5.888889
2023,17,2023_17_NE_BUF,NE,0.6527777777777778,5.888889
2023,18,2023_18_NYJ_NE,NE,0.6527777777777778,8.0
2024,1,2024_01_NE_CIN,NE,,
2024,2,2024_02_SEA_NE,NE,,
2024,3,2024_03_NE_NYJ,NE,,
2024,4,2024_04_NE_SF,NE,,
2024,5,2024_05_MIA_NE,NE,,
2024,6,2024_06_HOU_NE,NE,,
2024,7,2024_07_NE_JAX,NE,0.7289682539682539,6.510119
2024,8,2024_08_NYJ_NE,NE,0.7567460317460317,5.8156743
2024,9,2024_09_NE_TEN,NE,0.7234126984126985,6.3823414
2024,10,2024_10_NE_CHI,NE,0.7567460317460318,5.782341
2024,11,2024_11_LA_NE,NE,0.7805555555555556,5.0680556
2024,12,2024_12_NE_MIA,NE,0.7472222222222222,6.334722
2024,13,2024_13_IND_NE,NE,0.8722222222222222,3.4388888
2024,15,2024_15_NE_ARI,NE,0.8000000000000002,5.2999997
2024,16,2024_16_NE_BUF,NE,0.7857142857142856,5.9714284
2024,17,2024_17_LAC_NE,NE,0.719047619047619,8.004762
2024,18,2024_18_BUF_NE,NE,0.644973544973545,9.986243
2016,1,2016_01_OAK_NO,NO,,
2016,2,2016_02_NO_NYG,NO,,
2016,3,2016_03_ATL_NO,NO,,
2016,4,2016_04_NO_SD,NO,,
2016,6,2016_06_CAR_NO,NO,,
2016,7,2016_07_NO_KC,NO,,
2016,8,2016_08_SEA_NO,NO,0.6746031746031745,5.626984
2016,9,2016_09_NO_SF,NO,0.7269841269841271,4.3460317
2016,10,2016_10_DEN_NO,NO,0.6992063492063493,4.957143
2016,11,2016_11_NO_CAR,NO,0.6436507936507937,6.2071433
2016,12,2016_12_LA_NO,NO,0.6357142857142857,5.568254
2016,13,2016_13_DET_NO,NO,0.6416666666666666,5.6277776
2016,14,2016_14_NO_TB,NO,0.6277777777777778,5.447222
2016,15,2016_15_NO_ARI,NO,0.6388888888888888,5.2083335
2016,16,2016_16_TB_NO,NO,0.6785714285714285,4.549603
2016,17,2016_17_NO_ATL,NO,0.7007936507936509,3.2996032
2017,1,2017_01_NO_MIN,NO,,
2017,2,2017_02_NE_NO,NO,,
2017,3,2017_03_NO_CAR,NO,,
2017,4,2017_04_NO_MIA,NO,,
2017,6,2017_06_DET_NO,NO,,
2017,7,2017_07_NO_GB,NO,,
2017,8,2017_08_CHI_NO,NO,0.48809523809523814,10.89881
2017,9,2017_09_TB_NO,NO,0.4761904761904763,10.708333
2017,10,2017_10_NO_BUF,NO,0.42857142857142855,10.049603
2017,11,2017_11_WAS_NO,NO,0.373015873015873,10.049603
2017,12,2017_12_NO_LA,NO,0.42857142857142855,8.438492
2017,13,2017_13_CAR_NO,NO,0.5,7.819444
2017,14,2017_14_NO_ATL,NO,0.5416666666666666,5.444444
2017,15,2017_15_NYJ_NO,NO,0.4583333333333333,8.311111
2017,16,2017_16_ATL_NO,NO,0.525,7.422222
2017,17,2017_17_NO_TB,NO,0.45555555555555555,10.422222
2018,1,2018_01_TB_NO,NO,,
2018,2,2018_02_CLE_NO,NO,,
2018,3,2018_03_NO_ATL,NO,,
2018,4,2018_04_NO_NYG,NO,,
2018,5,2018_05_WAS_NO,NO,,
2018,7,2018_07_NO_BAL,NO,,
2018,8,2018_08_NO_MIN,NO,0.623015873015873,7.0432544
2018,9,2018_09_LA_NO,NO,0.5535714285714286,7.8488097
2018,10,2018_10_NO_CIN,NO,0.5313492063492063,7.643254
2018,11,2018_11_PHI_NO,NO,0.6027777777777777,6.1194444
2018,12,2018_12_ATL_NO,NO,0.6861111111111112,5.4111114
2018,13,2018_13_NO_DAL,NO,0.6694444444444444,5.311111
2018,14,2018_14_NO_TB,NO,0.6527777777777778,6.736111
2018,15,2018_15_NO_CAR,NO,0.611111111111111,8.875
2018,16,2018_16_PIT_NO,NO,0.5833333333333334,11.680556
2018,17,2018_17_CAR_NO,NO,0.5833333333333334,11.680556
2019,1,2019_01_HOU_NO,NO,,
2019,2,2019_02_NO_LA,NO,,
2019,3,2019_03_NO_SEA,NO,,
2019,4,2019_04_DAL_NO,NO,,
2019,5,2019_05_TB_NO,NO,,
2019,6,2019_06_NO_JAX,NO,,
2019,7,2019_07_NO_CHI,NO,0.6222222222222222,6.477778
2019,8,2019_08_ARI_NO,NO,0.5499999999999999,6.777778
2019,10,2019_10_ATL_NO,NO,0.5499999999999999,6.777778
2019,11,2019_11_NO_TB,NO,0.6214285714285714,6.873016
2019,12,2019_12_CAR_NO,NO,0.6353174603174604,5.7619042
2019,13,2019_13_NO_ATL,NO,0.6686507936507936,5.7619042
2019,14,2019_14_SF_NO,NO,0.5575396825396826,5.6507936
2019,15,2019_15_IND_NO,NO,0.5922619047619048,7.3799605
2019,16,2019_16_NO_TEN,NO,0.5922619047619048,7.3799605
2019,17,2019_17_NO_CAR,NO,0.5208333333333334,10.184722
2020,1,2020_01_TB_NO,NO,,
2020,2,2020_02_NO_LV,NO,,
2020,3,2020_03_GB_NO,NO,,
2020,4,2020_04_NO_DET,NO,,
2020,5,2020_05_LAC_NO,NO,,
2020,7,2020_07_CAR_NO,NO,,
2020,8,2020_08_NO_CHI,NO,0.6319444444444444,8.3138895
2020,9,2020_09_NO_TB,NO,0.5462301587301587,10.551984
2020,10,2020_10_SF_NO,NO,0.518452380952381,8.774206
2020,11,2020_11_ATL_NO,NO,0.45595238095238094,12.23254
2020,12,2020_12_NO_DEN,NO,0.3976190476190477,13.874207
2020,13,2020_13_NO_ATL,NO,0.3976190476190476,12.846428
2020,14,2020_14_NO_PHI,NO,0.46428571428571425,11.279762
2020,15,2020_15_KC_NO,NO,0.5166666666666667,10.875
2020,16,2020_16_MIN_NO,NO,0.5761904761904763,11.684524
2020,17,2020_17_NO_CAR,NO,0.5900793650793651,8.656746
2021,1,2021_01_GB_NO,NO,,
2021,2,2021_02_NO_CAR,NO,,
2021,3,2021_03_NO_NE,NO,,
2021,4,2021_04_NYG_NO,NO,,
2021,5,2021_05_NO_WAS,NO,,
2021,7,2021_07_NO_SEA,NO,,
2021,8,2021_08_TB_NO,NO,0.6,9.388889
2021,9,2021_09_ATL_NO,NO,0.5333333333333333,11.688889
2021,10,2021_10_NO_TEN,NO,0.5333333333333333,10.25
2021,11,2021_11_NO_PHI,NO,0.45,13.111111
2021,12,2021_12_BUF_NO,NO,0.4611111111111111,12.907407
2021,13,2021_13_DAL_NO,NO,0.37777777777777777,13.851852
2021,14,2021_14_NO_NYJ,NO,0.43333333333333335,12.018519
2021,15,2021_15_NO_TB,NO,0.5,9.718518
2021,16,2021_16_MIA_NO,NO,0.6666666666666666,6.351852
2021,17,2021_17_CAR_NO,NO,0.7999999999999999,3.6907406
2021,18,2021_18_NO_ATL,NO,0.7444444444444445,6.0611115
2022,1,2022_01_NO_ATL,NO,,
2022,2,2022_02_TB_NO,NO,,
2022,3,2022_03_NO_CAR,NO,,
2022,4,2022_04_MIN_NO,NO,,
2022,5,2022_05_SEA_NO,NO,,
2022,6,2022_06_CIN_NO,NO,,
2022,7,2022_07_NO_ARI,NO,0.6555555555555556,7.6349206
2022,8,2022_08_LV_NO,NO,0.6347222222222223,8.114087
2022,9,2022_09_BAL_NO,NO,0.7013888888888888,5.9474206
2022,10,2022_10_NO_PIT,NO,0.7291666666666666,5.3085318
2022,11,2022_11_LA_NO,NO,0.6434523809523809,7.432341
2022,12,2022_12_NO_SF,NO,0.7291666666666666,5.051389
2022,13,2022_13_NO_TB,NO,0.6319444444444445,6.995833
2022,15,2022_15_ATL_NO,NO,0.6111111111111112,7.7666664
2022,16,2022_16_NO_CLE,NO,0.6111111111111112,7.7666664
2022,17,2022_17_NO_PHI,NO,0.5555555555555556,9.461111
2022,18,2022_18_CAR_NO,NO,0.6333333333333334,7.861111
2023,1,2023_01_TEN_NO,NO,,
2023,2,2023_02_NO_CAR,NO,,
2023,3,2023_03_NO_GB,NO,,
2023,4,2023_04_TB_NO,NO,,
2023,5,2023_05_NO_NE,NO,,
2023,6,2023_06_NO_HOU,NO,,
2023,7,2023_07_JAX_NO,NO,0.39444444444444443,10.672222
2023,8,2023_08_NO_IND,NO,0.5333333333333333,7.616667
2023,9,2023_09_CHI_NO,NO,0.6333333333333333,6.0499997
2023,10,2023_10_NO_MIN,NO,0.6749999999999999,5.7166667
2023,12,2023_12_NO_ATL,NO,0.7027777777777778,6.133333
2023,13,2023_13_DET_NO,NO,0.8694444444444445,3.1333332
2023,14,2023_14_CAR_NO,NO,0.878968253968254,2.9285715
2023,15,2023_15_NYG_NO,NO,0.8234126984126985,4.484127
2023,16,2023_16_NO_LA,NO,0.6567460317460317,7.484127
2023,17,2023_17_NO_TB,NO,0.6984126984126983,6.484127
2023,18,2023_18_ATL_NO,NO,0.5873015873015873,7.261905
2024,1,2024_01_CAR_NO,NO,,
2024,2,2024_02_NO_DAL,NO,,
2024,3,2024_03_PHI_NO,NO,,
2024,4,2024_04_NO_ATL,NO,,
2024,5,2024_05_NO_KC,NO,,
2024,6,2024_06_TB_NO,NO,,
2024,7,2024_07_DEN_NO,NO,0.6243386243386243,10.712963
2024,8,2024_08_NO_LAC,NO,0.6868386243386243,7.8171296
2024,9,2024_09_NO_CAR,NO,0.6392195767195767,9.31713
2024,10,2024_10_ATL_NO,NO,0.5392195767195768,11.283797
2024,11,2024_11_CLE_NO,NO,0.5749338624338625,10.599273
2024,13,2024_13_LA_NO,NO,0.5908068783068783,10.908795
2024,14,2024_14_NO_NYG,NO,0.6093253968253968,10.445833
2024,15,2024_15_WAS_NO,NO,0.6023809523809524,10.536111
2024,16,2024_16_NO_GB,NO,0.4833333333333334,13.702778
2024,17,2024_17_LV_NO,NO,0.44047619047619047,15.759921
2024,18,2024_18_NO_TB,NO,0.5238095238095238,13.634921
2016,1,2016_01_NYG_DAL,NYG,,
2016,2,2016_02_NO_NYG,NYG,,
2016,3,2016_03_WAS_NYG,NYG,,
2016,4,2016_04_NYG_MIN,NYG,,
2016,5,2016_05_NYG_GB,NYG,,
2016,6,2016_06_BAL_NYG,NYG,,
2016,7,2016_07_NYG_LA,NYG,0.6708333333333334,8.695833
2016,9,2016_09_PHI_NYG,NYG,0.7263888888888889,7.418055
2016,10,2016_10_CIN_NYG,NYG,0.7125,8.168056
2016,11,2016_11_CHI_NYG,NYG,0.6333333333333333,9.622222
2016,12,2016_12_NYG_CLE,NYG,0.6083333333333333,10.030556
2016,13,2016_13_NYG_PIT,NYG,0.5527777777777777,8.974999
2016,14,2016_14_DAL_NYG,NYG,0.4694444444444444,11.141666
2016,15,2016_15_DET_NYG,NYG,0.30277777777777776,14.474999
2016,16,2016_16_NYG_PHI,NYG,0.30277777777777776,14.919445
2016,17,2016_17_NYG_WAS,NYG,0.26944444444444443,15.886111
2017,1,2017_01_NYG_DAL,NYG,,
2017,2,2017_02_DET_NYG,NYG,,
2017,3,2017_03_NYG_PHI,NYG,,
2017,4,2017_04_NYG_TB,NYG,,
2017,5,2017_05_LAC_NYG,NYG,,
2017,6,2017_06_NYG_DEN,NYG,,
2017,7,2017_07_SEA_NYG,NYG,0.6460317460317461,6.1857142
2017,9,2017_09_LA_NYG,NYG,0.6682539682539682,5.619047
2017,10,2017_10_NYG_SF,NYG,0.6682539682539682,5.7690473
2017,11,2017_11_KC_NYG,NYG,0.7071428571428572,5.0690475
2017,12,2017_12_NYG_WAS,NYG,0.6654761904761906,5.3190475
2017,13,2017_13_NYG_OAK,NYG,0.7416666666666667,3.6666667
2017,14,2017_14_DAL_NYG,NYG,0.7305555555555556,4.733333
2017,15,2017_15_PHI_NYG,NYG,0.6527777777777778,6.022222
2017,16,2017_16_NYG_ARI,NYG,0.567063492063492,7.5531745
2017,17,2017_17_WAS_NYG,NYG,0.5281746031746032,8.319841
2018,1,2018_01_JAX_NYG,NYG,,
2018,2,2018_02_NYG_DAL,NYG,,
2018,3,2018_03_NYG_HOU,NYG,,
2018,4,2018_04_NO_NYG,NYG,,
2018,5,2018_05_NYG_CAR,NYG,,
2018,6,2018_06_PHI_NYG,NYG,,
2018,7,2018_07_NYG_ATL,NYG,0.594047619047619,8.164286
2018,8,2018_08_WAS_NYG,NYG,0.5162698412698412,9.942063
2018,10,2018_10_NYG_SF,NYG,0.5496031746031746,9.075397
2018,11,2018_11_TB_NYG,NYG,0.5718253968253969,10.464286
2018,12,2018_12_NYG_PHI,NYG,0.4676587301587302,13.047619
2018,13,2018_13_CHI_NYG,NYG,0.44682539682539685,14.186508
2018,14,2018_14_NYG_WAS,NYG,0.3833333333333333,14.361112
2018,15,2018_15_TEN_NYG,NYG,0.49444444444444446,12.083333
2018,16,2018_16_NYG_IND,NYG,0.36111111111111116,14.875
2018,17,2018_17_DAL_NYG,NYG,0.4388888888888889,12.519444
2019,1,2019_01_NYG_DAL,NYG,,
2019,2,2019_02_BUF_NYG,NYG,,
2019,3,2019_03_NYG_TB,NYG,,
2019,4,2019_04_WAS_NYG,NYG,,
2019,5,2019_05_MIN_NYG,NYG,,
2019,6,2019_06_NYG_NE,NYG,,
2019,7,2019_07_ARI_NYG,NYG,0.7507936507936508,6.4166665
2019,8,2019_08_NYG_DET,NYG,0.6952380952380953,7.5555553
2019,9,2019_09_DAL_NYG,NYG,0.5952380952380952,9.638888
2019,10,2019_10_NYG_NYJ,NYG,0.45238095238095233,13.543651
2019,12,2019_12_NYG_CHI,NYG,0.4047619047619047,14.353175
2019,13,2019_13_GB_NYG,NYG,0.2857142857142857,15.410317
2019,14,2019_14_NYG_PHI,NYG,0.17460317460317457,17.160318
2019,15,2019_15_MIA_NYG,NYG,0.2857142857142857,14.743651
2019,16,2019_16_NYG_WAS,NYG,0.3412698412698412,13.632541
2019,17,2019_17_PHI_NYG,NYG,0.43650793650793646,11.251587
2020,1,2020_01_PIT_NYG,NYG,,
2020,2,2020_02_NYG_CHI,NYG,,
2020,3,2020_03_SF_NYG,NYG,,
2020,4,2020_04_NYG_LA,NYG,,
2020,5,2020_05_NYG_DAL,NYG,,
2020,6,2020_06_WAS_NYG,NYG,,
2020,7,2020_07_NYG_PHI,NYG,0.6496031746031746,6.2125
2020,8,2020_08_TB_NYG,NYG,0.5773809523809524,8.412499
2020,9,2020_09_NYG_WAS,NYG,0.5892857142857143,8.412499
2020,10,2020_10_PHI_NYG,NYG,0.6392857142857142,8.091666
2020,12,2020_12_NYG_CIN,NYG,0.5976190476190476,8.425
2020,13,2020_13_NYG_SEA,NYG,0.5619047619047618,8.3
2020,14,2020_14_ARI_NYG,NYG,0.5730158730158731,9.177777
2020,15,2020_15_CLE_NYG,NYG,0.5539682539682539,9.453968
2020,16,2020_16_NYG_BAL,NYG,0.542063492063492,9.912301
2020,17,2020_17_DAL_NYG,NYG,0.4420634920634921,11.712302
2021,1,2021_01_DEN_NYG,NYG,,
2021,2,2021_02_NYG_WAS,NYG,,
2021,3,2021_03_ATL_NYG,NYG,,
2021,4,2021_04_NYG_NO,NYG,,
2021,5,2021_05_NYG_DAL,NYG,,
2021,6,2021_06_LA_NYG,NYG,,
2021,7,2021_07_CAR_NYG,NYG,0.6478835978835978,7.674603
2021,8,2021_08_NYG_KC,NYG,0.647883597883598,7.119047
2021,9,2021_09_LV_NYG,NYG,0.5756613756613757,8.330159
2021,11,2021_11_NYG_TB,NYG,0.5312169312169313,9.496825
2021,12,2021_12_PHI_NYG,NYG,0.5645502645502646,8.996825
2021,13,2021_13_NYG_MIA,NYG,0.5182539682539683,9.830159
2021,14,2021_14_NYG_LAC,NYG,0.6611111111111111,6.3777776
2021,15,2021_15_DAL_NYG,NYG,0.6749999999999999,5.808333
2021,16,2021_16_NYG_PHI,NYG,0.7416666666666667,4.5416665
2021,17,2021_17_NYG_CHI,NYG,0.7940476190476192,3.9464285
2021,18,2021_18_WAS_NYG,NYG,0.6940476190476191,5.713095
2022,1,2022_01_NYG_TEN,NYG,,
2022,2,2022_02_CAR_NYG,NYG,,
2022,3,2022_03_DAL_NYG,NYG,,
2022,4,2022_04_CHI_NYG,NYG,,
2022,5,2022_05_NYG_GB,NYG,,
2022,6,2022_06_BAL_NYG,NYG,,
2022,7,2022_07_NYG_JAX,NYG,0.7083333333333334,6.366667
2022,8,2022_08_NYG_SEA,NYG,0.775,5.0
2022,10,2022_10_HOU_NYG,NYG,0.6916666666666668,6.75
2022,11,2022_11_DET_NYG,NYG,0.5916666666666667,7.4500003
2022,12,2022_12_NYG_DAL,NYG,0.5750000000000001,7.488889
2022,13,2022_13_WAS_NYG,NYG,0.7000000000000001,5.1555552
2022,14,2022_14_PHI_NYG,NYG,0.6777777777777777,4.811111
2022,15,2022_15_NYG_WAS,NYG,0.6222222222222222,5.8851852
2022,16,2022_16_NYG_MIN,NYG,0.6638888888888889,5.0101852
2022,17,2022_17_IND_NYG,NYG,0.7305555555555555,5.1768517
2022,18,2022_18_NYG_PHI,NYG,0.7027777777777778,6.2601852
2023,1,2023_01_DAL_NYG,NYG,,
2023,2,2023_02_NYG_ARI,NYG,,
2023,3,2023_03_NYG_SF,NYG,,
2023,4,2023_04_SEA_NYG,NYG,,
2023,5,2023_05_NYG_MIA,NYG,,
2023,6,2023_06_NYG_BUF,NYG,,
2023,7,2023_07_WAS_NYG,NYG,0.765079365079365,3.0142858
2023,8,2023_08_NYJ_NYG,NYG,0.765079365079365,3.0142858
2023,9,2023_09_NYG_LV,NYG,0.7095238095238096,4.347619
2023,10,2023_10_NYG_DAL,NYG,0.6142857142857142,6.5857143
2023,11,2023_11_NYG_WAS,NYG,0.6601190476190476,6.702381
2023,12,2023_12_NE_NYG,NYG,0.6934523809523809,6.0357146
2023,14,2023_14_GB_NYG,NYG,0.8045634920634921,4.702381
2023,15,2023_15_NYG_NO,NYG,0.7212301587301587,4.702381
2023,16,2023_16_NYG_PHI,NYG,0.7767857142857143,3.3690479
2023,17,2023_17_LA_NYG,NYG,0.8958333333333334,0.75
2023,18,2023_18_PHI_NYG,NYG,0.9166666666666666,0.0
2024,1,2024_01_MIN_NYG,NYG,,
2024,2,2024_02_NYG_WAS,NYG,,
2024,3,2024_03_NYG_CLE,NYG,,
2024,4,2024_04_DAL_NYG,NYG,,
2024,5,2024_05_NYG_SEA,NYG,,
2024,6,2024_06_CIN_NYG,NYG,,
2024,7,2024_07_PHI_NYG,NYG,0.4793650793650794,12.503175
2024,8,2024_08_NYG_PIT,NYG,0.5126984126984127,11.769841
2024,9,2024_09_WAS_NYG,NYG,0.5841269841269842,10.436508
2024,10,2024_10_NYG_CAR,NYG,0.5563492063492064,11.019841
2024,12,2024_12_TB_NYG,NYG,0.5507936507936507,10.258731
2024,13,2024_13_NYG_DAL,NYG,0.623015873015873,8.9087305
2024,14,2024_14_NO_NYG,NYG,0.5952380952380952,9.9087305
2024,15,2024_15_BAL_NYG,NYG,0.48412698412698413,12.630952
2024,16,2024_16_NYG_ATL,NYG,0.47222222222222215,12.388889
2024,17,2024_17_IND_NYG,NYG,0.5873015873015873,9.797619
2024,18,2024_18_NYG_PHI,NYG,0.7023809523809524,10.039682
2016,1,2016_01_CIN_NYJ,NYJ,,
2016,2,2016_02_NYJ_BUF,NYJ,,
2016,3,2016_03_NYJ_KC,NYJ,,
2016,4,2016_04_SEA_NYJ,NYJ,,
2016,5,2016_05_NYJ_PIT,NYJ,,
2016,6,2016_06_NYJ_ARI,NYJ,,
2016,7,2016_07_BAL_NYJ,NYJ,0.5722222222222223,11.144444
2016,8,2016_08_NYJ_CLE,NYJ,0.5888888888888889,9.269444
2016,9,2016_09_NYJ_MIA,NYJ,0.6277777777777778,9.169444
2016,10,2016_10_LA_NYJ,NYJ,0.7055555555555556,5.663889
2016,12,2016_12_NE_NYJ,NYJ,0.6083333333333333,7.3722224
2016,13,2016_13_IND_NYJ,NYJ,0.5527777777777777,8.122222
2016,14,2016_14_NYJ_SF,NYJ,0.42777777777777776,10.622222
2016,15,2016_15_MIA_NYJ,NYJ,0.3444444444444444,11.330555
2016,16,2016_16_NYJ_NE,NYJ,0.3333333333333333,12.347222
2016,17,2016_17_BUF_NYJ,NYJ,0.29629629629629634,12.375
2017,1,2017_01_NYJ_BUF,NYJ,,
2017,2,2017_02_NYJ_OAK,NYJ,,
2017,3,2017_03_MIA_NYJ,NYJ,,
2017,4,2017_04_JAX_NYJ,NYJ,,
2017,5,2017_05_NYJ_CLE,NYJ,,
2017,6,2017_06_NE_NYJ,NYJ,,
2017,7,2017_07_NYJ_MIA,NYJ,0.5750000000000001,7.0208335
2017,8,2017_08_ATL_NYJ,NYJ,0.6027777777777777,5.9791665
2017,9,2017_09_BUF_NYJ,NYJ,0.5611111111111111,6.861111
2017,10,2017_10_NYJ_TB,NYJ,0.39444444444444443,8.327778
2017,12,2017_12_CAR_NYJ,NYJ,0.3277777777777778,9.061111
2017,13,2017_13_KC_NYJ,NYJ,0.4527777777777778,8.811111
2017,14,2017_14_NYJ_DEN,NYJ,0.49722222222222223,8.211111
2017,15,2017_15_NYJ_NO,NYJ,0.525,8.127778
2017,16,2017_16_LAC_NYJ,NYJ,0.4694444444444445,9.211111
2017,17,2017_17_NYJ_NE,NYJ,0.6361111111111111,7.7444444
2018,1,2018_01_NYJ_DET,NYJ,,
2018,2,2018_02_MIA_NYJ,NYJ,,
2018,3,2018_03_NYJ_CLE,NYJ,,
2018,4,2018_04_NYJ_JAX,NYJ,,
2018,5,2018_05_DEN_NYJ,NYJ,,
2018,6,2018_06_IND_NYJ,NYJ,,
2018,7,2018_07_MIN_NYJ,NYJ,0.5499999999999999,6.2035713
2018,8,2018_08_NYJ_CHI,NYJ,0.5083333333333333,8.349404
2018,9,2018_09_NYJ_MIA,NYJ,0.5083333333333333,8.349404
2018,10,2018_10_BUF_NYJ,NYJ,0.575,7.616071
2018,12,2018_12_NE_NYJ,NYJ,0.5214285714285715,9.622024
2018,13,2018_13_NYJ_TEN,NYJ,0.5992063492063492,10.066468
2018,14,2018_14_NYJ_BUF,NYJ,0.6388888888888888,10.701389
2018,15,2018_15_HOU_NYJ,NYJ,0.5972222222222222,11.847222
2018,16,2018_16_GB_NYJ,NYJ,0.5347222222222222,13.326389
2018,17,2018_17_NYJ_NE,NYJ,0.40972222222222215,18.243055
2019,1,2019_01_BUF_NYJ,NYJ,,
2019,2,2019_02_CLE_NYJ,NYJ,,
2019,3,2019_03_NYJ_NE,NYJ,,
2019,5,2019_05_NYJ_PHI,NYJ,,
2019,6,2019_06_DAL_NYJ,NYJ,,
2019,7,2019_07_NE_NYJ,NYJ,,
2019,8,2019_08_NYJ_JAX,NYJ,0.5944444444444444,7.572222
2019,9,2019_09_NYJ_MIA,NYJ,0.5801587301587302,7.976984
2019,10,2019_10_NYG_NYJ,NYJ,0.6246031746031746,9.171429
2019,11,2019_11_NYJ_WAS,NYJ,0.5579365079365078,10.471429
2019,12,2019_12_OAK_NYJ,NYJ,0.48849206349206353,10.860317
2019,13,2019_13_NYJ_CIN,NYJ,0.5384920634920635,10.010318
2019,14,2019_14_MIA_NYJ,NYJ,0.5551587301587301,9.215873
2019,15,2019_15_NYJ_BAL,NYJ,0.5194444444444444,10.3527775
2019,16,2019_16_PIT_NYJ,NYJ,0.40833333333333327,11.7535715
2019,17,2019_17_NYJ_BUF,NYJ,0.3638888888888889,11.120238
2020,1,2020_01_NYJ_BUF,NYJ,,
2020,2,2020_02_SF_NYJ,NYJ,,
2020,3,2020_03_NYJ_IND,NYJ,,
2020,4,2020_04_DEN_NYJ,NYJ,,
2020,5,2020_05_ARI_NYJ,NYJ,,
2020,6,2020_06_NYJ_MIA,NYJ,,
2020,7,2020_07_BUF_NYJ,NYJ,0.6214285714285714,6.213492
2020,8,2020_08_NYJ_KC,NYJ,0.5936507936507937,7.1579366
2020,9,2020_09_NE_NYJ,NYJ,0.6214285714285714,5.5190473
2020,11,2020_11_NYJ_LAC,NYJ,0.6055555555555555,6.177778
2020,12,2020_12_MIA_NYJ,NYJ,0.5341269841269841,7.6063495
2020,13,2020_13_LV_NYJ,NYJ,0.5452380952380952,8.278571
2020,14,2020_14_NYJ_SEA,NYJ,0.49523809523809526,9.656349
2020,15,2020_15_NYJ_LA,NYJ,0.49523809523809526,10.135516
2020,16,2020_16_CLE_NYJ,NYJ,0.5091269841269841,10.663294
2020,17,2020_17_NYJ_NE,NYJ,0.5369047619047619,9.885516
2021,1,2021_01_NYJ_CAR,NYJ,,
2021,2,2021_02_NE_NYJ,NYJ,,
2021,3,2021_03_NYJ_DEN,NYJ,,
2021,4,2021_04_TEN_NYJ,NYJ,,
2021,5,2021_05_NYJ_ATL,NYJ,,
2021,7,2021_07_NYJ_NE,NYJ,,
2021,8,2021_08_CIN_NYJ,NYJ,0.5952380952380952,10.107142
2021,9,2021_09_NYJ_IND,NYJ,0.5396825396825397,11.746032
2021,10,2021_10_BUF_NYJ,NYJ,0.6170634920634921,10.463294
2021,11,2021_11_MIA_NYJ,NYJ,0.5575396825396824,11.75496
2021,12,2021_12_NYJ_HOU,NYJ,0.5194444444444445,12.759723
2021,13,2021_13_PHI_NYJ,NYJ,0.5305555555555556,11.304166
2021,14,2021_14_NO_NYJ,NYJ,0.5680555555555555,11.849999
2021,15,2021_15_NYJ_MIA,NYJ,0.504563492063492,13.520635
2021,16,2021_16_JAX_NYJ,NYJ,0.5462301587301588,12.541469
2021,17,2021_17_TB_NYJ,NYJ,0.4628968253968255,17.083136
2021,18,2021_18_NYJ_BUF,NYJ,0.4573412698412698,17.455359
2022,1,2022_01_BAL_NYJ,NYJ,,
2022,2,2022_02_NYJ_CLE,NYJ,,
2022,3,2022_03_CIN_NYJ,NYJ,,
2022,4,2022_04_NYJ_PIT,NYJ,,
2022,5,2022_05_MIA_NYJ,NYJ,,
2022,6,2022_06_NYJ_GB,NYJ,,
2022,7,2022_07_NYJ_DEN,NYJ,0.5555555555555556,9.472222
2022,8,2022_08_NE_NYJ,NYJ,0.6222222222222222,7.8722224
2022,9,2022_09_BUF_NYJ,NYJ,0.65,6.788889
2022,11,2022_11_NYJ_NE,NYJ,0.5527777777777777,7.9
2022,12,2022_12_CHI_NYJ,NYJ,0.4694444444444444,10.038889
2022,13,2022_13_NYJ_MIN,NYJ,0.5138888888888888,8.805556
2022,14,2022_14_NYJ_BUF,NYJ,0.5972222222222222,6.3888893
2022,15,2022_15_DET_NYJ,NYJ,0.4861111111111111,8.833333
2022,16,2022_16_JAX_NYJ,NYJ,0.4305555555555555,9.25
2022,17,2022_17_NYJ_SEA,NYJ,0.4444444444444444,9.805556
2022,18,2022_18_NYJ_MIA,NYJ,0.5555555555555555,8.5
2023,1,2023_01_BUF_NYJ,NYJ,,
2023,2,2023_02_NYJ_DAL,NYJ,,
2023,3,2023_03_NE_NYJ,NYJ,,
2023,4,2023_04_KC_NYJ,NYJ,,
2023,5,2023_05_NYJ_DEN,NYJ,,
2023,6,2023_06_PHI_NYJ,NYJ,,
2023,8,2023_08_NYJ_NYG,NYJ,0.7984126984126984,4.904365
2023,9,2023_09_LAC_NYJ,NYJ,0.8095238095238096,4.593254
2023,10,2023_10_NYJ_LV,NYJ,0.7761904761904762,4.593254
2023,11,2023_11_NYJ_BUF,NYJ,0.817857142857143,2.8849208
2023,12,2023_12_MIA_NYJ,NYJ,0.7375000000000002,4.3402777
2023,13,2023_13_ATL_NYJ,NYJ,0.7374999999999999,4.5625
2023,14,2023_14_HOU_NYJ,NYJ,0.6958333333333333,5.6041665
2023,15,2023_15_NYJ_MIA,NYJ,0.7513888888888888,4.381944
2023,16,2023_16_WAS_NYJ,NYJ,0.7847222222222223,4.381944
2023,17,2023_17_NYJ_CLE,NYJ,0.7263888888888889,6.5319443
2023,18,2023_18_NYJ_NE,NYJ,0.7353174603174604,6.790873
2024,1,2024_01_NYJ_SF,NYJ,,
2024,2,2024_02_NYJ_TEN,NYJ,,
2024,3,2024_03_NE_NYJ,NYJ,,
2024,4,2024_04_DEN_NYJ,NYJ,,
2024,5,2024_05_NYJ_MIN,NYJ,,
2024,6,2024_06_BUF_NYJ,NYJ,,
2024,7,2024_07_NYJ_PIT,NYJ,0.5499999999999999,12.10926
2024,8,2024_08_NYJ_NE,NYJ,0.5013888888888889,13.183333
2024,9,2024_09_HOU_NYJ,NYJ,0.6124999999999999,10.016666
2024,10,2024_10_NYJ_ARI,NYJ,0.6541666666666667,7.7666664
2024,11,2024_11_IND_NYJ,NYJ,0.7652777777777778,4.9888887
2024,13,2024_13_SEA_NYJ,NYJ,0.7970238095238095,4.1714287
2024,14,2024_14_NYJ_MIA,NYJ,0.691468253968254,9.68254
2024,15,2024_15_NYJ_JAX,NYJ,0.7718253968253967,7.8730164
2024,16,2024_16_LA_NYJ,NYJ,0.7718253968253969,7.8730164
2024,17,2024_17_NYJ_BUF,NYJ,0.7134920634920635,11.173016
2024,18,2024_18_MIA_NYJ,NYJ,0.6579365079365079,12.673016
2016,1,2016_01_CLE_PHI,PHI,,
2016,2,2016_02_PHI_CHI,PHI,,
2016,3,2016_03_PIT_PHI,PHI,,
2016,5,2016_05_PHI_DET,PHI,,
2016,6,2016_06_PHI_WAS,PHI,,
2016,7,2016_07_MIN_PHI,PHI,,
2016,8,2016_08_PHI_DAL,PHI,0.4666666666666666,15.927777
2016,9,2016_09_PHI_NYG,PHI,0.49444444444444446,15.900001
2016,10,2016_10_ATL_PHI,PHI,0.5944444444444444,14.400001
2016,11,2016_11_PHI_SEA,PHI,0.5111111111111111,17.35
2016,12,2016_12_GB_PHI,PHI,0.5444444444444444,16.783335
2016,13,2016_13_PHI_CIN,PHI,0.5166666666666666,15.061111
2016,14,2016_14_WAS_PHI,PHI,0.5444444444444444,11.8875
2016,15,2016_15_PHI_BAL,PHI,0.4666666666666666,12.331944
2016,16,2016_16_NYG_PHI,PHI,0.4777777777777778,12.1375
2016,17,2016_17_DAL_PHI,PHI,0.5888888888888889,8.326388
2017,1,2017_01_PHI_WAS,PHI,,
2017,2,2017_02_PHI_KC,PHI,,
2017,3,2017_03_NYG_PHI,PHI,,
2017,4,2017_04_PHI_LAC,PHI,,
2017,5,2017_05_ARI_PHI,PHI,,
2017,6,2017_06_PHI_CAR,PHI,,
2017,7,2017_07_WAS_PHI,PHI,0.8027777777777777,4.2944446
2017,8,2017_08_SF_PHI,PHI,0.7777777777777778,4.6944447
2017,9,2017_09_DEN_PHI,PHI,0.8333333333333334,3.1666667
2017,11,2017_11_PHI_DAL,PHI,0.8500000000000001,1.65
2017,12,2017_12_CHI_PHI,PHI,0.8083333333333335,2.5666666
2017,13,2017_13_PHI_SEA,PHI,0.8083333333333335,2.5666666
2017,14,2017_14_PHI_LA,PHI,0.7083333333333334,4.3333335
2017,15,2017_15_PHI_NYG,PHI,0.775,3.6000001
2017,16,2017_16_OAK_PHI,PHI,0.6638888888888889,5.5444446
2017,17,2017_17_DAL_PHI,PHI,0.7472222222222222,4.6277776
2018,1,2018_01_ATL_PHI,PHI,,
2018,2,2018_02_PHI_TB,PHI,,
2018,3,2018_03_IND_PHI,PHI,,
2018,4,2018_04_PHI_TEN,PHI,,
2018,5,2018_05_MIN_PHI,PHI,,
2018,6,2018_06_PHI_NYG,PHI,,
2018,7,2018_07_CAR_PHI,PHI,0.6555555555555556,6.697222
2018,8,2018_08_PHI_JAX,PHI,0.6138888888888889,7.947222
2018,10,2018_10_DAL_PHI,PHI,0.5583333333333333,8.724999
2018,11,2018_11_PHI_NO,PHI,0.5138888888888888,10.208333
2018,12,2018_12_NYG_PHI,PHI,0.4398148148148148,12.319444
2018,13,2018_13_WAS_PHI,PHI,0.4953703703703704,11.347222
2018,14,2018_14_PHI_DAL,PHI,0.5370370370370371,10.847222
2018,15,2018_15_PHI_LA,PHI,0.6287037037037038,9.005555
2018,16,2018_16_HOU_PHI,PHI,0.6175925925925926,8.761111
2018,17,2018_17_PHI_WAS,PHI,0.6175925925925926,8.844444
2019,1,2019_01_WAS_PHI,PHI,,
2019,2,2019_02_PHI_ATL,PHI,,
2019,3,2019_03_DET_PHI,PHI,,
2019,4,2019_04_PHI_GB,PHI,,
2019,5,2019_05_NYJ_PHI,PHI,,
2019,6,2019_06_PHI_MIN,PHI,,
2019,7,2019_07_PHI_DAL,PHI,0.5142857142857142,9.948413
2019,8,2019_08_PHI_BUF,PHI,0.5,10.829365
2019,9,2019_09_CHI_PHI,PHI,0.5555555555555556,8.884921
2019,11,2019_11_NE_PHI,PHI,0.5396825396825397,9.321428
2019,12,2019_12_SEA_PHI,PHI,0.523015873015873,9.18254
2019,13,2019_13_PHI_MIA,PHI,0.523015873015873,9.05754
2019,14,2019_14_NYG_PHI,PHI,0.5230158730158729,8.700397
2019,15,2019_15_PHI_WAS,PHI,0.5373015873015873,8.752778
2019,16,2019_16_DAL_PHI,PHI,0.6206349206349207,7.336111
2019,17,2019_17_PHI_NYG,PHI,0.6067460317460318,9.113889
2020,1,2020_01_PHI_WAS,PHI,,
2020,2,2020_02_LA_PHI,PHI,,
2020,3,2020_03_CIN_PHI,PHI,,
2020,4,2020_04_PHI_SF,PHI,,
2020,5,2020_05_PHI_PIT,PHI,,
2020,6,2020_06_BAL_PHI,PHI,,
2020,7,2020_07_NYG_PHI,PHI,0.6984126984126985,4.2440476
2020,8,2020_08_DAL_PHI,PHI,0.6150793650793651,5.827381
2020,10,2020_10_PHI_NYG,PHI,0.6198412698412699,5.0416665
2020,11,2020_11_PHI_CLE,PHI,0.5920634920634921,6.013889
2020,12,2020_12_SEA_PHI,PHI,0.6420634920634921,6.222222
2020,13,2020_13_PHI_GB,PHI,0.6023809523809524,7.718254
2020,14,2020_14_NO_PHI,PHI,0.5388888888888889,9.916667
2020,15,2020_15_PHI_ARI,PHI,0.5805555555555556,8.333333
2020,16,2020_16_PHI_DAL,PHI,0.5083333333333334,10.277778
2020,17,2020_17_WAS_PHI,PHI,0.501388888888889,10.513889
2021,1,2021_01_PHI_ATL,PHI,,
2021,2,2021_02_SF_PHI,PHI,,
2021,3,2021_03_PHI_DAL,PHI,,
2021,4,2021_04_KC_PHI,PHI,,
2021,5,2021_05_PHI_CAR,PHI,,
2021,6,2021_06_TB_PHI,PHI,,
2021,7,2021_07_PHI_LV,PHI,0.7091269841269842,5.969841
2021,8,2021_08_PHI_DET,PHI,0.7726190476190475,4.9142857
2021,9,2021_09_LAC_PHI,PHI,0.6476190476190475,5.830952
2021,10,2021_10_PHI_DEN,PHI,0.5365079365079365,7.025397
2021,11,2021_11_NO_PHI,PHI,0.6079365079365079,5.644444
2021,12,2021_12_PHI_NYG,PHI,0.5634920634920635,5.527778
2021,13,2021_13_PHI_NYJ,PHI,0.4384920634920635,7.777778
2021,15,2021_15_WAS_PHI,PHI,0.3611111111111111,8.236112
2021,16,2021_16_NYG_PHI,PHI,0.40277777777777773,9.444445
2021,17,2021_17_PHI_WAS,PHI,0.34722222222222215,9.916667
2021,18,2021_18_DAL_PHI,PHI,0.28055555555555556,10.616667
2022,1,2022_01_PHI_DET,PHI,,
2022,2,2022_02_MIN_PHI,PHI,,
2022,3,2022_03_PHI_WAS,PHI,,
2022,4,2022_04_JAX_PHI,PHI,,
2022,5,2022_05_PHI_ARI,PHI,,
2022,6,2022_06_DAL_PHI,PHI,,
2022,8,2022_08_PIT_PHI,PHI,0.5138888888888888,5.013889
2022,9,2022_09_PHI_HOU,PHI,0.4583333333333333,6.75
2022,10,2022_10_WAS_PHI,PHI,0.5416666666666666,6.9166665
2022,11,2022_11_PHI_IND,PHI,0.5694444444444444,8.027778
2022,12,2022_12_GB_PHI,PHI,0.6944444444444443,5.1527777
2022,13,2022_13_TEN_PHI,PHI,0.5753968253968254,7.3194447
2022,14,2022_14_PHI_NYG,PHI,0.46428571428571436,9.375
2022,15,2022_15_PHI_CHI,PHI,0.46428571428571425,11.458333
2022,16,2022_16_PHI_DAL,PHI,0.38095238095238093,14.041667
2022,17,2022_17_NO_PHI,PHI,0.3994708994708995,13.930556
2022,18,2022_18_NYG_PHI,PHI,0.36613756613756615,14.430556
2023,1,2023_01_PHI_NE,PHI,,
2023,2,2023_02_MIN_PHI,PHI,,
2023,3,2023_03_PHI_TB,PHI,,
2023,4,2023_04_WAS_PHI,PHI,,
2023,5,2023_05_PHI_LA,PHI,,
2023,6,2023_06_PHI_NYJ,PHI,,
2023,7,2023_07_MIA_PHI,PHI,0.8416666666666667,2.4166667
2023,8,2023_08_PHI_WAS,PHI,0.7999999999999999,3.8333333
2023,9,2023_09_DAL_PHI,PHI,0.7777777777777778,3.8333333
2023,11,2023_11_PHI_KC,PHI,0.7944444444444444,1.875
2023,12,2023_12_BUF_PHI,PHI,0.7944444444444444,1.875
2023,13,2023_13_SF_PHI,PHI,0.6992063492063493,1.875
2023,14,2023_14_PHI_DAL,PHI,0.6277777777777778,3.4464285
2023,15,2023_15_PHI_SEA,PHI,0.7111111111111111,1.5714287
2023,16,2023_16_NYG_PHI,PHI,0.7333333333333334,2.004762
2023,17,2023_17_ARI_PHI,PHI,0.6333333333333334,3.1380951
2023,18,2023_18_PHI_NYG,PHI,0.6095238095238095,3.1380951
2024,1,2024_01_GB_PHI,PHI,,
2024,2,2024_02_ATL_PHI,PHI,,
2024,3,2024_03_PHI_NO,PHI,,
2024,4,2024_04_PHI_TB,PHI,,
2024,6,2024_06_CLE_PHI,PHI,,
2024,7,2024_07_PHI_NYG,PHI,,
2024,8,2024_08_PHI_CIN,PHI,0.6757936507936507,7.9107146
2024,9,2024_09_JAX_PHI,PHI,0.640079365079365,9.464286
2024,10,2024_10_PHI_DAL,PHI,0.6261904761904762,10.130952
2024,11,2024_11_WAS_PHI,PHI,0.5845238095238096,11.755952
2024,12,2024_12_PHI_LA,PHI,0.4833333333333334,13.333333
2024,13,2024_13_PHI_BAL,PHI,0.5166666666666666,10.833333
2024,14,2024_14_CAR_PHI,PHI,0.44999999999999996,11.599999
2024,15,2024_15_PIT_PHI,PHI,0.4916666666666667,10.266666
2024,16,2024_16_PHI_WAS,PHI,0.45,11.474999
2024,17,2024_17_DAL_PHI,PHI,0.45,10.169444
2024,18,2024_18_NYG_PHI,PHI,0.4083333333333334,13.044444
2016,1,2016_01_PIT_WAS,PIT,,
2016,2,2016_02_CIN_PIT,PIT,,
2016,3,2016_03_PIT_PHI,PIT,,
2016,4,2016_04_KC_PIT,PIT,,
2016,5,2016_05_NYJ_PIT,PIT,,
2016,6,2016_06_PIT_MIA,PIT,,
2016,7,2016_07_NE_PIT,PIT,0.7404761904761905,5.213095
2016,9,2016_09_PIT_BAL,PIT,0.6738095238095237,7.313095
2016,10,2016_10_DAL_PIT,PIT,0.7154761904761905,6.3964286
2016,11,2016_11_PIT_CLE,PIT,0.7452380952380953,6.0571427
2016,12,2016_12_PIT_IND,PIT,0.7452380952380953,6.0571427
2016,13,2016_13_NYG_PIT,PIT,0.7035714285714286,6.8488097
2016,14,2016_14_PIT_BUF,PIT,0.65,7.4500003
2016,15,2016_15_PIT_CIN,PIT,0.625,6.7083335
2016,16,2016_16_BAL_PIT,PIT,0.525,9.241667
2016,17,2016_17_CLE_PIT,PIT,0.49523809523809526,9.604762
2017,1,2017_01_PIT_CLE,PIT,,
2017,2,2017_02_MIN_PIT,PIT,,
2017,3,2017_03_PIT_CHI,PIT,,
2017,4,2017_04_PIT_BAL,PIT,,
2017,5,2017_05_JAX_PIT,PIT,,
2017,6,2017_06_PIT_KC,PIT,,
2017,7,2017_07_CIN_PIT,PIT,0.5583333333333333,6.7555556
2017,8,2017_08_PIT_DET,PIT,0.5444444444444444,7.477778
2017,10,2017_10_PIT_IND,PIT,0.6555555555555556,4.977778
2017,11,2017_11_TEN_PIT,PIT,0.6277777777777778,5.4361115
2017,12,2017_12_GB_PIT,PIT,0.6972222222222223,4.311111
2017,13,2017_13_PIT_CIN,PIT,0.686111111111111,5.855556
2017,14,2017_14_BAL_PIT,PIT,0.686111111111111,6.7555556
2017,15,2017_15_NE_PIT,PIT,0.5988095238095238,7.7238097
2017,16,2017_16_PIT_HOU,PIT,0.4599206349206349,10.084921
2017,17,2017_17_CLE_PIT,PIT,0.4599206349206349,8.293254
2018,1,2018_01_PIT_CLE,PIT,,
2018,2,2018_02_KC_PIT,PIT,,
2018,3,2018_03_PIT_TB,PIT,,
2018,4,2018_04_BAL_PIT,PIT,,
2018,5,2018_05_ATL_PIT,PIT,,
2018,6,2018_06_PIT_CIN,PIT,,
2018,8,2018_08_CLE_PIT,PIT,0.5343915343915344,9.562169
2018,9,2018_09_PIT_BAL,PIT,0.576058201058201,7.326058
2018,10,2018_10_CAR_PIT,PIT,0.6353174603174603,7.118651
2018,11,2018_11_PIT_JAX,PIT,0.6214285714285714,6.9519844
2018,12,2018_12_PIT_DEN,PIT,0.65,6.513889
2018,13,2018_13_LAC_PIT,PIT,0.6916666666666668,5.5555553
2018,14,2018_14_PIT_OAK,PIT,0.6750000000000002,5.1222224
2018,15,2018_15_NE_PIT,PIT,0.6916666666666668,5.85
2018,16,2018_16_PIT_NO,PIT,0.6694444444444444,6.316667
2018,17,2018_17_CIN_PIT,PIT,0.6555555555555556,6.4555554
2019,1,2019_01_PIT_NE,PIT,,
2019,2,2019_02_SEA_PIT,PIT,,
2019,3,2019_03_PIT_SF,PIT,,
2019,4,2019_04_CIN_PIT,PIT,,
2019,5,2019_05_BAL_PIT,PIT,,
2019,6,2019_06_PIT_LAC,PIT,,
2019,8,2019_08_MIA_PIT,PIT,0.725,3.8374999
2019,9,2019_09_IND_PIT,PIT,0.7111111111111111,4.3305554
2019,10,2019_10_LA_PIT,PIT,0.6444444444444445,5.663889
2019,11,2019_11_PIT_CLE,PIT,0.6555555555555556,5.375
2019,12,2019_12_PIT_CIN,PIT,0.5722222222222222,6.7083335
2019,13,2019_13_CLE_PIT,PIT,0.6,6.4305553
2019,14,2019_14_PIT_ARI,PIT,0.5583333333333332,9.055555
2019,15,2019_15_BUF_PIT,PIT,0.5305555555555556,8.666667
2019,16,2019_16_PIT_NYJ,PIT,0.47222222222222215,9.958333
2019,17,2019_17_PIT_BAL,PIT,0.42777777777777776,11.013889
2020,1,2020_01_PIT_NYG,PIT,,
2020,2,2020_02_DEN_PIT,PIT,,
2020,3,2020_03_HOU_PIT,PIT,,
2020,5,2020_05_PHI_PIT,PIT,,
2020,6,2020_06_CLE_PIT,PIT,,
2020,7,2020_07_PIT_TEN,PIT,,
2020,8,2020_08_PIT_BAL,PIT,0.5666666666666667,10.277778
2020,9,2020_09_PIT_DAL,PIT,0.5666666666666667,10.902778
2020,10,2020_10_CIN_PIT,PIT,0.6222222222222222,9.263889
2020,11,2020_11_PIT_JAX,PIT,0.5388888888888889,10.027778
2020,12,2020_12_BAL_PIT,PIT,0.5222222222222223,8.427777
2020,13,2020_13_WAS_PIT,PIT,0.4388888888888889,8.983334
2020,14,2020_14_PIT_BUF,PIT,0.4166666666666667,9.305556
2020,15,2020_15_PIT_CIN,PIT,0.4444444444444445,8.416667
2020,16,2020_16_IND_PIT,PIT,0.4444444444444444,8.444445
2020,17,2020_17_PIT_CLE,PIT,0.4777777777777778,8.255555
2021,1,2021_01_PIT_BUF,PIT,,
2021,2,2021_02_LV_PIT,PIT,,
2021,3,2021_03_CIN_PIT,PIT,,
2021,4,2021_04_PIT_GB,PIT,,
2021,5,2021_05_DEN_PIT,PIT,,
2021,6,2021_06_SEA_PIT,PIT,,
2021,8,2021_08_PIT_CLE,PIT,0.5630952380952381,9.882143
2021,9,2021_09_CHI_PIT,PIT,0.4853174603174603,12.326588
2021,10,2021_10_DET_PIT,PIT,0.525,11.247223
2021,11,2021_11_PIT_LAC,PIT,0.4472222222222222,12.458333
2021,12,2021_12_PIT_CIN,PIT,0.48888888888888893,11.020833
2021,13,2021_13_BAL_PIT,PIT,0.4930555555555555,11.375
2021,14,2021_14_PIT_MIN,PIT,0.4847222222222222,9.866667
2021,15,2021_15_TEN_PIT,PIT,0.5333333333333333,8.713889
2021,16,2021_16_PIT_KC,PIT,0.5055555555555555,9.186111
2021,17,2021_17_CLE_PIT,PIT,0.5541666666666666,8.5125
2021,18,2021_18_PIT_BAL,PIT,0.5402777777777777,7.2000003
2022,1,2022_01_PIT_CIN,PIT,,
2022,2,2022_02_NE_PIT,PIT,,
2022,3,2022_03_PIT_CLE,PIT,,
2022,4,2022_04_NYJ_PIT,PIT,,
2022,5,2022_05_PIT_BUF,PIT,,
2022,6,2022_06_TB_PIT,PIT,,
2022,7,2022_07_PIT_MIA,PIT,0.7579365079365079,5.0468254
2022,8,2022_08_PIT_PHI,PIT,0.719047619047619,6.1857142
2022,10,2022_10_NO_PIT,PIT,0.6634920634920635,7.49127
2022,11,2022_11_CIN_PIT,PIT,0.6412698412698413,8.39127
2022,12,2022_12_PIT_IND,PIT,0.5287698412698413,11.366269
2022,13,2022_13_PIT_ATL,PIT,0.5763888888888888,10.913888
2022,14,2022_14_BAL_PIT,PIT,0.6763888888888889,7.1805553
2022,15,2022_15_PIT_CAR,PIT,0.7097222222222223,6.980556
2022,16,2022_16_LV_PIT,PIT,0.6986111111111111,6.241667
2022,17,2022_17_PIT_BAL,PIT,0.6986111111111111,5.5750003
2022,18,2022_18_CLE_PIT,PIT,0.8027777777777777,3.575
2023,1,2023_01_SF_PIT,PIT,,
2023,2,2023_02_CLE_PIT,PIT,,
2023,3,2023_03_PIT_LV,PIT,,
2023,4,2023_04_PIT_HOU,PIT,,
2023,5,2023_05_BAL_PIT,PIT,,
2023,7,2023_07_PIT_LA,PIT,,
2023,8,2023_08_JAX_PIT,PIT,0.686904761904762,6.5
2023,9,2023_09_TEN_PIT,PIT,0.7027777777777778,5.3333335
2023,10,2023_10_GB_PIT,PIT,0.6527777777777778,7.0833335
2023,11,2023_11_PIT_CLE,PIT,0.5194444444444445,9.516666
2023,12,2023_12_PIT_CIN,PIT,0.5611111111111111,7.6
2023,13,2023_13_ARI_PIT,PIT,0.5888888888888889,6.197222
2023,14,2023_14_NE_PIT,PIT,0.5972222222222222,6.438889
2023,15,2023_15_PIT_IND,PIT,0.5694444444444445,7.188889
2023,16,2023_16_CIN_PIT,PIT,0.6051587301587302,6.986508
2023,17,2023_17_PIT_SEA,PIT,0.7384920634920635,4.5531745
2023,18,2023_18_PIT_BAL,PIT,0.6968253968253969,6.1087303
2024,1,2024_01_PIT_ATL,PIT,,
2024,2,2024_02_PIT_DEN,PIT,,
2024,3,2024_03_LAC_PIT,PIT,,
2024,4,2024_04_PIT_IND,PIT,,
2024,5,2024_05_DAL_PIT,PIT,,
2024,6,2024_06_PIT_LV,PIT,,
2024,7,2024_07_NYJ_PIT,PIT,0.7000000000000001,5.922222
2024,8,2024_08_NYG_PIT,PIT,0.7000000000000001,5.922222
2024,10,2024_10_PIT_WAS,PIT,0.7555555555555555,5.2000003
2024,11,2024_11_BAL_PIT,PIT,0.6166666666666667,8.45
2024,12,2024_12_PIT_CLE,PIT,0.6166666666666667,8.45
2024,13,2024_13_PIT_CIN,PIT,0.65,7.0833335
2024,14,2024_14_CLE_PIT,PIT,0.6896825396825398,6.107143
2024,15,2024_15_PIT_PHI,PIT,0.6896825396825398,6.107143
2024,16,2024_16_PIT_BAL,PIT,0.6341269841269841,7.9126983
2024,17,2024_17_KC_PIT,PIT,0.7253968253968255,5.9007936
2024,18,2024_18_CIN_PIT,PIT,0.6698412698412698,7.0396824
2016,1,2016_01_MIA_SEA,SEA,,
2016,2,2016_02_SEA_LA,SEA,,
2016,3,2016_03_SF_SEA,SEA,,
2016,4,2016_04_SEA_NYJ,SEA,,
2016,6,2016_06_ATL_SEA,SEA,,
2016,7,2016_07_SEA_ARI,SEA,,
2016,8,2016_08_SEA_NO,SEA,0.47222222222222227,9.3
2016,9,2016_09_BUF_SEA,SEA,0.376984126984127,12.0380945
2016,10,2016_10_SEA_NE,SEA,0.31865079365079363,13.3714285
2016,11,2016_11_PHI_SEA,SEA,0.3353174603174603,13.646428
2016,12,2016_12_SEA_TB,SEA,0.34920634920634924,12.826984
2016,13,2016_13_CAR_SEA,SEA,0.47420634920634913,9.81865
2016,14,2016_14_SEA_GB,SEA,0.501984126984127,10.81865
2016,15,2016_15_LA_SEA,SEA,0.4781746031746032,11.31865
2016,16,2016_16_ARI_SEA,SEA,0.41150793650793654,13.151984
2016,17,2016_17_SEA_SF,SEA,0.3948412698412698,14.418651
2017,1,2017_01_SEA_GB,SEA,,
2017,2,2017_02_SF_SEA,SEA,,
2017,3,2017_03_SEA_TEN,SEA,,
2017,4,2017_04_IND_SEA,SEA,,
2017,5,2017_05_SEA_LA,SEA,,
2017,7,2017_07_SEA_NYG,SEA,,
2017,8,2017_08_HOU_SEA,SEA,0.5194444444444445,10.088889
2017,9,2017_09_WAS_SEA,SEA,0.6051587301587301,7.8174605
2017,10,2017_10_SEA_ARI,SEA,0.6218253968253967,7.0007935
2017,11,2017_11_ATL_SEA,SEA,0.48849206349206353,8.900794
2017,12,2017_12_SEA_SF,SEA,0.41111111111111115,12.9246025
2017,13,2017_13_PHI_SEA,SEA,0.3,13.646825
2017,14,2017_14_SEA_JAX,SEA,0.35555555555555557,12.507937
2017,15,2017_15_LA_SEA,SEA,0.26031746031746034,14.150794
2017,16,2017_16_SEA_DAL,SEA,0.18115079365079365,15.509128
2017,17,2017_17_ARI_SEA,SEA,0.314484126984127,13.609127
2018,1,2018_01_SEA_DEN,SEA,,
2018,2,2018_02_SEA_CHI,SEA,,
2018,3,2018_03_DAL_SEA,SEA,,
2018,4,2018_04_SEA_ARI,SEA,,
2018,5,2018_05_LA_SEA,SEA,,
2018,6,2018_06_SEA_OAK,SEA,,
2018,8,2018_08_SEA_DET,SEA,0.4236111111111111,10.4375
2018,9,2018_09_LAC_SEA,SEA,0.42361111111111116,10.298612
2018,10,2018_10_SEA_LA,SEA,0.3236111111111111,12.598611
2018,11,2018_11_GB_SEA,SEA,0.4277777777777778,10.286111
2018,12,2018_12_SEA_CAR,SEA,0.48611111111111116,9.144444
2018,13,2018_13_SF_SEA,SEA,0.5902777777777778,7.1652775
2018,14,2018_14_MIN_SEA,SEA,0.6458333333333334,11.415278
2018,15,2018_15_SEA_SF,SEA,0.6180555555555556,10.470834
2018,16,2018_16_KC_SEA,SEA,0.670436507936508,8.670834
2018,17,2018_17_ARI_SEA,SEA,0.6436507936507937,8.995238
2019,1,2019_01_CIN_SEA,SEA,,
2019,2,2019_02_SEA_PIT,SEA,,
2019,3,2019_03_NO_SEA,SEA,,
2019,4,2019_04_SEA_ARI,SEA,,
2019,5,2019_05_LA_SEA,SEA,,
2019,6,2019_06_SEA_CLE,SEA,,
2019,7,2019_07_BAL_SEA,SEA,0.7428571428571429,5.2968254
2019,8,2019_08_SEA_ATL,SEA,0.7047619047619048,5.9777775
2019,9,2019_09_TB_SEA,SEA,0.6603174603174603,6.038889
2019,10,2019_10_SEA_SF,SEA,0.7158730158730159,4.733333
2019,12,2019_12_SEA_PHI,SEA,0.7000000000000001,4.590476
2019,13,2019_13_MIN_SEA,SEA,0.6126984126984126,5.415873
2019,14,2019_14_SEA_LA,SEA,0.5793650793650793,6.415873
2019,15,2019_15_SEA_CAR,SEA,0.6507936507936508,5.0349207
2019,16,2019_16_ARI_SEA,SEA,0.684126984126984,4.8015876
2019,17,2019_17_SF_SEA,SEA,0.6285714285714286,5.718254
2020,1,2020_01_SEA_ATL,SEA,,
2020,2,2020_02_NE_SEA,SEA,,
2020,3,2020_03_DAL_SEA,SEA,,
2020,4,2020_04_SEA_MIA,SEA,,
2020,5,2020_05_MIN_SEA,SEA,,
2020,7,2020_07_SEA_ARI,SEA,,
2020,8,2020_08_SF_SEA,SEA,0.648015873015873,6.086111
2020,9,2020_09_SEA_BUF,SEA,0.6146825396825397,5.9194446
2020,10,2020_10_SEA_LA,SEA,0.6794973544973545,3.762037
2020,11,2020_11_ARI_SEA,SEA,0.5878306878306878,7.753704
2020,12,2020_12_SEA_PHI,SEA,0.5925925925925926,8.420371
2020,13,2020_13_NYG_SEA,SEA,0.5092592592592592,9.295371
2020,14,2020_14_NYJ_SEA,SEA,0.4314814814814815,11.423148
2020,15,2020_15_SEA_WAS,SEA,0.5648148148148148,10.156482
2020,16,2020_16_LA_SEA,SEA,0.5416666666666666,10.175
2020,17,2020_17_SEA_SF,SEA,0.5916666666666667,7.8916664
2021,1,2021_01_SEA_IND,SEA,,
2021,2,2021_02_TEN_SEA,SEA,,
2021,3,2021_03_SEA_MIN,SEA,,
2021,4,2021_04_SEA_SF,SEA,,
2021,5,2021_05_LA_SEA,SEA,,
2021,6,2021_06_SEA_PIT,SEA,,
2021,7,2021_07_NO_SEA,SEA,0.501984126984127,8.228174
2021,8,2021_08_JAX_SEA,SEA,0.4603174603174603,9.519841
2021,10,2021_10_SEA_GB,SEA,0.3650793650793651,14.222222
2021,11,2021_11_ARI_SEA,SEA,0.2638888888888889,17.01389
2021,12,2021_12_SEA_WAS,SEA,0.3555555555555556,15.555556
2021,13,2021_13_SF_SEA,SEA,0.3416666666666666,17.652777
2021,14,2021_14_SEA_HOU,SEA,0.25833333333333336,19.069445
2021,15,2021_15_SEA_LA,SEA,0.2722222222222222,19.13889
2021,16,2021_16_CHI_SEA,SEA,0.4388888888888889,13.722222
2021,17,2021_17_DET_SEA,SEA,0.4305555555555556,13.497222
2021,18,2021_18_SEA_ARI,SEA,0.33055555555555555,14.430556
2022,1,2022_01_DEN_SEA,SEA,,
2022,2,2022_02_SEA_SF,SEA,,
2022,3,2022_03_ATL_SEA,SEA,,
2022,4,2022_04_SEA_DET,SEA,,
2022,5,2022_05_SEA_NO,SEA,,
2022,6,2022_06_ARI_SEA,SEA,,
2022,7,2022_07_SEA_LAC,SEA,0.6646825396825397,6.4305553
2022,8,2022_08_NYG_SEA,SEA,0.6646825396825397,5.0972223
2022,9,2022_09_SEA_ARI,SEA,0.7063492063492064,4.902778
2022,10,2022_10_SEA_TB,SEA,0.6785714285714285,5.1666665
2022,12,2022_12_LV_SEA,SEA,0.6011904761904762,7.6666665
2022,13,2022_13_SEA_LA,SEA,0.5773809523809524,8.404761
2022,14,2022_14_CAR_SEA,SEA,0.5773809523809524,8.404761
2022,15,2022_15_SF_SEA,SEA,0.6309523809523809,9.005952
2022,16,2022_16_SEA_KC,SEA,0.5476190476190476,11.380952
2022,17,2022_17_NYJ_SEA,SEA,0.530952380952381,11.939285
2022,18,2022_18_LA_SEA,SEA,0.6003968253968254,10.772618
2023,1,2023_01_LA_SEA,SEA,,
2023,2,2023_02_SEA_DET,SEA,,
2023,3,2023_03_CAR_SEA,SEA,,
2023,4,2023_04_SEA_NYG,SEA,,
2023,6,2023_06_SEA_CIN,SEA,,
2023,7,2023_07_ARI_SEA,SEA,,
2023,8,2023_08_CLE_SEA,SEA,0.6051587301587301,9.287699
2023,9,2023_09_SEA_BAL,SEA,0.6194444444444445,8.8972225
2023,10,2023_10_WAS_SEA,SEA,0.6402777777777778,8.286111
2023,11,2023_11_SEA_LA,SEA,0.7236111111111111,6.758333
2023,12,2023_12_SF_SEA,SEA,0.8069444444444445,4.258333
2023,13,2023_13_SEA_DAL,SEA,0.7374999999999999,7.2722225
2023,14,2023_14_SEA_SF,SEA,0.7930555555555555,5.938889
2023,15,2023_15_PHI_SEA,SEA,0.7597222222222223,6.9055557
2023,16,2023_16_SEA_TEN,SEA,0.8222222222222223,5.6555557
2023,17,2023_17_PIT_SEA,SEA,0.6972222222222223,8.738889
2023,18,2023_18_SEA_ARI,SEA,0.6257936507936508,10.69127
2024,1,2024_01_DEN_SEA,SEA,,
2024,2,2024_02_SEA_NE,SEA,,
2024,3,2024_03_MIA_SEA,SEA,,
2024,4,2024_04_SEA_DET,SEA,,
2024,5,2024_05_NYG_SEA,SEA,,
2024,6,2024_06_SF_SEA,SEA,,
2024,7,2024_07_SEA_ATL,SEA,0.44107142857142856,16.857143
2024,8,2024_08_BUF_SEA,SEA,0.4299603174603175,17.557142
2024,9,2024_09_LA_SEA,SEA,0.435515873015873,17.38492
2024,11,2024_11_SEA_SF,SEA,0.5744047619047619,13.440476
2024,12,2024_12_ARI_SEA,SEA,0.5744047619047619,12.940476
2024,13,2024_13_SEA_NYJ,SEA,0.5902777777777778,12.027778
2024,14,2024_14_SEA_ARI,SEA,0.6111111111111112,7.986111
2024,15,2024_15_GB_SEA,SEA,0.6805555555555555,5.9444447
2024,16,2024_16_MIN_SEA,SEA,0.5416666666666666,10.027778
2024,17,2024_17_SEA_CHI,SEA,0.48611111111111116,11.666667
2024,18,2024_18_SEA_LA,SEA,0.5277777777777778,11.041667
2016,1,2016_01_LA_SF,SF,,
2016,2,2016_02_SF_CAR,SF,,
2016,3,2016_03_SF_SEA,SF,,
2016,4,2016_04_DAL_SF,SF,,
2016,5,2016_05_ARI_SF,SF,,
2016,6,2016_06_SF_BUF,SF,,
2016,7,2016_07_TB_SF,SF,0.7069444444444444,5.1277776
2016,9,2016_09_NO_SF,SF,0.6831349206349207,5.5563493
2016,10,2016_10_SF_ARI,SF,0.6783730158730158,6.9325395
2016,11,2016_11_NE_SF,SF,0.6575396825396825,7.1825395
2016,12,2016_12_SF_MIA,SF,0.6964285714285713,6.293651
2016,13,2016_13_SF_CHI,SF,0.6686507936507936,6.8214283
2016,14,2016_14_NYJ_SF,SF,0.651984126984127,7.2630954
2016,15,2016_15_SF_ATL,SF,0.648015873015873,7.390079
2016,16,2016_16_SF_LA,SF,0.6152777777777778,7.2472224
2016,17,2016_17_SEA_SF,SF,0.5736111111111112,7.9972224
2017,1,2017_01_CAR_SF,SF,,
2017,2,2017_02_SF_SEA,SF,,
2017,3,2017_03_LA_SF,SF,,
2017,4,2017_04_SF_ARI,SF,,
2017,5,2017_05_SF_IND,SF,,
2017,6,2017_06_SF_WAS,SF,,
2017,7,2017_07_DAL_SF,SF,0.6091269841269841,7.5734124
2017,8,2017_08_SF_PHI,SF,0.5138888888888888,9.073413
2017,9,2017_09_ARI_SF,SF,0.6388888888888888,6.1150794
2017,10,2017_10_NYG_SF,SF,0.5888888888888889,6.915079
2017,12,2017_12_SEA_SF,SF,0.5603174603174603,5.8722224
2017,13,2017_13_SF_CHI,SF,0.6714285714285714,4.233333
2017,14,2017_14_SF_HOU,SF,0.6158730158730159,5.9
2017,15,2017_15_TEN_SF,SF,0.6277777777777779,6.15
2017,16,2017_16_JAX_SF,SF,0.5166666666666666,7.9555554
2017,17,2017_17_SF_LA,SF,0.5388888888888889,6.711111
2018,1,2018_01_SF_MIN,SF,,
2018,2,2018_02_DET_SF,SF,,
2018,3,2018_03_SF_KC,SF,,
2018,4,2018_04_SF_LAC,SF,,
2018,5,2018_05_ARI_SF,SF,,
2018,6,2018_06_SF_GB,SF,,
2018,7,2018_07_LA_SF,SF,0.5404761904761904,13.227778
2018,8,2018_08_SF_ARI,SF,0.5196428571428572,13.665278
2018,9,2018_09_OAK_SF,SF,0.5918650793650794,10.565278
2018,10,2018_10_NYG_SF,SF,0.6156746031746031,10.017658
2018,12,2018_12_SF_TB,SF,0.6990079365079365,7.489881
2018,13,2018_13_SF_SEA,SF,0.6823412698412699,6.6787696
2018,14,2018_14_DEN_SF,SF,0.7180555555555556,5.663889
2018,15,2018_15_SEA_SF,SF,0.5722222222222222,7.7819443
2018,16,2018_16_CHI_SF,SF,0.5722222222222222,9.815278
2018,17,2018_17_SF_LA,SF,0.4055555555555556,12.426389
2019,1,2019_01_SF_TB,SF,,
2019,2,2019_02_SF_CIN,SF,,
2019,3,2019_03_PIT_SF,SF,,
2019,5,2019_05_CLE_SF,SF,,
2019,6,2019_06_SF_LA,SF,,
2019,7,2019_07_SF_WAS,SF,,
2019,8,2019_08_CAR_SF,SF,0.725,3.9750001
2019,9,2019_09_SF_ARI,SF,0.725,3.9750001
2019,10,2019_10_SEA_SF,SF,0.6333333333333334,5.7666664
2019,11,2019_11_ARI_SF,SF,0.6666666666666666,4.9
2019,12,2019_12_GB_SF,SF,0.6666666666666666,6.511111
2019,13,2019_13_SF_BAL,SF,0.75,5.0111113
2019,14,2019_14_SF_NO,SF,0.6666666666666666,6.9694443
2019,15,2019_15_ATL_SF,SF,0.6481481481481481,7.3583336
2019,16,2019_16_LA_SF,SF,0.6981481481481482,5.2472224
2019,17,2019_17_SF_SEA,SF,0.7037037037037037,6.763889
2020,1,2020_01_ARI_SF,SF,,
2020,2,2020_02_SF_NYJ,SF,,
2020,3,2020_03_SF_NYG,SF,,
2020,4,2020_04_PHI_SF,SF,,
2020,5,2020_05_MIA_SF,SF,,
2020,6,2020_06_LA_SF,SF,,
2020,7,2020_07_SF_NE,SF,0.7731481481481483,4.8703704
2020,8,2020_08_SF_SEA,SF,0.7037037037037037,6.3703704
2020,9,2020_09_GB_SF,SF,0.7334656084656084,5.173942
2020,10,2020_10_SF_NO,SF,0.5906084656084656,8.388227
2020,12,2020_12_SF_LA,SF,0.5628306878306878,8.777117
2020,13,2020_13_BUF_SF,SF,0.5813492063492064,8.406746
2020,14,2020_14_WAS_SF,SF,0.5952380952380952,7.892857
2020,15,2020_15_SF_DAL,SF,0.7063492063492064,5.7261906
2020,16,2020_16_SF_ARI,SF,0.7807539682539683,4.4434524
2020,17,2020_17_SEA_SF,SF,0.7569444444444443,3.9375
2021,1,2021_01_SF_DET,SF,,
2021,2,2021_02_SF_PHI,SF,,
2021,3,2021_03_GB_SF,SF,,
2021,4,2021_04_SEA_SF,SF,,
2021,5,2021_05_SF_ARI,SF,,
2021,7,2021_07_IND_SF,SF,,
2021,8,2021_08_SF_CHI,SF,0.4222222222222222,10.416667
2021,9,2021_09_ARI_SF,SF,0.5611111111111111,9.277778
2021,10,2021_10_LA_SF,SF,0.5611111111111111,9.916667
2021,11,2021_11_SF_JAX,SF,0.4777777777777778,8.083333
2021,12,2021_12_MIN_SF,SF,0.5,7.861111
2021,13,2021_13_SF_SEA,SF,0.5,7.861111
2021,14,2021_14_SF_CIN,SF,0.5388888888888889,6.1222224
2021,15,2021_15_ATL_SF,SF,0.48333333333333334,7.066667
2021,16,2021_16_SF_TEN,SF,0.45555555555555555,6.3583336
2021,17,2021_17_HOU_SF,SF,0.6222222222222222,5.302778
2021,18,2021_18_SF_LA,SF,0.5666666666666667,6.775
2022,1,2022_01_SF_CHI,SF,,
2022,2,2022_02_SEA_SF,SF,,
2022,3,2022_03_SF_DEN,SF,,
2022,4,2022_04_LA_SF,SF,,
2022,5,2022_05_SF_CAR,SF,,
2022,6,2022_06_SF_ATL,SF,,
2022,7,2022_07_KC_SF,SF,0.6305555555555555,6.5361114
2022,8,2022_08_SF_LA,SF,0.6186507936507937,6.309921
2022,10,2022_10_LAC_SF,SF,0.5075396825396825,9.976587
2022,11,2022_11_SF_ARI,SF,0.5769841269841269,9.907143
2022,12,2022_12_NO_SF,SF,0.6186507936507937,9.032143
2022,13,2022_13_MIA_SF,SF,0.651984126984127,8.865476
2022,14,2022_14_TB_SF,SF,0.6686507936507936,8.482142
2022,15,2022_15_SF_SEA,SF,0.5972222222222222,11.458333
2022,16,2022_16_WAS_SF,SF,0.625,10.583333
2022,17,2022_17_SF_LV,SF,0.5833333333333334,10.333333
2022,18,2022_18_ARI_SF,SF,0.5357142857142857,11.47619
2023,1,2023_01_SF_PIT,SF,,
2023,2,2023_02_SF_LA,SF,,
2023,3,2023_03_NYG_SF,SF,,
2023,4,2023_04_ARI_SF,SF,,
2023,5,2023_05_DAL_SF,SF,,
2023,6,2023_06_SF_CLE,SF,,
2023,7,2023_07_SF_MIN,SF,0.9027777777777778,2.0
2023,8,2023_08_CIN_SF,SF,0.875,2.9444444
2023,10,2023_10_SF_JAX,SF,0.8472222222222222,3.388889
2023,11,2023_11_TB_SF,SF,0.7638888888888888,5.055556
2023,12,2023_12_SF_SEA,SF,0.638888888888889,7.1944447
2023,13,2023_13_SF_PHI,SF,0.5555555555555556,9.361112
2023,14,2023_14_SEA_SF,SF,0.5111111111111112,10.111112
2023,15,2023_15_SF_ARI,SF,0.45555555555555555,10.916667
2023,16,2023_16_BAL_SF,SF,0.4357142857142857,10.900794
2023,17,2023_17_SF_WAS,SF,0.45654761904761904,10.31746
2023,18,2023_18_LA_SF,SF,0.5676587301587301,8.984127
2024,1,2024_01_NYJ_SF,SF,,
2024,2,2024_02_SF_MIN,SF,,
2024,3,2024_03_SF_LA,SF,,
2024,4,2024_04_NE_SF,SF,,
2024,5,2024_05_ARI_SF,SF,,
2024,6,2024_06_SF_SEA,SF,,
2024,7,2024_07_KC_SF,SF,0.7166666666666667,6.9083333
2024,8,2024_08_DAL_SF,SF,0.6833333333333332,8.075
2024,10,2024_10_SF_TB,SF,0.6166666666666667,9.341666
2024,11,2024_11_SEA_SF,SF,0.5833333333333334,10.108334
2024,12,2024_12_SF_GB,SF,0.5388888888888889,10.530556
2024,13,2024_13_SF_BUF,SF,0.4714285714285715,12.094048
2024,14,2024_14_CHI_SF,SF,0.47142857142857136,13.830159
2024,15,2024_15_LA_SF,SF,0.5047619047619047,12.663493
2024,16,2024_16_SF_MIA,SF,0.5380952380952381,13.096826
2024,17,2024_17_DET_SF,SF,0.550595238095238,12.330159
2024,18,2024_18_SF_ARI,SF,0.5672619047619047,13.296825
2016,1,2016_01_TB_ATL,TB,,
2016,2,2016_02_TB_ARI,TB,,
2016,3,2016_03_LA_TB,TB,,
2016,4,2016_04_DEN_TB,TB,,
2016,5,2016_05_TB_CAR,TB,,
2016,7,2016_07_TB_SF,TB,,
2016,8,2016_08_OAK_TB,TB,0.7708333333333334,3.0208333
2016,9,2016_09_ATL_TB,TB,0.7319444444444444,3.8875
2016,10,2016_10_CHI_TB,TB,0.7527777777777778,3.4916668
2016,11,2016_11_TB_KC,TB,0.6416666666666666,5.2138886
2016,12,2016_12_SEA_TB,TB,0.6138888888888889,5.7555556
2016,13,2016_13_TB_SD,TB,0.44722222222222224,9.255555
2016,14,2016_14_NO_TB,TB,0.5722222222222223,7.7138886
2016,15,2016_15_TB_DAL,TB,0.5833333333333334,6.513889
2016,16,2016_16_TB_NO,TB,0.5119047619047619,7.8234124
2016,17,2016_17_CAR_TB,TB,0.5674603174603176,6.5734124
2017,2,2017_02_CHI_TB,TB,,
2017,3,2017_03_TB_MIN,TB,,
2017,4,2017_04_NYG_TB,TB,,
2017,5,2017_05_NE_TB,TB,,
2017,6,2017_06_TB_ARI,TB,,
2017,7,2017_07_TB_BUF,TB,,
2017,8,2017_08_CAR_TB,TB,0.8341269841269842,3.5587301
2017,9,2017_09_TB_NO,TB,0.7924603174603174,4.1003966
2017,10,2017_10_NYJ_TB,TB,0.8638888888888889,2.2194445
2017,11,2017_11_TB_MIA,TB,0.8472222222222222,0.98611116
2017,12,2017_12_TB_ATL,TB,0.8083333333333332,2.3083334
2017,13,2017_13_TB_GB,TB,0.7527777777777778,3.5027778
2017,14,2017_14_DET_TB,TB,0.7194444444444444,4.1694446
2017,15,2017_15_ATL_TB,TB,0.6611111111111111,5.6277776
2017,16,2017_16_TB_CAR,TB,0.5944444444444444,7.6944447
2017,17,2017_17_NO_TB,TB,0.65,8.055555
2018,1,2018_01_TB_NO,TB,,
2018,2,2018_02_PHI_TB,TB,,
2018,3,2018_03_PIT_TB,TB,,
2018,4,2018_04_TB_CHI,TB,,
2018,6,2018_06_TB_ATL,TB,,
2018,7,2018_07_CLE_TB,TB,,
2018,8,2018_08_TB_CIN,TB,0.6795634920634921,4.606151
2018,9,2018_09_TB_CAR,TB,0.6994047619047619,3.8204365
2018,10,2018_10_WAS_TB,TB,0.7172619047619048,3.874008
2018,11,2018_11_TB_NYG,TB,0.8561507936507935,1.985119
2018,12,2018_12_SF_TB,TB,0.7103174603174601,4.809524
2018,13,2018_13_CAR_TB,TB,0.7817460317460316,3.8571427
2018,14,2018_14_NO_TB,TB,0.7817460317460316,3.8571427
2018,15,2018_15_TB_BAL,TB,0.753968253968254,5.0793653
2018,16,2018_16_TB_DAL,TB,0.6444444444444445,7.484127
2018,17,2018_17_ATL_TB,TB,0.5888888888888889,9.400794
2019,1,2019_01_SF_TB,TB,,
2019,2,2019_02_TB_CAR,TB,,
2019,3,2019_03_NYG_TB,TB,,
2019,4,2019_04_TB_LA,TB,,
2019,5,2019_05_TB_NO,TB,,
2019,6,2019_06_CAR_TB,TB,,
2019,8,2019_08_TB_TEN,TB,0.810515873015873,3.1924603
2019,9,2019_09_TB_SEA,TB,0.826388888888889,3.0694447
2019,10,2019_10_ARI_TB,TB,0.7549603174603176,4.9265876
2019,11,2019_11_NO_TB,TB,0.6994047619047619,5.3988094
2019,12,2019_12_TB_ATL,TB,0.7380952380952381,5.071429
2019,13,2019_13_TB_JAX,TB,0.7658730158730158,4.015873
2019,14,2019_14_IND_TB,TB,0.7658730158730158,4.015873
2019,15,2019_15_TB_DET,TB,0.7936507936507936,3.4325397
2019,16,2019_16_HOU_TB,TB,0.7817460317460317,3.3670635
2019,17,2019_17_ATL_TB,TB,0.6984126984126985,4.950397
2020,1,2020_01_TB_NO,TB,,
2020,2,2020_02_CAR_TB,TB,,
2020,3,2020_03_TB_DEN,TB,,
2020,4,2020_04_LAC_TB,TB,,
2020,5,2020_05_TB_CHI,TB,,
2020,6,2020_06_GB_TB,TB,,
2020,7,2020_07_TB_LV,TB,0.7484126984126984,4.236111
2020,8,2020_08_TB_NYG,TB,0.6388888888888888,7.5027776
2020,9,2020_09_NO_TB,TB,0.5138888888888888,10.569445
2020,10,2020_10_TB_CAR,TB,0.5079365079365079,10.956349
2020,11,2020_11_LA_TB,TB,0.5634920634920635,9.373015
2020,12,2020_12_KC_TB,TB,0.5634920634920634,9.339683
2020,14,2020_14_MIN_TB,TB,0.5912698412698413,8.395238
2020,15,2020_15_TB_ATL,TB,0.7246031746031747,5.1285715
2020,16,2020_16_TB_DET,TB,0.8079365079365081,3.9230158
2020,17,2020_17_ATL_TB,TB,0.6888888888888888,6.4111114
2021,1,2021_01_DAL_TB,TB,,
2021,2,2021_02_ATL_TB,TB,,
2021,3,2021_03_TB_LA,TB,,
2021,4,2021_04_TB_NE,TB,,
2021,5,2021_05_MIA_TB,TB,,
2021,6,2021_06_TB_PHI,TB,,
2021,7,2021_07_CHI_TB,TB,0.6726190476190476,6.75
2021,8,2021_08_TB_NO,TB,0.6607142857142857,5.9761906
2021,10,2021_10_TB_WAS,TB,0.7648809523809524,3.8720238
2021,11,2021_11_NYG_TB,TB,0.7410714285714285,4.3958335
2021,12,2021_12_TB_IND,TB,0.6577380952380952,5.9930553
2021,13,2021_13_TB_ATL,TB,0.5744047619047619,7.826389
2021,14,2021_14_BUF_TB,TB,0.5744047619047619,7.826389
2021,15,2021_15_NO_TB,TB,0.5744047619047619,7.4930553
2021,16,2021_16_TB_CAR,TB,0.5119047619047619,8.513888
2021,17,2021_17_TB_NYJ,TB,0.5833333333333334,6.847222
2021,18,2021_18_CAR_TB,TB,0.7166666666666668,4.525
2022,1,2022_01_TB_DAL,TB,,
2022,2,2022_02_TB_NO,TB,,
2022,3,2022_03_GB_TB,TB,,
2022,4,2022_04_KC_TB,TB,,
2022,5,2022_05_ATL_TB,TB,,
2022,6,2022_06_TB_PIT,TB,,
2022,7,2022_07_TB_CAR,TB,0.6694444444444444,5.7513885
2022,8,2022_08_BAL_TB,TB,0.5861111111111111,7.668055
2022,9,2022_09_LA_TB,TB,0.6972222222222223,6.890278
2022,10,2022_10_SEA_TB,TB,0.7111111111111111,6.820833
2022,12,2022_12_TB_CLE,TB,0.5861111111111111,8.758333
2022,13,2022_13_NO_TB,TB,0.6416666666666667,7.758333
2022,14,2022_14_TB_SF,TB,0.6749999999999999,6.7916665
2022,15,2022_15_CIN_TB,TB,0.5916666666666667,8.486111
2022,16,2022_16_TB_ARI,TB,0.5083333333333333,9.819444
2022,17,2022_17_CAR_TB,TB,0.45,11.044444
2022,18,2022_18_TB_ATL,TB,0.5833333333333334,8.044444
2023,1,2023_01_TB_MIN,TB,,
2023,2,2023_02_CHI_TB,TB,,
2023,3,2023_03_PHI_TB,TB,,
2023,4,2023_04_TB_NO,TB,,
2023,6,2023_06_DET_TB,TB,,
2023,7,2023_07_ATL_TB,TB,,
2023,8,2023_08_TB_BUF,TB,0.775,4.875
2023,9,2023_09_TB_HOU,TB,0.7166666666666667,5.383333
2023,10,2023_10_TEN_TB,TB,0.6541666666666667,6.508333
2023,11,2023_11_TB_SF,TB,0.6541666666666667,6.508333
2023,12,2023_12_TB_IND,TB,0.5708333333333333,8.036111
2023,13,2023_13_CAR_TB,TB,0.6430555555555556,6.202778
2023,14,2023_14_TB_ATL,TB,0.7263888888888889,4.1194444
2023,15,2023_15_TB_GB,TB,0.798611111111111,3.4583333
2023,16,2023_16_JAX_TB,TB,0.7611111111111111,2.3333333
2023,17,2023_17_NO_TB,TB,0.65,3.277778
2023,18,2023_18_TB_CAR,TB,0.7333333333333334,1.75
2024,1,2024_01_WAS_TB,TB,,
2024,2,2024_02_TB_DET,TB,,
2024,3,2024_03_DEN_TB,TB,,
2024,4,2024_04_PHI_TB,TB,,
2024,5,2024_05_TB_ATL,TB,,
2024,6,2024_06_TB_NO,TB,,
2024,7,2024_07_BAL_TB,TB,0.49404761904761907,11.285714
2024,8,2024_08_ATL_TB,TB,0.6190476190476191,10.369048
2024,9,2024_09_TB_KC,TB,0.5952380952380952,10.845238
2024,10,2024_10_SF_TB,TB,0.6095238095238095,11.092857
2024,12,2024_12_TB_NYG,TB,0.665079365079365,10.31508
2024,13,2024_13_TB_CAR,TB,0.6928571428571427,6.759524
2024,14,2024_14_LV_TB,TB,0.7404761904761905,4.842857
2024,15,2024_15_TB_LAC,TB,0.6571428571428571,6.8428574
2024,16,2024_16_TB_DAL,TB,0.6392857142857143,7.9083333
2024,17,2024_17_CAR_TB,TB,0.617063492063492,8.291667
2024,18,2024_18_NO_TB,TB,0.5615079365079364,9.125
2016,1,2016_01_MIN_TEN,TEN,,
2016,2,2016_02_TEN_DET,TEN,,
2016,3,2016_03_OAK_TEN,TEN,,
2016,4,2016_04_TEN_HOU,TEN,,
2016,5,2016_05_TEN_MIA,TEN,,
2016,6,2016_06_CLE_TEN,TEN,,
2016,7,2016_07_IND_TEN,TEN,0.5337301587301587,8.281746
2016,8,2016_08_JAX_TEN,TEN,0.6051587301587301,5.924603
2016,9,2016_09_TEN_SD,TEN,0.6051587301587301,4.674603
2016,10,2016_10_GB_TEN,TEN,0.5681216931216931,5.637566
2016,11,2016_11_TEN_IND,TEN,0.6792328042328042,3.1931217
2016,12,2016_12_TEN_CHI,TEN,0.5542328042328043,5.226455
2016,14,2016_14_DEN_TEN,TEN,0.4847883597883598,6.3931217
2016,15,2016_15_TEN_KC,TEN,0.4212962962962963,7.9962964
2016,16,2016_16_TEN_JAX,TEN,0.3796296296296296,10.45463
2016,17,2016_17_HOU_TEN,TEN,0.4166666666666667,9.491667
2017,1,2017_01_OAK_TEN,TEN,,
2017,2,2017_02_TEN_JAX,TEN,,
2017,3,2017_03_SEA_TEN,TEN,,
2017,4,2017_04_TEN_HOU,TEN,,
2017,5,2017_05_TEN_MIA,TEN,,
2017,6,2017_06_IND_TEN,TEN,,
2017,7,2017_07_TEN_CLE,TEN,0.6045454545454546,6.767424
2017,9,2017_09_BAL_TEN,TEN,0.6323232323232323,5.7952023
2017,10,2017_10_CIN_TEN,TEN,0.6489898989898989,5.011869
2017,11,2017_11_TEN_PIT,TEN,0.623989898989899,7.070202
2017,12,2017_12_TEN_IND,TEN,0.5768518518518518,7.9018517
2017,13,2017_13_HOU_TEN,TEN,0.6268518518518519,6.7768517
2017,14,2017_14_TEN_ARI,TEN,0.6824074074074074,5.4990745
2017,15,2017_15_TEN_SF,TEN,0.6157407407407407,7.3324075
2017,16,2017_16_LA_TEN,TEN,0.6585978835978835,7.699074
2017,17,2017_17_JAX_TEN,TEN,0.6835978835978836,8.374074
2018,1,2018_01_TEN_MIA,TEN,,
2018,2,2018_02_HOU_TEN,TEN,,
2018,3,2018_03_TEN_JAX,TEN,,
2018,4,2018_04_PHI_TEN,TEN,,
2018,5,2018_05_TEN_BUF,TEN,,
2018,6,2018_06_BAL_TEN,TEN,,
2018,7,2018_07_TEN_LAC,TEN,0.8222222222222223,5.8611107
2018,9,2018_09_TEN_DAL,TEN,0.7111111111111109,7.7000003
2018,10,2018_10_NE_TEN,TEN,0.6555555555555556,8.977778
2018,11,2018_11_TEN_IND,TEN,0.5444444444444444,13.311111
2018,12,2018_12_TEN_HOU,TEN,0.5444444444444444,13.311111
2018,13,2018_13_NYJ_TEN,TEN,0.5444444444444444,13.033333
2018,14,2018_14_JAX_TEN,TEN,0.5873015873015873,13.2
2018,15,2018_15_TEN_NYG,TEN,0.6706349206349206,10.416667
2018,16,2018_16_WAS_TEN,TEN,0.5595238095238095,13.638889
2018,17,2018_17_IND_TEN,TEN,0.6373015873015873,10.338889
2019,1,2019_01_TEN_CLE,TEN,,
2019,2,2019_02_IND_TEN,TEN,,
2019,3,2019_03_TEN_JAX,TEN,,
2019,4,2019_04_TEN_ATL,TEN,,
2019,5,2019_05_BUF_TEN,TEN,,
2019,6,2019_06_TEN_DEN,TEN,,
2019,7,2019_07_LAC_TEN,TEN,0.7666666666666666,4.5333333
2019,8,2019_08_TB_TEN,TEN,0.7916666666666666,4.75
2019,9,2019_09_TEN_CAR,TEN,0.8055555555555557,4.9166665
2019,10,2019_10_KC_TEN,TEN,0.7555555555555555,6.0
2019,12,2019_12_JAX_TEN,TEN,0.6930555555555555,6.9583335
2019,13,2019_13_TEN_IND,TEN,0.5930555555555556,8.091666
2019,14,2019_14_TEN_OAK,TEN,0.6263888888888889,7.558333
2019,15,2019_15_HOU_TEN,TEN,0.6013888888888889,8.216666
2019,16,2019_16_NO_TEN,TEN,0.5291666666666667,8.8
2019,17,2019_17_TEN_HOU,TEN,0.5172619047619048,8.859524
2020,1,2020_01_TEN_DEN,TEN,,
2020,2,2020_02_JAX_TEN,TEN,,
2020,3,2020_03_TEN_MIN,TEN,,
2020,5,2020_05_BUF_TEN,TEN,,
2020,6,2020_06_HOU_TEN,TEN,,
2020,7,2020_07_PIT_TEN,TEN,,
2020,8,2020_08_TEN_CIN,TEN,0.5674603174603174,7.5416665
2020,9,2020_09_CHI_TEN,TEN,0.5674603174603174,7.3194447
2020,10,2020_10_IND_TEN,TEN,0.5535714285714285,7.361111
2020,11,2020_11_TEN_BAL,TEN,0.5257936507936508,8.194445
2020,12,2020_12_TEN_IND,TEN,0.5257936507936508,8.041667
2020,13,2020_13_CLE_TEN,TEN,0.5305555555555556,8.541667
2020,14,2020_14_TEN_JAX,TEN,0.5305555555555556,9.076388
2020,15,2020_15_DET_TEN,TEN,0.5861111111111111,8.243055
2020,16,2020_16_TEN_GB,TEN,0.611111111111111,8.201388
2020,17,2020_17_TEN_HOU,TEN,0.5238095238095238,9.987103
2021,1,2021_01_ARI_TEN,TEN,,
2021,2,2021_02_TEN_SEA,TEN,,
2021,3,2021_03_IND_TEN,TEN,,
2021,4,2021_04_TEN_NYJ,TEN,,
2021,5,2021_05_TEN_JAX,TEN,,
2021,6,2021_06_BUF_TEN,TEN,,
2021,7,2021_07_KC_TEN,TEN,0.5833333333333334,7.1488094
2021,8,2021_08_TEN_IND,TEN,0.5238095238095238,8.232142
2021,9,2021_09_TEN_LA,TEN,0.6666666666666666,5.8511906
2021,10,2021_10_NO_TEN,TEN,0.65,6.2261906
2021,11,2021_11_HOU_TEN,TEN,0.5166666666666667,8.026191
2021,12,2021_12_TEN_NE,TEN,0.37777777777777777,10.470635
2021,14,2021_14_JAX_TEN,TEN,0.4703703703703704,8.957408
2021,15,2021_15_TEN_PIT,TEN,0.38703703703703707,11.707408
2021,16,2021_16_SF_TEN,TEN,0.3314814814814815,12.818519
2021,17,2021_17_MIA_TEN,TEN,0.34814814814814815,13.526852
2021,18,2021_18_TEN_HOU,TEN,0.39814814814814814,13.726852
2022,1,2022_01_NYG_TEN,TEN,,
2022,2,2022_02_TEN_BUF,TEN,,
2022,3,2022_03_LV_TEN,TEN,,
2022,4,2022_04_TEN_IND,TEN,,
2022,5,2022_05_TEN_WAS,TEN,,
2022,7,2022_07_IND_TEN,TEN,,
2022,8,2022_08_TEN_HOU,TEN,0.5416666666666666,9.888888
2022,9,2022_09_TEN_KC,TEN,0.5138888888888888,9.458333
2022,10,2022_10_DEN_TEN,TEN,0.4222222222222222,11.025001
2022,11,2022_11_TEN_GB,TEN,0.4222222222222222,11.163888
2022,12,2022_12_CIN_TEN,TEN,0.4222222222222222,10.497222
2022,13,2022_13_TEN_PHI,TEN,0.38888888888888884,11.163888
2022,14,2022_14_JAX_TEN,TEN,0.4166666666666667,10.386111
2022,15,2022_15_TEN_LAC,TEN,0.4236111111111111,11.025001
2022,16,2022_16_HOU_TEN,TEN,0.5152777777777778,8.875
2022,17,2022_17_DAL_TEN,TEN,0.4375,10.763889
2022,18,2022_18_TEN_JAX,TEN,0.548611111111111,7.75
2023,1,2023_01_TEN_NO,TEN,,
2023,2,2023_02_LAC_TEN,TEN,,
2023,3,2023_03_TEN_CLE,TEN,,
2023,4,2023_04_CIN_TEN,TEN,,
2023,5,2023_05_TEN_IND,TEN,,
2023,6,2023_06_BAL_TEN,TEN,,
2023,8,2023_08_ATL_TEN,TEN,0.7817460317460317,2.25
2023,9,2023_09_TEN_PIT,TEN,0.753968253968254,2.6111112
2023,10,2023_10_TEN_TB,TEN,0.6206349206349207,4.1444445
2023,11,2023_11_TEN_JAX,TEN,0.6428571428571429,3.5611112
2023,12,2023_12_CAR_TEN,TEN,0.6309523809523809,4.156349
2023,13,2023_13_IND_TEN,TEN,0.5198412698412698,7.9896827
2023,14,2023_14_TEN_MIA,TEN,0.4603174603174603,8.823016
2023,15,2023_15_HOU_TEN,TEN,0.4603174603174603,9.100794
2023,16,2023_16_SEA_TEN,TEN,0.526984126984127,8.200793
2023,17,2023_17_TEN_HOU,TEN,0.39365079365079364,9.06746
2023,18,2023_18_JAX_TEN,TEN,0.48888888888888893,7.138889
2024,1,2024_01_TEN_CHI,TEN,,
2024,2,2024_02_NYJ_TEN,TEN,,
2024,3,2024_03_GB_TEN,TEN,,
2024,4,2024_04_TEN_MIA,TEN,,
2024,6,2024_06_IND_TEN,TEN,,
2024,7,2024_07_TEN_BUF,TEN,,
2024,8,2024_08_TEN_DET,TEN,0.5634920634920635,9.603969
2024,9,2024_09_NE_TEN,TEN,0.6838624338624338,6.6132274
2024,10,2024_10_TEN_LAC,TEN,0.6671957671957672,6.8382277
2024,11,2024_11_MIN_TEN,TEN,0.6671957671957672,6.921561
2024,12,2024_12_TEN_HOU,TEN,0.7338624338624339,6.988228
2024,13,2024_13_TEN_WAS,TEN,0.6386243386243386,9.154895
2024,14,2024_14_JAX_TEN,TEN,0.5433862433862434,11.131084
2024,15,2024_15_CIN_TEN,TEN,0.45079365079365075,13.81627
2024,16,2024_16_TEN_IND,TEN,0.5103174603174603,12.334126
2024,17,2024_17_TEN_JAX,TEN,0.546031746031746,11.560318
2024,18,2024_18_HOU_TEN,TEN,0.4793650793650794,13.026984
2016,1,2016_01_PIT_WAS,WAS,,
2016,2,2016_02_DAL_WAS,WAS,,
2016,3,2016_03_WAS_NYG,WAS,,
2016,4,2016_04_CLE_WAS,WAS,,
2016,5,2016_05_WAS_BAL,WAS,,
2016,6,2016_06_PHI_WAS,WAS,,
2016,7,2016_07_WAS_DET,WAS,0.640079365079365,7.8682537
2016,8,2016_08_WAS_CIN,WAS,0.6638888888888889,7.177778
2016,10,2016_10_MIN_WAS,WAS,0.6361111111111111,7.9555554
2016,11,2016_11_GB_WAS,WAS,0.5805555555555556,9.983334
2016,12,2016_12_WAS_DAL,WAS,0.5555555555555555,10.233334
2016,13,2016_13_WAS_ARI,WAS,0.6111111111111112,7.7333336
2016,14,2016_14_WAS_PHI,WAS,0.6277777777777778,7.555556
2016,15,2016_15_CAR_WAS,WAS,0.5166666666666666,9.916667
2016,16,2016_16_WAS_CHI,WAS,0.5801587301587302,8.7579365
2016,17,2016_17_NYG_WAS,WAS,0.6079365079365079,6.7857146
2017,1,2017_01_PHI_WAS,WAS,,
2017,2,2017_02_WAS_LA,WAS,,
2017,3,2017_03_OAK_WAS,WAS,,
2017,4,2017_04_WAS_KC,WAS,,
2017,6,2017_06_SF_WAS,WAS,,
2017,7,2017_07_WAS_PHI,WAS,,
2017,8,2017_08_DAL_WAS,WAS,0.790079365079365,3.1007936
2017,9,2017_09_WAS_SEA,WAS,0.8386904761904762,2.2327383
2017,10,2017_10_MIN_WAS,WAS,0.7609126984126985,3.6994047
2017,11,2017_11_WAS_NO,WAS,0.6656746031746031,6.175595
2017,12,2017_12_NYG_WAS,WAS,0.6656746031746031,6.175595
2017,13,2017_13_WAS_DAL,WAS,0.5962301587301587,8.286706
2017,14,2017_14_WAS_LAC,WAS,0.548611111111111,9.143849
2017,15,2017_15_ARI_WAS,WAS,0.4682539682539682,10.920635
2017,16,2017_16_DEN_WAS,WAS,0.41269841269841273,12.087302
2017,17,2017_17_WAS_NYG,WAS,0.3968253968253968,11.222222
2018,1,2018_01_WAS_ARI,WAS,,
2018,2,2018_02_IND_WAS,WAS,,
2018,3,2018_03_GB_WAS,WAS,,
2018,5,2018_05_WAS_NO,WAS,,
2018,6,2018_06_CAR_WAS,WAS,,
2018,7,2018_07_DAL_WAS,WAS,,
2018,8,2018_08_WAS_NYG,WAS,0.5833333333333334,5.9791665
2018,9,2018_09_ATL_WAS,WAS,0.6666666666666666,4.8125
2018,10,2018_10_WAS_TB,WAS,0.5892857142857143,6.4077377
2018,11,2018_11_HOU_WAS,WAS,0.5892857142857143,6.616071
2018,12,2018_12_WAS_DAL,WAS,0.5198412698412699,7.8452377
2018,13,2018_13_WAS_PHI,WAS,0.5753968253968255,8.06746
2018,14,2018_14_NYG_WAS,WAS,0.5753968253968255,8.06746
2018,15,2018_15_WAS_JAX,WAS,0.611111111111111,8.615079
2018,16,2018_16_WAS_TEN,WAS,0.6468253968253969,7.6448417
2018,17,2018_17_PHI_WAS,WAS,0.6884920634920636,7.2281747
2019,1,2019_01_WAS_PHI,WAS,,
2019,2,2019_02_DAL_WAS,WAS,,
2019,3,2019_03_CHI_WAS,WAS,,
2019,4,2019_04_WAS_NYG,WAS,,
2019,5,2019_05_NE_WAS,WAS,,
2019,6,2019_06_WAS_MIA,WAS,,
2019,7,2019_07_SF_WAS,WAS,0.6222222222222222,6.9083333
2019,8,2019_08_WAS_MIN,WAS,0.5805555555555556,8.255555
2019,9,2019_09_WAS_BUF,WAS,0.5527777777777777,9.2
2019,11,2019_11_NYJ_WAS,WAS,0.5361111111111111,8.233334
2019,12,2019_12_DET_WAS,WAS,0.4527777777777778,10.663889
2019,13,2019_13_WAS_CAR,WAS,0.38611111111111107,14.797222
2019,14,2019_14_WAS_GB,WAS,0.4444444444444444,14.097222
2019,15,2019_15_PHI_WAS,WAS,0.5361111111111111,12.105556
2019,16,2019_16_NYG_WAS,WAS,0.5083333333333334,13.077778
2019,17,2019_17_WAS_DAL,WAS,0.5805555555555556,11.905556
2020,1,2020_01_PHI_WAS,WAS,,
2020,2,2020_02_WAS_ARI,WAS,,
2020,3,2020_03_WAS_CLE,WAS,,
2020,4,2020_04_BAL_WAS,WAS,,
2020,5,2020_05_LA_WAS,WAS,,
2020,6,2020_06_WAS_NYG,WAS,,
2020,7,2020_07_DAL_WAS,WAS,0.684126984126984,5.5
2020,9,2020_09_NYG_WAS,WAS,0.573015873015873,7.6666665
2020,10,2020_10_WAS_DET,WAS,0.561111111111111,8.472222
2020,11,2020_11_CIN_WAS,WAS,0.4222222222222222,12.0
2020,12,2020_12_WAS_DAL,WAS,0.4222222222222222,12.555554
2020,13,2020_13_WAS_PIT,WAS,0.41111111111111115,12.588889
2020,14,2020_14_WAS_SF,WAS,0.41944444444444445,13.255555
2020,15,2020_15_SEA_WAS,WAS,0.5305555555555556,11.088889
2020,16,2020_16_CAR_WAS,WAS,0.5472222222222222,10.683333
2020,17,2020_17_WAS_PHI,WAS,0.6444444444444444,8.072223
2021,1,2021_01_LAC_WAS,WAS,,
2021,2,2021_02_NYG_WAS,WAS,,
2021,3,2021_03_WAS_BUF,WAS,,
2021,4,2021_04_WAS_ATL,WAS,,
2021,5,2021_05_NO_WAS,WAS,,
2021,6,2021_06_KC_WAS,WAS,,
2021,7,2021_07_WAS_GB,WAS,0.5208333333333334,11.988889
2021,8,2021_08_WAS_DEN,WAS,0.48750000000000004,13.155556
2021,10,2021_10_TB_WAS,WAS,0.5708333333333333,11.426389
2021,11,2021_11_WAS_CAR,WAS,0.5499999999999999,12.697223
2021,12,2021_12_SEA_WAS,WAS,0.5499999999999999,10.683333
2021,13,2021_13_WAS_LV,WAS,0.45,10.875
2021,14,2021_14_DAL_WAS,WAS,0.5,9.891666
2021,15,2021_15_WAS_PHI,WAS,0.5857142857142857,7.7011905
2021,16,2021_16_WAS_DAL,WAS,0.5301587301587302,9.562302
2021,17,2021_17_PHI_WAS,WAS,0.594973544973545,7.603968
2021,18,2021_18_WAS_NYG,WAS,0.6116402116402117,7.295635
2022,1,2022_01_JAX_WAS,WAS,,
2022,2,2022_02_WAS_DET,WAS,,
2022,3,2022_03_PHI_WAS,WAS,,
2022,4,2022_04_WAS_DAL,WAS,,
2022,5,2022_05_TEN_WAS,WAS,,
2022,6,2022_06_WAS_CHI,WAS,,
2022,7,2022_07_GB_WAS,WAS,0.5361111111111111,9.831746
2022,8,2022_08_WAS_IND,WAS,0.46666666666666673,11.859524
2022,9,2022_09_MIN_WAS,WAS,0.5428571428571428,10.178572
2022,10,2022_10_WAS_PHI,WAS,0.5095238095238095,11.478572
2022,11,2022_11_WAS_HOU,WAS,0.49166666666666664,11.633334
2022,12,2022_12_ATL_WAS,WAS,0.44999999999999996,12.383334
2022,13,2022_13_WAS_NYG,WAS,0.44999999999999996,12.258334
2022,15,2022_15_NYG_WAS,WAS,0.5083333333333333,9.908334
2022,16,2022_16_WAS_SF,WAS,0.47500000000000003,11.641666
2022,17,2022_17_CLE_WAS,WAS,0.3958333333333333,11.3125
2022,18,2022_18_DAL_WAS,WAS,0.3375000000000001,13.0625
2023,1,2023_01_ARI_WAS,WAS,,
2023,2,2023_02_WAS_DEN,WAS,,
2023,3,2023_03_BUF_WAS,WAS,,
2023,4,2023_04_WAS_PHI,WAS,,
2023,5,2023_05_CHI_WAS,WAS,,
2023,6,2023_06_WAS_ATL,WAS,,
2023,7,2023_07_WAS_NYG,WAS,0.8317460317460318,2.869643
2023,8,2023_08_PHI_WAS,WAS,0.8095238095238096,4.280754
2023,9,2023_09_WAS_NE,WAS,0.8134920634920634,4.923611
2023,10,2023_10_WAS_SEA,WAS,0.7301587301587301,6.986111
2023,11,2023_11_NYG_WAS,WAS,0.6349206349206349,9.462302
2023,12,2023_12_WAS_DAL,WAS,0.5793650793650794,11.60119
2023,13,2023_13_MIA_WAS,WAS,0.621031746031746,11.059524
2023,15,2023_15_WAS_LA,WAS,0.6765873015873015,8.948413
2023,16,2023_16_WAS_NYJ,WAS,0.6170634920634921,10.055555
2023,17,2023_17_SF_WAS,WAS,0.7182539682539683,7.1984124
2023,18,2023_18_DAL_WAS,WAS,0.8373015873015873,4.031746
2024,1,2024_01_WAS_TB,WAS,,
2024,2,2024_02_NYG_WAS,WAS,,
2024,3,2024_03_WAS_CIN,WAS,,
2024,4,2024_04_WAS_ARI,WAS,,
2024,5,2024_05_CLE_WAS,WAS,,
2024,6,2024_06_WAS_BAL,WAS,,
2024,7,2024_07_CAR_WAS,WAS,0.6964285714285715,7.2083335
2024,8,2024_08_CHI_WAS,WAS,0.6547619047619048,9.041667
2024,9,2024_09_WAS_NYG,WAS,0.626984126984127,10.194445
2024,10,2024_10_PIT_WAS,WAS,0.665079365079365,9.289682
2024,11,2024_11_WAS_PHI,WAS,0.5317460317460317,13.223016
2024,12,2024_12_DAL_WAS,WAS,0.5595238095238096,12.945239
2024,13,2024_13_TEN_WAS,WAS,0.48809523809523814,14.588096
2024,15,2024_15_WAS_NO,WAS,0.43809523809523815,14.754762
2024,16,2024_16_PHI_WAS,WAS,0.3825396825396825,16.935318
2024,17,2024_17_ATL_WAS,WAS,0.2492063492063492,20.060318
2024,18,2024_18_WAS_DAL,WAS,0.3547619047619048,16.932539
