season,week,game_date,game_id,team,epa_per_drive_roll6,success_rate_roll6,points_per_drive_roll6
2016,1,2016-09-11,2016_01_NE_ARI,ARI,,,
2016,2,2016-09-18,2016_02_TB_ARI,ARI,,,
2016,3,2016-09-25,2016_03_ARI_BUF,ARI,,,
2016,4,2016-10-02,2016_04_LA_ARI,ARI,,,
2016,5,2016-10-06,2016_05_ARI_SF,ARI,,,
2016,6,2016-10-17,2016_06_NYJ_ARI,ARI,,,
2016,7,2016-10-23,2016_07_SEA_ARI,ARI,-0.14437425,0.37865320415915654,1.8944806
2016,8,2016-10-30,2016_08_ARI_CAR,ARI,-0.4433594,0.3707534352772448,1.6159091
2016,10,2016-11-13,2016_10_SF_ARI,ARI,-0.67824274,0.37594608213655833,1.488925
2016,11,2016-11-20,2016_11_ARI_MIN,ARI,-0.41839138,0.3960912922886366,1.5933205
2016,12,2016-11-27,2016_12_ARI_ATL,ARI,-0.38116714,0.38463592666660434,1.7460984
2016,13,2016-12-04,2016_13_WAS_ARI,ARI,-0.48523882,0.37220164027398456,1.7183205
2016,14,2016-12-11,2016_14_ARI_MIA,ARI,-0.5237985,0.36233640474698436,1.8107448
2016,15,2016-12-18,2016_15_NO_ARI,ARI,-0.3908002,0.3603801500228725,1.9948717
2016,16,2016-12-24,2016_16_ARI_SEA,ARI,-0.11292974,0.37624296285538233,2.2473972
2016,17,2017-01-01,2016_17_ARI_LA,ARI,-0.05576219,0.372615180381446,2.3572872
2017,1,2017-09-10,2017_01_ARI_DET,ARI,,,
2017,2,2017-09-17,2017_02_ARI_IND,ARI,,,
2017,3,2017-09-25,2017_03_DAL_ARI,ARI,,,
2017,4,2017-10-01,2017_04_SF_ARI,ARI,,,
2017,5,2017-10-08,2017_05_ARI_PHI,ARI,,,
2017,6,2017-10-15,2017_06_TB_ARI,ARI,,,
2017,7,2017-10-22,2017_07_ARI_LA,ARI,-0.72746044,0.3589196998729562,1.4838079
2017,9,2017-11-05,2017_09_ARI_SF,ARI,-0.7896747,0.3434170543703106,1.2658591
2017,10,2017-11-09,2017_10_SEA_ARI,ARI,-0.8296812,0.33084782190524487,1.2658591
2017,11,2017-11-19,2017_11_ARI_HOU,ARI,-0.8867782,0.3179810858955978,1.2348763
2017,12,2017-11-26,2017_12_JAX_ARI,ARI,-0.9340158,0.3203070667930073,1.2705905
2017,13,2017-12-03,2017_13_LA_ARI,ARI,-0.76493216,0.33165360605621325,1.4457799
2017,14,2017-12-10,2017_14_TEN_ARI,ARI,-1.1535245,0.2879139737749143,1.1808227
2017,15,2017-12-17,2017_15_ARI_WAS,ARI,-0.98855734,0.30738787949882,1.3474894
2017,16,2017-12-24,2017_16_NYG_ARI,ARI,-1.0674552,0.3184255020070308,1.3175749
2017,17,2017-12-31,2017_17_ARI_SEA,ARI,-1.0669822,0.3298188974502,1.3148276
2018,1,2018-09-09,2018_01_WAS_ARI,ARI,,,
2018,2,2018-09-16,2018_02_ARI_LA,ARI,,,
2018,3,2018-09-23,2018_03_CHI_ARI,ARI,,,
2018,4,2018-09-30,2018_04_SEA_ARI,ARI,,,
2018,5,2018-10-07,2018_05_ARI_SF,ARI,,,
2018,6,2018-10-14,2018_06_ARI_MIN,ARI,,,
2018,7,2018-10-18,2018_07_DEN_ARI,ARI,-1.3405708,0.3144082835154264,0.94108945
2018,8,2018-10-28,2018_08_SF_ARI,ARI,-1.6801096,0.30663932407980027,0.9522006
2018,10,2018-11-11,2018_10_ARI_KC,ARI,-1.3845868,0.3117679917084679,1.2249278
2018,11,2018-11-18,2018_11_OAK_ARI,ARI,-1.2715279,0.3259154183558946,1.2249278
2018,12,2018-11-25,2018_12_ARI_LAC,ARI,-1.2631675,0.31313051807099423,1.2388167
2018,13,2018-12-02,2018_13_ARI_GB,ARI,-1.4562131,0.2877392366732194,1.1284271
2018,14,2018-12-09,2018_14_DET_ARI,ARI,-1.1167799,0.28845776417746116,1.300505
2018,15,2018-12-16,2018_15_ARI_ATL,ARI,-0.9526748,0.3003071108184745,1.2310606
2018,16,2018-12-23,2018_16_LA_ARI,ARI,-1.0947765,0.30735720358285296,1.125
2018,17,2018-12-30,2018_17_ARI_SEA,ARI,-1.1564413,0.2967812055068549,1.0795455
2019,1,2019-09-08,2019_01_DET_ARI,ARI,,,
2019,2,2019-09-15,2019_02_ARI_BAL,ARI,,,
2019,3,2019-09-22,2019_03_CAR_ARI,ARI,,,
2019,4,2019-09-29,2019_04_SEA_ARI,ARI,,,
2019,5,2019-10-06,2019_05_ARI_CIN,ARI,,,
2019,6,2019-10-13,2019_06_ATL_ARI,ARI,,,
2019,7,2019-10-20,2019_07_ARI_NYG,ARI,0.13812856,0.3643857531357531,2.0177362
2019,8,2019-10-27,2019_08_ARI_NO,ARI,0.066199966,0.35715074277574277,2.1280303
2019,9,2019-10-31,2019_09_SF_ARI,ARI,-0.23215061,0.3489057932807933,1.994697
2019,10,2019-11-10,2019_10_ARI_TB,ARI,0.035716504,0.3774821038015483,2.1546295
2019,11,2019-11-17,2019_11_ARI_SF,ARI,0.3622388,0.37973124355068805,2.3341167
2019,13,2019-12-01,2019_13_LA_ARI,ARI,0.15474726,0.3548588936783381,2.2947228
2019,14,2019-12-08,2019_14_PIT_ARI,ARI,-0.50430876,0.31438089945034386,1.8252784
2019,15,2019-12-15,2019_15_CLE_ARI,ARI,-0.66224986,0.32952651772096214,1.7650932
2019,16,2019-12-22,2019_16_ARI_SEA,ARI,-0.13596876,0.36432098251542694,2.2484267
2019,17,2019-12-29,2019_17_ARI_LA,ARI,-0.3120443,0.35887432012432013,2.1316173
2020,1,2020-09-13,2020_01_ARI_SF,ARI,,,
2020,2,2020-09-20,2020_02_WAS_ARI,ARI,,,
2020,3,2020-09-27,2020_03_DET_ARI,ARI,,,
2020,4,2020-10-04,2020_04_ARI_CAR,ARI,,,
2020,5,2020-10-11,2020_05_ARI_NYJ,ARI,,,
2020,6,2020-10-19,2020_06_ARI_DAL,ARI,,,
2020,7,2020-10-25,2020_07_SEA_ARI,ARI,0.72138387,0.432269545691302,2.5176766
2020,9,2020-11-08,2020_09_MIA_ARI,ARI,0.7893748,0.43129054175177167,2.6587024
2020,10,2020-11-15,2020_10_BUF_ARI,ARI,0.7943361,0.4442542166027015,2.8161097
2020,11,2020-11-19,2020_11_ARI_SEA,ARI,0.84492993,0.42898373000868545,2.9120693
2020,12,2020-11-29,2020_12_ARI_NE,ARI,0.88694984,0.4247422234645473,2.9120693
2020,13,2020-12-06,2020_13_LA_ARI,ARI,0.568824,0.413080068746837,2.7723389
2020,14,2020-12-13,2020_14_ARI_NYG,ARI,0.25890702,0.4028741522463572,2.58547
2020,15,2020-12-20,2020_15_PHI_ARI,ARI,0.1487256,0.3947642777903289,2.4444444
2020,16,2020-12-26,2020_16_SF_ARI,ARI,0.008651932,0.40185333071271523,2.2678063
2020,17,2021-01-03,2020_17_ARI_LA,ARI,-0.25281122,0.3796968923798063,1.9900284
2021,1,2021-09-12,2021_01_ARI_TEN,ARI,,,
2021,2,2021-09-19,2021_02_MIN_ARI,ARI,,,
2021,3,2021-09-26,2021_03_ARI_JAX,ARI,,,
2021,4,2021-10-03,2021_04_ARI_LA,ARI,,,
2021,5,2021-10-10,2021_05_SF_ARI,ARI,,,
2021,6,2021-10-17,2021_06_ARI_CLE,ARI,,,
2021,7,2021-10-24,2021_07_HOU_ARI,ARI,0.76001525,0.43239415676915677,2.8275642
2021,8,2021-10-28,2021_08_GB_ARI,ARI,0.69100755,0.4370135150343483,2.730342
2021,9,2021-11-07,2021_09_ARI_SF,ARI,0.6980348,0.4271184332642666,2.7319443
2021,10,2021-11-14,2021_10_CAR_ARI,ARI,0.8901677,0.4083804792990399,2.854419
2021,11,2021-11-21,2021_11_ARI_SEA,ARI,0.16018157,0.37284506563862624,2.3766415
2021,13,2021-12-05,2021_13_ARI_CHI,ARI,0.38281217,0.3829274832210438,2.4766414
2021,14,2021-12-13,2021_14_LA_ARI,ARI,0.27118754,0.3945493798429404,2.4099748
2021,15,2021-12-19,2021_15_ARI_DET,ARI,0.21221793,0.3932969093196366,2.327904
2021,16,2021-12-25,2021_16_IND_ARI,ARI,-0.08228939,0.3743756685233958,2.0722222
2021,17,2022-01-02,2021_17_ARI_DAL,ARI,-0.47434565,0.3669002525252525,1.869192
2021,18,2022-01-09,2021_18_SEA_ARI,ARI,0.026717039,0.3923755411255411,2.1469696
2022,1,2022-09-11,2022_01_KC_ARI,ARI,,,
2022,2,2022-09-18,2022_02_ARI_LV,ARI,,,
2022,3,2022-09-25,2022_03_LA_ARI,ARI,,,
2022,4,2022-10-02,2022_04_ARI_CAR,ARI,,,
2022,5,2022-10-09,2022_05_PHI_ARI,ARI,,,
2022,6,2022-10-16,2022_06_ARI_SEA,ARI,,,
2022,7,2022-10-20,2022_07_NO_ARI,ARI,-0.37714604,0.33232957810163694,1.6839226
2022,8,2022-10-30,2022_08_ARI_MIN,ARI,-0.27610216,0.3503667424623307,1.7824074
2022,9,2022-11-06,2022_09_SEA_ARI,ARI,-0.38674048,0.3495657687446903,1.7175926
2022,10,2022-11-13,2022_10_ARI_LA,ARI,-0.42150065,0.35609974218456486,1.722643
2022,11,2022-11-21,2022_11_SF_ARI,ARI,-0.35414776,0.3386161455343016,1.7706228
2022,12,2022-11-27,2022_12_LAC_ARI,ARI,-0.5370537,0.3359140706731358,1.6073233
2022,14,2022-12-12,2022_14_NE_ARI,ARI,-0.30774105,0.3615385755255818,1.929293
2022,15,2022-12-18,2022_15_ARI_DEN,ARI,-0.8068418,0.3670285535033049,1.6931819
2022,16,2022-12-25,2022_16_TB_ARI,ARI,-0.9606612,0.33782897222039027,1.5243784
2022,17,2023-01-01,2022_17_ARI_ATL,ARI,-0.98820734,0.3243862880027573,1.4748836
2022,18,2023-01-08,2022_18_ARI_SF,ARI,-1.0203698,0.34539128609108877,1.4176445
2023,1,2023-09-10,2023_01_ARI_WAS,ARI,,,
2023,2,2023-09-17,2023_02_NYG_ARI,ARI,,,
2023,3,2023-09-24,2023_03_DAL_ARI,ARI,,,
2023,4,2023-10-01,2023_04_ARI_SF,ARI,,,
2023,5,2023-10-08,2023_05_CIN_ARI,ARI,,,
2023,6,2023-10-15,2023_06_ARI_LA,ARI,,,
2023,7,2023-10-22,2023_07_ARI_SEA,ARI,-0.1256385,0.36077747632234813,1.8864368
2023,8,2023-10-29,2023_08_BAL_ARI,ARI,-0.047067624,0.35365716607703784,1.899063
2023,9,2023-11-05,2023_09_ARI_CLE,ARI,-0.29114357,0.3487539674238393,1.7400886
2023,10,2023-11-12,2023_10_ATL_ARI,ARI,-1.0311897,0.29571793819733383,1.2215701
2023,11,2023-11-19,2023_11_ARI_HOU,ARI,-1.1685188,0.30129731252670816,1.2572844
2023,12,2023-11-26,2023_12_LA_ARI,ARI,-0.9670872,0.32380801407587123,1.2675408
2023,13,2023-12-03,2023_13_ARI_PIT,ARI,-0.9716949,0.31460992050277764,1.354662
2023,15,2023-12-17,2023_15_SF_ARI,ARI,-0.71545285,0.3319157410438923,1.6031469
2023,16,2023-12-24,2023_16_ARI_CHI,ARI,-0.5258623,0.33437605850420976,1.778788
2023,17,2023-12-31,2023_17_ARI_PHI,ARI,-0.1220971,0.3535035579888521,2.0010102
2023,18,2024-01-07,2023_18_SEA_ARI,ARI,0.31541306,0.37164328862858276,2.3135102
2024,1,2024-09-08,2024_01_ARI_BUF,ARI,,,
2024,2,2024-09-15,2024_02_LA_ARI,ARI,,,
2024,3,2024-09-22,2024_03_DET_ARI,ARI,,,
2024,4,2024-09-29,2024_04_WAS_ARI,ARI,,,
2024,5,2024-10-06,2024_05_ARI_SF,ARI,,,
2024,6,2024-10-13,2024_06_ARI_GB,ARI,,,
2024,7,2024-10-21,2024_07_LAC_ARI,ARI,0.28562093,0.46633475698835175,2.2988214
2024,8,2024-10-27,2024_08_ARI_MIA,ARI,0.21843483,0.4863038825130328,2.1469696
2024,9,2024-11-03,2024_09_CHI_ARI,ARI,0.083736874,0.46571136682247793,1.869192
2024,10,2024-11-10,2024_10_NYJ_ARI,ARI,0.27952948,0.4720411481522593,2.0813131
2024,12,2024-11-24,2024_12_ARI_SEA,ARI,0.8942161,0.48867162232241595,2.560149
2024,13,2024-12-01,2024_13_ARI_MIN,ARI,0.6738818,0.4694291980799918,2.260149
2024,14,2024-12-08,2024_14_SEA_ARI,ARI,0.877737,0.4726979200987138,2.410149
2024,15,2024-12-15,2024_15_NE_ARI,ARI,0.6273965,0.4559003914956296,2.3453343
2024,16,2024-12-22,2024_16_ARI_CAR,ARI,0.5611381,0.45383167831580534,2.4194083
2024,17,2024-12-28,2024_17_ARI_LA,ARI,0.67704505,0.46102347641669433,2.4648628
2024,18,2025-01-05,2024_18_SF_ARI,ARI,0.04564805,0.4418809027205492,1.8767676
2016,1,2016-09-11,2016_01_TB_ATL,ATL,,,
2016,2,2016-09-18,2016_02_ATL_OAK,ATL,,,
2016,3,2016-09-26,2016_03_ATL_NO,ATL,,,
2016,4,2016-10-02,2016_04_CAR_ATL,ATL,,,
2016,5,2016-10-09,2016_05_ATL_DEN,ATL,,,
2016,6,2016-10-16,2016_06_ATL_SEA,ATL,,,
2016,7,2016-10-23,2016_07_SD_ATL,ATL,1.2035432,0.4612706966954802,2.7484848
2016,8,2016-10-30,2016_08_GB_ATL,ATL,1.1836098,0.4774623753871589,2.722844
2016,9,2016-11-03,2016_09_ATL_TB,ATL,1.083282,0.4595116224364059,2.7506216
2016,10,2016-11-13,2016_10_ATL_PHI,ATL,0.9670221,0.44299733705848415,2.752137
2016,12,2016-11-27,2016_12_ARI_ATL,ATL,0.6458751,0.412757157264733,2.46047
2016,13,2016-12-04,2016_13_KC_ATL,ATL,0.82124394,0.4337170265200568,2.7453187
2016,14,2016-12-11,2016_14_ATL_LA,ATL,0.9030864,0.4568705062707588,2.9305038
2016,15,2016-12-18,2016_15_SF_ATL,ATL,1.0166615,0.46409733808092396,2.956145
2016,16,2016-12-24,2016_16_ATL_CAR,ATL,1.1102332,0.47728022001380593,2.9662457
2016,17,2017-01-01,2016_17_NO_ATL,ATL,0.92695063,0.4620407036379259,2.8147306
2017,1,2017-09-10,2017_01_ATL_CHI,ATL,,,
2017,2,2017-09-17,2017_02_GB_ATL,ATL,,,
2017,3,2017-09-24,2017_03_ATL_DET,ATL,,,
2017,4,2017-10-01,2017_04_BUF_ATL,ATL,,,
2017,6,2017-10-15,2017_06_MIA_ATL,ATL,,,
2017,7,2017-10-22,2017_07_ATL_NE,ATL,,,
2017,8,2017-10-29,2017_08_ATL_NYJ,ATL,0.17089762,0.40899216524216525,2.010648
2017,9,2017-11-05,2017_09_ATL_CAR,ATL,-0.022500478,0.410530648126802,1.9478277
2017,10,2017-11-12,2017_10_DAL_ATL,ATL,-0.29840422,0.38167318614434004,1.7172722
2017,11,2017-11-20,2017_11_ATL_SEA,ATL,-0.20599695,0.37324696730145446,1.7506055
2017,12,2017-11-26,2017_12_TB_ATL,ATL,0.009708114,0.3628865406910278,1.856161
2017,13,2017-12-03,2017_13_MIN_ATL,ATL,0.39057937,0.3847000152822802,2.1709757
2017,14,2017-12-07,2017_14_NO_ATL,ATL,0.39595962,0.3656494988052932,2.2126424
2017,15,2017-12-18,2017_15_ATL_TB,ATL,0.37200522,0.37485303276174453,2.225463
2017,16,2017-12-24,2017_16_ATL_NO,ATL,0.68031937,0.3920347413037472,2.4337962
2017,17,2017-12-31,2017_17_CAR_ATL,ATL,0.35490057,0.38364336416237005,2.1504629
2018,1,2018-09-06,2018_01_ATL_PHI,ATL,,,
2018,2,2018-09-16,2018_02_CAR_ATL,ATL,,,
2018,3,2018-09-23,2018_03_NO_ATL,ATL,,,
2018,4,2018-09-30,2018_04_CIN_ATL,ATL,,,
2018,5,2018-10-07,2018_05_ATL_PIT,ATL,,,
2018,6,2018-10-14,2018_06_TB_ATL,ATL,,,
2018,7,2018-10-22,2018_07_NYG_ATL,ATL,0.6381522,0.41888658306439047,2.5819347
2018,9,2018-11-04,2018_09_ATL_WAS,ATL,0.95040274,0.4290970207748282,2.7986014
2018,10,2018-11-11,2018_10_ATL_CLE,ATL,1.2335614,0.4274325586936994,2.9856384
2018,11,2018-11-18,2018_11_DAL_ATL,ATL,1.0961415,0.43016616495671745,2.7779462
2018,12,2018-11-22,2018_12_ATL_NO,ATL,0.88254404,0.436542034457587,2.529798
2018,13,2018-12-02,2018_13_BAL_ATL,ATL,0.86055845,0.44283010245020044,2.5555556
2018,14,2018-12-09,2018_14_ATL_GB,ATL,0.33574894,0.4195624360207693,2.140404
2018,15,2018-12-16,2018_15_ARI_ATL,ATL,0.055363774,0.4274273488856822,2.090404
2018,16,2018-12-23,2018_16_ATL_CAR,ATL,-0.37985405,0.41497930310430303,1.8225979
2018,17,2018-12-30,2018_17_ATL_TB,ATL,-0.34390905,0.4089326337243004,1.8892645
2019,1,2019-09-08,2019_01_ATL_MIN,ATL,,,
2019,2,2019-09-15,2019_02_PHI_ATL,ATL,,,
2019,3,2019-09-22,2019_03_ATL_IND,ATL,,,
2019,4,2019-09-29,2019_04_TEN_ATL,ATL,,,
2019,5,2019-10-06,2019_05_ATL_HOU,ATL,,,
2019,6,2019-10-13,2019_06_ATL_ARI,ATL,,,
2019,7,2019-10-20,2019_07_LA_ATL,ATL,0.36626887,0.37663218581506946,2.2507215
2019,8,2019-10-27,2019_08_SEA_ATL,ATL,0.29578298,0.36973461158794985,2.2022367
2019,10,2019-11-10,2019_10_ATL_NO,ATL,0.41340473,0.3951158044691427,2.2022367
2019,11,2019-11-17,2019_11_ATL_CAR,ATL,0.07846665,0.3730116281657428,2.1122897
2019,12,2019-11-24,2019_12_TB_ATL,ATL,0.31180492,0.37223397217975357,2.2802188
2019,13,2019-11-28,2019_13_NO_ATL,ATL,0.04052089,0.3671909827617641,2.1178257
2019,14,2019-12-08,2019_14_CAR_ATL,ATL,-0.5410264,0.35632106564184696,1.798595
2019,15,2019-12-15,2019_15_ATL_SF,ATL,-0.09231249,0.37816406659323953,2.1599004
2019,16,2019-12-22,2019_16_JAX_ATL,ATL,0.038533267,0.3693433965225694,2.2099001
2019,17,2019-12-29,2019_17_ATL_TB,ATL,-0.010798511,0.396276854836004,2.092055
2020,1,2020-09-13,2020_01_SEA_ATL,ATL,,,
2020,2,2020-09-20,2020_02_ATL_DAL,ATL,,,
2020,3,2020-09-27,2020_03_CHI_ATL,ATL,,,
2020,4,2020-10-05,2020_04_ATL_GB,ATL,,,
2020,5,2020-10-11,2020_05_CAR_ATL,ATL,,,
2020,6,2020-10-18,2020_06_ATL_MIN,ATL,,,
2020,7,2020-10-25,2020_07_DET_ATL,ATL,0.33742058,0.4064430554013887,2.3048942
2020,8,2020-10-29,2020_08_ATL_CAR,ATL,0.40368506,0.3996298711576489,2.3243387
2020,9,2020-11-08,2020_09_DEN_ATL,ATL,0.58490443,0.39958146277590717,2.2873015
2020,11,2020-11-22,2020_11_ATL_NO,ATL,0.79406947,0.40327499146943585,2.3825397
2020,12,2020-11-29,2020_12_LV_ATL,ATL,0.47816452,0.37155974169863054,2.222607
2020,13,2020-12-06,2020_13_NO_ATL,ATL,0.40595576,0.3677500388051275,2.366787
2020,14,2020-12-13,2020_14_ATL_LAC,ATL,0.04537043,0.33246664935507136,2.0334537
2020,15,2020-12-20,2020_15_TB_ATL,ATL,0.025397284,0.3471964540154316,2.0209534
2020,16,2020-12-27,2020_16_ATL_KC,ATL,-0.18667191,0.336171802460477,1.9670815
2020,17,2021-01-03,2020_17_ATL_TB,ATL,-0.2561325,0.34658541662409115,1.795653
2021,1,2021-09-12,2021_01_PHI_ATL,ATL,,,
2021,2,2021-09-19,2021_02_ATL_TB,ATL,,,
2021,3,2021-09-26,2021_03_ATL_NYG,ATL,,,
2021,4,2021-10-03,2021_04_WAS_ATL,ATL,,,
2021,5,2021-10-10,2021_05_NYJ_ATL,ATL,,,
2021,7,2021-10-24,2021_07_ATL_MIA,ATL,,,
2021,8,2021-10-31,2021_08_CAR_ATL,ATL,-0.0015794225,0.3697639548243539,2.0688312
2021,9,2021-11-07,2021_09_ATL_NO,ATL,0.13670374,0.39521534371324285,2.2021644
2021,10,2021-11-14,2021_10_ATL_DAL,ATL,0.3871199,0.38243962736609793,2.3136365
2021,11,2021-11-18,2021_11_NE_ATL,ATL,-0.09060243,0.37502871266351656,2.0719697
2021,12,2021-11-28,2021_12_ATL_JAX,ATL,-0.81172127,0.36304603575436906,1.5719696
2021,13,2021-12-05,2021_13_TB_ATL,ATL,-1.0060881,0.34593014238847575,1.4719696
2021,14,2021-12-12,2021_14_ATL_CAR,ATL,-1.1766604,0.35488396634229974,1.2007576
2021,15,2021-12-19,2021_15_ATL_SF,ATL,-0.97189116,0.3474383563966897,1.3325757
2021,16,2021-12-26,2021_16_DET_ATL,ATL,-1.0815135,0.3485667734341977,1.1204544
2021,17,2022-01-02,2021_17_ATL_BUF,ATL,-0.52175236,0.3579045228761138,1.4954544
2021,18,2022-01-09,2021_18_NO_ATL,ATL,-0.115727305,0.3728939316155225,1.7732323
2022,1,2022-09-11,2022_01_NO_ATL,ATL,,,
2022,2,2022-09-18,2022_02_ATL_LA,ATL,,,
2022,3,2022-09-25,2022_03_ATL_SEA,ATL,,,
2022,4,2022-10-02,2022_04_CLE_ATL,ATL,,,
2022,5,2022-10-09,2022_05_ATL_TB,ATL,,,
2022,6,2022-10-16,2022_06_SF_ATL,ATL,,,
2022,7,2022-10-23,2022_07_ATL_CIN,ATL,0.36604548,0.4316117010561455,2.1548822
2022,8,2022-10-30,2022_08_CAR_ATL,ATL,0.34388173,0.42110523221634333,2.1363637
2022,9,2022-11-06,2022_09_LAC_ATL,ATL,0.5007413,0.41596183064437037,2.2175324
2022,10,2022-11-10,2022_10_ATL_CAR,ATL,0.061533034,0.4143478068081243,2.0008657
2022,11,2022-11-20,2022_11_CHI_ATL,ATL,-0.14999752,0.41271807080338824,1.8607143
2022,12,2022-11-27,2022_12_ATL_WAS,ATL,-0.097288035,0.4192871293168912,2.0329363
2022,13,2022-12-04,2022_13_PIT_ATL,ATL,-0.17132647,0.3991074119149516,1.8662697
2022,15,2022-12-18,2022_15_ATL_NO,ATL,-0.15050165,0.40607390221477524,1.8847884
2022,16,2022-12-24,2022_16_ATL_BAL,ATL,-0.14072342,0.39510684017628456,1.8157407
2022,17,2023-01-01,2022_17_ARI_ATL,ATL,-0.28301892,0.3824819407092799,1.6990741
2022,18,2023-01-08,2022_18_TB_ATL,ATL,-0.20447868,0.3844585520608912,1.8240741
2023,1,2023-09-10,2023_01_CAR_ATL,ATL,,,
2023,2,2023-09-17,2023_02_GB_ATL,ATL,,,
2023,3,2023-09-24,2023_03_ATL_DET,ATL,,,
2023,4,2023-10-01,2023_04_ATL_JAX,ATL,,,
2023,5,2023-10-08,2023_05_HOU_ATL,ATL,,,
2023,6,2023-10-15,2023_06_WAS_ATL,ATL,,,
2023,7,2023-10-22,2023_07_ATL_TB,ATL,-0.81289405,0.3511736859809498,1.4584498
2023,8,2023-10-29,2023_08_ATL_TEN,ATL,-0.77018905,0.3613767236839875,1.4174242
2023,9,2023-11-05,2023_09_MIN_ATL,ATL,-0.84867054,0.34867853718327996,1.2745671
2023,10,2023-11-12,2023_10_ATL_ARI,ATL,-0.6023959,0.3513398804696233,1.5245671
2023,12,2023-11-26,2023_12_NO_ATL,ATL,-0.37512743,0.33754556476354286,1.7912337
2023,13,2023-12-03,2023_13_ATL_NYJ,ATL,-0.2615149,0.3525504826851275,1.7995671
2023,14,2023-12-10,2023_14_TB_ATL,ATL,-0.23837548,0.3442307346403985,1.7119046
2023,15,2023-12-17,2023_15_ATL_CAR,ATL,-0.2988171,0.33297278779421635,1.7657509
2023,16,2023-12-24,2023_16_IND_ATL,ATL,-0.53058636,0.32634211687783116,1.6086081
2023,17,2023-12-31,2023_17_ATL_CHI,ATL,-0.28334004,0.35519532385603814,1.758608
2023,18,2024-01-07,2023_18_ATL_NO,ATL,-0.46483,0.34560029742277637,1.5932235
2024,1,2024-09-08,2024_01_PIT_ATL,ATL,,,
2024,2,2024-09-16,2024_02_ATL_PHI,ATL,,,
2024,3,2024-09-22,2024_03_KC_ATL,ATL,,,
2024,4,2024-09-29,2024_04_NO_ATL,ATL,,,
2024,5,2024-10-03,2024_05_TB_ATL,ATL,,,
2024,6,2024-10-13,2024_06_ATL_CAR,ATL,,,
2024,7,2024-10-20,2024_07_SEA_ATL,ATL,0.48561773,0.4328903155722823,2.3119528
2024,8,2024-10-27,2024_08_ATL_TB,ATL,0.56951976,0.43342247701353465,2.3574073
2024,9,2024-11-03,2024_09_DAL_ATL,ATL,0.5818433,0.45041909664904317,2.4666667
2024,10,2024-11-10,2024_10_ATL_NO,ATL,0.61006933,0.45505371312189496,2.5924242
2024,11,2024-11-17,2024_11_ATL_DEN,ATL,0.45596632,0.4694477786523241,2.5166667
2024,13,2024-12-01,2024_13_LAC_ATL,ATL,0.008882622,0.45620039682539687,2.071212
2024,14,2024-12-08,2024_14_ATL_MIN,ATL,-0.50149995,0.4611831413535959,1.7121211
2024,15,2024-12-16,2024_15_ATL_LV,ATL,-0.3052989,0.47558733984870355,1.8499999
2024,16,2024-12-22,2024_16_NYG_ATL,ATL,-0.74094456,0.44566850867987234,1.530303
2024,17,2024-12-29,2024_17_ATL_WAS,ATL,-0.6817674,0.4627906739972248,1.4545454
2024,18,2025-01-05,2024_18_CAR_ATL,ATL,-0.4815503,0.4653871796240335,1.6414142
2016,1,2016-09-11,2016_01_BUF_BAL,BAL,,,
2016,2,2016-09-18,2016_02_BAL_CLE,BAL,,,
2016,3,2016-09-25,2016_03_BAL_JAX,BAL,,,
2016,4,2016-10-02,2016_04_OAK_BAL,BAL,,,
2016,5,2016-10-09,2016_05_WAS_BAL,BAL,,,
2016,6,2016-10-16,2016_06_BAL_NYG,BAL,,,
2016,7,2016-10-23,2016_07_BAL_NYJ,BAL,-0.45363835,0.38012546756594373,1.548779
2016,9,2016-11-06,2016_09_PIT_BAL,BAL,-0.56340605,0.3756460758750136,1.4603175
2016,10,2016-11-10,2016_10_CLE_BAL,BAL,-0.7386062,0.3552744952950997,1.3075397
2016,11,2016-11-20,2016_11_BAL_DAL,BAL,-0.56418043,0.37312982118613985,1.4528389
2016,12,2016-11-27,2016_12_CIN_BAL,BAL,-0.38336328,0.3747242518877134,1.4147435
2016,13,2016-12-04,2016_13_MIA_BAL,BAL,-0.24161588,0.3863955666840282,1.5504273
2016,14,2016-12-12,2016_14_BAL_NE,BAL,-0.1523915,0.39545941949788105,1.7587608
2016,15,2016-12-18,2016_15_PHI_BAL,BAL,0.1089797,0.3993033751962323,1.9043651
2016,16,2016-12-25,2016_16_BAL_PIT,BAL,0.22486687,0.3940606780785352,2.1126983
2016,17,2017-01-01,2016_17_BAL_CIN,BAL,0.3236061,0.38221004975063416,2.1329005
2017,1,2017-09-10,2017_01_BAL_CIN,BAL,,,
2017,2,2017-09-17,2017_02_CLE_BAL,BAL,,,
2017,3,2017-09-24,2017_03_BAL_JAX,BAL,,,
2017,4,2017-10-01,2017_04_PIT_BAL,BAL,,,
2017,5,2017-10-08,2017_05_BAL_OAK,BAL,,,
2017,6,2017-10-15,2017_06_CHI_BAL,BAL,,,
2017,7,2017-10-22,2017_07_BAL_MIN,BAL,-0.72104335,0.3777755423588757,1.3841629
2017,8,2017-10-26,2017_08_MIA_BAL,BAL,-0.76984686,0.3763408764355734,1.3488094
2017,9,2017-11-05,2017_09_BAL_TEN,BAL,-0.6891787,0.37449021387062514,1.3744503
2017,11,2017-11-19,2017_11_BAL_GB,BAL,-0.4312702,0.38062027208401666,1.5802585
2017,12,2017-11-27,2017_12_HOU_BAL,BAL,-0.27873826,0.384635051396415,1.7290682
2017,13,2017-12-03,2017_13_DET_BAL,BAL,-0.40185007,0.3864610417640721,1.6485125
2017,14,2017-12-10,2017_14_BAL_PIT,BAL,-0.042588178,0.40985555399787005,1.9244227
2017,15,2017-12-17,2017_15_BAL_CLE,BAL,0.43312666,0.43726374485303054,2.2097764
2017,16,2017-12-23,2017_16_IND_BAL,BAL,0.3925384,0.45131212482402955,2.1681097
2017,17,2017-12-31,2017_17_CIN_BAL,BAL,0.5565453,0.44515191888312183,2.2910054
2018,1,2018-09-09,2018_01_BUF_BAL,BAL,,,
2018,2,2018-09-13,2018_02_BAL_CIN,BAL,,,
2018,3,2018-09-23,2018_03_DEN_BAL,BAL,,,
2018,4,2018-09-30,2018_04_BAL_PIT,BAL,,,
2018,5,2018-10-07,2018_05_BAL_CLE,BAL,,,
2018,6,2018-10-14,2018_06_BAL_TEN,BAL,,,
2018,7,2018-10-21,2018_07_NO_BAL,BAL,0.09770688,0.39307535686819234,2.0405066
2018,8,2018-10-28,2018_08_BAL_CAR,BAL,0.25459415,0.40577847473149925,1.9601496
2018,9,2018-11-04,2018_09_PIT_BAL,BAL,0.2941934,0.4045253243918105,2.0152776
2018,11,2018-11-18,2018_11_CIN_BAL,BAL,0.32673514,0.4023305091761619,1.936574
2018,12,2018-11-25,2018_12_OAK_BAL,BAL,0.18413298,0.4047445303401831,1.9087963
2018,13,2018-12-02,2018_13_BAL_ATL,BAL,0.43700358,0.4394091782624067,2.1421297
2018,14,2018-12-09,2018_14_BAL_KC,BAL,0.27405044,0.4528180473261801,2.0951598
2018,15,2018-12-16,2018_15_TB_BAL,BAL,0.07971725,0.445863142889658,2.0159934
2018,16,2018-12-22,2018_16_BAL_LAC,BAL,0.12077414,0.4524605289200936,2.0363636
2018,17,2018-12-30,2018_17_CLE_BAL,BAL,-0.07161638,0.4275494831757145,1.9451956
2019,1,2019-09-08,2019_01_BAL_MIA,BAL,,,
2019,2,2019-09-15,2019_02_ARI_BAL,BAL,,,
2019,3,2019-09-22,2019_03_BAL_KC,BAL,,,
2019,4,2019-09-29,2019_04_CLE_BAL,BAL,,,
2019,5,2019-10-06,2019_05_BAL_PIT,BAL,,,
2019,6,2019-10-13,2019_06_CIN_BAL,BAL,,,
2019,7,2019-10-20,2019_07_BAL_SEA,BAL,1.1545837,0.4100453169312819,2.761111
2019,9,2019-11-03,2019_09_NE_BAL,BAL,0.55793697,0.38251859982123143,2.2143939
2019,10,2019-11-10,2019_10_BAL_CIN,BAL,0.7051472,0.38273105992005513,2.3007576
2019,11,2019-11-17,2019_11_HOU_BAL,BAL,0.8232965,0.4292756495896448,2.4507575
2019,12,2019-11-25,2019_12_BAL_LA,BAL,1.0868139,0.43831949925849445,2.7247474
2019,13,2019-12-01,2019_13_SF_BAL,BAL,1.763258,0.4578657194991591,3.1969697
2019,14,2019-12-08,2019_14_BAL_BUF,BAL,1.6631428,0.46970880918667596,3.230303
2019,15,2019-12-12,2019_15_NYJ_BAL,BAL,1.5648569,0.45362410024482425,3.24329
2019,16,2019-12-22,2019_16_BAL_CLE,BAL,1.4881415,0.44646315060135705,3.3120546
2019,17,2019-12-29,2019_17_PIT_BAL,BAL,1.387261,0.4301253911385976,3.2120545
2020,1,2020-09-13,2020_01_CLE_BAL,BAL,,,
2020,2,2020-09-20,2020_02_BAL_HOU,BAL,,,
2020,3,2020-09-28,2020_03_KC_BAL,BAL,,,
2020,4,2020-10-04,2020_04_BAL_WAS,BAL,,,
2020,5,2020-10-11,2020_05_CIN_BAL,BAL,,,
2020,6,2020-10-18,2020_06_BAL_PHI,BAL,,,
2020,8,2020-11-01,2020_08_PIT_BAL,BAL,0.64202195,0.4311775093593275,2.4248583
2020,9,2020-11-08,2020_09_BAL_IND,BAL,0.35336778,0.4091733771279226,2.1824343
2020,10,2020-11-15,2020_10_BAL_NE,BAL,0.097988985,0.40102790727790727,2.0051615
2020,11,2020-11-22,2020_11_TEN_BAL,BAL,0.11663804,0.41650013146225273,2.016946
2020,12,2020-12-02,2020_12_BAL_PIT,BAL,-0.009202987,0.41156566777778897,1.9108853
2020,13,2020-12-08,2020_13_DAL_BAL,BAL,-0.13211285,0.39875236225615013,1.836099
2020,14,2020-12-14,2020_14_BAL_CLE,BAL,0.07089213,0.4258647560352106,2.1085858
2020,15,2020-12-20,2020_15_JAX_BAL,BAL,0.53967243,0.4412672407558771,2.4570706
2020,16,2020-12-27,2020_16_NYG_BAL,BAL,0.9636983,0.44390044509362697,2.8176768
2020,17,2021-01-03,2020_17_BAL_CIN,BAL,1.1194111,0.434341793868309,3.002862
2021,1,2021-09-13,2021_01_BAL_LV,BAL,,,
2021,2,2021-09-19,2021_02_KC_BAL,BAL,,,
2021,3,2021-09-26,2021_03_BAL_DET,BAL,,,
2021,4,2021-10-03,2021_04_BAL_DEN,BAL,,,
2021,5,2021-10-11,2021_05_IND_BAL,BAL,,,
2021,6,2021-10-17,2021_06_LAC_BAL,BAL,,,
2021,7,2021-10-24,2021_07_CIN_BAL,BAL,0.63538665,0.4380758425076607,2.534965
2021,9,2021-11-07,2021_09_MIN_BAL,BAL,0.5203993,0.418533645286892,2.3911922
2021,10,2021-11-11,2021_10_BAL_MIA,BAL,0.5527623,0.41618242958340357,2.3179598
2021,11,2021-11-21,2021_11_BAL_CHI,BAL,0.2897738,0.4018323286261598,2.1203406
2021,12,2021-11-28,2021_12_CLE_BAL,BAL,0.19577883,0.3975997346208386,2.0678933
2021,13,2021-12-05,2021_13_BAL_PIT,BAL,-0.21357791,0.3641712649423689,1.7563548
2021,14,2021-12-12,2021_14_BAL_CLE,BAL,-0.23064542,0.3499425727591312,1.5578699
2021,15,2021-12-19,2021_15_GB_BAL,BAL,-0.20314799,0.3724406104357403,1.6375402
2021,16,2021-12-26,2021_16_BAL_CIN,BAL,-0.15230922,0.3634732275100241,1.7208735
2021,17,2022-01-02,2021_17_LA_BAL,BAL,0.15256585,0.3783649845236298,1.9907149
2021,18,2022-01-09,2021_18_PIT_BAL,BAL,0.1867928,0.3886562883376609,1.9452602
2022,1,2022-09-11,2022_01_BAL_NYJ,BAL,,,
2022,2,2022-09-18,2022_02_MIA_BAL,BAL,,,
2022,3,2022-09-25,2022_03_BAL_NE,BAL,,,
2022,4,2022-10-02,2022_04_BUF_BAL,BAL,,,
2022,5,2022-10-09,2022_05_CIN_BAL,BAL,,,
2022,6,2022-10-16,2022_06_BAL_NYG,BAL,,,
2022,7,2022-10-23,2022_07_CLE_BAL,BAL,0.5367153,0.4088006204695153,2.387406
2022,8,2022-10-27,2022_08_BAL_TB,BAL,0.5570478,0.40524611941501426,2.4281986
2022,9,2022-11-07,2022_09_BAL_NO,BAL,0.42183506,0.3953049873147912,2.227441
2022,11,2022-11-20,2022_11_CAR_BAL,BAL,0.4236392,0.4167943518597113,2.2135522
2022,12,2022-11-27,2022_12_BAL_JAX,BAL,0.31272116,0.41213301918367273,2.0910776
2022,13,2022-12-04,2022_13_DEN_BAL,BAL,0.3977003,0.4114948528837418,2.1835017
2022,14,2022-12-11,2022_14_BAL_PIT,BAL,0.26152882,0.40160934513140784,1.9520202
2022,15,2022-12-17,2022_15_BAL_CLE,BAL,0.27604327,0.40722160324366596,1.8702021
2022,16,2022-12-24,2022_16_ATL_BAL,BAL,-0.2534324,0.38997015613110775,1.5507575
2022,17,2023-01-01,2022_17_PIT_BAL,BAL,-0.4920015,0.3714589862310489,1.3655725
2022,18,2023-01-08,2022_18_BAL_CIN,BAL,-0.27935907,0.3752099534011338,1.4558501
2023,1,2023-09-10,2023_01_HOU_BAL,BAL,,,
2023,2,2023-09-17,2023_02_BAL_CIN,BAL,,,
2023,3,2023-09-24,2023_03_IND_BAL,BAL,,,
2023,4,2023-10-01,2023_04_BAL_CLE,BAL,,,
2023,5,2023-10-08,2023_05_BAL_PIT,BAL,,,
2023,6,2023-10-15,2023_06_BAL_TEN,BAL,,,
2023,7,2023-10-22,2023_07_DET_BAL,BAL,-0.11431668,0.42569724467451736,1.9169823
2023,8,2023-10-29,2023_08_BAL_ARI,BAL,0.37361968,0.4391042753542753,2.1715276
2023,9,2023-11-05,2023_09_SEA_BAL,BAL,0.26059118,0.4287773337773338,2.0689638
2023,10,2023-11-12,2023_10_CLE_BAL,BAL,0.58801323,0.43960149418482747,2.405769
2023,11,2023-11-16,2023_11_CIN_BAL,BAL,0.59618205,0.4445405015859561,2.3641026
2023,12,2023-11-26,2023_12_BAL_LAC,BAL,0.926805,0.4576201618247073,2.740365
2023,14,2023-12-10,2023_14_LA_BAL,BAL,0.7418285,0.4394510974435217,2.710062
2023,15,2023-12-17,2023_15_BAL_JAX,BAL,0.45916235,0.4178690185537505,2.4457765
2023,16,2023-12-25,2023_16_BAL_SF,BAL,0.48430517,0.42863186681659876,2.4316738
2023,17,2023-12-31,2023_17_MIA_BAL,BAL,0.39436713,0.43099678584818446,2.3761184
2023,18,2024-01-06,2023_18_PIT_BAL,BAL,0.7729201,0.4291509044568485,2.746845
2024,1,2024-09-05,2024_01_BAL_KC,BAL,,,
2024,2,2024-09-15,2024_02_LV_BAL,BAL,,,
2024,3,2024-09-22,2024_03_BAL_DAL,BAL,,,
2024,4,2024-09-29,2024_04_BUF_BAL,BAL,,,
2024,5,2024-10-06,2024_05_BAL_CIN,BAL,,,
2024,6,2024-10-13,2024_06_WAS_BAL,BAL,,,
2024,7,2024-10-21,2024_07_BAL_TB,BAL,0.9497707,0.46314848355980837,2.6531663
2024,8,2024-10-27,2024_08_BAL_CLE,BAL,1.2545904,0.46060325101457583,2.941045
2024,9,2024-11-03,2024_09_DEN_BAL,BAL,1.3683667,0.4809901172347753,2.9852371
2024,10,2024-11-07,2024_10_CIN_BAL,BAL,1.6331234,0.5061374005070586,3.2796814
2024,11,2024-11-17,2024_11_BAL_PIT,BAL,1.6376053,0.5041900423097004,3.2354896
2024,12,2024-11-25,2024_12_BAL_LAC,BAL,1.1638919,0.47115374100416835,2.9149768
2024,13,2024-12-01,2024_13_PHI_BAL,BAL,1.2143208,0.4637891677899219,2.9149768
2024,15,2024-12-15,2024_15_BAL_NYG,BAL,0.80769944,0.4491509861062857,2.5816433
2024,16,2024-12-21,2024_16_PIT_BAL,BAL,1.150344,0.46033116395313023,2.866155
2024,17,2024-12-25,2024_17_BAL_HOU,BAL,0.94027334,0.46205226692423323,2.6070642
2024,18,2025-01-04,2024_18_CLE_BAL,BAL,1.0330426,0.4712430761150424,2.6376197
2016,1,2016-09-11,2016_01_BUF_BAL,BUF,,,
2016,2,2016-09-15,2016_02_NYJ_BUF,BUF,,,
2016,3,2016-09-25,2016_03_ARI_BUF,BUF,,,
2016,4,2016-10-02,2016_04_BUF_NE,BUF,,,
2016,5,2016-10-09,2016_05_BUF_LA,BUF,,,
2016,6,2016-10-16,2016_06_SF_BUF,BUF,,,
2016,7,2016-10-23,2016_07_BUF_MIA,BUF,0.08962217,0.3994648932896796,2.01497
2016,8,2016-10-30,2016_08_NE_BUF,BUF,0.41311327,0.41856524948153906,2.2641284
2016,9,2016-11-07,2016_09_BUF_SEA,BUF,0.34748435,0.39875021603014194,2.2641284
2016,11,2016-11-20,2016_11_BUF_CIN,BUF,0.5230175,0.4172417707716967,2.3807952
2016,12,2016-11-27,2016_12_JAX_BUF,BUF,0.4150746,0.41416302473394895,2.3269231
2016,13,2016-12-04,2016_13_BUF_OAK,BUF,0.4868491,0.41741952552832845,2.4178321
2016,14,2016-12-11,2016_14_PIT_BUF,BUF,0.30096504,0.4050327714348437,2.1742423
2016,15,2016-12-18,2016_15_CLE_BUF,BUF,0.1749183,0.3852282839832974,2.0984848
2016,16,2016-12-24,2016_16_MIA_BUF,BUF,0.37497285,0.41453906859711226,2.3308082
2016,17,2017-01-01,2016_17_BUF_NYJ,BUF,0.38038623,0.4083910169133464,2.258586
2017,1,2017-09-10,2017_01_NYJ_BUF,BUF,,,
2017,2,2017-09-17,2017_02_BUF_CAR,BUF,,,
2017,3,2017-09-24,2017_03_DEN_BUF,BUF,,,
2017,4,2017-10-01,2017_04_BUF_ATL,BUF,,,
2017,5,2017-10-08,2017_05_BUF_CIN,BUF,,,
2017,7,2017-10-22,2017_07_TB_BUF,BUF,,,
2017,8,2017-10-29,2017_08_OAK_BUF,BUF,-0.1739561,0.31913491145498724,1.6371212
2017,9,2017-11-02,2017_09_BUF_NYJ,BUF,0.0056657777,0.35848375705383284,1.7343434
2017,10,2017-11-12,2017_10_NO_BUF,BUF,0.09776106,0.37457038410199833,1.9535742
2017,11,2017-11-19,2017_11_BUF_LAC,BUF,-0.16383143,0.3693892573583715,1.7591296
2017,12,2017-11-26,2017_12_BUF_KC,BUF,-0.4677705,0.36664142244270453,1.8092464
2017,13,2017-12-03,2017_13_NE_BUF,BUF,-0.46106982,0.36801514368822064,1.7921523
2017,14,2017-12-10,2017_14_IND_BUF,BUF,-0.85027003,0.35522182589490287,1.3876067
2017,15,2017-12-17,2017_15_MIA_BUF,BUF,-1.1480378,0.31808373250680944,1.1653847
2017,16,2017-12-24,2017_16_BUF_NE,BUF,-1.0377718,0.309828386831592,1.2294872
2017,17,2017-12-31,2017_17_BUF_MIA,BUF,-0.9163732,0.3298346999629051,1.2294872
2018,1,2018-09-09,2018_01_BUF_BAL,BUF,,,
2018,2,2018-09-16,2018_02_LAC_BUF,BUF,,,
2018,3,2018-09-23,2018_03_BUF_MIN,BUF,,,
2018,4,2018-09-30,2018_04_BUF_GB,BUF,,,
2018,5,2018-10-07,2018_05_TEN_BUF,BUF,,,
2018,6,2018-10-14,2018_06_BUF_HOU,BUF,,,
2018,7,2018-10-21,2018_07_BUF_IND,BUF,-1.4472375,0.29416124560063955,1.1426767
2018,8,2018-10-29,2018_08_NE_BUF,BUF,-1.4023371,0.30912137806077195,1.154798
2018,9,2018-11-04,2018_09_CHI_BUF,BUF,-1.6455617,0.3121499852560458,0.93510103
2018,10,2018-11-11,2018_10_BUF_NYJ,BUF,-2.1060627,0.2987669847788896,0.63315296
2018,12,2018-11-25,2018_12_JAX_BUF,BUF,-1.4774433,0.32837456855314,1.2025974
2018,13,2018-12-02,2018_13_BUF_MIA,BUF,-1.2593809,0.34298079565936707,1.2936231
2018,14,2018-12-09,2018_14_NYJ_BUF,BUF,-0.9500411,0.36533511782429534,1.3706433
2018,15,2018-12-16,2018_15_DET_BUF,BUF,-0.5870678,0.365804892157706,1.6736735
2018,16,2018-12-23,2018_16_BUF_NE,BUF,-0.28217497,0.3748126282487754,1.8024615
2018,17,2018-12-30,2018_17_MIA_BUF,BUF,-0.13206534,0.3982425515001273,1.8286519
2019,1,2019-09-08,2019_01_BUF_NYJ,BUF,,,
2019,2,2019-09-15,2019_02_BUF_NYG,BUF,,,
2019,3,2019-09-22,2019_03_CIN_BUF,BUF,,,
2019,4,2019-09-29,2019_04_NE_BUF,BUF,,,
2019,5,2019-10-06,2019_05_BUF_TEN,BUF,,,
2019,7,2019-10-20,2019_07_MIA_BUF,BUF,,,
2019,8,2019-10-27,2019_08_PHI_BUF,BUF,-0.25717866,0.3541915655150949,1.7051587
2019,9,2019-11-03,2019_09_WAS_BUF,BUF,-0.32782325,0.34556472820236017,1.6357142
2019,10,2019-11-10,2019_10_BUF_CLE,BUF,-0.3502779,0.36138306019716276,1.6468254
2019,11,2019-11-17,2019_11_BUF_MIA,BUF,-0.27101973,0.375561745268705,1.6301588
2019,12,2019-11-24,2019_12_DEN_BUF,BUF,0.23942436,0.3769388403958001,1.9515873
2019,13,2019-11-28,2019_13_BUF_DAL,BUF,0.38640118,0.3913844112473424,2.0601733
2019,14,2019-12-08,2019_14_BAL_BUF,BUF,0.31481412,0.39085891822184937,1.9768399
2019,15,2019-12-15,2019_15_BUF_PIT,BUF,0.29583564,0.3923992582237279,2.028122
2019,16,2019-12-21,2019_16_BUF_NE,BUF,0.03906671,0.37836606919053883,1.8460706
2019,17,2019-12-29,2019_17_NYJ_BUF,BUF,0.049962778,0.3643443964188661,1.8960706
2020,1,2020-09-13,2020_01_NYJ_BUF,BUF,,,
2020,2,2020-09-20,2020_02_BUF_MIA,BUF,,,
2020,3,2020-09-27,2020_03_LA_BUF,BUF,,,
2020,4,2020-10-04,2020_04_BUF_LV,BUF,,,
2020,5,2020-10-13,2020_05_BUF_TEN,BUF,,,
2020,6,2020-10-19,2020_06_KC_BUF,BUF,,,
2020,7,2020-10-25,2020_07_BUF_NYJ,BUF,0.73330474,0.4043591104087711,2.5044613
2020,8,2020-11-01,2020_08_NE_BUF,BUF,0.7163139,0.4072807216258369,2.3953702
2020,9,2020-11-08,2020_09_SEA_BUF,BUF,0.5518144,0.40882963567475095,2.3648148
2020,10,2020-11-15,2020_10_BUF_ARI,BUF,0.530278,0.4162812761125025,2.3925927
2020,12,2020-11-29,2020_12_LAC_BUF,BUF,0.36774817,0.41689857547980186,2.277208
2020,13,2020-12-07,2020_13_BUF_SF,BUF,0.57034403,0.44302976722502874,2.3855412
2020,14,2020-12-13,2020_14_PIT_BUF,BUF,0.7463468,0.4591814358481025,2.6373932
2020,15,2020-12-19,2020_15_BUF_DEN,BUF,0.6600729,0.4327444220072425,2.5938034
2020,16,2020-12-28,2020_16_BUF_NE,BUF,1.0334504,0.46246701422983466,2.830167
2020,17,2021-01-03,2020_17_MIA_BUF,BUF,1.3255721,0.4509574358452564,2.8523893
2021,1,2021-09-12,2021_01_PIT_BUF,BUF,,,
2021,2,2021-09-19,2021_02_BUF_MIA,BUF,,,
2021,3,2021-09-26,2021_03_WAS_BUF,BUF,,,
2021,4,2021-10-03,2021_04_HOU_BUF,BUF,,,
2021,5,2021-10-10,2021_05_BUF_KC,BUF,,,
2021,6,2021-10-18,2021_06_BUF_TEN,BUF,,,
2021,8,2021-10-31,2021_08_MIA_BUF,BUF,0.59481657,0.42678457076736426,2.7590911
2021,9,2021-11-07,2021_09_BUF_JAX,BUF,0.8447011,0.4246614896001655,2.9106061
2021,10,2021-11-14,2021_10_BUF_NYJ,BUF,0.4705186,0.4229745250926881,2.5729992
2021,11,2021-11-21,2021_11_IND_BUF,BUF,0.6177682,0.4352698808090965,2.5986402
2021,12,2021-11-25,2021_12_BUF_NO,BUF,0.2995103,0.40892835196756766,2.2930846
2021,13,2021-12-06,2021_13_NE_BUF,BUF,0.19956769,0.41378164682086244,2.3653069
2021,14,2021-12-12,2021_14_BUF_TB,BUF,-0.17316498,0.4057866325758483,2.0001554
2021,15,2021-12-19,2021_15_CAR_BUF,BUF,-0.14873964,0.424168223751557,1.9523698
2021,16,2021-12-26,2021_16_BUF_NE,BUF,0.16528462,0.42596923909423906,2.2718143
2021,17,2022-01-02,2021_17_ATL_BUF,BUF,0.29888013,0.41313448246863277,2.3060024
2021,18,2022-01-09,2021_18_NYJ_BUF,BUF,0.6986963,0.43466091899506926,2.660169
2022,1,2022-09-08,2022_01_BUF_LA,BUF,,,
2022,2,2022-09-19,2022_02_TEN_BUF,BUF,,,
2022,3,2022-09-25,2022_03_BUF_MIA,BUF,,,
2022,4,2022-10-02,2022_04_BUF_BAL,BUF,,,
2022,5,2022-10-09,2022_05_PIT_BUF,BUF,,,
2022,6,2022-10-16,2022_06_BUF_KC,BUF,,,
2022,8,2022-10-30,2022_08_GB_BUF,BUF,0.8016532,0.42886605839757713,2.5881054
2022,9,2022-11-06,2022_09_BUF_NYJ,BUF,0.78696007,0.43623528639180514,2.5214388
2022,10,2022-11-13,2022_10_MIN_BUF,BUF,0.55627126,0.4212073616416581,2.3501425
2022,11,2022-11-20,2022_11_CLE_BUF,BUF,0.44691634,0.4404081206858985,2.419943
2022,12,2022-11-24,2022_12_BUF_DET,BUF,0.6606857,0.459929525207303,2.5063066
2022,13,2022-12-01,2022_13_BUF_NE,BUF,0.61698633,0.4607385772663551,2.4524605
2022,14,2022-12-11,2022_14_NYJ_BUF,BUF,0.68375295,0.4556588639513477,2.4524605
2022,15,2022-12-17,2022_15_MIA_BUF,BUF,0.4503939,0.4335698418623255,2.2588708
2022,16,2022-12-24,2022_16_BUF_CHI,BUF,0.6472115,0.43587282815224,2.4289043
2022,18,2023-01-08,2022_18_NE_BUF,BUF,0.7420358,0.41695548006822514,2.5304
2023,1,2023-09-11,2023_01_BUF_NYJ,BUF,,,
2023,2,2023-09-17,2023_02_LV_BUF,BUF,,,
2023,3,2023-09-24,2023_03_BUF_WAS,BUF,,,
2023,4,2023-10-01,2023_04_MIA_BUF,BUF,,,
2023,5,2023-10-08,2023_05_JAX_BUF,BUF,,,
2023,6,2023-10-15,2023_06_NYG_BUF,BUF,,,
2023,7,2023-10-22,2023_07_BUF_NE,BUF,0.87738127,0.44656943727515935,2.6195285
2023,8,2023-10-26,2023_08_TB_BUF,BUF,1.1224384,0.46084963865429124,2.793771
2023,9,2023-11-05,2023_09_BUF_CIN,BUF,0.7760797,0.43949847793147273,2.4537036
2023,10,2023-11-13,2023_10_DEN_BUF,BUF,0.61811453,0.41680445384855974,2.3173401
2023,11,2023-11-19,2023_11_NYJ_BUF,BUF,0.1306165,0.3936998963690022,1.9562289
2023,12,2023-11-26,2023_12_BUF_PHI,BUF,0.09322148,0.3879187947545673,2.1228957
2023,14,2023-12-10,2023_14_BUF_KC,BUF,0.26706466,0.3925189306099246,2.2683983
2023,15,2023-12-17,2023_15_DAL_BUF,BUF,0.12874465,0.36976374461944445,2.154762
2023,16,2023-12-23,2023_16_BUF_LAC,BUF,0.37152675,0.3679048244524435,2.3651998
2023,17,2023-12-31,2023_17_NE_BUF,BUF,0.33560145,0.36400553444204237,2.4318664
2023,18,2024-01-07,2023_18_BUF_MIA,BUF,0.34813723,0.39052438596089384,2.3955414
2024,1,2024-09-08,2024_01_ARI_BUF,BUF,,,
2024,2,2024-09-12,2024_02_BUF_MIA,BUF,,,
2024,3,2024-09-23,2024_03_JAX_BUF,BUF,,,
2024,4,2024-09-29,2024_04_BUF_BAL,BUF,,,
2024,5,2024-10-06,2024_05_BUF_HOU,BUF,,,
2024,6,2024-10-14,2024_06_BUF_NYJ,BUF,,,
2024,7,2024-10-20,2024_07_TEN_BUF,BUF,0.806228,0.4401095689290133,2.5840068
2024,8,2024-10-27,2024_08_BUF_SEA,BUF,0.7318869,0.4272563110757555,2.5324914
2024,9,2024-11-03,2024_09_MIA_BUF,BUF,0.92104244,0.43010405543665775,2.6703703
2024,10,2024-11-10,2024_10_BUF_IND,BUF,0.83522934,0.45022449463797926,2.512037
2024,11,2024-11-17,2024_11_KC_BUF,BUF,1.0255758,0.46540792912288437,2.6938553
2024,13,2024-12-01,2024_13_SF_BUF,BUF,1.2562612,0.468959770799726,2.9160774
2024,14,2024-12-08,2024_14_BUF_LA,BUF,1.2242408,0.47280946020497105,3.0734847
2024,15,2024-12-15,2024_15_BUF_DET,BUF,1.500501,0.48245012817897237,3.336111
2024,16,2024-12-22,2024_16_NE_BUF,BUF,1.6640921,0.5080129007702537,3.486111
2024,17,2024-12-29,2024_17_NYJ_BUF,BUF,1.3961058,0.49826255443902495,3.161111
2024,18,2025-01-05,2024_18_BUF_NE,BUF,1.5700122,0.49755504806641165,3.4035351
2016,1,2016-09-08,2016_01_CAR_DEN,CAR,,,
2016,2,2016-09-18,2016_02_SF_CAR,CAR,,,
2016,3,2016-09-25,2016_03_MIN_CAR,CAR,,,
2016,4,2016-10-02,2016_04_CAR_ATL,CAR,,,
2016,5,2016-10-10,2016_05_TB_CAR,CAR,,,
2016,6,2016-10-16,2016_06_CAR_NO,CAR,,,
2016,8,2016-10-30,2016_08_ARI_CAR,CAR,-0.1309532,0.40910513882612093,1.8995448
2016,9,2016-11-06,2016_09_CAR_LA,CAR,-0.14963214,0.41933133238564785,1.8995448
2016,10,2016-11-13,2016_10_KC_CAR,CAR,-0.24073,0.3975196174276261,1.6798478
2016,11,2016-11-17,2016_11_NO_CAR,CAR,-0.0046798415,0.39578442080606585,1.77707
2016,12,2016-11-27,2016_12_CAR_OAK,CAR,-0.10054364,0.396419433941079,1.7794012
2016,13,2016-12-04,2016_13_CAR_SEA,CAR,-0.044237345,0.3752384059743367,1.9482323
2016,14,2016-12-11,2016_14_SD_CAR,CAR,-0.4457799,0.3418848602696005,1.5930735
2016,15,2016-12-19,2016_15_CAR_WAS,CAR,-0.5265816,0.3207700183214252,1.5930735
2016,16,2016-12-24,2016_16_ATL_CAR,CAR,-0.48152772,0.33203850872952606,1.7056278
2016,17,2017-01-01,2016_17_CAR_TB,CAR,-0.524079,0.3329772795546605,1.6917387
2017,1,2017-09-10,2017_01_CAR_SF,CAR,,,
2017,2,2017-09-17,2017_02_BUF_CAR,CAR,,,
2017,3,2017-09-24,2017_03_NO_CAR,CAR,,,
2017,4,2017-10-01,2017_04_CAR_NE,CAR,,,
2017,5,2017-10-08,2017_05_CAR_DET,CAR,,,
2017,6,2017-10-12,2017_06_PHI_CAR,CAR,,,
2017,7,2017-10-22,2017_07_CAR_CHI,CAR,-0.07367218,0.3687539239102382,1.9961344
2017,8,2017-10-29,2017_08_CAR_TB,CAR,-0.538578,0.3535798229072602,1.6931041
2017,9,2017-11-05,2017_09_ATL_CAR,CAR,-0.45975015,0.36047122761729233,1.7792152
2017,10,2017-11-13,2017_10_MIA_CAR,CAR,-0.31131437,0.36404915432021906,1.8403263
2017,12,2017-11-26,2017_12_CAR_NYJ,CAR,-0.19516301,0.38066352760125893,1.9792151
2017,13,2017-12-03,2017_13_CAR_NO,CAR,-0.1258968,0.3855972788147721,1.8780247
2017,14,2017-12-10,2017_14_MIN_CAR,CAR,-0.09483283,0.37244730556864497,1.9013348
2017,15,2017-12-17,2017_15_GB_CAR,CAR,0.30864778,0.36928694839759263,2.224928
2017,16,2017-12-24,2017_16_TB_CAR,CAR,0.49948373,0.3651864192970635,2.4193723
2017,17,2017-12-31,2017_17_CAR_ATL,CAR,0.53173476,0.3656299572406015,2.474928
2018,1,2018-09-09,2018_01_DAL_CAR,CAR,,,
2018,2,2018-09-16,2018_02_CAR_ATL,CAR,,,
2018,3,2018-09-23,2018_03_CIN_CAR,CAR,,,
2018,5,2018-10-07,2018_05_NYG_CAR,CAR,,,
2018,6,2018-10-14,2018_06_CAR_WAS,CAR,,,
2018,7,2018-10-21,2018_07_CAR_PHI,CAR,,,
2018,8,2018-10-28,2018_08_BAL_CAR,CAR,0.47380212,0.408537045165833,2.1671717
2018,9,2018-11-04,2018_09_TB_CAR,CAR,0.81595,0.4137953811059871,2.470202
2018,10,2018-11-08,2018_10_CAR_PIT,CAR,0.86309856,0.41893954250014853,2.6450272
2018,11,2018-11-18,2018_11_CAR_DET,CAR,0.629295,0.40175744009077335,2.5326536
2018,12,2018-11-25,2018_12_SEA_CAR,CAR,0.51346314,0.3984367176033842,2.3909867
2018,13,2018-12-02,2018_13_CAR_TB,CAR,0.71578044,0.4366555049888383,2.5576534
2018,14,2018-12-09,2018_14_CAR_CLE,CAR,0.4692792,0.4414544868711536,2.4048755
2018,15,2018-12-17,2018_15_NO_CAR,CAR,0.20100264,0.41813227036711886,2.1624515
2018,16,2018-12-23,2018_16_ATL_CAR,CAR,-0.17946869,0.3921361368709853,1.7406565
2018,17,2018-12-30,2018_17_CAR_NO,CAR,-0.26398715,0.39869660081781294,1.5613637
2019,1,2019-09-08,2019_01_LA_CAR,CAR,,,
2019,2,2019-09-12,2019_02_TB_CAR,CAR,,,
2019,3,2019-09-22,2019_03_CAR_ARI,CAR,,,
2019,4,2019-09-29,2019_04_CAR_HOU,CAR,,,
2019,5,2019-10-06,2019_05_JAX_CAR,CAR,,,
2019,6,2019-10-13,2019_06_CAR_TB,CAR,,,
2019,8,2019-10-27,2019_08_CAR_SF,CAR,-0.09063342,0.40984045637823235,1.9919215
2019,9,2019-11-03,2019_09_TEN_CAR,CAR,-0.37210044,0.38718070871848465,1.77672
2019,10,2019-11-10,2019_10_CAR_GB,CAR,-0.14039733,0.3728490467906689,2.0395405
2019,11,2019-11-17,2019_11_ATL_CAR,CAR,-0.33155915,0.37472171116333325,1.8080591
2019,12,2019-11-24,2019_12_CAR_NO,CAR,-0.6790541,0.3653858450092853,1.6110893
2019,13,2019-12-01,2019_13_WAS_CAR,CAR,-0.59901863,0.35740304077648105,1.7687817
2019,14,2019-12-08,2019_14_CAR_ATL,CAR,-0.8070464,0.3535801207770905,1.6752673
2019,15,2019-12-15,2019_15_SEA_CAR,CAR,-0.52736086,0.37356443815724116,1.8220927
2019,16,2019-12-22,2019_16_CAR_IND,CAR,-0.5273204,0.39270302263673473,1.7690624
2019,17,2019-12-29,2019_17_NO_CAR,CAR,-0.9295554,0.3770725111728899,1.5636753
2020,1,2020-09-13,2020_01_LV_CAR,CAR,,,
2020,2,2020-09-20,2020_02_CAR_TB,CAR,,,
2020,3,2020-09-27,2020_03_CAR_LAC,CAR,,,
2020,4,2020-10-04,2020_04_ARI_CAR,CAR,,,
2020,5,2020-10-11,2020_05_CAR_ATL,CAR,,,
2020,6,2020-10-18,2020_06_CHI_CAR,CAR,,,
2020,7,2020-10-25,2020_07_CAR_NO,CAR,0.3619229,0.38096026499825525,2.271128
2020,8,2020-10-29,2020_08_ATL_CAR,CAR,0.4800268,0.4003740456620359,2.3425565
2020,9,2020-11-08,2020_09_CAR_KC,CAR,0.631414,0.42199995062127416,2.460612
2020,10,2020-11-15,2020_10_TB_CAR,CAR,1.0132134,0.4343601007592021,2.684686
2020,11,2020-11-22,2020_11_DET_CAR,CAR,0.68525344,0.4290229760103126,2.5165043
2020,12,2020-11-29,2020_12_CAR_MIN,CAR,0.3965353,0.4050937486719944,2.3936088
2020,14,2020-12-13,2020_14_DEN_CAR,CAR,0.5399125,0.45383674908611776,2.3784573
2020,15,2020-12-19,2020_15_CAR_GB,CAR,0.21103376,0.4391033763981997,2.2161195
2020,16,2020-12-27,2020_16_CAR_WAS,CAR,0.16720062,0.4431312813636046,2.1286194
2020,17,2021-01-03,2020_17_NO_CAR,CAR,-0.13140692,0.42378039048493593,1.8323232
2021,1,2021-09-12,2021_01_NYJ_CAR,CAR,,,
2021,2,2021-09-19,2021_02_NO_CAR,CAR,,,
2021,3,2021-09-23,2021_03_CAR_HOU,CAR,,,
2021,4,2021-10-03,2021_04_CAR_DAL,CAR,,,
2021,5,2021-10-10,2021_05_PHI_CAR,CAR,,,
2021,6,2021-10-17,2021_06_MIN_CAR,CAR,,,
2021,7,2021-10-24,2021_07_CAR_NYG,CAR,-0.32434425,0.37873089168798363,1.8688854
2021,8,2021-10-31,2021_08_CAR_ATL,CAR,-0.61104494,0.3590549657620577,1.6466631
2021,9,2021-11-07,2021_09_NE_CAR,CAR,-0.60916716,0.3525017468313878,1.5734307
2021,10,2021-11-14,2021_10_CAR_ARI,CAR,-1.2359017,0.3375997934668676,1.2643398
2021,11,2021-11-21,2021_11_WAS_CAR,CAR,-1.2118461,0.34266381614452657,1.3123196
2021,12,2021-11-28,2021_12_CAR_MIA,CAR,-0.8409507,0.3542890163411554,1.4718434
2021,14,2021-12-12,2021_14_ATL_CAR,CAR,-1.052669,0.3429262818534209,1.3815656
2021,15,2021-12-19,2021_15_CAR_BUF,CAR,-0.85720795,0.37055675323389226,1.689899
2021,16,2021-12-26,2021_16_TB_CAR,CAR,-1.0667883,0.37532962197734926,1.6141413
2021,17,2022-01-02,2021_17_CAR_NO,CAR,-0.9188991,0.3762478956228956,1.6141413
2021,18,2022-01-09,2021_18_CAR_TB,CAR,-1.3093868,0.343627553002553,1.3085858
2022,1,2022-09-11,2022_01_CLE_CAR,CAR,,,
2022,2,2022-09-18,2022_02_CAR_NYG,CAR,,,
2022,3,2022-09-25,2022_03_NO_CAR,CAR,,,
2022,4,2022-10-02,2022_04_ARI_CAR,CAR,,,
2022,5,2022-10-09,2022_05_SF_CAR,CAR,,,
2022,6,2022-10-16,2022_06_CAR_LA,CAR,,,
2022,7,2022-10-23,2022_07_TB_CAR,CAR,-0.90480083,0.3785029344553154,1.1930014
2022,8,2022-10-30,2022_08_CAR_ATL,CAR,-0.8016214,0.3868877517984661,1.209668
2022,9,2022-11-06,2022_09_CAR_CIN,CAR,-0.6814639,0.3732569381676525,1.4031414
2022,10,2022-11-10,2022_10_ATL_CAR,CAR,-0.6374799,0.3481485959326869,1.530847
2022,11,2022-11-20,2022_11_CAR_BAL,CAR,-0.32891667,0.3338128038008421,1.7707459
2022,12,2022-11-27,2022_12_DEN_CAR,CAR,-0.45484352,0.3243393647819485,1.5889277
2022,14,2022-12-11,2022_14_CAR_SEA,CAR,-0.1667222,0.33497860979619354,1.847766
2022,15,2022-12-18,2022_15_PIT_CAR,CAR,-0.12519215,0.3517362671220326,1.9523115
2022,16,2022-12-24,2022_16_DET_CAR,CAR,-0.06313133,0.34699852800929354,1.8497475
2022,17,2023-01-01,2022_17_CAR_TB,CAR,0.35430062,0.39489932250099713,2.0921717
2022,18,2023-01-08,2022_18_CAR_NO,CAR,0.3389763,0.39118106220378945,1.9990982
2023,1,2023-09-10,2023_01_CAR_ATL,CAR,,,
2023,2,2023-09-18,2023_02_NO_CAR,CAR,,,
2023,3,2023-09-24,2023_03_CAR_SEA,CAR,,,
2023,4,2023-10-01,2023_04_MIN_CAR,CAR,,,
2023,5,2023-10-08,2023_05_CAR_DET,CAR,,,
2023,6,2023-10-15,2023_06_CAR_MIA,CAR,,,
2023,8,2023-10-29,2023_08_HOU_CAR,CAR,-0.7722989,0.3570690558151859,1.4858586
2023,9,2023-11-05,2023_09_IND_CAR,CAR,-0.5311081,0.367137792309361,1.5969697
2023,10,2023-11-09,2023_10_CAR_CHI,CAR,-0.692446,0.35209230538887404,1.5199496
2023,11,2023-11-19,2023_11_DAL_CAR,CAR,-0.8987012,0.35853410433067295,1.2616161
2023,12,2023-11-26,2023_12_CAR_TEN,CAR,-0.90153867,0.3363010595976282,1.3222222
2023,13,2023-12-03,2023_13_CAR_TB,CAR,-0.90179724,0.3370576041080427,1.0888889
2023,14,2023-12-10,2023_14_CAR_NO,CAR,-0.8709379,0.33545889417599944,1.1113248
2023,15,2023-12-17,2023_15_ATL_CAR,CAR,-1.3012253,0.321398162023162,0.9446581
2023,16,2023-12-24,2023_16_GB_CAR,CAR,-1.2996176,0.33145077145077145,0.91410255
2023,17,2023-12-31,2023_17_CAR_JAX,CAR,-0.8470519,0.3503029840529841,1.2974359
2023,18,2024-01-07,2023_18_TB_CAR,CAR,-1.0329183,0.35100941814177106,1.1307693
2024,1,2024-09-08,2024_01_CAR_NO,CAR,,,
2024,2,2024-09-15,2024_02_LAC_CAR,CAR,,,
2024,3,2024-09-22,2024_03_CAR_LV,CAR,,,
2024,4,2024-09-29,2024_04_CIN_CAR,CAR,,,
2024,5,2024-10-06,2024_05_CAR_CHI,CAR,,,
2024,6,2024-10-13,2024_06_ATL_CAR,CAR,,,
2024,7,2024-10-20,2024_07_CAR_WAS,CAR,-0.8174122,0.39871521996521997,1.5095183
2024,8,2024-10-27,2024_08_CAR_DEN,CAR,-0.7623369,0.4104497816997817,1.4979798
2024,9,2024-11-03,2024_09_NO_CAR,CAR,-0.52979225,0.4283528382392019,1.6646465
2024,10,2024-11-10,2024_10_NYG_CAR,CAR,-0.70441884,0.41032068100249924,1.5131313
2024,12,2024-11-24,2024_12_KC_CAR,CAR,-0.77900046,0.3876572333390515,1.4059052
2024,13,2024-12-01,2024_13_TB_CAR,CAR,-0.36558127,0.4056301169369351,1.7670163
2024,14,2024-12-08,2024_14_CAR_PHI,CAR,-0.319492,0.41266597459779275,1.7074925
2024,15,2024-12-15,2024_15_DAL_CAR,CAR,-0.0016982313,0.4003549060367242,1.8871222
2024,16,2024-12-22,2024_16_ARI_CAR,CAR,0.029363418,0.41526418336226945,1.9083343
2024,17,2024-12-29,2024_17_CAR_TB,CAR,0.21513416,0.42697199973515754,2.0598495
2024,18,2025-01-05,2024_18_CAR_ATL,CAR,0.086031675,0.4483044173175752,2.0367725
2016,1,2016-09-11,2016_01_CHI_HOU,CHI,,,
2016,2,2016-09-19,2016_02_PHI_CHI,CHI,,,
2016,3,2016-09-25,2016_03_CHI_DAL,CHI,,,
2016,4,2016-10-02,2016_04_DET_CHI,CHI,,,
2016,5,2016-10-09,2016_05_CHI_IND,CHI,,,
2016,6,2016-10-16,2016_06_JAX_CHI,CHI,,,
2016,7,2016-10-20,2016_07_CHI_GB,CHI,-0.61211836,0.37564450366923624,1.4116162
2016,8,2016-10-31,2016_08_MIN_CHI,CHI,-0.5507551,0.37294037909011163,1.2838384
2016,10,2016-11-13,2016_10_CHI_TB,CHI,-0.09893486,0.37629665244638505,1.5060606
2016,11,2016-11-20,2016_11_CHI_NYG,CHI,-0.32558036,0.36972166178048527,1.3766899
2016,12,2016-11-27,2016_12_TEN_CHI,CHI,-0.2183275,0.3648181898315588,1.3615384
2016,13,2016-12-04,2016_13_SF_CHI,CHI,-0.33745363,0.3716754529388219,1.3312354
2016,14,2016-12-11,2016_14_CHI_DET,CHI,-0.36316833,0.3637238729284184,1.4221445
2016,15,2016-12-18,2016_15_GB_CHI,CHI,-0.18789132,0.37780716617837823,1.5591816
2016,16,2016-12-24,2016_16_WAS_CHI,CHI,-0.21959974,0.38668060334727,1.6008482
2016,17,2017-01-01,2016_17_CHI_MIN,CHI,0.02365797,0.41599043492982885,1.7908249
2017,1,2017-09-10,2017_01_ATL_CHI,CHI,,,
2017,2,2017-09-17,2017_02_CHI_TB,CHI,,,
2017,3,2017-09-24,2017_03_PIT_CHI,CHI,,,
2017,4,2017-09-28,2017_04_CHI_GB,CHI,,,
2017,5,2017-10-09,2017_05_MIN_CHI,CHI,,,
2017,6,2017-10-15,2017_06_CHI_BAL,CHI,,,
2017,7,2017-10-22,2017_07_CAR_CHI,CHI,-0.81552905,0.3447075549598945,1.365653
2017,8,2017-10-29,2017_08_CHI_NO,CHI,-1.1067421,0.356772296681499,1.1265959
2017,10,2017-11-12,2017_10_GB_CHI,CHI,-0.91354066,0.33747944026743043,1.1787845
2017,11,2017-11-19,2017_11_DET_CHI,CHI,-0.90354794,0.33294739823538844,1.1263369
2017,12,2017-11-26,2017_12_CHI_PHI,CHI,-0.70363444,0.35285644541716293,1.277852
2017,13,2017-12-03,2017_13_SF_CHI,CHI,-0.9359483,0.3670627445192953,1.1111854
2017,14,2017-12-10,2017_14_CHI_CIN,CHI,-0.8926969,0.33963223808552095,1.0534512
2017,15,2017-12-16,2017_15_CHI_DET,CHI,-0.39566,0.34482312562934964,1.4776936
2017,16,2017-12-24,2017_16_CLE_CHI,CHI,-0.4478505,0.3587938350546045,1.462542
2017,17,2017-12-31,2017_17_CHI_MIN,CHI,-0.40610304,0.353963171890608,1.4978956
2018,1,2018-09-09,2018_01_CHI_GB,CHI,,,
2018,2,2018-09-17,2018_02_SEA_CHI,CHI,,,
2018,3,2018-09-23,2018_03_CHI_ARI,CHI,,,
2018,4,2018-09-30,2018_04_TB_CHI,CHI,,,
2018,6,2018-10-14,2018_06_CHI_MIA,CHI,,,
2018,7,2018-10-21,2018_07_NE_CHI,CHI,,,
2018,8,2018-10-28,2018_08_NYJ_CHI,CHI,0.31915852,0.4459792847644579,2.2052948
2018,9,2018-11-04,2018_09_CHI_BUF,CHI,0.45508745,0.45003712507229826,2.347719
2018,10,2018-11-11,2018_10_DET_CHI,CHI,0.5252741,0.46346902496253145,2.4429572
2018,11,2018-11-18,2018_11_MIN_CHI,CHI,0.67821616,0.46119629768980414,2.6364303
2018,12,2018-11-22,2018_12_CHI_DET,CHI,0.14769445,0.4350515985337413,2.1730464
2018,13,2018-12-02,2018_13_CHI_NYG,CHI,-0.03618145,0.4167218642949162,2.071648
2018,14,2018-12-09,2018_14_LA_CHI,CHI,-0.09732654,0.39718451231708807,2.0026002
2018,15,2018-12-16,2018_15_GB_CHI,CHI,-0.50302416,0.38042374993132566,1.7831558
2018,16,2018-12-23,2018_16_CHI_SF,CHI,-0.48365346,0.37562085081024477,1.8015541
2018,17,2018-12-30,2018_17_CHI_MIN,CHI,-0.53996724,0.391512983369044,1.6249157
2019,1,2019-09-05,2019_01_GB_CHI,CHI,,,
2019,2,2019-09-15,2019_02_CHI_DEN,CHI,,,
2019,3,2019-09-23,2019_03_CHI_WAS,CHI,,,
2019,4,2019-09-29,2019_04_MIN_CHI,CHI,,,
2019,5,2019-10-06,2019_05_CHI_OAK,CHI,,,
2019,7,2019-10-20,2019_07_NO_CHI,CHI,,,
2019,8,2019-10-27,2019_08_LAC_CHI,CHI,-0.30225393,0.3737277156394803,1.6074675
2019,9,2019-11-03,2019_09_CHI_PHI,CHI,-0.20472841,0.39096139736179847,1.8082252
2019,10,2019-11-10,2019_10_DET_CHI,CHI,-0.45414445,0.37115199380239483,1.7536796
2019,11,2019-11-17,2019_11_CHI_LA,CHI,-0.57492787,0.35020542493915935,1.5934232
2019,12,2019-11-24,2019_12_NYG_CHI,CHI,-0.8735309,0.3496705349925047,1.4239788
2019,13,2019-11-28,2019_13_CHI_DET,CHI,-1.0430151,0.33316990599187574,1.3493867
2019,14,2019-12-05,2019_14_DAL_CHI,CHI,-0.8752031,0.3324990490710188,1.415404
2019,15,2019-12-15,2019_15_CHI_GB,CHI,-0.5587432,0.35222167765059925,1.6035353
2019,16,2019-12-22,2019_16_KC_CHI,CHI,-0.61537755,0.36473139016031175,1.5580808
2019,17,2019-12-29,2019_17_CHI_MIN,CHI,-0.73623276,0.3660512604905987,1.3641706
2020,1,2020-09-13,2020_01_CHI_DET,CHI,,,
2020,2,2020-09-20,2020_02_NYG_CHI,CHI,,,
2020,3,2020-09-27,2020_03_CHI_ATL,CHI,,,
2020,4,2020-10-04,2020_04_IND_CHI,CHI,,,
2020,5,2020-10-08,2020_05_TB_CHI,CHI,,,
2020,6,2020-10-18,2020_06_CHI_CAR,CHI,,,
2020,7,2020-10-26,2020_07_CHI_LA,CHI,-0.3037061,0.36022367933893906,1.8512506
2020,8,2020-11-01,2020_08_NO_CHI,CHI,-0.71729285,0.33811970306829614,1.5318061
2020,9,2020-11-08,2020_09_CHI_TEN,CHI,-0.69887924,0.333678465293725,1.5118631
2020,10,2020-11-16,2020_10_MIN_CHI,CHI,-0.8244235,0.3191148912238484,1.3726691
2020,12,2020-11-29,2020_12_CHI_GB,CHI,-0.90846014,0.33467908292440374,1.4168609
2020,13,2020-12-06,2020_13_DET_CHI,CHI,-0.7908042,0.32793956699371135,1.5767936
2020,14,2020-12-13,2020_14_HOU_CHI,CHI,-0.6573194,0.35014320510644037,1.6828542
2020,15,2020-12-20,2020_15_CHI_MIN,CHI,-0.061989557,0.3799133192515545,2.14245
2020,16,2020-12-27,2020_16_CHI_JAX,CHI,0.23752217,0.4150120168502522,2.3975782
2020,17,2021-01-03,2020_17_GB_CHI,CHI,0.72060126,0.4402646373234609,2.749074
2021,1,2021-09-12,2021_01_CHI_LA,CHI,,,
2021,2,2021-09-19,2021_02_CIN_CHI,CHI,,,
2021,3,2021-09-26,2021_03_CHI_CLE,CHI,,,
2021,4,2021-10-03,2021_04_DET_CHI,CHI,,,
2021,5,2021-10-10,2021_05_CHI_LV,CHI,,,
2021,6,2021-10-17,2021_06_GB_CHI,CHI,,,
2021,7,2021-10-24,2021_07_CHI_TB,CHI,-0.5297221,0.39680927942625804,1.619697
2021,8,2021-10-31,2021_08_SF_CHI,CHI,-0.7814038,0.37102771145719005,1.3664918
2021,9,2021-11-08,2021_09_CHI_PIT,CHI,-0.4115334,0.3851458954617377,1.6127039
2021,11,2021-11-21,2021_11_BAL_CHI,CHI,-0.05621161,0.3926974208162934,1.8967949
2021,12,2021-11-25,2021_12_CHI_DET,CHI,-0.32692358,0.3703976989332381,1.6773504
2021,13,2021-12-05,2021_13_ARI_CHI,CHI,-0.43076733,0.36971259957553815,1.6106838
2021,14,2021-12-12,2021_14_CHI_GB,CHI,-0.5821124,0.35121232244039263,1.6856837
2021,15,2021-12-20,2021_15_MIN_CHI,CHI,-0.2605838,0.3701585827328067,1.9549146
2021,16,2021-12-26,2021_16_CHI_SEA,CHI,-0.5876635,0.3665604552710429,1.632945
2021,17,2022-01-02,2021_17_NYG_CHI,CHI,-0.56513983,0.36862463110972854,1.6367327
2021,18,2022-01-09,2021_18_CHI_MIN,CHI,-0.5663852,0.3637550408234716,1.8311772
2022,1,2022-09-11,2022_01_SF_CHI,CHI,,,
2022,2,2022-09-18,2022_02_CHI_GB,CHI,,,
2022,3,2022-09-25,2022_03_HOU_CHI,CHI,,,
2022,4,2022-10-02,2022_04_CHI_NYG,CHI,,,
2022,5,2022-10-09,2022_05_CHI_MIN,CHI,,,
2022,6,2022-10-13,2022_06_WAS_CHI,CHI,,,
2022,7,2022-10-24,2022_07_CHI_NE,CHI,-0.25974876,0.33844333778361557,1.534175
2022,8,2022-10-30,2022_08_CHI_DAL,CHI,-0.031983335,0.37566936932782896,1.7462963
2022,9,2022-11-06,2022_09_MIA_CHI,CHI,0.087938376,0.3824638880504522,2.0005052
2022,10,2022-11-13,2022_10_DET_CHI,CHI,0.24019577,0.37772055268211685,2.2143939
2022,11,2022-11-20,2022_11_CHI_ATL,CHI,0.2629982,0.3893992266769673,2.5477273
2022,12,2022-11-27,2022_12_CHI_NYJ,CHI,0.2141891,0.384394266359507,2.489394
2022,13,2022-12-04,2022_13_GB_CHI,CHI,0.26048306,0.3674376581528988,2.5393941
2022,15,2022-12-18,2022_15_PHI_CHI,CHI,0.15732425,0.35534371674077553,2.3560607
2022,16,2022-12-24,2022_16_BUF_CHI,CHI,-0.013390657,0.3732993449905215,2.1944444
2022,17,2023-01-01,2022_17_CHI_DET,CHI,-0.41341045,0.36547133966251616,1.8277779
2022,18,2023-01-08,2022_18_MIN_CHI,CHI,-0.6903548,0.34894608477941813,1.4666667
2023,1,2023-09-10,2023_01_GB_CHI,CHI,,,
2023,2,2023-09-17,2023_02_CHI_TB,CHI,,,
2023,3,2023-09-24,2023_03_CHI_KC,CHI,,,
2023,4,2023-10-01,2023_04_DEN_CHI,CHI,,,
2023,5,2023-10-05,2023_05_CHI_WAS,CHI,,,
2023,6,2023-10-15,2023_06_MIN_CHI,CHI,,,
2023,7,2023-10-22,2023_07_LV_CHI,CHI,-0.4721253,0.3732464318666413,1.9671717
2023,8,2023-10-29,2023_08_CHI_LAC,CHI,-0.13677214,0.37368369000610535,2.0893939
2023,9,2023-11-05,2023_09_CHI_NO,CHI,-0.26137865,0.35599096507407557,2.0030303
2023,10,2023-11-09,2023_10_CAR_CHI,CHI,-0.22858958,0.362370401146025,2.0939395
2023,11,2023-11-19,2023_11_CHI_DET,CHI,-0.47290376,0.3499710538603141,1.869697
2023,12,2023-11-27,2023_12_CHI_MIN,CHI,-0.72743267,0.3348336029274086,1.6575757
2023,14,2023-12-10,2023_14_DET_CHI,CHI,-0.7067991,0.32330578388733466,1.690909
2023,15,2023-12-17,2023_15_CHI_CLE,CHI,-0.815602,0.31210388529573024,1.679798
2023,16,2023-12-24,2023_16_ARI_CHI,CHI,-0.8371071,0.3105493008242005,1.5974116
2023,17,2023-12-31,2023_17_ATL_CHI,CHI,-0.43046728,0.33377951436190073,1.7489268
2023,18,2024-01-07,2023_18_CHI_GB,CHI,-0.19012924,0.3320186521989406,1.9808615
2024,1,2024-09-08,2024_01_TEN_CHI,CHI,,,
2024,2,2024-09-15,2024_02_CHI_HOU,CHI,,,
2024,3,2024-09-22,2024_03_CHI_IND,CHI,,,
2024,4,2024-09-29,2024_04_LA_CHI,CHI,,,
2024,5,2024-10-06,2024_05_CAR_CHI,CHI,,,
2024,6,2024-10-13,2024_06_JAX_CHI,CHI,,,
2024,8,2024-10-27,2024_08_CHI_WAS,CHI,0.078265965,0.4039403048141736,2.0260684
2024,9,2024-11-03,2024_09_CHI_ARI,CHI,0.17279053,0.4006985679185906,2.099495
2024,10,2024-11-10,2024_10_NE_CHI,CHI,0.09656724,0.38544407526025176,2.0578282
2024,11,2024-11-17,2024_11_GB_CHI,CHI,-0.08420164,0.3829198981928483,1.8810606
2024,12,2024-11-24,2024_12_MIN_CHI,CHI,0.11621214,0.3871295113310329,1.9334415
2024,13,2024-11-28,2024_13_CHI_DET,CHI,-0.003975893,0.40580897547618333,1.75487
2024,14,2024-12-08,2024_14_CHI_SF,CHI,-0.3424048,0.38788900193120973,1.50487
2024,15,2024-12-16,2024_15_CHI_MIN,CHI,-0.32041234,0.38936627465848245,1.4942641
2024,16,2024-12-22,2024_16_DET_CHI,CHI,-0.31505814,0.4068892188859721,1.5510823
2024,17,2024-12-26,2024_17_SEA_CHI,CHI,0.039926585,0.4366213414211249,1.8204426
2024,18,2025-01-05,2024_18_CHI_GB,CHI,-0.420527,0.42023910923532143,1.4180616
2016,1,2016-09-11,2016_01_CIN_NYJ,CIN,,,
2016,2,2016-09-18,2016_02_CIN_PIT,CIN,,,
2016,3,2016-09-25,2016_03_DEN_CIN,CIN,,,
2016,4,2016-09-29,2016_04_MIA_CIN,CIN,,,
2016,5,2016-10-09,2016_05_CIN_DAL,CIN,,,
2016,6,2016-10-16,2016_06_CIN_NE,CIN,,,
2016,7,2016-10-23,2016_07_CLE_CIN,CIN,0.034789253,0.3490535753280852,1.6643939
2016,8,2016-10-30,2016_08_WAS_CIN,CIN,0.27541384,0.36108029860480834,1.8325758
2016,10,2016-11-14,2016_10_CIN_NYG,CIN,0.4870294,0.39212414673198986,2.0009518
2016,11,2016-11-20,2016_11_BUF_CIN,CIN,0.46681675,0.3930878072544739,1.9997864
2016,12,2016-11-27,2016_12_CIN_BAL,CIN,0.2758614,0.3971804874500953,1.876049
2016,13,2016-12-04,2016_13_PHI_CIN,CIN,0.12373044,0.3717781120477199,1.7662005
2016,14,2016-12-11,2016_14_CIN_CLE,CIN,0.24928921,0.3928074530770609,1.9677156
2016,15,2016-12-18,2016_15_PIT_CIN,CIN,0.04669763,0.4006914209610288,1.8343824
2016,16,2016-12-24,2016_16_CIN_HOU,CIN,-0.018741855,0.39174172867800316,1.8585988
2016,17,2017-01-01,2016_17_BAL_CIN,CIN,-0.10903108,0.4097909248521993,1.7410774
2017,1,2017-09-10,2017_01_BAL_CIN,CIN,,,
2017,2,2017-09-14,2017_02_HOU_CIN,CIN,,,
2017,3,2017-09-24,2017_03_CIN_GB,CIN,,,
2017,4,2017-10-01,2017_04_CIN_CLE,CIN,,,
2017,5,2017-10-08,2017_05_BUF_CIN,CIN,,,
2017,7,2017-10-22,2017_07_CIN_PIT,CIN,,,
2017,8,2017-10-29,2017_08_IND_CIN,CIN,-0.73776466,0.3520267135398714,1.3036131
2017,9,2017-11-05,2017_09_CIN_JAX,CIN,-0.39672747,0.37156735808051594,1.5763403
2017,10,2017-11-12,2017_10_CIN_TEN,CIN,-0.38910735,0.3478782791282791,1.5776224
2017,11,2017-11-19,2017_11_CIN_DEN,CIN,-0.47470012,0.34584674584674585,1.5840327
2017,12,2017-11-26,2017_12_CLE_CIN,CIN,-0.76204973,0.32605758439091775,1.3921133
2017,13,2017-12-04,2017_13_PIT_CIN,CIN,-0.44235095,0.3407142240475574,1.6912588
2017,14,2017-12-10,2017_14_CHI_CIN,CIN,-0.16760667,0.36373574984686097,1.8124709
2017,15,2017-12-17,2017_15_CIN_MIN,CIN,-0.31129986,0.3472756947504423,1.6458043
2017,16,2017-12-24,2017_16_DET_CIN,CIN,-0.5269154,0.3460764310511786,1.6188811
2017,17,2017-12-31,2017_17_CIN_BAL,CIN,-0.42101178,0.33597923657898404,1.7235819
2018,1,2018-09-09,2018_01_CIN_IND,CIN,,,
2018,2,2018-09-13,2018_02_BAL_CIN,CIN,,,
2018,3,2018-09-23,2018_03_CIN_CAR,CIN,,,
2018,4,2018-09-30,2018_04_CIN_ATL,CIN,,,
2018,5,2018-10-07,2018_05_MIA_CIN,CIN,,,
2018,6,2018-10-14,2018_06_PIT_CIN,CIN,,,
2018,7,2018-10-21,2018_07_CIN_KC,CIN,0.5420583,0.4306038419561811,2.4218402
2018,8,2018-10-28,2018_08_TB_CIN,CIN,0.23509978,0.3956191915303542,2.149113
2018,10,2018-11-11,2018_10_NO_CIN,CIN,0.20694448,0.415507146712427,2.0822632
2018,11,2018-11-18,2018_11_CIN_BAL,CIN,0.050061617,0.4182584694637497,1.9974146
2018,12,2018-11-25,2018_12_CLE_CIN,CIN,-0.35197866,0.3876644479340558,1.6304111
2018,13,2018-12-02,2018_13_DEN_CIN,CIN,-0.33714595,0.38161178146472263,1.7554111
2018,14,2018-12-09,2018_14_CIN_LAC,CIN,-0.6508909,0.34761719580347034,1.5443001
2018,15,2018-12-16,2018_15_OAK_CIN,CIN,-0.3858622,0.37457154319899416,1.742785
2018,16,2018-12-23,2018_16_CIN_CLE,CIN,-0.4255348,0.3533617344891855,1.7583528
2018,17,2018-12-30,2018_17_CIN_PIT,CIN,-0.21873897,0.3569155263763107,1.8583527
2019,1,2019-09-08,2019_01_CIN_SEA,CIN,,,
2019,2,2019-09-15,2019_02_SF_CIN,CIN,,,
2019,3,2019-09-22,2019_03_CIN_BUF,CIN,,,
2019,4,2019-09-30,2019_04_CIN_PIT,CIN,,,
2019,5,2019-10-06,2019_05_ARI_CIN,CIN,,,
2019,6,2019-10-13,2019_06_CIN_BAL,CIN,,,
2019,7,2019-10-20,2019_07_JAX_CIN,CIN,-0.49451742,0.35869728035663706,1.4799857
2019,8,2019-10-27,2019_08_CIN_LA,CIN,-0.63577276,0.3628450505758359,1.4045888
2019,10,2019-11-10,2019_10_BAL_CIN,CIN,-0.46748006,0.3683572127056451,1.353663
2019,11,2019-11-17,2019_11_CIN_OAK,CIN,-0.6808217,0.38405096339939576,1.3523809
2019,12,2019-11-24,2019_12_PIT_CIN,CIN,-0.46087202,0.4030155810960709,1.453896
2019,13,2019-12-01,2019_13_NYJ_CIN,CIN,-0.8211222,0.3715147062191276,1.1987679
2019,14,2019-12-08,2019_14_CIN_CLE,CIN,-0.88213724,0.35818080503800426,1.1617309
2019,15,2019-12-15,2019_15_NE_CIN,CIN,-0.74162513,0.36896261776309425,1.2760166
2019,16,2019-12-22,2019_16_CIN_MIA,CIN,-1.014283,0.36399458742741686,1.271387
2019,17,2019-12-29,2019_17_CLE_CIN,CIN,-0.55550516,0.3616587750916045,1.4436092
2020,1,2020-09-13,2020_01_LAC_CIN,CIN,,,
2020,2,2020-09-17,2020_02_CIN_CLE,CIN,,,
2020,3,2020-09-27,2020_03_CIN_PHI,CIN,,,
2020,4,2020-10-04,2020_04_JAX_CIN,CIN,,,
2020,5,2020-10-11,2020_05_CIN_BAL,CIN,,,
2020,6,2020-10-18,2020_06_CIN_IND,CIN,,,
2020,7,2020-10-25,2020_07_CLE_CIN,CIN,-0.0016643684,0.3818480265292134,1.9424243
2020,8,2020-11-01,2020_08_TEN_CIN,CIN,0.5323072,0.41561142748011437,2.3914983
2020,10,2020-11-15,2020_10_CIN_PIT,CIN,0.74692136,0.41692852601943514,2.481776
2020,11,2020-11-22,2020_11_CIN_WAS,CIN,0.5195736,0.40391095496614987,2.345268
2020,12,2020-11-29,2020_12_NYG_CIN,CIN,0.06395834,0.3832629161362928,1.9702681
2020,13,2020-12-06,2020_13_CIN_MIA,CIN,0.38342765,0.40241112903450565,2.1647127
2020,14,2020-12-13,2020_14_DAL_CIN,CIN,0.042861927,0.40089680161108737,1.8722883
2020,15,2020-12-21,2020_15_PIT_CIN,CIN,-0.651212,0.3664772859415717,1.3722883
2020,16,2020-12-27,2020_16_CIN_HOU,CIN,-1.2143588,0.3416724281009995,1.0478836
2020,17,2021-01-03,2020_17_BAL_CIN,CIN,-0.6921554,0.3686621381264239,1.489442
2021,1,2021-09-12,2021_01_MIN_CIN,CIN,,,
2021,2,2021-09-19,2021_02_CIN_CHI,CIN,,,
2021,3,2021-09-26,2021_03_CIN_PIT,CIN,,,
2021,4,2021-09-30,2021_04_JAX_CIN,CIN,,,
2021,5,2021-10-10,2021_05_GB_CIN,CIN,,,
2021,6,2021-10-17,2021_06_CIN_DET,CIN,,,
2021,7,2021-10-24,2021_07_CIN_BAL,CIN,0.14901444,0.3904514394243415,2.1787102
2021,8,2021-10-31,2021_08_CIN_NYJ,CIN,0.3672959,0.4144688749802386,2.3581975
2021,9,2021-11-07,2021_09_CLE_CIN,CIN,0.6715097,0.4158056169419806,2.5311773
2021,11,2021-11-21,2021_11_CIN_LV,CIN,0.3344351,0.4119030765811069,2.420066
2021,12,2021-11-28,2021_12_PIT_CIN,CIN,0.2600386,0.4176110568724205,2.508955
2021,13,2021-12-05,2021_13_LAC_CIN,CIN,0.5491221,0.4412910034690338,2.7572067
2021,14,2021-12-12,2021_14_SF_CIN,CIN,0.035424244,0.42395993666827003,2.4864995
2021,15,2021-12-19,2021_15_CIN_DEN,CIN,-0.15819709,0.4027228404311738,2.280303
2021,16,2021-12-26,2021_16_BAL_CIN,CIN,-0.16962981,0.40793418001751336,2.058081
2021,17,2022-01-02,2021_17_KC_CIN,CIN,0.6123136,0.4363993876493877,2.5951178
2021,18,2022-01-09,2021_18_CIN_CLE,CIN,0.8274253,0.423633650300317,2.691414
2022,1,2022-09-11,2022_01_PIT_CIN,CIN,,,
2022,2,2022-09-18,2022_02_CIN_DAL,CIN,,,
2022,3,2022-09-25,2022_03_CIN_NYJ,CIN,,,
2022,4,2022-09-29,2022_04_MIA_CIN,CIN,,,
2022,5,2022-10-09,2022_05_CIN_BAL,CIN,,,
2022,6,2022-10-16,2022_06_CIN_NO,CIN,,,
2022,7,2022-10-23,2022_07_ATL_CIN,CIN,0.1683606,0.3391037034687829,2.0703704
2022,8,2022-10-31,2022_08_CIN_CLE,CIN,0.74858135,0.37386012136012137,2.4962962
2022,9,2022-11-06,2022_09_CAR_CIN,CIN,0.49404252,0.3857088282088282,2.4296296
2022,11,2022-11-20,2022_11_CIN_PIT,CIN,0.81001776,0.4109982378732379,2.6909933
2022,12,2022-11-27,2022_12_CIN_TEN,CIN,0.90957165,0.4258207995707996,2.790352
2022,13,2022-12-04,2022_13_KC_CIN,CIN,1.0085585,0.42960901238679017,2.7785676
2022,14,2022-12-11,2022_14_CLE_CIN,CIN,1.0419394,0.4445158185435963,2.8410676
2022,15,2022-12-18,2022_15_CIN_TB,CIN,0.7183587,0.4292865005365006,2.5414045
2022,16,2022-12-24,2022_16_CIN_NE,CIN,0.9530923,0.44467234154734153,2.7969599
2022,18,2023-01-08,2022_18_BAL_CIN,CIN,0.5612537,0.42967930988764325,2.466152
2023,1,2023-09-10,2023_01_CIN_CLE,CIN,,,
2023,2,2023-09-17,2023_02_BAL_CIN,CIN,,,
2023,3,2023-09-25,2023_03_LA_CIN,CIN,,,
2023,4,2023-10-01,2023_04_CIN_TEN,CIN,,,
2023,5,2023-10-08,2023_05_CIN_ARI,CIN,,,
2023,6,2023-10-15,2023_06_SEA_CIN,CIN,,,
2023,8,2023-10-29,2023_08_CIN_SF,CIN,-0.64386016,0.35877014403563384,1.3240287
2023,9,2023-11-05,2023_09_BUF_CIN,CIN,-0.019667193,0.42550535327084305,1.8073621
2023,10,2023-11-12,2023_10_HOU_CIN,CIN,0.06457626,0.4199468209353499,1.8768066
2023,11,2023-11-16,2023_11_CIN_BAL,CIN,0.20317478,0.430314160148843,1.9546453
2023,12,2023-11-26,2023_12_PIT_CIN,CIN,0.41440725,0.4105724820738316,2.20212
2023,13,2023-12-04,2023_13_CIN_JAX,CIN,0.30509964,0.3900274322069193,2.0098124
2023,14,2023-12-10,2023_14_IND_CIN,CIN,0.5068552,0.40230096114711505,2.224459
2023,15,2023-12-16,2023_15_MIN_CIN,CIN,0.4224944,0.3790775179236718,2.2229438
2023,16,2023-12-23,2023_16_CIN_PIT,CIN,0.38128874,0.368413336426157,2.1534994
2023,17,2023-12-31,2023_17_CIN_KC,CIN,0.12746085,0.3726429322641444,1.9987373
2023,18,2024-01-07,2023_18_CLE_CIN,CIN,0.10446998,0.3667797758127526,1.9790405
2024,1,2024-09-08,2024_01_NE_CIN,CIN,,,
2024,2,2024-09-15,2024_02_CIN_KC,CIN,,,
2024,3,2024-09-23,2024_03_WAS_CIN,CIN,,,
2024,4,2024-09-29,2024_04_CIN_CAR,CIN,,,
2024,5,2024-10-06,2024_05_BAL_CIN,CIN,,,
2024,6,2024-10-13,2024_06_CIN_NYG,CIN,,,
2024,7,2024-10-20,2024_07_CIN_CLE,CIN,1.0937997,0.4702757318138812,2.696495
2024,8,2024-10-27,2024_08_PHI_CIN,CIN,1.0531588,0.4633119614572537,2.7381618
2024,9,2024-11-03,2024_09_LV_CIN,CIN,0.95714784,0.44873686874619606,2.6363099
2024,10,2024-11-07,2024_10_CIN_BAL,CIN,0.5407015,0.4217273372723789,2.3762367
2024,11,2024-11-17,2024_11_CIN_LAC,CIN,0.5069298,0.43711487061445764,2.3247216
2024,13,2024-12-01,2024_13_PIT_CIN,CIN,0.29540905,0.42176962558171266,2.209337
2024,14,2024-12-09,2024_14_CIN_DAL,CIN,0.38981763,0.454939107614831,2.4366097
2024,15,2024-12-15,2024_15_CIN_TEN,CIN,0.630421,0.46849323296867623,2.5616097
2024,16,2024-12-22,2024_16_CLE_CIN,CIN,0.8103284,0.4869033576068711,2.7634614
2024,17,2024-12-28,2024_17_DEN_CIN,CIN,0.7125323,0.49478991549342893,2.6014569
2024,18,2025-01-04,2024_18_CIN_PIT,CIN,0.65848833,0.4946729449219129,2.5408509
2016,1,2016-09-11,2016_01_CLE_PHI,CLE,,,
2016,2,2016-09-18,2016_02_BAL_CLE,CLE,,,
2016,3,2016-09-25,2016_03_CLE_MIA,CLE,,,
2016,4,2016-10-02,2016_04_CLE_WAS,CLE,,,
2016,5,2016-10-09,2016_05_NE_CLE,CLE,,,
2016,6,2016-10-16,2016_06_CLE_TEN,CLE,,,
2016,7,2016-10-23,2016_07_CLE_CIN,CLE,-0.40005794,0.34833973896473897,1.5066323
2016,8,2016-10-30,2016_08_NYJ_CLE,CLE,-0.08803136,0.3677857096607096,1.6617604
2016,9,2016-11-06,2016_09_DAL_CLE,CLE,0.04791833,0.367568257359924,1.747619
2016,10,2016-11-10,2016_10_CLE_BAL,CLE,-0.02279423,0.3505561028477695,1.7416667
2016,11,2016-11-20,2016_11_PIT_CLE,CLE,-0.34491718,0.31327255306421975,1.5143939
2016,12,2016-11-27,2016_12_NYG_CLE,CLE,-0.4175608,0.3103377274731441,1.5352273
2016,14,2016-12-11,2016_14_CIN_CLE,CLE,-0.71866196,0.3157510872615039,1.3185606
2016,15,2016-12-18,2016_15_CLE_BUF,CLE,-1.0069561,0.29812783088824757,1.2018939
2016,16,2016-12-24,2016_16_SD_CLE,CLE,-1.177713,0.2994900643338143,1.0296717
2016,17,2017-01-01,2016_17_CLE_PIT,CLE,-0.9957257,0.2910549808987309,1.0991162
2017,1,2017-09-10,2017_01_PIT_CLE,CLE,,,
2017,2,2017-09-17,2017_02_CLE_BAL,CLE,,,
2017,3,2017-09-24,2017_03_CLE_IND,CLE,,,
2017,4,2017-10-01,2017_04_CIN_CLE,CLE,,,
2017,5,2017-10-08,2017_05_NYJ_CLE,CLE,,,
2017,6,2017-10-15,2017_06_CLE_HOU,CLE,,,
2017,7,2017-10-22,2017_07_TEN_CLE,CLE,-0.9930456,0.3568167520402785,1.204612
2017,8,2017-10-29,2017_08_MIN_CLE,CLE,-1.0919616,0.3376729328964594,1.0472695
2017,10,2017-11-12,2017_10_CLE_DET,CLE,-1.0218405,0.34617575486081975,1.1241925
2017,11,2017-11-19,2017_11_JAX_CLE,CLE,-1.145593,0.3438620302256666,1.1241925
2017,12,2017-11-26,2017_12_CLE_CIN,CLE,-1.2178638,0.3292891367891368,1.0959097
2017,13,2017-12-03,2017_13_CLE_LAC,CLE,-1.0988983,0.3160874465041132,1.1588726
2017,14,2017-12-10,2017_14_GB_CLE,CLE,-0.8970557,0.31642666168707834,1.2362536
2017,15,2017-12-17,2017_15_BAL_CLE,CLE,-0.60029596,0.3292574420178587,1.4390508
2017,16,2017-12-24,2017_16_CLE_CHI,CLE,-0.7732723,0.3256978842916343,1.3728114
2017,17,2017-12-31,2017_17_CLE_PIT,CLE,-0.93967986,0.33295648217523216,1.0811448
2018,1,2018-09-09,2018_01_PIT_CLE,CLE,,,
2018,2,2018-09-16,2018_02_CLE_NO,CLE,,,
2018,3,2018-09-20,2018_03_NYJ_CLE,CLE,,,
2018,4,2018-09-30,2018_04_CLE_OAK,CLE,,,
2018,5,2018-10-07,2018_05_BAL_CLE,CLE,,,
2018,6,2018-10-14,2018_06_LAC_CLE,CLE,,,
2018,7,2018-10-21,2018_07_CLE_TB,CLE,-0.9295838,0.325343785061127,1.3654522
2018,8,2018-10-28,2018_08_CLE_PIT,CLE,-0.8385598,0.33664587235005633,1.4312415
2018,9,2018-11-04,2018_09_KC_CLE,CLE,-0.8538627,0.3210108515067022,1.4120108
2018,10,2018-11-11,2018_10_ATL_CLE,CLE,-0.694331,0.3498186199736677,1.5508996
2018,12,2018-11-25,2018_12_CLE_CIN,CLE,-0.41644478,0.37547520894743114,1.6491452
2018,13,2018-12-02,2018_13_CLE_HOU,CLE,-0.03726628,0.39221712023479705,2.046115
2018,14,2018-12-09,2018_14_CAR_CLE,CLE,0.105594814,0.40416375945416344,2.0635974
2018,15,2018-12-15,2018_15_CLE_DEN,CLE,0.22237389,0.3945227060631101,2.207537
2018,16,2018-12-23,2018_16_CIN_CLE,CLE,0.35137674,0.4227990593394633,2.2343433
2018,17,2018-12-30,2018_17_CLE_BAL,CLE,0.49021968,0.4291082080097232,2.326936
2019,1,2019-09-08,2019_01_TEN_CLE,CLE,,,
2019,2,2019-09-16,2019_02_CLE_NYJ,CLE,,,
2019,3,2019-09-22,2019_03_LA_CLE,CLE,,,
2019,4,2019-09-29,2019_04_CLE_BAL,CLE,,,
2019,5,2019-10-07,2019_05_CLE_SF,CLE,,,
2019,6,2019-10-13,2019_06_SEA_CLE,CLE,,,
2019,8,2019-10-27,2019_08_CLE_NE,CLE,-0.5547229,0.34457454310395486,1.6572871
2019,9,2019-11-03,2019_09_CLE_DEN,CLE,-0.47330308,0.3430950752783332,1.6691918
2019,10,2019-11-10,2019_10_BUF_CLE,CLE,-0.49949658,0.3385597649096895,1.6664141
2019,11,2019-11-14,2019_11_PIT_CLE,CLE,-0.25271484,0.33457709057273705,1.7573233
2019,12,2019-11-24,2019_12_MIA_CLE,CLE,-0.72306395,0.33339769625608784,1.435101
2019,13,2019-12-01,2019_13_CLE_PIT,CLE,-0.09768972,0.3841128060621068,2.0146465
2019,14,2019-12-08,2019_14_CIN_CLE,CLE,-0.17636496,0.3679937014013354,1.8424243
2019,15,2019-12-15,2019_15_CLE_ARI,CLE,0.13146599,0.3876676136714015,2.0257576
2019,16,2019-12-22,2019_16_BAL_CLE,CLE,0.15313289,0.3864681187219066,2.109091
2019,17,2019-12-29,2019_17_CLE_CIN,CLE,0.08028718,0.3839515570007994,2.071212
2020,1,2020-09-13,2020_01_CLE_BAL,CLE,,,
2020,2,2020-09-17,2020_02_CIN_CLE,CLE,,,
2020,3,2020-09-27,2020_03_WAS_CLE,CLE,,,
2020,4,2020-10-04,2020_04_CLE_DAL,CLE,,,
2020,5,2020-10-11,2020_05_IND_CLE,CLE,,,
2020,6,2020-10-18,2020_06_CLE_PIT,CLE,,,
2020,7,2020-10-25,2020_07_CLE_CIN,CLE,0.058650393,0.424883902433779,2.3148212
2020,8,2020-11-01,2020_08_LV_CLE,CLE,0.80968684,0.45439775745268457,2.9090974
2020,10,2020-11-15,2020_10_HOU_CLE,CLE,0.37895456,0.43356828463791763,2.4924307
2020,11,2020-11-22,2020_11_PHI_CLE,CLE,0.22898681,0.4260845935604765,2.1856124
2020,12,2020-11-29,2020_12_CLE_JAX,CLE,-0.23341972,0.3944970800361498,1.724074
2020,13,2020-12-06,2020_13_CLE_TEN,CLE,-0.06424343,0.3847634670018832,1.8240741
2020,14,2020-12-14,2020_14_BAL_CLE,CLE,0.64492446,0.41038452803961095,2.2962964
2020,15,2020-12-20,2020_15_CLE_NYG,CLE,0.46297467,0.39370371127709475,2.1944444
2020,16,2020-12-27,2020_16_CLE_NYJ,CLE,0.8745205,0.41094833639987116,2.5039682
2020,17,2021-01-03,2020_17_PIT_CLE,CLE,0.78930855,0.409664406209691,2.5007632
2021,1,2021-09-12,2021_01_CLE_KC,CLE,,,
2021,2,2021-09-19,2021_02_HOU_CLE,CLE,,,
2021,3,2021-09-26,2021_03_CHI_CLE,CLE,,,
2021,4,2021-10-03,2021_04_CLE_MIN,CLE,,,
2021,5,2021-10-10,2021_05_CLE_LAC,CLE,,,
2021,6,2021-10-17,2021_06_ARI_CLE,CLE,,,
2021,7,2021-10-21,2021_07_DEN_CLE,CLE,0.33948675,0.40099238027483075,2.476431
2021,8,2021-10-31,2021_08_PIT_CLE,CLE,0.23168488,0.4096169026146308,2.2935605
2021,9,2021-11-07,2021_09_CLE_CIN,CLE,-0.071077995,0.3963700825622552,1.9435606
2021,10,2021-11-14,2021_10_CLE_NE,CLE,0.019463668,0.3944578218431763,2.0357323
2021,11,2021-11-21,2021_11_DET_CLE,CLE,-0.0401047,0.4060652696825082,1.9532408
2021,12,2021-11-28,2021_12_CLE_BAL,CLE,-0.42343843,0.3844042146881199,1.566877
2021,14,2021-12-12,2021_14_BAL_CLE,CLE,-0.33449832,0.3830994006749726,1.4724326
2021,15,2021-12-20,2021_15_LV_CLE,CLE,-0.570044,0.35063285102092295,1.3325517
2021,16,2021-12-25,2021_16_CLE_GB,CLE,-0.5662833,0.3263438966625241,1.3780063
2021,17,2022-01-03,2021_17_CLE_PIT,CLE,-0.5818244,0.32602206571569314,1.2585617
2021,18,2022-01-09,2021_18_CIN_CLE,CLE,-0.6530811,0.30268258747425414,1.3084193
2022,1,2022-09-11,2022_01_CLE_CAR,CLE,,,
2022,2,2022-09-18,2022_02_NYJ_CLE,CLE,,,
2022,3,2022-09-22,2022_03_PIT_CLE,CLE,,,
2022,4,2022-10-02,2022_04_CLE_ATL,CLE,,,
2022,5,2022-10-09,2022_05_LAC_CLE,CLE,,,
2022,6,2022-10-16,2022_06_NE_CLE,CLE,,,
2022,7,2022-10-23,2022_07_CLE_BAL,CLE,0.38636553,0.3810245178945339,2.205303
2022,8,2022-10-31,2022_08_CIN_CLE,CLE,0.2845936,0.36879568612024755,2.144697
2022,10,2022-11-13,2022_10_CLE_MIA,CLE,0.15770106,0.3900258448504063,2.175
2022,11,2022-11-20,2022_11_CLE_BUF,CLE,0.043830153,0.39223789206245346,2.14133
2022,12,2022-11-27,2022_12_TB_CLE,CLE,0.07401533,0.3973340576370879,2.1564815
2022,13,2022-12-04,2022_13_CLE_HOU,CLE,-0.09786276,0.38121184651487683,1.9846865
2022,14,2022-12-11,2022_14_CLE_CIN,CLE,0.007988445,0.40833772025533394,1.8701032
2022,15,2022-12-17,2022_15_BAL_CLE,CLE,-0.15607373,0.4115482134658271,1.688285
2022,16,2022-12-24,2022_16_NO_CLE,CLE,-0.39035717,0.40383755992184023,1.4441773
2022,17,2023-01-01,2022_17_CLE_WAS,CLE,-0.62489206,0.3900288929552785,1.2960292
2022,18,2023-01-08,2022_18_CLE_PIT,CLE,-0.52248806,0.37689736118738315,1.3475443
2023,1,2023-09-10,2023_01_CIN_CLE,CLE,,,
2023,2,2023-09-18,2023_02_CLE_PIT,CLE,,,
2023,3,2023-09-24,2023_03_TEN_CLE,CLE,,,
2023,4,2023-10-01,2023_04_BAL_CLE,CLE,,,
2023,6,2023-10-15,2023_06_SF_CLE,CLE,,,
2023,7,2023-10-22,2023_07_CLE_IND,CLE,,,
2023,8,2023-10-29,2023_08_CLE_SEA,CLE,-0.74929947,0.3523549729397068,1.6357394
2023,9,2023-11-05,2023_09_ARI_CLE,CLE,-0.67855984,0.3520649906556769,1.6278028
2023,10,2023-11-12,2023_10_CLE_BAL,CLE,-0.49192187,0.3521959862033391,1.7047871
2023,11,2023-11-19,2023_11_PIT_CLE,CLE,-0.63050586,0.3345018397213138,1.6138779
2023,12,2023-11-26,2023_12_CLE_DEN,CLE,-0.4282407,0.3405468749330158,1.7559719
2023,13,2023-12-03,2023_13_CLE_LA,CLE,-0.47961548,0.3322816447927856,1.6790489
2023,14,2023-12-10,2023_14_JAX_CLE,CLE,-0.5488172,0.31642640118018905,1.6194085
2023,15,2023-12-17,2023_15_CHI_CLE,CLE,-0.6102571,0.31253582235088473,1.6455522
2023,16,2023-12-24,2023_16_CLE_HOU,CLE,-0.767459,0.30687504794011033,1.520202
2023,17,2023-12-28,2023_17_NYJ_CLE,CLE,-0.75457877,0.3074633064829143,1.5396825
2023,18,2024-01-07,2023_18_CLE_CIN,CLE,-0.6296876,0.33329981565275685,1.7565628
2024,1,2024-09-08,2024_01_DAL_CLE,CLE,,,
2024,2,2024-09-15,2024_02_CLE_JAX,CLE,,,
2024,3,2024-09-22,2024_03_NYG_CLE,CLE,,,
2024,4,2024-09-29,2024_04_CLE_LV,CLE,,,
2024,5,2024-10-06,2024_05_CLE_WAS,CLE,,,
2024,6,2024-10-13,2024_06_CLE_PHI,CLE,,,
2024,7,2024-10-20,2024_07_CIN_CLE,CLE,-0.89863616,0.3608578083010676,1.1957673
2024,8,2024-10-27,2024_08_BAL_CLE,CLE,-0.83220243,0.3713453366457389,1.1600529
2024,9,2024-11-03,2024_09_LAC_CLE,CLE,-0.77026606,0.37513018953189886,1.2665344
2024,11,2024-11-17,2024_11_CLE_NO,CLE,-0.852421,0.36764973620060526,1.216168
2024,12,2024-11-21,2024_12_PIT_CLE,CLE,-0.81476504,0.3775204336849391,1.2616227
2024,13,2024-12-02,2024_13_CLE_DEN,CLE,-0.6626911,0.3777922238605755,1.494956
2024,14,2024-12-08,2024_14_CLE_PIT,CLE,-0.5886614,0.38519032986979257,1.6653265
2024,15,2024-12-15,2024_15_KC_CLE,CLE,-0.6016633,0.3902176025309938,1.6931041
2024,16,2024-12-22,2024_16_CLE_CIN,CLE,-1.04276,0.3883571613848384,1.3736597
2024,17,2024-12-29,2024_17_MIA_CLE,CLE,-0.99517155,0.3735401700972589,1.3454546
2024,18,2025-01-04,2024_18_CLE_BAL,CLE,-1.262535,0.36503504875791287,1.1750001
2016,1,2016-09-11,2016_01_NYG_DAL,DAL,,,
2016,2,2016-09-18,2016_02_DAL_WAS,DAL,,,
2016,3,2016-09-25,2016_03_CHI_DAL,DAL,,,
2016,4,2016-10-02,2016_04_DAL_SF,DAL,,,
2016,5,2016-10-09,2016_05_CIN_DAL,DAL,,,
2016,6,2016-10-16,2016_06_DAL_GB,DAL,,,
2016,8,2016-10-30,2016_08_PHI_DAL,DAL,0.9553583,0.4165950318442148,2.6563973
2016,9,2016-11-06,2016_09_DAL_CLE,DAL,0.9604478,0.4114773988278262,2.7115257
2016,10,2016-11-13,2016_10_DAL_PIT,DAL,1.2058805,0.4325373573877847,2.9096737
2016,11,2016-11-20,2016_11_BAL_DAL,DAL,1.3259734,0.44093923328966067,2.92331
2016,12,2016-11-24,2016_12_WAS_DAL,DAL,1.4360224,0.4376451816622757,3.02331
2016,13,2016-12-01,2016_13_DAL_MIN,DAL,1.5161189,0.43656606530538156,3.0788658
2016,14,2016-12-11,2016_14_DAL_NYG,DAL,1.2682515,0.42873963247894875,2.842269
2016,15,2016-12-18,2016_15_TB_DAL,DAL,0.9114738,0.41424076951854727,2.5482519
2016,16,2016-12-26,2016_16_DET_DAL,DAL,0.43461433,0.393599258252036,2.2612147
2016,17,2017-01-01,2016_17_DAL_PHI,DAL,0.4809538,0.3918500815028592,2.3672752
2017,1,2017-09-10,2017_01_NYG_DAL,DAL,,,
2017,2,2017-09-17,2017_02_DAL_DEN,DAL,,,
2017,3,2017-09-25,2017_03_DAL_ARI,DAL,,,
2017,4,2017-10-01,2017_04_LA_DAL,DAL,,,
2017,5,2017-10-08,2017_05_GB_DAL,DAL,,,
2017,7,2017-10-22,2017_07_DAL_SF,DAL,,,
2017,8,2017-10-29,2017_08_DAL_WAS,DAL,0.67945665,0.40640951586858015,2.5309117
2017,9,2017-11-05,2017_09_KC_DAL,DAL,0.5581365,0.40217537552332877,2.5540597
2017,10,2017-11-12,2017_10_DAL_ATL,DAL,1.0871825,0.4112547221026753,2.8546295
2017,11,2017-11-19,2017_11_PHI_DAL,DAL,0.71065336,0.4083612267091799,2.5824072
2017,12,2017-11-23,2017_12_LAC_DAL,DAL,0.22683538,0.40649567510678614,2.197792
2017,13,2017-11-30,2017_13_WAS_DAL,DAL,-0.27439547,0.42668132793132796,1.8061253
2017,14,2017-12-10,2017_14_DAL_NYG,DAL,-0.50255996,0.41176137134470475,1.6950144
2017,15,2017-12-17,2017_15_DAL_OAK,DAL,-0.32731155,0.4016144966144966,1.7046295
2017,16,2017-12-24,2017_16_SEA_DAL,DAL,-0.47747827,0.3918855938300383,1.5564815
2017,17,2017-12-31,2017_17_DAL_PHI,DAL,-0.43928006,0.40090856580755574,1.621633
2018,1,2018-09-09,2018_01_DAL_CAR,DAL,,,
2018,2,2018-09-16,2018_02_NYG_DAL,DAL,,,
2018,3,2018-09-23,2018_03_DAL_SEA,DAL,,,
2018,4,2018-09-30,2018_04_DET_DAL,DAL,,,
2018,5,2018-10-07,2018_05_DAL_HOU,DAL,,,
2018,6,2018-10-14,2018_06_JAX_DAL,DAL,,,
2018,7,2018-10-21,2018_07_DAL_WAS,DAL,-0.047739316,0.35041353897348043,1.8974682
2018,9,2018-11-05,2018_09_TEN_DAL,DAL,0.04833294,0.3638889524488939,2.0338318
2018,10,2018-11-11,2018_10_DAL_PHI,DAL,-0.20051742,0.3782187584453666,1.9900608
2018,11,2018-11-18,2018_11_DAL_ATL,DAL,0.037505466,0.3638647020079768,2.2595053
2018,12,2018-11-22,2018_12_WAS_DAL,DAL,-0.103395276,0.3529972938774968,2.1854312
2018,13,2018-11-29,2018_13_NO_DAL,DAL,0.09377142,0.36546445634465924,2.377739
2018,14,2018-12-09,2018_14_PHI_DAL,DAL,-0.26718155,0.3660839635431139,2.012419
2018,15,2018-12-16,2018_15_DAL_IND,DAL,-0.1131183,0.37848708748469934,2.1266382
2018,16,2018-12-23,2018_16_TB_DAL,DAL,-0.29391518,0.3859046925738731,1.8673788
2018,17,2018-12-30,2018_17_DAL_NYG,DAL,-0.4745259,0.40352623769541823,1.7355608
2019,1,2019-09-08,2019_01_NYG_DAL,DAL,,,
2019,2,2019-09-15,2019_02_DAL_WAS,DAL,,,
2019,3,2019-09-22,2019_03_MIA_DAL,DAL,,,
2019,4,2019-09-29,2019_04_DAL_NO,DAL,,,
2019,5,2019-10-06,2019_05_GB_DAL,DAL,,,
2019,6,2019-10-13,2019_06_DAL_NYJ,DAL,,,
2019,7,2019-10-20,2019_07_PHI_DAL,DAL,0.64936835,0.41988960627849514,2.4475071
2019,9,2019-11-04,2019_09_DAL_NYG,DAL,0.45055842,0.4412622396364226,2.42478
2019,10,2019-11-10,2019_10_MIN_DAL,DAL,0.18164854,0.4415948930940761,2.2812612
2019,11,2019-11-17,2019_11_DAL_DET,DAL,0.24806254,0.4382873467309742,2.2951503
2019,12,2019-11-24,2019_12_DAL_NE,DAL,0.6982979,0.4606658847660779,2.640268
2019,13,2019-11-28,2019_13_BUF_DAL,DAL,0.47665516,0.44696862523548503,2.4575758
2019,14,2019-12-05,2019_14_DAL_CHI,DAL,0.20589225,0.4484203679372278,2.340909
2019,15,2019-12-15,2019_15_LA_DAL,DAL,0.063386984,0.41344240634677903,2.1136363
2019,16,2019-12-22,2019_16_DAL_PHI,DAL,0.42292115,0.4178557421939384,2.3497474
2019,17,2019-12-29,2019_17_WAS_DAL,DAL,0.07320386,0.41131535030001115,2.0416667
2020,1,2020-09-13,2020_01_DAL_LA,DAL,,,
2020,2,2020-09-20,2020_02_ATL_DAL,DAL,,,
2020,3,2020-09-27,2020_03_DAL_SEA,DAL,,,
2020,4,2020-10-04,2020_04_CLE_DAL,DAL,,,
2020,5,2020-10-11,2020_05_NYG_DAL,DAL,,,
2020,6,2020-10-19,2020_06_ARI_DAL,DAL,,,
2020,7,2020-10-25,2020_07_DAL_WAS,DAL,-0.06139226,0.40119616404223896,2.2775614
2020,8,2020-11-01,2020_08_DAL_PHI,DAL,-0.18510573,0.3978292274808579,2.0497835
2020,9,2020-11-08,2020_09_PIT_DAL,DAL,-0.5987403,0.3899184874272607,1.6985931
2020,11,2020-11-22,2020_11_DAL_MIN,DAL,-0.77030224,0.39716952099408376,1.6174244
2020,12,2020-11-26,2020_12_WAS_DAL,DAL,-0.84195024,0.39145717778174055,1.5593435
2020,13,2020-12-08,2020_13_DAL_BAL,DAL,-1.2892494,0.3628373647367938,1.3320707
2020,14,2020-12-13,2020_14_DAL_CIN,DAL,-1.1175905,0.3860989636999738,1.463889
2020,15,2020-12-20,2020_15_SF_DAL,DAL,-0.663673,0.39932333313349355,1.8527778
2020,16,2020-12-27,2020_16_PHI_DAL,DAL,-0.16362585,0.4081801839546301,2.1833334
2020,17,2021-01-03,2020_17_DAL_NYG,DAL,0.10347607,0.41399047053414745,2.3698137
2021,1,2021-09-09,2021_01_DAL_TB,DAL,,,
2021,2,2021-09-19,2021_02_DAL_LAC,DAL,,,
2021,3,2021-09-27,2021_03_PHI_DAL,DAL,,,
2021,4,2021-10-03,2021_04_CAR_DAL,DAL,,,
2021,5,2021-10-10,2021_05_NYG_DAL,DAL,,,
2021,6,2021-10-17,2021_06_DAL_NE,DAL,,,
2021,8,2021-10-31,2021_08_DAL_MIN,DAL,0.7870746,0.4692797546192313,2.729118
2021,9,2021-11-07,2021_09_DEN_DAL,DAL,0.6465251,0.4554042782437549,2.6603534
2021,10,2021-11-14,2021_10_ATL_DAL,DAL,0.32787177,0.4236645596290363,2.5103536
2021,11,2021-11-21,2021_11_DAL_KC,DAL,0.4330528,0.4102334801265282,2.6075757
2021,12,2021-11-25,2021_12_LV_DAL,DAL,0.05706681,0.38753636102789396,2.1871212
2021,13,2021-12-02,2021_13_DAL_NO,DAL,-0.13182086,0.3624253188713973,1.9780303
2021,14,2021-12-12,2021_14_DAL_WAS,DAL,-0.3261619,0.3457060840394173,1.8085858
2021,15,2021-12-19,2021_15_DAL_NYG,DAL,-0.44775963,0.3467209025542359,1.7388889
2021,16,2021-12-26,2021_16_WAS_DAL,DAL,-0.26146224,0.35705623641229706,1.790404
2021,17,2022-01-02,2021_17_ARI_DAL,DAL,-0.083619334,0.38286591462582137,1.8406177
2021,18,2022-01-08,2021_18_DAL_PHI,DAL,0.12269194,0.39477468486792494,2.1230252
2022,1,2022-09-11,2022_01_TB_DAL,DAL,,,
2022,2,2022-09-18,2022_02_CIN_DAL,DAL,,,
2022,3,2022-09-26,2022_03_DAL_NYG,DAL,,,
2022,4,2022-10-02,2022_04_WAS_DAL,DAL,,,
2022,5,2022-10-09,2022_05_DAL_LA,DAL,,,
2022,6,2022-10-16,2022_06_DAL_PHI,DAL,,,
2022,7,2022-10-23,2022_07_DET_DAL,DAL,-0.50793856,0.32108538059495,1.5362471
2022,8,2022-10-30,2022_08_CHI_DAL,DAL,-0.14840347,0.34790115741072675,1.8544289
2022,10,2022-11-13,2022_10_DAL_GB,DAL,0.18892534,0.36867196068153,2.1726108
2022,11,2022-11-20,2022_11_DAL_MIN,DAL,0.15117061,0.36444537918222125,2.1831002
2022,12,2022-11-24,2022_12_NYG_DAL,DAL,0.5697865,0.3961831443410391,2.5292542
2022,13,2022-12-04,2022_13_IND_DAL,DAL,0.8080228,0.42077027991501675,2.7907925
2022,14,2022-12-11,2022_14_HOU_DAL,DAL,1.091692,0.43590241573541166,3.1228437
2022,15,2022-12-18,2022_15_DAL_JAX,DAL,1.1072458,0.4222860937857564,3.1342075
2022,16,2022-12-24,2022_16_PHI_DAL,DAL,0.8273981,0.41886806120105713,2.9549143
2022,17,2022-12-29,2022_17_DAL_TEN,DAL,0.8887348,0.4190419035623995,3.1514957
2022,18,2023-01-08,2022_18_DAL_WAS,DAL,0.6323434,0.4014411709616669,2.89392
2023,1,2023-09-10,2023_01_DAL_NYG,DAL,,,
2023,2,2023-09-17,2023_02_NYJ_DAL,DAL,,,
2023,3,2023-09-24,2023_03_DAL_ARI,DAL,,,
2023,4,2023-10-01,2023_04_NE_DAL,DAL,,,
2023,5,2023-10-08,2023_05_DAL_SF,DAL,,,
2023,6,2023-10-16,2023_06_DAL_LAC,DAL,,,
2023,8,2023-10-29,2023_08_LA_DAL,DAL,0.07759543,0.38145553940849947,1.996892
2023,9,2023-11-05,2023_09_DAL_PHI,DAL,0.17689069,0.39151723697019697,2.0587606
2023,10,2023-11-12,2023_10_NYG_DAL,DAL,0.3253523,0.4034913460582766,2.0254273
2023,11,2023-11-19,2023_11_DAL_CAR,DAL,0.5159885,0.4087888399587118,2.3202991
2023,12,2023-11-23,2023_12_WAS_DAL,DAL,0.6785473,0.38482208140861984,2.409188
2023,13,2023-11-30,2023_13_SEA_DAL,DAL,1.3316277,0.42754608817108813,2.9309828
2023,14,2023-12-10,2023_14_PHI_DAL,DAL,1.6336375,0.4399674983885509,3.2188618
2023,15,2023-12-17,2023_15_DAL_BUF,DAL,1.6324826,0.4296950154853491,3.3438618
2023,16,2023-12-24,2023_16_DAL_MIA,DAL,1.3119266,0.4196272244800581,3.1688616
2023,17,2023-12-30,2023_17_DET_DAL,DAL,1.1996776,0.40391328967427603,2.911027
2023,18,2024-01-07,2023_18_DAL_WAS,DAL,0.91681594,0.4114889547499411,2.7388048
2024,1,2024-09-08,2024_01_DAL_CLE,DAL,,,
2024,2,2024-09-15,2024_02_NO_DAL,DAL,,,
2024,3,2024-09-22,2024_03_BAL_DAL,DAL,,,
2024,4,2024-09-26,2024_04_DAL_NYG,DAL,,,
2024,5,2024-10-06,2024_05_DAL_PIT,DAL,,,
2024,6,2024-10-13,2024_06_DET_DAL,DAL,,,
2024,8,2024-10-27,2024_08_DAL_SF,DAL,-0.09279651,0.41940361200960613,1.872559
2024,9,2024-11-03,2024_09_DAL_ATL,DAL,-0.029298276,0.423645404168065,1.9058923
2024,10,2024-11-10,2024_10_PHI_DAL,DAL,0.022955462,0.4220504019480627,1.9074074
2024,11,2024-11-18,2024_11_HOU_DAL,DAL,-0.53742576,0.4159051583028191,1.6055427
2024,12,2024-11-24,2024_12_DAL_WAS,DAL,-0.99101853,0.4037853658010822,1.3740611
2024,13,2024-11-28,2024_13_NYG_DAL,DAL,-1.129177,0.4038247670539337,1.3814684
2024,14,2024-12-09,2024_14_CIN_DAL,DAL,-0.8498613,0.4061583131374798,1.5367717
2024,15,2024-12-15,2024_15_DAL_CAR,DAL,-0.8421309,0.41761281542531536,1.5367717
2024,16,2024-12-22,2024_16_TB_DAL,DAL,-0.5418264,0.4435923493593948,1.6731352
2024,17,2024-12-29,2024_17_DAL_PHI,DAL,-0.013511184,0.4451410321580776,1.9573232
2024,18,2025-01-05,2024_18_WAS_DAL,DAL,-0.03682566,0.44289100209554744,1.935101
2016,1,2016-09-08,2016_01_CAR_DEN,DEN,,,
2016,2,2016-09-18,2016_02_IND_DEN,DEN,,,
2016,3,2016-09-25,2016_03_DEN_CIN,DEN,,,
2016,4,2016-10-02,2016_04_DEN_TB,DEN,,,
2016,5,2016-10-09,2016_05_ATL_DEN,DEN,,,
2016,6,2016-10-13,2016_06_DEN_SD,DEN,,,
2016,7,2016-10-24,2016_07_HOU_DEN,DEN,0.03984719,0.38134863326778606,1.797633
2016,8,2016-10-30,2016_08_SD_DEN,DEN,0.015575801,0.37673430819891557,1.8256049
2016,9,2016-11-06,2016_09_DEN_OAK,DEN,-0.2417056,0.33536670917088873,1.725605
2016,10,2016-11-13,2016_10_DEN_NO,DEN,-0.47178638,0.32843308289386725,1.600605
2016,12,2016-11-27,2016_12_KC_DEN,DEN,-0.581287,0.3245889332163842,1.5738956
2016,13,2016-12-04,2016_13_DEN_JAX,DEN,-0.41961923,0.3208119562251215,1.6314713
2016,14,2016-12-11,2016_14_DEN_TEN,DEN,-0.40366888,0.3309153713285366,1.632265
2016,15,2016-12-18,2016_15_NE_DEN,DEN,-0.58146805,0.3406222889899997,1.4376262
2016,16,2016-12-25,2016_16_DEN_KC,DEN,-0.6255352,0.34686197931057233,1.2459596
2016,17,2017-01-01,2016_17_OAK_DEN,DEN,-0.7966985,0.35926701254893895,1.0963869
2017,1,2017-09-11,2017_01_LAC_DEN,DEN,,,
2017,2,2017-09-17,2017_02_DAL_DEN,DEN,,,
2017,3,2017-09-24,2017_03_DEN_BUF,DEN,,,
2017,4,2017-10-01,2017_04_OAK_DEN,DEN,,,
2017,6,2017-10-15,2017_06_NYG_DEN,DEN,,,
2017,7,2017-10-22,2017_07_DEN_LAC,DEN,,,
2017,8,2017-10-30,2017_08_DEN_KC,DEN,-0.85666317,0.3369443867245923,1.3675214
2017,9,2017-11-05,2017_09_DEN_PHI,DEN,-0.9937344,0.33991240085332075,1.2603785
2017,10,2017-11-12,2017_10_NE_DEN,DEN,-1.2026823,0.32669392615592246,1.0167888
2017,11,2017-11-19,2017_11_CIN_DEN,DEN,-1.1190846,0.32142751047284013,1.0612332
2017,12,2017-11-26,2017_12_DEN_OAK,DEN,-1.2307459,0.3265674515502812,1.0751221
2017,13,2017-12-03,2017_13_DEN_MIA,DEN,-1.098298,0.3201415679609361,1.1413614
2017,14,2017-12-10,2017_14_NYJ_DEN,DEN,-1.1060513,0.3126087957222815,1.1707731
2017,15,2017-12-14,2017_15_DEN_IND,DEN,-0.98321867,0.3029663988775037,1.2640271
2017,16,2017-12-24,2017_16_DEN_WAS,DEN,-0.6321191,0.3062819302913257,1.5090413
2017,17,2017-12-31,2017_17_KC_DEN,DEN,-0.82423043,0.30171041562365725,1.3834003
2018,1,2018-09-09,2018_01_SEA_DEN,DEN,,,
2018,2,2018-09-16,2018_02_OAK_DEN,DEN,,,
2018,3,2018-09-23,2018_03_DEN_BAL,DEN,,,
2018,4,2018-10-01,2018_04_KC_DEN,DEN,,,
2018,5,2018-10-07,2018_05_DEN_NYJ,DEN,,,
2018,6,2018-10-14,2018_06_LA_DEN,DEN,,,
2018,7,2018-10-18,2018_07_DEN_ARI,DEN,-0.1682034,0.39245033585942674,1.7369465
2018,8,2018-10-28,2018_08_DEN_KC,DEN,-0.19231433,0.38457776090351853,1.8036131
2018,9,2018-11-04,2018_09_HOU_DEN,DEN,-0.27834937,0.41526330992240085,1.7897242
2018,11,2018-11-18,2018_11_DEN_LAC,DEN,-0.17927282,0.4128949291449291,1.8351787
2018,12,2018-11-25,2018_12_PIT_DEN,DEN,-0.17022096,0.4184228271728272,1.8351787
2018,13,2018-12-02,2018_13_DEN_CIN,DEN,0.03352969,0.42044071669071664,1.9936868
2018,14,2018-12-09,2018_14_DEN_SF,DEN,0.111928456,0.42983872608872603,1.9983488
2018,15,2018-12-15,2018_15_CLE_DEN,DEN,0.08649521,0.40530765145348474,1.8261266
2018,16,2018-12-24,2018_16_DEN_OAK,DEN,0.05035338,0.3687612503237503,1.7491064
2018,17,2018-12-30,2018_17_LAC_DEN,DEN,-0.08728399,0.3605159182147819,1.7036519
2019,1,2019-09-09,2019_01_DEN_OAK,DEN,,,
2019,2,2019-09-15,2019_02_CHI_DEN,DEN,,,
2019,3,2019-09-22,2019_03_DEN_GB,DEN,,,
2019,4,2019-09-29,2019_04_JAX_DEN,DEN,,,
2019,5,2019-10-06,2019_05_DEN_LAC,DEN,,,
2019,6,2019-10-13,2019_06_TEN_DEN,DEN,,,
2019,7,2019-10-17,2019_07_KC_DEN,DEN,-0.07899418,0.3773975398961473,1.5850372
2019,8,2019-10-27,2019_08_DEN_IND,DEN,-0.6497709,0.3345389228187802,1.328627
2019,9,2019-11-03,2019_09_CLE_DEN,DEN,-0.77922314,0.3126776822075396,1.2758492
2019,11,2019-11-17,2019_11_DEN_MIN,DEN,-0.632268,0.3298537881871215,1.3970613
2019,12,2019-11-24,2019_12_DEN_BUF,DEN,-0.7230611,0.3155725832809166,1.4378538
2019,13,2019-12-01,2019_13_LAC_DEN,DEN,-0.8880396,0.3080833055833056,1.210076
2019,14,2019-12-08,2019_14_DEN_HOU,DEN,-0.77025145,0.314161178327845,1.3390442
2019,15,2019-12-15,2019_15_DEN_KC,DEN,-0.1510183,0.34516779797082825,1.7469697
2019,16,2019-12-22,2019_16_DET_DEN,DEN,-0.32732388,0.3502972171627475,1.6289142
2019,17,2019-12-29,2019_17_OAK_DEN,DEN,-0.28990713,0.3511936818092121,1.7152778
2020,1,2020-09-14,2020_01_TEN_DEN,DEN,,,
2020,2,2020-09-20,2020_02_DEN_PIT,DEN,,,
2020,3,2020-09-27,2020_03_TB_DEN,DEN,,,
2020,4,2020-10-01,2020_04_DEN_NYJ,DEN,,,
2020,6,2020-10-18,2020_06_DEN_NE,DEN,,,
2020,7,2020-10-25,2020_07_KC_DEN,DEN,,,
2020,8,2020-11-01,2020_08_LAC_DEN,DEN,-0.7054517,0.3421447239629058,1.5850816
2020,9,2020-11-08,2020_09_DEN_ATL,DEN,-0.6184517,0.32380000859021835,1.7703962
2020,10,2020-11-15,2020_10_DEN_LV,DEN,-0.4680846,0.31959680438701416,1.8473192
2020,11,2020-11-22,2020_11_MIA_DEN,DEN,-0.48100063,0.33397188637573255,1.862471
2020,12,2020-11-29,2020_12_NO_DEN,DEN,-0.53478366,0.33103694253169774,1.6911422
2020,13,2020-12-06,2020_13_DEN_KC,DEN,-0.875717,0.32475132999608525,1.4600816
2020,14,2020-12-13,2020_14_DEN_CAR,DEN,-0.49156156,0.3144844877847986,1.5512496
2020,15,2020-12-19,2020_15_BUF_DEN,DEN,-0.4504589,0.32826230540877005,1.5477532
2020,16,2020-12-27,2020_16_DEN_LAC,DEN,-0.5360266,0.3290265874230521,1.4654883
2020,17,2021-01-03,2020_17_LV_DEN,DEN,-0.30517378,0.3415794974759621,1.5654882
2021,1,2021-09-12,2021_01_DEN_NYG,DEN,,,
2021,2,2021-09-19,2021_02_DEN_JAX,DEN,,,
2021,3,2021-09-26,2021_03_NYJ_DEN,DEN,,,
2021,4,2021-10-03,2021_04_BAL_DEN,DEN,,,
2021,5,2021-10-10,2021_05_DEN_PIT,DEN,,,
2021,6,2021-10-17,2021_06_LV_DEN,DEN,,,
2021,7,2021-10-21,2021_07_DEN_CLE,DEN,0.35856354,0.39973489818028957,2.0616906
2021,8,2021-10-31,2021_08_WAS_DEN,DEN,0.056339946,0.3873427475068889,1.7908573
2021,9,2021-11-07,2021_09_DEN_DAL,DEN,-0.07160481,0.3855483350590674,1.7571872
2021,10,2021-11-14,2021_10_PHI_DEN,DEN,0.06658541,0.37638037759565535,1.7799145
2021,12,2021-11-28,2021_12_LAC_DEN,DEN,0.10443715,0.3775435242133474,1.879662
2021,13,2021-12-05,2021_13_DEN_KC,DEN,0.107390486,0.3669319958240413,1.8944769
2021,14,2021-12-12,2021_14_DET_DEN,DEN,-0.022962421,0.38255831395035944,1.7367845
2021,15,2021-12-19,2021_15_CIN_DEN,DEN,0.27302462,0.4096179055932844,2.1488216
2021,16,2021-12-26,2021_16_DEN_LV,DEN,0.13205941,0.4036063613715129,1.9855219
2021,17,2022-01-02,2021_17_DEN_LAC,DEN,-0.20074387,0.4033675312715717,1.809596
2021,18,2022-01-08,2021_18_KC_DEN,DEN,-0.11679179,0.4240691967964696,1.853367
2022,1,2022-09-12,2022_01_DEN_SEA,DEN,,,
2022,2,2022-09-18,2022_02_HOU_DEN,DEN,,,
2022,3,2022-09-25,2022_03_SF_DEN,DEN,,,
2022,4,2022-10-02,2022_04_DEN_LV,DEN,,,
2022,5,2022-10-06,2022_05_IND_DEN,DEN,,,
2022,6,2022-10-17,2022_06_DEN_LAC,DEN,,,
2022,7,2022-10-23,2022_07_NYJ_DEN,DEN,-0.6973548,0.3093262613859205,1.3809524
2022,8,2022-10-30,2022_08_DEN_JAX,DEN,-1.0062953,0.2790632084666176,1.172619
2022,10,2022-11-13,2022_10_DEN_TEN,DEN,-0.93791676,0.28974689206696785,1.2218615
2022,11,2022-11-20,2022_11_LV_DEN,DEN,-0.8323229,0.3022476188534089,1.2429237
2022,12,2022-11-27,2022_12_DEN_CAR,DEN,-0.63686,0.3281678602281957,1.1368631
2022,13,2022-12-04,2022_13_DEN_BAL,DEN,-0.59920746,0.32436676714138835,1.1579255
2022,14,2022-12-11,2022_14_KC_DEN,DEN,-0.5933333,0.32709917782834447,1.0518647
2022,15,2022-12-18,2022_15_ARI_DEN,DEN,-0.43949512,0.33224197910601416,1.2858392
2022,16,2022-12-25,2022_16_DEN_LA,DEN,-0.54194754,0.3446495560969245,1.3018649
2022,17,2023-01-01,2022_17_DEN_KC,DEN,-0.7103289,0.3470816379040063,1.406993
2022,18,2023-01-08,2022_18_LAC_DEN,DEN,-0.691267,0.34457006382993227,1.497902
2023,1,2023-09-10,2023_01_LV_DEN,DEN,,,
2023,2,2023-09-17,2023_02_WAS_DEN,DEN,,,
2023,3,2023-09-24,2023_03_DEN_MIA,DEN,,,
2023,4,2023-10-01,2023_04_DEN_CHI,DEN,,,
2023,5,2023-10-08,2023_05_NYJ_DEN,DEN,,,
2023,6,2023-10-12,2023_06_DEN_KC,DEN,,,
2023,7,2023-10-22,2023_07_GB_DEN,DEN,-0.0016000867,0.36948499213205094,2.0242064
2023,8,2023-10-29,2023_08_KC_DEN,DEN,-0.011193365,0.3600109784913707,1.9316138
2023,10,2023-11-13,2023_10_DEN_BUF,DEN,-0.1640483,0.3700082969779939,1.79525
2023,11,2023-11-19,2023_11_MIN_DEN,DEN,-0.0686404,0.3737590215620518,1.8904883
2023,12,2023-11-26,2023_12_CLE_DEN,DEN,-0.33687165,0.36143726503574986,1.7920033
2023,13,2023-12-03,2023_13_DEN_HOU,DEN,-0.20555806,0.3687191217048615,1.8753366
2023,14,2023-12-10,2023_14_DEN_LAC,DEN,-0.12963766,0.3616801670697529,1.959952
2023,15,2023-12-16,2023_15_DEN_DET,DEN,-0.38722435,0.36034369489994744,1.9157925
2023,16,2023-12-24,2023_16_NE_DEN,DEN,-0.46929136,0.33716720808709705,1.809732
2023,17,2023-12-31,2023_17_LAC_DEN,DEN,-0.6375138,0.3380754356619913,1.7319541
2023,18,2024-01-07,2023_18_DEN_LV,DEN,-0.60658723,0.3495702539749914,1.6561966
2024,1,2024-09-08,2024_01_DEN_SEA,DEN,,,
2024,2,2024-09-15,2024_02_PIT_DEN,DEN,,,
2024,3,2024-09-22,2024_03_DEN_TB,DEN,,,
2024,4,2024-09-29,2024_04_DEN_NYJ,DEN,,,
2024,5,2024-10-06,2024_05_LV_DEN,DEN,,,
2024,6,2024-10-13,2024_06_LAC_DEN,DEN,,,
2024,7,2024-10-17,2024_07_DEN_NO,DEN,-0.4076792,0.4222284659784659,1.4558663
2024,8,2024-10-27,2024_08_CAR_DEN,DEN,-0.19685037,0.4540308534058534,1.6530886
2024,9,2024-11-03,2024_09_DEN_BAL,DEN,0.012295224,0.4592166398416398,1.9510684
2024,10,2024-11-10,2024_10_DEN_KC,DEN,-0.27806768,0.4216535547785547,1.6844016
2024,11,2024-11-17,2024_11_ATL_DEN,DEN,-0.06620134,0.44320237632737625,1.8154559
2024,12,2024-11-24,2024_12_DEN_LV,DEN,0.307197,0.45335826981660315,2.160185
2024,13,2024-12-02,2024_13_CLE_DEN,DEN,0.47507748,0.450398750379811,2.3329124
2024,15,2024-12-15,2024_15_IND_DEN,DEN,0.48078632,0.44032945046676103,2.2599957
2024,16,2024-12-19,2024_16_DEN_LAC,DEN,0.24719065,0.4195250523186129,2.1315236
2024,17,2024-12-28,2024_17_DEN_CIN,DEN,0.6168526,0.4395418410854017,2.414857
2024,18,2025-01-05,2024_18_KC_DEN,DEN,0.77934027,0.43792447696803755,2.5555975
2016,1,2016-09-11,2016_01_DET_IND,DET,,,
2016,2,2016-09-18,2016_02_TEN_DET,DET,,,
2016,3,2016-09-25,2016_03_DET_GB,DET,,,
2016,4,2016-10-02,2016_04_DET_CHI,DET,,,
2016,5,2016-10-09,2016_05_PHI_DET,DET,,,
2016,6,2016-10-16,2016_06_LA_DET,DET,,,
2016,7,2016-10-23,2016_07_WAS_DET,DET,0.82867,0.41566118096700627,2.5008838
2016,8,2016-10-30,2016_08_DET_HOU,DET,0.5268052,0.39930271953835766,2.3569443
2016,9,2016-11-06,2016_09_DET_MIN,DET,0.4486109,0.40804416055921044,2.3569443
2016,11,2016-11-20,2016_11_JAX_DET,DET,0.25701758,0.38740153158324814,2.1902778
2016,12,2016-11-24,2016_12_MIN_DET,DET,0.2421727,0.3666628027195193,2.2364316
2016,13,2016-12-04,2016_13_DET_NO,DET,0.14784889,0.37664132214248314,2.0586538
2016,14,2016-12-11,2016_14_CHI_DET,DET,0.01851535,0.3842139183438203,1.9313391
2016,15,2016-12-18,2016_15_DET_NYG,DET,-0.031010387,0.37685357035847233,1.8850428
2016,16,2016-12-26,2016_16_DET_DAL,DET,-0.05082627,0.3738106492273159,1.7592851
2016,17,2017-01-01,2016_17_GB_DET,DET,-0.07305203,0.37906511698178363,1.7441336
2017,1,2017-09-10,2017_01_ARI_DET,DET,,,
2017,2,2017-09-18,2017_02_DET_NYG,DET,,,
2017,3,2017-09-24,2017_03_ATL_DET,DET,,,
2017,4,2017-10-01,2017_04_DET_MIN,DET,,,
2017,5,2017-10-08,2017_05_CAR_DET,DET,,,
2017,6,2017-10-15,2017_06_DET_NO,DET,,,
2017,8,2017-10-29,2017_08_PIT_DET,DET,-0.8674163,0.3606109406498163,1.6515912
2017,9,2017-11-06,2017_09_DET_GB,DET,-0.7702716,0.36271737798352627,1.5336257
2017,10,2017-11-12,2017_10_CLE_DET,DET,-0.37548923,0.37812831384900764,1.8858985
2017,11,2017-11-19,2017_11_DET_CHI,DET,-0.22840999,0.3879828112035049,2.052565
2017,12,2017-11-23,2017_12_MIN_DET,DET,0.00018670659,0.4118036557629859,2.1763027
2017,13,2017-12-03,2017_13_DET_BAL,DET,0.03261092,0.39790420644686986,2.191454
2017,14,2017-12-10,2017_14_DET_TB,DET,0.12888592,0.3945440432182856,2.219794
2017,15,2017-12-16,2017_15_CHI_DET,DET,0.24365926,0.4010767676487374,2.3258545
2017,16,2017-12-24,2017_16_DET_CIN,DET,-0.08237717,0.3751526917246614,2.003885
2017,17,2017-12-31,2017_17_GB_DET,DET,-0.24847342,0.3708166728053092,1.8170162
2018,1,2018-09-10,2018_01_NYJ_DET,DET,,,
2018,2,2018-09-16,2018_02_DET_SF,DET,,,
2018,3,2018-09-23,2018_03_NE_DET,DET,,,
2018,4,2018-09-30,2018_04_DET_DAL,DET,,,
2018,5,2018-10-07,2018_05_GB_DET,DET,,,
2018,7,2018-10-21,2018_07_DET_MIA,DET,,,
2018,8,2018-10-28,2018_08_SEA_DET,DET,0.49410775,0.38252946127946125,2.4537036
2018,9,2018-11-04,2018_09_DET_MIN,DET,0.894,0.3894074289907623,2.5648148
2018,10,2018-11-11,2018_10_DET_CHI,DET,0.5152547,0.37782522034973015,2.3261783
2018,11,2018-11-18,2018_11_CAR_DET,DET,0.32205915,0.3631657988888381,2.1984007
2018,12,2018-11-22,2018_12_CHI_DET,DET,0.0795128,0.3536444490265791,2.001431
2018,13,2018-12-02,2018_13_LA_DET,DET,-0.23420642,0.3368009144747113,1.8132997
2018,14,2018-12-09,2018_14_DET_ARI,DET,-0.8583328,0.3171400198138166,1.4429293
2018,15,2018-12-16,2018_15_DET_BUF,DET,-0.9031177,0.31897938415318094,1.3762627
2018,16,2018-12-23,2018_16_MIN_DET,DET,-0.6720322,0.3152370099696303,1.4565657
2018,17,2018-12-30,2018_17_DET_GB,DET,-0.8892161,0.31608169678245435,1.2760102
2019,1,2019-09-08,2019_01_DET_ARI,DET,,,
2019,2,2019-09-15,2019_02_LAC_DET,DET,,,
2019,3,2019-09-22,2019_03_DET_PHI,DET,,,
2019,4,2019-09-29,2019_04_KC_DET,DET,,,
2019,6,2019-10-14,2019_06_DET_GB,DET,,,
2019,7,2019-10-20,2019_07_MIN_DET,DET,,,
2019,8,2019-10-27,2019_08_NYG_DET,DET,0.19910388,0.38136901179793337,2.1096153
2019,9,2019-11-03,2019_09_DET_OAK,DET,0.20142616,0.3803577993852058,2.1884034
2019,10,2019-11-10,2019_10_DET_CHI,DET,0.44351086,0.40517511170251813,2.3717365
2019,11,2019-11-17,2019_11_DAL_DET,DET,0.27519777,0.40522658528340344,2.1634033
2019,12,2019-11-24,2019_12_DET_WAS,DET,0.40055606,0.3998547784410083,2.1878788
2019,13,2019-11-28,2019_13_CHI_DET,DET,0.118893124,0.39361248085255696,2.0596735
2019,14,2019-12-08,2019_14_DET_MIN,DET,-0.15383281,0.3581625138206521,1.8627039
2019,15,2019-12-15,2019_15_TB_DET,DET,-0.4247247,0.34812938091820106,1.5811383
2019,16,2019-12-22,2019_16_DET_DEN,DET,-0.8282702,0.3116057193945395,1.3990871
2019,17,2019-12-29,2019_17_GB_DET,DET,-0.7508213,0.31991972020854037,1.4157537
2020,1,2020-09-13,2020_01_CHI_DET,DET,,,
2020,2,2020-09-20,2020_02_DET_GB,DET,,,
2020,3,2020-09-27,2020_03_DET_ARI,DET,,,
2020,4,2020-10-04,2020_04_NO_DET,DET,,,
2020,6,2020-10-18,2020_06_DET_JAX,DET,,,
2020,7,2020-10-25,2020_07_DET_ATL,DET,,,
2020,8,2020-11-01,2020_08_IND_DET,DET,0.44651726,0.39714159017189316,2.5064814
2020,9,2020-11-08,2020_09_DET_MIN,DET,0.27629888,0.3889460434346798,2.4787037
2020,10,2020-11-15,2020_10_WAS_DET,DET,0.11356894,0.40748775107509516,2.4382997
2020,11,2020-11-22,2020_11_DET_CAR,DET,0.2519125,0.4138417674291115,2.5049663
2020,12,2020-11-26,2020_12_HOU_DET,DET,-0.25331783,0.385232259652937,1.9679292
2020,13,2020-12-06,2020_13_DET_CHI,DET,-0.6306801,0.3902576635419773,1.8000001
2020,14,2020-12-13,2020_14_GB_DET,DET,-0.5572214,0.38595148361079734,1.8888888
2020,15,2020-12-20,2020_15_DET_TEN,DET,-0.11193857,0.3984200995059483,2.097222
2020,16,2020-12-26,2020_16_TB_DET,DET,0.25622484,0.40784419710406555,2.2453704
2020,17,2021-01-03,2020_17_MIN_DET,DET,-0.3894969,0.373342772602641,1.7581908
2021,1,2021-09-12,2021_01_SF_DET,DET,,,
2021,2,2021-09-20,2021_02_DET_GB,DET,,,
2021,3,2021-09-26,2021_03_BAL_DET,DET,,,
2021,4,2021-10-03,2021_04_DET_CHI,DET,,,
2021,5,2021-10-10,2021_05_DET_MIN,DET,,,
2021,6,2021-10-17,2021_06_CIN_DET,DET,,,
2021,7,2021-10-24,2021_07_DET_LA,DET,-0.50551945,0.3702654720050845,1.6654161
2021,8,2021-10-31,2021_08_PHI_DET,DET,-0.41029575,0.37809143909225607,1.6244107
2021,10,2021-11-14,2021_10_DET_PIT,DET,-0.89030534,0.34800642122946046,1.409596
2021,11,2021-11-21,2021_11_DET_CLE,DET,-0.98957676,0.3444864612511671,1.329798
2021,12,2021-11-25,2021_12_CHI_DET,DET,-1.1600786,0.325728675826715,1.2220539
2021,13,2021-12-05,2021_13_MIN_DET,DET,-1.1571635,0.320636751290346,1.1978115
2021,14,2021-12-12,2021_14_DET_DEN,DET,-0.94072634,0.3475977301263249,1.4172559
2021,15,2021-12-19,2021_15_ARI_DET,DET,-1.1529145,0.3438985063290619,1.2505893
2021,16,2021-12-26,2021_16_DET_ATL,DET,-0.5706466,0.37010855445087465,1.6505893
2021,17,2022-01-02,2021_17_DET_SEA,DET,-0.3544873,0.38610040931060235,1.8061448
2021,18,2022-01-09,2021_18_GB_DET,DET,-0.15025224,0.3755244112346043,2.0574074
2022,1,2022-09-11,2022_01_PHI_DET,DET,,,
2022,2,2022-09-18,2022_02_WAS_DET,DET,,,
2022,3,2022-09-25,2022_03_DET_MIN,DET,,,
2022,4,2022-10-02,2022_04_SEA_DET,DET,,,
2022,5,2022-10-09,2022_05_DET_NE,DET,,,
2022,7,2022-10-23,2022_07_DET_DAL,DET,,,
2022,8,2022-10-30,2022_08_MIA_DET,DET,-0.3446957,0.3457154159431661,2.0411255
2022,9,2022-11-06,2022_09_GB_DET,DET,-0.2168262,0.38932864503433634,2.0733225
2022,10,2022-11-13,2022_10_DET_CHI,DET,-0.41429734,0.38958589439872865,1.9463383
2022,11,2022-11-20,2022_11_DET_NYG,DET,-0.2078584,0.4124559641437983,1.9917928
2022,12,2022-11-24,2022_12_BUF_DET,DET,-0.36288857,0.4254136541068359,1.7796717
2022,13,2022-12-04,2022_13_JAX_DET,DET,0.13082038,0.4353541302973121,2.1584594
2022,14,2022-12-11,2022_14_MIN_DET,DET,0.85866743,0.46228876973195154,2.8082912
2022,15,2022-12-18,2022_15_DET_NYJ,DET,0.82676744,0.4561763404945223,2.7609427
2022,16,2022-12-24,2022_16_DET_CAR,DET,0.89724255,0.45963383207701386,2.7164984
2022,17,2023-01-01,2022_17_CHI_DET,DET,0.9715852,0.438955020148202,2.7210438
2022,18,2023-01-08,2022_18_DET_GB,DET,1.0817714,0.43190344377844375,2.8207912
2023,1,2023-09-07,2023_01_DET_KC,DET,,,
2023,2,2023-09-17,2023_02_SEA_DET,DET,,,
2023,3,2023-09-24,2023_03_ATL_DET,DET,,,
2023,4,2023-09-28,2023_04_DET_GB,DET,,,
2023,5,2023-10-08,2023_05_CAR_DET,DET,,,
2023,6,2023-10-15,2023_06_DET_TB,DET,,,
2023,7,2023-10-22,2023_07_DET_BAL,DET,0.18710099,0.402759499116451,2.3282828
2023,8,2023-10-30,2023_08_LV_DET,DET,0.05722958,0.40216095414290604,2.2199495
2023,10,2023-11-12,2023_10_DET_LAC,DET,-0.08780575,0.40386966210161396,2.150505
2023,11,2023-11-19,2023_11_CHI_DET,DET,0.4757156,0.4392789518859037,2.5560606
2023,12,2023-11-23,2023_12_GB_DET,DET,0.38793483,0.43492695856332214,2.5232322
2023,13,2023-12-03,2023_13_DET_NO,DET,-0.014235973,0.4036451090996545,2.2202022
2023,14,2023-12-10,2023_14_DET_CHI,DET,-0.009301375,0.4071449972586336,2.3755052
2023,15,2023-12-16,2023_15_DEN_DET,DET,-0.075852685,0.3964125857307676,2.4724748
2023,16,2023-12-24,2023_16_DET_MIN,DET,0.42667714,0.40317591499409683,2.8113635
2023,17,2023-12-30,2023_17_DET_DAL,DET,0.15289177,0.3769140885852116,2.5825758
2023,18,2024-01-07,2023_18_MIN_DET,DET,0.07164822,0.36800258762825605,2.4310606
2024,1,2024-09-08,2024_01_LA_DET,DET,,,
2024,2,2024-09-15,2024_02_TB_DET,DET,,,
2024,3,2024-09-22,2024_03_DET_ARI,DET,,,
2024,4,2024-09-30,2024_04_SEA_DET,DET,,,
2024,6,2024-10-13,2024_06_DET_DAL,DET,,,
2024,7,2024-10-20,2024_07_DET_MIN,DET,,,
2024,8,2024-10-27,2024_08_TEN_DET,DET,0.7249727,0.46897613304698865,2.6982324
2024,9,2024-11-03,2024_09_DET_GB,DET,0.75345016,0.49049105214594135,2.8519118
2024,10,2024-11-10,2024_10_DET_HOU,DET,1.0207947,0.49741573603140954,2.9428213
2024,11,2024-11-17,2024_11_JAX_DET,DET,0.9545748,0.49095299023520317,2.9493144
2024,12,2024-11-24,2024_12_DET_IND,DET,1.3611921,0.5216752001240796,3.275914
2024,13,2024-11-28,2024_13_CHI_DET,DET,1.1722945,0.5175617210106005,3.0231361
2024,14,2024-12-05,2024_14_GB_DET,DET,1.2119626,0.5209653646920219,2.979365
2024,15,2024-12-15,2024_15_BUF_DET,DET,1.1935941,0.4957447123285125,2.9984128
2024,16,2024-12-22,2024_16_DET_CHI,DET,1.3242502,0.5003418399648559,3.301443
2024,17,2024-12-30,2024_17_DET_SF,DET,1.7774816,0.530667367611812,3.558586
2024,18,2025-01-05,2024_18_MIN_DET,DET,1.4982783,0.5017428970206748,3.2622898
2016,1,2016-09-11,2016_01_GB_JAX,GB,,,
2016,2,2016-09-18,2016_02_GB_MIN,GB,,,
2016,3,2016-09-25,2016_03_DET_GB,GB,,,
2016,5,2016-10-09,2016_05_NYG_GB,GB,,,
2016,6,2016-10-16,2016_06_DAL_GB,GB,,,
2016,7,2016-10-20,2016_07_CHI_GB,GB,,,
2016,8,2016-10-30,2016_08_GB_ATL,GB,0.25284195,0.36522616416456133,2.2063131
2016,9,2016-11-06,2016_09_IND_GB,GB,0.39314237,0.38309108076685167,2.3489058
2016,10,2016-11-13,2016_10_GB_TEN,GB,0.5877021,0.3895560278567987,2.5155723
2016,11,2016-11-20,2016_11_GB_WAS,GB,0.3489569,0.37362194769194934,2.2694185
2016,12,2016-11-28,2016_12_GB_PHI,GB,0.441843,0.3755303329371351,2.3136103
2016,13,2016-12-04,2016_13_HOU_GB,GB,1.0418887,0.37306949411265994,2.6336863
2016,14,2016-12-11,2016_14_SEA_GB,GB,0.9220093,0.3759240007171665,2.5503528
2016,15,2016-12-18,2016_15_GB_CHI,GB,0.74635345,0.38076726518344683,2.4101412
2016,16,2016-12-24,2016_16_MIN_GB,GB,0.8366173,0.38730941831650906,2.5035756
2016,17,2017-01-01,2016_17_GB_DET,GB,0.8765678,0.4086705714084314,2.6702423
2017,1,2017-09-10,2017_01_SEA_GB,GB,,,
2017,2,2017-09-17,2017_02_GB_ATL,GB,,,
2017,3,2017-09-24,2017_03_CIN_GB,GB,,,
2017,4,2017-09-28,2017_04_CHI_GB,GB,,,
2017,5,2017-10-08,2017_05_GB_DAL,GB,,,
2017,6,2017-10-15,2017_06_GB_MIN,GB,,,
2017,7,2017-10-22,2017_07_NO_GB,GB,0.26390246,0.4081932342349009,2.2801769
2017,9,2017-11-06,2017_09_DET_GB,GB,0.31088015,0.386734600276267,2.2801769
2017,10,2017-11-12,2017_10_GB_CHI,GB,0.17245929,0.39427944740444737,2.2465067
2017,11,2017-11-19,2017_11_BAL_GB,GB,0.29019228,0.39845713699880364,2.2199914
2017,12,2017-11-26,2017_12_GB_PIT,GB,-0.39489773,0.3928398376315043,1.6896886
2017,13,2017-12-03,2017_13_TB_GB,GB,-0.6874042,0.38274183378350046,1.5097643
2017,14,2017-12-10,2017_14_GB_CLE,GB,-0.29581365,0.3944186215019548,1.6486531
2017,15,2017-12-17,2017_15_GB_CAR,GB,-0.08184667,0.4078069692653026,1.8153199
2017,16,2017-12-23,2017_16_MIN_GB,GB,0.064467095,0.3990184583934584,1.8641415
2017,17,2017-12-31,2017_17_GB_DET,GB,-0.43205163,0.3738781665864999,1.5156566
2018,1,2018-09-09,2018_01_CHI_GB,GB,,,
2018,2,2018-09-16,2018_02_MIN_GB,GB,,,
2018,3,2018-09-23,2018_03_GB_WAS,GB,,,
2018,4,2018-09-30,2018_04_BUF_GB,GB,,,
2018,5,2018-10-07,2018_05_GB_DET,GB,,,
2018,6,2018-10-15,2018_06_SF_GB,GB,,,
2018,8,2018-10-28,2018_08_GB_LA,GB,-0.05731651,0.40486295605545225,1.9556278
2018,9,2018-11-04,2018_09_GB_NE,GB,0.051304255,0.39642278511528134,1.9684482
2018,10,2018-11-11,2018_10_MIA_GB,GB,0.09497445,0.3929696143544183,1.977972
2018,11,2018-11-15,2018_11_GB_SEA,GB,0.31703407,0.416429982054982,2.315935
2018,12,2018-11-25,2018_12_GB_MIN,GB,0.41355014,0.4131551704468371,2.3740158
2018,13,2018-12-02,2018_13_ARI_GB,GB,0.2905254,0.40866429095595763,2.3088644
2018,14,2018-12-09,2018_14_ATL_GB,GB,0.12204195,0.4088157493460524,2.1081069
2018,15,2018-12-16,2018_15_GB_CHI,GB,0.23222923,0.4413067432006826,2.1861954
2018,16,2018-12-23,2018_16_GB_NYJ,GB,0.07433482,0.4240410122985881,2.1604378
2018,17,2018-12-30,2018_17_DET_GB,GB,0.27178523,0.4133815032416431,2.1504662
2019,1,2019-09-05,2019_01_GB_CHI,GB,,,
2019,2,2019-09-15,2019_02_MIN_GB,GB,,,
2019,3,2019-09-22,2019_03_DEN_GB,GB,,,
2019,4,2019-09-26,2019_04_PHI_GB,GB,,,
2019,5,2019-10-06,2019_05_GB_DAL,GB,,,
2019,6,2019-10-14,2019_06_DET_GB,GB,,,
2019,7,2019-10-20,2019_07_OAK_GB,GB,0.21075112,0.4052132066678047,2.03986
2019,8,2019-10-27,2019_08_GB_KC,GB,0.87611884,0.42783835929295727,2.611655
2019,9,2019-11-03,2019_09_GB_LAC,GB,1.2342764,0.44754879436053524,2.8949883
2019,10,2019-11-10,2019_10_CAR_GB,GB,1.0709158,0.44628466497140584,2.715064
2019,12,2019-11-24,2019_12_GB_SF,GB,1.0021857,0.4346159633027041,2.7095087
2019,13,2019-12-01,2019_13_GB_NYG,GB,0.5671256,0.4020174720503667,2.3948233
2019,14,2019-12-08,2019_14_WAS_GB,GB,0.8393626,0.40540350338961445,2.585564
2019,15,2019-12-15,2019_15_CHI_GB,GB,0.35632527,0.3793057291100221,2.1885943
2019,16,2019-12-23,2019_16_GB_MIN,GB,0.008068805,0.35075454264216893,1.9411584
2019,17,2019-12-29,2019_17_GB_DET,GB,-0.10237563,0.3430054960538366,1.9858012
2020,1,2020-09-13,2020_01_GB_MIN,GB,,,
2020,2,2020-09-20,2020_02_DET_GB,GB,,,
2020,3,2020-09-27,2020_03_GB_NO,GB,,,
2020,4,2020-10-05,2020_04_ATL_GB,GB,,,
2020,6,2020-10-18,2020_06_GB_TB,GB,,,
2020,7,2020-10-25,2020_07_GB_HOU,GB,,,
2020,8,2020-11-01,2020_08_MIN_GB,GB,1.2692677,0.43944417348457754,2.9699495
2020,9,2020-11-05,2020_09_GB_SF,GB,1.0161736,0.42042426977717384,2.6940234
2020,10,2020-11-15,2020_10_JAX_GB,GB,0.9779482,0.38390926962581,2.6637204
2020,11,2020-11-22,2020_11_GB_IND,GB,0.5689208,0.36020099137207723,2.410807
2020,12,2020-11-29,2020_12_CHI_GB,GB,0.12180966,0.35042568437454796,2.2526872
2020,13,2020-12-06,2020_13_PHI_GB,GB,0.7600544,0.40108703691090053,2.6971314
2020,14,2020-12-13,2020_14_GB_DET,GB,0.827903,0.4050764502753139,2.7110205
2020,15,2020-12-19,2020_15_CAR_GB,GB,1.0869964,0.4221952020157762,2.9494464
2020,16,2020-12-27,2020_16_TEN_GB,GB,0.848355,0.4288127080985229,2.7979314
2020,17,2021-01-03,2020_17_GB_CHI,GB,1.3852348,0.4620307863166011,3.1569054
2021,1,2021-09-12,2021_01_GB_NO,GB,,,
2021,2,2021-09-20,2021_02_DET_GB,GB,,,
2021,3,2021-09-26,2021_03_GB_SF,GB,,,
2021,4,2021-10-03,2021_04_PIT_GB,GB,,,
2021,5,2021-10-10,2021_05_GB_CIN,GB,,,
2021,6,2021-10-17,2021_06_GB_CHI,GB,,,
2021,7,2021-10-24,2021_07_WAS_GB,GB,0.577634,0.40622283674051346,2.312937
2021,8,2021-10-28,2021_08_GB_ARI,GB,1.0053073,0.4214661325393649,2.701826
2021,9,2021-11-07,2021_09_GB_KC,GB,0.8750505,0.42333451878275113,2.5184927
2021,10,2021-11-14,2021_10_SEA_GB,GB,0.4729965,0.40295353538706186,2.1351593
2021,11,2021-11-21,2021_11_GB_MIN,GB,0.4757501,0.3981488843702896,2.0094018
2021,12,2021-11-28,2021_12_LA_GB,GB,0.8022826,0.39865825154632345,2.262963
2021,14,2021-12-12,2021_14_CHI_GB,GB,0.59429264,0.39057030957941324,2.1756613
2021,15,2021-12-19,2021_15_GB_BAL,GB,0.61287457,0.3981447389487143,2.231217
2021,16,2021-12-25,2021_16_CLE_GB,GB,0.752245,0.4027084853874608,2.4052908
2021,17,2022-01-02,2021_17_MIN_GB,GB,0.9866753,0.43098883793251924,2.6886244
2021,18,2022-01-09,2021_18_GB_DET,GB,1.1949784,0.4493650604754085,2.9658968
2022,1,2022-09-11,2022_01_GB_MIN,GB,,,
2022,2,2022-09-18,2022_02_CHI_GB,GB,,,
2022,3,2022-09-25,2022_03_GB_TB,GB,,,
2022,4,2022-10-02,2022_04_NE_GB,GB,,,
2022,5,2022-10-09,2022_05_NYG_GB,GB,,,
2022,6,2022-10-16,2022_06_NYJ_GB,GB,,,
2022,7,2022-10-23,2022_07_GB_WAS,GB,-0.22766753,0.40308932322821206,1.6205091
2022,8,2022-10-30,2022_08_GB_BUF,GB,-0.0973864,0.4224791926180815,1.7417213
2022,9,2022-11-06,2022_09_GB_DET,GB,-0.35961303,0.3913926865315755,1.5565361
2022,10,2022-11-13,2022_10_DAL_GB,GB,-0.45883718,0.38675033813922705,1.5287584
2022,11,2022-11-17,2022_11_TEN_GB,GB,-0.32154247,0.3962610434832657,1.6378852
2022,12,2022-11-27,2022_12_GB_PHI,GB,-0.564524,0.36853570811904146,1.5508481
2022,13,2022-12-04,2022_13_GB_CHI,GB,-0.03651454,0.3704254850088184,1.9226431
2022,15,2022-12-19,2022_15_LA_GB,GB,0.19047682,0.36035407493740834,2.1620371
2022,16,2022-12-25,2022_16_GB_MIA,GB,0.3151259,0.38044401586068255,2.2916667
2022,17,2023-01-01,2022_17_MIN_GB,GB,0.49904838,0.39010607097728317,2.5189393
2022,18,2023-01-08,2022_18_DET_GB,GB,0.49028936,0.41022992860114077,2.574495
2023,1,2023-09-10,2023_01_GB_CHI,GB,,,
2023,2,2023-09-17,2023_02_GB_ATL,GB,,,
2023,3,2023-09-24,2023_03_NO_GB,GB,,,
2023,4,2023-09-28,2023_04_DET_GB,GB,,,
2023,5,2023-10-09,2023_05_GB_LV,GB,,,
2023,7,2023-10-22,2023_07_GB_DEN,GB,,,
2023,8,2023-10-29,2023_08_MIN_GB,GB,-0.1482106,0.3411070740426801,1.8840069
2023,9,2023-11-05,2023_09_LA_GB,GB,-0.51720923,0.3275296152813978,1.606229
2023,10,2023-11-12,2023_10_GB_PIT,GB,-0.7042012,0.3448060733911893,1.4840068
2023,11,2023-11-19,2023_11_LAC_GB,GB,-0.540072,0.35413308896820483,1.5218855
2023,12,2023-11-23,2023_12_GB_DET,GB,-0.3698593,0.3582539544861292,1.5925926
2023,13,2023-12-03,2023_13_KC_GB,GB,-0.1483639,0.3623491087706774,1.7150673
2023,14,2023-12-11,2023_14_GB_NYG,GB,0.13119908,0.38214474523298053,1.9627525
2023,15,2023-12-17,2023_15_TB_GB,GB,0.39477304,0.39068850663102,2.129419
2023,16,2023-12-24,2023_16_GB_CAR,GB,0.56645375,0.3834752466399822,2.2220118
2023,17,2023-12-31,2023_17_GB_MIN,GB,0.8481235,0.40093648910122476,2.484133
2023,18,2024-01-07,2023_18_CHI_GB,GB,1.1019356,0.4227547770224538,2.6856482
2024,1,2024-09-06,2024_01_GB_PHI,GB,,,
2024,2,2024-09-15,2024_02_IND_GB,GB,,,
2024,3,2024-09-22,2024_03_GB_TEN,GB,,,
2024,4,2024-09-29,2024_04_MIN_GB,GB,,,
2024,5,2024-10-06,2024_05_GB_LA,GB,,,
2024,6,2024-10-13,2024_06_ARI_GB,GB,,,
2024,7,2024-10-20,2024_07_HOU_GB,GB,0.3448217,0.4339889767920071,2.2464647
2024,8,2024-10-27,2024_08_GB_JAX,GB,0.26127747,0.4330089383119686,2.170707
2024,9,2024-11-03,2024_09_DET_GB,GB,0.4117708,0.4447257400287703,2.3128982
2024,11,2024-11-17,2024_11_GB_CHI,GB,0.25234863,0.4528786981817285,2.2085211
2024,12,2024-11-24,2024_12_SF_GB,GB,0.67777467,0.4576145355366134,2.3624895
2024,13,2024-11-28,2024_13_MIA_GB,GB,0.86063606,0.4805221834442614,2.5746105
2024,14,2024-12-05,2024_14_GB_DET,GB,0.9775229,0.48269917312125105,2.559459
2024,15,2024-12-15,2024_15_GB_SEA,GB,1.0756029,0.47663895610515167,2.7124894
2024,16,2024-12-23,2024_16_NO_GB,GB,1.0221019,0.4767398582893872,2.7445405
2024,17,2024-12-29,2024_17_GB_MIN,GB,1.4926966,0.4739674763503386,3.114911
2024,18,2025-01-05,2024_18_CHI_GB,GB,1.1001326,0.4736089592061072,3.0553873
2016,1,2016-09-11,2016_01_CHI_HOU,HOU,,,
2016,2,2016-09-18,2016_02_KC_HOU,HOU,,,
2016,3,2016-09-22,2016_03_HOU_NE,HOU,,,
2016,4,2016-10-02,2016_04_TEN_HOU,HOU,,,
2016,5,2016-10-09,2016_05_HOU_MIN,HOU,,,
2016,6,2016-10-16,2016_06_IND_HOU,HOU,,,
2016,7,2016-10-24,2016_07_HOU_DEN,HOU,-0.97143847,0.35388057859648764,1.3430319
2016,8,2016-10-30,2016_08_DET_HOU,HOU,-1.1779951,0.3618372823865248,1.1731602
2016,10,2016-11-13,2016_10_HOU_JAX,HOU,-0.99297196,0.3597386865379289,1.25
2016,11,2016-11-21,2016_11_HOU_OAK,HOU,-0.68260556,0.37139508569432816,1.5227274
2016,12,2016-11-27,2016_12_SD_HOU,HOU,-0.5807937,0.33942670685094933,1.534091
2016,13,2016-12-04,2016_13_HOU_GB,HOU,-0.43334052,0.358101312267979,1.5176768
2016,14,2016-12-11,2016_14_HOU_IND,HOU,-0.5657512,0.37664417512902365,1.3813132
2016,15,2016-12-18,2016_15_JAX_HOU,HOU,-0.30402955,0.3836433487948639,1.5896465
2016,16,2016-12-24,2016_16_CIN_HOU,HOU,-0.46260867,0.3785439508383231,1.5128065
2016,17,2017-01-01,2016_17_HOU_TEN,HOU,-0.49808016,0.3718485220840708,1.406746
2017,1,2017-09-10,2017_01_JAX_HOU,HOU,,,
2017,2,2017-09-14,2017_02_HOU_CIN,HOU,,,
2017,3,2017-09-24,2017_03_HOU_NE,HOU,,,
2017,4,2017-10-01,2017_04_TEN_HOU,HOU,,,
2017,5,2017-10-08,2017_05_KC_HOU,HOU,,,
2017,6,2017-10-15,2017_06_CLE_HOU,HOU,,,
2017,8,2017-10-29,2017_08_HOU_SEA,HOU,-0.12547506,0.3840214751947208,2.0138888
2017,9,2017-11-05,2017_09_IND_HOU,HOU,0.48900986,0.4006746902266953,2.3690476
2017,10,2017-11-12,2017_10_HOU_LA,HOU,0.478783,0.4102786279556329,2.304945
2017,11,2017-11-19,2017_11_ARI_HOU,HOU,0.050592396,0.37284113667198776,2.0485346
2017,12,2017-11-27,2017_12_HOU_BAL,HOU,-0.27964523,0.33909401334996575,1.7921246
2017,13,2017-12-03,2017_13_HOU_TEN,HOU,-0.40210864,0.3383778506546364,1.5421246
2017,14,2017-12-10,2017_14_SF_HOU,HOU,-0.29108778,0.355200856080583,1.4613165
2017,15,2017-12-17,2017_15_HOU_JAX,HOU,-0.5780758,0.3470865497519909,1.2311578
2017,16,2017-12-25,2017_16_PIT_HOU,HOU,-0.69293743,0.320680036291906,1.2119269
2017,17,2017-12-31,2017_17_HOU_IND,HOU,-0.70509285,0.3289596270714968,1.2221833
2018,1,2018-09-09,2018_01_HOU_NE,HOU,,,
2018,2,2018-09-16,2018_02_HOU_TEN,HOU,,,
2018,3,2018-09-23,2018_03_NYG_HOU,HOU,,,
2018,4,2018-09-30,2018_04_HOU_IND,HOU,,,
2018,5,2018-10-07,2018_05_DAL_HOU,HOU,,,
2018,6,2018-10-14,2018_06_BUF_HOU,HOU,,,
2018,7,2018-10-21,2018_07_HOU_JAX,HOU,-0.31891367,0.4061092680061978,1.6600428
2018,8,2018-10-25,2018_08_MIA_HOU,HOU,-0.31598195,0.38626257149283466,1.7155982
2018,9,2018-11-04,2018_09_HOU_DEN,HOU,-0.11045981,0.38506768613128256,2.0155983
2018,11,2018-11-18,2018_11_HOU_WAS,HOU,-0.13797942,0.39351886458246105,1.9368105
2018,12,2018-11-26,2018_12_TEN_HOU,HOU,-0.3147998,0.37120364203697537,1.828477
2018,13,2018-12-02,2018_13_CLE_HOU,HOU,0.03351721,0.3850670934004268,2.0368104
2018,14,2018-12-09,2018_14_IND_HOU,HOU,0.38507125,0.39887966971300304,2.205808
2018,15,2018-12-15,2018_15_HOU_NYJ,HOU,0.44783688,0.4142795962971402,2.246212
2018,16,2018-12-23,2018_16_HOU_PHI,HOU,0.29739025,0.4083743903919342,2.0656564
2018,17,2018-12-30,2018_17_JAX_HOU,HOU,0.38558802,0.4021131852670928,2.2323232
2019,1,2019-09-09,2019_01_HOU_NO,HOU,,,
2019,2,2019-09-15,2019_02_JAX_HOU,HOU,,,
2019,3,2019-09-22,2019_03_HOU_LAC,HOU,,,
2019,4,2019-09-29,2019_04_CAR_HOU,HOU,,,
2019,5,2019-10-06,2019_05_ATL_HOU,HOU,,,
2019,6,2019-10-13,2019_06_HOU_KC,HOU,,,
2019,7,2019-10-20,2019_07_HOU_IND,HOU,0.68345064,0.39947624982904245,2.492256
2019,8,2019-10-27,2019_08_OAK_HOU,HOU,0.41855204,0.4170461285100322,2.3222222
2019,9,2019-11-03,2019_09_HOU_JAX,HOU,0.7226732,0.43262976514630047,2.5343435
2019,11,2019-11-17,2019_11_HOU_BAL,HOU,0.7239719,0.4451414895330248,2.558586
2019,12,2019-11-21,2019_12_IND_HOU,HOU,0.59594244,0.44541649230802766,2.5363636
2019,13,2019-12-01,2019_13_NE_HOU,HOU,0.14550005,0.4317958350005016,2.1946127
2019,14,2019-12-08,2019_14_DEN_HOU,HOU,0.09940577,0.4036529539164441,2.1021886
2019,15,2019-12-15,2019_15_HOU_TEN,HOU,0.05943656,0.3822484325119227,2.11734
2019,16,2019-12-21,2019_16_HOU_TB,HOU,0.052119475,0.38548499083221305,2.1082492
2019,17,2019-12-29,2019_17_TEN_HOU,HOU,-0.2683252,0.36399981595418107,1.8772968
2020,1,2020-09-10,2020_01_HOU_KC,HOU,,,
2020,2,2020-09-20,2020_02_BAL_HOU,HOU,,,
2020,3,2020-09-27,2020_03_HOU_PIT,HOU,,,
2020,4,2020-10-04,2020_04_MIN_HOU,HOU,,,
2020,5,2020-10-11,2020_05_JAX_HOU,HOU,,,
2020,6,2020-10-18,2020_06_HOU_TEN,HOU,,,
2020,7,2020-10-25,2020_07_GB_HOU,HOU,0.4543456,0.39141713043673826,2.415825
2020,9,2020-11-08,2020_09_HOU_JAX,HOU,0.26861873,0.37799220659514776,2.3232324
2020,10,2020-11-15,2020_10_HOU_CLE,HOU,0.5955991,0.3968229745925824,2.4315655
2020,11,2020-11-22,2020_11_NE_HOU,HOU,0.4541677,0.4016076921898,2.227399
2020,12,2020-11-26,2020_12_HOU_DET,HOU,0.633737,0.3903361705016117,2.3440657
2020,13,2020-12-06,2020_13_IND_HOU,HOU,0.553384,0.3864800266454678,2.2927835
2020,14,2020-12-13,2020_14_HOU_CHI,HOU,0.20911695,0.39176212571098934,2.0503595
2020,15,2020-12-20,2020_15_HOU_IND,HOU,0.0619107,0.3867089020871916,1.8786422
2020,16,2020-12-27,2020_16_CIN_HOU,HOU,0.08393825,0.400030611242234,1.920309
2020,17,2021-01-03,2020_17_TEN_HOU,HOU,0.3608546,0.40657312701770437,2.2441723
2021,1,2021-09-12,2021_01_JAX_HOU,HOU,,,
2021,2,2021-09-19,2021_02_HOU_CLE,HOU,,,
2021,3,2021-09-23,2021_03_CAR_HOU,HOU,,,
2021,4,2021-10-03,2021_04_HOU_BUF,HOU,,,
2021,5,2021-10-10,2021_05_NE_HOU,HOU,,,
2021,6,2021-10-17,2021_06_HOU_IND,HOU,,,
2021,7,2021-10-24,2021_07_HOU_ARI,HOU,-0.8587337,0.30725431554274496,1.3748196
2021,8,2021-10-31,2021_08_LA_HOU,HOU,-1.3406922,0.2799357787003986,0.9760101
2021,9,2021-11-07,2021_09_HOU_MIA,HOU,-1.479743,0.2958468737781603,0.8691725
2021,11,2021-11-21,2021_11_HOU_TEN,HOU,-1.4825929,0.28990861744307866,0.8096487
2021,12,2021-11-28,2021_12_NYJ_HOU,HOU,-0.9652371,0.3002020277364889,1.1152042
2021,13,2021-12-05,2021_13_IND_HOU,HOU,-1.2333318,0.28958013987775894,0.9939921
2021,14,2021-12-12,2021_14_SEA_HOU,HOU,-1.4745935,0.2686787559081931,0.9485376
2021,15,2021-12-19,2021_15_HOU_JAX,HOU,-1.2488819,0.2969215008176047,1.1038406
2021,16,2021-12-26,2021_16_LAC_HOU,HOU,-1.0484495,0.3027134427937572,1.2763348
2021,17,2022-01-02,2021_17_HOU_SF,HOU,-0.53358275,0.33795606548385887,1.7525253
2021,18,2022-01-09,2021_18_TEN_HOU,HOU,-0.75809765,0.35071710845323517,1.5441918
2022,1,2022-09-11,2022_01_IND_HOU,HOU,,,
2022,2,2022-09-18,2022_02_HOU_DEN,HOU,,,
2022,3,2022-09-25,2022_03_HOU_CHI,HOU,,,
2022,4,2022-10-02,2022_04_LAC_HOU,HOU,,,
2022,5,2022-10-09,2022_05_HOU_JAX,HOU,,,
2022,7,2022-10-23,2022_07_HOU_LV,HOU,,,
2022,8,2022-10-30,2022_08_TEN_HOU,HOU,-0.33810237,0.35520287214153395,1.5978595
2022,9,2022-11-03,2022_09_PHI_HOU,HOU,-0.48700902,0.3286207114994994,1.4986533
2022,10,2022-11-13,2022_10_HOU_NYG,HOU,-0.4688541,0.3403216742105631,1.6771044
2022,11,2022-11-20,2022_11_WAS_HOU,HOU,-0.43658337,0.33848045986934877,1.6164984
2022,12,2022-11-27,2022_12_HOU_MIA,HOU,-0.64076537,0.3159310185699075,1.4346801
2022,13,2022-12-04,2022_13_CLE_HOU,HOU,-0.95461327,0.3116648911787801,1.4103212
2022,14,2022-12-11,2022_14_HOU_DAL,HOU,-1.306682,0.2942076350310478,1.1828079
2022,15,2022-12-18,2022_15_KC_HOU,HOU,-1.1264921,0.3164436166420294,1.3387909
2022,16,2022-12-24,2022_16_HOU_TEN,HOU,-1.0330783,0.2970095724122335,1.3316684
2022,17,2023-01-01,2022_17_JAX_HOU,HOU,-1.1397029,0.27929904220170326,1.3531331
2022,18,2023-01-08,2022_18_HOU_IND,HOU,-1.2702178,0.2866139495166106,1.2400794
2023,1,2023-09-10,2023_01_HOU_BAL,HOU,,,
2023,2,2023-09-17,2023_02_IND_HOU,HOU,,,
2023,3,2023-09-24,2023_03_HOU_JAX,HOU,,,
2023,4,2023-10-01,2023_04_PIT_HOU,HOU,,,
2023,5,2023-10-08,2023_05_HOU_ATL,HOU,,,
2023,6,2023-10-15,2023_06_NO_HOU,HOU,,,
2023,8,2023-10-29,2023_08_HOU_CAR,HOU,-0.024405664,0.36510854861122244,2.054293
2023,9,2023-11-05,2023_09_TB_HOU,HOU,0.21986629,0.37790978246508783,2.1700337
2023,10,2023-11-12,2023_10_HOU_CIN,HOU,0.443078,0.38198094278624817,2.3670032
2023,11,2023-11-19,2023_11_ARI_HOU,HOU,0.32913834,0.37290210075286073,2.1910126
2023,12,2023-11-26,2023_12_JAX_HOU,HOU,0.15919723,0.36995125975389137,2.0091946
2023,13,2023-12-03,2023_13_DEN_HOU,HOU,0.1895572,0.38852746469373267,2.0713158
2023,14,2023-12-10,2023_14_HOU_NYJ,HOU,0.09392319,0.3748890198052877,2.0755892
2023,15,2023-12-17,2023_15_HOU_TEN,HOU,-0.16491361,0.36428050064413703,1.9117717
2023,16,2023-12-24,2023_16_CLE_HOU,HOU,-0.41394517,0.37610670862419116,1.6553613
2023,17,2023-12-31,2023_17_TEN_HOU,HOU,-0.6697652,0.37457953209701467,1.5527972
2023,18,2024-01-06,2023_18_HOU_IND,HOU,-0.5685012,0.3873919231291026,1.6049857
2024,1,2024-09-08,2024_01_HOU_IND,HOU,,,
2024,2,2024-09-15,2024_02_CHI_HOU,HOU,,,
2024,3,2024-09-22,2024_03_HOU_MIN,HOU,,,
2024,4,2024-09-29,2024_04_JAX_HOU,HOU,,,
2024,5,2024-10-06,2024_05_BUF_HOU,HOU,,,
2024,6,2024-10-13,2024_06_HOU_NE,HOU,,,
2024,7,2024-10-20,2024_07_HOU_GB,HOU,0.03295006,0.4138091090077339,2.0159507
2024,8,2024-10-27,2024_08_IND_HOU,HOU,-0.12726253,0.41092931178970143,1.8381729
2024,9,2024-10-31,2024_09_HOU_NYJ,HOU,-0.08385155,0.4211579720183616,1.889455
2024,10,2024-11-10,2024_10_DET_HOU,HOU,0.27579755,0.4253791434988914,2.000061
2024,11,2024-11-18,2024_11_HOU_DAL,HOU,-0.0006785281,0.4185012066209545,1.8738705
2024,12,2024-11-24,2024_12_TEN_HOU,HOU,0.16323264,0.414155972730266,2.0032413
2024,13,2024-12-01,2024_13_HOU_JAX,HOU,-0.04265168,0.41304108232966136,1.7651459
2024,15,2024-12-15,2024_15_MIA_HOU,HOU,0.017972203,0.40649346328204233,1.8080753
2024,16,2024-12-21,2024_16_HOU_KC,HOU,-0.072631404,0.40682368861226764,1.8162338
2024,17,2024-12-25,2024_17_BAL_HOU,HOU,-0.011610463,0.4186113913476828,1.9514189
2024,18,2025-01-05,2024_18_HOU_TEN,HOU,-0.17385392,0.41265573084656776,1.6776094
2016,1,2016-09-11,2016_01_DET_IND,IND,,,
2016,2,2016-09-18,2016_02_IND_DEN,IND,,,
2016,3,2016-09-25,2016_03_SD_IND,IND,,,
2016,4,2016-10-02,2016_04_IND_JAX,IND,,,
2016,5,2016-10-09,2016_05_CHI_IND,IND,,,
2016,6,2016-10-16,2016_06_IND_HOU,IND,,,
2016,7,2016-10-23,2016_07_IND_TEN,IND,0.48511994,0.39654864211782076,2.3371212
2016,8,2016-10-30,2016_08_KC_IND,IND,0.4319121,0.4186864196700368,2.195707
2016,9,2016-11-06,2016_09_IND_GB,IND,0.36938632,0.42010511955364893,2.0974166
2016,11,2016-11-20,2016_11_TEN_IND,IND,0.5814648,0.43142653234565004,2.1668608
2016,12,2016-11-24,2016_12_PIT_IND,IND,0.45935562,0.4114631203367834,2.1214063
2016,13,2016-12-05,2016_13_IND_NYJ,IND,0.08789045,0.3986498019679095,1.811642
2016,14,2016-12-11,2016_14_HOU_IND,IND,0.30599013,0.40040017350994767,2.061642
2016,15,2016-12-18,2016_15_IND_MIN,IND,-0.057929117,0.36688782776498163,1.930329
2016,16,2016-12-24,2016_16_IND_OAK,IND,0.40053698,0.38221728588855736,2.3175085
2016,17,2017-01-01,2016_17_JAX_IND,IND,0.29618266,0.3750126317587696,2.2657406
2017,1,2017-09-10,2017_01_IND_LA,IND,,,
2017,2,2017-09-17,2017_02_ARI_IND,IND,,,
2017,3,2017-09-24,2017_03_CLE_IND,IND,,,
2017,4,2017-10-01,2017_04_IND_SEA,IND,,,
2017,5,2017-10-08,2017_05_SF_IND,IND,,,
2017,6,2017-10-16,2017_06_IND_TEN,IND,,,
2017,7,2017-10-22,2017_07_JAX_IND,IND,-0.57191885,0.31687304001922495,1.409091
2017,8,2017-10-29,2017_08_IND_CIN,IND,-0.5563355,0.33285909100527594,1.309091
2017,9,2017-11-05,2017_09_IND_HOU,IND,-0.482515,0.3315415610693249,1.4618686
2017,10,2017-11-12,2017_10_PIT_IND,IND,-0.5257671,0.3432711729477464,1.395202
2017,12,2017-11-26,2017_12_TEN_IND,IND,-0.37396812,0.3508053440235841,1.3909286
2017,13,2017-12-03,2017_13_IND_JAX,IND,-0.6235425,0.34092143122111923,1.3242618
2017,14,2017-12-10,2017_14_IND_BUF,IND,-0.7168517,0.35582078551441293,1.2670227
2017,15,2017-12-14,2017_15_DEN_IND,IND,-0.65615076,0.345547416907711,1.3642449
2017,16,2017-12-23,2017_16_IND_BAL,IND,-0.6606576,0.3363815827418768,1.2855413
2017,17,2017-12-31,2017_17_HOU_IND,IND,-0.6217794,0.33975509965706047,1.3040599
2018,1,2018-09-09,2018_01_CIN_IND,IND,,,
2018,2,2018-09-16,2018_02_IND_WAS,IND,,,
2018,3,2018-09-23,2018_03_IND_PHI,IND,,,
2018,4,2018-09-30,2018_04_HOU_IND,IND,,,
2018,5,2018-10-04,2018_05_IND_NE,IND,,,
2018,6,2018-10-14,2018_06_IND_NYJ,IND,,,
2018,7,2018-10-21,2018_07_BUF_IND,IND,-0.37898943,0.35688945750888706,1.9803323
2018,8,2018-10-28,2018_08_IND_OAK,IND,-0.1097587,0.36576557192477427,2.1457362
2018,10,2018-11-11,2018_10_JAX_IND,IND,0.3602735,0.4145045910628302,2.6318471
2018,11,2018-11-18,2018_11_TEN_IND,IND,0.643984,0.41233735594104964,2.8288171
2018,12,2018-11-25,2018_12_MIA_IND,IND,1.0177106,0.4564532994565029,3.1079836
2018,13,2018-12-02,2018_13_IND_JAX,IND,1.0794815,0.4584679514711549,3.1752913
2018,14,2018-12-09,2018_14_IND_HOU,IND,0.81680584,0.44567472617792964,2.739394
2018,15,2018-12-16,2018_15_DAL_IND,IND,0.725074,0.44402755005158684,2.5588384
2018,16,2018-12-23,2018_16_NYG_IND,IND,0.39073852,0.4237601364684697,2.2602272
2018,17,2018-12-30,2018_17_IND_TEN,IND,0.45706892,0.4362499614582947,2.2875001
2019,1,2019-09-08,2019_01_IND_LAC,IND,,,
2019,2,2019-09-15,2019_02_IND_TEN,IND,,,
2019,3,2019-09-22,2019_03_ATL_IND,IND,,,
2019,4,2019-09-29,2019_04_OAK_IND,IND,,,
2019,5,2019-10-06,2019_05_IND_KC,IND,,,
2019,7,2019-10-20,2019_07_HOU_IND,IND,,,
2019,8,2019-10-27,2019_08_DEN_IND,IND,0.6919379,0.4049870892083347,2.3900793
2019,9,2019-11-03,2019_09_IND_PIT,IND,0.337561,0.4035752506232935,2.1729076
2019,10,2019-11-10,2019_10_MIA_IND,IND,0.21446383,0.4137014601980325,2.2423522
2019,11,2019-11-17,2019_11_JAX_IND,IND,-0.58388335,0.36599897384816416,1.7533411
2019,12,2019-11-21,2019_12_IND_HOU,IND,-0.30788,0.38306246591165616,1.8897047
2019,13,2019-12-01,2019_13_TEN_IND,IND,-0.39592186,0.37116815651734675,1.8878528
2019,14,2019-12-08,2019_14_IND_TB,IND,-0.73017806,0.37839215627677164,1.7169127
2019,15,2019-12-16,2019_15_IND_NO,IND,-0.6342129,0.3562994341840495,1.8614348
2019,16,2019-12-22,2019_16_CAR_IND,IND,-0.7834962,0.33553674779636317,1.6739348
2019,17,2019-12-29,2019_17_IND_JAX,IND,-0.30219784,0.3825011243936069,1.914028
2020,1,2020-09-13,2020_01_IND_JAX,IND,,,
2020,2,2020-09-20,2020_02_MIN_IND,IND,,,
2020,3,2020-09-27,2020_03_NYJ_IND,IND,,,
2020,4,2020-10-04,2020_04_IND_CHI,IND,,,
2020,5,2020-10-11,2020_05_IND_CLE,IND,,,
2020,6,2020-10-18,2020_06_CIN_IND,IND,,,
2020,8,2020-11-01,2020_08_IND_DET,IND,0.3952076,0.4327629060520475,2.2153199
2020,9,2020-11-08,2020_09_BAL_IND,IND,0.4761661,0.4260884590998228,2.3310606
2020,10,2020-11-12,2020_10_IND_TEN,IND,0.09573505,0.3922672340285976,2.036616
2020,11,2020-11-22,2020_11_GB_IND,IND,0.34506813,0.40919594574897605,2.2495792
2020,12,2020-11-29,2020_12_TEN_IND,IND,0.257596,0.4167875604834479,2.3664622
2020,13,2020-12-06,2020_13_IND_HOU,IND,0.23429966,0.39499306709804544,2.3790886
2020,14,2020-12-13,2020_14_IND_LV,IND,0.15110847,0.3950509146937718,2.242725
2020,15,2020-12-20,2020_15_HOU_IND,IND,0.39796555,0.40383840035625745,2.3899472
2020,16,2020-12-27,2020_16_IND_PIT,IND,1.0325836,0.42215382335918056,2.8135583
2020,17,2021-01-03,2020_17_JAX_IND,IND,0.7318178,0.3944852727739632,2.628373
2021,1,2021-09-12,2021_01_SEA_IND,IND,,,
2021,2,2021-09-19,2021_02_LA_IND,IND,,,
2021,3,2021-09-26,2021_03_IND_TEN,IND,,,
2021,4,2021-10-03,2021_04_IND_MIA,IND,,,
2021,5,2021-10-11,2021_05_IND_BAL,IND,,,
2021,6,2021-10-17,2021_06_HOU_IND,IND,,,
2021,7,2021-10-24,2021_07_IND_SF,IND,0.5812033,0.4239393454272508,2.1478114
2021,8,2021-10-31,2021_08_TEN_IND,IND,0.6787951,0.41533343922519067,2.2900026
2021,9,2021-11-04,2021_09_NYJ_IND,IND,0.64200133,0.4258987997905513,2.4147112
2021,10,2021-11-14,2021_10_JAX_IND,IND,1.0829121,0.449965467710223,2.8002331
2021,11,2021-11-21,2021_11_IND_BUF,IND,0.7257316,0.4387523289970842,2.5681818
2021,12,2021-11-28,2021_12_TB_IND,IND,0.8400574,0.4613408479581523,2.9107742
2021,13,2021-12-05,2021_13_IND_HOU,IND,0.67297846,0.46106609465309595,2.8716328
2021,15,2021-12-18,2021_15_NE_IND,IND,0.724222,0.4756313963978849,2.917573
2021,16,2021-12-25,2021_16_IND_ARI,IND,0.7300281,0.46803158879807727,2.838319
2021,17,2022-01-02,2021_17_LV_IND,IND,0.27292353,0.4390757971150128,2.489834
2021,18,2022-01-09,2021_18_IND_JAX,IND,0.32303652,0.43434130986418573,2.6052186
2022,1,2022-09-11,2022_01_IND_HOU,IND,,,
2022,2,2022-09-18,2022_02_IND_JAX,IND,,,
2022,3,2022-09-25,2022_03_KC_IND,IND,,,
2022,4,2022-10-02,2022_04_TEN_IND,IND,,,
2022,5,2022-10-06,2022_05_IND_DEN,IND,,,
2022,6,2022-10-16,2022_06_JAX_IND,IND,,,
2022,7,2022-10-23,2022_07_IND_TEN,IND,-0.43322587,0.3608062546679485,1.5947682
2022,8,2022-10-30,2022_08_WAS_IND,IND,-0.69282836,0.34968957576280807,1.5050246
2022,9,2022-11-06,2022_09_IND_NE,IND,-0.43379495,0.37315839089828984,1.7272469
2022,10,2022-11-13,2022_10_IND_LV,IND,-0.9219735,0.338847289541734,1.4575499
2022,11,2022-11-20,2022_11_PHI_IND,IND,-0.6974575,0.350835301529746,1.521523
2022,12,2022-11-28,2022_12_PIT_IND,IND,-0.72737336,0.3470242556732455,1.6101011
2022,13,2022-12-04,2022_13_IND_DAL,IND,-1.0595689,0.34759090096211304,1.3267677
2022,15,2022-12-17,2022_15_IND_MIN,IND,-1.0486094,0.3353505133540784,1.3862915
2022,16,2022-12-26,2022_16_LAC_IND,IND,-1.0949612,0.34728834404190917,1.3862915
2022,17,2023-01-01,2022_17_IND_NYG,IND,-1.0963732,0.37014548689905197,1.4029583
2022,18,2023-01-08,2022_18_HOU_IND,IND,-1.4075352,0.3588957284270713,1.2093555
2023,1,2023-09-10,2023_01_JAX_IND,IND,,,
2023,2,2023-09-17,2023_02_IND_HOU,IND,,,
2023,3,2023-09-24,2023_03_IND_BAL,IND,,,
2023,4,2023-10-01,2023_04_LA_IND,IND,,,
2023,5,2023-10-08,2023_05_TEN_IND,IND,,,
2023,6,2023-10-15,2023_06_IND_JAX,IND,,,
2023,7,2023-10-22,2023_07_CLE_IND,IND,-0.1826765,0.34321724299665474,1.9675213
2023,8,2023-10-29,2023_08_NO_IND,IND,0.067087665,0.35761133270324447,2.196688
2023,9,2023-11-05,2023_09_IND_CAR,IND,-0.05850893,0.3381944455780241,2.0550213
2023,10,2023-11-12,2023_10_IND_NE,IND,0.0123938685,0.35420833225952436,2.0531275
2023,12,2023-11-26,2023_12_TB_IND,IND,0.023040446,0.35879888060007264,1.9003496
2023,13,2023-12-03,2023_13_IND_TEN,IND,-0.23131402,0.37034432431881187,1.830274
2023,14,2023-12-10,2023_14_IND_CIN,IND,-0.029601477,0.3799441782463968,1.8714827
2023,15,2023-12-16,2023_15_PIT_IND,IND,-0.08366793,0.3898374678271865,1.5968615
2023,16,2023-12-24,2023_16_IND_ATL,IND,-0.20317076,0.41729307549112743,1.6764069
2023,17,2023-12-31,2023_17_LV_IND,IND,-0.39117518,0.3863106109859357,1.6006494
2023,18,2024-01-06,2023_18_HOU_IND,IND,-0.21165836,0.3895116691869938,1.817316
2024,1,2024-09-08,2024_01_HOU_IND,IND,,,
2024,2,2024-09-15,2024_02_IND_GB,IND,,,
2024,3,2024-09-22,2024_03_CHI_IND,IND,,,
2024,4,2024-09-29,2024_04_PIT_IND,IND,,,
2024,5,2024-10-06,2024_05_IND_JAX,IND,,,
2024,6,2024-10-13,2024_06_IND_TEN,IND,,,
2024,7,2024-10-20,2024_07_MIA_IND,IND,0.13462967,0.42611570132748516,2.136655
2024,8,2024-10-27,2024_08_IND_HOU,IND,-0.12898023,0.38576891610890507,1.8417832
2024,9,2024-11-03,2024_09_IND_MIN,IND,-0.052710935,0.3542799207737559,1.9315268
2024,10,2024-11-10,2024_10_BUF_IND,IND,-0.22021891,0.3526406929981645,1.7459208
2024,11,2024-11-17,2024_11_IND_NYJ,IND,-0.45020786,0.3586619444739614,1.6398602
2024,12,2024-11-24,2024_12_DET_IND,IND,-0.6013816,0.3480297831754708,1.5928516
2024,13,2024-12-01,2024_13_IND_NE,IND,-0.83299094,0.34236077625646394,1.3595182
2024,15,2024-12-15,2024_15_IND_DEN,IND,-0.5115767,0.3638122592464084,1.617353
2024,16,2024-12-22,2024_16_TEN_IND,IND,-0.86563486,0.36903141331171635,1.5053872
2024,17,2024-12-29,2024_17_IND_NYG,IND,-0.42856383,0.40006728610895276,1.8865061
2024,18,2025-01-05,2024_18_JAX_IND,IND,-0.13084443,0.41731841846425183,2.041809
2016,1,2016-09-11,2016_01_GB_JAX,JAX,,,
2016,2,2016-09-18,2016_02_JAX_SD,JAX,,,
2016,3,2016-09-25,2016_03_BAL_JAX,JAX,,,
2016,4,2016-10-02,2016_04_IND_JAX,JAX,,,
2016,6,2016-10-16,2016_06_JAX_CHI,JAX,,,
2016,7,2016-10-23,2016_07_OAK_JAX,JAX,,,
2016,8,2016-10-27,2016_08_JAX_TEN,JAX,-0.11216676,0.38623962074573964,1.6707264
2016,9,2016-11-06,2016_09_JAX_KC,JAX,-0.1271282,0.3711380093941283,1.6540599
2016,10,2016-11-13,2016_10_HOU_JAX,JAX,-0.17050152,0.3738695756673612,1.6540599
2016,11,2016-11-20,2016_11_JAX_DET,JAX,-0.1365054,0.37943569757963697,1.786111
2016,12,2016-11-27,2016_12_JAX_BUF,JAX,-0.49875674,0.3513031038626277,1.5956349
2016,13,2016-12-04,2016_13_DEN_JAX,JAX,-0.50809073,0.34560903992992736,1.6777056
2016,14,2016-12-11,2016_14_MIN_JAX,JAX,-0.7053592,0.33227732466806503,1.5596501
2016,15,2016-12-18,2016_15_JAX_HOU,JAX,-0.8531324,0.3175469624377028,1.45965
2016,16,2016-12-24,2016_16_TEN_JAX,JAX,-0.7588508,0.3058257746748484,1.5033008
2016,17,2017-01-01,2016_17_JAX_IND,JAX,-0.47611907,0.31038417923325295,1.5635573
2017,1,2017-09-10,2017_01_JAX_HOU,JAX,,,
2017,2,2017-09-17,2017_02_TEN_JAX,JAX,,,
2017,3,2017-09-24,2017_03_BAL_JAX,JAX,,,
2017,4,2017-10-01,2017_04_JAX_NYJ,JAX,,,
2017,5,2017-10-08,2017_05_JAX_PIT,JAX,,,
2017,6,2017-10-15,2017_06_LA_JAX,JAX,,,
2017,7,2017-10-22,2017_07_JAX_IND,JAX,-0.29736915,0.36148705703775635,1.7339077
2017,9,2017-11-05,2017_09_CIN_JAX,JAX,0.0047795973,0.3796432064439057,1.8235542
2017,10,2017-11-12,2017_10_LAC_JAX,JAX,0.36763418,0.4050368620774603,1.8959447
2017,11,2017-11-19,2017_11_JAX_CLE,JAX,-0.019191572,0.38125320062411566,1.5279207
2017,12,2017-11-26,2017_12_JAX_ARI,JAX,-0.030482432,0.35647853663070167,1.5077819
2017,13,2017-12-03,2017_13_IND_JAX,JAX,-0.18183689,0.36986249063965565,1.4452819
2017,14,2017-12-10,2017_14_SEA_JAX,JAX,0.31353447,0.37827498863548703,1.7984563
2017,15,2017-12-17,2017_15_HOU_JAX,JAX,0.09680455,0.36027182777518324,1.7465082
2017,16,2017-12-24,2017_16_JAX_SF,JAX,0.19493139,0.3443202272005668,1.9674077
2017,17,2017-12-31,2017_17_JAX_TEN,JAX,0.2799667,0.36009437679824585,2.1687653
2018,1,2018-09-09,2018_01_JAX_NYG,JAX,,,
2018,2,2018-09-16,2018_02_NE_JAX,JAX,,,
2018,3,2018-09-23,2018_03_TEN_JAX,JAX,,,
2018,4,2018-09-30,2018_04_NYJ_JAX,JAX,,,
2018,5,2018-10-07,2018_05_JAX_KC,JAX,,,
2018,6,2018-10-14,2018_06_JAX_DAL,JAX,,,
2018,7,2018-10-21,2018_07_HOU_JAX,JAX,-0.70040673,0.33610200857682543,1.3907342
2018,8,2018-10-28,2018_08_PHI_JAX,JAX,-0.9206915,0.3444822526713553,1.3301282
2018,10,2018-11-11,2018_10_JAX_IND,JAX,-1.0001194,0.3279020735911761,1.1604313
2018,11,2018-11-18,2018_11_PIT_JAX,JAX,-0.6489906,0.3538601189571162,1.5028554
2018,12,2018-11-25,2018_12_JAX_BUF,JAX,-0.7994077,0.3400966863830825,1.3088384
2018,13,2018-12-02,2018_13_IND_JAX,JAX,-0.627545,0.3494848291045585,1.4060606
2018,14,2018-12-06,2018_14_JAX_TEN,JAX,-0.5089117,0.35494536884540134,1.3997475
2018,15,2018-12-16,2018_15_WAS_JAX,JAX,-0.4006152,0.34990850755854,1.4300505
2018,16,2018-12-23,2018_16_JAX_MIA,JAX,-0.6372987,0.36439813829817086,1.236111
2018,17,2018-12-30,2018_17_JAX_HOU,JAX,-0.97555715,0.3556528843495676,0.96944445
2019,1,2019-09-08,2019_01_KC_JAX,JAX,,,
2019,2,2019-09-15,2019_02_JAX_HOU,JAX,,,
2019,3,2019-09-19,2019_03_TEN_JAX,JAX,,,
2019,4,2019-09-29,2019_04_JAX_DEN,JAX,,,
2019,5,2019-10-06,2019_05_JAX_CAR,JAX,,,
2019,6,2019-10-13,2019_06_NO_JAX,JAX,,,
2019,7,2019-10-20,2019_07_JAX_CIN,JAX,-0.1283548,0.36181150529364814,1.6936508
2019,8,2019-10-27,2019_08_NYJ_JAX,JAX,-0.23487902,0.37067419683491115,1.5103174
2019,9,2019-11-03,2019_09_HOU_JAX,JAX,-0.07127496,0.36439081971820064,1.7130953
2019,11,2019-11-17,2019_11_JAX_IND,JAX,-0.36505744,0.348009747087128,1.4769841
2019,12,2019-11-24,2019_12_JAX_TEN,JAX,-0.6226039,0.33313503846241943,1.2964286
2019,13,2019-12-01,2019_13_TB_JAX,JAX,-0.6449252,0.3279486326063707,1.2527778
2019,14,2019-12-08,2019_14_LAC_JAX,JAX,-0.8317829,0.32118736917844065,1.3055556
2019,15,2019-12-15,2019_15_JAX_OAK,JAX,-0.9673829,0.2945919936544937,1.2222222
2019,16,2019-12-22,2019_16_JAX_ATL,JAX,-0.84113073,0.3174278255181033,1.1898148
2019,17,2019-12-29,2019_17_IND_JAX,JAX,-0.70046335,0.3182436132657092,1.3299664
2020,1,2020-09-13,2020_01_IND_JAX,JAX,,,
2020,2,2020-09-20,2020_02_JAX_TEN,JAX,,,
2020,3,2020-09-24,2020_03_MIA_JAX,JAX,,,
2020,4,2020-10-04,2020_04_JAX_CIN,JAX,,,
2020,5,2020-10-11,2020_05_JAX_HOU,JAX,,,
2020,6,2020-10-18,2020_06_DET_JAX,JAX,,,
2020,7,2020-10-25,2020_07_JAX_LAC,JAX,0.10213557,0.39143666687672923,2.1146464
2020,9,2020-11-08,2020_09_HOU_JAX,JAX,-0.26109478,0.3769048098448722,1.9595183
2020,10,2020-11-15,2020_10_JAX_GB,JAX,-0.518443,0.3690466050503929,1.7511849
2020,11,2020-11-22,2020_11_PIT_JAX,JAX,-0.48054826,0.3706367456789951,1.7140055
2020,12,2020-11-29,2020_12_CLE_JAX,JAX,-0.9245265,0.35011936953661893,1.3390055
2020,13,2020-12-06,2020_13_JAX_MIN,JAX,-0.5757388,0.35850954160734655,1.568635
2020,14,2020-12-13,2020_14_TEN_JAX,JAX,-0.5379645,0.3842162619352791,1.5262108
2020,15,2020-12-20,2020_15_JAX_BAL,JAX,-0.48149654,0.38194458579996654,1.3828541
2020,16,2020-12-27,2020_16_CHI_JAX,JAX,-0.6495363,0.3560828189659775,1.2948912
2020,17,2021-01-03,2020_17_JAX_IND,JAX,-0.65293163,0.3478815117262087,1.3729798
2021,1,2021-09-12,2021_01_JAX_HOU,JAX,,,
2021,2,2021-09-19,2021_02_DEN_JAX,JAX,,,
2021,3,2021-09-26,2021_03_ARI_JAX,JAX,,,
2021,4,2021-09-30,2021_04_JAX_CIN,JAX,,,
2021,5,2021-10-10,2021_05_TEN_JAX,JAX,,,
2021,6,2021-10-17,2021_06_MIA_JAX,JAX,,,
2021,8,2021-10-31,2021_08_JAX_SEA,JAX,-0.2073405,0.40099090844220714,1.6952921
2021,9,2021-11-07,2021_09_BUF_JAX,JAX,-0.33696505,0.40500452693968736,1.5513529
2021,10,2021-11-14,2021_10_JAX_IND,JAX,-0.43784598,0.38880336698852735,1.484686
2021,11,2021-11-21,2021_11_SF_JAX,JAX,-0.44516468,0.38312848631364665,1.5478729
2021,12,2021-11-28,2021_12_ATL_JAX,JAX,-0.7855258,0.36078679614107423,1.3484682
2021,13,2021-12-05,2021_13_JAX_LA,JAX,-0.7353434,0.3567831398646906,1.2939228
2021,14,2021-12-12,2021_14_JAX_TEN,JAX,-1.0374621,0.3414542557858066,1.0514985
2021,15,2021-12-19,2021_15_HOU_JAX,JAX,-1.201025,0.3186672314613491,0.9454379
2021,16,2021-12-26,2021_16_JAX_NYJ,JAX,-1.1444764,0.3126001041442218,1.0378622
2021,17,2022-01-02,2021_17_JAX_NE,JAX,-0.75479907,0.3313670624945135,1.2088023
2021,18,2022-01-09,2021_18_IND_JAX,JAX,-0.91791016,0.3215356248689582,1.1373738
2022,1,2022-09-11,2022_01_JAX_WAS,JAX,,,
2022,2,2022-09-18,2022_02_IND_JAX,JAX,,,
2022,3,2022-09-25,2022_03_JAX_LAC,JAX,,,
2022,4,2022-10-02,2022_04_JAX_PHI,JAX,,,
2022,5,2022-10-09,2022_05_HOU_JAX,JAX,,,
2022,6,2022-10-16,2022_06_JAX_IND,JAX,,,
2022,7,2022-10-23,2022_07_NYG_JAX,JAX,0.26318905,0.3865909514249532,2.0310607
2022,8,2022-10-30,2022_08_DEN_JAX,JAX,0.31786603,0.3763216939334735,2.012542
2022,9,2022-11-06,2022_09_LV_JAX,JAX,0.1792277,0.40275659296195543,1.9064814
2022,10,2022-11-13,2022_10_JAX_KC,JAX,0.029338589,0.407587641543004,1.7398148
2022,12,2022-11-27,2022_12_BAL_JAX,JAX,0.15302664,0.4172363160491346,1.7890573
2022,13,2022-12-04,2022_13_JAX_DET,JAX,0.3732675,0.4148505536633722,2.1132996
2022,14,2022-12-11,2022_14_JAX_TEN,JAX,0.03039498,0.38656653694368304,1.9225589
2022,15,2022-12-18,2022_15_DAL_JAX,JAX,0.09771877,0.39203634098374857,2.107744
2022,16,2022-12-22,2022_16_JAX_NYJ,JAX,0.24415047,0.40158671831487447,2.2549303
2022,17,2023-01-01,2022_17_JAX_HOU,JAX,0.19867535,0.37975230273045885,2.1625059
2022,18,2023-01-07,2022_18_TEN_JAX,JAX,0.24808006,0.3852977319600986,2.2254431
2023,1,2023-09-10,2023_01_JAX_IND,JAX,,,
2023,2,2023-09-17,2023_02_KC_JAX,JAX,,,
2023,3,2023-09-24,2023_03_HOU_JAX,JAX,,,
2023,4,2023-10-01,2023_04_ATL_JAX,JAX,,,
2023,5,2023-10-08,2023_05_JAX_BUF,JAX,,,
2023,6,2023-10-15,2023_06_IND_JAX,JAX,,,
2023,7,2023-10-19,2023_07_JAX_NO,JAX,-0.12412259,0.39968530557545706,1.783658
2023,8,2023-10-29,2023_08_JAX_PIT,JAX,0.054562595,0.3904743930312112,1.7597264
2023,10,2023-11-12,2023_10_SF_JAX,JAX,0.17213237,0.4091844708321981,1.926393
2023,11,2023-11-19,2023_11_TEN_JAX,JAX,-0.012283991,0.3827583044060317,1.7188172
2023,12,2023-11-26,2023_12_JAX_HOU,JAX,0.36071512,0.3942149827819019,2.090871
2023,13,2023-12-04,2023_13_CIN_JAX,JAX,0.22936535,0.38286348705540624,2.1072853
2023,14,2023-12-10,2023_14_JAX_CLE,JAX,0.25362656,0.3897524314443506,2.0973647
2023,15,2023-12-17,2023_15_BAL_JAX,JAX,0.14809999,0.37895105961356707,2.0415578
2023,16,2023-12-24,2023_16_JAX_TB,JAX,-0.13538478,0.35296899874514254,1.8551941
2023,17,2023-12-31,2023_17_CAR_JAX,JAX,-0.023877835,0.3756704176965615,2.005194
2023,18,2024-01-07,2023_18_JAX_TEN,JAX,-0.44733772,0.3535321650027532,1.769504
2024,1,2024-09-08,2024_01_JAX_MIA,JAX,,,
2024,2,2024-09-15,2024_02_CLE_JAX,JAX,,,
2024,3,2024-09-23,2024_03_JAX_BUF,JAX,,,
2024,4,2024-09-29,2024_04_JAX_HOU,JAX,,,
2024,5,2024-10-06,2024_05_IND_JAX,JAX,,,
2024,6,2024-10-13,2024_06_JAX_CHI,JAX,,,
2024,7,2024-10-20,2024_07_NE_JAX,JAX,0.055256944,0.4308182132715977,1.6992425
2024,8,2024-10-27,2024_08_GB_JAX,JAX,0.41061333,0.4646899391887782,1.9231482
2024,9,2024-11-03,2024_09_JAX_PHI,JAX,0.5146877,0.47191988743588337,2.0526354
2024,10,2024-11-10,2024_10_MIN_JAX,JAX,0.69129974,0.4704922396479414,2.1220796
2024,11,2024-11-17,2024_11_JAX_DET,JAX,0.39612508,0.4641667826974844,1.9609686
2024,13,2024-12-01,2024_13_HOU_JAX,JAX,-0.091792636,0.43348319159722665,1.5581908
2024,14,2024-12-08,2024_14_JAX_TEN,JAX,-0.09741118,0.42619996198427573,1.6248575
2024,15,2024-12-15,2024_15_NYJ_JAX,JAX,-0.44082615,0.3808947270957075,1.3285613
2024,16,2024-12-22,2024_16_JAX_LV,JAX,-0.28127435,0.40023445372710076,1.3990741
2024,17,2024-12-29,2024_17_TEN_JAX,JAX,-0.47565472,0.3940911757088228,1.3574075
2024,18,2025-01-05,2024_18_JAX_IND,JAX,-0.10509776,0.3956442060118531,1.6574074
2016,1,2016-09-11,2016_01_SD_KC,KC,,,
2016,2,2016-09-18,2016_02_KC_HOU,KC,,,
2016,3,2016-09-25,2016_03_NYJ_KC,KC,,,
2016,4,2016-10-02,2016_04_KC_PIT,KC,,,
2016,6,2016-10-16,2016_06_KC_OAK,KC,,,
2016,7,2016-10-23,2016_07_NO_KC,KC,,,
2016,8,2016-10-30,2016_08_KC_IND,KC,-0.088166505,0.4254249271683482,1.7566239
2016,9,2016-11-06,2016_09_JAX_KC,KC,-0.12005218,0.4102130616359699,1.682906
2016,10,2016-11-13,2016_10_KC_CAR,KC,0.053813994,0.40916358201506164,1.7552503
2016,11,2016-11-20,2016_11_TB_KC,KC,0.14003105,0.41381288893709584,1.8007048
2016,12,2016-11-27,2016_12_KC_DEN,KC,0.3634,0.4250559851034377,1.8895937
2016,13,2016-12-04,2016_13_KC_ATL,KC,0.33182305,0.41426173305918557,1.7673715
2016,14,2016-12-08,2016_14_OAK_KC,KC,0.31053987,0.4175596953849257,1.8062605
2016,15,2016-12-18,2016_15_TEN_KC,KC,0.07838383,0.40986190884098533,1.6139526
2016,16,2016-12-25,2016_16_DEN_KC,KC,0.082212515,0.4241227141732192,1.6238734
2016,17,2017-01-01,2016_17_KC_SD,KC,0.19078244,0.4116609205925445,1.8046093
2017,1,2017-09-07,2017_01_KC_NE,KC,,,
2017,2,2017-09-17,2017_02_PHI_KC,KC,,,
2017,3,2017-09-24,2017_03_KC_LAC,KC,,,
2017,4,2017-10-02,2017_04_WAS_KC,KC,,,
2017,5,2017-10-08,2017_05_KC_HOU,KC,,,
2017,6,2017-10-15,2017_06_PIT_KC,KC,,,
2017,7,2017-10-19,2017_07_KC_OAK,KC,0.8760622,0.4443644006306344,2.4348485
2017,8,2017-10-30,2017_08_DEN_KC,KC,1.0578316,0.44804837465191,2.490404
2017,9,2017-11-05,2017_09_KC_DAL,KC,0.86120605,0.4477946468981822,2.3368685
2017,11,2017-11-19,2017_11_KC_NYG,KC,0.81219095,0.43566080851434386,2.220202
2017,12,2017-11-26,2017_12_BUF_KC,KC,0.48022366,0.4271614837650191,1.9618686
2017,13,2017-12-03,2017_13_KC_NYJ,KC,-0.077423505,0.3942210429574455,1.5446192
2017,14,2017-12-10,2017_14_OAK_KC,KC,0.28981778,0.42517960039327557,1.8643161
2017,15,2017-12-16,2017_15_LAC_KC,KC,-0.097519375,0.3975587614162275,1.642094
2017,16,2017-12-24,2017_16_MIA_KC,KC,0.14728709,0.4066087147308867,1.8865385
2017,17,2017-12-31,2017_17_KC_DEN,KC,0.18446879,0.39738968460276564,2.042599
2018,1,2018-09-09,2018_01_KC_LAC,KC,,,
2018,2,2018-09-16,2018_02_KC_PIT,KC,,,
2018,3,2018-09-23,2018_03_SF_KC,KC,,,
2018,4,2018-10-01,2018_04_KC_DEN,KC,,,
2018,5,2018-10-07,2018_05_JAX_KC,KC,,,
2018,6,2018-10-14,2018_06_KC_NE,KC,,,
2018,7,2018-10-21,2018_07_CIN_KC,KC,1.7107224,0.45102966898421437,3.0952346
2018,8,2018-10-28,2018_08_DEN_KC,KC,1.8015548,0.4662115241660696,3.30079
2018,9,2018-11-04,2018_09_KC_CLE,KC,1.5322717,0.4478394833981955,3.1341236
2018,10,2018-11-11,2018_10_ARI_KC,KC,1.5118151,0.45300047467029786,3.1156046
2018,11,2018-11-19,2018_11_KC_LA,KC,1.4063691,0.4574686958430645,3.0595443
2018,13,2018-12-02,2018_13_KC_OAK,KC,1.4281241,0.4896713311706998,3.220602
2018,14,2018-12-09,2018_14_BAL_KC,KC,1.378859,0.47608380337862655,3.1700966
2018,15,2018-12-13,2018_15_LAC_KC,KC,1.0371366,0.4473169641572419,2.8950968
2018,16,2018-12-23,2018_16_KC_SEA,KC,1.2344272,0.4527492697631586,2.9969485
2018,17,2018-12-30,2018_17_OAK_KC,KC,0.98347616,0.4464029038208331,2.7814605
2019,1,2019-09-08,2019_01_KC_JAX,KC,,,
2019,2,2019-09-15,2019_02_KC_OAK,KC,,,
2019,3,2019-09-22,2019_03_BAL_KC,KC,,,
2019,4,2019-09-29,2019_04_KC_DET,KC,,,
2019,5,2019-10-06,2019_05_IND_KC,KC,,,
2019,6,2019-10-13,2019_06_HOU_KC,KC,,,
2019,7,2019-10-17,2019_07_KC_DEN,KC,0.8008769,0.42545386530680646,2.6464646
2019,8,2019-10-27,2019_08_GB_KC,KC,0.37503114,0.3986354735845686,2.2874901
2019,9,2019-11-03,2019_09_MIN_KC,KC,0.28163365,0.3843388769350307,2.3076923
2019,10,2019-11-10,2019_10_KC_TEN,KC,0.011325165,0.37125412399733665,2.0910256
2019,11,2019-11-18,2019_11_KC_LAC,KC,0.14503896,0.39244427643748914,2.1465812
2019,13,2019-12-01,2019_13_OAK_KC,KC,0.31157148,0.4112306829322289,2.263248
2019,14,2019-12-08,2019_14_KC_NE,KC,0.5467465,0.4466204783220243,2.3965812
2019,15,2019-12-15,2019_15_DEN_KC,KC,0.5003929,0.4324456040509963,2.4083333
2019,16,2019-12-22,2019_16_KC_CHI,KC,0.60166496,0.44256681000553555,2.3898149
2019,17,2019-12-29,2019_17_LAC_KC,KC,0.92342144,0.4384986967462458,2.598148
2020,1,2020-09-10,2020_01_HOU_KC,KC,,,
2020,2,2020-09-20,2020_02_KC_LAC,KC,,,
2020,3,2020-09-28,2020_03_KC_BAL,KC,,,
2020,4,2020-10-05,2020_04_NE_KC,KC,,,
2020,5,2020-10-11,2020_05_LV_KC,KC,,,
2020,6,2020-10-19,2020_06_KC_BUF,KC,,,
2020,7,2020-10-25,2020_07_KC_DEN,KC,1.3105565,0.4398468637610052,2.8489897
2020,8,2020-11-01,2020_08_NYJ_KC,KC,1.1194018,0.43245415359051725,2.6937191
2020,9,2020-11-08,2020_09_CAR_KC,KC,1.2744852,0.4554997885111522,2.8937194
2020,11,2020-11-22,2020_11_KC_LV,KC,1.2663138,0.4564273820081901,2.8770525
2020,12,2020-11-29,2020_12_KC_TB,KC,1.6001848,0.47084747837273094,3.2221706
2020,13,2020-12-06,2020_13_DEN_KC,KC,1.7021526,0.4860684106391177,3.1464128
2020,14,2020-12-13,2020_14_KC_MIA,KC,1.5591913,0.4789175059882131,3.031598
2020,15,2020-12-20,2020_15_KC_NO,KC,1.4251356,0.4802703198410269,2.8548582
2020,16,2020-12-27,2020_16_ATL_KC,KC,1.1877316,0.46656100209324763,2.681781
2020,17,2021-01-03,2020_17_LAC_KC,KC,0.93627924,0.4455146616024626,2.4151146
2021,1,2021-09-12,2021_01_CLE_KC,KC,,,
2021,2,2021-09-19,2021_02_KC_BAL,KC,,,
2021,3,2021-09-26,2021_03_LAC_KC,KC,,,
2021,4,2021-10-03,2021_04_KC_PHI,KC,,,
2021,5,2021-10-10,2021_05_BUF_KC,KC,,,
2021,6,2021-10-17,2021_06_KC_WAS,KC,,,
2021,7,2021-10-24,2021_07_KC_TEN,KC,1.305239,0.45095258222078866,3.07298
2021,8,2021-11-01,2021_08_NYG_KC,KC,0.74301547,0.43702952875525153,2.5174243
2021,9,2021-11-07,2021_09_GB_KC,KC,0.53866976,0.4258976471688245,2.3810606
2021,10,2021-11-14,2021_10_KC_LV,KC,0.4302177,0.41358135977232324,2.1780303
2021,11,2021-11-21,2021_11_DAL_KC,KC,0.2153663,0.40127498985082166,1.9863635
2021,13,2021-12-05,2021_13_DEN_KC,KC,0.2549091,0.39387243869827054,1.9521756
2021,14,2021-12-12,2021_14_LV_KC,KC,0.19531333,0.3814577712702341,1.7249027
2021,15,2021-12-16,2021_15_KC_LAC,KC,0.85212827,0.4249035949938356,2.3693473
2021,16,2021-12-26,2021_16_PIT_KC,KC,1.0503359,0.4190556550549866,2.5814683
2021,17,2022-01-02,2021_17_KC_CIN,KC,1.254704,0.43269138689593234,2.9844987
2021,18,2022-01-08,2021_18_KC_DEN,KC,1.1712399,0.44431887206508414,2.8752394
2022,1,2022-09-11,2022_01_KC_ARI,KC,,,
2022,2,2022-09-15,2022_02_LAC_KC,KC,,,
2022,3,2022-09-25,2022_03_KC_IND,KC,,,
2022,4,2022-10-02,2022_04_KC_TB,KC,,,
2022,5,2022-10-10,2022_05_LV_KC,KC,,,
2022,6,2022-10-16,2022_06_BUF_KC,KC,,,
2022,7,2022-10-23,2022_07_KC_SF,KC,1.1212248,0.459546687179263,2.7628787
2022,9,2022-11-06,2022_09_TEN_KC,KC,1.1114107,0.4465270216595975,2.7295456
2022,10,2022-11-13,2022_10_JAX_KC,KC,1.0117296,0.4240942197311815,2.675974
2022,11,2022-11-20,2022_11_KC_LAC,KC,1.1571223,0.4438467819837437,2.8017318
2022,12,2022-11-27,2022_12_LA_KC,KC,1.0550438,0.41520538970598775,2.6350648
2022,13,2022-12-04,2022_13_KC_CIN,KC,1.050828,0.43210353785413597,2.6767318
2022,14,2022-12-11,2022_14_KC_DEN,KC,1.2487314,0.44133123145682956,2.8433983
2022,15,2022-12-18,2022_15_KC_HOU,KC,0.8371658,0.4351176302432283,2.4767315
2022,16,2022-12-24,2022_16_SEA_KC,KC,0.9475939,0.4589067533196321,2.655303
2022,17,2023-01-01,2022_17_DEN_KC,KC,0.8717887,0.45623610746716814,2.6098485
2022,18,2023-01-07,2022_18_KC_LV,KC,0.7027783,0.46145523598175114,2.530303
2023,1,2023-09-07,2023_01_DET_KC,KC,,,
2023,2,2023-09-17,2023_02_KC_JAX,KC,,,
2023,3,2023-09-24,2023_03_CHI_KC,KC,,,
2023,4,2023-10-01,2023_04_KC_NYJ,KC,,,
2023,5,2023-10-08,2023_05_KC_MIN,KC,,,
2023,6,2023-10-12,2023_06_DEN_KC,KC,,,
2023,7,2023-10-22,2023_07_LAC_KC,KC,0.4584284,0.40435299233594685,2.4064395
2023,8,2023-10-29,2023_08_KC_DEN,KC,0.8088994,0.41826893750189204,2.573106
2023,9,2023-11-05,2023_09_MIA_KC,KC,0.54559594,0.4248031902861448,2.4261363
2023,11,2023-11-20,2023_11_PHI_KC,KC,0.33071867,0.40976384963405915,2.0132575
2023,12,2023-11-26,2023_12_KC_LV,KC,0.071635164,0.3985339834910913,1.9008838
2023,13,2023-12-03,2023_13_KC_GB,KC,0.013239265,0.4007403072599151,1.8550504
2023,14,2023-12-10,2023_14_BUF_KC,KC,0.24888389,0.3859128314949393,1.9630051
2023,15,2023-12-17,2023_15_KC_NE,KC,-0.13956502,0.382075650157758,1.7766414
2023,16,2023-12-25,2023_16_LV_KC,KC,-0.001364328,0.37071365033421966,1.9864316
2023,17,2023-12-31,2023_17_CIN_KC,KC,-0.29938707,0.3532803920364338,1.9902195
2023,18,2024-01-07,2023_18_KC_LAC,KC,-0.019850323,0.36197020984389866,2.1707752
2024,1,2024-09-05,2024_01_BAL_KC,KC,,,
2024,2,2024-09-15,2024_02_CIN_KC,KC,,,
2024,3,2024-09-22,2024_03_KC_ATL,KC,,,
2024,4,2024-09-29,2024_04_KC_LAC,KC,,,
2024,5,2024-10-07,2024_05_NO_KC,KC,,,
2024,7,2024-10-20,2024_07_KC_SF,KC,,,
2024,8,2024-10-27,2024_08_KC_LV,KC,0.3626856,0.46182455159376073,2.2651515
2024,9,2024-11-04,2024_09_TB_KC,KC,0.33146927,0.469619431610863,2.3151515
2024,10,2024-11-10,2024_10_DEN_KC,KC,0.55349964,0.4813675505448108,2.4363635
2024,11,2024-11-17,2024_11_KC_BUF,KC,0.4577447,0.4633543238227025,2.3659933
2024,12,2024-11-24,2024_12_KC_CAR,KC,0.62991494,0.4581385239099329,2.4973063
2024,13,2024-11-29,2024_13_LV_KC,KC,0.93078893,0.46652965251100725,2.6889732
2024,14,2024-12-08,2024_14_LAC_KC,KC,0.8217647,0.4350514085327633,2.5286195
2024,15,2024-12-15,2024_15_KC_CLE,KC,0.85227156,0.4470002621482836,2.3804715
2024,16,2024-12-21,2024_16_HOU_KC,KC,0.5571878,0.4312036399746561,2.1592593
2024,17,2024-12-25,2024_17_KC_PIT,KC,0.69668335,0.45027195535118225,2.362963
2024,18,2025-01-05,2024_18_KC_DEN,KC,0.88553435,0.44522582863838883,2.4574075
2016,1,2016-09-12,2016_01_LA_SF,LA,,,
2016,2,2016-09-18,2016_02_SEA_LA,LA,,,
2016,3,2016-09-25,2016_03_LA_TB,LA,,,
2016,4,2016-10-02,2016_04_LA_ARI,LA,,,
2016,5,2016-10-09,2016_05_BUF_LA,LA,,,
2016,6,2016-10-16,2016_06_LA_DET,LA,,,
2016,7,2016-10-23,2016_07_NYG_LA,LA,-0.27284446,0.34625514256466633,1.654759
2016,9,2016-11-06,2016_09_CAR_LA,LA,-0.09082794,0.36382928088056293,1.7829642
2016,10,2016-11-13,2016_10_LA_NYJ,LA,-0.234461,0.3755881635006895,1.7844795
2016,11,2016-11-20,2016_11_MIA_LA,LA,-0.3033658,0.35332557760174005,1.5234071
2016,12,2016-11-27,2016_12_LA_NO,LA,-0.3541031,0.35302398875848445,1.4063436
2016,13,2016-12-04,2016_13_LA_NE,LA,-0.3369443,0.36088210286659855,1.3876957
2016,14,2016-12-11,2016_14_ATL_LA,LA,-0.88934916,0.3263875464970422,0.9325674
2016,15,2016-12-15,2016_15_LA_SEA,LA,-1.0586805,0.3175098109846914,0.95991784
2016,16,2016-12-24,2016_16_SF_LA,LA,-1.2339174,0.32175325936689575,0.8639583
2016,17,2017-01-01,2016_17_ARI_LA,LA,-1.277482,0.33994273583559304,0.96092796
2017,1,2017-09-10,2017_01_IND_LA,LA,,,
2017,2,2017-09-17,2017_02_WAS_LA,LA,,,
2017,3,2017-09-21,2017_03_LA_SF,LA,,,
2017,4,2017-10-01,2017_04_LA_DAL,LA,,,
2017,5,2017-10-08,2017_05_SEA_LA,LA,,,
2017,6,2017-10-15,2017_06_LA_JAX,LA,,,
2017,7,2017-10-22,2017_07_ARI_LA,LA,0.35607052,0.44172611449397164,2.1410534
2017,9,2017-11-05,2017_09_LA_NYG,LA,0.45476612,0.43865814170197287,2.260101
2017,10,2017-11-12,2017_10_HOU_LA,LA,0.86031157,0.4524227721332699,2.665404
2017,11,2017-11-19,2017_11_LA_MIN,LA,0.7208455,0.4586064033169011,2.5190365
2017,12,2017-11-26,2017_12_NO_LA,LA,0.21116321,0.4189800805655784,2.1495922
2017,13,2017-12-03,2017_13_LA_ARI,LA,0.64760417,0.43145456595673043,2.359188
2017,14,2017-12-10,2017_14_PHI_LA,LA,0.6424621,0.43158039911827784,2.470299
2017,15,2017-12-17,2017_15_LA_SEA,LA,0.43286982,0.43443314401647726,2.3155372
2017,16,2017-12-24,2017_16_LA_TEN,LA,0.11264977,0.4303125732292399,2.0833943
2017,17,2017-12-31,2017_17_SF_LA,LA,0.043097675,0.4048338852505518,2.0064714
2018,1,2018-09-10,2018_01_LA_OAK,LA,,,
2018,2,2018-09-16,2018_02_ARI_LA,LA,,,
2018,3,2018-09-23,2018_03_LAC_LA,LA,,,
2018,4,2018-09-27,2018_04_MIN_LA,LA,,,
2018,5,2018-10-07,2018_05_LA_SEA,LA,,,
2018,6,2018-10-14,2018_06_LA_DEN,LA,,,
2018,7,2018-10-21,2018_07_LA_SF,LA,1.3014348,0.5160046911562063,2.8853538
2018,8,2018-10-28,2018_08_GB_LA,LA,1.2714571,0.5152569820751639,2.9506216
2018,9,2018-11-04,2018_09_LA_NO,LA,1.1053325,0.4930427148608967,2.730109
2018,10,2018-11-11,2018_10_SEA_LA,LA,1.0273987,0.4698464666646485,2.7770786
2018,11,2018-11-19,2018_11_KC_LA,LA,1.0721334,0.4655352265579538,2.7947552
2018,13,2018-12-02,2018_13_LA_DET,LA,0.86096686,0.4377601231210857,2.65652
2018,14,2018-12-09,2018_14_LA_CHI,LA,0.8291893,0.4361302084229892,2.6926506
2018,15,2018-12-16,2018_15_PHI_LA,LA,0.3593298,0.40134254238532313,2.2952147
2018,16,2018-12-23,2018_16_LA_ARI,LA,0.24301739,0.4012608339702813,2.2685053
2018,17,2018-12-30,2018_17_SF_LA,LA,0.39006397,0.43029055425000157,2.2548687
2019,1,2019-09-08,2019_01_LA_CAR,LA,,,
2019,2,2019-09-15,2019_02_NO_LA,LA,,,
2019,3,2019-09-22,2019_03_LA_CLE,LA,,,
2019,4,2019-09-29,2019_04_TB_LA,LA,,,
2019,5,2019-10-03,2019_05_LA_SEA,LA,,,
2019,6,2019-10-13,2019_06_SF_LA,LA,,,
2019,7,2019-10-20,2019_07_LA_ATL,LA,-0.2460286,0.38715088696706346,2.0414724
2019,8,2019-10-27,2019_08_CIN_LA,LA,0.011566008,0.3751961243104291,2.2174633
2019,10,2019-11-10,2019_10_LA_PIT,LA,0.24634486,0.3760586876729925,2.208372
2019,11,2019-11-17,2019_11_CHI_LA,LA,-0.073266365,0.37975291011721496,1.9470086
2019,12,2019-11-25,2019_12_BAL_LA,LA,-0.2554436,0.3802304282417919,1.7290598
2019,13,2019-12-01,2019_13_LA_ARI,LA,-0.59362024,0.35659582089007924,1.4373932
2019,14,2019-12-08,2019_14_SEA_LA,LA,-0.029109428,0.3803362008804592,1.7202214
2019,15,2019-12-15,2019_15_LA_DAL,LA,-0.17251308,0.3881636638215586,1.5838579
2019,16,2019-12-21,2019_16_LA_SF,LA,-0.47653985,0.38214038426886726,1.5020396
2019,17,2019-12-29,2019_17_ARI_LA,LA,-0.1553279,0.38409457324228696,1.857809
2020,1,2020-09-13,2020_01_DAL_LA,LA,,,
2020,2,2020-09-20,2020_02_LA_PHI,LA,,,
2020,3,2020-09-27,2020_03_LA_BUF,LA,,,
2020,4,2020-10-04,2020_04_NYG_LA,LA,,,
2020,5,2020-10-11,2020_05_LA_WAS,LA,,,
2020,6,2020-10-18,2020_06_LA_SF,LA,,,
2020,7,2020-10-26,2020_07_CHI_LA,LA,0.657227,0.3805801388154329,2.3876457
2020,8,2020-11-01,2020_08_LA_MIA,LA,0.5671801,0.3898824106177048,2.3923078
2020,10,2020-11-15,2020_10_SEA_LA,LA,-0.19003938,0.3746652884152884,1.9527245
2020,11,2020-11-23,2020_11_LA_TB,LA,-0.44633505,0.3570652033152033,1.8027244
2020,12,2020-11-29,2020_12_SF_LA,LA,-0.3623947,0.372757289007289,1.8655449
2020,13,2020-12-06,2020_13_LA_ARI,LA,-0.7493033,0.3745472525160025,1.6181844
2020,14,2020-12-10,2020_14_NE_LA,LA,-0.6030049,0.394002257387674,1.7959622
2020,15,2020-12-20,2020_15_NYJ_LA,LA,-0.56137,0.38319470074678413,1.7382698
2020,16,2020-12-27,2020_16_LA_SEA,LA,-0.44289422,0.36796201676410006,1.8642168
2020,17,2021-01-03,2020_17_ARI_LA,LA,-0.6217099,0.3523909211930045,1.6308836
2021,1,2021-09-12,2021_01_CHI_LA,LA,,,
2021,2,2021-09-19,2021_02_LA_IND,LA,,,
2021,3,2021-09-26,2021_03_TB_LA,LA,,,
2021,4,2021-10-03,2021_04_ARI_LA,LA,,,
2021,5,2021-10-07,2021_05_LA_SEA,LA,,,
2021,6,2021-10-17,2021_06_LA_NYG,LA,,,
2021,7,2021-10-24,2021_07_DET_LA,LA,0.86082166,0.3934664237360315,2.8279202
2021,8,2021-10-31,2021_08_LA_HOU,LA,0.7370698,0.3816439252468664,2.6649573
2021,9,2021-11-07,2021_09_TEN_LA,LA,0.8646404,0.3933666007195418,2.742735
2021,10,2021-11-15,2021_10_LA_SF,LA,0.31894723,0.3901600632482985,2.4184926
2021,12,2021-11-28,2021_12_LA_GB,LA,0.16884129,0.36722518222518225,2.251826
2021,13,2021-12-05,2021_13_JAX_LA,LA,-0.06081127,0.35786929340500767,2.2240481
2021,14,2021-12-13,2021_14_LA_ARI,LA,0.10060489,0.38049180977752406,2.3535354
2021,15,2021-12-21,2021_15_SEA_LA,LA,0.13892122,0.3878606446463589,2.3868687
2021,16,2021-12-26,2021_16_LA_MIN,LA,-0.07535639,0.36274756328327756,2.1621213
2021,17,2022-01-02,2021_17_LA_BAL,LA,0.19288981,0.38086324389895815,2.2530303
2021,18,2022-01-09,2021_18_SF_LA,LA,0.3811423,0.3985580490937634,2.419697
2022,1,2022-09-08,2022_01_BUF_LA,LA,,,
2022,2,2022-09-18,2022_02_ATL_LA,LA,,,
2022,3,2022-09-25,2022_03_LA_ARI,LA,,,
2022,4,2022-10-03,2022_04_LA_SF,LA,,,
2022,5,2022-10-09,2022_05_DAL_LA,LA,,,
2022,6,2022-10-16,2022_06_CAR_LA,LA,,,
2022,8,2022-10-30,2022_08_SF_LA,LA,-0.99548626,0.37001702327348496,1.6222223
2022,9,2022-11-06,2022_09_LA_TB,LA,-0.7592135,0.35568823991692383,1.7148148
2022,10,2022-11-13,2022_10_ARI_LA,LA,-0.78177875,0.31421667907036294,1.3998798
2022,11,2022-11-20,2022_11_LA_NO,LA,-1.0830146,0.3027225713262552,1.3241222
2022,12,2022-11-27,2022_12_LA_KC,LA,-0.90839976,0.29658106577298493,1.4771525
2022,13,2022-12-04,2022_13_SEA_LA,LA,-0.606613,0.28260395537430594,1.5049304
2022,14,2022-12-08,2022_14_LV_LA,LA,-0.5434807,0.2912701629041498,1.5246272
2022,15,2022-12-19,2022_15_LA_GB,LA,-0.49103037,0.31013473454649926,1.5487013
2022,16,2022-12-25,2022_16_DEN_LA,LA,-0.493605,0.334519204243469,1.6439394
2022,17,2023-01-01,2022_17_LA_LAC,LA,0.16100337,0.3845780343022989,2.1363637
2022,18,2023-01-08,2022_18_LA_SEA,LA,0.066714965,0.3694070941313588,2.0
2023,1,2023-09-10,2023_01_LA_SEA,LA,,,
2023,2,2023-09-17,2023_02_SF_LA,LA,,,
2023,3,2023-09-25,2023_03_LA_CIN,LA,,,
2023,4,2023-10-01,2023_04_LA_IND,LA,,,
2023,5,2023-10-08,2023_05_PHI_LA,LA,,,
2023,6,2023-10-15,2023_06_ARI_LA,LA,,,
2023,7,2023-10-22,2023_07_PIT_LA,LA,0.36585426,0.37800611058093,2.288889
2023,8,2023-10-29,2023_08_LA_DAL,LA,-0.16913418,0.36201987826987825,2.0166667
2023,9,2023-11-05,2023_09_LA_GB,LA,-0.2846903,0.3383701609837973,1.9363637
2023,11,2023-11-19,2023_11_SEA_LA,LA,-0.5891335,0.33051077499941134,1.759596
2023,12,2023-11-26,2023_12_LA_ARI,LA,-0.80446786,0.321530414030414,1.6143938
2023,13,2023-12-03,2023_13_CLE_LA,LA,-0.49987316,0.35376285751285746,1.939394
2023,14,2023-12-10,2023_14_LA_BAL,LA,-0.49068394,0.3590019702519702,1.9419581
2023,15,2023-12-17,2023_15_WAS_LA,LA,-0.2115042,0.3553172824326671,2.0304196
2023,16,2023-12-21,2023_16_NO_LA,LA,-0.11784464,0.3777348059865542,2.1162782
2023,17,2023-12-31,2023_17_LA_NYG,LA,0.39081094,0.41808144192142543,2.5708237
2023,18,2024-01-07,2023_18_LA_SF,LA,0.41914782,0.4200497177533376,2.6227715
2024,1,2024-09-08,2024_01_LA_DET,LA,,,
2024,2,2024-09-15,2024_02_LA_ARI,LA,,,
2024,3,2024-09-22,2024_03_SF_LA,LA,,,
2024,4,2024-09-29,2024_04_LA_CHI,LA,,,
2024,5,2024-10-06,2024_05_GB_LA,LA,,,
2024,7,2024-10-20,2024_07_LV_LA,LA,,,
2024,8,2024-10-24,2024_08_MIN_LA,LA,-0.21212222,0.4516260346407405,1.6961538
2024,9,2024-11-03,2024_09_LA_SEA,LA,-0.047419917,0.4569415319006822,1.8813391
2024,10,2024-11-11,2024_10_MIA_LA,LA,0.06945135,0.4313499013090516,1.9368945
2024,11,2024-11-17,2024_11_LA_NE,LA,-0.4109302,0.42093480640197806,1.6641674
2024,12,2024-11-24,2024_12_PHI_LA,LA,-0.22652452,0.4466388708560425,1.830834
2024,13,2024-12-01,2024_13_LA_NO,LA,-0.13324513,0.4411339591011308,1.9475007
2024,14,2024-12-08,2024_14_BUF_LA,LA,0.3112726,0.4292431749881245,2.1569023
2024,15,2024-12-12,2024_15_LA_SF,LA,0.47861484,0.44803384933435436,2.271717
2024,16,2024-12-22,2024_16_LA_NYJ,LA,0.45590532,0.4471167613718119,2.231313
2024,17,2024-12-28,2024_17_ARI_LA,LA,0.8081222,0.45515170307152625,2.3998737
2024,18,2025-01-05,2024_18_SEA_LA,LA,0.5171052,0.43519799936782255,2.1498737
2016,1,2016-09-11,2016_01_SD_KC,LAC,,,
2016,2,2016-09-18,2016_02_JAX_SD,LAC,,,
2016,3,2016-09-25,2016_03_SD_IND,LAC,,,
2016,4,2016-10-02,2016_04_NO_SD,LAC,,,
2016,5,2016-10-09,2016_05_SD_OAK,LAC,,,
2016,6,2016-10-13,2016_06_DEN_SD,LAC,,,
2016,7,2016-10-23,2016_07_SD_ATL,LAC,0.15555505,0.36230245335637495,2.2552447
2016,8,2016-10-30,2016_08_SD_DEN,LAC,0.12045121,0.36522653544712363,2.3802447
2016,9,2016-11-06,2016_09_TEN_SD,LAC,-0.36631846,0.3252216175255391,1.9969114
2016,10,2016-11-13,2016_10_MIA_SD,LAC,-0.1631613,0.3435752424581114,2.151923
2016,12,2016-11-27,2016_12_SD_HOU,LAC,-0.10205076,0.359420258915873,2.049359
2016,13,2016-12-04,2016_13_TB_SD,LAC,-0.15027998,0.3666142223598364,1.91047
2016,14,2016-12-11,2016_14_SD_CAR,LAC,-0.15466243,0.3745801915758056,2.0168803
2016,15,2016-12-18,2016_15_OAK_SD,LAC,-0.4122727,0.33707487282048687,1.7220086
2016,16,2016-12-24,2016_16_SD_CLE,LAC,-0.26843563,0.3384154458277265,1.8199884
2016,17,2017-01-01,2016_17_KC_SD,LAC,-0.40844682,0.3173201181534515,1.6801282
2017,1,2017-09-11,2017_01_LAC_DEN,LAC,,,
2017,2,2017-09-17,2017_02_MIA_LAC,LAC,,,
2017,3,2017-09-24,2017_03_KC_LAC,LAC,,,
2017,4,2017-10-01,2017_04_PHI_LAC,LAC,,,
2017,5,2017-10-08,2017_05_LAC_NYG,LAC,,,
2017,6,2017-10-15,2017_06_LAC_OAK,LAC,,,
2017,7,2017-10-22,2017_07_DEN_LAC,LAC,-0.028541772,0.38604246646544627,1.8337182
2017,8,2017-10-29,2017_08_LAC_NE,LAC,-0.05482332,0.37086544263457627,1.7078441
2017,10,2017-11-12,2017_10_LAC_JAX,LAC,-0.06911304,0.3666049808741145,1.6096959
2017,11,2017-11-19,2017_11_BUF_LAC,LAC,0.026782742,0.3616126037226464,1.635264
2017,12,2017-11-23,2017_12_LAC_DAL,LAC,-0.037150454,0.39031714800258754,1.6908196
2017,13,2017-12-03,2017_13_CLE_LAC,LAC,0.24669997,0.3944896344667406,1.7767984
2017,14,2017-12-10,2017_14_WAS_LAC,LAC,0.4041915,0.4093314747252476,1.8453169
2017,15,2017-12-16,2017_15_LAC_KC,LAC,0.4947839,0.43461367116129024,2.0376246
2017,16,2017-12-24,2017_16_LAC_NYJ,LAC,0.376919,0.4256406071882262,2.0179276
2017,17,2017-12-31,2017_17_OAK_LAC,LAC,0.44394827,0.4251529004505195,2.0203316
2018,1,2018-09-09,2018_01_KC_LAC,LAC,,,
2018,2,2018-09-16,2018_02_LAC_BUF,LAC,,,
2018,3,2018-09-23,2018_03_LAC_LA,LAC,,,
2018,4,2018-09-30,2018_04_SF_LAC,LAC,,,
2018,5,2018-10-07,2018_05_OAK_LAC,LAC,,,
2018,6,2018-10-14,2018_06_LAC_CLE,LAC,,,
2018,7,2018-10-21,2018_07_TEN_LAC,LAC,0.45884883,0.43094422552755884,2.5730317
2018,9,2018-11-04,2018_09_LAC_SEA,LAC,0.5694568,0.43760006968340304,2.5191596
2018,10,2018-11-11,2018_10_LAC_OAK,LAC,0.5302987,0.422640954724288,2.3764827
2018,11,2018-11-18,2018_11_DEN_LAC,LAC,0.60611695,0.4195545349712016,2.3209274
2018,12,2018-11-25,2018_12_ARI_LAC,LAC,0.7987144,0.41985756527423196,2.2824657
2018,13,2018-12-02,2018_13_LAC_PIT,LAC,0.87558484,0.4181110289822411,2.5309505
2018,14,2018-12-09,2018_14_CIN_LAC,LAC,0.9328372,0.4134635930848052,2.452862
2018,15,2018-12-13,2018_15_LAC_KC,LAC,0.8171236,0.40942499279620487,2.515825
2018,16,2018-12-22,2018_16_BAL_LAC,LAC,1.0656165,0.4147664106376227,2.7649832
2018,17,2018-12-30,2018_17_LAC_DEN,LAC,0.54372156,0.39801749597204145,2.5335016
2019,1,2019-09-08,2019_01_IND_LAC,LAC,,,
2019,2,2019-09-15,2019_02_LAC_DET,LAC,,,
2019,3,2019-09-22,2019_03_HOU_LAC,LAC,,,
2019,4,2019-09-29,2019_04_LAC_MIA,LAC,,,
2019,5,2019-10-06,2019_05_DEN_LAC,LAC,,,
2019,6,2019-10-13,2019_06_PIT_LAC,LAC,,,
2019,7,2019-10-20,2019_07_LAC_TEN,LAC,0.09093797,0.450275505026322,2.0611112
2019,8,2019-10-27,2019_08_LAC_CHI,LAC,-0.12058713,0.4322499092229484,1.875926
2019,9,2019-11-03,2019_09_GB_LAC,LAC,-0.16069722,0.41548403620707536,1.9925927
2019,10,2019-11-07,2019_10_LAC_OAK,LAC,0.019361654,0.42225912839883434,2.1407406
2019,11,2019-11-18,2019_11_KC_LAC,LAC,-0.38449785,0.40324855699855694,1.8793772
2019,13,2019-12-01,2019_13_LAC_DEN,LAC,-0.14482863,0.3883207945830494,2.018266
2019,14,2019-12-08,2019_14_LAC_JAX,LAC,-0.014050056,0.39352891434999276,2.0682662
2019,15,2019-12-15,2019_15_MIN_LAC,LAC,0.43927726,0.43113593695701535,2.4478958
2019,16,2019-12-22,2019_16_OAK_LAC,LAC,0.21053113,0.4231738758699543,2.3034513
2019,17,2019-12-29,2019_17_LAC_KC,LAC,0.053267688,0.40910381013322183,2.105303
2020,1,2020-09-13,2020_01_LAC_CIN,LAC,,,
2020,2,2020-09-20,2020_02_KC_LAC,LAC,,,
2020,3,2020-09-27,2020_03_CAR_LAC,LAC,,,
2020,4,2020-10-04,2020_04_LAC_TB,LAC,,,
2020,5,2020-10-12,2020_05_LAC_NO,LAC,,,
2020,7,2020-10-25,2020_07_JAX_LAC,LAC,,,
2020,8,2020-11-01,2020_08_LAC_DEN,LAC,-0.31733522,0.3564518551827321,1.8835193
2020,9,2020-11-08,2020_09_LV_LAC,LAC,-0.12001109,0.37319692160728574,2.0950577
2020,10,2020-11-15,2020_10_LAC_MIA,LAC,-0.0640322,0.3744099387529654,2.2253606
2020,11,2020-11-22,2020_11_NYJ_LAC,LAC,-0.073159635,0.3618115722072304,2.3011184
2020,12,2020-11-29,2020_12_LAC_BUF,LAC,-0.065494515,0.38265680263708424,2.3781385
2020,13,2020-12-06,2020_13_NE_LAC,LAC,-0.096035086,0.38539997271656384,2.2928212
2020,14,2020-12-13,2020_14_ATL_LAC,LAC,-0.8225898,0.35706326012660444,1.8285354
2020,15,2020-12-17,2020_15_LAC_LV,LAC,-0.838317,0.3609233464213313,1.782239
2020,16,2020-12-27,2020_16_DEN_LAC,LAC,-0.68802077,0.36035361900519863,1.9044613
2020,17,2021-01-03,2020_17_LAC_KC,LAC,-0.53810537,0.3689075650591447,1.8741583
2021,1,2021-09-12,2021_01_LAC_WAS,LAC,,,
2021,2,2021-09-19,2021_02_DAL_LAC,LAC,,,
2021,3,2021-09-26,2021_03_LAC_KC,LAC,,,
2021,4,2021-10-04,2021_04_LV_LAC,LAC,,,
2021,5,2021-10-10,2021_05_CLE_LAC,LAC,,,
2021,6,2021-10-17,2021_06_LAC_BAL,LAC,,,
2021,8,2021-10-31,2021_08_NE_LAC,LAC,0.19998534,0.37158336106451717,2.357113
2021,9,2021-11-07,2021_09_LAC_PHI,LAC,0.04576445,0.3531754957816519,2.3200758
2021,10,2021-11-14,2021_10_MIN_LAC,LAC,0.40337074,0.3550772260250313,2.5284092
2021,11,2021-11-21,2021_11_PIT_LAC,LAC,0.085457504,0.3396065393043446,2.3617425
2021,12,2021-11-28,2021_12_LAC_DEN,LAC,0.2571257,0.3556598940831895,2.5940657
2021,13,2021-12-05,2021_13_LAC_CIN,LAC,-0.2521098,0.366988103818262,2.1820285
2021,14,2021-12-12,2021_14_NYG_LAC,LAC,0.08622762,0.3987212936683349,2.507786
2021,15,2021-12-16,2021_15_KC_LAC,LAC,0.3680049,0.4154197572417986,2.6883419
2021,16,2021-12-26,2021_16_LAC_HOU,LAC,0.019523105,0.41754319650678196,2.550084
2021,17,2022-01-02,2021_17_DEN_LAC,LAC,0.23118977,0.4565570530206384,2.700084
2021,18,2022-01-09,2021_18_LAC_LV,LAC,0.38385403,0.4703610322657941,2.6455386
2022,1,2022-09-11,2022_01_LV_LAC,LAC,,,
2022,2,2022-09-15,2022_02_LAC_KC,LAC,,,
2022,3,2022-09-25,2022_03_JAX_LAC,LAC,,,
2022,4,2022-10-02,2022_04_LAC_HOU,LAC,,,
2022,5,2022-10-09,2022_05_LAC_CLE,LAC,,,
2022,6,2022-10-17,2022_06_DEN_LAC,LAC,,,
2022,7,2022-10-23,2022_07_SEA_LAC,LAC,-0.11222532,0.34786388926317624,2.054293
2022,9,2022-11-06,2022_09_LAC_ATL,LAC,-0.2745469,0.3366417430031512,1.9823232
2022,10,2022-11-13,2022_10_LAC_SF,LAC,-0.32663703,0.32590758518566004,1.9823232
2022,11,2022-11-20,2022_11_KC_LAC,LAC,-0.1066327,0.3230806667337416,2.058081
2022,12,2022-11-27,2022_12_LAC_ARI,LAC,-0.079020135,0.3441301496582245,2.0358586
2022,13,2022-12-04,2022_13_LAC_LV,LAC,-0.32648662,0.33952137459490395,1.960101
2022,14,2022-12-11,2022_14_MIA_LAC,LAC,-0.43045473,0.33937196113478163,1.8756994
2022,15,2022-12-18,2022_15_TEN_LAC,LAC,-0.17154683,0.33844031743353004,1.9325175
2022,16,2022-12-26,2022_16_LAC_IND,LAC,-0.27710256,0.3473264004862798,1.8352952
2022,17,2023-01-01,2022_17_LA_LAC,LAC,-0.28061387,0.36449765515753446,1.8959013
2022,18,2023-01-08,2022_18_LAC_DEN,LAC,-0.10077878,0.36595278952933546,2.0199754
2023,1,2023-09-10,2023_01_MIA_LAC,LAC,,,
2023,2,2023-09-17,2023_02_LAC_TEN,LAC,,,
2023,3,2023-09-24,2023_03_LAC_MIN,LAC,,,
2023,4,2023-10-01,2023_04_LV_LAC,LAC,,,
2023,6,2023-10-16,2023_06_DAL_LAC,LAC,,,
2023,7,2023-10-22,2023_07_LAC_KC,LAC,,,
2023,8,2023-10-29,2023_08_CHI_LAC,LAC,0.23700567,0.3729103114898569,2.228788
2023,9,2023-11-06,2023_09_LAC_NYJ,LAC,0.097096674,0.3605816910362365,2.162121
2023,10,2023-11-12,2023_10_DET_LAC,LAC,-0.03662239,0.361448245187741,2.0484848
2023,11,2023-11-19,2023_11_LAC_GB,LAC,0.2300456,0.36106079492106363,2.2575758
2023,12,2023-11-26,2023_12_BAL_LAC,LAC,0.32890052,0.36589061367133696,2.2272727
2023,13,2023-12-03,2023_13_LAC_NE,LAC,0.104985505,0.35030266416293293,2.0954545
2023,14,2023-12-10,2023_14_DEN_LAC,LAC,-0.12585102,0.36260563896590775,1.9287878
2023,15,2023-12-14,2023_15_LAC_LV,LAC,-0.6088548,0.344425393285662,1.5185314
2023,16,2023-12-23,2023_16_BUF_LAC,LAC,-0.8400888,0.33165529094273055,1.5018648
2023,17,2023-12-31,2023_17_LAC_DEN,LAC,-1.157427,0.3146236633736634,1.174087
2023,18,2024-01-07,2023_18_KC_LAC,LAC,-1.357479,0.32308011853466395,1.0210568
2024,1,2024-09-08,2024_01_LV_LAC,LAC,,,
2024,2,2024-09-15,2024_02_LAC_CAR,LAC,,,
2024,3,2024-09-22,2024_03_LAC_PIT,LAC,,,
2024,4,2024-09-29,2024_04_KC_LAC,LAC,,,
2024,6,2024-10-13,2024_06_LAC_DEN,LAC,,,
2024,7,2024-10-21,2024_07_LAC_ARI,LAC,,,
2024,8,2024-10-27,2024_08_NO_LAC,LAC,-0.1579914,0.38116472682760566,1.6374806
2024,9,2024-11-03,2024_09_LAC_CLE,LAC,0.0092474865,0.38395294737898406,1.6887627
2024,10,2024-11-10,2024_10_TEN_LAC,LAC,-0.10873435,0.3553052447729481,1.6490802
2024,11,2024-11-17,2024_11_CIN_LAC,LAC,0.2674813,0.3681556042899743,1.9824134
2024,12,2024-11-25,2024_12_BAL_LAC,LAC,0.5890339,0.39845416968469355,2.2516441
2024,13,2024-12-01,2024_13_LAC_ATL,LAC,0.60254055,0.4202672842785568,2.3290854
2024,14,2024-12-08,2024_14_LAC_KC,LAC,0.29737574,0.3982020945663083,2.183252
2024,15,2024-12-15,2024_15_TB_LAC,LAC,0.36476466,0.403659306565918,2.1647334
2024,16,2024-12-19,2024_16_DEN_LAC,LAC,0.18716268,0.4238192392258506,2.1008806
2024,17,2024-12-28,2024_17_LAC_NE,LAC,0.1866275,0.4415015288778372,2.1160321
2024,18,2025-01-05,2024_18_LAC_LV,LAC,0.5315235,0.45042388145403595,2.3468013
2016,1,2016-09-11,2016_01_OAK_NO,LV,,,
2016,2,2016-09-18,2016_02_ATL_OAK,LV,,,
2016,3,2016-09-25,2016_03_OAK_TEN,LV,,,
2016,4,2016-10-02,2016_04_OAK_BAL,LV,,,
2016,5,2016-10-09,2016_05_SD_OAK,LV,,,
2016,6,2016-10-16,2016_06_KC_OAK,LV,,,
2016,7,2016-10-23,2016_07_OAK_JAX,LV,0.14577132,0.41168320581923523,2.105303
2016,8,2016-10-30,2016_08_OAK_TB,LV,0.10098368,0.4092070139199664,1.9980769
2016,9,2016-11-06,2016_09_DEN_OAK,LV,0.103432335,0.38956290967764784,1.9663309
2016,11,2016-11-21,2016_11_HOU_OAK,LV,0.1963046,0.40920276056749877,2.1468863
2016,12,2016-11-27,2016_12_CAR_OAK,LV,0.40792212,0.41751925888399705,2.2448661
2016,13,2016-12-04,2016_13_BUF_OAK,LV,0.34702215,0.41398669486123696,2.0948663
2016,14,2016-12-08,2016_14_OAK_KC,LV,0.7741719,0.4132992110487532,2.4559772
2016,15,2016-12-18,2016_15_OAK_SD,LV,0.3311644,0.39877271609239395,2.199567
2016,16,2016-12-24,2016_16_IND_OAK,LV,0.16328822,0.4040702294256216,2.1303031
2016,17,2017-01-01,2016_17_OAK_DEN,LV,0.19143455,0.3892817193246115,2.1719697
2017,1,2017-09-10,2017_01_OAK_TEN,LV,,,
2017,2,2017-09-17,2017_02_NYJ_OAK,LV,,,
2017,3,2017-09-24,2017_03_OAK_WAS,LV,,,
2017,4,2017-10-01,2017_04_OAK_DEN,LV,,,
2017,5,2017-10-08,2017_05_BAL_OAK,LV,,,
2017,6,2017-10-15,2017_06_LAC_OAK,LV,,,
2017,7,2017-10-19,2017_07_KC_OAK,LV,0.21768583,0.41773581559765766,1.9670273
2017,8,2017-10-29,2017_08_OAK_BUF,LV,0.19095351,0.40640759703259705,2.0503607
2017,9,2017-11-05,2017_09_OAK_MIA,LV,-0.49227178,0.3802637408887409,1.512482
2017,11,2017-11-19,2017_11_NE_OAK,LV,-0.17895508,0.3904248760498761,1.7684344
2017,12,2017-11-26,2017_12_DEN_OAK,LV,-0.034715924,0.4058825869119987,1.7776936
2017,13,2017-12-03,2017_13_NYG_OAK,LV,0.102108024,0.4055202640496758,1.786027
2017,14,2017-12-10,2017_14_OAK_KC,LV,0.15248542,0.3988023238701972,1.851295
2017,15,2017-12-17,2017_15_DAL_OAK,LV,-0.30778947,0.378664313732187,1.5429616
2017,16,2017-12-25,2017_16_OAK_PHI,LV,-0.1505766,0.37814137987591984,1.6456553
2017,17,2017-12-31,2017_17_OAK_LAC,LV,-0.65191555,0.3657363774709174,1.3817663
2018,1,2018-09-10,2018_01_LA_OAK,LV,,,
2018,2,2018-09-16,2018_02_OAK_DEN,LV,,,
2018,3,2018-09-23,2018_03_OAK_MIA,LV,,,
2018,4,2018-09-30,2018_04_CLE_OAK,LV,,,
2018,5,2018-10-07,2018_05_OAK_LAC,LV,,,
2018,6,2018-10-14,2018_06_SEA_OAK,LV,,,
2018,8,2018-10-28,2018_08_IND_OAK,LV,-0.5943726,0.3804556680074728,1.3893518
2018,9,2018-11-01,2018_09_OAK_SF,LV,-0.22134717,0.3807367421521833,1.7109007
2018,10,2018-11-11,2018_10_LAC_OAK,LV,-0.55937546,0.3531589033243445,1.444234
2018,11,2018-11-18,2018_11_OAK_ARI,LV,-0.77941465,0.35693295334839453,1.2412037
2018,12,2018-11-25,2018_12_OAK_BAL,LV,-0.8136313,0.34602152681196796,1.1900133
2018,13,2018-12-02,2018_13_KC_OAK,LV,-0.8905398,0.3313149371053783,1.2624038
2018,14,2018-12-09,2018_14_PIT_OAK,LV,-0.427525,0.33559462261385337,1.6229807
2018,15,2018-12-16,2018_15_OAK_CIN,LV,-0.5486428,0.32811756263679337,1.4680986
2018,16,2018-12-24,2018_16_DEN_OAK,LV,-0.4344375,0.34748250325173397,1.6232268
2018,17,2018-12-30,2018_17_OAK_KC,LV,-0.27898142,0.3465824311016618,1.9323177
2019,1,2019-09-09,2019_01_DEN_OAK,LV,,,
2019,2,2019-09-15,2019_02_KC_OAK,LV,,,
2019,3,2019-09-22,2019_03_OAK_MIN,LV,,,
2019,4,2019-09-29,2019_04_OAK_IND,LV,,,
2019,5,2019-10-06,2019_05_CHI_OAK,LV,,,
2019,7,2019-10-20,2019_07_OAK_GB,LV,,,
2019,8,2019-10-27,2019_08_OAK_HOU,LV,0.3379077,0.3999581187697549,2.021633
2019,9,2019-11-03,2019_09_DET_OAK,LV,0.20549314,0.3918329684571045,1.9216331
2019,10,2019-11-07,2019_10_LAC_OAK,LV,0.54454535,0.39809480426439486,2.2398148
2019,11,2019-11-17,2019_11_CIN_OAK,LV,0.61715686,0.41331803268206774,2.2583334
2019,12,2019-11-24,2019_12_OAK_NYJ,LV,0.48488608,0.4035654781378466,2.1472223
2019,13,2019-12-01,2019_13_OAK_KC,LV,0.085344374,0.38649458606695447,1.8220474
2019,14,2019-12-08,2019_14_TEN_OAK,LV,-0.50409883,0.3761118896535563,1.5887141
2019,15,2019-12-15,2019_15_JAX_OAK,LV,-0.7499742,0.3797062107612464,1.5068959
2019,16,2019-12-22,2019_16_OAK_LAC,LV,-0.9050972,0.38779835010338576,1.3038656
2019,17,2019-12-29,2019_17_OAK_DEN,LV,-0.6310991,0.3871776744827102,1.4260879
2020,1,2020-09-13,2020_01_LV_CAR,LV,,,
2020,2,2020-09-21,2020_02_NO_LV,LV,,,
2020,3,2020-09-27,2020_03_LV_NE,LV,,,
2020,4,2020-10-04,2020_04_BUF_LV,LV,,,
2020,5,2020-10-11,2020_05_LV_KC,LV,,,
2020,7,2020-10-25,2020_07_TB_LV,LV,,,
2020,8,2020-11-01,2020_08_LV_CLE,LV,0.78052133,0.4510602978025364,2.8468015
2020,9,2020-11-08,2020_09_LV_LAC,LV,0.5944343,0.45287238272865643,2.5981243
2020,10,2020-11-15,2020_10_DEN_LV,LV,0.49466646,0.4279085371840028,2.4381914
2020,11,2020-11-22,2020_11_KC_LV,LV,0.696902,0.4195520788275444,2.6095202
2020,12,2020-11-29,2020_12_LV_ATL,LV,1.0083777,0.4107267205740816,2.7576683
2020,13,2020-12-06,2020_13_LV_NYJ,LV,0.2033635,0.3599944474459751,2.2735412
2020,14,2020-12-13,2020_14_IND_LV,LV,0.38436535,0.36964201438520866,2.4010665
2020,15,2020-12-17,2020_15_LAC_LV,LV,0.22256802,0.35477229899949747,2.5201142
2020,16,2020-12-26,2020_16_MIA_LV,LV,0.12618834,0.36076288194166145,2.4595082
2020,17,2021-01-03,2020_17_LV_DEN,LV,0.040868845,0.3631569770440899,2.305662
2021,1,2021-09-13,2021_01_BAL_LV,LV,,,
2021,2,2021-09-19,2021_02_LV_PIT,LV,,,
2021,3,2021-09-26,2021_03_MIA_LV,LV,,,
2021,4,2021-10-04,2021_04_LV_LAC,LV,,,
2021,5,2021-10-10,2021_05_CHI_LV,LV,,,
2021,6,2021-10-17,2021_06_LV_DEN,LV,,,
2021,7,2021-10-24,2021_07_PHI_LV,LV,-0.13519467,0.36843551464874996,1.9783272
2021,9,2021-11-07,2021_09_LV_NYG,LV,0.09114594,0.38701656322979855,2.1354702
2021,10,2021-11-14,2021_10_KC_LV,LV,-0.26391676,0.37906537770508364,1.9688034
2021,11,2021-11-21,2021_11_CIN_LV,LV,-0.38832346,0.3650627137024196,1.8303418
2021,12,2021-11-25,2021_12_LV_DAL,LV,-0.38663277,0.37451314332330377,1.8328671
2021,13,2021-12-05,2021_13_WAS_LV,LV,0.025406381,0.38501292132308174,2.0828671
2021,14,2021-12-12,2021_14_LV_KC,LV,-0.079168476,0.39186969623541223,1.9247475
2021,15,2021-12-20,2021_15_LV_CLE,LV,-0.6078914,0.377325952941669,1.5247475
2021,16,2021-12-26,2021_16_DEN_LV,LV,-0.4909154,0.38171154556255565,1.5247475
2021,17,2022-01-02,2021_17_LV_IND,LV,-0.43003103,0.39814570508495045,1.5747474
2021,18,2022-01-09,2021_18_LAC_LV,LV,-0.13560367,0.4024353548291457,1.7611111
2022,1,2022-09-11,2022_01_LV_LAC,LV,,,
2022,2,2022-09-18,2022_02_ARI_LV,LV,,,
2022,3,2022-09-25,2022_03_LV_TEN,LV,,,
2022,4,2022-10-02,2022_04_DEN_LV,LV,,,
2022,5,2022-10-10,2022_05_LV_KC,LV,,,
2022,7,2022-10-23,2022_07_HOU_LV,LV,,,
2022,8,2022-10-30,2022_08_LV_NO,LV,0.6088429,0.4033215309563349,2.611953
2022,9,2022-11-06,2022_09_LV_JAX,LV,0.27884084,0.3795517821865861,2.324074
2022,10,2022-11-13,2022_10_IND_LV,LV,0.34972844,0.3713194589542628,2.2314816
2022,11,2022-11-20,2022_11_LV_DEN,LV,0.13485423,0.36263401721735056,2.1574075
2022,12,2022-11-27,2022_12_LV_SEA,LV,0.27597502,0.37645208232218036,2.162963
2022,13,2022-12-04,2022_13_LAC_LV,LV,0.12414602,0.3834311298766247,2.1021163
2022,14,2022-12-08,2022_14_LV_LA,LV,-0.2904203,0.36246919572024616,1.8845239
2022,15,2022-12-18,2022_15_NE_LV,LV,0.17461853,0.3924106534394816,2.1808202
2022,16,2022-12-24,2022_16_LV_PIT,LV,0.008774072,0.3922051182339464,2.155179
2022,17,2023-01-01,2022_17_SF_LV,LV,-0.11331704,0.3905300571838854,1.9885124
2022,18,2023-01-07,2022_18_KC_LV,LV,-0.13803317,0.39929018198679095,2.0940678
2023,1,2023-09-10,2023_01_LV_DEN,LV,,,
2023,2,2023-09-17,2023_02_LV_BUF,LV,,,
2023,3,2023-09-24,2023_03_PIT_LV,LV,,,
2023,4,2023-10-01,2023_04_LV_LAC,LV,,,
2023,5,2023-10-09,2023_05_GB_LV,LV,,,
2023,6,2023-10-15,2023_06_NE_LV,LV,,,
2023,7,2023-10-22,2023_07_LV_CHI,LV,-0.34053496,0.3643881220991611,1.7069505
2023,8,2023-10-30,2023_08_LV_DET,LV,-0.7638399,0.3579241953387824,1.5244107
2023,9,2023-11-05,2023_09_NYG_LV,LV,-1.0144907,0.3449236542132413,1.4503368
2023,10,2023-11-12,2023_10_NYJ_LV,LV,-0.9158604,0.35772102273977646,1.6170034
2023,11,2023-11-19,2023_11_LV_MIA,LV,-0.9364582,0.3541973998979717,1.6018519
2023,12,2023-11-26,2023_12_KC_LV,LV,-0.9595285,0.3483624940630659,1.5109428
2023,14,2023-12-10,2023_14_MIN_LV,LV,-1.0948611,0.3404875141047527,1.4424243
2023,15,2023-12-14,2023_15_LAC_LV,LV,-1.2299949,0.32887205001788333,1.2202021
2023,16,2023-12-25,2023_16_LV_KC,LV,-0.6426365,0.3616537359245693,1.6757575
2023,17,2023-12-31,2023_17_LV_IND,LV,-0.7776781,0.3374584096459097,1.3702021
2023,18,2024-01-07,2023_18_DEN_LV,LV,-0.4563774,0.34186188466341977,1.4981481
2024,1,2024-09-08,2024_01_LV_LAC,LV,,,
2024,2,2024-09-15,2024_02_LV_BAL,LV,,,
2024,3,2024-09-22,2024_03_CAR_LV,LV,,,
2024,4,2024-09-29,2024_04_CLE_LV,LV,,,
2024,5,2024-10-06,2024_05_LV_DEN,LV,,,
2024,6,2024-10-13,2024_06_PIT_LV,LV,,,
2024,7,2024-10-20,2024_07_LV_LA,LV,-0.9515133,0.3815957961791295,1.5448718
2024,8,2024-10-27,2024_08_KC_LV,LV,-0.97759503,0.371220220899708,1.6089745
2024,9,2024-11-03,2024_09_LV_CIN,LV,-1.0681652,0.36917196051811435,1.6182337
2024,11,2024-11-17,2024_11_LV_MIA,LV,-1.0988392,0.37140410337525714,1.562678
2024,12,2024-11-24,2024_12_DEN_LV,LV,-0.7786769,0.3965171283832402,1.7120286
2024,13,2024-11-29,2024_13_LV_KC,LV,-0.68853265,0.4109084083995202,1.7259177
2024,14,2024-12-08,2024_14_LV_TB,LV,-0.4481467,0.426150111141223,1.7865237
2024,15,2024-12-16,2024_15_ATL_LV,LV,-0.28125462,0.42894702770562204,1.7911857
2024,16,2024-12-22,2024_16_JAX_LV,LV,-0.555255,0.4069881224133834,1.5458153
2024,17,2024-12-29,2024_17_LV_NO,LV,-0.5963931,0.3839243420579364,1.539405
2024,18,2025-01-05,2024_18_LAC_LV,LV,-0.76277167,0.35727136533057585,1.4658118
2016,1,2016-09-11,2016_01_MIA_SEA,MIA,,,
2016,2,2016-09-18,2016_02_MIA_NE,MIA,,,
2016,3,2016-09-25,2016_03_CLE_MIA,MIA,,,
2016,4,2016-09-29,2016_04_MIA_CIN,MIA,,,
2016,5,2016-10-09,2016_05_TEN_MIA,MIA,,,
2016,6,2016-10-16,2016_06_PIT_MIA,MIA,,,
2016,7,2016-10-23,2016_07_BUF_MIA,MIA,-0.47480905,0.3837220691766146,1.5328283
2016,9,2016-11-06,2016_09_NYJ_MIA,MIA,-0.20400834,0.39182392102846647,1.7828283
2016,10,2016-11-13,2016_10_MIA_SD,MIA,-0.17902951,0.3817908249158249,1.8585858
2016,11,2016-11-20,2016_11_MIA_LA,MIA,0.03599343,0.3946593915343915,1.8724747
2016,12,2016-11-27,2016_12_SF_MIA,MIA,0.13173325,0.4088243931993932,1.9459013
2016,13,2016-12-04,2016_13_MIA_BAL,MIA,0.4697428,0.4094321608526154,2.2489316
2016,14,2016-12-11,2016_14_ARI_MIA,MIA,-0.003890857,0.3874657434316526,1.8852953
2016,15,2016-12-17,2016_15_MIA_NYJ,MIA,-0.24793904,0.3848367751776842,1.7821207
2016,16,2016-12-24,2016_16_MIA_BUF,MIA,-0.27499944,0.3915947898902445,1.7320042
2016,17,2017-01-01,2016_17_NE_MIA,MIA,-0.2645472,0.38366822571368026,1.8206793
2017,2,2017-09-17,2017_02_MIA_LAC,MIA,,,
2017,3,2017-09-24,2017_03_MIA_NYJ,MIA,,,
2017,4,2017-10-01,2017_04_NO_MIA,MIA,,,
2017,5,2017-10-08,2017_05_TEN_MIA,MIA,,,
2017,6,2017-10-15,2017_06_MIA_ATL,MIA,,,
2017,7,2017-10-22,2017_07_NYJ_MIA,MIA,,,
2017,8,2017-10-26,2017_08_MIA_BAL,MIA,-0.6095388,0.3436587640754308,1.2505292
2017,9,2017-11-05,2017_09_OAK_MIA,MIA,-1.222385,0.3217163017758256,0.93386245
2017,10,2017-11-13,2017_10_MIA_CAR,MIA,-0.9012323,0.3373327069755641,1.2141654
2017,11,2017-11-19,2017_11_TB_MIA,MIA,-0.53913635,0.33761308503371995,1.5641655
2017,12,2017-11-26,2017_12_MIA_NE,MIA,-0.50076133,0.3264745796644454,1.6911496
2017,13,2017-12-03,2017_13_DEN_MIA,MIA,-0.7673064,0.34067778900654355,1.473557
2017,14,2017-12-11,2017_14_NE_MIA,MIA,-0.9190901,0.3476950364649675,1.3692154
2017,15,2017-12-17,2017_15_MIA_BUF,MIA,-0.41197026,0.3725829461743058,1.6906438
2017,16,2017-12-24,2017_16_MIA_KC,MIA,-0.5367599,0.3633087644736535,1.5492296
2017,17,2017-12-31,2017_17_BUF_MIA,MIA,-0.7895305,0.36200358816847716,1.3961993
2018,1,2018-09-09,2018_01_TEN_MIA,MIA,,,
2018,2,2018-09-16,2018_02_MIA_NYJ,MIA,,,
2018,3,2018-09-23,2018_03_OAK_MIA,MIA,,,
2018,4,2018-09-30,2018_04_MIA_NE,MIA,,,
2018,5,2018-10-07,2018_05_MIA_CIN,MIA,,,
2018,6,2018-10-14,2018_06_CHI_MIA,MIA,,,
2018,7,2018-10-21,2018_07_DET_MIA,MIA,-0.44730124,0.41579899377518426,1.6797231
2018,8,2018-10-25,2018_08_MIA_HOU,MIA,-0.27801582,0.40630082366193476,1.7471833
2018,9,2018-11-04,2018_09_NYJ_MIA,MIA,-0.20067382,0.38725393690671467,1.78885
2018,10,2018-11-11,2018_10_MIA_GB,MIA,-0.5678901,0.3430555757440678,1.447941
2018,12,2018-11-25,2018_12_MIA_IND,MIA,-0.43305242,0.37753209867647314,1.5418802
2018,13,2018-12-02,2018_13_BUF_MIA,MIA,-0.16651577,0.35525125452062895,1.722436
2018,14,2018-12-09,2018_14_NE_MIA,MIA,-0.23390661,0.3368864017807762,1.6166667
2018,15,2018-12-16,2018_15_MIA_MIN,MIA,-0.19754325,0.3571095942261909,1.7429293
2018,16,2018-12-23,2018_16_JAX_MIA,MIA,-0.5789139,0.33752535901695563,1.5762626
2018,17,2018-12-30,2018_17_MIA_BUF,MIA,-0.8107727,0.3387036384095207,1.6095959
2019,1,2019-09-08,2019_01_BAL_MIA,MIA,,,
2019,2,2019-09-15,2019_02_NE_MIA,MIA,,,
2019,3,2019-09-22,2019_03_MIA_DAL,MIA,,,
2019,4,2019-09-29,2019_04_LAC_MIA,MIA,,,
2019,6,2019-10-13,2019_06_WAS_MIA,MIA,,,
2019,7,2019-10-20,2019_07_MIA_BUF,MIA,,,
2019,8,2019-10-28,2019_08_MIA_PIT,MIA,-1.3937265,0.3416115439694985,1.0381314
2019,9,2019-11-03,2019_09_NYJ_MIA,MIA,-1.3850409,0.33857370988999774,1.065909
2019,10,2019-11-10,2019_10_MIA_IND,MIA,-0.7462475,0.3464624646537526,1.3992424
2019,11,2019-11-17,2019_11_BUF_MIA,MIA,-0.72011393,0.33934546549129885,1.5134616
2019,12,2019-11-24,2019_12_MIA_CLE,MIA,-0.6059571,0.32702637750256797,1.5432234
2019,13,2019-12-01,2019_13_PHI_MIA,MIA,-0.47440085,0.33174018221637264,1.6846375
2019,14,2019-12-08,2019_14_MIA_NYJ,MIA,-0.24520697,0.3332211339245971,1.8485265
2019,15,2019-12-15,2019_15_MIA_NYG,MIA,-0.0014482649,0.349512511845877,2.004082
2019,16,2019-12-22,2019_16_CIN_MIA,MIA,-0.14528799,0.345347810806176,1.927159
2019,17,2019-12-29,2019_17_MIA_NE,MIA,0.23673652,0.35575788684125204,2.1178641
2020,1,2020-09-13,2020_01_MIA_NE,MIA,,,
2020,2,2020-09-20,2020_02_BUF_MIA,MIA,,,
2020,3,2020-09-24,2020_03_MIA_JAX,MIA,,,
2020,4,2020-10-04,2020_04_SEA_MIA,MIA,,,
2020,5,2020-10-11,2020_05_MIA_SF,MIA,,,
2020,6,2020-10-18,2020_06_NYJ_MIA,MIA,,,
2020,8,2020-11-01,2020_08_LA_MIA,MIA,0.69804484,0.42205919635378697,2.4108827
2020,9,2020-11-08,2020_09_MIA_ARI,MIA,0.49929836,0.4216944151730336,2.3738456
2020,10,2020-11-15,2020_10_LAC_MIA,MIA,0.49835145,0.4246360160558109,2.4162698
2020,11,2020-11-22,2020_11_MIA_DEN,MIA,0.2584947,0.4359792098990048,2.3389971
2020,12,2020-11-29,2020_12_MIA_NYJ,MIA,0.05727702,0.40931463178705824,2.1723304
2020,13,2020-12-06,2020_13_CIN_MIA,MIA,-0.26684284,0.3964764283238548,1.8781385
2020,14,2020-12-13,2020_14_KC_MIA,MIA,-0.17507823,0.4102367841296651,1.880303
2020,15,2020-12-20,2020_15_NE_MIA,MIA,-0.004545962,0.41526264864213674,2.035065
2020,16,2020-12-26,2020_16_MIA_LV,MIA,-0.05620757,0.3932363258968598,1.9758058
2020,17,2021-01-03,2020_17_MIA_BUF,MIA,0.055601057,0.37023640914694306,1.8975229
2021,1,2021-09-12,2021_01_MIA_NE,MIA,,,
2021,2,2021-09-19,2021_02_BUF_MIA,MIA,,,
2021,3,2021-09-26,2021_03_MIA_LV,MIA,,,
2021,4,2021-10-03,2021_04_IND_MIA,MIA,,,
2021,5,2021-10-10,2021_05_MIA_TB,MIA,,,
2021,6,2021-10-17,2021_06_MIA_JAX,MIA,,,
2021,7,2021-10-24,2021_07_ATL_MIA,MIA,-0.3956299,0.3396000149390672,1.5215489
2021,8,2021-10-31,2021_08_MIA_BUF,MIA,-0.38406086,0.344897093468469,1.5956229
2021,9,2021-11-07,2021_09_HOU_MIA,MIA,-0.11459754,0.34875812441283327,1.7622895
2021,10,2021-11-11,2021_10_BAL_MIA,MIA,-0.23669882,0.33770075970963526,1.692845
2021,11,2021-11-21,2021_11_MIA_NYJ,MIA,-0.35704693,0.33468262704864543,1.599988
2021,12,2021-11-28,2021_12_CAR_MIA,MIA,-0.3027527,0.3378240816520883,1.6488096
2021,13,2021-12-05,2021_13_NYG_MIA,MIA,-0.29214096,0.3522706554123876,1.7207793
2021,15,2021-12-19,2021_15_NYJ_MIA,MIA,-0.35062814,0.3411826150156351,1.6096681
2021,16,2021-12-27,2021_16_MIA_NO,MIA,-0.2079219,0.34113127746429756,1.8404374
2021,17,2022-01-02,2021_17_MIA_TEN,MIA,-0.21458797,0.34712807773193116,1.7987708
2021,18,2022-01-09,2021_18_NE_MIA,MIA,-0.5251503,0.33164337904918045,1.653749
2022,1,2022-09-11,2022_01_NE_MIA,MIA,,,
2022,2,2022-09-18,2022_02_MIA_BAL,MIA,,,
2022,3,2022-09-25,2022_03_BUF_MIA,MIA,,,
2022,4,2022-09-29,2022_04_MIA_CIN,MIA,,,
2022,5,2022-10-09,2022_05_MIA_NYJ,MIA,,,
2022,6,2022-10-16,2022_06_MIN_MIA,MIA,,,
2022,7,2022-10-23,2022_07_PIT_MIA,MIA,0.20176508,0.4206420636976192,1.986983
2022,8,2022-10-30,2022_08_MIA_DET,MIA,0.10627399,0.38428377178377177,1.9499459
2022,9,2022-11-06,2022_09_MIA_CHI,MIA,0.04531787,0.3808759527509527,1.9594156
2022,10,2022-11-13,2022_10_CLE_MIA,MIA,0.17292635,0.38820510508010503,2.005249
2022,12,2022-11-27,2022_12_HOU_MIA,MIA,0.669035,0.42471905409405414,2.5001986
2022,13,2022-12-04,2022_13_MIA_SF,MIA,0.71041393,0.4281079271257842,2.5498016
2022,14,2022-12-11,2022_14_MIA_LAC,MIA,0.66075724,0.40893087910258236,2.577274
2022,15,2022-12-17,2022_15_MIA_BUF,MIA,0.67453057,0.4072293399010432,2.6126277
2022,16,2022-12-25,2022_16_GB_MIA,MIA,0.5447286,0.4075587558554592,2.4501278
2022,17,2023-01-01,2022_17_MIA_NE,MIA,0.17543918,0.3905467358888937,2.2698247
2022,18,2023-01-08,2022_18_NYJ_MIA,MIA,-0.32154667,0.3588427916849495,1.8657842
2023,1,2023-09-10,2023_01_MIA_LAC,MIA,,,
2023,2,2023-09-17,2023_02_MIA_NE,MIA,,,
2023,3,2023-09-24,2023_03_DEN_MIA,MIA,,,
2023,4,2023-10-01,2023_04_MIA_BUF,MIA,,,
2023,5,2023-10-08,2023_05_NYG_MIA,MIA,,,
2023,6,2023-10-15,2023_06_CAR_MIA,MIA,,,
2023,7,2023-10-22,2023_07_MIA_PHI,MIA,1.0767046,0.4650129151752529,3.098485
2023,8,2023-10-29,2023_08_NE_MIA,MIA,0.63661027,0.46038547191144596,2.756734
2023,9,2023-11-05,2023_09_MIA_KC,MIA,0.5905091,0.43710480377783667,2.8627946
2023,11,2023-11-19,2023_11_LV_MIA,MIA,-0.012042913,0.4126562695078739,2.2415826
2023,12,2023-11-24,2023_12_MIA_NYJ,MIA,-0.041767895,0.39847129022549194,2.1766474
2023,13,2023-12-03,2023_13_MIA_WAS,MIA,-0.0054537132,0.3897984876382157,2.0958393
2023,14,2023-12-11,2023_14_TEN_MIA,MIA,0.23700076,0.410892439982168,2.1625059
2023,15,2023-12-17,2023_15_NYJ_MIA,MIA,0.42148736,0.42773955298312716,2.228033
2023,16,2023-12-24,2023_16_DAL_MIA,MIA,0.4325504,0.4341010291975445,2.258336
2023,17,2023-12-31,2023_17_MIA_BAL,MIA,0.70257115,0.4500700909999396,2.4536223
2023,18,2024-01-07,2023_18_BUF_MIA,MIA,0.6677874,0.46204764296348605,2.479416
2024,1,2024-09-08,2024_01_JAX_MIA,MIA,,,
2024,2,2024-09-12,2024_02_BUF_MIA,MIA,,,
2024,3,2024-09-22,2024_03_MIA_SEA,MIA,,,
2024,4,2024-09-30,2024_04_TEN_MIA,MIA,,,
2024,5,2024-10-06,2024_05_MIA_NE,MIA,,,
2024,7,2024-10-20,2024_07_MIA_IND,MIA,,,
2024,8,2024-10-27,2024_08_ARI_MIA,MIA,-1.3482505,0.37148869422153735,1.0313715
2024,9,2024-11-03,2024_09_MIA_BUF,MIA,-1.0526004,0.37819136654920965,1.2283411
2024,10,2024-11-11,2024_10_MIA_LA,MIA,-0.39644527,0.3901533243445008,1.5616745
2024,11,2024-11-17,2024_11_LV_MIA,MIA,-0.06175217,0.40281739638357283,1.8684926
2024,12,2024-11-24,2024_12_NE_MIA,MIA,0.8111541,0.44448385317608,2.5241702
2024,13,2024-11-28,2024_13_MIA_GB,MIA,0.90831727,0.4577093259603764,2.732795
2024,14,2024-12-08,2024_14_NYJ_MIA,MIA,1.304314,0.47751046103928924,2.908721
2024,15,2024-12-15,2024_15_MIA_HOU,MIA,1.3544183,0.5015815982354265,2.942054
2024,16,2024-12-22,2024_16_SF_MIA,MIA,0.8144054,0.48739832009381495,2.6420543
2024,17,2024-12-29,2024_17_MIA_CLE,MIA,1.1199936,0.5102759054714003,2.7329633
2024,18,2025-01-05,2024_18_MIA_NYJ,MIA,0.4311618,0.4791072841767286,2.1798499
2016,1,2016-09-11,2016_01_MIN_TEN,MIN,,,
2016,2,2016-09-18,2016_02_GB_MIN,MIN,,,
2016,3,2016-09-25,2016_03_MIN_CAR,MIN,,,
2016,4,2016-10-03,2016_04_NYG_MIN,MIN,,,
2016,5,2016-10-09,2016_05_HOU_MIN,MIN,,,
2016,7,2016-10-23,2016_07_MIN_PHI,MIN,,,
2016,8,2016-10-31,2016_08_MIN_CHI,MIN,-0.533777,0.31501364257774517,1.4114219
2016,9,2016-11-06,2016_09_DET_MIN,MIN,-0.5636031,0.3121383851191543,1.3975329
2016,10,2016-11-13,2016_10_MIN_WAS,MIN,-0.56425196,0.31646632569709493,1.3823814
2016,11,2016-11-20,2016_11_ARI_MIN,MIN,-0.45467278,0.3543995036302728,1.5362277
2016,12,2016-11-24,2016_12_MIN_DET,MIN,-0.577549,0.37389194139194143,1.5362277
2016,13,2016-12-01,2016_13_DAL_MIN,MIN,-0.6361559,0.3677025674942341,1.4297462
2016,14,2016-12-11,2016_14_MIN_JAX,MIN,-0.51708144,0.3949550393489787,1.51813
2016,15,2016-12-18,2016_15_IND_MIN,MIN,-0.26092818,0.3858135747529687,1.7302513
2016,16,2016-12-24,2016_16_MIN_GB,MIN,-0.46046686,0.3942652619546559,1.5878271
2016,17,2017-01-01,2016_17_CHI_MIN,MIN,-0.5355893,0.3765789667683607,1.5521127
2017,1,2017-09-11,2017_01_NO_MIN,MIN,,,
2017,2,2017-09-17,2017_02_MIN_PIT,MIN,,,
2017,3,2017-09-24,2017_03_TB_MIN,MIN,,,
2017,4,2017-10-01,2017_04_DET_MIN,MIN,,,
2017,5,2017-10-09,2017_05_MIN_CHI,MIN,,,
2017,6,2017-10-15,2017_06_GB_MIN,MIN,,,
2017,7,2017-10-22,2017_07_BAL_MIN,MIN,-0.2068321,0.3664664007691283,1.8558987
2017,8,2017-10-29,2017_08_MIN_CLE,MIN,-0.49509323,0.3570045457517177,1.682498
2017,10,2017-11-12,2017_10_MIN_WAS,MIN,-0.16744958,0.3710128533612158,1.9503552
2017,11,2017-11-19,2017_11_LA_MIN,MIN,-0.1394047,0.38623854418851095,2.0109613
2017,12,2017-11-23,2017_12_MIN_DET,MIN,0.3153633,0.40483188984068014,2.3049006
2017,13,2017-12-03,2017_13_MIN_ATL,MIN,0.40739205,0.4052555209934779,2.4437897
2017,14,2017-12-10,2017_14_MIN_CAR,MIN,0.5437813,0.416478721382088,2.4081771
2017,15,2017-12-17,2017_15_CIN_MIN,MIN,0.42199254,0.4154314353348019,2.352233
2017,16,2017-12-23,2017_16_MIN_GB,MIN,0.27663168,0.3940118826652493,2.292709
2017,17,2017-12-31,2017_17_CHI_MIN,MIN,-0.039987445,0.3655048607870153,1.9391738
2018,1,2018-09-09,2018_01_SF_MIN,MIN,,,
2018,2,2018-09-16,2018_02_MIN_GB,MIN,,,
2018,3,2018-09-23,2018_03_BUF_MIN,MIN,,,
2018,4,2018-09-27,2018_04_MIN_LA,MIN,,,
2018,5,2018-10-07,2018_05_MIN_PHI,MIN,,,
2018,6,2018-10-14,2018_06_ARI_MIN,MIN,,,
2018,7,2018-10-21,2018_07_MIN_NYJ,MIN,-0.5832036,0.3788339382432789,1.7345988
2018,8,2018-10-28,2018_08_NO_MIN,MIN,-0.4368049,0.3743555483576492,1.8665746
2018,9,2018-11-04,2018_09_DET_MIN,MIN,-0.6010475,0.36314385835919455,1.8281131
2018,11,2018-11-18,2018_11_MIN_CHI,MIN,-0.24626303,0.40552448698982313,2.0447798
2018,12,2018-11-25,2018_12_GB_MIN,MIN,-0.5553691,0.405168025269725,1.8781132
2018,13,2018-12-02,2018_13_MIN_NE,MIN,-0.55981874,0.38904387164557136,1.9538707
2018,14,2018-12-10,2018_14_MIN_SEA,MIN,-0.5696388,0.3931675918407202,1.7839571
2018,15,2018-12-16,2018_15_MIA_MIN,MIN,-0.82355165,0.40183797918757813,1.5272727
2018,16,2018-12-23,2018_16_MIN_DET,MIN,-0.6521341,0.4123614684978321,1.7195805
2018,17,2018-12-30,2018_17_CHI_MIN,MIN,-0.6501454,0.3800240374104011,1.7945805
2019,1,2019-09-08,2019_01_ATL_MIN,MIN,,,
2019,2,2019-09-15,2019_02_MIN_GB,MIN,,,
2019,3,2019-09-22,2019_03_OAK_MIN,MIN,,,
2019,4,2019-09-29,2019_04_MIN_CHI,MIN,,,
2019,5,2019-10-06,2019_05_MIN_NYG,MIN,,,
2019,6,2019-10-13,2019_06_PHI_MIN,MIN,,,
2019,7,2019-10-20,2019_07_MIN_DET,MIN,0.4074242,0.3794598003666631,2.2722223
2019,8,2019-10-24,2019_08_WAS_MIN,MIN,0.7747924,0.38574615290301567,2.441919
2019,9,2019-11-03,2019_09_MIN_KC,MIN,0.9352284,0.3961154710848338,2.6599748
2019,10,2019-11-10,2019_10_MIN_DAL,MIN,0.6540665,0.36550026453212725,2.4127524
2019,11,2019-11-17,2019_11_DEN_MIN,MIN,1.1679645,0.39670637323823604,2.8312712
2019,13,2019-12-02,2019_13_MIN_SEA,MIN,0.8532463,0.3944459442732616,2.8070288
2019,14,2019-12-08,2019_14_DET_MIN,MIN,0.67247206,0.3788523240227786,2.5869431
2019,15,2019-12-15,2019_15_MIN_LAC,MIN,0.16264042,0.36391009033054494,2.2283573
2019,16,2019-12-23,2019_16_GB_MIN,MIN,0.25989765,0.3793958969621849,2.2908573
2019,17,2019-12-29,2019_17_CHI_MIN,MIN,-0.18178348,0.3734390644428524,2.099618
2020,1,2020-09-13,2020_01_GB_MIN,MIN,,,
2020,2,2020-09-20,2020_02_MIN_IND,MIN,,,
2020,3,2020-09-27,2020_03_TEN_MIN,MIN,,,
2020,4,2020-10-04,2020_04_MIN_HOU,MIN,,,
2020,5,2020-10-11,2020_05_MIN_SEA,MIN,,,
2020,6,2020-10-18,2020_06_ATL_MIN,MIN,,,
2020,8,2020-11-01,2020_08_MIN_GB,MIN,0.18711434,0.3564035193286972,2.2785547
2020,9,2020-11-08,2020_09_DET_MIN,MIN,0.37008676,0.35860157920532854,2.3785546
2020,10,2020-11-16,2020_10_MIN_CHI,MIN,0.63679117,0.3928015879507918,2.710373
2020,11,2020-11-22,2020_11_DAL_MIN,MIN,0.60988957,0.38044489194024966,2.5693471
2020,12,2020-11-29,2020_12_CAR_MIN,MIN,0.40710178,0.37030256863504757,2.563034
2020,13,2020-12-06,2020_13_JAX_MIN,MIN,0.25171933,0.37027056537337927,2.5933373
2020,14,2020-12-13,2020_14_MIN_TB,MIN,0.19703801,0.378401217514448,2.5343094
2020,15,2020-12-20,2020_15_CHI_MIN,MIN,-0.23855476,0.366167699782119,2.1593094
2020,16,2020-12-25,2020_16_MIN_NO,MIN,-0.20653753,0.36094857126753593,2.094158
2020,17,2021-01-03,2020_17_MIN_DET,MIN,-0.017047575,0.3751871105060751,2.350568
2021,1,2021-09-12,2021_01_MIN_CIN,MIN,,,
2021,2,2021-09-19,2021_02_MIN_ARI,MIN,,,
2021,3,2021-09-26,2021_03_SEA_MIN,MIN,,,
2021,4,2021-10-03,2021_04_CLE_MIN,MIN,,,
2021,5,2021-10-10,2021_05_DET_MIN,MIN,,,
2021,6,2021-10-17,2021_06_MIN_CAR,MIN,,,
2021,8,2021-10-31,2021_08_DAL_MIN,MIN,0.1275943,0.36905112983761423,2.02297
2021,9,2021-11-07,2021_09_MIN_BAL,MIN,-0.030110849,0.35635639607759706,1.9375
2021,10,2021-11-14,2021_10_MIN_LAC,MIN,0.086600184,0.34446967169087267,2.032197
2021,11,2021-11-21,2021_11_GB_MIN,MIN,-0.203586,0.3333497845098224,1.8162879
2021,12,2021-11-28,2021_12_MIN_SF,MIN,0.4174193,0.3629350719076098,2.3486953
2021,13,2021-12-05,2021_13_MIN_DET,MIN,0.5259369,0.37137370117957236,2.4459174
2021,14,2021-12-09,2021_14_PIT_MIN,MIN,0.5675355,0.37854549350761474,2.4667509
2021,15,2021-12-20,2021_15_MIN_CHI,MIN,0.6408116,0.39228125027221766,2.706067
2021,16,2021-12-26,2021_16_LA_MIN,MIN,0.37176454,0.378633593916228,2.4724813
2021,17,2022-01-02,2021_17_MIN_GB,MIN,0.112324335,0.37485106892158176,2.3828347
2021,18,2022-01-09,2021_18_CHI_MIN,MIN,-0.5062558,0.3447284137989266,1.9047203
2022,1,2022-09-11,2022_01_GB_MIN,MIN,,,
2022,2,2022-09-19,2022_02_MIN_PHI,MIN,,,
2022,3,2022-09-25,2022_03_DET_MIN,MIN,,,
2022,4,2022-10-02,2022_04_MIN_NO,MIN,,,
2022,5,2022-10-09,2022_05_CHI_MIN,MIN,,,
2022,6,2022-10-16,2022_06_MIN_MIA,MIN,,,
2022,8,2022-10-30,2022_08_ARI_MIN,MIN,0.10422993,0.3945401049567716,2.0869205
2022,9,2022-11-06,2022_09_MIN_WAS,MIN,0.028162071,0.40480611743432254,2.1394846
2022,10,2022-11-13,2022_10_MIN_BUF,MIN,0.26390868,0.40882113019933525,2.3258483
2022,11,2022-11-20,2022_11_DAL_MIN,MIN,0.37043604,0.40241596129416646,2.2883024
2022,12,2022-11-24,2022_12_NE_MIN,MIN,-0.23452163,0.3651023489805541,1.9140601
2022,13,2022-12-04,2022_13_NYJ_MIN,MIN,-0.24658519,0.3571256397783547,1.8770231
2022,14,2022-12-11,2022_14_MIN_DET,MIN,-0.18782847,0.35055446166871507,1.9565102
2022,15,2022-12-17,2022_15_IND_MIN,MIN,-0.16000928,0.34051891317162813,1.8690976
2022,16,2022-12-24,2022_16_NYG_MIN,MIN,-0.32374915,0.34100640083016837,1.9081726
2022,17,2023-01-01,2022_17_MIN_GB,MIN,-0.34873018,0.34294134859844955,1.961744
2022,18,2023-01-08,2022_18_MIN_CHI,MIN,-0.23249894,0.37086998561799556,2.1693199
2023,1,2023-09-10,2023_01_TB_MIN,MIN,,,
2023,2,2023-09-14,2023_02_MIN_PHI,MIN,,,
2023,3,2023-09-24,2023_03_LAC_MIN,MIN,,,
2023,4,2023-10-01,2023_04_MIN_CAR,MIN,,,
2023,5,2023-10-08,2023_05_KC_MIN,MIN,,,
2023,6,2023-10-15,2023_06_MIN_CHI,MIN,,,
2023,7,2023-10-23,2023_07_SF_MIN,MIN,-0.26674312,0.4054234741417228,1.8926768
2023,8,2023-10-29,2023_08_MIN_GB,MIN,-0.033795122,0.41073051278209477,2.0425084
2023,9,2023-11-05,2023_09_MIN_ATL,MIN,-0.057933655,0.40852933433091626,2.018266
2023,10,2023-11-12,2023_10_NO_MIN,MIN,-0.07613167,0.38902927663155795,2.0520656
2023,11,2023-11-19,2023_11_MIN_DEN,MIN,0.0203649,0.37141844610406066,2.1770656
2023,12,2023-11-27,2023_12_CHI_MIN,MIN,-0.09977651,0.3818589417467622,2.093732
2023,14,2023-12-10,2023_14_MIN_LV,MIN,-0.24389462,0.3530620441998647,2.0646918
2023,15,2023-12-16,2023_15_MIN_CIN,MIN,-0.6696866,0.35409218689667404,1.7027389
2023,16,2023-12-24,2023_16_DET_MIN,MIN,-0.6317261,0.35874165779614503,1.7027389
2023,17,2023-12-31,2023_17_GB_MIN,MIN,-0.5911341,0.35876693522526854,1.7053031
2023,18,2024-01-07,2023_18_MIN_DET,MIN,-0.7937649,0.35311047748547747,1.4818182
2024,1,2024-09-08,2024_01_MIN_NYG,MIN,,,
2024,2,2024-09-15,2024_02_SF_MIN,MIN,,,
2024,3,2024-09-22,2024_03_HOU_MIN,MIN,,,
2024,4,2024-09-29,2024_04_MIN_GB,MIN,,,
2024,5,2024-10-06,2024_05_NYJ_MIN,MIN,,,
2024,7,2024-10-20,2024_07_DET_MIN,MIN,,,
2024,8,2024-10-24,2024_08_MIN_LA,MIN,0.115581386,0.4301507222935794,2.0632393
2024,9,2024-11-03,2024_09_IND_MIN,MIN,0.13233477,0.41879849427468474,2.1002767
2024,10,2024-11-10,2024_10_MIN_JAX,MIN,0.015431964,0.39744890531145943,2.0699735
2024,11,2024-11-17,2024_11_MIN_TEN,MIN,-0.14314269,0.4004152535487055,1.7548221
2024,12,2024-11-24,2024_12_MIN_CHI,MIN,-0.11082706,0.39405298926977456,1.729822
2024,13,2024-12-01,2024_13_ARI_MIN,MIN,0.12582259,0.39829414646422845,1.9120564
2024,14,2024-12-08,2024_14_ATL_MIN,MIN,0.13446735,0.42166273774948637,1.9759454
2024,15,2024-12-16,2024_15_CHI_MIN,MIN,0.37824023,0.43807177764337474,2.2419386
2024,16,2024-12-22,2024_16_MIN_SEA,MIN,0.623877,0.443288610473844,2.4237568
2024,17,2024-12-29,2024_17_GB_MIN,MIN,0.77162296,0.4310468154611511,2.5699108
2024,18,2025-01-05,2024_18_MIN_DET,MIN,0.70162207,0.4436858388956291,2.659557
2016,1,2016-09-11,2016_01_NE_ARI,NE,,,
2016,2,2016-09-18,2016_02_MIA_NE,NE,,,
2016,3,2016-09-22,2016_03_HOU_NE,NE,,,
2016,4,2016-10-02,2016_04_BUF_NE,NE,,,
2016,5,2016-10-09,2016_05_NE_CLE,NE,,,
2016,6,2016-10-16,2016_06_CIN_NE,NE,,,
2016,7,2016-10-23,2016_07_NE_PIT,NE,0.5153993,0.38632423132423127,2.2017095
2016,8,2016-10-30,2016_08_NE_BUF,NE,0.48348352,0.3715784678284679,2.193376
2016,10,2016-11-13,2016_10_SEA_NE,NE,0.77007246,0.3787581073610485,2.3840325
2016,11,2016-11-20,2016_11_NE_SF,NE,0.9242117,0.3705568641598053,2.4378788
2016,12,2016-11-27,2016_12_NE_NYJ,NE,1.3827043,0.39084682882476995,2.8545456
2016,13,2016-12-04,2016_13_LA_NE,NE,1.2406459,0.3932497499776912,2.7573233
2016,14,2016-12-12,2016_14_BAL_NE,NE,0.9086203,0.3759392826672238,2.4795454
2016,15,2016-12-18,2016_15_NE_DEN,NE,0.8795614,0.3954176548241674,2.4378788
2016,16,2016-12-24,2016_16_NYJ_NE,NE,0.4935138,0.39109118064475207,2.021795
2016,17,2017-01-01,2016_17_NE_MIA,NE,0.5524841,0.3995792897578612,2.1912394
2017,1,2017-09-07,2017_01_KC_NE,NE,,,
2017,2,2017-09-17,2017_02_NE_NO,NE,,,
2017,3,2017-09-24,2017_03_HOU_NE,NE,,,
2017,4,2017-10-01,2017_04_CAR_NE,NE,,,
2017,5,2017-10-05,2017_05_NE_TB,NE,,,
2017,6,2017-10-15,2017_06_NE_NYJ,NE,,,
2017,7,2017-10-22,2017_07_ATL_NE,NE,0.80060357,0.41809598984202156,2.4712121
2017,8,2017-10-29,2017_08_LAC_NE,NE,1.0328695,0.4456478526617415,2.62895
2017,10,2017-11-12,2017_10_NE_DEN,NE,0.7611472,0.43392137924409163,2.347132
2017,11,2017-11-19,2017_11_NE_OAK,NE,1.1679032,0.47114567455662226,2.601894
2017,12,2017-11-26,2017_12_MIA_NE,NE,1.4333373,0.48308264523542294,2.713005
2017,13,2017-12-03,2017_13_NE_BUF,NE,1.456369,0.46701191041468815,2.8738441
2017,14,2017-12-11,2017_14_NE_MIA,NE,1.5380551,0.47668242508520287,2.9238443
2017,15,2017-12-17,2017_15_NE_PIT,NE,1.229323,0.4465090105367882,2.701088
2017,16,2017-12-24,2017_16_BUF_NE,NE,1.4037032,0.4507721602411145,2.832906
2017,17,2017-12-31,2017_17_NYJ_NE,NE,1.1589369,0.4396777073084262,2.7662394
2018,1,2018-09-09,2018_01_HOU_NE,NE,,,
2018,2,2018-09-16,2018_02_NE_JAX,NE,,,
2018,3,2018-09-23,2018_03_NE_DET,NE,,,
2018,4,2018-09-30,2018_04_MIA_NE,NE,,,
2018,5,2018-10-04,2018_05_IND_NE,NE,,,
2018,6,2018-10-14,2018_06_KC_NE,NE,,,
2018,7,2018-10-21,2018_07_NE_CHI,NE,0.3070503,0.39470760902133445,2.47601
2018,8,2018-10-29,2018_08_NE_BUF,NE,0.42555198,0.42952503518491447,2.5401127
2018,9,2018-11-04,2018_09_GB_NE,NE,0.4524126,0.44931820497808433,2.5009713
2018,10,2018-11-11,2018_10_NE_TEN,NE,0.9793841,0.4579945791090039,2.8040016
2018,12,2018-11-25,2018_12_NE_NYJ,NE,0.5690733,0.4343859097282757,2.367133
2018,13,2018-12-02,2018_13_MIN_NE,NE,0.71573615,0.42371195306501425,2.2890441
2018,14,2018-12-09,2018_14_NE_MIA,NE,0.5063362,0.4215335373449318,2.0251553
2018,15,2018-12-16,2018_15_NE_PIT,NE,0.58719236,0.40223346419870487,2.114899
2018,16,2018-12-23,2018_16_BUF_NE,NE,0.6094005,0.40607822147483463,2.0361953
2018,17,2018-12-30,2018_17_NYJ_NE,NE,0.14272715,0.38371137115343895,1.833165
2019,1,2019-09-08,2019_01_PIT_NE,NE,,,
2019,2,2019-09-15,2019_02_NE_MIA,NE,,,
2019,3,2019-09-22,2019_03_NYJ_NE,NE,,,
2019,4,2019-09-29,2019_04_NE_BUF,NE,,,
2019,5,2019-10-06,2019_05_NE_WAS,NE,,,
2019,6,2019-10-10,2019_06_NYG_NE,NE,,,
2019,7,2019-10-21,2019_07_NE_NYJ,NE,0.08322052,0.39419546557428026,2.0902932
2019,8,2019-10-27,2019_08_CLE_NE,NE,-0.12564488,0.378742928693172,1.9093407
2019,9,2019-11-03,2019_09_NE_BAL,NE,-0.28077638,0.371395460438841,1.8035713
2019,11,2019-11-17,2019_11_NE_PHI,NE,-0.29556355,0.39314969826450735,1.7494589
2019,12,2019-11-24,2019_12_DAL_NE,NE,-0.11696354,0.4100227120387816,1.8483601
2019,13,2019-12-01,2019_13_NE_HOU,NE,-0.47267306,0.4064505676928278,1.6360583
2019,14,2019-12-08,2019_14_KC_NE,NE,-0.29237393,0.3865407312886305,1.7289156
2019,15,2019-12-15,2019_15_NE_CIN,NE,-0.5634182,0.38448804962285354,1.5820903
2019,16,2019-12-21,2019_16_BUF_NE,NE,-0.3932359,0.3871601007017674,1.6493979
2019,17,2019-12-29,2019_17_MIA_NE,NE,-0.23851742,0.3849764183710262,1.7100039
2020,1,2020-09-13,2020_01_MIA_NE,NE,,,
2020,2,2020-09-20,2020_02_NE_SEA,NE,,,
2020,3,2020-09-27,2020_03_LV_NE,NE,,,
2020,4,2020-10-05,2020_04_NE_KC,NE,,,
2020,6,2020-10-18,2020_06_DEN_NE,NE,,,
2020,7,2020-10-25,2020_07_SF_NE,NE,,,
2020,8,2020-11-01,2020_08_NE_BUF,NE,-0.17938459,0.4258201032506588,1.6136364
2020,9,2020-11-09,2020_09_NE_NYJ,NE,-0.21933722,0.43170742580464805,1.6136364
2020,10,2020-11-15,2020_10_BAL_NE,NE,0.030952761,0.41999506409228626,1.8055555
2020,11,2020-11-22,2020_11_NE_HOU,NE,0.009042551,0.41001935307490855,1.7722222
2020,12,2020-11-29,2020_12_ARI_NE,NE,0.35284737,0.4213047124523733,1.9540404
2020,13,2020-12-06,2020_13_NE_LAC,NE,0.4444821,0.43416618225828746,2.1425927
2020,14,2020-12-10,2020_14_NE_LA,NE,0.73555976,0.43318013127223653,2.4898148
2020,15,2020-12-20,2020_15_NE_MIA,NE,0.19506663,0.40314171546993177,2.1425927
2020,16,2020-12-28,2020_16_BUF_NE,NE,-0.16737132,0.39919788730735367,1.8370371
2020,17,2021-01-03,2020_17_NYJ_NE,NE,-0.37225762,0.3850330911981131,1.6203704
2021,1,2021-09-12,2021_01_MIA_NE,NE,,,
2021,2,2021-09-19,2021_02_NE_NYJ,NE,,,
2021,3,2021-09-26,2021_03_NO_NE,NE,,,
2021,4,2021-10-03,2021_04_TB_NE,NE,,,
2021,5,2021-10-10,2021_05_NE_HOU,NE,,,
2021,6,2021-10-17,2021_06_DAL_NE,NE,,,
2021,7,2021-10-24,2021_07_NYJ_NE,NE,-0.3124021,0.41034266489229726,1.9584535
2021,8,2021-10-31,2021_08_NE_LAC,NE,0.24336451,0.4148077468431746,2.443302
2021,9,2021-11-07,2021_09_NE_CAR,NE,0.20161253,0.42381949127158575,2.356181
2021,10,2021-11-14,2021_10_CLE_NE,NE,0.34855285,0.43703708114358736,2.4483526
2021,11,2021-11-18,2021_11_NE_ATL,NE,1.000759,0.4690028006093068,3.02411
2021,12,2021-11-28,2021_12_TEN_NE,NE,0.8635495,0.46405276471564344,2.825036
2021,13,2021-12-06,2021_13_NE_BUF,NE,1.1959285,0.4790849127023369,3.0252526
2021,15,2021-12-18,2021_15_NE_IND,NE,0.58498627,0.4483587827716616,2.4404042
2021,16,2021-12-26,2021_16_BUF_NE,NE,0.36030683,0.4307128022090143,2.4320707
2021,17,2022-01-02,2021_17_JAX_NE,NE,0.5866808,0.4220825707846652,2.5968435
2021,18,2022-01-09,2021_18_NE_MIA,NE,0.46440384,0.43435872056081504,2.5968435
2022,1,2022-09-11,2022_01_NE_MIA,NE,,,
2022,2,2022-09-18,2022_02_NE_PIT,NE,,,
2022,3,2022-09-25,2022_03_BAL_NE,NE,,,
2022,4,2022-10-02,2022_04_NE_GB,NE,,,
2022,5,2022-10-09,2022_05_DET_NE,NE,,,
2022,6,2022-10-16,2022_06_NE_CLE,NE,,,
2022,7,2022-10-24,2022_07_CHI_NE,NE,0.0102849575,0.4149675387076181,1.8597884
2022,8,2022-10-30,2022_08_NE_NYJ,NE,-0.056549672,0.4224283906129143,1.9422799
2022,9,2022-11-06,2022_09_IND_NE,NE,-0.12155097,0.4113630670475908,1.940998
2022,11,2022-11-20,2022_11_NYJ_NE,NE,-0.2725505,0.40746435773221484,1.8021089
2022,12,2022-11-24,2022_12_NE_MIN,NE,-0.5089222,0.39250952090237806,1.6076646
2022,13,2022-12-01,2022_13_BUF_NE,NE,-0.5952791,0.3693572565001137,1.6182705
2022,14,2022-12-12,2022_14_NE_ARI,NE,-0.86215305,0.36650546010195134,1.3510748
2022,15,2022-12-18,2022_15_NE_LV,NE,-0.7203019,0.3669087605052517,1.4081844
2022,16,2022-12-24,2022_16_CIN_NE,NE,-0.8059857,0.3644254594925389,1.3569022
2022,17,2023-01-01,2022_17_MIA_NE,NE,-0.7602315,0.35535696625737906,1.3013468
2022,18,2023-01-08,2022_18_NE_BUF,NE,-0.5773053,0.32844938309979593,1.4819022
2023,1,2023-09-10,2023_01_PHI_NE,NE,,,
2023,2,2023-09-17,2023_02_MIA_NE,NE,,,
2023,3,2023-09-24,2023_03_NE_NYJ,NE,,,
2023,4,2023-10-01,2023_04_NE_DAL,NE,,,
2023,5,2023-10-08,2023_05_NO_NE,NE,,,
2023,6,2023-10-15,2023_06_NE_LV,NE,,,
2023,7,2023-10-22,2023_07_BUF_NE,NE,-1.4935011,0.2898462318105175,1.040922
2023,8,2023-10-29,2023_08_NE_MIA,NE,-1.1912347,0.3112189948499472,1.2678452
2023,9,2023-11-05,2023_09_WAS_NE,NE,-1.3065785,0.2884107845417369,1.2678452
2023,10,2023-11-12,2023_10_IND_NE,NE,-1.1758665,0.3042176243069101,1.3372895
2023,12,2023-11-26,2023_12_NE_NYG,NE,-0.72442317,0.3387065966635294,1.3918351
2023,13,2023-12-03,2023_13_LAC_NE,NE,-0.40281346,0.36278764128028834,1.4890572
2023,14,2023-12-07,2023_14_NE_PIT,NE,-0.6732011,0.35690047289312,1.1742424
2023,15,2023-12-17,2023_15_KC_NE,NE,-0.9012243,0.3374563367823172,0.9601398
2023,16,2023-12-24,2023_16_NE_DEN,NE,-1.0192984,0.347338319878586,0.9049451
2023,17,2023-12-31,2023_17_NE_BUF,NE,-1.1499525,0.3344462901710801,0.9069292
2023,18,2024-01-07,2023_18_NYJ_NE,NE,-1.2500466,0.3139433318004747,1.07616
2024,1,2024-09-08,2024_01_NE_CIN,NE,,,
2024,2,2024-09-15,2024_02_SEA_NE,NE,,,
2024,3,2024-09-19,2024_03_NE_NYJ,NE,,,
2024,4,2024-09-29,2024_04_NE_SF,NE,,,
2024,5,2024-10-06,2024_05_MIA_NE,NE,,,
2024,6,2024-10-13,2024_06_HOU_NE,NE,,,
2024,7,2024-10-20,2024_07_NE_JAX,NE,-0.8409827,0.41230086252123854,1.1820707
2024,8,2024-10-27,2024_08_NYJ_NE,NE,-0.97394615,0.403764563127096,1.2117003
2024,9,2024-11-03,2024_09_NE_TEN,NE,-0.9861293,0.4004878848637867,1.3505893
2024,10,2024-11-10,2024_10_NE_CHI,NE,-0.84084076,0.40459649137138315,1.5526094
2024,11,2024-11-17,2024_11_LA_NE,NE,-0.5854791,0.40693928746417923,1.6359428
2024,12,2024-11-24,2024_12_NE_MIA,NE,-0.26376393,0.413482080623134,1.8918351
2024,13,2024-12-01,2024_13_IND_NE,NE,-0.26801676,0.42283727061019216,1.7572197
2024,15,2024-12-15,2024_15_NE_ARI,NE,-0.100513816,0.4378832585728467,1.9053679
2024,16,2024-12-22,2024_16_NE_BUF,NE,-0.11190427,0.45633156952115767,1.8035159
2024,17,2024-12-28,2024_17_LAC_NE,NE,0.052102517,0.46754064132831563,1.8959402
2024,18,2025-01-05,2024_18_BUF_NE,NE,-0.19487435,0.46142592271359706,1.7381119
2016,1,2016-09-11,2016_01_OAK_NO,NO,,,
2016,2,2016-09-18,2016_02_NO_NYG,NO,,,
2016,3,2016-09-26,2016_03_ATL_NO,NO,,,
2016,4,2016-10-02,2016_04_NO_SD,NO,,,
2016,6,2016-10-16,2016_06_CAR_NO,NO,,,
2016,7,2016-10-23,2016_07_NO_KC,NO,,,
2016,8,2016-10-30,2016_08_SEA_NO,NO,0.41099155,0.421784159403207,2.5594757
2016,9,2016-11-06,2016_09_NO_SF,NO,0.22652292,0.4120834434524911,2.460991
2016,10,2016-11-13,2016_10_DEN_NO,NO,0.6792806,0.4284600155982939,2.7896621
2016,11,2016-11-17,2016_11_NO_CAR,NO,0.29379976,0.4138626530842648,2.516514
2016,12,2016-11-27,2016_12_LA_NO,NO,0.2327675,0.4290032156070697,2.3776252
2016,13,2016-12-04,2016_13_DET_NO,NO,0.338634,0.4314250992789533,2.517735
2016,14,2016-12-11,2016_14_NO_TB,NO,0.03483284,0.4192178158216699,2.3844016
2016,15,2016-12-18,2016_15_NO_ARI,NO,-0.092383504,0.40413664699050106,2.1177351
2016,16,2016-12-24,2016_16_TB_NO,NO,-0.047144372,0.401319066007856,2.2587607
2016,17,2017-01-01,2016_17_NO_ATL,NO,0.3059846,0.4235140315361549,2.455983
2017,1,2017-09-11,2017_01_NO_MIN,NO,,,
2017,2,2017-09-17,2017_02_NE_NO,NO,,,
2017,3,2017-09-24,2017_03_NO_CAR,NO,,,
2017,4,2017-10-01,2017_04_NO_MIA,NO,,,
2017,6,2017-10-15,2017_06_DET_NO,NO,,,
2017,7,2017-10-22,2017_07_NO_GB,NO,,,
2017,8,2017-10-29,2017_08_CHI_NO,NO,0.588384,0.41390058542969227,2.314407
2017,9,2017-11-05,2017_09_TB_NO,NO,0.3967395,0.40333934882678896,2.2403333
2017,10,2017-11-12,2017_10_NO_BUF,NO,0.42225376,0.3962157779532181,2.2706363
2017,11,2017-11-19,2017_11_WAS_NO,NO,0.6742723,0.4217648585022986,2.4160907
2017,12,2017-11-26,2017_12_NO_LA,NO,0.74615926,0.4388833741056628,2.5608718
2017,13,2017-12-03,2017_13_CAR_NO,NO,0.9992294,0.4399129244773184,2.5656567
2017,14,2017-12-07,2017_14_NO_ATL,NO,0.8710706,0.44819291959443475,2.6022727
2017,15,2017-12-17,2017_15_NYJ_NO,NO,0.878655,0.4708180799279284,2.6078284
2017,16,2017-12-24,2017_16_ATL_NO,NO,0.85383874,0.45694167855152706,2.6132395
2017,17,2017-12-31,2017_17_NO_TB,NO,0.25079432,0.4244801200483019,2.2205627
2018,1,2018-09-09,2018_01_TB_NO,NO,,,
2018,2,2018-09-16,2018_02_CLE_NO,NO,,,
2018,3,2018-09-23,2018_03_NO_ATL,NO,,,
2018,4,2018-09-30,2018_04_NO_NYG,NO,,,
2018,5,2018-10-08,2018_05_WAS_NO,NO,,,
2018,7,2018-10-21,2018_07_NO_BAL,NO,,,
2018,8,2018-10-28,2018_08_NO_MIN,NO,1.1317645,0.443089756768227,3.1601207
2018,9,2018-11-04,2018_09_LA_NO,NO,1.0553015,0.4431884772583616,2.9985044
2018,10,2018-11-11,2018_10_NO_CIN,NO,1.4989763,0.4527286845258416,3.388656
2018,11,2018-11-18,2018_11_PHI_NO,NO,1.8299538,0.4859028394307658,3.6873739
2018,12,2018-11-22,2018_12_ATL_NO,NO,2.0155337,0.5008637499799116,3.8646467
2018,13,2018-11-29,2018_13_NO_DAL,NO,1.8108157,0.4838675979837596,3.6176767
2018,14,2018-12-09,2018_14_NO_TB,NO,1.3346432,0.46835168385673437,3.3584175
2018,15,2018-12-17,2018_15_NO_CAR,NO,1.2627872,0.4454993176015904,3.302862
2018,16,2018-12-23,2018_16_PIT_NO,NO,0.88847953,0.42960990398490395,2.802862
2018,17,2018-12-30,2018_17_CAR_NO,NO,0.40683532,0.39276526293571745,2.422559
2019,1,2019-09-09,2019_01_HOU_NO,NO,,,
2019,2,2019-09-15,2019_02_NO_LA,NO,,,
2019,3,2019-09-22,2019_03_NO_SEA,NO,,,
2019,4,2019-09-29,2019_04_DAL_NO,NO,,,
2019,5,2019-10-06,2019_05_TB_NO,NO,,,
2019,6,2019-10-13,2019_06_NO_JAX,NO,,,
2019,7,2019-10-20,2019_07_NO_CHI,NO,-0.029469213,0.40622411118623236,1.840909
2019,8,2019-10-27,2019_08_ARI_NO,NO,-0.23311646,0.3781102343223555,1.7186869
2019,10,2019-11-10,2019_10_ATL_NO,NO,0.057001304,0.40454787496454164,2.0520203
2019,11,2019-11-17,2019_11_NO_TB,NO,-0.35279545,0.387442295358962,1.8838383
2019,12,2019-11-24,2019_12_CAR_NO,NO,-0.00040667504,0.4115628353128353,2.150505
2019,13,2019-11-28,2019_13_NO_ATL,NO,0.048025608,0.4130023049341231,2.1959596
2019,14,2019-12-08,2019_14_SF_NO,NO,0.050885737,0.4050285194603376,2.2681818
2019,15,2019-12-16,2019_15_IND_NO,NO,0.2039094,0.4196979703797885,2.4801476
2019,16,2019-12-22,2019_16_NO_TEN,NO,0.39362803,0.41781906225088045,2.6400802
2019,17,2019-12-29,2019_17_NO_CAR,NO,0.8916109,0.4316025514573019,2.942461
2020,1,2020-09-13,2020_01_TB_NO,NO,,,
2020,2,2020-09-21,2020_02_NO_LV,NO,,,
2020,3,2020-09-27,2020_03_GB_NO,NO,,,
2020,4,2020-10-04,2020_04_NO_DET,NO,,,
2020,5,2020-10-12,2020_05_LAC_NO,NO,,,
2020,7,2020-10-25,2020_07_CAR_NO,NO,,,
2020,8,2020-11-01,2020_08_NO_CHI,NO,0.7379336,0.42929334977869776,2.925926
2020,9,2020-11-08,2020_09_NO_TB,NO,0.7707908,0.42158616075282745,2.925926
2020,10,2020-11-15,2020_10_SF_NO,NO,0.8903088,0.4314306372639705,3.0572388
2020,11,2020-11-22,2020_11_ATL_NO,NO,0.88456327,0.4316978486850282,2.9033928
2020,12,2020-11-29,2020_12_NO_DEN,NO,0.55238897,0.42323133063517676,2.6552448
2020,13,2020-12-06,2020_13_NO_ATL,NO,0.64186424,0.41855263593244363,2.7286575
2020,14,2020-12-13,2020_14_NO_PHI,NO,0.2851765,0.39753291491272263,2.4039822
2020,15,2020-12-20,2020_15_KC_NO,NO,0.25222492,0.41517567101701713,2.3888307
2020,16,2020-12-25,2020_16_MIN_NO,NO,-0.05080943,0.38311527109947435,2.1583111
2020,17,2021-01-03,2020_17_NO_CAR,NO,0.32748935,0.416826732520726,2.600036
2021,1,2021-09-12,2021_01_GB_NO,NO,,,
2021,2,2021-09-19,2021_02_NO_CAR,NO,,,
2021,3,2021-09-26,2021_03_NO_NE,NO,,,
2021,4,2021-10-03,2021_04_NYG_NO,NO,,,
2021,5,2021-10-10,2021_05_NO_WAS,NO,,,
2021,7,2021-10-25,2021_07_NO_SEA,NO,,,
2021,8,2021-10-31,2021_08_TB_NO,NO,-0.02503405,0.4024987919064717,2.0212057
2021,9,2021-11-07,2021_09_ATL_NO,NO,-0.37685737,0.39788829861133784,1.7341685
2021,10,2021-11-14,2021_10_NO_TEN,NO,-0.14509104,0.4005156481136873,1.9841685
2021,11,2021-11-21,2021_11_NO_PHI,NO,-0.15998419,0.38062072821876747,2.0202992
2021,12,2021-11-25,2021_12_BUF_NO,NO,-0.27380976,0.35815926357593025,2.0243394
2021,13,2021-12-02,2021_13_DAL_NO,NO,-0.7518608,0.3217096021262688,1.6921717
2021,14,2021-12-12,2021_14_NO_NYJ,NO,-0.89539057,0.3116390840200364,1.6975828
2021,15,2021-12-19,2021_15_NO_TB,NO,-0.7883857,0.3085155100631291,1.7354617
2021,16,2021-12-27,2021_16_MIA_NO,NO,-0.9273351,0.30485851890613797,1.5036241
2021,17,2022-01-02,2021_17_CAR_NO,NO,-1.364349,0.2850352865829056,1.2271091
2021,18,2022-01-09,2021_18_NO_ATL,NO,-1.376125,0.2894974013480507,1.1776141
2022,1,2022-09-11,2022_01_NO_ATL,NO,,,
2022,2,2022-09-18,2022_02_TB_NO,NO,,,
2022,3,2022-09-25,2022_03_NO_CAR,NO,,,
2022,4,2022-10-02,2022_04_MIN_NO,NO,,,
2022,5,2022-10-09,2022_05_SEA_NO,NO,,,
2022,6,2022-10-16,2022_06_CIN_NO,NO,,,
2022,7,2022-10-20,2022_07_NO_ARI,NO,-0.15240537,0.3851138394064218,1.9969779
2022,8,2022-10-30,2022_08_LV_NO,NO,-0.16637783,0.3927096976150251,2.0942004
2022,9,2022-11-07,2022_09_BAL_NO,NO,0.31019038,0.4240356766573503,2.465995
2022,10,2022-11-13,2022_10_NO_PIT,NO,0.3459197,0.411173261294935,2.5031745
2022,11,2022-11-20,2022_11_LA_NO,NO,-0.0015366202,0.39282128919296283,2.2531745
2022,12,2022-11-27,2022_12_NO_SF,NO,0.029796265,0.3958835157670942,2.163889
2022,13,2022-12-05,2022_13_NO_TB,NO,-0.45934692,0.3757697791950243,1.7305555
2022,15,2022-12-18,2022_15_ATL_NO,NO,-0.5225457,0.3536780002405002,1.5007576
2022,16,2022-12-24,2022_16_NO_CLE,NO,-0.61939925,0.34730940355940354,1.3507576
2022,17,2023-01-01,2022_17_NO_PHI,NO,-0.5568788,0.34371781837690923,1.3916668
2022,18,2023-01-08,2022_18_CAR_NO,NO,-0.45157918,0.3674714258805168,1.4194444
2023,1,2023-09-10,2023_01_TEN_NO,NO,,,
2023,2,2023-09-18,2023_02_NO_CAR,NO,,,
2023,3,2023-09-24,2023_03_NO_GB,NO,,,
2023,4,2023-10-01,2023_04_TB_NO,NO,,,
2023,5,2023-10-08,2023_05_NO_NE,NO,,,
2023,6,2023-10-15,2023_06_NO_HOU,NO,,,
2023,7,2023-10-19,2023_07_JAX_NO,NO,-0.75039905,0.3437094332682568,1.3560606
2023,8,2023-10-29,2023_08_NO_IND,NO,-0.66090256,0.33872836935862144,1.4195527
2023,9,2023-11-05,2023_09_CHI_NO,NO,-0.4285134,0.34220093618903147,1.6443001
2023,10,2023-11-12,2023_10_NO_MIN,NO,-0.48456755,0.34113880387689915,1.8109668
2023,12,2023-11-26,2023_12_NO_ATL,NO,-0.25545612,0.35316104089913614,1.9181929
2023,13,2023-12-03,2023_13_DET_NO,NO,-0.29497156,0.36031118378457316,1.8570818
2023,14,2023-12-10,2023_14_CAR_NO,NO,-0.2721834,0.34554662644648637,2.029304
2023,15,2023-12-17,2023_15_NYG_NO,NO,-0.28565452,0.3660775340309654,2.0491455
2023,16,2023-12-21,2023_16_NO_LA,NO,-0.4407144,0.3570377312411626,1.9658121
2023,17,2023-12-31,2023_17_NO_TB,NO,-0.35761055,0.3445115999650314,1.9991454
2023,18,2024-01-07,2023_18_ATL_NO,NO,-0.22479004,0.353917972913071,2.075
2024,1,2024-09-08,2024_01_CAR_NO,NO,,,
2024,2,2024-09-15,2024_02_NO_DAL,NO,,,
2024,3,2024-09-22,2024_03_PHI_NO,NO,,,
2024,4,2024-09-29,2024_04_NO_ATL,NO,,,
2024,5,2024-10-07,2024_05_NO_KC,NO,,,
2024,6,2024-10-13,2024_06_TB_NO,NO,,,
2024,7,2024-10-17,2024_07_DEN_NO,NO,0.1826243,0.4448831633145358,2.4954545
2024,8,2024-10-27,2024_08_NO_LAC,NO,-0.41242576,0.4233373480187206,1.9222223
2024,9,2024-11-03,2024_09_NO_CAR,NO,-1.0624248,0.385384694839823,1.265812
2024,10,2024-11-10,2024_10_ATL_NO,NO,-0.7918589,0.3910460957284967,1.3991452
2024,11,2024-11-17,2024_11_CLE_NO,NO,-0.88041306,0.37325629293869383,1.2769231
2024,13,2024-12-01,2024_13_LA_NO,NO,-0.5425196,0.40699565963260603,1.5905595
2024,14,2024-12-08,2024_14_NO_NYG,NO,-0.32670832,0.39610787389800656,1.6488928
2024,15,2024-12-15,2024_15_WAS_NO,NO,-0.12924051,0.39005595623894607,1.6766706
2024,16,2024-12-23,2024_16_NO_GB,NO,0.10109628,0.3904419464753636,1.9515992
2024,17,2024-12-29,2024_17_LV_NO,NO,-0.34070778,0.38682493124218675,1.618266
2024,18,2025-01-05,2024_18_NO_TB,NO,-0.6146651,0.39178478620204177,1.4920034
2016,1,2016-09-11,2016_01_NYG_DAL,NYG,,,
2016,2,2016-09-18,2016_02_NO_NYG,NYG,,,
2016,3,2016-09-25,2016_03_WAS_NYG,NYG,,,
2016,4,2016-10-03,2016_04_NYG_MIN,NYG,,,
2016,5,2016-10-09,2016_05_NYG_GB,NYG,,,
2016,6,2016-10-16,2016_06_BAL_NYG,NYG,,,
2016,7,2016-10-23,2016_07_NYG_LA,NYG,-0.2793757,0.39564301088922305,1.6872896
2016,9,2016-11-06,2016_09_PHI_NYG,NYG,-0.36268613,0.3969127948971023,1.4478716
2016,10,2016-11-14,2016_10_CIN_NYG,NYG,-0.33805308,0.38548032304796376,1.6200938
2016,11,2016-11-20,2016_11_CHI_NYG,NYG,-0.51683575,0.36882845639609707,1.4802337
2016,12,2016-11-27,2016_12_NYG_CLE,NYG,-0.22621477,0.3586100132231085,1.634274
2016,13,2016-12-04,2016_13_NYG_PIT,NYG,-0.13241445,0.35739779951089473,1.6418499
2016,14,2016-12-11,2016_14_DAL_NYG,NYG,-0.38889912,0.35776706758849613,1.4612942
2016,15,2016-12-18,2016_15_DET_NYG,NYG,-0.6379085,0.34673377548377554,1.441453
2016,16,2016-12-22,2016_16_NYG_PHI,NYG,-0.49398687,0.35264915639915634,1.3879176
2016,17,2017-01-01,2016_17_NYG_WAS,NYG,-0.4368709,0.3570595608095608,1.3825759
2017,1,2017-09-10,2017_01_NYG_DAL,NYG,,,
2017,2,2017-09-18,2017_02_DET_NYG,NYG,,,
2017,3,2017-09-24,2017_03_NYG_PHI,NYG,,,
2017,4,2017-10-01,2017_04_NYG_TB,NYG,,,
2017,5,2017-10-08,2017_05_LAC_NYG,NYG,,,
2017,6,2017-10-15,2017_06_NYG_DEN,NYG,,,
2017,7,2017-10-22,2017_07_SEA_NYG,NYG,-0.66708565,0.3491628891261244,1.315873
2017,9,2017-11-05,2017_09_LA_NYG,NYG,-0.73070836,0.3507527195027195,1.3630953
2017,10,2017-11-12,2017_10_NYG_SF,NYG,-0.6257855,0.37251325063825064,1.442155
2017,11,2017-11-19,2017_11_KC_NYG,NYG,-0.59505695,0.34840795778295774,1.4588218
2017,12,2017-11-23,2017_12_NYG_WAS,NYG,-0.7000322,0.3365862147112147,1.306044
2017,13,2017-12-03,2017_13_NYG_OAK,NYG,-0.8785692,0.3200607156226904,1.1155678
2017,14,2017-12-10,2017_14_DAL_NYG,NYG,-0.91986793,0.32526284374148523,1.1155678
2017,15,2017-12-17,2017_15_PHI_NYG,NYG,-0.840004,0.3380120577588151,1.1572344
2017,16,2017-12-24,2017_16_NYG_ARI,NYG,-0.60458356,0.34842344421186827,1.3420634
2017,17,2017-12-31,2017_17_WAS_NYG,NYG,-1.1318203,0.3416971017712401,0.9920635
2018,1,2018-09-09,2018_01_JAX_NYG,NYG,,,
2018,2,2018-09-16,2018_02_NYG_DAL,NYG,,,
2018,3,2018-09-23,2018_03_NYG_HOU,NYG,,,
2018,4,2018-09-30,2018_04_NO_NYG,NYG,,,
2018,5,2018-10-07,2018_05_NYG_CAR,NYG,,,
2018,6,2018-10-11,2018_06_PHI_NYG,NYG,,,
2018,7,2018-10-22,2018_07_NYG_ATL,NYG,-0.32576028,0.35062225583058915,1.7722222
2018,8,2018-10-28,2018_08_WAS_NYG,NYG,-0.0028654635,0.36597682410182414,1.8972222
2018,10,2018-11-12,2018_10_NYG_SF,NYG,0.017632753,0.3562463616630283,1.8611112
2018,11,2018-11-18,2018_11_TB_NYG,NYG,-0.074845515,0.35430885472552137,1.820202
2018,12,2018-11-25,2018_12_NYG_PHI,NYG,0.2525494,0.36616671908338577,1.9646465
2018,13,2018-12-02,2018_13_CHI_NYG,NYG,0.33516002,0.36460515564682233,1.9007577
2018,14,2018-12-09,2018_14_NYG_WAS,NYG,0.41656414,0.3652641571391571,1.9840909
2018,15,2018-12-16,2018_15_TEN_NYG,NYG,0.37247932,0.3813073269323269,2.0285354
2018,16,2018-12-23,2018_16_NYG_IND,NYG,0.15892057,0.36404656300489635,1.8479799
2018,17,2018-12-30,2018_17_DAL_NYG,NYG,0.37121105,0.3665940155523489,1.888889
2019,1,2019-09-08,2019_01_NYG_DAL,NYG,,,
2019,2,2019-09-15,2019_02_BUF_NYG,NYG,,,
2019,3,2019-09-22,2019_03_NYG_TB,NYG,,,
2019,4,2019-09-29,2019_04_WAS_NYG,NYG,,,
2019,5,2019-10-06,2019_05_MIN_NYG,NYG,,,
2019,6,2019-10-10,2019_06_NYG_NE,NYG,,,
2019,7,2019-10-20,2019_07_ARI_NYG,NYG,-0.5433636,0.3879965334575512,1.4526454
2019,8,2019-10-27,2019_08_NYG_DET,NYG,-0.8332003,0.3814723631833809,1.396585
2019,9,2019-11-04,2019_09_DAL_NYG,NYG,-0.7746611,0.37504146243429837,1.5960798
2019,10,2019-11-10,2019_10_NYG_NYJ,NYG,-1.1214595,0.3760930796623862,1.4016353
2019,12,2019-11-24,2019_12_NYG_CHI,NYG,-1.081771,0.33515176335342284,1.4977893
2019,13,2019-12-01,2019_13_GB_NYG,NYG,-1.1996733,0.33048313742411306,1.4920912
2019,14,2019-12-09,2019_14_NYG_PHI,NYG,-0.88441205,0.35037539243541577,1.6375939
2019,15,2019-12-15,2019_15_MIA_NYG,NYG,-0.7163532,0.32374022205024533,1.6282698
2019,16,2019-12-22,2019_16_NYG_WAS,NYG,-0.5576672,0.3365920167202219,1.670228
2019,17,2019-12-29,2019_17_PHI_NYG,NYG,0.016292727,0.35967996272483455,1.9896723
2020,1,2020-09-14,2020_01_PIT_NYG,NYG,,,
2020,2,2020-09-20,2020_02_NYG_CHI,NYG,,,
2020,3,2020-09-27,2020_03_SF_NYG,NYG,,,
2020,4,2020-10-04,2020_04_NYG_LA,NYG,,,
2020,5,2020-10-11,2020_05_NYG_DAL,NYG,,,
2020,6,2020-10-18,2020_06_WAS_NYG,NYG,,,
2020,7,2020-10-22,2020_07_NYG_PHI,NYG,-0.552543,0.3619304485313257,1.4592592
2020,8,2020-11-02,2020_08_TB_NYG,NYG,-0.53583735,0.38103230828721024,1.4860657
2020,9,2020-11-08,2020_09_NYG_WAS,NYG,-0.40329194,0.3682299086666288,1.617884
2020,10,2020-11-15,2020_10_PHI_NYG,NYG,-0.08224098,0.38340881412331207,1.7706617
2020,12,2020-11-29,2020_12_NYG_CIN,NYG,0.32787582,0.40439642771787754,2.0297525
2020,13,2020-12-06,2020_13_NYG_SEA,NYG,0.20751882,0.39071743695555344,1.8693991
2020,14,2020-12-13,2020_14_ARI_NYG,NYG,0.12346766,0.36748177344211214,1.846251
2020,15,2020-12-20,2020_15_CLE_NYG,NYG,-0.24575888,0.3491776782997817,1.6742424
2020,16,2020-12-27,2020_16_NYG_BAL,NYG,-0.33587706,0.3417652464555317,1.4507575
2020,17,2021-01-03,2020_17_DAL_NYG,NYG,-0.5102995,0.33874646739508596,1.4021465
2021,1,2021-09-12,2021_01_DEN_NYG,NYG,,,
2021,2,2021-09-16,2021_02_NYG_WAS,NYG,,,
2021,3,2021-09-26,2021_03_ATL_NYG,NYG,,,
2021,4,2021-10-03,2021_04_NYG_NO,NYG,,,
2021,5,2021-10-10,2021_05_NYG_DAL,NYG,,,
2021,6,2021-10-17,2021_06_LA_NYG,NYG,,,
2021,7,2021-10-24,2021_07_CAR_NYG,NYG,-0.10301772,0.3571611761183953,1.7319025
2021,8,2021-11-01,2021_08_NYG_KC,NYG,-0.17138554,0.35464324651713247,1.7860335
2021,9,2021-11-07,2021_09_LV_NYG,NYG,-0.45403716,0.34832330383355337,1.6042151
2021,11,2021-11-22,2021_11_NYG_TB,NYG,-0.45156237,0.3597395309516522,1.6496698
2021,12,2021-11-28,2021_12_PHI_NYG,NYG,-0.8169944,0.3481947700084955,1.392094
2021,13,2021-12-05,2021_13_NYG_MIA,NYG,-0.8158979,0.35081394096099977,1.3309828
2021,14,2021-12-12,2021_14_NYG_LAC,NYG,-0.68469256,0.3425332941386863,1.3032051
2021,15,2021-12-19,2021_15_DAL_NYG,NYG,-0.7525761,0.33503454288993506,1.3
2021,16,2021-12-26,2021_16_NYG_PHI,NYG,-1.009067,0.33203709000611853,1.1424242
2021,17,2022-01-02,2021_17_NYG_CHI,NYG,-1.3833517,0.3046544849137232,1.0130535
2021,18,2022-01-09,2021_18_WAS_NYG,NYG,-1.5781235,0.29546484557702507,0.90320516
2022,1,2022-09-11,2022_01_NYG_TEN,NYG,,,
2022,2,2022-09-18,2022_02_CAR_NYG,NYG,,,
2022,3,2022-09-26,2022_03_DAL_NYG,NYG,,,
2022,4,2022-10-02,2022_04_CHI_NYG,NYG,,,
2022,5,2022-10-09,2022_05_NYG_GB,NYG,,,
2022,6,2022-10-16,2022_06_BAL_NYG,NYG,,,
2022,7,2022-10-23,2022_07_NYG_JAX,NYG,0.42686677,0.38928966862344755,2.0625
2022,8,2022-10-30,2022_08_NYG_SEA,NYG,0.6751806,0.4046464954386077,2.25
2022,10,2022-11-13,2022_10_HOU_NYG,NYG,0.6494924,0.4045144843273185,2.183081
2022,11,2022-11-20,2022_11_DET_NYG,NYG,0.78763515,0.4091306629018305,2.2497475
2022,12,2022-11-24,2022_12_NYG_DAL,NYG,0.5663917,0.4015639871533365,2.2446969
2022,13,2022-12-04,2022_13_WAS_NYG,NYG,0.20067096,0.38564444237349765,2.0155303
2022,14,2022-12-11,2022_14_PHI_NYG,NYG,0.06838519,0.38818601455792695,1.8536257
2022,15,2022-12-18,2022_15_NYG_WAS,NYG,-0.30321464,0.3684090007468222,1.7077923
2022,16,2022-12-24,2022_16_NYG_MIN,NYG,-0.12813412,0.38259189153399115,1.7229438
2022,17,2023-01-01,2022_17_IND_NYG,NYG,-0.21450634,0.3888784676122339,1.7532468
2022,18,2023-01-08,2022_18_NYG_PHI,NYG,0.1719424,0.4295942847169399,2.0731122
2023,1,2023-09-10,2023_01_DAL_NYG,NYG,,,
2023,2,2023-09-17,2023_02_NYG_ARI,NYG,,,
2023,3,2023-09-21,2023_03_NYG_SF,NYG,,,
2023,4,2023-10-02,2023_04_SEA_NYG,NYG,,,
2023,5,2023-10-08,2023_05_NYG_MIA,NYG,,,
2023,6,2023-10-15,2023_06_NYG_BUF,NYG,,,
2023,7,2023-10-22,2023_07_WAS_NYG,NYG,-1.271615,0.3644803222376752,1.0749999
2023,8,2023-10-29,2023_08_NYJ_NYG,NYG,-0.7593848,0.3990979908539432,1.2416667
2023,9,2023-11-05,2023_09_NYG_LV,NYG,-1.2442582,0.359045399110175,0.8175926
2023,10,2023-11-12,2023_10_NYG_DAL,NYG,-1.4954344,0.3382446258094018,0.6945157
2023,11,2023-11-19,2023_11_NYG_WAS,NYG,-1.1817547,0.3330365804052779,0.8707977
2023,12,2023-11-26,2023_12_NE_NYG,NYG,-1.0394586,0.3268733223670199,1.0246439
2023,14,2023-12-11,2023_14_GB_NYG,NYG,-1.0715449,0.3057014618201593,1.0135328
2023,15,2023-12-17,2023_15_NYG_NO,NYG,-0.984557,0.306627690573769,1.1801994
2023,16,2023-12-25,2023_16_NYG_PHI,NYG,-0.98345447,0.3037984573523789,1.198718
2023,17,2023-12-31,2023_17_LA_NYG,NYG,-0.7287354,0.32950860578980007,1.4096737
2023,18,2024-01-07,2023_18_PHI_NYG,NYG,-0.66324455,0.34345587273076444,1.4179153
2024,1,2024-09-08,2024_01_MIN_NYG,NYG,,,
2024,2,2024-09-15,2024_02_NYG_WAS,NYG,,,
2024,3,2024-09-22,2024_03_NYG_CLE,NYG,,,
2024,4,2024-09-26,2024_04_DAL_NYG,NYG,,,
2024,5,2024-10-06,2024_05_NYG_SEA,NYG,,,
2024,6,2024-10-13,2024_06_CIN_NYG,NYG,,,
2024,7,2024-10-20,2024_07_PHI_NYG,NYG,-0.48928094,0.3737550562660212,1.4481907
2024,8,2024-10-28,2024_08_NYG_PIT,NYG,-0.42895994,0.37167519168615665,1.395743
2024,9,2024-11-03,2024_09_WAS_NYG,NYG,-0.6127371,0.3664590648313743,1.239899
2024,10,2024-11-10,2024_10_NYG_CAR,NYG,-0.25350973,0.3756369026331617,1.4482323
2024,12,2024-11-24,2024_12_TB_NYG,NYG,-0.35786462,0.4004297461169633,1.3884033
2024,13,2024-11-28,2024_13_NYG_DAL,NYG,-0.565192,0.39764050648948834,1.2101982
2024,14,2024-12-08,2024_14_NO_NYG,NYG,-0.5501904,0.4010461286451106,1.3819152
2024,15,2024-12-15,2024_15_BAL_NYG,NYG,-0.524856,0.39468859728757916,1.4844794
2024,16,2024-12-22,2024_16_NYG_ATL,NYG,-0.54583055,0.3785944508270756,1.4710113
2024,17,2024-12-29,2024_17_IND_NYG,NYG,-1.1560354,0.3787034717081554,1.1187387
2024,18,2025-01-05,2024_18_NYG_PHI,NYG,-0.8276705,0.3696893021170627,1.4777131
2016,1,2016-09-11,2016_01_CIN_NYJ,NYJ,,,
2016,2,2016-09-15,2016_02_NYJ_BUF,NYJ,,,
2016,3,2016-09-25,2016_03_NYJ_KC,NYJ,,,
2016,4,2016-10-02,2016_04_SEA_NYJ,NYJ,,,
2016,5,2016-10-09,2016_05_NYJ_PIT,NYJ,,,
2016,6,2016-10-17,2016_06_NYJ_ARI,NYJ,,,
2016,7,2016-10-23,2016_07_BAL_NYJ,NYJ,-0.5087882,0.3662487974987975,1.4772726
2016,8,2016-10-30,2016_08_NYJ_CLE,NYJ,-0.6738238,0.36876108018965165,1.3963203
2016,9,2016-11-06,2016_09_NYJ_MIA,NYJ,-0.77361435,0.3351779545610714,1.2662698
2016,10,2016-11-13,2016_10_LA_NYJ,NYJ,-0.26903185,0.33578618471475613,1.6041485
2016,12,2016-11-27,2016_12_NE_NYJ,NYJ,-0.40172637,0.3327099680021758,1.4374819
2016,13,2016-12-05,2016_13_IND_NYJ,NYJ,-0.39260793,0.328354180691843,1.498088
2016,14,2016-12-11,2016_14_NYJ_SF,NYJ,-0.44192138,0.317241789996119,1.5869769
2016,15,2016-12-17,2016_15_MIA_NYJ,NYJ,-0.28157106,0.3077599028356604,1.5961343
2016,16,2016-12-24,2016_16_NYJ_NE,NYJ,-0.7880614,0.31680587822778966,1.3322455
2016,17,2017-01-01,2016_17_BUF_NYJ,NYJ,-1.1935444,0.2888064471033585,0.99057883
2017,1,2017-09-10,2017_01_NYJ_BUF,NYJ,,,
2017,2,2017-09-17,2017_02_NYJ_OAK,NYJ,,,
2017,3,2017-09-24,2017_03_MIA_NYJ,NYJ,,,
2017,4,2017-10-01,2017_04_JAX_NYJ,NYJ,,,
2017,5,2017-10-08,2017_05_NYJ_CLE,NYJ,,,
2017,6,2017-10-15,2017_06_NE_NYJ,NYJ,,,
2017,7,2017-10-22,2017_07_NYJ_MIA,NYJ,-0.30044192,0.37719063888181537,1.5056528
2017,8,2017-10-29,2017_08_ATL_NYJ,NYJ,-0.19291294,0.3698199341896821,1.6723194
2017,9,2017-11-02,2017_09_BUF_NYJ,NYJ,-0.3786068,0.3678538447235926,1.6167637
2017,10,2017-11-12,2017_10_NYJ_TB,NYJ,-0.2809213,0.37641322515797304,1.7381312
2017,12,2017-11-26,2017_12_CAR_NYJ,NYJ,-0.38306868,0.35489037527728007,1.6214646
2017,13,2017-12-03,2017_13_KC_NYJ,NYJ,-0.44433507,0.3482448382746002,1.6853175
2017,14,2017-12-10,2017_14_NYJ_DEN,NYJ,-0.04075433,0.35385796742939596,2.0825398
2017,15,2017-12-17,2017_15_NYJ_NO,NYJ,-0.43425855,0.3379850947112852,1.7492064
2017,16,2017-12-24,2017_16_LAC_NYJ,NYJ,-0.5066961,0.3359424478156971,1.7150183
2017,17,2017-12-31,2017_17_NYJ_NE,NYJ,-0.6957641,0.3338578260882182,1.4150182
2018,1,2018-09-10,2018_01_NYJ_DET,NYJ,,,
2018,2,2018-09-16,2018_02_MIA_NYJ,NYJ,,,
2018,3,2018-09-20,2018_03_NYJ_CLE,NYJ,,,
2018,4,2018-09-30,2018_04_NYJ_JAX,NYJ,,,
2018,5,2018-10-07,2018_05_DEN_NYJ,NYJ,,,
2018,6,2018-10-14,2018_06_IND_NYJ,NYJ,,,
2018,7,2018-10-21,2018_07_MIN_NYJ,NYJ,-0.39671126,0.3630404046841776,1.7893772
2018,8,2018-10-28,2018_08_NYJ_CHI,NYJ,-0.6673086,0.32485560862123025,1.5274725
2018,9,2018-11-04,2018_09_NYJ_MIA,NYJ,-0.58105093,0.3102076113751938,1.512321
2018,10,2018-11-11,2018_10_BUF_NYJ,NYJ,-0.77140266,0.29713596080354326,1.3712955
2018,12,2018-11-25,2018_12_NE_NYJ,NYJ,-0.8948739,0.3212273566211295,1.3673271
2018,13,2018-12-02,2018_13_NYJ_TEN,NYJ,-1.0124688,0.31961829616591525,1.1792319
2018,14,2018-12-09,2018_14_NYJ_BUF,NYJ,-1.1118786,0.30955142850976186,0.94113666
2018,15,2018-12-15,2018_15_HOU_NYJ,NYJ,-0.78136015,0.31721753691116433,1.183561
2018,16,2018-12-23,2018_16_GB_NYJ,NYJ,-0.7445796,0.32875306021139356,1.365379
2018,17,2018-12-30,2018_17_NYJ_NE,NYJ,-0.2035396,0.36901164421997756,1.7756354
2019,1,2019-09-08,2019_01_BUF_NYJ,NYJ,,,
2019,2,2019-09-16,2019_02_CLE_NYJ,NYJ,,,
2019,3,2019-09-22,2019_03_NYJ_NE,NYJ,,,
2019,5,2019-10-06,2019_05_NYJ_PHI,NYJ,,,
2019,6,2019-10-13,2019_06_DAL_NYJ,NYJ,,,
2019,7,2019-10-21,2019_07_NE_NYJ,NYJ,,,
2019,8,2019-10-27,2019_08_NYJ_JAX,NYJ,-1.4583111,0.2945427230397469,0.71089745
2019,9,2019-11-03,2019_09_NYJ_MIA,NYJ,-1.5159389,0.2776297363350935,0.80064106
2019,10,2019-11-10,2019_10_NYG_NYJ,NYJ,-1.2411064,0.30187113571853835,1.0013987
2019,11,2019-11-17,2019_11_NYJ_WAS,NYJ,-0.90195054,0.31660927456382004,1.2394938
2019,12,2019-11-24,2019_12_OAK_NYJ,NYJ,-0.48736444,0.3365371920878914,1.6039628
2019,13,2019-12-01,2019_13_NYJ_CIN,NYJ,-0.5368696,0.33591189146259076,1.5928516
2019,14,2019-12-08,2019_14_MIA_NYJ,NYJ,-0.33955142,0.34185708263505465,1.6837606
2019,15,2019-12-12,2019_15_NYJ_BAL,NYJ,-0.14545313,0.3534779323240862,1.8247863
2019,16,2019-12-22,2019_16_PIT_NYJ,NYJ,-0.24289243,0.35927125516286357,1.7906953
2019,17,2019-12-29,2019_17_NYJ_BUF,NYJ,-0.3573365,0.3419711941128025,1.6624902
2020,1,2020-09-13,2020_01_NYJ_BUF,NYJ,,,
2020,2,2020-09-20,2020_02_SF_NYJ,NYJ,,,
2020,3,2020-09-27,2020_03_NYJ_IND,NYJ,,,
2020,4,2020-10-01,2020_04_DEN_NYJ,NYJ,,,
2020,5,2020-10-11,2020_05_ARI_NYJ,NYJ,,,
2020,6,2020-10-18,2020_06_NYJ_MIA,NYJ,,,
2020,7,2020-10-25,2020_07_BUF_NYJ,NYJ,-1.3792571,0.2898087933873839,1.0176767
2020,8,2020-11-01,2020_08_NYJ_KC,NYJ,-1.4414238,0.30772562683452037,0.9452862
2020,9,2020-11-09,2020_09_NE_NYJ,NYJ,-1.4478946,0.3197497138586074,0.8846801
2020,11,2020-11-22,2020_11_NYJ_LAC,NYJ,-0.685647,0.35468283629172986,1.2786195
2020,12,2020-11-29,2020_12_MIA_NYJ,NYJ,-0.60495305,0.3479526031410421,1.3670034
2020,13,2020-12-06,2020_13_LV_NYJ,NYJ,-0.8245967,0.33456940285944614,1.2609428
2020,14,2020-12-13,2020_14_NYJ_SEA,NYJ,-0.3838574,0.35822194079769837,1.6498317
2020,15,2020-12-20,2020_15_NYJ_LA,NYJ,-0.5538469,0.3418825702916612,1.510101
2020,16,2020-12-27,2020_16_CLE_NYJ,NYJ,-0.4951322,0.3299376969831515,1.7222222
2020,17,2021-01-03,2020_17_NYJ_NE,NYJ,-0.8864221,0.3082057252511798,1.517094
2021,1,2021-09-12,2021_01_NYJ_CAR,NYJ,,,
2021,2,2021-09-19,2021_02_NE_NYJ,NYJ,,,
2021,3,2021-09-26,2021_03_NYJ_DEN,NYJ,,,
2021,4,2021-10-03,2021_04_TEN_NYJ,NYJ,,,
2021,5,2021-10-10,2021_05_NYJ_ATL,NYJ,,,
2021,7,2021-10-24,2021_07_NYJ_NE,NYJ,,,
2021,8,2021-10-31,2021_08_CIN_NYJ,NYJ,-0.90115875,0.3483515839410762,1.1665465
2021,9,2021-11-04,2021_09_NYJ_IND,NYJ,-0.71122843,0.378708726798219,1.4443241
2021,10,2021-11-14,2021_10_BUF_NYJ,NYJ,-0.1865765,0.3790033395928318,1.8155364
2021,11,2021-11-21,2021_11_MIA_NYJ,NYJ,0.06857512,0.3878171723649979,2.0516474
2021,12,2021-11-28,2021_12_NYJ_HOU,NYJ,-0.03936884,0.404905006183601,2.0135522
2021,13,2021-12-05,2021_13_PHI_NYJ,NYJ,-0.3004546,0.3795733510316843,1.9613637
2021,14,2021-12-12,2021_14_NO_NYJ,NYJ,-0.1109969,0.37256600652433985,2.0977273
2021,15,2021-12-19,2021_15_NYJ_MIA,NYJ,-0.3816916,0.34016653870820535,1.7505051
2021,16,2021-12-26,2021_16_JAX_NYJ,NYJ,-0.69444317,0.3369597917514584,1.5459596
2021,17,2022-01-02,2021_17_TB_NYJ,NYJ,-0.26694456,0.37890754307420976,1.79133
2021,18,2022-01-09,2021_18_NYJ_BUF,NYJ,-0.047465205,0.3819623205407519,1.871633
2022,1,2022-09-11,2022_01_BAL_NYJ,NYJ,,,
2022,2,2022-09-18,2022_02_NYJ_CLE,NYJ,,,
2022,3,2022-09-25,2022_03_CIN_NYJ,NYJ,,,
2022,4,2022-10-02,2022_04_NYJ_PIT,NYJ,,,
2022,5,2022-10-09,2022_05_MIA_NYJ,NYJ,,,
2022,6,2022-10-16,2022_06_NYJ_GB,NYJ,,,
2022,7,2022-10-23,2022_07_NYJ_DEN,NYJ,-0.18916945,0.3788060939687499,1.8814102
2022,8,2022-10-30,2022_08_NE_NYJ,NYJ,0.0058434405,0.3781140051026415,1.9615384
2022,9,2022-11-06,2022_09_BUF_NYJ,NYJ,-0.4550885,0.3651266522478644,1.7279526
2022,11,2022-11-20,2022_11_NYJ_NE,NYJ,-0.12337267,0.38901784593072475,1.9316564
2022,12,2022-11-27,2022_12_CHI_NYJ,NYJ,-0.4758043,0.3688038427621761,1.6064816
2022,13,2022-12-04,2022_13_NYJ_MIN,NYJ,-0.39106414,0.3748357737941071,1.6359687
2022,14,2022-12-11,2022_14_NYJ_BUF,NYJ,-0.34498644,0.374363907697241,1.6722935
2022,15,2022-12-18,2022_15_DET_NYJ,NYJ,-0.48353103,0.3759969968303302,1.5953704
2022,16,2022-12-22,2022_16_JAX_NYJ,NYJ,-0.42883787,0.38433146889586284,1.616835
2022,17,2023-01-01,2022_17_NYJ_SEA,NYJ,-0.78363585,0.34998104354053555,1.2964646
2022,18,2023-01-08,2022_18_NYJ_MIA,NYJ,-0.7874701,0.3572053007647928,1.3413364
2023,1,2023-09-11,2023_01_BUF_NYJ,NYJ,,,
2023,2,2023-09-17,2023_02_NYJ_DAL,NYJ,,,
2023,3,2023-09-24,2023_03_NE_NYJ,NYJ,,,
2023,4,2023-10-01,2023_04_KC_NYJ,NYJ,,,
2023,5,2023-10-08,2023_05_NYJ_DEN,NYJ,,,
2023,6,2023-10-15,2023_06_PHI_NYJ,NYJ,,,
2023,8,2023-10-29,2023_08_NYJ_NYG,NYJ,-0.61080635,0.3562354312354312,1.3971444
2023,9,2023-11-06,2023_09_LAC_NYJ,NYJ,-0.85002065,0.35960126474832355,1.3023733
2023,10,2023-11-12,2023_10_NYJ_LV,NYJ,-0.93515056,0.35797938235721044,1.2277812
2023,11,2023-11-19,2023_11_NYJ_BUF,NYJ,-0.90637463,0.37637186949969753,1.2813942
2023,12,2023-11-24,2023_12_MIA_NYJ,NYJ,-1.2459481,0.36197902328866954,1.0995761
2023,13,2023-12-03,2023_13_ATL_NYJ,NYJ,-1.6425009,0.3226772266005092,0.88619226
2023,14,2023-12-10,2023_14_HOU_NYJ,NYJ,-1.8359447,0.30004732800907213,0.660085
2023,15,2023-12-17,2023_15_NYJ_MIA,NYJ,-1.533309,0.29391396288249433,0.91724944
2023,16,2023-12-24,2023_16_WAS_NYJ,NYJ,-1.6351695,0.2670185292562915,0.8403263
2023,17,2023-12-28,2023_17_NYJ_CLE,NYJ,-1.5414969,0.2831482039797162,0.9710081
2023,18,2024-01-07,2023_18_NYJ_NE,NYJ,-1.4198128,0.3107618571615512,1.0467657
2024,1,2024-09-09,2024_01_NYJ_SF,NYJ,,,
2024,2,2024-09-15,2024_02_NYJ_TEN,NYJ,,,
2024,3,2024-09-19,2024_03_NE_NYJ,NYJ,,,
2024,4,2024-09-29,2024_04_DEN_NYJ,NYJ,,,
2024,5,2024-10-06,2024_05_NYJ_MIN,NYJ,,,
2024,6,2024-10-14,2024_06_BUF_NYJ,NYJ,,,
2024,7,2024-10-20,2024_07_NYJ_PIT,NYJ,-0.037067026,0.40584870228299713,1.8840069
2024,8,2024-10-27,2024_08_NYJ_NE,NYJ,-0.15924846,0.40525346418775904,1.7756734
2024,9,2024-10-31,2024_09_HOU_NYJ,NYJ,-0.23237161,0.41909272677702164,1.7787037
2024,10,2024-11-10,2024_10_NYJ_ARI,NYJ,-0.30546865,0.40289241224950123,1.6287037
2024,11,2024-11-17,2024_11_IND_NYJ,NYJ,-0.12958705,0.4288922048358323,1.6799856
2024,13,2024-12-01,2024_13_SEA_NYJ,NYJ,0.049714837,0.4375688291374566,1.8370371
2024,14,2024-12-08,2024_14_NYJ_MIA,NYJ,-0.2111245,0.42820936144465555,1.7583333
2024,15,2024-12-15,2024_15_NYJ_JAX,NYJ,0.21064104,0.450703502652032,1.9833332
2024,16,2024-12-22,2024_16_LA_NYJ,NYJ,0.5607609,0.4419774601759896,2.1499999
2024,17,2024-12-29,2024_17_NYJ_BUF,NYJ,0.18224739,0.44247060480226114,2.0142858
2024,18,2025-01-05,2024_18_MIA_NYJ,NYJ,0.03178499,0.42631451552117183,2.0809524
2016,1,2016-09-11,2016_01_CLE_PHI,PHI,,,
2016,2,2016-09-19,2016_02_PHI_CHI,PHI,,,
2016,3,2016-09-25,2016_03_PIT_PHI,PHI,,,
2016,5,2016-10-09,2016_05_PHI_DET,PHI,,,
2016,6,2016-10-16,2016_06_PHI_WAS,PHI,,,
2016,7,2016-10-23,2016_07_MIN_PHI,PHI,,,
2016,8,2016-10-30,2016_08_PHI_DAL,PHI,0.2032855,0.39869669574360717,2.2517223
2016,9,2016-11-06,2016_09_PHI_NYG,PHI,0.18734284,0.3973078068547182,2.1961668
2016,10,2016-11-13,2016_10_ATL_PHI,PHI,0.10455217,0.3852415397884512,2.0489447
2016,11,2016-11-20,2016_11_PHI_SEA,PHI,-0.17969777,0.3746255701099815,1.8156112
2016,12,2016-11-28,2016_12_GB_PHI,PHI,-0.37815192,0.36740154413595555,1.581993
2016,13,2016-12-04,2016_13_PHI_CIN,PHI,-0.32402402,0.36934505517037564,1.6793956
2016,14,2016-12-11,2016_14_WAS_PHI,PHI,-0.32718456,0.3682862624312045,1.622286
2016,15,2016-12-18,2016_15_PHI_BAL,PHI,-0.30315235,0.3693872524905279,1.5695082
2016,16,2016-12-22,2016_16_NYG_PHI,PHI,-0.14377156,0.3850454584009268,1.6750637
2016,17,2017-01-01,2016_17_DAL_PHI,PHI,-0.1698051,0.3835109396789081,1.5724998
2017,1,2017-09-10,2017_01_PHI_WAS,PHI,,,
2017,2,2017-09-17,2017_02_PHI_KC,PHI,,,
2017,3,2017-09-24,2017_03_NYG_PHI,PHI,,,
2017,4,2017-10-01,2017_04_PHI_LAC,PHI,,,
2017,5,2017-10-08,2017_05_ARI_PHI,PHI,,,
2017,6,2017-10-12,2017_06_PHI_CAR,PHI,,,
2017,7,2017-10-23,2017_07_WAS_PHI,PHI,0.7119821,0.4006181855929331,2.3124838
2017,8,2017-10-29,2017_08_SF_PHI,PHI,0.85466677,0.38556448928923676,2.4770138
2017,9,2017-11-05,2017_09_DEN_PHI,PHI,0.7658899,0.39483104344215453,2.495412
2017,11,2017-11-19,2017_11_PHI_DAL,PHI,0.89809203,0.39819543698511956,2.756401
2017,12,2017-11-26,2017_12_CHI_PHI,PHI,0.67820626,0.38271613154854917,2.6723554
2017,13,2017-12-03,2017_13_PHI_SEA,PHI,0.5058524,0.3821160508014096,2.626901
2017,14,2017-12-10,2017_14_PHI_LA,PHI,0.41612515,0.3944903188335724,2.4345932
2017,15,2017-12-17,2017_15_PHI_NYG,PHI,0.44822034,0.3969074295755819,2.43673
2017,16,2017-12-25,2017_16_OAK_PHI,PHI,0.64276916,0.3928565036496559,2.5875235
2017,17,2017-12-31,2017_17_DAL_PHI,PHI,0.1580406,0.3593557649703458,2.1248252
2018,1,2018-09-06,2018_01_ATL_PHI,PHI,,,
2018,2,2018-09-16,2018_02_PHI_TB,PHI,,,
2018,3,2018-09-23,2018_03_IND_PHI,PHI,,,
2018,4,2018-09-30,2018_04_PHI_TEN,PHI,,,
2018,5,2018-10-07,2018_05_MIN_PHI,PHI,,,
2018,6,2018-10-11,2018_06_PHI_NYG,PHI,,,
2018,7,2018-10-21,2018_07_CAR_PHI,PHI,-0.051692735,0.3933342337924848,1.9548368
2018,8,2018-10-28,2018_08_PHI_JAX,PHI,0.12216432,0.39107448087483715,1.9969244
2018,10,2018-11-11,2018_10_DAL_PHI,PHI,0.26892623,0.3958292631296194,2.1276937
2018,11,2018-11-18,2018_11_PHI_NO,PHI,0.36139312,0.4124400769242276,2.1276937
2018,12,2018-11-25,2018_12_NYG_PHI,PHI,0.019051438,0.39758693238358306,1.9143099
2018,13,2018-12-03,2018_13_WAS_PHI,PHI,0.2885612,0.4046304191997972,2.0127947
2018,14,2018-12-09,2018_14_PHI_DAL,PHI,0.24787451,0.4084139042332822,1.9648148
2018,15,2018-12-16,2018_15_PHI_LA,PHI,0.100491166,0.4230722644359008,1.998485
2018,16,2018-12-23,2018_16_HOU_PHI,PHI,0.060895015,0.43220509919373556,2.0151515
2018,17,2018-12-30,2018_17_PHI_WAS,PHI,0.16176458,0.4285942249389219,2.1565657
2019,1,2019-09-08,2019_01_WAS_PHI,PHI,,,
2019,2,2019-09-15,2019_02_PHI_ATL,PHI,,,
2019,3,2019-09-22,2019_03_DET_PHI,PHI,,,
2019,4,2019-09-26,2019_04_PHI_GB,PHI,,,
2019,5,2019-10-06,2019_05_NYJ_PHI,PHI,,,
2019,6,2019-10-13,2019_06_PHI_MIN,PHI,,,
2019,7,2019-10-20,2019_07_PHI_DAL,PHI,0.1828423,0.39347125447504233,2.1809635
2019,8,2019-10-27,2019_08_PHI_BUF,PHI,-0.40079376,0.37190461404476555,1.7991452
2019,9,2019-11-03,2019_09_CHI_PHI,PHI,-0.083749175,0.3850736419865208,1.9910644
2019,11,2019-11-17,2019_11_NE_PHI,PHI,-0.004363846,0.38583730053204207,1.9632868
2019,12,2019-11-24,2019_12_SEA_PHI,PHI,-0.49319482,0.38084687849616544,1.5763403
2019,13,2019-12-01,2019_13_PHI_MIA,PHI,-0.6951313,0.3845561322054192,1.4481353
2019,14,2019-12-09,2019_14_NYG_PHI,PHI,-0.38294768,0.39392311553073583,1.6400543
2019,15,2019-12-15,2019_15_PHI_WAS,PHI,-0.07210577,0.4126199339840478,1.7623488
2019,16,2019-12-22,2019_16_DAL_PHI,PHI,0.08026962,0.42457545605654845,1.8093184
2019,17,2019-12-29,2019_17_PHI_NYG,PHI,0.029929677,0.43471250945340584,1.739874
2020,1,2020-09-13,2020_01_PHI_WAS,PHI,,,
2020,2,2020-09-20,2020_02_LA_PHI,PHI,,,
2020,3,2020-09-27,2020_03_CIN_PHI,PHI,,,
2020,4,2020-10-04,2020_04_PHI_SF,PHI,,,
2020,5,2020-10-11,2020_05_PHI_PIT,PHI,,,
2020,6,2020-10-18,2020_06_BAL_PHI,PHI,,,
2020,7,2020-10-22,2020_07_NYG_PHI,PHI,-0.16910899,0.36453135281566657,1.9049729
2020,8,2020-11-01,2020_08_DAL_PHI,PHI,0.011798884,0.36858575520340225,1.9981352
2020,10,2020-11-15,2020_10_PHI_NYG,PHI,-0.18007725,0.3297499151175622,1.8898019
2020,11,2020-11-22,2020_11_PHI_CLE,PHI,-0.13088748,0.3421228172698761,1.8782635
2020,12,2020-11-30,2020_12_SEA_PHI,PHI,-0.33672547,0.32154456654456653,1.8083334
2020,13,2020-12-06,2020_13_PHI_GB,PHI,-0.5976712,0.3256546231546231,1.5825758
2020,14,2020-12-13,2020_14_NO_PHI,PHI,-0.5701682,0.3351788570906218,1.4159092
2020,15,2020-12-20,2020_15_PHI_ARI,PHI,-0.55666393,0.34326290267466736,1.4671911
2020,16,2020-12-27,2020_16_PHI_DAL,PHI,-0.41809464,0.35068210384386855,1.5921911
2020,17,2021-01-03,2020_17_WAS_PHI,PHI,-0.52925736,0.3532693776811424,1.5268065
2021,1,2021-09-12,2021_01_PHI_ATL,PHI,,,
2021,2,2021-09-19,2021_02_SF_PHI,PHI,,,
2021,3,2021-09-27,2021_03_PHI_DAL,PHI,,,
2021,4,2021-10-03,2021_04_KC_PHI,PHI,,,
2021,5,2021-10-10,2021_05_PHI_CAR,PHI,,,
2021,6,2021-10-14,2021_06_TB_PHI,PHI,,,
2021,7,2021-10-24,2021_07_PHI_LV,PHI,0.090762556,0.38530277456748047,2.10586
2021,8,2021-10-31,2021_08_PHI_DET,PHI,-0.02706592,0.36607725607725605,1.987678
2021,9,2021-11-07,2021_09_LAC_PHI,PHI,0.30653092,0.38516816516816516,2.4173076
2021,10,2021-11-14,2021_10_PHI_DEN,PHI,0.7967244,0.39512181105931105,2.7250001
2021,11,2021-11-21,2021_11_NO_PHI,PHI,0.5609928,0.38925961769711764,2.4636364
2021,12,2021-11-28,2021_12_PHI_NYG,PHI,0.77433854,0.4084908185949852,2.6080809
2021,13,2021-12-05,2021_13_PHI_NYJ,PHI,0.48631287,0.41855115178031843,2.3580809
2021,15,2021-12-21,2021_15_WAS_PHI,PHI,0.944169,0.43898323875652306,2.678914
2021,16,2021-12-26,2021_16_NYG_PHI,PHI,0.7037463,0.4360087132819976,2.495581
2021,17,2022-01-02,2021_17_PHI_WAS,PHI,0.4014758,0.4417773081130924,2.3545551
2021,18,2022-01-08,2021_18_DAL_PHI,PHI,0.42237678,0.42336776135387244,2.3612893
2022,1,2022-09-11,2022_01_PHI_DET,PHI,,,
2022,2,2022-09-19,2022_02_MIN_PHI,PHI,,,
2022,3,2022-09-25,2022_03_PHI_WAS,PHI,,,
2022,4,2022-10-02,2022_04_JAX_PHI,PHI,,,
2022,5,2022-10-09,2022_05_PHI_ARI,PHI,,,
2022,6,2022-10-16,2022_06_DAL_PHI,PHI,,,
2022,8,2022-10-30,2022_08_PIT_PHI,PHI,0.48094225,0.416735713959793,2.3596284
2022,9,2022-11-03,2022_09_PHI_HOU,PHI,0.59913456,0.421373921860033,2.4581132
2022,10,2022-11-14,2022_10_WAS_PHI,PHI,0.69048786,0.4404961884822996,2.5414464
2022,11,2022-11-20,2022_11_PHI_IND,PHI,0.49855804,0.4349843854704966,2.5837543
2022,12,2022-11-27,2022_12_GB_PHI,PHI,0.38663936,0.4246800293328072,2.4170876
2022,13,2022-12-04,2022_13_TEN_PHI,PHI,0.4803444,0.4431021608862518,2.652778
2022,14,2022-12-11,2022_14_PHI_NYG,PHI,0.6397784,0.44085075068029617,2.7891414
2022,15,2022-12-18,2022_15_PHI_CHI,PHI,0.7223242,0.4389338635550757,2.8724747
2022,16,2022-12-24,2022_16_PHI_DAL,PHI,0.51147264,0.406542689913902,2.7363636
2022,17,2023-01-01,2022_17_NO_PHI,PHI,0.6847177,0.42731103772770435,2.810606
2022,18,2023-01-08,2022_18_NYG_PHI,PHI,0.591883,0.4182015900765901,2.713384
2023,1,2023-09-10,2023_01_PHI_NE,PHI,,,
2023,2,2023-09-14,2023_02_MIN_PHI,PHI,,,
2023,3,2023-09-25,2023_03_PHI_TB,PHI,,,
2023,4,2023-10-01,2023_04_WAS_PHI,PHI,,,
2023,5,2023-10-08,2023_05_PHI_LA,PHI,,,
2023,6,2023-10-15,2023_06_PHI_NYJ,PHI,,,
2023,7,2023-10-22,2023_07_MIA_PHI,PHI,0.5426564,0.4337052392284222,2.3609126
2023,8,2023-10-29,2023_08_PHI_WAS,PHI,0.70161456,0.4380653731421275,2.651389
2023,9,2023-11-05,2023_09_DAL_PHI,PHI,0.7856538,0.42567932067932074,2.7069445
2023,11,2023-11-20,2023_11_PHI_KC,PHI,0.9491599,0.40681314963177706,2.7902777
2023,12,2023-11-26,2023_12_BUF_PHI,PHI,0.5998012,0.385645821589449,2.5152776
2023,13,2023-12-03,2023_13_SF_PHI,PHI,0.43738392,0.3653838910596614,2.4765873
2023,14,2023-12-10,2023_14_PHI_DAL,PHI,0.7546928,0.35184718720433006,2.595106
2023,15,2023-12-18,2023_15_PHI_SEA,PHI,0.46964476,0.3585856339427768,2.1951058
2023,16,2023-12-25,2023_16_NYG_PHI,PHI,0.3263726,0.3625585033935874,1.9506613
2023,17,2023-12-31,2023_17_ARI_PHI,PHI,0.06924074,0.3771207838872404,1.942328
2023,18,2024-01-07,2023_18_PHI_NYG,PHI,0.46348634,0.4066778655582928,2.1714947
2024,1,2024-09-06,2024_01_GB_PHI,PHI,,,
2024,2,2024-09-16,2024_02_ATL_PHI,PHI,,,
2024,3,2024-09-22,2024_03_PHI_NO,PHI,,,
2024,4,2024-09-29,2024_04_PHI_TB,PHI,,,
2024,6,2024-10-13,2024_06_CLE_PHI,PHI,,,
2024,7,2024-10-20,2024_07_PHI_NYG,PHI,,,
2024,8,2024-10-27,2024_08_PHI_CIN,PHI,0.23820816,0.4076047704133125,2.0796814
2024,9,2024-11-03,2024_09_JAX_PHI,PHI,0.58196634,0.4116884041884042,2.3353631
2024,10,2024-11-10,2024_10_PHI_DAL,PHI,0.4545718,0.4098874273874274,2.3054488
2024,11,2024-11-14,2024_11_WAS_PHI,PHI,0.5675891,0.4177996705675277,2.4602106
2024,12,2024-11-24,2024_12_PHI_LA,PHI,0.69578385,0.42825790551439896,2.6208167
2024,13,2024-12-01,2024_13_PHI_BAL,PHI,1.119676,0.44174215274864626,2.90415
2024,14,2024-12-08,2024_14_CAR_PHI,PHI,1.0270948,0.45629218604867955,2.8785088
2024,15,2024-12-15,2024_15_PIT_PHI,PHI,0.58480084,0.4307825876224145,2.515083
2024,16,2024-12-22,2024_16_PHI_WAS,PHI,0.7680447,0.4443759371386114,2.6561086
2024,17,2024-12-29,2024_17_DAL_PHI,PHI,0.9096089,0.4369776145617174,2.644204
2024,18,2025-01-05,2024_18_NYG_PHI,PHI,1.0970393,0.4420838719407021,2.7805674
2016,1,2016-09-12,2016_01_PIT_WAS,PIT,,,
2016,2,2016-09-18,2016_02_CIN_PIT,PIT,,,
2016,3,2016-09-25,2016_03_PIT_PHI,PIT,,,
2016,4,2016-10-02,2016_04_KC_PIT,PIT,,,
2016,5,2016-10-09,2016_05_NYJ_PIT,PIT,,,
2016,6,2016-10-16,2016_06_PIT_MIA,PIT,,,
2016,7,2016-10-23,2016_07_NE_PIT,PIT,0.4729681,0.3793991446264174,2.1937063
2016,9,2016-11-06,2016_09_PIT_BAL,PIT,-0.0023045975,0.35926686949414227,1.7825952
2016,10,2016-11-13,2016_10_DAL_PIT,PIT,-0.21409889,0.3402211929484657,1.671484
2016,11,2016-11-20,2016_11_PIT_CLE,PIT,0.16302215,0.3669958843064904,2.0426962
2016,12,2016-11-24,2016_12_PIT_IND,PIT,0.07128388,0.38019049198639215,1.8664141
2016,13,2016-12-04,2016_13_NYG_PIT,PIT,0.17039907,0.3905420231712567,1.9152356
2016,14,2016-12-11,2016_14_PIT_BUF,PIT,0.25043783,0.404856934550562,1.9935185
2016,15,2016-12-18,2016_15_PIT_CIN,PIT,0.43294534,0.41470541939904687,2.1803873
2016,16,2016-12-25,2016_16_BAL_PIT,PIT,0.8796471,0.4487664304045023,2.4692762
2016,17,2017-01-01,2016_17_CLE_PIT,PIT,0.88099796,0.45447592153066,2.483165
2017,1,2017-09-10,2017_01_PIT_CLE,PIT,,,
2017,2,2017-09-17,2017_02_MIN_PIT,PIT,,,
2017,3,2017-09-24,2017_03_PIT_CHI,PIT,,,
2017,4,2017-10-01,2017_04_PIT_BAL,PIT,,,
2017,5,2017-10-08,2017_05_JAX_PIT,PIT,,,
2017,6,2017-10-15,2017_06_PIT_KC,PIT,,,
2017,7,2017-10-22,2017_07_CIN_PIT,PIT,-0.4064829,0.36782320925591866,1.5896465
2017,8,2017-10-29,2017_08_PIT_DET,PIT,-0.2591241,0.3714570333442882,1.8017677
2017,10,2017-11-12,2017_10_PIT_IND,PIT,-0.2755166,0.358724125819714,1.7184343
2017,11,2017-11-16,2017_11_TEN_PIT,PIT,-0.16356109,0.3505696645402528,1.7386364
2017,12,2017-11-26,2017_12_GB_PIT,PIT,-0.042182133,0.373584265679854,1.9330808
2017,13,2017-12-04,2017_13_PIT_CIN,PIT,0.400686,0.39527311913675556,2.2777777
2017,14,2017-12-10,2017_14_BAL_PIT,PIT,0.5687972,0.418121571189753,2.4035354
2017,15,2017-12-17,2017_15_NE_PIT,PIT,0.8101847,0.43238450176284404,2.5550506
2017,16,2017-12-25,2017_16_PIT_HOU,PIT,0.9478597,0.46113238559651215,2.7217171
2017,17,2017-12-31,2017_17_CLE_PIT,PIT,1.2182986,0.4561421212312478,2.959091
2018,1,2018-09-09,2018_01_PIT_CLE,PIT,,,
2018,2,2018-09-16,2018_02_KC_PIT,PIT,,,
2018,3,2018-09-24,2018_03_PIT_TB,PIT,,,
2018,4,2018-09-30,2018_04_BAL_PIT,PIT,,,
2018,5,2018-10-07,2018_05_ATL_PIT,PIT,,,
2018,6,2018-10-14,2018_06_PIT_CIN,PIT,,,
2018,8,2018-10-28,2018_08_CLE_PIT,PIT,0.3928329,0.40689559587585905,2.169428
2018,9,2018-11-04,2018_09_PIT_BAL,PIT,0.56294864,0.4074378168128168,2.3826535
2018,10,2018-11-08,2018_10_CAR_PIT,PIT,0.6416138,0.3947991822991823,2.3224683
2018,11,2018-11-18,2018_11_PIT_JAX,PIT,1.0547816,0.4159891034891035,2.7117455
2018,12,2018-11-25,2018_12_PIT_DEN,PIT,1.087885,0.4114697031363698,2.7553966
2018,13,2018-12-02,2018_13_LAC_PIT,PIT,0.81706,0.4118812865024986,2.482669
2018,14,2018-12-09,2018_14_PIT_OAK,PIT,0.586429,0.4230022257484379,2.470548
2018,15,2018-12-16,2018_15_NE_PIT,PIT,0.59553367,0.43868751268372486,2.4231122
2018,16,2018-12-23,2018_16_PIT_NO,PIT,0.47197795,0.4399675289637412,2.2805195
2018,17,2018-12-30,2018_17_CIN_PIT,PIT,0.17436117,0.4067250905742439,2.0077922
2019,1,2019-09-08,2019_01_PIT_NE,PIT,,,
2019,2,2019-09-15,2019_02_SEA_PIT,PIT,,,
2019,3,2019-09-22,2019_03_PIT_SF,PIT,,,
2019,4,2019-09-30,2019_04_CIN_PIT,PIT,,,
2019,5,2019-10-06,2019_05_BAL_PIT,PIT,,,
2019,6,2019-10-13,2019_06_PIT_LAC,PIT,,,
2019,8,2019-10-28,2019_08_MIA_PIT,PIT,-0.4582565,0.3803099453127734,1.7134032
2019,9,2019-11-03,2019_09_IND_PIT,PIT,-0.24726592,0.3786821118667581,2.0770395
2019,10,2019-11-10,2019_10_LA_PIT,PIT,-0.336943,0.3562900363496826,1.960878
2019,11,2019-11-14,2019_11_PIT_CLE,PIT,-0.43375233,0.3345625250789021,1.8190511
2019,12,2019-11-24,2019_12_PIT_CIN,PIT,-0.8490401,0.32348534168029014,1.4523845
2019,13,2019-12-01,2019_13_CLE_PIT,PIT,-0.85072774,0.3181923377265719,1.3479887
2019,14,2019-12-08,2019_14_PIT_ARI,PIT,-0.8714668,0.3109870103741857,1.408595
2019,15,2019-12-15,2019_15_BUF_PIT,PIT,-0.9348317,0.32569643815179533,1.2828373
2019,16,2019-12-22,2019_16_PIT_NYJ,PIT,-1.1149094,0.33676345755214804,1.1439484
2019,17,2019-12-29,2019_17_PIT_BAL,PIT,-1.0364821,0.3444822626667865,1.168254
2020,1,2020-09-14,2020_01_PIT_NYG,PIT,,,
2020,2,2020-09-20,2020_02_DEN_PIT,PIT,,,
2020,3,2020-09-27,2020_03_HOU_PIT,PIT,,,
2020,5,2020-10-11,2020_05_PHI_PIT,PIT,,,
2020,6,2020-10-18,2020_06_CLE_PIT,PIT,,,
2020,7,2020-10-25,2020_07_PIT_TEN,PIT,,,
2020,8,2020-11-01,2020_08_PIT_BAL,PIT,0.60718566,0.3852354419199339,2.5959706
2020,9,2020-11-08,2020_09_PIT_DAL,PIT,0.46517912,0.39953242019418495,2.4959707
2020,10,2020-11-15,2020_10_CIN_PIT,PIT,0.58101046,0.39696781308412327,2.5738928
2020,11,2020-11-22,2020_11_PIT_JAX,PIT,0.55549806,0.40400576070648647,2.5782218
2020,12,2020-12-02,2020_12_BAL_PIT,PIT,0.33421934,0.40266773870669975,2.2910423
2020,13,2020-12-07,2020_13_WAS_PIT,PIT,0.18682487,0.3978822464212075,2.0777557
2020,14,2020-12-13,2020_14_PIT_BUF,PIT,-0.0012427192,0.38441307087219995,1.8710456
2020,15,2020-12-21,2020_15_PIT_CIN,PIT,-0.23713677,0.36982207393854566,1.73002
2020,16,2020-12-27,2020_16_IND_PIT,PIT,-0.447468,0.360257738562522,1.5687646
2020,17,2021-01-03,2020_17_PIT_CLE,PIT,-0.55732656,0.36248947101403467,1.4991674
2021,1,2021-09-12,2021_01_PIT_BUF,PIT,,,
2021,2,2021-09-19,2021_02_LV_PIT,PIT,,,
2021,3,2021-09-26,2021_03_CIN_PIT,PIT,,,
2021,4,2021-10-03,2021_04_PIT_GB,PIT,,,
2021,5,2021-10-10,2021_05_DEN_PIT,PIT,,,
2021,6,2021-10-17,2021_06_SEA_PIT,PIT,,,
2021,8,2021-10-31,2021_08_PIT_CLE,PIT,-0.17987311,0.3271878354311219,1.6476496
2021,9,2021-11-08,2021_09_CHI_PIT,PIT,-0.13310151,0.31384187583516227,1.6615385
2021,10,2021-11-14,2021_10_DET_PIT,PIT,-0.06667245,0.32879648141476786,1.7757577
2021,11,2021-11-21,2021_11_PIT_LAC,PIT,0.034169506,0.3354846690035765,1.8147186
2021,12,2021-11-28,2021_12_PIT_CIN,PIT,0.24618745,0.35645710986238105,2.117749
2021,13,2021-12-05,2021_13_BAL_PIT,PIT,-0.2621893,0.33950392370576354,1.8066378
2021,14,2021-12-09,2021_14_PIT_MIN,PIT,-0.12895979,0.35388343308527287,1.8450993
2021,15,2021-12-19,2021_15_TEN_PIT,PIT,-0.33718514,0.35725519029631586,1.9284326
2021,16,2021-12-26,2021_16_PIT_KC,PIT,-0.60762495,0.3533650989062244,1.8205267
2021,17,2022-01-03,2021_17_CLE_PIT,PIT,-0.7291941,0.3614530740054777,1.7815657
2021,18,2022-01-09,2021_18_PIT_BAL,PIT,-0.8855818,0.3415384047401591,1.5304834
2022,1,2022-09-11,2022_01_PIT_CIN,PIT,,,
2022,2,2022-09-18,2022_02_NE_PIT,PIT,,,
2022,3,2022-09-22,2022_03_PIT_CLE,PIT,,,
2022,4,2022-10-02,2022_04_NYJ_PIT,PIT,,,
2022,5,2022-10-09,2022_05_PIT_BUF,PIT,,,
2022,6,2022-10-16,2022_06_TB_PIT,PIT,,,
2022,7,2022-10-23,2022_07_PIT_MIA,PIT,-0.66093504,0.3342057961328795,1.346696
2022,8,2022-10-30,2022_08_PIT_PHI,PIT,-0.70188737,0.33377176835510175,1.3085016
2022,10,2022-11-13,2022_10_NO_PIT,PIT,-0.7028666,0.3330066474919416,1.2659091
2022,11,2022-11-20,2022_11_CIN_PIT,PIT,-0.5874097,0.3390237785090726,1.3113636
2022,12,2022-11-28,2022_12_PIT_IND,PIT,-0.5088583,0.33933120528708766,1.4182013
2022,13,2022-12-04,2022_13_PIT_ATL,PIT,-0.030746946,0.3565816400375224,1.7765346
2022,14,2022-12-11,2022_14_BAL_PIT,PIT,0.06326429,0.35936025545502664,1.7950531
2022,15,2022-12-18,2022_15_PIT_CAR,PIT,0.16659094,0.3827739559520605,1.9154235
2022,16,2022-12-24,2022_16_LV_PIT,PIT,0.50071466,0.41023011926713265,2.1432014
2022,17,2023-01-01,2022_17_PIT_BAL,PIT,0.36803892,0.39414040090468694,2.0371406
2022,18,2023-01-08,2022_18_CLE_PIT,PIT,0.50862044,0.40335353707860744,1.9488215
2023,1,2023-09-10,2023_01_SF_PIT,PIT,,,
2023,2,2023-09-18,2023_02_CLE_PIT,PIT,,,
2023,3,2023-09-24,2023_03_PIT_LV,PIT,,,
2023,4,2023-10-01,2023_04_PIT_HOU,PIT,,,
2023,5,2023-10-08,2023_05_BAL_PIT,PIT,,,
2023,7,2023-10-22,2023_07_PIT_LA,PIT,,,
2023,8,2023-10-29,2023_08_JAX_PIT,PIT,-0.86684364,0.32016041277368495,1.2187355
2023,9,2023-11-02,2023_09_TEN_PIT,PIT,-0.7614436,0.321675679913952,1.2515637
2023,10,2023-11-12,2023_10_GB_PIT,PIT,-0.36018825,0.3270491805131471,1.4761008
2023,11,2023-11-19,2023_11_PIT_CLE,PIT,-0.27842394,0.35232018799569303,1.5297137
2023,12,2023-11-26,2023_12_PIT_CIN,PIT,-0.14445145,0.34018336470502364,1.5579189
2023,13,2023-12-03,2023_13_ARI_PIT,PIT,-0.0373895,0.35666143909976467,1.6162523
2023,14,2023-12-07,2023_14_NE_PIT,PIT,-0.24325931,0.345084337749936,1.404131
2023,15,2023-12-16,2023_15_PIT_IND,PIT,-0.19551177,0.34863437567497396,1.479528
2023,16,2023-12-23,2023_16_CIN_PIT,PIT,-0.71734595,0.3296285872247411,1.289713
2023,17,2023-12-31,2023_17_PIT_SEA,PIT,-0.6556419,0.32577110211725596,1.4563798
2023,18,2024-01-06,2023_18_PIT_BAL,PIT,-0.22091134,0.36482320919820915,1.8281746
2024,1,2024-09-08,2024_01_PIT_ATL,PIT,,,
2024,2,2024-09-15,2024_02_PIT_DEN,PIT,,,
2024,3,2024-09-22,2024_03_LAC_PIT,PIT,,,
2024,4,2024-09-29,2024_04_PIT_IND,PIT,,,
2024,5,2024-10-06,2024_05_DAL_PIT,PIT,,,
2024,6,2024-10-13,2024_06_PIT_LV,PIT,,,
2024,7,2024-10-20,2024_07_NYJ_PIT,PIT,0.11247283,0.4295316699293972,1.914899
2024,8,2024-10-28,2024_08_NYG_PIT,PIT,0.3936491,0.43857611033747396,2.175505
2024,10,2024-11-10,2024_10_PIT_WAS,PIT,0.4652132,0.4599178473042109,2.256313
2024,11,2024-11-17,2024_11_BAL_PIT,PIT,0.46444532,0.43921631669196604,2.256313
2024,12,2024-11-21,2024_12_PIT_CLE,PIT,0.36028746,0.4258098125511962,2.123446
2024,13,2024-12-01,2024_13_PIT_CIN,PIT,0.2583293,0.4202154910477838,2.1752136
2024,14,2024-12-08,2024_14_CLE_PIT,PIT,0.39327002,0.4424637674627269,2.218143
2024,15,2024-12-15,2024_15_PIT_PHI,PIT,0.14126335,0.4257970947895606,1.9789654
2024,16,2024-12-21,2024_16_PIT_BAL,PIT,-0.01038457,0.41751703894006037,1.9419285
2024,17,2024-12-25,2024_17_KC_PIT,PIT,-0.1728958,0.43091825412698986,1.8661709
2024,18,2025-01-04,2024_18_CIN_PIT,PIT,-0.2261221,0.43266789661089805,1.7869167
2016,1,2016-09-11,2016_01_MIA_SEA,SEA,,,
2016,2,2016-09-18,2016_02_SEA_LA,SEA,,,
2016,3,2016-09-25,2016_03_SF_SEA,SEA,,,
2016,4,2016-10-02,2016_04_SEA_NYJ,SEA,,,
2016,6,2016-10-16,2016_06_ATL_SEA,SEA,,,
2016,7,2016-10-23,2016_07_SEA_ARI,SEA,,,
2016,8,2016-10-30,2016_08_SEA_NO,SEA,-0.28684384,0.39629898963361293,1.5040598
2016,9,2016-11-07,2016_09_BUF_SEA,SEA,-0.15497795,0.40731994398790067,1.5707265
2016,10,2016-11-13,2016_10_SEA_NE,SEA,0.10467452,0.4294107771313654,2.037393
2016,11,2016-11-20,2016_11_PHI_SEA,SEA,0.38814333,0.4469724257224257,2.0797007
2016,12,2016-11-27,2016_12_SEA_TB,SEA,0.23089735,0.4352021410092138,2.0142248
2016,13,2016-12-04,2016_13_CAR_SEA,SEA,-0.076477714,0.41611594171468114,1.698568
2016,14,2016-12-11,2016_14_SEA_GB,SEA,0.4740452,0.4456012291545141,2.2277057
2016,15,2016-12-15,2016_15_LA_SEA,SEA,0.24198844,0.43587882193210686,2.1225774
2016,16,2016-12-24,2016_16_ARI_SEA,SEA,0.19385886,0.407172536387586,2.0059106
2016,17,2017-01-01,2016_17_SEA_SF,SEA,-0.21630865,0.3781837936488433,1.8582917
2017,1,2017-09-10,2017_01_SEA_GB,SEA,,,
2017,2,2017-09-17,2017_02_SF_SEA,SEA,,,
2017,3,2017-09-24,2017_03_SEA_TEN,SEA,,,
2017,4,2017-10-01,2017_04_IND_SEA,SEA,,,
2017,5,2017-10-08,2017_05_SEA_LA,SEA,,,
2017,7,2017-10-22,2017_07_SEA_NYG,SEA,,,
2017,8,2017-10-29,2017_08_HOU_SEA,SEA,-0.07208414,0.36655414262361846,1.6735042
2017,9,2017-11-05,2017_09_WAS_SEA,SEA,0.19703583,0.37507686989634575,1.9123931
2017,10,2017-11-09,2017_10_SEA_ARI,SEA,0.060164925,0.39015302500226273,1.8885837
2017,11,2017-11-20,2017_11_ATL_SEA,SEA,-0.048548076,0.37885748293748994,1.79884
2017,12,2017-11-26,2017_12_SEA_SF,SEA,-0.19793032,0.3809060709235779,1.7963147
2017,13,2017-12-03,2017_13_PHI_SEA,SEA,-0.08039134,0.398777877765973,1.8988789
2017,14,2017-12-10,2017_14_SEA_JAX,SEA,0.065473296,0.3841072089286375,1.9655455
2017,15,2017-12-17,2017_15_LA_SEA,SEA,-0.13160022,0.39276702133844993,1.884349
2017,16,2017-12-24,2017_16_SEA_DAL,SEA,-0.33684918,0.3718601614434948,1.8192697
2017,17,2017-12-31,2017_17_ARI_SEA,SEA,-0.3514154,0.3903655179696846,1.7711927
2018,1,2018-09-09,2018_01_SEA_DEN,SEA,,,
2018,2,2018-09-17,2018_02_SEA_CHI,SEA,,,
2018,3,2018-09-23,2018_03_DAL_SEA,SEA,,,
2018,4,2018-09-30,2018_04_SEA_ARI,SEA,,,
2018,5,2018-10-07,2018_05_LA_SEA,SEA,,,
2018,6,2018-10-14,2018_06_SEA_OAK,SEA,,,
2018,8,2018-10-28,2018_08_SEA_DET,SEA,0.08158921,0.390362489678729,2.1875744
2018,9,2018-11-04,2018_09_LAC_SEA,SEA,0.3446161,0.3930633073795467,2.3875744
2018,10,2018-11-11,2018_10_SEA_LA,SEA,0.44321036,0.4097735171044623,2.3875744
2018,11,2018-11-15,2018_11_GB_SEA,SEA,0.66151536,0.44355874185122546,2.5965488
2018,12,2018-11-25,2018_12_SEA_CAR,SEA,0.8452225,0.4341561845320015,2.6685183
2018,13,2018-12-02,2018_13_SF_SEA,SEA,0.92439866,0.4290062176990282,2.6499999
2018,14,2018-12-10,2018_14_MIN_SEA,SEA,1.119734,0.422334841235985,2.6638887
2018,15,2018-12-16,2018_15_SEA_SF,SEA,0.8805371,0.4153718967730405,2.424495
2018,16,2018-12-23,2018_16_KC_SEA,SEA,1.0650645,0.401631518142956,2.5078282
2018,17,2018-12-30,2018_17_ARI_SEA,SEA,1.0882192,0.3883794075991789,2.5189393
2019,1,2019-09-08,2019_01_CIN_SEA,SEA,,,
2019,2,2019-09-15,2019_02_SEA_PIT,SEA,,,
2019,3,2019-09-22,2019_03_NO_SEA,SEA,,,
2019,4,2019-09-29,2019_04_SEA_ARI,SEA,,,
2019,5,2019-10-03,2019_05_LA_SEA,SEA,,,
2019,6,2019-10-13,2019_06_SEA_CLE,SEA,,,
2019,7,2019-10-20,2019_07_BAL_SEA,SEA,0.26008838,0.38049190625884766,2.2029915
2019,8,2019-10-27,2019_08_SEA_ATL,SEA,0.05814101,0.40488728270779556,2.2196581
2019,9,2019-11-03,2019_09_TB_SEA,SEA,0.21504723,0.4231176017714479,2.280769
2019,10,2019-11-11,2019_10_SEA_SF,SEA,0.4152192,0.448283497129651,2.4474359
2019,12,2019-11-24,2019_12_SEA_PHI,SEA,0.08065015,0.43157368189042405,2.2644293
2019,13,2019-12-02,2019_13_MIN_SEA,SEA,-0.16181706,0.41894603176277384,2.0977628
2019,14,2019-12-08,2019_14_SEA_LA,SEA,-0.17724465,0.4299786334203755,2.1276772
2019,15,2019-12-15,2019_15_SEA_CAR,SEA,-0.08772168,0.4188349433562309,1.9519197
2019,16,2019-12-22,2019_16_ARI_SEA,SEA,-0.061771616,0.3955761650974526,1.9185863
2019,17,2019-12-29,2019_17_SF_SEA,SEA,-0.45688203,0.36204911522424893,1.5724325
2020,1,2020-09-13,2020_01_SEA_ATL,SEA,,,
2020,2,2020-09-20,2020_02_NE_SEA,SEA,,,
2020,3,2020-09-27,2020_03_DAL_SEA,SEA,,,
2020,4,2020-10-04,2020_04_SEA_MIA,SEA,,,
2020,5,2020-10-11,2020_05_MIN_SEA,SEA,,,
2020,7,2020-10-25,2020_07_SEA_ARI,SEA,,,
2020,8,2020-11-01,2020_08_SF_SEA,SEA,1.0460892,0.47864565749306015,2.9376624
2020,9,2020-11-08,2020_09_SEA_BUF,SEA,1.0775685,0.4878933332180086,2.9704905
2020,10,2020-11-15,2020_10_SEA_LA,SEA,0.9488482,0.47289609981168423,2.9023087
2020,11,2020-11-19,2020_11_ARI_SEA,SEA,0.72206146,0.4823149283376556,2.7404041
2020,12,2020-11-30,2020_12_SEA_PHI,SEA,0.6356897,0.4525435885663158,2.6570706
2020,13,2020-12-06,2020_13_NYG_SEA,SEA,0.56592625,0.4297514536529688,2.567424
2020,14,2020-12-13,2020_14_NYJ_SEA,SEA,0.25157595,0.4046535191800343,2.2340908
2020,15,2020-12-20,2020_15_SEA_WAS,SEA,0.22608398,0.4093093011085436,2.2795455
2020,16,2020-12-27,2020_16_LA_SEA,SEA,0.24945493,0.4025696602779936,2.0674243
2020,17,2021-01-03,2020_17_SEA_SF,SEA,0.3648845,0.37806635213832185,2.103788
2021,1,2021-09-12,2021_01_SEA_IND,SEA,,,
2021,2,2021-09-19,2021_02_TEN_SEA,SEA,,,
2021,3,2021-09-26,2021_03_SEA_MIN,SEA,,,
2021,4,2021-10-03,2021_04_SEA_SF,SEA,,,
2021,5,2021-10-07,2021_05_LA_SEA,SEA,,,
2021,6,2021-10-17,2021_06_SEA_PIT,SEA,,,
2021,7,2021-10-25,2021_07_NO_SEA,SEA,0.24232191,0.4004992505290124,1.9736365
2021,8,2021-10-31,2021_08_JAX_SEA,SEA,-0.079591624,0.38658970048309876,1.658485
2021,10,2021-11-14,2021_10_SEA_GB,SEA,-0.004439361,0.4049759438693421,1.7905363
2021,11,2021-11-21,2021_11_ARI_SEA,SEA,-0.36244848,0.38325676798349956,1.4757215
2021,12,2021-11-29,2021_12_SEA_WAS,SEA,-0.42758977,0.3786422555118443,1.3590549
2021,13,2021-12-05,2021_13_SF_SEA,SEA,-0.4744604,0.37026656484448695,1.3199134
2021,14,2021-12-12,2021_14_SEA_HOU,SEA,-0.46772668,0.36972408483772123,1.4407926
2021,15,2021-12-21,2021_15_SEA_LA,SEA,-0.0039294413,0.38384828134828136,1.8392774
2021,16,2021-12-26,2021_16_CHI_SEA,SEA,-0.37732542,0.36173849298849303,1.4892774
2021,17,2022-01-02,2021_17_DET_SEA,SEA,-0.07922058,0.3600483775483776,1.8892775
2021,18,2022-01-09,2021_18_SEA_ARI,SEA,0.3262974,0.39791091533738593,2.380944
2022,1,2022-09-12,2022_01_DEN_SEA,SEA,,,
2022,2,2022-09-18,2022_02_SEA_SF,SEA,,,
2022,3,2022-09-25,2022_03_ATL_SEA,SEA,,,
2022,4,2022-10-02,2022_04_SEA_DET,SEA,,,
2022,5,2022-10-09,2022_05_SEA_NO,SEA,,,
2022,6,2022-10-16,2022_06_ARI_SEA,SEA,,,
2022,7,2022-10-23,2022_07_SEA_LAC,SEA,0.42782295,0.4451547372380706,2.2241452
2022,8,2022-10-30,2022_08_NYG_SEA,SEA,0.4580355,0.45124115321188535,2.3443377
2022,9,2022-11-06,2022_09_SEA_ARI,SEA,0.8090771,0.4444498426705748,2.6738245
2022,10,2022-11-13,2022_10_SEA_TB,SEA,0.5995669,0.40966419327095477,2.6252136
2022,12,2022-11-27,2022_12_LV_SEA,SEA,0.17562036,0.40430447839735106,2.22151
2022,13,2022-12-04,2022_13_SEA_LA,SEA,0.26531506,0.4276459517388244,2.2160156
2022,14,2022-12-11,2022_14_CAR_SEA,SEA,0.53411895,0.4318340475935869,2.3612175
2022,15,2022-12-15,2022_15_SF_SEA,SEA,0.3961831,0.4126868151214557,2.2868586
2022,16,2022-12-24,2022_16_SEA_KC,SEA,0.17802219,0.4167124191470597,2.1376743
2022,17,2023-01-01,2022_17_NYJ_SEA,SEA,-0.08196724,0.41381825222103,1.8460077
2022,18,2023-01-08,2022_18_LA_SEA,SEA,-0.22732748,0.3880006027922695,1.8981962
2023,1,2023-09-10,2023_01_LA_SEA,SEA,,,
2023,2,2023-09-17,2023_02_SEA_DET,SEA,,,
2023,3,2023-09-24,2023_03_CAR_SEA,SEA,,,
2023,4,2023-10-02,2023_04_SEA_NYG,SEA,,,
2023,6,2023-10-15,2023_06_SEA_CIN,SEA,,,
2023,7,2023-10-22,2023_07_ARI_SEA,SEA,,,
2023,8,2023-10-29,2023_08_CLE_SEA,SEA,0.045616243,0.4563220323447596,1.9650997
2023,9,2023-11-05,2023_09_SEA_BAL,SEA,0.12803538,0.43937979248585307,2.0576923
2023,10,2023-11-12,2023_10_WAS_SEA,SEA,-0.31452024,0.38044752105358165,1.6264569
2023,11,2023-11-19,2023_11_SEA_LA,SEA,-0.36799654,0.3768786362346968,1.5548757
2023,12,2023-11-23,2023_12_SF_SEA,SEA,-0.27790114,0.3429748532081068,1.5472999
2023,13,2023-11-30,2023_13_SEA_DAL,SEA,-0.38265038,0.35458336254388884,1.4563909
2023,14,2023-12-10,2023_14_SEA_SF,SEA,-0.17544377,0.34695016241068877,1.7063909
2023,15,2023-12-18,2023_15_PHI_SEA,SEA,-0.20819767,0.34510732931785565,1.5952797
2023,16,2023-12-24,2023_16_SEA_TEN,SEA,0.22650993,0.3683438150543414,1.8901515
2023,17,2023-12-31,2023_17_PIT_SEA,SEA,0.38478622,0.37091886411048286,1.9635643
2023,18,2024-01-07,2023_18_SEA_ARI,SEA,0.5317598,0.3874067297211555,2.1470659
2024,1,2024-09-08,2024_01_DEN_SEA,SEA,,,
2024,2,2024-09-15,2024_02_SEA_NE,SEA,,,
2024,3,2024-09-22,2024_03_MIA_SEA,SEA,,,
2024,4,2024-09-30,2024_04_SEA_DET,SEA,,,
2024,5,2024-10-06,2024_05_NYG_SEA,SEA,,,
2024,6,2024-10-10,2024_06_SF_SEA,SEA,,,
2024,7,2024-10-20,2024_07_SEA_ATL,SEA,-0.069183536,0.44759409839304176,1.8785353
2024,8,2024-10-27,2024_08_BUF_SEA,SEA,0.1947789,0.4679671512660946,2.0563133
2024,9,2024-11-03,2024_09_LA_SEA,SEA,-0.004049162,0.4573436426033702,1.9220538
2024,11,2024-11-17,2024_11_SEA_SF,SEA,-0.0884628,0.4583428825609435,1.7970538
2024,12,2024-11-24,2024_12_ARI_SEA,SEA,-0.124893405,0.44615797151239617,1.8046297
2024,13,2024-12-01,2024_13_SEA_NYJ,SEA,0.025578758,0.4094137936223849,1.7617003
2024,14,2024-12-08,2024_14_SEA_ARI,SEA,-0.055077266,0.3788499191440367,1.8223063
2024,15,2024-12-15,2024_15_GB_SEA,SEA,-0.15688147,0.38628109907521674,1.8101851
2024,16,2024-12-22,2024_16_MIN_SEA,SEA,-0.23603998,0.3802680036013369,1.8055555
2024,17,2024-12-26,2024_17_SEA_CHI,SEA,-0.02752358,0.39233640587807256,1.9305555
2024,18,2025-01-05,2024_18_SEA_LA,SEA,-0.23461698,0.3874940260356927,1.6138889
2016,1,2016-09-12,2016_01_LA_SF,SF,,,
2016,2,2016-09-18,2016_02_SF_CAR,SF,,,
2016,3,2016-09-25,2016_03_SF_SEA,SF,,,
2016,4,2016-10-02,2016_04_DAL_SF,SF,,,
2016,5,2016-10-06,2016_05_ARI_SF,SF,,,
2016,6,2016-10-16,2016_06_SF_BUF,SF,,,
2016,7,2016-10-23,2016_07_TB_SF,SF,-0.6590923,0.31141297933314743,1.5698341
2016,9,2016-11-06,2016_09_NO_SF,SF,-0.8090175,0.323028750026299,1.4726119
2016,10,2016-11-13,2016_10_SF_ARI,SF,-0.6873233,0.3453502670169337,1.5273504
2016,11,2016-11-20,2016_11_NE_SF,SF,-0.5059376,0.35702610026139436,1.5803808
2016,12,2016-11-27,2016_12_SF_MIA,SF,-0.59140426,0.3482063551916493,1.5546231
2016,13,2016-12-04,2016_13_SF_CHI,SF,-0.38138798,0.36067009795842236,1.6849262
2016,14,2016-12-11,2016_14_NYJ_SF,SF,-0.5135015,0.342468372985864,1.5631313
2016,15,2016-12-18,2016_15_SF_ATL,SF,-0.5022667,0.3413393708151952,1.5294012
2016,16,2016-12-24,2016_16_SF_LA,SF,-0.5927309,0.316966174566999,1.4069265
2016,17,2017-01-01,2016_17_SEA_SF,SF,-0.6279107,0.3236784301763134,1.3658009
2017,1,2017-09-10,2017_01_CAR_SF,SF,,,
2017,2,2017-09-17,2017_02_SF_SEA,SF,,,
2017,3,2017-09-21,2017_03_LA_SF,SF,,,
2017,4,2017-10-01,2017_04_SF_ARI,SF,,,
2017,5,2017-10-08,2017_05_SF_IND,SF,,,
2017,6,2017-10-15,2017_06_SF_WAS,SF,,,
2017,7,2017-10-22,2017_07_DAL_SF,SF,-0.39417258,0.3589088343243869,1.5604895
2017,8,2017-10-29,2017_08_SF_PHI,SF,-0.18918324,0.37846571263126516,1.6771561
2017,9,2017-11-05,2017_09_ARI_SF,SF,-0.3852137,0.37511046098055895,1.6598401
2017,10,2017-11-12,2017_10_NYG_SF,SF,-0.8001401,0.3713976510702701,1.2788877
2017,12,2017-11-26,2017_12_SEA_SF,SF,-0.5047101,0.38923472140734044,1.6032467
2017,13,2017-12-03,2017_13_SF_CHI,SF,-0.80300266,0.3686425820652011,1.4214286
2017,14,2017-12-10,2017_14_SF_HOU,SF,-0.83325785,0.3625867551760409,1.4005952
2017,15,2017-12-17,2017_15_TEN_SF,SF,-0.57647526,0.3498206786599644,1.5672618
2017,16,2017-12-24,2017_16_JAX_SF,SF,-0.009557162,0.3722958629407042,1.9111772
2017,17,2017-12-31,2017_17_SF_LA,SF,0.4183537,0.38190179933235485,2.279309
2018,1,2018-09-09,2018_01_SF_MIN,SF,,,
2018,2,2018-09-16,2018_02_DET_SF,SF,,,
2018,3,2018-09-23,2018_03_SF_KC,SF,,,
2018,4,2018-09-30,2018_04_SF_LAC,SF,,,
2018,5,2018-10-07,2018_05_ARI_SF,SF,,,
2018,6,2018-10-15,2018_06_SF_GB,SF,,,
2018,7,2018-10-21,2018_07_LA_SF,SF,-0.0717841,0.4012215286338093,2.0459402
2018,8,2018-10-28,2018_08_SF_ARI,SF,-0.21226235,0.402885990714938,1.9626069
2018,9,2018-11-01,2018_09_OAK_SF,SF,-0.52552074,0.40063885310595837,1.758547
2018,10,2018-11-12,2018_10_NYG_SF,SF,-0.48038045,0.40550979113479113,1.8252138
2018,12,2018-11-25,2018_12_SF_TB,SF,-0.37778786,0.3814351914920097,1.8820319
2018,13,2018-12-02,2018_13_SF_SEA,SF,-0.19176872,0.37731462771235497,1.7876263
2018,14,2018-12-09,2018_14_DEN_SF,SF,-0.40086475,0.37238329361435424,1.6133839
2018,15,2018-12-16,2018_15_SEA_SF,SF,0.005613792,0.3865237477169296,1.7775253
2018,16,2018-12-23,2018_16_CHI_SF,SF,0.25429973,0.384278886097068,1.9303031
2018,17,2018-12-30,2018_17_SF_LA,SF,-0.19591634,0.3765084569377499,1.530303
2019,1,2019-09-08,2019_01_SF_TB,SF,,,
2019,2,2019-09-15,2019_02_SF_CIN,SF,,,
2019,3,2019-09-22,2019_03_PIT_SF,SF,,,
2019,5,2019-10-07,2019_05_CLE_SF,SF,,,
2019,6,2019-10-13,2019_06_SF_LA,SF,,,
2019,7,2019-10-20,2019_07_SF_WAS,SF,,,
2019,8,2019-10-27,2019_08_CAR_SF,SF,-0.12327293,0.41185067412745985,1.9817613
2019,9,2019-10-31,2019_09_SF_ARI,SF,0.072345994,0.39799231026909604,2.284539
2019,10,2019-11-11,2019_10_SEA_SF,SF,-0.032177012,0.389995684980804,2.1817613
2019,11,2019-11-17,2019_11_ARI_SF,SF,-0.14002053,0.3803534947713869,2.0725176
2019,12,2019-11-24,2019_12_GB_SF,SF,-0.13636,0.38736685178474395,2.0917485
2019,13,2019-12-01,2019_13_SF_BAL,SF,0.16332035,0.4206035645669113,2.3745766
2019,14,2019-12-08,2019_14_SF_NO,SF,0.36290538,0.42315523743108413,2.5412433
2019,15,2019-12-15,2019_15_ATL_SF,SF,0.5025263,0.4332691658048164,2.6412432
2019,16,2019-12-21,2019_16_LA_SF,SF,0.3102832,0.423850066385717,2.4801323
2019,17,2019-12-29,2019_17_SF_SEA,SF,0.55956334,0.4264086655829717,2.636995
2020,1,2020-09-13,2020_01_ARI_SF,SF,,,
2020,2,2020-09-20,2020_02_SF_NYJ,SF,,,
2020,3,2020-09-27,2020_03_SF_NYG,SF,,,
2020,4,2020-10-04,2020_04_PHI_SF,SF,,,
2020,5,2020-10-11,2020_05_MIA_SF,SF,,,
2020,6,2020-10-18,2020_06_LA_SF,SF,,,
2020,7,2020-10-25,2020_07_SF_NE,SF,0.3710945,0.3923638861138861,2.338384
2020,8,2020-11-01,2020_08_SF_SEA,SF,0.81168014,0.40337160267715827,2.6464646
2020,9,2020-11-05,2020_09_GB_SF,SF,0.72770244,0.4108466748915352,2.5858586
2020,10,2020-11-15,2020_10_SF_NO,SF,0.31614858,0.4155424883373487,2.2025254
2020,12,2020-11-29,2020_12_SF_LA,SF,0.24694164,0.4152385834879893,2.1217172
2020,13,2020-12-07,2020_13_BUF_SF,SF,0.19397068,0.4052078445510004,2.0412247
2020,14,2020-12-13,2020_14_WAS_SF,SF,0.14463,0.4136306581208728,2.1220329
2020,15,2020-12-20,2020_15_SF_DAL,SF,-0.55630106,0.3805971375005466,1.6671718
2020,16,2020-12-26,2020_16_SF_ARI,SF,-0.61068356,0.365721922828254,1.650938
2020,17,2021-01-03,2020_17_SEA_SF,SF,-0.6509881,0.3507946741510053,1.6453824
2021,1,2021-09-12,2021_01_SF_DET,SF,,,
2021,2,2021-09-19,2021_02_SF_PHI,SF,,,
2021,3,2021-09-26,2021_03_GB_SF,SF,,,
2021,4,2021-10-03,2021_04_SEA_SF,SF,,,
2021,5,2021-10-10,2021_05_SF_ARI,SF,,,
2021,7,2021-10-24,2021_07_IND_SF,SF,,,
2021,8,2021-10-31,2021_08_SF_CHI,SF,-0.093301386,0.36129397617996567,1.8244256
2021,9,2021-11-07,2021_09_ARI_SF,SF,0.19597779,0.36459940091396187,2.01887
2021,10,2021-11-15,2021_10_LA_SF,SF,-0.027135229,0.37162640304330313,1.961631
2021,11,2021-11-21,2021_11_SF_JAX,SF,0.00004170835,0.3688170827339828,1.9540552
2021,12,2021-11-28,2021_12_MIN_SF,SF,0.5476594,0.38763286971188976,2.24038
2021,13,2021-12-05,2021_13_SF_SEA,SF,0.85090953,0.4067532609083044,2.527417
2021,14,2021-12-12,2021_14_SF_CIN,SF,0.926544,0.40924800365029984,2.6080031
2021,15,2021-12-19,2021_15_ATL_SF,SF,0.66248924,0.3991058310081272,2.3302252
2021,16,2021-12-23,2021_16_SF_TEN,SF,0.8630075,0.39860919801149414,2.5893161
2021,17,2022-01-02,2021_17_HOU_SF,SF,0.6747887,0.38215357030586644,2.455983
2021,18,2022-01-09,2021_18_SF_LA,SF,0.25949734,0.36862151783963526,2.2198718
2022,1,2022-09-11,2022_01_SF_CHI,SF,,,
2022,2,2022-09-18,2022_02_SEA_SF,SF,,,
2022,3,2022-09-25,2022_03_SF_DEN,SF,,,
2022,4,2022-10-03,2022_04_LA_SF,SF,,,
2022,5,2022-10-09,2022_05_SF_CAR,SF,,,
2022,6,2022-10-16,2022_06_SF_ATL,SF,,,
2022,7,2022-10-23,2022_07_KC_SF,SF,-0.29756126,0.40794401244460216,1.6844516
2022,8,2022-10-30,2022_08_SF_LA,SF,0.02344306,0.41023999087694424,1.8814214
2022,10,2022-11-13,2022_10_LAC_SF,SF,0.27389887,0.4081754928749462,2.0772545
2022,11,2022-11-21,2022_11_SF_ARI,SF,0.44882274,0.40939986374217424,2.2915404
2022,12,2022-11-27,2022_12_NO_SF,SF,0.74847645,0.4355060555301842,2.567298
2022,13,2022-12-04,2022_13_MIA_SF,SF,0.4991242,0.4229755871786374,2.3774831
2022,14,2022-12-11,2022_14_TB_SF,SF,0.68724394,0.4182687735244553,2.4903038
2022,15,2022-12-15,2022_15_SF_SEA,SF,0.74897647,0.4393652696209514,2.672122
2022,16,2022-12-24,2022_16_WAS_SF,SF,0.39670536,0.42967451670103185,2.3179553
2022,17,2023-01-01,2022_17_SF_LV,SF,0.5432583,0.42156160337978515,2.4985106
2022,18,2023-01-08,2022_18_ARI_SF,SF,0.40651312,0.41582808675611704,2.436642
2023,1,2023-09-10,2023_01_SF_PIT,SF,,,
2023,2,2023-09-17,2023_02_SF_LA,SF,,,
2023,3,2023-09-21,2023_03_NYG_SF,SF,,,
2023,4,2023-10-01,2023_04_ARI_SF,SF,,,
2023,5,2023-10-08,2023_05_DAL_SF,SF,,,
2023,6,2023-10-15,2023_06_SF_CLE,SF,,,
2023,7,2023-10-23,2023_07_SF_MIN,SF,1.0140086,0.40441570910933655,2.8567889
2023,8,2023-10-29,2023_08_CIN_SF,SF,0.8975745,0.4251935038454646,2.7549372
2023,10,2023-11-12,2023_10_SF_JAX,SF,0.7276098,0.42799986415182495,2.512513
2023,11,2023-11-19,2023_11_TB_SF,SF,0.7785079,0.4464816138835747,2.573119
2023,12,2023-11-23,2023_12_SF_SEA,SF,0.36604187,0.4451539818206485,2.2939522
2023,13,2023-12-03,2023_13_SF_PHI,SF,0.34730303,0.42491503866503866,2.1860464
2023,14,2023-12-10,2023_14_SEA_SF,SF,1.1552804,0.464707190957191,2.7458754
2023,15,2023-12-17,2023_15_SF_ARI,SF,1.2662221,0.4617237931821265,2.8199494
2023,16,2023-12-25,2023_16_BAL_SF,SF,1.6653848,0.47721755867589205,3.1532829
2023,17,2023-12-31,2023_17_SF_WAS,SF,1.211969,0.45716816362649687,2.8957071
2023,18,2024-01-07,2023_18_LA_SF,SF,1.2966331,0.4644136342053009,2.945707
2024,1,2024-09-09,2024_01_NYJ_SF,SF,,,
2024,2,2024-09-15,2024_02_SF_MIN,SF,,,
2024,3,2024-09-22,2024_03_SF_LA,SF,,,
2024,4,2024-09-29,2024_04_NE_SF,SF,,,
2024,5,2024-10-06,2024_05_ARI_SF,SF,,,
2024,6,2024-10-10,2024_06_SF_SEA,SF,,,
2024,7,2024-10-20,2024_07_KC_SF,SF,0.49428865,0.4649095414007695,2.3777778
2024,8,2024-10-27,2024_08_DAL_SF,SF,0.111548804,0.4612410465959111,2.1171718
2024,10,2024-11-10,2024_10_SF_TB,SF,0.42586318,0.4747723917939229,2.2505052
2024,11,2024-11-17,2024_11_SEA_SF,SF,0.3870457,0.4736211681465692,2.189394
2024,12,2024-11-24,2024_12_SF_GB,SF,0.4018997,0.47478224986320644,2.1708753
2024,13,2024-12-01,2024_13_SF_BUF,SF,0.2006712,0.4468457419266986,2.0264308
2024,14,2024-12-08,2024_14_CHI_SF,SF,-0.36938038,0.4118692986169219,1.6930976
2024,15,2024-12-12,2024_15_LA_SF,SF,0.15215647,0.4156646110485979,2.0537035
2024,16,2024-12-22,2024_16_SF_MIA,SF,-0.16315793,0.3851942326615529,1.7279462
2024,17,2024-12-30,2024_17_DET_SF,SF,-0.32600376,0.3835217303272859,1.627946
2024,18,2025-01-05,2024_18_SF_ARI,SF,-0.008219119,0.41215644437866655,1.942761
2016,1,2016-09-11,2016_01_TB_ATL,TB,,,
2016,2,2016-09-18,2016_02_TB_ARI,TB,,,
2016,3,2016-09-25,2016_03_LA_TB,TB,,,
2016,4,2016-10-02,2016_04_DEN_TB,TB,,,
2016,5,2016-10-10,2016_05_TB_CAR,TB,,,
2016,7,2016-10-23,2016_07_TB_SF,TB,,,
2016,8,2016-10-30,2016_08_OAK_TB,TB,-0.3926245,0.3436725449374259,1.5851649
2016,9,2016-11-03,2016_09_ATL_TB,TB,-0.4957718,0.34118602682590776,1.4403235
2016,10,2016-11-13,2016_10_CHI_TB,TB,-0.086651,0.35525283303557115,1.8236569
2016,11,2016-11-20,2016_11_TB_KC,TB,0.040940702,0.3595623627915295,1.9030219
2016,12,2016-11-27,2016_12_SEA_TB,TB,0.5396946,0.39619153223319886,2.2091117
2016,13,2016-12-04,2016_13_TB_SD,TB,0.38612023,0.39998853293583686,2.167445
2016,14,2016-12-11,2016_14_NO_TB,TB,0.3101677,0.40376982109212506,2.0982144
2016,15,2016-12-18,2016_15_TB_DAL,TB,0.25395674,0.41100323582553977,2.0791667
2016,16,2016-12-24,2016_16_TB_NO,TB,0.06845561,0.4007727718450758,1.8902777
2016,17,2017-01-01,2016_17_CAR_TB,TB,0.104335524,0.40569923684098524,1.9458333
2017,2,2017-09-17,2017_02_CHI_TB,TB,,,
2017,3,2017-09-24,2017_03_TB_MIN,TB,,,
2017,4,2017-10-01,2017_04_NYG_TB,TB,,,
2017,5,2017-10-05,2017_05_NE_TB,TB,,,
2017,6,2017-10-15,2017_06_TB_ARI,TB,,,
2017,7,2017-10-22,2017_07_TB_BUF,TB,,,
2017,8,2017-10-29,2017_08_CAR_TB,TB,0.061613545,0.39886820315000143,1.9575758
2017,9,2017-11-05,2017_09_TB_NO,TB,-0.320118,0.39489853125269786,1.6507577
2017,10,2017-11-12,2017_10_NYJ_TB,TB,-0.5745096,0.36813129175818565,1.5189394
2017,11,2017-11-19,2017_11_TB_MIA,TB,-0.6741631,0.34048768577028143,1.3800505
2017,12,2017-11-26,2017_12_TB_ATL,TB,-0.62874514,0.3445471234835653,1.4932984
2017,13,2017-12-03,2017_13_TB_GB,TB,-0.5476461,0.3520016481255899,1.4886688
2017,14,2017-12-10,2017_14_DET_TB,TB,-0.6731325,0.3517410059899478,1.4129113
2017,15,2017-12-18,2017_15_ATL_TB,TB,-0.43785036,0.3552714410107675,1.6404753
2017,16,2017-12-24,2017_16_TB_CAR,TB,-0.02377761,0.37433823280483197,1.8389602
2017,17,2017-12-31,2017_17_NO_TB,TB,0.060967565,0.39389002320092065,1.9472934
2018,1,2018-09-09,2018_01_TB_NO,TB,,,
2018,2,2018-09-16,2018_02_PHI_TB,TB,,,
2018,3,2018-09-24,2018_03_PIT_TB,TB,,,
2018,4,2018-09-30,2018_04_TB_CHI,TB,,,
2018,6,2018-10-14,2018_06_TB_ATL,TB,,,
2018,7,2018-10-21,2018_07_CLE_TB,TB,,,
2018,8,2018-10-28,2018_08_TB_CIN,TB,0.3388019,0.3863313538313539,2.1278098
2018,9,2018-11-04,2018_09_TB_CAR,TB,0.05997354,0.36749440374440373,1.9803739
2018,10,2018-11-11,2018_10_WAS_TB,TB,0.018801028,0.3439469635302969,2.0478342
2018,11,2018-11-18,2018_11_TB_NYG,TB,-0.15270537,0.3786165300748634,1.7516803
2018,12,2018-11-25,2018_12_SF_TB,TB,0.18301241,0.4083823997270967,2.1153166
2018,13,2018-12-02,2018_13_CAR_TB,TB,0.18078421,0.40795176975101216,2.0850136
2018,14,2018-12-09,2018_14_NO_TB,TB,0.2527302,0.4028570959063383,2.1778166
2018,15,2018-12-16,2018_15_TB_BAL,TB,-0.09041197,0.39145099359114505,1.9540404
2018,16,2018-12-23,2018_16_TB_DAL,TB,-0.1773721,0.40195864951546767,1.7651515
2018,17,2018-12-30,2018_17_ATL_TB,TB,-0.11589932,0.38635108578290395,2.0484848
2019,1,2019-09-08,2019_01_SF_TB,TB,,,
2019,2,2019-09-12,2019_02_TB_CAR,TB,,,
2019,3,2019-09-22,2019_03_NYG_TB,TB,,,
2019,4,2019-09-29,2019_04_TB_LA,TB,,,
2019,5,2019-10-06,2019_05_TB_NO,TB,,,
2019,6,2019-10-13,2019_06_CAR_TB,TB,,,
2019,8,2019-10-27,2019_08_TB_TEN,TB,-0.1125649,0.38338350722164827,2.0692987
2019,9,2019-11-03,2019_09_TB_SEA,TB,0.1910342,0.39227737488744574,2.2113926
2019,10,2019-11-10,2019_10_ARI_TB,TB,0.40334448,0.39640149151156234,2.4272048
2019,11,2019-11-17,2019_11_NO_TB,TB,0.42279527,0.3895929451196826,2.4464355
2019,12,2019-11-24,2019_12_TB_ATL,TB,-0.05178089,0.3676874930219229,2.1015637
2019,13,2019-12-01,2019_13_TB_JAX,TB,0.015598933,0.3719503597847896,2.0831654
2019,14,2019-12-08,2019_14_IND_TB,TB,-0.038105574,0.3719331894551193,2.0943835
2019,15,2019-12-15,2019_15_TB_DET,TB,0.02691611,0.3841460403319377,2.286691
2019,16,2019-12-21,2019_16_HOU_TB,TB,-0.022508418,0.39175926044515785,2.2247252
2019,17,2019-12-29,2019_17_ATL_TB,TB,-0.36534193,0.38176526997147553,2.0461538
2020,1,2020-09-13,2020_01_TB_NO,TB,,,
2020,2,2020-09-20,2020_02_CAR_TB,TB,,,
2020,3,2020-09-27,2020_03_TB_DEN,TB,,,
2020,4,2020-10-04,2020_04_LAC_TB,TB,,,
2020,5,2020-10-08,2020_05_TB_CHI,TB,,,
2020,6,2020-10-18,2020_06_GB_TB,TB,,,
2020,7,2020-10-25,2020_07_TB_LV,TB,0.16232151,0.41146676645864955,2.3647187
2020,8,2020-11-02,2020_08_TB_NYG,TB,0.77300924,0.4415930555135101,2.840909
2020,9,2020-11-08,2020_09_NO_TB,TB,0.80552226,0.4425022893772894,2.75
2020,10,2020-11-15,2020_10_TB_CAR,TB,0.37133,0.4262489824989825,2.4343436
2020,11,2020-11-23,2020_11_LA_TB,TB,0.6480627,0.41174886771477687,2.6035354
2020,12,2020-11-29,2020_12_KC_TB,TB,0.5687912,0.41605694389785297,2.623349
2020,14,2020-12-13,2020_14_MIN_TB,TB,0.58400685,0.4068533003192094,2.5425408
2020,15,2020-12-20,2020_15_TB_ATL,TB,0.38217005,0.39309267822525396,2.2740223
2020,16,2020-12-26,2020_16_TB_DET,TB,0.4237704,0.3844757550249975,2.32579
2020,17,2021-01-03,2020_17_ATL_TB,TB,1.0287097,0.42373926928851174,2.8828995
2021,1,2021-09-09,2021_01_DAL_TB,TB,,,
2021,2,2021-09-19,2021_02_ATL_TB,TB,,,
2021,3,2021-09-26,2021_03_TB_LA,TB,,,
2021,4,2021-10-03,2021_04_TB_NE,TB,,,
2021,5,2021-10-10,2021_05_MIA_TB,TB,,,
2021,6,2021-10-14,2021_06_TB_PHI,TB,,,
2021,7,2021-10-24,2021_07_CHI_TB,TB,0.9134546,0.4298022239674337,2.6881285
2021,8,2021-10-31,2021_08_TB_NO,TB,0.9081764,0.4382393175006811,2.8184702
2021,10,2021-11-14,2021_10_TB_WAS,TB,0.7959733,0.4228893896507533,2.764899
2021,11,2021-11-22,2021_11_NYG_TB,TB,0.6683646,0.42679811980948346,2.6815655
2021,12,2021-11-28,2021_12_TB_IND,TB,0.69535667,0.43710910512046874,2.8482323
2021,13,2021-12-05,2021_13_TB_ATL,TB,0.32864067,0.42298306911943273,2.5854118
2021,14,2021-12-12,2021_14_BUF_TB,TB,0.33200458,0.4142115292115292,2.6611693
2021,15,2021-12-19,2021_15_NO_TB,TB,0.44322696,0.3932760658653516,2.5262487
2021,16,2021-12-26,2021_16_TB_CAR,TB,0.16263507,0.3882942421335278,2.1512487
2021,17,2022-01-02,2021_17_TB_NYJ,TB,0.41257223,0.3845142342626109,2.3194306
2021,18,2022-01-09,2021_18_CAR_TB,TB,0.63068384,0.40116633216470876,2.3315518
2022,1,2022-09-11,2022_01_TB_DAL,TB,,,
2022,2,2022-09-18,2022_02_TB_NO,TB,,,
2022,3,2022-09-25,2022_03_GB_TB,TB,,,
2022,4,2022-10-02,2022_04_KC_TB,TB,,,
2022,5,2022-10-09,2022_05_ATL_TB,TB,,,
2022,6,2022-10-16,2022_06_TB_PIT,TB,,,
2022,7,2022-10-23,2022_07_TB_CAR,TB,-0.16209377,0.39009038805478435,1.7409091
2022,8,2022-10-27,2022_08_BAL_TB,TB,-0.27524957,0.37760630351187624,1.4984847
2022,9,2022-11-06,2022_09_LA_TB,TB,0.000682652,0.3873488757544485,1.6984849
2022,10,2022-11-13,2022_10_SEA_TB,TB,-0.00081106025,0.38870031989435416,1.7369465
2022,12,2022-11-27,2022_12_TB_CLE,TB,0.08299263,0.37877695622099045,1.6172494
2022,13,2022-12-05,2022_13_NO_TB,TB,-0.12357271,0.35538978783382213,1.4851981
2022,14,2022-12-11,2022_14_TB_SF,TB,-0.20751087,0.3426364680385659,1.4427738
2022,15,2022-12-18,2022_15_CIN_TB,TB,-0.3427988,0.3423907949653528,1.50338
2022,16,2022-12-25,2022_16_TB_ARI,TB,-0.6706062,0.3374597832161592,1.485198
2022,17,2023-01-01,2022_17_CAR_TB,TB,-0.6677913,0.33405796150895867,1.5062604
2022,18,2023-01-08,2022_18_TB_ATL,TB,-0.74065775,0.3528481527991499,1.5408758
2023,1,2023-09-10,2023_01_TB_MIN,TB,,,
2023,2,2023-09-17,2023_02_CHI_TB,TB,,,
2023,3,2023-09-25,2023_03_PHI_TB,TB,,,
2023,4,2023-10-01,2023_04_TB_NO,TB,,,
2023,6,2023-10-15,2023_06_DET_TB,TB,,,
2023,7,2023-10-22,2023_07_ATL_TB,TB,,,
2023,8,2023-10-26,2023_08_TB_BUF,TB,-0.50114673,0.34554709712545817,1.4905723
2023,9,2023-11-05,2023_09_TB_HOU,TB,-0.4291774,0.35658845549536516,1.4855218
2023,10,2023-11-12,2023_10_TEN_TB,TB,-0.27767915,0.34627562543821694,1.681229
2023,11,2023-11-19,2023_11_TB_SF,TB,-0.14371552,0.34494084910344064,1.7805556
2023,12,2023-11-26,2023_12_TB_IND,TB,-0.20333911,0.34035321537493995,1.6199495
2023,13,2023-12-03,2023_13_CAR_TB,TB,-0.0807453,0.3601179876397122,1.8532828
2023,14,2023-12-10,2023_14_TB_ATL,TB,-0.06964078,0.3488184130313141,1.9255439
2023,15,2023-12-17,2023_15_TB_GB,TB,-0.093169115,0.3418146634139281,2.0278165
2023,16,2023-12-24,2023_16_JAX_TB,TB,0.089061,0.35550455505520856,2.1435573
2023,17,2023-12-31,2023_17_NO_TB,TB,0.19892128,0.3706967702474238,2.2950726
2023,18,2024-01-07,2023_18_TB_CAR,TB,0.13341852,0.35550557981113534,2.2422948
2024,1,2024-09-08,2024_01_WAS_TB,TB,,,
2024,2,2024-09-15,2024_02_TB_DET,TB,,,
2024,3,2024-09-22,2024_03_DEN_TB,TB,,,
2024,4,2024-09-29,2024_04_PHI_TB,TB,,,
2024,5,2024-10-03,2024_05_TB_ATL,TB,,,
2024,6,2024-10-13,2024_06_TB_NO,TB,,,
2024,7,2024-10-21,2024_07_BAL_TB,TB,0.679378,0.4602057519734288,2.5942762
2024,8,2024-10-27,2024_08_ATL_TB,TB,0.3916477,0.452905747451202,2.3396466
2024,9,2024-11-04,2024_09_TB_KC,TB,0.46559474,0.4616334304435909,2.4002526
2024,10,2024-11-10,2024_10_SF_TB,TB,0.92762995,0.46094873354677274,2.7386363
2024,12,2024-11-24,2024_12_TB_NYG,TB,0.7284973,0.45381975141779063,2.5416667
2024,13,2024-12-01,2024_13_TB_CAR,TB,0.80050546,0.44260996840245204,2.597222
2024,14,2024-12-08,2024_14_LV_TB,TB,0.6928568,0.43143913306495,2.386111
2024,15,2024-12-15,2024_15_TB_LAC,TB,0.65079725,0.43051117213698914,2.4222224
2024,16,2024-12-22,2024_16_TB_DAL,TB,0.8469656,0.4504751678362789,2.6646464
2024,17,2024-12-29,2024_17_CAR_TB,TB,0.70297605,0.4731383071660849,2.5838385
2024,18,2025-01-05,2024_18_NO_TB,TB,1.1175815,0.5066084481362259,2.980808
2016,1,2016-09-11,2016_01_MIN_TEN,TEN,,,
2016,2,2016-09-18,2016_02_TEN_DET,TEN,,,
2016,3,2016-09-25,2016_03_OAK_TEN,TEN,,,
2016,4,2016-10-02,2016_04_TEN_HOU,TEN,,,
2016,5,2016-10-09,2016_05_TEN_MIA,TEN,,,
2016,6,2016-10-16,2016_06_CLE_TEN,TEN,,,
2016,7,2016-10-23,2016_07_IND_TEN,TEN,-0.33998975,0.37943241746014955,1.6800312
2016,8,2016-10-27,2016_08_JAX_TEN,TEN,0.017468577,0.36839156437384185,1.8315463
2016,9,2016-11-06,2016_09_TEN_SD,TEN,0.25195977,0.374824475144988,2.0648797
2016,10,2016-11-13,2016_10_GB_TEN,TEN,0.42352745,0.38929014065232015,2.4121017
2016,11,2016-11-20,2016_11_TEN_IND,TEN,0.84283704,0.40957293325654126,2.7152154
2016,12,2016-11-27,2016_12_TEN_CHI,TEN,0.72362405,0.4049163167249248,2.581882
2016,14,2016-12-11,2016_14_DEN_TEN,TEN,0.75465703,0.4036829110043396,2.5979078
2016,15,2016-12-18,2016_15_TEN_KC,TEN,0.56510997,0.3880129328343614,2.400938
2016,16,2016-12-24,2016_16_TEN_JAX,TEN,0.25243974,0.3896227042357994,2.1648269
2016,17,2017-01-01,2016_17_HOU_TEN,TEN,0.0512223,0.3644424501864978,1.8966645
2017,1,2017-09-10,2017_01_OAK_TEN,TEN,,,
2017,2,2017-09-17,2017_02_TEN_JAX,TEN,,,
2017,3,2017-09-24,2017_03_SEA_TEN,TEN,,,
2017,4,2017-10-01,2017_04_TEN_HOU,TEN,,,
2017,5,2017-10-08,2017_05_TEN_MIA,TEN,,,
2017,6,2017-10-16,2017_06_IND_TEN,TEN,,,
2017,7,2017-10-22,2017_07_TEN_CLE,TEN,0.04450043,0.4012768665050412,2.0262747
2017,9,2017-11-05,2017_09_BAL_TEN,TEN,-0.20356846,0.39053036521523915,1.8966451
2017,10,2017-11-12,2017_10_CIN_TEN,TEN,-0.40152466,0.3867419083017823,1.7022005
2017,11,2017-11-16,2017_11_TEN_PIT,TEN,-0.5905639,0.37261242768878516,1.6170357
2017,12,2017-11-26,2017_12_TEN_IND,TEN,-0.4916948,0.3728977193202307,1.6683178
2017,13,2017-12-03,2017_13_HOU_TEN,TEN,-0.2583222,0.3832026080342103,1.860237
2017,14,2017-12-10,2017_14_TEN_ARI,TEN,-0.23520236,0.3874912206561562,1.7592269
2017,15,2017-12-17,2017_15_TEN_SF,TEN,-0.39065525,0.38726473145907875,1.6897825
2017,16,2017-12-24,2017_16_LA_TEN,TEN,-0.13046886,0.3806107662113635,1.8495046
2017,17,2017-12-31,2017_17_JAX_TEN,TEN,-0.16784777,0.38008155214990963,1.7779235
2018,1,2018-09-09,2018_01_TEN_MIA,TEN,,,
2018,2,2018-09-16,2018_02_HOU_TEN,TEN,,,
2018,3,2018-09-23,2018_03_TEN_JAX,TEN,,,
2018,4,2018-09-30,2018_04_PHI_TEN,TEN,,,
2018,5,2018-10-07,2018_05_TEN_BUF,TEN,,,
2018,6,2018-10-14,2018_06_BAL_TEN,TEN,,,
2018,7,2018-10-21,2018_07_TEN_LAC,TEN,-0.6209884,0.3410625134622747,1.323077
2018,9,2018-11-05,2018_09_TEN_DAL,TEN,-0.28180942,0.3613459102021193,1.4625
2018,10,2018-11-11,2018_10_NE_TEN,TEN,-0.27014425,0.37059855570476485,1.5958333
2018,11,2018-11-18,2018_11_TEN_IND,TEN,0.06896076,0.3900120546637184,1.9609848
2018,12,2018-11-26,2018_12_TEN_HOU,TEN,-0.2652762,0.3804060973494277,1.7665404
2018,13,2018-12-02,2018_13_NYJ_TEN,TEN,-0.11042311,0.3885127881432843,1.8018938
2018,14,2018-12-06,2018_14_JAX_TEN,TEN,0.13383101,0.40697929371296443,2.1114178
2018,15,2018-12-16,2018_15_TEN_NYG,TEN,0.096650146,0.39918070205407874,2.2155845
2018,16,2018-12-22,2018_16_WAS_TEN,TEN,0.048493773,0.398420929419306,2.0322511
2018,17,2018-12-30,2018_17_IND_TEN,TEN,0.0025106966,0.400195096960519,1.8689514
2019,1,2019-09-08,2019_01_TEN_CLE,TEN,,,
2019,2,2019-09-15,2019_02_IND_TEN,TEN,,,
2019,3,2019-09-19,2019_03_TEN_JAX,TEN,,,
2019,4,2019-09-29,2019_04_TEN_ATL,TEN,,,
2019,5,2019-10-06,2019_05_BUF_TEN,TEN,,,
2019,6,2019-10-13,2019_06_TEN_DEN,TEN,,,
2019,7,2019-10-20,2019_07_LAC_TEN,TEN,-0.65217435,0.3688202789592209,1.25
2019,8,2019-10-27,2019_08_TB_TEN,TEN,-0.6350456,0.36540608920924683,1.2592592
2019,9,2019-11-03,2019_09_TEN_CAR,TEN,-0.5579205,0.36564176623063815,1.3231121
2019,10,2019-11-10,2019_10_KC_TEN,TEN,-0.45626798,0.3858768166740219,1.4948292
2019,12,2019-11-24,2019_12_JAX_TEN,TEN,-0.44245467,0.38014020579035224,1.5339707
2019,13,2019-12-01,2019_13_TEN_IND,TEN,0.081672125,0.40635237745706937,1.9663715
2019,14,2019-12-08,2019_14_TEN_OAK,TEN,0.3291901,0.42323841673321855,2.2868845
2019,15,2019-12-15,2019_15_HOU_TEN,TEN,0.52466774,0.44353840376671716,2.406413
2019,16,2019-12-22,2019_16_NO_TEN,TEN,0.6105466,0.44855071949331854,2.4031663
2019,17,2019-12-29,2019_17_TEN_HOU,TEN,0.6988726,0.45377215700642276,2.4843628
2020,1,2020-09-14,2020_01_TEN_DEN,TEN,,,
2020,2,2020-09-20,2020_02_JAX_TEN,TEN,,,
2020,3,2020-09-27,2020_03_TEN_MIN,TEN,,,
2020,5,2020-10-13,2020_05_BUF_TEN,TEN,,,
2020,6,2020-10-18,2020_06_HOU_TEN,TEN,,,
2020,7,2020-10-25,2020_07_PIT_TEN,TEN,,,
2020,8,2020-11-01,2020_08_TEN_CIN,TEN,1.0607169,0.4450019776159568,3.028244
2020,9,2020-11-08,2020_09_CHI_TEN,TEN,1.2394819,0.46921716572003375,3.1319478
2020,10,2020-11-12,2020_10_IND_TEN,TEN,0.83086747,0.43025387724882674,2.8127167
2020,11,2020-11-22,2020_11_TEN_BAL,TEN,0.6500695,0.43559135790682024,2.7300959
2020,12,2020-11-29,2020_12_TEN_IND,TEN,0.56363523,0.4172537156108446,2.452318
2020,13,2020-12-06,2020_13_CLE_TEN,TEN,0.5861011,0.4242432328276346,2.4409544
2020,14,2020-12-13,2020_14_TEN_JAX,TEN,0.69807714,0.43735339427112924,2.5270655
2020,15,2020-12-20,2020_15_DET_TEN,TEN,0.7562232,0.4410103340391802,2.6263921
2020,16,2020-12-27,2020_16_TEN_GB,TEN,1.422835,0.478935532060532,3.1622896
2020,17,2021-01-03,2020_17_TEN_HOU,TEN,1.4319248,0.4657060146643481,3.106734
2021,1,2021-09-12,2021_01_ARI_TEN,TEN,,,
2021,2,2021-09-19,2021_02_TEN_SEA,TEN,,,
2021,3,2021-09-26,2021_03_IND_TEN,TEN,,,
2021,4,2021-10-03,2021_04_TEN_NYJ,TEN,,,
2021,5,2021-10-10,2021_05_TEN_JAX,TEN,,,
2021,6,2021-10-18,2021_06_BUF_TEN,TEN,,,
2021,7,2021-10-24,2021_07_KC_TEN,TEN,0.37573043,0.42701563631050815,2.4061058
2021,8,2021-10-31,2021_08_TEN_IND,TEN,1.0021166,0.44064544785698634,2.7255504
2021,9,2021-11-07,2021_09_TEN_LA,TEN,0.9088423,0.43476851935562344,2.6614478
2021,10,2021-11-14,2021_10_NO_TEN,TEN,0.69253564,0.4448362101524809,2.5040405
2021,11,2021-11-21,2021_11_HOU_TEN,TEN,0.67223626,0.439123884728617,2.544833
2021,12,2021-11-28,2021_12_TEN_NE,TEN,0.19409765,0.42753007730147624,2.2087219
2021,14,2021-12-12,2021_14_JAX_TEN,TEN,-0.19359279,0.4040489424232825,1.89054
2021,15,2021-12-19,2021_15_TEN_PIT,TEN,-0.5217663,0.37858675029442374,1.6935703
2021,16,2021-12-23,2021_16_SF_TEN,TEN,-0.8634265,0.3708592697368321,1.5315657
2021,17,2022-01-02,2021_17_MIA_TEN,TEN,-0.75557286,0.35899116741734094,1.5963806
2021,18,2022-01-09,2021_18_TEN_HOU,TEN,-0.59949696,0.36202222726658256,1.7630472
2022,1,2022-09-11,2022_01_NYG_TEN,TEN,,,
2022,2,2022-09-19,2022_02_TEN_BUF,TEN,,,
2022,3,2022-09-25,2022_03_LV_TEN,TEN,,,
2022,4,2022-10-02,2022_04_TEN_IND,TEN,,,
2022,5,2022-10-09,2022_05_TEN_WAS,TEN,,,
2022,7,2022-10-23,2022_07_IND_TEN,TEN,,,
2022,8,2022-10-30,2022_08_TEN_HOU,TEN,-0.24310571,0.41459455948092305,1.6977273
2022,9,2022-11-06,2022_09_TEN_KC,TEN,-0.3450326,0.4169880414198596,1.6522727
2022,10,2022-11-13,2022_10_DEN_TEN,TEN,-0.08338833,0.4050887033841579,1.7641608
2022,11,2022-11-17,2022_11_TEN_GB,TEN,-0.2404842,0.40874560204105653,1.5821096
2022,12,2022-11-27,2022_12_CIN_TEN,TEN,-0.12474962,0.40149091228636685,1.6321095
2022,13,2022-12-04,2022_13_TEN_PHI,TEN,-0.13936417,0.3982931378385923,1.6071095
2022,14,2022-12-11,2022_14_JAX_TEN,TEN,-0.24401732,0.3625659862023498,1.561655
2022,15,2022-12-18,2022_15_TEN_LAC,TEN,-0.27001506,0.3620992076105713,1.6096349
2022,16,2022-12-24,2022_16_HOU_TEN,TEN,-0.3716371,0.3640140662561991,1.5711733
2022,17,2022-12-29,2022_17_DAL_TEN,TEN,-0.5470583,0.3567923527844857,1.547669
2022,18,2023-01-07,2022_18_TEN_JAX,TEN,-0.8395607,0.3366487039950035,1.2782246
2023,1,2023-09-10,2023_01_TEN_NO,TEN,,,
2023,2,2023-09-17,2023_02_LAC_TEN,TEN,,,
2023,3,2023-09-24,2023_03_TEN_CLE,TEN,,,
2023,4,2023-10-01,2023_04_CIN_TEN,TEN,,,
2023,5,2023-10-08,2023_05_TEN_IND,TEN,,,
2023,6,2023-10-15,2023_06_BAL_TEN,TEN,,,
2023,8,2023-10-29,2023_08_ATL_TEN,TEN,-0.037978332,0.38426074902145585,1.7674242
2023,9,2023-11-02,2023_09_TEN_PIT,TEN,0.15199398,0.41140839469588725,1.8924242
2023,10,2023-11-12,2023_10_TEN_TB,TEN,0.19642693,0.4079752295797156,1.7796297
2023,11,2023-11-19,2023_11_TEN_JAX,TEN,0.19568008,0.4119861723406584,1.8205386
2023,12,2023-11-26,2023_12_CAR_TEN,TEN,0.0050342623,0.3801304914718196,1.5797981
2023,13,2023-12-03,2023_13_IND_TEN,TEN,-0.12820943,0.39290268319621724,1.5040404
2023,14,2023-12-11,2023_14_TEN_MIA,TEN,-0.11387682,0.3717772422791097,1.508207
2023,15,2023-12-17,2023_15_HOU_TEN,TEN,-0.088970415,0.35955824434582606,1.5338482
2023,16,2023-12-24,2023_16_SEA_TEN,TEN,-0.37405393,0.3406188745894628,1.365757
2023,17,2023-12-31,2023_17_TEN_HOU,TEN,0.007814704,0.3557759275754631,1.6290145
2023,18,2024-01-07,2023_18_JAX_TEN,TEN,-0.4506127,0.33809753546724647,1.4197553
2024,1,2024-09-08,2024_01_TEN_CHI,TEN,,,
2024,2,2024-09-15,2024_02_NYJ_TEN,TEN,,,
2024,3,2024-09-22,2024_03_GB_TEN,TEN,,,
2024,4,2024-09-30,2024_04_TEN_MIA,TEN,,,
2024,6,2024-10-13,2024_06_IND_TEN,TEN,,,
2024,7,2024-10-20,2024_07_TEN_BUF,TEN,,,
2024,8,2024-10-27,2024_08_TEN_DET,TEN,-0.8080912,0.4037130145682777,1.4559051
2024,9,2024-11-03,2024_09_NE_TEN,TEN,-0.88112855,0.4140269939612045,1.4046232
2024,10,2024-11-10,2024_10_TEN_LAC,TEN,-0.8679462,0.4117407280385749,1.4248252
2024,11,2024-11-17,2024_11_MIN_TEN,TEN,-0.55724627,0.4057185095163564,1.5275187
2024,12,2024-11-24,2024_12_TEN_HOU,TEN,-0.7668707,0.38899344165492494,1.3526936
2024,13,2024-12-01,2024_13_TEN_WAS,TEN,-0.73912215,0.38870102660687067,1.4522606
2024,14,2024-12-08,2024_14_JAX_TEN,TEN,-0.68860465,0.37266960432544843,1.6012506
2024,15,2024-12-15,2024_15_CIN_TEN,TEN,-0.4510597,0.36306503859343175,1.545695
2024,16,2024-12-22,2024_16_TEN_IND,TEN,-0.42287967,0.3835449550013785,1.6429173
2024,17,2024-12-29,2024_17_TEN_JAX,TEN,-0.43138972,0.39528044173686516,1.7127179
2024,18,2025-01-05,2024_18_HOU_TEN,TEN,-0.2405364,0.41846473324502026,1.7865815
2016,1,2016-09-12,2016_01_PIT_WAS,WAS,,,
2016,2,2016-09-18,2016_02_DAL_WAS,WAS,,,
2016,3,2016-09-25,2016_03_WAS_NYG,WAS,,,
2016,4,2016-10-02,2016_04_CLE_WAS,WAS,,,
2016,5,2016-10-09,2016_05_WAS_BAL,WAS,,,
2016,6,2016-10-16,2016_06_PHI_WAS,WAS,,,
2016,7,2016-10-23,2016_07_WAS_DET,WAS,0.417395,0.43657388570553834,2.1916065
2016,8,2016-10-30,2016_08_WAS_CIN,WAS,0.5012828,0.441329844767053,2.2397547
2016,10,2016-11-13,2016_10_MIN_WAS,WAS,0.5566652,0.4268270137201043,2.17785
2016,11,2016-11-20,2016_11_GB_WAS,WAS,0.52148294,0.4148917675936817,2.1717894
2016,12,2016-11-24,2016_12_WAS_DAL,WAS,0.6404148,0.4112589385820648,2.234079
2016,13,2016-12-04,2016_13_WAS_ARI,WAS,1.0448838,0.40958048310896644,2.656698
2016,14,2016-12-11,2016_14_WAS_PHI,WAS,1.0234296,0.39906710759559094,2.6309402
2016,15,2016-12-19,2016_15_CAR_WAS,WAS,1.1004623,0.38000679547972327,2.7252166
2016,16,2016-12-24,2016_16_WAS_CHI,WAS,0.73653966,0.3654040099210554,2.5823593
2016,17,2017-01-01,2016_17_NYG_WAS,WAS,0.9478023,0.3863531996202451,2.7702382
2017,1,2017-09-10,2017_01_PHI_WAS,WAS,,,
2017,2,2017-09-17,2017_02_WAS_LA,WAS,,,
2017,3,2017-09-24,2017_03_OAK_WAS,WAS,,,
2017,4,2017-10-02,2017_04_WAS_KC,WAS,,,
2017,6,2017-10-15,2017_06_SF_WAS,WAS,,,
2017,7,2017-10-23,2017_07_WAS_PHI,WAS,,,
2017,8,2017-10-29,2017_08_DAL_WAS,WAS,-0.020712472,0.3863333583319628,1.9785353
2017,9,2017-11-05,2017_09_WAS_SEA,WAS,-0.054191783,0.362782296390808,2.0554583
2017,10,2017-11-12,2017_10_MIN_WAS,WAS,-0.32177207,0.33725964984543416,1.8643163
2017,11,2017-11-19,2017_11_WAS_NO,WAS,-0.25359988,0.34600102070801714,1.9438616
2017,12,2017-11-23,2017_12_NYG_WAS,WAS,-0.107578136,0.33762546108245756,2.0802252
2017,13,2017-11-30,2017_13_WAS_DAL,WAS,-0.3181489,0.3346211737031701,1.9572095
2017,14,2017-12-10,2017_14_WAS_LAC,WAS,-0.6069183,0.32984979468936687,1.8359972
2017,15,2017-12-17,2017_15_ARI_WAS,WAS,-0.5524363,0.34349358553904,1.6821512
2017,16,2017-12-24,2017_16_DEN_WAS,WAS,-0.57701874,0.34768275463205534,1.7206126
2017,17,2017-12-31,2017_17_WAS_NYG,WAS,-0.67206794,0.34006402655878176,1.6122211
2018,1,2018-09-09,2018_01_WAS_ARI,WAS,,,
2018,2,2018-09-16,2018_02_IND_WAS,WAS,,,
2018,3,2018-09-23,2018_03_GB_WAS,WAS,,,
2018,5,2018-10-08,2018_05_WAS_NO,WAS,,,
2018,6,2018-10-14,2018_06_CAR_WAS,WAS,,,
2018,7,2018-10-21,2018_07_DAL_WAS,WAS,,,
2018,8,2018-10-28,2018_08_WAS_NYG,WAS,-0.037824433,0.4036997888695007,1.8617004
2018,9,2018-11-04,2018_09_ATL_WAS,WAS,-0.17935526,0.3986936838633957,1.7394781
2018,10,2018-11-11,2018_10_WAS_TB,WAS,-0.018441679,0.38475164105771653,1.8364477
2018,11,2018-11-18,2018_11_HOU_WAS,WAS,-0.05045569,0.4033813909374664,1.7021885
2018,12,2018-11-22,2018_12_WAS_DAL,WAS,-0.09929559,0.3968688191471168,1.6420034
2018,13,2018-12-03,2018_13_WAS_PHI,WAS,-0.27153325,0.39719734039809795,1.5883904
2018,14,2018-12-09,2018_14_NYG_WAS,WAS,-0.28246912,0.39389221118387785,1.6106125
2018,15,2018-12-16,2018_15_WAS_JAX,WAS,-0.5881772,0.3873469541921923,1.523311
2018,16,2018-12-22,2018_16_WAS_TEN,WAS,-0.7266734,0.3783243259919325,1.5324019
2018,17,2018-12-30,2018_17_PHI_WAS,WAS,-0.77861047,0.3645758252642651,1.5694389
2019,1,2019-09-08,2019_01_WAS_PHI,WAS,,,
2019,2,2019-09-15,2019_02_DAL_WAS,WAS,,,
2019,3,2019-09-23,2019_03_CHI_WAS,WAS,,,
2019,4,2019-09-29,2019_04_WAS_NYG,WAS,,,
2019,5,2019-10-06,2019_05_NE_WAS,WAS,,,
2019,6,2019-10-13,2019_06_WAS_MIA,WAS,,,
2019,7,2019-10-20,2019_07_SF_WAS,WAS,-0.7528319,0.3420293123449689,1.4073426
2019,8,2019-10-24,2019_08_WAS_MIN,WAS,-1.3388463,0.3100884754041319,0.9573426
2019,9,2019-11-03,2019_09_WAS_BUF,WAS,-1.6174713,0.2993134222679677,0.7351205
2019,11,2019-11-17,2019_11_NYJ_WAS,WAS,-1.5216265,0.2859365377420933,0.67451435
2019,12,2019-11-24,2019_12_DET_WAS,WAS,-1.3549107,0.2853523996579552,0.8470085
2019,13,2019-12-01,2019_13_WAS_CAR,WAS,-1.187339,0.2948944757476504,0.99542123
2019,14,2019-12-08,2019_14_WAS_GB,WAS,-1.0745071,0.3033655351115669,1.1227106
2019,15,2019-12-15,2019_15_PHI_WAS,WAS,-0.76847917,0.3187984355444673,1.3727106
2019,16,2019-12-22,2019_16_NYG_WAS,WAS,-0.5042005,0.34412580878850724,1.656044
2019,17,2019-12-29,2019_17_WAS_DAL,WAS,-0.09661364,0.3618308134513253,1.9754883
2020,1,2020-09-13,2020_01_PHI_WAS,WAS,,,
2020,2,2020-09-20,2020_02_WAS_ARI,WAS,,,
2020,3,2020-09-27,2020_03_WAS_CLE,WAS,,,
2020,4,2020-10-04,2020_04_BAL_WAS,WAS,,,
2020,5,2020-10-11,2020_05_LA_WAS,WAS,,,
2020,6,2020-10-18,2020_06_WAS_NYG,WAS,,,
2020,7,2020-10-25,2020_07_DAL_WAS,WAS,-0.69388455,0.3630794568363183,1.5866647
2020,9,2020-11-08,2020_09_NYG_WAS,WAS,-0.4221548,0.36676071385090875,1.669998
2020,10,2020-11-15,2020_10_WAS_DET,WAS,-0.3080257,0.37589144843618877,1.7760587
2020,11,2020-11-22,2020_11_CIN_WAS,WAS,0.017681666,0.4032489828770565,1.9482808
2020,12,2020-11-26,2020_12_WAS_DAL,WAS,0.048389565,0.3950660676765975,1.968483
2020,13,2020-12-07,2020_13_WAS_PIT,WAS,0.3550538,0.4304655018411146,2.3263888
2020,14,2020-12-13,2020_14_WAS_SF,WAS,0.39561263,0.4152114654256038,2.2254274
2020,15,2020-12-20,2020_15_SEA_WAS,WAS,0.03578635,0.426730825694964,1.9566774
2020,16,2020-12-27,2020_16_CAR_WAS,WAS,-0.0073186494,0.4146177304568688,1.8733441
2020,17,2021-01-03,2020_17_WAS_PHI,WAS,-0.32138017,0.40603590106621584,1.6203136
2021,1,2021-09-12,2021_01_LAC_WAS,WAS,,,
2021,2,2021-09-16,2021_02_NYG_WAS,WAS,,,
2021,3,2021-09-26,2021_03_WAS_BUF,WAS,,,
2021,4,2021-10-03,2021_04_WAS_ATL,WAS,,,
2021,5,2021-10-10,2021_05_NO_WAS,WAS,,,
2021,6,2021-10-17,2021_06_KC_WAS,WAS,,,
2021,7,2021-10-24,2021_07_WAS_GB,WAS,-0.04979484,0.37894381852715187,2.0952861
2021,8,2021-10-31,2021_08_WAS_DEN,WAS,-0.122947216,0.3860699948199948,1.9656566
2021,10,2021-11-14,2021_10_TB_WAS,WAS,-0.39652357,0.3693772739606073,1.6962963
2021,11,2021-11-21,2021_11_WAS_CAR,WAS,-0.09931185,0.3869046539879873,1.9416667
2021,12,2021-11-29,2021_12_SEA_WAS,WAS,-0.21236087,0.390642952726286,1.8250002
2021,13,2021-12-05,2021_13_WAS_LV,WAS,-0.13087666,0.3979343813412441,1.7555556
2021,14,2021-12-12,2021_14_DAL_WAS,WAS,0.14531308,0.40633919669050383,1.8898149
2021,15,2021-12-21,2021_15_WAS_PHI,WAS,-0.006641675,0.37540213992011373,1.8787037
2021,16,2021-12-26,2021_16_WAS_DAL,WAS,0.03655142,0.37755712578722084,1.9510943
2021,17,2022-01-02,2021_17_PHI_WAS,WAS,-0.34599197,0.3522454716294128,1.5935445
2021,18,2022-01-09,2021_18_WAS_NYG,WAS,-0.52258843,0.3631447344036756,1.4768777
2022,1,2022-09-11,2022_01_JAX_WAS,WAS,,,
2022,2,2022-09-18,2022_02_WAS_DET,WAS,,,
2022,3,2022-09-25,2022_03_PHI_WAS,WAS,,,
2022,4,2022-10-02,2022_04_WAS_DAL,WAS,,,
2022,5,2022-10-09,2022_05_TEN_WAS,WAS,,,
2022,6,2022-10-13,2022_06_WAS_CHI,WAS,,,
2022,7,2022-10-23,2022_07_GB_WAS,WAS,-0.46110404,0.32776486680707456,1.3397852
2022,8,2022-10-30,2022_08_WAS_IND,WAS,-0.57566065,0.3379116083932101,1.2993811
2022,9,2022-11-06,2022_09_MIN_WAS,WAS,-0.6310603,0.3562283115313418,1.2355283
2022,10,2022-11-14,2022_10_WAS_PHI,WAS,-0.47979882,0.3516855934469571,1.3883061
2022,11,2022-11-20,2022_11_WAS_HOU,WAS,-0.057031933,0.37427543280150233,1.6934342
2022,12,2022-11-27,2022_12_ATL_WAS,WAS,-0.058045954,0.38719425850441896,1.714899
2022,13,2022-12-04,2022_13_WAS_NYG,WAS,0.062152606,0.3780784491360843,1.8849326
2022,15,2022-12-18,2022_15_NYG_WAS,WAS,0.04844591,0.3767619205468285,1.7928581
2022,16,2022-12-24,2022_16_WAS_SF,WAS,0.015749773,0.3759619334968414,1.7352823
2022,17,2023-01-01,2022_17_CLE_WAS,WAS,-0.10759167,0.3681884265457029,1.7769489
2022,18,2023-01-08,2022_18_DAL_WAS,WAS,-0.45407978,0.3558045386471091,1.5102824
2023,1,2023-09-10,2023_01_ARI_WAS,WAS,,,
2023,2,2023-09-17,2023_02_WAS_DEN,WAS,,,
2023,3,2023-09-24,2023_03_BUF_WAS,WAS,,,
2023,4,2023-10-01,2023_04_WAS_PHI,WAS,,,
2023,5,2023-10-05,2023_05_CHI_WAS,WAS,,,
2023,6,2023-10-15,2023_06_WAS_ATL,WAS,,,
2023,7,2023-10-22,2023_07_WAS_NYG,WAS,-0.36290047,0.3366686045106277,1.9599457
2023,8,2023-10-29,2023_08_PHI_WAS,WAS,-0.28966776,0.3466639836789392,1.7868687
2023,9,2023-11-05,2023_09_WAS_NE,WAS,-0.38067982,0.35612712155116794,1.7262626
2023,10,2023-11-12,2023_10_WAS_SEA,WAS,0.12842403,0.370847470646517,1.9585857
2023,11,2023-11-19,2023_11_NYG_WAS,WAS,0.01944208,0.37922845389381044,1.8358585
2023,12,2023-11-23,2023_12_WAS_DAL,WAS,-0.0729315,0.3839585121952973,1.7842712
2023,13,2023-12-03,2023_13_MIA_WAS,WAS,-0.29515556,0.39033186461365865,1.6024531
2023,15,2023-12-17,2023_15_WAS_LA,WAS,-0.32344285,0.35885977192317914,1.7463924
2023,16,2023-12-24,2023_16_WAS_NYJ,WAS,-0.57730645,0.32466129643682484,1.5544733
2023,17,2023-12-31,2023_17_SF_WAS,WAS,-0.7991808,0.31437897844617346,1.5878066
2023,18,2024-01-07,2023_18_DAL_WAS,WAS,-1.080783,0.30607497885429513,1.3790525
2024,1,2024-09-08,2024_01_WAS_TB,WAS,,,
2024,2,2024-09-15,2024_02_NYG_WAS,WAS,,,
2024,3,2024-09-23,2024_03_WAS_CIN,WAS,,,
2024,4,2024-09-29,2024_04_WAS_ARI,WAS,,,
2024,5,2024-10-06,2024_05_CLE_WAS,WAS,,,
2024,6,2024-10-13,2024_06_WAS_BAL,WAS,,,
2024,7,2024-10-20,2024_07_CAR_WAS,WAS,1.826351,0.4815701340060645,3.275463
2024,8,2024-10-27,2024_08_CHI_WAS,WAS,2.0641944,0.5082033156392461,3.471759
2024,9,2024-11-03,2024_09_WAS_NYG,WAS,1.8106827,0.5024549085476373,3.284259
2024,10,2024-11-10,2024_10_PIT_WAS,WAS,1.4850558,0.5071715460767748,3.0550926
2024,11,2024-11-14,2024_11_WAS_PHI,WAS,0.93576163,0.4862035109951777,2.652315
2024,12,2024-11-24,2024_12_DAL_WAS,WAS,0.84990144,0.5083397501768715,2.4528198
2024,13,2024-12-01,2024_13_TEN_WAS,WAS,0.5805363,0.4874987085024964,2.2977273
2024,15,2024-12-15,2024_15_WAS_NO,WAS,0.48170826,0.48454231304610085,2.314394
2024,16,2024-12-22,2024_16_PHI_WAS,WAS,0.548148,0.5041037315658528,2.4347644
2024,17,2024-12-29,2024_17_ATL_WAS,WAS,0.2713587,0.4730141036012248,2.3008358
2024,18,2025-01-05,2024_18_WAS_DAL,WAS,0.45780537,0.462077384637545,2.4258358
