season,week,game_id,team,distance_bucket,fg_make_rate_roll6
2016,1,2016_01_NE_ARI,ARI,41-50,
2016,2,2016_02_TB_ARI,ARI,0-30,
2016,2,2016_02_TB_ARI,ARI,31-40,
2016,3,2016_03_ARI_BUF,ARI,56+,
2016,4,2016_04_LA_ARI,ARI,0-30,
2016,5,2016_05_ARI_SF,ARI,31-40,
2016,7,2016_07_SEA_ARI,ARI,41-50,
2016,7,2016_07_SEA_ARI,ARI,0-30,
2016,7,2016_07_SEA_ARI,ARI,31-40,
2016,10,2016_10_SF_ARI,ARI,0-30,
2016,10,2016_10_SF_ARI,ARI,31-40,
2016,11,2016_11_ARI_MIN,ARI,31-40,
2016,12,2016_12_ARI_ATL,ARI,0-30,
2016,12,2016_12_ARI_ATL,ARI,51-55,
2016,13,2016_13_WAS_ARI,ARI,0-30,
2016,13,2016_13_WAS_ARI,ARI,51-55,
2016,14,2016_14_ARI_MIA,ARI,56+,
2016,14,2016_14_ARI_MIA,ARI,41-50,
2016,15,2016_15_NO_ARI,ARI,51-55,
2016,16,2016_16_ARI_SEA,ARI,51-55,
2016,16,2016_16_ARI_SEA,ARI,41-50,
2016,17,2016_17_ARI_LA,ARI,41-50,
2016,17,2016_17_ARI_LA,ARI,31-40,
2017,1,2017_01_ARI_DET,ARI,0-30,
2017,1,2017_01_ARI_DET,ARI,31-40,
2017,2,2017_02_ARI_IND,ARI,0-30,
2017,2,2017_02_ARI_IND,ARI,31-40,
2017,2,2017_02_ARI_IND,ARI,41-50,
2017,3,2017_03_DAL_ARI,ARI,31-40,
2017,4,2017_04_SF_ARI,ARI,41-50,
2017,4,2017_04_SF_ARI,ARI,0-30,
2017,4,2017_04_SF_ARI,ARI,31-40,
2017,5,2017_05_ARI_PHI,ARI,51-55,
2017,6,2017_06_TB_ARI,ARI,0-30,
2017,7,2017_07_ARI_LA,ARI,31-40,
2017,9,2017_09_ARI_SF,ARI,0-30,
2017,9,2017_09_ARI_SF,ARI,31-40,
2017,10,2017_10_SEA_ARI,ARI,41-50,
2017,12,2017_12_JAX_ARI,ARI,56+,
2017,12,2017_12_JAX_ARI,ARI,41-50,
2017,12,2017_12_JAX_ARI,ARI,31-40,0.5
2017,13,2017_13_LA_ARI,ARI,51-55,
2017,13,2017_13_LA_ARI,ARI,41-50,
2017,14,2017_14_TEN_ARI,ARI,41-50,
2017,14,2017_14_TEN_ARI,ARI,31-40,0.6666666666666666
2017,14,2017_14_TEN_ARI,ARI,0-30,
2017,15,2017_15_ARI_WAS,ARI,31-40,0.611111111111111
2017,15,2017_15_ARI_WAS,ARI,0-30,1.0
2017,16,2017_16_NYG_ARI,ARI,0-30,1.0
2017,17,2017_17_ARI_SEA,ARI,41-50,0.6666666666666666
2017,17,2017_17_ARI_SEA,ARI,51-55,
2018,4,2018_04_SEA_ARI,ARI,0-30,
2018,4,2018_04_SEA_ARI,ARI,41-50,
2018,6,2018_06_ARI_MIN,ARI,0-30,
2018,7,2018_07_DEN_ARI,ARI,41-50,
2018,8,2018_08_SF_ARI,ARI,31-40,
2018,12,2018_12_ARI_LAC,ARI,41-50,
2018,12,2018_12_ARI_LAC,ARI,0-30,
2018,13,2018_13_ARI_GB,ARI,41-50,
2018,14,2018_14_DET_ARI,ARI,0-30,
2018,14,2018_14_DET_ARI,ARI,51-55,
2018,16,2018_16_LA_ARI,ARI,31-40,
2018,16,2018_16_LA_ARI,ARI,51-55,
2018,17,2018_17_ARI_SEA,ARI,41-50,
2018,17,2018_17_ARI_SEA,ARI,31-40,
2018,17,2018_17_ARI_SEA,ARI,51-55,
2019,1,2019_01_DET_ARI,ARI,41-50,
2019,1,2019_01_DET_ARI,ARI,31-40,
2019,1,2019_01_DET_ARI,ARI,0-30,
2019,2,2019_02_ARI_BAL,ARI,0-30,
2019,3,2019_03_CAR_ARI,ARI,31-40,
2019,3,2019_03_CAR_ARI,ARI,41-50,
2019,4,2019_04_SEA_ARI,ARI,41-50,
2019,4,2019_04_SEA_ARI,ARI,31-40,
2019,5,2019_05_ARI_CIN,ARI,31-40,
2019,5,2019_05_ARI_CIN,ARI,0-30,
2019,6,2019_06_ATL_ARI,ARI,31-40,
2019,6,2019_06_ATL_ARI,ARI,0-30,
2019,7,2019_07_ARI_NYG,ARI,31-40,
2019,7,2019_07_ARI_NYG,ARI,41-50,
2019,8,2019_08_ARI_NO,ARI,41-50,
2019,8,2019_08_ARI_NO,ARI,31-40,0.9166666666666666
2019,9,2019_09_SF_ARI,ARI,31-40,0.9166666666666666
2019,10,2019_10_ARI_TB,ARI,51-55,
2019,10,2019_10_ARI_TB,ARI,31-40,0.9166666666666666
2019,11,2019_11_ARI_SF,ARI,41-50,
2019,11,2019_11_ARI_SF,ARI,0-30,
2019,14,2019_14_PIT_ARI,ARI,0-30,
2019,15,2019_15_CLE_ARI,ARI,0-30,1.0
2019,16,2019_16_ARI_SEA,ARI,0-30,1.0
2019,16,2019_16_ARI_SEA,ARI,41-50,0.8333333333333334
2019,17,2019_17_ARI_LA,ARI,31-40,0.9166666666666666
2020,1,2020_01_ARI_SF,ARI,56+,
2020,1,2020_01_ARI_SF,ARI,51-55,
2020,1,2020_01_ARI_SF,ARI,41-50,
2020,2,2020_02_WAS_ARI,ARI,31-40,
2020,2,2020_02_WAS_ARI,ARI,41-50,
2020,2,2020_02_WAS_ARI,ARI,0-30,
2020,3,2020_03_DET_ARI,ARI,51-55,
2020,5,2020_05_ARI_NYJ,ARI,41-50,
2020,6,2020_06_ARI_DAL,ARI,0-30,
2020,7,2020_07_SEA_ARI,ARI,41-50,
2020,9,2020_09_MIA_ARI,ARI,31-40,
2020,9,2020_09_MIA_ARI,ARI,41-50,
2020,10,2020_10_BUF_ARI,ARI,0-30,
2020,10,2020_10_BUF_ARI,ARI,41-50,
2020,12,2020_12_ARI_NE,ARI,41-50,0.625
2020,13,2020_13_LA_ARI,ARI,41-50,0.7083333333333334
2020,14,2020_14_ARI_NYG,ARI,31-40,
2020,14,2020_14_ARI_NYG,ARI,0-30,
2020,15,2020_15_PHI_ARI,ARI,31-40,
2020,16,2020_16_SF_ARI,ARI,0-30,
2020,16,2020_16_SF_ARI,ARI,41-50,0.5416666666666666
2020,17,2020_17_ARI_LA,ARI,31-40,
2021,1,2021_01_ARI_TEN,ARI,41-50,
2021,1,2021_01_ARI_TEN,ARI,31-40,
2021,2,2021_02_MIN_ARI,ARI,0-30,
2021,2,2021_02_MIN_ARI,ARI,56+,
2021,3,2021_03_ARI_JAX,ARI,56+,
2021,3,2021_03_ARI_JAX,ARI,31-40,
2021,4,2021_04_ARI_LA,ARI,0-30,
2021,4,2021_04_ARI_LA,ARI,51-55,
2021,5,2021_05_SF_ARI,ARI,56+,
2021,5,2021_05_SF_ARI,ARI,0-30,
2021,6,2021_06_ARI_CLE,ARI,31-40,
2021,6,2021_06_ARI_CLE,ARI,51-55,
2021,7,2021_07_HOU_ARI,ARI,31-40,
2021,9,2021_09_ARI_SF,ARI,0-30,
2021,10,2021_10_CAR_ARI,ARI,41-50,
2021,11,2021_11_ARI_SEA,ARI,31-40,
2021,11,2021_11_ARI_SEA,ARI,51-55,
2021,13,2021_13_ARI_CHI,ARI,31-40,
2021,13,2021_13_ARI_CHI,ARI,0-30,
2021,14,2021_14_LA_ARI,ARI,41-50,
2021,14,2021_14_LA_ARI,ARI,51-55,
2021,15,2021_15_ARI_DET,ARI,0-30,
2021,16,2021_16_IND_ARI,ARI,51-55,
2021,16,2021_16_IND_ARI,ARI,0-30,1.0
2021,16,2021_16_IND_ARI,ARI,41-50,
2021,17,2021_17_ARI_DAL,ARI,0-30,1.0
2021,17,2021_17_ARI_DAL,ARI,51-55,
2021,17,2021_17_ARI_DAL,ARI,31-40,0.8333333333333334
2021,18,2021_18_SEA_ARI,ARI,31-40,0.8333333333333334
2021,18,2021_18_SEA_ARI,ARI,0-30,1.0
2021,18,2021_18_SEA_ARI,ARI,41-50,
2022,3,2022_03_LA_ARI,ARI,41-50,
2022,3,2022_03_LA_ARI,ARI,31-40,
2022,3,2022_03_LA_ARI,ARI,0-30,
2022,4,2022_04_ARI_CAR,ARI,31-40,
2022,5,2022_05_PHI_ARI,ARI,0-30,
2022,5,2022_05_PHI_ARI,ARI,41-50,
2022,6,2022_06_ARI_SEA,ARI,0-30,
2022,7,2022_07_NO_ARI,ARI,0-30,
2022,7,2022_07_NO_ARI,ARI,41-50,
2022,8,2022_08_ARI_MIN,ARI,41-50,
2022,8,2022_08_ARI_MIN,ARI,31-40,
2022,10,2022_10_ARI_LA,ARI,31-40,
2022,10,2022_10_ARI_LA,ARI,41-50,
2022,11,2022_11_SF_ARI,ARI,31-40,
2022,12,2022_12_LAC_ARI,ARI,41-50,
2022,14,2022_14_NE_ARI,ARI,41-50,0.75
2022,14,2022_14_NE_ARI,ARI,31-40,
2022,15,2022_15_ARI_DEN,ARI,41-50,0.5833333333333334
2022,15,2022_15_ARI_DEN,ARI,51-55,
2022,16,2022_16_TB_ARI,ARI,56+,
2022,16,2022_16_TB_ARI,ARI,51-55,
2022,16,2022_16_TB_ARI,ARI,31-40,1.0
2022,17,2022_17_ARI_ATL,ARI,31-40,1.0
2022,17,2022_17_ARI_ATL,ARI,41-50,0.75
2022,17,2022_17_ARI_ATL,ARI,56+,
2023,1,2023_01_ARI_WAS,ARI,51-55,
2023,1,2023_01_ARI_WAS,ARI,31-40,
2023,1,2023_01_ARI_WAS,ARI,0-30,
2023,2,2023_02_NYG_ARI,ARI,41-50,
2023,2,2023_02_NYG_ARI,ARI,31-40,
2023,2,2023_02_NYG_ARI,ARI,51-55,
2023,3,2023_03_DAL_ARI,ARI,31-40,
2023,3,2023_03_DAL_ARI,ARI,41-50,
2023,3,2023_03_DAL_ARI,ARI,56+,
2023,4,2023_04_ARI_SF,ARI,31-40,
2023,6,2023_06_ARI_LA,ARI,31-40,
2023,6,2023_06_ARI_LA,ARI,51-55,
2023,6,2023_06_ARI_LA,ARI,0-30,
2023,7,2023_07_ARI_SEA,ARI,31-40,
2023,7,2023_07_ARI_SEA,ARI,41-50,
2023,8,2023_08_BAL_ARI,ARI,41-50,
2023,10,2023_10_ATL_ARI,ARI,51-55,
2023,10,2023_10_ATL_ARI,ARI,0-30,
2023,10,2023_10_ATL_ARI,ARI,41-50,
2023,10,2023_10_ATL_ARI,ARI,56+,
2023,11,2023_11_ARI_HOU,ARI,56+,
2023,12,2023_12_LA_ARI,ARI,56+,
2023,13,2023_13_ARI_PIT,ARI,51-55,
2023,15,2023_15_SF_ARI,ARI,41-50,
2023,15,2023_15_SF_ARI,ARI,56+,
2023,15,2023_15_SF_ARI,ARI,0-30,
2023,16,2023_16_ARI_CHI,ARI,51-55,
2023,17,2023_17_ARI_PHI,ARI,0-30,
2023,17,2023_17_ARI_PHI,ARI,31-40,0.8333333333333334
2023,18,2023_18_SEA_ARI,ARI,51-55,0.8333333333333334
2023,18,2023_18_SEA_ARI,ARI,31-40,0.8333333333333334
2023,18,2023_18_SEA_ARI,ARI,41-50,1.0
2023,18,2023_18_SEA_ARI,ARI,0-30,
2024,1,2024_01_ARI_BUF,ARI,31-40,
2024,1,2024_01_ARI_BUF,ARI,0-30,
2024,2,2024_02_LA_ARI,ARI,41-50,
2024,2,2024_02_LA_ARI,ARI,56+,
2024,3,2024_03_DET_ARI,ARI,41-50,
2024,5,2024_05_ARI_SF,ARI,31-40,
2024,5,2024_05_ARI_SF,ARI,41-50,
2024,5,2024_05_ARI_SF,ARI,0-30,
2024,6,2024_06_ARI_GB,ARI,31-40,
2024,7,2024_07_LAC_ARI,ARI,31-40,
2024,8,2024_08_ARI_MIA,ARI,56+,
2024,8,2024_08_ARI_MIA,ARI,31-40,
2024,9,2024_09_CHI_ARI,ARI,51-55,
2024,9,2024_09_CHI_ARI,ARI,0-30,
2024,10,2024_10_NYJ_ARI,ARI,31-40,
2024,12,2024_12_ARI_SEA,ARI,31-40,1.0
2024,12,2024_12_ARI_SEA,ARI,0-30,
2024,12,2024_12_ARI_SEA,ARI,41-50,
2024,13,2024_13_ARI_MIN,ARI,41-50,
2024,13,2024_13_ARI_MIN,ARI,0-30,
2024,13,2024_13_ARI_MIN,ARI,31-40,1.0
2024,14,2024_14_SEA_ARI,ARI,0-30,
2024,14,2024_14_SEA_ARI,ARI,31-40,1.0
2024,15,2024_15_NE_ARI,ARI,41-50,
2024,15,2024_15_NE_ARI,ARI,31-40,0.8333333333333334
2024,16,2024_16_ARI_CAR,ARI,0-30,1.0
2024,16,2024_16_ARI_CAR,ARI,41-50,0.5833333333333334
2024,16,2024_16_ARI_CAR,ARI,56+,
2024,17,2024_17_ARI_LA,ARI,0-30,1.0
2024,18,2024_18_SF_ARI,ARI,51-55,
2024,18,2024_18_SF_ARI,ARI,41-50,0.5833333333333334
2016,1,2016_01_TB_ATL,ATL,31-40,
2016,1,2016_01_TB_ATL,ATL,0-30,
2016,2,2016_02_ATL_OAK,ATL,0-30,
2016,3,2016_03_ATL_NO,ATL,0-30,
2016,4,2016_04_CAR_ATL,ATL,0-30,
2016,4,2016_04_CAR_ATL,ATL,51-55,
2016,5,2016_05_ATL_DEN,ATL,41-50,
2016,5,2016_05_ATL_DEN,ATL,0-30,
2016,5,2016_05_ATL_DEN,ATL,31-40,
2016,6,2016_06_ATL_SEA,ATL,31-40,
2016,7,2016_07_SD_ATL,ATL,0-30,
2016,7,2016_07_SD_ATL,ATL,56+,
2016,7,2016_07_SD_ATL,ATL,31-40,
2016,7,2016_07_SD_ATL,ATL,41-50,
2016,8,2016_08_GB_ATL,ATL,31-40,
2016,9,2016_09_ATL_TB,ATL,41-50,
2016,9,2016_09_ATL_TB,ATL,0-30,1.0
2016,10,2016_10_ATL_PHI,ATL,31-40,
2016,10,2016_10_ATL_PHI,ATL,41-50,
2016,10,2016_10_ATL_PHI,ATL,51-55,
2016,12,2016_12_ARI_ATL,ATL,41-50,
2016,13,2016_13_KC_ATL,ATL,56+,
2016,13,2016_13_KC_ATL,ATL,0-30,1.0
2016,15,2016_15_SF_ATL,ATL,41-50,
2016,16,2016_16_ATL_CAR,ATL,51-55,
2016,16,2016_16_ATL_CAR,ATL,0-30,1.0
2016,16,2016_16_ATL_CAR,ATL,41-50,1.0
2016,17,2016_17_NO_ATL,ATL,0-30,0.9166666666666666
2017,1,2017_01_ATL_CHI,ATL,31-40,
2017,1,2017_01_ATL_CHI,ATL,0-30,
2017,1,2017_01_ATL_CHI,ATL,41-50,
2017,2,2017_02_GB_ATL,ATL,51-55,
2017,3,2017_03_ATL_DET,ATL,41-50,
2017,3,2017_03_ATL_DET,ATL,31-40,
2017,4,2017_04_BUF_ATL,ATL,0-30,
2017,6,2017_06_MIA_ATL,ATL,41-50,
2017,6,2017_06_MIA_ATL,ATL,56+,
2017,7,2017_07_ATL_NE,ATL,31-40,
2017,8,2017_08_ATL_NYJ,ATL,0-30,
2017,8,2017_08_ATL_NYJ,ATL,41-50,
2017,8,2017_08_ATL_NYJ,ATL,31-40,
2017,9,2017_09_ATL_CAR,ATL,51-55,
2017,10,2017_10_DAL_ATL,ATL,41-50,
2017,10,2017_10_DAL_ATL,ATL,0-30,
2017,11,2017_11_ATL_SEA,ATL,0-30,
2017,11,2017_11_ATL_SEA,ATL,41-50,
2017,12,2017_12_TB_ATL,ATL,41-50,1.0
2017,12,2017_12_TB_ATL,ATL,31-40,
2017,13,2017_13_MIN_ATL,ATL,41-50,1.0
2017,13,2017_13_MIN_ATL,ATL,31-40,
2017,14,2017_14_NO_ATL,ATL,0-30,
2017,14,2017_14_NO_ATL,ATL,51-55,
2017,15,2017_15_ATL_TB,ATL,56+,
2017,15,2017_15_ATL_TB,ATL,31-40,0.8333333333333334
2017,16,2017_16_ATL_NO,ATL,41-50,0.9166666666666666
2017,16,2017_16_ATL_NO,ATL,31-40,0.6666666666666666
2017,17,2017_17_CAR_ATL,ATL,56+,
2017,17,2017_17_CAR_ATL,ATL,31-40,0.6666666666666666
2017,17,2017_17_CAR_ATL,ATL,0-30,1.0
2017,17,2017_17_CAR_ATL,ATL,41-50,0.9166666666666666
2018,1,2018_01_ATL_PHI,ATL,0-30,
2018,1,2018_01_ATL_PHI,ATL,51-55,
2018,2,2018_02_CAR_ATL,ATL,41-50,
2018,4,2018_04_CIN_ATL,ATL,31-40,
2018,4,2018_04_CIN_ATL,ATL,51-55,
2018,4,2018_04_CIN_ATL,ATL,0-30,
2018,5,2018_05_ATL_PIT,ATL,41-50,
2018,6,2018_06_TB_ATL,ATL,56+,
2018,6,2018_06_TB_ATL,ATL,41-50,
2018,7,2018_07_NYG_ATL,ATL,31-40,
2018,7,2018_07_NYG_ATL,ATL,56+,
2018,7,2018_07_NYG_ATL,ATL,41-50,
2018,9,2018_09_ATL_WAS,ATL,0-30,
2018,10,2018_10_ATL_CLE,ATL,31-40,
2018,11,2018_11_DAL_ATL,ATL,0-30,
2018,11,2018_11_DAL_ATL,ATL,51-55,
2018,11,2018_11_DAL_ATL,ATL,41-50,
2018,12,2018_12_ATL_NO,ATL,31-40,
2018,13,2018_13_BAL_ATL,ATL,41-50,
2018,14,2018_14_ATL_GB,ATL,51-55,
2018,15,2018_15_ARI_ATL,ATL,0-30,
2018,15,2018_15_ARI_ATL,ATL,31-40,
2018,16,2018_16_ATL_CAR,ATL,31-40,
2018,17,2018_17_ATL_TB,ATL,31-40,1.0
2018,17,2018_17_ATL_TB,ATL,41-50,1.0
2019,2,2019_02_PHI_ATL,ATL,41-50,
2019,3,2019_03_ATL_IND,ATL,31-40,
2019,4,2019_04_TEN_ATL,ATL,41-50,
2019,4,2019_04_TEN_ATL,ATL,31-40,
2019,5,2019_05_ATL_HOU,ATL,31-40,
2019,6,2019_06_ATL_ARI,ATL,0-30,
2019,6,2019_06_ATL_ARI,ATL,41-50,
2019,7,2019_07_LA_ATL,ATL,41-50,
2019,7,2019_07_LA_ATL,ATL,51-55,
2019,8,2019_08_SEA_ATL,ATL,31-40,
2019,8,2019_08_SEA_ATL,ATL,41-50,
2019,8,2019_08_SEA_ATL,ATL,51-55,
2019,10,2019_10_ATL_NO,ATL,31-40,
2019,10,2019_10_ATL_NO,ATL,0-30,
2019,10,2019_10_ATL_NO,ATL,41-50,
2019,11,2019_11_ATL_CAR,ATL,0-30,
2019,11,2019_11_ATL_CAR,ATL,31-40,
2019,12,2019_12_TB_ATL,ATL,0-30,
2019,12,2019_12_TB_ATL,ATL,31-40,0.75
2019,13,2019_13_NO_ATL,ATL,41-50,0.75
2019,14,2019_14_CAR_ATL,ATL,41-50,0.7777777777777778
2019,14,2019_14_CAR_ATL,ATL,31-40,0.75
2019,14,2019_14_CAR_ATL,ATL,0-30,
2019,15,2019_15_ATL_SF,ATL,41-50,0.7777777777777778
2019,16,2019_16_JAX_ATL,ATL,41-50,0.7777777777777778
2019,16,2019_16_JAX_ATL,ATL,0-30,
2019,17,2019_17_ATL_TB,ATL,41-50,0.7777777777777778
2019,17,2019_17_ATL_TB,ATL,31-40,0.9166666666666666
2019,17,2019_17_ATL_TB,ATL,0-30,1.0
2020,1,2020_01_SEA_ATL,ATL,41-50,
2020,2,2020_02_ATL_DAL,ATL,31-40,
2020,2,2020_02_ATL_DAL,ATL,41-50,
2020,2,2020_02_ATL_DAL,ATL,0-30,
2020,3,2020_03_CHI_ATL,ATL,31-40,
2020,3,2020_03_CHI_ATL,ATL,0-30,
2020,3,2020_03_CHI_ATL,ATL,41-50,
2020,4,2020_04_ATL_GB,ATL,0-30,
2020,5,2020_05_CAR_ATL,ATL,41-50,
2020,5,2020_05_CAR_ATL,ATL,31-40,
2020,5,2020_05_CAR_ATL,ATL,51-55,
2020,6,2020_06_ATL_MIN,ATL,41-50,
2020,6,2020_06_ATL_MIN,ATL,0-30,
2020,8,2020_08_ATL_CAR,ATL,0-30,
2020,8,2020_08_ATL_CAR,ATL,31-40,
2020,9,2020_09_DEN_ATL,ATL,51-55,
2020,9,2020_09_DEN_ATL,ATL,31-40,
2020,11,2020_11_ATL_NO,ATL,0-30,
2020,11,2020_11_ATL_NO,ATL,51-55,
2020,12,2020_12_LV_ATL,ATL,31-40,
2020,12,2020_12_LV_ATL,ATL,0-30,1.0
2020,12,2020_12_LV_ATL,ATL,51-55,
2020,13,2020_13_NO_ATL,ATL,51-55,
2020,13,2020_13_NO_ATL,ATL,0-30,1.0
2020,14,2020_14_ATL_LAC,ATL,41-50,
2020,15,2020_15_TB_ATL,ATL,31-40,1.0
2020,15,2020_15_TB_ATL,ATL,51-55,
2020,16,2020_16_ATL_KC,ATL,31-40,1.0
2020,17,2020_17_ATL_TB,ATL,0-30,1.0
2021,1,2021_01_PHI_ATL,ATL,0-30,
2021,2,2021_02_ATL_TB,ATL,31-40,
2021,3,2021_03_ATL_NYG,ATL,31-40,
2021,4,2021_04_WAS_ATL,ATL,0-30,
2021,5,2021_05_NYJ_ATL,ATL,31-40,
2021,5,2021_05_NYJ_ATL,ATL,51-55,
2021,7,2021_07_ATL_MIA,ATL,31-40,
2021,8,2021_08_CAR_ATL,ATL,51-55,
2021,8,2021_08_CAR_ATL,ATL,41-50,
2021,9,2021_09_ATL_NO,ATL,31-40,
2021,9,2021_09_ATL_NO,ATL,0-30,
2021,10,2021_10_ATL_DAL,ATL,31-40,
2021,11,2021_11_NE_ATL,ATL,41-50,
2021,13,2021_13_TB_ATL,ATL,0-30,
2021,14,2021_14_ATL_CAR,ATL,31-40,1.0
2021,14,2021_14_ATL_CAR,ATL,41-50,
2021,15,2021_15_ATL_SF,ATL,41-50,
2021,15,2021_15_ATL_SF,ATL,0-30,
2021,16,2021_16_DET_ATL,ATL,51-55,
2021,16,2021_16_DET_ATL,ATL,41-50,
2021,17,2021_17_ATL_BUF,ATL,0-30,
2021,18,2021_18_NO_ATL,ATL,51-55,
2021,18,2021_18_NO_ATL,ATL,41-50,
2022,1,2022_01_NO_ATL,ATL,51-55,
2022,1,2022_01_NO_ATL,ATL,56+,
2022,1,2022_01_NO_ATL,ATL,0-30,
2022,1,2022_01_NO_ATL,ATL,41-50,
2022,1,2022_01_NO_ATL,ATL,31-40,
2022,2,2022_02_ATL_LA,ATL,41-50,
2022,2,2022_02_ATL_LA,ATL,0-30,
2022,3,2022_03_ATL_SEA,ATL,41-50,
2022,3,2022_03_ATL_SEA,ATL,51-55,
2022,4,2022_04_CLE_ATL,ATL,0-30,
2022,4,2022_04_CLE_ATL,ATL,41-50,
2022,5,2022_05_ATL_TB,ATL,51-55,
2022,7,2022_07_ATL_CIN,ATL,41-50,
2022,8,2022_08_CAR_ATL,ATL,0-30,
2022,8,2022_08_CAR_ATL,ATL,31-40,
2022,8,2022_08_CAR_ATL,ATL,41-50,
2022,9,2022_09_LAC_ATL,ATL,41-50,0.8333333333333334
2022,9,2022_09_LAC_ATL,ATL,0-30,
2022,10,2022_10_ATL_CAR,ATL,31-40,
2022,11,2022_11_CHI_ATL,ATL,31-40,
2022,11,2022_11_CHI_ATL,ATL,51-55,
2022,12,2022_12_ATL_WAS,ATL,41-50,0.6666666666666666
2022,12,2022_12_ATL_WAS,ATL,56+,
2022,13,2022_13_PIT_ATL,ATL,41-50,0.8333333333333334
2022,13,2022_13_PIT_ATL,ATL,0-30,
2022,13,2022_13_PIT_ATL,ATL,51-55,
2022,15,2022_15_ATL_NO,ATL,0-30,1.0
2022,16,2022_16_ATL_BAL,ATL,31-40,
2022,17,2022_17_ARI_ATL,ATL,0-30,1.0
2022,18,2022_18_TB_ATL,ATL,0-30,1.0
2022,18,2022_18_TB_ATL,ATL,51-55,
2022,18,2022_18_TB_ATL,ATL,41-50,0.8333333333333334
2023,1,2023_01_CAR_ATL,ATL,41-50,
2023,2,2023_02_GB_ATL,ATL,0-30,
2023,2,2023_02_GB_ATL,ATL,31-40,
2023,3,2023_03_ATL_DET,ATL,41-50,
2023,3,2023_03_ATL_DET,ATL,0-30,
2023,5,2023_05_HOU_ATL,ATL,31-40,
2023,6,2023_06_WAS_ATL,ATL,41-50,
2023,7,2023_07_ATL_TB,ATL,0-30,
2023,7,2023_07_ATL_TB,ATL,51-55,
2023,7,2023_07_ATL_TB,ATL,41-50,
2023,8,2023_08_ATL_TEN,ATL,41-50,
2023,8,2023_08_ATL_TEN,ATL,31-40,
2023,8,2023_08_ATL_TEN,ATL,0-30,
2023,9,2023_09_MIN_ATL,ATL,51-55,
2023,9,2023_09_MIN_ATL,ATL,0-30,
2023,9,2023_09_MIN_ATL,ATL,41-50,
2023,10,2023_10_ATL_ARI,ATL,31-40,
2023,12,2023_12_NO_ATL,ATL,31-40,
2023,13,2023_13_ATL_NYJ,ATL,41-50,0.9166666666666666
2023,13,2023_13_ATL_NYJ,ATL,0-30,
2023,14,2023_14_TB_ATL,ATL,41-50,0.9166666666666666
2023,14,2023_14_TB_ATL,ATL,51-55,
2023,14,2023_14_TB_ATL,ATL,0-30,1.0
2023,16,2023_16_IND_ATL,ATL,0-30,1.0
2023,16,2023_16_IND_ATL,ATL,31-40,
2023,16,2023_16_IND_ATL,ATL,41-50,0.8333333333333334
2023,17,2023_17_ATL_CHI,ATL,31-40,1.0
2023,17,2023_17_ATL_CHI,ATL,41-50,0.8333333333333334
2023,18,2023_18_ATL_NO,ATL,0-30,1.0
2024,1,2024_01_PIT_ATL,ATL,0-30,
2024,2,2024_02_ATL_PHI,ATL,31-40,
2024,2,2024_02_ATL_PHI,ATL,0-30,
2024,3,2024_03_KC_ATL,ATL,51-55,
2024,4,2024_04_NO_ATL,ATL,56+,
2024,4,2024_04_NO_ATL,ATL,41-50,
2024,4,2024_04_NO_ATL,ATL,51-55,
2024,5,2024_05_TB_ATL,ATL,41-50,
2024,5,2024_05_TB_ATL,ATL,51-55,
2024,6,2024_06_ATL_CAR,ATL,31-40,
2024,6,2024_06_ATL_CAR,ATL,0-30,
2024,7,2024_07_SEA_ATL,ATL,51-55,
2024,8,2024_08_ATL_TB,ATL,41-50,
2024,8,2024_08_ATL_TB,ATL,31-40,
2024,10,2024_10_ATL_NO,ATL,31-40,
2024,10,2024_10_ATL_NO,ATL,41-50,
2024,10,2024_10_ATL_NO,ATL,0-30,
2024,10,2024_10_ATL_NO,ATL,51-55,
2024,11,2024_11_ATL_DEN,ATL,51-55,
2024,11,2024_11_ATL_DEN,ATL,41-50,
2024,13,2024_13_LAC_ATL,ATL,0-30,
2024,13,2024_13_LAC_ATL,ATL,41-50,
2024,13,2024_13_LAC_ATL,ATL,31-40,
2024,14,2024_14_ATL_MIN,ATL,0-30,
2024,15,2024_15_ATL_LV,ATL,31-40,
2024,15,2024_15_ATL_LV,ATL,41-50,0.5833333333333334
2024,16,2024_16_NYG_ATL,ATL,31-40,0.6666666666666666
2024,16,2024_16_NYG_ATL,ATL,41-50,0.5
2024,16,2024_16_NYG_ATL,ATL,51-55,0.611111111111111
2024,17,2024_17_ATL_WAS,ATL,56+,
2024,17,2024_17_ATL_WAS,ATL,31-40,0.6666666666666666
2024,18,2024_18_CAR_ATL,ATL,31-40,0.6666666666666666
2024,18,2024_18_CAR_ATL,ATL,51-55,0.611111111111111
2016,1,2016_01_BUF_BAL,BAL,41-50,
2016,1,2016_01_BUF_BAL,BAL,31-40,
2016,2,2016_02_BAL_CLE,BAL,41-50,
2016,2,2016_02_BAL_CLE,BAL,51-55,
2016,3,2016_03_BAL_JAX,BAL,51-55,
2016,3,2016_03_BAL_JAX,BAL,31-40,
2016,3,2016_03_BAL_JAX,BAL,41-50,
2016,4,2016_04_OAK_BAL,BAL,41-50,
2016,4,2016_04_OAK_BAL,BAL,0-30,
2016,5,2016_05_WAS_BAL,BAL,31-40,
2016,6,2016_06_BAL_NYG,BAL,31-40,
2016,6,2016_06_BAL_NYG,BAL,0-30,
2016,7,2016_07_BAL_NYJ,BAL,41-50,
2016,9,2016_09_PIT_BAL,BAL,41-50,
2016,10,2016_10_CLE_BAL,BAL,0-30,
2016,10,2016_10_CLE_BAL,BAL,31-40,
2016,11,2016_11_BAL_DAL,BAL,41-50,1.0
2016,12,2016_12_CIN_BAL,BAL,51-55,
2016,12,2016_12_CIN_BAL,BAL,56+,
2016,12,2016_12_CIN_BAL,BAL,31-40,
2016,13,2016_13_MIA_BAL,BAL,51-55,
2016,14,2016_14_BAL_NE,BAL,31-40,1.0
2016,14,2016_14_BAL_NE,BAL,41-50,1.0
2016,15,2016_15_PHI_BAL,BAL,41-50,1.0
2016,15,2016_15_PHI_BAL,BAL,51-55,
2016,16,2016_16_BAL_PIT,BAL,0-30,
2016,16,2016_16_BAL_PIT,BAL,41-50,1.0
2016,16,2016_16_BAL_PIT,BAL,31-40,0.9444444444444445
2016,17,2016_17_BAL_CIN,BAL,0-30,
2017,1,2017_01_BAL_CIN,BAL,0-30,
2017,2,2017_02_CLE_BAL,BAL,56+,
2017,2,2017_02_CLE_BAL,BAL,0-30,
2017,4,2017_04_PIT_BAL,BAL,41-50,
2017,4,2017_04_PIT_BAL,BAL,56+,
2017,5,2017_05_BAL_OAK,BAL,0-30,
2017,5,2017_05_BAL_OAK,BAL,41-50,
2017,6,2017_06_CHI_BAL,BAL,0-30,
2017,6,2017_06_CHI_BAL,BAL,41-50,
2017,6,2017_06_CHI_BAL,BAL,31-40,
2017,7,2017_07_BAL_MIN,BAL,56+,
2017,7,2017_07_BAL_MIN,BAL,41-50,
2017,8,2017_08_MIA_BAL,BAL,41-50,
2017,8,2017_08_MIA_BAL,BAL,51-55,
2017,9,2017_09_BAL_TEN,BAL,0-30,
2017,9,2017_09_BAL_TEN,BAL,41-50,
2017,11,2017_11_BAL_GB,BAL,0-30,
2017,11,2017_11_BAL_GB,BAL,31-40,
2017,12,2017_12_HOU_BAL,BAL,31-40,
2017,12,2017_12_HOU_BAL,BAL,51-55,
2017,12,2017_12_HOU_BAL,BAL,41-50,0.9166666666666666
2017,13,2017_13_DET_BAL,BAL,41-50,0.9166666666666666
2017,13,2017_13_DET_BAL,BAL,51-55,
2017,13,2017_13_DET_BAL,BAL,31-40,
2017,14,2017_14_BAL_PIT,BAL,41-50,0.9166666666666666
2017,15,2017_15_BAL_CLE,BAL,41-50,0.9166666666666666
2017,15,2017_15_BAL_CLE,BAL,31-40,
2017,16,2017_16_IND_BAL,BAL,31-40,
2017,16,2017_16_IND_BAL,BAL,0-30,1.0
2017,17,2017_17_CIN_BAL,BAL,31-40,1.0
2017,17,2017_17_CIN_BAL,BAL,41-50,0.9166666666666666
2018,1,2018_01_BUF_BAL,BAL,31-40,
2018,1,2018_01_BUF_BAL,BAL,41-50,
2018,2,2018_02_BAL_CIN,BAL,51-55,
2018,3,2018_03_DEN_BAL,BAL,51-55,
2018,3,2018_03_DEN_BAL,BAL,41-50,
2018,4,2018_04_BAL_PIT,BAL,0-30,
2018,4,2018_04_BAL_PIT,BAL,41-50,
2018,4,2018_04_BAL_PIT,BAL,31-40,
2018,5,2018_05_BAL_CLE,BAL,31-40,
2018,5,2018_05_BAL_CLE,BAL,0-30,
2018,5,2018_05_BAL_CLE,BAL,41-50,
2018,7,2018_07_NO_BAL,BAL,31-40,
2018,9,2018_09_PIT_BAL,BAL,0-30,
2018,9,2018_09_PIT_BAL,BAL,31-40,
2018,11,2018_11_CIN_BAL,BAL,0-30,
2018,11,2018_11_CIN_BAL,BAL,56+,
2018,12,2018_12_OAK_BAL,BAL,41-50,
2018,12,2018_12_OAK_BAL,BAL,0-30,
2018,13,2018_13_BAL_ATL,BAL,41-50,
2018,13,2018_13_BAL_ATL,BAL,0-30,
2018,14,2018_14_BAL_KC,BAL,0-30,1.0
2018,15,2018_15_TB_BAL,BAL,31-40,
2018,15,2018_15_TB_BAL,BAL,0-30,1.0
2018,16,2018_16_BAL_LAC,BAL,31-40,1.0
2018,16,2018_16_BAL_LAC,BAL,56+,
2018,16,2018_16_BAL_LAC,BAL,0-30,1.0
2018,16,2018_16_BAL_LAC,BAL,51-55,
2018,17,2018_17_CLE_BAL,BAL,0-30,1.0
2018,17,2018_17_CLE_BAL,BAL,41-50,0.75
2018,17,2018_17_CLE_BAL,BAL,31-40,1.0
2019,1,2019_01_BAL_MIA,BAL,31-40,
2019,2,2019_02_ARI_BAL,BAL,31-40,
2019,2,2019_02_ARI_BAL,BAL,51-55,
2019,2,2019_02_ARI_BAL,BAL,0-30,
2019,3,2019_03_BAL_KC,BAL,31-40,
2019,4,2019_04_CLE_BAL,BAL,41-50,
2019,5,2019_05_BAL_PIT,BAL,41-50,
2019,5,2019_05_BAL_PIT,BAL,0-30,
2019,6,2019_06_CIN_BAL,BAL,41-50,
2019,6,2019_06_CIN_BAL,BAL,31-40,
2019,6,2019_06_CIN_BAL,BAL,0-30,
2019,7,2019_07_BAL_SEA,BAL,0-30,
2019,9,2019_09_NE_BAL,BAL,31-40,
2019,11,2019_11_HOU_BAL,BAL,41-50,
2019,11,2019_11_HOU_BAL,BAL,31-40,
2019,12,2019_12_BAL_LA,BAL,31-40,1.0
2019,13,2019_13_SF_BAL,BAL,0-30,
2019,13,2019_13_SF_BAL,BAL,41-50,
2019,14,2019_14_BAL_BUF,BAL,31-40,1.0
2019,16,2019_16_BAL_CLE,BAL,31-40,1.0
2019,17,2019_17_PIT_BAL,BAL,0-30,
2019,17,2019_17_PIT_BAL,BAL,41-50,
2020,1,2020_01_CLE_BAL,BAL,41-50,
2020,2,2020_02_BAL_HOU,BAL,31-40,
2020,2,2020_02_BAL_HOU,BAL,41-50,
2020,2,2020_02_BAL_HOU,BAL,0-30,
2020,3,2020_03_KC_BAL,BAL,41-50,
2020,3,2020_03_KC_BAL,BAL,0-30,
2020,4,2020_04_BAL_WAS,BAL,41-50,
2020,5,2020_05_CIN_BAL,BAL,41-50,
2020,5,2020_05_CIN_BAL,BAL,31-40,
2020,5,2020_05_CIN_BAL,BAL,56+,
2020,6,2020_06_BAL_PHI,BAL,51-55,
2020,6,2020_06_BAL_PHI,BAL,41-50,
2020,8,2020_08_PIT_BAL,BAL,51-55,
2020,9,2020_09_BAL_IND,BAL,41-50,1.0
2020,10,2020_10_BAL_NE,BAL,0-30,
2020,11,2020_11_TEN_BAL,BAL,0-30,
2020,13,2020_13_DAL_BAL,BAL,0-30,
2020,13,2020_13_DAL_BAL,BAL,31-40,
2020,14,2020_14_BAL_CLE,BAL,51-55,
2020,15,2020_15_JAX_BAL,BAL,56+,
2020,15,2020_15_JAX_BAL,BAL,41-50,1.0
2020,16,2020_16_NYG_BAL,BAL,0-30,
2020,17,2020_17_BAL_CIN,BAL,31-40,
2021,1,2021_01_BAL_LV,BAL,31-40,
2021,1,2021_01_BAL_LV,BAL,41-50,
2021,2,2021_02_KC_BAL,BAL,41-50,
2021,3,2021_03_BAL_DET,BAL,56+,
2021,3,2021_03_BAL_DET,BAL,41-50,
2021,3,2021_03_BAL_DET,BAL,31-40,
2021,4,2021_04_BAL_DEN,BAL,31-40,
2021,4,2021_04_BAL_DEN,BAL,0-30,
2021,4,2021_04_BAL_DEN,BAL,41-50,
2021,5,2021_05_IND_BAL,BAL,0-30,
2021,6,2021_06_LAC_BAL,BAL,31-40,
2021,6,2021_06_LAC_BAL,BAL,51-55,
2021,7,2021_07_CIN_BAL,BAL,41-50,
2021,9,2021_09_MIN_BAL,BAL,31-40,
2021,10,2021_10_BAL_MIA,BAL,41-50,
2021,11,2021_11_BAL_CHI,BAL,31-40,
2021,11,2021_11_BAL_CHI,BAL,41-50,0.8333333333333334
2021,11,2021_11_BAL_CHI,BAL,0-30,
2021,12,2021_12_CLE_BAL,BAL,41-50,0.8333333333333334
2021,12,2021_12_CLE_BAL,BAL,51-55,
2021,12,2021_12_CLE_BAL,BAL,0-30,
2021,13,2021_13_BAL_PIT,BAL,31-40,1.0
2021,13,2021_13_BAL_PIT,BAL,0-30,
2021,14,2021_14_BAL_CLE,BAL,41-50,0.8333333333333334
2021,14,2021_14_BAL_CLE,BAL,51-55,
2021,15,2021_15_GB_BAL,BAL,31-40,1.0
2021,17,2021_17_LA_BAL,BAL,0-30,
2021,17,2021_17_LA_BAL,BAL,31-40,1.0
2021,17,2021_17_LA_BAL,BAL,41-50,0.9166666666666666
2021,18,2021_18_PIT_BAL,BAL,0-30,1.0
2021,18,2021_18_PIT_BAL,BAL,41-50,0.9166666666666666
2022,1,2022_01_BAL_NYJ,BAL,0-30,
2022,2,2022_02_MIA_BAL,BAL,51-55,
2022,3,2022_03_BAL_NE,BAL,56+,
2022,4,2022_04_BUF_BAL,BAL,51-55,
2022,4,2022_04_BUF_BAL,BAL,41-50,
2022,5,2022_05_CIN_BAL,BAL,56+,
2022,5,2022_05_CIN_BAL,BAL,31-40,
2022,5,2022_05_CIN_BAL,BAL,0-30,
2022,5,2022_05_CIN_BAL,BAL,41-50,
2022,6,2022_06_BAL_NYG,BAL,31-40,
2022,6,2022_06_BAL_NYG,BAL,56+,
2022,6,2022_06_BAL_NYG,BAL,0-30,
2022,7,2022_07_CLE_BAL,BAL,51-55,
2022,7,2022_07_CLE_BAL,BAL,31-40,
2022,8,2022_08_BAL_TB,BAL,56+,
2022,8,2022_08_BAL_TB,BAL,0-30,
2022,9,2022_09_BAL_NO,BAL,41-50,
2022,9,2022_09_BAL_NO,BAL,31-40,
2022,11,2022_11_CAR_BAL,BAL,31-40,
2022,12,2022_12_BAL_JAX,BAL,56+,
2022,12,2022_12_BAL_JAX,BAL,0-30,
2022,12,2022_12_BAL_JAX,BAL,51-55,
2022,13,2022_13_DEN_BAL,BAL,0-30,
2022,14,2022_14_BAL_PIT,BAL,0-30,1.0
2022,14,2022_14_BAL_PIT,BAL,41-50,
2022,14,2022_14_BAL_PIT,BAL,31-40,
2022,15,2022_15_BAL_CLE,BAL,41-50,
2022,15,2022_15_BAL_CLE,BAL,51-55,
2022,16,2022_16_ATL_BAL,BAL,0-30,1.0
2022,16,2022_16_ATL_BAL,BAL,51-55,
2022,17,2022_17_PIT_BAL,BAL,51-55,0.8333333333333334
2022,17,2022_17_PIT_BAL,BAL,0-30,1.0
2022,18,2022_18_BAL_CIN,BAL,51-55,0.8333333333333334
2022,18,2022_18_BAL_CIN,BAL,0-30,1.0
2023,1,2023_01_HOU_BAL,BAL,31-40,
2023,2,2023_02_BAL_CIN,BAL,56+,
2023,2,2023_02_BAL_CIN,BAL,31-40,
2023,2,2023_02_BAL_CIN,BAL,41-50,
2023,3,2023_03_IND_BAL,BAL,41-50,
2023,3,2023_03_IND_BAL,BAL,56+,
2023,5,2023_05_BAL_PIT,BAL,0-30,
2023,6,2023_06_BAL_TEN,BAL,31-40,
2023,6,2023_06_BAL_TEN,BAL,41-50,
2023,6,2023_06_BAL_TEN,BAL,0-30,
2023,7,2023_07_DET_BAL,BAL,31-40,
2023,8,2023_08_BAL_ARI,BAL,41-50,
2023,8,2023_08_BAL_ARI,BAL,51-55,
2023,9,2023_09_SEA_BAL,BAL,31-40,
2023,9,2023_09_SEA_BAL,BAL,41-50,
2023,10,2023_10_CLE_BAL,BAL,31-40,
2023,10,2023_10_CLE_BAL,BAL,51-55,
2023,11,2023_11_CIN_BAL,BAL,41-50,
2023,11,2023_11_CIN_BAL,BAL,0-30,
2023,12,2023_12_BAL_LAC,BAL,41-50,1.0
2023,14,2023_14_LA_BAL,BAL,31-40,1.0
2023,14,2023_14_LA_BAL,BAL,41-50,0.9444444444444445
2023,15,2023_15_BAL_JAX,BAL,31-40,1.0
2023,15,2023_15_BAL_JAX,BAL,41-50,0.9444444444444445
2023,15,2023_15_BAL_JAX,BAL,0-30,
2023,16,2023_16_BAL_SF,BAL,0-30,
2023,16,2023_16_BAL_SF,BAL,41-50,0.9444444444444445
2023,18,2023_18_PIT_BAL,BAL,31-40,1.0
2024,1,2024_01_BAL_KC,BAL,31-40,
2024,1,2024_01_BAL_KC,BAL,51-55,
2024,1,2024_01_BAL_KC,BAL,0-30,
2024,2,2024_02_LV_BAL,BAL,31-40,
2024,2,2024_02_LV_BAL,BAL,41-50,
2024,2,2024_02_LV_BAL,BAL,56+,
2024,3,2024_03_BAL_DAL,BAL,41-50,
2024,5,2024_05_BAL_CIN,BAL,0-30,
2024,5,2024_05_BAL_CIN,BAL,56+,
2024,6,2024_06_WAS_BAL,BAL,41-50,
2024,6,2024_06_WAS_BAL,BAL,31-40,
2024,7,2024_07_BAL_TB,BAL,51-55,
2024,7,2024_07_BAL_TB,BAL,0-30,
2024,8,2024_08_BAL_CLE,BAL,41-50,
2024,9,2024_09_DEN_BAL,BAL,31-40,
2024,11,2024_11_BAL_PIT,BAL,51-55,
2024,11,2024_11_BAL_PIT,BAL,41-50,
2024,12,2024_12_BAL_LAC,BAL,41-50,
2024,13,2024_13_PHI_BAL,BAL,41-50,0.5833333333333334
2024,13,2024_13_PHI_BAL,BAL,31-40,
2024,13,2024_13_PHI_BAL,BAL,51-55,
2024,16,2024_16_PIT_BAL,BAL,51-55,
2024,16,2024_16_PIT_BAL,BAL,0-30,
2024,17,2024_17_BAL_HOU,BAL,51-55,
2016,1,2016_01_BUF_BAL,BUF,41-50,
2016,2,2016_02_NYJ_BUF,BUF,31-40,
2016,3,2016_03_ARI_BUF,BUF,0-30,
2016,3,2016_03_ARI_BUF,BUF,41-50,
2016,4,2016_04_BUF_NE,BUF,31-40,
2016,4,2016_04_BUF_NE,BUF,41-50,
2016,5,2016_05_BUF_LA,BUF,0-30,
2016,6,2016_06_SF_BUF,BUF,31-40,
2016,7,2016_07_BUF_MIA,BUF,0-30,
2016,8,2016_08_NE_BUF,BUF,0-30,
2016,8,2016_08_NE_BUF,BUF,41-50,
2016,9,2016_09_BUF_SEA,BUF,31-40,
2016,9,2016_09_BUF_SEA,BUF,51-55,
2016,11,2016_11_BUF_CIN,BUF,0-30,
2016,11,2016_11_BUF_CIN,BUF,51-55,
2016,13,2016_13_BUF_OAK,BUF,0-30,
2016,15,2016_15_CLE_BUF,BUF,31-40,
2016,15,2016_15_CLE_BUF,BUF,0-30,1.0
2016,16,2016_16_MIA_BUF,BUF,41-50,
2016,16,2016_16_MIA_BUF,BUF,0-30,1.0
2016,17,2016_17_BUF_NYJ,BUF,31-40,
2017,1,2017_01_NYJ_BUF,BUF,41-50,
2017,2,2017_02_BUF_CAR,BUF,41-50,
2017,3,2017_03_DEN_BUF,BUF,51-55,
2017,3,2017_03_DEN_BUF,BUF,41-50,
2017,3,2017_03_DEN_BUF,BUF,0-30,
2017,4,2017_04_BUF_ATL,BUF,56+,
2017,4,2017_04_BUF_ATL,BUF,51-55,
2017,4,2017_04_BUF_ATL,BUF,0-30,
2017,5,2017_05_BUF_CIN,BUF,31-40,
2017,5,2017_05_BUF_CIN,BUF,0-30,
2017,7,2017_07_TB_BUF,BUF,0-30,
2017,7,2017_07_TB_BUF,BUF,41-50,
2017,7,2017_07_TB_BUF,BUF,51-55,
2017,8,2017_08_OAK_BUF,BUF,41-50,
2017,8,2017_08_OAK_BUF,BUF,31-40,
2017,10,2017_10_NO_BUF,BUF,31-40,
2017,11,2017_11_BUF_LAC,BUF,41-50,
2017,12,2017_12_BUF_KC,BUF,56+,
2017,12,2017_12_BUF_KC,BUF,41-50,0.6666666666666666
2017,12,2017_12_BUF_KC,BUF,31-40,
2017,12,2017_12_BUF_KC,BUF,51-55,
2017,13,2017_13_NE_BUF,BUF,41-50,0.8333333333333334
2017,15,2017_15_MIA_BUF,BUF,31-40,
2017,16,2017_16_BUF_NE,BUF,0-30,
2017,16,2017_16_BUF_NE,BUF,41-50,0.8333333333333334
2017,17,2017_17_BUF_MIA,BUF,0-30,
2017,17,2017_17_BUF_MIA,BUF,31-40,
2017,17,2017_17_BUF_MIA,BUF,41-50,0.75
2018,1,2018_01_BUF_BAL,BUF,51-55,
2018,1,2018_01_BUF_BAL,BUF,31-40,
2018,2,2018_02_LAC_BUF,BUF,41-50,
2018,3,2018_03_BUF_MIN,BUF,0-30,
2018,3,2018_03_BUF_MIN,BUF,41-50,
2018,5,2018_05_TEN_BUF,BUF,31-40,
2018,5,2018_05_TEN_BUF,BUF,41-50,
2018,6,2018_06_BUF_HOU,BUF,0-30,
2018,6,2018_06_BUF_HOU,BUF,51-55,
2018,7,2018_07_BUF_IND,BUF,31-40,
2018,8,2018_08_NE_BUF,BUF,51-55,
2018,8,2018_08_NE_BUF,BUF,41-50,
2018,9,2018_09_CHI_BUF,BUF,41-50,
2018,10,2018_10_BUF_NYJ,BUF,51-55,
2018,10,2018_10_BUF_NYJ,BUF,31-40,
2018,12,2018_12_JAX_BUF,BUF,0-30,
2018,13,2018_13_BUF_MIA,BUF,51-55,
2018,13,2018_13_BUF_MIA,BUF,31-40,
2018,14,2018_14_NYJ_BUF,BUF,0-30,
2018,14,2018_14_NYJ_BUF,BUF,51-55,
2018,14,2018_14_NYJ_BUF,BUF,31-40,
2018,16,2018_16_BUF_NE,BUF,41-50,
2018,16,2018_16_BUF_NE,BUF,31-40,1.0
2018,17,2018_17_MIA_BUF,BUF,41-50,0.9166666666666666
2019,1,2019_01_BUF_NYJ,BUF,41-50,
2019,3,2019_03_CIN_BUF,BUF,56+,
2019,3,2019_03_CIN_BUF,BUF,41-50,
2019,3,2019_03_CIN_BUF,BUF,31-40,
2019,4,2019_04_NE_BUF,BUF,41-50,
2019,7,2019_07_MIA_BUF,BUF,31-40,
2019,7,2019_07_MIA_BUF,BUF,41-50,
2019,8,2019_08_PHI_BUF,BUF,51-55,
2019,9,2019_09_WAS_BUF,BUF,41-50,
2019,10,2019_10_BUF_CLE,BUF,31-40,
2019,10,2019_10_BUF_CLE,BUF,51-55,
2019,11,2019_11_BUF_MIA,BUF,51-55,
2019,11,2019_11_BUF_MIA,BUF,31-40,
2019,11,2019_11_BUF_MIA,BUF,0-30,
2019,12,2019_12_DEN_BUF,BUF,0-30,
2019,12,2019_12_DEN_BUF,BUF,31-40,
2019,13,2019_13_BUF_DAL,BUF,41-50,
2019,13,2019_13_BUF_DAL,BUF,0-30,
2019,14,2019_14_BAL_BUF,BUF,41-50,0.8333333333333334
2019,14,2019_14_BAL_BUF,BUF,31-40,
2019,15,2019_15_BUF_PIT,BUF,31-40,0.8333333333333334
2019,16,2019_16_BUF_NE,BUF,31-40,0.8333333333333334
2019,17,2019_17_NYJ_BUF,BUF,0-30,
2020,1,2020_01_NYJ_BUF,BUF,31-40,
2020,1,2020_01_NYJ_BUF,BUF,0-30,
2020,2,2020_02_BUF_MIA,BUF,31-40,
2020,4,2020_04_BUF_LV,BUF,31-40,
2020,5,2020_05_BUF_TEN,BUF,41-50,
2020,6,2020_06_KC_BUF,BUF,41-50,
2020,6,2020_06_KC_BUF,BUF,51-55,
2020,7,2020_07_BUF_NYJ,BUF,41-50,
2020,7,2020_07_BUF_NYJ,BUF,0-30,
2020,7,2020_07_BUF_NYJ,BUF,51-55,
2020,7,2020_07_BUF_NYJ,BUF,31-40,
2020,8,2020_08_NE_BUF,BUF,0-30,
2020,9,2020_09_SEA_BUF,BUF,41-50,
2020,9,2020_09_SEA_BUF,BUF,31-40,
2020,9,2020_09_SEA_BUF,BUF,0-30,
2020,9,2020_09_SEA_BUF,BUF,56+,
2020,10,2020_10_BUF_ARI,BUF,51-55,
2020,10,2020_10_BUF_ARI,BUF,56+,
2020,12,2020_12_LAC_BUF,BUF,41-50,
2020,13,2020_13_BUF_SF,BUF,0-30,
2020,13,2020_13_BUF_SF,BUF,31-40,
2020,14,2020_14_PIT_BUF,BUF,31-40,0.7777777777777777
2020,14,2020_14_PIT_BUF,BUF,0-30,
2020,15,2020_15_BUF_DEN,BUF,0-30,1.0
2020,16,2020_16_BUF_NE,BUF,0-30,1.0
2021,1,2021_01_PIT_BUF,BUF,41-50,
2021,1,2021_01_PIT_BUF,BUF,0-30,
2021,1,2021_01_PIT_BUF,BUF,31-40,
2021,2,2021_02_BUF_MIA,BUF,51-55,
2021,3,2021_03_WAS_BUF,BUF,0-30,
2021,3,2021_03_WAS_BUF,BUF,41-50,
2021,4,2021_04_HOU_BUF,BUF,31-40,
2021,4,2021_04_HOU_BUF,BUF,0-30,
2021,5,2021_05_BUF_KC,BUF,0-30,
2021,6,2021_06_BUF_TEN,BUF,51-55,
2021,6,2021_06_BUF_TEN,BUF,0-30,
2021,8,2021_08_MIA_BUF,BUF,31-40,
2021,8,2021_08_MIA_BUF,BUF,56+,
2021,9,2021_09_BUF_JAX,BUF,41-50,
2021,9,2021_09_BUF_JAX,BUF,0-30,
2021,10,2021_10_BUF_NYJ,BUF,0-30,1.0
2021,11,2021_11_IND_BUF,BUF,41-50,
2021,11,2021_11_IND_BUF,BUF,56+,
2021,12,2021_12_BUF_NO,BUF,31-40,
2021,13,2021_13_NE_BUF,BUF,31-40,
2021,14,2021_14_BUF_TB,BUF,0-30,1.0
2021,15,2021_15_CAR_BUF,BUF,0-30,1.0
2021,16,2021_16_BUF_NE,BUF,31-40,
2021,16,2021_16_BUF_NE,BUF,0-30,1.0
2021,18,2021_18_NYJ_BUF,BUF,41-50,
2021,18,2021_18_NYJ_BUF,BUF,0-30,1.0
2022,1,2022_01_BUF_LA,BUF,41-50,
2022,2,2022_02_TEN_BUF,BUF,31-40,
2022,2,2022_02_TEN_BUF,BUF,41-50,
2022,3,2022_03_BUF_MIA,BUF,31-40,
2022,3,2022_03_BUF_MIA,BUF,0-30,
2022,4,2022_04_BUF_BAL,BUF,31-40,
2022,4,2022_04_BUF_BAL,BUF,0-30,
2022,5,2022_05_PIT_BUF,BUF,41-50,
2022,5,2022_05_PIT_BUF,BUF,31-40,
2022,6,2022_06_BUF_KC,BUF,31-40,
2022,8,2022_08_GB_BUF,BUF,41-50,
2022,8,2022_08_GB_BUF,BUF,31-40,
2022,9,2022_09_BUF_NYJ,BUF,51-55,
2022,10,2022_10_MIN_BUF,BUF,31-40,0.8333333333333334
2022,10,2022_10_MIN_BUF,BUF,41-50,
2022,10,2022_10_MIN_BUF,BUF,0-30,
2022,11,2022_11_CLE_BUF,BUF,31-40,0.8333333333333334
2022,11,2022_11_CLE_BUF,BUF,41-50,
2022,11,2022_11_CLE_BUF,BUF,56+,
2022,11,2022_11_CLE_BUF,BUF,0-30,
2022,12,2022_12_BUF_DET,BUF,41-50,0.8333333333333334
2022,13,2022_13_BUF_NE,BUF,41-50,0.8333333333333334
2022,14,2022_14_NYJ_BUF,BUF,31-40,1.0
2022,14,2022_14_NYJ_BUF,BUF,41-50,0.8333333333333334
2022,15,2022_15_MIA_BUF,BUF,0-30,
2022,16,2022_16_BUF_CHI,BUF,31-40,1.0
2023,1,2023_01_BUF_NYJ,BUF,41-50,
2023,1,2023_01_BUF_NYJ,BUF,31-40,
2023,2,2023_02_LV_BUF,BUF,0-30,
2023,3,2023_03_BUF_WAS,BUF,51-55,
2023,3,2023_03_BUF_WAS,BUF,31-40,
2023,4,2023_04_MIA_BUF,BUF,31-40,
2023,4,2023_04_MIA_BUF,BUF,51-55,
2023,6,2023_06_NYG_BUF,BUF,51-55,
2023,7,2023_07_BUF_NE,BUF,31-40,
2023,7,2023_07_BUF_NE,BUF,41-50,
2023,8,2023_08_TB_BUF,BUF,31-40,
2023,9,2023_09_BUF_CIN,BUF,31-40,
2023,11,2023_11_NYJ_BUF,BUF,41-50,
2023,11,2023_11_NYJ_BUF,BUF,0-30,
2023,11,2023_11_NYJ_BUF,BUF,31-40,1.0
2023,12,2023_12_BUF_PHI,BUF,41-50,
2023,12,2023_12_BUF_PHI,BUF,31-40,1.0
2023,14,2023_14_BUF_KC,BUF,31-40,0.9166666666666666
2023,15,2023_15_DAL_BUF,BUF,0-30,
2023,16,2023_16_BUF_LAC,BUF,0-30,
2023,17,2023_17_NE_BUF,BUF,0-30,
2023,17,2023_17_NE_BUF,BUF,31-40,0.9166666666666666
2024,1,2024_01_ARI_BUF,BUF,31-40,
2024,2,2024_02_BUF_MIA,BUF,41-50,
2024,3,2024_03_JAX_BUF,BUF,41-50,
2024,3,2024_03_JAX_BUF,BUF,0-30,
2024,4,2024_04_BUF_BAL,BUF,41-50,
2024,5,2024_05_BUF_HOU,BUF,31-40,
2024,6,2024_06_BUF_NYJ,BUF,41-50,
2024,6,2024_06_BUF_NYJ,BUF,0-30,
2024,7,2024_07_TEN_BUF,BUF,0-30,
2024,8,2024_08_BUF_SEA,BUF,0-30,
2024,9,2024_09_MIA_BUF,BUF,41-50,
2024,9,2024_09_MIA_BUF,BUF,31-40,
2024,9,2024_09_MIA_BUF,BUF,56+,
2024,10,2024_10_BUF_IND,BUF,41-50,
2024,10,2024_10_BUF_IND,BUF,0-30,
2024,11,2024_11_KC_BUF,BUF,31-40,
2024,13,2024_13_SF_BUF,BUF,41-50,0.6666666666666666
2024,15,2024_15_BUF_DET,BUF,0-30,
2024,15,2024_15_BUF_DET,BUF,41-50,0.5833333333333334
2024,16,2024_16_NE_BUF,BUF,41-50,0.5833333333333334
2024,17,2024_17_NYJ_BUF,BUF,31-40,
2024,18,2024_18_BUF_NE,BUF,41-50,0.6666666666666666
2016,1,2016_01_CAR_DEN,CAR,41-50,
2016,1,2016_01_CAR_DEN,CAR,31-40,
2016,2,2016_02_SF_CAR,CAR,41-50,
2016,2,2016_02_SF_CAR,CAR,31-40,
2016,3,2016_03_MIN_CAR,CAR,41-50,
2016,3,2016_03_MIN_CAR,CAR,51-55,
2016,4,2016_04_CAR_ATL,CAR,51-55,
2016,5,2016_05_TB_CAR,CAR,41-50,
2016,6,2016_06_CAR_NO,CAR,41-50,
2016,8,2016_08_ARI_CAR,CAR,0-30,
2016,8,2016_08_ARI_CAR,CAR,51-55,
2016,8,2016_08_ARI_CAR,CAR,41-50,
2016,9,2016_09_CAR_LA,CAR,41-50,0.75
2016,9,2016_09_CAR_LA,CAR,31-40,
2016,10,2016_10_KC_CAR,CAR,41-50,0.6666666666666666
2016,11,2016_11_NO_CAR,CAR,41-50,0.6666666666666666
2016,11,2016_11_NO_CAR,CAR,31-40,
2016,14,2016_14_SD_CAR,CAR,0-30,
2016,14,2016_14_SD_CAR,CAR,41-50,0.6666666666666666
2016,15,2016_15_CAR_WAS,CAR,0-30,
2016,15,2016_15_CAR_WAS,CAR,41-50,0.8333333333333334
2016,15,2016_15_CAR_WAS,CAR,31-40,
2016,16,2016_16_ATL_CAR,CAR,31-40,
2016,17,2016_17_CAR_TB,CAR,56+,
2016,17,2016_17_CAR_TB,CAR,31-40,0.9166666666666666
2016,17,2016_17_CAR_TB,CAR,41-50,0.8333333333333334
2016,17,2016_17_CAR_TB,CAR,51-55,
2017,1,2017_01_CAR_SF,CAR,0-30,
2017,1,2017_01_CAR_SF,CAR,31-40,
2017,2,2017_02_BUF_CAR,CAR,0-30,
2017,2,2017_02_BUF_CAR,CAR,31-40,
2017,3,2017_03_NO_CAR,CAR,31-40,
2017,3,2017_03_NO_CAR,CAR,41-50,
2017,4,2017_04_CAR_NE,CAR,41-50,
2017,4,2017_04_CAR_NE,CAR,31-40,
2017,5,2017_05_CAR_DET,CAR,51-55,
2017,5,2017_05_CAR_DET,CAR,0-30,
2017,5,2017_05_CAR_DET,CAR,41-50,
2017,6,2017_06_PHI_CAR,CAR,0-30,
2017,6,2017_06_PHI_CAR,CAR,31-40,
2017,6,2017_06_PHI_CAR,CAR,41-50,
2017,7,2017_07_CAR_CHI,CAR,31-40,
2017,8,2017_08_CAR_TB,CAR,0-30,
2017,9,2017_09_ATL_CAR,CAR,31-40,1.0
2017,9,2017_09_ATL_CAR,CAR,41-50,
2017,10,2017_10_MIA_CAR,CAR,31-40,1.0
2017,12,2017_12_CAR_NYJ,CAR,31-40,1.0
2017,12,2017_12_CAR_NYJ,CAR,41-50,
2017,14,2017_14_MIN_CAR,CAR,41-50,1.0
2017,15,2017_15_GB_CAR,CAR,31-40,1.0
2017,16,2017_16_TB_CAR,CAR,0-30,
2017,17,2017_17_CAR_ATL,CAR,41-50,1.0
2018,1,2018_01_DAL_CAR,CAR,0-30,
2018,2,2018_02_CAR_ATL,CAR,51-55,
2018,3,2018_03_CIN_CAR,CAR,31-40,
2018,5,2018_05_NYG_CAR,CAR,41-50,
2018,5,2018_05_NYG_CAR,CAR,56+,
2018,5,2018_05_NYG_CAR,CAR,31-40,
2018,6,2018_06_CAR_WAS,CAR,31-40,
2018,8,2018_08_BAL_CAR,CAR,51-55,
2018,8,2018_08_BAL_CAR,CAR,41-50,
2018,8,2018_08_BAL_CAR,CAR,0-30,
2018,11,2018_11_CAR_DET,CAR,31-40,
2018,12,2018_12_SEA_CAR,CAR,51-55,
2018,12,2018_12_SEA_CAR,CAR,0-30,
2018,13,2018_13_CAR_TB,CAR,31-40,
2018,14,2018_14_CAR_CLE,CAR,31-40,
2018,14,2018_14_CAR_CLE,CAR,0-30,
2018,16,2018_16_ATL_CAR,CAR,41-50,
2018,17,2018_17_CAR_NO,CAR,0-30,
2018,17,2018_17_CAR_NO,CAR,51-55,
2019,1,2019_01_LA_CAR,CAR,41-50,
2019,1,2019_01_LA_CAR,CAR,51-55,
2019,2,2019_02_TB_CAR,CAR,51-55,
2019,2,2019_02_TB_CAR,CAR,31-40,
2019,3,2019_03_CAR_ARI,CAR,31-40,
2019,4,2019_04_CAR_HOU,CAR,51-55,
2019,4,2019_04_CAR_HOU,CAR,0-30,
2019,4,2019_04_CAR_HOU,CAR,41-50,
2019,5,2019_05_JAX_CAR,CAR,56+,
2019,5,2019_05_JAX_CAR,CAR,41-50,
2019,6,2019_06_CAR_TB,CAR,0-30,
2019,6,2019_06_CAR_TB,CAR,56+,
2019,6,2019_06_CAR_TB,CAR,41-50,
2019,8,2019_08_CAR_SF,CAR,41-50,
2019,9,2019_09_TEN_CAR,CAR,31-40,
2019,9,2019_09_TEN_CAR,CAR,41-50,
2019,10,2019_10_CAR_GB,CAR,41-50,0.611111111111111
2019,11,2019_11_ATL_CAR,CAR,31-40,
2019,12,2019_12_CAR_NO,CAR,41-50,0.611111111111111
2019,12,2019_12_CAR_NO,CAR,51-55,
2019,12,2019_12_CAR_NO,CAR,0-30,
2019,14,2019_14_CAR_ATL,CAR,41-50,0.611111111111111
2019,15,2019_15_SEA_CAR,CAR,51-55,
2019,16,2019_16_CAR_IND,CAR,41-50,0.7777777777777777
2019,16,2019_16_CAR_IND,CAR,0-30,
2019,17,2019_17_NO_CAR,CAR,0-30,
2020,1,2020_01_LV_CAR,CAR,41-50,
2020,1,2020_01_LV_CAR,CAR,31-40,
2020,2,2020_02_CAR_TB,CAR,0-30,
2020,3,2020_03_CAR_LAC,CAR,31-40,
2020,3,2020_03_CAR_LAC,CAR,0-30,
2020,4,2020_04_ARI_CAR,CAR,41-50,
2020,4,2020_04_ARI_CAR,CAR,0-30,
2020,5,2020_05_CAR_ATL,CAR,31-40,
2020,5,2020_05_CAR_ATL,CAR,0-30,
2020,6,2020_06_CHI_CAR,CAR,51-55,
2020,6,2020_06_CHI_CAR,CAR,0-30,
2020,6,2020_06_CHI_CAR,CAR,41-50,
2020,7,2020_07_CAR_NO,CAR,41-50,
2020,7,2020_07_CAR_NO,CAR,56+,
2020,8,2020_08_ATL_CAR,CAR,31-40,
2020,9,2020_09_CAR_KC,CAR,41-50,
2020,9,2020_09_CAR_KC,CAR,56+,
2020,9,2020_09_CAR_KC,CAR,51-55,
2020,10,2020_10_TB_CAR,CAR,41-50,
2020,11,2020_11_DET_CAR,CAR,31-40,
2020,11,2020_11_DET_CAR,CAR,56+,
2020,12,2020_12_CAR_MIN,CAR,51-55,
2020,12,2020_12_CAR_MIN,CAR,31-40,
2020,12,2020_12_CAR_MIN,CAR,0-30,
2020,14,2020_14_DEN_CAR,CAR,0-30,0.9166666666666666
2020,14,2020_14_DEN_CAR,CAR,31-40,1.0
2020,15,2020_15_CAR_GB,CAR,31-40,1.0
2020,15,2020_15_CAR_GB,CAR,0-30,0.9166666666666666
2021,1,2021_01_NYJ_CAR,CAR,0-30,
2021,2,2021_02_NO_CAR,CAR,41-50,
2021,2,2021_02_NO_CAR,CAR,0-30,
2021,3,2021_03_CAR_HOU,CAR,0-30,
2021,4,2021_04_CAR_DAL,CAR,51-55,
2021,5,2021_05_PHI_CAR,CAR,41-50,
2021,6,2021_06_MIN_CAR,CAR,0-30,
2021,6,2021_06_MIN_CAR,CAR,41-50,
2021,7,2021_07_CAR_NYG,CAR,41-50,
2021,8,2021_08_CAR_ATL,CAR,51-55,
2021,8,2021_08_CAR_ATL,CAR,56+,
2021,8,2021_08_CAR_ATL,CAR,0-30,
2021,9,2021_09_NE_CAR,CAR,41-50,
2021,9,2021_09_NE_CAR,CAR,31-40,
2021,10,2021_10_CAR_ARI,CAR,0-30,
2021,10,2021_10_CAR_ARI,CAR,41-50,
2021,12,2021_12_CAR_MIA,CAR,41-50,0.9166666666666666
2021,16,2021_16_TB_CAR,CAR,0-30,1.0
2021,17,2021_17_CAR_NO,CAR,41-50,1.0
2021,17,2021_17_CAR_NO,CAR,31-40,
2021,18,2021_18_CAR_TB,CAR,31-40,
2022,1,2022_01_CLE_CAR,CAR,31-40,
2022,2,2022_02_CAR_NYG,CAR,31-40,
2022,3,2022_03_NO_CAR,CAR,31-40,
2022,3,2022_03_NO_CAR,CAR,41-50,
2022,4,2022_04_ARI_CAR,CAR,51-55,
2022,5,2022_05_SF_CAR,CAR,31-40,
2022,5,2022_05_SF_CAR,CAR,41-50,
2022,6,2022_06_CAR_LA,CAR,41-50,
2022,8,2022_08_CAR_ATL,CAR,31-40,
2022,8,2022_08_CAR_ATL,CAR,41-50,
2022,10,2022_10_ATL_CAR,CAR,41-50,
2022,10,2022_10_ATL_CAR,CAR,31-40,
2022,11,2022_11_CAR_BAL,CAR,31-40,0.9166666666666666
2022,12,2022_12_DEN_CAR,CAR,41-50,
2022,12,2022_12_DEN_CAR,CAR,31-40,0.9166666666666666
2022,12,2022_12_DEN_CAR,CAR,0-30,
2022,14,2022_14_CAR_SEA,CAR,31-40,0.9166666666666666
2022,14,2022_14_CAR_SEA,CAR,41-50,0.9166666666666666
2022,15,2022_15_PIT_CAR,CAR,31-40,0.9166666666666666
2022,15,2022_15_PIT_CAR,CAR,51-55,
2022,15,2022_15_PIT_CAR,CAR,0-30,
2022,16,2022_16_DET_CAR,CAR,31-40,0.9166666666666666
2022,17,2022_17_CAR_TB,CAR,41-50,0.9166666666666666
2022,18,2022_18_CAR_NO,CAR,41-50,1.0
2023,1,2023_01_CAR_ATL,CAR,41-50,
2023,2,2023_02_NO_CAR,CAR,31-40,
2023,2,2023_02_NO_CAR,CAR,51-55,
2023,3,2023_03_CAR_SEA,CAR,41-50,
2023,3,2023_03_CAR_SEA,CAR,51-55,
2023,4,2023_04_MIN_CAR,CAR,0-30,
2023,4,2023_04_MIN_CAR,CAR,56+,
2023,5,2023_05_CAR_DET,CAR,31-40,
2023,6,2023_06_CAR_MIA,CAR,41-50,
2023,8,2023_08_HOU_CAR,CAR,0-30,
2023,8,2023_08_HOU_CAR,CAR,31-40,
2023,8,2023_08_HOU_CAR,CAR,41-50,
2023,9,2023_09_IND_CAR,CAR,31-40,
2023,9,2023_09_IND_CAR,CAR,41-50,
2023,10,2023_10_CAR_CHI,CAR,31-40,
2023,10,2023_10_CAR_CHI,CAR,56+,
2023,11,2023_11_DAL_CAR,CAR,41-50,
2023,12,2023_12_CAR_TEN,CAR,41-50,0.8333333333333334
2023,13,2023_13_CAR_TB,CAR,0-30,
2023,14,2023_14_CAR_NO,CAR,0-30,
2023,14,2023_14_CAR_NO,CAR,41-50,0.8333333333333334
2023,15,2023_15_ATL_CAR,CAR,31-40,
2023,15,2023_15_ATL_CAR,CAR,0-30,
2023,16,2023_16_GB_CAR,CAR,51-55,
2023,18,2023_18_TB_CAR,CAR,51-55,
2024,1,2024_01_CAR_NO,CAR,41-50,
2024,2,2024_02_LAC_CAR,CAR,31-40,
2024,3,2024_03_CAR_LV,CAR,0-30,
2024,3,2024_03_CAR_LV,CAR,31-40,
2024,3,2024_03_CAR_LV,CAR,41-50,
2024,4,2024_04_CIN_CAR,CAR,41-50,
2024,5,2024_05_CAR_CHI,CAR,0-30,
2024,5,2024_05_CAR_CHI,CAR,41-50,
2024,6,2024_06_ATL_CAR,CAR,0-30,
2024,6,2024_06_ATL_CAR,CAR,31-40,
2024,9,2024_09_NO_CAR,CAR,41-50,
2024,10,2024_10_NYG_CAR,CAR,51-55,
2024,10,2024_10_NYG_CAR,CAR,31-40,
2024,12,2024_12_KC_CAR,CAR,31-40,
2024,12,2024_12_KC_CAR,CAR,0-30,
2024,13,2024_13_TB_CAR,CAR,0-30,
2024,13,2024_13_TB_CAR,CAR,31-40,
2024,13,2024_13_TB_CAR,CAR,41-50,
2024,14,2024_14_CAR_PHI,CAR,31-40,0.8333333333333334
2024,16,2024_16_ARI_CAR,CAR,0-30,
2024,17,2024_17_CAR_TB,CAR,51-55,
2024,18,2024_18_CAR_ATL,CAR,31-40,0.8333333333333334
2016,2,2016_02_PHI_CHI,CHI,31-40,
2016,3,2016_03_CHI_DAL,CHI,31-40,
2016,4,2016_04_DET_CHI,CHI,41-50,
2016,4,2016_04_DET_CHI,CHI,0-30,
2016,5,2016_05_CHI_IND,CHI,41-50,
2016,5,2016_05_CHI_IND,CHI,31-40,
2016,5,2016_05_CHI_IND,CHI,0-30,
2016,6,2016_06_JAX_CHI,CHI,31-40,
2016,6,2016_06_JAX_CHI,CHI,0-30,
2016,7,2016_07_CHI_GB,CHI,31-40,
2016,8,2016_08_MIN_CHI,CHI,0-30,
2016,10,2016_10_CHI_TB,CHI,51-55,
2016,11,2016_11_CHI_NYG,CHI,31-40,
2016,11,2016_11_CHI_NYG,CHI,51-55,
2016,13,2016_13_SF_CHI,CHI,41-50,
2016,14,2016_14_CHI_DET,CHI,31-40,0.8333333333333334
2016,15,2016_15_GB_CHI,CHI,0-30,
2016,16,2016_16_WAS_CHI,CHI,0-30,
2016,17,2016_17_CHI_MIN,CHI,0-30,0.8333333333333334
2017,1,2017_01_ATL_CHI,CHI,51-55,
2017,3,2017_03_PIT_CHI,CHI,41-50,
2017,3,2017_03_PIT_CHI,CHI,0-30,
2017,4,2017_04_CHI_GB,CHI,41-50,
2017,6,2017_06_CHI_BAL,CHI,31-40,
2017,6,2017_06_CHI_BAL,CHI,0-30,
2017,7,2017_07_CAR_CHI,CHI,0-30,
2017,7,2017_07_CAR_CHI,CHI,51-55,
2017,8,2017_08_CHI_NO,CHI,41-50,
2017,8,2017_08_CHI_NO,CHI,0-30,
2017,10,2017_10_GB_CHI,CHI,41-50,
2017,11,2017_11_DET_CHI,CHI,0-30,
2017,11,2017_11_DET_CHI,CHI,41-50,
2017,12,2017_12_CHI_PHI,CHI,31-40,
2017,12,2017_12_CHI_PHI,CHI,51-55,
2017,14,2017_14_CHI_CIN,CHI,31-40,
2017,14,2017_14_CHI_CIN,CHI,0-30,
2017,15,2017_15_CHI_DET,CHI,41-50,
2017,17,2017_17_CHI_MIN,CHI,51-55,
2018,1,2018_01_CHI_GB,CHI,0-30,
2018,1,2018_01_CHI_GB,CHI,31-40,
2018,2,2018_02_SEA_CHI,CHI,0-30,
2018,3,2018_03_CHI_ARI,CHI,41-50,
2018,3,2018_03_CHI_ARI,CHI,0-30,
2018,4,2018_04_TB_CHI,CHI,41-50,
2018,6,2018_06_CHI_MIA,CHI,51-55,
2018,7,2018_07_NE_CHI,CHI,41-50,
2018,8,2018_08_NYJ_CHI,CHI,31-40,
2018,9,2018_09_CHI_BUF,CHI,0-30,
2018,9,2018_09_CHI_BUF,CHI,41-50,
2018,10,2018_10_DET_CHI,CHI,31-40,
2018,10,2018_10_DET_CHI,CHI,41-50,
2018,11,2018_11_MIN_CHI,CHI,31-40,
2018,11,2018_11_MIN_CHI,CHI,41-50,
2018,12,2018_12_CHI_DET,CHI,31-40,
2018,13,2018_13_CHI_NYG,CHI,0-30,
2018,13,2018_13_CHI_NYG,CHI,31-40,
2018,14,2018_14_LA_CHI,CHI,31-40,0.75
2018,15,2018_15_GB_CHI,CHI,0-30,
2018,16,2018_16_CHI_SF,CHI,31-40,0.6944444444444445
2018,17,2018_17_CHI_MIN,CHI,41-50,0.7777777777777777
2019,1,2019_01_GB_CHI,CHI,31-40,
2019,2,2019_02_CHI_DEN,CHI,31-40,
2019,2,2019_02_CHI_DEN,CHI,51-55,
2019,3,2019_03_CHI_WAS,CHI,41-50,
2019,3,2019_03_CHI_WAS,CHI,31-40,
2019,4,2019_04_MIN_CHI,CHI,31-40,
2019,4,2019_04_MIN_CHI,CHI,0-30,
2019,7,2019_07_NO_CHI,CHI,41-50,
2019,8,2019_08_LAC_CHI,CHI,41-50,
2019,8,2019_08_LAC_CHI,CHI,0-30,
2019,8,2019_08_LAC_CHI,CHI,31-40,
2019,11,2019_11_CHI_LA,CHI,41-50,
2019,12,2019_12_NYG_CHI,CHI,0-30,
2019,13,2019_13_CHI_DET,CHI,0-30,
2019,14,2019_14_DAL_CHI,CHI,31-40,
2019,15,2019_15_CHI_GB,CHI,0-30,
2019,16,2019_16_KC_CHI,CHI,41-50,
2019,17,2019_17_CHI_MIN,CHI,31-40,0.8333333333333334
2019,17,2019_17_CHI_MIN,CHI,0-30,
2020,1,2020_01_CHI_DET,CHI,0-30,
2020,1,2020_01_CHI_DET,CHI,31-40,
2020,2,2020_02_NYG_CHI,CHI,31-40,
2020,2,2020_02_NYG_CHI,CHI,41-50,
2020,3,2020_03_CHI_ATL,CHI,31-40,
2020,3,2020_03_CHI_ATL,CHI,41-50,
2020,4,2020_04_IND_CHI,CHI,0-30,
2020,5,2020_05_TB_CHI,CHI,31-40,
2020,5,2020_05_TB_CHI,CHI,41-50,
2020,6,2020_06_CHI_CAR,CHI,51-55,
2020,6,2020_06_CHI_CAR,CHI,31-40,
2020,7,2020_07_CHI_LA,CHI,41-50,
2020,8,2020_08_NO_CHI,CHI,51-55,
2020,8,2020_08_NO_CHI,CHI,41-50,
2020,8,2020_08_NO_CHI,CHI,0-30,
2020,9,2020_09_CHI_TEN,CHI,0-30,
2020,10,2020_10_MIN_CHI,CHI,41-50,
2020,10,2020_10_MIN_CHI,CHI,0-30,
2020,12,2020_12_CHI_GB,CHI,0-30,
2020,13,2020_13_DET_CHI,CHI,41-50,0.6666666666666666
2020,14,2020_14_HOU_CHI,CHI,31-40,
2020,15,2020_15_CHI_MIN,CHI,41-50,0.8333333333333334
2020,15,2020_15_CHI_MIN,CHI,31-40,1.0
2020,16,2020_16_CHI_JAX,CHI,31-40,1.0
2020,16,2020_16_CHI_JAX,CHI,0-30,1.0
2020,17,2020_17_GB_CHI,CHI,0-30,1.0
2021,2,2021_02_CIN_CHI,CHI,0-30,
2021,3,2021_03_CHI_CLE,CHI,41-50,
2021,3,2021_03_CHI_CLE,CHI,0-30,
2021,4,2021_04_DET_CHI,CHI,31-40,
2021,5,2021_05_CHI_LV,CHI,41-50,
2021,7,2021_07_CHI_TB,CHI,0-30,
2021,8,2021_08_SF_CHI,CHI,31-40,
2021,8,2021_08_SF_CHI,CHI,0-30,
2021,9,2021_09_CHI_PIT,CHI,56+,
2021,9,2021_09_CHI_PIT,CHI,0-30,
2021,11,2021_11_BAL_CHI,CHI,31-40,
2021,12,2021_12_CHI_DET,CHI,41-50,
2021,12,2021_12_CHI_DET,CHI,51-55,
2021,12,2021_12_CHI_DET,CHI,0-30,
2021,14,2021_14_CHI_GB,CHI,41-50,
2021,14,2021_14_CHI_GB,CHI,0-30,1.0
2021,15,2021_15_MIN_CHI,CHI,31-40,
2021,15,2021_15_MIN_CHI,CHI,41-50,
2021,16,2021_16_CHI_SEA,CHI,31-40,
2021,17,2021_17_NYG_CHI,CHI,41-50,
2021,17,2021_17_NYG_CHI,CHI,0-30,1.0
2021,18,2021_18_CHI_MIN,CHI,41-50,0.8333333333333334
2022,2,2022_02_CHI_GB,CHI,41-50,
2022,3,2022_03_HOU_CHI,CHI,41-50,
2022,3,2022_03_HOU_CHI,CHI,0-30,
2022,4,2022_04_CHI_NYG,CHI,0-30,
2022,4,2022_04_CHI_NYG,CHI,31-40,
2022,5,2022_05_CHI_MIN,CHI,51-55,
2022,5,2022_05_CHI_MIN,CHI,41-50,
2022,7,2022_07_CHI_NE,CHI,31-40,
2022,7,2022_07_CHI_NE,CHI,0-30,
2022,7,2022_07_CHI_NE,CHI,41-50,
2022,8,2022_08_CHI_DAL,CHI,31-40,
2022,9,2022_09_MIA_CHI,CHI,31-40,
2022,10,2022_10_DET_CHI,CHI,31-40,
2022,11,2022_11_CHI_ATL,CHI,41-50,
2022,11,2022_11_CHI_ATL,CHI,56+,
2022,12,2022_12_CHI_NYJ,CHI,0-30,
2022,13,2022_13_GB_CHI,CHI,0-30,
2022,13,2022_13_GB_CHI,CHI,31-40,
2022,16,2022_16_BUF_CHI,CHI,31-40,0.9166666666666666
2022,17,2022_17_CHI_DET,CHI,0-30,
2023,1,2023_01_GB_CHI,CHI,0-30,
2023,1,2023_01_GB_CHI,CHI,41-50,
2023,2,2023_02_CHI_TB,CHI,51-55,
2023,3,2023_03_CHI_KC,CHI,0-30,
2023,5,2023_05_CHI_WAS,CHI,0-30,
2023,5,2023_05_CHI_WAS,CHI,31-40,
2023,5,2023_05_CHI_WAS,CHI,41-50,
2023,6,2023_06_MIN_CHI,CHI,51-55,
2023,6,2023_06_MIN_CHI,CHI,0-30,
2023,7,2023_07_LV_CHI,CHI,51-55,
2023,9,2023_09_CHI_NO,CHI,31-40,
2023,10,2023_10_CAR_CHI,CHI,31-40,
2023,10,2023_10_CAR_CHI,CHI,51-55,
2023,11,2023_11_CHI_DET,CHI,51-55,
2023,11,2023_11_CHI_DET,CHI,31-40,
2023,12,2023_12_CHI_MIN,CHI,31-40,
2023,12,2023_12_CHI_MIN,CHI,51-55,
2023,12,2023_12_CHI_MIN,CHI,0-30,
2023,12,2023_12_CHI_MIN,CHI,41-50,
2023,14,2023_14_DET_CHI,CHI,41-50,
2023,14,2023_14_DET_CHI,CHI,0-30,
2023,15,2023_15_CHI_CLE,CHI,41-50,
2023,16,2023_16_ARI_CHI,CHI,0-30,1.0
2023,16,2023_16_ARI_CHI,CHI,41-50,
2023,17,2023_17_ATL_CHI,CHI,41-50,0.8333333333333334
2023,17,2023_17_ATL_CHI,CHI,51-55,1.0
2023,17,2023_17_ATL_CHI,CHI,0-30,1.0
2023,18,2023_18_CHI_GB,CHI,31-40,
2023,18,2023_18_CHI_GB,CHI,41-50,0.8333333333333334
2024,1,2024_01_TEN_CHI,CHI,0-30,
2024,1,2024_01_TEN_CHI,CHI,41-50,
2024,2,2024_02_CHI_HOU,CHI,51-55,
2024,3,2024_03_CHI_IND,CHI,51-55,
2024,3,2024_03_CHI_IND,CHI,56+,
2024,4,2024_04_LA_CHI,CHI,31-40,
2024,5,2024_05_CAR_CHI,CHI,31-40,
2024,6,2024_06_JAX_CHI,CHI,41-50,
2024,9,2024_09_CHI_ARI,CHI,51-55,
2024,9,2024_09_CHI_ARI,CHI,0-30,
2024,10,2024_10_NE_CHI,CHI,31-40,
2024,11,2024_11_GB_CHI,CHI,0-30,
2024,11,2024_11_GB_CHI,CHI,51-55,
2024,11,2024_11_GB_CHI,CHI,41-50,
2024,12,2024_12_MIN_CHI,CHI,41-50,
2024,15,2024_15_CHI_MIN,CHI,0-30,
2024,15,2024_15_CHI_MIN,CHI,31-40,
2024,16,2024_16_DET_CHI,CHI,0-30,
2024,17,2024_17_SEA_CHI,CHI,41-50,
2024,18,2024_18_CHI_GB,CHI,51-55,
2016,1,2016_01_CIN_NYJ,CIN,31-40,
2016,1,2016_01_CIN_NYJ,CIN,51-55,
2016,1,2016_01_CIN_NYJ,CIN,0-30,
2016,1,2016_01_CIN_NYJ,CIN,41-50,
2016,2,2016_02_CIN_PIT,CIN,0-30,
2016,2,2016_02_CIN_PIT,CIN,31-40,
2016,3,2016_03_DEN_CIN,CIN,31-40,
2016,4,2016_04_MIA_CIN,CIN,41-50,
2016,4,2016_04_MIA_CIN,CIN,0-30,
2016,5,2016_05_CIN_DAL,CIN,41-50,
2016,6,2016_06_CIN_NE,CIN,0-30,
2016,7,2016_07_CLE_CIN,CIN,31-40,
2016,7,2016_07_CLE_CIN,CIN,41-50,
2016,8,2016_08_WAS_CIN,CIN,51-55,
2016,10,2016_10_CIN_NYG,CIN,31-40,
2016,10,2016_10_CIN_NYG,CIN,0-30,
2016,12,2016_12_CIN_BAL,CIN,31-40,
2016,12,2016_12_CIN_BAL,CIN,0-30,
2016,13,2016_13_PHI_CIN,CIN,0-30,1.0
2016,13,2016_13_PHI_CIN,CIN,31-40,0.9166666666666666
2016,14,2016_14_CIN_CLE,CIN,41-50,
2016,14,2016_14_CIN_CLE,CIN,31-40,0.9166666666666666
2016,15,2016_15_PIT_CIN,CIN,0-30,1.0
2016,16,2016_16_CIN_HOU,CIN,41-50,
2016,17,2016_17_BAL_CIN,CIN,0-30,1.0
2017,2,2017_02_HOU_CIN,CIN,0-30,
2017,2,2017_02_HOU_CIN,CIN,31-40,
2017,3,2017_03_CIN_GB,CIN,41-50,
2017,4,2017_04_CIN_CLE,CIN,41-50,
2017,5,2017_05_BUF_CIN,CIN,0-30,
2017,8,2017_08_IND_CIN,CIN,0-30,
2017,8,2017_08_IND_CIN,CIN,31-40,
2017,12,2017_12_CLE_CIN,CIN,41-50,
2017,12,2017_12_CLE_CIN,CIN,31-40,
2017,12,2017_12_CLE_CIN,CIN,0-30,
2017,13,2017_13_PIT_CIN,CIN,41-50,
2017,13,2017_13_PIT_CIN,CIN,31-40,
2017,16,2017_16_DET_CIN,CIN,0-30,
2017,16,2017_16_DET_CIN,CIN,31-40,
2017,16,2017_16_DET_CIN,CIN,51-55,
2017,17,2017_17_CIN_BAL,CIN,31-40,
2018,1,2018_01_CIN_IND,CIN,31-40,
2018,1,2018_01_CIN_IND,CIN,41-50,
2018,2,2018_02_BAL_CIN,CIN,31-40,
2018,2,2018_02_BAL_CIN,CIN,0-30,
2018,3,2018_03_CIN_CAR,CIN,51-55,
2018,4,2018_04_CIN_ATL,CIN,31-40,
2018,5,2018_05_MIA_CIN,CIN,31-40,
2018,5,2018_05_MIA_CIN,CIN,51-55,
2018,5,2018_05_MIA_CIN,CIN,0-30,
2018,7,2018_07_CIN_KC,CIN,31-40,
2018,8,2018_08_TB_CIN,CIN,41-50,
2018,11,2018_11_CIN_BAL,CIN,51-55,
2018,12,2018_12_CLE_CIN,CIN,51-55,
2018,13,2018_13_DEN_CIN,CIN,31-40,
2018,14,2018_14_CIN_LAC,CIN,41-50,
2018,14,2018_14_CIN_LAC,CIN,0-30,
2018,15,2018_15_OAK_CIN,CIN,31-40,0.8333333333333334
2018,15,2018_15_OAK_CIN,CIN,0-30,
2018,16,2018_16_CIN_CLE,CIN,51-55,
2018,17,2018_17_CIN_PIT,CIN,41-50,
2018,17,2018_17_CIN_PIT,CIN,31-40,0.8333333333333334
2019,1,2019_01_CIN_SEA,CIN,0-30,
2019,1,2019_01_CIN_SEA,CIN,31-40,
2019,1,2019_01_CIN_SEA,CIN,41-50,
2019,2,2019_02_SF_CIN,CIN,51-55,
2019,2,2019_02_SF_CIN,CIN,31-40,
2019,3,2019_03_CIN_BUF,CIN,41-50,
2019,4,2019_04_CIN_PIT,CIN,0-30,
2019,5,2019_05_ARI_CIN,CIN,0-30,
2019,5,2019_05_ARI_CIN,CIN,41-50,
2019,6,2019_06_CIN_BAL,CIN,0-30,
2019,7,2019_07_JAX_CIN,CIN,31-40,
2019,8,2019_08_CIN_LA,CIN,0-30,
2019,10,2019_10_BAL_CIN,CIN,31-40,
2019,10,2019_10_BAL_CIN,CIN,41-50,
2019,11,2019_11_CIN_OAK,CIN,31-40,
2019,11,2019_11_CIN_OAK,CIN,51-55,
2019,12,2019_12_PIT_CIN,CIN,0-30,
2019,13,2019_13_NYJ_CIN,CIN,41-50,
2019,13,2019_13_NYJ_CIN,CIN,0-30,1.0
2019,14,2019_14_CIN_CLE,CIN,41-50,
2019,14,2019_14_CIN_CLE,CIN,0-30,1.0
2019,14,2019_14_CIN_CLE,CIN,31-40,
2019,15,2019_15_NE_CIN,CIN,31-40,1.0
2019,15,2019_15_NE_CIN,CIN,41-50,0.75
2019,16,2019_16_CIN_MIA,CIN,56+,
2019,16,2019_16_CIN_MIA,CIN,0-30,1.0
2019,17,2019_17_CLE_CIN,CIN,41-50,0.9166666666666666
2020,1,2020_01_LAC_CIN,CIN,41-50,
2020,1,2020_01_LAC_CIN,CIN,31-40,
2020,2,2020_02_CIN_CLE,CIN,41-50,
2020,2,2020_02_CIN_CLE,CIN,0-30,
2020,2,2020_02_CIN_CLE,CIN,31-40,
2020,3,2020_03_CIN_PHI,CIN,41-50,
2020,3,2020_03_CIN_PHI,CIN,0-30,
2020,3,2020_03_CIN_PHI,CIN,31-40,
2020,4,2020_04_JAX_CIN,CIN,41-50,
2020,4,2020_04_JAX_CIN,CIN,31-40,
2020,4,2020_04_JAX_CIN,CIN,0-30,
2020,5,2020_05_CIN_BAL,CIN,31-40,
2020,6,2020_06_CIN_IND,CIN,51-55,
2020,6,2020_06_CIN_IND,CIN,41-50,
2020,7,2020_07_CLE_CIN,CIN,31-40,
2020,7,2020_07_CLE_CIN,CIN,0-30,
2020,8,2020_08_TEN_CIN,CIN,31-40,0.8333333333333334
2020,10,2020_10_CIN_PIT,CIN,31-40,1.0
2020,11,2020_11_CIN_WAS,CIN,51-55,
2020,11,2020_11_CIN_WAS,CIN,56+,
2020,11,2020_11_CIN_WAS,CIN,31-40,1.0
2020,12,2020_12_NYG_CIN,CIN,41-50,
2020,13,2020_13_CIN_MIA,CIN,51-55,
2020,15,2020_15_PIT_CIN,CIN,51-55,
2020,15,2020_15_PIT_CIN,CIN,31-40,0.8333333333333334
2020,16,2020_16_CIN_HOU,CIN,31-40,0.8333333333333334
2020,16,2020_16_CIN_HOU,CIN,41-50,0.9166666666666666
2020,17,2020_17_BAL_CIN,CIN,31-40,0.8333333333333334
2021,1,2021_01_MIN_CIN,CIN,31-40,
2021,1,2021_01_MIN_CIN,CIN,51-55,
2021,2,2021_02_CIN_CHI,CIN,51-55,
2021,3,2021_03_CIN_PIT,CIN,41-50,
2021,4,2021_04_JAX_CIN,CIN,31-40,
2021,4,2021_04_JAX_CIN,CIN,41-50,
2021,5,2021_05_GB_CIN,CIN,41-50,
2021,5,2021_05_GB_CIN,CIN,56+,
2021,6,2021_06_CIN_DET,CIN,31-40,
2021,7,2021_07_CIN_BAL,CIN,51-55,
2021,7,2021_07_CIN_BAL,CIN,0-30,
2021,8,2021_08_CIN_NYJ,CIN,0-30,
2021,9,2021_09_CLE_CIN,CIN,0-30,
2021,11,2021_11_CIN_LV,CIN,41-50,
2021,11,2021_11_CIN_LV,CIN,51-55,
2021,12,2021_12_PIT_CIN,CIN,31-40,
2021,12,2021_12_PIT_CIN,CIN,51-55,
2021,13,2021_13_LAC_CIN,CIN,41-50,
2021,14,2021_14_SF_CIN,CIN,31-40,
2021,14,2021_14_SF_CIN,CIN,41-50,
2021,14,2021_14_SF_CIN,CIN,0-30,
2021,15,2021_15_CIN_DEN,CIN,51-55,
2021,15,2021_15_CIN_DEN,CIN,56+,
2021,15,2021_15_CIN_DEN,CIN,0-30,
2021,16,2021_16_BAL_CIN,CIN,0-30,
2021,16,2021_16_BAL_CIN,CIN,31-40,
2021,16,2021_16_BAL_CIN,CIN,41-50,0.5833333333333334
2021,17,2021_17_KC_CIN,CIN,0-30,1.0
2021,17,2021_17_KC_CIN,CIN,41-50,0.4166666666666667
2021,18,2021_18_CIN_CLE,CIN,31-40,1.0
2022,1,2022_01_PIT_CIN,CIN,56+,
2022,1,2022_01_PIT_CIN,CIN,0-30,
2022,2,2022_02_CIN_DAL,CIN,41-50,
2022,3,2022_03_CIN_NYJ,CIN,0-30,
2022,3,2022_03_CIN_NYJ,CIN,41-50,
2022,4,2022_04_MIA_CIN,CIN,0-30,
2022,4,2022_04_MIA_CIN,CIN,56+,
2022,5,2022_05_CIN_BAL,CIN,31-40,
2022,6,2022_06_CIN_NO,CIN,51-55,
2022,8,2022_08_CIN_CLE,CIN,41-50,
2022,9,2022_09_CAR_CIN,CIN,41-50,
2022,11,2022_11_CIN_PIT,CIN,41-50,
2022,11,2022_11_CIN_PIT,CIN,51-55,
2022,12,2022_12_CIN_TEN,CIN,41-50,
2022,12,2022_12_CIN_TEN,CIN,31-40,
2022,13,2022_13_KC_CIN,CIN,31-40,
2022,13,2022_13_KC_CIN,CIN,41-50,0.5833333333333334
2022,14,2022_14_CLE_CIN,CIN,0-30,
2022,15,2022_15_CIN_TB,CIN,0-30,
2022,15,2022_15_CIN_TB,CIN,41-50,0.5833333333333334
2022,16,2022_16_CIN_NE,CIN,41-50,0.6666666666666666
2022,16,2022_16_CIN_NE,CIN,0-30,
2022,18,2022_18_BAL_CIN,CIN,31-40,
2022,18,2022_18_BAL_CIN,CIN,0-30,0.9166666666666666
2023,1,2023_01_CIN_CLE,CIN,41-50,
2023,1,2023_01_CIN_CLE,CIN,51-55,
2023,2,2023_02_BAL_CIN,CIN,0-30,
2023,3,2023_03_LA_CIN,CIN,41-50,
2023,3,2023_03_LA_CIN,CIN,56+,
2023,3,2023_03_LA_CIN,CIN,51-55,
2023,4,2023_04_CIN_TEN,CIN,0-30,
2023,5,2023_05_CIN_ARI,CIN,31-40,
2023,6,2023_06_SEA_CIN,CIN,51-55,
2023,8,2023_08_CIN_SF,CIN,56+,
2023,8,2023_08_CIN_SF,CIN,41-50,
2023,9,2023_09_BUF_CIN,CIN,0-30,
2023,10,2023_10_HOU_CIN,CIN,41-50,
2023,10,2023_10_HOU_CIN,CIN,31-40,
2023,11,2023_11_CIN_BAL,CIN,0-30,
2023,11,2023_11_CIN_BAL,CIN,41-50,
2023,11,2023_11_CIN_BAL,CIN,51-55,
2023,12,2023_12_PIT_CIN,CIN,41-50,
2023,13,2023_13_CIN_JAX,CIN,56+,
2023,13,2023_13_CIN_JAX,CIN,51-55,
2023,13,2023_13_CIN_JAX,CIN,41-50,0.8333333333333334
2023,14,2023_14_IND_CIN,CIN,31-40,
2023,15,2023_15_MIN_CIN,CIN,0-30,
2023,15,2023_15_MIN_CIN,CIN,31-40,
2023,16,2023_16_CIN_PIT,CIN,31-40,
2023,17,2023_17_CIN_KC,CIN,31-40,
2023,18,2023_18_CLE_CIN,CIN,41-50,0.8333333333333334
2024,1,2024_01_NE_CIN,CIN,51-55,
2024,2,2024_02_CIN_KC,CIN,41-50,
2024,2,2024_02_CIN_KC,CIN,51-55,
2024,2,2024_02_CIN_KC,CIN,31-40,
2024,2,2024_02_CIN_KC,CIN,0-30,
2024,3,2024_03_WAS_CIN,CIN,41-50,
2024,3,2024_03_WAS_CIN,CIN,0-30,
2024,3,2024_03_WAS_CIN,CIN,31-40,
2024,4,2024_04_CIN_CAR,CIN,41-50,
2024,4,2024_04_CIN_CAR,CIN,56+,
2024,5,2024_05_BAL_CIN,CIN,51-55,
2024,6,2024_06_CIN_NYG,CIN,31-40,
2024,7,2024_07_CIN_CLE,CIN,41-50,
2024,8,2024_08_PHI_CIN,CIN,51-55,
2024,8,2024_08_PHI_CIN,CIN,0-30,
2024,9,2024_09_LV_CIN,CIN,0-30,
2024,9,2024_09_LV_CIN,CIN,41-50,
2024,11,2024_11_CIN_LAC,CIN,51-55,
2024,11,2024_11_CIN_LAC,CIN,41-50,
2024,11,2024_11_CIN_LAC,CIN,0-30,
2024,13,2024_13_PIT_CIN,CIN,31-40,
2024,14,2024_14_CIN_DAL,CIN,31-40,
2024,14,2024_14_CIN_DAL,CIN,0-30,
2024,15,2024_15_CIN_TEN,CIN,0-30,1.0
2024,16,2024_16_CLE_CIN,CIN,41-50,0.5
2024,16,2024_16_CLE_CIN,CIN,56+,
2024,17,2024_17_DEN_CIN,CIN,31-40,
2024,17,2024_17_DEN_CIN,CIN,0-30,1.0
2024,18,2024_18_CIN_PIT,CIN,41-50,0.3333333333333333
2024,18,2024_18_CIN_PIT,CIN,31-40,0.8333333333333334
2024,18,2024_18_CIN_PIT,CIN,0-30,1.0
2016,1,2016_01_CLE_PHI,CLE,31-40,
2016,2,2016_02_BAL_CLE,CLE,51-55,
2016,3,2016_03_CLE_MIA,CLE,31-40,
2016,3,2016_03_CLE_MIA,CLE,41-50,
2016,4,2016_04_CLE_WAS,CLE,51-55,
2016,4,2016_04_CLE_WAS,CLE,41-50,
2016,6,2016_06_CLE_TEN,CLE,41-50,
2016,6,2016_06_CLE_TEN,CLE,31-40,
2016,7,2016_07_CLE_CIN,CLE,0-30,
2016,8,2016_08_NYJ_CLE,CLE,41-50,
2016,8,2016_08_NYJ_CLE,CLE,0-30,
2016,9,2016_09_DAL_CLE,CLE,31-40,
2016,9,2016_09_DAL_CLE,CLE,41-50,
2016,11,2016_11_PIT_CLE,CLE,0-30,
2016,12,2016_12_NYG_CLE,CLE,0-30,
2016,14,2016_14_CIN_CLE,CLE,0-30,
2016,15,2016_15_CLE_BUF,CLE,31-40,
2016,16,2016_16_SD_CLE,CLE,41-50,
2016,16,2016_16_SD_CLE,CLE,0-30,
2016,17,2016_17_CLE_PIT,CLE,41-50,0.7333333333333334
2016,17,2016_17_CLE_PIT,CLE,31-40,
2017,1,2017_01_PIT_CLE,CLE,0-30,
2017,2,2017_02_CLE_BAL,CLE,31-40,
2017,4,2017_04_CIN_CLE,CLE,41-50,
2017,5,2017_05_NYJ_CLE,CLE,31-40,
2017,5,2017_05_NYJ_CLE,CLE,51-55,
2017,6,2017_06_CLE_HOU,CLE,41-50,
2017,7,2017_07_TEN_CLE,CLE,51-55,
2017,7,2017_07_TEN_CLE,CLE,41-50,
2017,7,2017_07_TEN_CLE,CLE,31-40,
2017,8,2017_08_MIN_CLE,CLE,0-30,
2017,8,2017_08_MIN_CLE,CLE,31-40,
2017,10,2017_10_CLE_DET,CLE,0-30,
2017,12,2017_12_CLE_CIN,CLE,0-30,
2017,12,2017_12_CLE_CIN,CLE,31-40,
2017,12,2017_12_CLE_CIN,CLE,41-50,
2017,13,2017_13_CLE_LAC,CLE,31-40,
2017,15,2017_15_BAL_CLE,CLE,41-50,
2017,16,2017_16_CLE_CHI,CLE,41-50,
2017,17,2017_17_CLE_PIT,CLE,51-55,
2018,1,2018_01_PIT_CLE,CLE,41-50,
2018,2,2018_02_CLE_NO,CLE,41-50,
2018,2,2018_02_CLE_NO,CLE,31-40,
2018,2,2018_02_CLE_NO,CLE,51-55,
2018,3,2018_03_NYJ_CLE,CLE,41-50,
2018,3,2018_03_NYJ_CLE,CLE,0-30,
2018,4,2018_04_CLE_OAK,CLE,0-30,
2018,5,2018_05_BAL_CLE,CLE,31-40,
2018,5,2018_05_BAL_CLE,CLE,51-55,
2018,6,2018_06_LAC_CLE,CLE,0-30,
2018,6,2018_06_LAC_CLE,CLE,31-40,
2018,8,2018_08_CLE_PIT,CLE,41-50,
2018,8,2018_08_CLE_PIT,CLE,31-40,
2018,9,2018_09_KC_CLE,CLE,51-55,
2018,14,2018_14_CAR_CLE,CLE,41-50,
2018,15,2018_15_CLE_DEN,CLE,31-40,
2018,16,2018_16_CIN_CLE,CLE,31-40,
2018,17,2018_17_CLE_BAL,CLE,41-50,
2018,17,2018_17_CLE_BAL,CLE,31-40,1.0
2019,2,2019_02_CLE_NYJ,CLE,41-50,
2019,2,2019_02_CLE_NYJ,CLE,0-30,
2019,3,2019_03_LA_CLE,CLE,31-40,
2019,3,2019_03_LA_CLE,CLE,0-30,
2019,4,2019_04_CLE_BAL,CLE,0-30,
2019,4,2019_04_CLE_BAL,CLE,41-50,
2019,5,2019_05_CLE_SF,CLE,0-30,
2019,8,2019_08_CLE_NE,CLE,31-40,
2019,8,2019_08_CLE_NE,CLE,41-50,
2019,9,2019_09_CLE_DEN,CLE,31-40,
2019,9,2019_09_CLE_DEN,CLE,0-30,
2019,10,2019_10_BUF_CLE,CLE,41-50,
2019,10,2019_10_BUF_CLE,CLE,0-30,
2019,11,2019_11_PIT_CLE,CLE,41-50,
2019,12,2019_12_MIA_CLE,CLE,0-30,1.0
2019,12,2019_12_MIA_CLE,CLE,41-50,
2019,12,2019_12_MIA_CLE,CLE,31-40,
2019,13,2019_13_CLE_PIT,CLE,31-40,
2019,14,2019_14_CIN_CLE,CLE,31-40,
2019,14,2019_14_CIN_CLE,CLE,51-55,
2019,15,2019_15_CLE_ARI,CLE,41-50,0.6666666666666666
2019,16,2019_16_BAL_CLE,CLE,41-50,0.5833333333333334
2019,17,2019_17_CLE_CIN,CLE,41-50,0.5833333333333334
2020,1,2020_01_CLE_BAL,CLE,41-50,
2020,3,2020_03_WAS_CLE,CLE,0-30,
2020,3,2020_03_WAS_CLE,CLE,41-50,
2020,4,2020_04_CLE_DAL,CLE,41-50,
2020,4,2020_04_CLE_DAL,CLE,31-40,
2020,5,2020_05_IND_CLE,CLE,0-30,
2020,5,2020_05_IND_CLE,CLE,31-40,
2020,5,2020_05_IND_CLE,CLE,41-50,
2020,7,2020_07_CLE_CIN,CLE,41-50,
2020,8,2020_08_LV_CLE,CLE,31-40,
2020,8,2020_08_LV_CLE,CLE,41-50,
2020,10,2020_10_HOU_CLE,CLE,41-50,0.8333333333333334
2020,11,2020_11_PHI_CLE,CLE,0-30,
2020,11,2020_11_PHI_CLE,CLE,41-50,1.0
2020,12,2020_12_CLE_JAX,CLE,41-50,0.9166666666666666
2020,12,2020_12_CLE_JAX,CLE,0-30,
2020,13,2020_13_CLE_TEN,CLE,0-30,
2020,13,2020_13_CLE_TEN,CLE,41-50,0.9166666666666666
2020,14,2020_14_BAL_CLE,CLE,31-40,
2020,16,2020_16_CLE_NYJ,CLE,56+,
2020,16,2020_16_CLE_NYJ,CLE,41-50,0.9166666666666666
2020,17,2020_17_PIT_CLE,CLE,0-30,
2021,2,2021_02_HOU_CLE,CLE,0-30,
2021,3,2021_03_CHI_CLE,CLE,41-50,
2021,3,2021_03_CHI_CLE,CLE,56+,
2021,3,2021_03_CHI_CLE,CLE,51-55,
2021,3,2021_03_CHI_CLE,CLE,0-30,
2021,4,2021_04_CLE_MIN,CLE,41-50,
2021,4,2021_04_CLE_MIN,CLE,51-55,
2021,5,2021_05_CLE_LAC,CLE,31-40,
2021,7,2021_07_DEN_CLE,CLE,41-50,
2021,7,2021_07_DEN_CLE,CLE,51-55,
2021,8,2021_08_PIT_CLE,CLE,0-30,
2021,9,2021_09_CLE_CIN,CLE,0-30,
2021,9,2021_09_CLE_CIN,CLE,41-50,
2021,11,2021_11_DET_CLE,CLE,41-50,
2021,12,2021_12_CLE_BAL,CLE,41-50,
2021,14,2021_14_BAL_CLE,CLE,41-50,0.4166666666666667
2021,15,2021_15_LV_CLE,CLE,41-50,0.3333333333333333
2021,16,2021_16_CLE_GB,CLE,31-40,
2022,1,2022_01_CLE_CAR,CLE,56+,
2022,1,2022_01_CLE_CAR,CLE,0-30,
2022,1,2022_01_CLE_CAR,CLE,31-40,
2022,2,2022_02_NYJ_CLE,CLE,0-30,
2022,3,2022_03_PIT_CLE,CLE,31-40,
2022,4,2022_04_CLE_ATL,CLE,41-50,
2022,4,2022_04_CLE_ATL,CLE,0-30,
2022,5,2022_05_LAC_CLE,CLE,51-55,
2022,5,2022_05_LAC_CLE,CLE,41-50,
2022,6,2022_06_NE_CLE,CLE,31-40,
2022,6,2022_06_NE_CLE,CLE,51-55,
2022,6,2022_06_NE_CLE,CLE,41-50,
2022,7,2022_07_CLE_BAL,CLE,56+,
2022,7,2022_07_CLE_BAL,CLE,41-50,
2022,7,2022_07_CLE_BAL,CLE,31-40,
2022,8,2022_08_CIN_CLE,CLE,51-55,
2022,10,2022_10_CLE_MIA,CLE,31-40,
2022,11,2022_11_CLE_BUF,CLE,31-40,
2022,12,2022_12_TB_CLE,CLE,31-40,0.9166666666666666
2022,12,2022_12_TB_CLE,CLE,51-55,
2022,13,2022_13_CLE_HOU,CLE,41-50,
2022,14,2022_14_CLE_CIN,CLE,0-30,
2022,15,2022_15_BAL_CLE,CLE,0-30,
2022,15,2022_15_BAL_CLE,CLE,31-40,0.75
2022,15,2022_15_BAL_CLE,CLE,41-50,
2022,16,2022_16_NO_CLE,CLE,0-30,
2022,17,2022_17_CLE_WAS,CLE,31-40,0.5833333333333334
2023,1,2023_01_CIN_CLE,CLE,41-50,
2023,1,2023_01_CIN_CLE,CLE,31-40,
2023,2,2023_02_CLE_PIT,CLE,41-50,
2023,2,2023_02_CLE_PIT,CLE,51-55,
2023,3,2023_03_TEN_CLE,CLE,51-55,
2023,3,2023_03_TEN_CLE,CLE,41-50,
2023,4,2023_04_BAL_CLE,CLE,51-55,
2023,6,2023_06_SF_CLE,CLE,0-30,
2023,6,2023_06_SF_CLE,CLE,41-50,
2023,7,2023_07_CLE_IND,CLE,56+,
2023,7,2023_07_CLE_IND,CLE,51-55,
2023,7,2023_07_CLE_IND,CLE,41-50,
2023,8,2023_08_CLE_SEA,CLE,0-30,
2023,9,2023_09_ARI_CLE,CLE,41-50,
2023,9,2023_09_ARI_CLE,CLE,0-30,
2023,10,2023_10_CLE_BAL,CLE,0-30,
2023,10,2023_10_CLE_BAL,CLE,31-40,
2023,11,2023_11_PIT_CLE,CLE,0-30,
2023,11,2023_11_PIT_CLE,CLE,31-40,
2023,12,2023_12_CLE_DEN,CLE,31-40,
2023,12,2023_12_CLE_DEN,CLE,0-30,
2023,13,2023_13_CLE_LA,CLE,0-30,1.0
2023,13,2023_13_CLE_LA,CLE,31-40,
2023,14,2023_14_JAX_CLE,CLE,51-55,
2023,15,2023_15_CHI_CLE,CLE,31-40,
2023,17,2023_17_NYJ_CLE,CLE,31-40,1.0
2024,1,2024_01_DAL_CLE,CLE,51-55,
2024,2,2024_02_CLE_JAX,CLE,31-40,
2024,2,2024_02_CLE_JAX,CLE,51-55,
2024,2,2024_02_CLE_JAX,CLE,41-50,
2024,3,2024_03_NYG_CLE,CLE,51-55,
2024,4,2024_04_CLE_LV,CLE,56+,
2024,5,2024_05_CLE_WAS,CLE,51-55,
2024,5,2024_05_CLE_WAS,CLE,31-40,
2024,6,2024_06_CLE_PHI,CLE,41-50,
2024,6,2024_06_CLE_PHI,CLE,31-40,
2024,6,2024_06_CLE_PHI,CLE,51-55,
2024,7,2024_07_CIN_CLE,CLE,41-50,
2024,8,2024_08_BAL_CLE,CLE,0-30,
2024,8,2024_08_BAL_CLE,CLE,31-40,
2024,8,2024_08_BAL_CLE,CLE,41-50,
2024,9,2024_09_LAC_CLE,CLE,51-55,
2024,9,2024_09_LAC_CLE,CLE,31-40,
2024,11,2024_11_CLE_NO,CLE,0-30,
2024,11,2024_11_CLE_NO,CLE,51-55,0.5
2024,12,2024_12_PIT_CLE,CLE,31-40,
2024,13,2024_13_CLE_DEN,CLE,41-50,
2024,14,2024_14_CLE_PIT,CLE,31-40,1.0
2024,14,2024_14_CLE_PIT,CLE,41-50,
2024,17,2024_17_MIA_CLE,CLE,0-30,
2024,18,2024_18_CLE_BAL,CLE,0-30,
2016,1,2016_01_NYG_DAL,DAL,51-55,
2016,1,2016_01_NYG_DAL,DAL,56+,
2016,1,2016_01_NYG_DAL,DAL,0-30,
2016,2,2016_02_DAL_WAS,DAL,31-40,
2016,2,2016_02_DAL_WAS,DAL,0-30,
2016,3,2016_03_CHI_DAL,DAL,41-50,
2016,4,2016_04_DAL_SF,DAL,41-50,
2016,4,2016_04_DAL_SF,DAL,0-30,
2016,6,2016_06_DAL_GB,DAL,31-40,
2016,6,2016_06_DAL_GB,DAL,41-50,
2016,6,2016_06_DAL_GB,DAL,0-30,
2016,8,2016_08_PHI_DAL,DAL,31-40,
2016,8,2016_08_PHI_DAL,DAL,41-50,
2016,8,2016_08_PHI_DAL,DAL,0-30,
2016,10,2016_10_DAL_PIT,DAL,31-40,
2016,10,2016_10_DAL_PIT,DAL,51-55,
2016,10,2016_10_DAL_PIT,DAL,41-50,
2016,11,2016_11_BAL_DAL,DAL,0-30,
2016,12,2016_12_WAS_DAL,DAL,41-50,
2016,13,2016_13_DAL_MIN,DAL,31-40,
2016,14,2016_14_DAL_NYG,DAL,51-55,
2016,15,2016_15_TB_DAL,DAL,56+,
2016,15,2016_15_TB_DAL,DAL,0-30,1.0
2016,15,2016_15_TB_DAL,DAL,31-40,
2016,15,2016_15_TB_DAL,DAL,51-55,
2016,17,2016_17_DAL_PHI,DAL,0-30,1.0
2016,17,2016_17_DAL_PHI,DAL,41-50,0.75
2017,1,2017_01_NYG_DAL,DAL,0-30,
2017,1,2017_01_NYG_DAL,DAL,41-50,
2017,1,2017_01_NYG_DAL,DAL,31-40,
2017,2,2017_02_DAL_DEN,DAL,56+,
2017,4,2017_04_LA_DAL,DAL,31-40,
2017,5,2017_05_GB_DAL,DAL,41-50,
2017,8,2017_08_DAL_WAS,DAL,0-30,
2017,8,2017_08_DAL_WAS,DAL,41-50,
2017,8,2017_08_DAL_WAS,DAL,31-40,
2017,10,2017_10_DAL_ATL,DAL,31-40,
2017,11,2017_11_PHI_DAL,DAL,0-30,
2017,11,2017_11_PHI_DAL,DAL,41-50,
2017,13,2017_13_WAS_DAL,DAL,0-30,
2017,14,2017_14_DAL_NYG,DAL,51-55,
2017,14,2017_14_DAL_NYG,DAL,41-50,
2017,14,2017_14_DAL_NYG,DAL,0-30,
2017,15,2017_15_DAL_OAK,DAL,41-50,
2017,15,2017_15_DAL_OAK,DAL,0-30,
2017,16,2017_16_SEA_DAL,DAL,41-50,0.75
2017,16,2017_16_SEA_DAL,DAL,51-55,
2017,16,2017_16_SEA_DAL,DAL,31-40,
2017,17,2017_17_DAL_PHI,DAL,0-30,1.0
2018,1,2018_01_DAL_CAR,DAL,41-50,
2018,2,2018_02_NYG_DAL,DAL,0-30,
2018,2,2018_02_NYG_DAL,DAL,31-40,
2018,3,2018_03_DAL_SEA,DAL,41-50,
2018,3,2018_03_DAL_SEA,DAL,31-40,
2018,4,2018_04_DET_DAL,DAL,31-40,
2018,4,2018_04_DET_DAL,DAL,41-50,
2018,4,2018_04_DET_DAL,DAL,0-30,
2018,5,2018_05_DAL_HOU,DAL,0-30,
2018,5,2018_05_DAL_HOU,DAL,41-50,
2018,6,2018_06_JAX_DAL,DAL,31-40,
2018,6,2018_06_JAX_DAL,DAL,51-55,
2018,6,2018_06_JAX_DAL,DAL,41-50,
2018,7,2018_07_DAL_WAS,DAL,41-50,
2018,7,2018_07_DAL_WAS,DAL,51-55,
2018,9,2018_09_TEN_DAL,DAL,31-40,
2018,10,2018_10_DAL_PHI,DAL,0-30,
2018,10,2018_10_DAL_PHI,DAL,41-50,0.8333333333333334
2018,10,2018_10_DAL_PHI,DAL,31-40,
2018,11,2018_11_DAL_ATL,DAL,0-30,
2018,11,2018_11_DAL_ATL,DAL,41-50,0.8333333333333334
2018,12,2018_12_WAS_DAL,DAL,0-30,
2018,13,2018_13_NO_DAL,DAL,0-30,1.0
2018,13,2018_13_NO_DAL,DAL,41-50,0.8333333333333334
2018,14,2018_14_PHI_DAL,DAL,41-50,0.8333333333333334
2018,14,2018_14_PHI_DAL,DAL,56+,
2018,14,2018_14_PHI_DAL,DAL,0-30,1.0
2018,15,2018_15_DAL_IND,DAL,41-50,0.6666666666666666
2018,16,2018_16_TB_DAL,DAL,0-30,1.0
2018,16,2018_16_TB_DAL,DAL,56+,
2018,17,2018_17_DAL_NYG,DAL,31-40,0.8333333333333334
2019,2,2019_02_DAL_WAS,DAL,0-30,
2019,3,2019_03_MIA_DAL,DAL,0-30,
2019,3,2019_03_MIA_DAL,DAL,51-55,
2019,4,2019_04_DAL_NO,DAL,0-30,
2019,5,2019_05_GB_DAL,DAL,51-55,
2019,5,2019_05_GB_DAL,DAL,31-40,
2019,6,2019_06_DAL_NYJ,DAL,31-40,
2019,6,2019_06_DAL_NYJ,DAL,41-50,
2019,6,2019_06_DAL_NYJ,DAL,56+,
2019,7,2019_07_PHI_DAL,DAL,0-30,
2019,7,2019_07_PHI_DAL,DAL,56+,
2019,9,2019_09_DAL_NYG,DAL,51-55,
2019,9,2019_09_DAL_NYG,DAL,31-40,
2019,9,2019_09_DAL_NYG,DAL,0-30,
2019,10,2019_10_MIN_DAL,DAL,0-30,
2019,10,2019_10_MIN_DAL,DAL,56+,
2019,11,2019_11_DAL_DET,DAL,0-30,1.0
2019,11,2019_11_DAL_DET,DAL,31-40,
2019,12,2019_12_DAL_NE,DAL,0-30,1.0
2019,12,2019_12_DAL_NE,DAL,41-50,
2019,13,2019_13_BUF_DAL,DAL,31-40,
2019,13,2019_13_BUF_DAL,DAL,41-50,
2019,14,2019_14_DAL_CHI,DAL,31-40,
2019,14,2019_14_DAL_CHI,DAL,41-50,
2019,15,2019_15_LA_DAL,DAL,41-50,
2019,16,2019_16_DAL_PHI,DAL,31-40,0.6666666666666666
2019,16,2019_16_DAL_PHI,DAL,41-50,
2019,17,2019_17_WAS_DAL,DAL,0-30,1.0
2019,17,2019_17_WAS_DAL,DAL,31-40,0.75
2019,17,2019_17_WAS_DAL,DAL,41-50,0.5833333333333334
2020,1,2020_01_DAL_LA,DAL,31-40,
2020,1,2020_01_DAL_LA,DAL,51-55,
2020,2,2020_02_ATL_DAL,DAL,31-40,
2020,2,2020_02_ATL_DAL,DAL,41-50,
2020,3,2020_03_DAL_SEA,DAL,41-50,
2020,5,2020_05_NYG_DAL,DAL,0-30,
2020,5,2020_05_NYG_DAL,DAL,31-40,
2020,6,2020_06_ARI_DAL,DAL,56+,
2020,6,2020_06_ARI_DAL,DAL,31-40,
2020,7,2020_07_DAL_WAS,DAL,41-50,
2020,8,2020_08_DAL_PHI,DAL,51-55,
2020,8,2020_08_DAL_PHI,DAL,56+,
2020,8,2020_08_DAL_PHI,DAL,41-50,
2020,9,2020_09_PIT_DAL,DAL,41-50,
2020,9,2020_09_PIT_DAL,DAL,31-40,
2020,11,2020_11_DAL_MIN,DAL,0-30,
2020,12,2020_12_WAS_DAL,DAL,0-30,
2020,12,2020_12_WAS_DAL,DAL,31-40,
2020,13,2020_13_DAL_BAL,DAL,51-55,
2020,13,2020_13_DAL_BAL,DAL,31-40,1.0
2020,14,2020_14_DAL_CIN,DAL,0-30,
2020,14,2020_14_DAL_CIN,DAL,31-40,0.9166666666666666
2020,14,2020_14_DAL_CIN,DAL,51-55,
2020,15,2020_15_SF_DAL,DAL,56+,
2020,15,2020_15_SF_DAL,DAL,41-50,
2020,16,2020_16_PHI_DAL,DAL,31-40,0.9166666666666666
2020,16,2020_16_PHI_DAL,DAL,0-30,
2020,17,2020_17_DAL_NYG,DAL,41-50,1.0
2020,17,2020_17_DAL_NYG,DAL,56+,
2020,17,2020_17_DAL_NYG,DAL,31-40,0.9166666666666666
2021,1,2021_01_DAL_TB,DAL,41-50,
2021,1,2021_01_DAL_TB,DAL,0-30,
2021,1,2021_01_DAL_TB,DAL,31-40,
2021,1,2021_01_DAL_TB,DAL,56+,
2021,2,2021_02_DAL_LAC,DAL,56+,
2021,2,2021_02_DAL_LAC,DAL,31-40,
2021,4,2021_04_CAR_DAL,DAL,31-40,
2021,5,2021_05_NYG_DAL,DAL,31-40,
2021,6,2021_06_DAL_NE,DAL,51-55,
2021,6,2021_06_DAL_NE,DAL,0-30,
2021,6,2021_06_DAL_NE,DAL,41-50,
2021,8,2021_08_DAL_MIN,DAL,41-50,
2021,8,2021_08_DAL_MIN,DAL,31-40,
2021,11,2021_11_DAL_KC,DAL,41-50,
2021,11,2021_11_DAL_KC,DAL,31-40,
2021,11,2021_11_DAL_KC,DAL,0-30,
2021,12,2021_12_LV_DAL,DAL,0-30,
2021,12,2021_12_LV_DAL,DAL,41-50,
2021,12,2021_12_LV_DAL,DAL,56+,
2021,13,2021_13_DAL_NO,DAL,51-55,
2021,13,2021_13_DAL_NO,DAL,31-40,0.9166666666666666
2021,14,2021_14_DAL_WAS,DAL,31-40,1.0
2021,14,2021_14_DAL_WAS,DAL,0-30,
2021,15,2021_15_DAL_NYG,DAL,41-50,
2021,15,2021_15_DAL_NYG,DAL,0-30,
2021,17,2021_17_ARI_DAL,DAL,41-50,0.8333333333333334
2021,18,2021_18_DAL_PHI,DAL,41-50,0.6666666666666666
2022,1,2022_01_TB_DAL,DAL,51-55,
2022,2,2022_02_CIN_DAL,DAL,41-50,
2022,2,2022_02_CIN_DAL,DAL,51-55,
2022,3,2022_03_DAL_NYG,DAL,0-30,
2022,3,2022_03_DAL_NYG,DAL,56+,
2022,3,2022_03_DAL_NYG,DAL,41-50,
2022,4,2022_04_WAS_DAL,DAL,41-50,
2022,4,2022_04_WAS_DAL,DAL,51-55,
2022,4,2022_04_WAS_DAL,DAL,0-30,
2022,5,2022_05_DAL_LA,DAL,31-40,
2022,6,2022_06_DAL_PHI,DAL,0-30,
2022,6,2022_06_DAL_PHI,DAL,56+,
2022,7,2022_07_DET_DAL,DAL,0-30,
2022,11,2022_11_DAL_MIN,DAL,0-30,
2022,11,2022_11_DAL_MIN,DAL,41-50,
2022,11,2022_11_DAL_MIN,DAL,56+,
2022,11,2022_11_DAL_MIN,DAL,51-55,
2022,12,2022_12_NYG_DAL,DAL,41-50,
2022,14,2022_14_HOU_DAL,DAL,31-40,
2022,14,2022_14_HOU_DAL,DAL,51-55,
2022,15,2022_15_DAL_JAX,DAL,0-30,
2022,15,2022_15_DAL_JAX,DAL,51-55,
2022,16,2022_16_PHI_DAL,DAL,0-30,1.0
2022,16,2022_16_PHI_DAL,DAL,41-50,
2022,17,2022_17_DAL_TEN,DAL,41-50,0.8333333333333334
2022,17,2022_17_DAL_TEN,DAL,31-40,
2023,1,2023_01_DAL_NYG,DAL,31-40,
2023,1,2023_01_DAL_NYG,DAL,0-30,
2023,2,2023_02_NYJ_DAL,DAL,0-30,
2023,2,2023_02_NYJ_DAL,DAL,31-40,
2023,2,2023_02_NYJ_DAL,DAL,51-55,
2023,3,2023_03_DAL_ARI,DAL,0-30,
2023,3,2023_03_DAL_ARI,DAL,41-50,
2023,4,2023_04_NE_DAL,DAL,0-30,
2023,4,2023_04_NE_DAL,DAL,31-40,
2023,5,2023_05_DAL_SF,DAL,41-50,
2023,6,2023_06_DAL_LAC,DAL,31-40,
2023,8,2023_08_LA_DAL,DAL,56+,
2023,8,2023_08_LA_DAL,DAL,0-30,
2023,9,2023_09_DAL_PHI,DAL,51-55,
2023,11,2023_11_DAL_CAR,DAL,0-30,
2023,12,2023_12_WAS_DAL,DAL,51-55,
2023,13,2023_13_SEA_DAL,DAL,31-40,
2023,13,2023_13_SEA_DAL,DAL,0-30,1.0
2023,14,2023_14_PHI_DAL,DAL,56+,
2023,14,2023_14_PHI_DAL,DAL,41-50,
2023,15,2023_15_DAL_BUF,DAL,31-40,
2023,16,2023_16_DAL_MIA,DAL,31-40,1.0
2023,16,2023_16_DAL_MIA,DAL,41-50,
2023,17,2023_17_DET_DAL,DAL,51-55,
2023,17,2023_17_DET_DAL,DAL,41-50,
2023,18,2023_18_DAL_WAS,DAL,41-50,
2023,18,2023_18_DAL_WAS,DAL,31-40,1.0
2024,1,2024_01_DAL_CLE,DAL,41-50,
2024,1,2024_01_DAL_CLE,DAL,56+,
2024,1,2024_01_DAL_CLE,DAL,31-40,
2024,2,2024_02_NO_DAL,DAL,41-50,
2024,2,2024_02_NO_DAL,DAL,51-55,
2024,2,2024_02_NO_DAL,DAL,31-40,
2024,3,2024_03_BAL_DAL,DAL,51-55,
2024,3,2024_03_BAL_DAL,DAL,56+,
2024,4,2024_04_DAL_NYG,DAL,31-40,
2024,4,2024_04_DAL_NYG,DAL,56+,
2024,4,2024_04_DAL_NYG,DAL,51-55,
2024,5,2024_05_DAL_PIT,DAL,51-55,
2024,5,2024_05_DAL_PIT,DAL,31-40,
2024,6,2024_06_DET_DAL,DAL,31-40,
2024,6,2024_06_DET_DAL,DAL,41-50,
2024,8,2024_08_DAL_SF,DAL,0-30,
2024,9,2024_09_DAL_ATL,DAL,56+,
2024,9,2024_09_DAL_ATL,DAL,31-40,
2024,10,2024_10_PHI_DAL,DAL,0-30,
2024,10,2024_10_PHI_DAL,DAL,41-50,
2024,11,2024_11_HOU_DAL,DAL,51-55,
2024,11,2024_11_HOU_DAL,DAL,31-40,0.9166666666666666
2024,12,2024_12_DAL_WAS,DAL,41-50,
2024,12,2024_12_DAL_WAS,DAL,31-40,0.75
2024,13,2024_13_NYG_DAL,DAL,0-30,
2024,13,2024_13_NYG_DAL,DAL,31-40,0.5833333333333334
2024,14,2024_14_CIN_DAL,DAL,41-50,
2024,14,2024_14_CIN_DAL,DAL,31-40,0.5833333333333334
2024,15,2024_15_DAL_CAR,DAL,56+,
2024,15,2024_15_DAL_CAR,DAL,51-55,
2024,15,2024_15_DAL_CAR,DAL,41-50,0.9444444444444445
2024,16,2024_16_TB_DAL,DAL,56+,
2024,16,2024_16_TB_DAL,DAL,51-55,0.8333333333333334
2024,16,2024_16_TB_DAL,DAL,41-50,0.9444444444444445
2024,17,2024_17_DAL_PHI,DAL,56+,0.8333333333333334
2024,18,2024_18_WAS_DAL,DAL,31-40,0.6666666666666666
2024,18,2024_18_WAS_DAL,DAL,41-50,0.9444444444444445
2024,18,2024_18_WAS_DAL,DAL,0-30,
2016,2,2016_02_IND_DEN,DEN,41-50,
2016,2,2016_02_IND_DEN,DEN,51-55,
2016,2,2016_02_IND_DEN,DEN,31-40,
2016,2,2016_02_IND_DEN,DEN,0-30,
2016,3,2016_03_DEN_CIN,DEN,0-30,
2016,4,2016_04_DEN_TB,DEN,0-30,
2016,4,2016_04_DEN_TB,DEN,31-40,
2016,5,2016_05_ATL_DEN,DEN,31-40,
2016,5,2016_05_ATL_DEN,DEN,41-50,
2016,6,2016_06_DEN_SD,DEN,56+,
2016,6,2016_06_DEN_SD,DEN,0-30,
2016,6,2016_06_DEN_SD,DEN,41-50,
2016,7,2016_07_HOU_DEN,DEN,0-30,
2016,7,2016_07_HOU_DEN,DEN,31-40,
2016,8,2016_08_SD_DEN,DEN,0-30,
2016,9,2016_09_DEN_OAK,DEN,51-55,
2016,9,2016_09_DEN_OAK,DEN,41-50,
2016,10,2016_10_DEN_NO,DEN,31-40,
2016,10,2016_10_DEN_NO,DEN,41-50,
2016,10,2016_10_DEN_NO,DEN,0-30,1.0
2016,12,2016_12_KC_DEN,DEN,31-40,
2016,12,2016_12_KC_DEN,DEN,56+,
2016,12,2016_12_KC_DEN,DEN,41-50,
2016,13,2016_13_DEN_JAX,DEN,31-40,1.0
2016,13,2016_13_DEN_JAX,DEN,41-50,0.9166666666666666
2016,14,2016_14_DEN_TEN,DEN,31-40,1.0
2016,15,2016_15_NE_DEN,DEN,31-40,1.0
2016,16,2016_16_DEN_KC,DEN,51-55,
2016,17,2016_17_OAK_DEN,DEN,41-50,0.9166666666666666
2016,17,2016_17_OAK_DEN,DEN,0-30,1.0
2017,1,2017_01_LAC_DEN,DEN,0-30,
2017,1,2017_01_LAC_DEN,DEN,41-50,
2017,2,2017_02_DAL_DEN,DEN,41-50,
2017,3,2017_03_DEN_BUF,DEN,0-30,
2017,3,2017_03_DEN_BUF,DEN,31-40,
2017,4,2017_04_OAK_DEN,DEN,0-30,
2017,4,2017_04_OAK_DEN,DEN,41-50,
2017,4,2017_04_OAK_DEN,DEN,31-40,
2017,6,2017_06_NYG_DEN,DEN,0-30,
2017,6,2017_06_NYG_DEN,DEN,31-40,
2017,6,2017_06_NYG_DEN,DEN,51-55,
2017,8,2017_08_DEN_KC,DEN,0-30,
2017,8,2017_08_DEN_KC,DEN,31-40,
2017,9,2017_09_DEN_PHI,DEN,51-55,
2017,9,2017_09_DEN_PHI,DEN,0-30,
2017,10,2017_10_NE_DEN,DEN,31-40,
2017,11,2017_11_CIN_DEN,DEN,56+,
2017,11,2017_11_CIN_DEN,DEN,41-50,
2017,13,2017_13_DEN_MIA,DEN,31-40,
2017,14,2017_14_NYJ_DEN,DEN,0-30,0.9166666666666666
2017,14,2017_14_NYJ_DEN,DEN,51-55,
2017,14,2017_14_NYJ_DEN,DEN,31-40,0.8333333333333334
2017,15,2017_15_DEN_IND,DEN,31-40,0.8333333333333334
2017,16,2017_16_DEN_WAS,DEN,31-40,0.75
2017,17,2017_17_KC_DEN,DEN,31-40,0.9166666666666666
2018,1,2018_01_SEA_DEN,DEN,51-55,
2018,2,2018_02_OAK_DEN,DEN,31-40,
2018,4,2018_04_KC_DEN,DEN,41-50,
2018,4,2018_04_KC_DEN,DEN,31-40,
2018,5,2018_05_DEN_NYJ,DEN,0-30,
2018,6,2018_06_LA_DEN,DEN,0-30,
2018,7,2018_07_DEN_ARI,DEN,41-50,
2018,8,2018_08_DEN_KC,DEN,31-40,
2018,8,2018_08_DEN_KC,DEN,51-55,
2018,9,2018_09_HOU_DEN,DEN,41-50,
2018,9,2018_09_HOU_DEN,DEN,51-55,
2018,9,2018_09_HOU_DEN,DEN,56+,
2018,11,2018_11_DEN_LAC,DEN,31-40,
2018,12,2018_12_PIT_DEN,DEN,41-50,
2018,13,2018_13_DEN_CIN,DEN,41-50,
2018,13,2018_13_DEN_CIN,DEN,0-30,
2018,15,2018_15_CLE_DEN,DEN,0-30,
2018,15,2018_15_CLE_DEN,DEN,41-50,
2018,16,2018_16_DEN_OAK,DEN,56+,
2018,17,2018_17_LAC_DEN,DEN,0-30,
2019,1,2019_01_DEN_OAK,DEN,31-40,
2019,1,2019_01_DEN_OAK,DEN,56+,
2019,1,2019_01_DEN_OAK,DEN,0-30,
2019,2,2019_02_CHI_DEN,DEN,31-40,
2019,2,2019_02_CHI_DEN,DEN,41-50,
2019,3,2019_03_DEN_GB,DEN,0-30,
2019,4,2019_04_JAX_DEN,DEN,31-40,
2019,5,2019_05_DEN_LAC,DEN,41-50,
2019,5,2019_05_DEN_LAC,DEN,51-55,
2019,5,2019_05_DEN_LAC,DEN,31-40,
2019,6,2019_06_TEN_DEN,DEN,31-40,
2019,6,2019_06_TEN_DEN,DEN,51-55,
2019,6,2019_06_TEN_DEN,DEN,41-50,
2019,7,2019_07_KC_DEN,DEN,41-50,
2019,8,2019_08_DEN_IND,DEN,0-30,
2019,9,2019_09_CLE_DEN,DEN,41-50,
2019,11,2019_11_DEN_MIN,DEN,41-50,
2019,11,2019_11_DEN_MIN,DEN,0-30,
2019,12,2019_12_DEN_BUF,DEN,41-50,0.7777777777777778
2019,13,2019_13_LAC_DEN,DEN,31-40,
2019,13,2019_13_LAC_DEN,DEN,51-55,
2019,14,2019_14_DEN_HOU,DEN,31-40,1.0
2019,15,2019_15_DEN_KC,DEN,31-40,1.0
2019,16,2019_16_DET_DEN,DEN,0-30,
2019,16,2019_16_DET_DEN,DEN,31-40,1.0
2019,17,2019_17_OAK_DEN,DEN,51-55,
2019,17,2019_17_OAK_DEN,DEN,56+,
2019,17,2019_17_OAK_DEN,DEN,41-50,0.7777777777777778
2020,2,2020_02_DEN_PIT,DEN,56+,
2020,2,2020_02_DEN_PIT,DEN,0-30,
2020,2,2020_02_DEN_PIT,DEN,41-50,
2020,3,2020_03_TB_DEN,DEN,56+,
2020,4,2020_04_DEN_NYJ,DEN,31-40,
2020,4,2020_04_DEN_NYJ,DEN,51-55,
2020,6,2020_06_DEN_NE,DEN,41-50,
2020,6,2020_06_DEN_NE,DEN,0-30,
2020,6,2020_06_DEN_NE,DEN,51-55,
2020,7,2020_07_KC_DEN,DEN,41-50,
2020,8,2020_08_LAC_DEN,DEN,31-40,
2020,9,2020_09_DEN_ATL,DEN,41-50,
2020,10,2020_10_DEN_LV,DEN,41-50,
2020,10,2020_10_DEN_LV,DEN,31-40,
2020,11,2020_11_MIA_DEN,DEN,0-30,
2020,11,2020_11_MIA_DEN,DEN,41-50,
2020,12,2020_12_NO_DEN,DEN,56+,
2020,13,2020_13_DEN_KC,DEN,56+,
2020,13,2020_13_DEN_KC,DEN,51-55,
2020,15,2020_15_BUF_DEN,DEN,51-55,
2020,16,2020_16_DEN_LAC,DEN,51-55,
2020,16,2020_16_DEN_LAC,DEN,31-40,
2020,16,2020_16_DEN_LAC,DEN,0-30,
2020,16,2020_16_DEN_LAC,DEN,41-50,1.0
2020,17,2020_17_LV_DEN,DEN,56+,
2020,17,2020_17_LV_DEN,DEN,0-30,
2020,17,2020_17_LV_DEN,DEN,31-40,
2021,1,2021_01_DEN_NYG,DEN,0-30,
2021,1,2021_01_DEN_NYG,DEN,31-40,
2021,2,2021_02_DEN_JAX,DEN,31-40,
2021,2,2021_02_DEN_JAX,DEN,41-50,
2021,3,2021_03_NYJ_DEN,DEN,31-40,
2021,3,2021_03_NYJ_DEN,DEN,0-30,
2021,3,2021_03_NYJ_DEN,DEN,41-50,
2021,5,2021_05_DEN_PIT,DEN,31-40,
2021,5,2021_05_DEN_PIT,DEN,0-30,
2021,6,2021_06_LV_DEN,DEN,31-40,
2021,8,2021_08_WAS_DEN,DEN,51-55,
2021,8,2021_08_WAS_DEN,DEN,41-50,
2021,9,2021_09_DEN_DAL,DEN,51-55,
2021,9,2021_09_DEN_DAL,DEN,41-50,
2021,9,2021_09_DEN_DAL,DEN,0-30,
2021,10,2021_10_PHI_DEN,DEN,0-30,
2021,13,2021_13_DEN_KC,DEN,41-50,
2021,14,2021_14_DET_DEN,DEN,51-55,
2021,15,2021_15_CIN_DEN,DEN,51-55,
2021,16,2021_16_DEN_LV,DEN,41-50,
2021,16,2021_16_DEN_LV,DEN,51-55,
2021,17,2021_17_DEN_LAC,DEN,0-30,
2021,17,2021_17_DEN_LAC,DEN,56+,
2021,18,2021_18_KC_DEN,DEN,31-40,
2022,1,2022_01_DEN_SEA,DEN,56+,
2022,1,2022_01_DEN_SEA,DEN,0-30,
2022,1,2022_01_DEN_SEA,DEN,31-40,
2022,2,2022_02_HOU_DEN,DEN,0-30,
2022,2,2022_02_HOU_DEN,DEN,41-50,
2022,3,2022_03_SF_DEN,DEN,51-55,
2022,4,2022_04_DEN_LV,DEN,0-30,
2022,5,2022_05_IND_DEN,DEN,31-40,
2022,5,2022_05_IND_DEN,DEN,41-50,
2022,6,2022_06_DEN_LAC,DEN,41-50,
2022,6,2022_06_DEN_LAC,DEN,0-30,
2022,6,2022_06_DEN_LAC,DEN,51-55,
2022,7,2022_07_NYJ_DEN,DEN,41-50,
2022,7,2022_07_NYJ_DEN,DEN,56+,
2022,10,2022_10_DEN_TEN,DEN,31-40,
2022,11,2022_11_LV_DEN,DEN,41-50,
2022,11,2022_11_LV_DEN,DEN,0-30,
2022,11,2022_11_LV_DEN,DEN,51-55,
2022,12,2022_12_DEN_CAR,DEN,0-30,
2022,12,2022_12_DEN_CAR,DEN,56+,
2022,13,2022_13_DEN_BAL,DEN,56+,
2022,13,2022_13_DEN_BAL,DEN,41-50,
2022,13,2022_13_DEN_BAL,DEN,51-55,
2022,15,2022_15_ARI_DEN,DEN,51-55,
2022,15,2022_15_ARI_DEN,DEN,31-40,
2022,16,2022_16_DEN_LA,DEN,51-55,
2022,16,2022_16_DEN_LA,DEN,41-50,1.0
2022,17,2022_17_DEN_KC,DEN,41-50,1.0
2022,18,2022_18_LAC_DEN,DEN,31-40,
2023,1,2023_01_LV_DEN,DEN,0-30,
2023,1,2023_01_LV_DEN,DEN,51-55,
2023,2,2023_02_WAS_DEN,DEN,31-40,
2023,3,2023_03_DEN_MIA,DEN,31-40,
2023,3,2023_03_DEN_MIA,DEN,0-30,
2023,4,2023_04_DEN_CHI,DEN,51-55,
2023,5,2023_05_NYJ_DEN,DEN,0-30,
2023,7,2023_07_GB_DEN,DEN,51-55,
2023,7,2023_07_GB_DEN,DEN,31-40,
2023,7,2023_07_GB_DEN,DEN,0-30,
2023,8,2023_08_KC_DEN,DEN,0-30,
2023,8,2023_08_KC_DEN,DEN,31-40,
2023,10,2023_10_DEN_BUF,DEN,41-50,
2023,10,2023_10_DEN_BUF,DEN,31-40,
2023,11,2023_11_MIN_DEN,DEN,51-55,
2023,11,2023_11_MIN_DEN,DEN,31-40,
2023,11,2023_11_MIN_DEN,DEN,0-30,
2023,12,2023_12_CLE_DEN,DEN,0-30,1.0
2023,12,2023_12_CLE_DEN,DEN,31-40,0.8333333333333334
2023,13,2023_13_DEN_HOU,DEN,31-40,0.8333333333333334
2023,14,2023_14_DEN_LAC,DEN,0-30,1.0
2023,15,2023_15_DEN_DET,DEN,0-30,1.0
2023,16,2023_16_NE_DEN,DEN,56+,
2023,17,2023_17_LAC_DEN,DEN,31-40,0.8333333333333334
2023,17,2023_17_LAC_DEN,DEN,0-30,1.0
2023,17,2023_17_LAC_DEN,DEN,41-50,
2024,1,2024_01_DEN_SEA,DEN,0-30,
2024,1,2024_01_DEN_SEA,DEN,31-40,
2024,1,2024_01_DEN_SEA,DEN,41-50,
2024,2,2024_02_PIT_DEN,DEN,31-40,
2024,2,2024_02_PIT_DEN,DEN,0-30,
2024,3,2024_03_DEN_TB,DEN,41-50,
2024,3,2024_03_DEN_TB,DEN,31-40,
2024,4,2024_04_DEN_NYJ,DEN,41-50,
2024,5,2024_05_LV_DEN,DEN,51-55,
2024,5,2024_05_LV_DEN,DEN,41-50,
2024,6,2024_06_LAC_DEN,DEN,31-40,
2024,7,2024_07_DEN_NO,DEN,31-40,
2024,7,2024_07_DEN_NO,DEN,51-55,
2024,7,2024_07_DEN_NO,DEN,41-50,
2024,9,2024_09_DEN_BAL,DEN,31-40,
2024,10,2024_10_DEN_KC,DEN,31-40,1.0
2024,10,2024_10_DEN_KC,DEN,56+,
2024,11,2024_11_ATL_DEN,DEN,41-50,
2024,12,2024_12_DEN_LV,DEN,51-55,
2024,12,2024_12_DEN_LV,DEN,41-50,0.9166666666666666
2024,12,2024_12_DEN_LV,DEN,31-40,0.8333333333333334
2024,13,2024_13_CLE_DEN,DEN,0-30,
2024,13,2024_13_CLE_DEN,DEN,31-40,0.8333333333333334
2024,15,2024_15_IND_DEN,DEN,41-50,0.9166666666666666
2024,16,2024_16_DEN_LAC,DEN,41-50,0.9166666666666666
2024,16,2024_16_DEN_LAC,DEN,51-55,
2024,17,2024_17_DEN_CIN,DEN,0-30,
2024,18,2024_18_KC_DEN,DEN,31-40,0.8333333333333334
2016,1,2016_01_DET_IND,DET,41-50,
2016,2,2016_02_TEN_DET,DET,41-50,
2016,2,2016_02_TEN_DET,DET,0-30,
2016,3,2016_03_DET_GB,DET,41-50,
2016,4,2016_04_DET_CHI,DET,41-50,
2016,4,2016_04_DET_CHI,DET,0-30,
2016,5,2016_05_PHI_DET,DET,0-30,
2016,6,2016_06_LA_DET,DET,31-40,
2016,7,2016_07_WAS_DET,DET,41-50,
2016,7,2016_07_WAS_DET,DET,0-30,
2016,8,2016_08_DET_HOU,DET,31-40,
2016,8,2016_08_DET_HOU,DET,41-50,
2016,9,2016_09_DET_MIN,DET,41-50,0.7777777777777777
2016,9,2016_09_DET_MIN,DET,56+,
2016,9,2016_09_DET_MIN,DET,51-55,
2016,11,2016_11_JAX_DET,DET,41-50,0.7777777777777777
2016,11,2016_11_JAX_DET,DET,0-30,
2016,12,2016_12_MIN_DET,DET,0-30,
2016,12,2016_12_MIN_DET,DET,31-40,
2016,12,2016_12_MIN_DET,DET,41-50,0.7777777777777777
2016,13,2016_13_DET_NO,DET,31-40,
2016,13,2016_13_DET_NO,DET,51-55,
2016,13,2016_13_DET_NO,DET,0-30,1.0
2016,14,2016_14_CHI_DET,DET,51-55,
2016,14,2016_14_CHI_DET,DET,0-30,1.0
2016,15,2016_15_DET_NYG,DET,41-50,0.8333333333333334
2016,15,2016_15_DET_NYG,DET,31-40,
2016,16,2016_16_DET_DAL,DET,41-50,0.8333333333333334
2016,17,2016_17_GB_DET,DET,31-40,
2016,17,2016_17_GB_DET,DET,51-55,
2017,1,2017_01_ARI_DET,DET,56+,
2017,2,2017_02_DET_NYG,DET,56+,
2017,3,2017_03_ATL_DET,DET,56+,
2017,3,2017_03_ATL_DET,DET,31-40,
2017,3,2017_03_ATL_DET,DET,51-55,
2017,4,2017_04_DET_MIN,DET,31-40,
2017,4,2017_04_DET_MIN,DET,56+,
2017,4,2017_04_DET_MIN,DET,0-30,
2017,5,2017_05_CAR_DET,DET,0-30,
2017,6,2017_06_DET_NO,DET,41-50,
2017,6,2017_06_DET_NO,DET,56+,
2017,8,2017_08_PIT_DET,DET,51-55,
2017,8,2017_08_PIT_DET,DET,0-30,
2017,8,2017_08_PIT_DET,DET,41-50,
2017,8,2017_08_PIT_DET,DET,31-40,
2017,9,2017_09_DET_GB,DET,31-40,
2017,9,2017_09_DET_GB,DET,41-50,
2017,9,2017_09_DET_GB,DET,51-55,
2017,9,2017_09_DET_GB,DET,0-30,
2017,10,2017_10_CLE_DET,DET,41-50,
2017,11,2017_11_DET_CHI,DET,0-30,
2017,11,2017_11_DET_CHI,DET,51-55,
2017,12,2017_12_MIN_DET,DET,41-50,
2017,12,2017_12_MIN_DET,DET,31-40,
2017,13,2017_13_DET_BAL,DET,41-50,
2017,14,2017_14_DET_TB,DET,41-50,0.8333333333333334
2017,15,2017_15_CHI_DET,DET,41-50,0.8333333333333334
2017,15,2017_15_CHI_DET,DET,31-40,
2017,16,2017_16_DET_CIN,DET,41-50,0.8333333333333334
2017,16,2017_16_DET_CIN,DET,0-30,
2017,17,2017_17_GB_DET,DET,0-30,1.0
2018,1,2018_01_NYJ_DET,DET,51-55,
2018,1,2018_01_NYJ_DET,DET,41-50,
2018,1,2018_01_NYJ_DET,DET,0-30,
2018,2,2018_02_DET_SF,DET,0-30,
2018,2,2018_02_DET_SF,DET,41-50,
2018,3,2018_03_NE_DET,DET,0-30,
2018,3,2018_03_NE_DET,DET,31-40,
2018,4,2018_04_DET_DAL,DET,31-40,
2018,5,2018_05_GB_DET,DET,31-40,
2018,5,2018_05_GB_DET,DET,51-55,
2018,7,2018_07_DET_MIA,DET,0-30,
2018,7,2018_07_DET_MIA,DET,31-40,
2018,7,2018_07_DET_MIA,DET,41-50,
2018,9,2018_09_DET_MIN,DET,31-40,
2018,10,2018_10_DET_CHI,DET,51-55,
2018,11,2018_11_CAR_DET,DET,51-55,
2018,11,2018_11_CAR_DET,DET,31-40,
2018,12,2018_12_CHI_DET,DET,0-30,
2018,13,2018_13_LA_DET,DET,0-30,
2018,13,2018_13_LA_DET,DET,31-40,1.0
2018,14,2018_14_DET_ARI,DET,41-50,
2018,15,2018_15_DET_BUF,DET,41-50,
2018,16,2018_16_MIN_DET,DET,41-50,
2018,16,2018_16_MIN_DET,DET,31-40,1.0
2018,17,2018_17_DET_GB,DET,41-50,0.6666666666666666
2019,1,2019_01_DET_ARI,DET,51-55,
2019,1,2019_01_DET_ARI,DET,31-40,
2019,2,2019_02_LAC_DET,DET,31-40,
2019,3,2019_03_DET_PHI,DET,31-40,
2019,3,2019_03_DET_PHI,DET,41-50,
2019,3,2019_03_DET_PHI,DET,0-30,
2019,4,2019_04_KC_DET,DET,41-50,
2019,4,2019_04_KC_DET,DET,0-30,
2019,4,2019_04_KC_DET,DET,51-55,
2019,6,2019_06_DET_GB,DET,0-30,
2019,6,2019_06_DET_GB,DET,51-55,
2019,6,2019_06_DET_GB,DET,41-50,
2019,7,2019_07_MIN_DET,DET,41-50,
2019,8,2019_08_NYG_DET,DET,51-55,
2019,9,2019_09_DET_OAK,DET,0-30,
2019,10,2019_10_DET_CHI,DET,51-55,
2019,10,2019_10_DET_CHI,DET,0-30,
2019,12,2019_12_DET_WAS,DET,41-50,
2019,12,2019_12_DET_WAS,DET,0-30,
2019,12,2019_12_DET_WAS,DET,31-40,
2019,13,2019_13_CHI_DET,DET,0-30,1.0
2019,14,2019_14_DET_MIN,DET,41-50,
2019,15,2019_15_TB_DET,DET,41-50,0.6666666666666666
2019,16,2019_16_DET_DEN,DET,0-30,1.0
2019,17,2019_17_GB_DET,DET,56+,
2019,17,2019_17_GB_DET,DET,41-50,0.8333333333333334
2020,1,2020_01_CHI_DET,DET,41-50,
2020,1,2020_01_CHI_DET,DET,0-30,
2020,1,2020_01_CHI_DET,DET,51-55,
2020,1,2020_01_CHI_DET,DET,31-40,
2020,2,2020_02_DET_GB,DET,56+,
2020,3,2020_03_DET_ARI,DET,0-30,
2020,3,2020_03_DET_ARI,DET,31-40,
2020,6,2020_06_DET_JAX,DET,56+,
2020,6,2020_06_DET_JAX,DET,41-50,
2020,6,2020_06_DET_JAX,DET,31-40,
2020,7,2020_07_DET_ATL,DET,41-50,
2020,7,2020_07_DET_ATL,DET,51-55,
2020,8,2020_08_IND_DET,DET,41-50,
2020,9,2020_09_DET_MIN,DET,0-30,
2020,9,2020_09_DET_MIN,DET,41-50,
2020,10,2020_10_WAS_DET,DET,31-40,
2020,10,2020_10_WAS_DET,DET,51-55,
2020,10,2020_10_WAS_DET,DET,56+,
2020,11,2020_11_DET_CAR,DET,51-55,
2020,12,2020_12_HOU_DET,DET,0-30,
2020,14,2020_14_GB_DET,DET,31-40,
2020,15,2020_15_DET_TEN,DET,51-55,
2020,17,2020_17_MIN_DET,DET,51-55,
2021,1,2021_01_SF_DET,DET,51-55,
2021,1,2021_01_SF_DET,DET,41-50,
2021,2,2021_02_DET_GB,DET,41-50,
2021,3,2021_03_BAL_DET,DET,31-40,
2021,5,2021_05_DET_MIN,DET,31-40,
2021,5,2021_05_DET_MIN,DET,51-55,
2021,6,2021_06_CIN_DET,DET,31-40,
2021,7,2021_07_DET_LA,DET,31-40,
2021,7,2021_07_DET_LA,DET,41-50,
2021,8,2021_08_PHI_DET,DET,41-50,
2021,10,2021_10_DET_PIT,DET,0-30,
2021,10,2021_10_DET_PIT,DET,41-50,
2021,11,2021_11_DET_CLE,DET,41-50,
2021,13,2021_13_MIN_DET,DET,41-50,0.6666666666666666
2021,13,2021_13_MIN_DET,DET,31-40,
2021,14,2021_14_DET_DEN,DET,31-40,
2021,15,2021_15_ARI_DET,DET,41-50,0.6666666666666666
2021,15,2021_15_ARI_DET,DET,31-40,1.0
2021,16,2021_16_DET_ATL,DET,0-30,
2021,16,2021_16_DET_ATL,DET,31-40,1.0
2021,17,2021_17_DET_SEA,DET,51-55,
2021,18,2021_18_GB_DET,DET,31-40,1.0
2021,18,2021_18_GB_DET,DET,0-30,
2022,2,2022_02_WAS_DET,DET,31-40,
2022,2,2022_02_WAS_DET,DET,41-50,
2022,3,2022_03_DET_MIN,DET,41-50,
2022,3,2022_03_DET_MIN,DET,31-40,
2022,3,2022_03_DET_MIN,DET,51-55,
2022,4,2022_04_SEA_DET,DET,41-50,
2022,7,2022_07_DET_DAL,DET,31-40,
2022,7,2022_07_DET_DAL,DET,51-55,
2022,8,2022_08_MIA_DET,DET,0-30,
2022,8,2022_08_MIA_DET,DET,41-50,
2022,10,2022_10_DET_CHI,DET,0-30,
2022,11,2022_11_DET_NYG,DET,0-30,
2022,12,2022_12_BUF_DET,DET,0-30,
2022,12,2022_12_BUF_DET,DET,51-55,
2022,13,2022_13_JAX_DET,DET,31-40,
2022,13,2022_13_JAX_DET,DET,41-50,
2022,14,2022_14_MIN_DET,DET,41-50,
2022,15,2022_15_DET_NYJ,DET,51-55,
2022,15,2022_15_DET_NYJ,DET,31-40,
2022,16,2022_16_DET_CAR,DET,31-40,
2022,17,2022_17_CHI_DET,DET,0-30,
2022,17,2022_17_CHI_DET,DET,41-50,0.7777777777777778
2022,18,2022_18_DET_GB,DET,31-40,1.0
2022,18,2022_18_DET_GB,DET,41-50,0.7777777777777778
2023,2,2023_02_SEA_DET,DET,31-40,
2023,3,2023_03_ATL_DET,DET,0-30,
2023,3,2023_03_ATL_DET,DET,31-40,
2023,4,2023_04_DET_GB,DET,31-40,
2023,6,2023_06_DET_TB,DET,51-55,
2023,6,2023_06_DET_TB,DET,31-40,
2023,6,2023_06_DET_TB,DET,0-30,
2023,8,2023_08_LV_DET,DET,51-55,
2023,8,2023_08_LV_DET,DET,31-40,
2023,8,2023_08_LV_DET,DET,0-30,
2023,8,2023_08_LV_DET,DET,41-50,
2023,10,2023_10_DET_LAC,DET,41-50,
2023,10,2023_10_DET_LAC,DET,31-40,
2023,13,2023_13_DET_NO,DET,0-30,
2023,13,2023_13_DET_NO,DET,31-40,1.0
2023,16,2023_16_DET_MIN,DET,31-40,1.0
2023,17,2023_17_DET_DAL,DET,0-30,
2023,17,2023_17_DET_DAL,DET,41-50,
2023,18,2023_18_MIN_DET,DET,31-40,1.0
2024,1,2024_01_LA_DET,DET,31-40,
2024,1,2024_01_LA_DET,DET,0-30,
2024,2,2024_02_TB_DET,DET,31-40,
2024,2,2024_02_TB_DET,DET,0-30,
2024,6,2024_06_DET_DAL,DET,41-50,
2024,6,2024_06_DET_DAL,DET,31-40,
2024,7,2024_07_DET_MIN,DET,41-50,
2024,8,2024_08_TEN_DET,DET,51-55,
2024,9,2024_09_DET_GB,DET,0-30,
2024,10,2024_10_DET_HOU,DET,51-55,
2024,10,2024_10_DET_HOU,DET,56+,
2024,11,2024_11_JAX_DET,DET,51-55,
2024,12,2024_12_DET_IND,DET,56+,
2024,13,2024_13_CHI_DET,DET,0-30,
2024,13,2024_13_CHI_DET,DET,41-50,
2024,13,2024_13_CHI_DET,DET,31-40,
2024,14,2024_14_GB_DET,DET,41-50,
2024,14,2024_14_GB_DET,DET,31-40,
2024,15,2024_15_BUF_DET,DET,51-55,
2024,16,2024_16_DET_CHI,DET,31-40,
2024,16,2024_16_DET_CHI,DET,56+,
2024,16,2024_16_DET_CHI,DET,0-30,
2024,17,2024_17_DET_SF,DET,41-50,
2024,17,2024_17_DET_SF,DET,56+,
2024,18,2024_18_MIN_DET,DET,41-50,
2016,1,2016_01_GB_JAX,GB,0-30,
2016,3,2016_03_DET_GB,GB,41-50,
2016,3,2016_03_DET_GB,GB,31-40,
2016,5,2016_05_NYG_GB,GB,31-40,
2016,5,2016_05_NYG_GB,GB,0-30,
2016,5,2016_05_NYG_GB,GB,41-50,
2016,6,2016_06_DAL_GB,GB,41-50,
2016,6,2016_06_DAL_GB,GB,31-40,
2016,7,2016_07_CHI_GB,GB,31-40,
2016,8,2016_08_GB_ATL,GB,0-30,
2016,9,2016_09_IND_GB,GB,0-30,
2016,9,2016_09_IND_GB,GB,41-50,
2016,9,2016_09_IND_GB,GB,31-40,
2016,10,2016_10_GB_TEN,GB,0-30,
2016,10,2016_10_GB_TEN,GB,31-40,
2016,11,2016_11_GB_WAS,GB,31-40,0.9444444444444443
2016,12,2016_12_GB_PHI,GB,31-40,0.861111111111111
2016,14,2016_14_SEA_GB,GB,51-55,
2016,14,2016_14_SEA_GB,GB,31-40,0.861111111111111
2016,15,2016_15_GB_CHI,GB,0-30,
2016,15,2016_15_GB_CHI,GB,31-40,0.861111111111111
2016,16,2016_16_MIN_GB,GB,41-50,
2016,17,2016_17_GB_DET,GB,51-55,
2017,1,2017_01_SEA_GB,GB,31-40,
2017,2,2017_02_GB_ATL,GB,0-30,
2017,3,2017_03_CIN_GB,GB,0-30,
2017,5,2017_05_GB_DAL,GB,0-30,
2017,6,2017_06_GB_MIN,GB,0-30,
2017,7,2017_07_NO_GB,GB,41-50,
2017,7,2017_07_NO_GB,GB,56+,
2017,9,2017_09_DET_GB,GB,31-40,
2017,10,2017_10_GB_CHI,GB,31-40,
2017,10,2017_10_GB_CHI,GB,0-30,
2017,10,2017_10_GB_CHI,GB,41-50,
2017,12,2017_12_GB_PIT,GB,56+,
2017,13,2017_13_TB_GB,GB,31-40,
2017,13,2017_13_TB_GB,GB,0-30,
2017,15,2017_15_GB_CAR,GB,0-30,1.0
2017,17,2017_17_GB_DET,GB,41-50,
2018,1,2018_01_CHI_GB,GB,41-50,
2018,2,2018_02_MIN_GB,GB,31-40,
2018,2,2018_02_MIN_GB,GB,41-50,
2018,2,2018_02_MIN_GB,GB,51-55,
2018,3,2018_03_GB_WAS,GB,41-50,
2018,4,2018_04_BUF_GB,GB,51-55,
2018,4,2018_04_BUF_GB,GB,31-40,
2018,5,2018_05_GB_DET,GB,41-50,
2018,5,2018_05_GB_DET,GB,56+,
2018,5,2018_05_GB_DET,GB,31-40,
2018,6,2018_06_SF_GB,GB,51-55,
2018,6,2018_06_SF_GB,GB,31-40,
2018,6,2018_06_SF_GB,GB,0-30,
2018,8,2018_08_GB_LA,GB,51-55,
2018,8,2018_08_GB_LA,GB,41-50,
2018,9,2018_09_GB_NE,GB,0-30,
2018,10,2018_10_MIA_GB,GB,31-40,
2018,11,2018_11_GB_SEA,GB,31-40,
2018,11,2018_11_GB_SEA,GB,41-50,
2018,12,2018_12_GB_MIN,GB,31-40,0.8333333333333334
2018,13,2018_13_ARI_GB,GB,41-50,0.7222222222222222
2018,13,2018_13_ARI_GB,GB,31-40,0.8333333333333334
2018,14,2018_14_ATL_GB,GB,41-50,0.5555555555555555
2018,15,2018_15_GB_CHI,GB,41-50,0.5555555555555555
2018,16,2018_16_GB_NYJ,GB,31-40,0.8333333333333334
2018,16,2018_16_GB_NYJ,GB,41-50,0.5555555555555555
2018,16,2018_16_GB_NYJ,GB,0-30,
2019,1,2019_01_GB_CHI,GB,31-40,
2019,3,2019_03_DEN_GB,GB,41-50,
2019,4,2019_04_PHI_GB,GB,31-40,
2019,4,2019_04_PHI_GB,GB,0-30,
2019,5,2019_05_GB_DAL,GB,0-30,
2019,5,2019_05_GB_DAL,GB,31-40,
2019,6,2019_06_DET_GB,GB,0-30,
2019,6,2019_06_DET_GB,GB,31-40,
2019,6,2019_06_DET_GB,GB,41-50,
2019,8,2019_08_GB_KC,GB,31-40,
2019,9,2019_09_GB_LAC,GB,51-55,
2019,10,2019_10_CAR_GB,GB,41-50,
2019,13,2019_13_GB_NYG,GB,41-50,
2019,14,2019_14_WAS_GB,GB,31-40,
2019,16,2019_16_GB_MIN,GB,31-40,1.0
2019,16,2019_16_GB_MIN,GB,41-50,
2019,16,2019_16_GB_MIN,GB,0-30,
2019,17,2019_17_GB_DET,GB,51-55,
2019,17,2019_17_GB_DET,GB,31-40,1.0
2020,1,2020_01_GB_MIN,GB,41-50,
2020,1,2020_01_GB_MIN,GB,31-40,
2020,2,2020_02_DET_GB,GB,41-50,
2020,2,2020_02_DET_GB,GB,31-40,
2020,3,2020_03_GB_NO,GB,41-50,
2020,3,2020_03_GB_NO,GB,31-40,
2020,3,2020_03_GB_NO,GB,51-55,
2020,4,2020_04_ATL_GB,GB,41-50,
2020,6,2020_06_GB_TB,GB,31-40,
2020,9,2020_09_GB_SF,GB,0-30,
2020,9,2020_09_GB_SF,GB,51-55,
2020,10,2020_10_JAX_GB,GB,31-40,
2020,11,2020_11_GB_IND,GB,0-30,
2020,13,2020_13_PHI_GB,GB,31-40,
2020,14,2020_14_GB_DET,GB,56+,
2020,15,2020_15_CAR_GB,GB,51-55,
2021,1,2021_01_GB_NO,GB,31-40,
2021,3,2021_03_GB_SF,GB,31-40,
2021,3,2021_03_GB_SF,GB,51-55,
2021,4,2021_04_PIT_GB,GB,0-30,
2021,5,2021_05_GB_CIN,GB,31-40,
2021,5,2021_05_GB_CIN,GB,51-55,
2021,5,2021_05_GB_CIN,GB,41-50,
2021,5,2021_05_GB_CIN,GB,0-30,
2021,6,2021_06_GB_CHI,GB,31-40,
2021,7,2021_07_WAS_GB,GB,31-40,
2021,8,2021_08_GB_ARI,GB,0-30,
2021,9,2021_09_GB_KC,GB,31-40,
2021,10,2021_10_SEA_GB,GB,0-30,
2021,10,2021_10_SEA_GB,GB,41-50,
2021,11,2021_11_GB_MIN,GB,51-55,
2021,11,2021_11_GB_MIN,GB,31-40,0.5833333333333334
2021,12,2021_12_LA_GB,GB,41-50,
2021,12,2021_12_LA_GB,GB,0-30,
2021,14,2021_14_CHI_GB,GB,0-30,
2021,15,2021_15_GB_BAL,GB,0-30,1.0
2021,16,2021_16_CLE_GB,GB,31-40,0.4166666666666667
2021,17,2021_17_MIN_GB,GB,31-40,0.4166666666666667
2021,18,2021_18_GB_DET,GB,31-40,0.5833333333333334
2022,2,2022_02_CHI_GB,GB,0-30,
2022,2,2022_02_CHI_GB,GB,31-40,
2022,4,2022_04_NE_GB,GB,31-40,
2022,5,2022_05_NYG_GB,GB,41-50,
2022,6,2022_06_NYJ_GB,GB,41-50,
2022,6,2022_06_NYJ_GB,GB,0-30,
2022,8,2022_08_GB_BUF,GB,51-55,
2022,8,2022_08_GB_BUF,GB,31-40,
2022,9,2022_09_GB_DET,GB,0-30,
2022,10,2022_10_DAL_GB,GB,51-55,
2022,10,2022_10_DAL_GB,GB,0-30,
2022,11,2022_11_TEN_GB,GB,31-40,
2022,12,2022_12_GB_PHI,GB,0-30,
2022,12,2022_12_GB_PHI,GB,31-40,
2022,13,2022_13_GB_CHI,GB,0-30,
2022,13,2022_13_GB_CHI,GB,31-40,
2022,15,2022_15_LA_GB,GB,31-40,1.0
2022,16,2022_16_GB_MIA,GB,31-40,1.0
2022,16,2022_16_GB_MIA,GB,41-50,
2022,16,2022_16_GB_MIA,GB,0-30,1.0
2022,17,2022_17_MIN_GB,GB,56+,
2022,17,2022_17_MIN_GB,GB,0-30,1.0
2022,18,2022_18_DET_GB,GB,41-50,
2022,18,2022_18_DET_GB,GB,0-30,1.0
2022,18,2022_18_DET_GB,GB,51-55,
2023,1,2023_01_GB_CHI,GB,51-55,
2023,2,2023_02_GB_ATL,GB,31-40,
2023,3,2023_03_NO_GB,GB,31-40,
2023,4,2023_04_DET_GB,GB,31-40,
2023,4,2023_04_DET_GB,GB,41-50,
2023,5,2023_05_GB_LV,GB,0-30,
2023,5,2023_05_GB_LV,GB,31-40,
2023,7,2023_07_GB_DEN,GB,41-50,
2023,7,2023_07_GB_DEN,GB,0-30,
2023,8,2023_08_MIN_GB,GB,0-30,
2023,9,2023_09_LA_GB,GB,0-30,
2023,9,2023_09_LA_GB,GB,31-40,
2023,9,2023_09_LA_GB,GB,41-50,
2023,10,2023_10_GB_PIT,GB,0-30,
2023,10,2023_10_GB_PIT,GB,31-40,
2023,11,2023_11_LAC_GB,GB,0-30,
2023,11,2023_11_LAC_GB,GB,51-55,
2023,12,2023_12_GB_DET,GB,56+,
2023,12,2023_12_GB_DET,GB,41-50,
2023,13,2023_13_KC_GB,GB,31-40,1.0
2023,13,2023_13_KC_GB,GB,41-50,
2023,14,2023_14_GB_NYG,GB,41-50,
2023,14,2023_14_GB_NYG,GB,31-40,1.0
2023,15,2023_15_TB_GB,GB,31-40,1.0
2023,16,2023_16_GB_CAR,GB,51-55,
2023,16,2023_16_GB_CAR,GB,31-40,1.0
2023,17,2023_17_GB_MIN,GB,31-40,1.0
2023,18,2023_18_CHI_GB,GB,0-30,1.0
2023,18,2023_18_CHI_GB,GB,41-50,0.5833333333333334
2024,1,2024_01_GB_PHI,GB,31-40,
2024,1,2024_01_GB_PHI,GB,41-50,
2024,1,2024_01_GB_PHI,GB,0-30,
2024,2,2024_02_IND_GB,GB,31-40,
2024,2,2024_02_IND_GB,GB,41-50,
2024,3,2024_03_GB_TEN,GB,41-50,
2024,3,2024_03_GB_TEN,GB,0-30,
2024,4,2024_04_MIN_GB,GB,41-50,
2024,4,2024_04_MIN_GB,GB,31-40,
2024,5,2024_05_GB_LA,GB,41-50,
2024,6,2024_06_ARI_GB,GB,41-50,
2024,6,2024_06_ARI_GB,GB,31-40,
2024,7,2024_07_HOU_GB,GB,41-50,0.5277777777777778
2024,8,2024_08_GB_JAX,GB,0-30,
2024,8,2024_08_GB_JAX,GB,31-40,
2024,9,2024_09_DET_GB,GB,31-40,
2024,9,2024_09_DET_GB,GB,41-50,0.6944444444444443
2024,9,2024_09_DET_GB,GB,0-30,
2024,12,2024_12_SF_GB,GB,51-55,
2024,13,2024_13_MIA_GB,GB,0-30,
2024,13,2024_13_MIA_GB,GB,41-50,0.5833333333333334
2024,13,2024_13_MIA_GB,GB,31-40,0.8333333333333334
2024,14,2024_14_GB_DET,GB,31-40,0.8333333333333334
2024,15,2024_15_GB_SEA,GB,0-30,
2024,15,2024_15_GB_SEA,GB,31-40,0.8333333333333334
2024,16,2024_16_NO_GB,GB,41-50,0.5833333333333334
2024,16,2024_16_NO_GB,GB,51-55,
2024,17,2024_17_GB_MIN,GB,0-30,1.0
2024,18,2024_18_CHI_GB,GB,0-30,1.0
2024,18,2024_18_CHI_GB,GB,31-40,1.0
2024,18,2024_18_CHI_GB,GB,51-55,
2016,1,2016_01_CHI_HOU,HOU,31-40,
2016,1,2016_01_CHI_HOU,HOU,0-30,
2016,2,2016_02_KC_HOU,HOU,31-40,
2016,2,2016_02_KC_HOU,HOU,0-30,
2016,2,2016_02_KC_HOU,HOU,56+,
2016,2,2016_02_KC_HOU,HOU,41-50,
2016,4,2016_04_TEN_HOU,HOU,41-50,
2016,4,2016_04_TEN_HOU,HOU,51-55,
2016,5,2016_05_HOU_MIN,HOU,0-30,
2016,5,2016_05_HOU_MIN,HOU,51-55,
2016,5,2016_05_HOU_MIN,HOU,31-40,
2016,6,2016_06_IND_HOU,HOU,0-30,
2016,6,2016_06_IND_HOU,HOU,31-40,
2016,7,2016_07_HOU_DEN,HOU,0-30,
2016,7,2016_07_HOU_DEN,HOU,41-50,
2016,8,2016_08_DET_HOU,HOU,31-40,
2016,10,2016_10_HOU_JAX,HOU,41-50,
2016,10,2016_10_HOU_JAX,HOU,51-55,
2016,11,2016_11_HOU_OAK,HOU,0-30,
2016,11,2016_11_HOU_OAK,HOU,31-40,
2016,12,2016_12_SD_HOU,HOU,41-50,
2016,12,2016_12_SD_HOU,HOU,0-30,1.0
2016,14,2016_14_HOU_IND,HOU,41-50,
2016,14,2016_14_HOU_IND,HOU,51-55,
2016,14,2016_14_HOU_IND,HOU,0-30,1.0
2016,14,2016_14_HOU_IND,HOU,31-40,1.0
2016,15,2016_15_JAX_HOU,HOU,0-30,1.0
2016,15,2016_15_JAX_HOU,HOU,41-50,0.75
2016,15,2016_15_JAX_HOU,HOU,31-40,1.0
2016,16,2016_16_CIN_HOU,HOU,0-30,1.0
2016,17,2016_17_HOU_TEN,HOU,0-30,1.0
2016,17,2016_17_HOU_TEN,HOU,41-50,0.75
2017,2,2017_02_HOU_CIN,HOU,0-30,
2017,2,2017_02_HOU_CIN,HOU,41-50,
2017,3,2017_03_HOU_NE,HOU,31-40,
2017,4,2017_04_TEN_HOU,HOU,31-40,
2017,4,2017_04_TEN_HOU,HOU,41-50,
2017,6,2017_06_CLE_HOU,HOU,31-40,
2017,8,2017_08_HOU_SEA,HOU,31-40,
2017,9,2017_09_IND_HOU,HOU,31-40,
2017,10,2017_10_HOU_LA,HOU,31-40,
2017,11,2017_11_ARI_HOU,HOU,31-40,0.6666666666666666
2017,12,2017_12_HOU_BAL,HOU,0-30,
2017,12,2017_12_HOU_BAL,HOU,31-40,0.6666666666666666
2017,13,2017_13_HOU_TEN,HOU,0-30,
2017,13,2017_13_HOU_TEN,HOU,41-50,
2017,14,2017_14_SF_HOU,HOU,51-55,
2017,17,2017_17_HOU_IND,HOU,41-50,
2017,17,2017_17_HOU_IND,HOU,51-55,
2018,1,2018_01_HOU_NE,HOU,31-40,
2018,1,2018_01_HOU_NE,HOU,41-50,
2018,2,2018_02_HOU_TEN,HOU,31-40,
2018,2,2018_02_HOU_TEN,HOU,51-55,
2018,3,2018_03_NYG_HOU,HOU,0-30,
2018,3,2018_03_NYG_HOU,HOU,51-55,
2018,4,2018_04_HOU_IND,HOU,56+,
2018,4,2018_04_HOU_IND,HOU,31-40,
2018,4,2018_04_HOU_IND,HOU,0-30,
2018,5,2018_05_DAL_HOU,HOU,31-40,
2018,5,2018_05_DAL_HOU,HOU,0-30,
2018,5,2018_05_DAL_HOU,HOU,41-50,
2018,6,2018_06_BUF_HOU,HOU,0-30,
2018,6,2018_06_BUF_HOU,HOU,31-40,
2018,7,2018_07_HOU_JAX,HOU,41-50,
2018,9,2018_09_HOU_DEN,HOU,31-40,
2018,9,2018_09_HOU_DEN,HOU,41-50,
2018,11,2018_11_HOU_WAS,HOU,51-55,
2018,11,2018_11_HOU_WAS,HOU,41-50,
2018,11,2018_11_HOU_WAS,HOU,0-30,
2018,11,2018_11_HOU_WAS,HOU,31-40,1.0
2018,12,2018_12_TEN_HOU,HOU,41-50,
2018,13,2018_13_CLE_HOU,HOU,51-55,
2018,13,2018_13_CLE_HOU,HOU,41-50,0.6666666666666666
2018,13,2018_13_CLE_HOU,HOU,31-40,1.0
2018,15,2018_15_HOU_NYJ,HOU,51-55,
2018,15,2018_15_HOU_NYJ,HOU,31-40,1.0
2018,15,2018_15_HOU_NYJ,HOU,41-50,0.6666666666666666
2018,16,2018_16_HOU_PHI,HOU,0-30,
2018,17,2018_17_JAX_HOU,HOU,0-30,1.0
2019,2,2019_02_JAX_HOU,HOU,31-40,
2019,2,2019_02_JAX_HOU,HOU,0-30,
2019,3,2019_03_HOU_LAC,HOU,56+,
2019,4,2019_04_CAR_HOU,HOU,51-55,
2019,4,2019_04_CAR_HOU,HOU,31-40,
2019,5,2019_05_ATL_HOU,HOU,41-50,
2019,5,2019_05_ATL_HOU,HOU,0-30,
2019,6,2019_06_HOU_KC,HOU,41-50,
2019,7,2019_07_HOU_IND,HOU,31-40,
2019,7,2019_07_HOU_IND,HOU,41-50,
2019,7,2019_07_HOU_IND,HOU,0-30,
2019,8,2019_08_OAK_HOU,HOU,31-40,
2019,9,2019_09_HOU_JAX,HOU,41-50,
2019,9,2019_09_HOU_JAX,HOU,56+,
2019,9,2019_09_HOU_JAX,HOU,51-55,
2019,11,2019_11_HOU_BAL,HOU,41-50,
2019,12,2019_12_IND_HOU,HOU,31-40,
2019,14,2019_14_DEN_HOU,HOU,51-55,
2019,15,2019_15_HOU_TEN,HOU,0-30,
2019,16,2019_16_HOU_TB,HOU,0-30,
2019,16,2019_16_HOU_TB,HOU,31-40,
2020,1,2020_01_HOU_KC,HOU,51-55,
2020,2,2020_02_BAL_HOU,HOU,31-40,
2020,2,2020_02_BAL_HOU,HOU,41-50,
2020,4,2020_04_MIN_HOU,HOU,41-50,
2020,4,2020_04_MIN_HOU,HOU,0-30,
2020,5,2020_05_JAX_HOU,HOU,31-40,
2020,5,2020_05_JAX_HOU,HOU,41-50,
2020,6,2020_06_HOU_TEN,HOU,31-40,
2020,7,2020_07_GB_HOU,HOU,41-50,
2020,7,2020_07_GB_HOU,HOU,0-30,
2020,7,2020_07_GB_HOU,HOU,31-40,
2020,9,2020_09_HOU_JAX,HOU,0-30,
2020,9,2020_09_HOU_JAX,HOU,51-55,
2020,10,2020_10_HOU_CLE,HOU,41-50,
2020,11,2020_11_NE_HOU,HOU,31-40,
2020,11,2020_11_NE_HOU,HOU,41-50,
2020,12,2020_12_HOU_DET,HOU,41-50,0.6666666666666666
2020,12,2020_12_HOU_DET,HOU,0-30,
2020,13,2020_13_IND_HOU,HOU,51-55,
2020,13,2020_13_IND_HOU,HOU,31-40,
2020,15,2020_15_HOU_IND,HOU,31-40,1.0
2020,15,2020_15_HOU_IND,HOU,0-30,
2020,16,2020_16_CIN_HOU,HOU,0-30,
2020,17,2020_17_TEN_HOU,HOU,0-30,1.0
2020,17,2020_17_TEN_HOU,HOU,41-50,0.6666666666666666
2020,17,2020_17_TEN_HOU,HOU,51-55,
2021,1,2021_01_JAX_HOU,HOU,0-30,
2021,1,2021_01_JAX_HOU,HOU,31-40,
2021,2,2021_02_HOU_CLE,HOU,41-50,
2021,3,2021_03_CAR_HOU,HOU,51-55,
2021,5,2021_05_NE_HOU,HOU,56+,
2021,5,2021_05_NE_HOU,HOU,31-40,
2021,6,2021_06_HOU_IND,HOU,31-40,
2021,7,2021_07_HOU_ARI,HOU,51-55,
2021,8,2021_08_LA_HOU,HOU,41-50,
2021,9,2021_09_HOU_MIA,HOU,0-30,
2021,9,2021_09_HOU_MIA,HOU,31-40,
2021,11,2021_11_HOU_TEN,HOU,41-50,
2021,11,2021_11_HOU_TEN,HOU,0-30,
2021,11,2021_11_HOU_TEN,HOU,31-40,
2021,12,2021_12_NYJ_HOU,HOU,51-55,
2021,14,2021_14_SEA_HOU,HOU,0-30,
2021,14,2021_14_SEA_HOU,HOU,56+,
2021,15,2021_15_HOU_JAX,HOU,0-30,
2021,15,2021_15_HOU_JAX,HOU,51-55,
2021,16,2021_16_LAC_HOU,HOU,51-55,
2021,16,2021_16_LAC_HOU,HOU,0-30,
2021,17,2021_17_HOU_SF,HOU,41-50,
2021,18,2021_18_TEN_HOU,HOU,31-40,
2022,1,2022_01_IND_HOU,HOU,41-50,
2022,2,2022_02_HOU_DEN,HOU,0-30,
2022,2,2022_02_HOU_DEN,HOU,41-50,
2022,2,2022_02_HOU_DEN,HOU,31-40,
2022,3,2022_03_HOU_CHI,HOU,0-30,
2022,3,2022_03_HOU_CHI,HOU,31-40,
2022,4,2022_04_LAC_HOU,HOU,31-40,
2022,4,2022_04_LAC_HOU,HOU,41-50,
2022,5,2022_05_HOU_JAX,HOU,51-55,
2022,5,2022_05_HOU_JAX,HOU,41-50,
2022,7,2022_07_HOU_LV,HOU,51-55,
2022,7,2022_07_HOU_LV,HOU,31-40,
2022,8,2022_08_TEN_HOU,HOU,41-50,
2022,9,2022_09_PHI_HOU,HOU,0-30,
2022,10,2022_10_HOU_NYG,HOU,41-50,
2022,10,2022_10_HOU_NYG,HOU,31-40,
2022,11,2022_11_WAS_HOU,HOU,0-30,
2022,12,2022_12_HOU_MIA,HOU,0-30,
2022,13,2022_13_CLE_HOU,HOU,31-40,
2022,13,2022_13_CLE_HOU,HOU,41-50,0.8333333333333334
2022,14,2022_14_HOU_DAL,HOU,51-55,
2022,14,2022_14_HOU_DAL,HOU,41-50,0.8333333333333334
2022,15,2022_15_KC_HOU,HOU,0-30,
2022,16,2022_16_HOU_TEN,HOU,0-30,1.0
2022,17,2022_17_JAX_HOU,HOU,56+,
2022,18,2022_18_HOU_IND,HOU,31-40,0.9166666666666666
2023,1,2023_01_HOU_BAL,HOU,31-40,
2023,2,2023_02_IND_HOU,HOU,31-40,
2023,2,2023_02_IND_HOU,HOU,0-30,
2023,2,2023_02_IND_HOU,HOU,51-55,
2023,3,2023_03_HOU_JAX,HOU,31-40,
2023,3,2023_03_HOU_JAX,HOU,0-30,
2023,4,2023_04_PIT_HOU,HOU,31-40,
2023,5,2023_05_HOU_ATL,HOU,41-50,
2023,5,2023_05_HOU_ATL,HOU,31-40,
2023,5,2023_05_HOU_ATL,HOU,0-30,
2023,6,2023_06_NO_HOU,HOU,0-30,
2023,9,2023_09_TB_HOU,HOU,0-30,
2023,9,2023_09_TB_HOU,HOU,41-50,
2023,10,2023_10_HOU_CIN,HOU,41-50,
2023,10,2023_10_HOU_CIN,HOU,0-30,
2023,10,2023_10_HOU_CIN,HOU,31-40,
2023,11,2023_11_ARI_HOU,HOU,41-50,
2023,12,2023_12_JAX_HOU,HOU,41-50,
2023,12,2023_12_JAX_HOU,HOU,56+,
2023,13,2023_13_DEN_HOU,HOU,0-30,1.0
2023,13,2023_13_DEN_HOU,HOU,31-40,1.0
2023,15,2023_15_HOU_TEN,HOU,0-30,1.0
2023,15,2023_15_HOU_TEN,HOU,51-55,
2023,17,2023_17_TEN_HOU,HOU,51-55,
2023,17,2023_17_TEN_HOU,HOU,0-30,1.0
2023,17,2023_17_TEN_HOU,HOU,31-40,1.0
2023,18,2023_18_HOU_IND,HOU,51-55,
2024,1,2024_01_HOU_IND,HOU,41-50,
2024,1,2024_01_HOU_IND,HOU,51-55,
2024,2,2024_02_CHI_HOU,HOU,56+,
2024,2,2024_02_CHI_HOU,HOU,41-50,
2024,2,2024_02_CHI_HOU,HOU,51-55,
2024,3,2024_03_HOU_MIN,HOU,51-55,
2024,4,2024_04_JAX_HOU,HOU,0-30,
2024,5,2024_05_BUF_HOU,HOU,41-50,
2024,5,2024_05_BUF_HOU,HOU,56+,
2024,6,2024_06_HOU_NE,HOU,31-40,
2024,6,2024_06_HOU_NE,HOU,41-50,
2024,7,2024_07_HOU_GB,HOU,0-30,
2024,7,2024_07_HOU_GB,HOU,51-55,
2024,7,2024_07_HOU_GB,HOU,31-40,
2024,8,2024_08_IND_HOU,HOU,31-40,
2024,9,2024_09_HOU_NYJ,HOU,51-55,
2024,9,2024_09_HOU_NYJ,HOU,56+,
2024,9,2024_09_HOU_NYJ,HOU,0-30,
2024,10,2024_10_DET_HOU,HOU,56+,
2024,10,2024_10_DET_HOU,HOU,0-30,
2024,10,2024_10_DET_HOU,HOU,31-40,
2024,11,2024_11_HOU_DAL,HOU,31-40,
2024,11,2024_11_HOU_DAL,HOU,0-30,
2024,12,2024_12_TEN_HOU,HOU,0-30,
2024,12,2024_12_TEN_HOU,HOU,51-55,
2024,13,2024_13_HOU_JAX,HOU,51-55,0.8333333333333334
2024,13,2024_13_HOU_JAX,HOU,0-30,0.8333333333333334
2024,15,2024_15_MIA_HOU,HOU,41-50,
2024,15,2024_15_MIA_HOU,HOU,0-30,0.8333333333333334
2024,16,2024_16_HOU_KC,HOU,31-40,
2024,18,2024_18_HOU_TEN,HOU,0-30,0.8333333333333334
2016,1,2016_01_DET_IND,IND,41-50,
2016,1,2016_01_DET_IND,IND,31-40,
2016,2,2016_02_IND_DEN,IND,41-50,
2016,2,2016_02_IND_DEN,IND,51-55,
2016,3,2016_03_SD_IND,IND,31-40,
2016,4,2016_04_IND_JAX,IND,41-50,
2016,4,2016_04_IND_JAX,IND,51-55,
2016,5,2016_05_CHI_IND,IND,0-30,
2016,5,2016_05_CHI_IND,IND,51-55,
2016,5,2016_05_CHI_IND,IND,41-50,
2016,6,2016_06_IND_HOU,IND,31-40,
2016,6,2016_06_IND_HOU,IND,41-50,
2016,7,2016_07_IND_TEN,IND,31-40,
2016,7,2016_07_IND_TEN,IND,0-30,
2016,9,2016_09_IND_GB,IND,0-30,
2016,11,2016_11_TEN_IND,IND,41-50,
2016,12,2016_12_PIT_IND,IND,51-55,
2016,13,2016_13_IND_NYJ,IND,51-55,
2016,13,2016_13_IND_NYJ,IND,31-40,
2016,14,2016_14_HOU_IND,IND,31-40,
2016,14,2016_14_HOU_IND,IND,51-55,
2016,15,2016_15_IND_MIN,IND,41-50,0.9166666666666666
2016,16,2016_16_IND_OAK,IND,41-50,0.9166666666666666
2016,17,2016_17_JAX_IND,IND,41-50,0.9166666666666666
2017,1,2017_01_IND_LA,IND,31-40,
2017,1,2017_01_IND_LA,IND,0-30,
2017,2,2017_02_ARI_IND,IND,41-50,
2017,2,2017_02_ARI_IND,IND,0-30,
2017,3,2017_03_CLE_IND,IND,31-40,
2017,4,2017_04_IND_SEA,IND,31-40,
2017,5,2017_05_SF_IND,IND,0-30,
2017,5,2017_05_SF_IND,IND,31-40,
2017,5,2017_05_SF_IND,IND,51-55,
2017,6,2017_06_IND_TEN,IND,31-40,
2017,6,2017_06_IND_TEN,IND,0-30,
2017,6,2017_06_IND_TEN,IND,51-55,
2017,8,2017_08_IND_CIN,IND,31-40,
2017,8,2017_08_IND_CIN,IND,0-30,
2017,9,2017_09_IND_HOU,IND,0-30,
2017,9,2017_09_IND_HOU,IND,51-55,
2017,10,2017_10_PIT_IND,IND,41-50,
2017,12,2017_12_TEN_IND,IND,41-50,
2017,12,2017_12_TEN_IND,IND,0-30,1.0
2017,13,2017_13_IND_JAX,IND,0-30,1.0
2017,14,2017_14_IND_BUF,IND,31-40,0.8333333333333334
2017,14,2017_14_IND_BUF,IND,41-50,
2017,15,2017_15_DEN_IND,IND,41-50,
2017,15,2017_15_DEN_IND,IND,31-40,0.8333333333333334
2017,16,2017_16_IND_BAL,IND,41-50,
2017,16,2017_16_IND_BAL,IND,31-40,0.8333333333333334
2017,16,2017_16_IND_BAL,IND,0-30,1.0
2017,16,2017_16_IND_BAL,IND,56+,
2017,17,2017_17_HOU_IND,IND,0-30,1.0
2017,17,2017_17_HOU_IND,IND,51-55,
2018,1,2018_01_CIN_IND,IND,0-30,
2018,1,2018_01_CIN_IND,IND,31-40,
2018,1,2018_01_CIN_IND,IND,51-55,
2018,3,2018_03_IND_PHI,IND,0-30,
2018,3,2018_03_IND_PHI,IND,31-40,
2018,4,2018_04_HOU_IND,IND,41-50,
2018,5,2018_05_IND_NE,IND,51-55,
2018,5,2018_05_IND_NE,IND,31-40,
2018,6,2018_06_IND_NYJ,IND,0-30,
2018,6,2018_06_IND_NYJ,IND,31-40,
2018,7,2018_07_BUF_IND,IND,31-40,
2018,8,2018_08_IND_OAK,IND,0-30,
2018,10,2018_10_JAX_IND,IND,51-55,
2018,11,2018_11_TEN_IND,IND,0-30,
2018,12,2018_12_MIA_IND,IND,31-40,
2018,12,2018_12_MIA_IND,IND,41-50,
2018,14,2018_14_IND_HOU,IND,51-55,
2018,15,2018_15_DAL_IND,IND,41-50,
2018,15,2018_15_DAL_IND,IND,0-30,
2018,17,2018_17_IND_TEN,IND,51-55,
2018,17,2018_17_IND_TEN,IND,0-30,1.0
2019,1,2019_01_IND_LAC,IND,41-50,
2019,1,2019_01_IND_LAC,IND,0-30,
2019,3,2019_03_ATL_IND,IND,0-30,
2019,3,2019_03_ATL_IND,IND,41-50,
2019,4,2019_04_OAK_IND,IND,0-30,
2019,4,2019_04_OAK_IND,IND,56+,
2019,5,2019_05_IND_KC,IND,0-30,
2019,5,2019_05_IND_KC,IND,31-40,
2019,8,2019_08_DEN_IND,IND,41-50,
2019,8,2019_08_DEN_IND,IND,51-55,
2019,9,2019_09_IND_PIT,IND,0-30,
2019,9,2019_09_IND_PIT,IND,41-50,
2019,10,2019_10_MIA_IND,IND,0-30,
2019,10,2019_10_MIA_IND,IND,31-40,
2019,11,2019_11_JAX_IND,IND,31-40,
2019,12,2019_12_IND_HOU,IND,31-40,
2019,13,2019_13_TEN_IND,IND,41-50,
2019,13,2019_13_TEN_IND,IND,0-30,0.8333333333333334
2019,13,2019_13_TEN_IND,IND,51-55,
2019,14,2019_14_IND_TB,IND,41-50,
2019,14,2019_14_IND_TB,IND,0-30,1.0
2019,16,2019_16_CAR_IND,IND,31-40,
2019,17,2019_17_IND_JAX,IND,41-50,0.4166666666666667
2019,17,2019_17_IND_JAX,IND,0-30,1.0
2020,1,2020_01_IND_JAX,IND,0-30,
2020,1,2020_01_IND_JAX,IND,31-40,
2020,2,2020_02_MIN_IND,IND,31-40,
2020,2,2020_02_MIN_IND,IND,41-50,
2020,2,2020_02_MIN_IND,IND,0-30,
2020,3,2020_03_NYJ_IND,IND,41-50,
2020,4,2020_04_IND_CHI,IND,0-30,
2020,4,2020_04_IND_CHI,IND,41-50,
2020,5,2020_05_IND_CLE,IND,31-40,
2020,5,2020_05_IND_CLE,IND,0-30,
2020,6,2020_06_CIN_IND,IND,31-40,
2020,9,2020_09_BAL_IND,IND,41-50,
2020,10,2020_10_IND_TEN,IND,41-50,
2020,10,2020_10_IND_TEN,IND,0-30,
2020,11,2020_11_GB_IND,IND,31-40,
2020,11,2020_11_GB_IND,IND,41-50,
2020,13,2020_13_IND_HOU,IND,41-50,0.861111111111111
2020,14,2020_14_IND_LV,IND,0-30,
2020,14,2020_14_IND_LV,IND,31-40,
2020,15,2020_15_HOU_IND,IND,51-55,
2020,15,2020_15_HOU_IND,IND,31-40,1.0
2020,16,2020_16_IND_PIT,IND,0-30,0.9166666666666666
2020,17,2020_17_JAX_IND,IND,56+,
2020,17,2020_17_JAX_IND,IND,0-30,1.0
2020,17,2020_17_JAX_IND,IND,41-50,0.861111111111111
2021,1,2021_01_SEA_IND,IND,0-30,
2021,2,2021_02_LA_IND,IND,31-40,
2021,2,2021_02_LA_IND,IND,41-50,
2021,3,2021_03_IND_TEN,IND,0-30,
2021,3,2021_03_IND_TEN,IND,51-55,
2021,3,2021_03_IND_TEN,IND,41-50,
2021,4,2021_04_IND_MIA,IND,41-50,
2021,4,2021_04_IND_MIA,IND,31-40,
2021,5,2021_05_IND_BAL,IND,41-50,
2021,5,2021_05_IND_BAL,IND,31-40,
2021,6,2021_06_HOU_IND,IND,41-50,
2021,7,2021_07_IND_SF,IND,41-50,
2021,8,2021_08_TEN_IND,IND,31-40,
2021,9,2021_09_NYJ_IND,IND,31-40,
2021,10,2021_10_JAX_IND,IND,0-30,
2021,10,2021_10_JAX_IND,IND,31-40,
2021,11,2021_11_IND_BUF,IND,31-40,0.9166666666666666
2021,12,2021_12_TB_IND,IND,41-50,0.9166666666666666
2021,13,2021_13_IND_HOU,IND,31-40,0.9166666666666666
2021,13,2021_13_IND_HOU,IND,0-30,
2021,15,2021_15_NE_IND,IND,41-50,0.9166666666666666
2021,15,2021_15_NE_IND,IND,0-30,
2021,16,2021_16_IND_ARI,IND,41-50,0.8333333333333334
2021,16,2021_16_IND_ARI,IND,31-40,0.75
2021,16,2021_16_IND_ARI,IND,51-55,
2021,17,2021_17_LV_IND,IND,41-50,0.8333333333333334
2021,18,2021_18_IND_JAX,IND,41-50,0.9166666666666666
2022,1,2022_01_IND_HOU,IND,0-30,
2022,1,2022_01_IND_HOU,IND,41-50,
2022,3,2022_03_KC_IND,IND,41-50,
2022,3,2022_03_KC_IND,IND,51-55,
2022,4,2022_04_TEN_IND,IND,0-30,
2022,4,2022_04_TEN_IND,IND,51-55,
2022,5,2022_05_IND_DEN,IND,41-50,
2022,5,2022_05_IND_DEN,IND,31-40,
2022,5,2022_05_IND_DEN,IND,51-55,
2022,6,2022_06_JAX_IND,IND,0-30,
2022,6,2022_06_JAX_IND,IND,41-50,
2022,7,2022_07_IND_TEN,IND,41-50,
2022,8,2022_08_WAS_IND,IND,41-50,
2022,8,2022_08_WAS_IND,IND,31-40,
2022,8,2022_08_WAS_IND,IND,0-30,
2022,9,2022_09_IND_NE,IND,31-40,
2022,10,2022_10_IND_LV,IND,41-50,0.9166666666666666
2022,11,2022_11_PHI_IND,IND,41-50,0.9444444444444445
2022,11,2022_11_PHI_IND,IND,51-55,
2022,11,2022_11_PHI_IND,IND,31-40,
2022,12,2022_12_PIT_IND,IND,56+,
2022,12,2022_12_PIT_IND,IND,51-55,
2022,13,2022_13_IND_DAL,IND,51-55,
2022,13,2022_13_IND_DAL,IND,31-40,
2022,15,2022_15_IND_MIN,IND,0-30,
2022,15,2022_15_IND_MIN,IND,51-55,0.8333333333333334
2022,15,2022_15_IND_MIN,IND,41-50,0.7777777777777778
2022,16,2022_16_LAC_IND,IND,41-50,0.7777777777777778
2022,17,2022_17_IND_NYG,IND,41-50,0.7777777777777778
2022,17,2022_17_IND_NYG,IND,0-30,
2022,18,2022_18_HOU_IND,IND,51-55,0.8333333333333334
2023,2,2023_02_IND_HOU,IND,41-50,
2023,3,2023_03_IND_BAL,IND,31-40,
2023,3,2023_03_IND_BAL,IND,51-55,
2023,4,2023_04_LA_IND,IND,41-50,
2023,5,2023_05_TEN_IND,IND,31-40,
2023,5,2023_05_TEN_IND,IND,0-30,
2023,5,2023_05_TEN_IND,IND,41-50,
2023,6,2023_06_IND_JAX,IND,0-30,
2023,6,2023_06_IND_JAX,IND,56+,
2023,7,2023_07_CLE_IND,IND,56+,
2023,7,2023_07_CLE_IND,IND,0-30,
2023,8,2023_08_NO_IND,IND,0-30,
2023,8,2023_08_NO_IND,IND,41-50,
2023,9,2023_09_IND_CAR,IND,0-30,
2023,9,2023_09_IND_CAR,IND,56+,
2023,10,2023_10_IND_NE,IND,56+,
2023,10,2023_10_IND_NE,IND,51-55,
2023,12,2023_12_TB_IND,IND,41-50,
2023,12,2023_12_TB_IND,IND,31-40,
2023,12,2023_12_TB_IND,IND,56+,
2023,13,2023_13_IND_TEN,IND,0-30,
2023,13,2023_13_IND_TEN,IND,41-50,
2023,14,2023_14_IND_CIN,IND,31-40,
2023,15,2023_15_PIT_IND,IND,31-40,
2023,15,2023_15_PIT_IND,IND,41-50,0.8333333333333334
2023,15,2023_15_PIT_IND,IND,56+,
2023,15,2023_15_PIT_IND,IND,0-30,1.0
2023,16,2023_16_IND_ATL,IND,31-40,
2023,17,2023_17_LV_IND,IND,31-40,0.8333333333333334
2023,17,2023_17_LV_IND,IND,41-50,0.75
2023,18,2023_18_HOU_IND,IND,51-55,
2023,18,2023_18_HOU_IND,IND,56+,0.3333333333333333
2023,18,2023_18_HOU_IND,IND,31-40,0.8333333333333334
2024,2,2024_02_IND_GB,IND,41-50,
2024,2,2024_02_IND_GB,IND,31-40,
2024,4,2024_04_PIT_IND,IND,51-55,
2024,4,2024_04_PIT_IND,IND,31-40,
2024,5,2024_05_IND_JAX,IND,31-40,
2024,5,2024_05_IND_JAX,IND,0-30,
2024,6,2024_06_IND_TEN,IND,0-30,
2024,7,2024_07_MIA_IND,IND,51-55,
2024,7,2024_07_MIA_IND,IND,31-40,
2024,7,2024_07_MIA_IND,IND,0-30,
2024,8,2024_08_IND_HOU,IND,41-50,
2024,8,2024_08_IND_HOU,IND,31-40,
2024,9,2024_09_IND_MIN,IND,51-55,
2024,9,2024_09_IND_MIN,IND,41-50,
2024,10,2024_10_BUF_IND,IND,0-30,
2024,11,2024_11_IND_NYJ,IND,41-50,
2024,11,2024_11_IND_NYJ,IND,56+,
2024,12,2024_12_DET_IND,IND,0-30,
2024,13,2024_13_IND_NE,IND,0-30,
2024,15,2024_15_IND_DEN,IND,41-50,
2024,15,2024_15_IND_DEN,IND,31-40,
2024,16,2024_16_TEN_IND,IND,31-40,1.0
2024,16,2024_16_TEN_IND,IND,51-55,
2024,17,2024_17_IND_NYG,IND,0-30,1.0
2024,17,2024_17_IND_NYG,IND,51-55,
2024,17,2024_17_IND_NYG,IND,31-40,1.0
2024,18,2024_18_JAX_IND,IND,51-55,
2024,18,2024_18_JAX_IND,IND,41-50,
2024,18,2024_18_JAX_IND,IND,31-40,1.0
2016,1,2016_01_GB_JAX,JAX,41-50,
2016,1,2016_01_GB_JAX,JAX,31-40,
2016,1,2016_01_GB_JAX,JAX,0-30,
2016,2,2016_02_JAX_SD,JAX,51-55,
2016,3,2016_03_BAL_JAX,JAX,41-50,
2016,3,2016_03_BAL_JAX,JAX,51-55,
2016,4,2016_04_IND_JAX,JAX,41-50,
2016,4,2016_04_IND_JAX,JAX,0-30,
2016,6,2016_06_JAX_CHI,JAX,0-30,
2016,7,2016_07_OAK_JAX,JAX,0-30,
2016,7,2016_07_OAK_JAX,JAX,41-50,
2016,7,2016_07_OAK_JAX,JAX,31-40,
2016,9,2016_09_JAX_KC,JAX,51-55,
2016,10,2016_10_HOU_JAX,JAX,51-55,
2016,10,2016_10_HOU_JAX,JAX,41-50,
2016,11,2016_11_JAX_DET,JAX,0-30,
2016,11,2016_11_JAX_DET,JAX,51-55,
2016,13,2016_13_DEN_JAX,JAX,41-50,
2016,14,2016_14_MIN_JAX,JAX,0-30,
2016,14,2016_14_MIN_JAX,JAX,51-55,
2016,14,2016_14_MIN_JAX,JAX,56+,
2016,14,2016_14_MIN_JAX,JAX,41-50,1.0
2016,15,2016_15_JAX_HOU,JAX,41-50,0.9166666666666666
2016,15,2016_15_JAX_HOU,JAX,0-30,1.0
2016,16,2016_16_TEN_JAX,JAX,0-30,1.0
2016,16,2016_16_TEN_JAX,JAX,41-50,0.9166666666666666
2016,16,2016_16_TEN_JAX,JAX,56+,
2016,17,2016_17_JAX_IND,JAX,41-50,0.9166666666666666
2016,17,2016_17_JAX_IND,JAX,51-55,0.5
2016,17,2016_17_JAX_IND,JAX,0-30,1.0
2017,1,2017_01_JAX_HOU,JAX,41-50,
2017,1,2017_01_JAX_HOU,JAX,0-30,
2017,1,2017_01_JAX_HOU,JAX,31-40,
2017,2,2017_02_TEN_JAX,JAX,41-50,
2017,3,2017_03_BAL_JAX,JAX,0-30,
2017,3,2017_03_BAL_JAX,JAX,41-50,
2017,4,2017_04_JAX_NYJ,JAX,51-55,
2017,4,2017_04_JAX_NYJ,JAX,0-30,
2017,5,2017_05_JAX_PIT,JAX,41-50,
2017,6,2017_06_LA_JAX,JAX,51-55,
2017,6,2017_06_LA_JAX,JAX,41-50,
2017,7,2017_07_JAX_IND,JAX,41-50,
2017,7,2017_07_JAX_IND,JAX,31-40,
2017,9,2017_09_CIN_JAX,JAX,0-30,
2017,9,2017_09_CIN_JAX,JAX,56+,
2017,9,2017_09_CIN_JAX,JAX,31-40,
2017,10,2017_10_LAC_JAX,JAX,31-40,
2017,10,2017_10_LAC_JAX,JAX,0-30,
2017,11,2017_11_JAX_CLE,JAX,31-40,
2017,11,2017_11_JAX_CLE,JAX,41-50,1.0
2017,12,2017_12_JAX_ARI,JAX,41-50,0.8333333333333334
2017,13,2017_13_IND_JAX,JAX,0-30,
2017,13,2017_13_IND_JAX,JAX,31-40,
2017,14,2017_14_SEA_JAX,JAX,51-55,
2017,14,2017_14_SEA_JAX,JAX,31-40,0.9166666666666666
2017,15,2017_15_HOU_JAX,JAX,31-40,1.0
2017,16,2017_16_JAX_SF,JAX,41-50,0.8333333333333334
2017,17,2017_17_JAX_TEN,JAX,41-50,0.8333333333333334
2018,1,2018_01_JAX_NYG,JAX,31-40,
2018,2,2018_02_NE_JAX,JAX,0-30,
2018,3,2018_03_TEN_JAX,JAX,31-40,
2018,3,2018_03_TEN_JAX,JAX,41-50,
2018,4,2018_04_NYJ_JAX,JAX,31-40,
2018,4,2018_04_NYJ_JAX,JAX,51-55,
2018,4,2018_04_NYJ_JAX,JAX,0-30,
2018,8,2018_08_PHI_JAX,JAX,56+,
2018,8,2018_08_PHI_JAX,JAX,0-30,
2018,8,2018_08_PHI_JAX,JAX,31-40,
2018,8,2018_08_PHI_JAX,JAX,41-50,
2018,10,2018_10_JAX_IND,JAX,0-30,
2018,10,2018_10_JAX_IND,JAX,51-55,
2018,11,2018_11_PIT_JAX,JAX,41-50,
2018,11,2018_11_PIT_JAX,JAX,31-40,
2018,12,2018_12_JAX_BUF,JAX,41-50,
2018,13,2018_13_IND_JAX,JAX,31-40,
2018,13,2018_13_IND_JAX,JAX,0-30,
2018,15,2018_15_WAS_JAX,JAX,31-40,1.0
2018,15,2018_15_WAS_JAX,JAX,41-50,
2018,16,2018_16_JAX_MIA,JAX,56+,
2018,16,2018_16_JAX_MIA,JAX,0-30,
2018,17,2018_17_JAX_HOU,JAX,0-30,1.0
2019,1,2019_01_KC_JAX,JAX,31-40,
2019,1,2019_01_KC_JAX,JAX,0-30,
2019,2,2019_02_JAX_HOU,JAX,31-40,
2019,3,2019_03_TEN_JAX,JAX,41-50,
2019,3,2019_03_TEN_JAX,JAX,31-40,
2019,4,2019_04_JAX_DEN,JAX,0-30,
2019,4,2019_04_JAX_DEN,JAX,31-40,
2019,5,2019_05_JAX_CAR,JAX,31-40,
2019,6,2019_06_NO_JAX,JAX,31-40,
2019,6,2019_06_NO_JAX,JAX,0-30,
2019,7,2019_07_JAX_CIN,JAX,31-40,1.0
2019,7,2019_07_JAX_CIN,JAX,0-30,
2019,8,2019_08_NYJ_JAX,JAX,0-30,
2019,8,2019_08_NYJ_JAX,JAX,41-50,
2019,9,2019_09_HOU_JAX,JAX,0-30,
2019,11,2019_11_JAX_IND,JAX,41-50,
2019,12,2019_12_JAX_TEN,JAX,41-50,
2019,13,2019_13_TB_JAX,JAX,51-55,
2019,14,2019_14_LAC_JAX,JAX,0-30,1.0
2019,15,2019_15_JAX_OAK,JAX,41-50,
2019,15,2019_15_JAX_OAK,JAX,0-30,1.0
2019,16,2019_16_JAX_ATL,JAX,31-40,1.0
2019,16,2019_16_JAX_ATL,JAX,0-30,1.0
2019,17,2019_17_IND_JAX,JAX,51-55,
2019,17,2019_17_IND_JAX,JAX,56+,
2019,17,2019_17_IND_JAX,JAX,0-30,1.0
2020,1,2020_01_IND_JAX,JAX,41-50,
2020,2,2020_02_JAX_TEN,JAX,31-40,
2020,4,2020_04_JAX_CIN,JAX,0-30,
2020,4,2020_04_JAX_CIN,JAX,41-50,
2020,4,2020_04_JAX_CIN,JAX,31-40,
2020,5,2020_05_JAX_HOU,JAX,41-50,
2020,5,2020_05_JAX_HOU,JAX,0-30,
2020,6,2020_06_DET_JAX,JAX,31-40,
2020,9,2020_09_HOU_JAX,JAX,56+,
2020,9,2020_09_HOU_JAX,JAX,0-30,
2020,10,2020_10_JAX_GB,JAX,51-55,
2020,10,2020_10_JAX_GB,JAX,31-40,
2020,11,2020_11_PIT_JAX,JAX,41-50,
2020,12,2020_12_CLE_JAX,JAX,51-55,
2020,12,2020_12_CLE_JAX,JAX,0-30,
2020,13,2020_13_JAX_MIN,JAX,56+,
2020,13,2020_13_JAX_MIN,JAX,0-30,
2020,14,2020_14_TEN_JAX,JAX,51-55,
2020,16,2020_16_CHI_JAX,JAX,0-30,
2021,1,2021_01_JAX_HOU,JAX,51-55,
2021,2,2021_02_DEN_JAX,JAX,51-55,
2021,2,2021_02_DEN_JAX,JAX,41-50,
2021,5,2021_05_TEN_JAX,JAX,51-55,
2021,6,2021_06_MIA_JAX,JAX,31-40,
2021,6,2021_06_MIA_JAX,JAX,51-55,
2021,9,2021_09_BUF_JAX,JAX,51-55,
2021,9,2021_09_BUF_JAX,JAX,0-30,
2021,9,2021_09_BUF_JAX,JAX,31-40,
2021,9,2021_09_BUF_JAX,JAX,41-50,
2021,10,2021_10_JAX_IND,JAX,56+,
2021,10,2021_10_JAX_IND,JAX,51-55,
2021,11,2021_11_SF_JAX,JAX,0-30,
2021,12,2021_12_ATL_JAX,JAX,31-40,
2021,12,2021_12_ATL_JAX,JAX,0-30,
2021,15,2021_15_HOU_JAX,JAX,31-40,
2021,15,2021_15_HOU_JAX,JAX,0-30,
2021,16,2021_16_JAX_NYJ,JAX,41-50,
2021,16,2021_16_JAX_NYJ,JAX,31-40,
2021,16,2021_16_JAX_NYJ,JAX,0-30,
2021,17,2021_17_JAX_NE,JAX,0-30,
2021,18,2021_18_IND_JAX,JAX,31-40,
2021,18,2021_18_IND_JAX,JAX,0-30,1.0
2022,1,2022_01_JAX_WAS,JAX,31-40,
2022,1,2022_01_JAX_WAS,JAX,41-50,
2022,2,2022_02_IND_JAX,JAX,51-55,
2022,3,2022_03_JAX_LAC,JAX,0-30,
2022,5,2022_05_HOU_JAX,JAX,0-30,
2022,5,2022_05_HOU_JAX,JAX,41-50,
2022,7,2022_07_NYG_JAX,JAX,0-30,
2022,8,2022_08_DEN_JAX,JAX,31-40,
2022,9,2022_09_LV_JAX,JAX,41-50,
2022,10,2022_10_JAX_KC,JAX,31-40,
2022,10,2022_10_JAX_KC,JAX,41-50,
2022,10,2022_10_JAX_KC,JAX,51-55,
2022,12,2022_12_BAL_JAX,JAX,0-30,
2022,13,2022_13_JAX_DET,JAX,41-50,
2022,13,2022_13_JAX_DET,JAX,31-40,
2022,14,2022_14_JAX_TEN,JAX,41-50,
2022,14,2022_14_JAX_TEN,JAX,31-40,
2022,15,2022_15_DAL_JAX,JAX,31-40,
2022,15,2022_15_DAL_JAX,JAX,41-50,0.7777777777777777
2022,16,2022_16_JAX_NYJ,JAX,31-40,0.9166666666666666
2022,16,2022_16_JAX_NYJ,JAX,41-50,0.7777777777777777
2022,17,2022_17_JAX_HOU,JAX,51-55,
2022,18,2022_18_TEN_JAX,JAX,31-40,1.0
2022,18,2022_18_TEN_JAX,JAX,0-30,
2023,1,2023_01_JAX_IND,JAX,41-50,
2023,2,2023_02_KC_JAX,JAX,41-50,
2023,2,2023_02_KC_JAX,JAX,31-40,
2023,2,2023_02_KC_JAX,JAX,0-30,
2023,3,2023_03_HOU_JAX,JAX,31-40,
2023,3,2023_03_HOU_JAX,JAX,51-55,
2023,3,2023_03_HOU_JAX,JAX,41-50,
2023,4,2023_04_ATL_JAX,JAX,41-50,
2023,4,2023_04_ATL_JAX,JAX,31-40,
2023,4,2023_04_ATL_JAX,JAX,56+,
2023,5,2023_05_JAX_BUF,JAX,41-50,
2023,6,2023_06_IND_JAX,JAX,51-55,
2023,6,2023_06_IND_JAX,JAX,41-50,
2023,7,2023_07_JAX_NO,JAX,41-50,0.8333333333333334
2023,8,2023_08_JAX_PIT,JAX,41-50,0.8333333333333334
2023,8,2023_08_JAX_PIT,JAX,51-55,
2023,8,2023_08_JAX_PIT,JAX,31-40,
2023,10,2023_10_SF_JAX,JAX,31-40,
2023,11,2023_11_TEN_JAX,JAX,0-30,
2023,12,2023_12_JAX_HOU,JAX,41-50,0.8333333333333334
2023,12,2023_12_JAX_HOU,JAX,31-40,
2023,12,2023_12_JAX_HOU,JAX,51-55,
2023,13,2023_13_CIN_JAX,JAX,41-50,1.0
2023,13,2023_13_CIN_JAX,JAX,31-40,1.0
2023,15,2023_15_BAL_JAX,JAX,51-55,
2023,15,2023_15_BAL_JAX,JAX,41-50,0.8333333333333334
2023,16,2023_16_JAX_TB,JAX,51-55,
2023,17,2023_17_CAR_JAX,JAX,31-40,1.0
2023,17,2023_17_CAR_JAX,JAX,0-30,
2023,18,2023_18_JAX_TEN,JAX,0-30,
2023,18,2023_18_JAX_TEN,JAX,41-50,0.6666666666666666
2024,1,2024_01_JAX_MIA,JAX,51-55,
2024,2,2024_02_CLE_JAX,JAX,41-50,
2024,2,2024_02_CLE_JAX,JAX,0-30,
2024,3,2024_03_JAX_BUF,JAX,41-50,
2024,4,2024_04_JAX_HOU,JAX,41-50,
2024,4,2024_04_JAX_HOU,JAX,51-55,
2024,5,2024_05_IND_JAX,JAX,41-50,
2024,5,2024_05_IND_JAX,JAX,0-30,
2024,6,2024_06_JAX_CHI,JAX,0-30,
2024,7,2024_07_NE_JAX,JAX,0-30,
2024,8,2024_08_GB_JAX,JAX,31-40,
2024,8,2024_08_GB_JAX,JAX,41-50,
2024,11,2024_11_JAX_DET,JAX,56+,
2024,11,2024_11_JAX_DET,JAX,31-40,
2024,13,2024_13_HOU_JAX,JAX,51-55,
2024,13,2024_13_HOU_JAX,JAX,0-30,
2024,13,2024_13_HOU_JAX,JAX,31-40,
2024,14,2024_14_JAX_TEN,JAX,0-30,
2024,15,2024_15_NYJ_JAX,JAX,0-30,1.0
2024,15,2024_15_NYJ_JAX,JAX,41-50,
2024,17,2024_17_TEN_JAX,JAX,41-50,0.8333333333333334
2024,18,2024_18_JAX_IND,JAX,51-55,
2024,18,2024_18_JAX_IND,JAX,0-30,1.0
2016,1,2016_01_SD_KC,KC,31-40,
2016,1,2016_01_SD_KC,KC,41-50,
2016,2,2016_02_KC_HOU,KC,51-55,
2016,2,2016_02_KC_HOU,KC,0-30,
2016,2,2016_02_KC_HOU,KC,41-50,
2016,2,2016_02_KC_HOU,KC,31-40,
2016,3,2016_03_NYJ_KC,KC,0-30,
2016,4,2016_04_KC_PIT,KC,41-50,
2016,6,2016_06_KC_OAK,KC,31-40,
2016,6,2016_06_KC_OAK,KC,41-50,
2016,6,2016_06_KC_OAK,KC,0-30,
2016,7,2016_07_NO_KC,KC,31-40,
2016,7,2016_07_NO_KC,KC,41-50,
2016,8,2016_08_KC_IND,KC,0-30,
2016,8,2016_08_KC_IND,KC,31-40,
2016,8,2016_08_KC_IND,KC,41-50,
2016,9,2016_09_JAX_KC,KC,0-30,
2016,9,2016_09_JAX_KC,KC,31-40,
2016,9,2016_09_JAX_KC,KC,51-55,
2016,10,2016_10_KC_CAR,KC,41-50,0.8333333333333334
2016,10,2016_10_KC_CAR,KC,31-40,0.8333333333333334
2016,11,2016_11_TB_KC,KC,0-30,
2016,12,2016_12_KC_DEN,KC,31-40,0.8333333333333334
2016,15,2016_15_TEN_KC,KC,31-40,0.8333333333333334
2016,16,2016_16_DEN_KC,KC,0-30,0.9166666666666666
2016,16,2016_16_DEN_KC,KC,31-40,1.0
2016,17,2016_17_KC_SD,KC,0-30,0.9166666666666666
2016,17,2016_17_KC_SD,KC,31-40,0.9166666666666666
2017,2,2017_02_PHI_KC,KC,31-40,
2017,3,2017_03_KC_LAC,KC,31-40,
2017,4,2017_04_WAS_KC,KC,31-40,
2017,4,2017_04_WAS_KC,KC,41-50,
2017,4,2017_04_WAS_KC,KC,0-30,
2017,5,2017_05_KC_HOU,KC,31-40,
2017,5,2017_05_KC_HOU,KC,41-50,
2017,6,2017_06_PIT_KC,KC,41-50,
2017,6,2017_06_PIT_KC,KC,31-40,
2017,7,2017_07_KC_OAK,KC,31-40,
2017,7,2017_07_KC_OAK,KC,51-55,
2017,8,2017_08_DEN_KC,KC,51-55,
2017,8,2017_08_DEN_KC,KC,31-40,1.0
2017,8,2017_08_DEN_KC,KC,41-50,
2017,8,2017_08_DEN_KC,KC,0-30,
2017,9,2017_09_KC_DAL,KC,31-40,1.0
2017,11,2017_11_KC_NYG,KC,0-30,
2017,11,2017_11_KC_NYG,KC,31-40,1.0
2017,12,2017_12_BUF_KC,KC,41-50,
2017,13,2017_13_KC_NYJ,KC,31-40,1.0
2017,14,2017_14_OAK_KC,KC,51-55,
2017,14,2017_14_OAK_KC,KC,31-40,0.9166666666666666
2017,14,2017_14_OAK_KC,KC,0-30,
2017,15,2017_15_LAC_KC,KC,31-40,0.9166666666666666
2017,15,2017_15_LAC_KC,KC,51-55,
2017,15,2017_15_LAC_KC,KC,0-30,
2017,16,2017_16_MIA_KC,KC,31-40,0.9166666666666666
2017,16,2017_16_MIA_KC,KC,0-30,
2017,16,2017_16_MIA_KC,KC,41-50,
2017,17,2017_17_KC_DEN,KC,0-30,1.0
2018,1,2018_01_KC_LAC,KC,41-50,
2018,3,2018_03_SF_KC,KC,31-40,
2018,4,2018_04_KC_DEN,KC,0-30,
2018,4,2018_04_KC_DEN,KC,31-40,
2018,5,2018_05_JAX_KC,KC,31-40,
2018,5,2018_05_JAX_KC,KC,0-30,
2018,5,2018_05_JAX_KC,KC,41-50,
2018,6,2018_06_KC_NE,KC,0-30,
2018,6,2018_06_KC_NE,KC,41-50,
2018,7,2018_07_CIN_KC,KC,51-55,
2018,7,2018_07_CIN_KC,KC,0-30,
2018,8,2018_08_DEN_KC,KC,0-30,
2018,9,2018_09_KC_CLE,KC,31-40,
2018,10,2018_10_ARI_KC,KC,41-50,
2018,11,2018_11_KC_LA,KC,0-30,
2018,13,2018_13_KC_OAK,KC,41-50,
2018,13,2018_13_KC_OAK,KC,0-30,1.0
2018,14,2018_14_BAL_KC,KC,41-50,
2018,14,2018_14_BAL_KC,KC,51-55,
2018,14,2018_14_BAL_KC,KC,31-40,
2018,14,2018_14_BAL_KC,KC,0-30,1.0
2018,16,2018_16_KC_SEA,KC,0-30,1.0
2018,16,2018_16_KC_SEA,KC,51-55,
2018,16,2018_16_KC_SEA,KC,31-40,
2019,1,2019_01_KC_JAX,KC,0-30,
2019,1,2019_01_KC_JAX,KC,41-50,
2019,1,2019_01_KC_JAX,KC,31-40,
2019,3,2019_03_BAL_KC,KC,31-40,
2019,3,2019_03_BAL_KC,KC,41-50,
2019,4,2019_04_KC_DET,KC,41-50,
2019,4,2019_04_KC_DET,KC,0-30,
2019,4,2019_04_KC_DET,KC,31-40,
2019,5,2019_05_IND_KC,KC,0-30,
2019,5,2019_05_IND_KC,KC,31-40,
2019,6,2019_06_HOU_KC,KC,41-50,
2019,7,2019_07_KC_DEN,KC,0-30,
2019,7,2019_07_KC_DEN,KC,31-40,
2019,8,2019_08_GB_KC,KC,0-30,
2019,8,2019_08_GB_KC,KC,41-50,
2019,9,2019_09_MIN_KC,KC,41-50,
2019,9,2019_09_MIN_KC,KC,0-30,
2019,9,2019_09_MIN_KC,KC,51-55,
2019,10,2019_10_KC_TEN,KC,31-40,
2019,10,2019_10_KC_TEN,KC,51-55,
2019,10,2019_10_KC_TEN,KC,0-30,1.0
2019,10,2019_10_KC_TEN,KC,41-50,0.75
2019,11,2019_11_KC_LAC,KC,41-50,0.75
2019,13,2019_13_OAK_KC,KC,41-50,0.75
2019,14,2019_14_KC_NE,KC,31-40,0.8333333333333334
2019,14,2019_14_KC_NE,KC,41-50,0.75
2019,15,2019_15_DEN_KC,KC,0-30,1.0
2019,15,2019_15_DEN_KC,KC,41-50,0.8333333333333334
2019,16,2019_16_KC_CHI,KC,56+,
2019,16,2019_16_KC_CHI,KC,31-40,0.8333333333333334
2019,17,2019_17_LAC_KC,KC,31-40,0.8333333333333334
2020,1,2020_01_HOU_KC,KC,0-30,
2020,2,2020_02_KC_LAC,KC,0-30,
2020,2,2020_02_KC_LAC,KC,56+,
2020,3,2020_03_KC_BAL,KC,41-50,
2020,4,2020_04_NE_KC,KC,0-30,
2020,4,2020_04_NE_KC,KC,31-40,
2020,5,2020_05_LV_KC,KC,31-40,
2020,6,2020_06_KC_BUF,KC,31-40,
2020,6,2020_06_KC_BUF,KC,0-30,
2020,7,2020_07_KC_DEN,KC,31-40,
2020,7,2020_07_KC_DEN,KC,0-30,
2020,9,2020_09_CAR_KC,KC,41-50,
2020,9,2020_09_CAR_KC,KC,31-40,
2020,9,2020_09_CAR_KC,KC,51-55,
2020,12,2020_12_KC_TB,KC,0-30,
2020,13,2020_13_DEN_KC,KC,31-40,
2020,13,2020_13_DEN_KC,KC,41-50,
2020,13,2020_13_DEN_KC,KC,0-30,1.0
2020,14,2020_14_KC_MIA,KC,41-50,
2020,15,2020_15_KC_NO,KC,0-30,1.0
2020,16,2020_16_ATL_KC,KC,51-55,
2021,1,2021_01_CLE_KC,KC,0-30,
2021,1,2021_01_CLE_KC,KC,41-50,
2021,3,2021_03_LAC_KC,KC,31-40,
2021,5,2021_05_BUF_KC,KC,31-40,
2021,5,2021_05_BUF_KC,KC,51-55,
2021,6,2021_06_KC_WAS,KC,51-55,
2021,7,2021_07_KC_TEN,KC,56+,
2021,7,2021_07_KC_TEN,KC,41-50,
2021,8,2021_08_NYG_KC,KC,31-40,
2021,9,2021_09_GB_KC,KC,51-55,
2021,9,2021_09_GB_KC,KC,0-30,
2021,10,2021_10_KC_LV,KC,31-40,
2021,10,2021_10_KC_LV,KC,41-50,
2021,11,2021_11_DAL_KC,KC,51-55,
2021,11,2021_11_DAL_KC,KC,31-40,
2021,13,2021_13_DEN_KC,KC,56+,
2021,13,2021_13_DEN_KC,KC,41-50,
2021,13,2021_13_DEN_KC,KC,0-30,
2021,14,2021_14_LV_KC,KC,31-40,
2021,14,2021_14_LV_KC,KC,51-55,
2021,15,2021_15_KC_LAC,KC,0-30,
2021,15,2021_15_KC_LAC,KC,31-40,1.0
2021,16,2021_16_PIT_KC,KC,31-40,1.0
2021,16,2021_16_PIT_KC,KC,0-30,
2021,16,2021_16_PIT_KC,KC,41-50,
2021,17,2021_17_KC_CIN,KC,31-40,0.9166666666666666
2021,18,2021_18_KC_DEN,KC,51-55,
2021,18,2021_18_KC_DEN,KC,31-40,0.9166666666666666
2022,1,2022_01_KC_ARI,KC,51-55,
2022,2,2022_02_LAC_KC,KC,0-30,
2022,2,2022_02_LAC_KC,KC,31-40,
2022,3,2022_03_KC_IND,KC,0-30,
2022,3,2022_03_KC_IND,KC,31-40,
2022,4,2022_04_KC_TB,KC,31-40,
2022,4,2022_04_KC_TB,KC,41-50,
2022,5,2022_05_LV_KC,KC,41-50,
2022,5,2022_05_LV_KC,KC,56+,
2022,6,2022_06_BUF_KC,KC,56+,
2022,6,2022_06_BUF_KC,KC,51-55,
2022,6,2022_06_BUF_KC,KC,41-50,
2022,7,2022_07_KC_SF,KC,31-40,
2022,9,2022_09_TEN_KC,KC,0-30,
2022,9,2022_09_TEN_KC,KC,41-50,
2022,11,2022_11_KC_LAC,KC,51-55,
2022,11,2022_11_KC_LAC,KC,31-40,
2022,11,2022_11_KC_LAC,KC,0-30,
2022,12,2022_12_LA_KC,KC,31-40,
2022,12,2022_12_LA_KC,KC,0-30,
2022,13,2022_13_KC_CIN,KC,51-55,
2022,13,2022_13_KC_CIN,KC,0-30,
2022,14,2022_14_KC_DEN,KC,41-50,
2022,14,2022_14_KC_DEN,KC,31-40,0.6666666666666666
2022,15,2022_15_KC_HOU,KC,0-30,1.0
2022,15,2022_15_KC_HOU,KC,51-55,
2022,16,2022_16_SEA_KC,KC,41-50,
2022,17,2022_17_DEN_KC,KC,51-55,
2022,18,2022_18_KC_LV,KC,41-50,0.6666666666666666
2023,1,2023_01_DET_KC,KC,31-40,
2023,2,2023_02_KC_JAX,KC,31-40,
2023,3,2023_03_CHI_KC,KC,41-50,
2023,3,2023_03_CHI_KC,KC,31-40,
2023,4,2023_04_KC_NYJ,KC,31-40,
2023,4,2023_04_KC_NYJ,KC,0-30,
2023,5,2023_05_KC_MIN,KC,31-40,
2023,6,2023_06_DEN_KC,KC,51-55,
2023,6,2023_06_DEN_KC,KC,31-40,
2023,6,2023_06_DEN_KC,KC,0-30,
2023,6,2023_06_DEN_KC,KC,56+,
2023,7,2023_07_LAC_KC,KC,31-40,1.0
2023,8,2023_08_KC_DEN,KC,56+,
2023,8,2023_08_KC_DEN,KC,0-30,
2023,8,2023_08_KC_DEN,KC,31-40,1.0
2023,11,2023_11_PHI_KC,KC,41-50,
2023,12,2023_12_KC_LV,KC,31-40,1.0
2023,13,2023_13_KC_GB,KC,31-40,1.0
2023,14,2023_14_BUF_KC,KC,0-30,
2023,15,2023_15_KC_NE,KC,0-30,
2023,15,2023_15_KC_NE,KC,31-40,1.0
2023,15,2023_15_KC_NE,KC,51-55,
2023,16,2023_16_LV_KC,KC,31-40,0.8333333333333334
2023,17,2023_17_CIN_KC,KC,51-55,
2023,17,2023_17_CIN_KC,KC,0-30,
2023,17,2023_17_CIN_KC,KC,41-50,
2023,18,2023_18_KC_LAC,KC,0-30,1.0
2023,18,2023_18_KC_LAC,KC,41-50,
2024,1,2024_01_BAL_KC,KC,31-40,
2024,2,2024_02_CIN_KC,KC,0-30,
2024,2,2024_02_CIN_KC,KC,51-55,
2024,3,2024_03_KC_ATL,KC,0-30,
2024,3,2024_03_KC_ATL,KC,51-55,
2024,3,2024_03_KC_ATL,KC,41-50,
2024,4,2024_04_KC_LAC,KC,56+,
2024,4,2024_04_KC_LAC,KC,31-40,
2024,5,2024_05_NO_KC,KC,0-30,
2024,5,2024_05_NO_KC,KC,31-40,
2024,5,2024_05_NO_KC,KC,51-55,
2024,8,2024_08_KC_LV,KC,41-50,
2024,8,2024_08_KC_LV,KC,0-30,
2024,9,2024_09_TB_KC,KC,31-40,
2024,10,2024_10_DEN_KC,KC,0-30,
2024,10,2024_10_DEN_KC,KC,31-40,
2024,12,2024_12_KC_CAR,KC,0-30,
2024,12,2024_12_KC_CAR,KC,31-40,
2024,12,2024_12_KC_CAR,KC,41-50,
2024,13,2024_13_LV_KC,KC,56+,
2024,13,2024_13_LV_KC,KC,41-50,
2024,13,2024_13_LV_KC,KC,0-30,1.0
2024,13,2024_13_LV_KC,KC,31-40,1.0
2024,14,2024_14_LAC_KC,KC,31-40,1.0
2024,14,2024_14_LAC_KC,KC,41-50,
2024,15,2024_15_KC_CLE,KC,0-30,1.0
2024,16,2024_16_HOU_KC,KC,41-50,
2024,16,2024_16_HOU_KC,KC,0-30,0.8333333333333334
2024,17,2024_17_KC_PIT,KC,31-40,1.0
2024,18,2024_18_KC_DEN,KC,51-55,
2016,2,2016_02_SEA_LA,LA,0-30,
2016,2,2016_02_SEA_LA,LA,31-40,
2016,2,2016_02_SEA_LA,LA,41-50,
2016,3,2016_03_LA_TB,LA,51-55,
2016,4,2016_04_LA_ARI,LA,0-30,
2016,5,2016_05_BUF_LA,LA,31-40,
2016,5,2016_05_BUF_LA,LA,0-30,
2016,5,2016_05_BUF_LA,LA,51-55,
2016,7,2016_07_NYG_LA,LA,31-40,
2016,9,2016_09_CAR_LA,LA,51-55,
2016,9,2016_09_CAR_LA,LA,0-30,
2016,10,2016_10_LA_NYJ,LA,0-30,
2016,10,2016_10_LA_NYJ,LA,31-40,
2016,11,2016_11_MIA_LA,LA,41-50,
2016,13,2016_13_LA_NE,LA,41-50,
2016,15,2016_15_LA_SEA,LA,31-40,
2016,17,2016_17_ARI_LA,LA,31-40,
2017,1,2017_01_IND_LA,LA,41-50,
2017,1,2017_01_IND_LA,LA,31-40,
2017,2,2017_02_WAS_LA,LA,31-40,
2017,3,2017_03_LA_SF,LA,41-50,
2017,3,2017_03_LA_SF,LA,0-30,
2017,4,2017_04_LA_DAL,LA,0-30,
2017,4,2017_04_LA_DAL,LA,31-40,
2017,4,2017_04_LA_DAL,LA,41-50,
2017,5,2017_05_SEA_LA,LA,31-40,
2017,6,2017_06_LA_JAX,LA,0-30,
2017,6,2017_06_LA_JAX,LA,56+,
2017,7,2017_07_ARI_LA,LA,51-55,
2017,7,2017_07_ARI_LA,LA,31-40,
2017,7,2017_07_ARI_LA,LA,0-30,
2017,9,2017_09_LA_NYG,LA,41-50,
2017,9,2017_09_LA_NYG,LA,0-30,
2017,10,2017_10_HOU_LA,LA,31-40,
2017,10,2017_10_HOU_LA,LA,0-30,
2017,10,2017_10_HOU_LA,LA,41-50,
2017,12,2017_12_NO_LA,LA,0-30,1.0
2017,12,2017_12_NO_LA,LA,56+,
2017,12,2017_12_NO_LA,LA,41-50,
2017,13,2017_13_LA_ARI,LA,0-30,1.0
2017,13,2017_13_LA_ARI,LA,41-50,1.0
2017,13,2017_13_LA_ARI,LA,56+,
2017,15,2017_15_LA_SEA,LA,31-40,0.9166666666666666
2017,16,2017_16_LA_TEN,LA,31-40,0.9166666666666666
2017,17,2017_17_SF_LA,LA,0-30,1.0
2018,1,2018_01_LA_OAK,LA,51-55,
2018,1,2018_01_LA_OAK,LA,41-50,
2018,1,2018_01_LA_OAK,LA,0-30,
2018,2,2018_02_ARI_LA,LA,0-30,
2018,3,2018_03_LAC_LA,LA,41-50,
2018,4,2018_04_MIN_LA,LA,31-40,
2018,4,2018_04_MIN_LA,LA,0-30,
2018,5,2018_05_LA_SEA,LA,0-30,
2018,5,2018_05_LA_SEA,LA,31-40,
2018,6,2018_06_LA_DEN,LA,0-30,
2018,6,2018_06_LA_DEN,LA,31-40,
2018,6,2018_06_LA_DEN,LA,41-50,
2018,7,2018_07_LA_SF,LA,31-40,
2018,8,2018_08_GB_LA,LA,31-40,
2018,8,2018_08_GB_LA,LA,41-50,
2018,9,2018_09_LA_NO,LA,51-55,
2018,9,2018_09_LA_NO,LA,56+,
2018,9,2018_09_LA_NO,LA,31-40,
2018,10,2018_10_SEA_LA,LA,0-30,
2018,10,2018_10_SEA_LA,LA,31-40,1.0
2018,11,2018_11_KC_LA,LA,0-30,0.8333333333333334
2018,11,2018_11_KC_LA,LA,31-40,1.0
2018,13,2018_13_LA_DET,LA,0-30,0.8333333333333334
2018,13,2018_13_LA_DET,LA,41-50,
2018,14,2018_14_LA_CHI,LA,0-30,0.8333333333333334
2018,14,2018_14_LA_CHI,LA,31-40,1.0
2018,14,2018_14_LA_CHI,LA,41-50,
2018,15,2018_15_PHI_LA,LA,31-40,0.8333333333333334
2018,15,2018_15_PHI_LA,LA,41-50,0.5
2018,16,2018_16_LA_ARI,LA,56+,
2018,16,2018_16_LA_ARI,LA,0-30,1.0
2018,17,2018_17_SF_LA,LA,0-30,1.0
2018,17,2018_17_SF_LA,LA,51-55,
2019,1,2019_01_LA_CAR,LA,0-30,
2019,1,2019_01_LA_CAR,LA,41-50,
2019,1,2019_01_LA_CAR,LA,56+,
2019,2,2019_02_NO_LA,LA,0-30,
2019,3,2019_03_LA_CLE,LA,51-55,
2019,3,2019_03_LA_CLE,LA,41-50,
2019,3,2019_03_LA_CLE,LA,31-40,
2019,4,2019_04_TB_LA,LA,56+,
2019,4,2019_04_TB_LA,LA,41-50,
2019,5,2019_05_LA_SEA,LA,31-40,
2019,5,2019_05_LA_SEA,LA,41-50,
2019,7,2019_07_LA_ATL,LA,0-30,
2019,7,2019_07_LA_ATL,LA,51-55,
2019,7,2019_07_LA_ATL,LA,31-40,
2019,8,2019_08_CIN_LA,LA,0-30,
2019,10,2019_10_LA_PIT,LA,0-30,
2019,10,2019_10_LA_PIT,LA,56+,
2019,11,2019_11_CHI_LA,LA,31-40,
2019,12,2019_12_BAL_LA,LA,31-40,
2019,12,2019_12_BAL_LA,LA,41-50,
2019,13,2019_13_LA_ARI,LA,31-40,
2019,13,2019_13_LA_ARI,LA,41-50,
2019,13,2019_13_LA_ARI,LA,0-30,
2019,14,2019_14_SEA_LA,LA,31-40,0.8333333333333334
2019,16,2019_16_LA_SF,LA,51-55,
2019,17,2019_17_ARI_LA,LA,41-50,0.5
2020,1,2020_01_DAL_LA,LA,31-40,
2020,1,2020_01_DAL_LA,LA,0-30,
2020,2,2020_02_LA_PHI,LA,0-30,
2020,3,2020_03_LA_BUF,LA,51-55,
2020,3,2020_03_LA_BUF,LA,0-30,
2020,4,2020_04_NYG_LA,LA,31-40,
2020,5,2020_05_LA_WAS,LA,0-30,
2020,6,2020_06_LA_SF,LA,41-50,
2020,7,2020_07_CHI_LA,LA,41-50,
2020,7,2020_07_CHI_LA,LA,0-30,
2020,8,2020_08_LA_MIA,LA,0-30,
2020,8,2020_08_LA_MIA,LA,41-50,
2020,10,2020_10_SEA_LA,LA,0-30,0.8333333333333334
2020,11,2020_11_LA_TB,LA,41-50,
2020,11,2020_11_LA_TB,LA,31-40,
2020,12,2020_12_SF_LA,LA,41-50,
2020,13,2020_13_LA_ARI,LA,31-40,
2020,14,2020_14_NE_LA,LA,31-40,
2020,15,2020_15_NYJ_LA,LA,41-50,
2020,16,2020_16_LA_SEA,LA,51-55,
2020,16,2020_16_LA_SEA,LA,31-40,
2020,16,2020_16_LA_SEA,LA,41-50,0.5
2020,17,2020_17_ARI_LA,LA,31-40,0.9166666666666666
2020,17,2020_17_ARI_LA,LA,0-30,1.0
2021,1,2021_01_CHI_LA,LA,51-55,
2021,1,2021_01_CHI_LA,LA,0-30,
2021,2,2021_02_LA_IND,LA,31-40,
2021,3,2021_03_TB_LA,LA,0-30,
2021,3,2021_03_TB_LA,LA,41-50,
2021,4,2021_04_ARI_LA,LA,0-30,
2021,4,2021_04_ARI_LA,LA,41-50,
2021,5,2021_05_LA_SEA,LA,41-50,
2021,5,2021_05_LA_SEA,LA,31-40,
2021,6,2021_06_LA_NYG,LA,31-40,
2021,7,2021_07_DET_LA,LA,41-50,
2021,7,2021_07_DET_LA,LA,31-40,
2021,8,2021_08_LA_HOU,LA,0-30,
2021,9,2021_09_TEN_LA,LA,0-30,
2021,9,2021_09_TEN_LA,LA,51-55,
2021,9,2021_09_TEN_LA,LA,31-40,
2021,10,2021_10_LA_SF,LA,31-40,
2021,12,2021_12_LA_GB,LA,31-40,1.0
2021,13,2021_13_JAX_LA,LA,31-40,1.0
2021,13,2021_13_JAX_LA,LA,41-50,
2021,14,2021_14_LA_ARI,LA,51-55,
2021,14,2021_14_LA_ARI,LA,31-40,1.0
2021,15,2021_15_SEA_LA,LA,51-55,
2021,15,2021_15_SEA_LA,LA,31-40,1.0
2021,16,2021_16_LA_MIN,LA,0-30,
2021,16,2021_16_LA_MIN,LA,31-40,1.0
2021,17,2021_17_LA_BAL,LA,56+,
2021,18,2021_18_SF_LA,LA,41-50,
2022,1,2022_01_BUF_LA,LA,56+,
2022,2,2022_02_ATL_LA,LA,0-30,
2022,3,2022_03_LA_ARI,LA,31-40,
2022,3,2022_03_LA_ARI,LA,0-30,
2022,4,2022_04_LA_SF,LA,31-40,
2022,4,2022_04_LA_SF,LA,0-30,
2022,5,2022_05_DAL_LA,LA,0-30,
2022,5,2022_05_DAL_LA,LA,51-55,
2022,6,2022_06_CAR_LA,LA,0-30,
2022,9,2022_09_LA_TB,LA,31-40,
2022,9,2022_09_LA_TB,LA,0-30,
2022,10,2022_10_ARI_LA,LA,31-40,
2022,11,2022_11_LA_NO,LA,31-40,
2022,11,2022_11_LA_NO,LA,56+,
2022,12,2022_12_LA_KC,LA,41-50,
2022,13,2022_13_SEA_LA,LA,51-55,
2022,13,2022_13_SEA_LA,LA,31-40,
2022,14,2022_14_LV_LA,LA,56+,
2022,14,2022_14_LV_LA,LA,51-55,
2022,15,2022_15_LA_GB,LA,51-55,
2022,15,2022_15_LA_GB,LA,31-40,1.0
2022,16,2022_16_DEN_LA,LA,51-55,
2022,16,2022_16_DEN_LA,LA,0-30,1.0
2022,17,2022_17_LA_LAC,LA,0-30,1.0
2022,18,2022_18_LA_SEA,LA,31-40,1.0
2022,18,2022_18_LA_SEA,LA,41-50,
2022,18,2022_18_LA_SEA,LA,0-30,1.0
2023,1,2023_01_LA_SEA,LA,31-40,
2023,1,2023_01_LA_SEA,LA,41-50,
2023,1,2023_01_LA_SEA,LA,51-55,
2023,1,2023_01_LA_SEA,LA,56+,
2023,2,2023_02_SF_LA,LA,41-50,
2023,2,2023_02_SF_LA,LA,31-40,
2023,3,2023_03_LA_CIN,LA,0-30,
2023,3,2023_03_LA_CIN,LA,41-50,
2023,4,2023_04_LA_IND,LA,51-55,
2023,4,2023_04_LA_IND,LA,41-50,
2023,4,2023_04_LA_IND,LA,31-40,
2023,6,2023_06_ARI_LA,LA,0-30,
2023,6,2023_06_ARI_LA,LA,41-50,
2023,6,2023_06_ARI_LA,LA,31-40,
2023,7,2023_07_PIT_LA,LA,41-50,
2023,7,2023_07_PIT_LA,LA,51-55,
2023,8,2023_08_LA_DAL,LA,31-40,
2023,8,2023_08_LA_DAL,LA,41-50,0.8333333333333334
2023,9,2023_09_LA_GB,LA,51-55,
2023,9,2023_09_LA_GB,LA,41-50,0.8333333333333334
2023,11,2023_11_SEA_LA,LA,0-30,
2023,12,2023_12_LA_ARI,LA,0-30,
2023,12,2023_12_LA_ARI,LA,41-50,0.6666666666666666
2023,13,2023_13_CLE_LA,LA,41-50,0.5
2023,13,2023_13_CLE_LA,LA,0-30,
2023,14,2023_14_LA_BAL,LA,31-40,
2023,14,2023_14_LA_BAL,LA,0-30,
2023,14,2023_14_LA_BAL,LA,51-55,
2023,15,2023_15_WAS_LA,LA,41-50,0.5833333333333334
2023,15,2023_15_WAS_LA,LA,0-30,1.0
2023,16,2023_16_NO_LA,LA,0-30,1.0
2023,16,2023_16_NO_LA,LA,31-40,1.0
2023,16,2023_16_NO_LA,LA,41-50,0.4166666666666667
2024,1,2024_01_LA_DET,LA,0-30,
2024,1,2024_01_LA_DET,LA,41-50,
2024,2,2024_02_LA_ARI,LA,0-30,
2024,3,2024_03_SF_LA,LA,31-40,
2024,4,2024_04_LA_CHI,LA,41-50,
2024,4,2024_04_LA_CHI,LA,51-55,
2024,4,2024_04_LA_CHI,LA,0-30,
2024,4,2024_04_LA_CHI,LA,31-40,
2024,7,2024_07_LV_LA,LA,31-40,
2024,9,2024_09_LA_SEA,LA,31-40,
2024,9,2024_09_LA_SEA,LA,0-30,
2024,10,2024_10_MIA_LA,LA,31-40,
2024,10,2024_10_MIA_LA,LA,0-30,
2024,10,2024_10_MIA_LA,LA,51-55,
2024,10,2024_10_MIA_LA,LA,56+,
2024,11,2024_11_LA_NE,LA,0-30,
2024,12,2024_12_PHI_LA,LA,41-50,
2024,14,2024_14_BUF_LA,LA,0-30,0.8333333333333334
2024,15,2024_15_LA_SF,LA,41-50,
2024,15,2024_15_LA_SF,LA,0-30,0.8333333333333334
2024,16,2024_16_LA_NYJ,LA,41-50,
2024,16,2024_16_LA_NYJ,LA,31-40,
2024,17,2024_17_ARI_LA,LA,0-30,0.8333333333333334
2024,17,2024_17_ARI_LA,LA,51-55,
2024,18,2024_18_SEA_LA,LA,31-40,0.8333333333333334
2024,18,2024_18_SEA_LA,LA,56+,
2016,1,2016_01_SD_KC,LAC,51-55,
2016,1,2016_01_SD_KC,LAC,0-30,
2016,2,2016_02_JAX_SD,LAC,0-30,
2016,3,2016_03_SD_IND,LAC,41-50,
2016,3,2016_03_SD_IND,LAC,0-30,
2016,3,2016_03_SD_IND,LAC,31-40,
2016,4,2016_04_NO_SD,LAC,41-50,
2016,4,2016_04_NO_SD,LAC,0-30,
2016,5,2016_05_SD_OAK,LAC,31-40,
2016,6,2016_06_DEN_SD,LAC,31-40,
2016,6,2016_06_DEN_SD,LAC,0-30,
2016,7,2016_07_SD_ATL,LAC,41-50,
2016,7,2016_07_SD_ATL,LAC,31-40,
2016,8,2016_08_SD_DEN,LAC,41-50,
2016,9,2016_09_TEN_SD,LAC,31-40,
2016,9,2016_09_TEN_SD,LAC,0-30,
2016,10,2016_10_MIA_SD,LAC,41-50,
2016,12,2016_12_SD_HOU,LAC,51-55,
2016,13,2016_13_TB_SD,LAC,51-55,
2016,14,2016_14_SD_CAR,LAC,31-40,
2016,15,2016_15_OAK_SD,LAC,31-40,1.0
2016,16,2016_16_SD_CLE,LAC,31-40,1.0
2016,16,2016_16_SD_CLE,LAC,41-50,
2016,17,2016_17_KC_SD,LAC,0-30,1.0
2016,17,2016_17_KC_SD,LAC,31-40,0.8333333333333334
2017,1,2017_01_LAC_DEN,LAC,41-50,
2017,2,2017_02_MIA_LAC,LAC,41-50,
2017,3,2017_03_KC_LAC,LAC,0-30,
2017,4,2017_04_PHI_LAC,LAC,0-30,
2017,5,2017_05_LAC_NYG,LAC,31-40,
2017,5,2017_05_LAC_NYG,LAC,0-30,
2017,6,2017_06_LAC_OAK,LAC,31-40,
2017,6,2017_06_LAC_OAK,LAC,41-50,
2017,8,2017_08_LAC_NE,LAC,51-55,
2017,10,2017_10_LAC_JAX,LAC,41-50,
2017,11,2017_11_BUF_LAC,LAC,41-50,
2017,11,2017_11_BUF_LAC,LAC,0-30,
2017,11,2017_11_BUF_LAC,LAC,31-40,
2017,12,2017_12_LAC_DAL,LAC,31-40,
2017,12,2017_12_LAC_DAL,LAC,0-30,
2017,13,2017_13_CLE_LAC,LAC,31-40,
2017,13,2017_13_CLE_LAC,LAC,0-30,
2017,14,2017_14_WAS_LAC,LAC,0-30,1.0
2017,14,2017_14_WAS_LAC,LAC,31-40,
2017,16,2017_16_LAC_NYJ,LAC,41-50,
2017,17,2017_17_OAK_LAC,LAC,0-30,1.0
2017,17,2017_17_OAK_LAC,LAC,41-50,0.2222222222222222
2018,1,2018_01_KC_LAC,LAC,41-50,
2018,1,2018_01_KC_LAC,LAC,31-40,
2018,2,2018_02_LAC_BUF,LAC,0-30,
2018,3,2018_03_LAC_LA,LAC,0-30,
2018,4,2018_04_SF_LAC,LAC,0-30,
2018,4,2018_04_SF_LAC,LAC,41-50,
2018,4,2018_04_SF_LAC,LAC,51-55,
2018,5,2018_05_OAK_LAC,LAC,41-50,
2018,5,2018_05_OAK_LAC,LAC,0-30,
2018,6,2018_06_LAC_CLE,LAC,41-50,
2018,7,2018_07_TEN_LAC,LAC,0-30,
2018,9,2018_09_LAC_SEA,LAC,41-50,
2018,10,2018_10_LAC_OAK,LAC,0-30,
2018,10,2018_10_LAC_OAK,LAC,41-50,
2018,11,2018_11_DEN_LAC,LAC,0-30,1.0
2018,11,2018_11_DEN_LAC,LAC,41-50,0.6666666666666666
2018,12,2018_12_ARI_LAC,LAC,31-40,
2018,13,2018_13_LAC_PIT,LAC,51-55,
2018,13,2018_13_LAC_PIT,LAC,0-30,1.0
2018,14,2018_14_CIN_LAC,LAC,41-50,0.75
2018,14,2018_14_CIN_LAC,LAC,56+,
2018,14,2018_14_CIN_LAC,LAC,31-40,
2018,16,2018_16_BAL_LAC,LAC,31-40,
2019,1,2019_01_IND_LAC,LAC,31-40,
2019,2,2019_02_LAC_DET,LAC,41-50,
2019,2,2019_02_LAC_DET,LAC,31-40,
2019,3,2019_03_HOU_LAC,LAC,31-40,
2019,3,2019_03_HOU_LAC,LAC,41-50,
2019,4,2019_04_LAC_MIA,LAC,51-55,
2019,4,2019_04_LAC_MIA,LAC,41-50,
2019,5,2019_05_DEN_LAC,LAC,41-50,
2019,5,2019_05_DEN_LAC,LAC,31-40,
2019,6,2019_06_PIT_LAC,LAC,41-50,
2019,6,2019_06_PIT_LAC,LAC,31-40,
2019,7,2019_07_LAC_TEN,LAC,41-50,
2019,7,2019_07_LAC_TEN,LAC,0-30,
2019,8,2019_08_LAC_CHI,LAC,41-50,0.5833333333333334
2019,8,2019_08_LAC_CHI,LAC,0-30,
2019,9,2019_09_GB_LAC,LAC,41-50,0.5833333333333334
2019,9,2019_09_GB_LAC,LAC,0-30,
2019,9,2019_09_GB_LAC,LAC,31-40,
2019,10,2019_10_LAC_OAK,LAC,0-30,
2019,11,2019_11_KC_LAC,LAC,41-50,0.5
2019,11,2019_11_KC_LAC,LAC,0-30,
2019,11,2019_11_KC_LAC,LAC,31-40,0.9166666666666666
2019,13,2019_13_LAC_DEN,LAC,0-30,
2019,13,2019_13_LAC_DEN,LAC,41-50,0.5
2019,13,2019_13_LAC_DEN,LAC,51-55,
2019,14,2019_14_LAC_JAX,LAC,31-40,0.75
2019,15,2019_15_MIN_LAC,LAC,41-50,0.5833333333333334
2019,16,2019_16_OAK_LAC,LAC,0-30,1.0
2020,1,2020_01_LAC_CIN,LAC,0-30,
2020,1,2020_01_LAC_CIN,LAC,41-50,
2020,2,2020_02_KC_LAC,LAC,41-50,
2020,2,2020_02_KC_LAC,LAC,0-30,
2020,3,2020_03_CAR_LAC,LAC,41-50,
2020,4,2020_04_LAC_TB,LAC,51-55,
2020,4,2020_04_LAC_TB,LAC,41-50,
2020,5,2020_05_LAC_NO,LAC,41-50,
2020,7,2020_07_JAX_LAC,LAC,41-50,
2020,7,2020_07_JAX_LAC,LAC,31-40,
2020,8,2020_08_LAC_DEN,LAC,31-40,
2020,8,2020_08_LAC_DEN,LAC,41-50,0.4166666666666667
2020,8,2020_08_LAC_DEN,LAC,51-55,
2020,9,2020_09_LV_LAC,LAC,0-30,
2020,9,2020_09_LV_LAC,LAC,41-50,0.5
2020,11,2020_11_NYJ_LAC,LAC,41-50,0.4166666666666667
2020,11,2020_11_NYJ_LAC,LAC,0-30,
2020,12,2020_12_LAC_BUF,LAC,0-30,
2020,13,2020_13_NE_LAC,LAC,41-50,0.4166666666666667
2020,13,2020_13_NE_LAC,LAC,56+,
2020,14,2020_14_ATL_LAC,LAC,41-50,0.4166666666666667
2020,14,2020_14_ATL_LAC,LAC,31-40,
2020,15,2020_15_LAC_LV,LAC,51-55,
2020,15,2020_15_LAC_LV,LAC,0-30,
2020,15,2020_15_LAC_LV,LAC,41-50,0.5833333333333334
2020,16,2020_16_DEN_LAC,LAC,41-50,0.5833333333333334
2020,16,2020_16_DEN_LAC,LAC,31-40,
2020,16,2020_16_DEN_LAC,LAC,0-30,1.0
2021,1,2021_01_LAC_WAS,LAC,31-40,
2021,1,2021_01_LAC_WAS,LAC,0-30,
2021,2,2021_02_DAL_LAC,LAC,41-50,
2021,2,2021_02_DAL_LAC,LAC,0-30,
2021,2,2021_02_DAL_LAC,LAC,31-40,
2021,3,2021_03_LAC_KC,LAC,0-30,
2021,8,2021_08_NE_LAC,LAC,41-50,
2021,9,2021_09_LAC_PHI,LAC,0-30,
2021,10,2021_10_MIN_LAC,LAC,41-50,
2021,10,2021_10_MIN_LAC,LAC,0-30,
2021,11,2021_11_PIT_LAC,LAC,0-30,
2021,11,2021_11_PIT_LAC,LAC,41-50,
2021,12,2021_12_LAC_DEN,LAC,51-55,
2021,13,2021_13_LAC_CIN,LAC,41-50,
2021,14,2021_14_NYG_LAC,LAC,31-40,
2021,14,2021_14_NYG_LAC,LAC,0-30,1.0
2021,16,2021_16_LAC_HOU,LAC,41-50,
2021,16,2021_16_LAC_HOU,LAC,31-40,
2021,17,2021_17_DEN_LAC,LAC,0-30,1.0
2021,18,2021_18_LAC_LV,LAC,41-50,0.9166666666666666
2021,18,2021_18_LAC_LV,LAC,51-55,
2022,1,2022_01_LV_LAC,LAC,41-50,
2022,2,2022_02_LAC_KC,LAC,31-40,
2022,3,2022_03_JAX_LAC,LAC,0-30,
2022,4,2022_04_LAC_HOU,LAC,0-30,
2022,4,2022_04_LAC_HOU,LAC,31-40,
2022,5,2022_05_LAC_CLE,LAC,0-30,
2022,6,2022_06_DEN_LAC,LAC,31-40,
2022,9,2022_09_LAC_ATL,LAC,31-40,
2022,10,2022_10_LAC_SF,LAC,41-50,
2022,10,2022_10_LAC_SF,LAC,0-30,
2022,10,2022_10_LAC_SF,LAC,31-40,
2022,11,2022_11_KC_LAC,LAC,41-50,
2022,11,2022_11_KC_LAC,LAC,0-30,
2022,12,2022_12_LAC_ARI,LAC,0-30,
2022,13,2022_13_LAC_LV,LAC,51-55,
2022,13,2022_13_LAC_LV,LAC,31-40,
2022,14,2022_14_MIA_LAC,LAC,0-30,1.0
2022,14,2022_14_MIA_LAC,LAC,31-40,1.0
2022,15,2022_15_TEN_LAC,LAC,41-50,
2022,16,2022_16_LAC_IND,LAC,0-30,1.0
2022,17,2022_17_LA_LAC,LAC,31-40,1.0
2022,18,2022_18_LAC_DEN,LAC,31-40,1.0
2022,18,2022_18_LAC_DEN,LAC,41-50,
2023,1,2023_01_MIA_LAC,LAC,0-30,
2023,1,2023_01_MIA_LAC,LAC,41-50,
2023,2,2023_02_LAC_TEN,LAC,31-40,
2023,2,2023_02_LAC_TEN,LAC,0-30,
2023,3,2023_03_LAC_MIN,LAC,51-55,
2023,4,2023_04_LV_LAC,LAC,31-40,
2023,6,2023_06_DAL_LAC,LAC,0-30,
2023,7,2023_07_LAC_KC,LAC,51-55,
2023,8,2023_08_CHI_LAC,LAC,41-50,
2023,8,2023_08_CHI_LAC,LAC,51-55,
2023,9,2023_09_LAC_NYJ,LAC,51-55,
2023,9,2023_09_LAC_NYJ,LAC,31-40,
2023,10,2023_10_DET_LAC,LAC,41-50,
2023,11,2023_11_LAC_GB,LAC,0-30,
2023,12,2023_12_BAL_LAC,LAC,31-40,
2023,13,2023_13_LAC_NE,LAC,31-40,
2023,16,2023_16_BUF_LAC,LAC,51-55,
2023,16,2023_16_BUF_LAC,LAC,31-40,
2023,16,2023_16_BUF_LAC,LAC,0-30,
2023,16,2023_16_BUF_LAC,LAC,41-50,
2023,17,2023_17_LAC_DEN,LAC,41-50,
2023,17,2023_17_LAC_DEN,LAC,51-55,
2023,17,2023_17_LAC_DEN,LAC,31-40,1.0
2023,18,2023_18_KC_LAC,LAC,31-40,1.0
2023,18,2023_18_KC_LAC,LAC,0-30,
2023,18,2023_18_KC_LAC,LAC,41-50,
2024,1,2024_01_LV_LAC,LAC,0-30,
2024,1,2024_01_LV_LAC,LAC,51-55,
2024,2,2024_02_LAC_CAR,LAC,41-50,
2024,3,2024_03_LAC_PIT,LAC,0-30,
2024,4,2024_04_KC_LAC,LAC,51-55,
2024,4,2024_04_KC_LAC,LAC,41-50,
2024,6,2024_06_LAC_DEN,LAC,41-50,
2024,6,2024_06_LAC_DEN,LAC,31-40,
2024,6,2024_06_LAC_DEN,LAC,0-30,
2024,7,2024_07_LAC_ARI,LAC,41-50,
2024,7,2024_07_LAC_ARI,LAC,31-40,
2024,7,2024_07_LAC_ARI,LAC,56+,
2024,7,2024_07_LAC_ARI,LAC,0-30,
2024,8,2024_08_NO_LAC,LAC,0-30,
2024,8,2024_08_NO_LAC,LAC,41-50,
2024,9,2024_09_LAC_CLE,LAC,41-50,
2024,10,2024_10_TEN_LAC,LAC,31-40,
2024,10,2024_10_TEN_LAC,LAC,0-30,
2024,11,2024_11_CIN_LAC,LAC,51-55,
2024,11,2024_11_CIN_LAC,LAC,0-30,1.0
2024,12,2024_12_BAL_LAC,LAC,41-50,0.8333333333333334
2024,12,2024_12_BAL_LAC,LAC,51-55,
2024,13,2024_13_LAC_ATL,LAC,31-40,
2024,13,2024_13_LAC_ATL,LAC,41-50,0.8333333333333334
2024,13,2024_13_LAC_ATL,LAC,51-55,
2024,14,2024_14_LAC_KC,LAC,31-40,
2024,15,2024_15_TB_LAC,LAC,41-50,0.8333333333333334
2024,16,2024_16_DEN_LAC,LAC,31-40,
2024,16,2024_16_DEN_LAC,LAC,56+,
2024,17,2024_17_LAC_NE,LAC,0-30,1.0
2024,17,2024_17_LAC_NE,LAC,41-50,0.8333333333333334
2024,17,2024_17_LAC_NE,LAC,31-40,1.0
2024,18,2024_18_LAC_LV,LAC,0-30,1.0
2024,18,2024_18_LAC_LV,LAC,41-50,0.8333333333333334
2024,18,2024_18_LAC_LV,LAC,51-55,
2024,18,2024_18_LAC_LV,LAC,31-40,1.0
2016,1,2016_01_OAK_NO,LV,31-40,
2016,1,2016_01_OAK_NO,LV,41-50,
2016,2,2016_02_ATL_OAK,LV,56+,
2016,3,2016_03_OAK_TEN,LV,51-55,
2016,5,2016_05_SD_OAK,LV,56+,
2016,5,2016_05_SD_OAK,LV,0-30,
2016,5,2016_05_SD_OAK,LV,41-50,
2016,6,2016_06_KC_OAK,LV,51-55,
2016,6,2016_06_KC_OAK,LV,41-50,
2016,7,2016_07_OAK_JAX,LV,0-30,
2016,7,2016_07_OAK_JAX,LV,51-55,
2016,7,2016_07_OAK_JAX,LV,31-40,
2016,7,2016_07_OAK_JAX,LV,41-50,
2016,8,2016_08_OAK_TB,LV,41-50,
2016,8,2016_08_OAK_TB,LV,31-40,
2016,8,2016_08_OAK_TB,LV,51-55,
2016,9,2016_09_DEN_OAK,LV,0-30,
2016,9,2016_09_DEN_OAK,LV,41-50,
2016,9,2016_09_DEN_OAK,LV,31-40,
2016,11,2016_11_HOU_OAK,LV,0-30,
2016,12,2016_12_CAR_OAK,LV,0-30,
2016,13,2016_13_BUF_OAK,LV,41-50,0.5833333333333334
2016,14,2016_14_OAK_KC,LV,31-40,
2016,14,2016_14_OAK_KC,LV,41-50,0.5833333333333334
2016,15,2016_15_OAK_SD,LV,31-40,
2016,15,2016_15_OAK_SD,LV,41-50,0.6666666666666666
2016,15,2016_15_OAK_SD,LV,0-30,
2017,1,2017_01_OAK_TEN,LV,51-55,
2017,1,2017_01_OAK_TEN,LV,0-30,
2017,1,2017_01_OAK_TEN,LV,41-50,
2017,2,2017_02_NYJ_OAK,LV,0-30,
2017,3,2017_03_OAK_WAS,LV,0-30,
2017,4,2017_04_OAK_DEN,LV,31-40,
2017,5,2017_05_BAL_OAK,LV,31-40,
2017,6,2017_06_LAC_OAK,LV,41-50,
2017,7,2017_07_KC_OAK,LV,51-55,
2017,7,2017_07_KC_OAK,LV,0-30,
2017,7,2017_07_KC_OAK,LV,41-50,
2017,9,2017_09_OAK_MIA,LV,31-40,
2017,9,2017_09_OAK_MIA,LV,51-55,
2017,12,2017_12_DEN_OAK,LV,31-40,
2017,13,2017_13_NYG_OAK,LV,31-40,
2017,15,2017_15_DAL_OAK,LV,31-40,
2017,16,2017_16_OAK_PHI,LV,0-30,
2017,16,2017_16_OAK_PHI,LV,41-50,
2017,17,2017_17_OAK_LAC,LV,31-40,0.75
2018,1,2018_01_LA_OAK,LV,0-30,
2018,1,2018_01_LA_OAK,LV,41-50,
2018,2,2018_02_OAK_DEN,LV,0-30,
2018,2,2018_02_OAK_DEN,LV,41-50,
2018,3,2018_03_OAK_MIA,LV,0-30,
2018,3,2018_03_OAK_MIA,LV,51-55,
2018,4,2018_04_CLE_OAK,LV,41-50,
2018,4,2018_04_CLE_OAK,LV,0-30,
2018,5,2018_05_OAK_LAC,LV,56+,
2018,5,2018_05_OAK_LAC,LV,0-30,
2018,6,2018_06_SEA_OAK,LV,41-50,
2018,9,2018_09_OAK_SF,LV,41-50,
2018,9,2018_09_OAK_SF,LV,31-40,
2018,10,2018_10_LAC_OAK,LV,0-30,
2018,10,2018_10_LAC_OAK,LV,41-50,
2018,11,2018_11_OAK_ARI,LV,31-40,
2018,11,2018_11_OAK_ARI,LV,41-50,0.6388888888888888
2018,11,2018_11_OAK_ARI,LV,0-30,1.0
2018,12,2018_12_OAK_BAL,LV,41-50,0.6388888888888888
2018,13,2018_13_KC_OAK,LV,41-50,0.6388888888888888
2018,14,2018_14_PIT_OAK,LV,41-50,0.75
2018,15,2018_15_OAK_CIN,LV,31-40,
2018,15,2018_15_OAK_CIN,LV,41-50,0.8333333333333334
2018,15,2018_15_OAK_CIN,LV,0-30,1.0
2018,16,2018_16_DEN_OAK,LV,41-50,1.0
2018,17,2018_17_OAK_KC,LV,41-50,1.0
2019,1,2019_01_DEN_OAK,LV,0-30,
2019,2,2019_02_KC_OAK,LV,0-30,
2019,3,2019_03_OAK_MIN,LV,51-55,
2019,4,2019_04_OAK_IND,LV,0-30,
2019,5,2019_05_CHI_OAK,LV,41-50,
2019,7,2019_07_OAK_GB,LV,41-50,
2019,8,2019_08_OAK_HOU,LV,41-50,
2019,9,2019_09_DET_OAK,LV,31-40,
2019,9,2019_09_DET_OAK,LV,41-50,
2019,10,2019_10_LAC_OAK,LV,51-55,
2019,10,2019_10_LAC_OAK,LV,0-30,
2019,10,2019_10_LAC_OAK,LV,31-40,
2019,11,2019_11_CIN_OAK,LV,0-30,
2019,12,2019_12_OAK_NYJ,LV,41-50,
2019,13,2019_13_OAK_KC,LV,31-40,
2019,13,2019_13_OAK_KC,LV,41-50,
2019,15,2019_15_JAX_OAK,LV,41-50,0.5833333333333334
2019,15,2019_15_JAX_OAK,LV,0-30,
2019,15,2019_15_JAX_OAK,LV,31-40,
2019,16,2019_16_OAK_LAC,LV,41-50,0.4166666666666667
2019,17,2019_17_OAK_DEN,LV,0-30,1.0
2019,17,2019_17_OAK_DEN,LV,31-40,
2020,1,2020_01_LV_CAR,LV,0-30,
2020,1,2020_01_LV_CAR,LV,51-55,
2020,2,2020_02_NO_LV,LV,51-55,
2020,2,2020_02_NO_LV,LV,0-30,
2020,3,2020_03_LV_NE,LV,0-30,
2020,3,2020_03_LV_NE,LV,41-50,
2020,4,2020_04_BUF_LV,LV,31-40,
2020,4,2020_04_BUF_LV,LV,51-55,
2020,4,2020_04_BUF_LV,LV,0-30,
2020,5,2020_05_LV_KC,LV,41-50,
2020,5,2020_05_LV_KC,LV,31-40,
2020,7,2020_07_TB_LV,LV,41-50,
2020,7,2020_07_TB_LV,LV,31-40,
2020,8,2020_08_LV_CLE,LV,0-30,
2020,8,2020_08_LV_CLE,LV,41-50,
2020,8,2020_08_LV_CLE,LV,31-40,
2020,9,2020_09_LV_LAC,LV,31-40,
2020,10,2020_10_DEN_LV,LV,51-55,
2020,10,2020_10_DEN_LV,LV,0-30,
2020,11,2020_11_KC_LV,LV,31-40,
2020,12,2020_12_LV_ATL,LV,0-30,1.0
2020,13,2020_13_LV_NYJ,LV,41-50,
2020,14,2020_14_IND_LV,LV,0-30,1.0
2020,15,2020_15_LAC_LV,LV,0-30,1.0
2020,16,2020_16_MIA_LV,LV,31-40,1.0
2020,16,2020_16_MIA_LV,LV,0-30,1.0
2020,17,2020_17_LV_DEN,LV,31-40,1.0
2021,1,2021_01_BAL_LV,LV,31-40,
2021,1,2021_01_BAL_LV,LV,51-55,
2021,2,2021_02_LV_PIT,LV,31-40,
2021,2,2021_02_LV_PIT,LV,41-50,
2021,3,2021_03_MIA_LV,LV,0-30,
2021,3,2021_03_MIA_LV,LV,31-40,
2021,3,2021_03_MIA_LV,LV,41-50,
2021,4,2021_04_LV_LAC,LV,51-55,
2021,5,2021_05_CHI_LV,LV,31-40,
2021,6,2021_06_LV_DEN,LV,41-50,
2021,6,2021_06_LV_DEN,LV,0-30,
2021,7,2021_07_PHI_LV,LV,31-40,
2021,7,2021_07_PHI_LV,LV,0-30,
2021,9,2021_09_LV_NYG,LV,0-30,
2021,9,2021_09_LV_NYG,LV,31-40,
2021,11,2021_11_CIN_LV,LV,0-30,
2021,11,2021_11_CIN_LV,LV,41-50,
2021,12,2021_12_LV_DAL,LV,0-30,
2021,12,2021_12_LV_DAL,LV,56+,
2021,12,2021_12_LV_DAL,LV,41-50,
2021,13,2021_13_WAS_LV,LV,51-55,
2021,13,2021_13_WAS_LV,LV,31-40,1.0
2021,14,2021_14_LV_KC,LV,0-30,0.9444444444444443
2021,15,2021_15_LV_CLE,LV,31-40,1.0
2021,15,2021_15_LV_CLE,LV,41-50,
2021,15,2021_15_LV_CLE,LV,0-30,0.9444444444444443
2021,16,2021_16_DEN_LV,LV,41-50,0.9166666666666666
2021,17,2021_17_LV_IND,LV,41-50,0.9166666666666666
2021,17,2021_17_LV_IND,LV,31-40,1.0
2021,18,2021_18_LAC_LV,LV,0-30,0.9444444444444443
2021,18,2021_18_LAC_LV,LV,51-55,
2021,18,2021_18_LAC_LV,LV,31-40,1.0
2021,18,2021_18_LAC_LV,LV,41-50,0.9166666666666666
2022,1,2022_01_LV_LAC,LV,0-30,
2022,1,2022_01_LV_LAC,LV,51-55,
2022,2,2022_02_ARI_LV,LV,31-40,
2022,2,2022_02_ARI_LV,LV,0-30,
2022,2,2022_02_ARI_LV,LV,51-55,
2022,3,2022_03_LV_TEN,LV,0-30,
2022,3,2022_03_LV_TEN,LV,31-40,
2022,4,2022_04_DEN_LV,LV,0-30,
2022,4,2022_04_DEN_LV,LV,31-40,
2022,5,2022_05_LV_KC,LV,51-55,
2022,5,2022_05_LV_KC,LV,41-50,
2022,7,2022_07_HOU_LV,LV,41-50,
2022,9,2022_09_LV_JAX,LV,31-40,
2022,11,2022_11_LV_DEN,LV,0-30,
2022,11,2022_11_LV_DEN,LV,56+,
2022,11,2022_11_LV_DEN,LV,51-55,
2022,11,2022_11_LV_DEN,LV,41-50,
2022,12,2022_12_LV_SEA,LV,56+,
2022,12,2022_12_LV_SEA,LV,0-30,
2022,12,2022_12_LV_SEA,LV,31-40,
2022,13,2022_13_LAC_LV,LV,51-55,
2022,13,2022_13_LAC_LV,LV,0-30,1.0
2022,14,2022_14_LV_LA,LV,51-55,
2022,14,2022_14_LV_LA,LV,31-40,
2022,15,2022_15_NE_LV,LV,41-50,
2022,16,2022_16_LV_PIT,LV,31-40,1.0
2022,17,2022_17_SF_LV,LV,56+,
2022,17,2022_17_SF_LV,LV,0-30,1.0
2022,18,2022_18_KC_LV,LV,51-55,0.9166666666666666
2022,18,2022_18_KC_LV,LV,31-40,1.0
2023,1,2023_01_LV_DEN,LV,0-30,
2023,2,2023_02_LV_BUF,LV,41-50,
2023,3,2023_03_PIT_LV,LV,0-30,
2023,4,2023_04_LV_LAC,LV,0-30,
2023,5,2023_05_GB_LV,LV,51-55,
2023,5,2023_05_GB_LV,LV,0-30,
2023,6,2023_06_NE_LV,LV,0-30,
2023,6,2023_06_NE_LV,LV,31-40,
2023,7,2023_07_LV_CHI,LV,31-40,
2023,7,2023_07_LV_CHI,LV,0-30,
2023,7,2023_07_LV_CHI,LV,41-50,
2023,9,2023_09_NYG_LV,LV,0-30,1.0
2023,9,2023_09_NYG_LV,LV,41-50,
2023,10,2023_10_NYJ_LV,LV,41-50,
2023,10,2023_10_NYJ_LV,LV,51-55,
2023,10,2023_10_NYJ_LV,LV,31-40,
2023,11,2023_11_LV_MIA,LV,41-50,
2023,11,2023_11_LV_MIA,LV,31-40,
2023,12,2023_12_KC_LV,LV,0-30,1.0
2023,12,2023_12_KC_LV,LV,31-40,
2023,16,2023_16_LV_KC,LV,31-40,
2023,16,2023_16_LV_KC,LV,0-30,0.8333333333333334
2023,17,2023_17_LV_IND,LV,31-40,1.0
2023,18,2023_18_DEN_LV,LV,41-50,
2023,18,2023_18_DEN_LV,LV,0-30,0.8333333333333334
2024,1,2024_01_LV_LAC,LV,41-50,
2024,1,2024_01_LV_LAC,LV,31-40,
2024,2,2024_02_LV_BAL,LV,31-40,
2024,2,2024_02_LV_BAL,LV,51-55,
2024,2,2024_02_LV_BAL,LV,0-30,
2024,3,2024_03_CAR_LV,LV,56+,
2024,4,2024_04_CLE_LV,LV,51-55,
2024,4,2024_04_CLE_LV,LV,31-40,
2024,5,2024_05_LV_DEN,LV,31-40,
2024,7,2024_07_LV_LA,LV,41-50,
2024,7,2024_07_LV_LA,LV,31-40,
2024,7,2024_07_LV_LA,LV,0-30,
2024,8,2024_08_KC_LV,LV,51-55,
2024,8,2024_08_KC_LV,LV,31-40,
2024,9,2024_09_LV_CIN,LV,41-50,
2024,11,2024_11_LV_MIA,LV,0-30,
2024,12,2024_12_DEN_LV,LV,51-55,
2024,12,2024_12_DEN_LV,LV,31-40,1.0
2024,12,2024_12_DEN_LV,LV,0-30,
2024,13,2024_13_LV_KC,LV,0-30,
2024,13,2024_13_LV_KC,LV,56+,
2024,13,2024_13_LV_KC,LV,51-55,
2024,14,2024_14_LV_TB,LV,0-30,
2024,15,2024_15_ATL_LV,LV,51-55,
2024,16,2024_16_JAX_LV,LV,41-50,
2024,16,2024_16_JAX_LV,LV,31-40,1.0
2024,17,2024_17_LV_NO,LV,31-40,1.0
2024,17,2024_17_LV_NO,LV,0-30,1.0
2024,17,2024_17_LV_NO,LV,51-55,0.8333333333333334
2024,18,2024_18_LAC_LV,LV,41-50,
2024,18,2024_18_LAC_LV,LV,31-40,1.0
2016,1,2016_01_MIA_SEA,MIA,0-30,
2016,1,2016_01_MIA_SEA,MIA,41-50,
2016,2,2016_02_MIA_NE,MIA,0-30,
2016,3,2016_03_CLE_MIA,MIA,31-40,
2016,5,2016_05_TEN_MIA,MIA,0-30,
2016,6,2016_06_PIT_MIA,MIA,41-50,
2016,6,2016_06_PIT_MIA,MIA,0-30,
2016,7,2016_07_BUF_MIA,MIA,31-40,
2016,9,2016_09_NYJ_MIA,MIA,0-30,
2016,9,2016_09_NYJ_MIA,MIA,31-40,
2016,10,2016_10_MIA_SD,MIA,0-30,
2016,12,2016_12_SF_MIA,MIA,0-30,0.7916666666666666
2016,13,2016_13_MIA_BAL,MIA,41-50,
2016,14,2016_14_ARI_MIA,MIA,0-30,0.9583333333333334
2016,16,2016_16_MIA_BUF,MIA,0-30,0.9583333333333334
2016,16,2016_16_MIA_BUF,MIA,51-55,
2016,16,2016_16_MIA_BUF,MIA,41-50,
2017,2,2017_02_MIA_LAC,MIA,31-40,
2017,2,2017_02_MIA_LAC,MIA,51-55,
2017,2,2017_02_MIA_LAC,MIA,0-30,
2017,5,2017_05_TEN_MIA,MIA,41-50,
2017,6,2017_06_MIA_ATL,MIA,41-50,
2017,6,2017_06_MIA_ATL,MIA,31-40,
2017,7,2017_07_NYJ_MIA,MIA,31-40,
2017,8,2017_08_MIA_BAL,MIA,41-50,
2017,9,2017_09_OAK_MIA,MIA,41-50,
2017,11,2017_11_TB_MIA,MIA,31-40,
2017,11,2017_11_TB_MIA,MIA,0-30,
2017,12,2017_12_MIA_NE,MIA,0-30,
2017,13,2017_13_DEN_MIA,MIA,31-40,
2017,14,2017_14_NE_MIA,MIA,0-30,
2017,14,2017_14_NE_MIA,MIA,41-50,
2017,15,2017_15_MIA_BUF,MIA,41-50,
2017,15,2017_15_MIA_BUF,MIA,0-30,
2017,16,2017_16_MIA_KC,MIA,0-30,
2017,16,2017_16_MIA_KC,MIA,41-50,0.8333333333333334
2017,17,2017_17_BUF_MIA,MIA,31-40,
2018,1,2018_01_TEN_MIA,MIA,0-30,
2018,5,2018_05_MIA_CIN,MIA,41-50,
2018,6,2018_06_CHI_MIA,MIA,0-30,
2018,6,2018_06_CHI_MIA,MIA,41-50,
2018,7,2018_07_DET_MIA,MIA,41-50,
2018,8,2018_08_MIA_HOU,MIA,41-50,
2018,8,2018_08_MIA_HOU,MIA,31-40,
2018,9,2018_09_NYJ_MIA,MIA,0-30,
2018,9,2018_09_NYJ_MIA,MIA,41-50,
2018,10,2018_10_MIA_GB,MIA,31-40,
2018,10,2018_10_MIA_GB,MIA,0-30,
2018,10,2018_10_MIA_GB,MIA,41-50,
2018,12,2018_12_MIA_IND,MIA,0-30,
2018,15,2018_15_MIA_MIN,MIA,0-30,
2018,16,2018_16_JAX_MIA,MIA,41-50,0.8333333333333334
2018,17,2018_17_MIA_BUF,MIA,0-30,1.0
2019,1,2019_01_BAL_MIA,MIA,51-55,
2019,3,2019_03_MIA_DAL,MIA,0-30,
2019,3,2019_03_MIA_DAL,MIA,41-50,
2019,3,2019_03_MIA_DAL,MIA,31-40,
2019,4,2019_04_LAC_MIA,MIA,0-30,
2019,4,2019_04_LAC_MIA,MIA,41-50,
2019,4,2019_04_LAC_MIA,MIA,51-55,
2019,6,2019_06_WAS_MIA,MIA,31-40,
2019,9,2019_09_NYJ_MIA,MIA,41-50,
2019,9,2019_09_NYJ_MIA,MIA,0-30,
2019,10,2019_10_MIA_IND,MIA,41-50,
2019,12,2019_12_MIA_CLE,MIA,31-40,
2019,13,2019_13_PHI_MIA,MIA,51-55,
2019,14,2019_14_MIA_NYJ,MIA,41-50,
2019,14,2019_14_MIA_NYJ,MIA,31-40,
2019,14,2019_14_MIA_NYJ,MIA,0-30,
2019,14,2019_14_MIA_NYJ,MIA,51-55,
2019,15,2019_15_MIA_NYG,MIA,0-30,
2019,15,2019_15_MIA_NYG,MIA,41-50,
2019,16,2019_16_CIN_MIA,MIA,41-50,0.4166666666666667
2019,16,2019_16_CIN_MIA,MIA,31-40,
2019,17,2019_17_MIA_NE,MIA,0-30,
2019,17,2019_17_MIA_NE,MIA,31-40,
2020,1,2020_01_MIA_NE,MIA,41-50,
2020,2,2020_02_BUF_MIA,MIA,41-50,
2020,2,2020_02_BUF_MIA,MIA,51-55,
2020,3,2020_03_MIA_JAX,MIA,0-30,
2020,4,2020_04_SEA_MIA,MIA,41-50,
2020,4,2020_04_SEA_MIA,MIA,0-30,
2020,5,2020_05_MIA_SF,MIA,0-30,
2020,5,2020_05_MIA_SF,MIA,41-50,
2020,5,2020_05_MIA_SF,MIA,31-40,
2020,6,2020_06_NYJ_MIA,MIA,0-30,
2020,9,2020_09_MIA_ARI,MIA,56+,
2020,9,2020_09_MIA_ARI,MIA,41-50,
2020,10,2020_10_LAC_MIA,MIA,31-40,
2020,10,2020_10_LAC_MIA,MIA,41-50,
2020,11,2020_11_MIA_DEN,MIA,51-55,
2020,11,2020_11_MIA_DEN,MIA,41-50,0.9444444444444445
2020,12,2020_12_MIA_NYJ,MIA,51-55,
2020,13,2020_13_CIN_MIA,MIA,41-50,0.9444444444444445
2020,13,2020_13_CIN_MIA,MIA,0-30,
2020,14,2020_14_KC_MIA,MIA,41-50,0.9444444444444445
2020,14,2020_14_KC_MIA,MIA,31-40,
2020,15,2020_15_NE_MIA,MIA,51-55,
2020,16,2020_16_MIA_LV,MIA,41-50,0.8611111111111112
2020,16,2020_16_MIA_LV,MIA,0-30,
2020,16,2020_16_MIA_LV,MIA,31-40,
2020,17,2020_17_MIA_BUF,MIA,31-40,
2020,17,2020_17_MIA_BUF,MIA,41-50,0.8611111111111112
2021,1,2021_01_MIA_NE,MIA,41-50,
2021,3,2021_03_MIA_LV,MIA,41-50,
2021,4,2021_04_IND_MIA,MIA,31-40,
2021,5,2021_05_MIA_TB,MIA,0-30,
2021,6,2021_06_MIA_JAX,MIA,31-40,
2021,6,2021_06_MIA_JAX,MIA,0-30,
2021,6,2021_06_MIA_JAX,MIA,56+,
2021,7,2021_07_ATL_MIA,MIA,41-50,
2021,8,2021_08_MIA_BUF,MIA,31-40,
2021,8,2021_08_MIA_BUF,MIA,51-55,
2021,9,2021_09_HOU_MIA,MIA,41-50,
2021,10,2021_10_BAL_MIA,MIA,31-40,
2021,10,2021_10_BAL_MIA,MIA,0-30,
2021,11,2021_11_MIA_NYJ,MIA,31-40,
2021,11,2021_11_MIA_NYJ,MIA,0-30,
2021,12,2021_12_CAR_MIA,MIA,31-40,
2021,12,2021_12_CAR_MIA,MIA,41-50,
2021,13,2021_13_NYG_MIA,MIA,41-50,
2021,13,2021_13_NYG_MIA,MIA,51-55,
2021,15,2021_15_NYJ_MIA,MIA,0-30,
2021,16,2021_16_MIA_NO,MIA,56+,
2021,16,2021_16_MIA_NO,MIA,31-40,0.6666666666666666
2021,16,2021_16_MIA_NO,MIA,41-50,0.7777777777777777
2021,17,2021_17_MIA_TEN,MIA,31-40,0.6666666666666666
2021,17,2021_17_MIA_TEN,MIA,51-55,
2021,18,2021_18_NE_MIA,MIA,41-50,0.7777777777777777
2021,18,2021_18_NE_MIA,MIA,0-30,
2022,1,2022_01_NE_MIA,MIA,41-50,
2022,4,2022_04_MIA_CIN,MIA,41-50,
2022,4,2022_04_MIA_CIN,MIA,0-30,
2022,4,2022_04_MIA_CIN,MIA,51-55,
2022,5,2022_05_MIA_NYJ,MIA,41-50,
2022,5,2022_05_MIA_NYJ,MIA,51-55,
2022,6,2022_06_MIN_MIA,MIA,41-50,
2022,6,2022_06_MIN_MIA,MIA,51-55,
2022,7,2022_07_PIT_MIA,MIA,0-30,
2022,7,2022_07_PIT_MIA,MIA,41-50,
2022,8,2022_08_MIA_DET,MIA,41-50,
2022,9,2022_09_MIA_CHI,MIA,0-30,
2022,10,2022_10_CLE_MIA,MIA,31-40,
2022,12,2022_12_HOU_MIA,MIA,0-30,
2022,12,2022_12_HOU_MIA,MIA,31-40,
2022,12,2022_12_HOU_MIA,MIA,41-50,1.0
2022,13,2022_13_MIA_SF,MIA,41-50,1.0
2022,14,2022_14_MIA_LAC,MIA,51-55,
2022,15,2022_15_MIA_BUF,MIA,0-30,
2022,15,2022_15_MIA_BUF,MIA,31-40,
2022,15,2022_15_MIA_BUF,MIA,41-50,1.0
2022,16,2022_16_GB_MIA,MIA,41-50,1.0
2022,16,2022_16_GB_MIA,MIA,31-40,
2022,17,2022_17_MIA_NE,MIA,51-55,
2022,18,2022_18_NYJ_MIA,MIA,31-40,
2022,18,2022_18_NYJ_MIA,MIA,41-50,0.9166666666666666
2023,1,2023_01_MIA_LAC,MIA,0-30,
2023,1,2023_01_MIA_LAC,MIA,41-50,
2023,2,2023_02_MIA_NE,MIA,0-30,
2023,2,2023_02_MIA_NE,MIA,41-50,
2023,2,2023_02_MIA_NE,MIA,51-55,
2023,5,2023_05_NYG_MIA,MIA,31-40,
2023,7,2023_07_MIA_PHI,MIA,31-40,
2023,8,2023_08_NE_MIA,MIA,0-30,
2023,11,2023_11_LV_MIA,MIA,51-55,
2023,11,2023_11_LV_MIA,MIA,41-50,
2023,12,2023_12_MIA_NYJ,MIA,31-40,
2023,12,2023_12_MIA_NYJ,MIA,51-55,
2023,13,2023_13_MIA_WAS,MIA,41-50,
2023,14,2023_14_TEN_MIA,MIA,0-30,
2023,14,2023_14_TEN_MIA,MIA,31-40,
2023,14,2023_14_TEN_MIA,MIA,41-50,
2023,15,2023_15_NYJ_MIA,MIA,0-30,
2023,15,2023_15_NYJ_MIA,MIA,31-40,
2023,16,2023_16_DAL_MIA,MIA,51-55,
2023,16,2023_16_DAL_MIA,MIA,56+,
2023,16,2023_16_DAL_MIA,MIA,31-40,
2023,16,2023_16_DAL_MIA,MIA,0-30,
2023,17,2023_17_MIA_BAL,MIA,31-40,1.0
2023,17,2023_17_MIA_BAL,MIA,0-30,1.0
2024,1,2024_01_JAX_MIA,MIA,31-40,
2024,1,2024_01_JAX_MIA,MIA,41-50,
2024,1,2024_01_JAX_MIA,MIA,51-55,
2024,2,2024_02_BUF_MIA,MIA,31-40,
2024,3,2024_03_MIA_SEA,MIA,56+,
2024,3,2024_03_MIA_SEA,MIA,0-30,
2024,4,2024_04_TEN_MIA,MIA,56+,
2024,4,2024_04_TEN_MIA,MIA,41-50,
2024,5,2024_05_MIA_NE,MIA,51-55,
2024,5,2024_05_MIA_NE,MIA,41-50,
2024,5,2024_05_MIA_NE,MIA,31-40,
2024,7,2024_07_MIA_IND,MIA,51-55,
2024,7,2024_07_MIA_IND,MIA,31-40,
2024,8,2024_08_ARI_MIA,MIA,51-55,
2024,8,2024_08_ARI_MIA,MIA,0-30,
2024,9,2024_09_MIA_BUF,MIA,31-40,
2024,9,2024_09_MIA_BUF,MIA,0-30,
2024,10,2024_10_MIA_LA,MIA,41-50,
2024,10,2024_10_MIA_LA,MIA,31-40,
2024,11,2024_11_LV_MIA,MIA,41-50,
2024,11,2024_11_LV_MIA,MIA,31-40,1.0
2024,12,2024_12_NE_MIA,MIA,51-55,
2024,12,2024_12_NE_MIA,MIA,0-30,
2024,13,2024_13_MIA_GB,MIA,31-40,1.0
2024,14,2024_14_NYJ_MIA,MIA,0-30,
2024,14,2024_14_NYJ_MIA,MIA,51-55,
2024,14,2024_14_NYJ_MIA,MIA,56+,
2024,14,2024_14_NYJ_MIA,MIA,31-40,1.0
2024,15,2024_15_MIA_HOU,MIA,51-55,0.8333333333333334
2024,15,2024_15_MIA_HOU,MIA,31-40,1.0
2024,16,2024_16_SF_MIA,MIA,41-50,
2024,16,2024_16_SF_MIA,MIA,31-40,1.0
2024,16,2024_16_SF_MIA,MIA,51-55,0.8333333333333334
2024,17,2024_17_MIA_CLE,MIA,51-55,0.8333333333333334
2024,17,2024_17_MIA_CLE,MIA,31-40,1.0
2024,18,2024_18_MIA_NYJ,MIA,0-30,
2016,1,2016_01_MIN_TEN,MIN,56+,
2016,1,2016_01_MIN_TEN,MIN,31-40,
2016,1,2016_01_MIN_TEN,MIN,0-30,
2016,1,2016_01_MIN_TEN,MIN,41-50,
2016,2,2016_02_GB_MIN,MIN,41-50,
2016,3,2016_03_MIN_CAR,MIN,0-30,
2016,3,2016_03_MIN_CAR,MIN,31-40,
2016,4,2016_04_NYG_MIN,MIN,41-50,
2016,5,2016_05_HOU_MIN,MIN,0-30,
2016,7,2016_07_MIN_PHI,MIN,41-50,
2016,8,2016_08_MIN_CHI,MIN,0-30,
2016,9,2016_09_DET_MIN,MIN,31-40,
2016,9,2016_09_DET_MIN,MIN,41-50,
2016,11,2016_11_ARI_MIN,MIN,0-30,
2016,12,2016_12_MIN_DET,MIN,0-30,
2016,13,2016_13_DAL_MIN,MIN,41-50,
2016,13,2016_13_DAL_MIN,MIN,31-40,
2016,14,2016_14_MIN_JAX,MIN,31-40,
2016,14,2016_14_MIN_JAX,MIN,41-50,0.75
2016,15,2016_15_IND_MIN,MIN,51-55,
2016,15,2016_15_IND_MIN,MIN,31-40,
2016,16,2016_16_MIN_GB,MIN,0-30,1.0
2016,17,2016_17_CHI_MIN,MIN,0-30,1.0
2017,1,2017_01_NO_MIN,MIN,0-30,
2017,1,2017_01_NO_MIN,MIN,41-50,
2017,1,2017_01_NO_MIN,MIN,31-40,
2017,2,2017_02_MIN_PIT,MIN,41-50,
2017,3,2017_03_TB_MIN,MIN,31-40,
2017,3,2017_03_TB_MIN,MIN,0-30,
2017,4,2017_04_DET_MIN,MIN,31-40,
2017,5,2017_05_MIN_CHI,MIN,0-30,
2017,6,2017_06_GB_MIN,MIN,51-55,
2017,6,2017_06_GB_MIN,MIN,31-40,
2017,7,2017_07_BAL_MIN,MIN,41-50,
2017,7,2017_07_BAL_MIN,MIN,31-40,
2017,7,2017_07_BAL_MIN,MIN,51-55,
2017,8,2017_08_MIN_CLE,MIN,31-40,
2017,8,2017_08_MIN_CLE,MIN,41-50,
2017,8,2017_08_MIN_CLE,MIN,51-55,
2017,10,2017_10_MIN_WAS,MIN,51-55,
2017,11,2017_11_LA_MIN,MIN,41-50,
2017,11,2017_11_LA_MIN,MIN,31-40,0.8333333333333334
2017,12,2017_12_MIN_DET,MIN,51-55,
2017,12,2017_12_MIN_DET,MIN,31-40,0.75
2017,14,2017_14_MIN_CAR,MIN,51-55,
2017,14,2017_14_MIN_CAR,MIN,0-30,
2017,15,2017_15_CIN_MIN,MIN,31-40,0.75
2017,15,2017_15_CIN_MIN,MIN,51-55,0.6666666666666666
2017,16,2017_16_MIN_GB,MIN,0-30,
2017,16,2017_16_MIN_GB,MIN,41-50,
2017,17,2017_17_CHI_MIN,MIN,51-55,0.6666666666666666
2018,1,2018_01_SF_MIN,MIN,41-50,
2018,2,2018_02_MIN_GB,MIN,41-50,
2018,2,2018_02_MIN_GB,MIN,31-40,
2018,4,2018_04_MIN_LA,MIN,31-40,
2018,5,2018_05_MIN_PHI,MIN,0-30,
2018,5,2018_05_MIN_PHI,MIN,31-40,
2018,5,2018_05_MIN_PHI,MIN,51-55,
2018,5,2018_05_MIN_PHI,MIN,41-50,
2018,6,2018_06_ARI_MIN,MIN,41-50,
2018,6,2018_06_ARI_MIN,MIN,31-40,
2018,7,2018_07_MIN_NYJ,MIN,41-50,
2018,7,2018_07_MIN_NYJ,MIN,0-30,
2018,9,2018_09_DET_MIN,MIN,31-40,
2018,11,2018_11_MIN_CHI,MIN,31-40,
2018,12,2018_12_GB_MIN,MIN,56+,
2018,12,2018_12_GB_MIN,MIN,31-40,0.8333333333333334
2018,12,2018_12_GB_MIN,MIN,41-50,
2018,13,2018_13_MIN_NE,MIN,41-50,0.4166666666666667
2018,13,2018_13_MIN_NE,MIN,31-40,1.0
2018,14,2018_14_MIN_SEA,MIN,41-50,0.25
2018,15,2018_15_MIA_MIN,MIN,31-40,1.0
2018,16,2018_16_MIN_DET,MIN,0-30,
2018,17,2018_17_CHI_MIN,MIN,41-50,0.25
2019,2,2019_02_MIN_GB,MIN,31-40,
2019,2,2019_02_MIN_GB,MIN,41-50,
2019,3,2019_03_OAK_MIN,MIN,41-50,
2019,3,2019_03_OAK_MIN,MIN,0-30,
2019,5,2019_05_MIN_NYG,MIN,31-40,
2019,5,2019_05_MIN_NYG,MIN,41-50,
2019,6,2019_06_PHI_MIN,MIN,31-40,
2019,7,2019_07_MIN_DET,MIN,41-50,
2019,8,2019_08_WAS_MIN,MIN,31-40,
2019,8,2019_08_WAS_MIN,MIN,0-30,
2019,8,2019_08_WAS_MIN,MIN,41-50,
2019,9,2019_09_MIN_KC,MIN,0-30,
2019,10,2019_10_MIN_DAL,MIN,0-30,
2019,13,2019_13_MIN_SEA,MIN,41-50,
2019,14,2019_14_DET_MIN,MIN,41-50,0.6666666666666666
2019,14,2019_14_DET_MIN,MIN,0-30,
2019,15,2019_15_MIN_LAC,MIN,0-30,
2019,15,2019_15_MIN_LAC,MIN,41-50,0.8333333333333334
2019,15,2019_15_MIN_LAC,MIN,31-40,
2019,16,2019_16_GB_MIN,MIN,0-30,1.0
2019,17,2019_17_CHI_MIN,MIN,31-40,
2020,1,2020_01_GB_MIN,MIN,31-40,
2020,2,2020_02_MIN_IND,MIN,0-30,
2020,3,2020_03_TEN_MIN,MIN,41-50,
2020,4,2020_04_MIN_HOU,MIN,51-55,
2020,4,2020_04_MIN_HOU,MIN,31-40,
2020,5,2020_05_MIN_SEA,MIN,41-50,
2020,5,2020_05_MIN_SEA,MIN,51-55,
2020,10,2020_10_MIN_CHI,MIN,31-40,
2020,10,2020_10_MIN_CHI,MIN,41-50,
2020,12,2020_12_CAR_MIN,MIN,0-30,
2020,12,2020_12_CAR_MIN,MIN,51-55,
2020,13,2020_13_JAX_MIN,MIN,0-30,
2020,13,2020_13_JAX_MIN,MIN,41-50,
2020,13,2020_13_JAX_MIN,MIN,51-55,
2020,14,2020_14_MIN_TB,MIN,51-55,
2020,14,2020_14_MIN_TB,MIN,31-40,
2020,14,2020_14_MIN_TB,MIN,41-50,
2020,15,2020_15_CHI_MIN,MIN,0-30,
2020,17,2020_17_MIN_DET,MIN,41-50,
2020,17,2020_17_MIN_DET,MIN,0-30,
2021,1,2021_01_MIN_CIN,MIN,51-55,
2021,2,2021_02_MIN_ARI,MIN,31-40,
2021,2,2021_02_MIN_ARI,MIN,51-55,
2021,3,2021_03_SEA_MIN,MIN,41-50,
2021,3,2021_03_SEA_MIN,MIN,0-30,
2021,3,2021_03_SEA_MIN,MIN,31-40,
2021,5,2021_05_DET_MIN,MIN,41-50,
2021,5,2021_05_DET_MIN,MIN,31-40,
2021,5,2021_05_DET_MIN,MIN,51-55,
2021,6,2021_06_MIN_CAR,MIN,41-50,
2021,6,2021_06_MIN_CAR,MIN,0-30,
2021,6,2021_06_MIN_CAR,MIN,31-40,
2021,8,2021_08_DAL_MIN,MIN,41-50,
2021,8,2021_08_DAL_MIN,MIN,31-40,
2021,8,2021_08_DAL_MIN,MIN,0-30,
2021,9,2021_09_MIN_BAL,MIN,31-40,
2021,10,2021_10_MIN_LAC,MIN,0-30,
2021,10,2021_10_MIN_LAC,MIN,41-50,
2021,11,2021_11_GB_MIN,MIN,0-30,
2021,11,2021_11_GB_MIN,MIN,51-55,
2021,13,2021_13_MIN_DET,MIN,41-50,
2021,13,2021_13_MIN_DET,MIN,31-40,0.8333333333333334
2021,14,2021_14_PIT_MIN,MIN,0-30,
2021,14,2021_14_PIT_MIN,MIN,41-50,0.6666666666666666
2021,14,2021_14_PIT_MIN,MIN,51-55,
2021,14,2021_14_PIT_MIN,MIN,31-40,1.0
2021,15,2021_15_MIN_CHI,MIN,31-40,1.0
2021,16,2021_16_LA_MIN,MIN,41-50,0.6666666666666666
2021,16,2021_16_LA_MIN,MIN,0-30,1.0
2021,17,2021_17_MIN_GB,MIN,51-55,
2021,18,2021_18_CHI_MIN,MIN,31-40,1.0
2022,1,2022_01_GB_MIN,MIN,0-30,
2022,1,2022_01_GB_MIN,MIN,56+,
2022,3,2022_03_DET_MIN,MIN,56+,
2022,4,2022_04_MIN_NO,MIN,31-40,
2022,4,2022_04_MIN_NO,MIN,0-30,
2022,4,2022_04_MIN_NO,MIN,41-50,
2022,5,2022_05_CHI_MIN,MIN,51-55,
2022,6,2022_06_MIN_MIA,MIN,31-40,
2022,8,2022_08_ARI_MIN,MIN,56+,
2022,9,2022_09_MIN_WAS,MIN,0-30,
2022,10,2022_10_MIN_BUF,MIN,31-40,
2022,10,2022_10_MIN_BUF,MIN,0-30,
2022,11,2022_11_DAL_MIN,MIN,0-30,
2022,12,2022_12_NE_MIN,MIN,31-40,
2022,12,2022_12_NE_MIN,MIN,0-30,
2022,13,2022_13_NYJ_MIN,MIN,41-50,
2022,13,2022_13_NYJ_MIN,MIN,51-55,
2022,14,2022_14_MIN_DET,MIN,41-50,
2022,15,2022_15_IND_MIN,MIN,31-40,
2022,16,2022_16_NYG_MIN,MIN,31-40,
2022,16,2022_16_NYG_MIN,MIN,56+,
2022,17,2022_17_MIN_GB,MIN,41-50,
2022,17,2022_17_MIN_GB,MIN,0-30,1.0
2022,18,2022_18_MIN_CHI,MIN,41-50,
2022,18,2022_18_MIN_CHI,MIN,0-30,1.0
2023,1,2023_01_TB_MIN,MIN,0-30,
2023,3,2023_03_LAC_MIN,MIN,0-30,
2023,5,2023_05_KC_MIN,MIN,31-40,
2023,5,2023_05_KC_MIN,MIN,0-30,
2023,6,2023_06_MIN_CHI,MIN,56+,
2023,6,2023_06_MIN_CHI,MIN,51-55,
2023,7,2023_07_SF_MIN,MIN,41-50,
2023,7,2023_07_SF_MIN,MIN,51-55,
2023,7,2023_07_SF_MIN,MIN,0-30,
2023,8,2023_08_MIN_GB,MIN,0-30,
2023,8,2023_08_MIN_GB,MIN,41-50,
2023,9,2023_09_MIN_ATL,MIN,31-40,
2023,9,2023_09_MIN_ATL,MIN,0-30,
2023,10,2023_10_NO_MIN,MIN,31-40,
2023,10,2023_10_NO_MIN,MIN,51-55,
2023,11,2023_11_MIN_DEN,MIN,0-30,1.0
2023,11,2023_11_MIN_DEN,MIN,31-40,
2023,12,2023_12_CHI_MIN,MIN,31-40,
2023,14,2023_14_MIN_LV,MIN,41-50,
2023,14,2023_14_MIN_LV,MIN,31-40,
2023,15,2023_15_MIN_CIN,MIN,31-40,1.0
2023,16,2023_16_DET_MIN,MIN,0-30,1.0
2023,17,2023_17_GB_MIN,MIN,51-55,
2023,18,2023_18_MIN_DET,MIN,31-40,1.0
2023,18,2023_18_MIN_DET,MIN,41-50,
2024,2,2024_02_SF_MIN,MIN,31-40,
2024,2,2024_02_SF_MIN,MIN,0-30,
2024,3,2024_03_HOU_MIN,MIN,56+,
2024,3,2024_03_HOU_MIN,MIN,31-40,
2024,4,2024_04_MIN_GB,MIN,31-40,
2024,5,2024_05_NYJ_MIN,MIN,51-55,
2024,5,2024_05_NYJ_MIN,MIN,41-50,
2024,7,2024_07_DET_MIN,MIN,41-50,
2024,7,2024_07_DET_MIN,MIN,56+,
2024,8,2024_08_MIN_LA,MIN,0-30,
2024,8,2024_08_MIN_LA,MIN,31-40,
2024,9,2024_09_IND_MIN,MIN,51-55,
2024,9,2024_09_IND_MIN,MIN,31-40,
2024,10,2024_10_MIN_JAX,MIN,31-40,
2024,10,2024_10_MIN_JAX,MIN,0-30,
2024,10,2024_10_MIN_JAX,MIN,41-50,
2024,11,2024_11_MIN_TEN,MIN,31-40,0.8333333333333334
2024,12,2024_12_MIN_CHI,MIN,0-30,
2024,12,2024_12_MIN_CHI,MIN,31-40,0.8333333333333334
2024,13,2024_13_ARI_MIN,MIN,41-50,
2024,13,2024_13_ARI_MIN,MIN,51-55,
2024,13,2024_13_ARI_MIN,MIN,31-40,0.8333333333333334
2024,14,2024_14_ATL_MIN,MIN,41-50,
2024,15,2024_15_CHI_MIN,MIN,41-50,
2024,15,2024_15_CHI_MIN,MIN,31-40,0.8333333333333334
2024,15,2024_15_CHI_MIN,MIN,51-55,
2024,16,2024_16_MIN_SEA,MIN,41-50,0.75
2024,16,2024_16_MIN_SEA,MIN,51-55,
2024,17,2024_17_GB_MIN,MIN,41-50,0.75
2024,17,2024_17_GB_MIN,MIN,56+,
2024,17,2024_17_GB_MIN,MIN,0-30,
2024,18,2024_18_MIN_DET,MIN,0-30,
2024,18,2024_18_MIN_DET,MIN,31-40,0.8333333333333334
2024,18,2024_18_MIN_DET,MIN,51-55,
2016,1,2016_01_NE_ARI,NE,31-40,
2016,1,2016_01_NE_ARI,NE,51-55,
2016,1,2016_01_NE_ARI,NE,41-50,
2016,2,2016_02_MIA_NE,NE,31-40,
2016,3,2016_03_HOU_NE,NE,0-30,
2016,4,2016_04_BUF_NE,NE,41-50,
2016,5,2016_05_NE_CLE,NE,31-40,
2016,5,2016_05_NE_CLE,NE,41-50,
2016,6,2016_06_CIN_NE,NE,31-40,
2016,6,2016_06_CIN_NE,NE,41-50,
2016,8,2016_08_NE_BUF,NE,31-40,
2016,8,2016_08_NE_BUF,NE,51-55,
2016,10,2016_10_SEA_NE,NE,0-30,
2016,11,2016_11_NE_SF,NE,31-40,
2016,12,2016_12_NE_NYJ,NE,0-30,
2016,12,2016_12_NE_NYJ,NE,41-50,
2016,12,2016_12_NE_NYJ,NE,31-40,0.9166666666666666
2016,13,2016_13_LA_NE,NE,41-50,
2016,13,2016_13_LA_NE,NE,0-30,
2016,15,2016_15_NE_DEN,NE,31-40,0.75
2016,15,2016_15_NE_DEN,NE,0-30,
2016,15,2016_15_NE_DEN,NE,41-50,0.6666666666666666
2016,16,2016_16_NYJ_NE,NE,0-30,
2016,17,2016_17_NE_MIA,NE,31-40,0.8333333333333334
2016,17,2016_17_NE_MIA,NE,0-30,1.0
2016,17,2016_17_NE_MIA,NE,51-55,
2017,1,2017_01_KC_NE,NE,31-40,
2017,1,2017_01_KC_NE,NE,0-30,
2017,2,2017_02_NE_NO,NE,0-30,
2017,4,2017_04_CAR_NE,NE,31-40,
2017,4,2017_04_CAR_NE,NE,41-50,
2017,4,2017_04_CAR_NE,NE,56+,
2017,5,2017_05_NE_TB,NE,0-30,
2017,5,2017_05_NE_TB,NE,41-50,
2017,6,2017_06_NE_NYJ,NE,0-30,
2017,6,2017_06_NE_NYJ,NE,41-50,
2017,7,2017_07_ATL_NE,NE,0-30,
2017,7,2017_07_ATL_NE,NE,31-40,
2017,8,2017_08_LAC_NE,NE,0-30,
2017,8,2017_08_LAC_NE,NE,31-40,
2017,8,2017_08_LAC_NE,NE,41-50,
2017,10,2017_10_NE_DEN,NE,0-30,1.0
2017,11,2017_11_NE_OAK,NE,56+,
2017,11,2017_11_NE_OAK,NE,0-30,1.0
2017,11,2017_11_NE_OAK,NE,31-40,
2017,11,2017_11_NE_OAK,NE,51-55,
2017,13,2017_13_NE_BUF,NE,41-50,
2017,13,2017_13_NE_BUF,NE,31-40,
2017,14,2017_14_NE_MIA,NE,31-40,1.0
2017,14,2017_14_NE_MIA,NE,41-50,
2017,15,2017_15_NE_PIT,NE,41-50,0.7222222222222222
2017,15,2017_15_NE_PIT,NE,31-40,1.0
2017,16,2017_16_BUF_NE,NE,0-30,1.0
2017,16,2017_16_BUF_NE,NE,31-40,1.0
2017,17,2017_17_NYJ_NE,NE,0-30,1.0
2018,1,2018_01_HOU_NE,NE,31-40,
2018,2,2018_02_NE_JAX,NE,0-30,
2018,2,2018_02_NE_JAX,NE,51-55,
2018,2,2018_02_NE_JAX,NE,41-50,
2018,3,2018_03_NE_DET,NE,31-40,
2018,4,2018_04_MIA_NE,NE,0-30,
2018,5,2018_05_IND_NE,NE,41-50,
2018,6,2018_06_KC_NE,NE,41-50,
2018,6,2018_06_KC_NE,NE,0-30,
2018,6,2018_06_KC_NE,NE,31-40,
2018,7,2018_07_NE_CHI,NE,0-30,
2018,8,2018_08_NE_BUF,NE,41-50,
2018,8,2018_08_NE_BUF,NE,0-30,
2018,8,2018_08_NE_BUF,NE,31-40,
2018,9,2018_09_GB_NE,NE,0-30,
2018,10,2018_10_NE_TEN,NE,51-55,
2018,12,2018_12_NE_NYJ,NE,31-40,
2018,13,2018_13_MIN_NE,NE,0-30,1.0
2018,13,2018_13_MIN_NE,NE,41-50,
2018,14,2018_14_NE_MIA,NE,0-30,1.0
2018,14,2018_14_NE_MIA,NE,31-40,
2018,14,2018_14_NE_MIA,NE,41-50,
2018,15,2018_15_NE_PIT,NE,31-40,1.0
2018,16,2018_16_BUF_NE,NE,0-30,1.0
2018,17,2018_17_NYJ_NE,NE,31-40,1.0
2019,1,2019_01_PIT_NE,NE,0-30,
2019,1,2019_01_PIT_NE,NE,41-50,
2019,1,2019_01_PIT_NE,NE,31-40,
2019,2,2019_02_NE_MIA,NE,0-30,
2019,2,2019_02_NE_MIA,NE,41-50,
2019,3,2019_03_NYJ_NE,NE,31-40,
2019,4,2019_04_NE_BUF,NE,0-30,
2019,5,2019_05_NE_WAS,NE,31-40,
2019,5,2019_05_NE_WAS,NE,0-30,
2019,6,2019_06_NYG_NE,NE,31-40,
2019,7,2019_07_NE_NYJ,NE,31-40,
2019,8,2019_08_CLE_NE,NE,0-30,
2019,8,2019_08_CLE_NE,NE,31-40,
2019,9,2019_09_NE_BAL,NE,0-30,
2019,11,2019_11_NE_PHI,NE,0-30,0.9444444444444445
2019,11,2019_11_NE_PHI,NE,31-40,0.6666666666666666
2019,12,2019_12_DAL_NE,NE,41-50,
2019,13,2019_13_NE_HOU,NE,0-30,0.9444444444444445
2019,14,2019_14_KC_NE,NE,41-50,
2019,14,2019_14_KC_NE,NE,0-30,0.9444444444444445
2019,15,2019_15_NE_CIN,NE,31-40,0.6666666666666666
2019,15,2019_15_NE_CIN,NE,41-50,
2019,16,2019_16_BUF_NE,NE,0-30,0.9444444444444445
2019,16,2019_16_BUF_NE,NE,31-40,0.6666666666666666
2019,16,2019_16_BUF_NE,NE,51-55,
2019,17,2019_17_MIA_NE,NE,0-30,0.9444444444444445
2020,1,2020_01_MIA_NE,NE,41-50,
2020,2,2020_02_NE_SEA,NE,51-55,
2020,2,2020_02_NE_SEA,NE,0-30,
2020,3,2020_03_LV_NE,NE,0-30,
2020,3,2020_03_LV_NE,NE,31-40,
2020,4,2020_04_NE_KC,NE,41-50,
2020,6,2020_06_DEN_NE,NE,41-50,
2020,6,2020_06_DEN_NE,NE,31-40,
2020,7,2020_07_SF_NE,NE,31-40,
2020,7,2020_07_SF_NE,NE,41-50,
2020,8,2020_08_NE_BUF,NE,41-50,
2020,8,2020_08_NE_BUF,NE,31-40,
2020,9,2020_09_NE_NYJ,NE,41-50,
2020,9,2020_09_NE_NYJ,NE,0-30,
2020,9,2020_09_NE_NYJ,NE,51-55,
2020,10,2020_10_BAL_NE,NE,0-30,
2020,11,2020_11_NE_HOU,NE,41-50,0.8333333333333334
2020,11,2020_11_NE_HOU,NE,31-40,
2020,12,2020_12_ARI_NE,NE,0-30,
2020,12,2020_12_ARI_NE,NE,41-50,1.0
2020,13,2020_13_NE_LAC,NE,31-40,
2020,14,2020_14_NE_LA,NE,0-30,
2020,15,2020_15_NE_MIA,NE,31-40,1.0
2020,15,2020_15_NE_MIA,NE,41-50,1.0
2020,16,2020_16_BUF_NE,NE,41-50,1.0
2021,1,2021_01_MIA_NE,NE,31-40,
2021,1,2021_01_MIA_NE,NE,41-50,
2021,1,2021_01_MIA_NE,NE,0-30,
2021,2,2021_02_NE_NYJ,NE,31-40,
2021,2,2021_02_NE_NYJ,NE,41-50,
2021,2,2021_02_NE_NYJ,NE,0-30,
2021,3,2021_03_NO_NE,NE,41-50,
2021,3,2021_03_NO_NE,NE,0-30,
2021,4,2021_04_TB_NE,NE,0-30,
2021,4,2021_04_TB_NE,NE,56+,
2021,5,2021_05_NE_HOU,NE,31-40,
2021,5,2021_05_NE_HOU,NE,0-30,
2021,5,2021_05_NE_HOU,NE,51-55,
2021,7,2021_07_NYJ_NE,NE,31-40,
2021,7,2021_07_NYJ_NE,NE,41-50,
2021,8,2021_08_NE_LAC,NE,0-30,
2021,8,2021_08_NE_LAC,NE,41-50,
2021,9,2021_09_NE_CAR,NE,31-40,
2021,9,2021_09_NE_CAR,NE,51-55,
2021,10,2021_10_CLE_NE,NE,31-40,
2021,11,2021_11_NE_ATL,NE,31-40,1.0
2021,11,2021_11_NE_ATL,NE,41-50,
2021,11,2021_11_NE_ATL,NE,51-55,
2021,12,2021_12_TEN_NE,NE,51-55,
2021,12,2021_12_TEN_NE,NE,41-50,1.0
2021,12,2021_12_TEN_NE,NE,0-30,1.0
2021,12,2021_12_TEN_NE,NE,31-40,1.0
2021,13,2021_13_NE_BUF,NE,31-40,1.0
2021,13,2021_13_NE_BUF,NE,41-50,1.0
2021,15,2021_15_NE_IND,NE,0-30,1.0
2021,17,2021_17_JAX_NE,NE,41-50,1.0
2021,18,2021_18_NE_MIA,NE,41-50,1.0
2022,2,2022_02_NE_PIT,NE,0-30,
2022,2,2022_02_NE_PIT,NE,51-55,
2022,3,2022_03_BAL_NE,NE,41-50,
2022,3,2022_03_BAL_NE,NE,31-40,
2022,4,2022_04_NE_GB,NE,31-40,
2022,5,2022_05_DET_NE,NE,0-30,
2022,5,2022_05_DET_NE,NE,41-50,
2022,5,2022_05_DET_NE,NE,31-40,
2022,6,2022_06_NE_CLE,NE,41-50,
2022,6,2022_06_NE_CLE,NE,0-30,
2022,8,2022_08_NE_NYJ,NE,31-40,
2022,8,2022_08_NE_NYJ,NE,51-55,
2022,8,2022_08_NE_NYJ,NE,41-50,
2022,9,2022_09_IND_NE,NE,0-30,
2022,9,2022_09_IND_NE,NE,41-50,
2022,11,2022_11_NYJ_NE,NE,41-50,
2022,11,2022_11_NYJ_NE,NE,0-30,
2022,12,2022_12_NE_MIN,NE,0-30,
2022,12,2022_12_NE_MIN,NE,41-50,0.6666666666666666
2022,12,2022_12_NE_MIN,NE,31-40,
2022,13,2022_13_BUF_NE,NE,31-40,
2022,13,2022_13_BUF_NE,NE,41-50,0.6666666666666666
2022,14,2022_14_NE_ARI,NE,51-55,
2022,14,2022_14_NE_ARI,NE,0-30,1.0
2022,15,2022_15_NE_LV,NE,0-30,1.0
2022,15,2022_15_NE_LV,NE,41-50,0.5
2022,15,2022_15_NE_LV,NE,51-55,
2022,17,2022_17_MIA_NE,NE,41-50,0.6666666666666666
2022,18,2022_18_NE_BUF,NE,0-30,1.0
2023,2,2023_02_MIA_NE,NE,41-50,
2023,3,2023_03_NE_NYJ,NE,56+,
2023,3,2023_03_NE_NYJ,NE,41-50,
2023,3,2023_03_NE_NYJ,NE,51-55,
2023,4,2023_04_NE_DAL,NE,51-55,
2023,4,2023_04_NE_DAL,NE,0-30,
2023,5,2023_05_NO_NE,NE,41-50,
2023,6,2023_06_NE_LV,NE,41-50,
2023,7,2023_07_BUF_NE,NE,0-30,
2023,7,2023_07_BUF_NE,NE,41-50,
2023,8,2023_08_NE_MIA,NE,31-40,
2023,9,2023_09_WAS_NE,NE,41-50,
2023,10,2023_10_IND_NE,NE,31-40,
2023,10,2023_10_IND_NE,NE,0-30,
2023,12,2023_12_NE_NYG,NE,31-40,
2023,15,2023_15_KC_NE,NE,41-50,0.75
2023,15,2023_15_KC_NE,NE,0-30,
2023,16,2023_16_NE_DEN,NE,56+,
2023,16,2023_16_NE_DEN,NE,41-50,0.5833333333333334
2023,16,2023_16_NE_DEN,NE,31-40,
2023,17,2023_17_NE_BUF,NE,41-50,0.5
2023,18,2023_18_NYJ_NE,NE,0-30,
2024,1,2024_01_NE_CIN,NE,31-40,
2024,2,2024_02_SEA_NE,NE,41-50,
2024,2,2024_02_SEA_NE,NE,0-30,
2024,3,2024_03_NE_NYJ,NE,41-50,
2024,4,2024_04_NE_SF,NE,51-55,
2024,4,2024_04_NE_SF,NE,56+,
2024,5,2024_05_MIA_NE,NE,31-40,
2024,7,2024_07_NE_JAX,NE,41-50,
2024,8,2024_08_NYJ_NE,NE,0-30,
2024,9,2024_09_NE_TEN,NE,51-55,
2024,9,2024_09_NE_TEN,NE,56+,
2024,10,2024_10_NE_CHI,NE,31-40,
2024,10,2024_10_NE_CHI,NE,0-30,
2024,11,2024_11_LA_NE,NE,31-40,
2024,11,2024_11_LA_NE,NE,41-50,
2024,11,2024_11_LA_NE,NE,0-30,
2024,12,2024_12_NE_MIA,NE,41-50,
2024,13,2024_13_IND_NE,NE,31-40,
2024,13,2024_13_IND_NE,NE,56+,
2024,13,2024_13_IND_NE,NE,51-55,
2024,13,2024_13_IND_NE,NE,0-30,
2024,15,2024_15_NE_ARI,NE,41-50,
2024,15,2024_15_NE_ARI,NE,51-55,
2024,18,2024_18_BUF_NE,NE,41-50,0.6666666666666666
2016,1,2016_01_OAK_NO,NO,41-50,
2016,1,2016_01_OAK_NO,NO,56+,
2016,1,2016_01_OAK_NO,NO,0-30,
2016,2,2016_02_NO_NYG,NO,41-50,
2016,2,2016_02_NO_NYG,NO,31-40,
2016,3,2016_03_ATL_NO,NO,56+,
2016,6,2016_06_CAR_NO,NO,51-55,
2016,6,2016_06_CAR_NO,NO,31-40,
2016,8,2016_08_SEA_NO,NO,0-30,
2016,8,2016_08_SEA_NO,NO,41-50,
2016,8,2016_08_SEA_NO,NO,51-55,
2016,9,2016_09_NO_SF,NO,41-50,
2016,9,2016_09_NO_SF,NO,0-30,
2016,9,2016_09_NO_SF,NO,51-55,
2016,10,2016_10_DEN_NO,NO,0-30,
2016,11,2016_11_NO_CAR,NO,31-40,
2016,11,2016_11_NO_CAR,NO,0-30,
2016,13,2016_13_DET_NO,NO,31-40,
2016,14,2016_14_NO_TB,NO,0-30,
2016,14,2016_14_NO_TB,NO,41-50,
2016,14,2016_14_NO_TB,NO,31-40,
2016,15,2016_15_NO_ARI,NO,31-40,
2016,16,2016_16_TB_NO,NO,0-30,1.0
2016,16,2016_16_TB_NO,NO,31-40,0.75
2016,16,2016_16_TB_NO,NO,41-50,
2016,17,2016_17_NO_ATL,NO,31-40,0.8333333333333334
2016,17,2016_17_NO_ATL,NO,0-30,1.0
2017,1,2017_01_NO_MIN,NO,41-50,
2017,1,2017_01_NO_MIN,NO,0-30,
2017,2,2017_02_NE_NO,NO,31-40,
2017,2,2017_02_NE_NO,NO,41-50,
2017,3,2017_03_NO_CAR,NO,41-50,
2017,3,2017_03_NO_CAR,NO,56+,
2017,3,2017_03_NO_CAR,NO,31-40,
2017,4,2017_04_NO_MIA,NO,41-50,
2017,6,2017_06_DET_NO,NO,41-50,
2017,7,2017_07_NO_GB,NO,0-30,
2017,7,2017_07_NO_GB,NO,41-50,
2017,8,2017_08_CHI_NO,NO,41-50,0.861111111111111
2017,9,2017_09_TB_NO,NO,41-50,0.861111111111111
2017,9,2017_09_TB_NO,NO,31-40,
2017,10,2017_10_NO_BUF,NO,0-30,
2017,10,2017_10_NO_BUF,NO,51-55,
2017,11,2017_11_WAS_NO,NO,41-50,0.7777777777777777
2017,11,2017_11_WAS_NO,NO,51-55,
2017,11,2017_11_WAS_NO,NO,0-30,
2017,12,2017_12_NO_LA,NO,0-30,
2017,12,2017_12_NO_LA,NO,41-50,0.7777777777777777
2017,13,2017_13_CAR_NO,NO,31-40,
2017,14,2017_14_NO_ATL,NO,31-40,
2017,15,2017_15_NYJ_NO,NO,0-30,
2017,16,2017_16_ATL_NO,NO,41-50,0.8333333333333334
2017,16,2017_16_ATL_NO,NO,0-30,1.0
2017,16,2017_16_ATL_NO,NO,31-40,
2017,17,2017_17_NO_TB,NO,41-50,0.8333333333333334
2018,1,2018_01_TB_NO,NO,31-40,
2018,2,2018_02_CLE_NO,NO,31-40,
2018,2,2018_02_CLE_NO,NO,41-50,
2018,3,2018_03_NO_ATL,NO,0-30,
2018,3,2018_03_NO_ATL,NO,41-50,
2018,4,2018_04_NO_NYG,NO,41-50,
2018,4,2018_04_NO_NYG,NO,0-30,
2018,4,2018_04_NO_NYG,NO,31-40,
2018,5,2018_05_WAS_NO,NO,41-50,
2018,7,2018_07_NO_BAL,NO,31-40,
2018,8,2018_08_NO_MIN,NO,41-50,
2018,8,2018_08_NO_MIN,NO,51-55,
2018,9,2018_09_LA_NO,NO,51-55,
2018,10,2018_10_NO_CIN,NO,0-30,
2018,10,2018_10_NO_CIN,NO,41-50,
2018,11,2018_11_PHI_NO,NO,31-40,
2018,11,2018_11_PHI_NO,NO,0-30,
2018,12,2018_12_ATL_NO,NO,0-30,
2018,13,2018_13_NO_DAL,NO,31-40,
2018,14,2018_14_NO_TB,NO,0-30,
2018,14,2018_14_NO_TB,NO,31-40,1.0
2018,15,2018_15_NO_CAR,NO,41-50,0.9166666666666666
2018,15,2018_15_NO_CAR,NO,0-30,1.0
2018,16,2018_16_PIT_NO,NO,41-50,1.0
2019,1,2019_01_HOU_NO,NO,41-50,
2019,1,2019_01_HOU_NO,NO,56+,
2019,1,2019_01_HOU_NO,NO,31-40,
2019,2,2019_02_NO_LA,NO,51-55,
2019,2,2019_02_NO_LA,NO,31-40,
2019,2,2019_02_NO_LA,NO,41-50,
2019,4,2019_04_DAL_NO,NO,31-40,
2019,4,2019_04_DAL_NO,NO,41-50,
2019,4,2019_04_DAL_NO,NO,0-30,
2019,5,2019_05_TB_NO,NO,0-30,
2019,6,2019_06_NO_JAX,NO,41-50,
2019,6,2019_06_NO_JAX,NO,0-30,
2019,7,2019_07_NO_CHI,NO,0-30,
2019,7,2019_07_NO_CHI,NO,31-40,
2019,7,2019_07_NO_CHI,NO,51-55,
2019,7,2019_07_NO_CHI,NO,41-50,
2019,8,2019_08_ARI_NO,NO,41-50,
2019,8,2019_08_ARI_NO,NO,0-30,
2019,10,2019_10_ATL_NO,NO,0-30,
2019,10,2019_10_ATL_NO,NO,41-50,0.6666666666666666
2019,11,2019_11_NO_TB,NO,0-30,1.0
2019,11,2019_11_NO_TB,NO,41-50,0.6666666666666666
2019,12,2019_12_CAR_NO,NO,41-50,0.6666666666666666
2019,12,2019_12_CAR_NO,NO,31-40,
2019,13,2019_13_NO_ATL,NO,41-50,0.6666666666666666
2019,13,2019_13_NO_ATL,NO,0-30,1.0
2019,14,2019_14_SF_NO,NO,51-55,
2019,14,2019_14_SF_NO,NO,41-50,0.6666666666666666
2019,15,2019_15_IND_NO,NO,0-30,1.0
2019,15,2019_15_IND_NO,NO,31-40,
2019,16,2019_16_NO_TEN,NO,41-50,0.8333333333333334
2020,1,2020_01_TB_NO,NO,0-30,
2020,2,2020_02_NO_LV,NO,31-40,
2020,3,2020_03_GB_NO,NO,31-40,
2020,3,2020_03_GB_NO,NO,41-50,
2020,5,2020_05_LAC_NO,NO,41-50,
2020,5,2020_05_LAC_NO,NO,31-40,
2020,5,2020_05_LAC_NO,NO,51-55,
2020,7,2020_07_CAR_NO,NO,41-50,
2020,8,2020_08_NO_CHI,NO,31-40,
2020,8,2020_08_NO_CHI,NO,0-30,
2020,9,2020_09_NO_TB,NO,31-40,
2020,10,2020_10_SF_NO,NO,0-30,
2020,10,2020_10_SF_NO,NO,41-50,
2020,11,2020_11_ATL_NO,NO,0-30,
2020,11,2020_11_ATL_NO,NO,51-55,
2020,12,2020_12_NO_DEN,NO,31-40,
2020,13,2020_13_NO_ATL,NO,31-40,1.0
2020,14,2020_14_NO_PHI,NO,41-50,
2020,14,2020_14_NO_PHI,NO,56+,
2020,16,2020_16_MIN_NO,NO,0-30,
2020,17,2020_17_NO_CAR,NO,41-50,
2020,17,2020_17_NO_CAR,NO,31-40,0.8333333333333334
2021,1,2021_01_GB_NO,NO,41-50,
2021,3,2021_03_NO_NE,NO,51-55,
2021,3,2021_03_NO_NE,NO,31-40,
2021,4,2021_04_NYG_NO,NO,56+,
2021,7,2021_07_NO_SEA,NO,31-40,
2021,7,2021_07_NO_SEA,NO,0-30,
2021,8,2021_08_TB_NO,NO,0-30,
2021,8,2021_08_TB_NO,NO,31-40,
2021,9,2021_09_ATL_NO,NO,51-55,
2021,9,2021_09_ATL_NO,NO,31-40,
2021,10,2021_10_NO_TEN,NO,0-30,
2021,11,2021_11_NO_PHI,NO,0-30,
2021,13,2021_13_DAL_NO,NO,41-50,
2021,13,2021_13_DAL_NO,NO,56+,
2021,14,2021_14_NO_NYJ,NO,0-30,
2021,14,2021_14_NO_NYJ,NO,31-40,
2021,15,2021_15_NO_TB,NO,31-40,
2021,15,2021_15_NO_TB,NO,41-50,
2021,16,2021_16_MIA_NO,NO,31-40,0.8333333333333334
2021,17,2021_17_CAR_NO,NO,41-50,
2021,17,2021_17_CAR_NO,NO,31-40,1.0
2021,17,2021_17_CAR_NO,NO,0-30,
2021,18,2021_18_NO_ATL,NO,0-30,1.0
2021,18,2021_18_NO_ATL,NO,31-40,1.0
2022,1,2022_01_NO_ATL,NO,51-55,
2022,1,2022_01_NO_ATL,NO,41-50,
2022,2,2022_02_TB_NO,NO,31-40,
2022,3,2022_03_NO_CAR,NO,0-30,
2022,3,2022_03_NO_CAR,NO,41-50,
2022,4,2022_04_MIN_NO,NO,56+,
2022,5,2022_05_SEA_NO,NO,56+,
2022,6,2022_06_CIN_NO,NO,31-40,
2022,6,2022_06_CIN_NO,NO,0-30,
2022,7,2022_07_NO_ARI,NO,41-50,
2022,7,2022_07_NO_ARI,NO,0-30,
2022,8,2022_08_LV_NO,NO,31-40,
2022,9,2022_09_BAL_NO,NO,31-40,
2022,10,2022_10_NO_PIT,NO,41-50,
2022,11,2022_11_LA_NO,NO,41-50,
2022,11,2022_11_LA_NO,NO,0-30,
2022,12,2022_12_NO_SF,NO,41-50,
2022,13,2022_13_NO_TB,NO,0-30,
2022,13,2022_13_NO_TB,NO,31-40,
2022,16,2022_16_NO_CLE,NO,0-30,
2022,17,2022_17_NO_PHI,NO,51-55,
2022,17,2022_17_NO_PHI,NO,0-30,0.8333333333333334
2022,18,2022_18_CAR_NO,NO,41-50,0.5833333333333334
2022,18,2022_18_CAR_NO,NO,51-55,
2023,1,2023_01_TEN_NO,NO,0-30,
2023,1,2023_01_TEN_NO,NO,51-55,
2023,1,2023_01_TEN_NO,NO,31-40,
2023,2,2023_02_NO_CAR,NO,0-30,
2023,3,2023_03_NO_GB,NO,41-50,
2023,3,2023_03_NO_GB,NO,0-30,
2023,4,2023_04_TB_NO,NO,41-50,
2023,4,2023_04_TB_NO,NO,31-40,
2023,5,2023_05_NO_NE,NO,51-55,
2023,6,2023_06_NO_HOU,NO,51-55,
2023,6,2023_06_NO_HOU,NO,41-50,
2023,6,2023_06_NO_HOU,NO,0-30,
2023,7,2023_07_JAX_NO,NO,31-40,
2023,7,2023_07_JAX_NO,NO,51-55,
2023,7,2023_07_JAX_NO,NO,41-50,
2023,7,2023_07_JAX_NO,NO,0-30,
2023,8,2023_08_NO_IND,NO,0-30,
2023,9,2023_09_CHI_NO,NO,51-55,
2023,9,2023_09_CHI_NO,NO,41-50,
2023,10,2023_10_NO_MIN,NO,41-50,
2023,12,2023_12_NO_ATL,NO,51-55,
2023,12,2023_12_NO_ATL,NO,0-30,0.8333333333333334
2023,12,2023_12_NO_ATL,NO,41-50,0.6666666666666666
2023,12,2023_12_NO_ATL,NO,31-40,
2023,14,2023_14_CAR_NO,NO,0-30,0.8333333333333334
2023,15,2023_15_NYG_NO,NO,41-50,0.8333333333333334
2023,17,2023_17_NO_TB,NO,31-40,
2023,17,2023_17_NO_TB,NO,0-30,0.6666666666666666
2023,17,2023_17_NO_TB,NO,41-50,0.8333333333333334
2023,18,2023_18_ATL_NO,NO,0-30,0.6666666666666666
2024,1,2024_01_CAR_NO,NO,41-50,
2024,1,2024_01_CAR_NO,NO,31-40,
2024,1,2024_01_CAR_NO,NO,51-55,
2024,1,2024_01_CAR_NO,NO,56+,
2024,2,2024_02_NO_DAL,NO,0-30,
2024,3,2024_03_PHI_NO,NO,31-40,
2024,4,2024_04_NO_ATL,NO,41-50,
2024,6,2024_06_TB_NO,NO,0-30,
2024,6,2024_06_TB_NO,NO,41-50,
2024,7,2024_07_DEN_NO,NO,31-40,
2024,8,2024_08_NO_LAC,NO,31-40,
2024,8,2024_08_NO_LAC,NO,41-50,
2024,9,2024_09_NO_CAR,NO,51-55,
2024,9,2024_09_NO_CAR,NO,0-30,
2024,9,2024_09_NO_CAR,NO,31-40,
2024,10,2024_10_ATL_NO,NO,0-30,
2024,10,2024_10_ATL_NO,NO,31-40,
2024,13,2024_13_LA_NO,NO,31-40,1.0
2024,13,2024_13_LA_NO,NO,51-55,
2024,14,2024_14_NO_NYG,NO,51-55,
2024,14,2024_14_NO_NYG,NO,56+,
2024,15,2024_15_WAS_NO,NO,41-50,
2024,15,2024_15_WAS_NO,NO,51-55,
2024,17,2024_17_LV_NO,NO,31-40,0.8333333333333334
2024,18,2024_18_NO_TB,NO,31-40,0.8333333333333334
2024,18,2024_18_NO_TB,NO,41-50,
2016,2,2016_02_NO_NYG,NYG,0-30,
2016,2,2016_02_NO_NYG,NYG,51-55,
2016,2,2016_02_NO_NYG,NYG,41-50,
2016,3,2016_03_WAS_NYG,NYG,0-30,
2016,4,2016_04_NYG_MIN,NYG,31-40,
2016,5,2016_05_NYG_GB,NYG,41-50,
2016,5,2016_05_NYG_GB,NYG,0-30,
2016,6,2016_06_BAL_NYG,NYG,0-30,
2016,6,2016_06_BAL_NYG,NYG,31-40,
2016,7,2016_07_NYG_LA,NYG,0-30,
2016,11,2016_11_CHI_NYG,NYG,41-50,
2016,14,2016_14_DAL_NYG,NYG,31-40,
2016,15,2016_15_DET_NYG,NYG,41-50,
2016,16,2016_16_NYG_PHI,NYG,0-30,
2016,16,2016_16_NYG_PHI,NYG,31-40,
2016,16,2016_16_NYG_PHI,NYG,41-50,
2016,17,2016_17_NYG_WAS,NYG,31-40,
2016,17,2016_17_NYG_WAS,NYG,0-30,1.0
2017,1,2017_01_NYG_DAL,NYG,0-30,
2017,2,2017_02_DET_NYG,NYG,0-30,
2017,3,2017_03_NYG_PHI,NYG,41-50,
2017,4,2017_04_NYG_TB,NYG,41-50,
2017,4,2017_04_NYG_TB,NYG,0-30,
2017,6,2017_06_NYG_DEN,NYG,0-30,
2017,6,2017_06_NYG_DEN,NYG,41-50,
2017,6,2017_06_NYG_DEN,NYG,31-40,
2017,6,2017_06_NYG_DEN,NYG,51-55,
2017,7,2017_07_SEA_NYG,NYG,41-50,
2017,9,2017_09_LA_NYG,NYG,41-50,
2017,10,2017_10_NYG_SF,NYG,41-50,
2017,10,2017_10_NYG_SF,NYG,31-40,
2017,11,2017_11_KC_NYG,NYG,0-30,
2017,12,2017_12_NYG_WAS,NYG,0-30,
2017,13,2017_13_NYG_OAK,NYG,51-55,
2017,14,2017_14_DAL_NYG,NYG,31-40,
2017,15,2017_15_PHI_NYG,NYG,0-30,1.0
2017,15,2017_15_PHI_NYG,NYG,41-50,0.4166666666666667
2017,16,2017_16_NYG_ARI,NYG,31-40,
2017,17,2017_17_WAS_NYG,NYG,0-30,1.0
2018,1,2018_01_JAX_NYG,NYG,0-30,
2018,1,2018_01_JAX_NYG,NYG,31-40,
2018,1,2018_01_JAX_NYG,NYG,41-50,
2018,2,2018_02_NYG_DAL,NYG,0-30,
2018,2,2018_02_NYG_DAL,NYG,31-40,
2018,3,2018_03_NYG_HOU,NYG,0-30,
2018,3,2018_03_NYG_HOU,NYG,41-50,
2018,4,2018_04_NO_NYG,NYG,31-40,
2018,5,2018_05_NYG_CAR,NYG,51-55,
2018,5,2018_05_NYG_CAR,NYG,41-50,
2018,5,2018_05_NYG_CAR,NYG,31-40,
2018,6,2018_06_PHI_NYG,NYG,0-30,
2018,6,2018_06_PHI_NYG,NYG,51-55,
2018,6,2018_06_PHI_NYG,NYG,31-40,
2018,7,2018_07_NYG_ATL,NYG,31-40,
2018,8,2018_08_WAS_NYG,NYG,31-40,1.0
2018,8,2018_08_WAS_NYG,NYG,0-30,
2018,10,2018_10_NYG_SF,NYG,31-40,1.0
2018,10,2018_10_NYG_SF,NYG,0-30,
2018,11,2018_11_TB_NYG,NYG,51-55,
2018,12,2018_12_NYG_PHI,NYG,51-55,
2018,12,2018_12_NYG_PHI,NYG,0-30,1.0
2018,13,2018_13_CHI_NYG,NYG,56+,
2018,13,2018_13_CHI_NYG,NYG,41-50,
2018,13,2018_13_CHI_NYG,NYG,31-40,1.0
2018,14,2018_14_NYG_WAS,NYG,31-40,1.0
2018,14,2018_14_NYG_WAS,NYG,0-30,1.0
2018,16,2018_16_NYG_IND,NYG,0-30,1.0
2018,16,2018_16_NYG_IND,NYG,31-40,1.0
2018,17,2018_17_DAL_NYG,NYG,31-40,1.0
2018,17,2018_17_DAL_NYG,NYG,41-50,
2019,1,2019_01_NYG_DAL,NYG,0-30,
2019,2,2019_02_BUF_NYG,NYG,41-50,
2019,3,2019_03_NYG_TB,NYG,31-40,
2019,4,2019_04_WAS_NYG,NYG,0-30,
2019,5,2019_05_MIN_NYG,NYG,31-40,
2019,7,2019_07_ARI_NYG,NYG,31-40,
2019,9,2019_09_DAL_NYG,NYG,0-30,
2019,12,2019_12_NYG_CHI,NYG,41-50,
2019,13,2019_13_GB_NYG,NYG,41-50,
2019,13,2019_13_GB_NYG,NYG,0-30,
2019,14,2019_14_NYG_PHI,NYG,31-40,
2019,16,2019_16_NYG_WAS,NYG,51-55,
2019,17,2019_17_PHI_NYG,NYG,31-40,
2020,1,2020_01_PIT_NYG,NYG,0-30,
2020,2,2020_02_NYG_CHI,NYG,56+,
2020,2,2020_02_NYG_CHI,NYG,31-40,
2020,3,2020_03_SF_NYG,NYG,51-55,
2020,3,2020_03_SF_NYG,NYG,41-50,
2020,4,2020_04_NYG_LA,NYG,31-40,
2020,4,2020_04_NYG_LA,NYG,0-30,
2020,5,2020_05_NYG_DAL,NYG,41-50,
2020,5,2020_05_NYG_DAL,NYG,51-55,
2020,5,2020_05_NYG_DAL,NYG,0-30,
2020,6,2020_06_WAS_NYG,NYG,0-30,
2020,6,2020_06_WAS_NYG,NYG,31-40,
2020,8,2020_08_TB_NYG,NYG,31-40,
2020,9,2020_09_NYG_WAS,NYG,41-50,
2020,9,2020_09_NYG_WAS,NYG,31-40,
2020,10,2020_10_PHI_NYG,NYG,31-40,
2020,10,2020_10_PHI_NYG,NYG,41-50,
2020,12,2020_12_NYG_CIN,NYG,31-40,1.0
2020,12,2020_12_NYG_CIN,NYG,41-50,
2020,13,2020_13_NYG_SEA,NYG,41-50,
2020,15,2020_15_CLE_NYG,NYG,31-40,1.0
2020,16,2020_16_NYG_BAL,NYG,31-40,1.0
2020,16,2020_16_NYG_BAL,NYG,41-50,1.0
2020,17,2020_17_DAL_NYG,NYG,41-50,1.0
2021,2,2021_02_NYG_WAS,NYG,51-55,
2021,2,2021_02_NYG_WAS,NYG,0-30,
2021,2,2021_02_NYG_WAS,NYG,41-50,
2021,2,2021_02_NYG_WAS,NYG,31-40,
2021,3,2021_03_ATL_NYG,NYG,0-30,
2021,3,2021_03_ATL_NYG,NYG,31-40,
2021,4,2021_04_NYG_NO,NYG,31-40,
2021,4,2021_04_NYG_NO,NYG,41-50,
2021,4,2021_04_NYG_NO,NYG,0-30,
2021,5,2021_05_NYG_DAL,NYG,51-55,
2021,6,2021_06_LA_NYG,NYG,0-30,
2021,7,2021_07_CAR_NYG,NYG,41-50,
2021,7,2021_07_CAR_NYG,NYG,51-55,
2021,8,2021_08_NYG_KC,NYG,0-30,
2021,9,2021_09_LV_NYG,NYG,31-40,
2021,11,2021_11_NYG_TB,NYG,31-40,
2021,12,2021_12_PHI_NYG,NYG,31-40,
2021,12,2021_12_PHI_NYG,NYG,51-55,
2021,13,2021_13_NYG_MIA,NYG,31-40,0.8333333333333334
2021,13,2021_13_NYG_MIA,NYG,56+,
2021,13,2021_13_NYG_MIA,NYG,51-55,
2021,15,2021_15_DAL_NYG,NYG,31-40,0.8333333333333334
2021,15,2021_15_DAL_NYG,NYG,41-50,
2021,16,2021_16_NYG_PHI,NYG,51-55,
2021,17,2021_17_NYG_CHI,NYG,31-40,0.8333333333333334
2022,2,2022_02_CAR_NYG,NYG,31-40,
2022,2,2022_02_CAR_NYG,NYG,51-55,
2022,2,2022_02_CAR_NYG,NYG,56+,
2022,3,2022_03_DAL_NYG,NYG,41-50,
2022,3,2022_03_DAL_NYG,NYG,51-55,
2022,4,2022_04_CHI_NYG,NYG,31-40,
2022,4,2022_04_CHI_NYG,NYG,41-50,
2022,5,2022_05_NYG_GB,NYG,41-50,
2022,5,2022_05_NYG_GB,NYG,31-40,
2022,6,2022_06_BAL_NYG,NYG,31-40,
2022,7,2022_07_NYG_JAX,NYG,31-40,
2022,8,2022_08_NYG_SEA,NYG,41-50,
2022,8,2022_08_NYG_SEA,NYG,31-40,
2022,10,2022_10_HOU_NYG,NYG,41-50,
2022,12,2022_12_NYG_DAL,NYG,41-50,
2022,12,2022_12_NYG_DAL,NYG,56+,
2022,13,2022_13_WAS_NYG,NYG,56+,
2022,13,2022_13_WAS_NYG,NYG,0-30,
2022,13,2022_13_WAS_NYG,NYG,41-50,0.9166666666666666
2022,15,2022_15_NYG_WAS,NYG,41-50,1.0
2022,16,2022_16_NYG_MIN,NYG,41-50,1.0
2022,16,2022_16_NYG_MIN,NYG,51-55,
2022,17,2022_17_IND_NYG,NYG,31-40,0.8333333333333334
2022,18,2022_18_NYG_PHI,NYG,0-30,
2023,1,2023_01_DAL_NYG,NYG,31-40,
2023,1,2023_01_DAL_NYG,NYG,41-50,
2023,2,2023_02_NYG_ARI,NYG,31-40,
2023,3,2023_03_NYG_SF,NYG,56+,
2023,3,2023_03_NYG_SF,NYG,41-50,
2023,4,2023_04_SEA_NYG,NYG,51-55,
2023,5,2023_05_NYG_MIA,NYG,41-50,
2023,5,2023_05_NYG_MIA,NYG,31-40,
2023,5,2023_05_NYG_MIA,NYG,51-55,
2023,6,2023_06_NYG_BUF,NYG,0-30,
2023,6,2023_06_NYG_BUF,NYG,41-50,
2023,7,2023_07_WAS_NYG,NYG,41-50,
2023,8,2023_08_NYJ_NYG,NYG,31-40,
2023,8,2023_08_NYJ_NYG,NYG,41-50,
2023,10,2023_10_NYG_DAL,NYG,31-40,
2023,11,2023_11_NYG_WAS,NYG,31-40,
2023,12,2023_12_NE_NYG,NYG,41-50,0.5
2023,14,2023_14_GB_NYG,NYG,41-50,0.6666666666666666
2023,14,2023_14_GB_NYG,NYG,31-40,0.75
2023,15,2023_15_NYG_NO,NYG,31-40,0.9166666666666666
2023,15,2023_15_NYG_NO,NYG,56+,
2023,16,2023_16_NYG_PHI,NYG,51-55,
2023,17,2023_17_LA_NYG,NYG,31-40,0.9166666666666666
2023,17,2023_17_LA_NYG,NYG,51-55,
2023,18,2023_18_PHI_NYG,NYG,41-50,0.5
2023,18,2023_18_PHI_NYG,NYG,0-30,
2024,1,2024_01_MIN_NYG,NYG,0-30,
2024,1,2024_01_MIN_NYG,NYG,41-50,
2024,3,2024_03_NYG_CLE,NYG,41-50,
2024,4,2024_04_DAL_NYG,NYG,0-30,
2024,4,2024_04_DAL_NYG,NYG,41-50,
2024,4,2024_04_DAL_NYG,NYG,31-40,
2024,4,2024_04_DAL_NYG,NYG,51-55,
2024,5,2024_05_NYG_SEA,NYG,0-30,
2024,5,2024_05_NYG_SEA,NYG,31-40,
2024,6,2024_06_CIN_NYG,NYG,41-50,
2024,7,2024_07_PHI_NYG,NYG,31-40,
2024,8,2024_08_NYG_PIT,NYG,0-30,
2024,8,2024_08_NYG_PIT,NYG,31-40,
2024,8,2024_08_NYG_PIT,NYG,41-50,
2024,9,2024_09_WAS_NYG,NYG,31-40,
2024,10,2024_10_NYG_CAR,NYG,41-50,
2024,13,2024_13_NYG_DAL,NYG,41-50,0.5833333333333334
2024,14,2024_14_NO_NYG,NYG,41-50,0.5833333333333334
2024,14,2024_14_NO_NYG,NYG,31-40,
2024,17,2024_17_IND_NYG,NYG,0-30,
2024,18,2024_18_NYG_PHI,NYG,0-30,
2024,18,2024_18_NYG_PHI,NYG,51-55,
2016,1,2016_01_CIN_NYJ,NYJ,41-50,
2016,1,2016_01_CIN_NYJ,NYJ,0-30,
2016,2,2016_02_NYJ_BUF,NYJ,31-40,
2016,2,2016_02_NYJ_BUF,NYJ,0-30,
2016,3,2016_03_NYJ_KC,NYJ,0-30,
2016,4,2016_04_SEA_NYJ,NYJ,31-40,
2016,5,2016_05_NYJ_PIT,NYJ,41-50,
2016,5,2016_05_NYJ_PIT,NYJ,31-40,
2016,6,2016_06_NYJ_ARI,NYJ,31-40,
2016,7,2016_07_BAL_NYJ,NYJ,0-30,
2016,7,2016_07_BAL_NYJ,NYJ,51-55,
2016,8,2016_08_NYJ_CLE,NYJ,0-30,
2016,9,2016_09_NYJ_MIA,NYJ,0-30,
2016,12,2016_12_NE_NYJ,NYJ,51-55,
2016,13,2016_13_IND_NYJ,NYJ,31-40,
2016,14,2016_14_NYJ_SF,NYJ,31-40,
2016,14,2016_14_NYJ_SF,NYJ,0-30,0.9444444444444443
2016,14,2016_14_NYJ_SF,NYJ,41-50,
2016,15,2016_15_MIA_NYJ,NYJ,41-50,
2016,15,2016_15_MIA_NYJ,NYJ,31-40,1.0
2016,16,2016_16_NYJ_NE,NYJ,0-30,1.0
2016,16,2016_16_NYJ_NE,NYJ,31-40,1.0
2016,17,2016_17_BUF_NYJ,NYJ,31-40,0.8333333333333334
2016,17,2016_17_BUF_NYJ,NYJ,0-30,1.0
2017,1,2017_01_NYJ_BUF,NYJ,51-55,
2017,1,2017_01_NYJ_BUF,NYJ,41-50,
2017,2,2017_02_NYJ_OAK,NYJ,41-50,
2017,2,2017_02_NYJ_OAK,NYJ,31-40,
2017,3,2017_03_MIA_NYJ,NYJ,0-30,
2017,3,2017_03_MIA_NYJ,NYJ,41-50,
2017,3,2017_03_MIA_NYJ,NYJ,31-40,
2017,4,2017_04_JAX_NYJ,NYJ,0-30,
2017,4,2017_04_JAX_NYJ,NYJ,41-50,
2017,5,2017_05_NYJ_CLE,NYJ,56+,
2017,6,2017_06_NE_NYJ,NYJ,0-30,
2017,8,2017_08_ATL_NYJ,NYJ,41-50,
2017,9,2017_09_BUF_NYJ,NYJ,31-40,
2017,9,2017_09_BUF_NYJ,NYJ,41-50,
2017,10,2017_10_NYJ_TB,NYJ,41-50,0.6944444444444443
2017,12,2017_12_CAR_NYJ,NYJ,31-40,
2017,12,2017_12_CAR_NYJ,NYJ,0-30,
2017,13,2017_13_KC_NYJ,NYJ,41-50,0.6944444444444443
2017,13,2017_13_KC_NYJ,NYJ,0-30,
2017,13,2017_13_KC_NYJ,NYJ,31-40,
2017,15,2017_15_NYJ_NO,NYJ,0-30,
2017,17,2017_17_NYJ_NE,NYJ,41-50,0.6944444444444443
2017,17,2017_17_NYJ_NE,NYJ,31-40,
2018,1,2018_01_NYJ_DET,NYJ,31-40,
2018,2,2018_02_MIA_NYJ,NYJ,51-55,
2018,2,2018_02_MIA_NYJ,NYJ,41-50,
2018,3,2018_03_NYJ_CLE,NYJ,0-30,
2018,4,2018_04_NYJ_JAX,NYJ,0-30,
2018,4,2018_04_NYJ_JAX,NYJ,31-40,
2018,5,2018_05_DEN_NYJ,NYJ,41-50,
2018,5,2018_05_DEN_NYJ,NYJ,0-30,
2018,6,2018_06_IND_NYJ,NYJ,31-40,
2018,6,2018_06_IND_NYJ,NYJ,41-50,
2018,6,2018_06_IND_NYJ,NYJ,0-30,
2018,7,2018_07_MIN_NYJ,NYJ,51-55,
2018,8,2018_08_NYJ_CHI,NYJ,41-50,
2018,9,2018_09_NYJ_MIA,NYJ,56+,
2018,9,2018_09_NYJ_MIA,NYJ,41-50,
2018,10,2018_10_BUF_NYJ,NYJ,51-55,
2018,12,2018_12_NE_NYJ,NYJ,51-55,
2018,12,2018_12_NE_NYJ,NYJ,31-40,
2018,13,2018_13_NYJ_TEN,NYJ,51-55,
2018,13,2018_13_NYJ_TEN,NYJ,31-40,
2018,13,2018_13_NYJ_TEN,NYJ,41-50,
2018,14,2018_14_NYJ_BUF,NYJ,41-50,0.9166666666666666
2018,14,2018_14_NYJ_BUF,NYJ,0-30,
2018,15,2018_15_HOU_NYJ,NYJ,0-30,
2018,16,2018_16_GB_NYJ,NYJ,41-50,0.9166666666666666
2018,16,2018_16_GB_NYJ,NYJ,31-40,
2018,17,2018_17_NYJ_NE,NYJ,31-40,1.0
2019,1,2019_01_BUF_NYJ,NYJ,41-50,
2019,2,2019_02_CLE_NYJ,NYJ,41-50,
2019,5,2019_05_NYJ_PHI,NYJ,51-55,
2019,6,2019_06_DAL_NYJ,NYJ,31-40,
2019,9,2019_09_NYJ_MIA,NYJ,31-40,
2019,9,2019_09_NYJ_MIA,NYJ,51-55,
2019,9,2019_09_NYJ_MIA,NYJ,41-50,
2019,9,2019_09_NYJ_MIA,NYJ,0-30,
2019,10,2019_10_NYG_NYJ,NYJ,51-55,
2019,10,2019_10_NYG_NYJ,NYJ,31-40,
2019,11,2019_11_NYJ_WAS,NYJ,41-50,
2019,12,2019_12_OAK_NYJ,NYJ,0-30,
2019,12,2019_12_OAK_NYJ,NYJ,31-40,
2019,12,2019_12_OAK_NYJ,NYJ,41-50,
2019,13,2019_13_NYJ_CIN,NYJ,31-40,
2019,13,2019_13_NYJ_CIN,NYJ,41-50,
2019,14,2019_14_MIA_NYJ,NYJ,41-50,0.3333333333333333
2019,14,2019_14_MIA_NYJ,NYJ,31-40,
2019,15,2019_15_NYJ_BAL,NYJ,41-50,0.5
2019,16,2019_16_PIT_NYJ,NYJ,51-55,
2019,16,2019_16_PIT_NYJ,NYJ,41-50,0.3333333333333333
2019,16,2019_16_PIT_NYJ,NYJ,31-40,1.0
2019,17,2019_17_NYJ_BUF,NYJ,51-55,
2019,17,2019_17_NYJ_BUF,NYJ,31-40,1.0
2019,17,2019_17_NYJ_BUF,NYJ,0-30,
2019,17,2019_17_NYJ_BUF,NYJ,41-50,0.5
2020,1,2020_01_NYJ_BUF,NYJ,31-40,
2020,2,2020_02_SF_NYJ,NYJ,0-30,
2020,2,2020_02_SF_NYJ,NYJ,41-50,
2020,4,2020_04_DEN_NYJ,NYJ,51-55,
2020,4,2020_04_DEN_NYJ,NYJ,0-30,
2020,4,2020_04_DEN_NYJ,NYJ,31-40,
2020,5,2020_05_ARI_NYJ,NYJ,0-30,
2020,6,2020_06_NYJ_MIA,NYJ,51-55,
2020,7,2020_07_BUF_NYJ,NYJ,0-30,
2020,8,2020_08_NYJ_KC,NYJ,51-55,
2020,8,2020_08_NYJ_KC,NYJ,31-40,
2020,8,2020_08_NYJ_KC,NYJ,41-50,
2020,9,2020_09_NE_NYJ,NYJ,41-50,
2020,9,2020_09_NE_NYJ,NYJ,31-40,
2020,12,2020_12_MIA_NYJ,NYJ,0-30,
2020,12,2020_12_MIA_NYJ,NYJ,31-40,
2020,14,2020_14_NYJ_SEA,NYJ,41-50,
2020,14,2020_14_NYJ_SEA,NYJ,31-40,
2020,15,2020_15_NYJ_LA,NYJ,0-30,
2020,15,2020_15_NYJ_LA,NYJ,31-40,0.8333333333333334
2020,16,2020_16_CLE_NYJ,NYJ,41-50,
2020,16,2020_16_CLE_NYJ,NYJ,31-40,0.8333333333333334
2021,2,2021_02_NE_NYJ,NYJ,0-30,
2021,2,2021_02_NE_NYJ,NYJ,31-40,
2021,2,2021_02_NE_NYJ,NYJ,51-55,
2021,4,2021_04_TEN_NYJ,NYJ,0-30,
2021,5,2021_05_NYJ_ATL,NYJ,41-50,
2021,5,2021_05_NYJ_ATL,NYJ,31-40,
2021,7,2021_07_NYJ_NE,NYJ,41-50,
2021,8,2021_08_CIN_NYJ,NYJ,51-55,
2021,8,2021_08_CIN_NYJ,NYJ,0-30,
2021,9,2021_09_NYJ_IND,NYJ,31-40,
2021,10,2021_10_BUF_NYJ,NYJ,41-50,
2021,11,2021_11_MIA_NYJ,NYJ,51-55,
2021,11,2021_11_MIA_NYJ,NYJ,31-40,
2021,12,2021_12_NYJ_HOU,NYJ,31-40,
2021,12,2021_12_NYJ_HOU,NYJ,41-50,
2021,14,2021_14_NO_NYJ,NYJ,41-50,
2021,14,2021_14_NO_NYJ,NYJ,31-40,
2021,15,2021_15_NYJ_MIA,NYJ,0-30,
2021,16,2021_16_JAX_NYJ,NYJ,0-30,
2021,16,2021_16_JAX_NYJ,NYJ,41-50,
2021,17,2021_17_TB_NYJ,NYJ,51-55,
2021,18,2021_18_NYJ_BUF,NYJ,41-50,0.6666666666666666
2022,1,2022_01_BAL_NYJ,NYJ,41-50,
2022,2,2022_02_NYJ_CLE,NYJ,56+,
2022,3,2022_03_CIN_NYJ,NYJ,51-55,
2022,3,2022_03_CIN_NYJ,NYJ,31-40,
2022,3,2022_03_CIN_NYJ,NYJ,41-50,
2022,4,2022_04_NYJ_PIT,NYJ,31-40,
2022,5,2022_05_MIA_NYJ,NYJ,31-40,
2022,6,2022_06_NYJ_GB,NYJ,51-55,
2022,6,2022_06_NYJ_GB,NYJ,0-30,
2022,6,2022_06_NYJ_GB,NYJ,31-40,
2022,7,2022_07_NYJ_DEN,NYJ,41-50,
2022,7,2022_07_NYJ_DEN,NYJ,31-40,
2022,8,2022_08_NE_NYJ,NYJ,41-50,
2022,8,2022_08_NE_NYJ,NYJ,0-30,
2022,9,2022_09_BUF_NYJ,NYJ,0-30,
2022,9,2022_09_BUF_NYJ,NYJ,51-55,
2022,11,2022_11_NYJ_NE,NYJ,41-50,
2022,12,2022_12_CHI_NYJ,NYJ,51-55,
2022,12,2022_12_CHI_NYJ,NYJ,56+,
2022,13,2022_13_NYJ_MIN,NYJ,0-30,
2022,13,2022_13_NYJ_MIN,NYJ,56+,
2022,13,2022_13_NYJ_MIN,NYJ,41-50,
2022,13,2022_13_NYJ_MIN,NYJ,31-40,
2022,14,2022_14_NYJ_BUF,NYJ,0-30,
2022,15,2022_15_DET_NYJ,NYJ,56+,
2022,15,2022_15_DET_NYJ,NYJ,31-40,1.0
2022,16,2022_16_JAX_NYJ,NYJ,31-40,1.0
2022,17,2022_17_NYJ_SEA,NYJ,56+,
2022,17,2022_17_NYJ_SEA,NYJ,41-50,0.75
2022,18,2022_18_NYJ_MIA,NYJ,51-55,
2022,18,2022_18_NYJ_MIA,NYJ,31-40,1.0
2023,1,2023_01_BUF_NYJ,NYJ,0-30,
2023,1,2023_01_BUF_NYJ,NYJ,41-50,
2023,2,2023_02_NYJ_DAL,NYJ,31-40,
2023,3,2023_03_NE_NYJ,NYJ,51-55,
2023,4,2023_04_KC_NYJ,NYJ,31-40,
2023,4,2023_04_KC_NYJ,NYJ,51-55,
2023,5,2023_05_NYJ_DEN,NYJ,41-50,
2023,5,2023_05_NYJ_DEN,NYJ,0-30,
2023,6,2023_06_PHI_NYJ,NYJ,31-40,
2023,6,2023_06_PHI_NYJ,NYJ,41-50,
2023,8,2023_08_NYJ_NYG,NYJ,31-40,
2023,9,2023_09_LAC_NYJ,NYJ,41-50,
2023,10,2023_10_NYJ_LV,NYJ,41-50,
2023,10,2023_10_NYJ_LV,NYJ,51-55,
2023,10,2023_10_NYJ_LV,NYJ,0-30,
2023,13,2023_13_ATL_NYJ,NYJ,0-30,
2023,13,2023_13_ATL_NYJ,NYJ,41-50,
2023,14,2023_14_HOU_NYJ,NYJ,41-50,1.0
2023,14,2023_14_HOU_NYJ,NYJ,51-55,
2023,16,2023_16_WAS_NYJ,NYJ,51-55,
2023,16,2023_16_WAS_NYJ,NYJ,0-30,
2023,17,2023_17_NYJ_CLE,NYJ,41-50,1.0
2023,17,2023_17_NYJ_CLE,NYJ,31-40,
2023,18,2023_18_NYJ_NE,NYJ,31-40,
2023,18,2023_18_NYJ_NE,NYJ,41-50,1.0
2023,18,2023_18_NYJ_NE,NYJ,0-30,
2024,2,2024_02_NYJ_TEN,NYJ,31-40,
2024,3,2024_03_NE_NYJ,NYJ,41-50,
2024,3,2024_03_NE_NYJ,NYJ,0-30,
2024,4,2024_04_DEN_NYJ,NYJ,0-30,
2024,4,2024_04_DEN_NYJ,NYJ,31-40,
2024,4,2024_04_DEN_NYJ,NYJ,41-50,
2024,5,2024_05_NYJ_MIN,NYJ,31-40,
2024,6,2024_06_BUF_NYJ,NYJ,31-40,
2024,6,2024_06_BUF_NYJ,NYJ,41-50,
2024,6,2024_06_BUF_NYJ,NYJ,0-30,
2024,7,2024_07_NYJ_PIT,NYJ,31-40,
2024,8,2024_08_NYJ_NE,NYJ,41-50,
2024,8,2024_08_NYJ_NE,NYJ,0-30,
2024,10,2024_10_NYJ_ARI,NYJ,41-50,
2024,10,2024_10_NYJ_ARI,NYJ,0-30,
2024,11,2024_11_IND_NYJ,NYJ,31-40,
2024,11,2024_11_IND_NYJ,NYJ,56+,
2024,14,2024_14_NYJ_MIA,NYJ,41-50,
2024,14,2024_14_NYJ_MIA,NYJ,31-40,0.75
2024,14,2024_14_NYJ_MIA,NYJ,0-30,
2024,15,2024_15_NYJ_JAX,NYJ,41-50,0.3333333333333333
2024,16,2024_16_LA_NYJ,NYJ,41-50,0.4166666666666667
2024,16,2024_16_LA_NYJ,NYJ,0-30,1.0
2024,18,2024_18_MIA_NYJ,NYJ,0-30,1.0
2016,1,2016_01_CLE_PHI,PHI,0-30,
2016,1,2016_01_CLE_PHI,PHI,41-50,
2016,1,2016_01_CLE_PHI,PHI,31-40,
2016,2,2016_02_PHI_CHI,PHI,0-30,
2016,2,2016_02_PHI_CHI,PHI,51-55,
2016,3,2016_03_PIT_PHI,PHI,31-40,
2016,3,2016_03_PIT_PHI,PHI,0-30,
2016,5,2016_05_PHI_DET,PHI,31-40,
2016,5,2016_05_PHI_DET,PHI,41-50,
2016,6,2016_06_PHI_WAS,PHI,0-30,
2016,6,2016_06_PHI_WAS,PHI,31-40,
2016,7,2016_07_MIN_PHI,PHI,0-30,
2016,7,2016_07_MIN_PHI,PHI,31-40,
2016,8,2016_08_PHI_DAL,PHI,51-55,
2016,8,2016_08_PHI_DAL,PHI,31-40,
2016,8,2016_08_PHI_DAL,PHI,0-30,
2016,9,2016_09_PHI_NYG,PHI,31-40,1.0
2016,9,2016_09_PHI_NYG,PHI,0-30,1.0
2016,10,2016_10_ATL_PHI,PHI,51-55,
2016,10,2016_10_ATL_PHI,PHI,0-30,1.0
2016,10,2016_10_ATL_PHI,PHI,41-50,
2016,12,2016_12_GB_PHI,PHI,41-50,
2016,13,2016_13_PHI_CIN,PHI,51-55,
2016,14,2016_14_WAS_PHI,PHI,41-50,
2016,14,2016_14_WAS_PHI,PHI,31-40,0.9444444444444445
2016,15,2016_15_PHI_BAL,PHI,0-30,1.0
2016,15,2016_15_PHI_BAL,PHI,31-40,0.9444444444444445
2016,15,2016_15_PHI_BAL,PHI,41-50,
2016,16,2016_16_NYG_PHI,PHI,41-50,0.75
2016,17,2016_17_DAL_PHI,PHI,41-50,0.9166666666666666
2016,17,2016_17_DAL_PHI,PHI,31-40,0.9444444444444445
2016,17,2016_17_DAL_PHI,PHI,0-30,1.0
2017,1,2017_01_PHI_WAS,PHI,41-50,
2017,1,2017_01_PHI_WAS,PHI,31-40,
2017,2,2017_02_PHI_KC,PHI,0-30,
2017,2,2017_02_PHI_KC,PHI,31-40,
2017,3,2017_03_NYG_PHI,PHI,41-50,
2017,3,2017_03_NYG_PHI,PHI,56+,
2017,3,2017_03_NYG_PHI,PHI,51-55,
2017,4,2017_04_PHI_LAC,PHI,41-50,
2017,4,2017_04_PHI_LAC,PHI,51-55,
2017,4,2017_04_PHI_LAC,PHI,31-40,
2017,5,2017_05_ARI_PHI,PHI,0-30,
2017,5,2017_05_ARI_PHI,PHI,31-40,
2017,6,2017_06_PHI_CAR,PHI,41-50,
2017,7,2017_07_WAS_PHI,PHI,41-50,
2017,8,2017_08_SF_PHI,PHI,31-40,
2017,8,2017_08_SF_PHI,PHI,51-55,
2017,9,2017_09_DEN_PHI,PHI,41-50,
2017,11,2017_11_PHI_DAL,PHI,31-40,
2017,12,2017_12_CHI_PHI,PHI,41-50,0.9444444444444445
2017,13,2017_13_PHI_SEA,PHI,0-30,
2017,14,2017_14_PHI_LA,PHI,41-50,0.9444444444444445
2017,14,2017_14_PHI_LA,PHI,31-40,0.8333333333333334
2017,14,2017_14_PHI_LA,PHI,0-30,
2017,15,2017_15_PHI_NYG,PHI,0-30,
2017,16,2017_16_OAK_PHI,PHI,31-40,0.8333333333333334
2017,16,2017_16_OAK_PHI,PHI,41-50,0.9444444444444445
2018,1,2018_01_ATL_PHI,PHI,0-30,
2018,2,2018_02_PHI_TB,PHI,41-50,
2018,3,2018_03_IND_PHI,PHI,51-55,
2018,3,2018_03_IND_PHI,PHI,31-40,
2018,3,2018_03_IND_PHI,PHI,0-30,
2018,4,2018_04_PHI_TEN,PHI,31-40,
2018,4,2018_04_PHI_TEN,PHI,0-30,
2018,5,2018_05_MIN_PHI,PHI,0-30,
2018,6,2018_06_PHI_NYG,PHI,31-40,
2018,6,2018_06_PHI_NYG,PHI,51-55,
2018,6,2018_06_PHI_NYG,PHI,0-30,
2018,7,2018_07_CAR_PHI,PHI,31-40,
2018,7,2018_07_CAR_PHI,PHI,41-50,
2018,8,2018_08_PHI_JAX,PHI,31-40,
2018,10,2018_10_DAL_PHI,PHI,56+,
2018,10,2018_10_DAL_PHI,PHI,0-30,
2018,12,2018_12_NYG_PHI,PHI,0-30,1.0
2018,12,2018_12_NYG_PHI,PHI,41-50,
2018,13,2018_13_WAS_PHI,PHI,41-50,
2018,14,2018_14_PHI_DAL,PHI,0-30,1.0
2018,15,2018_15_PHI_LA,PHI,51-55,
2018,15,2018_15_PHI_LA,PHI,31-40,
2018,16,2018_16_HOU_PHI,PHI,31-40,0.8333333333333334
2018,16,2018_16_HOU_PHI,PHI,41-50,
2018,17,2018_17_PHI_WAS,PHI,31-40,0.8333333333333334
2019,1,2019_01_WAS_PHI,PHI,0-30,
2019,2,2019_02_PHI_ATL,PHI,31-40,
2019,2,2019_02_PHI_ATL,PHI,41-50,
2019,3,2019_03_DET_PHI,PHI,0-30,
2019,5,2019_05_NYJ_PHI,PHI,0-30,
2019,6,2019_06_PHI_MIN,PHI,31-40,
2019,6,2019_06_PHI_MIN,PHI,51-55,
2019,7,2019_07_PHI_DAL,PHI,31-40,
2019,8,2019_08_PHI_BUF,PHI,31-40,
2019,9,2019_09_CHI_PHI,PHI,0-30,
2019,9,2019_09_CHI_PHI,PHI,31-40,
2019,11,2019_11_NE_PHI,PHI,41-50,
2019,12,2019_12_SEA_PHI,PHI,0-30,
2019,13,2019_13_PHI_MIA,PHI,31-40,
2019,13,2019_13_PHI_MIA,PHI,41-50,
2019,14,2019_14_NYG_PHI,PHI,31-40,1.0
2019,14,2019_14_NYG_PHI,PHI,41-50,
2019,15,2019_15_PHI_WAS,PHI,0-30,
2019,16,2019_16_DAL_PHI,PHI,31-40,1.0
2019,16,2019_16_DAL_PHI,PHI,51-55,
2019,17,2019_17_PHI_NYG,PHI,31-40,1.0
2019,17,2019_17_PHI_NYG,PHI,41-50,
2020,1,2020_01_PHI_WAS,PHI,51-55,
2020,1,2020_01_PHI_WAS,PHI,31-40,
2020,2,2020_02_LA_PHI,PHI,31-40,
2020,3,2020_03_CIN_PHI,PHI,51-55,
2020,3,2020_03_CIN_PHI,PHI,41-50,
2020,3,2020_03_CIN_PHI,PHI,0-30,
2020,4,2020_04_PHI_SF,PHI,31-40,
2020,5,2020_05_PHI_PIT,PHI,56+,
2020,6,2020_06_BAL_PHI,PHI,51-55,
2020,7,2020_07_NYG_PHI,PHI,31-40,
2020,7,2020_07_NYG_PHI,PHI,0-30,
2020,10,2020_10_PHI_NYG,PHI,31-40,
2020,11,2020_11_PHI_CLE,PHI,41-50,
2020,12,2020_12_SEA_PHI,PHI,41-50,
2020,13,2020_13_PHI_GB,PHI,51-55,
2020,14,2020_14_NO_PHI,PHI,41-50,
2020,14,2020_14_NO_PHI,PHI,0-30,
2020,16,2020_16_PHI_DAL,PHI,31-40,
2021,1,2021_01_PHI_ATL,PHI,41-50,
2021,2,2021_02_SF_PHI,PHI,41-50,
2021,4,2021_04_KC_PHI,PHI,0-30,
2021,4,2021_04_KC_PHI,PHI,31-40,
2021,5,2021_05_PHI_CAR,PHI,56+,
2021,5,2021_05_PHI_CAR,PHI,0-30,
2021,6,2021_06_TB_PHI,PHI,41-50,
2021,8,2021_08_PHI_DET,PHI,41-50,
2021,8,2021_08_PHI_DET,PHI,0-30,
2021,9,2021_09_LAC_PHI,PHI,0-30,
2021,10,2021_10_PHI_DEN,PHI,51-55,
2021,10,2021_10_PHI_DEN,PHI,0-30,
2021,11,2021_11_NO_PHI,PHI,41-50,
2021,11,2021_11_NO_PHI,PHI,31-40,
2021,13,2021_13_PHI_NYJ,PHI,31-40,
2021,13,2021_13_PHI_NYJ,PHI,41-50,
2021,15,2021_15_WAS_PHI,PHI,31-40,
2021,15,2021_15_WAS_PHI,PHI,0-30,
2021,16,2021_16_NYG_PHI,PHI,0-30,1.0
2021,16,2021_16_NYG_PHI,PHI,41-50,0.75
2021,16,2021_16_NYG_PHI,PHI,31-40,
2021,17,2021_17_PHI_WAS,PHI,41-50,0.5833333333333334
2021,18,2021_18_DAL_PHI,PHI,31-40,
2022,1,2022_01_PHI_DET,PHI,0-30,
2022,2,2022_02_MIN_PHI,PHI,31-40,
2022,2,2022_02_MIN_PHI,PHI,41-50,
2022,3,2022_03_PHI_WAS,PHI,31-40,
2022,4,2022_04_JAX_PHI,PHI,0-30,
2022,5,2022_05_PHI_ARI,PHI,0-30,
2022,5,2022_05_PHI_ARI,PHI,41-50,
2022,6,2022_06_DAL_PHI,PHI,31-40,
2022,6,2022_06_DAL_PHI,PHI,51-55,
2022,9,2022_09_PHI_HOU,PHI,51-55,
2022,11,2022_11_PHI_IND,PHI,0-30,
2022,12,2022_12_GB_PHI,PHI,51-55,
2022,12,2022_12_GB_PHI,PHI,31-40,
2022,14,2022_14_PHI_NYG,PHI,0-30,
2022,14,2022_14_PHI_NYG,PHI,31-40,
2022,15,2022_15_PHI_CHI,PHI,31-40,
2022,16,2022_16_PHI_DAL,PHI,0-30,
2022,16,2022_16_PHI_DAL,PHI,41-50,
2022,17,2022_17_NO_PHI,PHI,56+,
2022,18,2022_18_NYG_PHI,PHI,31-40,0.9166666666666666
2022,18,2022_18_NYG_PHI,PHI,51-55,
2022,18,2022_18_NYG_PHI,PHI,0-30,1.0
2023,1,2023_01_PHI_NE,PHI,56+,
2023,1,2023_01_PHI_NE,PHI,51-55,
2023,1,2023_01_PHI_NE,PHI,31-40,
2023,1,2023_01_PHI_NE,PHI,41-50,
2023,2,2023_02_MIN_PHI,PHI,0-30,
2023,2,2023_02_MIN_PHI,PHI,51-55,
2023,2,2023_02_MIN_PHI,PHI,56+,
2023,3,2023_03_PHI_TB,PHI,0-30,
2023,3,2023_03_PHI_TB,PHI,31-40,
2023,4,2023_04_WAS_PHI,PHI,51-55,
2023,4,2023_04_WAS_PHI,PHI,41-50,
2023,4,2023_04_WAS_PHI,PHI,31-40,
2023,5,2023_05_PHI_LA,PHI,31-40,
2023,5,2023_05_PHI_LA,PHI,0-30,
2023,6,2023_06_PHI_NYJ,PHI,31-40,
2023,7,2023_07_MIA_PHI,PHI,0-30,
2023,8,2023_08_PHI_WAS,PHI,51-55,
2023,12,2023_12_BUF_PHI,PHI,56+,
2023,13,2023_13_SF_PHI,PHI,0-30,
2023,13,2023_13_SF_PHI,PHI,31-40,
2023,14,2023_14_PHI_DAL,PHI,41-50,
2023,14,2023_14_PHI_DAL,PHI,51-55,
2023,15,2023_15_PHI_SEA,PHI,0-30,
2023,16,2023_16_NYG_PHI,PHI,0-30,1.0
2023,16,2023_16_NYG_PHI,PHI,41-50,
2023,17,2023_17_ARI_PHI,PHI,41-50,
2023,18,2023_18_PHI_NYG,PHI,31-40,0.8333333333333334
2024,1,2024_01_GB_PHI,PHI,31-40,
2024,1,2024_01_GB_PHI,PHI,0-30,
2024,2,2024_02_ATL_PHI,PHI,0-30,
2024,3,2024_03_PHI_NO,PHI,56+,
2024,6,2024_06_CLE_PHI,PHI,56+,
2024,6,2024_06_CLE_PHI,PHI,41-50,
2024,8,2024_08_PHI_CIN,PHI,41-50,
2024,8,2024_08_PHI_CIN,PHI,31-40,
2024,9,2024_09_JAX_PHI,PHI,56+,
2024,9,2024_09_JAX_PHI,PHI,41-50,
2024,10,2024_10_PHI_DAL,PHI,31-40,
2024,11,2024_11_WAS_PHI,PHI,51-55,
2024,11,2024_11_WAS_PHI,PHI,0-30,
2024,11,2024_11_WAS_PHI,PHI,31-40,
2024,11,2024_11_WAS_PHI,PHI,41-50,
2024,12,2024_12_PHI_LA,PHI,0-30,
2024,12,2024_12_PHI_LA,PHI,31-40,
2024,13,2024_13_PHI_BAL,PHI,31-40,
2024,14,2024_14_CAR_PHI,PHI,51-55,
2024,15,2024_15_PIT_PHI,PHI,31-40,1.0
2024,15,2024_15_PIT_PHI,PHI,41-50,
2024,16,2024_16_PHI_WAS,PHI,56+,
2024,16,2024_16_PHI_WAS,PHI,41-50,
2024,16,2024_16_PHI_WAS,PHI,31-40,1.0
2024,16,2024_16_PHI_WAS,PHI,0-30,
2024,17,2024_17_DAL_PHI,PHI,31-40,1.0
2024,17,2024_17_DAL_PHI,PHI,0-30,
2024,18,2024_18_NYG_PHI,PHI,0-30,1.0
2024,18,2024_18_NYG_PHI,PHI,31-40,1.0
2016,1,2016_01_PIT_WAS,PIT,41-50,
2016,2,2016_02_CIN_PIT,PIT,41-50,
2016,3,2016_03_PIT_PHI,PIT,31-40,
2016,5,2016_05_NYJ_PIT,PIT,41-50,
2016,7,2016_07_NE_PIT,PIT,31-40,
2016,7,2016_07_NE_PIT,PIT,51-55,
2016,7,2016_07_NE_PIT,PIT,41-50,
2016,10,2016_10_DAL_PIT,PIT,0-30,
2016,10,2016_10_DAL_PIT,PIT,31-40,
2016,10,2016_10_DAL_PIT,PIT,51-55,
2016,11,2016_11_PIT_CLE,PIT,31-40,
2016,11,2016_11_PIT_CLE,PIT,0-30,
2016,13,2016_13_NYG_PIT,PIT,41-50,
2016,13,2016_13_NYG_PIT,PIT,31-40,
2016,14,2016_14_PIT_BUF,PIT,31-40,
2016,15,2016_15_PIT_CIN,PIT,31-40,0.9166666666666666
2016,15,2016_15_PIT_CIN,PIT,0-30,
2016,15,2016_15_PIT_CIN,PIT,41-50,
2016,16,2016_16_BAL_PIT,PIT,31-40,1.0
2017,2,2017_02_MIN_PIT,PIT,31-40,
2017,2,2017_02_MIN_PIT,PIT,41-50,
2017,2,2017_02_MIN_PIT,PIT,0-30,
2017,3,2017_03_PIT_CHI,PIT,31-40,
2017,4,2017_04_PIT_BAL,PIT,41-50,
2017,4,2017_04_PIT_BAL,PIT,31-40,
2017,5,2017_05_JAX_PIT,PIT,0-30,
2017,5,2017_05_JAX_PIT,PIT,31-40,
2017,6,2017_06_PIT_KC,PIT,0-30,
2017,7,2017_07_CIN_PIT,PIT,0-30,
2017,7,2017_07_CIN_PIT,PIT,41-50,
2017,8,2017_08_PIT_DET,PIT,31-40,
2017,10,2017_10_PIT_IND,PIT,41-50,
2017,10,2017_10_PIT_IND,PIT,31-40,
2017,11,2017_11_TEN_PIT,PIT,41-50,
2017,11,2017_11_TEN_PIT,PIT,0-30,
2017,12,2017_12_GB_PIT,PIT,51-55,
2017,13,2017_13_PIT_CIN,PIT,31-40,0.8333333333333334
2017,13,2017_13_PIT_CIN,PIT,0-30,
2017,14,2017_14_BAL_PIT,PIT,51-55,
2017,14,2017_14_BAL_PIT,PIT,0-30,1.0
2017,14,2017_14_BAL_PIT,PIT,41-50,
2017,15,2017_15_NE_PIT,PIT,51-55,
2017,16,2017_16_PIT_HOU,PIT,31-40,0.8333333333333334
2018,1,2018_01_PIT_CLE,PIT,41-50,
2018,2,2018_02_KC_PIT,PIT,41-50,
2018,3,2018_03_PIT_TB,PIT,31-40,
2018,3,2018_03_PIT_TB,PIT,41-50,
2018,4,2018_04_BAL_PIT,PIT,31-40,
2018,6,2018_06_PIT_CIN,PIT,0-30,
2018,8,2018_08_CLE_PIT,PIT,41-50,
2018,9,2018_09_PIT_BAL,PIT,0-30,
2018,10,2018_10_CAR_PIT,PIT,41-50,
2018,12,2018_12_PIT_DEN,PIT,41-50,
2018,13,2018_13_LAC_PIT,PIT,41-50,0.4166666666666667
2018,14,2018_14_PIT_OAK,PIT,31-40,
2018,15,2018_15_NE_PIT,PIT,41-50,0.5833333333333334
2018,15,2018_15_NE_PIT,PIT,31-40,
2018,16,2018_16_PIT_NO,PIT,41-50,0.75
2018,16,2018_16_PIT_NO,PIT,0-30,
2018,17,2018_17_CIN_PIT,PIT,31-40,
2018,17,2018_17_CIN_PIT,PIT,41-50,0.9166666666666666
2019,1,2019_01_PIT_NE,PIT,0-30,
2019,2,2019_02_SEA_PIT,PIT,41-50,
2019,2,2019_02_SEA_PIT,PIT,31-40,
2019,3,2019_03_PIT_SF,PIT,0-30,
2019,3,2019_03_PIT_SF,PIT,41-50,
2019,4,2019_04_CIN_PIT,PIT,0-30,
2019,4,2019_04_CIN_PIT,PIT,41-50,
2019,5,2019_05_BAL_PIT,PIT,31-40,
2019,5,2019_05_BAL_PIT,PIT,41-50,
2019,5,2019_05_BAL_PIT,PIT,0-30,
2019,6,2019_06_PIT_LAC,PIT,0-30,
2019,8,2019_08_MIA_PIT,PIT,41-50,
2019,8,2019_08_MIA_PIT,PIT,51-55,
2019,9,2019_09_IND_PIT,PIT,0-30,
2019,9,2019_09_IND_PIT,PIT,31-40,
2019,9,2019_09_IND_PIT,PIT,51-55,
2019,10,2019_10_LA_PIT,PIT,31-40,
2019,11,2019_11_PIT_CLE,PIT,41-50,
2019,12,2019_12_PIT_CIN,PIT,41-50,0.8333333333333334
2019,12,2019_12_PIT_CIN,PIT,0-30,1.0
2019,13,2019_13_CLE_PIT,PIT,31-40,
2019,13,2019_13_CLE_PIT,PIT,0-30,1.0
2019,14,2019_14_PIT_ARI,PIT,31-40,
2019,14,2019_14_PIT_ARI,PIT,0-30,1.0
2019,15,2019_15_BUF_PIT,PIT,41-50,0.8333333333333334
2019,16,2019_16_PIT_NYJ,PIT,41-50,0.8333333333333334
2019,17,2019_17_PIT_BAL,PIT,0-30,1.0
2020,1,2020_01_PIT_NYG,PIT,41-50,
2020,1,2020_01_PIT_NYG,PIT,31-40,
2020,2,2020_02_DEN_PIT,PIT,0-30,
2020,3,2020_03_HOU_PIT,PIT,31-40,
2020,3,2020_03_HOU_PIT,PIT,0-30,
2020,5,2020_05_PHI_PIT,PIT,41-50,
2020,6,2020_06_CLE_PIT,PIT,31-40,
2020,7,2020_07_PIT_TEN,PIT,31-40,
2020,7,2020_07_PIT_TEN,PIT,0-30,
2020,9,2020_09_PIT_DAL,PIT,56+,
2020,9,2020_09_PIT_DAL,PIT,41-50,
2020,10,2020_10_CIN_PIT,PIT,0-30,
2020,10,2020_10_CIN_PIT,PIT,41-50,
2020,11,2020_11_PIT_JAX,PIT,41-50,
2020,12,2020_12_BAL_PIT,PIT,0-30,
2020,13,2020_13_WAS_PIT,PIT,31-40,
2020,15,2020_15_PIT_CIN,PIT,0-30,
2020,17,2020_17_PIT_CLE,PIT,0-30,1.0
2020,17,2020_17_PIT_CLE,PIT,41-50,
2021,1,2021_01_PIT_BUF,PIT,0-30,
2021,1,2021_01_PIT_BUF,PIT,41-50,
2021,2,2021_02_LV_PIT,PIT,56+,
2021,3,2021_03_CIN_PIT,PIT,0-30,
2021,3,2021_03_CIN_PIT,PIT,41-50,
2021,4,2021_04_PIT_GB,PIT,51-55,
2021,5,2021_05_DEN_PIT,PIT,41-50,
2021,6,2021_06_SEA_PIT,PIT,0-30,
2021,6,2021_06_SEA_PIT,PIT,51-55,
2021,6,2021_06_SEA_PIT,PIT,31-40,
2021,8,2021_08_PIT_CLE,PIT,31-40,
2021,9,2021_09_CHI_PIT,PIT,31-40,
2021,9,2021_09_CHI_PIT,PIT,51-55,
2021,10,2021_10_DET_PIT,PIT,51-55,
2021,10,2021_10_DET_PIT,PIT,0-30,
2021,11,2021_11_PIT_LAC,PIT,31-40,
2021,11,2021_11_PIT_LAC,PIT,41-50,
2021,12,2021_12_PIT_CIN,PIT,31-40,
2021,13,2021_13_BAL_PIT,PIT,51-55,
2021,13,2021_13_BAL_PIT,PIT,41-50,
2021,14,2021_14_PIT_MIN,PIT,41-50,
2021,15,2021_15_TEN_PIT,PIT,56+,
2021,15,2021_15_TEN_PIT,PIT,31-40,
2021,15,2021_15_TEN_PIT,PIT,41-50,0.6666666666666666
2021,15,2021_15_TEN_PIT,PIT,0-30,
2021,16,2021_16_PIT_KC,PIT,31-40,1.0
2021,17,2021_17_CLE_PIT,PIT,0-30,
2021,17,2021_17_CLE_PIT,PIT,41-50,0.6666666666666666
2021,18,2021_18_PIT_BAL,PIT,0-30,1.0
2021,18,2021_18_PIT_BAL,PIT,31-40,0.9166666666666666
2022,1,2022_01_PIT_CIN,PIT,0-30,
2022,1,2022_01_PIT_CIN,PIT,51-55,
2022,1,2022_01_PIT_CIN,PIT,41-50,
2022,2,2022_02_NE_PIT,PIT,51-55,
2022,2,2022_02_NE_PIT,PIT,31-40,
2022,3,2022_03_PIT_CLE,PIT,41-50,
2022,3,2022_03_PIT_CLE,PIT,31-40,
2022,4,2022_04_NYJ_PIT,PIT,51-55,
2022,4,2022_04_NYJ_PIT,PIT,56+,
2022,5,2022_05_PIT_BUF,PIT,31-40,
2022,5,2022_05_PIT_BUF,PIT,41-50,
2022,5,2022_05_PIT_BUF,PIT,0-30,
2022,6,2022_06_TB_PIT,PIT,0-30,
2022,6,2022_06_TB_PIT,PIT,51-55,
2022,7,2022_07_PIT_MIA,PIT,41-50,
2022,8,2022_08_PIT_PHI,PIT,31-40,
2022,8,2022_08_PIT_PHI,PIT,0-30,
2022,10,2022_10_NO_PIT,PIT,31-40,
2022,10,2022_10_NO_PIT,PIT,41-50,
2022,11,2022_11_CIN_PIT,PIT,0-30,
2022,11,2022_11_CIN_PIT,PIT,31-40,
2022,11,2022_11_CIN_PIT,PIT,41-50,
2022,12,2022_12_PIT_IND,PIT,0-30,
2022,12,2022_12_PIT_IND,PIT,41-50,0.5
2022,12,2022_12_PIT_IND,PIT,51-55,
2022,13,2022_13_PIT_ATL,PIT,41-50,0.5
2022,13,2022_13_PIT_ATL,PIT,31-40,0.7777777777777777
2022,14,2022_14_BAL_PIT,PIT,31-40,0.7777777777777777
2022,15,2022_15_PIT_CAR,PIT,41-50,0.6666666666666666
2022,16,2022_16_LV_PIT,PIT,51-55,
2022,16,2022_16_LV_PIT,PIT,31-40,0.611111111111111
2022,16,2022_16_LV_PIT,PIT,41-50,0.8333333333333334
2022,17,2022_17_PIT_BAL,PIT,31-40,0.7777777777777777
2022,17,2022_17_PIT_BAL,PIT,51-55,0.75
2022,17,2022_17_PIT_BAL,PIT,0-30,1.0
2022,17,2022_17_PIT_BAL,PIT,41-50,0.75
2022,18,2022_18_CLE_PIT,PIT,41-50,0.75
2022,18,2022_18_CLE_PIT,PIT,31-40,0.7777777777777777
2023,2,2023_02_CLE_PIT,PIT,51-55,
2023,2,2023_02_CLE_PIT,PIT,41-50,
2023,3,2023_03_PIT_LV,PIT,56+,
2023,3,2023_03_PIT_LV,PIT,41-50,
2023,4,2023_04_PIT_HOU,PIT,0-30,
2023,4,2023_04_PIT_HOU,PIT,31-40,
2023,5,2023_05_BAL_PIT,PIT,41-50,
2023,5,2023_05_BAL_PIT,PIT,0-30,
2023,7,2023_07_PIT_LA,PIT,51-55,
2023,8,2023_08_JAX_PIT,PIT,56+,
2023,8,2023_08_JAX_PIT,PIT,0-30,
2023,9,2023_09_TEN_PIT,PIT,0-30,
2023,10,2023_10_GB_PIT,PIT,41-50,
2023,10,2023_10_GB_PIT,PIT,31-40,
2023,11,2023_11_PIT_CLE,PIT,0-30,
2023,12,2023_12_PIT_CIN,PIT,41-50,
2023,12,2023_12_PIT_CIN,PIT,31-40,
2023,13,2023_13_ARI_PIT,PIT,41-50,
2023,13,2023_13_ARI_PIT,PIT,0-30,
2023,14,2023_14_NE_PIT,PIT,56+,
2023,16,2023_16_CIN_PIT,PIT,41-50,0.8333333333333334
2023,16,2023_16_CIN_PIT,PIT,0-30,1.0
2023,17,2023_17_PIT_SEA,PIT,31-40,
2023,17,2023_17_PIT_SEA,PIT,0-30,1.0
2023,18,2023_18_PIT_BAL,PIT,0-30,1.0
2024,1,2024_01_PIT_ATL,PIT,41-50,
2024,1,2024_01_PIT_ATL,PIT,51-55,
2024,1,2024_01_PIT_ATL,PIT,0-30,
2024,1,2024_01_PIT_ATL,PIT,56+,
2024,1,2024_01_PIT_ATL,PIT,31-40,
2024,2,2024_02_PIT_DEN,PIT,51-55,
2024,2,2024_02_PIT_DEN,PIT,0-30,
2024,3,2024_03_LAC_PIT,PIT,0-30,
2024,3,2024_03_LAC_PIT,PIT,31-40,
2024,3,2024_03_LAC_PIT,PIT,56+,
2024,4,2024_04_PIT_IND,PIT,41-50,
2024,5,2024_05_DAL_PIT,PIT,41-50,
2024,6,2024_06_PIT_LV,PIT,31-40,
2024,6,2024_06_PIT_LV,PIT,41-50,
2024,6,2024_06_PIT_LV,PIT,51-55,
2024,7,2024_07_NYJ_PIT,PIT,0-30,
2024,7,2024_07_NYJ_PIT,PIT,41-50,
2024,8,2024_08_NYG_PIT,PIT,0-30,
2024,8,2024_08_NYG_PIT,PIT,31-40,
2024,11,2024_11_BAL_PIT,PIT,31-40,
2024,11,2024_11_BAL_PIT,PIT,41-50,
2024,11,2024_11_BAL_PIT,PIT,0-30,
2024,11,2024_11_BAL_PIT,PIT,56+,
2024,11,2024_11_BAL_PIT,PIT,51-55,
2024,12,2024_12_PIT_CLE,PIT,0-30,1.0
2024,12,2024_12_PIT_CLE,PIT,41-50,1.0
2024,12,2024_12_PIT_CLE,PIT,56+,
2024,13,2024_13_PIT_CIN,PIT,0-30,1.0
2024,13,2024_13_PIT_CIN,PIT,41-50,1.0
2024,13,2024_13_PIT_CIN,PIT,31-40,
2024,14,2024_14_CLE_PIT,PIT,51-55,
2024,14,2024_14_CLE_PIT,PIT,0-30,1.0
2024,15,2024_15_PIT_PHI,PIT,41-50,0.9166666666666666
2024,15,2024_15_PIT_PHI,PIT,31-40,1.0
2024,16,2024_16_PIT_BAL,PIT,51-55,
2024,17,2024_17_KC_PIT,PIT,31-40,1.0
2024,18,2024_18_CIN_PIT,PIT,51-55,1.0
2016,1,2016_01_MIA_SEA,SEA,31-40,
2016,2,2016_02_SEA_LA,SEA,0-30,
2016,3,2016_03_SF_SEA,SEA,31-40,
2016,3,2016_03_SF_SEA,SEA,0-30,
2016,4,2016_04_SEA_NYJ,SEA,31-40,
2016,4,2016_04_SEA_NYJ,SEA,51-55,
2016,6,2016_06_ATL_SEA,SEA,0-30,
2016,6,2016_06_ATL_SEA,SEA,41-50,
2016,7,2016_07_SEA_ARI,SEA,0-30,
2016,7,2016_07_SEA_ARI,SEA,31-40,
2016,8,2016_08_SEA_NO,SEA,0-30,
2016,8,2016_08_SEA_NO,SEA,41-50,
2016,9,2016_09_BUF_SEA,SEA,41-50,
2016,10,2016_10_SEA_NE,SEA,31-40,
2016,10,2016_10_SEA_NE,SEA,41-50,
2016,10,2016_10_SEA_NE,SEA,0-30,
2016,11,2016_11_PHI_SEA,SEA,41-50,
2016,11,2016_11_PHI_SEA,SEA,31-40,
2016,11,2016_11_PHI_SEA,SEA,0-30,0.6666666666666666
2016,12,2016_12_SEA_TB,SEA,41-50,
2016,13,2016_13_CAR_SEA,SEA,0-30,0.6666666666666666
2016,13,2016_13_CAR_SEA,SEA,31-40,1.0
2016,14,2016_14_SEA_GB,SEA,0-30,0.6666666666666666
2016,15,2016_15_LA_SEA,SEA,41-50,0.8333333333333334
2016,16,2016_16_ARI_SEA,SEA,41-50,0.8333333333333334
2016,16,2016_16_ARI_SEA,SEA,0-30,0.8333333333333334
2016,17,2016_17_SEA_SF,SEA,31-40,1.0
2016,17,2016_17_SEA_SF,SEA,0-30,1.0
2017,1,2017_01_SEA_GB,SEA,31-40,
2017,1,2017_01_SEA_GB,SEA,0-30,
2017,1,2017_01_SEA_GB,SEA,41-50,
2017,2,2017_02_SF_SEA,SEA,0-30,
2017,4,2017_04_IND_SEA,SEA,41-50,
2017,4,2017_04_IND_SEA,SEA,31-40,
2017,5,2017_05_SEA_LA,SEA,31-40,
2017,5,2017_05_SEA_LA,SEA,41-50,
2017,7,2017_07_SEA_NYG,SEA,31-40,
2017,8,2017_08_HOU_SEA,SEA,0-30,
2017,9,2017_09_WAS_SEA,SEA,31-40,
2017,9,2017_09_WAS_SEA,SEA,41-50,
2017,10,2017_10_SEA_ARI,SEA,41-50,
2017,10,2017_10_SEA_ARI,SEA,31-40,
2017,11,2017_11_ATL_SEA,SEA,51-55,
2017,11,2017_11_ATL_SEA,SEA,31-40,0.6666666666666666
2017,11,2017_11_ATL_SEA,SEA,41-50,
2017,11,2017_11_ATL_SEA,SEA,0-30,
2017,12,2017_12_SEA_SF,SEA,41-50,0.8333333333333334
2017,12,2017_12_SEA_SF,SEA,31-40,0.6666666666666666
2017,13,2017_13_PHI_SEA,SEA,41-50,0.6666666666666666
2017,14,2017_14_SEA_JAX,SEA,0-30,
2017,14,2017_14_SEA_JAX,SEA,31-40,0.8333333333333334
2017,17,2017_17_ARI_SEA,SEA,41-50,0.6666666666666666
2018,1,2018_01_SEA_DEN,SEA,31-40,
2018,1,2018_01_SEA_DEN,SEA,41-50,
2018,2,2018_02_SEA_CHI,SEA,56+,
2018,3,2018_03_DAL_SEA,SEA,41-50,
2018,4,2018_04_SEA_ARI,SEA,31-40,
2018,4,2018_04_SEA_ARI,SEA,51-55,
2018,5,2018_05_LA_SEA,SEA,51-55,
2018,6,2018_06_SEA_OAK,SEA,0-30,
2018,6,2018_06_SEA_OAK,SEA,41-50,
2018,9,2018_09_LAC_SEA,SEA,41-50,
2018,9,2018_09_LAC_SEA,SEA,51-55,
2018,10,2018_10_SEA_LA,SEA,31-40,
2018,11,2018_11_GB_SEA,SEA,41-50,
2018,11,2018_11_GB_SEA,SEA,31-40,
2018,12,2018_12_SEA_CAR,SEA,0-30,
2018,12,2018_12_SEA_CAR,SEA,31-40,
2018,13,2018_13_SF_SEA,SEA,31-40,
2018,14,2018_14_MIN_SEA,SEA,31-40,0.9166666666666666
2018,15,2018_15_SEA_SF,SEA,41-50,
2018,16,2018_16_KC_SEA,SEA,31-40,0.9166666666666666
2018,16,2018_16_KC_SEA,SEA,0-30,
2018,17,2018_17_ARI_SEA,SEA,31-40,0.8333333333333334
2018,17,2018_17_ARI_SEA,SEA,41-50,0.8333333333333334
2019,2,2019_02_SEA_PIT,SEA,56+,
2019,4,2019_04_SEA_ARI,SEA,31-40,
2019,4,2019_04_SEA_ARI,SEA,0-30,
2019,5,2019_05_LA_SEA,SEA,41-50,
2019,6,2019_06_SEA_CLE,SEA,31-40,
2019,6,2019_06_SEA_CLE,SEA,0-30,
2019,7,2019_07_BAL_SEA,SEA,51-55,
2019,7,2019_07_BAL_SEA,SEA,31-40,
2019,8,2019_08_SEA_ATL,SEA,41-50,
2019,8,2019_08_SEA_ATL,SEA,51-55,
2019,9,2019_09_TB_SEA,SEA,41-50,
2019,9,2019_09_TB_SEA,SEA,0-30,
2019,9,2019_09_TB_SEA,SEA,31-40,
2019,10,2019_10_SEA_SF,SEA,41-50,
2019,12,2019_12_SEA_PHI,SEA,0-30,
2019,13,2019_13_MIN_SEA,SEA,31-40,
2019,13,2019_13_MIN_SEA,SEA,0-30,
2019,14,2019_14_SEA_LA,SEA,31-40,
2019,15,2019_15_SEA_CAR,SEA,0-30,
2019,16,2019_16_ARI_SEA,SEA,51-55,
2019,16,2019_16_ARI_SEA,SEA,0-30,1.0
2020,1,2020_01_SEA_ATL,SEA,41-50,
2020,4,2020_04_SEA_MIA,SEA,51-55,
2020,7,2020_07_SEA_ARI,SEA,41-50,
2020,8,2020_08_SF_SEA,SEA,41-50,
2020,9,2020_09_SEA_BUF,SEA,41-50,
2020,10,2020_10_SEA_LA,SEA,56+,
2020,10,2020_10_SEA_LA,SEA,31-40,
2020,11,2020_11_ARI_SEA,SEA,41-50,
2020,11,2020_11_ARI_SEA,SEA,0-30,
2020,12,2020_12_SEA_PHI,SEA,31-40,
2020,12,2020_12_SEA_PHI,SEA,41-50,
2020,13,2020_13_NYG_SEA,SEA,31-40,
2020,14,2020_14_NYJ_SEA,SEA,0-30,
2020,14,2020_14_NYJ_SEA,SEA,41-50,1.0
2020,15,2020_15_SEA_WAS,SEA,31-40,
2020,15,2020_15_SEA_WAS,SEA,41-50,1.0
2020,16,2020_16_LA_SEA,SEA,41-50,1.0
2020,17,2020_17_SEA_SF,SEA,0-30,
2020,17,2020_17_SEA_SF,SEA,31-40,
2021,2,2021_02_TEN_SEA,SEA,31-40,
2021,3,2021_03_SEA_MIN,SEA,41-50,
2021,3,2021_03_SEA_MIN,SEA,51-55,
2021,5,2021_05_LA_SEA,SEA,31-40,
2021,6,2021_06_SEA_PIT,SEA,31-40,
2021,6,2021_06_SEA_PIT,SEA,41-50,
2021,7,2021_07_NO_SEA,SEA,51-55,
2021,7,2021_07_NO_SEA,SEA,41-50,
2021,8,2021_08_JAX_SEA,SEA,31-40,
2021,11,2021_11_ARI_SEA,SEA,0-30,
2021,13,2021_13_SF_SEA,SEA,56+,
2021,14,2021_14_SEA_HOU,SEA,31-40,
2021,15,2021_15_SEA_LA,SEA,31-40,
2021,16,2021_16_CHI_SEA,SEA,31-40,0.9166666666666666
2021,17,2021_17_DET_SEA,SEA,51-55,
2021,17,2021_17_DET_SEA,SEA,41-50,
2021,17,2021_17_DET_SEA,SEA,31-40,0.8333333333333334
2021,18,2021_18_SEA_ARI,SEA,31-40,0.9166666666666666
2022,1,2022_01_DEN_SEA,SEA,41-50,
2022,3,2022_03_ATL_SEA,SEA,0-30,
2022,3,2022_03_ATL_SEA,SEA,31-40,
2022,4,2022_04_SEA_DET,SEA,0-30,
2022,4,2022_04_SEA_DET,SEA,56+,
2022,4,2022_04_SEA_DET,SEA,31-40,
2022,5,2022_05_SEA_NO,SEA,31-40,
2022,5,2022_05_SEA_NO,SEA,56+,
2022,6,2022_06_ARI_SEA,SEA,31-40,
2022,6,2022_06_ARI_SEA,SEA,0-30,
2022,7,2022_07_SEA_LAC,SEA,31-40,
2022,7,2022_07_SEA_LAC,SEA,41-50,
2022,8,2022_08_NYG_SEA,SEA,31-40,
2022,8,2022_08_NYG_SEA,SEA,51-55,
2022,9,2022_09_SEA_ARI,SEA,41-50,
2022,10,2022_10_SEA_TB,SEA,51-55,
2022,12,2022_12_LV_SEA,SEA,31-40,0.8333333333333334
2022,12,2022_12_LV_SEA,SEA,0-30,
2022,13,2022_13_SEA_LA,SEA,0-30,
2022,13,2022_13_SEA_LA,SEA,41-50,
2022,14,2022_14_CAR_SEA,SEA,0-30,
2022,15,2022_15_SF_SEA,SEA,51-55,
2022,15,2022_15_SF_SEA,SEA,31-40,0.8333333333333334
2022,16,2022_16_SEA_KC,SEA,0-30,1.0
2022,17,2022_17_NYJ_SEA,SEA,41-50,
2022,17,2022_17_NYJ_SEA,SEA,0-30,1.0
2022,17,2022_17_NYJ_SEA,SEA,31-40,1.0
2022,18,2022_18_LA_SEA,SEA,0-30,1.0
2022,18,2022_18_LA_SEA,SEA,31-40,1.0
2022,18,2022_18_LA_SEA,SEA,41-50,
2023,1,2023_01_LA_SEA,SEA,41-50,
2023,1,2023_01_LA_SEA,SEA,31-40,
2023,2,2023_02_SEA_DET,SEA,41-50,
2023,2,2023_02_SEA_DET,SEA,56+,
2023,2,2023_02_SEA_DET,SEA,0-30,
2023,3,2023_03_CAR_SEA,SEA,31-40,
2023,3,2023_03_CAR_SEA,SEA,41-50,
2023,4,2023_04_SEA_NYG,SEA,51-55,
2023,4,2023_04_SEA_NYG,SEA,31-40,
2023,6,2023_06_SEA_CIN,SEA,51-55,
2023,6,2023_06_SEA_CIN,SEA,0-30,
2023,7,2023_07_ARI_SEA,SEA,41-50,
2023,7,2023_07_ARI_SEA,SEA,0-30,
2023,8,2023_08_CLE_SEA,SEA,31-40,
2023,9,2023_09_SEA_BAL,SEA,31-40,
2023,10,2023_10_WAS_SEA,SEA,41-50,
2023,10,2023_10_WAS_SEA,SEA,31-40,
2023,11,2023_11_SEA_LA,SEA,51-55,
2023,11,2023_11_SEA_LA,SEA,41-50,
2023,12,2023_12_SF_SEA,SEA,51-55,
2023,12,2023_12_SF_SEA,SEA,0-30,
2023,13,2023_13_SEA_DAL,SEA,41-50,0.8333333333333334
2023,14,2023_14_SEA_SF,SEA,31-40,0.9166666666666666
2023,15,2023_15_PHI_SEA,SEA,41-50,0.6666666666666666
2023,15,2023_15_PHI_SEA,SEA,0-30,
2023,16,2023_16_SEA_TEN,SEA,0-30,
2023,17,2023_17_PIT_SEA,SEA,0-30,1.0
2023,17,2023_17_PIT_SEA,SEA,41-50,0.8333333333333334
2023,18,2023_18_SEA_ARI,SEA,31-40,1.0
2023,18,2023_18_SEA_ARI,SEA,0-30,1.0
2024,1,2024_01_DEN_SEA,SEA,41-50,
2024,1,2024_01_DEN_SEA,SEA,0-30,
2024,2,2024_02_SEA_NE,SEA,31-40,
2024,2,2024_02_SEA_NE,SEA,41-50,
2024,3,2024_03_MIA_SEA,SEA,56+,
2024,3,2024_03_MIA_SEA,SEA,51-55,
2024,4,2024_04_SEA_DET,SEA,56+,
2024,5,2024_05_NYG_SEA,SEA,41-50,
2024,6,2024_06_SF_SEA,SEA,0-30,
2024,7,2024_07_SEA_ATL,SEA,31-40,
2024,7,2024_07_SEA_ATL,SEA,56+,
2024,8,2024_08_BUF_SEA,SEA,31-40,
2024,11,2024_11_SEA_SF,SEA,51-55,
2024,11,2024_11_SEA_SF,SEA,56+,
2024,12,2024_12_ARI_SEA,SEA,41-50,
2024,13,2024_13_SEA_NYJ,SEA,41-50,
2024,13,2024_13_SEA_NYJ,SEA,51-55,
2024,14,2024_14_SEA_ARI,SEA,31-40,
2024,14,2024_14_SEA_ARI,SEA,0-30,
2024,15,2024_15_GB_SEA,SEA,41-50,
2024,16,2024_16_MIN_SEA,SEA,41-50,0.9444444444444443
2024,16,2024_16_MIN_SEA,SEA,56+,
2024,17,2024_17_SEA_CHI,SEA,0-30,
2024,17,2024_17_SEA_CHI,SEA,41-50,0.9444444444444443
2024,18,2024_18_SEA_LA,SEA,56+,
2016,2,2016_02_SF_CAR,SF,31-40,
2016,2,2016_02_SF_CAR,SF,0-30,
2016,3,2016_03_SF_SEA,SF,0-30,
2016,3,2016_03_SF_SEA,SF,51-55,
2016,4,2016_04_DAL_SF,SF,31-40,
2016,6,2016_06_SF_BUF,SF,31-40,
2016,6,2016_06_SF_BUF,SF,41-50,
2016,7,2016_07_TB_SF,SF,0-30,
2016,9,2016_09_NO_SF,SF,41-50,
2016,10,2016_10_SF_ARI,SF,51-55,
2016,10,2016_10_SF_ARI,SF,41-50,
2016,11,2016_11_NE_SF,SF,31-40,
2016,12,2016_12_SF_MIA,SF,31-40,
2016,13,2016_13_SF_CHI,SF,31-40,
2016,13,2016_13_SF_CHI,SF,0-30,
2016,14,2016_14_NYJ_SF,SF,41-50,
2017,1,2017_01_CAR_SF,SF,41-50,
2017,2,2017_02_SF_SEA,SF,31-40,
2017,3,2017_03_LA_SF,SF,41-50,
2017,3,2017_03_LA_SF,SF,31-40,
2017,4,2017_04_SF_ARI,SF,0-30,
2017,4,2017_04_SF_ARI,SF,31-40,
2017,4,2017_04_SF_ARI,SF,41-50,
2017,5,2017_05_SF_IND,SF,41-50,
2017,5,2017_05_SF_IND,SF,31-40,
2017,5,2017_05_SF_IND,SF,0-30,
2017,6,2017_06_SF_WAS,SF,51-55,
2017,6,2017_06_SF_WAS,SF,41-50,
2017,7,2017_07_DAL_SF,SF,41-50,
2017,8,2017_08_SF_PHI,SF,0-30,
2017,8,2017_08_SF_PHI,SF,41-50,0.8333333333333334
2017,9,2017_09_ARI_SF,SF,41-50,0.8333333333333334
2017,10,2017_10_NYG_SF,SF,41-50,0.8333333333333334
2017,12,2017_12_SEA_SF,SF,31-40,
2017,12,2017_12_SEA_SF,SF,41-50,0.8333333333333334
2017,13,2017_13_SF_CHI,SF,31-40,
2017,13,2017_13_SF_CHI,SF,0-30,
2017,14,2017_14_SF_HOU,SF,41-50,0.8333333333333334
2017,14,2017_14_SF_HOU,SF,51-55,
2017,14,2017_14_SF_HOU,SF,31-40,1.0
2017,14,2017_14_SF_HOU,SF,0-30,
2017,15,2017_15_TEN_SF,SF,31-40,1.0
2017,15,2017_15_TEN_SF,SF,0-30,
2017,15,2017_15_TEN_SF,SF,41-50,1.0
2017,16,2017_16_JAX_SF,SF,0-30,0.8333333333333334
2017,17,2017_17_SF_LA,SF,31-40,1.0
2017,17,2017_17_SF_LA,SF,41-50,1.0
2018,1,2018_01_SF_MIN,SF,0-30,
2018,1,2018_01_SF_MIN,SF,31-40,
2018,1,2018_01_SF_MIN,SF,41-50,
2018,2,2018_02_DET_SF,SF,31-40,
2018,2,2018_02_DET_SF,SF,41-50,
2018,3,2018_03_SF_KC,SF,31-40,
2018,4,2018_04_SF_LAC,SF,31-40,
2018,4,2018_04_SF_LAC,SF,0-30,
2018,5,2018_05_ARI_SF,SF,41-50,
2018,6,2018_06_SF_GB,SF,41-50,
2018,7,2018_07_LA_SF,SF,51-55,
2018,8,2018_08_SF_ARI,SF,0-30,
2018,9,2018_09_OAK_SF,SF,0-30,
2018,9,2018_09_OAK_SF,SF,31-40,
2018,10,2018_10_NYG_SF,SF,0-30,
2018,10,2018_10_NYG_SF,SF,31-40,
2018,10,2018_10_NYG_SF,SF,51-55,
2018,12,2018_12_SF_TB,SF,0-30,
2018,13,2018_13_SF_SEA,SF,41-50,
2018,14,2018_14_DEN_SF,SF,0-30,1.0
2018,14,2018_14_DEN_SF,SF,31-40,1.0
2018,15,2018_15_SEA_SF,SF,31-40,1.0
2018,15,2018_15_SEA_SF,SF,0-30,1.0
2018,15,2018_15_SEA_SF,SF,41-50,
2018,16,2018_16_CHI_SF,SF,31-40,1.0
2018,16,2018_16_CHI_SF,SF,0-30,1.0
2018,17,2018_17_SF_LA,SF,0-30,1.0
2019,1,2019_01_SF_TB,SF,41-50,
2019,1,2019_01_SF_TB,SF,0-30,
2019,1,2019_01_SF_TB,SF,56+,
2019,1,2019_01_SF_TB,SF,31-40,
2019,2,2019_02_SF_CIN,SF,31-40,
2019,3,2019_03_PIT_SF,SF,0-30,
2019,5,2019_05_CLE_SF,SF,41-50,
2019,5,2019_05_CLE_SF,SF,51-55,
2019,5,2019_05_CLE_SF,SF,31-40,
2019,6,2019_06_SF_LA,SF,31-40,
2019,6,2019_06_SF_LA,SF,51-55,
2019,6,2019_06_SF_LA,SF,0-30,
2019,7,2019_07_SF_WAS,SF,0-30,
2019,7,2019_07_SF_WAS,SF,41-50,
2019,8,2019_08_CAR_SF,SF,0-30,
2019,10,2019_10_SEA_SF,SF,31-40,
2019,10,2019_10_SEA_SF,SF,41-50,
2019,11,2019_11_ARI_SF,SF,41-50,
2019,12,2019_12_GB_SF,SF,0-30,
2019,12,2019_12_GB_SF,SF,41-50,
2019,13,2019_13_SF_BAL,SF,31-40,
2019,13,2019_13_SF_BAL,SF,51-55,
2019,14,2019_14_SF_NO,SF,0-30,1.0
2019,14,2019_14_SF_NO,SF,41-50,0.6944444444444443
2019,15,2019_15_ATL_SF,SF,0-30,1.0
2019,15,2019_15_ATL_SF,SF,41-50,0.6944444444444443
2019,16,2019_16_LA_SF,SF,31-40,0.7777777777777777
2019,16,2019_16_LA_SF,SF,0-30,1.0
2019,17,2019_17_SF_SEA,SF,41-50,0.7777777777777777
2019,17,2019_17_SF_SEA,SF,0-30,1.0
2020,1,2020_01_ARI_SF,SF,51-55,
2020,1,2020_01_ARI_SF,SF,0-30,
2020,2,2020_02_SF_NYJ,SF,41-50,
2020,3,2020_03_SF_NYG,SF,51-55,
2020,3,2020_03_SF_NYG,SF,0-30,
2020,3,2020_03_SF_NYG,SF,31-40,
2020,5,2020_05_MIA_SF,SF,31-40,
2020,6,2020_06_LA_SF,SF,41-50,
2020,7,2020_07_SF_NE,SF,31-40,
2020,7,2020_07_SF_NE,SF,41-50,
2020,9,2020_09_GB_SF,SF,0-30,
2020,10,2020_10_SF_NO,SF,31-40,
2020,12,2020_12_SF_LA,SF,41-50,
2020,13,2020_13_BUF_SF,SF,41-50,
2020,15,2020_15_SF_DAL,SF,31-40,
2020,15,2020_15_SF_DAL,SF,41-50,
2020,16,2020_16_SF_ARI,SF,31-40,
2020,16,2020_16_SF_ARI,SF,41-50,0.9583333333333334
2020,17,2020_17_SEA_SF,SF,31-40,0.8333333333333334
2020,17,2020_17_SEA_SF,SF,41-50,0.7916666666666666
2021,1,2021_01_SF_DET,SF,31-40,
2021,1,2021_01_SF_DET,SF,51-55,
2021,2,2021_02_SF_PHI,SF,41-50,
2021,4,2021_04_SEA_SF,SF,41-50,
2021,5,2021_05_SF_ARI,SF,41-50,
2021,7,2021_07_IND_SF,SF,31-40,
2021,7,2021_07_IND_SF,SF,56+,
2021,8,2021_08_SF_CHI,SF,41-50,
2021,8,2021_08_SF_CHI,SF,0-30,
2021,8,2021_08_SF_CHI,SF,51-55,
2021,8,2021_08_SF_CHI,SF,31-40,
2021,9,2021_09_ARI_SF,SF,0-30,
2021,10,2021_10_LA_SF,SF,41-50,
2021,11,2021_11_SF_JAX,SF,41-50,
2021,11,2021_11_SF_JAX,SF,0-30,
2021,12,2021_12_MIN_SF,SF,0-30,
2021,12,2021_12_MIN_SF,SF,41-50,0.75
2021,13,2021_13_SF_SEA,SF,41-50,0.6666666666666666
2021,14,2021_14_SF_CIN,SF,0-30,
2021,14,2021_14_SF_CIN,SF,31-40,
2021,14,2021_14_SF_CIN,SF,41-50,0.8333333333333334
2021,15,2021_15_ATL_SF,SF,0-30,
2021,16,2021_16_SF_TEN,SF,41-50,0.6666666666666666
2021,17,2021_17_HOU_SF,SF,0-30,1.0
2021,17,2021_17_HOU_SF,SF,31-40,
2021,18,2021_18_SF_LA,SF,0-30,1.0
2021,18,2021_18_SF_LA,SF,41-50,0.75
2022,1,2022_01_SF_CHI,SF,0-30,
2022,2,2022_02_SEA_SF,SF,31-40,
2022,2,2022_02_SEA_SF,SF,0-30,
2022,3,2022_03_SF_DEN,SF,51-55,
2022,4,2022_04_LA_SF,SF,0-30,
2022,4,2022_04_LA_SF,SF,41-50,
2022,5,2022_05_SF_CAR,SF,41-50,
2022,7,2022_07_KC_SF,SF,41-50,
2022,7,2022_07_KC_SF,SF,0-30,
2022,8,2022_08_SF_LA,SF,0-30,
2022,10,2022_10_LAC_SF,SF,0-30,
2022,11,2022_11_SF_ARI,SF,31-40,
2022,12,2022_12_NO_SF,SF,0-30,0.9166666666666666
2022,12,2022_12_NO_SF,SF,41-50,
2022,13,2022_13_MIA_SF,SF,31-40,
2022,13,2022_13_MIA_SF,SF,41-50,
2022,15,2022_15_SF_SEA,SF,41-50,
2022,16,2022_16_WAS_SF,SF,0-30,0.9166666666666666
2022,16,2022_16_WAS_SF,SF,31-40,
2022,17,2022_17_SF_LV,SF,41-50,0.5833333333333334
2022,17,2022_17_SF_LV,SF,0-30,1.0
2022,18,2022_18_ARI_SF,SF,0-30,1.0
2023,1,2023_01_SF_PIT,SF,41-50,
2023,1,2023_01_SF_PIT,SF,31-40,
2023,2,2023_02_SF_LA,SF,0-30,
2023,2,2023_02_SF_LA,SF,56+,
2023,3,2023_03_NYG_SF,SF,31-40,
2023,3,2023_03_NYG_SF,SF,0-30,
2023,6,2023_06_SF_CLE,SF,0-30,
2023,6,2023_06_SF_CLE,SF,41-50,
2023,6,2023_06_SF_CLE,SF,51-55,
2023,7,2023_07_SF_MIN,SF,31-40,
2023,7,2023_07_SF_MIN,SF,51-55,
2023,8,2023_08_CIN_SF,SF,31-40,
2023,10,2023_10_SF_JAX,SF,31-40,
2023,11,2023_11_TB_SF,SF,31-40,
2023,11,2023_11_TB_SF,SF,0-30,
2023,12,2023_12_SF_SEA,SF,31-40,0.8333333333333334
2023,15,2023_15_SF_ARI,SF,41-50,
2023,16,2023_16_BAL_SF,SF,41-50,
2023,17,2023_17_SF_WAS,SF,31-40,0.8333333333333334
2023,17,2023_17_SF_WAS,SF,0-30,
2023,18,2023_18_LA_SF,SF,31-40,0.8333333333333334
2024,1,2024_01_NYJ_SF,SF,31-40,
2024,1,2024_01_NYJ_SF,SF,0-30,
2024,1,2024_01_NYJ_SF,SF,41-50,
2024,1,2024_01_NYJ_SF,SF,51-55,
2024,2,2024_02_SF_MIN,SF,31-40,
2024,3,2024_03_SF_LA,SF,0-30,
2024,3,2024_03_SF_LA,SF,51-55,
2024,4,2024_04_NE_SF,SF,0-30,
2024,4,2024_04_NE_SF,SF,41-50,
2024,5,2024_05_ARI_SF,SF,0-30,
2024,6,2024_06_SF_SEA,SF,0-30,
2024,6,2024_06_SF_SEA,SF,31-40,
2024,6,2024_06_SF_SEA,SF,41-50,
2024,7,2024_07_KC_SF,SF,51-55,
2024,7,2024_07_KC_SF,SF,0-30,
2024,8,2024_08_DAL_SF,SF,41-50,
2024,10,2024_10_SF_TB,SF,31-40,
2024,10,2024_10_SF_TB,SF,41-50,
2024,10,2024_10_SF_TB,SF,0-30,1.0
2024,11,2024_11_SEA_SF,SF,31-40,
2024,12,2024_12_SF_GB,SF,41-50,
2024,13,2024_13_SF_BUF,SF,51-55,
2024,13,2024_13_SF_BUF,SF,41-50,0.875
2024,13,2024_13_SF_BUF,SF,31-40,
2024,14,2024_14_CHI_SF,SF,0-30,1.0
2024,15,2024_15_LA_SF,SF,51-55,
2024,15,2024_15_LA_SF,SF,41-50,0.7083333333333334
2024,16,2024_16_SF_MIA,SF,0-30,1.0
2024,16,2024_16_SF_MIA,SF,41-50,0.7083333333333334
2024,17,2024_17_DET_SF,SF,56+,
2024,17,2024_17_DET_SF,SF,51-55,
2024,18,2024_18_SF_ARI,SF,51-55,0.5
2024,18,2024_18_SF_ARI,SF,41-50,0.5416666666666666
2016,1,2016_01_TB_ATL,TB,41-50,
2016,2,2016_02_TB_ARI,TB,41-50,
2016,3,2016_03_LA_TB,TB,41-50,
2016,5,2016_05_TB_CAR,TB,31-40,
2016,5,2016_05_TB_CAR,TB,41-50,
2016,7,2016_07_TB_SF,TB,31-40,
2016,7,2016_07_TB_SF,TB,41-50,
2016,8,2016_08_OAK_TB,TB,41-50,
2016,10,2016_10_CHI_TB,TB,0-30,
2016,11,2016_11_TB_KC,TB,0-30,
2016,11,2016_11_TB_KC,TB,41-50,0.3333333333333333
2016,11,2016_11_TB_KC,TB,31-40,
2016,12,2016_12_SEA_TB,TB,41-50,0.3333333333333333
2016,13,2016_13_TB_SD,TB,0-30,
2016,13,2016_13_TB_SD,TB,31-40,
2016,14,2016_14_NO_TB,TB,41-50,0.3333333333333333
2016,14,2016_14_NO_TB,TB,0-30,
2016,14,2016_14_NO_TB,TB,31-40,
2016,15,2016_15_TB_DAL,TB,31-40,
2016,15,2016_15_TB_DAL,TB,0-30,
2016,16,2016_16_TB_NO,TB,31-40,0.875
2016,17,2016_17_CAR_TB,TB,41-50,0.5
2016,17,2016_17_CAR_TB,TB,31-40,0.9166666666666666
2017,2,2017_02_CHI_TB,TB,41-50,
2017,2,2017_02_CHI_TB,TB,0-30,
2017,3,2017_03_TB_MIN,TB,31-40,
2017,4,2017_04_NYG_TB,TB,31-40,
2017,4,2017_04_NYG_TB,TB,41-50,
2017,4,2017_04_NYG_TB,TB,0-30,
2017,5,2017_05_NE_TB,TB,56+,
2017,5,2017_05_NE_TB,TB,31-40,
2017,5,2017_05_NE_TB,TB,41-50,
2017,7,2017_07_TB_BUF,TB,0-30,
2017,7,2017_07_TB_BUF,TB,41-50,
2017,8,2017_08_CAR_TB,TB,41-50,
2017,9,2017_09_TB_NO,TB,41-50,
2017,9,2017_09_TB_NO,TB,51-55,
2017,10,2017_10_NYJ_TB,TB,41-50,0.6666666666666666
2017,10,2017_10_NYJ_TB,TB,0-30,
2017,10,2017_10_NYJ_TB,TB,31-40,
2017,11,2017_11_TB_MIA,TB,31-40,
2017,11,2017_11_TB_MIA,TB,41-50,0.6666666666666666
2017,11,2017_11_TB_MIA,TB,0-30,
2017,12,2017_12_TB_ATL,TB,0-30,
2017,12,2017_12_TB_ATL,TB,31-40,
2017,13,2017_13_TB_GB,TB,0-30,1.0
2017,13,2017_13_TB_GB,TB,31-40,0.8333333333333334
2017,15,2017_15_ATL_TB,TB,51-55,
2017,16,2017_16_TB_CAR,TB,31-40,0.8333333333333334
2017,16,2017_16_TB_CAR,TB,0-30,1.0
2017,16,2017_16_TB_CAR,TB,41-50,0.6666666666666666
2017,16,2017_16_TB_CAR,TB,51-55,
2017,17,2017_17_NO_TB,TB,41-50,0.8333333333333334
2018,1,2018_01_TB_NO,TB,41-50,
2018,1,2018_01_TB_NO,TB,31-40,
2018,3,2018_03_PIT_TB,TB,0-30,
2018,4,2018_04_TB_CHI,TB,0-30,
2018,6,2018_06_TB_ATL,TB,31-40,
2018,7,2018_07_CLE_TB,TB,56+,
2018,7,2018_07_CLE_TB,TB,31-40,
2018,8,2018_08_TB_CIN,TB,0-30,
2018,8,2018_08_TB_CIN,TB,31-40,
2018,10,2018_10_WAS_TB,TB,41-50,
2018,10,2018_10_WAS_TB,TB,31-40,
2018,10,2018_10_WAS_TB,TB,0-30,
2018,12,2018_12_SF_TB,TB,31-40,
2018,12,2018_12_SF_TB,TB,41-50,
2018,13,2018_13_CAR_TB,TB,31-40,0.9166666666666666
2018,14,2018_14_NO_TB,TB,41-50,
2018,14,2018_14_NO_TB,TB,31-40,0.9166666666666666
2018,15,2018_15_TB_BAL,TB,0-30,
2018,16,2018_16_TB_DAL,TB,31-40,0.75
2018,16,2018_16_TB_DAL,TB,51-55,
2018,16,2018_16_TB_DAL,TB,41-50,
2018,17,2018_17_ATL_TB,TB,41-50,
2018,17,2018_17_ATL_TB,TB,31-40,0.8333333333333334
2019,1,2019_01_SF_TB,TB,31-40,
2019,2,2019_02_TB_CAR,TB,31-40,
2019,2,2019_02_TB_CAR,TB,41-50,
2019,3,2019_03_NYG_TB,TB,0-30,
2019,3,2019_03_NYG_TB,TB,41-50,
2019,3,2019_03_NYG_TB,TB,31-40,
2019,3,2019_03_NYG_TB,TB,51-55,
2019,4,2019_04_TB_LA,TB,56+,
2019,4,2019_04_TB_LA,TB,0-30,
2019,5,2019_05_TB_NO,TB,41-50,
2019,6,2019_06_CAR_TB,TB,51-55,
2019,8,2019_08_TB_TEN,TB,0-30,
2019,8,2019_08_TB_TEN,TB,41-50,
2019,9,2019_09_TB_SEA,TB,41-50,
2019,10,2019_10_ARI_TB,TB,41-50,
2019,10,2019_10_ARI_TB,TB,0-30,
2019,11,2019_11_NO_TB,TB,51-55,
2019,12,2019_12_TB_ATL,TB,31-40,
2019,13,2019_13_TB_JAX,TB,0-30,
2019,13,2019_13_TB_JAX,TB,31-40,
2019,14,2019_14_IND_TB,TB,41-50,0.7777777777777777
2019,15,2019_15_TB_DET,TB,41-50,0.9444444444444443
2019,15,2019_15_TB_DET,TB,51-55,
2019,16,2019_16_HOU_TB,TB,41-50,0.9444444444444443
2019,16,2019_16_HOU_TB,TB,51-55,
2019,17,2019_17_ATL_TB,TB,31-40,
2019,17,2019_17_ATL_TB,TB,41-50,0.9444444444444443
2020,1,2020_01_TB_NO,TB,31-40,
2020,1,2020_01_TB_NO,TB,51-55,
2020,2,2020_02_CAR_TB,TB,31-40,
2020,3,2020_03_TB_DEN,TB,31-40,
2020,3,2020_03_TB_DEN,TB,41-50,
2020,4,2020_04_LAC_TB,TB,41-50,
2020,4,2020_04_LAC_TB,TB,0-30,
2020,5,2020_05_TB_CHI,TB,41-50,
2020,5,2020_05_TB_CHI,TB,31-40,
2020,5,2020_05_TB_CHI,TB,0-30,
2020,6,2020_06_GB_TB,TB,41-50,
2020,7,2020_07_TB_LV,TB,0-30,
2020,8,2020_08_TB_NYG,TB,31-40,
2020,8,2020_08_TB_NYG,TB,41-50,
2020,9,2020_09_NO_TB,TB,41-50,
2020,10,2020_10_TB_CAR,TB,0-30,
2020,10,2020_10_TB_CAR,TB,31-40,
2020,11,2020_11_LA_TB,TB,31-40,1.0
2020,12,2020_12_KC_TB,TB,0-30,
2020,14,2020_14_MIN_TB,TB,41-50,0.8333333333333334
2020,14,2020_14_MIN_TB,TB,0-30,
2020,15,2020_15_TB_ATL,TB,0-30,1.0
2020,16,2020_16_TB_DET,TB,41-50,0.8333333333333334
2020,17,2020_17_ATL_TB,TB,0-30,1.0
2020,17,2020_17_ATL_TB,TB,31-40,1.0
2021,1,2021_01_DAL_TB,TB,31-40,
2021,3,2021_03_TB_LA,TB,51-55,
2021,3,2021_03_TB_LA,TB,0-30,
2021,4,2021_04_TB_NE,TB,41-50,
2021,4,2021_04_TB_NE,TB,31-40,
2021,4,2021_04_TB_NE,TB,0-30,
2021,5,2021_05_MIA_TB,TB,41-50,
2021,5,2021_05_MIA_TB,TB,56+,
2021,7,2021_07_CHI_TB,TB,0-30,
2021,7,2021_07_CHI_TB,TB,41-50,
2021,10,2021_10_TB_WAS,TB,31-40,
2021,10,2021_10_TB_WAS,TB,0-30,
2021,11,2021_11_NYG_TB,TB,31-40,
2021,11,2021_11_NYG_TB,TB,0-30,
2021,12,2021_12_TB_IND,TB,0-30,
2021,13,2021_13_TB_ATL,TB,31-40,
2021,14,2021_14_BUF_TB,TB,0-30,1.0
2021,15,2021_15_NO_TB,TB,41-50,
2021,16,2021_16_TB_CAR,TB,0-30,1.0
2021,16,2021_16_TB_CAR,TB,41-50,
2021,16,2021_16_TB_CAR,TB,31-40,
2021,17,2021_17_TB_NYJ,TB,0-30,1.0
2021,17,2021_17_TB_NYJ,TB,31-40,0.8333333333333334
2021,18,2021_18_CAR_TB,TB,31-40,0.8333333333333334
2021,18,2021_18_CAR_TB,TB,41-50,
2022,1,2022_01_TB_DAL,TB,0-30,
2022,1,2022_01_TB_DAL,TB,31-40,
2022,1,2022_01_TB_DAL,TB,41-50,
2022,2,2022_02_TB_NO,TB,41-50,
2022,3,2022_03_GB_TB,TB,41-50,
2022,4,2022_04_KC_TB,TB,41-50,
2022,5,2022_05_ATL_TB,TB,0-30,
2022,5,2022_05_ATL_TB,TB,41-50,
2022,6,2022_06_TB_PIT,TB,51-55,
2022,6,2022_06_TB_PIT,TB,0-30,
2022,7,2022_07_TB_CAR,TB,0-30,
2022,8,2022_08_BAL_TB,TB,31-40,
2022,8,2022_08_BAL_TB,TB,0-30,
2022,9,2022_09_LA_TB,TB,41-50,
2022,9,2022_09_LA_TB,TB,31-40,
2022,9,2022_09_LA_TB,TB,0-30,
2022,9,2022_09_LA_TB,TB,51-55,
2022,10,2022_10_SEA_TB,TB,51-55,
2022,12,2022_12_TB_CLE,TB,41-50,1.0
2022,13,2022_13_NO_TB,TB,0-30,1.0
2022,14,2022_14_TB_SF,TB,51-55,
2022,15,2022_15_CIN_TB,TB,0-30,1.0
2022,15,2022_15_CIN_TB,TB,41-50,1.0
2022,16,2022_16_TB_ARI,TB,31-40,
2022,16,2022_16_TB_ARI,TB,41-50,0.8333333333333334
2022,17,2022_17_CAR_TB,TB,0-30,1.0
2022,17,2022_17_CAR_TB,TB,51-55,
2022,18,2022_18_TB_ATL,TB,41-50,0.8333333333333334
2023,1,2023_01_TB_MIN,TB,56+,
2023,1,2023_01_TB_MIN,TB,31-40,
2023,2,2023_02_CHI_TB,TB,0-30,
2023,2,2023_02_CHI_TB,TB,31-40,
2023,3,2023_03_PHI_TB,TB,31-40,
2023,4,2023_04_TB_NO,TB,0-30,
2023,4,2023_04_TB_NO,TB,51-55,
2023,6,2023_06_DET_TB,TB,31-40,
2023,7,2023_07_ATL_TB,TB,31-40,
2023,7,2023_07_ATL_TB,TB,0-30,
2023,8,2023_08_TB_BUF,TB,56+,
2023,8,2023_08_TB_BUF,TB,41-50,
2023,9,2023_09_TB_HOU,TB,51-55,
2023,9,2023_09_TB_HOU,TB,41-50,
2023,9,2023_09_TB_HOU,TB,31-40,
2023,10,2023_10_TEN_TB,TB,31-40,0.8333333333333334
2023,10,2023_10_TEN_TB,TB,0-30,
2023,12,2023_12_TB_IND,TB,0-30,
2023,14,2023_14_TB_ATL,TB,31-40,0.8333333333333334
2023,14,2023_14_TB_ATL,TB,51-55,
2023,15,2023_15_TB_GB,TB,41-50,
2023,15,2023_15_TB_GB,TB,31-40,1.0
2023,16,2023_16_JAX_TB,TB,51-55,
2023,16,2023_16_JAX_TB,TB,31-40,1.0
2023,16,2023_16_JAX_TB,TB,0-30,
2023,18,2023_18_TB_CAR,TB,31-40,1.0
2023,18,2023_18_TB_CAR,TB,56+,
2024,1,2024_01_WAS_TB,TB,56+,
2024,1,2024_01_WAS_TB,TB,0-30,
2024,1,2024_01_WAS_TB,TB,31-40,
2024,2,2024_02_TB_DET,TB,0-30,
2024,2,2024_02_TB_DET,TB,51-55,
2024,4,2024_04_PHI_TB,TB,0-30,
2024,4,2024_04_PHI_TB,TB,51-55,
2024,5,2024_05_TB_ATL,TB,31-40,
2024,5,2024_05_TB_ATL,TB,51-55,
2024,6,2024_06_TB_NO,TB,0-30,
2024,7,2024_07_BAL_TB,TB,51-55,
2024,7,2024_07_BAL_TB,TB,0-30,
2024,8,2024_08_ATL_TB,TB,51-55,
2024,9,2024_09_TB_KC,TB,41-50,
2024,10,2024_10_SF_TB,TB,0-30,
2024,12,2024_12_TB_NYG,TB,0-30,1.0
2024,13,2024_13_TB_CAR,TB,51-55,
2024,13,2024_13_TB_CAR,TB,0-30,1.0
2024,15,2024_15_TB_LAC,TB,41-50,
2024,15,2024_15_TB_LAC,TB,31-40,
2024,15,2024_15_TB_LAC,TB,0-30,1.0
2024,16,2024_16_TB_DAL,TB,41-50,
2024,17,2024_17_CAR_TB,TB,0-30,1.0
2024,17,2024_17_CAR_TB,TB,31-40,
2024,18,2024_18_NO_TB,TB,0-30,1.0
2024,18,2024_18_NO_TB,TB,51-55,0.75
2016,1,2016_01_MIN_TEN,TEN,0-30,
2016,2,2016_02_TEN_DET,TEN,51-55,
2016,2,2016_02_TEN_DET,TEN,41-50,
2016,3,2016_03_OAK_TEN,TEN,31-40,
2016,4,2016_04_TEN_HOU,TEN,0-30,
2016,4,2016_04_TEN_HOU,TEN,41-50,
2016,5,2016_05_TEN_MIA,TEN,31-40,
2016,6,2016_06_CLE_TEN,TEN,56+,
2016,7,2016_07_IND_TEN,TEN,41-50,
2016,8,2016_08_JAX_TEN,TEN,0-30,
2016,8,2016_08_JAX_TEN,TEN,31-40,
2016,10,2016_10_GB_TEN,TEN,51-55,
2016,10,2016_10_GB_TEN,TEN,0-30,
2016,11,2016_11_TEN_IND,TEN,41-50,
2016,12,2016_12_TEN_CHI,TEN,0-30,
2016,12,2016_12_TEN_CHI,TEN,31-40,
2016,14,2016_14_DEN_TEN,TEN,51-55,
2016,14,2016_14_DEN_TEN,TEN,41-50,
2016,15,2016_15_TEN_KC,TEN,51-55,
2016,15,2016_15_TEN_KC,TEN,31-40,
2016,16,2016_16_TEN_JAX,TEN,41-50,
2016,17,2016_17_HOU_TEN,TEN,31-40,
2017,1,2017_01_OAK_TEN,TEN,51-55,
2017,1,2017_01_OAK_TEN,TEN,0-30,
2017,2,2017_02_TEN_JAX,TEN,41-50,
2017,2,2017_02_TEN_JAX,TEN,0-30,
2017,2,2017_02_TEN_JAX,TEN,31-40,
2017,3,2017_03_SEA_TEN,TEN,0-30,
2017,3,2017_03_SEA_TEN,TEN,31-40,
2017,3,2017_03_SEA_TEN,TEN,41-50,
2017,5,2017_05_TEN_MIA,TEN,41-50,
2017,6,2017_06_IND_TEN,TEN,41-50,
2017,6,2017_06_IND_TEN,TEN,0-30,
2017,6,2017_06_IND_TEN,TEN,31-40,
2017,7,2017_07_TEN_CLE,TEN,51-55,
2017,7,2017_07_TEN_CLE,TEN,0-30,
2017,7,2017_07_TEN_CLE,TEN,41-50,
2017,9,2017_09_BAL_TEN,TEN,41-50,
2017,10,2017_10_CIN_TEN,TEN,41-50,1.0
2017,11,2017_11_TEN_PIT,TEN,41-50,0.9166666666666666
2017,12,2017_12_TEN_IND,TEN,0-30,
2017,12,2017_12_TEN_IND,TEN,41-50,0.8333333333333334
2017,13,2017_13_HOU_TEN,TEN,31-40,
2017,13,2017_13_HOU_TEN,TEN,41-50,0.8333333333333334
2017,14,2017_14_TEN_ARI,TEN,56+,
2017,15,2017_15_TEN_SF,TEN,41-50,0.8333333333333334
2017,15,2017_15_TEN_SF,TEN,31-40,
2017,16,2017_16_LA_TEN,TEN,41-50,0.8333333333333334
2017,16,2017_16_LA_TEN,TEN,0-30,1.0
2017,16,2017_16_LA_TEN,TEN,31-40,
2017,17,2017_17_JAX_TEN,TEN,31-40,0.8333333333333334
2017,17,2017_17_JAX_TEN,TEN,0-30,1.0
2018,1,2018_01_TEN_MIA,TEN,51-55,
2018,1,2018_01_TEN_MIA,TEN,41-50,
2018,2,2018_02_HOU_TEN,TEN,41-50,
2018,2,2018_02_HOU_TEN,TEN,31-40,
2018,3,2018_03_TEN_JAX,TEN,31-40,
2018,3,2018_03_TEN_JAX,TEN,0-30,
2018,3,2018_03_TEN_JAX,TEN,41-50,
2018,4,2018_04_PHI_TEN,TEN,41-50,
2018,4,2018_04_PHI_TEN,TEN,31-40,
2018,5,2018_05_TEN_BUF,TEN,41-50,
2018,5,2018_05_TEN_BUF,TEN,0-30,
2018,5,2018_05_TEN_BUF,TEN,31-40,
2018,5,2018_05_TEN_BUF,TEN,51-55,
2018,7,2018_07_TEN_LAC,TEN,31-40,
2018,7,2018_07_TEN_LAC,TEN,51-55,
2018,7,2018_07_TEN_LAC,TEN,0-30,
2018,9,2018_09_TEN_DAL,TEN,0-30,
2018,10,2018_10_NE_TEN,TEN,31-40,
2018,11,2018_11_TEN_IND,TEN,41-50,
2018,12,2018_12_TEN_HOU,TEN,31-40,1.0
2018,13,2018_13_NYJ_TEN,TEN,31-40,1.0
2018,13,2018_13_NYJ_TEN,TEN,0-30,
2018,14,2018_14_JAX_TEN,TEN,31-40,1.0
2018,15,2018_15_TEN_NYG,TEN,41-50,0.8333333333333334
2018,15,2018_15_TEN_NYG,TEN,0-30,
2018,16,2018_16_WAS_TEN,TEN,41-50,0.6666666666666666
2018,16,2018_16_WAS_TEN,TEN,31-40,1.0
2018,17,2018_17_IND_TEN,TEN,31-40,1.0
2019,1,2019_01_TEN_CLE,TEN,51-55,
2019,1,2019_01_TEN_CLE,TEN,31-40,
2019,2,2019_02_IND_TEN,TEN,41-50,
2019,4,2019_04_TEN_ATL,TEN,41-50,
2019,5,2019_05_BUF_TEN,TEN,31-40,
2019,5,2019_05_BUF_TEN,TEN,41-50,
2019,5,2019_05_BUF_TEN,TEN,51-55,
2019,7,2019_07_LAC_TEN,TEN,41-50,
2019,8,2019_08_TB_TEN,TEN,41-50,
2019,8,2019_08_TB_TEN,TEN,51-55,
2019,9,2019_09_TEN_CAR,TEN,41-50,
2019,9,2019_09_TEN_CAR,TEN,56+,
2019,13,2019_13_TEN_IND,TEN,31-40,
2019,14,2019_14_TEN_OAK,TEN,41-50,0.5833333333333334
2019,15,2019_15_HOU_TEN,TEN,41-50,0.5
2020,1,2020_01_TEN_DEN,TEN,0-30,
2020,1,2020_01_TEN_DEN,TEN,41-50,
2020,2,2020_02_JAX_TEN,TEN,51-55,
2020,2,2020_02_JAX_TEN,TEN,41-50,
2020,3,2020_03_TEN_MIN,TEN,51-55,
2020,3,2020_03_TEN_MIN,TEN,31-40,
2020,3,2020_03_TEN_MIN,TEN,0-30,
2020,6,2020_06_HOU_TEN,TEN,0-30,
2020,6,2020_06_HOU_TEN,TEN,31-40,
2020,7,2020_07_PIT_TEN,TEN,51-55,
2020,7,2020_07_PIT_TEN,TEN,41-50,
2020,8,2020_08_TEN_CIN,TEN,51-55,
2020,9,2020_09_CHI_TEN,TEN,31-40,
2020,10,2020_10_IND_TEN,TEN,41-50,
2020,11,2020_11_TEN_BAL,TEN,0-30,
2020,11,2020_11_TEN_BAL,TEN,31-40,
2020,12,2020_12_TEN_IND,TEN,41-50,
2020,14,2020_14_TEN_JAX,TEN,51-55,
2020,15,2020_15_DET_TEN,TEN,31-40,
2020,17,2020_17_TEN_HOU,TEN,41-50,
2020,17,2020_17_TEN_HOU,TEN,31-40,
2021,1,2021_01_ARI_TEN,TEN,41-50,
2021,2,2021_02_TEN_SEA,TEN,41-50,
2021,2,2021_02_TEN_SEA,TEN,0-30,
2021,2,2021_02_TEN_SEA,TEN,31-40,
2021,3,2021_03_IND_TEN,TEN,31-40,
2021,4,2021_04_TEN_NYJ,TEN,41-50,
2021,4,2021_04_TEN_NYJ,TEN,31-40,
2021,5,2021_05_TEN_JAX,TEN,31-40,
2021,6,2021_06_BUF_TEN,TEN,31-40,
2021,6,2021_06_BUF_TEN,TEN,41-50,
2021,7,2021_07_KC_TEN,TEN,31-40,
2021,7,2021_07_KC_TEN,TEN,51-55,
2021,8,2021_08_TEN_IND,TEN,41-50,
2021,10,2021_10_NO_TEN,TEN,0-30,
2021,10,2021_10_NO_TEN,TEN,31-40,1.0
2021,12,2021_12_TEN_NE,TEN,41-50,
2021,14,2021_14_JAX_TEN,TEN,41-50,0.4444444444444444
2021,14,2021_14_JAX_TEN,TEN,0-30,
2021,15,2021_15_TEN_PIT,TEN,0-30,
2021,15,2021_15_TEN_PIT,TEN,31-40,1.0
2021,16,2021_16_SF_TEN,TEN,41-50,0.5277777777777778
2021,16,2021_16_SF_TEN,TEN,31-40,1.0
2021,17,2021_17_MIA_TEN,TEN,41-50,0.6944444444444443
2021,17,2021_17_MIA_TEN,TEN,0-30,
2021,18,2021_18_TEN_HOU,TEN,41-50,0.75
2022,1,2022_01_NYG_TEN,TEN,41-50,
2022,1,2022_01_NYG_TEN,TEN,0-30,
2022,3,2022_03_LV_TEN,TEN,41-50,
2022,4,2022_04_TEN_IND,TEN,41-50,
2022,7,2022_07_IND_TEN,TEN,31-40,
2022,7,2022_07_IND_TEN,TEN,41-50,
2022,7,2022_07_IND_TEN,TEN,0-30,
2022,8,2022_08_TEN_HOU,TEN,41-50,
2022,8,2022_08_TEN_HOU,TEN,0-30,
2022,9,2022_09_TEN_KC,TEN,41-50,
2022,10,2022_10_DEN_TEN,TEN,31-40,
2022,12,2022_12_CIN_TEN,TEN,0-30,
2022,12,2022_12_CIN_TEN,TEN,31-40,
2022,13,2022_13_TEN_PHI,TEN,31-40,
2022,15,2022_15_TEN_LAC,TEN,51-55,
2022,17,2022_17_DAL_TEN,TEN,31-40,
2022,17,2022_17_DAL_TEN,TEN,0-30,
2022,18,2022_18_TEN_JAX,TEN,51-55,
2022,18,2022_18_TEN_JAX,TEN,31-40,
2022,18,2022_18_TEN_JAX,TEN,41-50,0.75
2023,1,2023_01_TEN_NO,TEN,41-50,
2023,1,2023_01_TEN_NO,TEN,0-30,
2023,1,2023_01_TEN_NO,TEN,31-40,
2023,2,2023_02_LAC_TEN,TEN,31-40,
2023,2,2023_02_LAC_TEN,TEN,41-50,
2023,3,2023_03_TEN_CLE,TEN,41-50,
2023,4,2023_04_CIN_TEN,TEN,51-55,
2023,4,2023_04_CIN_TEN,TEN,31-40,
2023,5,2023_05_TEN_IND,TEN,51-55,
2023,5,2023_05_TEN_IND,TEN,0-30,
2023,5,2023_05_TEN_IND,TEN,31-40,
2023,6,2023_06_BAL_TEN,TEN,0-30,
2023,6,2023_06_BAL_TEN,TEN,31-40,
2023,9,2023_09_TEN_PIT,TEN,31-40,
2023,9,2023_09_TEN_PIT,TEN,41-50,
2023,10,2023_10_TEN_TB,TEN,31-40,1.0
2023,10,2023_10_TEN_TB,TEN,51-55,
2023,10,2023_10_TEN_TB,TEN,0-30,
2023,12,2023_12_CAR_TEN,TEN,51-55,
2023,13,2023_13_IND_TEN,TEN,0-30,
2023,13,2023_13_IND_TEN,TEN,41-50,
2023,14,2023_14_TEN_MIA,TEN,0-30,
2023,15,2023_15_HOU_TEN,TEN,41-50,
2023,16,2023_16_SEA_TEN,TEN,31-40,1.0
2023,17,2023_17_TEN_HOU,TEN,51-55,
2024,1,2024_01_TEN_CHI,TEN,31-40,
2024,2,2024_02_NYJ_TEN,TEN,41-50,
2024,4,2024_04_TEN_MIA,TEN,0-30,
2024,4,2024_04_TEN_MIA,TEN,41-50,
2024,4,2024_04_TEN_MIA,TEN,51-55,
2024,6,2024_06_IND_TEN,TEN,41-50,
2024,7,2024_07_TEN_BUF,TEN,0-30,
2024,9,2024_09_NE_TEN,TEN,0-30,
2024,10,2024_10_TEN_LAC,TEN,0-30,
2024,10,2024_10_TEN_LAC,TEN,41-50,
2024,11,2024_11_MIN_TEN,TEN,41-50,
2024,11,2024_11_MIN_TEN,TEN,0-30,
2024,12,2024_12_TEN_HOU,TEN,56+,
2024,12,2024_12_TEN_HOU,TEN,51-55,
2024,13,2024_13_TEN_WAS,TEN,41-50,
2024,14,2024_14_JAX_TEN,TEN,41-50,0.8333333333333334
2024,14,2024_14_JAX_TEN,TEN,31-40,
2024,16,2024_16_TEN_IND,TEN,51-55,
2024,17,2024_17_TEN_JAX,TEN,31-40,
2024,17,2024_17_TEN_JAX,TEN,0-30,
2024,18,2024_18_HOU_TEN,TEN,31-40,
2016,1,2016_01_PIT_WAS,WAS,31-40,
2016,2,2016_02_DAL_WAS,WAS,0-30,
2016,2,2016_02_DAL_WAS,WAS,31-40,
2016,3,2016_03_WAS_NYG,WAS,0-30,
2016,3,2016_03_WAS_NYG,WAS,31-40,
2016,3,2016_03_WAS_NYG,WAS,41-50,
2016,4,2016_04_CLE_WAS,WAS,41-50,
2016,5,2016_05_WAS_BAL,WAS,0-30,
2016,5,2016_05_WAS_BAL,WAS,56+,
2016,6,2016_06_PHI_WAS,WAS,31-40,
2016,6,2016_06_PHI_WAS,WAS,41-50,
2016,7,2016_07_WAS_DET,WAS,41-50,
2016,7,2016_07_WAS_DET,WAS,31-40,
2016,8,2016_08_WAS_CIN,WAS,31-40,
2016,8,2016_08_WAS_CIN,WAS,0-30,
2016,8,2016_08_WAS_CIN,WAS,51-55,
2016,10,2016_10_MIN_WAS,WAS,41-50,
2016,10,2016_10_MIN_WAS,WAS,31-40,0.9166666666666666
2016,10,2016_10_MIN_WAS,WAS,0-30,
2016,11,2016_11_GB_WAS,WAS,31-40,0.9166666666666666
2016,12,2016_12_WAS_DAL,WAS,41-50,
2016,12,2016_12_WAS_DAL,WAS,51-55,
2016,12,2016_12_WAS_DAL,WAS,0-30,
2016,13,2016_13_WAS_ARI,WAS,0-30,1.0
2016,13,2016_13_WAS_ARI,WAS,41-50,0.6666666666666666
2016,13,2016_13_WAS_ARI,WAS,51-55,
2016,14,2016_14_WAS_PHI,WAS,31-40,0.9166666666666666
2016,15,2016_15_CAR_WAS,WAS,31-40,0.75
2016,15,2016_15_CAR_WAS,WAS,41-50,0.6666666666666666
2016,15,2016_15_CAR_WAS,WAS,0-30,1.0
2016,16,2016_16_WAS_CHI,WAS,0-30,1.0
2016,17,2016_17_NYG_WAS,WAS,56+,
2016,17,2016_17_NYG_WAS,WAS,31-40,0.75
2017,1,2017_01_PHI_WAS,WAS,31-40,
2017,2,2017_02_WAS_LA,WAS,51-55,
2017,2,2017_02_WAS_LA,WAS,41-50,
2017,2,2017_02_WAS_LA,WAS,0-30,
2017,3,2017_03_OAK_WAS,WAS,51-55,
2017,3,2017_03_OAK_WAS,WAS,0-30,
2017,4,2017_04_WAS_KC,WAS,31-40,
2017,4,2017_04_WAS_KC,WAS,0-30,
2017,6,2017_06_SF_WAS,WAS,41-50,
2017,6,2017_06_SF_WAS,WAS,0-30,
2017,7,2017_07_WAS_PHI,WAS,0-30,
2017,8,2017_08_DAL_WAS,WAS,41-50,
2017,8,2017_08_DAL_WAS,WAS,31-40,
2017,9,2017_09_WAS_SEA,WAS,0-30,
2017,10,2017_10_MIN_WAS,WAS,51-55,
2017,10,2017_10_MIN_WAS,WAS,0-30,1.0
2017,11,2017_11_WAS_NO,WAS,31-40,
2017,12,2017_12_NYG_WAS,WAS,0-30,1.0
2017,12,2017_12_NYG_WAS,WAS,31-40,
2017,15,2017_15_ARI_WAS,WAS,0-30,1.0
2017,15,2017_15_ARI_WAS,WAS,31-40,
2017,16,2017_16_DEN_WAS,WAS,0-30,1.0
2017,17,2017_17_WAS_NYG,WAS,41-50,
2018,1,2018_01_WAS_ARI,WAS,31-40,
2018,2,2018_02_IND_WAS,WAS,41-50,
2018,2,2018_02_IND_WAS,WAS,0-30,
2018,3,2018_03_GB_WAS,WAS,31-40,
2018,5,2018_05_WAS_NO,WAS,51-55,
2018,5,2018_05_WAS_NO,WAS,31-40,
2018,6,2018_06_CAR_WAS,WAS,56+,
2018,6,2018_06_CAR_WAS,WAS,41-50,
2018,6,2018_06_CAR_WAS,WAS,0-30,
2018,7,2018_07_DAL_WAS,WAS,0-30,
2018,8,2018_08_WAS_NYG,WAS,41-50,
2018,8,2018_08_WAS_NYG,WAS,51-55,
2018,8,2018_08_WAS_NYG,WAS,31-40,
2018,10,2018_10_WAS_TB,WAS,41-50,
2018,10,2018_10_WAS_TB,WAS,0-30,
2018,11,2018_11_HOU_WAS,WAS,56+,
2018,12,2018_12_WAS_DAL,WAS,31-40,
2018,13,2018_13_WAS_PHI,WAS,41-50,
2018,15,2018_15_WAS_JAX,WAS,31-40,
2018,15,2018_15_WAS_JAX,WAS,41-50,
2018,16,2018_16_WAS_TEN,WAS,31-40,1.0
2018,16,2018_16_WAS_TEN,WAS,41-50,0.7777777777777777
2019,1,2019_01_WAS_PHI,WAS,41-50,
2019,3,2019_03_CHI_WAS,WAS,41-50,
2019,3,2019_03_CHI_WAS,WAS,31-40,
2019,4,2019_04_WAS_NYG,WAS,0-30,
2019,6,2019_06_WAS_MIA,WAS,0-30,
2019,6,2019_06_WAS_MIA,WAS,51-55,
2019,7,2019_07_SF_WAS,WAS,31-40,
2019,8,2019_08_WAS_MIN,WAS,41-50,
2019,8,2019_08_WAS_MIN,WAS,0-30,
2019,9,2019_09_WAS_BUF,WAS,0-30,
2019,9,2019_09_WAS_BUF,WAS,31-40,
2019,11,2019_11_NYJ_WAS,WAS,41-50,
2019,11,2019_11_NYJ_WAS,WAS,0-30,
2019,12,2019_12_DET_WAS,WAS,0-30,
2019,12,2019_12_DET_WAS,WAS,31-40,
2019,12,2019_12_DET_WAS,WAS,41-50,
2019,13,2019_13_WAS_CAR,WAS,41-50,
2019,13,2019_13_WAS_CAR,WAS,31-40,
2019,13,2019_13_WAS_CAR,WAS,0-30,0.8333333333333334
2019,14,2019_14_WAS_GB,WAS,51-55,
2019,15,2019_15_PHI_WAS,WAS,41-50,0.75
2019,15,2019_15_PHI_WAS,WAS,51-55,
2019,17,2019_17_WAS_DAL,WAS,31-40,
2019,17,2019_17_WAS_DAL,WAS,41-50,0.75
2019,17,2019_17_WAS_DAL,WAS,0-30,0.8333333333333334
2020,1,2020_01_PHI_WAS,WAS,31-40,
2020,1,2020_01_PHI_WAS,WAS,41-50,
2020,2,2020_02_WAS_ARI,WAS,0-30,
2020,4,2020_04_BAL_WAS,WAS,51-55,
2020,4,2020_04_BAL_WAS,WAS,41-50,
2020,5,2020_05_LA_WAS,WAS,41-50,
2020,6,2020_06_WAS_NYG,WAS,0-30,
2020,6,2020_06_WAS_NYG,WAS,41-50,
2020,6,2020_06_WAS_NYG,WAS,31-40,
2020,7,2020_07_DAL_WAS,WAS,41-50,
2020,7,2020_07_DAL_WAS,WAS,0-30,
2020,9,2020_09_NYG_WAS,WAS,41-50,
2020,10,2020_10_WAS_DET,WAS,31-40,
2020,10,2020_10_WAS_DET,WAS,41-50,0.5
2020,11,2020_11_CIN_WAS,WAS,41-50,0.5833333333333334
2020,11,2020_11_CIN_WAS,WAS,31-40,
2020,12,2020_12_WAS_DAL,WAS,31-40,
2020,12,2020_12_WAS_DAL,WAS,0-30,
2020,13,2020_13_WAS_PIT,WAS,41-50,0.5833333333333334
2020,14,2020_14_WAS_SF,WAS,31-40,
2020,14,2020_14_WAS_SF,WAS,0-30,
2020,14,2020_14_WAS_SF,WAS,51-55,
2020,15,2020_15_SEA_WAS,WAS,41-50,0.5833333333333334
2020,16,2020_16_CAR_WAS,WAS,41-50,0.75
2020,16,2020_16_CAR_WAS,WAS,0-30,
2020,17,2020_17_WAS_PHI,WAS,41-50,0.9166666666666666
2021,1,2021_01_LAC_WAS,WAS,0-30,
2021,1,2021_01_LAC_WAS,WAS,41-50,
2021,1,2021_01_LAC_WAS,WAS,51-55,
2021,2,2021_02_NYG_WAS,WAS,41-50,
2021,2,2021_02_NYG_WAS,WAS,31-40,
2021,4,2021_04_WAS_ATL,WAS,0-30,
2021,5,2021_05_NO_WAS,WAS,41-50,
2021,5,2021_05_NO_WAS,WAS,0-30,
2021,6,2021_06_KC_WAS,WAS,41-50,
2021,7,2021_07_WAS_GB,WAS,41-50,
2021,8,2021_08_WAS_DEN,WAS,41-50,
2021,8,2021_08_WAS_DEN,WAS,51-55,
2021,10,2021_10_TB_WAS,WAS,41-50,0.6944444444444445
2021,10,2021_10_TB_WAS,WAS,0-30,
2021,11,2021_11_WAS_CAR,WAS,0-30,
2021,11,2021_11_WAS_CAR,WAS,31-40,
2021,12,2021_12_SEA_WAS,WAS,0-30,
2021,13,2021_13_WAS_LV,WAS,41-50,0.6944444444444445
2021,15,2021_15_WAS_PHI,WAS,0-30,1.0
2021,17,2021_17_PHI_WAS,WAS,31-40,
2021,17,2021_17_PHI_WAS,WAS,51-55,
2021,18,2021_18_WAS_NYG,WAS,0-30,1.0
2021,18,2021_18_WAS_NYG,WAS,41-50,0.6944444444444445
2022,4,2022_04_WAS_DAL,WAS,41-50,
2022,5,2022_05_TEN_WAS,WAS,41-50,
2022,6,2022_06_WAS_CHI,WAS,41-50,
2022,6,2022_06_WAS_CHI,WAS,31-40,
2022,6,2022_06_WAS_CHI,WAS,0-30,
2022,7,2022_07_GB_WAS,WAS,31-40,
2022,7,2022_07_GB_WAS,WAS,0-30,
2022,7,2022_07_GB_WAS,WAS,41-50,
2022,8,2022_08_WAS_IND,WAS,0-30,
2022,9,2022_09_MIN_WAS,WAS,41-50,
2022,10,2022_10_WAS_PHI,WAS,31-40,
2022,10,2022_10_WAS_PHI,WAS,41-50,
2022,10,2022_10_WAS_PHI,WAS,56+,
2022,10,2022_10_WAS_PHI,WAS,51-55,
2022,11,2022_11_WAS_HOU,WAS,41-50,0.6666666666666666
2022,11,2022_11_WAS_HOU,WAS,0-30,
2022,12,2022_12_ATL_WAS,WAS,41-50,0.6666666666666666
2022,12,2022_12_ATL_WAS,WAS,0-30,
2022,13,2022_13_WAS_NYG,WAS,0-30,
2022,13,2022_13_WAS_NYG,WAS,51-55,
2022,13,2022_13_WAS_NYG,WAS,41-50,0.6666666666666666
2022,15,2022_15_NYG_WAS,WAS,41-50,0.8333333333333334
2022,15,2022_15_NYG_WAS,WAS,51-55,
2022,17,2022_17_CLE_WAS,WAS,41-50,1.0
2022,18,2022_18_DAL_WAS,WAS,51-55,
2022,18,2022_18_DAL_WAS,WAS,31-40,
2022,18,2022_18_DAL_WAS,WAS,0-30,1.0
2023,1,2023_01_ARI_WAS,WAS,0-30,
2023,1,2023_01_ARI_WAS,WAS,31-40,
2023,2,2023_02_WAS_DEN,WAS,41-50,
2023,2,2023_02_WAS_DEN,WAS,56+,
2023,3,2023_03_BUF_WAS,WAS,51-55,
2023,4,2023_04_WAS_PHI,WAS,0-30,
2023,5,2023_05_CHI_WAS,WAS,51-55,
2023,5,2023_05_CHI_WAS,WAS,31-40,
2023,5,2023_05_CHI_WAS,WAS,41-50,
2023,6,2023_06_WAS_ATL,WAS,31-40,
2023,7,2023_07_WAS_NYG,WAS,0-30,
2023,8,2023_08_PHI_WAS,WAS,56+,
2023,9,2023_09_WAS_NE,WAS,0-30,
2023,9,2023_09_WAS_NE,WAS,31-40,
2023,10,2023_10_WAS_SEA,WAS,41-50,
2023,11,2023_11_NYG_WAS,WAS,41-50,
2023,11,2023_11_NYG_WAS,WAS,0-30,
2023,12,2023_12_WAS_DAL,WAS,41-50,
2023,13,2023_13_MIA_WAS,WAS,51-55,
2023,17,2023_17_SF_WAS,WAS,41-50,
2023,18,2023_18_DAL_WAS,WAS,31-40,
2024,1,2024_01_WAS_TB,WAS,56+,
2024,1,2024_01_WAS_TB,WAS,41-50,
2024,2,2024_02_NYG_WAS,WAS,0-30,
2024,2,2024_02_NYG_WAS,WAS,41-50,
2024,2,2024_02_NYG_WAS,WAS,31-40,
2024,3,2024_03_WAS_CIN,WAS,41-50,
2024,4,2024_04_WAS_ARI,WAS,41-50,
2024,4,2024_04_WAS_ARI,WAS,31-40,
2024,5,2024_05_CLE_WAS,WAS,0-30,
2024,6,2024_06_WAS_BAL,WAS,51-55,
2024,6,2024_06_WAS_BAL,WAS,41-50,
2024,7,2024_07_CAR_WAS,WAS,31-40,
2024,7,2024_07_CAR_WAS,WAS,0-30,
2024,7,2024_07_CAR_WAS,WAS,41-50,
2024,8,2024_08_CHI_WAS,WAS,41-50,0.8333333333333334
2024,8,2024_08_CHI_WAS,WAS,51-55,
2024,8,2024_08_CHI_WAS,WAS,0-30,
2024,9,2024_09_WAS_NYG,WAS,31-40,
2024,9,2024_09_WAS_NYG,WAS,0-30,
2024,10,2024_10_PIT_WAS,WAS,41-50,1.0
2024,11,2024_11_WAS_PHI,WAS,41-50,1.0
2024,12,2024_12_DAL_WAS,WAS,51-55,
2024,12,2024_12_DAL_WAS,WAS,41-50,1.0
2024,13,2024_13_TEN_WAS,WAS,51-55,
2024,13,2024_13_TEN_WAS,WAS,41-50,1.0
2024,15,2024_15_WAS_NO,WAS,0-30,
2024,15,2024_15_WAS_NO,WAS,51-55,
2024,15,2024_15_WAS_NO,WAS,41-50,0.8333333333333334
2024,17,2024_17_ATL_WAS,WAS,31-40,
2024,18,2024_18_WAS_DAL,WAS,41-50,0.8333333333333334
