season,week,game_id,team,punt_distance_roll6,inside_twenty_rate_roll6,return_yards_allowed_roll6
2016,1,2016_01_NE_ARI,ARI,,,
2016,2,2016_02_TB_ARI,ARI,,,
2016,3,2016_03_ARI_BUF,ARI,,,
2016,4,2016_04_LA_ARI,ARI,,,
2016,5,2016_05_ARI_SF,ARI,,,
2016,6,2016_06_NYJ_ARI,ARI,,,
2016,7,2016_07_SEA_ARI,ARI,40.421295,0.3972222222222222,4.836111
2016,8,2016_08_ARI_CAR,ARI,39.873676,0.40198412698412694,4.236111
2016,10,2016_10_SF_ARI,ARI,39.31812,0.3464285714285715,3.0416667
2016,11,2016_11_ARI_MIN,ARI,40.804234,0.31865079365079363,3.125
2016,12,2016_12_ARI_ATL,ARI,41.229233,0.3436507936507936,2.3333333
2016,13,2016_13_WAS_ARI,ARI,41.071827,0.27420634920634923,2.5833333
2016,14,2016_14_ARI_MIA,ARI,41.01627,0.20753968253968255,3.5277777
2016,15,2016_15_NO_ARI,ARI,43.430557,0.16944444444444443,5.261111
2016,16,2016_16_ARI_SEA,ARI,41.90278,0.225,5.261111
2016,17,2016_17_ARI_LA,ARI,41.927776,0.25833333333333336,4.3277774
2017,1,2017_01_ARI_DET,ARI,,,
2017,2,2017_02_ARI_IND,ARI,,,
2017,3,2017_03_DAL_ARI,ARI,,,
2017,4,2017_04_SF_ARI,ARI,,,
2017,5,2017_05_ARI_PHI,ARI,,,
2017,6,2017_06_TB_ARI,ARI,,,
2017,7,2017_07_ARI_LA,ARI,47.07857,0.2515873015873016,8.552381
2017,9,2017_09_ARI_SF,ARI,46.717457,0.2515873015873016,7.385714
2017,10,2017_10_SEA_ARI,ARI,46.484127,0.30158730158730157,6.8968253
2017,11,2017_11_ARI_HOU,ARI,46.623016,0.3126984126984127,6.302381
2017,12,2017_12_JAX_ARI,ARI,46.234127,0.4238095238095238,5.413492
2017,13,2017_13_LA_ARI,ARI,45.583332,0.5111111111111111,3.1833334
2017,14,2017_14_TEN_ARI,ARI,46.3,0.4611111111111111,4.35
2017,15,2017_15_ARI_WAS,ARI,46.494446,0.5166666666666666,3.9055555
2017,16,2017_16_NYG_ARI,ARI,47.36111,0.5,4.227778
2017,17,2017_17_ARI_SEA,ARI,47.527775,0.48095238095238096,4.0801587
2018,1,2018_01_WAS_ARI,ARI,,,
2018,2,2018_02_ARI_LA,ARI,,,
2018,3,2018_03_CHI_ARI,ARI,,,
2018,4,2018_04_SEA_ARI,ARI,,,
2018,5,2018_05_ARI_SF,ARI,,,
2018,6,2018_06_ARI_MIN,ARI,,,
2018,7,2018_07_DEN_ARI,ARI,48.658337,0.3277777777777778,6.2555556
2018,8,2018_08_SF_ARI,ARI,48.33611,0.25555555555555554,6.4944444
2018,10,2018_10_ARI_KC,ARI,47.57361,0.26805555555555555,4.790278
2018,11,2018_11_OAK_ARI,ARI,47.348614,0.25972222222222224,3.7902777
2018,12,2018_12_ARI_LAC,ARI,47.62361,0.26805555555555555,3.1361113
2018,13,2018_13_ARI_GB,ARI,49.219448,0.1638888888888889,4.006944
2018,14,2018_14_DET_ARI,ARI,48.691666,0.21944444444444444,3.9791667
2018,15,2018_15_ARI_ATL,ARI,48.552776,0.27499999999999997,3.5625
2018,16,2018_16_LA_ARI,ARI,48.919445,0.2892857142857143,2.7339287
2018,17,2018_17_ARI_SEA,ARI,48.88611,0.3892857142857143,3.6005952
2019,1,2019_01_DET_ARI,ARI,,,
2019,2,2019_02_ARI_BAL,ARI,,,
2019,3,2019_03_CAR_ARI,ARI,,,
2019,4,2019_04_SEA_ARI,ARI,,,
2019,5,2019_05_ARI_CIN,ARI,,,
2019,6,2019_06_ATL_ARI,ARI,,,
2019,7,2019_07_ARI_NYG,ARI,48.716663,0.38472222222222224,2.736111
2019,8,2019_08_ARI_NO,ARI,46.433334,0.35555555555555557,3.3444443
2019,9,2019_09_SF_ARI,ARI,45.466663,0.35555555555555557,2.411111
2019,10,2019_10_ARI_TB,ARI,46.833332,0.2888888888888889,3.2444446
2019,11,2019_11_ARI_SF,ARI,47.777775,0.2888888888888889,3.911111
2019,13,2019_13_LA_ARI,ARI,47.86111,0.275,3.7444446
2019,14,2019_14_PIT_ARI,ARI,46.59921,0.25912698412698415,2.942857
2019,15,2019_15_CLE_ARI,ARI,50.076984,0.2257936507936508,7.1539683
2019,16,2019_16_ARI_SEA,ARI,48.726986,0.27579365079365076,7.3373013
2019,17,2019_17_ARI_LA,ARI,47.43254,0.33134920634920634,7.142857
2020,1,2020_01_ARI_SF,ARI,,,
2020,2,2020_02_WAS_ARI,ARI,,,
2020,3,2020_03_DET_ARI,ARI,,,
2020,4,2020_04_ARI_CAR,ARI,,,
2020,5,2020_05_ARI_NYJ,ARI,,,
2020,6,2020_06_ARI_DAL,ARI,,,
2020,7,2020_07_SEA_ARI,ARI,43.983334,0.35833333333333334,4.116667
2020,9,2020_09_MIA_ARI,ARI,43.941666,0.31666666666666665,2.9083335
2020,10,2020_10_BUF_ARI,ARI,42.733334,0.27499999999999997,3.8666668
2020,11,2020_11_ARI_SEA,ARI,42.399998,0.19166666666666665,2.838889
2020,12,2020_12_ARI_NE,ARI,43.083332,0.20833333333333334,3.0972223
2020,13,2020_13_LA_ARI,ARI,43.125,0.2222222222222222,6.4444447
2020,14,2020_14_ARI_NYG,ARI,44.766666,0.20555555555555557,7.0027776
2020,15,2020_15_PHI_ARI,ARI,43.475002,0.33055555555555555,7.0027776
2020,16,2020_16_SF_ARI,ARI,44.419445,0.3861111111111111,5.336111
2020,17,2020_17_ARI_LA,ARI,44.502777,0.4694444444444445,4.947222
2021,1,2021_01_ARI_TEN,ARI,,,
2021,2,2021_02_MIN_ARI,ARI,,,
2021,3,2021_03_ARI_JAX,ARI,,,
2021,4,2021_04_ARI_LA,ARI,,,
2021,5,2021_05_SF_ARI,ARI,,,
2021,6,2021_06_ARI_CLE,ARI,,,
2021,7,2021_07_HOU_ARI,ARI,49.933334,0.23611111111111108,4.2083335
2021,8,2021_08_GB_ARI,ARI,50.225002,0.125,6.3333335
2021,9,2021_09_ARI_SF,ARI,50.238888,0.09722222222222221,6.125
2021,10,2021_10_CAR_ARI,ARI,50.430557,0.13888888888888887,7.2083335
2021,11,2021_11_ARI_SEA,ARI,51.180557,0.2222222222222222,7.7916665
2021,13,2021_13_ARI_CHI,ARI,49.51389,0.18055555555555555,7.9166665
2021,14,2021_14_LA_ARI,ARI,49.347225,0.2638888888888889,6.1666665
2021,15,2021_15_ARI_DET,ARI,49.722225,0.2638888888888889,4.0416665
2021,16,2021_16_IND_ARI,ARI,47.833332,0.2638888888888889,4.7083335
2021,17,2021_17_ARI_DAL,ARI,45.708332,0.2222222222222222,3.2916667
2021,18,2021_18_SEA_ARI,ARI,44.347225,0.19444444444444442,3.2083333
2022,1,2022_01_KC_ARI,ARI,,,
2022,2,2022_02_ARI_LV,ARI,,,
2022,3,2022_03_LA_ARI,ARI,,,
2022,4,2022_04_ARI_CAR,ARI,,,
2022,5,2022_05_PHI_ARI,ARI,,,
2022,6,2022_06_ARI_SEA,ARI,,,
2022,7,2022_07_NO_ARI,ARI,47.083332,0.18055555555555555,6.105555
2022,8,2022_08_ARI_MIN,ARI,45.958332,0.18055555555555555,5.8055553
2022,9,2022_09_SEA_ARI,ARI,46.125,0.23611111111111113,6.138889
2022,10,2022_10_ARI_LA,ARI,47.458332,0.2638888888888889,4.944444
2022,11,2022_11_SF_ARI,ARI,45.91389,0.2972222222222222,4.388889
2022,12,2022_12_LAC_ARI,ARI,45.28889,0.2972222222222222,4.013889
2022,14,2022_14_NE_ARI,ARI,46.872223,0.2555555555555556,5.069444
2022,15,2022_15_ARI_DEN,ARI,47.580555,0.33888888888888885,4.486111
2022,16,2022_16_TB_ARI,ARI,48.16389,0.2833333333333334,4.7916665
2022,17,2022_17_ARI_ATL,ARI,47.830555,0.3507936507936508,4.486111
2022,18,2022_18_ARI_SF,ARI,42.76389,0.40079365079365087,3.486111
2023,1,2023_01_ARI_WAS,ARI,,,
2023,2,2023_02_NYG_ARI,ARI,,,
2023,3,2023_03_DAL_ARI,ARI,,,
2023,4,2023_04_ARI_SF,ARI,,,
2023,5,2023_05_CIN_ARI,ARI,,,
2023,6,2023_06_ARI_LA,ARI,,,
2023,7,2023_07_ARI_SEA,ARI,46.847225,0.12222222222222223,6.9444447
2023,8,2023_08_BAL_ARI,ARI,47.01389,0.08888888888888889,8.177777
2023,9,2023_09_ARI_CLE,ARI,47.527775,0.08888888888888889,8.691667
2023,10,2023_10_ATL_ARI,ARI,48.212963,0.1259259259259259,9.710185
2023,11,2023_11_ARI_HOU,ARI,50.379627,0.18148148148148147,8.821296
2023,12,2023_12_LA_ARI,ARI,50.171295,0.18148148148148147,7.321296
2023,13,2023_13_ARI_PIT,ARI,50.326855,0.1259259259259259,6.387963
2023,15,2023_15_SF_ARI,ARI,50.726852,0.15925925925925924,5.187963
2023,16,2023_16_ARI_CHI,ARI,51.435184,0.24259259259259258,4.2296295
2023,18,2023_18_SEA_ARI,ARI,51.61111,0.23333333333333336,3.5166667
2024,1,2024_01_ARI_BUF,ARI,,,
2024,2,2024_02_LA_ARI,ARI,,,
2024,3,2024_03_DET_ARI,ARI,,,
2024,4,2024_04_WAS_ARI,ARI,,,
2024,5,2024_05_ARI_SF,ARI,,,
2024,6,2024_06_ARI_GB,ARI,,,
2024,7,2024_07_LAC_ARI,ARI,50.791668,0.19999999999999998,6.5416665
2024,8,2024_08_ARI_MIA,ARI,51.708332,0.3666666666666667,5.9583335
2024,9,2024_09_CHI_ARI,ARI,50.597225,0.4777777777777778,5.347222
2024,10,2024_10_NYJ_ARI,ARI,49.722225,0.5694444444444444,4.5555553
2024,12,2024_12_ARI_SEA,ARI,48.38889,0.6944444444444443,3.8888886
2024,13,2024_13_ARI_MIN,ARI,48.166668,0.7222222222222222,4.138889
2024,14,2024_14_SEA_ARI,ARI,46.375,0.8472222222222222,2.1805556
2024,15,2024_15_NE_ARI,ARI,46.458332,0.6805555555555555,2.7638886
2024,16,2024_16_ARI_CAR,ARI,45.652775,0.5694444444444444,1.875
2024,17,2024_17_ARI_LA,ARI,44.416668,0.4444444444444444,1.5555555
2024,18,2024_18_SF_ARI,ARI,44.583332,0.27777777777777773,1.8055555
2016,1,2016_01_TB_ATL,ATL,,,
2016,2,2016_02_ATL_OAK,ATL,,,
2016,3,2016_03_ATL_NO,ATL,,,
2016,4,2016_04_CAR_ATL,ATL,,,
2016,5,2016_05_ATL_DEN,ATL,,,
2016,6,2016_06_ATL_SEA,ATL,,,
2016,7,2016_07_SD_ATL,ATL,47.197224,0.5499999999999999,2.7083333
2016,8,2016_08_GB_ATL,ATL,49.180557,0.5833333333333334,2.7083333
2016,10,2016_10_ATL_PHI,ATL,50.26389,0.5277777777777778,7.7083335
2016,12,2016_12_ARI_ATL,ATL,49.51389,0.40277777777777773,7.7083335
2016,13,2016_13_KC_ATL,ATL,50.402775,0.34722222222222215,7.8194447
2016,14,2016_14_ATL_LA,ATL,47.791668,0.4583333333333333,6.7083335
2016,15,2016_15_SF_ATL,ATL,49.5625,0.4166666666666667,7.375
2016,16,2016_16_ATL_CAR,ATL,46.729168,0.4166666666666667,7.375
2016,17,2016_17_NO_ATL,ATL,45.368057,0.47222222222222227,3.0416667
2017,1,2017_01_ATL_CHI,ATL,,,
2017,2,2017_02_GB_ATL,ATL,,,
2017,3,2017_03_ATL_DET,ATL,,,
2017,4,2017_04_BUF_ATL,ATL,,,
2017,6,2017_06_MIA_ATL,ATL,,,
2017,7,2017_07_ATL_NE,ATL,,,
2017,8,2017_08_ATL_NYJ,ATL,44.569443,0.375,3.6944444
2017,9,2017_09_ATL_CAR,ATL,41.81389,0.44166666666666665,1.3944445
2017,10,2017_10_DAL_ATL,ATL,43.105556,0.39999999999999997,1.4777778
2017,11,2017_11_ATL_SEA,ATL,42.605556,0.31666666666666665,1.5611111
2017,12,2017_12_TB_ATL,ATL,42.383335,0.20555555555555557,1.5611111
2017,13,2017_13_MIN_ATL,ATL,44.494446,0.20555555555555557,1.1166667
2017,14,2017_14_NO_ATL,ATL,45.702778,0.2888888888888889,1.6166667
2017,15,2017_15_ATL_TB,ATL,45.48611,0.22222222222222224,1.4166666
2017,16,2017_16_ATL_NO,ATL,44.027775,0.2222222222222222,2.5833333
2017,17,2017_17_CAR_ATL,ATL,44.744446,0.25555555555555554,3.1000001
2018,1,2018_01_ATL_PHI,ATL,,,
2018,2,2018_02_CAR_ATL,ATL,,,
2018,3,2018_03_NO_ATL,ATL,,,
2018,4,2018_04_CIN_ATL,ATL,,,
2018,5,2018_05_ATL_PIT,ATL,,,
2018,6,2018_06_TB_ATL,ATL,,,
2018,7,2018_07_NYG_ATL,ATL,40.61111,0.2638888888888889,4.4166665
2018,9,2018_09_ATL_WAS,ATL,40.055553,0.34722222222222215,5.2222223
2018,10,2018_10_ATL_CLE,ATL,41.180553,0.34722222222222215,4.8472223
2018,11,2018_11_DAL_ATL,ATL,41.73611,0.4305555555555555,4.736111
2018,12,2018_12_ATL_NO,ATL,40.069443,0.5972222222222222,2.5694444
2018,13,2018_13_BAL_ATL,ATL,43.194443,0.5138888888888888,3.152778
2018,14,2018_14_ATL_GB,ATL,44.09444,0.5722222222222222,2.661111
2018,15,2018_15_ARI_ATL,ATL,45.03889,0.5027777777777778,1.0500001
2018,16,2018_16_ATL_CAR,ATL,43.84444,0.41944444444444445,1.911111
2018,17,2018_17_ATL_TB,ATL,45.122223,0.375,2.1111112
2019,1,2019_01_ATL_MIN,ATL,,,
2019,2,2019_02_PHI_ATL,ATL,,,
2019,3,2019_03_ATL_IND,ATL,,,
2019,4,2019_04_TEN_ATL,ATL,,,
2019,5,2019_05_ATL_HOU,ATL,,,
2019,6,2019_06_ATL_ARI,ATL,,,
2019,7,2019_07_LA_ATL,ATL,41.22778,0.37222222222222223,1.4555556
2019,8,2019_08_SEA_ATL,ATL,42.644444,0.35555555555555557,2.6555555
2019,10,2019_10_ATL_NO,ATL,42.088886,0.35555555555555557,2.211111
2019,11,2019_11_ATL_CAR,ATL,42.005554,0.2722222222222222,3.7944443
2019,12,2019_12_TB_ATL,ATL,41.894444,0.3277777777777778,4.016667
2019,13,2019_13_NO_ATL,ATL,40.777775,0.3444444444444444,3.6444445
2019,14,2019_14_CAR_ATL,ATL,38.38889,0.3444444444444444,3.4777777
2019,15,2019_15_ATL_SF,ATL,38.930553,0.3611111111111111,2.986111
2019,16,2019_16_JAX_ATL,ATL,41.330555,0.42777777777777776,2.986111
2019,17,2019_17_ATL_TB,ATL,41.636112,0.45555555555555555,1.7916666
2020,1,2020_01_SEA_ATL,ATL,,,
2020,2,2020_02_ATL_DAL,ATL,,,
2020,3,2020_03_CHI_ATL,ATL,,,
2020,4,2020_04_ATL_GB,ATL,,,
2020,5,2020_05_CAR_ATL,ATL,,,
2020,6,2020_06_ATL_MIN,ATL,,,
2020,7,2020_07_DET_ATL,ATL,41.555553,0.2916666666666667,1.9861112
2020,8,2020_08_ATL_CAR,ATL,40.72222,0.2916666666666667,0.98611116
2020,9,2020_09_DEN_ATL,ATL,40.63889,0.4166666666666667,0.86111116
2020,11,2020_11_ATL_NO,ATL,40.266666,0.42777777777777776,0.9611111
2020,12,2020_12_LV_ATL,ATL,41.822224,0.42777777777777776,1.0166667
2020,13,2020_13_NO_ATL,ATL,39.600002,0.31666666666666665,1.5166668
2020,14,2020_14_ATL_LAC,ATL,41.2,0.3333333333333333,2.0833333
2020,15,2020_15_TB_ATL,ATL,40.783333,0.5,1.9166666
2020,16,2020_16_ATL_KC,ATL,42.350002,0.3666666666666667,2.9833333
2020,17,2020_17_ATL_TB,ATL,43.649998,0.3666666666666667,3.3833332
2021,1,2021_01_PHI_ATL,ATL,,,
2021,2,2021_02_ATL_TB,ATL,,,
2021,3,2021_03_ATL_NYG,ATL,,,
2021,4,2021_04_WAS_ATL,ATL,,,
2021,5,2021_05_NYJ_ATL,ATL,,,
2021,7,2021_07_ATL_MIA,ATL,,,
2021,8,2021_08_CAR_ATL,ATL,40.805553,0.3194444444444444,2.6666667
2021,9,2021_09_ATL_NO,ATL,40.97222,0.34722222222222215,2.138889
2021,10,2021_10_ATL_DAL,ATL,41.89722,0.33888888888888885,3.8055556
2021,11,2021_11_NE_ATL,ATL,41.708332,0.2888888888888889,3.4388888
2021,12,2021_12_ATL_JAX,ATL,43.716663,0.32222222222222224,3.7555554
2021,13,2021_13_TB_ATL,ATL,46.516666,0.33888888888888885,4.7222223
2021,14,2021_14_ATL_CAR,ATL,46.683334,0.3833333333333333,4.0666666
2021,15,2021_15_ATL_SF,ATL,47.933334,0.3833333333333333,4.0666666
2021,16,2021_16_DET_ATL,ATL,48.716663,0.4333333333333333,3.0666666
2021,17,2021_17_ATL_BUF,ATL,50.600002,0.48333333333333334,4.016667
2021,18,2021_18_NO_ATL,ATL,48.25833,0.49166666666666664,3.825
2022,1,2022_01_NO_ATL,ATL,,,
2022,2,2022_02_ATL_LA,ATL,,,
2022,3,2022_03_ATL_SEA,ATL,,,
2022,4,2022_04_CLE_ATL,ATL,,,
2022,5,2022_05_ATL_TB,ATL,,,
2022,6,2022_06_SF_ATL,ATL,,,
2022,7,2022_07_ATL_CIN,ATL,50.722225,0.26666666666666666,3.0
2022,8,2022_08_CAR_ATL,ATL,51.055557,0.2111111111111111,3.611111
2022,9,2022_09_LAC_ATL,ATL,52.472225,0.25277777777777777,5.6944447
2022,10,2022_10_ATL_CAR,ATL,48.805557,0.25277777777777777,6.902778
2022,11,2022_11_CHI_ATL,ATL,46.105556,0.3194444444444444,6.513889
2022,12,2022_12_ATL_WAS,ATL,45.77222,0.2916666666666667,5.402778
2022,13,2022_13_PIT_ATL,ATL,45.38333,0.2472222222222222,4.236111
2022,15,2022_15_ATL_NO,ATL,45.161114,0.38611111111111107,3.1805556
2022,16,2022_16_ATL_BAL,ATL,43.34444,0.4444444444444444,1.2972223
2022,17,2022_17_ARI_ATL,ATL,41.066666,0.4444444444444444,0.8666666
2022,18,2022_18_TB_ATL,ATL,43.488888,0.48888888888888893,1.6444445
2023,1,2023_01_CAR_ATL,ATL,,,
2023,2,2023_02_GB_ATL,ATL,,,
2023,3,2023_03_ATL_DET,ATL,,,
2023,4,2023_04_ATL_JAX,ATL,,,
2023,5,2023_05_HOU_ATL,ATL,,,
2023,6,2023_06_WAS_ATL,ATL,,,
2023,7,2023_07_ATL_TB,ATL,47.196033,0.3436507936507936,5.2833333
2023,8,2023_08_ATL_TEN,ATL,46.61667,0.2722222222222222,5.116667
2023,9,2023_09_MIN_ATL,ATL,47.588886,0.3,6.0055556
2023,10,2023_10_ATL_ARI,ATL,46.68611,0.35555555555555557,6.644445
2023,12,2023_12_NO_ATL,ATL,46.11111,0.2972222222222222,8.411111
2023,13,2023_13_ATL_NYJ,ATL,47.027775,0.4305555555555555,8.277778
2023,14,2023_14_TB_ATL,ATL,47.26852,0.39351851851851843,5.722222
2023,15,2023_15_ATL_CAR,ATL,47.324078,0.4768518518518518,6.638889
2023,16,2023_16_IND_ATL,ATL,45.451855,0.5157407407407407,5.75
2023,17,2023_17_ATL_CHI,ATL,45.60463,0.5435185185185185,4.75
2023,18,2023_18_ATL_NO,ATL,44.257404,0.5018518518518519,3.4722223
2024,1,2024_01_PIT_ATL,ATL,,,
2024,2,2024_02_ATL_PHI,ATL,,,
2024,3,2024_03_KC_ATL,ATL,,,
2024,4,2024_04_NO_ATL,ATL,,,
2024,5,2024_05_TB_ATL,ATL,,,
2024,6,2024_06_ATL_CAR,ATL,,,
2024,7,2024_07_SEA_ATL,ATL,47.0,0.27777777777777773,6.3194447
2024,8,2024_08_ATL_TB,ATL,45.63889,0.3333333333333333,5.361111
2024,9,2024_09_DAL_ATL,ATL,45.333332,0.38888888888888884,6.3333335
2024,10,2024_10_ATL_NO,ATL,44.5,0.4222222222222222,6.9
2024,11,2024_11_ATL_DEN,ATL,45.166668,0.3666666666666667,6.9555554
2024,13,2024_13_LAC_ATL,ATL,47.666668,0.23333333333333336,8.855556
2024,14,2024_14_ATL_MIN,ATL,45.833332,0.3166666666666667,6.855555
2024,15,2024_15_ATL_LV,ATL,47.277775,0.2611111111111111,5.855555
2024,16,2024_16_NYG_ATL,ATL,47.527775,0.31666666666666665,4.133333
2024,17,2024_17_ATL_WAS,ATL,46.694443,0.3666666666666667,3.3999999
2016,1,2016_01_BUF_BAL,BAL,,,
2016,2,2016_02_BAL_CLE,BAL,,,
2016,3,2016_03_BAL_JAX,BAL,,,
2016,4,2016_04_OAK_BAL,BAL,,,
2016,5,2016_05_WAS_BAL,BAL,,,
2016,6,2016_06_BAL_NYG,BAL,,,
2016,7,2016_07_BAL_NYJ,BAL,47.091465,0.30992063492063493,7.9525795
2016,9,2016_09_PIT_BAL,BAL,48.45258,0.39325396825396824,7.285913
2016,10,2016_10_CLE_BAL,BAL,47.65628,0.37473544973544975,6.656283
2016,11,2016_11_BAL_DAL,BAL,47.22295,0.4664021164021164,4.8729496
2016,12,2016_12_CIN_BAL,BAL,46.98009,0.5092592592592592,3.5300925
2016,13,2016_13_MIA_BAL,BAL,46.442593,0.600925925925926,2.0425928
2016,14,2016_14_BAL_NE,BAL,43.642593,0.612037037037037,1.6759259
2016,15,2016_15_PHI_BAL,BAL,43.19815,0.612037037037037,1.3703704
2016,16,2016_16_BAL_PIT,BAL,44.369446,0.5611111111111111,2.1944444
2016,17,2016_17_BAL_CIN,BAL,42.75833,0.6027777777777777,2.277778
2017,1,2017_01_BAL_CIN,BAL,,,
2017,2,2017_02_CLE_BAL,BAL,,,
2017,3,2017_03_BAL_JAX,BAL,,,
2017,4,2017_04_PIT_BAL,BAL,,,
2017,5,2017_05_BAL_OAK,BAL,,,
2017,6,2017_06_CHI_BAL,BAL,,,
2017,7,2017_07_BAL_MIN,BAL,45.249207,0.3825396825396825,2.3492062
2017,8,2017_08_MIA_BAL,BAL,46.33254,0.3547619047619048,4.265873
2017,9,2017_09_BAL_TEN,BAL,45.999207,0.3547619047619048,4.4325395
2017,11,2017_11_BAL_GB,BAL,46.094448,0.4142857142857143,5.301587
2017,12,2017_12_HOU_BAL,BAL,45.59921,0.46666666666666673,5.015873
2017,13,2017_13_DET_BAL,BAL,47.65476,0.5499999999999999,5.210317
2017,14,2017_14_BAL_PIT,BAL,45.45476,0.5690476190476191,4.6531744
2017,15,2017_15_BAL_CLE,BAL,44.37143,0.6523809523809524,2.236508
2017,16,2017_16_IND_BAL,BAL,44.038097,0.6523809523809524,2.436508
2017,17,2017_17_CIN_BAL,BAL,40.48254,0.5690476190476191,1.9642857
2018,1,2018_01_BUF_BAL,BAL,,,
2018,2,2018_02_BAL_CIN,BAL,,,
2018,3,2018_03_DEN_BAL,BAL,,,
2018,4,2018_04_BAL_PIT,BAL,,,
2018,5,2018_05_BAL_CLE,BAL,,,
2018,6,2018_06_BAL_TEN,BAL,,,
2018,7,2018_07_NO_BAL,BAL,46.730556,0.4583333333333333,3.6041667
2018,8,2018_08_BAL_CAR,BAL,45.774998,0.4694444444444444,3.6375
2018,9,2018_09_PIT_BAL,BAL,44.886112,0.525,3.4708335
2018,11,2018_11_CIN_BAL,BAL,46.194443,0.5,3.1458333
2018,12,2018_12_OAK_BAL,BAL,45.444443,0.5,4.9375
2018,13,2018_13_BAL_ATL,BAL,45.652775,0.4583333333333333,4.2083335
2018,14,2018_14_BAL_KC,BAL,46.25,0.4305555555555555,5.2083335
2018,15,2018_15_TB_BAL,BAL,47.416668,0.375,5.263889
2018,16,2018_16_BAL_LAC,BAL,45.972225,0.375,4.763889
2018,17,2018_17_CLE_BAL,BAL,46.430557,0.38888888888888884,5.888889
2019,1,2019_01_BAL_MIA,BAL,,,
2019,2,2019_02_ARI_BAL,BAL,,,
2019,3,2019_03_BAL_KC,BAL,,,
2019,4,2019_04_CLE_BAL,BAL,,,
2019,5,2019_05_BAL_PIT,BAL,,,
2019,6,2019_06_CIN_BAL,BAL,,,
2019,7,2019_07_BAL_SEA,BAL,47.88889,0.6388888888888888,1.2222222
2019,9,2019_09_NE_BAL,BAL,45.88889,0.5277777777777778,1.888889
2019,10,2019_10_BAL_CIN,BAL,46.88889,0.5,1.888889
2019,12,2019_12_BAL_LA,BAL,44.055557,0.38888888888888884,1.388889
2019,13,2019_13_SF_BAL,BAL,44.777775,0.38888888888888884,2.0555556
2019,14,2019_14_BAL_BUF,BAL,44.75,0.5555555555555555,1.3333334
2019,15,2019_15_NYJ_BAL,BAL,45.107143,0.5198412698412699,1.8571428
2019,16,2019_16_BAL_CLE,BAL,43.807144,0.49761904761904757,2.790476
2019,17,2019_17_PIT_BAL,BAL,44.140476,0.4976190476190476,3.7071428
2020,1,2020_01_CLE_BAL,BAL,,,
2020,2,2020_02_BAL_HOU,BAL,,,
2020,3,2020_03_KC_BAL,BAL,,,
2020,4,2020_04_BAL_WAS,BAL,,,
2020,5,2020_05_CIN_BAL,BAL,,,
2020,6,2020_06_BAL_PHI,BAL,,,
2020,8,2020_08_PIT_BAL,BAL,45.890873,0.4880952380952381,1.7539682
2020,9,2020_09_BAL_IND,BAL,45.55754,0.48809523809523814,1.9761904
2020,10,2020_10_BAL_NE,BAL,45.16865,0.43253968253968256,1.7261904
2020,11,2020_11_TEN_BAL,BAL,45.390873,0.5436507936507936,1.3373016
2020,12,2020_12_BAL_PIT,BAL,44.55754,0.4325396825396825,1.5039682
2020,13,2020_13_DAL_BAL,BAL,44.825397,0.503968253968254,1.4801588
2020,14,2020_14_BAL_CLE,BAL,42.753967,0.43253968253968256,1.0039682
2020,16,2020_16_NYG_BAL,BAL,43.309525,0.3630952380952381,0.9345238
2020,17,2020_17_BAL_CIN,BAL,41.531746,0.41865079365079366,0.8511905
2021,1,2021_01_BAL_LV,BAL,,,
2021,2,2021_02_KC_BAL,BAL,,,
2021,3,2021_03_BAL_DET,BAL,,,
2021,4,2021_04_BAL_DEN,BAL,,,
2021,5,2021_05_IND_BAL,BAL,,,
2021,6,2021_06_LAC_BAL,BAL,,,
2021,7,2021_07_CIN_BAL,BAL,46.378967,0.42658730158730157,3.8849208
2021,9,2021_09_MIN_BAL,BAL,46.253967,0.44047619047619047,4.0238094
2021,10,2021_10_BAL_MIA,BAL,45.28175,0.41269841269841273,2.9404762
2021,11,2021_11_BAL_CHI,BAL,44.358135,0.38492063492063494,2.5376985
2021,12,2021_12_CLE_BAL,BAL,43.604168,0.4166666666666667,2.125
2021,13,2021_13_BAL_PIT,BAL,42.909725,0.38888888888888884,0.7083333
2021,14,2021_14_BAL_CLE,BAL,44.20139,0.34722222222222215,2.0833333
2021,15,2021_15_GB_BAL,BAL,44.468052,0.325,2.027778
2021,16,2021_16_BAL_CIN,BAL,44.52361,0.26944444444444443,2.027778
2021,17,2021_17_LA_BAL,BAL,45.225002,0.2416666666666667,2.7083333
2021,18,2021_18_PIT_BAL,BAL,45.725002,0.2972222222222222,3.5972223
2022,1,2022_01_BAL_NYJ,BAL,,,
2022,2,2022_02_MIA_BAL,BAL,,,
2022,3,2022_03_BAL_NE,BAL,,,
2022,4,2022_04_BUF_BAL,BAL,,,
2022,5,2022_05_CIN_BAL,BAL,,,
2022,6,2022_06_BAL_NYG,BAL,,,
2022,7,2022_07_CLE_BAL,BAL,45.166668,0.3055555555555555,3.2777777
2022,8,2022_08_BAL_TB,BAL,47.13889,0.27777777777777773,3.2222223
2022,9,2022_09_BAL_NO,BAL,49.13889,0.3611111111111111,3.9305556
2022,11,2022_11_CAR_BAL,BAL,49.791668,0.38888888888888884,3.5416667
2022,12,2022_12_BAL_JAX,BAL,47.323414,0.48412698412698413,3.0813491
2022,13,2022_13_DEN_BAL,BAL,49.573414,0.31746031746031744,3.0813491
2022,14,2022_14_BAL_PIT,BAL,50.073414,0.45634920634920634,2.9424603
2022,15,2022_15_BAL_CLE,BAL,46.90675,0.4563492063492063,2.1646826
2022,16,2022_16_ATL_BAL,BAL,44.99008,0.5396825396825397,0.78968257
2022,17,2022_17_PIT_BAL,BAL,43.3373,0.5119047619047619,0.45634922
2022,18,2022_18_BAL_CIN,BAL,44.819443,0.5,0.5277778
2023,1,2023_01_HOU_BAL,BAL,,,
2023,2,2023_02_BAL_CIN,BAL,,,
2023,3,2023_03_IND_BAL,BAL,,,
2023,4,2023_04_BAL_CLE,BAL,,,
2023,5,2023_05_BAL_PIT,BAL,,,
2023,6,2023_06_BAL_TEN,BAL,,,
2023,7,2023_07_DET_BAL,BAL,47.08016,0.43015873015873013,10.142064
2023,8,2023_08_BAL_ARI,BAL,48.113495,0.3301587301587301,12.008731
2023,9,2023_09_SEA_BAL,BAL,46.43016,0.46349206349206346,5.6253967
2023,10,2023_10_CLE_BAL,BAL,48.013493,0.4158730158730159,5.9825397
2023,11,2023_11_CIN_BAL,BAL,49.005554,0.39999999999999997,5.4111114
2023,12,2023_12_BAL_LAC,BAL,51.455555,0.3416666666666666,6.144445
2023,14,2023_14_LA_BAL,BAL,50.066666,0.3416666666666666,6.811111
2023,15,2023_15_BAL_JAX,BAL,48.691666,0.425,4.5194445
2023,16,2023_16_BAL_SF,BAL,47.791668,0.40277777777777773,5.097222
2023,17,2023_17_MIA_BAL,BAL,45.597225,0.5138888888888888,4.2083335
2023,18,2023_18_PIT_BAL,BAL,42.569443,0.4583333333333333,4.2083335
2024,1,2024_01_BAL_KC,BAL,,,
2024,2,2024_02_LV_BAL,BAL,,,
2024,3,2024_03_BAL_DAL,BAL,,,
2024,4,2024_04_BUF_BAL,BAL,,,
2024,5,2024_05_BAL_CIN,BAL,,,
2024,6,2024_06_WAS_BAL,BAL,,,
2024,7,2024_07_BAL_TB,BAL,45.625,0.47222222222222227,3.3055556
2024,8,2024_08_BAL_CLE,BAL,46.625,0.3055555555555555,3.888889
2024,9,2024_09_DEN_BAL,BAL,48.125,0.34722222222222227,4.7222223
2024,10,2024_10_CIN_BAL,BAL,49.166668,0.3055555555555555,6.222222
2024,11,2024_11_BAL_PIT,BAL,49.49167,0.24722222222222223,5.8388886
2024,12,2024_12_BAL_LAC,BAL,49.2,0.23333333333333336,5.6583333
2024,13,2024_13_PHI_BAL,BAL,49.922222,0.2888888888888889,5.047222
2024,15,2024_15_BAL_NYG,BAL,50.630554,0.2888888888888889,5.672222
2024,16,2024_16_PIT_BAL,BAL,49.588886,0.4138888888888889,4.172222
2024,17,2024_17_BAL_HOU,BAL,47.255554,0.44166666666666665,2.6722221
2024,18,2024_18_CLE_BAL,BAL,46.430557,0.4583333333333333,2.8055556
2016,1,2016_01_BUF_BAL,BUF,,,
2016,2,2016_02_NYJ_BUF,BUF,,,
2016,3,2016_03_ARI_BUF,BUF,,,
2016,4,2016_04_BUF_NE,BUF,,,
2016,5,2016_05_BUF_LA,BUF,,,
2016,6,2016_06_SF_BUF,BUF,,,
2016,7,2016_07_BUF_MIA,BUF,42.844044,0.326984126984127,1.3126985
2016,8,2016_08_NE_BUF,BUF,42.915478,0.30317460317460315,1.9555556
2016,9,2016_09_BUF_SEA,BUF,43.6377,0.30317460317460315,3.0111113
2016,11,2016_11_BUF_CIN,BUF,43.148808,0.3253968253968254,3.7222223
2016,12,2016_12_JAX_BUF,BUF,42.75714,0.4253968253968254,4.322222
2016,13,2016_13_BUF_OAK,BUF,42.42381,0.3142857142857143,4.9333334
2016,14,2016_14_PIT_BUF,BUF,40.612698,0.2920634920634921,4.8333335
2016,15,2016_15_CLE_BUF,BUF,40.58889,0.2722222222222222,4.944444
2016,16,2016_16_MIA_BUF,BUF,40.81111,0.21666666666666667,5.8055553
2016,17,2016_17_BUF_NYJ,BUF,42.408333,0.2027777777777778,5.736111
2017,1,2017_01_NYJ_BUF,BUF,,,
2017,2,2017_02_BUF_CAR,BUF,,,
2017,3,2017_03_DEN_BUF,BUF,,,
2017,4,2017_04_BUF_ATL,BUF,,,
2017,5,2017_05_BUF_CIN,BUF,,,
2017,7,2017_07_TB_BUF,BUF,,,
2017,8,2017_08_OAK_BUF,BUF,46.713886,0.34642857142857136,2.6702383
2017,9,2017_09_BUF_NYJ,BUF,47.108334,0.451984126984127,2.2869048
2017,10,2017_10_NO_BUF,BUF,46.580555,0.42420634920634925,1.8146826
2017,11,2017_11_BUF_LAC,BUF,46.60278,0.3853174603174603,1.809127
2017,12,2017_12_BUF_KC,BUF,45.394444,0.3436507936507936,1.4619049
2017,13,2017_13_NE_BUF,BUF,44.751587,0.3674603174603175,1.3666667
2017,14,2017_14_IND_BUF,BUF,44.45992,0.3257936507936508,1.8249999
2017,15,2017_15_MIA_BUF,BUF,43.315475,0.248015873015873,1.513889
2017,16,2017_16_BUF_NE,BUF,42.426586,0.3202380952380952,2.2527778
2017,17,2017_17_BUF_MIA,BUF,42.871033,0.34801587301587306,2.7805557
2018,1,2018_01_BUF_BAL,BUF,,,
2018,2,2018_02_LAC_BUF,BUF,,,
2018,3,2018_03_BUF_MIN,BUF,,,
2018,4,2018_04_BUF_GB,BUF,,,
2018,5,2018_05_TEN_BUF,BUF,,,
2018,6,2018_06_BUF_HOU,BUF,,,
2018,7,2018_07_BUF_IND,BUF,44.190277,0.4486111111111111,3.927778
2018,8,2018_08_NE_BUF,BUF,43.627777,0.5111111111111111,2.802778
2018,9,2018_09_CHI_BUF,BUF,42.794445,0.5111111111111112,2.2361112
2018,10,2018_10_BUF_NYJ,BUF,41.866665,0.4055555555555555,3.836111
2018,12,2018_12_JAX_BUF,BUF,41.866665,0.3638888888888889,4.0444446
2018,13,2018_13_BUF_MIA,BUF,42.05119,0.36984126984126986,3.205159
2018,14,2018_14_NYJ_BUF,BUF,42.92619,0.3976190476190476,3.2607143
2018,15,2018_15_DET_BUF,BUF,41.884525,0.4392857142857143,3.2607143
2018,16,2018_16_BUF_NE,BUF,42.090076,0.4281746031746032,3.5940475
2018,17,2018_17_MIA_BUF,BUF,42.2123,0.3948412698412698,3.0218256
2019,1,2019_01_BUF_NYJ,BUF,,,
2019,2,2019_02_BUF_NYG,BUF,,,
2019,3,2019_03_CIN_BUF,BUF,,,
2019,4,2019_04_NE_BUF,BUF,,,
2019,5,2019_05_BUF_TEN,BUF,,,
2019,7,2019_07_MIA_BUF,BUF,,,
2019,8,2019_08_PHI_BUF,BUF,41.11587,0.42936507936507934,3.1634922
2019,9,2019_09_WAS_BUF,BUF,41.03254,0.42936507936507934,3.330159
2019,10,2019_10_BUF_CLE,BUF,39.96111,0.4611111111111111,1.5444444
2019,11,2019_11_BUF_MIA,BUF,42.48611,0.48611111111111116,1.2777778
2019,12,2019_12_DEN_BUF,BUF,44.752777,0.4361111111111111,1.2777778
2019,13,2019_13_BUF_DAL,BUF,41.752777,0.49166666666666664,1.2222222
2019,14,2019_14_BAL_BUF,BUF,41.697224,0.5472222222222222,0.16666667
2019,15,2019_15_BUF_PIT,BUF,41.70119,0.5154761904761904,0.023809524
2019,16,2019_16_BUF_NE,BUF,41.95119,0.5432539682539682,0.5793651
2019,17,2019_17_NYJ_BUF,BUF,41.048412,0.47380952380952374,1.0515872
2020,1,2020_01_NYJ_BUF,BUF,,,
2020,2,2020_02_BUF_MIA,BUF,,,
2020,3,2020_03_LA_BUF,BUF,,,
2020,4,2020_04_BUF_LV,BUF,,,
2020,5,2020_05_BUF_TEN,BUF,,,
2020,6,2020_06_KC_BUF,BUF,,,
2020,8,2020_08_NE_BUF,BUF,52.597225,0.5,4.763889
2020,9,2020_09_SEA_BUF,BUF,50.541668,0.5,5.597222
2020,10,2020_10_BUF_ARI,BUF,52.625,0.4166666666666667,5.638889
2020,12,2020_12_LAC_BUF,BUF,50.708332,0.2916666666666667,6.263889
2020,13,2020_13_BUF_SF,BUF,52.319443,0.34722222222222227,5.375
2020,14,2020_14_PIT_BUF,BUF,52.98611,0.2638888888888889,4.7083335
2020,15,2020_15_BUF_DEN,BUF,51.71111,0.1638888888888889,4.625
2020,16,2020_16_BUF_NE,BUF,55.433334,0.33055555555555555,3.7916667
2020,17,2020_17_MIA_BUF,BUF,55.933334,0.49722222222222223,3.7083333
2021,1,2021_01_PIT_BUF,BUF,,,
2021,2,2021_02_BUF_MIA,BUF,,,
2021,3,2021_03_WAS_BUF,BUF,,,
2021,4,2021_04_HOU_BUF,BUF,,,
2021,5,2021_05_BUF_KC,BUF,,,
2021,6,2021_06_BUF_TEN,BUF,,,
2021,8,2021_08_MIA_BUF,BUF,43.208332,0.2916666666666667,1.25
2021,9,2021_09_BUF_JAX,BUF,44.291668,0.25,1.5416666
2021,10,2021_10_BUF_NYJ,BUF,44.847225,0.25,2.2777777
2021,11,2021_11_IND_BUF,BUF,43.26389,0.16666666666666666,2.9444444
2021,12,2021_12_BUF_NO,BUF,45.097225,0.16666666666666666,3.111111
2021,13,2021_13_NE_BUF,BUF,45.48611,0.23611111111111108,3.7777777
2021,14,2021_14_BUF_TB,BUF,45.502777,0.30277777777777776,3.7777777
2021,15,2021_15_CAR_BUF,BUF,46.655552,0.37222222222222223,3.5555556
2021,18,2021_18_NYJ_BUF,BUF,44.7,0.4055555555555555,3.3111112
2022,2,2022_02_TEN_BUF,BUF,,,
2022,3,2022_03_BUF_MIA,BUF,,,
2022,4,2022_04_BUF_BAL,BUF,,,
2022,5,2022_05_PIT_BUF,BUF,,,
2022,6,2022_06_BUF_KC,BUF,,,
2022,8,2022_08_GB_BUF,BUF,,,
2022,9,2022_09_BUF_NYJ,BUF,45.027775,0.4166666666666667,1.5833334
2022,10,2022_10_MIN_BUF,BUF,46.222225,0.3888888888888889,1.5833334
2022,11,2022_11_CLE_BUF,BUF,49.5,0.22222222222222224,2.25
2022,12,2022_12_BUF_DET,BUF,50.194443,0.25000000000000006,2.25
2022,13,2022_13_BUF_NE,BUF,49.23611,0.3333333333333333,4.5
2022,14,2022_14_NYJ_BUF,BUF,47.791668,0.3888888888888889,3.1666667
2022,15,2022_15_MIA_BUF,BUF,48.9375,0.34722222222222227,3.3958333
2022,16,2022_16_BUF_CHI,BUF,46.854168,0.33055555555555555,3.3958333
2022,18,2022_18_NE_BUF,BUF,47.354168,0.3861111111111111,3.3958333
2023,1,2023_01_BUF_NYJ,BUF,,,
2023,2,2023_02_LV_BUF,BUF,,,
2023,3,2023_03_BUF_WAS,BUF,,,
2023,4,2023_04_MIA_BUF,BUF,,,
2023,5,2023_05_JAX_BUF,BUF,,,
2023,6,2023_06_NYG_BUF,BUF,,,
2023,7,2023_07_BUF_NE,BUF,50.472225,0.4166666666666667,4.0277777
2023,8,2023_08_TB_BUF,BUF,51.805557,0.3611111111111111,4.5277777
2023,9,2023_09_BUF_CIN,BUF,50.305557,0.3194444444444444,4.5277777
2023,10,2023_10_DEN_BUF,BUF,45.694443,0.3194444444444444,5.138889
2023,11,2023_11_NYJ_BUF,BUF,45.38889,0.23611111111111108,7.5833335
2023,12,2023_12_BUF_PHI,BUF,44.0,0.23611111111111113,7.4444447
2023,14,2023_14_BUF_KC,BUF,44.069443,0.3055555555555556,7.972222
2023,15,2023_15_DAL_BUF,BUF,42.65278,0.34722222222222227,5.847222
2023,16,2023_16_BUF_LAC,BUF,43.069443,0.22222222222222224,5.847222
2023,17,2023_17_NE_BUF,BUF,44.722225,0.34722222222222227,5.777778
2023,18,2023_18_BUF_MIA,BUF,45.305557,0.513888888888889,3.388889
2024,1,2024_01_ARI_BUF,BUF,,,
2024,2,2024_02_BUF_MIA,BUF,,,
2024,3,2024_03_JAX_BUF,BUF,,,
2024,4,2024_04_BUF_BAL,BUF,,,
2024,5,2024_05_BUF_HOU,BUF,,,
2024,6,2024_06_BUF_NYJ,BUF,,,
2024,7,2024_07_TEN_BUF,BUF,48.743057,0.5208333333333334,3.263889
2024,8,2024_08_BUF_SEA,BUF,48.22639,0.47083333333333327,3.0305555
2024,9,2024_09_MIA_BUF,BUF,48.11528,0.4152777777777778,3.0305555
2024,10,2024_10_BUF_IND,BUF,48.11528,0.4152777777777778,2.8638887
2024,11,2024_11_KC_BUF,BUF,49.170834,0.5263888888888889,1.9194444
2024,13,2024_13_SF_BUF,BUF,47.816666,0.5333333333333333,0.9888889
2024,14,2024_14_BUF_LA,BUF,46.761112,0.5888888888888889,1.9333333
2024,15,2024_15_BUF_DET,BUF,45.805557,0.611111111111111,2.111111
2024,16,2024_16_NE_BUF,BUF,46.13889,0.7222222222222222,2.111111
2024,17,2024_17_NYJ_BUF,BUF,45.097225,0.6388888888888888,2.2777777
2024,18,2024_18_BUF_NE,BUF,43.625,0.5277777777777778,3.6666667
2016,1,2016_01_CAR_DEN,CAR,,,
2016,2,2016_02_SF_CAR,CAR,,,
2016,3,2016_03_MIN_CAR,CAR,,,
2016,4,2016_04_CAR_ATL,CAR,,,
2016,5,2016_05_TB_CAR,CAR,,,
2016,6,2016_06_CAR_NO,CAR,,,
2016,8,2016_08_ARI_CAR,CAR,49.094448,0.5361111111111111,6.7944446
2016,9,2016_09_CAR_LA,CAR,47.316666,0.5916666666666667,6.0444446
2016,10,2016_10_KC_CAR,CAR,48.316666,0.5083333333333333,7.1555557
2016,11,2016_11_NO_CAR,CAR,47.875,0.425,5.638889
2016,12,2016_12_CAR_OAK,CAR,47.208332,0.34166666666666673,6.222222
2016,13,2016_13_CAR_SEA,CAR,47.61111,0.3277777777777778,6.6666665
2016,14,2016_14_SD_CAR,CAR,46.600002,0.27777777777777773,4.9
2016,15,2016_15_CAR_WAS,CAR,45.044445,0.2888888888888889,4.633333
2016,16,2016_16_ATL_CAR,CAR,42.98889,0.2888888888888889,3.911111
2016,17,2016_17_CAR_TB,CAR,42.777775,0.39999999999999997,3.6222222
2017,1,2017_01_CAR_SF,CAR,,,
2017,2,2017_02_BUF_CAR,CAR,,,
2017,3,2017_03_NO_CAR,CAR,,,
2017,4,2017_04_CAR_NE,CAR,,,
2017,5,2017_05_CAR_DET,CAR,,,
2017,6,2017_06_PHI_CAR,CAR,,,
2017,7,2017_07_CAR_CHI,CAR,43.88333,0.27777777777777773,1.4222223
2017,8,2017_08_CAR_TB,CAR,44.03889,0.2555555555555556,1.3222222
2017,9,2017_09_ATL_CAR,CAR,45.52698,0.29523809523809524,1.8142858
2017,10,2017_10_MIA_CAR,CAR,46.66032,0.3952380952380952,1.5809523
2017,12,2017_12_CAR_NYJ,CAR,47.91032,0.4785714285714286,1.5809523
2017,13,2017_13_CAR_NO,CAR,47.999207,0.5341269841269841,1.5753969
2017,14,2017_14_MIN_CAR,CAR,47.610317,0.43412698412698414,1.7420635
2017,15,2017_15_GB_CAR,CAR,46.065872,0.45634920634920634,2.8420637
2017,16,2017_16_TB_CAR,CAR,44.911114,0.4444444444444444,2.9194443
2017,17,2017_17_CAR_ATL,CAR,43.222225,0.45555555555555555,2.4861112
2018,1,2018_01_DAL_CAR,CAR,,,
2018,2,2018_02_CAR_ATL,CAR,,,
2018,3,2018_03_CIN_CAR,CAR,,,
2018,5,2018_05_NYG_CAR,CAR,,,
2018,6,2018_06_CAR_WAS,CAR,,,
2018,7,2018_07_CAR_PHI,CAR,,,
2018,8,2018_08_BAL_CAR,CAR,45.661114,0.5027777777777778,2.7166665
2018,9,2018_09_TB_CAR,CAR,45.3,0.5305555555555556,3.6333332
2018,10,2018_10_CAR_PIT,CAR,45.675,0.4888888888888889,4.133333
2018,11,2018_11_CAR_DET,CAR,45.63333,0.4305555555555555,4.0916667
2018,12,2018_12_SEA_CAR,CAR,44.533337,0.3527777777777778,3.5916665
2018,13,2018_13_CAR_TB,CAR,46.31111,0.5194444444444445,3.036111
2018,14,2018_14_CAR_CLE,CAR,48.761112,0.41944444444444445,2.5694444
2018,15,2018_15_NO_CAR,CAR,47.733334,0.39166666666666666,2.0833333
2018,16,2018_16_ATL_CAR,CAR,46.03889,0.37777777777777777,1.8194445
2018,17,2018_17_CAR_NO,CAR,46.316666,0.3666666666666667,1.9861112
2019,1,2019_01_LA_CAR,CAR,,,
2019,2,2019_02_TB_CAR,CAR,,,
2019,3,2019_03_CAR_ARI,CAR,,,
2019,4,2019_04_CAR_HOU,CAR,,,
2019,5,2019_05_JAX_CAR,CAR,,,
2019,6,2019_06_CAR_TB,CAR,,,
2019,8,2019_08_CAR_SF,CAR,47.380554,0.4365079365079365,4.2051587
2019,9,2019_09_TEN_CAR,CAR,46.79127,0.41865079365079366,4.5801587
2019,10,2019_10_CAR_GB,CAR,44.81627,0.476984126984127,4.338492
2019,11,2019_11_ATL_CAR,CAR,43.538494,0.476984126984127,3.227381
2019,12,2019_12_CAR_NO,CAR,44.746826,0.351984126984127,5.7273808
2019,13,2019_13_WAS_CAR,CAR,43.81349,0.2519841269841269,5.049603
2019,14,2019_14_CAR_ATL,CAR,42.521824,0.22519841269841268,5.118056
2019,15,2019_15_SEA_CAR,CAR,42.777775,0.24305555555555555,4.493056
2019,16,2019_16_CAR_IND,CAR,43.944443,0.20138888888888887,4.0347223
2019,17,2019_17_NO_CAR,CAR,46.0,0.14583333333333334,14.868056
2020,1,2020_01_LV_CAR,CAR,,,
2020,2,2020_02_CAR_TB,CAR,,,
2020,3,2020_03_CAR_LAC,CAR,,,
2020,4,2020_04_ARI_CAR,CAR,,,
2020,5,2020_05_CAR_ATL,CAR,,,
2020,6,2020_06_CHI_CAR,CAR,,,
2020,7,2020_07_CAR_NO,CAR,48.902775,0.34722222222222227,3.6666667
2020,8,2020_08_ATL_CAR,CAR,47.402775,0.5138888888888888,1.25
2020,9,2020_09_CAR_KC,CAR,45.48611,0.5972222222222222,1.25
2020,10,2020_10_TB_CAR,CAR,43.027775,0.5555555555555555,1.3333334
2020,11,2020_11_DET_CAR,CAR,45.069443,0.47222222222222215,1.3333334
2020,12,2020_12_CAR_MIN,CAR,45.5,0.4166666666666667,1.8333334
2020,14,2020_14_DEN_CAR,CAR,43.777775,0.5833333333333334,1.8333334
2020,15,2020_15_CAR_GB,CAR,42.52778,0.5,4.625
2020,16,2020_16_CAR_WAS,CAR,43.652775,0.4166666666666667,4.8333335
2020,17,2020_17_NO_CAR,CAR,46.069443,0.5833333333333334,4.3333335
2021,1,2021_01_NYJ_CAR,CAR,,,
2021,2,2021_02_NO_CAR,CAR,,,
2021,3,2021_03_CAR_HOU,CAR,,,
2021,4,2021_04_CAR_DAL,CAR,,,
2021,5,2021_05_PHI_CAR,CAR,,,
2021,6,2021_06_MIN_CAR,CAR,,,
2021,7,2021_07_CAR_NYG,CAR,38.86905,0.3353174603174603,0.91269845
2021,8,2021_08_CAR_ATL,CAR,38.761906,0.27976190476190477,0.781746
2021,9,2021_09_NE_CAR,CAR,39.386906,0.19642857142857142,1.656746
2021,10,2021_10_CAR_ARI,CAR,41.761906,0.19642857142857142,3.6289682
2021,11,2021_11_WAS_CAR,CAR,42.70635,0.251984126984127,4.9623017
2021,12,2021_12_CAR_MIA,CAR,44.9623,0.18055555555555555,4.4384923
2021,14,2021_14_ATL_CAR,CAR,45.434525,0.09722222222222221,4.96627
2021,15,2021_15_CAR_BUF,CAR,46.541668,0.18055555555555555,4.680556
2021,16,2021_16_TB_CAR,CAR,46.833332,0.18055555555555555,5.0972223
2021,17,2021_17_CAR_NO,CAR,46.725002,0.21388888888888888,4.813889
2021,18,2021_18_CAR_TB,CAR,46.058334,0.19166666666666665,3.7472222
2022,1,2022_01_CLE_CAR,CAR,,,
2022,2,2022_02_CAR_NYG,CAR,,,
2022,3,2022_03_NO_CAR,CAR,,,
2022,4,2022_04_ARI_CAR,CAR,,,
2022,5,2022_05_SF_CAR,CAR,,,
2022,6,2022_06_CAR_LA,CAR,,,
2022,7,2022_07_TB_CAR,CAR,49.08849,0.4686507936507936,2.7404764
2022,8,2022_08_CAR_ATL,CAR,49.326588,0.5162698412698413,2.8690479
2022,9,2022_09_CAR_CIN,CAR,50.09325,0.43849206349206343,3.9246032
2022,10,2022_10_ATL_CAR,CAR,51.2877,0.394047619047619,5.1857142
2022,11,2022_11_CAR_BAL,CAR,49.77936,0.41904761904761906,5.452381
2022,12,2022_12_DEN_CAR,CAR,48.58492,0.41904761904761906,5.1468253
2022,14,2022_14_CAR_SEA,CAR,48.46587,0.480952380952381,4.7896824
2022,15,2022_15_PIT_CAR,CAR,48.81111,0.4333333333333333,3.6944444
2022,16,2022_16_DET_CAR,CAR,49.06111,0.41944444444444445,2.847222
2022,17,2022_17_CAR_TB,CAR,46.56111,0.46388888888888885,1.1138889
2022,18,2022_18_CAR_NO,CAR,47.72778,0.49722222222222223,0.3472222
2023,1,2023_01_CAR_ATL,CAR,,,
2023,2,2023_02_NO_CAR,CAR,,,
2023,3,2023_03_CAR_SEA,CAR,,,
2023,4,2023_04_MIN_CAR,CAR,,,
2023,5,2023_05_CAR_DET,CAR,,,
2023,6,2023_06_CAR_MIA,CAR,,,
2023,8,2023_08_HOU_CAR,CAR,46.875,0.3638888888888889,2.3333333
2023,9,2023_09_IND_CAR,CAR,46.466663,0.37222222222222223,3.2416668
2023,10,2023_10_CAR_CHI,CAR,45.75,0.38888888888888884,3.1666667
2023,11,2023_11_DAL_CAR,CAR,45.105556,0.37222222222222223,2.1333334
2023,12,2023_12_CAR_TEN,CAR,45.53889,0.33888888888888896,1.8333334
2023,13,2023_13_CAR_TB,CAR,47.03889,0.33888888888888885,2.277778
2023,14,2023_14_CAR_NO,CAR,46.809723,0.31805555555555554,2.7152777
2023,15,2023_15_ATL_CAR,CAR,45.518055,0.27638888888888885,3.5902777
2023,16,2023_16_GB_CAR,CAR,46.10139,0.25972222222222224,3.4319446
2023,17,2023_17_CAR_JAX,CAR,46.934723,0.23194444444444443,3.4319446
2023,18,2023_18_TB_CAR,CAR,47.118057,0.2263888888888889,3.9041665
2024,1,2024_01_CAR_NO,CAR,,,
2024,2,2024_02_LAC_CAR,CAR,,,
2024,3,2024_03_CAR_LV,CAR,,,
2024,4,2024_04_CIN_CAR,CAR,,,
2024,5,2024_05_CAR_CHI,CAR,,,
2024,6,2024_06_ATL_CAR,CAR,,,
2024,7,2024_07_CAR_WAS,CAR,44.896427,0.3115079365079365,4.468254
2024,8,2024_08_CAR_DEN,CAR,46.929764,0.37817460317460316,2.968254
2024,9,2024_09_NO_CAR,CAR,47.75833,0.36388888888888893,2.6111112
2024,10,2024_10_NYG_CAR,CAR,47.583332,0.38055555555555554,2.8444445
2024,12,2024_12_KC_CAR,CAR,47.107143,0.3686507936507937,2.9992065
2024,13,2024_13_TB_CAR,CAR,47.107143,0.41031746031746036,2.415873
2024,14,2024_14_CAR_PHI,CAR,46.840473,0.3547619047619048,0.8047619
2024,15,2024_15_DAL_CAR,CAR,45.940475,0.37142857142857144,0.47142854
2024,16,2024_16_ARI_CAR,CAR,45.62381,0.33809523809523806,0.6797619
2024,17,2024_17_CAR_TB,CAR,45.857143,0.2714285714285714,0.8797619
2024,18,2024_18_CAR_ATL,CAR,44.11111,0.2833333333333333,0.50277776
2016,1,2016_01_CHI_HOU,CHI,,,
2016,2,2016_02_PHI_CHI,CHI,,,
2016,3,2016_03_CHI_DAL,CHI,,,
2016,4,2016_04_DET_CHI,CHI,,,
2016,5,2016_05_CHI_IND,CHI,,,
2016,6,2016_06_JAX_CHI,CHI,,,
2016,7,2016_07_CHI_GB,CHI,43.04762,0.24206349206349206,6.732143
2016,8,2016_08_MIN_CHI,CHI,43.5,0.29444444444444445,6.241667
2016,10,2016_10_CHI_TB,CHI,44.608334,0.3527777777777777,6.741667
2016,11,2016_11_CHI_NYG,CHI,45.25,0.37777777777777777,6.7833333
2016,12,2016_12_TEN_CHI,CHI,45.11111,0.4333333333333333,3.0055554
2016,13,2016_13_SF_CHI,CHI,45.027775,0.4333333333333333,1.6722221
2016,14,2016_14_CHI_DET,CHI,44.25,0.37777777777777777,2.2833333
2016,15,2016_15_GB_CHI,CHI,44.583332,0.3611111111111111,2.375
2016,16,2016_16_WAS_CHI,CHI,44.516666,0.3444444444444444,2.0416667
2016,17,2016_17_CHI_MIN,CHI,45.75,0.2777777777777778,1.875
2017,1,2017_01_ATL_CHI,CHI,,,
2017,2,2017_02_CHI_TB,CHI,,,
2017,3,2017_03_PIT_CHI,CHI,,,
2017,4,2017_04_CHI_GB,CHI,,,
2017,5,2017_05_MIN_CHI,CHI,,,
2017,6,2017_06_CHI_BAL,CHI,,,
2017,7,2017_07_CAR_CHI,CHI,48.137302,0.4253968253968254,5.859524
2017,8,2017_08_CHI_NO,CHI,48.226192,0.3531746031746031,5.531746
2017,10,2017_10_GB_CHI,CHI,47.892857,0.36428571428571427,5.320635
2017,11,2017_11_DET_CHI,CHI,48.50952,0.342063492063492,6.3039684
2017,12,2017_12_CHI_PHI,CHI,48.092854,0.27261904761904765,6.984524
2017,13,2017_13_SF_CHI,CHI,47.755554,0.25277777777777777,6.480555
2017,14,2017_14_CHI_CIN,CHI,46.61111,0.2972222222222222,4.736111
2017,15,2017_15_CHI_DET,CHI,46.277775,0.38055555555555554,4.9305553
2017,16,2017_16_CLE_CHI,CHI,44.777775,0.38055555555555554,5.730555
2017,17,2017_17_CHI_MIN,CHI,44.265278,0.3680555555555555,4.8930554
2018,1,2018_01_CHI_GB,CHI,,,
2018,2,2018_02_SEA_CHI,CHI,,,
2018,3,2018_03_CHI_ARI,CHI,,,
2018,4,2018_04_TB_CHI,CHI,,,
2018,6,2018_06_CHI_MIA,CHI,,,
2018,7,2018_07_NE_CHI,CHI,,,
2018,8,2018_08_NYJ_CHI,CHI,44.369446,0.3138888888888889,1.8305556
2018,9,2018_09_CHI_BUF,CHI,43.494446,0.33888888888888885,1.3888888
2018,10,2018_10_DET_CHI,CHI,43.294445,0.37222222222222223,1.3555555
2018,11,2018_11_MIN_CHI,CHI,42.516666,0.37222222222222223,1.5777779
2018,12,2018_12_CHI_DET,CHI,40.433334,0.45555555555555555,2.2444446
2018,13,2018_13_CHI_NYG,CHI,41.683334,0.47222222222222215,3.0777779
2018,14,2018_14_LA_CHI,CHI,44.333332,0.4666666666666666,3.9777777
2018,15,2018_15_GB_CHI,CHI,44.466663,0.5333333333333333,3.711111
2018,16,2018_16_CHI_SF,CHI,45.175,0.48333333333333334,3.2777777
2018,17,2018_17_CHI_MIN,CHI,43.786114,0.48333333333333334,2.6666667
2019,1,2019_01_GB_CHI,CHI,,,
2019,2,2019_02_CHI_DEN,CHI,,,
2019,3,2019_03_CHI_WAS,CHI,,,
2019,4,2019_04_MIN_CHI,CHI,,,
2019,5,2019_05_CHI_OAK,CHI,,,
2019,7,2019_07_NO_CHI,CHI,,,
2019,8,2019_08_LAC_CHI,CHI,45.843853,0.22916666666666666,3.9494047
2019,9,2019_09_CHI_PHI,CHI,45.573017,0.2777777777777778,3.9285715
2019,10,2019_10_DET_CHI,CHI,43.756348,0.30694444444444446,2.8035715
2019,11,2019_11_CHI_LA,CHI,43.145237,0.36250000000000004,2.470238
2019,12,2019_12_NYG_CHI,CHI,42.278572,0.3236111111111111,2.070238
2019,13,2019_13_CHI_DET,CHI,42.123016,0.3125,3.0813494
2019,14,2019_14_DAL_CHI,CHI,43.86111,0.3125,2.763889
2019,15,2019_15_CHI_GB,CHI,43.777775,0.3680555555555555,2.763889
2019,16,2019_16_KC_CHI,CHI,42.48611,0.3055555555555555,3.2222223
2019,17,2019_17_CHI_MIN,CHI,43.041668,0.3611111111111111,3.2777777
2020,1,2020_01_CHI_DET,CHI,,,
2020,2,2020_02_NYG_CHI,CHI,,,
2020,3,2020_03_CHI_ATL,CHI,,,
2020,4,2020_04_IND_CHI,CHI,,,
2020,5,2020_05_TB_CHI,CHI,,,
2020,6,2020_06_CHI_CAR,CHI,,,
2020,7,2020_07_CHI_LA,CHI,45.93016,0.4920634920634921,4.5194445
2020,8,2020_08_NO_CHI,CHI,46.763493,0.4920634920634921,4.452778
2020,9,2020_09_CHI_TEN,CHI,47.652378,0.4226190476190476,6.633333
2020,10,2020_10_MIN_CHI,CHI,46.97183,0.43650793650793646,6.6611114
2020,12,2020_12_CHI_GB,CHI,46.88611,0.45555555555555555,5.6611114
2020,13,2020_13_DET_CHI,CHI,46.619446,0.43888888888888894,4.9944444
2020,14,2020_14_HOU_CHI,CHI,46.327778,0.3972222222222222,5.452778
2020,15,2020_15_CHI_MIN,CHI,45.027775,0.3972222222222222,5.2194448
2020,16,2020_16_CHI_JAX,CHI,44.027775,0.5222222222222223,2.4277778
2020,17,2020_17_GB_CHI,CHI,43.13889,0.5222222222222223,1.0666667
2021,1,2021_01_CHI_LA,CHI,,,
2021,2,2021_02_CIN_CHI,CHI,,,
2021,3,2021_03_CHI_CLE,CHI,,,
2021,4,2021_04_DET_CHI,CHI,,,
2021,5,2021_05_CHI_LV,CHI,,,
2021,6,2021_06_GB_CHI,CHI,,,
2021,7,2021_07_CHI_TB,CHI,45.835712,0.44166666666666665,5.655159
2021,8,2021_08_SF_CHI,CHI,46.50238,0.31666666666666665,7.4468255
2021,9,2021_09_CHI_PIT,CHI,46.54405,0.2333333333333333,9.155159
2021,11,2021_11_BAL_CHI,CHI,44.891666,0.3,7.636111
2021,12,2021_12_CHI_DET,CHI,42.891666,0.3666666666666667,6.6583333
2021,13,2021_13_ARI_CHI,CHI,42.716663,0.38333333333333336,6.7333336
2021,14,2021_14_CHI_GB,CHI,43.591663,0.34166666666666673,6.066667
2021,15,2021_15_MIN_CHI,CHI,44.63333,0.30000000000000004,5.441667
2021,16,2021_16_CHI_SEA,CHI,46.494446,0.35555555555555557,3.9972222
2021,17,2021_17_NYG_CHI,CHI,46.194443,0.2888888888888889,3.8972223
2021,18,2021_18_CHI_MIN,CHI,46.92778,0.2555555555555556,3.8305557
2022,1,2022_01_SF_CHI,CHI,,,
2022,2,2022_02_CHI_GB,CHI,,,
2022,3,2022_03_HOU_CHI,CHI,,,
2022,4,2022_04_CHI_NYG,CHI,,,
2022,5,2022_05_CHI_MIN,CHI,,,
2022,6,2022_06_WAS_CHI,CHI,,,
2022,7,2022_07_CHI_NE,CHI,49.369446,0.25277777777777777,4.388889
2022,8,2022_08_CHI_DAL,CHI,48.425,0.3083333333333333,4.75
2022,9,2022_09_MIA_CHI,CHI,48.63333,0.3083333333333333,4.5416665
2022,10,2022_10_DET_CHI,CHI,45.661114,0.26666666666666666,3.6944444
2022,11,2022_11_CHI_ATL,CHI,44.027775,0.2222222222222222,3.5277777
2022,12,2022_12_CHI_NYJ,CHI,41.36111,0.2638888888888889,4.819444
2022,13,2022_13_GB_CHI,CHI,41.78611,0.2222222222222222,4.6277776
2022,15,2022_15_PHI_CHI,CHI,41.53611,0.13888888888888887,6.1277776
2022,16,2022_16_BUF_CHI,CHI,40.077778,0.18055555555555555,5.697222
2022,17,2022_17_CHI_DET,CHI,43.675,0.2222222222222222,6.1277776
2022,18,2022_18_MIN_CHI,CHI,44.151188,0.2380952380952381,6.50873
2023,1,2023_01_GB_CHI,CHI,,,
2023,2,2023_02_CHI_TB,CHI,,,
2023,3,2023_03_CHI_KC,CHI,,,
2023,4,2023_04_DEN_CHI,CHI,,,
2023,5,2023_05_CHI_WAS,CHI,,,
2023,6,2023_06_MIN_CHI,CHI,,,
2023,7,2023_07_LV_CHI,CHI,46.31111,0.2888888888888889,8.111112
2023,8,2023_08_CHI_LAC,CHI,44.144444,0.24722222222222223,6.861111
2023,9,2023_09_CHI_NO,CHI,43.411114,0.26944444444444443,6.961111
2023,10,2023_10_CAR_CHI,CHI,43.694443,0.23611111111111108,7.527778
2023,11,2023_11_CHI_DET,CHI,43.972225,0.23611111111111108,7.638889
2023,12,2023_12_CHI_MIN,CHI,44.277775,0.18055555555555558,6.527778
2023,14,2023_14_DET_CHI,CHI,44.555557,0.19444444444444445,6.027778
2023,15,2023_15_CHI_CLE,CHI,45.055557,0.25,6.027778
2023,16,2023_16_ARI_CHI,CHI,45.52222,0.22777777777777775,6.077778
2023,17,2023_17_ATL_CHI,CHI,46.27222,0.29444444444444445,4.5444446
2023,18,2023_18_CHI_GB,CHI,46.619446,0.2111111111111111,3.4750001
2024,1,2024_01_TEN_CHI,CHI,,,
2024,2,2024_02_CHI_HOU,CHI,,,
2024,3,2024_03_CHI_IND,CHI,,,
2024,4,2024_04_LA_CHI,CHI,,,
2024,5,2024_05_CAR_CHI,CHI,,,
2024,6,2024_06_JAX_CHI,CHI,,,
2024,8,2024_08_CHI_WAS,CHI,49.34444,0.3361111111111111,5.8444443
2024,9,2024_09_CHI_ARI,CHI,49.96349,0.37182539682539684,5.701587
2024,10,2024_10_NE_CHI,CHI,51.15794,0.35793650793650794,8.104365
2024,11,2024_11_GB_CHI,CHI,51.081547,0.344047619047619,7.9863095
2024,12,2024_12_MIN_CHI,CHI,48.76488,0.3273809523809524,8.752976
2024,13,2024_13_CHI_DET,CHI,49.459324,0.3134920634920635,9.114087
2024,14,2024_14_CHI_SF,CHI,48.50099,0.3551587301587302,8.614087
2024,15,2024_15_CHI_MIN,CHI,49.159725,0.29166666666666663,8.534722
2024,16,2024_16_DET_CHI,CHI,47.965275,0.36111111111111116,6.4375
2024,17,2024_17_SEA_CHI,CHI,47.708332,0.4305555555555556,6.0
2024,18,2024_18_CHI_GB,CHI,48.57738,0.4662698412698412,4.6666665
2016,1,2016_01_CIN_NYJ,CIN,,,
2016,2,2016_02_CIN_PIT,CIN,,,
2016,3,2016_03_DEN_CIN,CIN,,,
2016,4,2016_04_MIA_CIN,CIN,,,
2016,5,2016_05_CIN_DAL,CIN,,,
2016,6,2016_06_CIN_NE,CIN,,,
2016,7,2016_07_CLE_CIN,CIN,44.27037,0.3194444444444444,4.727778
2016,8,2016_08_WAS_CIN,CIN,43.68704,0.2638888888888889,4.366667
2016,10,2016_10_CIN_NYG,CIN,44.850002,0.24166666666666667,4.2999997
2016,11,2016_11_BUF_CIN,CIN,45.149998,0.18928571428571428,4.885714
2016,12,2016_12_CIN_BAL,CIN,44.899998,0.2031746031746032,5.260714
2016,13,2016_13_PHI_CIN,CIN,46.22778,0.16428571428571428,6.288492
2016,14,2016_14_CIN_CLE,CIN,47.56111,0.16428571428571428,5.413492
2016,15,2016_15_PIT_CIN,CIN,48.411114,0.23095238095238094,5.163492
2016,16,2016_16_CIN_HOU,CIN,47.544445,0.25317460317460316,4.674603
2016,17,2016_17_BAL_CIN,CIN,47.169445,0.26805555555555555,4.388889
2017,1,2017_01_BAL_CIN,CIN,,,
2017,2,2017_02_HOU_CIN,CIN,,,
2017,3,2017_03_CIN_GB,CIN,,,
2017,4,2017_04_CIN_CLE,CIN,,,
2017,5,2017_05_BUF_CIN,CIN,,,
2017,7,2017_07_CIN_PIT,CIN,,,
2017,8,2017_08_IND_CIN,CIN,47.324604,0.478968253968254,5.1765876
2017,9,2017_09_CIN_JAX,CIN,48.466267,0.4456349206349206,5.243254
2017,10,2017_10_CIN_TEN,CIN,48.51389,0.3742063492063492,6.9337306
2017,11,2017_11_CIN_DEN,CIN,48.648808,0.41785714285714287,5.3940473
2017,12,2017_12_CLE_CIN,CIN,47.315475,0.3761904761904762,5.4982142
2017,13,2017_13_PIT_CIN,CIN,45.607143,0.3345238095238095,5.039881
2017,14,2017_14_CHI_CIN,CIN,45.473812,0.3678571428571428,5.039881
2017,15,2017_15_CIN_MIN,CIN,45.63214,0.4345238095238095,4.439881
2017,16,2017_16_DET_CIN,CIN,45.23631,0.4047619047619048,3.2464285
2017,17,2017_17_CIN_BAL,CIN,43.212498,0.375,2.8416665
2018,1,2018_01_CIN_IND,CIN,,,
2018,2,2018_02_BAL_CIN,CIN,,,
2018,3,2018_03_CIN_CAR,CIN,,,
2018,4,2018_04_CIN_ATL,CIN,,,
2018,5,2018_05_MIA_CIN,CIN,,,
2018,6,2018_06_PIT_CIN,CIN,,,
2018,7,2018_07_CIN_KC,CIN,39.319447,0.4583333333333333,4.319444
2018,8,2018_08_TB_CIN,CIN,39.919445,0.5583333333333332,5.0194445
2018,10,2018_10_NO_CIN,CIN,40.530556,0.5305555555555556,5.297222
2018,11,2018_11_CIN_BAL,CIN,39.738888,0.4611111111111111,5.1583333
2018,12,2018_12_CLE_CIN,CIN,44.127777,0.4055555555555555,5.547222
2018,13,2018_13_DEN_CIN,CIN,45.169445,0.44722222222222224,2.5055554
2018,14,2018_14_CIN_LAC,CIN,44.883728,0.3599206349206349,2.0373015
2018,15,2018_15_OAK_CIN,CIN,43.617065,0.42658730158730157,1.3373016
2018,16,2018_16_CIN_CLE,CIN,43.511505,0.3765873015873016,1.8484126
2018,17,2018_17_CIN_PIT,CIN,44.26984,0.40158730158730155,2.1650794
2019,1,2019_01_CIN_SEA,CIN,,,
2019,2,2019_02_SF_CIN,CIN,,,
2019,3,2019_03_CIN_BUF,CIN,,,
2019,4,2019_04_CIN_PIT,CIN,,,
2019,5,2019_05_ARI_CIN,CIN,,,
2019,6,2019_06_CIN_BAL,CIN,,,
2019,7,2019_07_JAX_CIN,CIN,43.358334,0.2916666666666667,1.8444444
2019,8,2019_08_CIN_LA,CIN,44.03889,0.3333333333333333,2.261111
2019,10,2019_10_BAL_CIN,CIN,43.43889,0.39999999999999997,2.1277778
2019,11,2019_11_CIN_OAK,CIN,45.52222,0.31666666666666665,3.3500001
2019,12,2019_12_PIT_CIN,CIN,46.18889,0.3833333333333333,3.3500001
2019,13,2019_13_NYJ_CIN,CIN,45.76296,0.45740740740740743,2.4055555
2019,14,2019_14_CIN_CLE,CIN,46.996296,0.45740740740740743,2.1388888
2019,15,2019_15_NE_CIN,CIN,45.857407,0.45740740740740743,3.0555556
2019,16,2019_16_CIN_MIA,CIN,45.86852,0.3574074074074074,3.111111
2019,17,2019_17_CLE_CIN,CIN,45.11852,0.4199074074074074,2.3194444
2020,1,2020_01_LAC_CIN,CIN,,,
2020,2,2020_02_CIN_CLE,CIN,,,
2020,3,2020_03_CIN_PHI,CIN,,,
2020,4,2020_04_JAX_CIN,CIN,,,
2020,5,2020_05_CIN_BAL,CIN,,,
2020,6,2020_06_CIN_IND,CIN,,,
2020,8,2020_08_TEN_CIN,CIN,46.73016,0.17857142857142858,2.5079365
2020,10,2020_10_CIN_PIT,CIN,44.785717,0.20634920634920637,2.4801586
2020,11,2020_11_CIN_WAS,CIN,44.04497,0.22486772486772486,2.5079365
2020,12,2020_12_NYG_CIN,CIN,45.049732,0.16296296296296295,2.8936508
2020,13,2020_13_CIN_MIA,CIN,46.483067,0.26296296296296295,3.1603174
2020,14,2020_14_DAL_CIN,CIN,46.375927,0.3185185185185185,3.1444445
2020,15,2020_15_PIT_CIN,CIN,46.59815,0.40185185185185185,2.2
2020,16,2020_16_CIN_HOU,CIN,46.971165,0.3145502645502645,2.4857142
2020,17,2020_17_BAL_CIN,CIN,46.211903,0.29603174603174603,1.3746032
2021,1,2021_01_MIN_CIN,CIN,,,
2021,2,2021_02_CIN_CHI,CIN,,,
2021,3,2021_03_CIN_PIT,CIN,,,
2021,4,2021_04_JAX_CIN,CIN,,,
2021,5,2021_05_GB_CIN,CIN,,,
2021,6,2021_06_CIN_DET,CIN,,,
2021,7,2021_07_CIN_BAL,CIN,45.59921,0.376984126984127,2.4412696
2021,8,2021_08_CIN_NYJ,CIN,46.694443,0.34722222222222227,3.697222
2021,9,2021_09_CLE_CIN,CIN,48.152775,0.38888888888888884,4.3638887
2021,11,2021_11_CIN_LV,CIN,46.89722,0.3444444444444445,4.1194444
2021,12,2021_12_PIT_CIN,CIN,47.75833,0.3444444444444445,6.0361114
2021,13,2021_13_LAC_CIN,CIN,49.01389,0.3333333333333333,5.902778
2021,14,2021_14_SF_CIN,CIN,47.458332,0.3194444444444444,5.263889
2021,15,2021_15_CIN_DEN,CIN,45.666668,0.3194444444444444,3.888889
2021,17,2021_17_KC_CIN,CIN,46.72024,0.26587301587301587,3.6507938
2021,18,2021_18_CIN_CLE,CIN,46.498016,0.21031746031746032,5.2063494
2022,1,2022_01_PIT_CIN,CIN,,,
2022,2,2022_02_CIN_DAL,CIN,,,
2022,3,2022_03_CIN_NYJ,CIN,,,
2022,4,2022_04_MIA_CIN,CIN,,,
2022,5,2022_05_CIN_BAL,CIN,,,
2022,6,2022_06_CIN_NO,CIN,,,
2022,7,2022_07_ATL_CIN,CIN,44.85278,0.325,3.55
2022,8,2022_08_CIN_CLE,CIN,43.825,0.26944444444444443,7.7722225
2022,9,2022_09_CAR_CIN,CIN,42.083332,0.27777777777777773,7.097222
2022,11,2022_11_CIN_PIT,CIN,40.86111,0.27777777777777773,6.8194447
2022,12,2022_12_CIN_TEN,CIN,43.23611,0.2638888888888889,7.4583335
2022,13,2022_13_KC_CIN,CIN,45.452778,0.33055555555555555,8.691667
2022,14,2022_14_CLE_CIN,CIN,44.841663,0.44166666666666665,8.358334
2022,15,2022_15_CIN_TB,CIN,43.925,0.5083333333333333,3.5249999
2022,16,2022_16_CIN_NE,CIN,45.3,0.5499999999999999,3.6499999
2022,18,2022_18_BAL_CIN,CIN,45.855556,0.5499999999999999,3.9833333
2023,1,2023_01_CIN_CLE,CIN,,,
2023,2,2023_02_BAL_CIN,CIN,,,
2023,3,2023_03_LA_CIN,CIN,,,
2023,4,2023_04_CIN_TEN,CIN,,,
2023,5,2023_05_CIN_ARI,CIN,,,
2023,6,2023_06_SEA_CIN,CIN,,,
2023,8,2023_08_CIN_SF,CIN,44.75,0.20555555555555557,3.861111
2023,9,2023_09_BUF_CIN,CIN,45.71111,0.17222222222222225,3.611111
2023,10,2023_10_HOU_CIN,CIN,45.600002,0.2833333333333333,3.5
2023,11,2023_11_CIN_BAL,CIN,47.2,0.31666666666666665,4.0
2023,12,2023_12_PIT_CIN,CIN,45.86667,0.31666666666666665,2.9333334
2023,13,2023_13_CIN_JAX,CIN,44.783337,0.28888888888888886,1.7666665
2023,14,2023_14_IND_CIN,CIN,42.672222,0.42777777777777776,0.82222223
2023,15,2023_15_MIN_CIN,CIN,41.019444,0.4694444444444444,0.82222223
2023,16,2023_16_CIN_PIT,CIN,42.463886,0.38611111111111107,1.7388889
2023,17,2023_17_CIN_KC,CIN,41.16389,0.4305555555555556,1.138889
2023,18,2023_18_CLE_CIN,CIN,41.84722,0.47222222222222227,2.5138888
2024,1,2024_01_NE_CIN,CIN,,,
2024,2,2024_02_CIN_KC,CIN,,,
2024,4,2024_04_CIN_CAR,CIN,,,
2024,5,2024_05_BAL_CIN,CIN,,,
2024,6,2024_06_CIN_NYG,CIN,,,
2024,7,2024_07_CIN_CLE,CIN,,,
2024,9,2024_09_LV_CIN,CIN,51.891666,0.48055555555555557,3.6791668
2024,10,2024_10_CIN_BAL,CIN,50.863888,0.4388888888888889,4.929167
2024,11,2024_11_CIN_LAC,CIN,49.58611,0.5499999999999999,3.8458335
2024,13,2024_13_PIT_CIN,CIN,48.475002,0.5055555555555555,4.2236114
2024,14,2024_14_CIN_DAL,CIN,47.291668,0.5388888888888889,3.8569443
2024,15,2024_15_CIN_TEN,CIN,46.291668,0.42777777777777776,4.9402776
2024,16,2024_16_CLE_CIN,CIN,44.916668,0.5111111111111111,4.0444446
2024,17,2024_17_DEN_CIN,CIN,43.777775,0.5527777777777777,3.6277778
2024,18,2024_18_CIN_PIT,CIN,44.722225,0.6083333333333334,3.6277778
2016,1,2016_01_CLE_PHI,CLE,,,
2016,2,2016_02_BAL_CLE,CLE,,,
2016,3,2016_03_CLE_MIA,CLE,,,
2016,4,2016_04_CLE_WAS,CLE,,,
2016,5,2016_05_NE_CLE,CLE,,,
2016,6,2016_06_CLE_TEN,CLE,,,
2016,7,2016_07_CLE_CIN,CLE,48.392857,0.13333333333333333,4.1809525
2016,8,2016_08_NYJ_CLE,CLE,46.99286,0.26666666666666666,2.3142858
2016,9,2016_09_DAL_CLE,CLE,46.359524,0.30000000000000004,2.0809524
2016,10,2016_10_CLE_BAL,CLE,46.25952,0.26666666666666666,2.247619
2016,11,2016_11_PIT_CLE,CLE,44.235714,0.2904761904761905,2.8904762
2016,12,2016_12_NYG_CLE,CLE,44.54127,0.40158730158730155,2.9460316
2016,14,2016_14_CIN_CLE,CLE,43.606747,0.44325396825396823,3.106746
2016,15,2016_15_CLE_BUF,CLE,44.306747,0.30992063492063493,4.3123016
2016,16,2016_16_SD_CLE,CLE,44.806747,0.24325396825396825,5.345635
2016,17,2016_17_CLE_PIT,CLE,44.64008,0.29325396825396827,5.3011904
2017,1,2017_01_PIT_CLE,CLE,,,
2017,2,2017_02_CLE_BAL,CLE,,,
2017,3,2017_03_CLE_IND,CLE,,,
2017,4,2017_04_CIN_CLE,CLE,,,
2017,5,2017_05_NYJ_CLE,CLE,,,
2017,6,2017_06_CLE_HOU,CLE,,,
2017,7,2017_07_TEN_CLE,CLE,49.82738,0.25396825396825395,6.7797623
2017,8,2017_08_MIN_CLE,CLE,50.521824,0.1706349206349206,6.7242064
2017,10,2017_10_CLE_DET,CLE,49.56349,0.25396825396825395,6.3492064
2017,11,2017_11_JAX_CLE,CLE,49.33492,0.21587301587301586,7.834921
2017,12,2017_12_CLE_CIN,CLE,48.973812,0.22976190476190475,6.5988097
2017,13,2017_13_CLE_LAC,CLE,45.557144,0.22976190476190475,6.9321427
2017,14,2017_14_GB_CLE,CLE,43.533337,0.21388888888888888,6.0750003
2017,15,2017_15_BAL_CLE,CLE,44.825,0.33888888888888885,7.866667
2017,16,2017_16_CLE_CHI,CLE,44.274998,0.25555555555555554,7.4500003
2017,17,2017_17_CLE_PIT,CLE,44.194046,0.29365079365079366,6.2261906
2018,1,2018_01_PIT_CLE,CLE,,,
2018,2,2018_02_CLE_NO,CLE,,,
2018,3,2018_03_NYJ_CLE,CLE,,,
2018,4,2018_04_CLE_OAK,CLE,,,
2018,5,2018_05_BAL_CLE,CLE,,,
2018,6,2018_06_LAC_CLE,CLE,,,
2018,7,2018_07_CLE_TB,CLE,42.91898,0.4851190476190476,5.4537034
2018,8,2018_08_CLE_PIT,CLE,44.28009,0.4573412698412698,5.0462966
2018,9,2018_09_KC_CLE,CLE,45.557873,0.40178571428571425,6.5796294
2018,10,2018_10_ATL_CLE,CLE,43.120373,0.38095238095238093,6.3296294
2018,12,2018_12_CLE_CIN,CLE,42.578705,0.4583333333333333,4.2046294
2018,13,2018_13_CLE_HOU,CLE,42.041668,0.4444444444444444,5.487037
2018,14,2018_14_CAR_CLE,CLE,42.902775,0.3055555555555555,4.487037
2018,15,2018_15_CLE_DEN,CLE,42.23611,0.25,4.4500003
2018,16,2018_16_CIN_CLE,CLE,42.48611,0.3333333333333333,2.9166667
2018,17,2018_17_CLE_BAL,CLE,44.125,0.25,3.0277777
2019,1,2019_01_TEN_CLE,CLE,,,
2019,2,2019_02_CLE_NYJ,CLE,,,
2019,3,2019_03_LA_CLE,CLE,,,
2019,4,2019_04_CLE_BAL,CLE,,,
2019,5,2019_05_CLE_SF,CLE,,,
2019,6,2019_06_SEA_CLE,CLE,,,
2019,8,2019_08_CLE_NE,CLE,42.44127,0.5007936507936508,1.6785713
2019,9,2019_09_CLE_DEN,CLE,42.09127,0.44246031746031744,2.0119047
2019,10,2019_10_BUF_CLE,CLE,44.56349,0.35912698412698413,2.984127
2019,11,2019_11_PIT_CLE,CLE,46.007935,0.33134920634920634,4.873016
2019,12,2019_12_MIA_CLE,CLE,46.57738,0.4146825396825397,4.470238
2019,13,2019_13_CLE_PIT,CLE,43.291668,0.3194444444444444,3.7083333
2019,14,2019_14_CIN_CLE,CLE,45.75,0.3194444444444444,4.2916665
2019,15,2019_15_CLE_ARI,CLE,45.25,0.27777777777777773,3.9583333
2019,16,2019_16_BAL_CLE,CLE,43.277775,0.22222222222222224,2.6805553
2019,17,2019_17_CLE_CIN,CLE,42.5,0.2333333333333333,1.025
2020,1,2020_01_CLE_BAL,CLE,,,
2020,2,2020_02_CIN_CLE,CLE,,,
2020,3,2020_03_WAS_CLE,CLE,,,
2020,4,2020_04_CLE_DAL,CLE,,,
2020,5,2020_05_IND_CLE,CLE,,,
2020,6,2020_06_CLE_PIT,CLE,,,
2020,7,2020_07_CLE_CIN,CLE,44.00833,0.3861111111111111,5.1555557
2020,8,2020_08_LV_CLE,CLE,44.730556,0.33055555555555555,5.5444446
2020,10,2020_10_HOU_CLE,CLE,46.64722,0.33055555555555555,6.6277776
2020,11,2020_11_PHI_CLE,CLE,46.26389,0.3055555555555555,6.777778
2020,12,2020_12_CLE_JAX,CLE,46.63889,0.2972222222222222,5.9777775
2020,13,2020_13_CLE_TEN,CLE,46.722225,0.13055555555555556,6.394444
2020,14,2020_14_BAL_CLE,CLE,46.833332,0.13055555555555556,5.366667
2020,15,2020_15_CLE_NYG,CLE,46.083332,0.13055555555555556,3.5333335
2020,16,2020_16_CLE_NYJ,CLE,43.666668,0.18611111111111112,3.1166668
2020,17,2020_17_PIT_CLE,CLE,43.38889,0.1722222222222222,2.7833335
2021,1,2021_01_CLE_KC,CLE,,,
2021,2,2021_02_HOU_CLE,CLE,,,
2021,3,2021_03_CHI_CLE,CLE,,,
2021,4,2021_04_CLE_MIN,CLE,,,
2021,5,2021_05_CLE_LAC,CLE,,,
2021,6,2021_06_ARI_CLE,CLE,,,
2021,7,2021_07_DEN_CLE,CLE,45.0873,0.2380952380952381,3.095238
2021,8,2021_08_PIT_CLE,CLE,45.03175,0.34920634920634913,2.8174603
2021,9,2021_09_CLE_CIN,CLE,46.573414,0.3075396825396825,4.0257936
2021,10,2021_10_CLE_NE,CLE,46.295635,0.2797619047619047,4.914683
2021,11,2021_11_DET_CLE,CLE,47.527775,0.29166666666666663,4.652778
2021,12,2021_12_CLE_BAL,CLE,46.38333,0.35833333333333334,4.552778
2021,14,2021_14_BAL_CLE,CLE,44.8,0.4138888888888888,4.8861113
2021,15,2021_15_LV_CLE,CLE,42.722225,0.36944444444444446,3.9972222
2021,16,2021_16_CLE_GB,CLE,41.96627,0.3753968253968254,3.5269842
2021,17,2021_17_CLE_PIT,CLE,41.57738,0.31984126984126987,3.804762
2021,18,2021_18_CIN_CLE,CLE,40.82738,0.2781746031746032,4.7214284
2022,1,2022_01_CLE_CAR,CLE,,,
2022,2,2022_02_NYJ_CLE,CLE,,,
2022,3,2022_03_PIT_CLE,CLE,,,
2022,4,2022_04_CLE_ATL,CLE,,,
2022,5,2022_05_LAC_CLE,CLE,,,
2022,6,2022_06_NE_CLE,CLE,,,
2022,7,2022_07_CLE_BAL,CLE,48.530552,0.5111111111111111,5.25
2022,8,2022_08_CIN_CLE,CLE,50.350002,0.48333333333333334,7.388889
2022,10,2022_10_CLE_MIA,CLE,47.266666,0.37222222222222223,7.75
2022,11,2022_11_CLE_BUF,CLE,47.333332,0.3055555555555555,9.083333
2022,12,2022_12_TB_CLE,CLE,46.38889,0.19444444444444442,10.138888
2022,13,2022_13_CLE_HOU,CLE,45.61111,0.13888888888888887,9.805555
2022,14,2022_14_CLE_CIN,CLE,46.86111,0.19444444444444442,9.027778
2022,15,2022_15_BAL_CLE,CLE,46.416668,0.18055555555555558,7.0555553
2022,16,2022_16_NO_CLE,CLE,49.444443,0.23611111111111113,6.1944447
2022,17,2022_17_CLE_WAS,CLE,49.71111,0.3361111111111111,4.861111
2022,18,2022_18_CLE_PIT,CLE,50.44722,0.41944444444444445,3.4305556
2023,1,2023_01_CIN_CLE,CLE,,,
2023,2,2023_02_CLE_PIT,CLE,,,
2023,3,2023_03_TEN_CLE,CLE,,,
2023,4,2023_04_BAL_CLE,CLE,,,
2023,6,2023_06_SF_CLE,CLE,,,
2023,7,2023_07_CLE_IND,CLE,,,
2023,8,2023_08_CLE_SEA,CLE,49.45734,0.3950396825396825,4.5478177
2023,9,2023_09_ARI_CLE,CLE,49.465275,0.37916666666666665,4.8097224
2023,10,2023_10_CLE_BAL,CLE,51.29385,0.39345238095238094,5.485913
2023,11,2023_11_PIT_CLE,CLE,50.988293,0.2823412698412698,5.7636905
2023,12,2023_12_CLE_DEN,CLE,51.134125,0.32400793650793647,5.8470235
2023,13,2023_13_CLE_LA,CLE,52.10635,0.19900793650793647,5.416468
2023,14,2023_14_JAX_CLE,CLE,50.906353,0.23234126984126982,4.6498017
2023,15,2023_15_CHI_CLE,CLE,51.600796,0.2392857142857143,5.1289682
2023,16,2023_16_CLE_HOU,CLE,49.06111,0.28425925925925927,4.412037
2023,17,2023_17_NYJ_CLE,CLE,49.86667,0.28425925925925927,4.2453704
2023,18,2023_18_CLE_CIN,CLE,50.56111,0.2217592592592593,4.849537
2024,1,2024_01_DAL_CLE,CLE,,,
2024,2,2024_02_CLE_JAX,CLE,,,
2024,3,2024_03_NYG_CLE,CLE,,,
2024,4,2024_04_CLE_LV,CLE,,,
2024,5,2024_05_CLE_WAS,CLE,,,
2024,6,2024_06_CLE_PHI,CLE,,,
2024,7,2024_07_CIN_CLE,CLE,52.686905,0.4329365079365079,6.790873
2024,8,2024_08_BAL_CLE,CLE,52.639286,0.48055555555555557,5.4337306
2024,9,2024_09_LAC_CLE,CLE,53.48373,0.49166666666666664,5.7226195
2024,11,2024_11_CLE_NO,CLE,53.817062,0.43611111111111106,6.9726195
2024,12,2024_12_PIT_CLE,CLE,50.883728,0.4361111111111111,7.9726195
2024,13,2024_13_CLE_DEN,CLE,47.3996,0.39642857142857135,7.186905
2024,14,2024_14_CLE_PIT,CLE,46.7746,0.43809523809523804,5.339683
2024,15,2024_15_KC_CLE,CLE,45.855556,0.4666666666666666,5.077778
2024,16,2024_16_CLE_CIN,CLE,45.77222,0.4944444444444444,5.1611114
2024,17,2024_17_MIA_CLE,CLE,44.18889,0.41111111111111115,4.4249997
2024,18,2024_18_CLE_BAL,CLE,44.922222,0.37777777777777777,3.8916667
2016,1,2016_01_NYG_DAL,DAL,,,
2016,2,2016_02_DAL_WAS,DAL,,,
2016,3,2016_03_CHI_DAL,DAL,,,
2016,4,2016_04_DAL_SF,DAL,,,
2016,5,2016_05_CIN_DAL,DAL,,,
2016,6,2016_06_DAL_GB,DAL,,,
2016,8,2016_08_PHI_DAL,DAL,47.208332,0.4305555555555555,6.722222
2016,9,2016_09_DAL_CLE,DAL,46.441666,0.40833333333333327,6.077778
2016,10,2016_10_DAL_PIT,DAL,44.80278,0.4361111111111111,4.577778
2016,11,2016_11_BAL_DAL,DAL,45.080555,0.38055555555555554,4.8555555
2016,12,2016_12_WAS_DAL,DAL,43.53889,0.4222222222222222,3.7722223
2016,13,2016_13_DAL_MIN,DAL,43.622223,0.5055555555555555,3.7722223
2016,14,2016_14_DAL_NYG,DAL,44.399998,0.5055555555555555,1.5500001
2016,15,2016_15_TB_DAL,DAL,44.11111,0.5092592592592592,1.7314816
2016,16,2016_16_DET_DAL,DAL,44.694443,0.5925925925925926,1.5648149
2016,17,2016_17_DAL_PHI,DAL,44.51389,0.5787037037037037,1.3009259
2017,1,2017_01_NYG_DAL,DAL,,,
2017,2,2017_02_DAL_DEN,DAL,,,
2017,3,2017_03_DAL_ARI,DAL,,,
2017,4,2017_04_LA_DAL,DAL,,,
2017,5,2017_05_GB_DAL,DAL,,,
2017,7,2017_07_DAL_SF,DAL,,,
2017,8,2017_08_DAL_WAS,DAL,43.551983,0.6063492063492063,2.470238
2017,9,2017_09_KC_DAL,DAL,45.37143,0.49523809523809526,2.3730159
2017,10,2017_10_DAL_ATL,DAL,43.571426,0.5619047619047619,1.7063493
2017,11,2017_11_PHI_DAL,DAL,43.291668,0.5499999999999999,1.611111
2017,12,2017_12_LAC_DAL,DAL,43.25833,0.5944444444444444,0.5
2017,13,2017_13_WAS_DAL,DAL,43.858334,0.561111111111111,0.5
2017,14,2017_14_DAL_NYG,DAL,43.002777,0.5388888888888889,0.07777778
2017,15,2017_15_DAL_OAK,DAL,43.308334,0.525,0.008333336
2017,16,2017_16_SEA_DAL,DAL,43.975002,0.39166666666666666,0.008333336
2017,17,2017_17_DAL_PHI,DAL,45.183334,0.39166666666666666,0.7583334
2018,1,2018_01_DAL_CAR,DAL,,,
2018,2,2018_02_NYG_DAL,DAL,,,
2018,3,2018_03_DAL_SEA,DAL,,,
2018,4,2018_04_DET_DAL,DAL,,,
2018,5,2018_05_DAL_HOU,DAL,,,
2018,6,2018_06_JAX_DAL,DAL,,,
2018,7,2018_07_DAL_WAS,DAL,44.01389,0.29444444444444445,3.9944446
2018,9,2018_09_TEN_DAL,DAL,42.808334,0.2388888888888889,2.3722222
2018,10,2018_10_DAL_PHI,DAL,43.044445,0.2388888888888889,2.4
2018,11,2018_11_DAL_ATL,DAL,41.83611,0.20555555555555557,2.025
2018,12,2018_12_WAS_DAL,DAL,42.725002,0.17777777777777778,2.913889
2018,13,2018_13_NO_DAL,DAL,43.363888,0.16666666666666666,3.0583334
2018,14,2018_14_PHI_DAL,DAL,45.030552,0.16666666666666666,4.1138887
2018,15,2018_15_DAL_IND,DAL,46.597225,0.25,4.763889
2018,16,2018_16_TB_DAL,DAL,45.902775,0.4166666666666667,4.1527777
2018,17,2018_17_DAL_NYG,DAL,46.027775,0.4583333333333333,3.6944444
2019,1,2019_01_NYG_DAL,DAL,,,
2019,2,2019_02_DAL_WAS,DAL,,,
2019,3,2019_03_MIA_DAL,DAL,,,
2019,4,2019_04_DAL_NO,DAL,,,
2019,5,2019_05_GB_DAL,DAL,,,
2019,6,2019_06_DAL_NYJ,DAL,,,
2019,7,2019_07_PHI_DAL,DAL,43.38889,0.40277777777777773,3.2777777
2019,9,2019_09_DAL_NYG,DAL,43.569443,0.4305555555555555,3.4305556
2019,10,2019_10_MIN_DAL,DAL,41.819443,0.5138888888888888,3.9305556
2019,11,2019_11_DAL_DET,DAL,40.430553,0.625,3.875
2019,12,2019_12_DAL_NE,DAL,39.777775,0.6388888888888888,4.861111
2019,13,2019_13_BUF_DAL,DAL,39.555553,0.5277777777777778,4.861111
2019,14,2019_14_DAL_CHI,DAL,38.694443,0.5833333333333334,3.638889
2019,15,2019_15_LA_DAL,DAL,39.105556,0.47222222222222215,4.2944446
2019,16,2019_16_DAL_PHI,DAL,40.355556,0.47222222222222215,3.0444443
2019,17,2019_17_WAS_DAL,DAL,40.93889,0.3333333333333333,3.0722225
2020,1,2020_01_DAL_LA,DAL,,,
2020,2,2020_02_ATL_DAL,DAL,,,
2020,3,2020_03_DAL_SEA,DAL,,,
2020,4,2020_04_CLE_DAL,DAL,,,
2020,5,2020_05_NYG_DAL,DAL,,,
2020,6,2020_06_ARI_DAL,DAL,,,
2020,7,2020_07_DAL_WAS,DAL,43.25,0.19444444444444442,0.6666667
2020,8,2020_08_DAL_PHI,DAL,43.983334,0.14444444444444446,0.7666667
2020,9,2020_09_PIT_DAL,DAL,43.316666,0.14444444444444446,1.9888889
2020,11,2020_11_DAL_MIN,DAL,42.177776,0.0888888888888889,1.9888889
2020,12,2020_12_WAS_DAL,DAL,42.677776,0.14444444444444443,1.4333334
2020,13,2020_13_DAL_BAL,DAL,44.59444,0.22777777777777777,2.6833334
2020,14,2020_14_DAL_CIN,DAL,45.205555,0.39444444444444443,2.738889
2020,15,2020_15_SF_DAL,DAL,46.222225,0.4444444444444444,2.638889
2020,16,2020_16_PHI_DAL,DAL,47.555557,0.49999999999999994,2.0555556
2020,17,2020_17_DAL_NYG,DAL,48.38889,0.5833333333333334,2.6805556
2021,1,2021_01_DAL_TB,DAL,,,
2021,2,2021_02_DAL_LAC,DAL,,,
2021,3,2021_03_PHI_DAL,DAL,,,
2021,4,2021_04_CAR_DAL,DAL,,,
2021,5,2021_05_NYG_DAL,DAL,,,
2021,6,2021_06_DAL_NE,DAL,,,
2021,8,2021_08_DAL_MIN,DAL,50.5,0.5555555555555555,7.0833335
2021,9,2021_09_DEN_DAL,DAL,49.875,0.5416666666666666,6.2083335
2021,10,2021_10_ATL_DAL,DAL,50.625,0.4166666666666667,5.25
2021,11,2021_11_DAL_KC,DAL,50.125,0.3333333333333333,5.7916665
2021,12,2021_12_LV_DAL,DAL,49.98611,0.3333333333333333,6.0416665
2021,13,2021_13_DAL_NO,DAL,48.98611,0.21428571428571427,5.684524
2021,14,2021_14_DAL_WAS,DAL,48.50992,0.2619047619047619,2.7321427
2021,15,2021_15_DAL_NYG,DAL,48.4127,0.24801587301587302,2.4404762
2021,16,2021_16_WAS_DAL,DAL,46.996033,0.373015873015873,2.3988094
2021,17,2021_17_ARI_DAL,DAL,47.996033,0.4146825396825397,2.5238094
2021,18,2021_18_DAL_PHI,DAL,48.34325,0.4146825396825397,2.0654762
2022,1,2022_01_TB_DAL,DAL,,,
2022,2,2022_02_CIN_DAL,DAL,,,
2022,3,2022_03_DAL_NYG,DAL,,,
2022,4,2022_04_WAS_DAL,DAL,,,
2022,5,2022_05_DAL_LA,DAL,,,
2022,6,2022_06_DAL_PHI,DAL,,,
2022,7,2022_07_DET_DAL,DAL,48.144444,0.4222222222222222,3.5583334
2022,8,2022_08_CHI_DAL,DAL,47.777775,0.3555555555555556,3.0583334
2022,10,2022_10_DAL_GB,DAL,52.377777,0.2222222222222222,3.1416667
2022,11,2022_11_DAL_MIN,DAL,53.161114,0.2388888888888889,4.1666665
2022,12,2022_12_NYG_DAL,DAL,54.466663,0.35000000000000003,4.194444
2022,13,2022_13_IND_DAL,DAL,54.966663,0.26666666666666666,4.1666665
2022,14,2022_14_HOU_DAL,DAL,53.3,0.30833333333333335,3.1666667
2022,15,2022_15_DAL_JAX,DAL,53.922222,0.30833333333333335,4.733333
2022,16,2022_16_PHI_DAL,DAL,49.797222,0.39166666666666666,4.525
2022,17,2022_17_DAL_TEN,DAL,51.097225,0.2916666666666667,3.4583333
2022,18,2022_18_DAL_WAS,DAL,49.402775,0.2916666666666667,3.2083333
2023,1,2023_01_DAL_NYG,DAL,,,
2023,2,2023_02_NYJ_DAL,DAL,,,
2023,3,2023_03_DAL_ARI,DAL,,,
2023,4,2023_04_NE_DAL,DAL,,,
2023,5,2023_05_DAL_SF,DAL,,,
2023,6,2023_06_DAL_LAC,DAL,,,
2023,8,2023_08_LA_DAL,DAL,51.730556,0.3527777777777778,5.077778
2023,9,2023_09_DAL_PHI,DAL,51.369446,0.38055555555555554,4.272222
2023,10,2023_10_NYG_DAL,DAL,49.591663,0.4083333333333334,4.2166667
2023,11,2023_11_DAL_CAR,DAL,48.841663,0.5750000000000001,2.6333334
2023,12,2023_12_WAS_DAL,DAL,49.286114,0.46388888888888885,3.5777779
2023,14,2023_14_PHI_DAL,DAL,49.597225,0.5416666666666666,2.7777777
2023,15,2023_15_DAL_BUF,DAL,48.88889,0.5,4.194444
2023,16,2023_16_DAL_MIA,DAL,50.305557,0.5166666666666667,5.677778
2023,17,2023_17_DET_DAL,DAL,53.36111,0.4333333333333333,7.1222224
2024,1,2024_01_DAL_CLE,DAL,,,
2024,2,2024_02_NO_DAL,DAL,,,
2024,3,2024_03_BAL_DAL,DAL,,,
2024,4,2024_04_DAL_NYG,DAL,,,
2024,5,2024_05_DAL_PIT,DAL,,,
2024,6,2024_06_DET_DAL,DAL,,,
2024,8,2024_08_DAL_SF,DAL,50.125,0.3055555555555555,4.930556
2024,9,2024_09_DAL_ATL,DAL,50.041668,0.4305555555555555,3.8472223
2024,10,2024_10_PHI_DAL,DAL,48.930557,0.375,4.125
2024,11,2024_11_HOU_DAL,DAL,48.666668,0.34722222222222215,4.111111
2024,12,2024_12_DAL_WAS,DAL,46.333332,0.375,2.888889
2024,13,2024_13_NYG_DAL,DAL,45.444443,0.4583333333333333,3.4166667
2024,14,2024_14_CIN_DAL,DAL,45.56111,0.525,3.8833332
2024,15,2024_15_DAL_CAR,DAL,45.72778,0.44166666666666665,4.008333
2024,16,2024_16_TB_DAL,DAL,47.422222,0.4138888888888889,3.7305555
2024,17,2024_17_DAL_PHI,DAL,47.17778,0.425,3.5694444
2024,18,2024_18_WAS_DAL,DAL,48.594448,0.425,4.194444
2016,1,2016_01_CAR_DEN,DEN,,,
2016,2,2016_02_IND_DEN,DEN,,,
2016,3,2016_03_DEN_CIN,DEN,,,
2016,4,2016_04_DEN_TB,DEN,,,
2016,5,2016_05_ATL_DEN,DEN,,,
2016,6,2016_06_DEN_SD,DEN,,,
2016,7,2016_07_HOU_DEN,DEN,46.92381,0.3246031746031746,2.8087301
2016,8,2016_08_SD_DEN,DEN,46.229366,0.38015873015873014,2.447619
2016,9,2016_09_DEN_OAK,DEN,46.496033,0.2968253968253968,2.9142857
2016,10,2016_10_DEN_NO,DEN,46.212696,0.2968253968253968,3.669841
2016,12,2016_12_KC_DEN,DEN,45.244446,0.28888888888888886,3.0111113
2016,13,2016_13_DEN_JAX,DEN,44.716663,0.31666666666666665,3.5944443
2016,14,2016_14_DEN_TEN,DEN,45.016666,0.29545454545454547,2.9186869
2016,15,2016_15_NE_DEN,DEN,44.833332,0.30656565656565654,3.1797981
2016,16,2016_16_DEN_KC,DEN,44.138096,0.37799422799422805,3.2131312
2016,17,2016_17_OAK_DEN,DEN,44.483334,0.4256132756132756,2.8242424
2017,1,2017_01_LAC_DEN,DEN,,,
2017,2,2017_02_DAL_DEN,DEN,,,
2017,3,2017_03_DEN_BUF,DEN,,,
2017,4,2017_04_OAK_DEN,DEN,,,
2017,6,2017_06_NYG_DEN,DEN,,,
2017,7,2017_07_DEN_LAC,DEN,,,
2017,8,2017_08_DEN_KC,DEN,45.409725,0.2916666666666667,5.1666665
2017,9,2017_09_DEN_PHI,DEN,44.159725,0.22222222222222224,5.3333335
2017,10,2017_10_NE_DEN,DEN,45.381943,0.16666666666666666,4.888889
2017,11,2017_11_CIN_DEN,DEN,43.715275,0.2222222222222222,3.7777777
2017,12,2017_12_DEN_OAK,DEN,43.587498,0.2722222222222222,3.6888888
2017,13,2017_13_DEN_MIA,DEN,42.629166,0.2722222222222222,3.098611
2017,14,2017_14_NYJ_DEN,DEN,42.441666,0.2722222222222222,2.4319446
2017,15,2017_15_DEN_IND,DEN,43.925,0.2972222222222222,2.398611
2017,16,2017_16_DEN_WAS,DEN,44.202778,0.46388888888888885,1.7875
2017,17,2017_17_KC_DEN,DEN,45.786114,0.4916666666666667,1.8708334
2018,1,2018_01_SEA_DEN,DEN,,,
2018,2,2018_02_OAK_DEN,DEN,,,
2018,3,2018_03_DEN_BAL,DEN,,,
2018,4,2018_04_KC_DEN,DEN,,,
2018,5,2018_05_DEN_NYJ,DEN,,,
2018,6,2018_06_LA_DEN,DEN,,,
2018,7,2018_07_DEN_ARI,DEN,43.479168,0.35615079365079366,5.625992
2018,8,2018_08_DEN_KC,DEN,43.3125,0.32837301587301587,5.7926583
2018,9,2018_09_HOU_DEN,DEN,42.104168,0.37003968253968256,6.125992
2018,11,2018_11_DEN_LAC,DEN,43.1375,0.33194444444444443,6.373611
2018,12,2018_12_PIT_DEN,DEN,43.770832,0.3430555555555556,4.384722
2018,13,2018_13_DEN_CIN,DEN,44.75,0.30833333333333335,3.072222
2018,14,2018_14_DEN_SF,DEN,44.930557,0.3361111111111111,1.975
2018,15,2018_15_CLE_DEN,DEN,45.652775,0.3361111111111111,2.2250001
2018,16,2018_16_DEN_OAK,DEN,45.25,0.29444444444444445,2.1000001
2018,17,2018_17_LAC_DEN,DEN,45.88333,0.28888888888888886,4.511111
2019,1,2019_01_DEN_OAK,DEN,,,
2019,2,2019_02_CHI_DEN,DEN,,,
2019,3,2019_03_DEN_GB,DEN,,,
2019,4,2019_04_JAX_DEN,DEN,,,
2019,5,2019_05_DEN_LAC,DEN,,,
2019,6,2019_06_TEN_DEN,DEN,,,
2019,7,2019_07_KC_DEN,DEN,46.493057,0.41944444444444445,4.1430554
2019,8,2019_08_DEN_IND,DEN,45.104168,0.33214285714285713,4.833532
2019,9,2019_09_CLE_DEN,DEN,45.008926,0.3511904761904762,4.7906747
2019,11,2019_11_DEN_MIN,DEN,43.99504,0.33730158730158727,5.624008
2019,12,2019_12_DEN_BUF,DEN,42.300594,0.2261904761904762,5.485119
2019,13,2019_13_LAC_DEN,DEN,42.029762,0.2886904761904762,3.4642859
2019,14,2019_14_DEN_HOU,DEN,41.208927,0.3136904761904762,3.0684526
2019,15,2019_15_DEN_KC,DEN,41.708927,0.2898809523809524,2.544643
2019,16,2019_16_DET_DEN,DEN,42.2625,0.29583333333333334,2.2708333
2019,17,2019_17_OAK_DEN,DEN,42.92917,0.29583333333333334,4.5625
2020,1,2020_01_TEN_DEN,DEN,,,
2020,2,2020_02_DEN_PIT,DEN,,,
2020,3,2020_03_TB_DEN,DEN,,,
2020,4,2020_04_DEN_NYJ,DEN,,,
2020,6,2020_06_DEN_NE,DEN,,,
2020,7,2020_07_KC_DEN,DEN,,,
2020,8,2020_08_LAC_DEN,DEN,44.980556,0.28055555555555556,5.258333
2020,9,2020_09_DEN_ATL,DEN,45.875,0.20833333333333334,5.6805553
2020,10,2020_10_DEN_LV,DEN,46.333332,0.3,5.072222
2020,11,2020_11_MIA_DEN,DEN,48.430557,0.3,5.322222
2020,12,2020_12_NO_DEN,DEN,48.930557,0.35555555555555557,3.8222225
2020,13,2020_13_DEN_KC,DEN,50.41865,0.2722222222222222,4.2746034
2020,14,2020_14_DEN_CAR,DEN,47.863094,0.2722222222222222,3.3857143
2020,15,2020_15_BUF_DEN,DEN,46.210316,0.3277777777777778,2.3301587
2020,16,2020_16_DEN_LAC,DEN,46.79365,0.25,2.0912697
2020,17,2020_17_LV_DEN,DEN,45.30754,0.3055555555555555,1.2579365
2021,1,2021_01_DEN_NYG,DEN,,,
2021,2,2021_02_DEN_JAX,DEN,,,
2021,3,2021_03_NYJ_DEN,DEN,,,
2021,4,2021_04_BAL_DEN,DEN,,,
2021,5,2021_05_DEN_PIT,DEN,,,
2021,6,2021_06_LV_DEN,DEN,,,
2021,7,2021_07_DEN_CLE,DEN,43.127777,0.5388888888888889,1.525
2021,8,2021_08_WAS_DEN,DEN,45.044445,0.5388888888888889,1.9
2021,9,2021_09_DEN_DAL,DEN,45.044445,0.5388888888888889,2.4833333
2021,10,2021_10_PHI_DEN,DEN,43.488888,0.48333333333333334,2.4833333
2021,12,2021_12_LAC_DEN,DEN,44.13889,0.4166666666666667,1.7916666
2021,13,2021_13_DEN_KC,DEN,43.75,0.3611111111111111,1.7916666
2021,14,2021_14_DET_DEN,DEN,45.805557,0.27777777777777773,2.3055556
2021,15,2021_15_CIN_DEN,DEN,44.61111,0.27777777777777773,1.5416666
2021,16,2021_16_DEN_LV,DEN,45.694443,0.16666666666666666,1.4861112
2021,17,2021_17_DEN_LAC,DEN,47.905552,0.26666666666666666,1.6861111
2021,18,2021_18_KC_DEN,DEN,46.683334,0.3222222222222222,1.588889
2022,1,2022_01_DEN_SEA,DEN,,,
2022,2,2022_02_HOU_DEN,DEN,,,
2022,3,2022_03_SF_DEN,DEN,,,
2022,4,2022_04_DEN_LV,DEN,,,
2022,5,2022_05_IND_DEN,DEN,,,
2022,6,2022_06_DEN_LAC,DEN,,,
2022,7,2022_07_NYJ_DEN,DEN,44.42381,0.49523809523809526,2.7952383
2022,8,2022_08_DEN_JAX,DEN,45.090473,0.41190476190476194,2.7952383
2022,10,2022_10_DEN_TEN,DEN,46.45714,0.4063492063492063,3.2563493
2022,11,2022_11_LV_DEN,DEN,46.13492,0.30634920634920637,3.534127
2022,12,2022_12_DEN_CAR,DEN,45.893253,0.23968253968253972,4.46746
2022,13,2022_13_DEN_BAL,DEN,46.998016,0.25396825396825395,4.781746
2022,14,2022_14_KC_DEN,DEN,46.164684,0.20634920634920637,3.9246032
2022,15,2022_15_ARI_DEN,DEN,47.426586,0.12301587301587301,4.4484124
2022,16,2022_16_DEN_LA,DEN,46.393253,0.1952380952380952,4.1206346
2022,17,2022_17_DEN_KC,DEN,47.11548,0.2785714285714285,4.1761904
2022,18,2022_18_LAC_DEN,DEN,47.890476,0.3452380952380952,3.4761906
2023,1,2023_01_LV_DEN,DEN,,,
2023,2,2023_02_WAS_DEN,DEN,,,
2023,3,2023_03_DEN_MIA,DEN,,,
2023,4,2023_04_DEN_CHI,DEN,,,
2023,5,2023_05_NYJ_DEN,DEN,,,
2023,6,2023_06_DEN_KC,DEN,,,
2023,7,2023_07_GB_DEN,DEN,43.71111,0.3,2.75
2023,8,2023_08_KC_DEN,DEN,44.377777,0.21666666666666667,3.6944444
2023,10,2023_10_DEN_BUF,DEN,43.850002,0.25833333333333336,3.0694444
2023,11,2023_11_MIN_DEN,DEN,44.11667,0.225,2.5694444
2023,12,2023_12_CLE_DEN,DEN,46.36667,0.1416666666666667,3.361111
2023,13,2023_13_DEN_HOU,DEN,46.358334,0.17500000000000002,3.0777779
2023,14,2023_14_DEN_LAC,DEN,46.28056,0.225,2.9388888
2023,15,2023_15_DEN_DET,DEN,46.3996,0.3440476190476191,1.9944444
2023,16,2023_16_NE_DEN,DEN,48.116272,0.36904761904761907,2.386111
2023,17,2023_17_LAC_DEN,DEN,47.216267,0.35000000000000003,2.5527778
2023,18,2023_18_DEN_LV,DEN,46.2746,0.45,1.8277779
2024,1,2024_01_DEN_SEA,DEN,,,
2024,2,2024_02_PIT_DEN,DEN,,,
2024,3,2024_03_DEN_TB,DEN,,,
2024,4,2024_04_DEN_NYJ,DEN,,,
2024,5,2024_05_LV_DEN,DEN,,,
2024,6,2024_06_LAC_DEN,DEN,,,
2024,7,2024_07_DEN_NO,DEN,46.877777,0.49583333333333335,2.2625
2024,8,2024_08_CAR_DEN,DEN,45.940277,0.4680555555555555,2.9847221
2024,9,2024_09_DEN_BAL,DEN,45.690277,0.4958333333333333,2.2347221
2024,10,2024_10_DEN_KC,DEN,45.690277,0.4124999999999999,3.9847221
2024,11,2024_11_ATL_DEN,DEN,46.494446,0.3833333333333333,4.272222
2024,12,2024_12_DEN_LV,DEN,46.8,0.35555555555555557,5.4944444
2024,13,2024_13_CLE_DEN,DEN,47.033337,0.33888888888888885,5.211111
2024,15,2024_15_IND_DEN,DEN,48.399998,0.3833333333333333,4.7555556
2024,16,2024_16_DEN_LAC,DEN,47.872223,0.35555555555555557,5.7555556
2024,17,2024_17_DEN_CIN,DEN,47.472225,0.4222222222222222,4.572222
2024,18,2024_18_KC_DEN,DEN,46.52222,0.38888888888888884,3.8055556
2016,1,2016_01_DET_IND,DET,,,
2016,2,2016_02_TEN_DET,DET,,,
2016,3,2016_03_DET_GB,DET,,,
2016,4,2016_04_DET_CHI,DET,,,
2016,5,2016_05_PHI_DET,DET,,,
2016,6,2016_06_LA_DET,DET,,,
2016,7,2016_07_WAS_DET,DET,50.608334,0.4222222222222222,1.9916667
2016,8,2016_08_DET_HOU,DET,49.316666,0.39444444444444443,2.338889
2016,9,2016_09_DET_MIN,DET,49.516666,0.22777777777777777,3.2055557
2016,11,2016_11_JAX_DET,DET,50.333332,0.22777777777777777,4.1555557
2016,12,2016_12_MIN_DET,DET,50.25,0.2777777777777778,3.6722221
2016,13,2016_13_DET_NO,DET,48.416668,0.3055555555555556,3.338889
2016,14,2016_14_CHI_DET,DET,46.833332,0.3055555555555556,5.172222
2016,15,2016_15_DET_NYG,DET,46.833332,0.3333333333333333,4.2833333
2016,16,2016_16_DET_DAL,DET,47.03889,0.3611111111111111,3.8944445
2016,17,2016_17_GB_DET,DET,46.472225,0.4444444444444444,3.0694444
2017,1,2017_01_ARI_DET,DET,,,
2017,2,2017_02_DET_NYG,DET,,,
2017,3,2017_03_ATL_DET,DET,,,
2017,4,2017_04_DET_MIN,DET,,,
2017,5,2017_05_CAR_DET,DET,,,
2017,6,2017_06_DET_NO,DET,,,
2017,8,2017_08_PIT_DET,DET,43.938095,0.37142857142857144,2.5809524
2017,10,2017_10_CLE_DET,DET,44.249207,0.3936507936507936,2.5809524
2017,11,2017_11_DET_CHI,DET,44.615875,0.3353174603174603,2.7392857
2017,12,2017_12_MIN_DET,DET,43.815872,0.42698412698412697,1.972619
2017,13,2017_13_DET_BAL,DET,43.577778,0.39722222222222214,2.175
2017,14,2017_14_DET_TB,DET,44.350002,0.3916666666666666,2.5194445
2017,15,2017_15_CHI_DET,DET,43.149998,0.32499999999999996,2.3194444
2017,16,2017_16_DET_CIN,DET,44.122223,0.3527777777777777,2.4027777
2017,17,2017_17_GB_DET,DET,43.52222,0.37777777777777777,2.0444443
2018,1,2018_01_NYJ_DET,DET,,,
2018,2,2018_02_DET_SF,DET,,,
2018,3,2018_03_NE_DET,DET,,,
2018,4,2018_04_DET_DAL,DET,,,
2018,5,2018_05_GB_DET,DET,,,
2018,7,2018_07_DET_MIA,DET,,,
2018,8,2018_08_SEA_DET,DET,47.869446,0.39999999999999997,11.311111
2018,9,2018_09_DET_MIN,DET,46.966663,0.44166666666666665,4.116667
2018,10,2018_10_DET_CHI,DET,47.333332,0.375,4.4500003
2018,11,2018_11_CAR_DET,DET,46.333332,0.3333333333333333,5.2000003
2018,12,2018_12_CHI_DET,DET,47.01389,0.3333333333333333,5.172222
2018,13,2018_13_LA_DET,DET,46.980556,0.23333333333333336,6.638889
2018,14,2018_14_DET_ARI,DET,44.75833,0.28888888888888886,3.9722223
2018,15,2018_15_DET_BUF,DET,44.764286,0.3424603174603174,4.174603
2018,16,2018_16_MIN_DET,DET,44.911907,0.38055555555555554,3.636508
2018,17,2018_17_DET_GB,DET,45.32857,0.44999999999999996,3.10873
2019,1,2019_01_DET_ARI,DET,,,
2019,2,2019_02_LAC_DET,DET,,,
2019,3,2019_03_DET_PHI,DET,,,
2019,4,2019_04_KC_DET,DET,,,
2019,6,2019_06_DET_GB,DET,,,
2019,7,2019_07_MIN_DET,DET,,,
2019,8,2019_08_NYG_DET,DET,44.769444,0.42777777777777776,0.73333335
2019,9,2019_09_DET_OAK,DET,45.56111,0.3444444444444444,0.52500004
2019,10,2019_10_DET_CHI,DET,45.394444,0.2611111111111111,1.8583332
2019,11,2019_11_DAL_DET,DET,44.61111,0.3055555555555555,2.0416667
2019,12,2019_12_DET_WAS,DET,44.805557,0.4166666666666667,1.9305555
2019,13,2019_13_CHI_DET,DET,43.805557,0.375,2.3055556
2019,14,2019_14_DET_MIN,DET,43.172222,0.3638888888888889,1.6722223
2019,15,2019_15_TB_DET,DET,44.100796,0.4353174603174603,2.529365
2019,16,2019_16_DET_DEN,DET,45.53413,0.501984126984127,1.1960317
2019,17,2019_17_GB_DET,DET,47.484127,0.39087301587301587,1.6793652
2020,1,2020_01_CHI_DET,DET,,,
2020,2,2020_02_DET_GB,DET,,,
2020,3,2020_03_DET_ARI,DET,,,
2020,4,2020_04_NO_DET,DET,,,
2020,6,2020_06_DET_JAX,DET,,,
2020,7,2020_07_DET_ATL,DET,,,
2020,8,2020_08_IND_DET,DET,52.908337,0.42777777777777776,1.5749999
2020,9,2020_09_DET_MIN,DET,53.433334,0.3444444444444444,1.975
2020,10,2020_10_WAS_DET,DET,52.149998,0.2777777777777778,1.525
2020,11,2020_11_DET_CAR,DET,50.858334,0.27777777777777773,1.525
2020,12,2020_12_HOU_DET,DET,48.80278,0.34722222222222215,0.73333335
2020,13,2020_13_DET_CHI,DET,48.969448,0.4583333333333333,0.73333335
2020,14,2020_14_GB_DET,DET,46.469448,0.40277777777777773,1.0111111
2020,15,2020_15_DET_TEN,DET,45.180557,0.40277777777777773,0.72222227
2020,16,2020_16_TB_DET,DET,43.430557,0.5694444444444445,0.97222227
2020,17,2020_17_MIN_DET,DET,43.430557,0.5486111111111112,1.3888888
2021,1,2021_01_SF_DET,DET,,,
2021,2,2021_02_DET_GB,DET,,,
2021,3,2021_03_BAL_DET,DET,,,
2021,4,2021_04_DET_CHI,DET,,,
2021,5,2021_05_DET_MIN,DET,,,
2021,6,2021_06_CIN_DET,DET,,,
2021,7,2021_07_DET_LA,DET,51.916668,0.5,3.4722223
2021,8,2021_08_PHI_DET,DET,49.472225,0.4444444444444444,2.4722223
2021,10,2021_10_DET_PIT,DET,48.333332,0.38888888888888884,2.9722223
2021,11,2021_11_DET_CLE,DET,48.483334,0.35000000000000003,2.7055557
2021,12,2021_12_CHI_DET,DET,47.03889,0.29444444444444445,2.7055557
2021,13,2021_13_MIN_DET,DET,46.872223,0.2111111111111111,3.7055557
2021,14,2021_14_DET_DEN,DET,46.844448,0.18333333333333332,4.261111
2021,15,2021_15_ARI_DET,DET,49.67778,0.18333333333333332,5.3444443
2021,16,2021_16_DET_ATL,DET,49.28889,0.12777777777777777,5.677778
2021,17,2021_17_DET_SEA,DET,50.63889,0.19444444444444442,5.861111
2021,18,2021_18_GB_DET,DET,50.194443,0.13888888888888887,5.8055553
2022,1,2022_01_PHI_DET,DET,,,
2022,2,2022_02_WAS_DET,DET,,,
2022,3,2022_03_DET_MIN,DET,,,
2022,4,2022_04_SEA_DET,DET,,,
2022,5,2022_05_DET_NE,DET,,,
2022,7,2022_07_DET_DAL,DET,,,
2022,8,2022_08_MIA_DET,DET,47.80278,0.25555555555555554,8.002778
2022,9,2022_09_GB_DET,DET,49.844448,0.1722222222222222,9.461111
2022,10,2022_10_DET_CHI,DET,48.166668,0.19444444444444445,8.916667
2022,11,2022_11_DET_NYG,DET,48.430557,0.13888888888888887,9.638888
2022,12,2022_12_BUF_DET,DET,48.380554,0.1722222222222222,9.388888
2022,14,2022_14_MIN_DET,DET,49.630554,0.25555555555555554,8.388888
2022,15,2022_15_DET_NYJ,DET,49.630554,0.33888888888888885,5.472222
2022,16,2022_16_DET_CAR,DET,47.297222,0.38055555555555554,3.7222223
2022,17,2022_17_CHI_DET,DET,48.325,0.4083333333333334,3.625
2022,18,2022_18_DET_GB,DET,48.95,0.46388888888888885,2.347222
2023,1,2023_01_DET_KC,DET,,,
2023,2,2023_02_SEA_DET,DET,,,
2023,3,2023_03_ATL_DET,DET,,,
2023,4,2023_04_DET_GB,DET,,,
2023,5,2023_05_CAR_DET,DET,,,
2023,6,2023_06_DET_TB,DET,,,
2023,7,2023_07_DET_BAL,DET,46.17778,0.47500000000000003,2.5055556
2023,8,2023_08_LV_DET,DET,46.444443,0.4583333333333333,1.9722222
2023,10,2023_10_DET_LAC,DET,45.61111,0.4583333333333333,1.9722222
2023,11,2023_11_CHI_DET,DET,42.833332,0.5416666666666666,1.6666666
2023,12,2023_12_GB_DET,DET,43.416668,0.6666666666666666,0.25
2023,13,2023_13_DET_NO,DET,43.0,0.5833333333333334,0.0
2023,14,2023_14_DET_CHI,DET,43.966663,0.5333333333333333,1.0
2023,15,2023_15_DEN_DET,DET,44.925,0.49166666666666664,3.3333333
2023,16,2023_16_DET_MIN,DET,42.8,0.5333333333333333,3.3333333
2023,17,2023_17_DET_DAL,DET,45.911114,0.4777777777777777,3.611111
2023,18,2023_18_MIN_DET,DET,45.952778,0.3944444444444444,3.611111
2024,1,2024_01_LA_DET,DET,,,
2024,2,2024_02_TB_DET,DET,,,
2024,3,2024_03_DET_ARI,DET,,,
2024,4,2024_04_SEA_DET,DET,,,
2024,7,2024_07_DET_MIN,DET,,,
2024,8,2024_08_TEN_DET,DET,,,
2024,9,2024_09_DET_GB,DET,50.469448,0.525,1.4805555
2024,10,2024_10_DET_HOU,DET,49.17778,0.48333333333333334,1.7722222
2024,12,2024_12_DET_IND,DET,51.42778,0.35833333333333334,3.5638888
2024,13,2024_13_CHI_DET,DET,51.194443,0.3916666666666666,3.7305555
2024,14,2024_14_GB_DET,DET,51.75,0.5583333333333332,3.675
2024,15,2024_15_BUF_DET,DET,50.291668,0.5166666666666666,3.05
2024,16,2024_16_DET_CHI,DET,49.402775,0.47222222222222215,3.361111
2024,18,2024_18_MIN_DET,DET,48.944443,0.4305555555555555,4.569444
2016,1,2016_01_GB_JAX,GB,,,
2016,2,2016_02_GB_MIN,GB,,,
2016,3,2016_03_DET_GB,GB,,,
2016,5,2016_05_NYG_GB,GB,,,
2016,6,2016_06_DAL_GB,GB,,,
2016,7,2016_07_CHI_GB,GB,,,
2016,8,2016_08_GB_ATL,GB,42.600002,0.2833333333333333,2.1666667
2016,9,2016_09_IND_GB,GB,43.988888,0.2833333333333333,3.1388886
2016,10,2016_10_GB_TEN,GB,45.597225,0.3333333333333333,3.2638886
2016,11,2016_11_GB_WAS,GB,47.097225,0.2916666666666667,2.8888886
2016,12,2016_12_GB_PHI,GB,48.680557,0.34722222222222227,3.0833333
2016,13,2016_13_HOU_GB,GB,48.01389,0.34722222222222215,3.0833333
2016,14,2016_14_SEA_GB,GB,47.51389,0.4472222222222222,3.6166668
2016,15,2016_15_GB_CHI,GB,44.875,0.5722222222222222,2.0611112
2016,16,2016_16_MIN_GB,GB,43.833332,0.4888888888888889,2.6444445
2016,17,2016_17_GB_DET,GB,42.61111,0.5027777777777778,2.2416666
2017,1,2017_01_SEA_GB,GB,,,
2017,2,2017_02_GB_ATL,GB,,,
2017,3,2017_03_CIN_GB,GB,,,
2017,4,2017_04_CHI_GB,GB,,,
2017,5,2017_05_GB_DAL,GB,,,
2017,6,2017_06_GB_MIN,GB,,,
2017,7,2017_07_NO_GB,GB,45.455555,0.37222222222222223,1.1055555
2017,9,2017_09_DET_GB,GB,46.088886,0.3722222222222222,1.1055555
2017,10,2017_10_GB_CHI,GB,46.588886,0.37222222222222223,1.6055555
2017,11,2017_11_BAL_GB,GB,45.033337,0.35833333333333334,1.0777777
2017,12,2017_12_GB_PIT,GB,43.833332,0.35833333333333334,1.7777778
2017,13,2017_13_TB_GB,GB,43.783337,0.27499999999999997,2.161111
2017,14,2017_14_GB_CLE,GB,44.019444,0.1638888888888889,2.8
2017,15,2017_15_GB_CAR,GB,44.044445,0.17222222222222225,2.7749999
2017,16,2017_16_MIN_GB,GB,43.766666,0.2833333333333334,2.6916666
2017,17,2017_17_GB_DET,GB,43.516666,0.2694444444444445,2.663889
2018,1,2018_01_CHI_GB,GB,,,
2018,2,2018_02_MIN_GB,GB,,,
2018,3,2018_03_GB_WAS,GB,,,
2018,4,2018_04_BUF_GB,GB,,,
2018,6,2018_06_SF_GB,GB,,,
2018,8,2018_08_GB_LA,GB,,,
2018,9,2018_09_GB_NE,GB,45.083332,0.3,2.6333334
2018,10,2018_10_MIA_GB,GB,44.083332,0.2916666666666667,0.75833327
2018,11,2018_11_GB_SEA,GB,38.533333,0.30833333333333335,0.325
2018,12,2018_12_GB_MIN,GB,38.68889,0.2972222222222222,0.025
2018,13,2018_13_ARI_GB,GB,39.230556,0.2972222222222222,0.62222224
2018,14,2018_14_ATL_GB,GB,40.84365,0.30317460317460315,0.9555555
2018,15,2018_15_GB_CHI,GB,40.751984,0.30317460317460315,1.4722222
2018,16,2018_16_GB_NYJ,GB,40.685318,0.30317460317460315,3.238889
2018,17,2018_17_DET_GB,GB,43.87976,0.21984126984126984,3.9055557
2019,1,2019_01_GB_CHI,GB,,,
2019,2,2019_02_MIN_GB,GB,,,
2019,3,2019_03_DEN_GB,GB,,,
2019,4,2019_04_PHI_GB,GB,,,
2019,5,2019_05_GB_DAL,GB,,,
2019,6,2019_06_DET_GB,GB,,,
2019,7,2019_07_OAK_GB,GB,48.474537,0.4328703703703704,1.8125
2019,8,2019_08_GB_KC,GB,49.770832,0.3958333333333333,3.7569447
2019,9,2019_09_GB_LAC,GB,47.722225,0.4305555555555556,4.236111
2019,10,2019_10_CAR_GB,GB,45.155552,0.37222222222222223,4.1444445
2019,12,2019_12_GB_SF,GB,44.113888,0.37222222222222223,4.1444445
2019,13,2019_13_GB_NYG,GB,42.058334,0.31666666666666665,4.0333333
2019,14,2019_14_WAS_GB,GB,41.225002,0.37222222222222223,4.7000003
2019,15,2019_15_CHI_GB,GB,38.71111,0.39999999999999997,2.338889
2019,16,2019_16_GB_MIN,GB,38.7746,0.392063492063492,1.7912698
2019,17,2019_17_GB_DET,GB,40.307938,0.392063492063492,2.5246031
2020,1,2020_01_GB_MIN,GB,,,
2020,2,2020_02_DET_GB,GB,,,
2020,3,2020_03_GB_NO,GB,,,
2020,4,2020_04_ATL_GB,GB,,,
2020,6,2020_06_GB_TB,GB,,,
2020,7,2020_07_GB_HOU,GB,,,
2020,8,2020_08_MIN_GB,GB,41.499207,0.4142857142857143,3.6809523
2020,9,2020_09_GB_SF,GB,41.165874,0.4142857142857143,3.6809523
2020,10,2020_10_JAX_GB,GB,42.610317,0.24761904761904763,4.403175
2020,11,2020_11_GB_IND,GB,43.44365,0.28095238095238095,5.836508
2020,12,2020_12_CHI_GB,GB,43.19365,0.28095238095238095,6.336508
2020,13,2020_13_PHI_GB,GB,43.122223,0.31666666666666665,5.6222224
2020,14,2020_14_GB_DET,GB,44.305557,0.325,8.030556
2020,15,2020_15_CAR_GB,GB,46.38889,0.24166666666666667,8.030556
2020,17,2020_17_GB_CHI,GB,45.472225,0.2972222222222222,7.863889
2021,1,2021_01_GB_NO,GB,,,
2021,2,2021_02_DET_GB,GB,,,
2021,3,2021_03_GB_SF,GB,,,
2021,4,2021_04_PIT_GB,GB,,,
2021,5,2021_05_GB_CIN,GB,,,
2021,6,2021_06_GB_CHI,GB,,,
2021,7,2021_07_WAS_GB,GB,46.805557,0.34722222222222215,3.9305553
2021,8,2021_08_GB_ARI,GB,47.194443,0.3611111111111111,3.3888886
2021,9,2021_09_GB_KC,GB,47.972225,0.36111111111111116,3.611111
2021,10,2021_10_SEA_GB,GB,47.902775,0.34722222222222215,2.4583333
2021,11,2021_11_GB_MIN,GB,48.01389,0.34722222222222227,1.6805555
2021,12,2021_12_LA_GB,GB,50.930557,0.34722222222222227,2.1805556
2021,14,2021_14_CHI_GB,GB,48.66389,0.44722222222222224,2.0027778
2021,15,2021_15_GB_BAL,GB,48.066666,0.4333333333333333,7.461111
2021,16,2021_16_CLE_GB,GB,47.622223,0.32222222222222224,6.683333
2021,17,2021_17_MIN_GB,GB,46.41389,0.3138888888888889,7.4249997
2021,18,2021_18_GB_DET,GB,43.886112,0.25833333333333336,7.4249997
2022,1,2022_01_GB_MIN,GB,,,
2022,2,2022_02_CHI_GB,GB,,,
2022,3,2022_03_GB_TB,GB,,,
2022,4,2022_04_NE_GB,GB,,,
2022,5,2022_05_NYG_GB,GB,,,
2022,6,2022_06_NYJ_GB,GB,,,
2022,7,2022_07_GB_WAS,GB,46.363094,0.5051587301587301,3.488492
2022,8,2022_08_GB_BUF,GB,45.838093,0.44682539682539685,3.4634922
2022,9,2022_09_GB_DET,GB,43.088093,0.36349206349206353,4.880159
2022,10,2022_10_DAL_GB,GB,40.183334,0.41111111111111115,4.2611113
2022,11,2022_11_TEN_GB,GB,39.850002,0.4694444444444444,3.086111
2022,12,2022_12_GB_PHI,GB,40.83611,0.45555555555555555,3.586111
2022,13,2022_13_GB_CHI,GB,40.975002,0.4833333333333334,2.6416667
2022,15,2022_15_LA_GB,GB,41.48611,0.4166666666666667,3.375
2022,16,2022_16_GB_MIA,GB,40.23611,0.5833333333333334,3.2916667
2022,17,2022_17_MIN_GB,GB,42.73611,0.4166666666666667,3.2916667
2022,18,2022_18_DET_GB,GB,40.569447,0.34722222222222227,2.8333333
2023,1,2023_01_GB_CHI,GB,,,
2023,2,2023_02_GB_ATL,GB,,,
2023,3,2023_03_NO_GB,GB,,,
2023,4,2023_04_DET_GB,GB,,,
2023,5,2023_05_GB_LV,GB,,,
2023,7,2023_07_GB_DEN,GB,,,
2023,8,2023_08_MIN_GB,GB,47.877777,0.26944444444444443,6.2944446
2023,9,2023_09_LA_GB,GB,48.202778,0.23611111111111113,7.177778
2023,10,2023_10_GB_PIT,GB,47.161114,0.2777777777777778,7.886111
2023,11,2023_11_LAC_GB,GB,48.244446,0.23611111111111113,5.552778
2023,12,2023_12_GB_DET,GB,47.652775,0.3194444444444445,4.9027777
2023,13,2023_13_KC_GB,GB,46.319443,0.4444444444444445,4.6527777
2023,14,2023_14_GB_NYG,GB,44.041668,0.5,4.0416665
2023,15,2023_15_TB_GB,GB,42.02778,0.5555555555555556,2.625
2023,16,2023_16_GB_CAR,GB,42.61111,0.5972222222222222,2.1666667
2023,17,2023_17_GB_MIN,GB,43.041668,0.5555555555555556,1.3333334
2024,1,2024_01_GB_PHI,GB,,,
2024,2,2024_02_IND_GB,GB,,,
2024,3,2024_03_GB_TEN,GB,,,
2024,4,2024_04_MIN_GB,GB,,,
2024,5,2024_05_GB_LA,GB,,,
2024,6,2024_06_ARI_GB,GB,,,
2024,7,2024_07_HOU_GB,GB,45.88889,0.5611111111111111,1.3555555
2024,8,2024_08_GB_JAX,GB,49.18889,0.4777777777777778,2.222222
2024,9,2024_09_DET_GB,GB,49.5,0.41111111111111115,2.788889
2024,11,2024_11_GB_CHI,GB,48.36667,0.5777777777777778,1.9888889
2024,12,2024_12_SF_GB,GB,46.2,0.6333333333333334,1.4333334
2024,13,2024_13_MIA_GB,GB,48.125,0.6416666666666667,3.1416667
2024,14,2024_14_GB_DET,GB,47.625,0.6,3.3500001
2024,15,2024_15_GB_SEA,GB,45.10278,0.7111111111111111,2.4833333
2024,16,2024_16_NO_GB,GB,44.152775,0.6527777777777778,2.4166667
2024,17,2024_17_GB_MIN,GB,44.902775,0.4861111111111111,2.4166667
2024,18,2024_18_CHI_GB,GB,44.11111,0.3611111111111111,2.4166667
2016,1,2016_01_CHI_HOU,HOU,,,
2016,2,2016_02_KC_HOU,HOU,,,
2016,3,2016_03_HOU_NE,HOU,,,
2016,4,2016_04_TEN_HOU,HOU,,,
2016,5,2016_05_HOU_MIN,HOU,,,
2016,6,2016_06_IND_HOU,HOU,,,
2016,7,2016_07_HOU_DEN,HOU,48.2,0.3666666666666667,9.616667
2016,8,2016_08_DET_HOU,HOU,48.166668,0.36666666666666664,9.383333
2016,10,2016_10_HOU_JAX,HOU,48.325,0.4583333333333333,7.491667
2016,11,2016_11_HOU_OAK,HOU,47.825,0.40277777777777773,7.241667
2016,12,2016_12_SD_HOU,HOU,48.158337,0.34722222222222227,7.241667
2016,13,2016_13_HOU_GB,HOU,47.466663,0.32222222222222224,4.366667
2016,14,2016_14_HOU_IND,HOU,47.566666,0.32222222222222224,5.4
2016,15,2016_15_JAX_HOU,HOU,48.166668,0.45555555555555555,4.522222
2016,16,2016_16_CIN_HOU,HOU,47.24167,0.46388888888888885,4.613889
2016,17,2016_17_HOU_TEN,HOU,47.30417,0.4916666666666667,4.259722
2017,1,2017_01_JAX_HOU,HOU,,,
2017,2,2017_02_HOU_CIN,HOU,,,
2017,3,2017_03_HOU_NE,HOU,,,
2017,4,2017_04_TEN_HOU,HOU,,,
2017,5,2017_05_KC_HOU,HOU,,,
2017,6,2017_06_CLE_HOU,HOU,,,
2017,8,2017_08_HOU_SEA,HOU,51.59815,0.38465608465608464,8.296958
2017,9,2017_09_IND_HOU,HOU,53.23148,0.3846560846560847,8.396958
2017,10,2017_10_HOU_LA,HOU,53.208332,0.4517857142857143,7.0821433
2017,11,2017_11_ARI_HOU,HOU,51.26389,0.4795634920634921,5.7626987
2017,12,2017_12_HOU_BAL,HOU,48.902775,0.3962301587301587,5.7071433
2017,13,2017_13_HOU_TEN,HOU,48.152775,0.37123015873015874,2.9404762
2017,14,2017_14_SF_HOU,HOU,47.541668,0.37916666666666665,4.1944447
2017,15,2017_15_HOU_JAX,HOU,47.430553,0.34027777777777773,4.277778
2017,16,2017_16_PIT_HOU,HOU,47.154037,0.2815656565656566,4.641414
2017,17,2017_17_HOU_IND,HOU,47.491344,0.21807359307359309,5.7049065
2018,1,2018_01_HOU_NE,HOU,,,
2018,2,2018_02_HOU_TEN,HOU,,,
2018,3,2018_03_NYG_HOU,HOU,,,
2018,4,2018_04_HOU_IND,HOU,,,
2018,5,2018_05_DAL_HOU,HOU,,,
2018,6,2018_06_BUF_HOU,HOU,,,
2018,7,2018_07_HOU_JAX,HOU,44.38889,0.4777777777777778,2.538889
2018,8,2018_08_MIA_HOU,HOU,45.694443,0.5055555555555555,3.1222222
2018,9,2018_09_HOU_DEN,HOU,45.894444,0.45555555555555555,4.0055556
2018,11,2018_11_HOU_WAS,HOU,45.81111,0.5111111111111111,4.1444445
2018,12,2018_12_TEN_HOU,HOU,43.911114,0.37777777777777777,3.5111113
2018,13,2018_13_CLE_HOU,HOU,42.488888,0.3888888888888889,2.9222221
2018,14,2018_14_IND_HOU,HOU,42.055557,0.4888888888888889,2.6555555
2018,15,2018_15_HOU_NYJ,HOU,41.90278,0.44027777777777777,3.051389
2018,16,2018_16_HOU_PHI,HOU,42.480556,0.4069444444444444,3.3069446
2018,17,2018_17_JAX_HOU,HOU,40.661114,0.37916666666666665,3.2930555
2019,1,2019_01_HOU_NO,HOU,,,
2019,2,2019_02_JAX_HOU,HOU,,,
2019,3,2019_03_HOU_LAC,HOU,,,
2019,4,2019_04_CAR_HOU,HOU,,,
2019,5,2019_05_ATL_HOU,HOU,,,
2019,7,2019_07_HOU_IND,HOU,,,
2019,8,2019_08_OAK_HOU,HOU,43.79286,0.3738095238095238,1.0059524
2019,9,2019_09_HOU_JAX,HOU,45.25119,0.3738095238095238,0.29761904
2019,11,2019_11_HOU_BAL,HOU,45.497223,0.4055555555555555,0.5277778
2019,12,2019_12_IND_HOU,HOU,44.21944,0.3361111111111111,0.7916667
2019,13,2019_13_NE_HOU,HOU,43.48611,0.3194444444444444,0.7916667
2019,14,2019_14_DEN_HOU,HOU,45.519444,0.41944444444444445,0.99166673
2019,15,2019_15_HOU_TEN,HOU,44.269444,0.41944444444444445,1.1583334
2019,16,2019_16_HOU_TB,HOU,43.35278,0.5027777777777778,1.8249999
2019,17,2019_17_TEN_HOU,HOU,43.213886,0.5583333333333333,1.463889
2020,1,2020_01_HOU_KC,HOU,,,
2020,2,2020_02_BAL_HOU,HOU,,,
2020,3,2020_03_HOU_PIT,HOU,,,
2020,4,2020_04_MIN_HOU,HOU,,,
2020,5,2020_05_JAX_HOU,HOU,,,
2020,6,2020_06_HOU_TEN,HOU,,,
2020,7,2020_07_GB_HOU,HOU,45.277775,0.4583333333333333,2.222222
2020,9,2020_09_HOU_JAX,HOU,46.98611,0.4305555555555556,2.472222
2020,10,2020_10_HOU_CLE,HOU,46.641666,0.41944444444444445,2.1277778
2020,11,2020_11_NE_HOU,HOU,46.641666,0.43333333333333335,1.8916668
2020,12,2020_12_HOU_DET,HOU,44.975002,0.47500000000000003,1.7666668
2020,13,2020_13_IND_HOU,HOU,45.975002,0.3638888888888889,1.7666668
2020,14,2020_14_HOU_CHI,HOU,45.32222,0.3222222222222222,2.1555555
2020,15,2020_15_HOU_IND,HOU,43.94722,0.23888888888888885,2.0722222
2020,16,2020_16_CIN_HOU,HOU,44.430557,0.3055555555555555,3.0555556
2020,17,2020_17_TEN_HOU,HOU,43.847225,0.34722222222222215,2.888889
2021,1,2021_01_JAX_HOU,HOU,,,
2021,2,2021_02_HOU_CLE,HOU,,,
2021,3,2021_03_CAR_HOU,HOU,,,
2021,4,2021_04_HOU_BUF,HOU,,,
2021,5,2021_05_NE_HOU,HOU,,,
2021,6,2021_06_HOU_IND,HOU,,,
2021,7,2021_07_HOU_ARI,HOU,44.447224,0.4305555555555556,3.2055557
2021,8,2021_08_LA_HOU,HOU,45.24881,0.3948412698412698,3.8206348
2021,9,2021_09_HOU_MIA,HOU,45.20714,0.40079365079365076,2.9515874
2021,11,2021_11_HOU_TEN,HOU,45.62381,0.4174603174603175,3.5126984
2021,12,2021_12_NYJ_HOU,HOU,44.566666,0.5031746031746032,3.1888888
2021,13,2021_13_IND_HOU,HOU,46.933334,0.5142857142857143,3.0333335
2021,14,2021_14_SEA_HOU,HOU,48.255554,0.40873015873015867,3.7944443
2021,15,2021_15_HOU_JAX,HOU,47.698414,0.39444444444444443,4.184921
2021,16,2021_16_LAC_HOU,HOU,47.073414,0.47182539682539687,6.1789684
2021,17,2021_17_HOU_SF,HOU,48.073414,0.37182539682539684,5.145635
2021,18,2021_18_TEN_HOU,HOU,48.573414,0.27658730158730155,5.4551587
2022,1,2022_01_IND_HOU,HOU,,,
2022,2,2022_02_HOU_DEN,HOU,,,
2022,3,2022_03_HOU_CHI,HOU,,,
2022,4,2022_04_LAC_HOU,HOU,,,
2022,5,2022_05_HOU_JAX,HOU,,,
2022,7,2022_07_HOU_LV,HOU,,,
2022,8,2022_08_TEN_HOU,HOU,50.54365,0.6103174603174603,4.7261906
2022,9,2022_09_PHI_HOU,HOU,50.76389,0.6013888888888889,4.75
2022,10,2022_10_HOU_NYG,HOU,50.497223,0.5763888888888888,3.1166668
2022,11,2022_11_WAS_HOU,HOU,50.06389,0.4763888888888888,3.1499999
2022,12,2022_12_HOU_MIA,HOU,49.341663,0.4486111111111111,2.4277778
2022,13,2022_13_CLE_HOU,HOU,49.536114,0.41289682539682543,2.368254
2022,14,2022_14_HOU_DAL,HOU,48.798016,0.29384920634920636,4.415873
2022,15,2022_15_KC_HOU,HOU,49.21468,0.3146825396825397,3.9575396
2022,16,2022_16_HOU_TEN,HOU,48.34802,0.33968253968253964,3.890873
2022,17,2022_17_JAX_HOU,HOU,48.08135,0.33968253968253964,4.3575397
2022,18,2022_18_HOU_IND,HOU,47.748016,0.3674603174603175,4.7464285
2023,1,2023_01_HOU_BAL,HOU,,,
2023,2,2023_02_IND_HOU,HOU,,,
2023,3,2023_03_HOU_JAX,HOU,,,
2023,4,2023_04_PIT_HOU,HOU,,,
2023,5,2023_05_HOU_ATL,HOU,,,
2023,6,2023_06_NO_HOU,HOU,,,
2023,8,2023_08_HOU_CAR,HOU,42.330555,0.25277777777777777,0.77777773
2023,9,2023_09_TB_HOU,HOU,42.96944,0.3638888888888889,1.111111
2023,10,2023_10_HOU_CIN,HOU,45.580555,0.3638888888888889,2.3333333
2023,11,2023_11_ARI_HOU,HOU,45.41389,0.4055555555555555,2.6666667
2023,12,2023_12_JAX_HOU,HOU,46.91389,0.4333333333333333,2.4166667
2023,13,2023_13_DEN_HOU,HOU,48.41389,0.4611111111111111,3.0555556
2023,14,2023_14_HOU_NYJ,HOU,48.94246,0.4087301587301588,3.2222223
2023,15,2023_15_HOU_TEN,HOU,49.40774,0.33928571428571425,3.2430556
2023,16,2023_16_CLE_HOU,HOU,47.51885,0.4226190476190476,2.4930556
2023,17,2023_17_TEN_HOU,HOU,47.866074,0.4503968253968254,2.659722
2023,18,2023_18_HOU_IND,HOU,48.64385,0.4226190476190476,3.6319444
2024,1,2024_01_HOU_IND,HOU,,,
2024,2,2024_02_CHI_HOU,HOU,,,
2024,3,2024_03_HOU_MIN,HOU,,,
2024,4,2024_04_JAX_HOU,HOU,,,
2024,5,2024_05_BUF_HOU,HOU,,,
2024,6,2024_06_HOU_NE,HOU,,,
2024,7,2024_07_HOU_GB,HOU,41.838886,0.35833333333333334,1.3333334
2024,8,2024_08_IND_HOU,HOU,45.7,0.4694444444444444,1.6944445
2024,9,2024_09_HOU_NYJ,HOU,45.422222,0.5527777777777777,2.0
2024,10,2024_10_DET_HOU,HOU,46.60278,0.5805555555555556,1.5833334
2024,11,2024_11_HOU_DAL,HOU,48.463886,0.5361111111111111,2.027778
2024,12,2024_12_TEN_HOU,HOU,49.847225,0.5944444444444444,1.8611112
2024,13,2024_13_HOU_JAX,HOU,50.13889,0.6861111111111112,1.2611111
2024,15,2024_15_MIA_HOU,HOU,50.027775,0.6583333333333333,1.1083333
2024,16,2024_16_HOU_KC,HOU,51.222225,0.5527777777777778,1.5749999
2024,17,2024_17_BAL_HOU,HOU,51.416668,0.4416666666666667,2.325
2024,18,2024_18_HOU_TEN,HOU,50.277775,0.4583333333333333,2.0194445
2016,1,2016_01_DET_IND,IND,,,
2016,2,2016_02_IND_DEN,IND,,,
2016,3,2016_03_SD_IND,IND,,,
2016,4,2016_04_IND_JAX,IND,,,
2016,5,2016_05_CHI_IND,IND,,,
2016,6,2016_06_IND_HOU,IND,,,
2016,7,2016_07_IND_TEN,IND,50.66389,0.4611111111111111,2.4750001
2016,8,2016_08_KC_IND,IND,51.03889,0.41944444444444445,2.8083334
2016,9,2016_09_IND_GB,IND,49.884125,0.40158730158730155,3.0821428
2016,11,2016_11_TEN_IND,IND,52.411907,0.2349206349206349,3.415476
2016,12,2016_12_PIT_IND,IND,51.467457,0.34603174603174597,2.8043652
2016,13,2016_13_IND_NYJ,IND,48.57857,0.23492063492063495,2.8043652
2016,14,2016_14_HOU_IND,IND,48.928574,0.30158730158730157,2.0376985
2016,15,2016_15_IND_MIN,IND,47.178574,0.30158730158730157,1.7460318
2016,16,2016_16_IND_OAK,IND,45.972225,0.3888888888888889,0.38888887
2016,17,2016_17_JAX_IND,IND,45.055557,0.3888888888888889,0.72222227
2017,1,2017_01_IND_LA,IND,,,
2017,2,2017_02_ARI_IND,IND,,,
2017,3,2017_03_CLE_IND,IND,,,
2017,4,2017_04_IND_SEA,IND,,,
2017,5,2017_05_SF_IND,IND,,,
2017,6,2017_06_IND_TEN,IND,,,
2017,7,2017_07_JAX_IND,IND,47.01389,0.3968253968253968,1.3928571
2017,8,2017_08_IND_CIN,IND,46.101192,0.43650793650793646,0.9761905
2017,9,2017_09_IND_HOU,IND,44.986904,0.3650793650793651,1.8000001
2017,10,2017_10_PIT_IND,IND,44.284527,0.3452380952380953,1.9111112
2017,12,2017_12_TEN_IND,IND,45.1496,0.33730158730158727,2.0777779
2017,13,2017_13_IND_JAX,IND,45.0246,0.20396825396825394,2.3111112
2017,14,2017_14_IND_BUF,IND,43.92738,0.20396825396825394,1.4777778
2017,15,2017_15_DEN_IND,IND,42.855953,0.15634920634920635,1.4777778
2017,16,2017_16_IND_BAL,IND,43.589283,0.2396825396825397,0.5111111
2017,17,2017_17_HOU_IND,IND,42.839283,0.2119047619047619,0.4
2018,1,2018_01_CIN_IND,IND,,,
2018,2,2018_02_IND_WAS,IND,,,
2018,3,2018_03_IND_PHI,IND,,,
2018,4,2018_04_HOU_IND,IND,,,
2018,5,2018_05_IND_NE,IND,,,
2018,6,2018_06_IND_NYJ,IND,,,
2018,7,2018_07_BUF_IND,IND,46.122223,0.22222222222222224,2.527778
2018,8,2018_08_IND_OAK,IND,46.03889,0.3055555555555556,2.6111112
2018,10,2018_10_JAX_IND,IND,45.872223,0.2722222222222222,2.2444444
2018,11,2018_11_TEN_IND,IND,46.13889,0.2611111111111111,2.1666667
2018,12,2018_12_MIA_IND,IND,46.694443,0.36111111111111116,1.5
2018,13,2018_13_IND_JAX,IND,44.527775,0.3611111111111111,0.38888887
2018,14,2018_14_IND_HOU,IND,45.055557,0.4444444444444444,0.11111113
2018,15,2018_15_DAL_IND,IND,44.944443,0.4166666666666667,0.6111111
2018,16,2018_16_NYG_IND,IND,45.944443,0.5833333333333334,1.111111
2018,17,2018_17_IND_TEN,IND,46.027775,0.6527777777777778,1.0555556
2019,1,2019_01_IND_LAC,IND,,,
2019,2,2019_02_IND_TEN,IND,,,
2019,3,2019_03_ATL_IND,IND,,,
2019,4,2019_04_OAK_IND,IND,,,
2019,5,2019_05_IND_KC,IND,,,
2019,7,2019_07_HOU_IND,IND,,,
2019,8,2019_08_DEN_IND,IND,44.933334,0.25555555555555554,2.8805554
2019,9,2019_09_IND_PIT,IND,46.666668,0.32222222222222224,3.6138887
2019,10,2019_10_MIA_IND,IND,45.899998,0.3444444444444445,2.7472222
2019,11,2019_11_JAX_IND,IND,44.233334,0.3861111111111111,1.7472223
2019,12,2019_12_IND_HOU,IND,43.649998,0.30277777777777776,1.5805556
2019,13,2019_13_TEN_IND,IND,44.783337,0.34722222222222227,2.2916667
2019,14,2019_14_IND_TB,IND,45.755554,0.3194444444444445,2.6111112
2019,15,2019_15_IND_NO,IND,45.39722,0.3361111111111111,2.0027778
2019,16,2019_16_CAR_IND,IND,44.06389,0.3361111111111111,2.8083334
2019,17,2019_17_IND_JAX,IND,44.675,0.35000000000000003,3.0305557
2020,2,2020_02_MIN_IND,IND,,,
2020,3,2020_03_NYJ_IND,IND,,,
2020,4,2020_04_IND_CHI,IND,,,
2020,5,2020_05_IND_CLE,IND,,,
2020,6,2020_06_CIN_IND,IND,,,
2020,8,2020_08_IND_DET,IND,,,
2020,9,2020_09_BAL_IND,IND,45.68611,0.5972222222222222,2.1666667
2020,10,2020_10_IND_TEN,IND,46.93611,0.5138888888888888,2.7083333
2020,11,2020_11_GB_IND,IND,47.31111,0.5555555555555555,3.0416667
2020,12,2020_12_TEN_IND,IND,44.827778,0.6555555555555556,2.4416666
2020,13,2020_13_IND_HOU,IND,44.294445,0.5222222222222223,3.3416665
2020,14,2020_14_IND_LV,IND,44.516666,0.5,3.5083332
2020,15,2020_15_HOU_IND,IND,45.216663,0.5666666666666668,5.275
2020,16,2020_16_IND_PIT,IND,44.3,0.65,4.733333
2020,17,2020_17_JAX_IND,IND,43.7,0.5166666666666667,5.1
2021,1,2021_01_SEA_IND,IND,,,
2021,2,2021_02_LA_IND,IND,,,
2021,3,2021_03_IND_TEN,IND,,,
2021,4,2021_04_IND_MIA,IND,,,
2021,5,2021_05_IND_BAL,IND,,,
2021,6,2021_06_HOU_IND,IND,,,
2021,7,2021_07_IND_SF,IND,46.149998,0.39999999999999997,3.1000001
2021,8,2021_08_TEN_IND,IND,45.941666,0.4138888888888889,3.0583334
2021,9,2021_09_NYJ_IND,IND,46.441666,0.4138888888888889,3.9333334
2021,10,2021_10_JAX_IND,IND,45.316666,0.45555555555555555,2.1000001
2021,11,2021_11_IND_BUF,IND,44.57857,0.396031746031746,2.272619
2021,12,2021_12_TB_IND,IND,42.24524,0.4793650793650794,2.272619
2021,13,2021_13_IND_HOU,IND,42.45635,0.5238095238095238,2.3392856
2021,15,2021_15_NE_IND,IND,41.761906,0.6349206349206349,1.9781746
2021,16,2021_16_IND_ARI,IND,41.42857,0.6349206349206349,1.1865079
2021,17,2021_17_LV_IND,IND,40.734127,0.6626984126984127,3.8531744
2021,18,2021_18_IND_JAX,IND,40.572224,0.6722222222222222,5.272222
2022,1,2022_01_IND_HOU,IND,,,
2022,2,2022_02_IND_JAX,IND,,,
2022,3,2022_03_KC_IND,IND,,,
2022,4,2022_04_TEN_IND,IND,,,
2022,5,2022_05_IND_DEN,IND,,,
2022,6,2022_06_JAX_IND,IND,,,
2022,7,2022_07_IND_TEN,IND,42.655952,0.5186507936507936,1.4873017
2022,8,2022_08_WAS_IND,IND,41.064285,0.3936507936507936,1.4873017
2022,9,2022_09_IND_NE,IND,42.95595,0.41865079365079366,2.2123015
2022,10,2022_10_IND_LV,IND,40.84484,0.34457671957671954,2.1752646
2022,11,2022_11_PHI_IND,IND,43.20595,0.4001322751322751,3.119709
2022,12,2022_12_PIT_IND,IND,44.49167,0.412037037037037,3.5185184
2022,13,2022_13_IND_DAL,IND,46.713886,0.30092592592592593,4.0740743
2022,15,2022_15_IND_MIN,IND,47.458332,0.35648148148148145,4.0740743
2022,16,2022_16_LAC_IND,IND,45.261906,0.3029100529100529,3.4252644
2022,17,2022_17_IND_NYG,IND,46.928574,0.32142857142857145,4.1845236
2022,18,2022_18_HOU_IND,IND,45.109127,0.3075396825396825,3.2400792
2023,1,2023_01_JAX_IND,IND,,,
2023,2,2023_02_IND_HOU,IND,,,
2023,3,2023_03_IND_BAL,IND,,,
2023,4,2023_04_LA_IND,IND,,,
2023,5,2023_05_TEN_IND,IND,,,
2023,6,2023_06_IND_JAX,IND,,,
2023,7,2023_07_CLE_IND,IND,46.324207,0.40198412698412694,6.629762
2023,8,2023_08_NO_IND,IND,48.05754,0.4353174603174603,5.429762
2023,9,2023_09_IND_CAR,IND,49.324207,0.3686507936507937,6.2964287
2023,10,2023_10_IND_NE,IND,49.619446,0.3972222222222222,6.2916665
2023,12,2023_12_TB_IND,IND,49.044445,0.48888888888888893,5.6666665
2023,13,2023_13_IND_TEN,IND,48.544445,0.32222222222222224,3.6666667
2023,14,2023_14_IND_CIN,IND,49.13333,0.26666666666666666,4.5333333
2023,15,2023_15_PIT_IND,IND,48.55,0.31666666666666665,4.2999997
2023,16,2023_16_IND_ATL,IND,44.7,0.39999999999999997,2.7666667
2023,17,2023_17_LV_IND,IND,44.708332,0.3833333333333333,2.1583333
2023,18,2023_18_HOU_IND,IND,45.519444,0.25,2.325
2024,1,2024_01_HOU_IND,IND,,,
2024,2,2024_02_IND_GB,IND,,,
2024,3,2024_03_CHI_IND,IND,,,
2024,4,2024_04_PIT_IND,IND,,,
2024,5,2024_05_IND_JAX,IND,,,
2024,6,2024_06_IND_TEN,IND,,,
2024,7,2024_07_MIA_IND,IND,50.422222,0.7111111111111111,4.516667
2024,8,2024_08_IND_HOU,IND,50.001587,0.5444444444444444,4.945238
2024,9,2024_09_IND_MIN,IND,48.918255,0.4888888888888889,5.584127
2024,10,2024_10_BUF_IND,IND,48.973812,0.32222222222222224,6.2841268
2024,11,2024_11_IND_NYJ,IND,50.890476,0.32222222222222224,5.7007937
2024,12,2024_12_DET_IND,IND,50.473812,0.2388888888888889,3.659127
2024,13,2024_13_IND_NE,IND,50.246033,0.19444444444444442,4.609127
2024,15,2024_15_IND_DEN,IND,50.555557,0.19444444444444442,6.763889
2024,16,2024_16_TEN_IND,IND,51.327778,0.1388888888888889,9.358334
2024,17,2024_17_IND_NYG,IND,50.980556,0.18055555555555555,9.483334
2024,18,2024_18_JAX_IND,IND,47.31389,0.2638888888888889,8.816667
2016,1,2016_01_GB_JAX,JAX,,,
2016,2,2016_02_JAX_SD,JAX,,,
2016,3,2016_03_BAL_JAX,JAX,,,
2016,4,2016_04_IND_JAX,JAX,,,
2016,6,2016_06_JAX_CHI,JAX,,,
2016,7,2016_07_OAK_JAX,JAX,,,
2016,8,2016_08_JAX_TEN,JAX,50.891666,0.4055555555555556,3.3083334
2016,9,2016_09_JAX_KC,JAX,48.113888,0.26666666666666666,3.5583334
2016,10,2016_10_HOU_JAX,JAX,47.613888,0.225,4.6
2016,11,2016_11_JAX_DET,JAX,47.08611,0.16944444444444448,7.7666664
2016,12,2016_12_JAX_BUF,JAX,44.925,0.24722222222222223,8.694445
2016,13,2016_13_DEN_JAX,JAX,43.341663,0.23611111111111113,9.422222
2016,14,2016_14_MIN_JAX,JAX,43.0625,0.3194444444444444,8.888888
2016,15,2016_15_JAX_HOU,JAX,42.215275,0.3333333333333333,9.013888
2016,16,2016_16_TEN_JAX,JAX,44.006943,0.3194444444444444,8.152778
2016,17,2016_17_JAX_IND,JAX,45.5625,0.375,4.875
2017,1,2017_01_JAX_HOU,JAX,,,
2017,2,2017_02_TEN_JAX,JAX,,,
2017,3,2017_03_BAL_JAX,JAX,,,
2017,4,2017_04_JAX_NYJ,JAX,,,
2017,5,2017_05_JAX_PIT,JAX,,,
2017,6,2017_06_LA_JAX,JAX,,,
2017,7,2017_07_JAX_IND,JAX,43.8875,0.3347222222222222,3.2083333
2017,9,2017_09_CIN_JAX,JAX,45.0125,0.41805555555555557,2.3333333
2017,10,2017_10_LAC_JAX,JAX,44.645832,0.4680555555555555,0.5
2017,11,2017_11_JAX_CLE,JAX,44.29398,0.4680555555555556,0.6851852
2017,12,2017_12_JAX_ARI,JAX,43.328705,0.4009259259259259,0.7060185
2017,13,2017_13_IND_JAX,JAX,45.245373,0.32175925925925924,1.8101851
2017,14,2017_14_SEA_JAX,JAX,45.870373,0.44675925925925924,1.4560184
2017,15,2017_15_HOU_JAX,JAX,43.42037,0.39675925925925926,1.6226851
2017,16,2017_16_JAX_SF,JAX,43.44815,0.39675925925925926,2.0671296
2017,17,2017_17_JAX_TEN,JAX,41.966667,0.38287037037037036,2.5486112
2018,1,2018_01_JAX_NYG,JAX,,,
2018,2,2018_02_NE_JAX,JAX,,,
2018,3,2018_03_TEN_JAX,JAX,,,
2018,4,2018_04_NYJ_JAX,JAX,,,
2018,5,2018_05_JAX_KC,JAX,,,
2018,6,2018_06_JAX_DAL,JAX,,,
2018,7,2018_07_HOU_JAX,JAX,40.35516,0.5535714285714285,1.4702381
2018,8,2018_08_PHI_JAX,JAX,41.680553,0.513888888888889,1.375
2018,10,2018_10_JAX_IND,JAX,43.791668,0.4861111111111111,1.375
2018,11,2018_11_PIT_JAX,JAX,43.875,0.5416666666666666,0.9861111
2018,12,2018_12_JAX_BUF,JAX,43.851852,0.4351851851851852,0.9351852
2018,13,2018_13_IND_JAX,JAX,45.824078,0.4074074074074074,1.1851852
2018,14,2018_14_JAX_TEN,JAX,46.76852,0.3994708994708995,1.244709
2018,15,2018_15_WAS_JAX,JAX,47.49074,0.4439153439153439,1.644709
2018,16,2018_16_JAX_MIA,JAX,48.224075,0.4605820105820106,2.0113757
2018,17,2018_17_JAX_HOU,JAX,46.824078,0.4828042328042328,2.0780423
2019,1,2019_01_KC_JAX,JAX,,,
2019,2,2019_02_JAX_HOU,JAX,,,
2019,3,2019_03_TEN_JAX,JAX,,,
2019,4,2019_04_JAX_DEN,JAX,,,
2019,5,2019_05_JAX_CAR,JAX,,,
2019,6,2019_06_NO_JAX,JAX,,,
2019,7,2019_07_JAX_CIN,JAX,46.75833,0.35833333333333334,0.94166666
2019,8,2019_08_NYJ_JAX,JAX,45.786114,0.4138888888888889,1.0805556
2019,9,2019_09_HOU_JAX,JAX,44.161114,0.3444444444444445,0.94166666
2019,11,2019_11_JAX_IND,JAX,45.661114,0.37222222222222223,0.94166666
2019,12,2019_12_JAX_TEN,JAX,45.855556,0.4277777777777778,0.91388893
2019,13,2019_13_TB_JAX,JAX,45.81389,0.35833333333333334,1.4000001
2019,14,2019_14_LAC_JAX,JAX,45.305557,0.2916666666666667,1.75
2019,15,2019_15_JAX_OAK,JAX,45.97778,0.26944444444444443,1.6444445
2019,16,2019_16_JAX_ATL,JAX,47.869446,0.29444444444444445,1.7111111
2019,17,2019_17_IND_JAX,JAX,47.83611,0.2722222222222222,2.3777778
2020,1,2020_01_IND_JAX,JAX,,,
2020,2,2020_02_JAX_TEN,JAX,,,
2020,3,2020_03_MIA_JAX,JAX,,,
2020,4,2020_04_JAX_CIN,JAX,,,
2020,5,2020_05_JAX_HOU,JAX,,,
2020,6,2020_06_DET_JAX,JAX,,,
2020,7,2020_07_JAX_LAC,JAX,44.555557,0.3055555555555555,2.0555556
2020,9,2020_09_HOU_JAX,JAX,44.566666,0.31666666666666665,2.2888887
2020,10,2020_10_JAX_GB,JAX,45.7,0.3333333333333333,2.2888887
2020,11,2020_11_PIT_JAX,JAX,44.61667,0.4444444444444444,0.92777777
2020,12,2020_12_CLE_JAX,JAX,46.283337,0.47222222222222227,1.4555556
2020,13,2020_13_JAX_MIN,JAX,45.95,0.47222222222222215,1.1777778
2020,14,2020_14_TEN_JAX,JAX,48.216663,0.47222222222222215,1.8777777
2020,15,2020_15_JAX_BAL,JAX,48.941666,0.4055555555555556,2.1861112
2020,16,2020_16_CHI_JAX,JAX,47.252777,0.3055555555555555,3.463889
2020,17,2020_17_JAX_IND,JAX,47.169445,0.24999999999999997,3.963889
2021,1,2021_01_JAX_HOU,JAX,,,
2021,2,2021_02_DEN_JAX,JAX,,,
2021,3,2021_03_ARI_JAX,JAX,,,
2021,4,2021_04_JAX_CIN,JAX,,,
2021,5,2021_05_TEN_JAX,JAX,,,
2021,6,2021_06_MIA_JAX,JAX,,,
2021,8,2021_08_JAX_SEA,JAX,46.36111,0.3194444444444444,2.8055556
2021,9,2021_09_BUF_JAX,JAX,46.23611,0.2916666666666667,3.1666667
2021,10,2021_10_JAX_IND,JAX,44.277775,0.2916666666666667,1.9583334
2021,11,2021_11_SF_JAX,JAX,43.166668,0.3125,1.4375
2021,12,2021_12_ATL_JAX,JAX,43.583332,0.2708333333333333,1.1041666
2021,13,2021_13_JAX_LA,JAX,44.13889,0.3819444444444444,1.2708334
2021,14,2021_14_JAX_TEN,JAX,46.03889,0.5069444444444444,1.2708334
2021,15,2021_15_HOU_JAX,JAX,45.41389,0.6069444444444444,0.87083334
2021,16,2021_16_JAX_NYJ,JAX,45.81389,0.5986111111111111,1.9041666
2021,17,2021_17_JAX_NE,JAX,48.730556,0.4944444444444444,3.675
2021,18,2021_18_IND_JAX,JAX,47.31389,0.41111111111111104,3.6333332
2022,1,2022_01_JAX_WAS,JAX,,,
2022,2,2022_02_IND_JAX,JAX,,,
2022,3,2022_03_JAX_LAC,JAX,,,
2022,4,2022_04_JAX_PHI,JAX,,,
2022,5,2022_05_HOU_JAX,JAX,,,
2022,6,2022_06_JAX_IND,JAX,,,
2022,7,2022_07_NYG_JAX,JAX,51.377777,0.3666666666666667,4.7444444
2022,8,2022_08_DEN_JAX,JAX,51.877777,0.3111111111111111,3.6888888
2022,9,2022_09_LV_JAX,JAX,52.25,0.38888888888888884,3.6666667
2022,10,2022_10_JAX_KC,JAX,51.972218,0.22222222222222218,4.277778
2022,12,2022_12_BAL_JAX,JAX,50.888885,0.27777777777777773,4.4722223
2022,13,2022_13_JAX_DET,JAX,53.5,0.27777777777777773,3.75
2022,14,2022_14_JAX_TEN,JAX,52.722218,0.27777777777777773,3.8055556
2022,15,2022_15_DAL_JAX,JAX,51.277775,0.3333333333333333,3.8611114
2022,16,2022_16_JAX_NYJ,JAX,52.194443,0.22222222222222224,4.138889
2022,17,2022_17_JAX_HOU,JAX,48.472218,0.3888888888888889,2.527778
2022,18,2022_18_TEN_JAX,JAX,47.899998,0.4666666666666666,2.7555554
2023,1,2023_01_JAX_IND,JAX,,,
2023,2,2023_02_KC_JAX,JAX,,,
2023,3,2023_03_HOU_JAX,JAX,,,
2023,4,2023_04_ATL_JAX,JAX,,,
2023,5,2023_05_JAX_BUF,JAX,,,
2023,6,2023_06_IND_JAX,JAX,,,
2023,7,2023_07_JAX_NO,JAX,48.94722,0.5916666666666667,1.775
2023,8,2023_08_JAX_PIT,JAX,48.980556,0.6583333333333333,1.1083333
2023,10,2023_10_SF_JAX,JAX,48.158337,0.6361111111111111,0.8416667
2023,11,2023_11_TEN_JAX,JAX,49.25833,0.5527777777777777,1.8416667
2023,12,2023_12_JAX_HOU,JAX,48.952778,0.4694444444444444,3.0916665
2023,13,2023_13_CIN_JAX,JAX,47.13611,0.5361111111111111,2.7916667
2023,14,2023_14_JAX_CLE,JAX,45.444443,0.5611111111111111,2.6166666
2023,15,2023_15_BAL_JAX,JAX,45.620636,0.4753968253968253,3.0690477
2023,16,2023_16_JAX_TB,JAX,46.56508,0.41984126984126985,3.2357142
2023,17,2023_17_CAR_JAX,JAX,48.465076,0.41984126984126985,3.2357142
2023,18,2023_18_JAX_TEN,JAX,47.659527,0.39206349206349206,2.4857142
2024,1,2024_01_JAX_MIA,JAX,,,
2024,2,2024_02_CLE_JAX,JAX,,,
2024,3,2024_03_JAX_BUF,JAX,,,
2024,4,2024_04_JAX_HOU,JAX,,,
2024,5,2024_05_IND_JAX,JAX,,,
2024,6,2024_06_JAX_CHI,JAX,,,
2024,7,2024_07_NE_JAX,JAX,51.363888,0.4222222222222222,6.7166667
2024,8,2024_08_GB_JAX,JAX,48.558334,0.5055555555555555,7.022222
2024,9,2024_09_JAX_PHI,JAX,49.825,0.5166666666666666,6.066667
2024,10,2024_10_MIN_JAX,JAX,48.675,0.6166666666666666,2.6499999
2024,11,2024_11_JAX_DET,JAX,49.375,0.7166666666666667,2.3166666
2024,13,2024_13_HOU_JAX,JAX,49.774998,0.7333333333333334,2.3999999
2024,14,2024_14_JAX_TEN,JAX,49.691666,0.65,3.5249999
2024,15,2024_15_NYJ_JAX,JAX,52.108334,0.525,3.1083333
2024,16,2024_16_JAX_LV,JAX,50.00833,0.625,2.675
2024,17,2024_17_TEN_JAX,JAX,48.62262,0.5726190476190476,3.3416665
2024,18,2024_18_JAX_IND,JAX,46.711506,0.4948412698412698,3.5416667
2016,1,2016_01_SD_KC,KC,,,
2016,2,2016_02_KC_HOU,KC,,,
2016,3,2016_03_NYJ_KC,KC,,,
2016,4,2016_04_KC_PIT,KC,,,
2016,6,2016_06_KC_OAK,KC,,,
2016,7,2016_07_NO_KC,KC,,,
2016,8,2016_08_KC_IND,KC,43.524998,0.4361111111111111,2.3500001
2016,9,2016_09_JAX_KC,KC,45.125,0.5027777777777778,2.25
2016,10,2016_10_KC_CAR,KC,45.613094,0.5146825396825396,2.7261906
2016,11,2016_11_TB_KC,KC,46.613094,0.49801587301587297,2.5261905
2016,12,2016_12_KC_DEN,KC,46.696426,0.4702380952380952,3.1373017
2016,13,2016_13_KC_ATL,KC,47.90013,0.45171957671957674,2.6743386
2016,14,2016_14_OAK_KC,KC,48.27513,0.41005291005291006,2.2021165
2016,15,2016_15_TEN_KC,KC,45.708466,0.47671957671957665,2.1021163
2016,16,2016_16_DEN_KC,KC,44.887035,0.43703703703703706,1.9037037
2016,17,2016_17_KC_SD,KC,43.5537,0.4953703703703704,1.6037039
2017,1,2017_01_KC_NE,KC,,,
2017,2,2017_02_PHI_KC,KC,,,
2017,3,2017_03_KC_LAC,KC,,,
2017,4,2017_04_WAS_KC,KC,,,
2017,5,2017_05_KC_HOU,KC,,,
2017,6,2017_06_PIT_KC,KC,,,
2017,7,2017_07_KC_OAK,KC,44.06111,0.4305555555555555,5.038889
2017,8,2017_08_DEN_KC,KC,44.394444,0.5138888888888888,4.8166666
2017,9,2017_09_KC_DAL,KC,43.794445,0.513888888888889,4.5833335
2017,11,2017_11_KC_NYG,KC,43.194443,0.4472222222222222,4.2166667
2017,12,2017_12_BUF_KC,KC,44.527775,0.525,4.483333
2017,13,2017_13_KC_NYJ,KC,45.48611,0.5666666666666667,1.6708332
2017,14,2017_14_OAK_KC,KC,45.73611,0.4416666666666667,1.6708332
2017,15,2017_15_LAC_KC,KC,43.847225,0.3861111111111111,1.6708332
2017,16,2017_16_MIA_KC,KC,44.047222,0.4305555555555556,1.9041667
2017,17,2017_17_KC_DEN,KC,44.51389,0.3972222222222222,1.8708334
2018,1,2018_01_KC_LAC,KC,,,
2018,2,2018_02_KC_PIT,KC,,,
2018,3,2018_03_SF_KC,KC,,,
2018,4,2018_04_KC_DEN,KC,,,
2018,5,2018_05_JAX_KC,KC,,,
2018,6,2018_06_KC_NE,KC,,,
2018,8,2018_08_DEN_KC,KC,49.283337,0.35000000000000003,1.0
2018,9,2018_09_KC_CLE,KC,47.283337,0.3499999999999999,1.6
2018,10,2018_10_ARI_KC,KC,44.2,0.4333333333333333,1.1833333
2018,11,2018_11_KC_LA,KC,44.716663,0.44999999999999996,1.3666667
2018,13,2018_13_KC_OAK,KC,45.605556,0.561111111111111,1.1166667
2018,14,2018_14_BAL_KC,KC,42.77222,0.4777777777777777,0.6166666
2018,15,2018_15_LAC_KC,KC,40.43889,0.5888888888888889,3.6722224
2018,16,2018_16_KC_SEA,KC,42.363888,0.5305555555555556,3.238889
2018,17,2018_17_OAK_KC,KC,45.113888,0.41944444444444445,3.877778
2019,1,2019_01_KC_JAX,KC,,,
2019,2,2019_02_KC_OAK,KC,,,
2019,3,2019_03_BAL_KC,KC,,,
2019,4,2019_04_KC_DET,KC,,,
2019,5,2019_05_IND_KC,KC,,,
2019,6,2019_06_HOU_KC,KC,,,
2019,7,2019_07_KC_DEN,KC,46.325,0.3666666666666667,1.0833334
2019,8,2019_08_GB_KC,KC,45.213886,0.45,1.4166666
2019,9,2019_09_MIN_KC,KC,47.23611,0.5833333333333334,1.0833334
2019,10,2019_10_KC_TEN,KC,48.269444,0.5333333333333333,2.05
2019,11,2019_11_KC_LAC,KC,45.019444,0.44999999999999996,2.1333334
2019,13,2019_13_OAK_KC,KC,45.22778,0.5055555555555555,2.1333334
2019,14,2019_14_KC_NE,KC,42.22778,0.4222222222222222,1.5500001
2019,15,2019_15_DEN_KC,KC,40.297222,0.33888888888888885,1.2166667
2019,16,2019_16_KC_CHI,KC,38.325,0.2555555555555556,1.8833333
2019,17,2019_17_LAC_KC,KC,37.708332,0.3055555555555556,2.4166667
2020,1,2020_01_HOU_KC,KC,,,
2020,2,2020_02_KC_LAC,KC,,,
2020,3,2020_03_KC_BAL,KC,,,
2020,4,2020_04_NE_KC,KC,,,
2020,5,2020_05_LV_KC,KC,,,
2020,6,2020_06_KC_BUF,KC,,,
2020,7,2020_07_KC_DEN,KC,49.51389,0.28055555555555556,6.322222
2020,8,2020_08_NYJ_KC,KC,49.347225,0.3361111111111111,5.266667
2020,9,2020_09_CAR_KC,KC,48.75833,0.325,5.1666665
2020,11,2020_11_KC_LV,KC,45.091663,0.4916666666666667,2.5
2020,12,2020_12_KC_TB,KC,43.88333,0.45,2.9166667
2020,13,2020_13_DEN_KC,KC,42.375,0.4583333333333333,3.0
2020,14,2020_14_KC_MIA,KC,41.930553,0.4861111111111111,0.8888889
2020,15,2020_15_KC_NO,KC,42.791668,0.4166666666666667,1.2222222
2020,16,2020_16_ATL_KC,KC,42.76389,0.4444444444444445,1.9444445
2020,17,2020_17_LAC_KC,KC,43.63889,0.40277777777777773,1.9444445
2021,1,2021_01_CLE_KC,KC,,,
2021,2,2021_02_KC_BAL,KC,,,
2021,3,2021_03_LAC_KC,KC,,,
2021,5,2021_05_BUF_KC,KC,,,
2021,6,2021_06_KC_WAS,KC,,,
2021,7,2021_07_KC_TEN,KC,,,
2021,8,2021_08_NYG_KC,KC,43.083332,0.4166666666666667,1.8055557
2021,9,2021_09_GB_KC,KC,43.958332,0.4166666666666667,1.4722223
2021,10,2021_10_KC_LV,KC,45.930557,0.5555555555555556,1.0
2021,11,2021_11_DAL_KC,KC,44.430557,0.5555555555555556,1.0
2021,13,2021_13_DEN_KC,KC,45.305557,0.5555555555555556,0.7083333
2021,14,2021_14_LV_KC,KC,48.805557,0.5972222222222222,0.9583333
2021,15,2021_15_KC_LAC,KC,49.722225,0.6805555555555555,1.9583334
2021,16,2021_16_PIT_KC,KC,46.597225,0.513888888888889,1.9583334
2021,17,2021_17_KC_CIN,KC,44.708332,0.375,3.2083333
2021,18,2021_18_KC_DEN,KC,43.708332,0.4305555555555555,3.375
2022,1,2022_01_KC_ARI,KC,,,
2022,2,2022_02_LAC_KC,KC,,,
2022,3,2022_03_KC_IND,KC,,,
2022,4,2022_04_KC_TB,KC,,,
2022,5,2022_05_LV_KC,KC,,,
2022,6,2022_06_BUF_KC,KC,,,
2022,7,2022_07_KC_SF,KC,52.527775,0.3055555555555555,1.4444443
2022,9,2022_09_TEN_KC,KC,49.027775,0.47222222222222215,1.5277777
2022,10,2022_10_JAX_KC,KC,47.63889,0.4444444444444444,1.3611112
2022,11,2022_11_KC_LAC,KC,45.777775,0.4166666666666667,2.3888888
2022,12,2022_12_LA_KC,KC,46.277775,0.4166666666666667,2.3888888
2022,13,2022_13_KC_CIN,KC,46.38889,0.5277777777777778,2.222222
2022,14,2022_14_KC_DEN,KC,45.944443,0.47222222222222215,3.5555556
2022,15,2022_15_KC_HOU,KC,51.5,0.3611111111111111,4.7222223
2022,16,2022_16_SEA_KC,KC,51.680557,0.38888888888888884,5.375
2022,17,2022_17_DEN_KC,KC,50.930557,0.38888888888888884,4.125
2022,18,2022_18_KC_LV,KC,52.03056,0.4222222222222222,5.3583336
2023,1,2023_01_DET_KC,KC,,,
2023,2,2023_02_KC_JAX,KC,,,
2023,3,2023_03_CHI_KC,KC,,,
2023,4,2023_04_KC_NYJ,KC,,,
2023,5,2023_05_KC_MIN,KC,,,
2023,6,2023_06_DEN_KC,KC,,,
2023,7,2023_07_LAC_KC,KC,49.386112,0.5027777777777778,3.4916668
2023,8,2023_08_KC_DEN,KC,48.76389,0.40277777777777773,2.9583333
2023,9,2023_09_MIA_KC,KC,47.555557,0.4444444444444444,5.3333335
2023,11,2023_11_PHI_KC,KC,46.777775,0.3333333333333333,5.527778
2023,12,2023_12_KC_LV,KC,45.722225,0.25,6.0833335
2023,13,2023_13_KC_GB,KC,46.73611,0.2777777777777778,6.4583335
2023,14,2023_14_BUF_KC,KC,48.23611,0.22222222222222224,4.9583335
2023,15,2023_15_KC_NE,KC,47.291668,0.2638888888888889,5.6666665
2023,16,2023_16_LV_KC,KC,48.625,0.22222222222222224,3.875
2023,17,2023_17_CIN_KC,KC,47.194443,0.20833333333333337,3.6805553
2023,18,2023_18_KC_LAC,KC,49.583332,0.375,2.375
2024,1,2024_01_BAL_KC,KC,,,
2024,2,2024_02_CIN_KC,KC,,,
2024,3,2024_03_KC_ATL,KC,,,
2024,4,2024_04_KC_LAC,KC,,,
2024,5,2024_05_NO_KC,KC,,,
2024,7,2024_07_KC_SF,KC,,,
2024,8,2024_08_KC_LV,KC,53.0,0.4444444444444444,3.861111
2024,9,2024_09_TB_KC,KC,52.75,0.47222222222222215,5.111111
2024,10,2024_10_DEN_KC,KC,50.541668,0.34722222222222215,5.111111
2024,11,2024_11_KC_BUF,KC,51.36111,0.3333333333333333,5.611111
2024,12,2024_12_KC_CAR,KC,51.069443,0.20833333333333334,7.9444447
2024,13,2024_13_LV_KC,KC,49.569443,0.2916666666666667,7.111111
2024,14,2024_14_LAC_KC,KC,46.858334,0.35833333333333334,7.7999997
2024,15,2024_15_KC_CLE,KC,47.733334,0.35833333333333334,6.383333
2024,16,2024_16_HOU_KC,KC,47.997223,0.3537037037037037,5.892593
2024,17,2024_17_KC_PIT,KC,46.622223,0.39537037037037037,5.725926
2024,18,2024_18_KC_DEN,KC,47.547222,0.42037037037037034,3.8592594
2016,1,2016_01_LA_SF,LA,,,
2016,2,2016_02_SEA_LA,LA,,,
2016,3,2016_03_LA_TB,LA,,,
2016,4,2016_04_LA_ARI,LA,,,
2016,5,2016_05_BUF_LA,LA,,,
2016,6,2016_06_LA_DET,LA,,,
2016,7,2016_07_NYG_LA,LA,46.911114,0.4666666666666666,1.8555555
2016,9,2016_09_CAR_LA,LA,47.394444,0.5428571428571428,1.9817461
2016,10,2016_10_LA_NYJ,LA,48.911114,0.4428571428571429,1.9817461
2016,11,2016_11_MIA_LA,LA,48.996826,0.4714285714285715,1.3531746
2016,12,2016_12_LA_NO,LA,48.88571,0.4922619047619048,0.73511904
2016,13,2016_13_LA_NE,LA,47.969044,0.46448412698412705,1.1240079
2016,14,2016_14_ATL_LA,LA,49.094044,0.5686507936507937,0.93650794
2016,15,2016_15_LA_SEA,LA,49.522617,0.5686507936507936,0.6269841
2016,16,2016_16_SF_LA,LA,50.42262,0.501984126984127,1.2936507
2016,17,2016_17_ARI_LA,LA,49.47024,0.49007936507936506,1.2430556
2017,1,2017_01_IND_LA,LA,,,
2017,2,2017_02_WAS_LA,LA,,,
2017,3,2017_03_LA_SF,LA,,,
2017,4,2017_04_LA_DAL,LA,,,
2017,5,2017_05_SEA_LA,LA,,,
2017,6,2017_06_LA_JAX,LA,,,
2017,7,2017_07_ARI_LA,LA,48.488888,0.4702380952380952,1.8472222
2017,9,2017_09_LA_NYG,LA,51.13889,0.4702380952380952,2.597222
2017,10,2017_10_HOU_LA,LA,49.805557,0.5119047619047619,2.0555556
2017,11,2017_11_LA_MIN,LA,48.930557,0.5119047619047619,2.0138888
2017,12,2017_12_NO_LA,LA,46.98611,0.45634920634920634,2.2638888
2017,13,2017_13_LA_ARI,LA,47.097225,0.623015873015873,1.7083334
2017,14,2017_14_PHI_LA,LA,48.055557,0.5277777777777778,2.2083333
2017,15,2017_15_LA_SEA,LA,47.53889,0.4611111111111111,1.8249999
2017,16,2017_16_LA_TEN,LA,48.38889,0.4444444444444445,2.425
2017,17,2017_17_SF_LA,LA,48.180557,0.48611111111111116,2.2166667
2018,1,2018_01_LA_OAK,LA,,,
2018,2,2018_02_ARI_LA,LA,,,
2018,3,2018_03_LAC_LA,LA,,,
2018,4,2018_04_MIN_LA,LA,,,
2018,5,2018_05_LA_SEA,LA,,,
2018,6,2018_06_LA_DEN,LA,,,
2018,7,2018_07_LA_SF,LA,45.333332,0.5833333333333334,2.1666667
2018,8,2018_08_GB_LA,LA,40.666668,0.4583333333333333,1.5833334
2018,9,2018_09_LA_NO,LA,39.690475,0.4464285714285714,1.8928571
2018,10,2018_10_SEA_LA,LA,39.357143,0.4464285714285714,0.059523802
2018,11,2018_11_KC_LA,LA,40.857143,0.5297619047619048,0.8095238
2018,13,2018_13_LA_DET,LA,43.773808,0.48809523809523814,2.2261903
2018,14,2018_14_LA_CHI,LA,45.496033,0.376984126984127,2.2261903
2018,15,2018_15_PHI_LA,LA,48.523808,0.39087301587301587,3.1984127
2018,16,2018_16_LA_ARI,LA,50.38889,0.3194444444444444,3.6111114
2018,17,2018_17_SF_LA,LA,51.13889,0.4861111111111111,3.6944447
2019,1,2019_01_LA_CAR,LA,,,
2019,2,2019_02_NO_LA,LA,,,
2019,3,2019_03_LA_CLE,LA,,,
2019,4,2019_04_TB_LA,LA,,,
2019,5,2019_05_LA_SEA,LA,,,
2019,6,2019_06_SF_LA,LA,,,
2019,7,2019_07_LA_ATL,LA,45.175,0.33888888888888885,3.9333334
2019,8,2019_08_CIN_LA,LA,44.452778,0.39444444444444443,2.3500001
2019,10,2019_10_LA_PIT,LA,43.56111,0.49444444444444446,0.93333334
2019,11,2019_11_CHI_LA,LA,44.87361,0.4527777777777778,1.3708334
2019,12,2019_12_BAL_LA,LA,47.17917,0.3138888888888889,1.3708334
2019,13,2019_13_LA_ARI,LA,47.0125,0.25833333333333336,3.2458334
2019,14,2019_14_SEA_LA,LA,44.920834,0.26666666666666666,2.1875
2019,15,2019_15_LA_DAL,LA,48.087498,0.2111111111111111,2.6875
2019,16,2019_16_LA_SF,LA,49.9875,0.24444444444444446,3.3541667
2019,17,2019_17_ARI_LA,LA,49.480556,0.28611111111111115,2.9166667
2020,1,2020_01_DAL_LA,LA,,,
2020,2,2020_02_LA_PHI,LA,,,
2020,4,2020_04_NYG_LA,LA,,,
2020,5,2020_05_LA_WAS,LA,,,
2020,6,2020_06_LA_SF,LA,,,
2020,7,2020_07_CHI_LA,LA,,,
2020,8,2020_08_LA_MIA,LA,47.505554,0.6055555555555555,3.1000001
2020,10,2020_10_SEA_LA,LA,47.505554,0.55,4.4333334
2020,11,2020_11_LA_TB,LA,46.088886,0.5916666666666667,4.4333334
2020,12,2020_12_SF_LA,LA,43.98889,0.625,4.0666666
2020,13,2020_13_LA_ARI,LA,45.322224,0.563095238095238,4.2761903
2020,14,2020_14_NE_LA,LA,44.572224,0.451984126984127,3.7206352
2020,15,2020_15_NYJ_LA,LA,44.09444,0.2853174603174603,5.0261903
2020,16,2020_16_LA_SEA,LA,42.172222,0.2630952380952381,3.1817462
2020,17,2020_17_ARI_LA,LA,42.630554,0.17976190476190476,3.6817462
2021,1,2021_01_CHI_LA,LA,,,
2021,2,2021_02_LA_IND,LA,,,
2021,3,2021_03_TB_LA,LA,,,
2021,4,2021_04_ARI_LA,LA,,,
2021,5,2021_05_LA_SEA,LA,,,
2021,6,2021_06_LA_NYG,LA,,,
2021,7,2021_07_DET_LA,LA,41.566666,0.6888888888888888,1.1555556
2021,8,2021_08_LA_HOU,LA,40.066666,0.6888888888888888,0.65555555
2021,9,2021_09_TEN_LA,LA,41.427776,0.6749999999999999,0.69722223
2021,10,2021_10_LA_SF,LA,43.108334,0.5083333333333333,0.93333334
2021,12,2021_12_LA_GB,LA,43.830555,0.3416666666666666,0.93333334
2021,13,2021_13_JAX_LA,LA,42.930557,0.24166666666666667,0.5
2021,14,2021_14_LA_ARI,LA,44.597225,0.13055555555555556,0.5
2021,15,2021_15_SEA_LA,LA,44.430557,0.18611111111111112,0.5
2021,16,2021_16_LA_MIN,LA,44.23611,0.19999999999999998,1.236111
2021,17,2021_17_LA_BAL,LA,44.944443,0.2833333333333333,0.77777773
2021,18,2021_18_SF_LA,LA,45.722225,0.45,0.77777773
2022,1,2022_01_BUF_LA,LA,,,
2022,2,2022_02_ATL_LA,LA,,,
2022,3,2022_03_LA_ARI,LA,,,
2022,4,2022_04_LA_SF,LA,,,
2022,5,2022_05_DAL_LA,LA,,,
2022,6,2022_06_CAR_LA,LA,,,
2022,8,2022_08_SF_LA,LA,38.73611,0.1722222222222222,3.6499999
2022,9,2022_09_LA_TB,LA,39.669445,0.12222222222222223,3.95
2022,10,2022_10_ARI_LA,LA,48.502777,0.15925925925925924,5.4685187
2022,11,2022_11_LA_NO,LA,49.402775,0.15925925925925924,6.1351852
2022,12,2022_12_LA_KC,LA,47.805557,0.18703703703703703,5.8296294
2022,13,2022_13_SEA_LA,LA,49.11111,0.21481481481481482,5.496296
2022,14,2022_14_LV_LA,LA,50.222225,0.29259259259259257,5.0962963
2022,15,2022_15_LA_GB,LA,50.455555,0.3148148148148148,3.9629629
2022,17,2022_17_LA_LAC,LA,47.91389,0.3194444444444445,3.9444444
2022,18,2022_18_LA_SEA,LA,46.91389,0.3527777777777778,3.4777777
2023,1,2023_01_LA_SEA,LA,,,
2023,2,2023_02_SF_LA,LA,,,
2023,3,2023_03_LA_CIN,LA,,,
2023,4,2023_04_LA_IND,LA,,,
2023,5,2023_05_PHI_LA,LA,,,
2023,6,2023_06_ARI_LA,LA,,,
2023,7,2023_07_PIT_LA,LA,48.541668,0.34722222222222215,8.180555
2023,8,2023_08_LA_DAL,LA,49.708332,0.4305555555555555,5.763889
2023,9,2023_09_LA_GB,LA,46.808334,0.38055555555555554,4.680556
2023,11,2023_11_SEA_LA,LA,45.774998,0.41944444444444445,4.663889
2023,12,2023_12_LA_ARI,LA,47.708332,0.3416666666666666,4.775
2023,13,2023_13_CLE_LA,LA,44.833332,0.3416666666666666,3.3166666
2023,14,2023_14_LA_BAL,LA,46.850002,0.3333333333333333,3.6499999
2023,15,2023_15_WAS_LA,LA,46.82222,0.2777777777777778,6.0944443
2023,16,2023_16_NO_LA,LA,48.166668,0.3,6.927778
2023,17,2023_17_LA_NYG,LA,44.533337,0.2333333333333333,5.694444
2023,18,2023_18_LA_SF,LA,45.333332,0.26666666666666666,8.461111
2024,1,2024_01_LA_DET,LA,,,
2024,2,2024_02_LA_ARI,LA,,,
2024,3,2024_03_SF_LA,LA,,,
2024,4,2024_04_LA_CHI,LA,,,
2024,5,2024_05_GB_LA,LA,,,
2024,7,2024_07_LV_LA,LA,,,
2024,8,2024_08_MIN_LA,LA,49.430557,0.4444444444444444,5.611111
2024,9,2024_09_LA_SEA,LA,48.708332,0.5555555555555555,4.944444
2024,10,2024_10_MIA_LA,LA,45.604168,0.5347222222222222,3.9652777
2024,11,2024_11_LA_NE,LA,46.770832,0.5347222222222222,4.631944
2024,12,2024_12_PHI_LA,LA,41.354168,0.6597222222222222,1.9652778
2024,13,2024_13_LA_NO,LA,40.8125,0.5347222222222222,2.2986112
2024,14,2024_14_BUF_LA,LA,40.006947,0.5625,2.1041667
2024,15,2024_15_LA_SF,LA,40.8125,0.5347222222222222,1.7708334
2024,16,2024_16_LA_NYJ,LA,43.98611,0.5277777777777778,2.9166667
2024,17,2024_17_ARI_LA,LA,42.347225,0.5833333333333334,1.75
2024,18,2024_18_SEA_LA,LA,44.902775,0.5694444444444445,2.1666667
2016,1,2016_01_SD_KC,LAC,,,
2016,2,2016_02_JAX_SD,LAC,,,
2016,3,2016_03_SD_IND,LAC,,,
2016,4,2016_04_NO_SD,LAC,,,
2016,5,2016_05_SD_OAK,LAC,,,
2016,6,2016_06_DEN_SD,LAC,,,
2016,7,2016_07_SD_ATL,LAC,37.76389,0.2722222222222222,2.6083333
2016,8,2016_08_SD_DEN,LAC,39.41389,0.2722222222222222,1.4416666
2016,9,2016_09_TEN_SD,LAC,41.705555,0.25555555555555554,1.5666666
2016,10,2016_10_MIA_SD,LAC,42.761112,0.2555555555555556,1.5666666
2016,12,2016_12_SD_HOU,LAC,43.719448,0.38055555555555554,1.1916667
2016,13,2016_13_TB_SD,LAC,49.16389,0.46388888888888885,1.9416666
2016,14,2016_14_SD_CAR,LAC,48.319443,0.33055555555555555,2.5416667
2016,15,2016_15_OAK_SD,LAC,47.51389,0.33055555555555555,3.5416667
2016,16,2016_16_SD_CLE,LAC,47.14722,0.2972222222222222,3.4083335
2016,17,2016_17_KC_SD,LAC,47.73611,0.27499999999999997,4.0416665
2017,1,2017_01_LAC_DEN,LAC,,,
2017,2,2017_02_MIA_LAC,LAC,,,
2017,3,2017_03_KC_LAC,LAC,,,
2017,4,2017_04_PHI_LAC,LAC,,,
2017,5,2017_05_LAC_NYG,LAC,,,
2017,6,2017_06_LAC_OAK,LAC,,,
2017,7,2017_07_DEN_LAC,LAC,49.583332,0.36944444444444446,5.238889
2017,8,2017_08_LAC_NE,LAC,50.520832,0.3652777777777778,4.7847223
2017,10,2017_10_LAC_JAX,LAC,50.9375,0.27361111111111114,4.7763886
2017,11,2017_11_BUF_LAC,LAC,50.6875,0.24027777777777778,4.9430556
2017,13,2017_13_CLE_LAC,LAC,48.8125,0.3236111111111111,4.5680556
2017,14,2017_14_WAS_LAC,LAC,45.645832,0.37916666666666665,4.5125003
2017,15,2017_15_LAC_KC,LAC,45.154163,0.4458333333333333,4.1625
2017,16,2017_16_LAC_NYJ,LAC,44.827778,0.49444444444444446,3.072222
2017,17,2017_17_OAK_LAC,LAC,45.031483,0.4981481481481482,2.7611113
2018,1,2018_01_KC_LAC,LAC,,,
2018,2,2018_02_LAC_BUF,LAC,,,
2018,3,2018_03_LAC_LA,LAC,,,
2018,4,2018_04_SF_LAC,LAC,,,
2018,5,2018_05_OAK_LAC,LAC,,,
2018,6,2018_06_LAC_CLE,LAC,,,
2018,7,2018_07_TEN_LAC,LAC,42.783337,0.4138888888888889,7.941666
2018,9,2018_09_LAC_SEA,LAC,41.172222,0.525,2.663889
2018,10,2018_10_LAC_OAK,LAC,40.572224,0.513888888888889,2.575
2018,11,2018_11_DEN_LAC,LAC,42.030556,0.5555555555555556,2.463889
2018,12,2018_12_ARI_LAC,LAC,41.280556,0.513888888888889,2.2555554
2018,13,2018_13_LAC_PIT,LAC,42.863888,0.4305555555555556,4.311111
2018,14,2018_14_CIN_LAC,LAC,41.97222,0.47222222222222227,2.986111
2018,15,2018_15_LAC_KC,LAC,42.791668,0.3055555555555555,3.9444444
2018,16,2018_16_BAL_LAC,LAC,42.541668,0.25,3.8333333
2018,17,2018_17_LAC_DEN,LAC,42.345238,0.255952380952381,3.904762
2019,1,2019_01_IND_LAC,LAC,,,
2019,2,2019_02_LAC_DET,LAC,,,
2019,3,2019_03_HOU_LAC,LAC,,,
2019,5,2019_05_DEN_LAC,LAC,,,
2019,6,2019_06_PIT_LAC,LAC,,,
2019,7,2019_07_LAC_TEN,LAC,,,
2019,8,2019_08_LAC_CHI,LAC,47.219448,0.48888888888888893,5.2194443
2019,9,2019_09_GB_LAC,LAC,48.019444,0.35555555555555557,6.4694443
2019,10,2019_10_LAC_OAK,LAC,45.93611,0.5222222222222223,5.761111
2019,11,2019_11_KC_LAC,LAC,45.11667,0.4388888888888889,4.9555554
2019,13,2019_13_LAC_DEN,LAC,45.327778,0.33888888888888885,5.4444447
2019,14,2019_14_LAC_JAX,LAC,45.75833,0.325,4.6666665
2019,15,2019_15_MIN_LAC,LAC,46.675,0.325,3.5833333
2019,16,2019_16_OAK_LAC,LAC,42.041668,0.2916666666666667,1.9166666
2019,17,2019_17_LAC_KC,LAC,43.625,0.18055555555555555,3.0555556
2020,1,2020_01_LAC_CIN,LAC,,,
2020,2,2020_02_KC_LAC,LAC,,,
2020,3,2020_03_CAR_LAC,LAC,,,
2020,4,2020_04_LAC_TB,LAC,,,
2020,5,2020_05_LAC_NO,LAC,,,
2020,7,2020_07_JAX_LAC,LAC,,,
2020,8,2020_08_LAC_DEN,LAC,44.73254,0.2238095238095238,6.9428573
2020,9,2020_09_LV_LAC,LAC,43.09921,0.24603174603174605,6.420635
2020,10,2020_10_LAC_MIA,LAC,43.93254,0.24603174603174602,6.9206347
2020,11,2020_11_NYJ_LAC,LAC,43.021427,0.16825396825396824,8.37619
2020,12,2020_12_LAC_BUF,LAC,40.243652,0.16825396825396824,7.7650795
2020,13,2020_13_NE_LAC,LAC,40.11667,0.17222222222222225,6.8444443
2020,14,2020_14_ATL_LAC,LAC,42.95,0.17222222222222225,11.386111
2020,15,2020_15_LAC_LV,LAC,44.838886,0.11666666666666665,13.163888
2020,16,2020_16_DEN_LAC,LAC,42.644444,0.14444444444444446,13.108334
2020,17,2020_17_LAC_KC,LAC,44.98611,0.11111111111111112,13.125
2021,1,2021_01_LAC_WAS,LAC,,,
2021,3,2021_03_LAC_KC,LAC,,,
2021,4,2021_04_LV_LAC,LAC,,,
2021,5,2021_05_CLE_LAC,LAC,,,
2021,6,2021_06_LAC_BAL,LAC,,,
2021,8,2021_08_NE_LAC,LAC,,,
2021,10,2021_10_MIN_LAC,LAC,47.594448,0.2833333333333333,7.980555
2021,11,2021_11_PIT_LAC,LAC,47.827778,0.35000000000000003,8.447223
2021,12,2021_12_LAC_DEN,LAC,40.661114,0.26666666666666666,8.155556
2021,13,2021_13_LAC_CIN,LAC,41.18889,0.15555555555555556,8.099999
2021,14,2021_14_NYG_LAC,LAC,39.39722,0.10000000000000002,7.363889
2021,15,2021_15_KC_LAC,LAC,34.997223,0.06666666666666667,5.8972225
2021,17,2021_17_DEN_LAC,LAC,33.830555,0.06666666666666667,4.563889
2021,18,2021_18_LAC_LV,LAC,32.152775,0.1111111111111111,2.4861112
2022,1,2022_01_LV_LAC,LAC,,,
2022,2,2022_02_LAC_KC,LAC,,,
2022,3,2022_03_JAX_LAC,LAC,,,
2022,4,2022_04_LAC_HOU,LAC,,,
2022,5,2022_05_LAC_CLE,LAC,,,
2022,6,2022_06_DEN_LAC,LAC,,,
2022,7,2022_07_SEA_LAC,LAC,43.416668,0.3333333333333333,1.4166666
2022,9,2022_09_LAC_ATL,LAC,42.850002,0.39166666666666666,1.25
2022,10,2022_10_LAC_SF,LAC,43.100002,0.35000000000000003,1.0833334
2022,11,2022_11_KC_LAC,LAC,42.475002,0.3416666666666666,0.33333334
2022,12,2022_12_LAC_ARI,LAC,42.933334,0.2722222222222222,0.38888887
2022,13,2022_13_LAC_LV,LAC,43.266666,0.3833333333333333,0.8055555
2022,14,2022_14_MIA_LAC,LAC,43.544445,0.3972222222222222,0.8055555
2022,15,2022_15_TEN_LAC,LAC,43.277775,0.2972222222222222,0.8055555
2022,16,2022_16_LAC_IND,LAC,43.20635,0.30317460317460315,0.8055555
2022,17,2022_17_LA_LAC,LAC,42.914684,0.31150793650793646,0.8055555
2022,18,2022_18_LAC_DEN,LAC,41.45635,0.38095238095238093,0.41666666
2023,1,2023_01_MIA_LAC,LAC,,,
2023,2,2023_02_LAC_TEN,LAC,,,
2023,3,2023_03_LAC_MIN,LAC,,,
2023,4,2023_04_LV_LAC,LAC,,,
2023,6,2023_06_DAL_LAC,LAC,,,
2023,7,2023_07_LAC_KC,LAC,,,
2023,8,2023_08_CHI_LAC,LAC,42.911114,0.3333333333333333,2.5138888
2023,9,2023_09_LAC_NYJ,LAC,42.18889,0.4166666666666667,3.6805556
2023,10,2023_10_DET_LAC,LAC,43.27222,0.3263888888888889,3.5416667
2023,11,2023_11_LAC_GB,LAC,45.966663,0.2708333333333333,4.5416665
2023,12,2023_12_BAL_LAC,LAC,47.244446,0.3263888888888889,5.0
2023,13,2023_13_LAC_NE,LAC,49.144444,0.34861111111111115,4.6666665
2023,14,2023_14_DEN_LAC,LAC,48.090275,0.3611111111111111,3.0
2023,15,2023_15_LAC_LV,LAC,50.323612,0.3444444444444444,2.6666667
2023,16,2023_16_BUF_LAC,LAC,50.940277,0.3902777777777778,3.3
2023,17,2023_17_LAC_DEN,LAC,50.356945,0.43194444444444446,2.7583332
2023,18,2023_18_KC_LAC,LAC,50.079166,0.4597222222222222,2.8416665
2024,1,2024_01_LV_LAC,LAC,,,
2024,2,2024_02_LAC_CAR,LAC,,,
2024,3,2024_03_LAC_PIT,LAC,,,
2024,4,2024_04_KC_LAC,LAC,,,
2024,6,2024_06_LAC_DEN,LAC,,,
2024,7,2024_07_LAC_ARI,LAC,,,
2024,8,2024_08_NO_LAC,LAC,45.113094,0.44246031746031744,2.6984127
2024,9,2024_09_LAC_CLE,LAC,46.76389,0.501984126984127,2.8650792
2024,10,2024_10_TEN_LAC,LAC,47.454365,0.4146825396825396,3.3095238
2024,11,2024_11_CIN_LAC,LAC,45.565475,0.3988095238095238,2.8333333
2024,12,2024_12_BAL_LAC,LAC,44.50992,0.42658730158730157,3.361111
2024,13,2024_13_LAC_ATL,LAC,44.75992,0.3849206349206349,2.9444444
2024,14,2024_14_LAC_KC,LAC,46.621033,0.41269841269841273,3.5
2024,15,2024_15_TB_LAC,LAC,44.165478,0.42936507936507934,3.8
2024,16,2024_16_DEN_LAC,LAC,44.141666,0.5166666666666667,3.1888888
2024,17,2024_17_LAC_NE,LAC,44.641666,0.4611111111111111,3.1888888
2024,18,2024_18_LAC_LV,LAC,44.53056,0.4888888888888889,3.4944446
2016,1,2016_01_OAK_NO,LV,,,
2016,2,2016_02_ATL_OAK,LV,,,
2016,3,2016_03_OAK_TEN,LV,,,
2016,4,2016_04_OAK_BAL,LV,,,
2016,5,2016_05_SD_OAK,LV,,,
2016,6,2016_06_KC_OAK,LV,,,
2016,7,2016_07_OAK_JAX,LV,50.02579,0.32142857142857145,8.224206
2016,8,2016_08_OAK_TB,LV,50.834126,0.4130952380952381,8.43254
2016,9,2016_09_DEN_OAK,LV,48.709126,0.3992063492063492,5.390873
2016,11,2016_11_HOU_OAK,LV,47.988888,0.41111111111111115,5.652777
2016,12,2016_12_CAR_OAK,LV,48.19722,0.3833333333333333,5.3333335
2016,13,2016_13_BUF_OAK,LV,48.441666,0.48333333333333334,4.5
2016,14,2016_14_OAK_KC,LV,46.975002,0.5499999999999999,1.7222222
2016,15,2016_15_OAK_SD,LV,45.125,0.4166666666666667,3.1180556
2016,16,2016_16_IND_OAK,LV,46.958332,0.3611111111111111,3.2847223
2016,17,2016_17_OAK_DEN,LV,47.75,0.31111111111111106,3.1180556
2017,1,2017_01_OAK_TEN,LV,,,
2017,2,2017_02_NYJ_OAK,LV,,,
2017,3,2017_03_OAK_WAS,LV,,,
2017,4,2017_04_OAK_DEN,LV,,,
2017,5,2017_05_BAL_OAK,LV,,,
2017,6,2017_06_LAC_OAK,LV,,,
2017,7,2017_07_KC_OAK,LV,52.910717,0.48412698412698413,3.5337303
2017,8,2017_08_OAK_BUF,LV,52.24405,0.48412698412698413,3.978175
2017,9,2017_09_OAK_MIA,LV,49.396824,0.4146825396825397,4.075397
2017,11,2017_11_NE_OAK,LV,48.38889,0.4305555555555555,3.8055556
2017,12,2017_12_DEN_OAK,LV,47.5,0.4305555555555555,2.75
2017,13,2017_13_NYG_OAK,LV,46.541668,0.5416666666666666,2.1805556
2017,14,2017_14_OAK_KC,LV,45.458332,0.4583333333333333,2.3472223
2017,15,2017_15_DAL_OAK,LV,44.15675,0.4265873015873016,2.029762
2017,16,2017_16_OAK_PHI,LV,45.36508,0.4265873015873016,1.9464287
2017,17,2017_17_OAK_LAC,LV,44.487305,0.34880952380952385,2.2686508
2018,1,2018_01_LA_OAK,LV,,,
2018,2,2018_02_OAK_DEN,LV,,,
2018,3,2018_03_OAK_MIA,LV,,,
2018,4,2018_04_CLE_OAK,LV,,,
2018,5,2018_05_OAK_LAC,LV,,,
2018,6,2018_06_SEA_OAK,LV,,,
2018,8,2018_08_IND_OAK,LV,42.25,0.16666666666666666,2.277778
2018,9,2018_09_OAK_SF,LV,41.5,0.125,2.6111112
2018,10,2018_10_LAC_OAK,LV,39.875,0.13888888888888887,2.736111
2018,11,2018_11_OAK_ARI,LV,42.65278,0.13888888888888887,3.5694444
2018,12,2018_12_OAK_BAL,LV,42.756943,0.13194444444444445,4.0833335
2018,13,2018_13_KC_OAK,LV,41.993053,0.1597222222222222,4.8194447
2018,14,2018_14_PIT_OAK,LV,41.96528,0.24305555555555555,4.8194447
2018,15,2018_15_OAK_CIN,LV,43.381943,0.2847222222222222,5.152778
2018,16,2018_16_DEN_OAK,LV,43.493057,0.2569444444444445,5.0972223
2018,17,2018_17_OAK_KC,LV,41.993057,0.3013888888888889,4.263889
2019,1,2019_01_DEN_OAK,LV,,,
2019,2,2019_02_KC_OAK,LV,,,
2019,3,2019_03_OAK_MIN,LV,,,
2019,4,2019_04_OAK_IND,LV,,,
2019,5,2019_05_CHI_OAK,LV,,,
2019,7,2019_07_OAK_GB,LV,,,
2019,8,2019_08_OAK_HOU,LV,48.169445,0.5027777777777778,6.375
2019,9,2019_09_DET_OAK,LV,48.83611,0.5305555555555556,7.263889
2019,10,2019_10_LAC_OAK,LV,49.502777,0.47500000000000003,5.9305553
2019,11,2019_11_CIN_OAK,LV,47.544445,0.43333333333333335,5.847222
2019,12,2019_12_OAK_NYJ,LV,46.31111,0.3666666666666667,5.7472224
2019,13,2019_13_OAK_KC,LV,46.72778,0.42023809523809524,3.3662698
2019,14,2019_14_TEN_OAK,LV,44.31111,0.3369047619047619,3.3662698
2019,15,2019_15_JAX_OAK,LV,43.566666,0.38690476190476186,2.477381
2019,16,2019_16_OAK_LAC,LV,42.524998,0.5119047619047619,2.8107145
2019,17,2019_17_OAK_DEN,LV,44.075,0.5702380952380952,2.7190475
2020,1,2020_01_LV_CAR,LV,,,
2020,2,2020_02_NO_LV,LV,,,
2020,3,2020_03_LV_NE,LV,,,
2020,4,2020_04_BUF_LV,LV,,,
2020,5,2020_05_LV_KC,LV,,,
2020,7,2020_07_TB_LV,LV,,,
2020,8,2020_08_LV_CLE,LV,46.166668,0.25,8.555555
2020,9,2020_09_LV_LAC,LV,48.444443,0.4166666666666667,6.9444447
2020,10,2020_10_DEN_LV,LV,48.194443,0.5,6.9444447
2020,11,2020_11_KC_LV,LV,47.88889,0.5694444444444444,6.3333335
2020,12,2020_12_LV_ATL,LV,44.472225,0.6527777777777778,0.0
2020,13,2020_13_LV_NYJ,LV,43.738888,0.6694444444444444,0.13333334
2020,14,2020_14_IND_LV,LV,44.183334,0.6694444444444444,0.13333334
2020,15,2020_15_LAC_LV,LV,42.683334,0.5027777777777778,0.46666667
2020,16,2020_16_MIA_LV,LV,42.683334,0.41944444444444445,1.3000001
2020,17,2020_17_LV_DEN,LV,42.433334,0.37777777777777777,1.5916667
2021,1,2021_01_BAL_LV,LV,,,
2021,2,2021_02_LV_PIT,LV,,,
2021,3,2021_03_MIA_LV,LV,,,
2021,4,2021_04_LV_LAC,LV,,,
2021,5,2021_05_CHI_LV,LV,,,
2021,6,2021_06_LV_DEN,LV,,,
2021,7,2021_07_PHI_LV,LV,53.06111,0.46388888888888885,6.111111
2021,9,2021_09_LV_NYG,LV,52.11667,0.49166666666666664,4.75
2021,10,2021_10_KC_LV,LV,52.533337,0.40833333333333327,6.0416665
2021,11,2021_11_CIN_LV,LV,51.86667,0.35833333333333334,6.4500003
2021,12,2021_12_LV_DAL,LV,51.083332,0.40833333333333327,6.2000003
2021,13,2021_13_WAS_LV,LV,49.850002,0.4166666666666667,5.15
2021,14,2021_14_LV_KC,LV,48.766666,0.4166666666666667,6.3583336
2021,15,2021_15_LV_CLE,LV,49.266666,0.3333333333333333,6.4694443
2021,16,2021_16_DEN_LV,LV,48.308334,0.375,5.136111
2021,17,2021_17_LV_IND,LV,47.058334,0.5083333333333333,3.6027777
2021,18,2021_18_LAC_LV,LV,47.975002,0.5083333333333333,3.1861112
2022,1,2022_01_LV_LAC,LV,,,
2022,2,2022_02_ARI_LV,LV,,,
2022,3,2022_03_LV_TEN,LV,,,
2022,4,2022_04_DEN_LV,LV,,,
2022,5,2022_05_LV_KC,LV,,,
2022,7,2022_07_HOU_LV,LV,,,
2022,8,2022_08_LV_NO,LV,51.152775,0.3194444444444444,5.75
2022,9,2022_09_LV_JAX,LV,49.952778,0.36944444444444446,6.25
2022,10,2022_10_IND_LV,LV,49.175,0.49444444444444446,5.75
2022,11,2022_11_LV_DEN,LV,50.975002,0.4833333333333334,5.4833336
2022,12,2022_12_LV_SEA,LV,49.808334,0.4833333333333334,3.8583333
2022,13,2022_13_LAC_LV,LV,48.725002,0.5666666666666668,4.1916666
2022,14,2022_14_LV_LA,LV,48.516666,0.5666666666666668,5.0666666
2022,15,2022_15_NE_LV,LV,49.105556,0.5444444444444444,4.5666666
2022,16,2022_16_LV_PIT,LV,48.65317,0.467063492063492,4.495238
2022,17,2022_17_SF_LV,LV,45.78651,0.4003968253968255,3.8952382
2022,18,2022_18_KC_LV,LV,44.744843,0.4420634920634921,2.7702382
2023,1,2023_01_LV_DEN,LV,,,
2023,2,2023_02_LV_BUF,LV,,,
2023,3,2023_03_PIT_LV,LV,,,
2023,4,2023_04_LV_LAC,LV,,,
2023,5,2023_05_GB_LV,LV,,,
2023,6,2023_06_NE_LV,LV,,,
2023,7,2023_07_LV_CHI,LV,50.60278,0.49444444444444446,2.0166667
2023,8,2023_08_LV_DET,LV,49.269444,0.6611111111111111,2.0166667
2023,9,2023_09_NYG_LV,LV,49.058334,0.6166666666666667,2.6166666
2023,10,2023_10_NYJ_LV,LV,50.925,0.6166666666666666,3.55
2023,11,2023_11_LV_MIA,LV,50.391666,0.6166666666666666,3.1166668
2023,12,2023_12_KC_LV,LV,51.266666,0.5055555555555556,3.8666668
2023,14,2023_14_MIN_LV,LV,49.183334,0.4777777777777777,3.2555554
2023,15,2023_15_LAC_LV,LV,51.370834,0.3527777777777778,4.2555556
2023,16,2023_16_LV_KC,LV,51.91528,0.3416666666666666,4.8777776
2023,17,2023_17_LV_IND,LV,48.84306,0.3916666666666666,4.4166665
2023,18,2023_18_DEN_LV,LV,46.643055,0.425,4.25
2024,1,2024_01_LV_LAC,LV,,,
2024,2,2024_02_LV_BAL,LV,,,
2024,3,2024_03_CAR_LV,LV,,,
2024,4,2024_04_CLE_LV,LV,,,
2024,5,2024_05_LV_DEN,LV,,,
2024,6,2024_06_PIT_LV,LV,,,
2024,7,2024_07_LV_LA,LV,50.294445,0.35000000000000003,5.2833333
2024,8,2024_08_KC_LV,LV,49.377777,0.2916666666666667,5.3166666
2024,9,2024_09_LV_CIN,LV,52.933334,0.375,4.983333
2024,11,2024_11_LV_MIA,LV,53.566666,0.375,4.75
2024,12,2024_12_DEN_LV,LV,52.899998,0.4583333333333333,3.5
2024,13,2024_13_LV_KC,LV,51.916668,0.47500000000000003,2.6166666
2024,14,2024_14_LV_TB,LV,52.61111,0.5305555555555556,3.0611112
2024,15,2024_15_ATL_LV,LV,52.069443,0.48888888888888893,2.8527777
2024,16,2024_16_JAX_LV,LV,46.702778,0.4388888888888889,2.7527778
2024,17,2024_17_LV_NO,LV,45.286114,0.4222222222222222,2.913889
2024,18,2024_18_LAC_LV,LV,44.536114,0.33888888888888885,3.788889
2016,1,2016_01_MIA_SEA,MIA,,,
2016,2,2016_02_MIA_NE,MIA,,,
2016,3,2016_03_CLE_MIA,MIA,,,
2016,4,2016_04_MIA_CIN,MIA,,,
2016,5,2016_05_TEN_MIA,MIA,,,
2016,6,2016_06_PIT_MIA,MIA,,,
2016,7,2016_07_BUF_MIA,MIA,47.101192,0.39285714285714285,3.4305556
2016,9,2016_09_NYJ_MIA,MIA,45.148808,0.3214285714285714,3.4781744
2016,10,2016_10_MIA_SD,MIA,43.523808,0.4325396825396825,2.6587303
2016,11,2016_11_MIA_LA,MIA,43.98492,0.3547619047619048,4.15873
2016,12,2016_12_SF_MIA,MIA,43.34444,0.31666666666666665,4.061111
2016,13,2016_13_MIA_BAL,MIA,42.033333,0.29444444444444445,3.572222
2016,14,2016_14_ARI_MIA,MIA,41.783333,0.29444444444444445,3.6555555
2016,15,2016_15_MIA_NYJ,MIA,43.158337,0.35694444444444445,2.9055555
2016,16,2016_16_MIA_BUF,MIA,43.630554,0.27361111111111114,3.238889
2016,17,2016_17_NE_MIA,MIA,41.930553,0.34027777777777785,2.5055556
2017,2,2017_02_MIA_LAC,MIA,,,
2017,3,2017_03_MIA_NYJ,MIA,,,
2017,4,2017_04_NO_MIA,MIA,,,
2017,5,2017_05_TEN_MIA,MIA,,,
2017,6,2017_06_MIA_ATL,MIA,,,
2017,7,2017_07_NYJ_MIA,MIA,,,
2017,8,2017_08_MIA_BAL,MIA,45.039684,0.31084656084656087,3.6640213
2017,9,2017_09_OAK_MIA,MIA,44.65079,0.31084656084656087,2.5737433
2017,10,2017_10_MIA_CAR,MIA,44.088886,0.3537037037037037,2.535648
2017,11,2017_11_TB_MIA,MIA,43.74167,0.4231481481481481,2.2300925
2017,12,2017_12_MIA_NE,MIA,44.075,0.4138888888888889,2.5541666
2017,13,2017_13_DEN_MIA,MIA,44.341663,0.3972222222222222,2.6875
2017,14,2017_14_NE_MIA,MIA,44.07315,0.47129629629629627,1.9652777
2017,15,2017_15_MIA_BUF,MIA,44.73982,0.5189153439153439,2.65873
2017,16,2017_16_MIA_KC,MIA,45.164814,0.4939153439153439,2.0420635
2017,17,2017_17_BUF_MIA,MIA,43.12315,0.3689153439153439,1.7087301
2018,1,2018_01_TEN_MIA,MIA,,,
2018,2,2018_02_MIA_NYJ,MIA,,,
2018,3,2018_03_OAK_MIA,MIA,,,
2018,4,2018_04_MIA_NE,MIA,,,
2018,5,2018_05_MIA_CIN,MIA,,,
2018,6,2018_06_CHI_MIA,MIA,,,
2018,7,2018_07_DET_MIA,MIA,45.67897,0.4388888888888889,4.163095
2018,8,2018_08_MIA_HOU,MIA,44.30397,0.5222222222222223,2.9547617
2018,9,2018_09_NYJ_MIA,MIA,43.942856,0.5083333333333333,3.3853176
2018,10,2018_10_MIA_GB,MIA,43.55397,0.5546296296296296,3.3945768
2018,12,2018_12_MIA_IND,MIA,42.994446,0.5546296296296296,3.9064815
2018,13,2018_13_BUF_MIA,MIA,43.944443,0.5046296296296297,3.662037
2018,14,2018_14_NE_MIA,MIA,44.81349,0.46891534391534395,3.4537036
2018,15,2018_15_MIA_MIN,MIA,41.95238,0.38558201058201064,3.0231483
2018,16,2018_16_JAX_MIA,MIA,42.476192,0.26058201058201064,5.2433863
2018,17,2018_17_MIA_BUF,MIA,42.753967,0.21428571428571427,6.206349
2019,1,2019_01_BAL_MIA,MIA,,,
2019,2,2019_02_NE_MIA,MIA,,,
2019,3,2019_03_MIA_DAL,MIA,,,
2019,4,2019_04_LAC_MIA,MIA,,,
2019,6,2019_06_WAS_MIA,MIA,,,
2019,7,2019_07_MIA_BUF,MIA,,,
2019,8,2019_08_MIA_PIT,MIA,47.47064,0.2912698412698413,2.7865078
2019,9,2019_09_NYJ_MIA,MIA,46.276188,0.40238095238095245,2.147619
2019,10,2019_10_MIA_IND,MIA,46.097622,0.47976190476190483,1.9333334
2019,11,2019_11_BUF_MIA,MIA,46.36429,0.44642857142857145,2.7666667
2019,12,2019_12_MIA_CLE,MIA,45.05873,0.44642857142857145,3.2666667
2019,13,2019_13_PHI_MIA,MIA,45.094448,0.375,3.3500001
2019,14,2019_14_MIA_NYJ,MIA,42.261112,0.375,2.4333334
2019,15,2019_15_MIA_NYG,MIA,42.011112,0.20833333333333334,4.266667
2019,16,2019_16_CIN_MIA,MIA,42.094444,0.19444444444444442,4.766667
2019,17,2019_17_MIA_NE,MIA,42.694443,0.25,4.6666665
2020,1,2020_01_MIA_NE,MIA,,,
2020,2,2020_02_BUF_MIA,MIA,,,
2020,3,2020_03_MIA_JAX,MIA,,,
2020,4,2020_04_SEA_MIA,MIA,,,
2020,5,2020_05_MIA_SF,MIA,,,
2020,6,2020_06_NYJ_MIA,MIA,,,
2020,8,2020_08_LA_MIA,MIA,46.2254,0.30238095238095236,2.3500001
2020,9,2020_09_MIA_ARI,MIA,44.910583,0.394973544973545,2.4796298
2020,10,2020_10_LAC_MIA,MIA,43.121693,0.3505291005291005,1.6574074
2020,11,2020_11_MIA_DEN,MIA,44.95503,0.3505291005291005,1.3240741
2020,12,2020_12_MIA_NYJ,MIA,44.343914,0.3783068783068783,1.6018518
2020,13,2020_13_CIN_MIA,MIA,43.26058,0.41997354497354494,0.18518518
2020,14,2020_14_KC_MIA,MIA,44.046295,0.38425925925925924,0.7268519
2020,15,2020_15_NE_MIA,MIA,44.716663,0.325,2.8305557
2020,16,2020_16_MIA_LV,MIA,45.55,0.325,3.9416666
2020,17,2020_17_MIA_BUF,MIA,44.649998,0.275,5.975
2021,1,2021_01_MIA_NE,MIA,,,
2021,2,2021_02_BUF_MIA,MIA,,,
2021,3,2021_03_MIA_LV,MIA,,,
2021,4,2021_04_IND_MIA,MIA,,,
2021,5,2021_05_MIA_TB,MIA,,,
2021,6,2021_06_MIA_JAX,MIA,,,
2021,7,2021_07_ATL_MIA,MIA,42.325,0.3833333333333333,2.2749999
2021,8,2021_08_MIA_BUF,MIA,43.380554,0.4388888888888889,2.386111
2021,9,2021_09_HOU_MIA,MIA,44.613888,0.4055555555555555,2.1194444
2021,10,2021_10_BAL_MIA,MIA,45.055557,0.38055555555555554,1.8111111
2021,11,2021_11_MIA_NYJ,MIA,44.338886,0.3222222222222222,2.0319445
2021,12,2021_12_CAR_MIA,MIA,45.880554,0.3222222222222222,3.198611
2021,13,2021_13_NYG_MIA,MIA,46.047222,0.4055555555555555,3.198611
2021,15,2021_15_NYJ_MIA,MIA,45.547222,0.43333333333333335,2.865278
2021,16,2021_16_MIA_NO,MIA,45.747223,0.48888888888888893,3.3097222
2021,17,2021_17_MIA_TEN,MIA,45.930557,0.47222222222222227,3.9930556
2021,18,2021_18_NE_MIA,MIA,44.805557,0.47222222222222227,4.9722223
2022,1,2022_01_NE_MIA,MIA,,,
2022,2,2022_02_MIA_BAL,MIA,,,
2022,3,2022_03_BUF_MIA,MIA,,,
2022,4,2022_04_MIA_CIN,MIA,,,
2022,5,2022_05_MIA_NYJ,MIA,,,
2022,6,2022_06_MIN_MIA,MIA,,,
2022,7,2022_07_PIT_MIA,MIA,45.86389,0.38611111111111107,4.261111
2022,8,2022_08_MIA_DET,MIA,45.350002,0.37222222222222223,4.288889
2022,9,2022_09_MIA_CHI,MIA,44.850002,0.45555555555555555,4.538889
2022,12,2022_12_HOU_MIA,MIA,46.083332,0.3888888888888889,3.8055556
2022,13,2022_13_MIA_SF,MIA,45.972225,0.3888888888888889,4.7777777
2022,14,2022_14_MIA_LAC,MIA,47.277775,0.3333333333333333,6.1944447
2022,15,2022_15_MIA_BUF,MIA,46.535717,0.373015873015873,5.7420635
2022,16,2022_16_GB_MIA,MIA,46.382935,0.3869047619047619,5.214286
2022,17,2022_17_MIA_NE,MIA,47.716267,0.3869047619047619,4.8809524
2022,18,2022_18_NYJ_MIA,MIA,47.091267,0.5535714285714286,4.964286
2023,1,2023_01_MIA_LAC,MIA,,,
2023,2,2023_02_MIA_NE,MIA,,,
2023,3,2023_03_DEN_MIA,MIA,,,
2023,4,2023_04_MIA_BUF,MIA,,,
2023,5,2023_05_NYG_MIA,MIA,,,
2023,6,2023_06_CAR_MIA,MIA,,,
2023,7,2023_07_MIA_PHI,MIA,43.833332,0.125,2.0416667
2023,8,2023_08_NE_MIA,MIA,45.0,0.18055555555555555,1.5416666
2023,9,2023_09_MIA_KC,MIA,45.11111,0.2916666666666667,0.875
2023,11,2023_11_LV_MIA,MIA,44.63492,0.38690476190476186,1.2083334
2023,12,2023_12_MIA_NYJ,MIA,44.9127,0.498015873015873,1.875
2023,13,2023_13_MIA_WAS,MIA,45.829365,0.4146825396825397,1.875
2023,14,2023_14_TEN_MIA,MIA,44.801586,0.42857142857142855,1.6111112
2023,15,2023_15_NYJ_MIA,MIA,45.13492,0.4396825396825397,2.6111112
2023,16,2023_16_DAL_MIA,MIA,42.982143,0.45357142857142857,2.6111112
2023,17,2023_17_MIA_BAL,MIA,44.708332,0.4416666666666667,2.4444444
2023,18,2023_18_BUF_MIA,MIA,45.541668,0.38611111111111107,2.1111112
2024,1,2024_01_JAX_MIA,MIA,,,
2024,2,2024_02_BUF_MIA,MIA,,,
2024,3,2024_03_MIA_SEA,MIA,,,
2024,4,2024_04_TEN_MIA,MIA,,,
2024,5,2024_05_MIA_NE,MIA,,,
2024,7,2024_07_MIA_IND,MIA,,,
2024,8,2024_08_ARI_MIA,MIA,44.71111,0.513888888888889,3.1805556
2024,9,2024_09_MIA_BUF,MIA,44.127777,0.47222222222222227,3.0555556
2024,10,2024_10_MIA_LA,MIA,42.294445,0.3055555555555555,7.888889
2024,12,2024_12_NE_MIA,MIA,42.044445,0.27777777777777773,7.361111
2024,13,2024_13_MIA_GB,MIA,42.11111,0.3444444444444444,7.2944446
2024,14,2024_14_NYJ_MIA,MIA,45.333332,0.2888888888888889,6.461111
2024,15,2024_15_MIA_HOU,MIA,45.61111,0.31666666666666665,6.1
2024,16,2024_16_SF_MIA,MIA,48.0,0.2888888888888889,8.599999
2024,17,2024_17_MIA_CLE,MIA,50.0,0.37222222222222223,4.4333334
2024,18,2024_18_MIA_NYJ,MIA,49.86508,0.3642857142857143,4.647619
2016,1,2016_01_MIN_TEN,MIN,,,
2016,2,2016_02_GB_MIN,MIN,,,
2016,3,2016_03_MIN_CAR,MIN,,,
2016,4,2016_04_NYG_MIN,MIN,,,
2016,5,2016_05_HOU_MIN,MIN,,,
2016,7,2016_07_MIN_PHI,MIN,,,
2016,8,2016_08_MIN_CHI,MIN,43.424206,0.446031746031746,2.3920634
2016,9,2016_09_DET_MIN,MIN,44.50357,0.4619047619047618,2.2333333
2016,10,2016_10_MIN_WAS,MIN,44.086903,0.4678571428571428,2.1857142
2016,11,2016_11_ARI_MIN,MIN,43.24881,0.46309523809523806,2.3857143
2016,12,2016_12_MIN_DET,MIN,45.290478,0.46309523809523806,3.8857143
2016,13,2016_13_DAL_MIN,MIN,45.715473,0.5547619047619047,2.4440477
2016,14,2016_14_MIN_JAX,MIN,43.50714,0.5428571428571428,2.4678571
2016,15,2016_15_IND_MIN,MIN,43.149998,0.47142857142857136,2.5154762
2016,16,2016_16_MIN_GB,MIN,45.17778,0.4575396825396825,4.1821427
2016,17,2016_17_CHI_MIN,MIN,44.144444,0.3908730158730158,5.315476
2017,1,2017_01_NO_MIN,MIN,,,
2017,2,2017_02_MIN_PIT,MIN,,,
2017,3,2017_03_TB_MIN,MIN,,,
2017,4,2017_04_DET_MIN,MIN,,,
2017,5,2017_05_MIN_CHI,MIN,,,
2017,6,2017_06_GB_MIN,MIN,,,
2017,7,2017_07_BAL_MIN,MIN,41.630554,0.4694444444444444,1.0
2017,8,2017_08_MIN_CLE,MIN,42.047222,0.38611111111111107,1.0
2017,10,2017_10_MIN_WAS,MIN,40.85278,0.35833333333333334,1.3333334
2017,11,2017_11_LA_MIN,MIN,40.713886,0.30277777777777776,1.3333334
2017,12,2017_12_MIN_DET,MIN,41.625,0.2916666666666667,2.0
2017,13,2017_13_MIN_ATL,MIN,41.583332,0.3194444444444444,2.5555556
2017,14,2017_14_MIN_CAR,MIN,42.625,0.22777777777777777,2.488889
2017,15,2017_15_CIN_MIN,MIN,42.23611,0.2833333333333333,2.8777778
2017,16,2017_16_MIN_GB,MIN,43.330555,0.3277777777777778,2.9722223
2017,17,2017_17_CHI_MIN,MIN,43.342464,0.3753968253968254,3.6626985
2018,1,2018_01_SF_MIN,MIN,,,
2018,2,2018_02_MIN_GB,MIN,,,
2018,3,2018_03_BUF_MIN,MIN,,,
2018,4,2018_04_MIN_LA,MIN,,,
2018,5,2018_05_MIN_PHI,MIN,,,
2018,6,2018_06_ARI_MIN,MIN,,,
2018,7,2018_07_MIN_NYJ,MIN,42.447224,0.3194444444444445,1.5555555
2018,8,2018_08_NO_MIN,MIN,44.016666,0.2916666666666667,1.3333334
2018,9,2018_09_DET_MIN,MIN,43.966663,0.30833333333333335,2.5833333
2018,11,2018_11_MIN_CHI,MIN,42.125,0.4000000000000001,2.1499999
2018,12,2018_12_GB_MIN,MIN,42.916668,0.4416666666666667,2.4416666
2018,13,2018_13_MIN_NE,MIN,44.041668,0.4833333333333334,3.9416666
2018,14,2018_14_MIN_SEA,MIN,44.141666,0.4833333333333334,4.3416667
2018,15,2018_15_MIA_MIN,MIN,43.283337,0.43333333333333335,4.741667
2018,16,2018_16_MIN_DET,MIN,43.588886,0.3499999999999999,3.9361112
2018,17,2018_17_CHI_MIN,MIN,44.797222,0.25277777777777777,4.436111
2019,1,2019_01_ATL_MIN,MIN,,,
2019,2,2019_02_MIN_GB,MIN,,,
2019,3,2019_03_OAK_MIN,MIN,,,
2019,4,2019_04_MIN_CHI,MIN,,,
2019,5,2019_05_MIN_NYG,MIN,,,
2019,6,2019_06_PHI_MIN,MIN,,,
2019,7,2019_07_MIN_DET,MIN,47.649998,0.3333333333333333,5.788889
2019,9,2019_09_MIN_KC,MIN,47.583332,0.26666666666666666,4.2555556
2019,10,2019_10_MIN_DAL,MIN,47.604168,0.28055555555555556,4.609722
2019,11,2019_11_DEN_MIN,MIN,46.770832,0.28055555555555556,4.609722
2019,13,2019_13_MIN_SEA,MIN,46.80417,0.28055555555555556,4.076389
2019,14,2019_14_DET_MIN,MIN,44.3875,0.3222222222222222,1.6180557
2019,15,2019_15_MIN_LAC,MIN,43.720837,0.37777777777777777,1.0347222
2019,16,2019_16_GB_MIN,MIN,44.1375,0.5444444444444444,1.0347222
2019,17,2019_17_CHI_MIN,MIN,44.6375,0.5444444444444444,1.2222222
2020,1,2020_01_GB_MIN,MIN,,,
2020,2,2020_02_MIN_IND,MIN,,,
2020,3,2020_03_TEN_MIN,MIN,,,
2020,4,2020_04_MIN_HOU,MIN,,,
2020,5,2020_05_MIN_SEA,MIN,,,
2020,6,2020_06_ATL_MIN,MIN,,,
2020,8,2020_08_MIN_GB,MIN,44.166668,0.2222222222222222,5.2777777
2020,9,2020_09_DET_MIN,MIN,43.777775,0.13888888888888887,5.777778
2020,10,2020_10_MIN_CHI,MIN,42.011112,0.1722222222222222,5.211111
2020,11,2020_11_DAL_MIN,MIN,41.61111,0.15000000000000002,6.4
2020,12,2020_12_CAR_MIN,MIN,43.25,0.10833333333333335,8.483334
2020,13,2020_13_JAX_MIN,MIN,43.75,0.10833333333333335,8.344444
2020,14,2020_14_MIN_TB,MIN,43.38095,0.09047619047619049,7.1539683
2020,15,2020_15_CHI_MIN,MIN,43.43651,0.17380952380952383,6.9873013
2020,16,2020_16_MIN_NO,MIN,44.869843,0.1404761904761905,5.970635
2020,17,2020_17_MIN_DET,MIN,45.68651,0.19047619047619047,5.2123017
2021,1,2021_01_MIN_CIN,MIN,,,
2021,2,2021_02_MIN_ARI,MIN,,,
2021,3,2021_03_SEA_MIN,MIN,,,
2021,4,2021_04_CLE_MIN,MIN,,,
2021,5,2021_05_DET_MIN,MIN,,,
2021,6,2021_06_MIN_CAR,MIN,,,
2021,8,2021_08_DAL_MIN,MIN,46.591663,0.28750000000000003,3.3763888
2021,9,2021_09_MIN_BAL,MIN,44.8,0.35000000000000003,2.3833332
2021,10,2021_10_MIN_LAC,MIN,45.166668,0.3833333333333333,2.2166665
2021,11,2021_11_GB_MIN,MIN,44.944443,0.41111111111111115,3.4944441
2021,12,2021_12_MIN_SF,MIN,43.805557,0.4388888888888889,2.8
2021,13,2021_13_MIN_DET,MIN,44.36111,0.4388888888888889,2.8
2021,14,2021_14_PIT_MIN,MIN,45.42778,0.48333333333333334,2.6333332
2021,15,2021_15_MIN_CHI,MIN,46.955555,0.45555555555555555,2.9666665
2021,16,2021_16_LA_MIN,MIN,45.9127,0.43650793650793646,2.6190476
2021,17,2021_17_MIN_GB,MIN,45.83492,0.392063492063492,3.8412697
2021,18,2021_18_CHI_MIN,MIN,47.112698,0.3642857142857143,4.7579365
2022,1,2022_01_GB_MIN,MIN,,,
2022,2,2022_02_MIN_PHI,MIN,,,
2022,3,2022_03_DET_MIN,MIN,,,
2022,4,2022_04_MIN_NO,MIN,,,
2022,5,2022_05_CHI_MIN,MIN,,,
2022,6,2022_06_MIN_MIA,MIN,,,
2022,8,2022_08_ARI_MIN,MIN,41.45,0.4666666666666666,2.288889
2022,9,2022_09_MIN_WAS,MIN,41.483334,0.4333333333333333,2.3222222
2022,10,2022_10_MIN_BUF,MIN,41.894444,0.3888888888888889,2.9944446
2022,11,2022_11_DAL_MIN,MIN,41.505554,0.3333333333333333,3.1055555
2022,12,2022_12_NE_MIN,MIN,42.553173,0.31746031746031744,3.8039682
2022,13,2022_13_NYJ_MIN,MIN,48.83095,0.48412698412698413,4.4150796
2022,14,2022_14_MIN_DET,MIN,49.59206,0.4396825396825397,5.4095235
2022,15,2022_15_IND_MIN,MIN,50.658733,0.42857142857142855,7.642857
2022,16,2022_16_NYG_MIN,MIN,48.464283,0.42857142857142855,6.503968
2022,17,2022_17_MIN_GB,MIN,48.219845,0.4619047619047619,5.3817463
2022,18,2022_18_MIN_CHI,MIN,48.088886,0.3666666666666667,6.6555557
2023,1,2023_01_TB_MIN,MIN,,,
2023,2,2023_02_MIN_PHI,MIN,,,
2023,3,2023_03_LAC_MIN,MIN,,,
2023,4,2023_04_MIN_CAR,MIN,,,
2023,5,2023_05_KC_MIN,MIN,,,
2023,6,2023_06_MIN_CHI,MIN,,,
2023,7,2023_07_SF_MIN,MIN,51.644444,0.16666666666666666,4.2694445
2023,8,2023_08_MIN_GB,MIN,50.077778,0.16666666666666666,3.302778
2023,9,2023_09_MIN_ATL,MIN,48.605556,0.13888888888888887,3.6916666
2023,10,2023_10_NO_MIN,MIN,47.93889,0.13888888888888887,3.6916666
2023,11,2023_11_MIN_DEN,MIN,46.105556,0.2222222222222222,2.8444445
2023,12,2023_12_CHI_MIN,MIN,45.02222,0.2222222222222222,1.5111111
2023,14,2023_14_MIN_LV,MIN,43.166668,0.27777777777777773,1.1111112
2023,15,2023_15_MIN_CIN,MIN,43.51852,0.35185185185185186,2.1481483
2023,16,2023_16_DET_MIN,MIN,44.712963,0.2685185185185185,2.6481483
2023,17,2023_17_GB_MIN,MIN,45.65741,0.2962962962962963,2.6481483
2023,18,2023_18_MIN_DET,MIN,47.03241,0.2546296296296296,2.0370371
2024,1,2024_01_MIN_NYG,MIN,,,
2024,2,2024_02_SF_MIN,MIN,,,
2024,3,2024_03_HOU_MIN,MIN,,,
2024,4,2024_04_MIN_GB,MIN,,,
2024,5,2024_05_NYJ_MIN,MIN,,,
2024,7,2024_07_DET_MIN,MIN,,,
2024,8,2024_08_MIN_LA,MIN,46.694443,0.5027777777777778,2.8111112
2024,9,2024_09_IND_MIN,MIN,48.083332,0.5444444444444444,3.0333335
2024,10,2024_10_MIN_JAX,MIN,46.61111,0.4888888888888889,4.0333333
2024,11,2024_11_MIN_TEN,MIN,44.569443,0.4888888888888889,3.825
2024,12,2024_12_MIN_CHI,MIN,44.46944,0.4888888888888889,4.6583333
2024,13,2024_13_ARI_MIN,MIN,43.71944,0.44722222222222224,3.5749998
2024,14,2024_14_ATL_MIN,MIN,44.830555,0.47500000000000003,3.1305554
2024,15,2024_15_CHI_MIN,MIN,44.941666,0.39166666666666666,3.825
2024,16,2024_16_MIN_SEA,MIN,43.80278,0.39166666666666666,3.2694445
2024,17,2024_17_GB_MIN,MIN,46.136112,0.41944444444444445,4.1583333
2024,18,2024_18_MIN_DET,MIN,44.652775,0.40277777777777773,3.2916667
2016,1,2016_01_NE_ARI,NE,,,
2016,2,2016_02_MIA_NE,NE,,,
2016,3,2016_03_HOU_NE,NE,,,
2016,4,2016_04_BUF_NE,NE,,,
2016,5,2016_05_NE_CLE,NE,,,
2016,6,2016_06_CIN_NE,NE,,,
2016,7,2016_07_NE_PIT,NE,43.673016,0.4261904761904762,2.6666667
2016,8,2016_08_NE_BUF,NE,43.023014,0.4261904761904762,2.0
2016,10,2016_10_SEA_NE,NE,45.134125,0.3428571428571428,2.1111112
2016,11,2016_11_NE_SF,NE,44.872223,0.19999999999999996,2.4444444
2016,12,2016_12_NE_NYJ,NE,43.433334,0.17777777777777778,2.2444444
2016,13,2016_13_LA_NE,NE,44.091663,0.18611111111111112,1.8277777
2016,14,2016_14_BAL_NE,NE,43.56389,0.13055555555555556,1.3833333
2016,15,2016_15_NE_DEN,NE,44.963886,0.18611111111111112,1.7166667
2016,16,2016_16_NYJ_NE,NE,44.948017,0.2575396825396825,1.7246032
2016,17,2016_17_NE_MIA,NE,45.073017,0.2992063492063492,1.6829365
2017,1,2017_01_KC_NE,NE,,,
2017,2,2017_02_NE_NO,NE,,,
2017,3,2017_03_HOU_NE,NE,,,
2017,4,2017_04_CAR_NE,NE,,,
2017,5,2017_05_NE_TB,NE,,,
2017,6,2017_06_NE_NYJ,NE,,,
2017,7,2017_07_ATL_NE,NE,42.444443,0.27777777777777773,4.236111
2017,8,2017_08_LAC_NE,NE,44.055557,0.22222222222222224,3.9583333
2017,10,2017_10_NE_DEN,NE,45.11111,0.3333333333333333,2.625
2017,11,2017_11_NE_OAK,NE,44.722225,0.25,2.0694444
2017,12,2017_12_MIA_NE,NE,45.13889,0.4166666666666667,0.6805555
2017,13,2017_13_NE_BUF,NE,44.083332,0.4305555555555555,-0.5277778
2017,14,2017_14_NE_MIA,NE,43.25,0.4444444444444444,-0.44444445
2017,15,2017_15_NE_PIT,NE,42.86905,0.5158730158730158,-0.23015875
2017,16,2017_16_BUF_NE,NE,43.646824,0.4325396825396825,0.38095236
2017,17,2017_17_NYJ_NE,NE,43.81349,0.4325396825396825,0.38095236
2018,1,2018_01_HOU_NE,NE,,,
2018,2,2018_02_NE_JAX,NE,,,
2018,3,2018_03_NE_DET,NE,,,
2018,4,2018_04_MIA_NE,NE,,,
2018,5,2018_05_IND_NE,NE,,,
2018,7,2018_07_NE_CHI,NE,,,
2018,8,2018_08_NE_BUF,NE,46.122223,0.1722222222222222,6.572222
2018,9,2018_09_GB_NE,NE,44.483334,0.11666666666666668,7.3916664
2018,10,2018_10_NE_TEN,NE,43.511112,0.18611111111111112,6.5166664
2018,12,2018_12_NE_NYJ,NE,44.555557,0.20833333333333334,6.75
2018,13,2018_13_MIN_NE,NE,45.555557,0.25,4.875
2018,14,2018_14_NE_MIA,NE,44.430557,0.2916666666666667,3.4583333
2018,15,2018_15_NE_PIT,NE,45.194443,0.34722222222222215,3.638889
2018,16,2018_16_BUF_NE,NE,46.22778,0.4472222222222222,2.263889
2018,17,2018_17_NYJ_NE,NE,45.144444,0.41944444444444445,2.5972223
2019,1,2019_01_PIT_NE,NE,,,
2019,2,2019_02_NE_MIA,NE,,,
2019,3,2019_03_NYJ_NE,NE,,,
2019,4,2019_04_NE_BUF,NE,,,
2019,5,2019_05_NE_WAS,NE,,,
2019,6,2019_06_NYG_NE,NE,,,
2019,7,2019_07_NE_NYJ,NE,44.992065,0.4708994708994709,1.4166666
2019,8,2019_08_CLE_NE,NE,44.373016,0.5105820105820106,1.75
2019,9,2019_09_NE_BAL,NE,43.939682,0.3772486772486772,1.5388889
2019,11,2019_11_NE_PHI,NE,44.325397,0.35820105820105824,1.7722222
2019,12,2019_12_DAL_NE,NE,44.20734,0.46468253968253964,1.1541667
2019,13,2019_13_NE_HOU,NE,43.56845,0.46468253968253964,0.9041667
2019,14,2019_14_KC_NE,NE,44.12401,0.4924603174603175,1.9041667
2019,15,2019_15_NE_CIN,NE,44.784725,0.48055555555555557,2.4041667
2019,16,2019_16_BUF_NE,NE,45.25139,0.4472222222222222,2.6375
2019,17,2019_17_MIA_NE,NE,45.234722,0.34722222222222215,3.8208332
2020,1,2020_01_MIA_NE,NE,,,
2020,2,2020_02_NE_SEA,NE,,,
2020,3,2020_03_LV_NE,NE,,,
2020,4,2020_04_NE_KC,NE,,,
2020,6,2020_06_DEN_NE,NE,,,
2020,7,2020_07_SF_NE,NE,,,
2020,8,2020_08_NE_BUF,NE,48.222225,0.6944444444444443,1.5
2020,9,2020_09_NE_NYJ,NE,48.819443,0.5694444444444444,1.6666666
2020,10,2020_10_BAL_NE,NE,49.23611,0.736111111111111,0.0
2020,11,2020_11_NE_HOU,NE,48.527775,0.736111111111111,0.0
2020,12,2020_12_ARI_NE,NE,48.194443,0.5694444444444444,0.77777773
2020,13,2020_13_NE_LAC,NE,49.527775,0.513888888888889,1.1666666
2020,14,2020_14_NE_LA,NE,50.23611,0.47222222222222215,1.1666666
2020,15,2020_15_NE_MIA,NE,51.63889,0.5416666666666666,1.3888888
2020,16,2020_16_BUF_NE,NE,49.555557,0.4583333333333333,1.3888888
2020,17,2020_17_NYJ_NE,NE,50.966267,0.4702380952380952,1.9841269
2021,1,2021_01_MIA_NE,NE,,,
2021,2,2021_02_NE_NYJ,NE,,,
2021,3,2021_03_NO_NE,NE,,,
2021,4,2021_04_TB_NE,NE,,,
2021,5,2021_05_NE_HOU,NE,,,
2021,6,2021_06_DAL_NE,NE,,,
2021,7,2021_07_NYJ_NE,NE,46.277775,0.3111111111111111,4.694444
2021,8,2021_08_NE_LAC,NE,43.86111,0.4777777777777778,3.1944444
2021,9,2021_09_NE_CAR,NE,44.672222,0.4555555555555555,3.3833332
2021,10,2021_10_CLE_NE,NE,45.255554,0.5388888888888889,2.911111
2021,11,2021_11_NE_ATL,NE,48.422222,0.6222222222222222,2.411111
2021,12,2021_12_TEN_NE,NE,46.797222,0.7472222222222222,1.0361111
2021,13,2021_13_NE_BUF,NE,49.430557,0.8472222222222223,1.0694444
2021,15,2021_15_NE_IND,NE,50.597225,0.7083333333333334,1.2916666
2021,16,2021_16_BUF_NE,NE,46.930557,0.5972222222222222,0.90277785
2021,17,2021_17_JAX_NE,NE,47.26389,0.48611111111111116,2.5694444
2021,18,2021_18_NE_MIA,NE,42.930557,0.4861111111111111,3.0694444
2022,1,2022_01_NE_MIA,NE,,,
2022,2,2022_02_NE_PIT,NE,,,
2022,3,2022_03_BAL_NE,NE,,,
2022,4,2022_04_NE_GB,NE,,,
2022,5,2022_05_DET_NE,NE,,,
2022,6,2022_06_NE_CLE,NE,,,
2022,7,2022_07_CHI_NE,NE,44.53175,0.38095238095238093,6.470238
2022,8,2022_08_NE_NYJ,NE,44.642857,0.21428571428571427,7.845238
2022,9,2022_09_IND_NE,NE,44.517857,0.25595238095238093,7.845238
2022,11,2022_11_NYJ_NE,NE,42.636906,0.27976190476190477,3.9761906
2022,12,2022_12_NE_MIN,NE,42.708332,0.2797619047619047,3.9285715
2022,13,2022_13_BUF_NE,NE,41.125,0.2797619047619047,3.2063491
2022,14,2022_14_NE_ARI,NE,41.26389,0.21031746031746032,3.0257938
2022,15,2022_15_NE_LV,NE,41.625,0.26587301587301587,2.1230159
2022,16,2022_16_CIN_NE,NE,41.11111,0.23809523809523805,2.6785715
2022,17,2022_17_MIA_NE,NE,41.26984,0.24206349206349206,2.936508
2022,18,2022_18_NE_BUF,NE,40.78889,0.19444444444444442,3.1555555
2023,1,2023_01_PHI_NE,NE,,,
2023,2,2023_02_MIA_NE,NE,,,
2023,3,2023_03_NE_NYJ,NE,,,
2023,4,2023_04_NE_DAL,NE,,,
2023,5,2023_05_NO_NE,NE,,,
2023,6,2023_06_NE_LV,NE,,,
2023,7,2023_07_BUF_NE,NE,44.7625,0.4458333333333333,4.551389
2023,8,2023_08_NE_MIA,NE,46.395832,0.5125000000000001,4.134722
2023,9,2023_09_WAS_NE,NE,47.229168,0.45416666666666666,3.576389
2023,10,2023_10_IND_NE,NE,49.57639,0.4263888888888889,3.625
2023,12,2023_12_NE_NYG,NE,52.493057,0.43472222222222223,3.6499999
2023,13,2023_13_LAC_NE,NE,52.63889,0.38611111111111107,3.3583333
2023,14,2023_14_NE_PIT,NE,52.61508,0.4575396825396825,3.9456348
2023,15,2023_15_KC_NE,NE,50.76323,0.34642857142857136,3.5474865
2023,16,2023_16_NE_DEN,NE,49.929897,0.30753968253968256,3.8974867
2023,17,2023_17_NE_BUF,NE,48.469578,0.3234126984126984,4.441138
2023,18,2023_18_NYJ_NE,NE,45.386246,0.3234126984126984,4.7328043
2024,1,2024_01_NE_CIN,NE,,,
2024,2,2024_02_SEA_NE,NE,,,
2024,3,2024_03_NE_NYJ,NE,,,
2024,4,2024_04_NE_SF,NE,,,
2024,5,2024_05_MIA_NE,NE,,,
2024,6,2024_06_HOU_NE,NE,,,
2024,7,2024_07_NE_JAX,NE,51.083332,0.5333333333333333,4.522222
2024,8,2024_08_NYJ_NE,NE,51.458332,0.5583333333333332,7.788889
2024,9,2024_09_NE_TEN,NE,49.825,0.5083333333333333,9.099999
2024,10,2024_10_NE_CHI,NE,48.7,0.45,8.491667
2024,11,2024_11_LA_NE,NE,50.033337,0.31666666666666665,9.091666
2024,12,2024_12_NE_MIA,NE,47.588886,0.37222222222222223,8.758333
2024,13,2024_13_IND_NE,NE,47.916668,0.3833333333333333,8.425
2024,15,2024_15_NE_ARI,NE,45.541668,0.25833333333333336,4.9249997
2024,16,2024_16_NE_BUF,NE,46.841663,0.30833333333333335,3.6416667
2024,17,2024_17_LAC_NE,NE,47.18889,0.32222222222222224,3.3500001
2024,18,2024_18_BUF_NE,NE,46.855556,0.37222222222222223,2.8333333
2016,1,2016_01_OAK_NO,NO,,,
2016,2,2016_02_NO_NYG,NO,,,
2016,3,2016_03_ATL_NO,NO,,,
2016,4,2016_04_NO_SD,NO,,,
2016,6,2016_06_CAR_NO,NO,,,
2016,7,2016_07_NO_KC,NO,,,
2016,8,2016_08_SEA_NO,NO,49.319046,0.4380952380952381,3.8809526
2016,9,2016_09_NO_SF,NO,49.069046,0.3547619047619048,3.7142859
2016,10,2016_10_DEN_NO,NO,48.7,0.3666666666666667,4.4583335
2016,11,2016_11_NO_CAR,NO,48.575,0.3666666666666667,5.1666665
2016,12,2016_12_LA_NO,NO,47.875,0.38888888888888884,4.7222223
2016,13,2016_13_DET_NO,NO,46.541668,0.47222222222222215,3.7222223
2016,14,2016_14_NO_TB,NO,45.25,0.38888888888888884,3.7222223
2016,15,2016_15_NO_ARI,NO,46.125,0.4305555555555555,3.1805556
2016,16,2016_16_TB_NO,NO,42.375,0.34722222222222215,2.222222
2016,17,2016_17_NO_ATL,NO,42.47222,0.3194444444444444,2.8472223
2017,1,2017_01_NO_MIN,NO,,,
2017,2,2017_02_NE_NO,NO,,,
2017,3,2017_03_NO_CAR,NO,,,
2017,4,2017_04_NO_MIA,NO,,,
2017,6,2017_06_DET_NO,NO,,,
2017,7,2017_07_NO_GB,NO,,,
2017,8,2017_08_CHI_NO,NO,47.079365,0.5158730158730158,4.3015876
2017,9,2017_09_TB_NO,NO,46.079365,0.5436507936507936,3.6488094
2017,11,2017_11_WAS_NO,NO,46.940475,0.5158730158730158,3.6488094
2017,12,2017_12_NO_LA,NO,45.21825,0.5714285714285715,2.9821427
2017,13,2017_13_CAR_NO,NO,46.21825,0.6190476190476191,3.886905
2017,14,2017_14_NO_ATL,NO,45.694443,0.5892857142857143,2.1964285
2017,15,2017_15_NYJ_NO,NO,46.127777,0.48928571428571427,2.329762
2017,16,2017_16_ATL_NO,NO,45.419445,0.44761904761904764,2.3714287
2017,17,2017_17_NO_TB,NO,45.28056,0.39206349206349206,3.176984
2018,1,2018_01_TB_NO,NO,,,
2018,2,2018_02_CLE_NO,NO,,,
2018,3,2018_03_NO_ATL,NO,,,
2018,4,2018_04_NO_NYG,NO,,,
2018,7,2018_07_NO_BAL,NO,,,
2018,8,2018_08_NO_MIN,NO,,,
2018,9,2018_09_LA_NO,NO,46.958332,0.25,2.5555556
2018,11,2018_11_PHI_NO,NO,43.875,0.4166666666666667,1.5
2018,12,2018_12_ATL_NO,NO,44.666668,0.3333333333333333,1.3333334
2018,13,2018_13_NO_DAL,NO,44.25,0.3055555555555555,0.8333333
2018,14,2018_14_NO_TB,NO,44.916668,0.34722222222222227,1.1666666
2018,15,2018_15_NO_CAR,NO,46.194443,0.40277777777777773,1.0555555
2018,16,2018_16_PIT_NO,NO,46.027775,0.4444444444444444,0.76388884
2018,17,2018_17_CAR_NO,NO,48.277775,0.3333333333333333,0.76388884
2019,1,2019_01_HOU_NO,NO,,,
2019,2,2019_02_NO_LA,NO,,,
2019,3,2019_03_NO_SEA,NO,,,
2019,4,2019_04_DAL_NO,NO,,,
2019,5,2019_05_TB_NO,NO,,,
2019,6,2019_06_NO_JAX,NO,,,
2019,7,2019_07_NO_CHI,NO,44.966663,0.6555555555555556,2.3166666
2019,8,2019_08_ARI_NO,NO,44.675,0.5722222222222223,2.5666666
2019,10,2019_10_ATL_NO,NO,43.875,0.47222222222222215,1.8333334
2019,11,2019_11_NO_TB,NO,42.875,0.4444444444444445,2.875
2019,12,2019_12_CAR_NO,NO,42.625,0.47222222222222227,2.6805556
2019,13,2019_13_NO_ATL,NO,44.569443,0.4166666666666667,2.6805556
2019,14,2019_14_SF_NO,NO,45.680557,0.3194444444444444,2.6805556
2019,15,2019_15_IND_NO,NO,46.13889,0.23611111111111108,2.9305556
2019,16,2019_16_NO_TEN,NO,46.055557,0.3194444444444444,2.2638888
2019,17,2019_17_NO_CAR,NO,46.18889,0.30277777777777776,2.1222222
2020,1,2020_01_TB_NO,NO,,,
2020,2,2020_02_NO_LV,NO,,,
2020,3,2020_03_GB_NO,NO,,,
2020,4,2020_04_NO_DET,NO,,,
2020,5,2020_05_LAC_NO,NO,,,
2020,8,2020_08_NO_CHI,NO,,,
2020,9,2020_09_NO_TB,NO,39.458332,0.4583333333333333,1.236111
2020,10,2020_10_SF_NO,NO,40.625,0.4861111111111111,1.4027778
2020,11,2020_11_ATL_NO,NO,41.402775,0.4083333333333334,1.125
2020,12,2020_12_NO_DEN,NO,41.63889,0.4916666666666667,1.125
2020,13,2020_13_NO_ATL,NO,43.75,0.4361111111111111,1.125
2020,14,2020_14_NO_PHI,NO,42.577778,0.4527777777777778,1.275
2020,15,2020_15_KC_NO,NO,44.994446,0.4527777777777778,0.94166666
2020,17,2020_17_NO_CAR,NO,44.369446,0.30694444444444446,0.4625
2021,1,2021_01_GB_NO,NO,,,
2021,2,2021_02_NO_CAR,NO,,,
2021,3,2021_03_NO_NE,NO,,,
2021,4,2021_04_NYG_NO,NO,,,
2021,5,2021_05_NO_WAS,NO,,,
2021,7,2021_07_NO_SEA,NO,,,
2021,8,2021_08_TB_NO,NO,49.233334,0.4333333333333333,5.388889
2021,9,2021_09_ATL_NO,NO,49.427776,0.4055555555555555,4.75
2021,10,2021_10_NO_TEN,NO,48.03889,0.43333333333333335,4.0833335
2021,11,2021_11_NO_PHI,NO,46.472225,0.4666666666666666,3.3833332
2021,12,2021_12_BUF_NO,NO,47.444443,0.43888888888888883,3.1333332
2021,13,2021_13_DAL_NO,NO,46.344448,0.33888888888888885,4.4333334
2021,14,2021_14_NO_NYJ,NO,46.983334,0.2555555555555556,5.1277776
2021,15,2021_15_NO_TB,NO,46.805557,0.23333333333333336,5.816667
2021,16,2021_16_MIA_NO,NO,47.65741,0.2518518518518519,6.575926
2021,17,2021_17_CAR_NO,NO,48.44788,0.2661375661375662,6.4902115
2021,18,2021_18_NO_ATL,NO,47.308994,0.2828042328042328,5.2957673
2022,1,2022_01_NO_ATL,NO,,,
2022,2,2022_02_TB_NO,NO,,,
2022,3,2022_03_NO_CAR,NO,,,
2022,4,2022_04_MIN_NO,NO,,,
2022,5,2022_05_SEA_NO,NO,,,
2022,6,2022_06_CIN_NO,NO,,,
2022,7,2022_07_NO_ARI,NO,48.48611,0.19722222222222222,5.3694444
2022,8,2022_08_LV_NO,NO,47.252777,0.33055555555555555,3.9694445
2022,9,2022_09_BAL_NO,NO,46.652775,0.4305555555555555,3.6527777
2022,10,2022_10_NO_PIT,NO,46.469448,0.4416666666666667,3.0416667
2022,11,2022_11_LA_NO,NO,47.019444,0.46666666666666673,2.1833334
2022,12,2022_12_NO_SF,NO,47.11111,0.5666666666666667,2.8166666
2022,13,2022_13_NO_TB,NO,46.458332,0.65,1.7333332
2022,15,2022_15_ATL_NO,NO,45.902775,0.5666666666666668,2.288889
2022,16,2022_16_NO_CLE,NO,46.777775,0.4416666666666667,2.5805557
2022,17,2022_17_NO_PHI,NO,46.100002,0.4305555555555555,2.9972222
2022,18,2022_18_CAR_NO,NO,44.577778,0.5027777777777778,3.0916665
2023,1,2023_01_TEN_NO,NO,,,
2023,2,2023_02_NO_CAR,NO,,,
2023,3,2023_03_NO_GB,NO,,,
2023,4,2023_04_TB_NO,NO,,,
2023,5,2023_05_NO_NE,NO,,,
2023,6,2023_06_NO_HOU,NO,,,
2023,7,2023_07_JAX_NO,NO,43.069046,0.344047619047619,2.1440475
2023,8,2023_08_NO_IND,NO,42.07738,0.39404761904761904,1.2857143
2023,9,2023_09_CHI_NO,NO,41.660717,0.49404761904761907,1.077381
2023,10,2023_10_NO_MIN,NO,41.517857,0.5714285714285715,0.98214287
2023,12,2023_12_NO_ATL,NO,42.517857,0.47420634920634924,1.0238096
2023,13,2023_13_DET_NO,NO,42.875,0.40277777777777785,2.5
2023,14,2023_14_CAR_NO,NO,43.375,0.40277777777777785,3.0416667
2023,15,2023_15_NYG_NO,NO,43.0,0.41944444444444445,2.7
2023,16,2023_16_NO_LA,NO,43.375,0.3361111111111111,3.0333335
2023,17,2023_17_NO_TB,NO,42.458332,0.29444444444444445,3.0333335
2023,18,2023_18_ATL_NO,NO,42.15278,0.3499999999999999,3.2833335
2024,1,2024_01_CAR_NO,NO,,,
2024,2,2024_02_NO_DAL,NO,,,
2024,3,2024_03_PHI_NO,NO,,,
2024,4,2024_04_NO_ATL,NO,,,
2024,5,2024_05_NO_KC,NO,,,
2024,6,2024_06_TB_NO,NO,,,
2024,7,2024_07_DEN_NO,NO,43.347225,0.625,1.9166666
2024,8,2024_08_NO_LAC,NO,44.680557,0.625,2.277778
2024,9,2024_09_NO_CAR,NO,44.60648,0.5509259259259259,2.7962964
2024,10,2024_10_ATL_NO,NO,44.898148,0.5092592592592592,3.5462964
2024,11,2024_11_CLE_NO,NO,45.69815,0.4759259259259259,3.8129628
2024,13,2024_13_LA_NO,NO,43.517593,0.600925925925926,2.4796298
2024,14,2024_14_NO_NYG,NO,43.23982,0.6287037037037037,2.1462963
2024,15,2024_15_WAS_NO,NO,42.775528,0.592989417989418,2.8804233
2024,16,2024_16_NO_GB,NO,42.474606,0.5837301587301588,2.8619049
2024,17,2024_17_LV_NO,NO,42.057938,0.667063492063492,1.8619047
2024,18,2024_18_NO_TB,NO,42.448414,0.6051587301587301,2.357143
2016,1,2016_01_NYG_DAL,NYG,,,
2016,2,2016_02_NO_NYG,NYG,,,
2016,3,2016_03_WAS_NYG,NYG,,,
2016,4,2016_04_NYG_MIN,NYG,,,
2016,5,2016_05_NYG_GB,NYG,,,
2016,6,2016_06_BAL_NYG,NYG,,,
2016,7,2016_07_NYG_LA,NYG,48.969448,0.20833333333333334,6.5750003
2016,9,2016_09_PHI_NYG,NYG,48.694443,0.25,6.625
2016,10,2016_10_CIN_NYG,NYG,46.694443,0.2738095238095238,6.184524
2016,11,2016_11_CHI_NYG,NYG,46.472225,0.32936507936507936,3.9345238
2016,12,2016_12_NYG_CLE,NYG,46.11111,0.30158730158730157,3.906746
2016,13,2016_13_NYG_PIT,NYG,47.49074,0.31084656084656087,3.9160051
2016,14,2016_14_DAL_NYG,NYG,46.324078,0.2691798941798942,3.7910051
2016,15,2016_15_DET_NYG,NYG,45.23611,0.3201058201058201,3.2632275
2016,16,2016_16_NYG_PHI,NYG,44.664684,0.34391534391534395,1.7156085
2016,17,2016_17_NYG_WAS,NYG,45.05357,0.3439153439153439,0.74338627
2017,1,2017_01_NYG_DAL,NYG,,,
2017,2,2017_02_DET_NYG,NYG,,,
2017,3,2017_03_NYG_PHI,NYG,,,
2017,4,2017_04_NYG_TB,NYG,,,
2017,5,2017_05_LAC_NYG,NYG,,,
2017,6,2017_06_NYG_DEN,NYG,,,
2017,7,2017_07_SEA_NYG,NYG,44.348614,0.18055555555555555,5.6430554
2017,9,2017_09_LA_NYG,NYG,44.114483,0.2043650793650794,6.476389
2017,10,2017_10_NYG_SF,NYG,43.247818,0.2043650793650794,4.9430556
2017,11,2017_11_KC_NYG,NYG,43.720036,0.1626984126984127,5.8458333
2017,12,2017_12_NYG_WAS,NYG,44.44226,0.21825396825396826,5.784722
2017,13,2017_13_NYG_OAK,NYG,43.958466,0.15343915343915343,5.425926
2017,14,2017_14_DAL_NYG,NYG,43.724335,0.1455026455026455,5.334656
2017,15,2017_15_PHI_NYG,NYG,43.71541,0.18419312169312171,5.2513227
2017,16,2017_16_NYG_ARI,NYG,40.72652,0.18419312169312171,3.4179895
2017,17,2017_17_WAS_NYG,NYG,41.143185,0.23974867724867724,2.3902118
2018,1,2018_01_JAX_NYG,NYG,,,
2018,2,2018_02_NYG_DAL,NYG,,,
2018,3,2018_03_NYG_HOU,NYG,,,
2018,4,2018_04_NO_NYG,NYG,,,
2018,5,2018_05_NYG_CAR,NYG,,,
2018,6,2018_06_PHI_NYG,NYG,,,
2018,7,2018_07_NYG_ATL,NYG,48.88889,0.2333333333333333,4.15
2018,8,2018_08_WAS_NYG,NYG,47.44722,0.31666666666666665,3.8166666
2018,10,2018_10_NYG_SF,NYG,47.558334,0.3333333333333333,3.8166666
2018,11,2018_11_TB_NYG,NYG,47.24167,0.43333333333333335,2.7416668
2018,12,2018_12_NYG_PHI,NYG,45.658337,0.47500000000000003,2.5333333
2018,13,2018_13_CHI_NYG,NYG,44.797222,0.39166666666666666,3.0055554
2018,14,2018_14_NYG_WAS,NYG,43.76865,0.34880952380952385,1.8198414
2018,15,2018_15_TEN_NYG,NYG,44.14365,0.29325396825396827,1.7642857
2018,16,2018_16_NYG_IND,NYG,43.39365,0.2488095238095238,1.986508
2018,17,2018_17_DAL_NYG,NYG,43.515873,0.20436507936507933,1.3531747
2019,1,2019_01_NYG_DAL,NYG,,,
2019,2,2019_02_BUF_NYG,NYG,,,
2019,3,2019_03_NYG_TB,NYG,,,
2019,4,2019_04_WAS_NYG,NYG,,,
2019,5,2019_05_MIN_NYG,NYG,,,
2019,6,2019_06_NYG_NE,NYG,,,
2019,7,2019_07_ARI_NYG,NYG,45.172222,0.5027777777777778,1.9444445
2019,8,2019_08_NYG_DET,NYG,44.47778,0.43333333333333335,2.1111112
2019,9,2019_09_DAL_NYG,NYG,43.911114,0.4222222222222222,2.1333334
2019,10,2019_10_NYG_NYJ,NYG,43.666668,0.4444444444444444,3.1666667
2019,12,2019_12_NYG_CHI,NYG,43.444443,0.3055555555555555,3.638889
2019,13,2019_13_GB_NYG,NYG,44.566666,0.3833333333333333,2.838889
2019,14,2019_14_NYG_PHI,NYG,46.955555,0.3277777777777778,3.0611112
2019,15,2019_15_MIA_NYG,NYG,48.418518,0.3092592592592593,3.3203704
2019,16,2019_16_NYG_WAS,NYG,47.88518,0.32037037037037036,3.098148
2019,17,2019_17_PHI_NYG,NYG,45.621296,0.34814814814814815,1.7648149
2020,1,2020_01_PIT_NYG,NYG,,,
2020,2,2020_02_NYG_CHI,NYG,,,
2020,3,2020_03_SF_NYG,NYG,,,
2020,4,2020_04_NYG_LA,NYG,,,
2020,5,2020_05_NYG_DAL,NYG,,,
2020,6,2020_06_WAS_NYG,NYG,,,
2020,7,2020_07_NYG_PHI,NYG,46.8,0.5555555555555556,1.3833333
2020,8,2020_08_TB_NYG,NYG,47.72778,0.5388888888888889,1.3111111
2020,9,2020_09_NYG_WAS,NYG,44.06111,0.5666666666666668,1.3111111
2020,10,2020_10_PHI_NYG,NYG,41.644444,0.525,1.8111111
2020,12,2020_12_NYG_CIN,NYG,43.319443,0.625,1.2777778
2020,13,2020_13_NYG_SEA,NYG,42.419445,0.6083333333333333,2.4944446
2020,14,2020_14_ARI_NYG,NYG,42.800396,0.5488095238095237,2.6134923
2020,15,2020_15_CLE_NYG,NYG,43.564285,0.4863095238095238,3.8565476
2020,16,2020_16_NYG_BAL,NYG,43.314285,0.4863095238095238,4.356548
2020,17,2020_17_DAL_NYG,NYG,44.564285,0.3613095238095238,5.856548
2021,1,2021_01_DEN_NYG,NYG,,,
2021,2,2021_02_NYG_WAS,NYG,,,
2021,3,2021_03_ATL_NYG,NYG,,,
2021,4,2021_04_NYG_NO,NYG,,,
2021,5,2021_05_NYG_DAL,NYG,,,
2021,6,2021_06_LA_NYG,NYG,,,
2021,7,2021_07_CAR_NYG,NYG,46.25833,0.21944444444444444,5.4249997
2021,8,2021_08_NYG_KC,NYG,44.891666,0.25277777777777777,4.5583334
2021,9,2021_09_LV_NYG,NYG,45.225002,0.20833333333333334,4.5583334
2021,11,2021_11_NYG_TB,NYG,45.702778,0.30833333333333335,4.0361114
2021,12,2021_12_PHI_NYG,NYG,47.202778,0.39166666666666666,4.0361114
2021,13,2021_13_NYG_MIA,NYG,46.23611,0.42500000000000004,3.2194443
2021,14,2021_14_NYG_LAC,NYG,44.375,0.48055555555555557,1.9138889
2021,15,2021_15_DAL_NYG,NYG,44.341663,0.48055555555555557,1.4472222
2021,16,2021_16_NYG_PHI,NYG,45.591663,0.49722222222222223,1.4472222
2021,17,2021_17_NYG_CHI,NYG,43.605556,0.39305555555555555,2.211111
2021,18,2021_18_WAS_NYG,NYG,42.06389,0.30972222222222223,1.8777777
2022,1,2022_01_NYG_TEN,NYG,,,
2022,2,2022_02_CAR_NYG,NYG,,,
2022,3,2022_03_DAL_NYG,NYG,,,
2022,4,2022_04_CHI_NYG,NYG,,,
2022,5,2022_05_NYG_GB,NYG,,,
2022,6,2022_06_BAL_NYG,NYG,,,
2022,7,2022_07_NYG_JAX,NYG,49.658337,0.2777777777777778,5.894444
2022,8,2022_08_NYG_SEA,NYG,47.74167,0.13888888888888887,4.172222
2022,10,2022_10_HOU_NYG,NYG,48.252777,0.19444444444444442,4.0499997
2022,11,2022_11_DET_NYG,NYG,47.475002,0.16666666666666666,2.9666665
2022,12,2022_12_NYG_DAL,NYG,44.75,0.25,2.3333333
2022,13,2022_13_WAS_NYG,NYG,44.458332,0.2916666666666667,1.4166666
2022,14,2022_14_PHI_NYG,NYG,44.464283,0.27976190476190477,1.5119047
2022,15,2022_15_NYG_WAS,NYG,45.83095,0.37976190476190474,2.4785714
2022,16,2022_16_NYG_MIN,NYG,43.986507,0.4242063492063492,2.1674602
2022,17,2022_17_IND_NYG,NYG,42.639286,0.5214285714285715,1.9869047
2022,18,2022_18_NYG_PHI,NYG,44.097622,0.43809523809523804,1.9869047
2023,1,2023_01_DAL_NYG,NYG,,,
2023,2,2023_02_NYG_ARI,NYG,,,
2023,3,2023_03_NYG_SF,NYG,,,
2023,4,2023_04_SEA_NYG,NYG,,,
2023,5,2023_05_NYG_MIA,NYG,,,
2023,6,2023_06_NYG_BUF,NYG,,,
2023,7,2023_07_WAS_NYG,NYG,47.891666,0.35833333333333334,2.4472222
2023,8,2023_08_NYJ_NYG,NYG,47.231945,0.39999999999999997,2.1902778
2023,9,2023_09_NYG_LV,NYG,48.10374,0.4085470085470085,2.446688
2023,10,2023_10_NYG_DAL,NYG,46.36763,0.42243589743589743,2.0855768
2023,11,2023_11_NYG_WAS,NYG,45.767628,0.40338827838827845,1.533196
2023,12,2023_12_NE_NYG,NYG,46.630722,0.326007326007326,1.533196
2023,14,2023_14_GB_NYG,NYG,45.776554,0.326007326007326,1.845696
2023,15,2023_15_NYG_NO,NYG,44.380722,0.4093406593406594,1.4498626
2023,16,2023_16_NYG_PHI,NYG,45.275593,0.3785714285714286,2.360119
2023,17,2023_17_LA_NYG,NYG,44.81726,0.3785714285714286,4.8601193
2023,18,2023_18_PHI_NYG,NYG,43.883926,0.3642857142857143,4.6458335
2024,1,2024_01_MIN_NYG,NYG,,,
2024,2,2024_02_NYG_WAS,NYG,,,
2024,3,2024_03_NYG_CLE,NYG,,,
2024,4,2024_04_DAL_NYG,NYG,,,
2024,5,2024_05_NYG_SEA,NYG,,,
2024,6,2024_06_CIN_NYG,NYG,,,
2024,7,2024_07_PHI_NYG,NYG,46.414684,0.5337301587301587,3.7380953
2024,8,2024_08_NYG_PIT,NYG,46.553574,0.4832251082251082,4.4199133
2024,9,2024_09_WAS_NYG,NYG,47.303574,0.4832251082251082,5.4615803
2024,10,2024_10_NYG_CAR,NYG,46.375,0.5189393939393939,5.2234845
2024,12,2024_12_TB_NYG,NYG,45.841663,0.4856060606060606,5.8568177
2024,13,2024_13_NYG_DAL,NYG,45.091663,0.568939393939394,6.190151
2024,14,2024_14_NO_NYG,NYG,44.899998,0.5522727272727274,5.548485
2024,15,2024_15_BAL_NYG,NYG,43.295834,0.5750000000000001,4.866667
2024,16,2024_16_NYG_ATL,NYG,41.85139,0.5472222222222223,3.0472221
2024,17,2024_17_IND_NYG,NYG,41.184723,0.563888888888889,2.5805557
2024,18,2024_18_NYG_PHI,NYG,42.495834,0.4305555555555555,2.336111
2016,1,2016_01_CIN_NYJ,NYJ,,,
2016,2,2016_02_NYJ_BUF,NYJ,,,
2016,3,2016_03_NYJ_KC,NYJ,,,
2016,4,2016_04_SEA_NYJ,NYJ,,,
2016,5,2016_05_NYJ_PIT,NYJ,,,
2016,6,2016_06_NYJ_ARI,NYJ,,,
2016,7,2016_07_BAL_NYJ,NYJ,43.534924,0.34603174603174597,6.0285716
2016,8,2016_08_NYJ_CLE,NYJ,41.5627,0.3738095238095238,5.1119046
2016,9,2016_09_NYJ_MIA,NYJ,42.5627,0.3738095238095238,5.223016
2016,10,2016_10_LA_NYJ,NYJ,42.11825,0.2904761904761905,3.4730158
2016,12,2016_12_NE_NYJ,NYJ,42.509922,0.23214285714285712,3.9980156
2016,13,2016_13_IND_NYJ,NYJ,42.704365,0.2738095238095238,2.9146824
2016,14,2016_14_NYJ_SF,NYJ,43.347225,0.25,4.0194445
2016,15,2016_15_MIA_NYJ,NYJ,43.347225,0.27777777777777773,4.047222
2016,16,2016_16_NYJ_NE,NYJ,40.47222,0.23611111111111108,3.9777777
2016,17,2016_17_BUF_NYJ,NYJ,41.25,0.3194444444444444,3.9777777
2017,1,2017_01_NYJ_BUF,NYJ,,,
2017,2,2017_02_NYJ_OAK,NYJ,,,
2017,3,2017_03_MIA_NYJ,NYJ,,,
2017,4,2017_04_JAX_NYJ,NYJ,,,
2017,5,2017_05_NYJ_CLE,NYJ,,,
2017,6,2017_06_NE_NYJ,NYJ,,,
2017,7,2017_07_NYJ_MIA,NYJ,46.58611,0.41944444444444445,3.738889
2017,8,2017_08_ATL_NYJ,NYJ,45.97897,0.41150793650793643,3.5523808
2017,9,2017_09_BUF_NYJ,NYJ,48.101192,0.40039682539682536,3.2634919
2017,10,2017_10_NYJ_TB,NYJ,46.934525,0.36706349206349204,3.4301586
2017,12,2017_12_CAR_NYJ,NYJ,48.085316,0.3313492063492063,4.5730157
2017,13,2017_13_KC_NYJ,NYJ,47.101192,0.3511904761904761,6.0571427
2017,14,2017_14_NYJ_DEN,NYJ,45.392857,0.3928571428571428,7.2238097
2017,15,2017_15_NYJ_NO,NYJ,45.354168,0.3452380952380952,7.7297616
2017,16,2017_16_LAC_NYJ,NYJ,44.14464,0.29285714285714287,8.153571
2017,17,2017_17_NYJ_NE,NYJ,45.007603,0.3187830687830688,8.090609
2018,1,2018_01_NYJ_DET,NYJ,,,
2018,2,2018_02_MIA_NYJ,NYJ,,,
2018,3,2018_03_NYJ_CLE,NYJ,,,
2018,4,2018_04_NYJ_JAX,NYJ,,,
2018,5,2018_05_DEN_NYJ,NYJ,,,
2018,6,2018_06_IND_NYJ,NYJ,,,
2018,7,2018_07_MIN_NYJ,NYJ,46.00476,0.3841269841269841,2.3936508
2018,8,2018_08_NYJ_CHI,NYJ,47.636707,0.29384920634920636,3.581151
2018,9,2018_09_NYJ_MIA,NYJ,45.890873,0.24801587301587302,2.7311509
2018,10,2018_10_BUF_NYJ,NYJ,45.39484,0.20436507936507933,3.282738
2018,12,2018_12_NE_NYJ,NYJ,44.609127,0.20436507936507933,4.4255953
2018,13,2018_13_NYJ_TEN,NYJ,44.564682,0.15992063492063494,4.3700395
2018,14,2018_14_NYJ_BUF,NYJ,44.814682,0.1876984126984127,4.3700395
2018,15,2018_15_HOU_NYJ,NYJ,43.627182,0.22242063492063494,3.404762
2018,16,2018_16_GB_NYJ,NYJ,44.814682,0.28492063492063496,3.3630953
2018,17,2018_17_NYJ_NE,NYJ,44.45357,0.34047619047619043,2.3353174
2019,1,2019_01_BUF_NYJ,NYJ,,,
2019,2,2019_02_CLE_NYJ,NYJ,,,
2019,3,2019_03_NYJ_NE,NYJ,,,
2019,5,2019_05_NYJ_PHI,NYJ,,,
2019,6,2019_06_DAL_NYJ,NYJ,,,
2019,7,2019_07_NE_NYJ,NYJ,,,
2019,8,2019_08_NYJ_JAX,NYJ,46.525593,0.33988095238095234,3.9767857
2019,9,2019_09_NYJ_MIA,NYJ,47.4875,0.2875,4.572024
2019,10,2019_10_NYG_NYJ,NYJ,46.9875,0.32916666666666666,4.2208333
2019,11,2019_11_NYJ_WAS,NYJ,46.854168,0.3458333333333334,3.7541666
2019,12,2019_12_OAK_NYJ,NYJ,45.375,0.325,3.3999999
2019,13,2019_13_NYJ_CIN,NYJ,45.75,0.2833333333333334,3.6499999
2019,14,2019_14_MIA_NYJ,NYJ,44.966663,0.24444444444444444,3.0166667
2019,15,2019_15_NYJ_BAL,NYJ,43.71111,0.2333333333333333,2.5722222
2019,16,2019_16_PIT_NYJ,NYJ,44.877777,0.27499999999999997,2.113889
2019,17,2019_17_NYJ_BUF,NYJ,44.916668,0.2638888888888889,2.9583333
2020,1,2020_01_NYJ_BUF,NYJ,,,
2020,2,2020_02_SF_NYJ,NYJ,,,
2020,3,2020_03_NYJ_IND,NYJ,,,
2020,4,2020_04_DEN_NYJ,NYJ,,,
2020,5,2020_05_ARI_NYJ,NYJ,,,
2020,6,2020_06_NYJ_MIA,NYJ,,,
2020,7,2020_07_BUF_NYJ,NYJ,45.683334,0.17777777777777778,7.1277776
2020,8,2020_08_NYJ_KC,NYJ,44.96111,0.21944444444444444,6.197222
2020,9,2020_09_NE_NYJ,NYJ,45.127777,0.21944444444444444,6.663889
2020,11,2020_11_NYJ_LAC,NYJ,45.044445,0.26944444444444443,5.863889
2020,12,2020_12_MIA_NYJ,NYJ,43.766666,0.3527777777777778,3.238889
2020,13,2020_13_LV_NYJ,NYJ,43.96111,0.2972222222222222,3.5444443
2020,14,2020_14_NYJ_SEA,NYJ,43.844448,0.2972222222222222,3.1194446
2020,15,2020_15_NYJ_LA,NYJ,43.411114,0.25555555555555554,2.6277778
2020,16,2020_16_CLE_NYJ,NYJ,44.077778,0.2222222222222222,4.327778
2020,17,2020_17_NYJ_NE,NYJ,43.35159,0.25793650793650796,4.6373014
2021,1,2021_01_NYJ_CAR,NYJ,,,
2021,2,2021_02_NE_NYJ,NYJ,,,
2021,3,2021_03_NYJ_DEN,NYJ,,,
2021,4,2021_04_TEN_NYJ,NYJ,,,
2021,5,2021_05_NYJ_ATL,NYJ,,,
2021,7,2021_07_NYJ_NE,NYJ,,,
2021,8,2021_08_CIN_NYJ,NYJ,48.109127,0.24206349206349206,5.9107146
2021,9,2021_09_NYJ_IND,NYJ,47.347225,0.19444444444444442,4.9583335
2021,10,2021_10_BUF_NYJ,NYJ,48.51389,0.24999999999999997,5.513889
2021,11,2021_11_MIA_NYJ,NYJ,48.23611,0.25,6.513889
2021,12,2021_12_NYJ_HOU,NYJ,46.875,0.3194444444444444,5.2916665
2021,13,2021_13_PHI_NYJ,NYJ,44.833332,0.23611111111111108,4.7916665
2021,14,2021_14_NO_NYJ,NYJ,43.0,0.23611111111111108,3.9583333
2021,15,2021_15_NYJ_MIA,NYJ,44.194443,0.2638888888888889,5.4583335
2021,16,2021_16_JAX_NYJ,NYJ,43.277775,0.2916666666666667,5.0416665
2021,17,2021_17_TB_NYJ,NYJ,44.944443,0.40277777777777773,4.263889
2021,18,2021_18_NYJ_BUF,NYJ,45.027775,0.3611111111111111,4.388889
2022,1,2022_01_BAL_NYJ,NYJ,,,
2022,2,2022_02_NYJ_CLE,NYJ,,,
2022,3,2022_03_CIN_NYJ,NYJ,,,
2022,4,2022_04_NYJ_PIT,NYJ,,,
2022,5,2022_05_MIA_NYJ,NYJ,,,
2022,6,2022_06_NYJ_GB,NYJ,,,
2022,7,2022_07_NYJ_DEN,NYJ,46.0,0.3444444444444444,3.3527777
2022,8,2022_08_NE_NYJ,NYJ,48.097225,0.33055555555555555,2.9222221
2022,9,2022_09_BUF_NYJ,NYJ,48.055557,0.24722222222222223,3.713889
2022,11,2022_11_NYJ_NE,NYJ,48.11111,0.3027777777777778,3.4361112
2022,12,2022_12_CHI_NYJ,NYJ,47.911114,0.26944444444444443,4.7194443
2022,13,2022_13_NYJ_MIN,NYJ,50.036114,0.26944444444444443,5.802778
2022,14,2022_14_NYJ_BUF,NYJ,49.341663,0.3527777777777778,5.1916666
2022,15,2022_15_DET_NYJ,NYJ,47.62143,0.35873015873015873,6.15
2022,16,2022_16_JAX_NYJ,NYJ,48.12143,0.38650793650793647,6.1222224
2022,17,2022_17_NYJ_SEA,NYJ,46.65476,0.3420634920634921,5.2555556
2022,18,2022_18_NYJ_MIA,NYJ,46.243652,0.3642857142857143,3.8833334
2023,1,2023_01_BUF_NYJ,NYJ,,,
2023,2,2023_02_NYJ_DAL,NYJ,,,
2023,3,2023_03_NE_NYJ,NYJ,,,
2023,4,2023_04_KC_NYJ,NYJ,,,
2023,5,2023_05_NYJ_DEN,NYJ,,,
2023,6,2023_06_PHI_NYJ,NYJ,,,
2023,8,2023_08_NYJ_NYG,NYJ,47.708332,0.45138888888888884,1.6875
2023,9,2023_09_LAC_NYJ,NYJ,48.473484,0.42866161616161613,2.3693182
2023,10,2023_10_NYJ_LV,NYJ,48.821106,0.4429473304473304,4.8455086
2023,11,2023_11_NYJ_BUF,NYJ,49.479435,0.4221139971139971,5.666342
2023,12,2023_12_MIA_NYJ,NYJ,50.596104,0.31655844155844154,6.305231
2023,13,2023_13_ATL_NYJ,NYJ,50.73499,0.34433621933621933,7.5830083
2023,14,2023_14_HOU_NYJ,NYJ,50.723087,0.2907647907647907,8.041342
2023,15,2023_15_NYJ_MIA,NYJ,50.64127,0.33015873015873015,7.926191
2023,16,2023_16_WAS_NYJ,NYJ,51.16032,0.28253968253968254,7.2166667
2023,17,2023_17_NYJ_CLE,NYJ,50.071426,0.33809523809523806,6.777778
2023,18,2023_18_NYJ_NE,NYJ,48.92143,0.41031746031746036,5.8055553
2024,1,2024_01_NYJ_SF,NYJ,,,
2024,2,2024_02_NYJ_TEN,NYJ,,,
2024,3,2024_03_NE_NYJ,NYJ,,,
2024,4,2024_04_DEN_NYJ,NYJ,,,
2024,5,2024_05_NYJ_MIN,NYJ,,,
2024,6,2024_06_BUF_NYJ,NYJ,,,
2024,7,2024_07_NYJ_PIT,NYJ,47.773808,0.34920634920634913,2.813492
2024,8,2024_08_NYJ_NE,NYJ,46.25992,0.2380952380952381,2.3551586
2024,9,2024_09_HOU_NYJ,NYJ,45.246033,0.2242063492063492,4.3690476
2024,10,2024_10_NYJ_ARI,NYJ,47.60159,0.2353174603174603,3.702381
2024,11,2024_11_IND_NYJ,NYJ,47.827778,0.24722222222222223,3.5833333
2024,13,2024_13_SEA_NYJ,NYJ,48.86667,0.225,4.65
2024,14,2024_14_NYJ_MIA,NYJ,47.61667,0.26666666666666666,4.9
2024,15,2024_15_NYJ_JAX,NYJ,48.24167,0.26666666666666666,5.3583336
2024,17,2024_17_NYJ_BUF,NYJ,47.81111,0.28055555555555556,2.9833333
2024,18,2024_18_MIA_NYJ,NYJ,46.622223,0.26944444444444443,4.7611113
2016,1,2016_01_CLE_PHI,PHI,,,
2016,2,2016_02_PHI_CHI,PHI,,,
2016,3,2016_03_PIT_PHI,PHI,,,
2016,5,2016_05_PHI_DET,PHI,,,
2016,6,2016_06_PHI_WAS,PHI,,,
2016,7,2016_07_MIN_PHI,PHI,,,
2016,8,2016_08_PHI_DAL,PHI,44.475002,0.2833333333333333,3.0277777
2016,9,2016_09_PHI_NYG,PHI,43.752777,0.25555555555555554,3.5555556
2016,10,2016_10_ATL_PHI,PHI,44.319443,0.27777777777777773,1.9444445
2016,11,2016_11_PHI_SEA,PHI,44.61111,0.23611111111111108,2.5694444
2016,12,2016_12_GB_PHI,PHI,46.46825,0.23611111111111108,3.3075397
2016,13,2016_13_PHI_CIN,PHI,44.996033,0.3194444444444444,2.9464285
2016,14,2016_14_WAS_PHI,PHI,43.13492,0.38888888888888884,3.0714285
2016,15,2016_15_PHI_BAL,PHI,44.496033,0.4166666666666667,3.626984
2016,16,2016_16_NYG_PHI,PHI,44.496033,0.4444444444444444,3.0714285
2016,17,2016_17_DAL_PHI,PHI,45.229366,0.5111111111111111,2.254762
2017,1,2017_01_PHI_WAS,PHI,,,
2017,2,2017_02_PHI_KC,PHI,,,
2017,3,2017_03_NYG_PHI,PHI,,,
2017,4,2017_04_PHI_LAC,PHI,,,
2017,5,2017_05_ARI_PHI,PHI,,,
2017,6,2017_06_PHI_CAR,PHI,,,
2017,7,2017_07_WAS_PHI,PHI,45.26389,0.3333333333333333,2.0694444
2017,8,2017_08_SF_PHI,PHI,46.680557,0.34722222222222215,3.2777777
2017,9,2017_09_DEN_PHI,PHI,47.277775,0.3611111111111111,3.1944444
2017,11,2017_11_PHI_DAL,PHI,48.694443,0.3611111111111111,6.861111
2017,12,2017_12_CHI_PHI,PHI,48.416668,0.2222222222222222,6.611111
2017,13,2017_13_PHI_SEA,PHI,48.5,0.3333333333333333,6.222222
2017,14,2017_14_PHI_LA,PHI,46.86111,0.47222222222222215,5.361111
2017,15,2017_15_PHI_NYG,PHI,44.277775,0.4583333333333333,3.9027777
2017,16,2017_16_OAK_PHI,PHI,44.430557,0.4444444444444445,3.9444444
2017,17,2017_17_DAL_PHI,PHI,42.38889,0.46527777777777785,0.6944444
2018,1,2018_01_ATL_PHI,PHI,,,
2018,2,2018_02_PHI_TB,PHI,,,
2018,3,2018_03_IND_PHI,PHI,,,
2018,4,2018_04_PHI_TEN,PHI,,,
2018,5,2018_05_MIN_PHI,PHI,,,
2018,6,2018_06_PHI_NYG,PHI,,,
2018,7,2018_07_CAR_PHI,PHI,49.48611,0.3333333333333333,2.5222223
2018,8,2018_08_PHI_JAX,PHI,48.291668,0.3611111111111111,2.8833334
2018,10,2018_10_DAL_PHI,PHI,47.569443,0.2611111111111111,3.638889
2018,11,2018_11_PHI_NO,PHI,47.791668,0.42777777777777776,3.5277777
2018,12,2018_12_NYG_PHI,PHI,45.86111,0.45555555555555555,3.847222
2018,13,2018_13_WAS_PHI,PHI,46.444443,0.45555555555555555,3.972222
2018,14,2018_14_PHI_DAL,PHI,46.194443,0.47222222222222215,4.0555553
2018,15,2018_15_PHI_LA,PHI,46.36111,0.5,3.7777777
2018,16,2018_16_HOU_PHI,PHI,46.36111,0.6111111111111112,1.9444445
2018,17,2018_17_PHI_WAS,PHI,47.027775,0.4444444444444445,2.6111112
2019,1,2019_01_WAS_PHI,PHI,,,
2019,2,2019_02_PHI_ATL,PHI,,,
2019,3,2019_03_DET_PHI,PHI,,,
2019,4,2019_04_PHI_GB,PHI,,,
2019,5,2019_05_NYJ_PHI,PHI,,,
2019,6,2019_06_PHI_MIN,PHI,,,
2019,7,2019_07_PHI_DAL,PHI,47.3,0.5166666666666666,3.177778
2019,8,2019_08_PHI_BUF,PHI,47.18889,0.461111111111111,3.2333333
2019,9,2019_09_CHI_PHI,PHI,46.14722,0.3361111111111111,2.7333333
2019,11,2019_11_NE_PHI,PHI,46.31389,0.3138888888888889,2.6000001
2019,12,2019_12_SEA_PHI,PHI,47.418056,0.23055555555555554,3.0791667
2019,13,2019_13_PHI_MIA,PHI,46.45139,0.13055555555555556,3.5125
2019,14,2019_14_NYG_PHI,PHI,46.284725,0.18611111111111112,3.1791668
2019,15,2019_15_PHI_WAS,PHI,45.902775,0.2902777777777778,2.7416668
2019,16,2019_16_DAL_PHI,PHI,46.01389,0.40138888888888885,3.1861112
2019,17,2019_17_PHI_NYG,PHI,44.63889,0.40972222222222215,2.402778
2020,1,2020_01_PHI_WAS,PHI,,,
2020,2,2020_02_LA_PHI,PHI,,,
2020,3,2020_03_CIN_PHI,PHI,,,
2020,4,2020_04_PHI_SF,PHI,,,
2020,5,2020_05_PHI_PIT,PHI,,,
2020,6,2020_06_BAL_PHI,PHI,,,
2020,7,2020_07_NYG_PHI,PHI,51.96111,0.37777777777777777,4.6222224
2020,8,2020_08_DAL_PHI,PHI,51.527775,0.31111111111111106,4.688889
2020,10,2020_10_PHI_NYG,PHI,48.36111,0.22777777777777777,4.3555555
2020,11,2020_11_PHI_CLE,PHI,48.338886,0.2111111111111111,4.8944445
2020,12,2020_12_SEA_PHI,PHI,46.72778,0.15555555555555556,5.3388886
2020,13,2020_13_PHI_GB,PHI,46.56111,0.18888888888888888,5.2388887
2020,14,2020_14_NO_PHI,PHI,45.399998,0.2611111111111111,4.0444446
2020,15,2020_15_PHI_ARI,PHI,44.67778,0.2833333333333334,3.7444446
2020,16,2020_16_PHI_DAL,PHI,43.094448,0.33888888888888885,3.411111
2020,17,2020_17_WAS_PHI,PHI,41.327778,0.37222222222222223,2.0444443
2021,1,2021_01_PHI_ATL,PHI,,,
2021,2,2021_02_SF_PHI,PHI,,,
2021,3,2021_03_PHI_DAL,PHI,,,
2021,5,2021_05_PHI_CAR,PHI,,,
2021,6,2021_06_TB_PHI,PHI,,,
2021,7,2021_07_PHI_LV,PHI,,,
2021,8,2021_08_PHI_DET,PHI,46.48611,0.3055555555555555,3.9777777
2021,9,2021_09_LAC_PHI,PHI,46.444443,0.18055555555555555,5.3527775
2021,10,2021_10_PHI_DEN,PHI,45.166668,0.19444444444444442,5.366667
2021,11,2021_11_NO_PHI,PHI,46.555557,0.19444444444444442,6.5055556
2021,12,2021_12_PHI_NYG,PHI,46.255554,0.19999999999999998,6.388889
2021,13,2021_13_PHI_NYJ,PHI,46.144444,0.31111111111111106,6.188889
2021,15,2021_15_WAS_PHI,PHI,44.533337,0.4222222222222222,5.355556
2021,16,2021_16_NYG_PHI,PHI,42.95,0.5055555555555555,3.5222223
2021,17,2021_17_PHI_WAS,PHI,42.81111,0.44999999999999996,3.6333332
2021,18,2021_18_DAL_PHI,PHI,40.422222,0.5611111111111111,2.1333334
2022,1,2022_01_PHI_DET,PHI,,,
2022,2,2022_02_MIN_PHI,PHI,,,
2022,3,2022_03_PHI_WAS,PHI,,,
2022,4,2022_04_JAX_PHI,PHI,,,
2022,5,2022_05_PHI_ARI,PHI,,,
2022,6,2022_06_DAL_PHI,PHI,,,
2022,8,2022_08_PIT_PHI,PHI,45.666668,0.4583333333333333,3.4027777
2022,9,2022_09_PHI_HOU,PHI,45.680557,0.5,2.986111
2022,10,2022_10_WAS_PHI,PHI,46.5,0.4166666666666667,2.6666667
2022,11,2022_11_PHI_IND,PHI,46.63889,0.3055555555555556,3.3333333
2022,12,2022_12_GB_PHI,PHI,46.152775,0.2916666666666667,3.9305556
2022,13,2022_13_TEN_PHI,PHI,47.152775,0.3333333333333333,3.513889
2022,14,2022_14_PHI_NYG,PHI,46.527775,0.2833333333333333,3.413889
2022,15,2022_15_PHI_CHI,PHI,41.819447,0.24166666666666667,2.9972222
2022,17,2022_17_NO_PHI,PHI,41.041668,0.24166666666666667,5.108333
2022,18,2022_18_NYG_PHI,PHI,40.180553,0.24166666666666667,4.9416666
2023,1,2023_01_PHI_NE,PHI,,,
2023,2,2023_02_MIN_PHI,PHI,,,
2023,3,2023_03_PHI_TB,PHI,,,
2023,4,2023_04_WAS_PHI,PHI,,,
2023,5,2023_05_PHI_LA,PHI,,,
2023,6,2023_06_PHI_NYJ,PHI,,,
2023,7,2023_07_MIA_PHI,PHI,41.541668,0.5555555555555555,2.4444444
2023,8,2023_08_PHI_WAS,PHI,42.833332,0.5555555555555555,4.236111
2023,9,2023_09_DAL_PHI,PHI,46.333332,0.47222222222222215,4.361111
2023,11,2023_11_PHI_KC,PHI,48.63333,0.37222222222222223,5.1277776
2023,12,2023_12_BUF_PHI,PHI,49.41905,0.34047619047619043,5.7309527
2023,13,2023_13_SF_PHI,PHI,51.55238,0.20714285714285716,6.9642854
2023,14,2023_14_PHI_DAL,PHI,53.246826,0.2904761904761905,7.1309524
2023,15,2023_15_PHI_SEA,PHI,50.246826,0.2904761904761905,4.4642854
2023,16,2023_16_NYG_PHI,PHI,48.763493,0.3904761904761905,3.7809525
2023,17,2023_17_ARI_PHI,PHI,49.130157,0.3238095238095238,3.847619
2023,18,2023_18_PHI_NYG,PHI,50.927776,0.3,4.883333
2024,1,2024_01_GB_PHI,PHI,,,
2024,2,2024_02_ATL_PHI,PHI,,,
2024,3,2024_03_PHI_NO,PHI,,,
2024,4,2024_04_PHI_TB,PHI,,,
2024,6,2024_06_CLE_PHI,PHI,,,
2024,7,2024_07_PHI_NYG,PHI,,,
2024,8,2024_08_PHI_CIN,PHI,45.99028,0.3194444444444444,3.6236112
2024,9,2024_09_JAX_PHI,PHI,46.24028,0.23611111111111108,3.6236112
2024,10,2024_10_PHI_DAL,PHI,46.60139,0.20833333333333334,3.3180554
2024,11,2024_11_WAS_PHI,PHI,51.684723,0.25,3.3180554
2024,12,2024_12_PHI_LA,PHI,49.67361,0.3055555555555555,3.1736114
2024,13,2024_13_PHI_BAL,PHI,50.5625,0.19444444444444442,3.5625
2024,14,2024_14_CAR_PHI,PHI,50.36111,0.2916666666666667,3.2777777
2024,15,2024_15_PIT_PHI,PHI,48.86111,0.3333333333333333,3.9444444
2024,16,2024_16_PHI_WAS,PHI,45.583332,0.2777777777777778,3.3333333
2024,17,2024_17_DAL_PHI,PHI,43.583332,0.3194444444444445,3.5416667
2024,18,2024_18_NYG_PHI,PHI,44.416668,0.3194444444444445,3.1527777
2016,1,2016_01_PIT_WAS,PIT,,,
2016,2,2016_02_CIN_PIT,PIT,,,
2016,3,2016_03_PIT_PHI,PIT,,,
2016,4,2016_04_KC_PIT,PIT,,,
2016,5,2016_05_NYJ_PIT,PIT,,,
2016,6,2016_06_PIT_MIA,PIT,,,
2016,7,2016_07_NE_PIT,PIT,46.693054,0.4263888888888889,4.234722
2016,9,2016_09_PIT_BAL,PIT,45.901386,0.4680555555555555,3.9847221
2016,10,2016_10_DAL_PIT,PIT,45.230556,0.3972222222222222,3.838889
2016,11,2016_11_PIT_CLE,PIT,43.31389,0.425,4.7833333
2016,12,2016_12_PIT_IND,PIT,44.613888,0.39166666666666666,5.894445
2016,13,2016_13_NYG_PIT,PIT,44.266666,0.26666666666666666,5.894445
2016,14,2016_14_PIT_BUF,PIT,44.433334,0.2833333333333334,5.0694447
2016,15,2016_15_PIT_CIN,PIT,44.725002,0.325,3.902778
2016,16,2016_16_BAL_PIT,PIT,44.208332,0.4583333333333333,3.652778
2016,17,2016_17_CLE_PIT,PIT,44.569443,0.4305555555555556,3.2083333
2017,1,2017_01_PIT_CLE,PIT,,,
2017,2,2017_02_MIN_PIT,PIT,,,
2017,3,2017_03_PIT_CHI,PIT,,,
2017,4,2017_04_PIT_BAL,PIT,,,
2017,5,2017_05_JAX_PIT,PIT,,,
2017,6,2017_06_PIT_KC,PIT,,,
2017,7,2017_07_CIN_PIT,PIT,41.433334,0.38611111111111107,2.6444445
2017,8,2017_08_PIT_DET,PIT,41.294445,0.38611111111111107,3.2833335
2017,10,2017_10_PIT_IND,PIT,42.694443,0.40277777777777785,3.7583332
2017,11,2017_11_TEN_PIT,PIT,44.17778,0.38611111111111107,4.2305555
2017,12,2017_12_GB_PIT,PIT,46.372223,0.39999999999999997,4.7861114
2017,13,2017_13_PIT_CIN,PIT,44.316666,0.45555555555555555,4.7861114
2017,14,2017_14_BAL_PIT,PIT,44.833332,0.5138888888888888,3.861111
2017,15,2017_15_NE_PIT,PIT,45.166668,0.5138888888888888,2.2777777
2017,16,2017_16_PIT_HOU,PIT,44.458332,0.47222222222222215,1.861111
2017,17,2017_17_CLE_PIT,PIT,44.152775,0.4444444444444444,1.7777777
2018,1,2018_01_PIT_CLE,PIT,,,
2018,2,2018_02_KC_PIT,PIT,,,
2018,3,2018_03_PIT_TB,PIT,,,
2018,4,2018_04_BAL_PIT,PIT,,,
2018,5,2018_05_ATL_PIT,PIT,,,
2018,6,2018_06_PIT_CIN,PIT,,,
2018,8,2018_08_CLE_PIT,PIT,43.658733,0.44087301587301586,2.5071428
2018,9,2018_09_PIT_BAL,PIT,44.444443,0.4527777777777778,3.2333333
2018,10,2018_10_CAR_PIT,PIT,43.161114,0.4611111111111111,2.7583332
2018,11,2018_11_PIT_JAX,PIT,42.22778,0.4777777777777778,2.7583332
2018,12,2018_12_PIT_DEN,PIT,43.86111,0.47222222222222215,3.625
2018,13,2018_13_LAC_PIT,PIT,43.305557,0.47222222222222215,3.7916667
2018,14,2018_14_PIT_OAK,PIT,44.63889,0.4305555555555555,6.5833335
2018,15,2018_15_NE_PIT,PIT,43.75,0.4583333333333333,5.5
2018,16,2018_16_PIT_NO,PIT,44.0,0.5,4.375
2018,17,2018_17_CIN_PIT,PIT,45.5,0.4166666666666667,4.375
2019,1,2019_01_PIT_NE,PIT,,,
2019,2,2019_02_SEA_PIT,PIT,,,
2019,3,2019_03_PIT_SF,PIT,,,
2019,4,2019_04_CIN_PIT,PIT,,,
2019,5,2019_05_BAL_PIT,PIT,,,
2019,6,2019_06_PIT_LAC,PIT,,,
2019,8,2019_08_MIA_PIT,PIT,47.03889,0.3833333333333333,3.347222
2019,9,2019_09_IND_PIT,PIT,47.216663,0.3166666666666667,4.125
2019,10,2019_10_LA_PIT,PIT,47.75,0.4166666666666667,3.7916667
2019,11,2019_11_PIT_CLE,PIT,46.120373,0.49074074074074076,2.7083333
2019,12,2019_12_PIT_CIN,PIT,46.13704,0.4407407407407407,3.2416668
2019,13,2019_13_CLE_PIT,PIT,46.39299,0.4288359788359788,3.5869048
2019,14,2019_14_PIT_ARI,PIT,45.89299,0.3455026455026455,3.5035715
2019,15,2019_15_BUF_PIT,PIT,46.115215,0.4288359788359788,3.9757936
2019,16,2019_16_PIT_NYJ,PIT,45.28188,0.26216931216931216,4.375794
2019,17,2019_17_PIT_BAL,PIT,44.83214,0.25952380952380955,4.463095
2020,1,2020_01_PIT_NYG,PIT,,,
2020,2,2020_02_DEN_PIT,PIT,,,
2020,3,2020_03_HOU_PIT,PIT,,,
2020,5,2020_05_PHI_PIT,PIT,,,
2020,6,2020_06_CLE_PIT,PIT,,,
2020,7,2020_07_PIT_TEN,PIT,,,
2020,8,2020_08_PIT_BAL,PIT,44.183334,0.43333333333333335,3.5333335
2020,9,2020_09_PIT_DAL,PIT,43.58611,0.44722222222222224,2.325
2020,10,2020_10_CIN_PIT,PIT,45.077778,0.4222222222222223,5.241667
2020,11,2020_11_PIT_JAX,PIT,45.917065,0.4757936507936508,4.842857
2020,12,2020_12_BAL_PIT,PIT,46.200397,0.4591269841269841,5.092857
2020,13,2020_13_WAS_PIT,PIT,46.60873,0.5091269841269841,5.267857
2020,14,2020_14_PIT_BUF,PIT,45.664288,0.398015873015873,5.1011906
2020,15,2020_15_PIT_CIN,PIT,45.261505,0.3841269841269841,4.997024
2020,16,2020_16_IND_PIT,PIT,45.49762,0.3702380952380952,2.0525794
2020,17,2020_17_PIT_CLE,PIT,45.283337,0.35833333333333334,3.4930556
2021,1,2021_01_PIT_BUF,PIT,,,
2021,2,2021_02_LV_PIT,PIT,,,
2021,3,2021_03_CIN_PIT,PIT,,,
2021,4,2021_04_PIT_GB,PIT,,,
2021,5,2021_05_DEN_PIT,PIT,,,
2021,6,2021_06_SEA_PIT,PIT,,,
2021,8,2021_08_PIT_CLE,PIT,45.41786,0.3841269841269841,4.134524
2021,9,2021_09_CHI_PIT,PIT,45.851192,0.3591269841269842,4.142857
2021,10,2021_10_DET_PIT,PIT,44.17619,0.30079365079365084,3.0595238
2021,11,2021_11_PIT_LAC,PIT,45.203968,0.3424603174603175,4.656746
2021,12,2021_12_PIT_CIN,PIT,47.203968,0.28690476190476194,4.4900794
2021,13,2021_13_BAL_PIT,PIT,43.620636,0.3535714285714286,2.8900795
2021,14,2021_14_PIT_MIN,PIT,42.877777,0.2916666666666667,2.8138888
2021,15,2021_15_TEN_PIT,PIT,42.71111,0.2777777777777778,3.6333332
2021,16,2021_16_PIT_KC,PIT,42.81111,0.24444444444444444,5.233333
2021,17,2021_17_CLE_PIT,PIT,45.11667,0.16111111111111112,4.7611113
2021,18,2021_18_PIT_BAL,PIT,45.583332,0.19444444444444445,5.894445
2022,1,2022_01_PIT_CIN,PIT,,,
2022,2,2022_02_NE_PIT,PIT,,,
2022,3,2022_03_PIT_CLE,PIT,,,
2022,4,2022_04_NYJ_PIT,PIT,,,
2022,5,2022_05_PIT_BUF,PIT,,,
2022,6,2022_06_TB_PIT,PIT,,,
2022,7,2022_07_PIT_MIA,PIT,44.475002,0.24583333333333335,2.3541667
2022,8,2022_08_PIT_PHI,PIT,43.36389,0.28055555555555556,1.7361112
2022,10,2022_10_NO_PIT,PIT,42.280556,0.32222222222222224,1.1944444
2022,11,2022_11_CIN_PIT,PIT,42.047222,0.39999999999999997,0.8277778
2022,12,2022_12_PIT_IND,PIT,43.047222,0.37222222222222223,1.4388889
2022,13,2022_13_PIT_ATL,PIT,43.838886,0.4138888888888889,1.4388889
2022,14,2022_14_BAL_PIT,PIT,43.555557,0.4305555555555556,0.97222227
2022,15,2022_15_PIT_CAR,PIT,42.75,0.375,1.4444445
2022,16,2022_16_LV_PIT,PIT,42.805557,0.3333333333333333,1.1111112
2022,17,2022_17_PIT_BAL,PIT,43.75,0.2777777777777778,1.8333334
2022,18,2022_18_CLE_PIT,PIT,44.416668,0.3055555555555556,1.388889
2023,1,2023_01_SF_PIT,PIT,,,
2023,2,2023_02_CLE_PIT,PIT,,,
2023,3,2023_03_PIT_LV,PIT,,,
2023,4,2023_04_PIT_HOU,PIT,,,
2023,5,2023_05_BAL_PIT,PIT,,,
2023,7,2023_07_PIT_LA,PIT,,,
2023,8,2023_08_JAX_PIT,PIT,45.985714,0.3619047619047619,3.1888888
2023,9,2023_09_TEN_PIT,PIT,46.069046,0.3341269841269841,2.9944446
2023,10,2023_10_GB_PIT,PIT,46.78333,0.3638888888888889,3.286111
2023,11,2023_11_PIT_CLE,PIT,45.277775,0.38055555555555554,2.463889
2023,12,2023_12_PIT_CIN,PIT,43.918518,0.4212962962962963,2.6824074
2023,13,2023_13_ARI_PIT,PIT,43.946293,0.4490740740740741,2.3212965
2023,14,2023_14_NE_PIT,PIT,44.13796,0.46574074074074073,3.3212965
2023,15,2023_15_PIT_IND,PIT,44.41574,0.4935185185185185,2.3768518
2023,16,2023_16_CIN_PIT,PIT,42.749073,0.4101851851851852,3.6685188
2023,17,2023_17_PIT_SEA,PIT,41.749073,0.3435185185185185,3.4351852
2023,18,2023_18_PIT_BAL,PIT,42.841663,0.4361111111111111,2.75
2024,1,2024_01_PIT_ATL,PIT,,,
2024,2,2024_02_PIT_DEN,PIT,,,
2024,3,2024_03_LAC_PIT,PIT,,,
2024,4,2024_04_PIT_IND,PIT,,,
2024,5,2024_05_DAL_PIT,PIT,,,
2024,6,2024_06_PIT_LV,PIT,,,
2024,7,2024_07_NYJ_PIT,PIT,46.344448,0.44166666666666665,2.472222
2024,8,2024_08_NYG_PIT,PIT,45.899998,0.5111111111111111,1.0833334
2024,10,2024_10_PIT_WAS,PIT,44.344448,0.5805555555555555,0.77777773
2024,11,2024_11_BAL_PIT,PIT,42.744446,0.625,0.5
2024,12,2024_12_PIT_CLE,PIT,46.43889,0.5555555555555555,0.5972222
2024,13,2024_13_PIT_CIN,PIT,41.53889,0.4888888888888889,0.5972222
2024,14,2024_14_CLE_PIT,PIT,40.261112,0.5444444444444444,0.6527778
2024,15,2024_15_PIT_PHI,PIT,41.316666,0.4472222222222222,1.7083334
2024,16,2024_16_PIT_BAL,PIT,41.205555,0.40277777777777785,2.5638888
2024,17,2024_17_KC_PIT,PIT,42.372223,0.40277777777777773,3.0972223
2024,18,2024_18_CIN_PIT,PIT,40.372223,0.3611111111111111,4.138889
2016,1,2016_01_MIA_SEA,SEA,,,
2016,2,2016_02_SEA_LA,SEA,,,
2016,3,2016_03_SF_SEA,SEA,,,
2016,4,2016_04_SEA_NYJ,SEA,,,
2016,6,2016_06_ATL_SEA,SEA,,,
2016,7,2016_07_SEA_ARI,SEA,,,
2016,8,2016_08_SEA_NO,SEA,44.98492,0.3402116402116402,3.8904762
2016,9,2016_09_BUF_SEA,SEA,46.068253,0.34021164021164024,3.0015872
2016,10,2016_10_SEA_NE,SEA,44.627777,0.33425925925925926,3.1861112
2016,11,2016_11_PHI_SEA,SEA,44.877777,0.5009259259259259,2.1861112
2016,12,2016_12_SEA_TB,SEA,45.86111,0.45092592592592595,2.6027777
2016,13,2016_13_CAR_SEA,SEA,46.051586,0.408068783068783,3.3789682
2016,14,2016_14_SEA_GB,SEA,45.21825,0.37103174603174605,2.7678573
2016,15,2016_15_LA_SEA,SEA,42.773808,0.3988095238095238,2.7678573
2016,16,2016_16_ARI_SEA,SEA,42.857143,0.4682539682539682,2.2261906
2016,17,2016_17_SEA_SF,SEA,40.107143,0.3432539682539682,1.5595239
2017,1,2017_01_SEA_GB,SEA,,,
2017,2,2017_02_SF_SEA,SEA,,,
2017,3,2017_03_SEA_TEN,SEA,,,
2017,4,2017_04_IND_SEA,SEA,,,
2017,5,2017_05_SEA_LA,SEA,,,
2017,7,2017_07_SEA_NYG,SEA,,,
2017,8,2017_08_HOU_SEA,SEA,41.829365,0.5714285714285714,2.014881
2017,9,2017_09_WAS_SEA,SEA,42.090477,0.4936507936507937,2.914881
2017,10,2017_10_SEA_ARI,SEA,42.03889,0.44999999999999996,2.1569445
2017,11,2017_11_ATL_SEA,SEA,42.247223,0.5125,2.3652778
2017,12,2017_12_SEA_SF,SEA,43.580555,0.3458333333333334,2.3652778
2017,13,2017_13_PHI_SEA,SEA,44.997223,0.3458333333333334,2.865278
2017,14,2017_14_SEA_JAX,SEA,45.297222,0.24583333333333335,2.865278
2017,15,2017_15_LA_SEA,SEA,44.93889,0.29583333333333334,4.9652777
2017,16,2017_16_SEA_DAL,SEA,45.54074,0.26805555555555555,7.1412034
2017,17,2017_17_ARI_SEA,SEA,44.93955,0.22936507936507936,6.632275
2018,1,2018_01_SEA_DEN,SEA,,,
2018,2,2018_02_SEA_CHI,SEA,,,
2018,3,2018_03_DAL_SEA,SEA,,,
2018,4,2018_04_SEA_ARI,SEA,,,
2018,5,2018_05_LA_SEA,SEA,,,
2018,6,2018_06_SEA_OAK,SEA,,,
2018,8,2018_08_SEA_DET,SEA,45.482143,0.4682539682539682,2.5059524
2018,9,2018_09_LAC_SEA,SEA,43.898808,0.4404761904761905,2.5892856
2018,10,2018_10_SEA_LA,SEA,45.180557,0.5277777777777778,1.6805555
2018,11,2018_11_GB_SEA,SEA,47.055557,0.5416666666666666,2.4861112
2018,12,2018_12_SEA_CAR,SEA,47.805557,0.4583333333333333,3.7777777
2018,13,2018_13_SF_SEA,SEA,50.833332,0.4166666666666667,4.375
2018,14,2018_14_MIN_SEA,SEA,51.958332,0.2916666666666667,4.9166665
2018,15,2018_15_SEA_SF,SEA,51.041668,0.3083333333333333,4.5833335
2018,16,2018_16_KC_SEA,SEA,51.11111,0.2597222222222222,4.736111
2018,17,2018_17_ARI_SEA,SEA,47.722225,0.2597222222222222,3.513889
2019,1,2019_01_CIN_SEA,SEA,,,
2019,2,2019_02_SEA_PIT,SEA,,,
2019,3,2019_03_NO_SEA,SEA,,,
2019,4,2019_04_SEA_ARI,SEA,,,
2019,5,2019_05_LA_SEA,SEA,,,
2019,6,2019_06_SEA_CLE,SEA,,,
2019,7,2019_07_BAL_SEA,SEA,44.791668,0.4166666666666667,4.3333335
2019,8,2019_08_SEA_ATL,SEA,45.51389,0.4305555555555556,4.069444
2019,9,2019_09_TB_SEA,SEA,45.26389,0.47222222222222215,3.9027777
2019,10,2019_10_SEA_SF,SEA,47.61111,0.4305555555555555,3.4722223
2019,12,2019_12_SEA_PHI,SEA,47.676586,0.376984126984127,3.4781744
2019,13,2019_13_MIN_SEA,SEA,46.25992,0.41269841269841273,2.7400796
2019,14,2019_14_SEA_LA,SEA,46.75992,0.5376984126984127,2.5317461
2019,15,2019_15_SEA_CAR,SEA,45.871033,0.5821428571428571,2.0539682
2019,16,2019_16_ARI_SEA,SEA,44.454365,0.5821428571428572,1.7206349
2019,17,2019_17_SF_SEA,SEA,42.684525,0.6059523809523809,0.8952381
2020,1,2020_01_SEA_ATL,SEA,,,
2020,2,2020_02_NE_SEA,SEA,,,
2020,3,2020_03_DAL_SEA,SEA,,,
2020,4,2020_04_SEA_MIA,SEA,,,
2020,5,2020_05_MIN_SEA,SEA,,,
2020,7,2020_07_SEA_ARI,SEA,,,
2020,8,2020_08_SF_SEA,SEA,49.110714,0.5936507936507937,2.824603
2020,9,2020_09_SEA_BUF,SEA,50.152378,0.551984126984127,3.324603
2020,10,2020_10_SEA_LA,SEA,50.652378,0.38531746031746034,5.1579366
2020,11,2020_11_ARI_SEA,SEA,49.7,0.425,5.2055554
2020,12,2020_12_SEA_PHI,SEA,49.283337,0.3833333333333333,4.6222224
2020,13,2020_13_NYG_SEA,SEA,50.416668,0.3055555555555555,5.4444447
2020,14,2020_14_NYJ_SEA,SEA,49.983334,0.3166666666666667,4.888889
2020,15,2020_15_SEA_WAS,SEA,47.899998,0.35833333333333334,4.9722223
2020,16,2020_16_LA_SEA,SEA,47.524998,0.525,3.0972223
2020,17,2020_17_SEA_SF,SEA,47.458332,0.5472222222222222,2.6305556
2021,1,2021_01_SEA_IND,SEA,,,
2021,2,2021_02_TEN_SEA,SEA,,,
2021,3,2021_03_SEA_MIN,SEA,,,
2021,4,2021_04_SEA_SF,SEA,,,
2021,5,2021_05_LA_SEA,SEA,,,
2021,6,2021_06_SEA_PIT,SEA,,,
2021,7,2021_07_NO_SEA,SEA,46.54861,0.5013888888888889,2.7680557
2021,8,2021_08_JAX_SEA,SEA,48.448612,0.4680555555555555,2.601389
2021,10,2021_10_SEA_GB,SEA,47.370834,0.5125000000000001,2.2791667
2021,11,2021_11_ARI_SEA,SEA,47.64861,0.5402777777777777,3.1680555
2021,12,2021_12_SEA_WAS,SEA,47.777782,0.5986111111111111,3.1680555
2021,13,2021_13_SF_SEA,SEA,47.694447,0.49444444444444446,2.8763888
2021,14,2021_14_SEA_HOU,SEA,48.652782,0.5569444444444445,3.0222223
2021,15,2021_15_SEA_LA,SEA,47.627777,0.5402777777777777,3.038889
2021,16,2021_16_CHI_SEA,SEA,48.344448,0.5236111111111111,2.4722223
2021,17,2021_17_DET_SEA,SEA,46.899998,0.4541666666666666,2.8333333
2021,18,2021_18_SEA_ARI,SEA,45.833332,0.3541666666666667,2.1666667
2022,1,2022_01_DEN_SEA,SEA,,,
2022,2,2022_02_SEA_SF,SEA,,,
2022,3,2022_03_ATL_SEA,SEA,,,
2022,5,2022_05_SEA_NO,SEA,,,
2022,6,2022_06_ARI_SEA,SEA,,,
2022,7,2022_07_SEA_LAC,SEA,,,
2022,8,2022_08_NYG_SEA,SEA,48.78889,0.4611111111111111,2.7666667
2022,9,2022_09_SEA_ARI,SEA,48.455555,0.4888888888888889,3.2944443
2022,10,2022_10_SEA_TB,SEA,49.044445,0.5111111111111111,2.9166667
2022,12,2022_12_LV_SEA,SEA,48.97778,0.4777777777777777,2.4166667
2022,13,2022_13_SEA_LA,SEA,49.169445,0.49444444444444446,2.0416667
2022,14,2022_14_CAR_SEA,SEA,50.530552,0.4666666666666666,2.2916667
2022,15,2022_15_SF_SEA,SEA,50.238888,0.3,2.9583333
2022,16,2022_16_SEA_KC,SEA,50.465076,0.3436507936507936,2.5853174
2022,17,2022_17_NYJ_SEA,SEA,49.50952,0.32142857142857145,2.7964287
2022,18,2022_18_LA_SEA,SEA,48.11786,0.2714285714285714,3.129762
2023,1,2023_01_LA_SEA,SEA,,,
2023,2,2023_02_SEA_DET,SEA,,,
2023,3,2023_03_CAR_SEA,SEA,,,
2023,4,2023_04_SEA_NYG,SEA,,,
2023,6,2023_06_SEA_CIN,SEA,,,
2023,7,2023_07_ARI_SEA,SEA,,,
2023,8,2023_08_CLE_SEA,SEA,49.277775,0.40277777777777773,1.4861112
2023,9,2023_09_SEA_BAL,SEA,48.577778,0.4694444444444444,2.1944444
2023,10,2023_10_WAS_SEA,SEA,47.75238,0.4297619047619048,1.8928572
2023,11,2023_11_SEA_LA,SEA,47.54405,0.4714285714285715,2.5178573
2023,12,2023_12_SF_SEA,SEA,47.04405,0.4297619047619048,3.7678573
2023,14,2023_14_SEA_SF,SEA,48.35516,0.351984126984127,4.0456347
2023,15,2023_15_PHI_SEA,SEA,49.049603,0.37976190476190474,4.3511906
2023,16,2023_16_SEA_TEN,SEA,49.249603,0.34642857142857136,4.3511906
2023,17,2023_17_PIT_SEA,SEA,49.075,0.3861111111111111,4.319444
2023,18,2023_18_SEA_ARI,SEA,50.36667,0.3444444444444445,4.2777777
2024,1,2024_01_DEN_SEA,SEA,,,
2024,2,2024_02_SEA_NE,SEA,,,
2024,3,2024_03_MIA_SEA,SEA,,,
2024,4,2024_04_SEA_DET,SEA,,,
2024,5,2024_05_NYG_SEA,SEA,,,
2024,6,2024_06_SF_SEA,SEA,,,
2024,7,2024_07_SEA_ATL,SEA,49.555557,0.3111111111111111,5.241667
2024,8,2024_08_BUF_SEA,SEA,48.02222,0.4361111111111111,3.675
2024,9,2024_09_LA_SEA,SEA,49.26389,0.4861111111111111,4.3333335
2024,11,2024_11_SEA_SF,SEA,48.996033,0.5337301587301587,2.904762
2024,12,2024_12_ARI_SEA,SEA,49.690475,0.4226190476190476,3.5714285
2024,13,2024_13_SEA_NYJ,SEA,48.915478,0.4392857142857143,3.3214285
2024,14,2024_14_SEA_ARI,SEA,47.74881,0.41150793650793643,2.8630953
2024,15,2024_15_GB_SEA,SEA,50.08214,0.41984126984126985,3.563095
2024,16,2024_16_MIN_SEA,SEA,47.62381,0.41984126984126985,2.3825395
2024,17,2024_17_SEA_CHI,SEA,48.5,0.4388888888888889,1.9777778
2024,18,2024_18_SEA_LA,SEA,48.416668,0.5222222222222223,1.5611111
2016,1,2016_01_LA_SF,SF,,,
2016,2,2016_02_SF_CAR,SF,,,
2016,3,2016_03_SF_SEA,SF,,,
2016,4,2016_04_DAL_SF,SF,,,
2016,5,2016_05_ARI_SF,SF,,,
2016,6,2016_06_SF_BUF,SF,,,
2016,7,2016_07_TB_SF,SF,46.20476,0.2654761904761905,5.4083333
2016,9,2016_09_NO_SF,SF,45.66508,0.325,4.920238
2016,10,2016_10_SF_ARI,SF,45.176983,0.22976190476190475,4.2535715
2016,11,2016_11_NE_SF,SF,44.843647,0.2535714285714286,2.8964283
2016,12,2016_12_SF_MIA,SF,43.614483,0.2119047619047619,2.813095
2016,13,2016_13_SF_CHI,SF,43.179962,0.22976190476190475,2.4678571
2016,14,2016_14_NYJ_SF,SF,42.62996,0.2380952380952381,1.9970237
2016,15,2016_15_SF_ATL,SF,42.21329,0.18253968253968253,1.5803571
2016,16,2016_16_SF_LA,SF,42.70139,0.23015873015873015,2.580357
2016,17,2016_17_SEA_SF,SF,42.328373,0.21428571428571427,2.4930556
2017,1,2017_01_CAR_SF,SF,,,
2017,2,2017_02_SF_SEA,SF,,,
2017,3,2017_03_LA_SF,SF,,,
2017,4,2017_04_SF_ARI,SF,,,
2017,5,2017_05_SF_IND,SF,,,
2017,6,2017_06_SF_WAS,SF,,,
2017,7,2017_07_DAL_SF,SF,44.041668,0.5138888888888888,0.8829365
2017,8,2017_08_SF_PHI,SF,44.75,0.5555555555555555,0.59126985
2017,9,2017_09_ARI_SF,SF,45.023808,0.501984126984127,0.8829365
2017,10,2017_10_NYG_SF,SF,45.440475,0.3978174603174603,1.2162699
2017,12,2017_12_SEA_SF,SF,44.583332,0.4930555555555555,0.9305556
2017,13,2017_13_SF_CHI,SF,43.305557,0.5393518518518519,0.9212963
2017,14,2017_14_SF_HOU,SF,42.25,0.42824074074074076,6.4212966
2017,15,2017_15_TEN_SF,SF,41.649998,0.4115740740740741,6.521296
2017,16,2017_16_JAX_SF,SF,41.233334,0.36990740740740735,6.2296295
2017,17,2017_17_SF_LA,SF,41.177776,0.4185185185185185,5.896296
2018,1,2018_01_SF_MIN,SF,,,
2018,2,2018_02_DET_SF,SF,,,
2018,3,2018_03_SF_KC,SF,,,
2018,4,2018_04_SF_LAC,SF,,,
2018,5,2018_05_ARI_SF,SF,,,
2018,6,2018_06_SF_GB,SF,,,
2018,7,2018_07_LA_SF,SF,43.191666,0.225,3.9333334
2018,8,2018_08_SF_ARI,SF,41.274998,0.25,4.8416667
2018,9,2018_09_OAK_SF,SF,40.49405,0.24523809523809526,4.475
2018,10,2018_10_NYG_SF,SF,43.43849,0.25912698412698415,4.2666664
2018,12,2018_12_SF_TB,SF,42.99405,0.3146825396825397,1.9222221
2018,13,2018_13_SF_SEA,SF,42.841267,0.35634920634920636,2.088889
2018,14,2018_14_DEN_SF,SF,42.574604,0.423015873015873,1.6222221
2018,15,2018_15_SEA_SF,SF,44.241272,0.3896825396825397,1.0888889
2018,16,2018_16_CHI_SF,SF,45.455555,0.29444444444444445,1.4222221
2018,17,2018_17_SF_LA,SF,43.88611,0.28055555555555556,1.4222221
2019,1,2019_01_SF_TB,SF,,,
2019,2,2019_02_SF_CIN,SF,,,
2019,3,2019_03_PIT_SF,SF,,,
2019,5,2019_05_CLE_SF,SF,,,
2019,6,2019_06_SF_LA,SF,,,
2019,7,2019_07_SF_WAS,SF,,,
2019,8,2019_08_CAR_SF,SF,43.958332,0.47222222222222215,0.083333336
2019,9,2019_09_SF_ARI,SF,43.097225,0.5555555555555555,0.083333336
2019,10,2019_10_SEA_SF,SF,44.547222,0.5722222222222222,0.65000004
2019,11,2019_11_ARI_SF,SF,43.947224,0.5499999999999999,1.4500002
2019,12,2019_12_GB_SF,SF,45.03056,0.5499999999999999,1.7000002
2019,13,2019_13_SF_BAL,SF,45.98889,0.5916666666666667,1.2416667
2019,14,2019_14_SF_NO,SF,45.65556,0.5083333333333333,2.7416668
2019,15,2019_15_ATL_SF,SF,46.377777,0.3416666666666666,4.797222
2019,16,2019_16_LA_SF,SF,46.344448,0.325,5.022222
2019,17,2019_17_SF_SEA,SF,45.911114,0.425,4.2555556
2020,1,2020_01_ARI_SF,SF,,,
2020,2,2020_02_SF_NYJ,SF,,,
2020,4,2020_04_PHI_SF,SF,,,
2020,5,2020_05_MIA_SF,SF,,,
2020,6,2020_06_LA_SF,SF,,,
2020,7,2020_07_SF_NE,SF,,,
2020,8,2020_08_SF_SEA,SF,44.32222,0.5555555555555555,2.0666668
2020,9,2020_09_GB_SF,SF,46.805557,0.49722222222222223,2.8
2020,10,2020_10_SF_NO,SF,47.63889,0.45555555555555555,2.8
2020,12,2020_12_SF_LA,SF,48.230556,0.37222222222222223,2.4
2020,13,2020_13_BUF_SF,SF,49.341663,0.36428571428571427,2.1142857
2020,14,2020_14_WAS_SF,SF,49.00833,0.38095238095238093,2.9809523
2020,15,2020_15_SF_DAL,SF,49.119446,0.28835978835978837,3.647619
2020,16,2020_16_SF_ARI,SF,48.452778,0.28835978835978837,3.7309523
2020,17,2020_17_SEA_SF,SF,45.827778,0.31335978835978834,3.7309523
2021,1,2021_01_SF_DET,SF,,,
2021,2,2021_02_SF_PHI,SF,,,
2021,3,2021_03_GB_SF,SF,,,
2021,4,2021_04_SEA_SF,SF,,,
2021,5,2021_05_SF_ARI,SF,,,
2021,7,2021_07_IND_SF,SF,,,
2021,9,2021_09_ARI_SF,SF,46.144444,0.6,2.1972222
2021,10,2021_10_LA_SF,SF,46.60278,0.5166666666666667,2.2805555
2021,11,2021_11_SF_JAX,SF,46.125,0.47222222222222215,1.8472222
2021,12,2021_12_MIN_SF,SF,44.583332,0.34722222222222215,1.5972222
2021,13,2021_13_SF_SEA,SF,47.472225,0.3194444444444444,1.2916666
2021,14,2021_14_SF_CIN,SF,47.0,0.23611111111111108,0.29166666
2021,15,2021_15_ATL_SF,SF,45.886906,0.21825396825396823,0.5833333
2021,16,2021_16_SF_TEN,SF,47.261906,0.1349206349206349,1.4583334
2021,17,2021_17_HOU_SF,SF,46.039684,0.1626984126984127,1.4583334
2021,18,2021_18_SF_LA,SF,45.33135,0.24603174603174605,2.4166667
2022,1,2022_01_SF_CHI,SF,,,
2022,2,2022_02_SEA_SF,SF,,,
2022,3,2022_03_SF_DEN,SF,,,
2022,4,2022_04_LA_SF,SF,,,
2022,5,2022_05_SF_CAR,SF,,,
2022,6,2022_06_SF_ATL,SF,,,
2022,7,2022_07_KC_SF,SF,44.271824,0.5714285714285714,2.8809526
2022,8,2022_08_SF_LA,SF,42.396824,0.613095238095238,2.8809526
2022,10,2022_10_LAC_SF,SF,41.896824,0.6686507936507936,2.8809526
2022,11,2022_11_SF_ARI,SF,38.77778,0.6388888888888888,2.6666667
2022,12,2022_12_NO_SF,SF,41.15278,0.6805555555555555,3.2916667
2022,13,2022_13_MIA_SF,SF,42.194447,0.5972222222222222,4.0416665
2022,14,2022_14_TB_SF,SF,40.833332,0.625,2.25
2022,15,2022_15_SF_SEA,SF,43.444443,0.513888888888889,3.4166667
2022,16,2022_16_WAS_SF,SF,43.63889,0.4305555555555556,3.4166667
2022,17,2022_17_SF_LV,SF,44.805557,0.47222222222222227,3.75
2022,18,2022_18_ARI_SF,SF,43.597225,0.47222222222222227,3.125
2023,1,2023_01_SF_PIT,SF,,,
2023,2,2023_02_SF_LA,SF,,,
2023,3,2023_03_NYG_SF,SF,,,
2023,4,2023_04_ARI_SF,SF,,,
2023,5,2023_05_DAL_SF,SF,,,
2023,6,2023_06_SF_CLE,SF,,,
2023,7,2023_07_SF_MIN,SF,46.777775,0.6666666666666666,2.375
2023,8,2023_08_CIN_SF,SF,49.666668,0.5,2.9305556
2023,10,2023_10_SF_JAX,SF,49.847225,0.5277777777777778,2.9166667
2023,11,2023_11_TB_SF,SF,50.569443,0.5277777777777778,3.5833333
2023,12,2023_12_SF_SEA,SF,51.569443,0.3611111111111111,7.1388893
2023,13,2023_13_SF_PHI,SF,50.411114,0.37777777777777777,6.722223
2023,14,2023_14_SEA_SF,SF,49.605556,0.32222222222222224,5.5
2023,15,2023_15_SF_ARI,SF,47.472225,0.3888888888888889,5.1
2023,16,2023_16_BAL_SF,SF,47.083332,0.3611111111111111,4.6555557
2023,17,2023_17_SF_WAS,SF,48.583332,0.3333333333333333,5.738889
2023,18,2023_18_LA_SF,SF,46.416668,0.5,2.3500001
2024,1,2024_01_NYJ_SF,SF,,,
2024,2,2024_02_SF_MIN,SF,,,
2024,3,2024_03_SF_LA,SF,,,
2024,4,2024_04_NE_SF,SF,,,
2024,5,2024_05_ARI_SF,SF,,,
2024,6,2024_06_SF_SEA,SF,,,
2024,7,2024_07_KC_SF,SF,44.097225,0.3194444444444444,6.722222
2024,8,2024_08_DAL_SF,SF,42.47222,0.4444444444444444,8.347222
2024,10,2024_10_SF_TB,SF,44.13889,0.375,8.333333
2024,11,2024_11_SEA_SF,SF,42.47222,0.4583333333333333,5.1666665
2024,12,2024_12_SF_GB,SF,41.916668,0.513888888888889,3.0
2024,13,2024_13_SF_BUF,SF,43.25,0.5694444444444444,3.9444444
2024,14,2024_14_CHI_SF,SF,42.930557,0.5,4.944444
2024,15,2024_15_LA_SF,SF,42.555553,0.4583333333333333,3.8194444
2024,16,2024_16_SF_MIA,SF,42.9127,0.46428571428571425,3.515873
2024,18,2024_18_SF_ARI,SF,44.579365,0.33928571428571425,4.140873
2016,1,2016_01_TB_ATL,TB,,,
2016,2,2016_02_TB_ARI,TB,,,
2016,3,2016_03_LA_TB,TB,,,
2016,4,2016_04_DEN_TB,TB,,,
2016,5,2016_05_TB_CAR,TB,,,
2016,7,2016_07_TB_SF,TB,,,
2016,8,2016_08_OAK_TB,TB,45.786907,0.44087301587301586,1.9134921
2016,9,2016_09_ATL_TB,TB,45.553574,0.4367063492063492,1.8676587
2016,10,2016_10_CHI_TB,TB,45.664684,0.5200396825396826,1.7287698
2016,11,2016_11_TB_KC,TB,44.83968,0.5450396825396825,1.1287699
2016,12,2016_12_SEA_TB,TB,43.744446,0.47361111111111104,2.5097222
2016,13,2016_13_TB_SD,TB,42.911114,0.5736111111111111,2.3097222
2016,14,2016_14_NO_TB,TB,45.411114,0.5458333333333333,3.3097222
2016,15,2016_15_TB_DAL,TB,45.119446,0.5666666666666667,2.8722222
2016,16,2016_16_TB_NO,TB,44.3,0.44166666666666665,2.8166666
2016,17,2016_17_CAR_TB,TB,45.666668,0.5416666666666666,2.9166667
2017,2,2017_02_CHI_TB,TB,,,
2017,3,2017_03_TB_MIN,TB,,,
2017,4,2017_04_NYG_TB,TB,,,
2017,5,2017_05_NE_TB,TB,,,
2017,6,2017_06_TB_ARI,TB,,,
2017,7,2017_07_TB_BUF,TB,,,
2017,8,2017_08_CAR_TB,TB,43.555557,0.34722222222222215,1.9722222
2017,9,2017_09_TB_NO,TB,43.055557,0.375,2.027778
2017,10,2017_10_NYJ_TB,TB,41.954365,0.4464285714285714,1.9087301
2017,11,2017_11_TB_MIA,TB,40.884922,0.39087301587301587,1.8531747
2017,12,2017_12_TB_ATL,TB,40.273808,0.3630952380952381,0.9920635
2017,13,2017_13_TB_GB,TB,42.746033,0.23809523809523805,2.436508
2017,14,2017_14_DET_TB,TB,42.196033,0.30476190476190473,2.5031745
2017,15,2017_15_ATL_TB,TB,42.807144,0.22142857142857142,2.7809525
2017,16,2017_16_TB_CAR,TB,45.075,0.2333333333333333,3.6083333
2017,17,2017_17_NO_TB,TB,46.18611,0.20555555555555557,4.163889
2018,1,2018_01_TB_NO,TB,,,
2018,2,2018_02_PHI_TB,TB,,,
2018,3,2018_03_PIT_TB,TB,,,
2018,4,2018_04_TB_CHI,TB,,,
2018,6,2018_06_TB_ATL,TB,,,
2018,7,2018_07_CLE_TB,TB,,,
2018,8,2018_08_TB_CIN,TB,42.89722,0.26944444444444443,4.7999997
2018,9,2018_09_TB_CAR,TB,44.175,0.26944444444444443,6.4111114
2018,10,2018_10_WAS_TB,TB,44.652775,0.28055555555555556,6.4500003
2018,11,2018_11_TB_NYG,TB,44.98611,0.225,5.5611115
2018,12,2018_12_SF_TB,TB,45.18611,0.19166666666666665,5.927778
2018,13,2018_13_CAR_TB,TB,46.10278,0.17500000000000002,4.961111
2018,14,2018_14_NO_TB,TB,45.72778,0.18888888888888888,3.211111
2018,15,2018_15_TB_BAL,TB,43.7,0.21666666666666667,2.4055555
2018,16,2018_16_TB_DAL,TB,42.791668,0.19166666666666668,2.0055556
2018,17,2018_17_ATL_TB,TB,43.958332,0.19166666666666668,3.088889
2019,1,2019_01_SF_TB,TB,,,
2019,2,2019_02_TB_CAR,TB,,,
2019,3,2019_03_NYG_TB,TB,,,
2019,4,2019_04_TB_LA,TB,,,
2019,5,2019_05_TB_NO,TB,,,
2019,6,2019_06_CAR_TB,TB,,,
2019,8,2019_08_TB_TEN,TB,41.208332,0.2638888888888889,2.125
2019,9,2019_09_TB_SEA,TB,44.875,0.2916666666666667,2.125
2019,10,2019_10_ARI_TB,TB,43.38889,0.27777777777777773,1.6666666
2019,11,2019_11_NO_TB,TB,43.819443,0.34722222222222215,1.236111
2019,12,2019_12_TB_ATL,TB,43.652775,0.40277777777777773,3.013889
2019,13,2019_13_TB_JAX,TB,43.63889,0.47222222222222215,3.125
2019,14,2019_14_IND_TB,TB,44.26389,0.4444444444444444,4.8472223
2019,15,2019_15_TB_DET,TB,44.680557,0.3333333333333333,7.6805553
2019,16,2019_16_HOU_TB,TB,44.027775,0.40277777777777773,7.0555553
2019,17,2019_17_ATL_TB,TB,42.88889,0.375,7.777778
2020,1,2020_01_TB_NO,TB,,,
2020,2,2020_02_CAR_TB,TB,,,
2020,3,2020_03_TB_DEN,TB,,,
2020,4,2020_04_LAC_TB,TB,,,
2020,5,2020_05_TB_CHI,TB,,,
2020,6,2020_06_GB_TB,TB,,,
2020,7,2020_07_TB_LV,TB,45.844448,0.3833333333333333,2.8138888
2020,8,2020_08_TB_NYG,TB,45.088886,0.4388888888888889,0.84722215
2020,9,2020_09_NO_TB,TB,45.088886,0.41111111111111115,1.5
2020,11,2020_11_LA_TB,TB,44.497223,0.31111111111111106,2.75
2020,12,2020_12_KC_TB,TB,43.16389,0.26666666666666666,2.3277779
2020,14,2020_14_MIN_TB,TB,44.05278,0.25277777777777777,2.8277779
2020,15,2020_15_TB_ATL,TB,46.041668,0.27499999999999997,3.661111
2020,16,2020_16_TB_DET,TB,45.89722,0.3194444444444444,3.7944443
2021,1,2021_01_DAL_TB,TB,,,
2021,2,2021_02_ATL_TB,TB,,,
2021,3,2021_03_TB_LA,TB,,,
2021,4,2021_04_TB_NE,TB,,,
2021,5,2021_05_MIA_TB,TB,,,
2021,6,2021_06_TB_PHI,TB,,,
2021,7,2021_07_CHI_TB,TB,43.097225,0.5277777777777778,2.125
2021,8,2021_08_TB_NO,TB,41.59722,0.4444444444444444,2.0833333
2021,10,2021_10_TB_WAS,TB,40.72222,0.47222222222222215,2.2916667
2021,11,2021_11_NYG_TB,TB,41.569443,0.5416666666666666,2.472222
2021,12,2021_12_TB_IND,TB,42.041668,0.6527777777777778,1.7638888
2021,13,2021_13_TB_ATL,TB,42.041668,0.5277777777777778,2.6805556
2021,14,2021_14_BUF_TB,TB,42.375,0.5277777777777778,3.0694444
2021,15,2021_15_NO_TB,TB,42.2,0.5194444444444445,2.8277779
2021,16,2021_16_TB_CAR,TB,42.2,0.4708333333333334,2.9527779
2021,17,2021_17_TB_NYJ,TB,42.144444,0.4152777777777777,3.6194446
2021,18,2021_18_CAR_TB,TB,40.366665,0.4152777777777778,3.6194446
2022,1,2022_01_TB_DAL,TB,,,
2022,2,2022_02_TB_NO,TB,,,
2022,3,2022_03_GB_TB,TB,,,
2022,4,2022_04_KC_TB,TB,,,
2022,5,2022_05_ATL_TB,TB,,,
2022,6,2022_06_TB_PIT,TB,,,
2022,7,2022_07_TB_CAR,TB,45.875,0.3111111111111111,3.1833334
2022,8,2022_08_BAL_TB,TB,45.180557,0.2555555555555556,3.0166667
2022,9,2022_09_LA_TB,TB,47.719448,0.23888888888888885,4.0833335
2022,10,2022_10_SEA_TB,TB,49.386112,0.32222222222222224,3.8333333
2022,12,2022_12_TB_CLE,TB,52.608334,0.26666666666666666,3.1666667
2022,13,2022_13_NO_TB,TB,52.27037,0.2851851851851852,3.3888886
2022,14,2022_14_TB_SF,TB,52.837036,0.28518518518518515,4.5888886
2022,15,2022_15_CIN_TB,TB,53.80926,0.22962962962962963,6.9777775
2022,16,2022_16_TB_ARI,TB,53.40926,0.16296296296296295,6.077778
2022,17,2022_17_CAR_TB,TB,51.625927,0.05185185185185185,8.111111
2022,18,2022_18_TB_ATL,TB,49.025925,0.11851851851851852,8.3111105
2023,1,2023_01_TB_MIN,TB,,,
2023,2,2023_02_CHI_TB,TB,,,
2023,3,2023_03_PHI_TB,TB,,,
2023,4,2023_04_TB_NO,TB,,,
2023,6,2023_06_DET_TB,TB,,,
2023,7,2023_07_ATL_TB,TB,,,
2023,8,2023_08_TB_BUF,TB,52.402775,0.4861111111111111,7.1666665
2023,9,2023_09_TB_HOU,TB,51.791668,0.4861111111111111,8.027778
2023,10,2023_10_TEN_TB,TB,51.416668,0.4444444444444445,8.319445
2023,11,2023_11_TB_SF,TB,47.533337,0.39444444444444443,5.711111
2023,12,2023_12_TB_IND,TB,47.61667,0.3666666666666667,3.9472225
2023,13,2023_13_CAR_TB,TB,47.255554,0.325,3.5722225
2023,14,2023_14_TB_ATL,TB,46.943054,0.2902777777777778,3.6972225
2023,15,2023_15_TB_GB,TB,47.49861,0.29027777777777775,3.9194443
2023,16,2023_16_JAX_TB,TB,49.91528,0.3736111111111111,3.6277778
2023,17,2023_17_NO_TB,TB,52.631943,0.4236111111111111,3.6944444
2023,18,2023_18_TB_CAR,TB,51.531948,0.40138888888888885,4.483333
2024,1,2024_01_WAS_TB,TB,,,
2024,2,2024_02_TB_DET,TB,,,
2024,3,2024_03_DEN_TB,TB,,,
2024,4,2024_04_PHI_TB,TB,,,
2024,5,2024_05_TB_ATL,TB,,,
2024,6,2024_06_TB_NO,TB,,,
2024,7,2024_07_BAL_TB,TB,42.708332,0.24722222222222223,5.302778
2024,8,2024_08_ATL_TB,TB,44.125,0.33055555555555555,5.302778
2024,9,2024_09_TB_KC,TB,43.458332,0.2638888888888889,6.569444
2024,10,2024_10_SF_TB,TB,42.783337,0.24722222222222223,6.444444
2024,12,2024_12_TB_NYG,TB,44.11667,0.2611111111111111,7.444444
2024,13,2024_13_TB_CAR,TB,43.533337,0.3444444444444445,8.111111
2024,14,2024_14_LV_TB,TB,43.8,0.35555555555555557,5.3333335
2024,16,2024_16_TB_DAL,TB,43.161114,0.2722222222222222,7.0
2024,17,2024_17_CAR_TB,TB,43.619446,0.2722222222222222,5.5
2024,18,2024_18_NO_TB,TB,45.08611,0.20555555555555557,4.5
2016,1,2016_01_MIN_TEN,TEN,,,
2016,2,2016_02_TEN_DET,TEN,,,
2016,3,2016_03_OAK_TEN,TEN,,,
2016,4,2016_04_TEN_HOU,TEN,,,
2016,5,2016_05_TEN_MIA,TEN,,,
2016,6,2016_06_CLE_TEN,TEN,,,
2016,7,2016_07_IND_TEN,TEN,46.127777,0.4055555555555555,8.900001
2016,8,2016_08_JAX_TEN,TEN,46.26111,0.4972222222222222,8.95
2016,9,2016_09_TEN_SD,TEN,44.830555,0.525,7.672222
2016,10,2016_10_GB_TEN,TEN,43.774998,0.48333333333333334,6.741667
2016,11,2016_11_TEN_IND,TEN,42.125,0.44999999999999996,4.525
2016,12,2016_12_TEN_CHI,TEN,43.591663,0.3833333333333333,2.0583334
2016,14,2016_14_DEN_TEN,TEN,43.466663,0.3666666666666667,2.0249999
2016,15,2016_15_TEN_KC,TEN,42.966663,0.3130952380952381,1.775
2016,16,2016_16_TEN_JAX,TEN,42.425,0.22976190476190475,1.9
2016,17,2016_17_HOU_TEN,TEN,42.29405,0.25952380952380955,2.0130951
2017,1,2017_01_OAK_TEN,TEN,,,
2017,2,2017_02_TEN_JAX,TEN,,,
2017,3,2017_03_SEA_TEN,TEN,,,
2017,4,2017_04_TEN_HOU,TEN,,,
2017,5,2017_05_TEN_MIA,TEN,,,
2017,6,2017_06_IND_TEN,TEN,,,
2017,7,2017_07_TEN_CLE,TEN,48.933334,0.4055555555555556,2.2361112
2017,9,2017_09_BAL_TEN,TEN,49.766666,0.4055555555555556,2.5694444
2017,10,2017_10_CIN_TEN,TEN,51.355556,0.5055555555555555,3.0805557
2017,11,2017_11_TEN_PIT,TEN,51.3,0.4777777777777778,3.4694443
2017,12,2017_12_TEN_IND,TEN,50.98889,0.4444444444444445,4.6138887
2017,13,2017_13_HOU_TEN,TEN,49.56111,0.4333333333333333,3.8305557
2017,14,2017_14_TEN_ARI,TEN,50.519444,0.35000000000000003,5.038889
2017,15,2017_15_TEN_SF,TEN,50.547222,0.32222222222222224,5.413889
2017,16,2017_16_LA_TEN,TEN,51.26389,0.3055555555555556,5.6805553
2017,17,2017_17_JAX_TEN,TEN,47.88889,0.3611111111111111,4.5277777
2018,1,2018_01_TEN_MIA,TEN,,,
2018,2,2018_02_HOU_TEN,TEN,,,
2018,3,2018_03_TEN_JAX,TEN,,,
2018,4,2018_04_PHI_TEN,TEN,,,
2018,5,2018_05_TEN_BUF,TEN,,,
2018,6,2018_06_BAL_TEN,TEN,,,
2018,7,2018_07_TEN_LAC,TEN,48.180557,0.4888888888888889,4.173148
2018,9,2018_09_TEN_DAL,TEN,49.305557,0.32222222222222224,5.298148
2018,10,2018_10_NE_TEN,TEN,48.105556,0.45555555555555555,5.631481
2018,11,2018_11_TEN_IND,TEN,48.36111,0.4388888888888889,6.325926
2018,12,2018_12_TEN_HOU,TEN,48.11667,0.45555555555555555,6.7314816
2018,13,2018_13_NYJ_TEN,TEN,47.56111,0.4277777777777778,7.0925922
2018,14,2018_14_JAX_TEN,TEN,46.95,0.396031746031746,6.2619042
2018,15,2018_15_TEN_NYG,TEN,48.2,0.4793650793650794,5.095238
2018,16,2018_16_WAS_TEN,TEN,48.033337,0.4793650793650794,3.995238
2018,17,2018_17_IND_TEN,TEN,47.041668,0.5793650793650794,2.995238
2019,1,2019_01_TEN_CLE,TEN,,,
2019,2,2019_02_IND_TEN,TEN,,,
2019,3,2019_03_TEN_JAX,TEN,,,
2019,4,2019_04_TEN_ATL,TEN,,,
2019,5,2019_05_BUF_TEN,TEN,,,
2019,6,2019_06_TEN_DEN,TEN,,,
2019,7,2019_07_LAC_TEN,TEN,47.129627,0.5648148148148148,2.9069445
2019,8,2019_08_TB_TEN,TEN,46.435184,0.6481481481481481,2.4069445
2019,9,2019_09_TEN_CAR,TEN,46.701855,0.6259259259259259,2.740278
2019,10,2019_10_KC_TEN,TEN,46.674072,0.5425925925925925,3.1222222
2019,12,2019_12_JAX_TEN,TEN,47.674072,0.45925925925925926,3.263889
2019,13,2019_13_TEN_IND,TEN,46.674072,0.487037037037037,3.1527777
2019,14,2019_14_TEN_OAK,TEN,46.955555,0.47222222222222215,3.3305557
2019,15,2019_15_HOU_TEN,TEN,48.455555,0.3055555555555555,4.3305554
2019,16,2019_16_NO_TEN,TEN,48.244446,0.3277777777777778,2.8305557
2019,17,2019_17_TEN_HOU,TEN,47.64127,0.3515873015873016,2.7194445
2020,1,2020_01_TEN_DEN,TEN,,,
2020,2,2020_02_JAX_TEN,TEN,,,
2020,3,2020_03_TEN_MIN,TEN,,,
2020,5,2020_05_BUF_TEN,TEN,,,
2020,6,2020_06_HOU_TEN,TEN,,,
2020,7,2020_07_PIT_TEN,TEN,,,
2020,8,2020_08_TEN_CIN,TEN,49.416668,0.5138888888888888,4.069444
2020,9,2020_09_CHI_TEN,TEN,46.916668,0.5138888888888888,3.4027777
2020,10,2020_10_IND_TEN,TEN,48.555557,0.34722222222222215,4.736111
2020,11,2020_11_TEN_BAL,TEN,44.166668,0.2916666666666667,4.736111
2020,12,2020_12_TEN_IND,TEN,44.805557,0.125,5.375
2020,13,2020_13_CLE_TEN,TEN,42.47222,0.2916666666666667,5.375
2020,14,2020_14_TEN_JAX,TEN,40.055553,0.25,1.9722222
2020,15,2020_15_DET_TEN,TEN,40.930553,0.3333333333333333,1.9722222
2020,16,2020_16_TEN_GB,TEN,40.34722,0.5,0.4722222
2020,17,2020_17_TEN_HOU,TEN,44.041668,0.5416666666666666,0.4722222
2021,1,2021_01_ARI_TEN,TEN,,,
2021,2,2021_02_TEN_SEA,TEN,,,
2021,3,2021_03_IND_TEN,TEN,,,
2021,4,2021_04_TEN_NYJ,TEN,,,
2021,5,2021_05_TEN_JAX,TEN,,,
2021,6,2021_06_BUF_TEN,TEN,,,
2021,7,2021_07_KC_TEN,TEN,45.488888,0.15833333333333333,2.8999999
2021,8,2021_08_TEN_IND,TEN,44.933334,0.325,1.5666666
2021,9,2021_09_TEN_LA,TEN,44.933334,0.325,2.6916666
2021,10,2021_10_NO_TEN,TEN,45.166668,0.425,2.925
2021,11,2021_11_HOU_TEN,TEN,45.733334,0.425,1.9916667
2021,12,2021_12_TEN_NE,TEN,45.316666,0.4666666666666666,2.825
2021,14,2021_14_JAX_TEN,TEN,44.316666,0.4666666666666666,4.241667
2021,15,2021_15_TEN_PIT,TEN,42.88333,0.3666666666666667,4.241667
2021,16,2021_16_SF_TEN,TEN,42.994446,0.2833333333333333,5.2833333
2021,17,2021_17_MIA_TEN,TEN,43.42778,0.25000000000000006,5.4500003
2021,18,2021_18_TEN_HOU,TEN,43.969448,0.3416666666666666,5.941667
2022,1,2022_01_NYG_TEN,TEN,,,
2022,2,2022_02_TEN_BUF,TEN,,,
2022,3,2022_03_LV_TEN,TEN,,,
2022,4,2022_04_TEN_IND,TEN,,,
2022,5,2022_05_TEN_WAS,TEN,,,
2022,7,2022_07_IND_TEN,TEN,,,
2022,8,2022_08_TEN_HOU,TEN,55.375,0.3333333333333333,7.6319447
2022,9,2022_09_TEN_KC,TEN,53.941666,0.3833333333333333,6.509722
2022,10,2022_10_DEN_TEN,TEN,52.816666,0.36944444444444446,6.6
2022,11,2022_11_TEN_GB,TEN,51.761112,0.32083333333333336,6.1694446
2022,12,2022_12_CIN_TEN,TEN,51.41389,0.3763888888888889,7.6694446
2022,13,2022_13_TEN_PHI,TEN,51.713886,0.3597222222222222,7.398611
2022,14,2022_14_JAX_TEN,TEN,52.150394,0.38353174603174606,7.2875
2022,15,2022_15_TEN_LAC,TEN,52.417065,0.2501984126984127,7.798611
2022,16,2022_16_HOU_TEN,TEN,53.625397,0.30376984126984125,7.831349
2022,17,2022_17_DAL_TEN,TEN,52.986507,0.26904761904761904,8.678572
2022,18,2022_18_TEN_JAX,TEN,52.442062,0.24682539682539684,7.311905
2023,1,2023_01_TEN_NO,TEN,,,
2023,2,2023_02_LAC_TEN,TEN,,,
2023,3,2023_03_TEN_CLE,TEN,,,
2023,4,2023_04_CIN_TEN,TEN,,,
2023,5,2023_05_TEN_IND,TEN,,,
2023,6,2023_06_BAL_TEN,TEN,,,
2023,8,2023_08_ATL_TEN,TEN,48.73254,0.3841269841269841,6.7285714
2023,9,2023_09_TEN_PIT,TEN,51.538097,0.45357142857142857,6.5202384
2023,10,2023_10_TEN_TB,TEN,50.838093,0.6202380952380953,5.1424603
2023,11,2023_11_TEN_JAX,TEN,51.391666,0.6083333333333334,5.5055556
2023,12,2023_12_CAR_TEN,TEN,52.558334,0.525,5.3388886
2023,13,2023_13_IND_TEN,TEN,54.344044,0.6440476190476191,4.7198415
2023,14,2023_14_TEN_MIA,TEN,52.69643,0.6011904761904762,2.2817461
2023,15,2023_15_HOU_TEN,TEN,52.07976,0.5428571428571428,2.1567461
2023,16,2023_16_SEA_TEN,TEN,50.12143,0.3970238095238095,2.1220238
2023,17,2023_17_TEN_HOU,TEN,47.163097,0.4248015873015873,1.4970237
2023,18,2023_18_JAX_TEN,TEN,46.513096,0.4081349206349206,2.4970238
2024,1,2024_01_TEN_CHI,TEN,,,
2024,2,2024_02_NYJ_TEN,TEN,,,
2024,3,2024_03_GB_TEN,TEN,,,
2024,4,2024_04_TEN_MIA,TEN,,,
2024,6,2024_06_IND_TEN,TEN,,,
2024,7,2024_07_TEN_BUF,TEN,,,
2024,8,2024_08_TEN_DET,TEN,48.23611,0.16944444444444443,8.569445
2024,9,2024_09_NE_TEN,TEN,49.01389,0.19722222222222222,12.069444
2024,10,2024_10_TEN_LAC,TEN,49.247223,0.23055555555555554,13.202778
2024,11,2024_11_MIN_TEN,TEN,50.372223,0.3138888888888889,13.161111
2024,12,2024_12_TEN_HOU,TEN,51.43889,0.28055555555555556,12.827778
2024,13,2024_13_TEN_WAS,TEN,50.13889,0.34722222222222215,11.394444
2024,14,2024_14_JAX_TEN,TEN,50.14722,0.34722222222222215,10.277778
2024,15,2024_15_CIN_TEN,TEN,49.869446,0.4583333333333333,5.4444447
2024,16,2024_16_TEN_IND,TEN,53.269444,0.39166666666666666,5.644445
2024,17,2024_17_TEN_JAX,TEN,53.56111,0.30833333333333335,5.8111115
2024,18,2024_18_HOU_TEN,TEN,53.805557,0.33055555555555555,5.7444444
2016,1,2016_01_PIT_WAS,WAS,,,
2016,2,2016_02_DAL_WAS,WAS,,,
2016,3,2016_03_WAS_NYG,WAS,,,
2016,4,2016_04_CLE_WAS,WAS,,,
2016,5,2016_05_WAS_BAL,WAS,,,
2016,6,2016_06_PHI_WAS,WAS,,,
2016,7,2016_07_WAS_DET,WAS,42.26389,0.4583333333333333,4.1527777
2016,8,2016_08_WAS_CIN,WAS,44.930557,0.375,4.1527777
2016,10,2016_10_MIN_WAS,WAS,45.791668,0.34722222222222215,4.069444
2016,11,2016_11_GB_WAS,WAS,45.875,0.34722222222222215,3.3194444
2016,12,2016_12_WAS_DAL,WAS,44.097225,0.2916666666666667,2.763889
2016,13,2016_13_WAS_ARI,WAS,43.569443,0.40277777777777773,2.763889
2016,14,2016_14_WAS_PHI,WAS,42.194447,0.4444444444444444,2.5555556
2016,15,2016_15_CAR_WAS,WAS,42.86111,0.3611111111111111,2.8333333
2016,16,2016_16_WAS_CHI,WAS,43.694443,0.3055555555555555,3.972222
2016,17,2016_17_NYG_WAS,WAS,42.944443,0.47222222222222215,3.8055553
2017,1,2017_01_PHI_WAS,WAS,,,
2017,2,2017_02_WAS_LA,WAS,,,
2017,3,2017_03_OAK_WAS,WAS,,,
2017,4,2017_04_WAS_KC,WAS,,,
2017,6,2017_06_SF_WAS,WAS,,,
2017,7,2017_07_WAS_PHI,WAS,,,
2017,8,2017_08_DAL_WAS,WAS,45.166668,0.4583333333333333,3.4916668
2017,9,2017_09_WAS_SEA,WAS,46.194443,0.4305555555555556,4.547222
2017,10,2017_10_MIN_WAS,WAS,44.36111,0.3680555555555556,4.484722
2017,11,2017_11_WAS_NO,WAS,45.661114,0.43472222222222223,5.851389
2017,12,2017_12_NYG_WAS,WAS,46.88611,0.3847222222222222,7.1180553
2017,13,2017_13_WAS_DAL,WAS,46.677776,0.4382936507936508,5.683532
2017,14,2017_14_WAS_LAC,WAS,45.81111,0.47162698412698406,7.8835316
2017,15,2017_15_ARI_WAS,WAS,45.220837,0.4785714285714285,7.8071427
2017,16,2017_16_DEN_WAS,WAS,47.41528,0.5132936507936507,8.064088
2017,17,2017_17_WAS_NYG,WAS,46.981945,0.3799603174603175,7.1640873
2018,1,2018_01_WAS_ARI,WAS,,,
2018,2,2018_02_IND_WAS,WAS,,,
2018,3,2018_03_GB_WAS,WAS,,,
2018,5,2018_05_WAS_NO,WAS,,,
2018,6,2018_06_CAR_WAS,WAS,,,
2018,7,2018_07_DAL_WAS,WAS,,,
2018,8,2018_08_WAS_NYG,WAS,40.899998,0.49444444444444446,3.1472223
2018,9,2018_09_ATL_WAS,WAS,41.350002,0.5111111111111111,1.9138889
2018,10,2018_10_WAS_TB,WAS,43.45,0.5444444444444444,2.0472224
2018,11,2018_11_HOU_WAS,WAS,43.850002,0.6444444444444445,1.3472222
2018,12,2018_12_WAS_DAL,WAS,44.472225,0.6555555555555556,1.8805556
2018,13,2018_13_WAS_PHI,WAS,45.23889,0.7055555555555556,1.838889
2018,14,2018_14_NYG_WAS,WAS,46.98889,0.6222222222222222,2.0611112
2018,15,2018_15_WAS_JAX,WAS,47.309723,0.5847222222222223,2.523611
2018,16,2018_16_WAS_TEN,WAS,46.893055,0.5347222222222222,4.7236114
2018,17,2018_17_PHI_WAS,WAS,47.57639,0.40138888888888885,5.790278
2019,1,2019_01_WAS_PHI,WAS,,,
2019,2,2019_02_DAL_WAS,WAS,,,
2019,3,2019_03_CHI_WAS,WAS,,,
2019,4,2019_04_WAS_NYG,WAS,,,
2019,5,2019_05_NE_WAS,WAS,,,
2019,6,2019_06_WAS_MIA,WAS,,,
2019,7,2019_07_SF_WAS,WAS,50.011112,0.3976190476190476,4.2388887
2019,8,2019_08_WAS_MIN,WAS,49.194443,0.36428571428571427,3.9555557
2019,9,2019_09_WAS_BUF,WAS,49.86111,0.28095238095238095,3.788889
2019,11,2019_11_NYJ_WAS,WAS,47.594448,0.34761904761904766,3.288889
2019,12,2019_12_DET_WAS,WAS,47.53889,0.31984126984126987,4.261111
2019,13,2019_13_WAS_CAR,WAS,47.872223,0.2865079365079365,4.477778
2019,14,2019_14_WAS_GB,WAS,50.03889,0.3055555555555556,4.6444445
2019,15,2019_15_PHI_WAS,WAS,49.122223,0.3611111111111111,4.811111
2019,16,2019_16_NYG_WAS,WAS,48.372223,0.36111111111111116,4.811111
2019,17,2019_17_WAS_DAL,WAS,50.505554,0.39444444444444443,5.011111
2020,1,2020_01_PHI_WAS,WAS,,,
2020,2,2020_02_WAS_ARI,WAS,,,
2020,3,2020_03_WAS_CLE,WAS,,,
2020,4,2020_04_BAL_WAS,WAS,,,
2020,5,2020_05_LA_WAS,WAS,,,
2020,6,2020_06_WAS_NYG,WAS,,,
2020,7,2020_07_DAL_WAS,WAS,49.205555,0.3253968253968254,2.5333333
2020,9,2020_09_NYG_WAS,WAS,47.705555,0.4444444444444444,2.2
2020,10,2020_10_WAS_DET,WAS,48.983334,0.3611111111111111,2.5611112
2020,11,2020_11_CIN_WAS,WAS,47.233334,0.3333333333333333,2.45
2020,12,2020_12_WAS_DAL,WAS,48.0,0.3666666666666667,2.1499999
2020,13,2020_13_WAS_PIT,WAS,49.233334,0.43333333333333335,2.3833334
2020,14,2020_14_WAS_SF,WAS,47.733334,0.5285714285714286,3.05
2020,15,2020_15_SEA_WAS,WAS,49.691666,0.3827380952380952,3.3625
2020,16,2020_16_CAR_WAS,WAS,48.108334,0.3827380952380952,3.6541665
2020,17,2020_17_WAS_PHI,WAS,50.247223,0.2994047619047619,3.1541665
2021,1,2021_01_LAC_WAS,WAS,,,
2021,2,2021_02_NYG_WAS,WAS,,,
2021,3,2021_03_WAS_BUF,WAS,,,
2021,4,2021_04_WAS_ATL,WAS,,,
2021,5,2021_05_NO_WAS,WAS,,,
2021,6,2021_06_KC_WAS,WAS,,,
2021,8,2021_08_WAS_DEN,WAS,49.055557,0.3111111111111111,5.8111115
2021,10,2021_10_TB_WAS,WAS,52.38889,0.20000000000000004,8.144444
2021,11,2021_11_WAS_CAR,WAS,51.472225,0.20000000000000004,8.977778
2021,12,2021_12_SEA_WAS,WAS,51.36111,0.2222222222222222,8.666667
2021,13,2021_13_WAS_LV,WAS,51.627777,0.23888888888888885,8.166667
2021,14,2021_14_DAL_WAS,WAS,51.280552,0.3638888888888889,6.8055553
2021,15,2021_15_WAS_PHI,WAS,50.090076,0.351984126984127,4.59127
2021,16,2021_16_WAS_DAL,WAS,47.090076,0.3853174603174603,2.824603
2021,17,2021_17_PHI_WAS,WAS,47.006744,0.45674603174603173,2.1579366
2021,18,2021_18_WAS_NYG,WAS,46.284527,0.40119047619047626,2.1857142
2022,1,2022_01_JAX_WAS,WAS,,,
2022,2,2022_02_WAS_DET,WAS,,,
2022,3,2022_03_PHI_WAS,WAS,,,
2022,4,2022_04_WAS_DAL,WAS,,,
2022,5,2022_05_TEN_WAS,WAS,,,
2022,6,2022_06_WAS_CHI,WAS,,,
2022,7,2022_07_GB_WAS,WAS,47.819443,0.3194444444444444,1.6527778
2022,8,2022_08_WAS_IND,WAS,47.652775,0.4444444444444444,2.2083333
2022,9,2022_09_MIN_WAS,WAS,47.930557,0.5277777777777778,2.513889
2022,10,2022_10_WAS_PHI,WAS,47.055557,0.5861111111111111,1.9222223
2022,11,2022_11_WAS_HOU,WAS,46.805557,0.5305555555555556,2.4222224
2022,12,2022_12_ATL_WAS,WAS,47.31111,0.5083333333333333,2.888889
2022,13,2022_13_WAS_NYG,WAS,45.838886,0.5638888888888889,2.4444444
2022,15,2022_15_NYG_WAS,WAS,45.2,0.5499999999999999,2.277778
2022,16,2022_16_WAS_SF,WAS,44.408337,0.5222222222222221,3.0833333
2022,17,2022_17_CLE_WAS,WAS,44.408337,0.46388888888888885,3.2166665
2022,18,2022_18_DAL_WAS,WAS,44.658337,0.46388888888888885,3.6333332
2023,1,2023_01_ARI_WAS,WAS,,,
2023,2,2023_02_WAS_DEN,WAS,,,
2023,3,2023_03_BUF_WAS,WAS,,,
2023,4,2023_04_WAS_PHI,WAS,,,
2023,5,2023_05_CHI_WAS,WAS,,,
2023,6,2023_06_WAS_ATL,WAS,,,
2023,7,2023_07_WAS_NYG,WAS,47.96111,0.27777777777777773,7.6555557
2023,8,2023_08_PHI_WAS,WAS,49.122223,0.2611111111111111,7.1555557
2023,9,2023_09_WAS_NE,WAS,47.78889,0.2333333333333333,6.738889
2023,10,2023_10_WAS_SEA,WAS,47.422222,0.3666666666666667,5.172222
2023,11,2023_11_NYG_WAS,WAS,47.88889,0.43333333333333335,4.3722224
2023,12,2023_12_WAS_DAL,WAS,46.805557,0.43333333333333335,4.288889
2023,13,2023_13_MIA_WAS,WAS,46.194443,0.5166666666666667,4.261111
2023,15,2023_15_WAS_LA,WAS,44.777775,0.5166666666666667,4.327778
2023,16,2023_16_WAS_NYJ,WAS,43.544445,0.5,2.3777778
2023,17,2023_17_SF_WAS,WAS,41.702778,0.4291666666666667,2.6319444
2023,18,2023_18_DAL_WAS,WAS,42.802776,0.41805555555555557,3.1097221
2024,1,2024_01_WAS_TB,WAS,,,
2024,4,2024_04_WAS_ARI,WAS,,,
2024,5,2024_05_CLE_WAS,WAS,,,
2024,6,2024_06_WAS_BAL,WAS,,,
2024,7,2024_07_CAR_WAS,WAS,,,
2024,8,2024_08_CHI_WAS,WAS,,,
2024,9,2024_09_WAS_NYG,WAS,45.077778,0.39999999999999997,3.1722221
2024,10,2024_10_PIT_WAS,WAS,46.43889,0.42777777777777776,3.338889
2024,11,2024_11_WAS_PHI,WAS,47.105556,0.48333333333333334,3.2277777
2024,12,2024_12_DAL_WAS,WAS,46.472225,0.5499999999999999,2.8111112
2024,13,2024_13_TEN_WAS,WAS,46.277775,0.5777777777777778,2.5333333
2024,15,2024_15_WAS_NO,WAS,48.277775,0.41111111111111115,3.8666668
2024,16,2024_16_PHI_WAS,WAS,48.81111,0.39999999999999997,3.8333333
2024,17,2024_17_ATL_WAS,WAS,47.394444,0.31666666666666665,2.8333333
2024,18,2024_18_WAS_DAL,WAS,46.72778,0.37222222222222223,3.5555556
